:020000040800F2
:10000000489200209D010008551B0008091A0008AD
:10001000511B0008BF0E0008FD680008000000002A
:10002000000000000000000000000000092000089F
:10003000FD17000800000000411C00081122000804
:10004000B7010008B7010008B7010008B7010008B0
:10005000B7010008B7010008B7010008B7010008A0
:10006000B7010008B7010008B7010008B701000890
:10007000B7010008B7010008B7010008B701000880
:10008000B7010008B7010008B7010008B701000870
:10009000B7010008B7010008B7010008B701000860
:1000A000B7010008B7010008B7010008B701000850
:1000B0003924000841240008B7010008B7010008EE
:1000C000B7010008B7010008B7010008B701000830
:1000D000B701000879270008B7010008B701000838
:1000E000B7010008B7010008B7010008B701000810
:1000F000B7010008B7010008B7010008B701000800
:10010000B7010008B7010008B7010008B7010008EF
:10011000B7010008B7010008B7010008B7010008DF
:10012000B7010008B7010008B7010008B7010008CF
:10013000B7010008B7010008B7010008B7010008BF
:10014000B7010008B7010008B7010008B7010008AF
:10015000B7010008B7010008B7010008F928000836
:10016000B7010008B7010008B7010008B70100088F
:10017000B7010008F91B0008B7010008B701000823
:10018000B7010008B7010008DFF80CD000F064FBED
:1001900000480047FD92000848920020064880472A
:1001A00006480047FEE7FEE7FEE7FEE7FEE7FEE75C
:1001B000FEE7FEE7FEE7FEE795220008890100085A
:1001C00040EA01039B0703D009E008C9121F08C0D9
:1001D000042AFAD203E011F8013B00F8013B521E59
:1001E000F9D27047D2B201E000F8012B491EFBD2D0
:1001F00070470022F6E710B513460A460446194632
:10020000FFF7F0FF204610BD421C10F8011B00292B
:10021000FBD1801A704710B5002200E0521C835CAD
:100220008C5CA34201D1002BF8D1D8B2E1B2401AC4
:1002300010BD034611F8012B00F8012B002AF9D15B
:10024000184670470246C9B200E0401C0378002BF4
:10025000FBD102E003788B4203D0401E9042F9D2DA
:100260000020704770B5064606F00CFC0468054691
:100270000A220021304600F0C7F82C6070BD00F063
:10028000004230F000400AD0C10D01F56071C0F3AA
:10029000160042EA0151C20840071143704700208E
:1002A0000146704701F0004330B421F0004150EAAC
:1002B000010206D00A0DA2F56072C1F31301002AF3
:1002C00002DC30BC00207047440F44EAC104C10086
:1002D000E01830BC00EBC25000F0CEB830B50B4691
:1002E000014600202022012409E021FA02F59D4266
:1002F00005D303FA02F5491B04FA02F52844151E3A
:10030000A2F10102F1DC30BD2DE9F05F05460020CD
:1003100092469B4688460646814640241BE0284676
:1003200041464746224600F0B8FA53465A46C01A9C
:10033000914110D311461846224600F09FFA2D1A1B
:1003400067EB01084F4622460120002100F096FA93
:1003500017EB00094E41201EA4F10104DFDC4846E2
:1003600031462A464346BDE8F09F00000FB4002303
:1003700000B589B00CA900910B996FF00042CB60D9
:100380001E4B06931E4B07930423CDE901321D4AF1
:10039000089202466B46002000F044FB09B05DF86D
:1003A00014FB70B586B006464FF0FF300091CDE9E2
:1003B0000101002015460C4604903246694604A807
:1003C000FFF7D4FF02460498211825B108B108466A
:1003D00000E020462860049800280DD0002A02DDA5
:1003E0000098884208D0081B0094CDE901043246E9
:1003F000694604A8FFF7BAFF06B070BD5D0C00089F
:100400007B0C0008E90800082DE9F04791460F46EB
:1004100080460446002614F8015B2DB100F060FA16
:100420000068405DC007F6D12B2D02D02D2D18D0CD
:10043000641E4A463946204600F030FC27B1396830
:10044000A14201D1C7F8008071054FF002040BD51D
:100450004042002803DD06F015FB0460A007BDE85C
:10046000F08746F48066E4E70028F8DA06F00AFB35
:1004700004606FF00040F2E70029A8BF7047401CFD
:10048000490008BF20F00100704710B4B0FA80FCAA
:1004900000FA0CF050EA010404BF10BC704749B1E7
:1004A000CCF1200421FA04F411FA0CF118BF012157
:1004B00021430843A3EB0C01CB1D4FEA00614FEA37
:1004C000102042BF002010BC704700EBC350104406
:1004D0000029A4BF10BC7047401C490008BF20F091
:1004E000010010BC70472DE9FE4F804681EA0300F1
:1004F000C00F0C46009021F0004123F00045B8EBFE
:100500000200A94105D24046214690461C460B46B2
:10051000024623F00040104347D0270DC7F30A00DE
:10052000C3F30A510290401A019040286BDAC3F3DA
:10053000130040F4801B0098924620B10023D2EBB8
:10054000030A63EB0B0B01985946C0F14002504679
:1005500000F094F906460D4650465946019A00F0BF
:10056000ACF910EB08006141002487EA115284EADB
:10057000E7731A4340D0009A62B3019A012A4FEA06
:10058000075215DC001B61EB02014FF0004202EA4A
:100590000752CDE90042001C41F5801132462B463E
:1005A00000F0DAFB03B0BDE8F08F40462146F9E7E2
:1005B000001B61EB0201001C41F5801300185B4138
:1005C0002018A2F5001747EB030140EAD570B619D1
:1005D0006D4111E06D084FEA360645EAC0754FEAF5
:1005E0000752001B61EB0201001C41F58011490814
:1005F0004FEA30000019514132462B4603B0BDE8A6
:10060000F04F00F09ABB0098012240000023D0EB8D
:10061000020263EBE073009821464FEAE074B8EB06
:10062000000061EB0401E9E783F000435BE781F040
:10063000004158E72DE9FE4F81EA030404F000442D
:1006400021F0004100944FF0000B23F0004350EAEA
:1006500001045ED052EA03045BD0C3F30A54C1F331
:100660000A552C44A4F2F3340194A0FB0254C1F3C4
:10067000130141F48011C3F3130343F4801301FB0E
:10068000024400FB034E840A970A44EA815447EA75
:100690008357A4FB076802958D0A05FB07854FEA7F
:1006A000932C04FB0C542705029D4FEA065847EA99
:1006B0001637B5EB08056EEB070C870E920E47EA6E
:1006C000811742EA8312A7FB0201B6EB0B0164EB30
:1006D00000042B0D43EA0C335E1844EB1C50DA4641
:1006E0005146E7FB0201C5F313044FEA0B3343EA1B
:1006F00014534FEA0432019C43EA0603A4F10C04AC
:100700000294009CCDE900B400F026FB03B0BDE8E4
:10071000F08F00200146F9E72DE9F04D81EA03044E
:1007200004F0004B21F0004514464FF0000A23F07E
:10073000004150EA050220D054EA01021DD0C5F361
:100740000A570246C5F31303C1F31300C1F30A5657
:1007500040F4801543F48013A7EB0608101BD6461F
:1007600008F2FD3873EB050002D308F1010801E03F
:1007700092185B41B8F1000F03DA00200146BDE892
:10078000F08D00204FF48011064684460EE0171BC2
:1007900073EB050705D3121B63EB050306434CEA15
:1007A000010C49084FEA300092185B4150EA0107FA
:1007B000EDD152EA030012D082EA040083EA050177
:1007C000084305D0101BAB4106D20122002306E0EE
:1007D00000224FF0004302E06FF0010253101AEBC9
:1007E00006004CEB085110EB0A0041EB0B01BDE891
:1007F000F04D00F0A2BAC1F30A52C1F3130140F266
:10080000FF3341F480119A4202DA0020014670471A
:1008100040F233439A42A2F2334202DC524200F0E9
:100820003CB800F02BB8000030B5041E71F1000494
:1008300004DB4FF00044404264EB0101141E73F1ED
:10084000000405DB1C464FF00043524263EB0403F7
:10085000994208BF904230BD064C074D06E0E06863
:1008600040F0010394E8070098471034AC42F6D3F7
:10087000FFF78EFCFC4803081C490308202A04DB10
:10088000203A00FA02F1002070479140C2F12003A3
:1008900020FA03F3194390407047202A04DB203AE2
:1008A00021FA02F00021704721FA02F3D040C2F190
:1008B00020029140084319467047202A06DBCB17D7
:1008C000203A41FA02F043EAE07306E041FA02F30B
:1008D000D040C2F120029140084319467047000001
:1008E00000487047B048030810B50446FFF7F8FF0A
:1008F0000068005D00F0010010BD00002DE9FF4F11
:10090000087883B09946FF2805D0491C2D2804D0CB
:100910000024002008E000200BE00124F9E700EBB0
:10092000800003EB4000491C0B78FF2BF7D104B18A
:10093000404200230293147819461D462D2C01D005
:100940002B2C04D1521C2D2C13D000240294AA4627
:100950001478FF2C0FD00A25A3FB057801FB058135
:100960004FF0000C03FB0C11521CE3194AEB010180
:10097000EEE70124EAE7814453EA010002D019F5C9
:10098000C87F06DA03980021C0E9001107B0BDE86E
:10099000F08F0025AE4E2F46DFF8B882184600F0E3
:1009A00037FACDE90001B9F1000002DAC9F100041B
:1009B00000E004460023A74A1AEB030B42EB045A5B
:1009C00012E0E00707D02A46334638464146FFF793
:1009D00031FE074688462A46334610461946FFF739
:1009E00029FE05460E466410002CEAD1DDE900011F
:1009F000B9F1000F5A46534606DAFFF78DFE3A4624
:100A00004346FFF789FE05E0FFF714FE3A464346EA
:100A1000FFF710FE029A0AB181F00041039AC2E981
:100A20000001B3E72DE9FF4F1F468DB0D7E901461E
:100A30004FF0FF382E2045464FF000090B90B96962
:100A40006D1C0E988847396A824688470028F6D17F
:100A5000BAF1FF3F0AD024F4D064002E11DDBAF1C0
:100A60002B0F08D0BAF12D0F0BD102E0404611B088
:100A70008DE744F48064B9696D1C0E9888478246FE
:100A8000761E6946600501D52D2000E02B208DF8EB
:100A9000000001F1010B0DF1200809E0B9696D1C9E
:100AA0000E98884782460F9844F40074761E0560BD
:100AB000002E02DDBAF1300FF0D00B998A453ED1FD
:100AC00044F0800406E00F99681CA9F1010944F480
:100AD00000740860B9696D1C761E0E9888478246BE
:100AE0003028F0D02BE00B998A4505D1200603D49D
:100AF00044F08004761E18E0504606F0C3F808B3B0
:100B00000DF11301761E44F400748B4508D2AAF14E
:100B100030000BF8010B200607D5A9F1010003E016
:100B2000200602D409F101008146A00502D50F99E3
:100B3000681C0860B9696D1C0E9888478246002EB3
:100B4000D1DC53E0002E51DDBAF1650F02D0BAF1CD
:100B5000450F4BD1A00549D5B9696D1C24F44074EB
:100B6000761E0E9888478246002E0CDD2B2804D076
:100B7000BAF12D0F07D144F48074B9696D1C0E9839
:100B800088478246761EE00501D52D2100E02B2105
:100B900008F8011BCDF82C8021E00DF12901761E0B
:100BA00044F4007488450CD2AAF1300010F0FF0024
:100BB00088F8000002D10B99884509D908F101088D
:100BC00006E0E00501D5244801E042F20F708146BD
:100BD000B9696D1C0E98884782460F980560002EF3
:100BE00004DD504606F04EF80028D6D1F9690E987B
:100BF0008847FF208BF8000088F80000002006904E
:100C000007904B466A4608A906A8FFF777FEA0059D
:100C100002D46FF001002AE714F0240F0AD0E00795
:100C200014D1DDE906123868031D3B600068C0E995
:100C300000120BE0DDE90601FFF734FB0146E00797
:100C400004D13868021D3A600068016028460EE74A
:100C5000000014400000F03FF1D8FFFF426842B1AD
:100C6000016811F8013B23B1521EC0E90012184679
:100C700070470121C160881E704742685AB1C3683D
:100C8000016843B983688B4205D0491E521CC0E9F4
:100C90000012002070474FF0FF3070472DE9F05FE1
:100CA00082460078002715468B460AF10104B946B2
:100CB000302801D09DB113E014F8010B01277828EA
:100CC00003D0582801D045B10AE00DB1102D07D14D
:100CD0000027102514F8010B02E0082500E00A2582
:100CE0000026B0460EE005FB080005FB06F10127D3
:100CF00001EB10461FFA80F8B6F5803F00D3B946E5
:100D000014F8010B294600F075F80028EBDABBF166
:100D1000000F05D00FB1641E00E05446CBF8004030
:100D2000B9F1000F06D005F0ADFE02210160C81E2A
:100D3000BDE8F09F48EA0640FAE710B5141E73F1CB
:100D4000000408DA401C41F1000192185B411A438B
:100D500001D120F0010010BD2DE9F04D92469B46D7
:100D600011B1B1FA81F202E0B0FA80F2203290467D
:100D7000FFF784FD04460F4640EA0A0041EA0B01F2
:100D800053465A46084313D0114653EA010019D07E
:100D9000C8F140025046FFF780FD05460E4650461A
:100DA00059464246FFF76AFD084305D0012004E09A
:100DB00020463946BDE8F08D0020054346EAE0763E
:100DC0002C4337430A986305E40AA0EB080000228D
:100DD000FD0A44EA47540A3002D500200146E9E7FB
:100DE000010510196941DDE9084500196941BDE8AF
:100DF000F04DA2E73A2800D2303820F02002412AF4
:100E000001D3A2F13700884201D34FF0FF30704781
:100E10000EB540F2334202920022CDE90022134681
:100E2000FFF79AFF03B000BD70B505460C460848B1
:100E30000560204600F00EF800BF05480068002855
:100E4000FBD100214FF0804001F021FB70BD00007C
:100E5000E00000203EB5044600214FF0804001F044
:100E600016FB00220121880701F079FB022C02D138
:100E70000B20019004E0012C02D142F6DF600190CA
:100E80000520ADF800000020ADF80800ADF8020024
:100E900069464FF0804001F0B5FB0121880701F061
:100EA000F3FA0121880701F0E3FA012211469007C5
:100EB00001F055FB0121880701F0E9FA3EBD00BFB2
:100EC000FEE72DE9F04305460E464FF6FF7448F263
:100ED000050817E015F8010B00F0D5FD814684EAFE
:100EE000092408270BE004F4004018B188EA440004
:100EF00084B203E04FF6FF7000EA44047F1E002F27
:100F0000F1D100BF301EA6F10106E3D1204600F06A
:100F1000A7FDBDE8F08300002DE9F04F2DED068B15
:100F200095B004460D464FF0000B00201290139030
:100F300014900F9010901190002606210FAA12AB6A
:100F4000CDE90032CDE9021064231A46052120467E
:100F500007F0F4FE0646052E7EDBBDF848100819A2
:100F600008F03EFA0E90BDF84810091D081908F067
:100F70002CFA0D90BDF84810891D081908F025FAC3
:100F80008146BDF84A10081908F01FFA8246BDF8DC
:100F90004A10C91C081908F018FA0746BDF84A108B
:100FA000891D081908F011FA80469FED420A8DED5F
:100FB0000C0ABDF8400000281DDDBDF840001028D7
:100FC00019DA00200690079008900990BDF840209B
:100FD000BDF84C00011906A8FFF7F2F806A805F0C5
:100FE00057FDB0EE409AF0EE609A51EC190BFFF706
:100FF00059F90C9000BF9FED2F8ABDF842000028E0
:101000001EDDBDF8420010281ADA00200690079075
:1010100008900990BDF84220BDF84E00011906A8BD
:10102000FFF7CEF806A805F033FDB0EE409AF0EEDB
:10103000609A51EC190BFFF735F908EE100A00BF62
:1010400000200A900B90BDF8440000280DDDBDF88B
:101050004400082809DA00E025E0BDF84420BDF886
:10106000500001190AA8FFF7ABF818EE100AFFF7B5
:1010700006F941EC190B0C98FFF701F941EC1A0B3A
:101080000AA808908DED069B8DED04ABCDE9009A82
:10109000CDE9027808A12846DDE90D3205F0C8FC4B
:1010A0001FFA80FB00BF584615B0BDEC068BBDE8AB
:1010B000F08F0000000000002530346425303264D9
:1010C000253032642C253032643A253032643A259A
:1010D0003032642C252E32662C252E34662C257356
:1010E00000000000F0B5ADF2D44D05460E460020DC
:1010F000119012901390D5F805001190D5F80900C1
:10110000129000208DF84C00A8A907F007FB0446B8
:1011100034B121464EA005F07BFC0DF2D44DF0BD5C
:101120005148006820B111A95048FFF774F898B1F0
:101130004F48008801280FD111A94C48FFF779F8D2
:1011400011A800F071FE4B49088008460088401C39
:10115000088000204449086046480388434A46A165
:10116000494805F065FC43480388404A47A114A854
:1011700005F05EFC122214A91EA807F0E9FA044645
:10118000002C57D13A480088012853D136480068CE
:1011900080B91C2242A10AA8FFF712F80AA8FFF79B
:1011A00033F807461DAB3A460AA91EA807F066FCAD
:1011B000044600BF1EA8219907F026F90446052E13
:1011C00012DD402101A8FFF714F801A92846FFF716
:1011D000A3FE0746002F06DD1DAB3A4601A91EA857
:1011E00007F04CFC044600BF84B934A0016810919C
:1011F0001DAB022210A91EA807F040FC044624B92A
:101200001C4801882EA005F003FC00BF1EA807F0B3
:10121000EBF815480068401C134908600846006850
:10122000B0F5967F01D3002008600021084607F042
:1012300075FA72E70F4801882BA005F0E9FB1EA89C
:1012400007F0D2F80021084607F068FA00BF64E70B
:10125000B9D2D4D8CEC4BCFECFB5CDB3CAA7B0DC0A
:1012600020282564290D0A001800002026110020DE
:10127000E6000020140000205325732D2530336430
:101280002E637376000000002F1100202F63737609
:101290002F5325732D253033642E637376000000A1
:1012A000446174652C54696D652C544F432C436F15
:1012B0006E64312C4E6F0D0A000000000D0A000014
:1012C0007061676531342E74302E7478743D222538
:1012D0003033642E637376CEC4BCFED0B4C8EBB397
:1012E000C9B9A622FFFFFF007061676531342E7413
:1012F000302E7478743D22253033642E637376CE9D
:10130000C4BCFED0B4C8EBCAA7B0DC22FFFFFF000C
:10131000F0B5ADF2AC4D05460E46002007900890A2
:101320000990D5F805000790D5F80900089000202D
:101330008DF824009EA907F0F1F9044634B1214646
:1013400045A005F065FB0DF2AC4DF0BD48480068C6
:1013500020B107A94748FEF75EFF98B146480088CC
:1013600001280FD107A94348FEF763FF07A800F043
:10137000D3FD4249088008460088401C08800020B0
:101380003B4908603D4803883A4A3DA1404805F082
:101390004FFB3A480388374A3EA10AA805F048FBAC
:1013A00012220AA914A807F0D3F90446002C44D14C
:1013B00031480088012840D12D48006880B91C229E
:1013C00039A16846FEF7FCFE6846FEF71DFF07469A
:1013D00013AB3A46694614A807F050FB044600BF19
:1013E00014A8179907F010F80446052E06DD721FA1
:1013F00013AB691D14A807F041FB044684B931A062
:101400000168069113AB022206A914A807F036FB67
:10141000044624B9194801882BA005F0F9FA00BF49
:1014200013480068401C1249086008460068B0F57F
:10143000967F07D30020086004E0104801882CA0A4
:1014400005F0E6FA14A806F0CFFF0021084607F0E1
:1014500065F900BF77E70000B9D2D4D8CEC4BCFE8E
:10146000CFB5CDB3CAA7B0DC20282564290D0A006A
:101470000C000020041100200400002012000020B5
:101480005325732D253033642E74787400000000CA
:101490000D1100202F7478742F5325732D253033B0
:1014A000642E747874000000446174655E54696D44
:1014B000655E544F435E436F6E64315E4E6F0D0A3E
:1014C000000000000D0A00007061676531342E7461
:1014D000302E7478743D22253033642E747874CEA7
:1014E000C4BCFED0B4C8EBB3C9B9A622FFFFFF004D
:1014F0007061676531342E74302E7478743D222506
:101500003033642E747874CEC4BCFED0B4C8EBCA39
:10151000A7B0DC22FFFFFF000246094B9A4201D22E
:10152000084801E00648103801F000531BB1064B93
:101530000B40C36002E0044B0B4083607047000027
:1015400010640240006002407D0F7D0F21B10268EF
:1015500042F00102026003E0026822F00102026030
:1015600070470000016821F0010101600021016065
:1015700041608160C1600161212141614A49884225
:1015800004D13D21484A103A91608CE04649183117
:10159000884205D14FF47461434A103A916082E069
:1015A00041493031884205D14FF474113E4A103A16
:1015B000916078E03C494831884205D14FF0746130
:1015C000394A103A91606EE037496031884204D15F
:1015D0003649354A103AD16065E03349783188425E
:1015E00004D13349304A103AD1605CE02E49903141
:1015F000884204D12F492C4A103AD16053E02A493D
:10160000A831884205D14FF03D51274A103AD160A8
:1016100049E02949884204D13D21274A083A11600E
:1016200041E025491831884205D14FF47461224ABE
:10163000083A116037E020493031884205D14FF433
:1016400074111D4A083A11602DE01B494831884247
:1016500005D14FF07461184A083A116023E0164929
:101660006031884204D11149134A121F11601AE0F7
:1016700011497831884204D10D490F4A121F116077
:1016800011E00D499031884204D10A490A4A121FDB
:10169000116008E00849A831884204D14FF03D515B
:1016A000054A121F11607047106002403D00002083
:1016B000400F002000003D20106402400146002041
:1016C0000A6802F001020AB1012000E00020704720
:1016D0000146486880B2704730B503460A4600208C
:1016E00000240B4DAB4201D20A4901E008491039F0
:1016F00002F000550DB14C6800E00C68064D2C401E
:1017000004EA02050DB1012000E0002030BD000018
:1017100010640240006002407D0F7D0F10B5002272
:101720000268134B1A40CC680B6823434C6923436F
:101730008C692343CC6923430C6A23434C6A2343BB
:101740008C6A23434C6B23438C6B23431A43026004
:10175000426922F00702D1E90B3423431A43426164
:101760000B6943604B6883608B68C36010BD0000E9
:101770003F801CF010B500F047FA00F0FFFD00F0CC
:10178000BDFD10BD70B505460C460CB1FF2C00DD4B
:1017900070BD224629461448FEF712FD0021134869
:1017A000FFF7D4FE00BF1148FFF788FF0028FAD1E9
:1017B00021460E4800F020F80D490C48FFF7ACFE1A
:1017C00001210A48FFF7C2FE09E00A490748FFF76E
:1017D00083FF20B107490548FFF79EFE00E0F4E7CC
:1017E00000BF00BFD4E7000033210020A064024006
:1017F00000003D200000202041607047704700003D
:1018000008B51048104B114A00210090104801F013
:101810007BFE16E00D490E4802F0E4FE00F046F9AA
:101820000C48007801280CD10B48008881B20B4885
:1018300004F09EFE002007490870FF210748FEF7CC
:10184000D8FCE7E79000002060000020B01F0020D7
:10185000041A0020E9000020EA00002034200020C3
:10186000F0B50A4600210023002400BF3DE0012519
:1018700005FA01F3156805EA03049C4234D10568B2
:101880004F000326BE40B543056015794E00B540B4
:101890000668354305601579012D02D01579022DB2
:1018A00016D185684F000326BE40B5438560557943
:1018B0004E00B540866835438560456801268E40F8
:1018C000B5434560456896798E40B6B2354345606C
:1018D000C5684F000326BE40B543C560D5794E00AC
:1018E000B540C6683543C560491C1029BFD3F0BD5B
:1018F000F0B5002300244D07ED0E02FA05F3CE10DB
:1019000000F1200555F826504E07F70E0F26BE4071
:10191000B543CF1000F1200646F82750CE1000F155
:10192000200555F8265045EA0304CE1000F12005A5
:1019300045F82640F0BD418370470183704701465A
:101940004869806880B2704708B50146D1F8CC007C
:10195000006800900098C0F3414008BD024602F2C2
:101960009B30405C7047024602F5547050F82100ED
:10197000704770B504460E4600250021C4F81013C8
:1019800000BF0BE0002104F5457040F825103C3005
:1019900040F825103C304155681CC5B20F2DF1DBD5
:1019A0000821A4F8B2133146204603F017FE204662
:1019B00003F01EFA204603F0DDF80121204603F073
:1019C00079FE204603F06FF9204603F06AFA002002
:1019D00070BD0146D1F81003704710B5044620468B
:1019E00003F0DBFD002010BD70B504460D4600215C
:1019F00004F29B304155113000EB451041612946FE
:101A0000204603F079FC70BD09A100200BE00A56C6
:101A1000124B9A8000BF114A128802F04002002A3D
:101A2000F9D0421CD0B22A28F1D300BFFEE7000053
:101A30000D0A456E74657220486172644661756C6A
:101A4000745F48616E646C65722C205379737465A1
:101A50006D2048616C742E0D0A00000000100140DA
:101A600010B50246002000210AE001238B401340FC
:101A70002BB1C1F10F040123A3409BB21843491CB1
:101A80001029F2DB10BD10B50246002000210AE04B
:101A900001238B4013402BB1C1F107040123A34064
:101AA000DBB21843491C0829F2DB10BD10B5094808
:101AB000007800B910BD0848007800B1FAE70020AE
:101AC000044908704FF400510448FFF736FF00BF87
:101AD000F0E70000F8000020F900002000100240AC
:101AE00010B54FF400510548FFF725FF01200449C8
:101AF000087014200349087010BD00000010024057
:101B0000F8000020F90000201CB50121102000F091
:101B100099F84FF46040009001208DF804000320F4
:101B20008DF8050069460948FFF79AFE4FF4005109
:101B30000648FFF702FF4FF480410448FFF7FDFE1F
:101B40004FF400410148FFF7F8FE1CBD00100240B1
:101B500000BFFEE77047000070B5002100230F2290
:101B6000C4781CB3174C246804F4E064C4F5E06442
:101B7000C4F30721C1F10404E3B20A4144789C4054
:101B8000E1B28478144021430C07210E0E4C0578F5
:101B90006155047804F01F050124AC4005786D11EF
:101BA000AD0005F1E025C5F8004109E0047804F036
:101BB0001F050124AC40054D0678761145F82640F6
:101BC00070BD00000CED00E000E400E080E100E00A
:101BD00002490143024A1160704700000000FA0503
:101BE0000CED00E0024A0A400243024B1A607047C3
:101BF00080FFFF1F08ED00E010B5024802F058FB1F
:101C000010BD0000041A0020002004E00B4921F858
:101C10001000411C88B2B0F57A7FF7DB002009E0A4
:101C2000C0F57A718AB200F57A71044B23F811205D
:101C3000411C88B2B0F57A7FF2DB7047A822002001
:101C40007047000029B1064A12680243044B1A602B
:101C500004E0034A12688243014B1A607047000097
:101C60003038024029B1064A12680243044B1A6018
:101C700004E0034A12688243014B1A607047000077
:101C80004038024029B1064A12680243044B1A60E8
:101C900004E0034A12688243014B1A607047000057
:101CA0002038024029B1064A12680243044B1A60E8
:101CB00004E0034A12688243014B1A607047000037
:101CC0004438024029B1064A12680243044B1A60A4
:101CD00004E0034A12688243014B1A607047000017
:101CE00024380240F0B500210022002402250026FD
:101CF0000223324F3F6807F00C0121B1042905D0BF
:101D0000082937D105E02E4F076036E02D4F0760D8
:101D100033E02A4F3F1F3F68C7F38056274F3F1FCE
:101D20003F6807F03F036EB1264FB7FBF3F7DFF8CC
:101D30008CC0ACF1040CDCF800C0CCF3881C07FBB1
:101D40000CF40CE01E4FB7FBF3F7DFF870C0ACF1FA
:101D5000040CDCF800C0CCF3881C07FB0CF4174F14
:101D60003F1F3F68C7F301477F1C7D00B4FBF5F7B9
:101D7000076002E0124F076000BF00BF0F4F3F68CF
:101D800007F0F0010909104F7A5C0768D7404760F7
:101D90000A4F3F6807F4E051890A0B4F7A5C4768A5
:101DA000D7408760054F3F6807F46041490B064FF5
:101DB0007A5C4768D740C760F0BD00000838024031
:101DC0000024F40000127A002D0000200FB410B59A
:101DD000A2B025A80190802102A8019B249A04F0BA
:101DE0003BFE044600200190002C03DD214602A8A2
:101DF00000F004F822B010BC5DF814FB10B50246E8
:101E0000002000BF0AE0135C064CA38000BF054B16
:101E10001B8803F04003002BF9D0401C8842F2D30A
:101E200010BD0000001001402DE9F0439DB00746B1
:101E30004FF000092EA114A806F05AFD804601A813
:101E4000129020201390B8F1000F48D13BE09DF88C
:101E5000380000F0100000B135E01298007808B1A9
:101E6000129801E00DF1390004462E212046FEF7BC
:101E7000E9F9064636B320A13046FEF7CCF908BB97
:101E8000207853281ED12046FEF7BEF90E2819D31C
:101E9000607A2D2816D1D4F801000990D4F80500F5
:101EA0000A9000208DF82C0004F10A00FEF7DAF900
:101EB0000546394609A8FEF7AEF918B94D4501DDCA
:101EC0001FFA85F900BF0CA914A806F04DFDB0F16A
:101ED000000808D19DF839000028B8D103E0414638
:101EE00007A004F095FD48461DB0BDE8F083000052
:101EF0002F637376000000002E63737600000000ED
:101F0000B4F2BFAA637376C4BFC2BCCAA7B0DC2058
:101F1000282564290A0000002DE9F0439DB00746FA
:101F20004FF000092EA114A806F0E2FC804601A89B
:101F3000129020201390B8F1000F48D13BE09DF89B
:101F4000380000F0100000B135E01298007808B1B8
:101F5000129801E00DF1390004462E212046FEF7CB
:101F600071F9064636B320A13046FEF754F908BB96
:101F7000207853281ED12046FEF746F90E2819D3A3
:101F8000607A2D2816D1D4F801000990D4F8050004
:101F90000A9000208DF82C0004F10A00FEF762F987
:101FA0000546394609A8FEF736F918B94D4501DD51
:101FB0001FFA85F900BF0CA914A806F0D5FCB0F1F2
:101FC000000808D19DF839000028B8D103E0414647
:101FD00007A004F01DFD48461DB0BDE8F0830000D9
:101FE0002F747874000000002E74787400000000D4
:101FF000B4F2BFAA747874C4BFC2BCCAA7B0DC2054
:10200000282564290A00000070470000F0B5ADF5EE
:10201000317D002724A9002006F080FB044634B15E
:10202000214629A004F0F4FC0DF5317DF0BD0BA88C
:10203000199020201A902AA11BA806F059FC0446EA
:10204000002C36D12BE09DF8540000F0100000B1B8
:1020500025E09DF8540000F0010000B11FE0199840
:10206000007808B1199801E00DF1550006462E21BF
:102070003046FEF7E7F8054685B11BA12846FEF776
:10208000CAF858B932461AA101A804F0D1FC0122BD
:10209000114601A806F07AF9781C87B200BF13A98F
:1020A0001BA806F061FC041E03D19DF85500002812
:1020B000C9D1394610A004F0ABFC0021084606F057
:1020C0002DFB00BFB0E70000B9D2D4D8CEC4BCFE0F
:1020D000CFB5CDB3CAA7B0DC20282564290D0A00EE
:1020E0002F637376000000002E63737600000000FB
:1020F0002F6373762F2573007061676531342E74FA
:10210000312E7478743D222564B8F6637376CEC49C
:10211000BCFED2D1C9E8CEAAD6BBB6C122FFFFFF12
:10212000000000000CB500200190009034480068C9
:1021300040F480303249086000BF3148006800F444
:10214000003000900198401C0190009818B9019847
:10215000B0F5A04FF1D12A48006800F4003010B16A
:102160000120009001E0002000900098012846D155
:1021700023484030006840F08050214940310860D9
:102180002048006840F480401E4908601C48083020
:1021900000681B49083108600846006840F40040A8
:1021A00008600846006840F4A05008601648091FFF
:1021B0000860081F006840F08070091F086000BFB9
:1021C0000F48006800F000700028F9D040F2056068
:1021D0000E4908600A480830006820F003000849EA
:1021E000083108600846006840F00200086000BF3F
:1021F00003480830006800F00C000828F8D10CBD36
:10220000003802400070004008544007003C024083
:1022100010B500F001F810BD10B51948006840B1C4
:1022200017480068401E1649086010B9012015497A
:102230000870002408E004EB4401134A02EB81001B
:1022400005F0CFF8601CC4B2042CF4DB0F48006822
:10225000401C0E490860084600686FF00041884243
:1022600002D100200949086009480078401CC0B22A
:10227000074908700A2801DB0020087010BD000023
:102280002000002024000020481100202800002009
:102290002C00002010B51548006840F47000134968
:1022A00008601348006840F00100114908600020F0
:1022B0000F49083108600E4800680E4908400C4973
:1022C00008600D48091D0860081F006820F4802080
:1022D000091F0860002006490C310860FFF722FF43
:1022E0004FF0006001498039086010BD88ED00E0C2
:1022F00000380240FFFFF6FE1030002400B58FB01A
:1023000001218805FFF79EFC1948FFF72BF900BF54
:102310001748FFF7D3F90028FAD14FF0406000903A
:102320001448019014480290402003904FF4FA6042
:102330000490002005904FF48060069040000790C4
:10234000800008904011099000020A9000200B9034
:1023500003200C9000200D900E9069460448FFF772
:10236000DDF901210248FFF7F1F80FB000BD0000D0
:102370007064024040000140A822002000B58BB0EC
:1023800001210846FFF78EFC01211020FFF75AFCBF
:102390004FF48040099002208DF8280003208DF82A
:1023A000290000208DF82A0001208DF82B0009A9B2
:1023B0001F48FFF755FA01220E211D48FFF798FA32
:1023C000A720ADF818000020ADF81A004FF4FA70FD
:1023D00007900020ADF820008DF8220006A91548CE
:1023E00000F010F96020ADF804000120ADF80600FF
:1023F000002003900220ADF8100001A90D4800F064
:10240000B7F808210B4800F0EFF80121094800F067
:102410002FF801221103074800F087F80121054831
:1024200000F035F80121034800F070F80BB000BD52
:10243000001002400000014010B502F071FB10BD19
:1024400010B50121084800F079F860B10121064873
:1024500000F01AF805480078002804DD03480078E9
:10246000401E0249087010BD00040040F900002021
:1024700021B1028842F08002028004E002884FF617
:102480007F731A4002807047CA430282704721B1AD
:10249000028842F00102028004E002884FF6FE73D7
:1024A0001A400280704700001FB501210220FFF78B
:1024B000D9FB40F2E73002905320ADF80400002031
:1024C000ADF80600ADF80C0001A90F4800F09AF82D
:1024D000012211460C4800F042F801210A48FFF79A
:1024E000D6FF4FF4A060FFF773FB1D208DF80000AE
:1024F00001208DF801008DF802008DF80300684678
:10250000FFF72AFB1FBD00000004004031B1B0F806
:10251000442042F40042A0F8442005E0B0F84420F2
:10252000C2F30E02A0F8442070471AB183890B430E
:10253000838102E083898B438381704730B50246F3
:10254000002000230024158A05EA0103958905EA85
:10255000010413B10CB1012000E0002030BD1AB11C
:1025600083890B43838102E083898B438381704796
:1025700070B5002200230024058C4EF6FF7635400E
:102580000584038C8488828B48F6FF752A404FF6B9
:10259000FF452A400D884FF6FF7606EA05252A43B7
:1025A0004DF6FF752B408D8906EA05352B434D8886
:1025B00006EA05352B430A4DA84202D0094DA84230
:1025C00008D14BF6FF752C400D8A4FF6FF7606EAD0
:1025D00085152C43848082838D680564038470BDD7
:1025E00000000140000401400A460021818B4FF2A7
:1025F000FF7319404FF6FF7303EA022319438183E7
:102600007047000000220288184B98420ED0184BE9
:1026100098420BD0B0F1804F08D0164B984205D0AD
:10262000154B984202D0154B984204D14FF68F7348
:102630001A404B881A43124B984207D0114B9842CC
:1026400004D04FF6FF431A400B891A4302804B68AF
:10265000C3620B880385054B984202D0044B984215
:1026600001D18B7A038601238382704700000140E9
:10267000000401400004004000080040000C00403D
:10268000001000400014004000B589B00821080681
:10269000FFF7A8FA4FF4A060FFF79AFA25208DF80B
:1026A000200001208DF8210000208DF8220001205B
:1026B0008DF8230008A8FFF74FFA01210920FFF742
:1026C000C1FA01211020FFF7EDFA294800F0AEF918
:1026D00002A800F0C4FA684600F08CF902208DF8D8
:1026E0001C008DF81D0000208DF81E0001208DF8C3
:1026F0001F004002069006A91E48FFF7B1F8072206
:1027000009211C48FFF7F4F84FF48060069006A9F1
:102710001848FFF7A5F807220A211648FFF7E8F83E
:102720006946134800F056F94FF4E130029000205A
:10273000ADF80C00ADF80E00ADF81000ADF81400C7
:102740000C20ADF8120002A9094800F019FA012284
:1027500040F22551064800F0EDF940F226610448A8
:1027600000F029F90121024800F04AF909B000BD42
:10277000001001400000024010B540F225511D48F4
:1027800000F0AEF950B31B4880881B491B4A126801
:1027900088541A480068401C1849086008460068B8
:1027A00002280FD308460068801E1349085C2328BE
:1027B00008D112480068401E085C2A2802D1012076
:1027C0000F4908700D480068642802D900200B49A1
:1027D000086040F22551074800F0EDF840F22771FB
:1027E000044800F07DF920B140F22771014800F063
:1027F000E2F810BD0010014044220020F400002047
:10280000F000002000B58FB001218805FFF71AFA0B
:102810001848FEF7A7FE00BF1648FEF74FFF002836
:10282000FAD14FF0206000901348019013480290B5
:1028300000200390FF200490002005904FF480605A
:10284000069000200790089009904FF480300A907D
:1028500000200B9003200C9000200D900E906946F4
:102860000448FEF75BFF01210248FEF76FFE0FB040
:1028700000BD000028640240041401403420002000
:1028800000B58FB0FF211948FDF7B3FC0121880581
:10289000FFF7D8F91648FEF765FE00BF1448FEF7AB
:1028A0000DFF0028FAD14FF02060009011480190F0
:1028B0000E480290402003900020049005904FF4B1
:1028C0008060069000200790089009904FF48030B7
:1028D0000A9000200B9003200C9000200D900E9089
:1028E00069460348FEF71AFF0FB000BD33210020F0
:1028F000A06402400414014010B540F22441234872
:1029000000F0EEF858B340F22441204800F053F8AC
:102910001E4800F09FF900B21D49088000211D48A3
:10292000FEF714FE1C491B48FEF7F6FD1948FEF79A
:10293000CFFEC0F1FF0000B2154908800846B0F98B
:102940000000002802DD012014490870FF21114811
:10295000FEF752FF01210F48FEF7F8FD14E040F2A8
:1029600026610A4800F0BCF870B140F226610748C1
:1029700000F021F80A4907487830FEF7CDFD002124
:1029800004487830FEF738FF10BD00000014014005
:10299000EA00002028640240400F0010E9000020F7
:1029A00000003D2001F40072B2F5007F00D100BFAD
:1029B000CA430280704710B50022002340F66A1413
:1029C000A14200D100BF0A1201249440A3B2DC430B
:1029D000048010BD10B502460020108A20F47060FB
:1029E0000B884C8823438C882343CC88234318438B
:1029F000108210BD0021018041808180C18070471C
:102A000021B1828942F40052828104E082894DF62C
:102A1000FF731A40828170471AB1838A0B43838205
:102A200002E0838A8B4383827047000010B504461E
:102A30002548844208D101211020FFF743F90021E5
:102A40001020FFF73FF93EE02048844209D10121E0
:102A50004804FFF717F900214FF40030FFF712F98F
:102A600031E01B48844209D101218804FFF70AF9AB
:102A700000214FF48020FFF705F924E01548844237
:102A800009D10121C804FFF7FDF800214FF400200F
:102A9000FFF7F8F817E01048844209D10121080532
:102AA000FFF7F0F800214FF48010FFF7EBF80AE091
:102AB0000A48844207D101212020FFF703F90021B1
:102AC0002020FFF7FFF810BD001001400044004037
:102AD00000480040004C00400050004000140140FD
:102AE00070B50246002400230025002040F66A1637
:102AF000B14200D100BFC1F3421501F01F0301260E
:102B000006FA03F3012D02D19689334006E0022D27
:102B100002D1168A334001E0968A33400C12012616
:102B200006FA04F41688344013B10CB1012000E019
:102B3000002070BDF0B503460024002600250020CB
:102B400040F66A17B94200D100BF1846C1F34214DB
:102B500001F01F06012707FA06F5012C01D10C3000
:102B600004E0022C01D1103000E014301AB10768E3
:102B70002F43076002E00768AF430760F0BD000025
:102B80002DE9FF4705460E460024A14600BFA0469A
:102B9000B08900B100BF2C8A24F44054F08804436B
:102BA0002C82AC8941F20C608443B088318908439F
:102BB000718908430443AC81AC8A24F44074B08921
:102BC0000443AC826846FFF78DF82048854202D066
:102BD0001F48854202D1DDF80C9001E0DDF8089035
:102BE000A88900F4004040B109EBC90000EB0910CE
:102BF00031684900B0FBF1F707E009EBC90000EBD1
:102C0000091031688900B0FBF1F76420B7FBF0F0E0
:102C100004012009642101FB1078A88900F4004018
:102C200040B1322000EBC800B0FBF1F000F007002B
:102C3000044308E0322000EB08106421B0FBF1F0FF
:102C400000F00F0004432C81BDE8FF870010014015
:102C50000014014001468888C0F3080070474FF413
:102C60001651016000218180C18001810C214181C8
:102C700000218181704770B505460E46284600F058
:102C8000BEF904464FF6FF70844205D046F4004179
:102C900005F28C5020F81410E0B270BD2DE9F0411F
:102CA00005460E4617461C46012105F56B7000EBE4
:102CB0004410817005F56B7000EB4410C66005F59B
:102CC0006B7000EB4410076105F56B7000EB44106E
:102CD000007E30B9002105F56B7000EB44100172E5
:102CE00005E0022105F56B7000EB441001722146EE
:102CF0002846FEF779FE0020BDE8F0812DE9F0417D
:102D000005460E4617461C46002105F56B7000EB84
:102D10004410817005F56B7000EB4410C66005F53A
:102D20006B7000EB4410076105F56B7000EB44100D
:102D3000407E28B905F56B7000EB4410017205E088
:102D4000022105F56B7000EB441001722146284604
:102D5000FEF74AFE0020BDE8F0812DE9F04105466E
:102D60000C4616461F46022121750121617500217E
:102D7000E1822683618306F08000802805D105F575
:102D80006B7000EB4710017605E0002105F56B70D4
:102D900000EB4710417600231A462146284600F0F2
:102DA0002BF8BDE8F08101460122C1F81023002074
:102DB00070472DE9F04105460E4617461C46012195
:102DC00005F56B7000EB44108170022105F56B7006
:102DD00000EB4410017205F56B7000EB4410C66007
:102DE00005F56B7000EB4410076121462846FEF79D
:102DF000FBFD0020BDE8F0812DE9F04180460C4646
:102E000015461E460127E078012802D0022820D16D
:102E100008E032462946204601F0D9FC0220E07045
:102E2000012717E0207F0D2805D10120E070002147
:102E3000217700270CE0207F0B2803D10120E070D0
:102E4000022705E0207F0C2802D10120E070032733
:102E500000E000BF00BF3846BDE8F0812DE9F04139
:102E600005460F4616461C46002105F56B7000EB23
:102E70004410817005F56B7000EB4410C76005F5D8
:102E80006B7000EB441006612EB9012105F56B70E3
:102E900000EB4410417605F56B7000EB4410407E6A
:102EA00030B9002105F56B7000EB4410017205E0AC
:102EB000022105F56B7000EB441001722146284693
:102EC000FEF792FD0020BDE8F08170B505460E4684
:102ED0001446002105F56B7000EB4410817003214E
:102EE00005F56B7000EB4410017205F56B7000EB9B
:102EF0004410C660082105F56B7000EB44100161B9
:102F000021462846FEF770FDC0B270BD0246022180
:102F100006E0002302F28C5020F81130481CC1B2A8
:102F20000829F6DB0020704770B505460C460020E6
:102F300020706070A0700120E07001212177402195
:102F4000A171002084F82000012121200155217960
:102F5000284600F023F86179284600F01FF8002089
:102F600070BD01460022C1F810230020704770B5E3
:102F700004460D46052D01D0042D06D1D4F880104D
:102F8000486C80470A20207007E0062D05D10A20F2
:102F90002070D4F880100868804770BD0246082968
:102FA00009DA02F28C5030F81100C0F30E0302F27D
:102FB0008C5020F81130002070472DE9F0478046F2
:102FC0000C4616461D46DDE9089746F0800121753E
:102FD00006216175E58205F47F40B0F5407F03D19D
:102FE00040F20941218301E00021218367833B46B0
:102FF0004A4621464046FFF7FFFEBDE8F0870246FD
:10300000002100BF0AE002F28C5030F8110000F4F9
:10301000004008B908467047481CC1B20829F2DBD5
:103020004FF6FF70F7E710B502460B88147823447B
:103030000B801378981810BD2DE9FC4104460D460D
:103040001646002704F588704FF4007300222946C5
:10305000CDE900062046FFF7B0FFB0F1000814D11B
:1030600006E004F58870C05D0949C855781C87B230
:10307000B742F6DB04F5887305F1500205F13E0115
:1030800005F13400009601F0B5F94046BDE8FC8139
:10309000041800202DE9FC4104460D46164604F5AF
:1030A00088704FF4807300222946CDE9000620463F
:1030B000FFF783FF071E06D1324604F5887105F13C
:1030C000220001F025FA3846BDE8FC812DE9FC47D5
:1030D0000446884615461E460A9F04F5887045F446
:1030E000407300224146CDE900072046FFF765FF07
:1030F000B0F1000905D13A46314604F5887001F077
:1031000056FA4846BDE8FC872DE9F04106460C46D4
:103110004FF0000800250021A174207F0C2876D2F2
:10312000DFE800F0FD060F3D466576919AC0D7EDC9
:10313000627904F114013046FFF7C7FE02212177BE
:10314000EEE061793046FEF709FC0546012D1FD1FE
:10315000207D00F08007608B58B141F288307249C1
:103160000880802F02D1032121770CE005212177EF
:1031700009E032206C490880802F02D10921217793
:1031800001E0072121773046FEF7D9FB208205E0D8
:10319000032D03D10B2121770521A174C0E02379F0
:1031A000A2893046A168FFF704FE04212177B7E029
:1031B00021793046FEF7D2FB0546012D01D10921C8
:1031C0002177042D02D1607820700FE0032D02D109
:1031D0000B2121770AE03046FEF7B1FB218A401A25
:1031E00051490988884201D90B21217798E00121B2
:1031F000627906F56B7000EB421041766379A28923
:103200003046A168FFF72AFE0621217788E086E094
:1032100061793046FEF7A2FB0546012D02D1072158
:1032200021770FE0042D04D1607820700C212177E4
:1032300008E0022D02D10521217703E0032D01D101
:103240000B2121776CE02379002211463046FFF7ED
:10325000B0FD0821217763E021793046FEF77EFB3F
:103260000546012D04D1607820700D21217718E0EA
:10327000032D02D10B21217713E03046FEF75FFBCF
:10328000218A401A28490988884202D90B212177CE
:1032900007E0042D05D1607820700421A1744FF05F
:1032A00003083DE0617906F56B7000EB4110407E4C
:1032B00080F00101627906F56B7000EB42104176F7
:1032C0006379002211463046FFF7C8FD0A212177B5
:1032D00026E061793046FEF741FB0546012D04D119
:1032E000607820700D21217708E0022D02D109219C
:1032F000217703E0032D01D10B21217710E0A07B82
:10330000401CC1B2A173022902DC0121217705E032
:103310000821A174607820704FF0020800E000BF1F
:1033200000BF4046BDE8F0818400002070B592B037
:1033300005460C460126A0780A287AD2DFE800F07C
:103340000528375D667A97B4D1DB082221462846E6
:10335000FFF7A0FED8B994F82910A1712846FEF70E
:103360003CFB0120A070A0790021CDE9001061791B
:1033700000231A46284600F069FFA0790021CDE914
:103380000010217900231A46284600F05FFFB5E0BF
:10339000122221462846FFF77DFE38B9D4F8800076
:1033A000C16904F1220088470220A070A6E0012232
:1033B0002146284601F0E5F9F0B9022001F0CCFBE6
:1033C0000120A41CA077D4F87E10086A804703204F
:1033D0002070002000900190A27FA178034628462B
:1033E00000F034FF002000900190A27FA41E6179BC
:1033F0000346284600F02AFF80E00922214628469D
:10340000FFF71AFE08B90420A07077E0E28E21468B
:103410002846FFF711FE58B9D4F8800004F1500295
:1034200004F13E01436A04F1340098470520A0707E
:1034300064E062E094F8300088B1FF20009094F8D6
:10344000302002AB21462846FFF740FE70B9D4F881
:103450008000816A02A888470620A07006E0D4F8A0
:103460008000816A27A088470620A07046E094F873
:10347000310088B1FF20009094F8312002AB214642
:103480002846FFF723FE70B9D4F88000C16A02A86D
:1034900088470720A07006E0D4F88000C16A19A010
:1034A00088470720A07029E094F8320088B1FF20F7
:1034B000009094F8322002AB21462846FFF706FE22
:1034C00070B9D4F88000016B02A888470820A0706A
:1034D00006E0D4F88000016B0AA088470820A0709D
:1034E0000CE094F839202146284601F05DF908B92E
:1034F0000920A07002E0002600E000BF00BF3046B7
:1035000012B070BD4E2F41002DE9F04106460F4626
:1035100014461D46DDF81880304601F0BFFA002041
:1035200001F0A4FA21463046FFF7FEFCE567C4F837
:10353000808039463046FEF71CFAD4F880100868BF
:103540008047304601F094FABDE8F08170B5054639
:103550000C4621212175FF2161750021E182218323
:10356000618300231A4621462846FFF745FC70BDBB
:103570002DE9F04105460E461446012714B1012CF1
:1035800012D108E010480378C27831462846FFF788
:10359000E4FB074609E00C48437882783146284628
:1035A000FFF7DBFB074600E000BF00BF07480068ED
:1035B000401C0649086008460068042800D9042712
:1035C0003846BDE8F0810000E811002040000020EE
:1035D00010B5024600200023014C237010BD0000EE
:1035E000D81100202DE9F04105460F4600260124A0
:1035F0002846FEF7EEF920B3154801782846FEF775
:10360000B2F906460D2E01D002241CE011480068D4
:103610001149884216D10F484068104949688842CC
:1036200011D10C48007B08B900240CE00948007B4C
:10363000012801D1012406E00648007B022802D1BE
:10364000022400E002240648C4732046BDE8F0814D
:10365000E8110020C811002055534253A811002042
:10366000D8110020012812D10D490978491C0C4AB3
:103670001170114609780A2905DA0621094A1170E4
:103680000121D1700AE00A21064A117006E00228E1
:1036900003D10A21034A117000E000BF7047000007
:1036A0005C000020D811002070B505460C46A12111
:1036B0002175FE2161750021E18221830121618351
:1036C0000123034A21462846FFF796FB70BD000000
:1036D000F01100202DE9F04781460F463E460124B7
:1036E00003254FF000084846FEF773F9002878D00C
:1036F0005E4800780B2875D2DFE800F0060D1E55F5
:1037000066798A999E44B000484600F05FFA01202D
:1037100056490870A5E039464846FFF717FF0446AA
:1037200014B9022051490870032C04D102204F49DA
:1037300048700920087094E039464846FFF7B4FF06
:103740000446BCB94A48007A494981F8080208464B
:1037500090F8080200280ADD4648007838B90120B0
:1037600044490870D6F88010086C804779E003203F
:103770003E490870032C04D103203C4948700920BD
:1037800008706EE07379002239464846FFF7E5FA83
:1037900004463CB90020364981F808023348407895
:1037A000324908705DE0484600F086FC05463DB9A8
:1037B00004202E49087000202F490870002402E0E0
:1037C0002846FFF74FFF4CE0484600F097FB0546C0
:1037D0004DB90520254908700020274908700024AC
:1037E00004E03FE03CE02846FFF73CFF39E0484674
:1037F00000F09CFA05463DB908201C4908700020DD
:103800001D490870002402E02846FFF72BFF28E03E
:10381000484600F0E1FB05462DB9144840781349AD
:103820000870002402E02846FFF71CFF19E0394623
:10383000484600F023F814E0D6F88010C86B8047A3
:1038400000F0FF08B8F1000F03D108200749087005
:1038500003E0B8F1010F00D1062402E0042400E0E7
:1038600000BF00BF2046BDE8F0870000D81100204F
:10387000E8110020700000205C0000202DE9F047D6
:103880008046894600244046FEF7A3F800287DD0F4
:10389000C548007909287AD2DFE800F0790512518D
:1038A000A3FDFCFBFA00C14843781F22C0494046F3
:1038B000FFF724FA0120BC4948710220087170E129
:1038C000BA4841784046FEF749F80446012C26D113
:1038D0000020B84908600220B3494871B448007B11
:1038E00000F08007B2488068A8B1B1488068B2494A
:1038F0000860AD488068B149086008460068B04972
:103900000860802F03D10320A749087116E0042026
:10391000A549087112E00520A34908710EE0022CA8
:1039200004D1A1484079A049087107E0042C05D1D1
:103930000120A449087008209B49087131E19B4887
:1039400001784046FEF70AF80446012C03D0964859
:10395000407903283AD00020964908600320924914
:1039600048719248808894490968884219D28F48E2
:1039700003788288914801684046FFF78FF98B48A9
:1039800080888D490968081A8B4901E00AE107E13E
:103990000860864880888949096808448749086022
:1039A0001EE08548006818B905207F49087117E0B6
:1039B0007E4803788048008882B28048016840468B
:1039C000FFF76CF900207C49086009E0042C07D15E
:1039D00000207C4908700720734908710520487150
:1039E000DFE0724841784046FDF7B8FF0446012CFD
:1039F0003BD100206F49086004206B4948716B4837
:103A0000C0886D49096888421AD268484378C288DC
:103A10006A4801684046FFF771F9684800686849DC
:103A200008606248C08865490968084463490860BD
:103A30005E48C08860490968081A5F49086042E02A
:103A40005D48006818B90520574908713BE05748A0
:103A500043785948008882B2584801684046FFF7C9
:103A60004DF90020544908602DE0022C21D1534823
:103A7000006853490968884212D04C484378C2888C
:103A8000C088DFF838C1DCF800C0ACEB000103E00F
:103A900074E059E037E017E04046FFF72FF912E0F5
:103AA00042484378C288454801684046FFF726F9F6
:103AB00009E0042C07D101204249087008203A4946
:103AC0000871052048716CE00520374948713E486F
:103AD00088603F2088810D2604E000203A498855FF
:103AE000701EC6B2002EF8D10020374908702F484A
:103AF00003782D483F2281684046FFF7CFF8062023
:103B0000294908714DE0294801784046FDF726FF14
:103B10000446012C0FD100202649086005202249C7
:103B2000487108468078087049464046FFF75AFDBC
:103B30001D49C87307E0042C05D1002021490870F5
:103B40000720194908712CE0002249464046FFF73A
:103B50000FFD054665B91B480078022803D10820EF
:103B60001149087109E0104840790F49087104E0D3
:103B7000042D02D102200C49C87312E001224946EB
:103B80004046FFF7F5FC054625B907484079064948
:103B9000087104E0042D02D102200349C87300E03B
:103BA00000BF00BFBDE8F087D8110020E811002059
:103BB000A811002040000020440000204800002000
:103BC0004C00002050000020C811002010B5044611
:103BD0002046FDF7FEFE48B107480849086008483E
:103BE00048600020487301200649C870002006493B
:103BF00008600649087010BD55534243A8110020C3
:103C000050403020D8110020400000205C000020EF
:103C100070B504460D461048407860B10E484178B2
:103C2000204601F00CFA0C4841782046FFF7B6F91F
:103C30000020094948700848007860B106480178BA
:103C4000204601F0FCF9044801782046FFF7A6F968
:103C500000200149087070BDE81100207CB50646BF
:103C60000D462C4694F84300082856D194F8450098
:103C7000502852D194F8520000F0800038B194F8E6
:103C800052002949C870B4F85400888006E094F8BE
:103C9000520025498870B4F85400C88094F85A003E
:103CA00000F0800038B194F85A001F49C870B4F889
:103CB0005C00888006E094F85A001B498870B4F8CC
:103CC0005C00C880184881783046FEF7D4FF16495A
:103CD00048700846C1783046FEF7CDFF124908709B
:103CE0000846C0880221CDE900102120035D94F828
:103CF00020200D484178304600F02EFB0A4880888D
:103D00000221CDE900102120035D94F8202006480F
:103D10000178304600F020FB03E0D4F88010086CF6
:103D2000804700207CBD0000E811002070B50546EA
:103D300003262846FDF74DFE002855D02B48C078B5
:103D4000012802D002284DD127E03F202849886071
:103D5000802008730A20887326482449886005203B
:103D60008870102405E0002121480F300155601EA5
:103D7000C4B2002CF7D11A201D49C8733F211C483A
:103D80004174C1740120194908710720087003208B
:103D9000C8730220C870032625E01448C07B80B990
:103DA0001448807800F0800018B10120124908738F
:103DB00002E000201049087301200C49C870002659
:103DC0000FE00A48C07B012803D10849C8700126CA
:103DD00007E00648C07B022803D101200349C870D0
:103DE000022600E000BF00BF304670BDD8110020A1
:103DF000A811002004140020F4130020FFB581B0A6
:103E000007460E461D460320394908703846FDF71F
:103E1000E0FD002867D03748C078012802D002288A
:103E20005FD139E0344885608020334908730A2027
:103E3000887330488660102405E000212E480F303A
:103E40000155601EC4B2002CF7D128202A49C8733E
:103E50009DF80F10284841749DF80E1081749DF84C
:103E60000D10C1749DF80C100175C5F34F20009022
:103E70009DF80110204881759DF80010C175012042
:103E80001C490871072008700320C8730220C870FD
:103E900003201749087025E01648C07B50B9384602
:103EA000FDF797FD30B101201249C870002010497C
:103EB000087015E00F48C07B012807D13846FDF790
:103EC00088FD18B101200B49C87009E00948C07B82
:103ED000022805D101200749C87002200449087052
:103EE00000E000BF00BF0248007805B0F0BD000050
:103EF00071000020D8110020A811002070B50546DF
:103F000003262846FDF765FD00285AD02E48C078C4
:103F1000012802D0022852D123E008202B498860D2
:103F2000802008730A208873294827498860042064
:103F30008870102405E0002124480F300155601ED0
:103F4000C4B2002CF7D125202049C87301201E4996
:103F50000871072008700320C8730220C870032668
:103F60002EE01948C07BC8B9194800781949C870B3
:103F70001748407888701648807848701448C07890
:103F8000087013488179134841721148C07911496A
:103F9000087201200C49C87000260FE00A48C07B57
:103FA000012803D10849C870012607E00648C07BF4
:103FB000022803D101200449C870022600E000BF96
:103FC00000BF304670BD0000D8110020A8110020AD
:103FD00004140020F413002070B50546032628467B
:103FE000FDF7F7FC00285DD02F48C078012802D0EB
:103FF000022855D12BE03F202C498860802008738F
:104000000A2088732A4828498860084680784870C2
:1040100006208870102405E0002124480F30015547
:10402000601EC4B2002CF7D103202049C8730021C0
:104030001E4801743F21C17401201B4908710720EB
:1040400008700320C8730220C870032629E01648B0
:10405000C07BA0B9164801781648C1711448417850
:104060001448817112488178124841711048C07813
:104070001049087101200C49C87000260FE00A4859
:10408000C07B012803D10849C870012607E0064813
:10409000C07B022803D101200349C870022600E03A
:1040A00000BF00BF304670BDD8110020A81100200D
:1040B00004140020F413002070B50546032628469A
:1040C000FDF787FC002846D02448C078012802D09C
:1040D00002283ED124E00020214988600873062090
:1040E000887320481D4988603F208881032088709C
:1040F000102405E000211A480F300155601EC4B29B
:10410000002CF7D100201649C8730120134908710B
:10411000072008700320C8730220C870032619E026
:104120000E48C07B20B901200C49C87000260FE062
:104130000A48C07B012803D10849C870012607E05E
:104140000648C07B022803D101200449C87002261A
:1041500000E000BF00BF304670BD0000D811002055
:10416000A8110020C81100202DE9FF4182B00746A8
:104170000E461D464FF003083846FDF72AFC00287E
:104180005BD03048C078012802D0022853D138E0F3
:104190002D48856000202C4908730A20887329481F
:1041A0008660102405E0002127480F300155601E6D
:1041B000C4B2002CF7D12A202349C8739DF81310EC
:1041C000214841749DF8121081749DF81110C1743A
:1041D0009DF810100175C5F34F2001909DF8051052
:1041E000194881759DF80410C175012015490871A1
:1041F000072008700320C8730220C8704FF003081E
:104200001AE01048C07B28B901200E49C8704FF051
:1042100000080FE00B48C07B012802D10949C87093
:1042200008E00848C07B022804D101200549C87075
:104230004FF0020800E000BF00BF404606B0BDE8F6
:10424000F0810000D8110020A81100202DE9F047CE
:1042500004460D4617461E46DDE9089827B104F5C9
:104260006B7000EB4510077004F56B7000EB4510A8
:10427000C088404508D0B8F1000F05D004F56B7038
:1042800000EB4510A0F8068004F56B7000EB4510BC
:10429000C078B04205D026B104F56B7000EB451034
:1042A000C6702946204600F00BFF0020BDE8F087CD
:1042B00038B50546002400200090284601F02BF96F
:1042C000002847D0284601F030F90090009808B93E
:1042D000002038BD0098C0F3C00018B1284602F095
:1042E000E3F804430098C0F3001018B1284602F028
:1042F00028F804430098C0F3401018B1284601F094
:1043000062FE04430098C0F3806018B1284601F0B3
:1043100081FF04430098C0F3406018B1284601F0C3
:104320002AFA04430098C0F3006018B1284601F04F
:10433000E1FE04430098C0F3407018B1284601F034
:10434000E1F904430098C0F3405018B1284601F049
:10435000EFF904432046BCE72DE9F04704460D463B
:1043600017461E46DDE9088904F28C5010F8150046
:1043700000F07F0104F56B7000EB4510417004F212
:104380008C5010F81500C0F3C01104F56B7000EBF1
:104390004510817004F56B7000EB4510077004F553
:1043A0006B7000EB451080F8058004F56B7000EB36
:1043B0004510A0F8069004F56B7000EB4510C67030
:1043C000002104F56B7000EB4510017604F56B706D
:1043D00000EB451041762EB9012104F56B7000EB1E
:1043E000451001712946204600F06AFE0020BDE814
:1043F000F08700002DE9F04F85B0064689469246C9
:104400001D462C460027B84600BF287830706878D3
:104410007070A978E87801EB0020708028793071FD
:1044200068797071A879B071E879F071287A307282
:104430000E98092864DD09200090307902285ADCA2
:10444000BB4653E069462046FEF7EDFD0446607822
:1044500004284BD1A07847B207EBC70000EB090B4B
:10446000E078032842DA214602A800F08DF84FF0E8
:1044700000089DF80C00022838DC32E0694620462E
:10448000FEF7D1FD0446607805282AD10AEB071013
:1044900000EBC80001901C480078B84206D01A49C9
:1044A0000F7002A9584600F06FF80CE0217960798E
:1044B00001EB002015490988884200DA15E002A9BD
:1044C000584600F061F82146019800F04DF8217936
:1044D000607901EB00200D49088008F101004FFAD6
:1044E00080F89DF80C004045C8DC00BF7088BDF81E
:1044F00000108842A6DC00200449088002490870A8
:1045000005B0BDE8F08F0000880000208600002084
:1045100010B50B7803704B7843708C78CB7804EB34
:10452000032343800B7903714B7943718B7983713A
:10453000CB79C371082A16DD0C7A4B7A04EB03237E
:1045400003818C7ACB7A04EB032343810C7B4B7B76
:1045500004EB032383818B7B8373CB7BC3730B7C43
:1045600003744B7C437410BD0A7802704A78427021
:104570008A788270CA78C2700B794A7903EB02227A
:1045800082808A79827170470A7802704A78427014
:104590008A788270CA78C2700A7902714A79427147
:1045A0008A798271CA79C2710A7A0272704730B50B
:1045B00013464578032D14D10578AD1E9D4202DCCB
:1045C0000578AD1E00E01D46ACB2801C002204E060
:1045D000855C0D70491C951CAAB2A242F8DB00252F
:1045E0000D7030BD3EB505460C46022002902846AF
:1045F000FDF7EFF930B9207820B12078022801D0FA
:104600000220207020780B2875D2DFE800F0061019
:104610009CB44D687B87598C8D002846FDF7D9F9ED
:1046200020B101202070642000F096FAA4E0D4F8B4
:1046300080108868804700212846FEF71CFB6071C7
:1046400080212846FEF717FB20712846FDF7C5F9A3
:1046500048BBD4F88010C86880472846FDF774F935
:10466000C1B221200155042020702122105DD4F810
:10467000802091698847A0790021CDE90010212090
:10468000035D94F8202021792846FFF765FEA07984
:104690000021CDE900102120035D94F820206179EC
:1046A0002846FFF759FE67E021462846FEF73EFE02
:1046B00028B9D4F88010486B8047082020705BE050
:1046C000D4F88010886B8047012807D1E06F21461D
:1046D00002682846904708B9052020704CE0E06F3A
:1046E000214682682846904702909DF8080018B934
:1046F0000620207005E03EE09DF808102046FEF7F9
:1047000036FC39E0E06F2146C268284690470290A7
:104710009DF808102046FEF72AFC2DE02146284689
:10472000FEF7F2FC28E027E021462846FEF7FCFBD6
:10473000D4F8801048688047E06F04F12001426897
:104740002846904718E0D4F8801008698047214631
:104750002846FEF7E9FBD4F8801048688047E06FF0
:1047600004F120014268284690472846FEF7CEFB18
:104770000020207000E000BF00BF3EBD01460020C9
:10478000704770B506460C46154600212175052177
:104790006175E58200212183618300231A46214649
:1047A0003046FEF729FB70BD70B506460C4615462F
:1047B0000021217509216175E58200212183618332
:1047C00000231A4621463046FEF716FB70BD10B591
:1047D0000346187858700720187099609A81012450
:1047E0001C77002010BD00002DE9F04106460C4664
:1047F000174625466879082803D1064802F008F9CB
:1048000005E06879032802D1034802F001F9BDE808
:10481000F0810000594703087B4703087047704741
:1048200010B5024802F0F4F810BD0000A3460308DA
:1048300010B5002002490870024802F0E9F810BDE6
:104840008C000020B846030810B502A002F0E0F882
:1048500010BD00003E20446576696365206E6F746C
:1048600020737570706F727465642E0D0A000000FD
:1048700010B504461CB90A4802F0CAF80EE0012C33
:1048800003D1084802F0C4F808E0022C03D106481E
:1048900002F0BEF802E0054802F0BAF810BD0000D0
:1048A000EB4603080A47030829470308474703085C
:1048B00070B504462546298903A002F0A9F8698944
:1048C00005A002F0A5F870BD3E20564944203A20CC
:1048D00025303458680D0A003E20504944203A20C3
:1048E00025303458680D0A0010B5024802F090F8DF
:1048F00010BD0000D046030810B50848007858B92C
:1049000001200649087006A002F082F80AA002F011
:104910007FF811A002F07CF810BD0000D800002044
:104920003E20555342204F5447204853204D534377
:1049300020486F73740D0A003E2055534220486F83
:104940007374206C6962726172792073746172741D
:1049500065642E0D0A0000002020202020555342BF
:1049600020486F7374204C696272617279207632CC
:104970002E312E300D0A000010B50548007820B900
:1049800001F0C8FD012002490870002010BD0000A0
:104990008C00002010B50446214602A002F038F831
:1049A00010BD00003E204D616E75666163747572C6
:1049B0006572203A202573720D0A000010B502A01E
:1049C00002F026F810BD00003E204F766572637538
:1049D0007272656E742064657465637465642E0D0F
:1049E0000A00000010B50446214602A002F010F8AB
:1049F00010BD00003E2050726F64756374203A2031
:104A000025730D0A0000000010B502A002F000F8A6
:104A100010BD00003E20555342485F5553525F522F
:104A200065736574446576696365200D0A0000004E
:104A300010B50446214602A001F0EAFF10BD0000B7
:104A40003E2053657269616C204E756D62657220FF
:104A50003A2025730D0A000010B5024801F0D8FF76
:104A600010BD0000134803080120704770477047CD
:104A700038B504464FF4C060FDF7AAF84D208DF814
:104A8000000001208DF8010000208DF802000120B7
:104A90008DF803006846FDF75FF838BD1CB5044685
:104AA00001210220FDF7CEF84FF440400090032092
:104AB0008DF8050002208DF8040069460948FCF7CE
:104AC000CFFE0C220E210748FCF712FF0C220F210B
:104AD0000448FCF70DFF01214807FDF7B3F800F08B
:104AE00003F81CBD0004024008B500214FF000602F
:104AF000FDF778F84FF4A060FDF76AF81C208DF8F8
:104B0000000001208DF801008DF802008DF80300EF
:104B10006846FDF721F801210846FDF7A3F808BD16
:104B200010B501218807FDF709FD88B1012188072B
:104B3000FDF7AAFC0748006828B106480068401E37
:104B40000449086004E000214FF08040FDF79FFC1D
:104B500010BD0000E000002010B5044601212046F1
:104B6000FCF762F910BD10B5044602212046FCF79F
:104B70005BF910BD3EB5044600250020029001906F
:104B80000090207A012843D1E068806B0190019861
:104B900020F480300190607A28B1019820F48010D0
:104BA00000F5801001900198E16888630020029070
:104BB000E068C0680290029820F0400002900298DD
:104BC00020F4801000F580100290029820F48000FC
:104BD0000290029820F400300290029820F4002005
:104BE00002900298E168C860204600F0C9F8E078B9
:104BF000012843D1009820F01E000A300090009850
:104C000020F02000203000900098E168886035E0B6
:104C1000E068C0680290029820F0400040300290A6
:104C20000298E168C860204600F0AAF800200190D0
:104C3000019820F4803000F580300190019820F434
:104C4000802000F580200190019820F4002000F5DC
:104C500000200190019820F4001000F50010019050
:104C6000607A28B1019820F4801000F5801001903E
:104C70000198E16888631420FFF76EFFE07801284F
:104C80000FD1E06880680090009820F01E000A3084
:104C90000090009820F02000203000900098E168FB
:104CA000886028463EBDFEB504460026002500204B
:104CB0000290019000902046FFF7D8FE0021D4F822
:104CC0000C010160207A012803D1204600F00FFC7E
:104CD00003E00121204600F00AFC204600F05DFCC4
:104CE000606900680090009820F00400009000992E
:104CF00060690160E07A00BB4FF40070E1684862CF
:104D000002986FF30F0000F500700290029880B2D5
:104D100000F1807002900298E168886201986FF358
:104D20000F0000F540700190019880B200F1807092
:104D300001900198E168C1F800011021204600F0BF
:104D400021F9204600F0F8F800250DE04FF0FF3182
:104D500004F1900050F825008160002104F19000DA
:104D600050F82500C1606D1C2078A842EED80121C2
:104D7000204600F04EF8204600F0A4F83046FEBD74
:104D8000F8B50446002600250020009000BF03204F
:104D9000FFF7E9FEE06800690090681C05461349CA
:104DA000884201D90020F8BD0098C00F0028EED03D
:104DB0000025009820F00100401C00900098E16858
:104DC000086100BFE06800690090681C054607495B
:104DD000884200D904E0009800F001000028F1D1D9
:104DE00000BF0320FFF7BFFE3046DCE7400D0300A5
:104DF00008B50146002000220092009A22F001022C
:104E0000521C0092CA689268009B9A43CB689A60D1
:104E100008BD38B505460C460020009021462846BE
:104E2000FFF725FE284600F088FB00900098C0F3AD
:104E3000003058B9012C09D1009820F4805000F5B9
:104E4000805000900099D5F8CC0001600098C0F324
:104E5000003040B13CB9009820F480500090009997
:104E6000D5F8CC000160C820FFF776FE38BD08B544
:104E700000210091491EC26851606FF08041C268F4
:104E80005161009921F0004101F100410091009928
:104E900021F4006101F5006100910099C2689161FF
:104EA00008BD08B50146002000220092009A22F0B9
:104EB0000102521C0092CA689268009B1A43CB6898
:104EC0009A6008BD38B50446002500200090E168CE
:104ED0008861401EE16848612046FFF7C8FFE0781E
:104EE00020B9009820F0100010300090009820F0B9
:104EF000807000F180700090009820F0007000F148
:104F000000700090009820F0005000F100500090D8
:104F1000009820F0080008300090009820F400105D
:104F200000F500100090E06880690099884308430C
:104F3000E1688861284638BDF8B50446002500269A
:104F400000200090009820F0100010300090009891
:104F5000E168086100BFE06800690090701C0646C7
:104F60000749884200D904E00098C0F300100028E7
:104F7000F1D100BF0320FFF7F6FD2846F8BD000081
:104F8000400D0300F8B504460D460026002700201A
:104F90000090009820F0200020300090009865F3E9
:104FA0008A1000900098E168086100BFE06800691D
:104FB0000090781C07460749884200D904E0009811
:104FC000C0F340100028F1D100BF0320FFF7CBFD54
:104FD0003046F8BD400D03000146C868406900F046
:104FE000010070471CB50246002000230093009B7F
:104FF00023F0004303F1004300930124009B64F37A
:10500000DC43009302F1900353F82130009C1C61B3
:1050100002F1900353F821301B680193019B23F0A8
:10502000004303F100430193019B23F0804301936C
:1050300002F1900353F82130019C1C601CBD10B597
:1050400086B00246002000230393019302F19003EF
:1050500053F821301B680093009B23F0004303F1B9
:1050600000430093009B23F0804303F180430093AF
:10507000009BC3F3814323B1009BC3F38143022B05
:105080000BD1D368DB6A0393039BC3F307437BB95C
:10509000009B23F0004300930AE053691B690193CE
:1050A000019BC3F307431BB9009B23F0004300930C
:1050B00002F1900353F82130009C1C6006B010BD33
:1050C0003FB502460020002300240294039401947B
:1050D000441E009402F1900454F82140009DA56004
:1050E00000240394D478012C04D1039C24F00404FC
:1050F000241D039402F56B7404EB4114647934B1FC
:10510000012C6AD0022C03D0032C38D138E000BF28
:10511000039C24F00104641C0394039C24F0080401
:1051200008340394039C24F0800480340394039C8B
:1051300024F4806404F580640394039C24F0100438
:105140001034039402F56B7404EB4114A47834B169
:10515000039C24F4807404F5807403940FE0039C92
:1051600024F040044034039402F56B7404EB4114C2
:10517000247924B1039C24F02004203403944EE0CD
:10518000039C24F00104641C0394039C24F0100489
:1051900010340394039C24F0080408340394039C03
:1051A00024F0800480340394039C24F4806404F588
:1051B00080640394039C24F4007404F50074039445
:1051C00002F56B7404EB4114A4782CB1039C24F415
:1051D000807404F58074039421E0039C24F001049E
:1051E000641C0394039C24F4007404F50074039479
:1051F000039C24F020042034039402F56B7404EB28
:105200004114A47854B1039C24F0800480340394A6
:10521000039C24F4807404F58074039400BF00BFE1
:1052200002F1900454F82140039DE560012404FA42
:1052300001F35469A4691C435569AC61029C24F0D4
:10524000007404F100740294D468A469029D2C4394
:10525000D568AC610024019402F56B7404EB411431
:105260002578019C65F39C54019402F56B7404EB62
:1052700041146578019C65F3CE24019402F56B74AA
:1052800004EB4114A578019C65F3CF34019402F539
:105290006B7404EB4114E478022C01D1012500E089
:1052A0000025019C65F35144019402F56B7404EBF5
:1052B00041146579019C65F39344019402F56B7484
:1052C00004EB4114E588019C65F30A04019402F59E
:1052D0006B7404EB41146479032C05D1019C24F018
:1052E000005404F10054019402F1900454F8214058
:1052F000019D256004B030BD2DE9F04388B004461F
:105300000D464FF00009C8464FF480770020069004
:105310000790009004F56B7000EB4510006910B326
:1053200004F56B7000EB4510016904F56B7000EB40
:105330004510C0880144491E04F56B7000EB451010
:10534000C088B1FBF0F086B2BE420DDD3E4604F5EA
:105350006B7000EB4510C188714304F56B7000EB76
:105360004510016100E0012604F56B7000EB45106B
:10537000807850B104F56B7000EB4510C188714323
:1053800004F56B7000EB4510016104F56B7000EBE8
:1053900045100169069861F312000690069866F3BD
:1053A000DC40069004F56B7000EB4510017A06981E
:1053B00061F35E70069004F1900050F825000699A4
:1053C0000161E078012809D104F56B7000EB45100C
:1053D000C16804F1900050F82500416104F190008B
:1053E00050F8250000680790204600F08CF80799D7
:1053F00060F35D710791079820F0004000F10040D4
:105400000790079820F08040079004F1900050F832
:10541000250007990160E078002864D104F56B70DD
:1054200000EB4510807800285DD104F56B7000EB2F
:1054300045100069002856D004F56B7000EB45104C
:10544000407930B1012821D0022803D0032839D176
:105450001BE000BFE068C06A039004F56B7000EBCE
:1054600045100069C01CC0F38F08039880B2404506
:105470000ADA009820F0200020300090E06880696F
:1054800000990843E16888611DE000BF6069006918
:10549000019004F56B7000EB45100069C01CC0F36F
:1054A0008F08019880B240450BDA009820F08060A8
:1054B00000F180600090E068806900990843E1682D
:1054C000886100E000BF00BF04F56B7000EB451081
:1054D000008A83B204F56B7000EB45102A46C16860
:1054E000204600F0F7FF484608B0BDE8F08308B555
:1054F000426912680092009A61F301020092009BD7
:105500004269136008BD01464869806800F00100E7
:1055100080F00100704700B502461046FFF75CFDC1
:10552000012800D100BD0020FCE701460020CA6828
:105530005069CA6892691040704708B50146D1F8B1
:10554000CC0000680090009820F0040000900098C3
:1055500020F002000090009820F0080000900098D1
:1055600020F020000090009808BD0146486940697D
:105570007047F0B503460024D01CC71700EB97779F
:10558000BD10D3F8D06000BF03E030680860641C31
:10559000091DAC42F9D30846F0BD38B50446204693
:1055A000FFF7CBFF0090009820F4807000F580702A
:1055B00000900099D4F8CC0001600A20FFF7CCFAE3
:1055C000009820F4807000900099D4F8CC0001601D
:1055D0001420FFF7C1FA012038BD000070B5024663
:1055E0000C46002300200025D5700125957040252C
:1055F0009580012C0CD14FF0A0430125D5720825D0
:105600001570042555709D15D580022515720EE084
:105610006CB9274B0025D5720C25157006255570E1
:105620004FF4A065D580022515720125D570D36091
:1056300003F500651561002110E003F5106505EB29
:10564000411602F1180545F8216003F5306505EBB8
:10565000411602F1540545F82160491C55788D42E8
:10566000EBD803F5806555614035C2F8CC50002178
:1056700008E003F5A06505EB411602F1900545F839
:105680002160491C15788D42F3D8002108E003F50C
:10569000805505EB013602F1D00545F82160491C23
:1056A00015788D42F3D803F56065C2F80C5170BDD2
:1056B00000000440F8B504460D460026E068C068C6
:1056C0000090009820F000500090009820F080405A
:1056D0000090012D06D1009820F0005000F10050FC
:1056E000009006E02DB9009820F0804000F1804045
:1056F00000900098E168C8603220FFF72DFA30462C
:10570000F8BD000038B50446002000900748006846
:10571000816820468847009820F0005000F1005032
:1057200000900098E1684861012038BD80000020A9
:105730000CB50146D1F8900000680090009820F068
:10574000004000F100400090009820F0804000F1FF
:1057500080400090009AD1F89000026000200190F3
:10576000019820F4001000F5001001900198CA681B
:10577000506101200CBD7CB505460024002628465A
:10578000FFF7F3FE019000BF1BE0019880B20121FA
:10579000A1400840A0B105F1900050F82400006835
:1057A00000900098C0F3C03028B12146284600F090
:1057B0000DF8064304E02146284600F01CFA064393
:1057C000641C2878A042E0D830467CBD70B586B015
:1057D00005460C4605F1900050F82460B06805902D
:1057E000F0680490DDE904100840059005F1900090
:1057F00050F8240000680390002004900598C0F33E
:105800008000D0B100200190019820F00400001D1C
:1058100001900198B06005F1900050F82400C06834
:105820000190019820F00200801C019005F1900089
:1058300050F824000199C16073E00598C0F340104E
:1058400048B100200190019820F020002030019004
:105850000198B06065E00598C0F3C00078B305F129
:10586000900050F82400C0680190019820F00200D8
:10587000801C019005F1900050F824000199C1604E
:10588000052105F56370015500200190019820F075
:105890001000103001900198B06000200190019834
:1058A00020F00800083001900198B060059820F0C1
:1058B00010000590E1B22846FFF7C1FB31E0FFE799
:1058C0000598C0F3802060B305F1900050F82400E3
:1058D000C0680190019820F00200801C019005F141
:1058E000900050F824000199C160E1B22846FFF70A
:1058F000A6FB00200190019820F0100010300190CC
:105900000198B060082105F56370015500200190F1
:10591000019820F4806000F5806001900198B060EB
:1059200000BF0598C0F34020F8B105F1900050F891
:105930002400C0680190019820F00200801C0190B2
:1059400005F1900050F824000199C160E1B22846A9
:10595000FFF775FB00200190019820F4007000F51E
:10596000007001900198B06042E1059800F00100DC
:10597000002871D0E878012812D105F1900050F884
:1059800024000069029005F56B7000EB441000697B
:105990000299C1F31201411A05F5547040F8241020
:1059A000012105F5637001550021783840F8241075
:1059B00000200190019820F00100401C0190019806
:1059C000B0600398C0F3814020B10398C0F38140D8
:1059D00002282AD105F1900050F82400C0680190F7
:1059E000019820F00200801C019005F1900050F811
:1059F00024000199C160E1B22846FFF720FB002096
:105A00000190019820F01000103001900198B060D2
:105A100005F56B7000EB4410007E80F0010105F588
:105A20006B7000EB44100176E2E00398C0F3814014
:105A3000032899D1039820F0005000F10050039002
:105A400005F1900050F8240003990160012105F24E
:105A50009B300155CCE0FFE70598C0F340000028DB
:105A600051D005F1900050F82400C06801900198D1
:105A700020F00200019005F1900050F824000199F7
:105A8000C16005F56370005D012804D1012105F2B4
:105A90009B3001552DE005F56370005D052804D1AC
:105AA000042105F29B30015523E005F56370005D8C
:105AB000062804D005F56370005D082808D1002190
:105AC00005F5457040F8241003218730015510E09A
:105AD0000398C0F3814003280BD105F56B7000EBF0
:105AE0004410007E80F0010105F56B7000EB44105E
:105AF000017600200190019820F00200801C0190A6
:105B00000198B06074E00598C0F3C01040B305F18F
:105B1000900050F82400C0680190019820F0020025
:105B2000801C019005F1900050F824000199C1609B
:105B300005F5457050F82410491C40F82410062142
:105B400078300155E1B22846FFF779FA002001903C
:105B5000019820F08000803001900198B06047E00B
:105B60000598C0F30010E8B30398C0F38140032800
:105B700015D105F1900050F82400C06801900198FB
:105B800020F00200801C019005F1900050F82400E4
:105B90000199C160E1B22846FFF751FA18E0039875
:105BA000C0F3814020B10398C0F3814002280FD197
:105BB000039820F0004000F100400390039820F08B
:105BC0008040039005F1900050F824000399016093
:105BD000032105F56370015500200190019820F024
:105BE000100000E004E0103001900198B06000BFA8
:105BF000012006B070BD7FB505460C4605F190004A
:105C000050F82460B0680390F0680290DDE902105B
:105C10000840039005F1900050F8240000680190BE
:105C20000398C0F38000D0B100200090009820F0CD
:105C30000400001D00900098B06005F1900050F83D
:105C40002400C0680090009820F00200801C0090A2
:105C500005F1900050F824000099C160B0E103986C
:105C6000C0F3401048B100200090009820F02000C0
:105C7000203000900098B060A2E10398C0F340206B
:105C8000F8B105F1900050F82400C0680090009829
:105C900020F00200801C009005F1900050F82400D4
:105CA0000099C160E1B22846FFF7C9F900200090D1
:105CB000009820F4007000F5007000900098B0602B
:105CC0007EE1039800F0010038B3002105F545702E
:105CD00040F8241005F1900050F82400C0680090AE
:105CE000009820F00200801C009005F1900050F810
:105CF00024000099C160E1B22846FFF7A0F9002016
:105D00000090009820F00100401C00900098B060C6
:105D1000012105F56370015552E10398C0F3C000FD
:105D200010B300200090009820F008000830009088
:105D30000098B06005F1900050F82400C068009011
:105D4000009820F00200801C009005F1900050F8AF
:105D500024000099C160E1B22846FFF770F90521DF
:105D600005F5637001552BE10398C0F3001038B3BB
:105D7000002105F5457040F8241005F1900050F819
:105D80002400C0680090009820F00200801C009061
:105D900005F1900050F824000099C160E1B2284656
:105DA000FFF74DF900200090009820F0100010300F
:105DB00000900098B060032105F563700155FFE085
:105DC0000398C0F3C01040B305F1900050F82400D0
:105DD000C0680090009820F00200801C009005F13F
:105DE000900050F824000099C160E1B22846FFF706
:105DF00026F905F5457050F82410491C40F8241088
:105E000006217830015500200090009820F0800095
:105E1000803000900098B060D2E00398C0F380100A
:105E200038B3002105F5457040F8241005F19000C5
:105E300050F82400C0680090009820F00200801CF8
:105E4000009005F1900050F824000099C160E1B283
:105E50002846FFF7F4F800200090009820F040005A
:105E6000403000900098B060042105F56370015542
:105E7000A6E00398C0F3802060B305F1900050F8CD
:105E80002400C0680090009820F00200801C009060
:105E900005F1900050F824000099C160E1B2284655
:105EA000FFF7CDF800200090009820F0100010308F
:105EB00000900098B060082105F56370015500203E
:105EC0000090009820F4806000F5806000900098B9
:105ED000B06075E00398C0F34000002870D005F171
:105EE000900050F82400C0680090009820F0020054
:105EF000009005F1900050F824000099C16005F56C
:105F00006370005D012815D1012105F29B30015518
:105F10000198C0F38140022848D105F56B7000EB71
:105F20004410407E80F0010105F56B7000EB4410D9
:105F300041763BE005F56370005D032804D1022142
:105F400005F29B30015531E005F56370005D0428D2
:105F50000FD105F56B7000EB44100079012803D1D7
:105F6000E1B22846FFF73EF8022105F29B300155C9
:105F70001CE005F56370005D052804D1042105F2DD
:105F80009B30015512E005F56370005D06280DD1C8
:105F900005F5457050F82400032807D1032105F2C8
:105FA0009B3001550021873840F8241000200090D4
:105FB000009820F00200801C00900098B06000BFA4
:105FC000012004B070BD7FB50446E068C06A00904F
:105FD0000198C0F3C30104F56B7000EB4110006938
:105FE000C01CC0F38F0673E04FF6FF71009801EA02
:105FF00080050198C0F3C30104F56B7000EB4110FC
:106000000069A84215D20198C0F3C30104F56B7072
:1060100000EB4110008A85B200200390039820F025
:10602000200020300390E068806903998843E1688C
:1060300088610198C0F3C30104F56B7000EB411057
:106040000069C01CC0F38F060198C0F3C302C0F3FF
:10605000C30304F56B7000EB43102B46C168204668
:1060600000F038FA0198C0F3C30104F56B7000EB3F
:106070004110C06841190198C0F3C30204F56B7068
:1060800000EB4210C1600198C0F3C30104F56B70CE
:1060900000EB41100069411B0198C0F3C30204F5F5
:1060A0006B7000EB421001610198C0F3C30104F56D
:1060B0006B7000EB4110406941190198C0F3C302B5
:1060C00004F56B7000EB42104161E068C06A00901B
:1060D000009880B2B0420ADD0198C0F3C30104F514
:1060E0006B7000EB4110006900287FF47DAF012048
:1060F00004B070BDFEB504460026002500200090C7
:1061000002900190D4F8CC0000680290D4F8CC0042
:1061100000680190019820F004000190019820F09F
:1061200002000190019820F008000190019820F0F1
:10613000200001900298C0F3400058B1019820F06F
:106140000200801C01903248006841682046884760
:1061500045F001050298C0F3C000002842D0019824
:1061600020F00800083001900298C0F38000002859
:1061700038D0274800684168204688470298C0F315
:106180004140022804D00298C0F34140012828D1A0
:106190006069006800900298C0F34140022811D164
:1061A00041F2707160694160009800F003000228BC
:1061B00018D0207A022803D102212046FFF797F950
:1061C00001260FE04BF6803160694160009800F0D5
:1061D0000300012806D001212046FFF788F9012697
:1061E00000E001260298C0F3401030B1019820F081
:1061F00020002030019045F0010516B12046FFF740
:10620000CCF90199D4F8CC0001602846FEBD00000D
:1062100080000020FEB50446606900690090019886
:10622000C0F3C30104F56B7000EB41100069C01CA2
:10623000C0F38F0674E04FF6FF71009801EA800505
:106240000198C0F3C30104F56B7000EB41100069C5
:10625000A84216D20198C0F3C30104F56B7000EB9D
:106260004110008A85B200200290029820F08060E0
:1062700000F180600290E068806902998843E168DB
:1062800088610198C0F3C30104F56B7000EB411005
:106290000069C01CC0F38F060198C0F3C302C0F3AD
:1062A000C30304F56B7000EB43102B46C168204616
:1062B00000F010F90198C0F3C30104F56B7000EB16
:1062C0004110C06841190198C0F3C30204F56B7016
:1062D00000EB4210C1600198C0F3C30104F56B707C
:1062E00000EB41100069411B0198C0F3C30204F5A3
:1062F0006B7000EB421001610198C0F3C30104F51B
:106300006B7000EB4110406941190198C0F3C30262
:1063100004F56B7000EB4210416160690069009008
:10632000009880B2B0420ADD0198C0F3C30104F5C1
:106330006B7000EB4110006900287FF47CAF0120F6
:10634000FEBD30B585B00446002000900390039850
:1063500020F0100010300390E068806903998843B2
:10636000E1688861E068006A0490049800F00F001A
:10637000009004F190009DF8001050F82100006892
:1063800001900498C0F34340022806D0032878D037
:10639000052877D0072873D175E00498C0F30A1058
:1063A000002869DD04F56B709DF8001000EB4110CA
:1063B000C068002860D00498C0F30A1204F56B701E
:1063C0009DF8003000EB4310C1682046FFF7D1F87C
:1063D000049800F00F0104F56B7000EB4110C068E9
:1063E0000499C1F30A110144049800F00F0204F566
:1063F0006B7000EB4210C160049800F00F0104F5CF
:106400006B7000EB411040690499C1F30A1101441B
:10641000049800F00F0204F56B7000EB421041612C
:1064200004F56B709DF8001000EB4110456904F510
:1064300054709DF8001040F8215004F190009DF830
:10644000001050F82100006902900298C0F3C94082
:10645000002811DD019820F0004000F1004001907B
:10646000019820F08040019004F190009DF80020F8
:10647000019950F82200016006E002E002E0FFE727
:1064800000BF00BF00BF00BF00BF039820F0100096
:1064900010300390E068806903990843E1688861DF
:1064A000012005B030BD000038B504460020009042
:1064B00007480068016820468847009820F00800D7
:1064C000083000900098E1684861012038BD000064
:1064D000800000202DE9F04104460026E078B0B9A4
:1064E00000270020DD1C4FEAE57805EB98784FEA9D
:1064F000A80704F1D00555F822C000BF04E00D68DC
:10650000CCF80050401C091DB842F8D300BF3046FB
:10651000BDE8F08110B5ADF5167D09A9002002F0A7
:10652000FDF8044614B10DF5167D10BD0CA16846AA
:1065300002F0DEF90446052C02D109A002F03BF876
:1065400009A1684602F0D4F90446052C02D106A040
:1065500002F031F80021084602F0E0F800BFE2E75F
:106560002F747874000000002F6373760000000021
:106570002DE9F04F8BB0054688460024464622E1BF
:10658000201DB04200DD1FE1285D882871D1601C0C
:10659000285C6728FAD1A01C285C9628F6D1E01C5C
:1065A00015F80090201D285C40EA0929484644F669
:1065B000B232A9EB020191457DD00CDCA0F56C5004
:1065C000A0F1B300002842D0012849D0A0F6FE7007
:1065D000002871D14EE0A1F580500238F0B1A0F54D
:1065E0008040033810B10128F3D10BE00020784936
:1065F000086001207749088077A000F009FA201D83
:1066000084B2DDE000207C49086001207B490880DD
:106610007BA000F0FDF9201D84B2D1E06D48008818
:10662000012805D100206B4908807DA000F0F0F919
:1066300072480088012807D1002070490880FBF7C4
:10664000E5FC7FA000F0E4F9201D84B2B8E0012051
:1066500083490880201D84B282A000F0D9F9AFE000
:1066600000207F490880201D84B285A000F0D0F969
:10667000A6E0A6E000200A900790089009900490F8
:10668000059006900AA8062104AA07ABCDE90032BE
:10669000CDE90210601D81B264233246284602F023
:1066A0004DFBBDF82800002836DDBDF82800401C51
:1066B00087B2381B01E033E081E01FFA80FB281924
:1066C0005946FAF7FEFB8246E81974490860084605
:1066D000006800887249088008460088504515D136
:1066E000FBF7FEF96FA000F093F93A480088012803
:1066F00003D128195946FAF70BFE404800880128B3
:1067000007D128195946FAF7EDFC02E06CA000F019
:106710007FF9781C84B202E070A000F079F94FE0B4
:1067200000200A9008900990069007900AA804217A
:1067300006AA08ABCDE90032CDE90210601D81B296
:1067400064233246284602F0F9FABDF828000028F2
:1067500031DDBDF82800401C87B2381B1FFA80FBD2
:1067600028195946FAF7ADFB8246E8194B490860EB
:106770000846006800884A49088008460088504555
:1067800013D1FBF7ADF947A000F042F93448008877
:1067900001280DD158480078401C57490870321B19
:1067A00091B2281902F040FF02E045A000F030F954
:1067B000781C84B202E049A000F02AF900E000BF92
:1067C00000BF601C84B2DBE600BF0BB0BDE8F08FF9
:1067D0000C000020040000207061676531342E74C5
:1067E000312E7478743D22C6F4D3C3747874CFC24A
:1067F000D4D822FFFFFF000018000020E600002090
:106800007061676531342E74312E7478743D22C600
:10681000F4D3C3435356CFC2D4D822FFFFFF0000A6
:106820007061676531342E74312E7478743D22CDD9
:10683000A3D6B9747874CFC2D4D822FFFFFF00006A
:106840007061676531342E74312E7478743D22CDB9
:10685000A3D6B9435356CFC2D4D822FFFFFF0000BE
:10686000E40000207061676531342E74312E747835
:10687000743D22C6F4B6AFB4F2D3A122FFFFFF00ED
:106880007061676531342E74312E7478743D22CD79
:10689000A3D6B9B4F2D3A122FFFFFF000800002065
:1068A000020000207061676531342E74312E7478D7
:1068B000743D22D0A3D1E9D5FDC8B722FFFFFF0068
:1068C0007061676531342E74312E7478743D22D036
:1068D000A3D1E9B4EDCEF322FFFFFF00706167653D
:1068E00031342E74312E7478743D22B8F1CABDB49F
:1068F000EDCEF322FFFFFF00E800002000BFFEE71F
:1069000000B587B04FF4A060FBF762F947208DF81F
:10691000000001208DF8010000208DF80200012008
:106920008DF803006846FBF717F93748FCF77EF847
:1069300001210420FBF786F901212020FBF7B2F9A1
:10694000082206213148FAF7D3FF082207212F48F1
:10695000FAF7CEFF4020059002208DF818008DF840
:10696000190000208DF81A0001208DF81B0005A9E0
:106970002648FAF775FF8020059002208DF8180050
:1069800005A92248FAF76CFF4FF4964001900020C9
:10699000ADF80800ADF80A00ADF80C00ADF8100035
:1069A0000C20ADF80E0001A91748FCF7E9F8012109
:1069B0001548FCF725F840211348FBF7F3FF0122A7
:1069C00040F224411048FCF7B5F8002240F225516E
:1069D0000D48FCF7AFF8002240F227710A48FCF797
:1069E000A9F8002240F226610748FCF7A3F801222B
:1069F00080210548FCF710F8012240210248FCF7ED
:106A00000BF807B000BD0000001401400008024070
:106A10000FB4054B10B503A9044A029800F03AF9E7
:106A200010BC5DF814FB0000F58E0008FC0000208F
:106A30000FB4084B10B504A902AA039800F02AF974
:106A4000044602A9002000F0C7FC204610BC5DF8F7
:106A500014FB0000D97300087CB5044600201D46D5
:106A6000164600290BD0491ECDE90041044B6A4669
:106A70002946304600F00EF9009A002111707CBDC5
:106A8000C3730008004870470001002000000000A8
:106A900030B583B0044600F017F89FED090B0546AA
:106AA0008DED000B002221466846F9F77AFC284656
:106AB00000F020F89DED000B03B030BD0000000099
:106AC000000000000000000001480068704700005E
:106AD0000001002002E008C8121F08C1002AFAD1F4
:106AE00070477047002001E001C1121F002AFBD14E
:106AF0007047000001490860704700000001002055
:106B00002DE9FF5F82B00021DDE90430020DDDF8E0
:106B100040B0034318D044F61050A2F2FF32424373
:106B20001514119801281FD0A5EB0B00401C5FEA3B
:106B3000000A4FF000064E4FDFF83891B04650463D
:106B400015D5CAF1000413E0119801244AA30128C5
:106B500001D16FEA0B010298119AC0E90031C0E936
:106B6000024206B0BDE8F09FCBF10000DFE704462B
:106B70000021404A491842EB0450CDE9001012E0D0
:106B8000E00707D032463B4640464946F9F752FDFA
:106B90008046894632463B4610461946F9F74AFD7B
:106BA00006460F466410002CEAD1DDE90401DDE958
:106BB0000023BAF1000F06DAF9F73CFD42464B46D6
:106BC000F9F738FD05E0F9F7A7FD42464B46F9F71E
:106BD000A3FD04460E460022284BF9F725FE03D8F4
:106BE0004FF0FF30014607E00022254B204631469A
:106BF000F9F779FCF9F7FFFD102409E0002C0ADB16
:106C00000A220023F9F780FB039B30321A55641ED9
:106C100050EA0102F2D1641C039AC4F11103144436
:106C2000119A012A03D0012208430DD10AE008433A
:106C300004D000204FF0110B119072E7A3EB0B056D
:106C40006D1E0DE05B4504DD4FF0000205F101050E
:106C500004E003DA4FF00002A5F10105002AECD0B0
:106C600002981199C0E90231C0E9004579E70000B6
:106C7000000014400000F03F300000000000F0432E
:106C80000000E03F30380A2801D201207047002080
:106C9000704700002DE9FF4F95B09B468946064698
:106CA00000250FE2252877D100242746F84A012144
:106CB000059400E0044316F8013F203B01FA03F07D
:106CC0001042F7D130782A2811D06FF02F03307896
:106CD000A0F13002092A16D8059A44F0020402EB0A
:106CE000820203EB42021044761C0590EFE759F84C
:106CF000042B0592002A03DA504244F40054059014
:106D000044F00204761C30782E2816D116F8010FB4
:106D100044F004042A280DD06FF02F023078A0F13F
:106D20003003092B09D807EB870302EB4303C7188D
:106D3000761CF3E759F8047B761C30786C280FD06A
:106D400006DC4C2817D068280DD06A2814D104E03E
:106D5000742810D07A280FD10DE044F400140AE012
:106D600044F4801401E044F440147278824202D169
:106D700004F58014761C761C307866280BD013DC62
:106D8000582877D009DC002875D04528F6D0462849
:106D9000F4D047281AD19DE118E0632835D0642843
:106DA00079D0652812D195E1702873D008DC672866
:106DB000F1D069286FD06E280DD06F2806D1B5E0CC
:106DC00073282CD0752875D0782874D05A46179916
:106DD00090476D1C75E1C4F30250022809D00328C6
:106DE0000DD0D9F8001004280DD00D6009F1040968
:106DF00067E1D9F80010EA17C1E90052F6E7D9F8BF
:106E000000100D80F2E70D70F0E719F8041B8DF803
:106E1000001000208DF80100EA46012003E059F837
:106E200004AB4FF0FF3061074FF0000102D40DE0DA
:106E300008F101018846B9420FDA8045F8DB1AF8FB
:106E400008100029F4D108E008F1010188468142C8
:106E5000FADB1AF808100029F6D105985B46A0EB7A
:106E6000080721463846179A00F094FA284400EBA8
:106E7000080507E04DE029E10DE01AF8010B5A463C
:106E800017999047B8F10108F7D25B46214638467A
:106E9000179A13E142E00A220092C4F302524FF023
:106EA000000A022A08D059F804CB032A4FEAEC71F1
:106EB0000AD00DE029E02AE009F1070121F00702DC
:106EC000F2E802C1914609E00FFA8CFC4FEAEC713E
:106ED000042A03D14FFA8CFC4FEAEC71002907DA3F
:106EE0000A460021DCF1000C61EB02012D2202E0D8
:106EF000220504D52B228DF80420012203E0E207AD
:106F000001D02022F7E7904659E00A2102E0102242
:106F10000DE010214FF0000A00910BE010224FF01D
:106F2000000A44F004040827009203E008224FF00E
:106F3000000A0092C4F30252022A05D059F804CB89
:106F40000021032A08D009E009F1070121F0070216
:106F5000F2E802C1914605E01FFA8CFC042A01D137
:106F60000CF0FF0C4FF00008220728D5702806D03F
:106F7000009B83F0100353EA0A0305D00EE0402281
:106F80008DF80420012208E05CEA010206D03022DC
:106F90008DF804208DF8050002229046009B83F0B6
:106FA000080353EA0A030AD15CEA010201D162072D
:106FB00005D530228DF804204FF001087F1E582897
:106FC00004D034A003900EA802900DE036A0F9E79B
:106FD00053466046009AF9F797F984460398825C15
:106FE0000298401E029002705CEA0100F0D1029803
:106FF00006A9081A00F1200A600702D524F480349B
:1070000000E00127574502DDA7EB0A0000E0002061
:1070100000EB0A01009005984144401A0590E003F6
:1070200006D45B462146179A059800F0B3F905444B
:10703000002706E001A85A46C05D179990476D1CCD
:107040007F1C4745F6DBE0030CD55B462146179ACB
:10705000059800F09FF9054404E030205A4617993E
:1070600090476D1C0099481E00900029F5DC08E04F
:10707000029802995A460078491C02911799904744
:107080006D1CBAF10001AAF1010AF1DC65E1000012
:1070900009280100303132333435363738396162EE
:1070A00063646566000000003031323334353637B2
:1070B00038394142434445460000000000F058F989
:1070C0000544761C307800287FF4ECAD19B02846D2
:1070D000BDE8F08F620700D4062709F1070222F00D
:1070E000070CFCE80223E14603F000485FEA080CC5
:1070F00002D00FF2702C0DE05FEA045C02D50FF2B3
:10710000682C07E05FEAC47C02D00FF2602C01E03B
:10711000AFF2700C4FF0FF3823F00043CDF850C0B1
:1071200065280CD006DC452809D046281DD0472804
:107130003DD13DE0662818D067287ED138E0002197
:10714000112F01DB112000E0781CCDE9000106A918
:107150000EA8FFF7D5FCDDE90F010E9A039100217F
:10716000009207F1010A04914DE04FF000400097B2
:10717000CDE9011006A90EA8FFF7C2FCDDE90F0258
:1071800003920E9B11990022DDF80CA0009304924B
:1071900011B9791C00EB010AB7EB0A0004D4C0F165
:1071A000FF3007F1010A0490AAEB0700019044E0C8
:1071B000012F00DA01270021112F01DD112000E04D
:1071C0003846CDE9000106A90EA8FFF799FCDDE9D4
:1071D0000F010E9A0391002104910092BA462107F3
:1071E0000CD40399514500DA8A46BAF1010F05DD46
:1071F000009AAAF10101515C302908D0B84202DAA4
:1072000010F1040F06DA0121CDE9011015E0AAF111
:107210000101E9E7002805DC049901440491AAEB87
:10722000000102E0411C514500DD8A460499401AE4
:10723000401C01904FF000400290200704D40198B8
:10724000504501DBCDF8048000208DF84F000298F6
:107250000DF14F07B0F1004F25D02B200E90029872
:107260004FF0020800280CDA404202902D200E90C8
:1072700007E00A210298F9F731F83031029007F857
:10728000011DB8F10001A8F10108F2DC0298002804
:10729000EFD1791E0E980870307800F0200040F091
:1072A000450007F8020D12A8C01B00F1070814984A
:1072B000007800B1012000EB0A01019801EBE071B8
:1072C00005984144401A401E0590E00306D45B46F1
:1072D0002146179A059800F05DF805441498007847
:1072E00018B15A46179990476D1CE00324D55B46A8
:1072F0002146179A059800F04DF805441CE00498C3
:10730000002807DBDDE90301884203DD0098405CCB
:10731000179901E0179930205A469047049805F1D3
:107320000105401C04900198401E019004D12E20BC
:107330005A46179990476D1CBAF10001AAF1010A4B
:10734000DDDC05E017F8010B5A46179990476D1CD4
:10735000B8F10001A8F10108F4DC5B462146179A58
:107360000598ABE62D0000002B0000002000000077
:107370002DE9F041044600251E461746880404D432
:1073800005E039462020B0476D1C641EF9D528461B
:10739000BDE8F0812DE9F041044600251E469046E7
:1073A000C80301D5302700E02027880404D505E074
:1073B00041463846B0476D1C641EF9D52846BDE8E5
:1073C000F0814A68002A06D00A68531C0B601070CE
:1073D0004868401E486070470A68531C0B60107074
:1073E0007047416851B14168491E416031B901217E
:1073F00041700178012901D1816841607047000026
:1074000070B504460D46607801232A4604F1340124
:1074100000F040FF08B1032070BD94F8321294F8D8
:10742000330241EA00204AF65521884201D0022069
:10743000F2E794F86D00010694F86C0041EA00410F
:1074400094F86B0041EA002094F86A10084320F099
:107450007F400E49884201D10020DDE794F8890081
:10746000010694F8880041EA004194F8870041EA57
:10747000002094F88610084320F07F40034988429A
:1074800001D10020C8E70120C6E7000046415400B2
:10749000024600E0521C107818B192F900008842B0
:1074A000F8D192F90000704730B502460B46002033
:1074B0000446014621E001EB41001D4D55F8200036
:1074C000C8B101EB410055F820001568A84213D15E
:1074D00001EB4100164D05EB800040689568A8421D
:1074E0000AD101EB4100124D05EB80000089D588DF
:1074F000A84201D103E0641C491C0329DBD300BF6F
:10750000032906D10CB9022B01D1002030BD122075
:10751000FCE743B901EB4100054D05EB80004089D4
:10752000B0F5807F01D11020F0E70020EEE70000E9
:10753000841100202DE9F74F88B008980068019069
:10754000019890F9000030380790079809280AD868
:10755000019840783A2806D10198801C019008993A
:107560000198086001E0002007900021099801605F
:107570000798032803D30B200BB0BDE8F08FD34945
:10758000079851F820400CB90C20F5E709980460E1
:10759000207878B1607800F0ADFE804608F00100F8
:1075A00040B90A9820B108F0040008B10A20E3E7C6
:1075B0000020E1E70020207007986070607800F0FC
:1075C00031FE804608F0010008B10320D4E70A9894
:1075D00020B108F0040008B10A20CDE74FF00009FF
:1075E00049462046FFF70CFF054600BF012D21D17B
:1075F0004FF0000BBBF1000F03D0ABF1010000F026
:10760000FF0B4FF4DF7000EB0B1104F134000F1887
:10761000387978B1F87A0106B87A41EA0041787A87
:1076200041EA0020397A40EA010949462046FFF73D
:10763000E7FE0546032D01D101209DE70DB10D2088
:107640009AE73F20015D94F8400041EA0020B0F540
:10765000007F01D00D208FE74A20015D94F84B0098
:1076600041EA002ABAF1000F0ED194F85B0001063E
:1076700094F85A0041EA004194F8590041EA002088
:1076800094F8581040EA010AC4F81CA04420065D92
:10769000E670012E03D0022E01D00D206CE70AFB0C
:1076A00006FA4120005D0646A07016B1701E3040FB
:1076B00008B10D2060E74520015D94F8460041EADD
:1076C00000202081207A00F00F0008B10D2053E740
:1076D0004720015D94F8480041EA00200690069892
:1076E00070B994F85700010694F8560041EA004139
:1076F00094F8550041EA002094F85410084306908D
:107700004220015D94F8430041EA00200290029873
:1077100008B90D2030E702985044218900EB111080
:107720000590DDE90501814201D20D2024E7DDE964
:107730000510401AA178B0FBF1F00490049808B944
:107740000D2019E7012540F6F6710498884200D310
:1077500002254FF6F6710498884200D30325049859
:10776000801CA061C4F8209002984844606205988B
:107770004844E062032D16D1208908B10D20FBE6B4
:1077800094F86300010694F8620041EA004194F81D
:10779000610041EA002094F860100843A062A069EB
:1077A0008000039014E0208908B90D20E4E6606AA7
:1077B0005044A062022D02D1A069400007E0207E63
:1077C00000F00100A16901EB410100EB51000390C1
:1077D000E169039800F2FF10B1EB502F01D20D20A8
:1077E000CAE64FF0FF3020610020E060032D5CD13D
:1077F000607194F8641094F8650041EA00204844F0
:1078000060616078012304F13401626900F042FD97
:10781000F0BB94F8321294F8330241EA00204AF6A1
:107820005521884241D13720005D01063620005D98
:1078300041EA00413520005D41EA002094F834100F
:1078400008432349884230D194F81B02010694F87A
:107850001A0241EA004194F8190241EA002094F822
:10786000181208431B4988421FD194F823020106CD
:1078700094F8220241EA004194F8210241EA0020F2
:1078800094F820120843E06094F81F02010600E01B
:107890000BE094F81E0241EA004194F81D0241EA0F
:1078A000002094F81C120843206125700A480088C3
:1078B000401C80B208490880E080002020632071CD
:1078C000204600F00BF8002056E60000781100205A
:1078D00052526141727241613E00002010B5014672
:1078E00000200DE000EB4002074B53F822208A42B3
:1078F00005D1002200EB4003034C44F82320401C38
:107900000328EFD310BD0000841100200246891E19
:107910009069801E884201D8002070479378D06A11
:1079200001FB0300F9E700002DE9F04705460C468E
:10793000207820F04000401E00EB800101EBC006E3
:1079400000274FF0010800BF1A48C05D205C1949AC
:10795000C95D2144497840EA0129B8F1000F10D0EF
:10796000484601F0CFF98046FF2E07D23146761CFB
:1079700035F8110001F0C6F9404508D00020BDE8F7
:10798000F0874FF6FF70814501D00020F7E7781CA3
:1079900007460D28D8D3207800F0400038B1B8F160
:1079A000000F04D035F8160008B10020E7E70120E9
:1079B000E5E70000B09900082DE9F0470446894644
:1079C000B9F1000F06D1E76817B1A069B84211D824
:1079D00001270FE04946204601F0F6FA0646022E3E
:1079E00002D20120BDE8F087A069B04201D930463B
:1079F000F8E74F463D4600BF6D1CA069A84204D879
:107A00000225BD4201D90020ECE72946204601F0BD
:107A1000DBFA064606B909E0701C08B1012E01D157
:107A20003046DFE7BD42E7D10020DBE700BF6FF063
:107A300070422946204601F027FD8046B8F1000F2C
:107A400008D1B9F1000F05D02A464946204601F079
:107A50001BFD8046B8F1000F09D1E5602069401C8C
:107A600068B12069401E20610120607107E0B8F113
:107A7000010F02D14FF0FF3000E0012005462846FB
:107A8000B0E700002DE9F34F83B081460498006809
:107A9000019002E00198401C0190019800782F2885
:107AA000F8D0019800785C28F4D0D9F81CA0002503
:107AB0002F4600BF38467F1C0199085684B2202CFF
:107AC00003DB2F2C01D05C2C00D132E0FF2D03D33F
:107AD000062005B0BDE8F08FE4B2812C13DBE0B2E4
:107AE000FE2810DC38467F1C01990E5C402E01DB1D
:107AF0007E2E05DD802E01DBFE2E01DD0620E8E76F
:107B000006EB042084B20121204601F0BDF80446B2
:107B10000CB90620DDE7802C06DA214671A0FFF7BC
:107B2000B7FC08B10620D4E728466D1C2AF810409F
:107B3000C0E700BF0198C11904980160202C01DA48
:107B4000042000E00020804608E0681E3AF810405B
:107B5000202C02D02E2C00D002E06D1E002DF4D17E
:107B600000BF0DB90620B4E700202AF815000B224B
:107B70002021D9F8180001F005FC002700E07F1C47
:107B80003AF817002028FAD03AF817002E28F6D035
:107B90000FB148F0030800E06D1E25B1681E3AF8E9
:107BA00010002E28F8D10020064602904FF0080B56
:107BB00000BF38467F1C3AF8104004B963E0202C1F
:107BC00003D02E2C04D1AF4202D048F00308F0E7D6
:107BD0000298584501D2AF4214D1BBF10B0F02D12C
:107BE00048F003084FE0AF4201D048F00308AF422D
:107BF00000D948E02F46082002904FF00B0BB0064A
:107C0000060ED6E7802C09DB204601F07BF8002128
:107C1000009001F039F8044648F00208FF2C11DD0D
:107C2000ABF101000299884204D848F00308CDF86E
:107C300008B0BEE72212D9F818300298411C029110
:107C40001A5419E024B1214629A0FFF721FC18B1EC
:107C50005F2448F003080FE0412C04DB5A2C02DCBF
:107C600046F0020608E0612C06DB7A2C04DC46F0C4
:107C70000106A4F1200084B2D9F818300298411C02
:107C800002911C5495E700BFD9F818000078E52848
:107C900003D10520D9F818100870BBF1080F01D1E5
:107CA000B006060E06F00C000C2803D006F0030008
:107CB000032801D148F0020808F0020058B906F084
:107CC0000300012801D148F0100806F00C00042838
:107CD00001D148F00808D9F8180080F80B8000207E
:107CE000F7E60000222A3A3C3E3F7C7F000000007D
:107CF0002B2C3B3D5B5D000030B50246531E1A46FF
:107D0000032B1BD202EB42030D4C04EB8303598976
:107D1000B1F5807F00D1002109B14B1E99B202EB71
:107D20004203074C04EB8303598129B9002302EB7A
:107D30004204034D45F82430002000E0022030BD0D
:107D4000841100202DE9F04104460E460021204612
:107D500000F019FA0546EDB9002700BF2169206837
:107D600001F01AFB054605B113E060690078E528CB
:107D700002D06069007820B9781C0746B04201D172
:107D800007E000270121204600F076F80546002D87
:107D9000E4D000BF2846BDE8F0812DE9F047044655
:107DA0000021204600F0EFF9074617B13846BDE83C
:107DB000F0874FF0FF09CA4600BF2169206801F033
:107DC000EBFA074607B154E065692E780EB904272F
:107DD0004FE0E87A00F03F08E52E05D008F00800F3
:107DE00028B1B8F10F0F02D04FF0FF093AE0B8F117
:107DF0000F0F1CD1E069A0B306F0400030B195F838
:107E00000DA026F04006B146E08820844E450AD1F8
:107E1000687B504507D12946E069FFF785FD10B121
:107E2000A9F1010000E0FF2000F0FF091AE0B9F11C
:107E3000000F05D1284601F003FD504500D118E0A0
:107E40004FF0FF094FF6FF702084A069C07A00F060
:107E5000010030B90B222846A16901F073FA00B97C
:107E600007E0FFE70021204600F006F80746002F54
:107E7000A3D000BF38469AE72DE9F0410446884672
:107E800000BFE088401C86B20EB1206910B9042002
:107E9000BDE8F08106F00F0000286DD12069401C7C
:107EA0002061E06828B920680089B04264DC0420C1
:107EB000EEE720688078401E00EA161000285BD1AB
:107EC000E168206801F080F80546012D01D8022004
:107ED000DEE7681C08B90120DAE720688069A8425B
:107EE00044D8B8F1000F01D10420D1E7E16820683F
:107EF000FFF762FD05460DB90720C9E7012D01D145
:107F00000220C5E7681C08B90120C1E7206801F01C
:107F10000BFD08B10120BBE7216801F134004FF4EB
:107F20000072002101F02EFA29462068FFF7EEFCCE
:107F30002168086300270FE001202168087120688C
:107F400001F0F2FC08B10120A2E72068006B401CA0
:107F500021680863781CC7B220688078B842EBDCDF
:107F60002068006BC01B2168086300BFE5602946DC
:107F70002068FFF7CBFC2061E6802068343006F0F3
:107F80000F0100EB41106061002081E72DE9F05FF7
:107F900004468A464FF0FF09CB4604274EE021698C
:107FA000206801F0F9F9074607B14AE066693578BB
:107FB0000DB9042745E0F07A00F03F08E52D09D01F
:107FC0002E2D07D0B8F1080F01D1012000E00020CC
:107FD000504502D04FF0FF0929E0B8F10F0F1AD138
:107FE00005F0400030B196F80DB025F04005A946E7
:107FF000E08820844D450AD1707B584507D1314631
:10800000E06901F007FA10B1A9F1010000E0FF20DA
:1080100000F0FF090BE0B9F1000F04D1304601F088
:108020000FFC584502D04FF6FF70208409E0002174
:108030002046FFF721FF074607B102E0206900282C
:10804000ADD100BF0FB1002020613846BDE8F09FE0
:108050002DE9FE4F0446D4F81880D4F81C900C2269
:108060004146684601F081F900BF9DF80B0000F021
:10807000010028B3002088F80B00E06101260DE024
:1080800033464A466946404600F03FFF2046FFF728
:1080900084FE054605B103E0701C86B2642EEFDB5A
:1080A00000BF642E02D10720BDE8FE8F042D01D051
:1080B0002846F9E79DF80B0088F80B00C4F81C90DF
:1080C0009DF80B0000F0020070B1002601E0701C6A
:1080D00086B239F816000028F9D106F119000D21F1
:1080E00090FBF1F087B200E0012739462046FFF708
:1080F00029FE05465DBB781E80B2071E27D0E088AA
:10810000C01B81B2204600F03EF80546FDB9A069CB
:1081100001F096FB824600BF2169206801F03CF91E
:10812000054605B112E0FAB253466169E06900F014
:1081300057FE01202168087100212046FFF79CFEB0
:1081400005461DB9781E80B2071EE5D100BFC5B92E
:108150002169206801F020F9054695B92022002107
:10816000606901F00FF90B22D4E9050101F0FDF877
:10817000A069C07A00F018006169087301202168C5
:108180000871284690E72DE9F04104460E46E68046
:10819000A568012D03D020688069A84202D802207A
:1081A000BDE8F0812DB920680078032801D120684E
:1081B000856A65B9E56020680089B04201DC02206B
:1081C000EEE72068806A00EB1610206120E020684E
:1081D0008078070112E02946206800F0F5FE054688
:1081E000681C08B90120DBE7022D03D320688069F1
:1081F000A84201D80220D3E7F01B86B2BE42EADAD9
:10820000E56029462068FFF781FB00EB161020612E
:108210002068343006F00F0100EB4110606100204F
:10822000BEE7000070B50446012534B90548F9F7EA
:10823000D0FB08B125F0010500E000BF00BF2846D3
:1082400070BD0000041A002010B50346F3B90124E4
:1082500031B1012906D0022909D0032911D10BE03F
:10826000002410E00A480068106000240BE04FF47E
:1082700000701080002406E04FF4007010600024AD
:1082800001E0042400BF00BF204610BD0420FCE72D
:10829000F41300202DE9F0470546884691461E4616
:1082A000EDB900271148F9F794FB98B100BF7302AC
:1082B0004A4641460D48FBF7A1FD07460C490B48CD
:1082C000FBF7DCFA0948F9F784FB00B901E0032F5A
:1082D000EDD000BF0FB9002400E0012401E0042428
:1082E00000BF00BF2046BDE8F0870000041A002050
:1082F000B01F00200146012009B9002000E000BFA6
:1083000000BF70472DE9F0470546884691461E4656
:10831000EDB900271148F9F75CFB98B100BF730273
:108320004A4641460D48FBF71FFF07460C490B48DC
:10833000FBF7A4FA0948F9F74CFB00B901E0032F59
:10834000EDD000BF0FB9002400E0012401E00424B7
:1083500000BF00BF2046BDE8F0870000041A0020DF
:10836000B01F0020002100E0491C032906D201EBC8
:108370004100054A52F820000028F5D1032901D018
:10838000012070470020FCE784110020F7B5ADF50F
:108390000C7D0F461446012283A98CA8FFF7CAF86A
:1083A0000646EEB980A88990CDF828D283A88C998A
:1083B00000F056FD064600BF96B9889D0DB9062609
:1083C0000EE004F0270407EA0400E97AA143084319
:1083D000E872012083990871839801F041FA0646FA
:1083E00030460DF50F7DF0BD70B50446204600F017
:1083F000EDFA05461DB9606AFFF77EFC05460DB92A
:1084000000202060284670BD2DE9F04704460E4646
:10841000204601F0B2FA8246BAF1000F02D050466F
:10842000BDE8F087A07900F0800008B10220F7E7EE
:10843000E068B04204D2A07900F0020000B9E6681A
:10844000D4F808904FF00008C4F80880002E77D0C8
:10845000206880784702B9F1000F11D0701EB0FB80
:10846000F7F1A9F10100B0FBF7F0814208D3A9F1BF
:108470000100791E8843A060A068361A656918E07B
:108480002569ADB900212068FFF796FA0546012D50
:1084900005D1A07940F08000A0710220C0E7681CDF
:1084A00028B9A07940F08000A0710120B8E72561CB
:1084B0006561002D44D029E0A07900F0020038B1B8
:1084C00029462068FFF778FA054635B93E461FE091
:1084D0002946206800F078FD0546681C28B9A07977
:1084E00040F08000A07101209AE7012D03D9206897
:1084F0008069A84205D8A07940F08000A0710220D0
:108500008EE76561A0683844A060F61BBE42D3D8F0
:1085100000BFA0683044A060C6F3080068B12946D7
:108520002068FFF7F3F98046B8F1000F06D1A07973
:1085300040F08000A071022072E701E008EB5628AD
:108540002089C0F3080050B3A069404527D0A07926
:1085500000F0400090B121684878012304F128011F
:10856000A269FFF7CFFE28B1A07940F08000A0718A
:10857000012055E7A07920F04000A07121684878DB
:108580000123424604F12801FFF784FE28B1A079B7
:1085900040F08000A071012042E7C4F81880D4E9BF
:1085A0000201884205D9A068E060A07940F020006F
:1085B000A071504634E72DE9F147ADF50D7D00F08F
:1085C00075FD0646012284A98DA8FEF7B3FF054676
:1085D000002D6FD181A88A9001A88B9084A88D99D5
:1085E00000F03EFC054605B9082500BF042DF0D17A
:1085F00000218498FFF7E0F90746002507B9072511
:10860000012F00D10225781C00B901251DB98498DD
:1086100001F08AF90546002D5BD139468498FFF7B1
:1086200075F98146849800F134044FF400720021FA
:10863000204600F0A7FE0B222021204600F0A2FEDB
:108640002E2020701020E072A675310AE175310CE1
:108650002176310E61763946204601F0E9F8202274
:10866000214604F1200000F080FE2E2084F8210035
:10867000DDF818A284980078032804D18498806AD1
:10868000504500D1AA46514604F1200001F0D0F82F
:10869000849890F8028018E08498C0F8309009F12E
:1086A0000109012084990871849801F03DF905467B
:1086B0000DB10DE02DE04FF400720021204600F0D6
:1086C00061FEA8F1010000F0FF08B8F1000FE3D14E
:1086D00000BF1DB984A8FFF7BBFC054625B139468C
:1086E000849800F06CFF14E0899C1020E072A6755D
:1086F000310AE175310C2176310E6176394620461A
:1087000001F096F8012084990871849801F0A8F886
:10871000054628460DF50E7DBDE8F08770B5044688
:108720000D46032C01DB0B2070BD084850F8246077
:1087300026B13046FFF7D2F8002030700DB100208E
:108740002870024840F824500020EDE778110020FE
:108750002DE9F743ADF50C7D0546164625B90920F0
:108760000DF50F7DBDE8F0830020286006F01F06A0
:1087700026F0010283A98DA8FEF7DCFE0746002F34
:1087800072D180A88990CDF828D283A88D9900F065
:1087900067FB0746889C6FB90CB906270AE026F0EC
:1087A000010008B1012000E00020014683A8FEF787
:1087B0007BFE074606F01C00002856D077B1042F38
:1087C00008D1FFF7CFFD18B183A8FFF741FC00E007
:1087D0001220074646F00806889C09E0E07A00F07F
:1087E000110008B1072703E006F0040000B10827D4
:1087F000002F38D106F00800A8B300F057FC8046DF
:1088000084F80E804FEA1821E1734FEA1841217471
:108810004FEA186161740020E072207700216177CF
:10882000A177E1772146839800F058FD8146002129
:10883000204600F0FDFF012083990871B9F1000F77
:1088400011D08398D0F830804946839800F0B7FE65
:10885000074647B9A9F101008399C860414683984A
:1088600000F09AFD07460FE040E06FB9E07A00F0B3
:10887000100008B1042707E006F0020020B1E07AFA
:1088800000F0010000B10727B7B906F0080008B1F1
:1088900046F020068398006BE8612C6226F0010008
:1088A00008B1012000E00020014683A800F0A8FCE8
:1088B0006862686A00B90227C7B9AE712146839819
:1088C00000F00CFD2861E07F0106A07F41EA004135
:1088D000607F41EA0020217F0843E8600020A86013
:1088E000A861839828608398C088A880384637E7B5
:1088F00073B5ADF5047D04461CB909200DF5067D60
:1089000070BD0022214685A8FEF714FE05462668A4
:1089100035BB81A8A06101A8E0612046859900F0DF
:108920009FFA0546ADB9606958B16069C07A00F038
:10893000100028B13046616900F0D0FCA06000E072
:10894000052535B9F088A08000212046FFF71BFCE3
:108950000546042D00D1052525B10020206001E049
:10896000002020602846C9E770B5ADF5047D0446B7
:108970000E46204601F001F805461DBB2EB9002128
:108980002046FFF700FC05461CE081A8A06101A875
:10899000E06100212046FFF7F9FA0546042D02D1D7
:1089A0000020206100256DB93146204600F082FB91
:1089B00000212046FFF760FA0546042D02D1002071
:1089C0002061002528460DF5047D70BD2DE9F0419C
:1089D0000446204600F0D1FF0746002F4CD1A07975
:1089E00000F02000002847D0A07900F0400078B1C6
:1089F00021684878012304F12801A269FFF782FC6D
:108A000010B10120BDE8F081A07920F04000A071F4
:108A1000E169206800F0C0FC0746002F2CD1256AD0
:108A2000E87A40F02000E872207B2877A089010ACC
:108A30006977E068010CA977E068010EE9772846BC
:108A4000216900F0F5FE00F031FB0646AE75310AF3
:108A5000E975310C2976310E69760020A874002161
:108A6000E974A07920F02000A0710120216808712C
:108A7000206800F0F5FE07463846C3E72DE9FF4FB2
:108A800083B0044615469B46049801900020CBF81D
:108A90000000204600F071FF0290029818B1029881
:108AA00007B0BDE8F08FA07900F0800008B1022087
:108AB000F6E7A07900F0020008B90720F0E7E068C7
:108AC0002844E168884200D20025CDE02089C0F327
:108AD0000800002877D120688078401EA16800EA4D
:108AE000512000F0FF0ABAF1000F2AD1A06858B94E
:108AF000D4F81080B8F1000F0BD100212068FEF7E8
:108B00005BFF8046206104E061692068FEF754FF46
:108B10008046B8F1000F00D1A9E0B8F1010F05D1EE
:108B2000A07940F08000A0710220B9E708F10100AF
:108B300028B9A07940F08000A0710120B0E7C4F806
:108B40001480A07900F0400090B12168487801239A
:108B500004F12801A269FFF7D5FB28B1A07940F004
:108B60008000A07101209BE7A07920F04000A07157
:108B700061692068FEF7CAFE06462EB9A07940F06A
:108B80008000A07102208BE756444FEA5529B9F1C5
:108B9000000F2FD00AEB090021688978884203D999
:108BA00020688078A0EB0A0909F0FF032168487863
:108BB00032460199FFF7A6FB30B1A07940F0800062
:108BC000A07101206CE72CE0A069801B48450ED203
:108BD000A069801B019A02EB40214FF4007204F15E
:108BE000280000F0C2FBA07920F04000A0714FEAFD
:108BF00049272DE0A069B04212D0D4E90201884291
:108C00000ED2216848780123324604F12801FFF78B
:108C100041FB28B1A07940F08000A07101203FE71E
:108C2000A6612089C0F30800C0F50077AF4200D9E3
:108C30002F462189C1F3080204F1280150183A4651
:108C4000019900F092FBA07940F04000A07100BFB4
:108C5000019838440190A0683844A060DBF8000017
:108C60003844CBF80000ED1B002D7FF42FAF00BF80
:108C7000D4E90201884201D9A068E060A07940F0FF
:108C80002000A07100200BE72DE9F04102460F46BD
:108C9000802A01DA10462FE01FB1184B45F220560A
:108CA00002E0174B45F220560025102416E0A6EBF3
:108CB000050C0CEBDC7805EB68014FEA410C33F84E
:108CC0001CC0944500D10BE04FEA410C33F81CC0A6
:108CD000944501DA0D4600E00E46641E002CE6D1F4
:108CE00000BF34B14FF0010C0CEB410C33F81CC049
:108CF00001E04FF0000C6046BDE8F08142EE010853
:108D0000BE9900080246002100E0491C094830F8DD
:108D1000110020B1074830F811009042F5D1054804
:108D200030F8110018B1044830F8110070471046AF
:108D3000FCE70000C6420308A64403082DE9F047FB
:108D400004460E46DDE9098C089F0B9D002006EBCA
:108D5000030A1FFA8AF9A2F1020ACA4501DA1FFAC8
:108D60008AF93E801DB14FF0000AA5F800A03146F7
:108D700030E014F801A0BAF1880F0ED101F1010A18
:108D800014F80AA0BAF1670F07D101F1020A14F82A
:108D90000AA0BAF1960F00D11EE014F801A0BAF1B2
:108DA0005E0F13D105B1298060450FDA37F810A0A6
:108DB000A1EB0A0A28F810A000F1010A0AF0FF004E
:108DC000604503DA01F1010A27F810A001F1010A58
:108DD0001FFA8AF14945CCDB00BFBDE8F0870000EF
:108DE000F0B504461D464D730F27CF7200270F7351
:108DF0008F76BC4681F81BC0571E07EB870C0CEB27
:108E0000C706002738463B4600BF4FF6FF77B842FB
:108E100003D03746761C34F81700DFF840C01CF842
:108E200003C001F80C000712DFF830C01CF803C0C3
:108E30008C448CF8017008B94FF6FF705F1C3B46FC
:108E40000D2FE2D34FF6FF77B84202D034F81670F8
:108E50000FB942F040020A70F0BD0000B09900085E
:108E60002DE9F3410446019800782F2803D001989A
:108E700000785C2802D10198401C01900020A0607D
:108E8000019890F90000202807D200212046FFF722
:108E90007AF905460020606129E000BF01A920465B
:108EA000FEF7F0FD054605B120E02046FEF775FF10
:108EB0000546A069C67A45B1042D00D016E000BF72
:108EC00006F0040000B9052510E006F0040000B12A
:108ED0000CE06769F87A00F0100008B9052505E094
:108EE0003946206800F0FAF9A060D7E700BF2846AD
:108EF000BDE8FC8138B504460D46E0B20090012182
:108F00006846F8F73FFC204638BD2DE9FC47074688
:108F10008A4690461C460B225146384600F025FAF8
:108F2000052C0BDD00BF601000EBC43138F8022BBC
:108F3000881884B2B8F800000028F4D1072600BFD2
:108F40002046E11704EB11710911A4EB0111303136
:108F500001F0FF09B9F1390F03DD09F1070000F055
:108F6000FF093046761E0DF800902046E11704EB0D
:108F70001171C1F30F14002CE2D17E200DF8060010
:108F800000250BE0785D812807DB785DFE2804DC96
:108F9000701EA84200D106E06D1C6D1CB54202D2C5
:108FA000785D2028EED100BF00BF082E04D23046E5
:108FB000761C1DF8000000E0202029466D1C785426
:108FC000082DF2D3BDE8FC872DE9F04105460C469B
:108FD000022C02D3A869A04202D80120BDE8F0818A
:108FE0002878012804D002282CD003285AD13DE04B
:108FF000274607EB5707686A00EB5721284600F021
:10900000CBF900B14EE0C7F3080105F1340010F8C8
:1090100001807F1C686A00EB5721284600F0BCF9EC
:1090200000B13FE0C7F3080105F13400405C48EAB5
:10903000002804F0010010B14FEA1810CEE7C8F381
:109040000B00CBE7686A00EB1421284600F0A4F976
:1090500000B127E040F2FF1000EA440105F13400BE
:109060000E183078717840EA0120B7E7686A00EBA3
:10907000D411284600F090F900B113E040F2FF103F
:1090800000EA840105F134000E18F0780006B1788A
:1090900040EA0140717840EA01203178084320F02D
:1090A00070409BE700BF4FF0FF3097E700487047E4
:1090B000000021422DE9FC5F81460F4607F10908B7
:1090C000D9F81000002854D0D9F81440207B019022
:1090D000002516E0605D46B2202E00D113E0052E7B
:1090E00001D16FF01A06019800F0080030B1412E4E
:1090F00004DB5A2E02DC06F1200046B208F8016BB0
:109100006D1C082DE6D300BF207A20281AD02E200F
:1091100008F8010B082512E0605D46B2202E00D150
:109120000FE0019800F0100030B1412E04DB5A2E00
:1091300002DC06F1200046B208F8016B6D1C0B2D15
:10914000EAD300BFE07A3872E07F0106A07F41EAEF
:109150000041607F41EA0020217F08433860217E82
:10916000607E41EA0020B880A17DE07D41EA0020D8
:10917000F880002088F80000B869E8B3F869D8B32F
:10918000D7F818B00025D9F8100088B3B9F8200036
:109190004FF6FF7188422BD0D9F81C0000901FE0D9
:1091A00000215046FFF770FD8246BAF1000F01D151
:1091B00000251CE0BAF1FF0F06DD4FEA2A2042B27B
:1091C00028466D1C0BF80020F869401EA84201D803
:1091D00000250CE04FFA8AF228466D1C0BF800209F
:1091E000009830F8021BB1F1000A0090D8D100BFFE
:1091F00000200BF8050000E000E000BFBDE8FC9F88
:1092000030B502460B4600211BE001EB4100324C19
:1092100054F820001468A04212D101EB41002E4CFA
:1092200004EB800040689468A04209D101EB410042
:10923000294C04EB80000089D488A04200D102E0D0
:10924000491C0329E1D300BF032927D1002100E0F5
:10925000491C032906D201EB41001F4C54F82000A1
:109260000028F5D1032901D1002030BD01EB4104D4
:10927000194D106845F8240001EB410405EB840406
:1092800090686060D08801EB410405EB8404208184
:10929000002001EB410405EB8404608143B101EB44
:1092A00041000D4C04EB8000408908B10020DCE750
:1092B00013B14FF4807006E001EB4100064C04EB63
:1092C00080004089401C01EB4104034D05EB840400
:1092D0006081481CC9E700008411002010B50246D7
:1092E0008C7ECB7E44EA03201378032B05D10C7DC2
:1092F0004B7D44EA032340EA034010BD10B5F8F764
:1093000003FCF9F7D1F8F9F7BBFAF9F77BFAFDF7A7
:10931000F7FAF9F7B9F9F8F72DFA0748008881B29A
:109320000648F8F72FFA002005490870024908801E
:10933000F8F766FA002010BDEA0000203420002073
:10934000E9000020F0B503461C460D46002000BF92
:10935000161EA2F1010207D014F8017B15F801CB0B
:10936000A7EB0C06301EF3D0F0BD70B503460C46DB
:1093700003E014F8015B03F8015B151EA2F1010282
:10938000F7D170BD30B5034601E003F8011B141E90
:10939000A2F10102F9D130BD70B504460D46206B33
:1093A000A84210D0204600F0BFFA08B1012070BDDD
:1093B000607801232A4604F13401FEF76BFF08B1FF
:1093C0000120F4E725630020F1E7014648783038B2
:1093D0000A78303A02EB820200EB4200C0B27047DA
:1093E0000146087830384FF47A7210FB02F2487860
:1093F000303800EBC00303EB001002EB80028878EA
:10940000303800EB800002EB4002C878303810445E
:1094100080B27047F0B50346087800F03F00401E68
:1094200000EB800707EBC0020025012600BF1548AE
:10943000405D085C134F7F5D0F447F7840EA07244E
:109440004EB1FF2A01D30020F0BD26461046521C23
:1094500023F8104005E04FF6FF70844201D0002051
:10946000F2E7681C05460D28E1D3087800F04000BB
:1094700030B1FF2A01D30020E6E7002023F81200D4
:109480000120E1E7B09900082DE9F04705460E46B6
:109490001746022E02D3A869B04202D84FF0020844
:1094A0008AE02878012804D0022841D003287DD101
:1094B00054E0B14609EB5909686A00EB5921284686
:1094C000FFF76AFF8046B8F1000F00D071E0C9F3E2
:1094D000080105F134000C1806F0010020B1F9B2C2
:1094E000207861F31F1000E03846207009F101096F
:1094F00001202871686A00EB59212846FFF74CFFCC
:109500008046B8F1000F00D053E0C9F3080105F11F
:1095100034000C1806F0010010B1C7F3071005E085
:10952000207800F0F000C7F303210843207040E0EA
:10953000686A00EB16212846FFF72EFF8046B8F137
:10954000000F00D035E040F2FF1000EA460105F1BF
:1095500034000C182770380A60702AE0686A00EB43
:10956000D6112846FFF718FF8046B8F1000F00D04B
:109570001FE040F2FF1000EA860105F134000C18EC
:10958000E0780006A17840EA0140617840EA0120D5
:109590002178084300F0704007432770380A607054
:1095A000380CA070380EE07003E0FFE74FF00208BF
:1095B00000BF00BF012028714046BDE8F0872DE9BB
:1095C000F04104460E46022E02D3A069B04201D8F3
:1095D000022725E000271FE031462046FFF7F4FC74
:1095E000054605B91BE0012D01D1022717E0681CD3
:1095F00008B9012713E0002231462046FFF744FF57
:10960000074607B10BE02069401C20B12069401CCF
:109610002061012060712E46A069B042DCD800BFF5
:109620003846BDE8F081000070B52DED048B94B094
:1096300004460D46002012901390109011900026C1
:10964000042110AA12ABCDE90032CDE90210642347
:109650002A4605212046FFF771FB0646032E73DBE1
:10966000BDF848100819FFF7BBFE55490880BDF842
:109670004810091D0819FFF7A8FE51498870BDF868
:109680004810891D0819FFF7A0FE4D49C870BDF8A4
:10969000481008310819FFF798FE49490871BDF8CC
:1096A00048100A310819FFF790FE45494871BDF886
:1096B00048100C310819FFF788FE414988710020D5
:1096C0000C900D900E900F90BDF84200002818DD10
:1096D000BDF84200102814DABDF84220BDF84A0057
:1096E00001190CA8F6F76CFD0CA8FDF7D1F9B0EE46
:1096F000408AF0EE608A51EC180BF6F7D3FD304942
:1097000088600020089009900A900B90BDF84400F2
:10971000002818DDBDF84400102814DABDF84420F4
:10972000BDF84C00011908A8F6F74AFD08A8FDF796
:10973000AFF9B0EE408AF0EE608A51EC180BF6F704
:10974000B1FD1F49C86000E036E01EA0F8F73EFBFF
:109750001B4890ED030A10EE101A0846F6F78FFD2D
:1097600041EC180B164890ED020A10EE101A08464C
:10977000F6F785FD41EC190B8DED068B8DED049B05
:109780000F4880790E4949790D4A1279CDE90021B7
:1097900002900B48C378827801881448F8F716FBCA
:1097A00013480078012803D112A0FDF731F902E037
:1097B00018A0FDF72DF900BF14B0BDEC048B70BDEF
:1097C000342200200D0A2D2D2D2D2D2D2D2D2D2D4A
:1097D0002D2D2D2D2D2D2D2D2D2D2D2D2D2D2D2DB9
:1097E0002D2D2D2D2D2D0D0A00000000B44803084D
:1097F000E80000207061676531342E74322E747871
:10980000743D22CAD7B4CEB4F2D3A1B3C9B9A6224B
:10981000FFFFFF007061676531342E74322E74785B
:10982000743D22B4F2D3A1B3C9B9A622FFFFFF0051
:1098300081760B0AC3760A0C02750B0E43757047CE
:1098400030B5014600200B2200BF431003EBC014CB
:1098500011F8015B6319D8B2531E1A1EF5D130BD41
:1098600070B50446204600F05FF80546002D59D13A
:10987000207803284FD1607900284CD00020206345
:109880004FF40072002104F13400FFF77BFD5521F5
:1098900084F83212AA2184F83312522084F834005A
:1098A00052213520015561213620015541213720B3
:1098B0000155722184F8181284F81912412184F894
:1098C0001A12612184F81B12217C84F81C12208A50
:1098D000010A84F81D122069010C84F81E12206907
:1098E000010E84F81F12217B84F82012A089010A3E
:1098F00084F82112E068010C84F82212E068010E5D
:1099000084F823126078012304F134016269FEF7C0
:10991000F9FC00206071607800221146FEF794FC8B
:1099200000B10125284670BD70B50446207910B3FA
:10993000256B607801232A4604F13401FEF7E2FC2E
:1099400008B1012070BD00202071606AA84212D8C1
:10995000E169606A0844A8420DD9E67809E0E06947
:109960000544607801232A4604F13401FEF7CAFC5D
:10997000761E022EF3D20020E4E770B505462C4691
:109980004CB1206838B12068007820B12068C088C8
:10999000A188884201D0092070BD21684878FEF76F
:1099A000A9FC00F0010008B10320F5E70020F3E76F
:1099B00001030507090E10121416181C1E00A4003E
:1099C000E8A1A700ECA1A800A7A1B000E3A1B10005
:1099D000C0A1B700A4A1D700C1A1E000A4A8E100E4
:1099E000A2A8E800A8A8E900A6A8EA00BAA8EC0086
:1099F000ACA8ED00AAA8F200B0A8F300AEA8F7004A
:109A0000C2A1F900B4A8FA00B2A8FC00B9A80101EB
:109A1000A1A81301A5A81B01A7A82B01A9A844016F
:109A2000BDA84801BEA84D01ADA86B01B1A8CE01EB
:109A3000A3A8D001ABA8D201AFA8D401B3A8D60186
:109A4000B5A8D801B6A8DA01B7A8DC01B8A85102B8
:109A5000BBA86102C0A8C702A6A1C902A5A1CA02EB
:109A600040A8CB0241A8D90242A89103A1A6920323
:109A7000A2A69303A3A69403A4A69503A5A6960362
:109A8000A6A69703A7A69803A8A69903A9A69A0332
:109A9000AAA69B03ABA69C03ACA69D03ADA69E0302
:109AA000AEA69F03AFA6A003B0A6A103B1A6A303D1
:109AB000B2A6A403B3A6A503B4A6A603B5A6A7039E
:109AC000B6A6A803B7A6A903B8A6B103C1A6B20358
:109AD000C2A6B303C3A6B403C4A6B503C5A6B60302
:109AE000C6A6B703C7A6B803C8A6B903C9A6BA03D2
:109AF000CAA6BB03CBA6BC03CCA6BD03CDA6BE03A2
:109B0000CEA6BF03CFA6C003D0A6C103D1A6C30370
:109B1000D2A6C403D3A6C503D4A6C603D5A6C7033D
:109B2000D6A6C803D7A6C903D8A60104A7A71004C0
:109B3000A1A71104A2A71204A3A71304A4A71404A5
:109B4000A5A71504A6A71604A8A71704A9A7180473
:109B5000AAA71904ABA71A04ACA71B04ADA71C0441
:109B6000AEA71D04AFA71E04B0A71F04B1A7200411
:109B7000B2A72104B3A72204B4A72304B5A72404E1
:109B8000B6A72504B7A72604B8A72704B9A72804B1
:109B9000BAA72904BBA72A04BCA72B04BDA72C0481
:109BA000BEA72D04BFA72E04C0A72F04C1A7300451
:109BB000D1A73104D2A73204D3A73304D4A73404E5
:109BC000D5A73504D6A73604D8A73704D9A73804B3
:109BD000DAA73904DBA73A04DCA73B04DDA73C0481
:109BE000DEA73D04DFA73E04E0A73F04E1A7400451
:109BF000E2A74104E3A74204E4A74304E5A7440421
:109C0000E6A74504E7A74604E8A74704E9A74804F0
:109C1000EAA74904EBA74A04ECA74B04EDA74C04C0
:109C2000EEA74D04EFA74E04F0A74F04F1A751048F
:109C3000D7A710205CA9132043A81420AAA115209F
:109C400044A81620ACA11820AEA11920AFA11C2059
:109C5000B0A11D20B1A1252045A82620ADA130200E
:109C6000EBA13220E4A13320E5A1352046A83B201A
:109C7000F9A1AC2080000321E6A1052147A8092114
:109C800048A81621EDA1212159A96021F1A2612145
:109C9000F2A26221F3A26321F4A26421F5A265215C
:109CA000F6A26621F7A26721F8A26821F9A269212C
:109CB000FAA26A21FBA26B21FCA27021A1A2712150
:109CC000A2A27221A3A27321A4A27421A5A275212C
:109CD000A6A27621A7A27721A8A27821A9A27921FC
:109CE000AAA29021FBA19121FCA19221FAA193218A
:109CF000FDA1962149A897214AA898214BA899210E
:109D00004CA80822CAA10F22C7A11122C6A1152260
:109D10004DA81A22CCA11D22D8A11E22DEA11F22ED
:109D20004EA82022CFA123224FA82522CEA1272250
:109D3000C4A12822C5A12922C9A12A22C8A12B2257
:109D4000D2A12E22D3A13422E0A13522DFA13622D6
:109D5000C3A13722CBA13D22D7A14822D6A14C22B4
:109D6000D5A1522250A86022D9A16122D4A1642297
:109D7000DCA16522DDA1662251A8672252A86E22CD
:109D8000DAA16F22DBA1952292A89922D1A1A52266
:109D9000CDA1BF2253A81223D0A16024D9A261244F
:109DA000DAA26224DBA26324DCA26424DDA265249F
:109DB000DEA26624DFA26724E0A26824E1A269246F
:109DC000E2A27424C5A27524C6A27624C7A2772471
:109DD000C8A27824C9A27924CAA27A24CBA27B245F
:109DE000CCA27C24CDA27D24CEA27E24CFA27F242F
:109DF000D0A28024D1A28124D2A28224D3A28324FF
:109E0000D4A28424D5A28524D6A28624D7A28724CE
:109E1000D8A28824B1A28924B2A28A24B3A28B2416
:109E2000B4A28C24B5A28D24B6A28E24B7A28F240E
:109E3000B8A29024B9A29124BAA29224BBA29324DE
:109E4000BCA29424BDA29524BEA29624BFA29724AE
:109E5000C0A29824C1A29924C2A29A24C3A29B247E
:109E6000C4A20025A4A90125A5A90225A6A9032508
:109E7000A7A90425A8A90525A9A90625AAA90725F2
:109E8000ABA90825ACA90925ADA90A25AEA90B25C2
:109E9000AFA90C25B0A90D25B1A90E25B2A90F2592
:109EA000B3A91025B4A91125B5A91225B6A9132562
:109EB000B7A91425B8A91525B9A91625BAA9172532
:109EC000BBA91825BCA91925BDA91A25BEA91B2502
:109ED000BFA91C25C0A91D25C1A91E25C2A91F25D2
:109EE000C3A92025C4A92125C5A92225C6A92325A2
:109EF000C7A92425C8A92525C9A92625CAA9272572
:109F0000CBA92825CCA92925CDA92A25CEA92B2541
:109F1000CFA92C25D0A92D25D1A92E25D2A92F2511
:109F2000D3A93025D4A93125D5A93225D6A93325E1
:109F3000D7A93425D8A93525D9A93625DAA93725B1
:109F4000DBA93825DCA93925DDA93A25DEA93B2581
:109F5000DFA93C25E0A93D25E1A93E25E2A93F2551
:109F6000E3A94025E4A94125E5A94225E6A9432521
:109F7000E7A94425E8A94525E9A94625EAA94725F1
:109F8000EBA94825ECA94925EDA94A25EEA94B25C1
:109F9000EFA9502554A8512555A8522556A8532558
:109FA00057A8542558A8552559A856255AA85725C5
:109FB0005BA858255CA859255DA85A255EA85B2595
:109FC0005FA85C2560A85D2561A85E2562A85F2565
:109FD00063A8602564A8612565A8622566A8632535
:109FE00067A8642568A8652569A866256AA8672505
:109FF0006BA868256CA869256DA86A256EA86B25D5
:10A000006FA86C2570A86D2571A86E2572A86F25A4
:10A0100073A8702574A8712575A8722576A8732574
:10A0200077A8812578A8822579A883257AA8842510
:10A030007BA885257CA886257DA887257EA88825E0
:10A0400080A8892581A88A2582A88B2583A88C25AC
:10A0500084A88D2585A88E2586A88F2587A8932579
:10A0600088A8942589A895258AA8A025F6A1A125C8
:10A07000F5A1B225F8A1B325F7A1BC258BA8BD2574
:10A080008CA8C625F4A1C725F3A1CB25F0A1CE2528
:10A09000F2A1CF25F1A1E2258DA8E3258EA8E42524
:10A0A0008FA8E52590A80526EFA10626EEA1092692
:10A0B00091A84026E2A14226E1A10030A1A10130F1
:10A0C000A2A10230A3A10330A8A10530A9A10630A6
:10A0D00065A9073096A90830B4A10930B5A10A30A6
:10A0E000B6A10B30B7A10C30B8A10D30B9A10E301C
:10A0F000BAA10F30BBA11030BEA11130BFA11230E8
:10A1000093A81330FEA11430B2A11530B3A11630BC
:10A11000BCA11730BDA11D3094A81E3095A82130D8
:10A1200040A9223041A9233042A9243043A9253037
:10A1300044A9263045A9273046A9283047A9293007
:10A1400048A94130A1A44230A2A44330A3A4443082
:10A15000A4A44530A5A44630A6A44730A7A44830FF
:10A16000A8A44930A9A44A30AAA44B30ABA44C30CF
:10A17000ACA44D30ADA44E30AEA44F30AFA450309F
:10A18000B0A45130B1A45230B2A45330B3A454306F
:10A19000B4A45530B5A45630B6A45730B7A458303F
:10A1A000B8A45930B9A45A30BAA45B30BBA45C300F
:10A1B000BCA45D30BDA45E30BEA45F30BFA46030DF
:10A1C000C0A46130C1A46230C2A46330C3A46430AF
:10A1D000C4A46530C5A46630C6A46730C7A468307F
:10A1E000C8A46930C9A46A30CAA46B30CBA46C304F
:10A1F000CCA46D30CDA46E30CEA46F30CFA470301F
:10A20000D0A47130D1A47230D2A47330D3A47430EE
:10A21000D4A47530D5A47630D6A47730D7A47830BE
:10A22000D8A47930D9A47A30DAA47B30DBA47C308E
:10A23000DCA47D30DDA47E30DEA47F30DFA480305E
:10A24000E0A48130E1A48230E2A48330E3A484302E
:10A25000E4A48530E5A48630E6A48730E7A48830FE
:10A26000E8A48930E9A48A30EAA48B30EBA48C30CE
:10A27000ECA48D30EDA48E30EEA48F30EFA490309E
:10A28000F0A49130F1A49230F2A49330F3A49B3067
:10A2900061A99C3062A99D3066A99E3067A9A13052
:10A2A000A1A5A230A2A5A330A3A5A430A4A5A53042
:10A2B000A5A5A630A6A5A730A7A5A830A8A5A93012
:10A2C000A9A5AA30AAA5AB30ABA5AC30ACA5AD30E2
:10A2D000ADA5AE30AEA5AF30AFA5B030B0A5B130B2
:10A2E000B1A5B230B2A5B330B3A5B430B4A5B53082
:10A2F000B5A5B630B6A5B730B7A5B830B8A5B93052
:10A30000B9A5BA30BAA5BB30BBA5BC30BCA5BD3021
:10A31000BDA5BE30BEA5BF30BFA5C030C0A5C130F1
:10A32000C1A5C230C2A5C330C3A5C430C4A5C530C1
:10A33000C5A5C630C6A5C730C7A5C830C8A5C93091
:10A34000C9A5CA30CAA5CB30CBA5CC30CCA5CD3061
:10A35000CDA5CE30CEA5CF30CFA5D030D0A5D13031
:10A36000D1A5D230D2A5D330D3A5D430D4A5D53001
:10A37000D5A5D630D6A5D730D7A5D830D8A5D930D1
:10A38000D9A5DA30DAA5DB30DBA5DC30DCA5DD30A1
:10A39000DDA5DE30DEA5DF30DFA5E030E0A5E13071
:10A3A000E1A5E230E2A5E330E3A5E430E4A5E53041
:10A3B000E5A5E630E6A5E730E7A5E830E8A5E93011
:10A3C000E9A5EA30EAA5EB30EBA5EC30ECA5ED30E1
:10A3D000EDA5EE30EEA5EF30EFA5F030F0A5F130B1
:10A3E000F1A5F230F2A5F330F3A5F430F4A5F53081
:10A3F000F5A5F630F6A5FC3060A9FD3063A9FE3066
:10A4000064A90531C5A80631C6A80731C7A8083117
:10A41000C8A80931C9A80A31CAA80B31CBA80C3188
:10A42000CCA80D31CDA80E31CEA80F31CFA8103158
:10A43000D0A81131D1A81231D2A81331D3A8143128
:10A44000D4A81531D5A81631D6A81731D7A81831F8
:10A45000D8A81931D9A81A31DAA81B31DBA81C31C8
:10A46000DCA81D31DDA81E31DEA81F31DFA8203198
:10A47000E0A82131E1A82231E2A82331E3A8243168
:10A48000E4A82531E5A82631E6A82731E7A8283138
:10A49000E8A82931E9A82032E5A22132E6A2223239
:10A4A000E7A22332E8A22432E9A22532EAA2263228
:10A4B000EBA22732ECA22832EDA22932EEA23132F1
:10A4C0005AA9A33249A98E334AA98F334BA99C3389
:10A4D0004CA99D334DA99E334EA9A1334FA9C43336
:10A4E00050A9CE3351A9D13352A9D23353A9D53370
:10A4F00054A9004EBBD2014EA1B6024E4081034E7C
:10A50000DFC6044E4181054E4281064E4381074E0F
:10A51000F2CD084EC9D5094EFDC80A4ECFC90B4E23
:10A52000C2CF0C4EA2D80D4EBBB20E4EEBD30F4E87
:10A530004481104EA4D8114EF3B3124E4581134EF0
:10A54000A8D7144ED2C7154EA7D8164EC0CA174E5C
:10A550004681184EF0C7194EFBB11A4EB5D21B4EAC
:10A56000D4B41C4EABB61D4EBFCB1E4EA9D81F4E49
:10A570004781204E4881214E4981224EAAB6234E62
:10A580004A81244EBDC1254ECFD1264E4B81274E48
:10A59000A5C9284EADD8294E4C812A4EF6B82B4E6F
:10A5A000BED12C4EDCE32D4ED0D62E4E4D812F4EFB
:10A5B0004E81304EE1B7314E4F81324EAEB4334E04
:10A5C0005081344ED9C1354E5181364EBCD8374EAC
:10A5D0005281384EE8CD394EA4B53A4EAACE3B4E04
:10A5E000F7D63C4E53813D4EF6C03E4ED9BE3F4E4F
:10A5F000AFD8404E5481414E5581424E5681434E14
:10A60000CBC4444E5781454EC3BE464E5881474E3B
:10A61000B1D8484EB4C3494EE5D24A4E59814B4E4B
:10A62000AED64C4EDACE4D4EA7D54E4EF5BA4F4E65
:10A63000A6B7504ED6C0514E5A81524EB9C6534E4F
:10A64000D2C5544EC7C7554E5B81564ED4B9574EEE
:10A650005C81584ECBB3594ED2D25A4E5D815B4E7F
:10A660005E815C4EBFD85D4EC5BE5E4EF2C65F4E8B
:10A67000B2D2604EB0CF614EE7CF624E5F81634E83
:10A680006081644E6181654E6281664EE9CA674EA3
:10A690006381684E6481694EC0D86A4E65816B4E95
:10A6A00066816C4E67816D4E68816E4E69816F4E1A
:10A6B0006A81704EF2C2714ED2C2724E6B81734E7D
:10A6C000E9C8744E6C81754E6D81764E6E81774E01
:10A6D0006F81784E7081794E71817A4E72817B4E96
:10A6E00073817C4E74817D4E75817E4EACC77F4EEA
:10A6F0007681804E7781814E7881824E7981834E3A
:10A700007A81844E7B81854E7C81864ECBC1874E7B
:10A710007D81884EE8D3894EF9D58A4E7E818B4E55
:10A72000C2CA8C4EFEB68D4EA1D88E4EDAD38F4E55
:10A73000F7BF904E8081914EC6D4924EA5BB934EEA
:10A74000C1D8944EE5CE954EAEBE964E8181974EC1
:10A750008281984EA8D8994E83819A4EC7D19B4E3C
:10A76000A9D09C4E84819D4E85819E4E86819F4EB0
:10A77000BDD8A04EEFD9A14EF6CDA24EBABFA34E82
:10A780008781A44EBBBDA54EA5BAA64EE0D2A74E6A
:10A79000FAB2A84EE0BAA94EB6C4AA4E8881AB4E12
:10A7A000EDCFAC4EA9BEAD4EA4CDAE4EC1C1AF4EA5
:10A7B0008981B04E8A81B14E8B81B24ED7C7B34EDC
:10A7C000F1D9B44E8C81B54EF4D9B64E8D81B74EC9
:10A7D0008E81B84E8F81B94E9081BA4ECBC8BB4E98
:10A7E000E9D8BC4E9181BD4E9281BE4E9381BF4E41
:10A7F000DAD2C04EB2CAC14ECAC8C24EECD8C34E9D
:10A80000EAD8C44EC6D8C54EF6BDC64ECDC6C74E54
:10A81000F0B3C84E9481C94EEBD8CA4EF1BDCB4EB1
:10A82000E9BDCC4E9581CD4ED4C8CE4ED3B4CF4EDB
:10A830009681D04E9781D14ED8C2D24E9881D34EB8
:10A84000D6B2D44ED0D7D54ECBCAD64EFBCBD74EF0
:10A85000CCD5D84EB6B8D94EC9CFDA4E9981DB4E99
:10A860009A81DC4E9B81DD4EDAD9DE4EF0D8DF4E88
:10A87000AAC7E04E9C81E14EEED8E24E9D81E34EA8
:10A88000FAB4E44EEEC1E54ED4D2E64E9E81E74ED8
:10A890009F81E84EEDD8E94EA081EA4EC7D2EB4E3B
:10A8A000EFD8EC4EC7C3ED4EA181EE4EA281EF4E24
:10A8B000A381F04EF6D1F14EA481F24ED9D6F34EDB
:10A8C000F2D8F44EA581F54EF5D8F64EFEBCF74E03
:10A8D000DBBCF84EA681F94EA781FA4EA881FB4E4B
:10A8E000CEC8FC4EA981FD4EDDB7FE4EAA81FF4EBB
:10A8F000C2B7004FAB81014FF3C6024FAC81034F8B
:10A90000AD81044FAE81054FAF81064FB081074F37
:10A91000B181084FB281094FF8D80A4FC1D20B4F0D
:10A92000B3810C4FB4810D4FE9CE0E4FBFBC0F4F1A
:10A93000FCB7104FA5B7114FDDD0124FB581134FA3
:10A94000B681144FB781154FB881164FB981174F93
:10A95000DAD6184FC5D3194FEFBB1A4FE1BB1B4FC7
:10A96000F1D81C4FBA811D4FBB811E4FA1C91F4F8B
:10A97000B0CE204FABB4214FBC81224FF3D8234F30
:10A98000BD81244FCBC9254FF6D8264FD7C2274FBC
:10A99000F7D8284FBE81294FBF812A4FB1CE2B4F08
:10A9A000F9D82C4FC0812D4FC1812E4FC2812F4F1E
:10A9B000AEB2304FC0B9314FC381324FA3D9334FFC
:10A9C000C481344FE9B0354FC581364FE6C1374FAA
:10A9D000C681384FECC9394FC7813A4FC5CB3B4F81
:10A9E000C8813C4FC6CB3D4FA4D93E4FC9813F4F94
:10A9F000CA81404FCB81414FCC81424FCD81434FE3
:10AA0000E8B5444FCE81454FCF81464FABB5474F58
:10AA1000D081484FD181494FD2814A4FD3814B4F8A
:10AA2000D4814C4FD5814D4FBBCE4E4FCDB54F4FFE
:10AA3000A1D7504FF4D7514FD3D3524FD681534F54
:10AA4000E5CC544FD781554FCEBA564FD881574F8A
:10AA5000A2D9584FDCD9594FE0D35A4FFDD85B4F9C
:10AA6000F0B75C4FF7D75D4FFED85E4FFAD85F4F17
:10AA7000A1D9604FE3C4614FD981624FDA81634F3E
:10AA8000B6D3644FF4D8654FDDD9664FDB81674F8D
:10AA9000FBD8684FDC81694FE5C56A4FDD816B4F9C
:10AAA000DE816C4FD0C06D4FDF816E4FE0816F4F04
:10AAB000F0D1704FDBB0714FE181724FE281734F83
:10AAC000D1BC744FA6D9754FE381764FA5D9774F86
:10AAD000E481784FE581794FE6817A4FE7817B4FBA
:10AAE000ACD97C4FAED97D4FE8817E4FABD97F4F3B
:10AAF000B9CA804FE981814FEA81824FEB81834F50
:10AB0000A9D9844FB6D6854FEC81864FED81874F0A
:10AB1000EE81884FDEB3894FA8D98A4FEF818B4FE2
:10AB2000FDC08C4FF0818D4FCCCA8E4FF1818F4F7D
:10AB3000AAD9904FF281914FA7D9924FF381934FA9
:10AB4000F481944FB0D9954FF581964FF681974F88
:10AB5000B1B6984FF781994FF8819A4FF9819B4F81
:10AB6000A9B99C4FFA819D4FC0D29E4FFB819F4F48
:10AB7000FC81A04FC0CFA14FFD81A24FFE81A34F0A
:10AB8000C2C2A44F4082A54FC4BDA64FECD5A74F6B
:10AB9000E0B2A84FC8C7A94FEBBFAA4FADD9AB4F82
:10ABA0004182AC4FAFD9AD4F4282AE4FEACEAF4FEC
:10ABB000EEBAB04F4382B14F4482B24F4582B34F99
:10ABC0004682B44F4782B54FD6C7B64F4882B74F7B
:10ABD0004982B84F4A82B94F4B82BA4F4C82BB4F21
:10ABE0004D82BC4F4E82BD4F4F82BE4F5082BF4FF1
:10ABF000E3B1C04F5182C14F5282C24F5382C34F03
:10AC0000D9B4C44FEDB6C54FB4D9C64F5482C74F5F
:10AC10005582C84F5682C94F5782CA4FA1BFCB4FEA
:10AC20005882CC4F5982CD4F5A82CE4FDED9CF4F6A
:10AC3000CEC7D04FFEC0D14FB8D9D24F5B82D34FD1
:10AC40005C82D44F5D82D54F5E82D64F5F82D74FF4
:10AC5000D7CBD84FFDB7D94F6082DA4FB5D9DB4F8C
:10AC60006182DC4FB7D9DD4FA3B1DE4FE1D3DF4FB7
:10AC7000B9D9E04F6282E14FC5D0E24F6382E34F22
:10AC8000B6D9E44F6482E54F6582E64FB1D9E74F0C
:10AC90006682E84FB2D9E94FA9C1EA4FB3D9EB4F69
:10ACA0006782EC4F6882ED4FF3BCEE4FDED0EF4F82
:10ACB000A9B8F04F6982F14FE3BEF24F6A82F34FB9
:10ACC000BDD9F44F6B82F54F6C82F64F6D82F74F12
:10ACD0006E82F84FBAD9F94F6F82FA4FB3B0FB4F7B
:10ACE0007082FC4F7182FD4F7282FE4FC2D9FF4FBE
:10ACF0007382005074820150758202507682035034
:10AD00007782045078820550798206507A82075003
:10AD10007B8208507C8209507D820A507E820B50D3
:10AD200080820C50C4D90D50B6B10E5081820F50A4
:10AD3000BFD910508282115083821250B9B513507E
:10AD400084821450F3BE15508582165086821750A7
:10AD500087821850C8CC1950F2BA1A50D0D21B5062
:10AD600088821C50C3D91D5089821E508A821F5070
:10AD7000E8BD20508B822150ABB322508C822350EF
:10AD80008D8224508E822550C5D92650EBBE275087
:10AD90008F822850C6D92950BBD92A50DFC42B50E6
:10ADA00090822C50BED92D50C1D92E50C0D92F50D1
:10ADB000918230509282315093823250948233503B
:10ADC000958234509682355097823650988237500B
:10ADD000998238509A8239509B823A50AED53B5076
:10ADE0009C823C50B5D63D509D823E50E3C73F50BB
:10ADF0009E8240509F824150A0824250A182435087
:10AE0000C8D94450A2824550A3824650A4824750DC
:10AE1000D9BC4850CAD94950A5824A50A6824B5045
:10AE2000A7824C50BCD94D50A8824E50CBD94F5020
:10AE3000ABC65050A9825150AA825250AB82535097
:10AE4000AC825450AD825550C9D95650AE8257503D
:10AE5000AF825850B0825950B1825A50F6D75B50E9
:10AE6000B2825C50A3CD5D50B3825E50B4825F501D
:10AE7000B5826050B6826150B7826250B88263502A
:10AE8000B9826450BA826550A1BD6650BB826750DA
:10AE9000BC826850BD826950BE826A50BF826B50CE
:10AEA000C0826C50CCD96D50C1826E50C2826F503E
:10AEB000C3827050C4827150C5827250C682735072
:10AEC000C7827450C8827550C9827650BCC577500D
:10AED000B5CD7850CA827950CB827A50CC827B50E3
:10AEE000CDD97C50CD827D50CE827E50C7D97F5047
:10AEF000A5B38050FEBF8150CF828250D082835054
:10AF0000D1828450D2828550B5B88650D382875082
:10AF1000D4828850FCC08950D5828A50D6828B500A
:10AF2000D7828C50D8828D50F8B08E50D9828F50F5
:10AF3000DA829050DB829150DC829250DD82935015
:10AF4000DE829450DF829550E0829650E1829750E5
:10AF5000E2829850E3829950E4829A50E5829B50B5
:10AF6000E6829C50E7829D50E8829E50E9829F5085
:10AF7000EA82A050EB82A150EC82A250ED82A35055
:10AF8000F6B4A450EE82A550CED9A650EF82A750B9
:10AF9000CFD9A850A2B4A950D0D9AA50F082AB50B2
:10AFA000F182AC50DFB4AD50F282AE50F382AF50BC
:10AFB000F482B050F582B150F682B250C1B0B350B5
:10AFC000F782B450F882B550F982B650FA82B75081
:10AFD000FB82B850FC82B950FD82BA50D1D9BB5027
:10AFE000B5C9BC50FE82BD504083BE504183BF50A6
:10AFF0004283C0504383C1504483C2504583C350F1
:10B000004683C4504783C5504883C6504983C750C0
:10B010004A83C8504B83C9504C83CA504D83CB5090
:10B020004E83CC504F83CD505083CE505183CF5060
:10B03000F1CFD0505283D1505383D2505483D35048
:10B040005583D4505683D5505783D650D2D9D75034
:10B050005883D8505983D9505A83DA50C5C1DB5030
:10B060005B83DC505C83DD505D83DE505E83DF50AC
:10B070005F83E0506083E1506183E2506283E3507C
:10B080006383E4506483E5506583E650D6D9E75086
:10B09000AEC9E8506683E9506783EA506883EB5095
:10B0A0006983EC50D5D9ED50D4D9EE50D7D9EF50B3
:10B0B0006A83F0506B83F1506C83F2506D83F350D0
:10B0C000DBCBF4506E83F550A9BDF6506F83F7507B
:10B0D0007083F8507183F9507283FA507383FB5078
:10B0E000A7C6FC507483FD507583FE507683FF50D5
:10B0F0007783005178830151798302517A83035118
:10B100007B8304517C8305517D830651D3D907513C
:10B11000D8D908517E83095180830A5181830B510C
:10B12000D9D90C5182830D5183830E5184830F51E1
:10B13000858310518683115187831251E5C81351BD
:10B1400088831451898315518A8316518B83175133
:10B150008C8318518D8319518E831A518F831B5103
:10B1600090831C5191831D5192831E5193831F51D3
:10B170009483205195832151DCC022519683235121
:10B180009783245198832551998326519A83275177
:10B190009B8328519C8329519D832A519E832B5147
:10B1A0009F832C51A0832D51A1832E51A2832F5117
:10B1B000A3833051A4833151A5833251A6833351E7
:10B1C000A7833451A8833551A9833651AA833751B7
:10B1D000AB833851AC833951AD833A51AE833B5187
:10B1E000AF833C51B0833D51B1833E51B2833F5157
:10B1F000F9B64051A3D84151CAD44251B383435107
:10B20000AAD44451D6D04551E4B34651D7D547517D
:10B21000B4834851C8CF4951E2B94A51B5834B5123
:10B22000CBBF4C51B6834D51E2C34E51B7834F5102
:10B23000B8835051B9835151D2B65251BA83535148
:10B24000BB835451C3CD5551EED95651F0D9575106
:10B25000BC835851BD835951BE835A51B3B55B511C
:10B26000BF835C51B5B65D51C0835E51C1835F51F0
:10B27000C2836051C3836151C4836251A4BE6351D0
:10B28000C5836451C6836551EBC86651C783675156
:10B29000C8836851ABC86951C9836A51CA836B516D
:10B2A000CBB06C51ABB96D51F9C16E51E2D96F5150
:10B2B000CB837051BCC07151B2B97251CC83735100
:10B2C000D8B97451CBD07551F8B17651E4C67751E5
:10B2D000DFBE7851E4B57951C8D77A51CD837B511F
:10B2E000F8D17C51E6BC7D51DECA7E51CE837F51C0
:10B2F000CF838051BDBC8151E6D98251E7D88351BB
:10B30000D0838451D1838551DAC48651D283875149
:10B31000D3838851D4B88951BDC88A51D4838B5105
:10B32000D5838C51E1B28D51D9D48E51D6838F51B2
:10B33000D7839051D8839151D9839251B0C39351FF
:10B34000DA839451DB839551E1C39651A2DA975188
:10B35000DFC89851DC839951B4D09A51DD839B5159
:10B36000FCBE9C51A9C59D51DE839E51DF839F5138
:10B37000E083A051DAB9A151E183A251A3DAA3512C
:10B38000E283A451A9D4A551A4DAA651E383A7511D
:10B39000E483A851E583A951E683AA51E783AB5121
:10B3A000FBD9AC51ACB6AD51E883AE51E983AF5196
:10B3B000EBB7B051F9B1B151FCD9B251E5B3B351CA
:10B3C000F6BEB451EA83B551F6BFB651B1D2B7510A
:10B3D000E4C0B851EB83B951EC83BA51ED83BB5152
:10B3E000B3B6BC51FED9BD51FDD9BE51EE83BF519C
:10B3F000EF83C051BBBEC151F083C251F183C35131
:10B40000F283C451E0C6C551F383C651BCD7C751BE
:10B41000A1DAC851F483C951B9C1CA51F583CB51DE
:10B42000F2B5CC51E8C1CD51F683CE51F783CF515F
:10B43000F5BCD051F883D151D5B4D251F983D35151
:10B44000FA83D451FB83D551FC83D651FD83D75168
:10B45000FE83D8514084D9514184DA514284DB5172
:10B46000DDC1DC514384DD51FDC4DE514484DF5134
:10B470004584E051B8BCE151B2B7E2514684E35192
:10B480004784E451EFB7E5514884E6514984E751D8
:10B490004A84E8514B84E9514C84EA514D84EB5184
:10B4A000ECD9EC514E84ED51BEC6EE514F84EF51B4
:10B4B000ADBFF051CBBBF1515084F2515184F351E7
:10B4C000CAB5F4515284F551C9DBF651D7D0F751C2
:10B4D0005384F851B9CDF951BCB0FA51F6B3FB51D0
:10B4E000F7BBFC51CADBFD51AFBAFE515484FF518A
:10B4F000E4D40052B6B50152F3B50252D6D8035285
:10B50000D0C804525584055256840652D6B7075205
:10B51000D0C70852D7D8095257840A52AFBF0B522E
:10B5200058840C5259840D52BBDB0E52D8D80F529E
:10B530005A8410525B841152CCD01252AEBB1352BB
:10B540005C8414525D8415525E841652BEEB175211
:10B55000D0C11852F5C11952F2D41A52D5B81B52A3
:10B56000B4B41C525F841D52F5B31E5260841F5246
:10B5700061842052BEC921526284225263842352C4
:10B5800064842452D0C5255265842652668427528D
:10B5900067842852D9C52952FBC02A5268842B528D
:10B5A000F0B12C5269842D52D9D82E52CEB92F52D7
:10B5B0006A843052BDB531526B8432526C8433523E
:10B5C000DAD834526D8435526E843652C6D637522C
:10B5D000A2CB3852AFC83952B2C93A52CCB43B525E
:10B5E000CCBF3C526F843D52F4B93E5270843F52FE
:10B5F000DBD84052DCD84152E7B64252C1BC43527C
:10B60000EACC445271844552728446527384475244
:10B61000748448527584495276844A52F7CF4B520B
:10B6200077844C52DDD84D52B0C74E5278844F5279
:10B6300079845052D0B95152A3BD52527A84535298
:10B640007B845452DECC55527C845652CAC6575223
:10B650007D8458527E84595280845A5281845B5230
:10B6600082845C52E0D85D5283845E52DED85F52A1
:10B670008484605285846152DFD86252868463522A
:10B680008784645288846552FEB06652898467520A
:10B69000E7BE68528A846952A3CA6A52F4BC6B52EC
:10B6A0008B846C528C846D528D846E528E846F525A
:10B6B000B1B870528F84715290847252EEB8735246
:10B6C0009184745292847552938476529484775202
:10B6D000958478529684795297847A5298847B52D2
:10B6E00099847C529A847D52E2D87E529B847F5208
:10B6F000CBBD80529C848152E4D88252E3D88352DD
:10B700009D8484529E8485529F848652A084875251
:10B71000A1848852FCC58952A2848A52A3848B5288
:10B72000A4848C52A5848D52A6848E52A7848F52F5
:10B73000A8849052E5D89152A9849252AA84935237
:10B74000E6D89452AB849552AC849652AD8497520D
:10B75000AE849852AF849952B0849A52B1849B526D
:10B76000A6C19C52B2849D52B0C89E52ECB09F526A
:10B77000A6B9A052D3BCA152F1CEA252BDDBA352B6
:10B78000D3C1A452B384A552B484A652B584A7529F
:10B79000B684A852AFB6A952FAD6AA52ACC5AB52DB
:10B7A000D9BDAC52BEDBAD52BFDBAE52B784AF5297
:10B7B000B884B052B984B152F8C0B252A2BEB352EA
:10B7C000CDC0B452BA84B552BB84B652BC84B75211
:10B7D000BD84B852BE84B952BF84BA52C084BB5231
:10B7E000C184BC52C284BD52C384BE52C0DBBF52AE
:10B7F000C6CAC052C484C152C584C252C684C35290
:10B80000AAB2C452C784C552C884C652C984C7529A
:10B81000C2D3C852CA84C952E3C3CA52CB84CB52E2
:10B82000ABD1CC52CC84CD52CD84CE52CE84CF522B
:10B83000CF84D052C2DBD152D084D252D5C0D352A1
:10B84000D184D452D284D552D384D652C3DBD752BA
:10B85000D484D852B1BFD952D584DA52D684DB52BF
:10B86000D784DC52D884DD52D984DE52DA84DF52A8
:10B87000BCC4E052DB84E152DC84E252DD84E3525A
:10B88000DE84E452DAC7E552DF84E652E084E75210
:10B89000E184E852E284E952E384EA52E484EB5220
:10B8A000E584EC52E684ED52E784EE52E884EF52F0
:10B8B000E984F052C4DBF152EA84F252EB84F35291
:10B8C000EC84F452ED84F552EE84F652EF84F75294
:10B8D000F084F852F184F952E8D9FA52D7C9FB52F0
:10B8E000F284FC52F384FD52F484FE52B4B9FF5248
:10B8F000F0CE0053C8D40153F5840253F6840353A9
:10B90000F7840453F8840553FCB00653D2B40753AC
:10B91000F9840853D9D00953FA840A53FB840B5392
:10B92000FC840C53FD840D53E9D90E53FE840F5350
:10B93000CBDE1053EBD9115340851253418513537D
:10B940004285145343851553B0D81653AFBB1753D4
:10B95000B1B1185344851953D7B31A53CED81B53DA
:10B9600045851C5346851D53D1D41E5347851F530F
:10B9700048852053B3BD2153EFBF2253498523533C
:10B98000BBCF24534A8525534B852653D0D8275304
:10B990004C8528534D8529534E852A53CBB72B53BD
:10B9A0004F852C5350852D5351852E53D1D82F536D
:10B9B0005285305353853153548532535585335313
:10B9C00056853453578535535885365359853753E3
:10B9D0005A8538535B853953A5C63A53F8C73B534C
:10B9E000BDD23C535C853D535D853E53D2D83F5319
:10B9F000E4C440535E854153AECA42535F8543530E
:10BA0000A7C7445360854553A6D84653618547531D
:10BA1000FDC94853E7CE4953DCBB4A53EBB04B5307
:10BA200062854C5363854D5364854E53AABB4F5377
:10BA3000ADD0505365855153B0B15253E4D75353F1
:10BA4000BFD7545366855553A5B55653F4C25753C3
:10BA5000CFC458536785595368855A53A9B25B536D
:10BA600069855C53B7B25D536A855E53E5B15F5338
:10BA7000B2DF6053BCD56153A8BF6253ACC26353FD
:10BA8000D5D86453B1C265536B856653D4D8675318
:10BA9000D4CE68536C856953E0DA6A536D856B5375
:10BAA000C0CE6C536E856D536F856E53B4D86F5393
:10BAB000AEC37053A1D37153A3CE72537085735329
:10BAC000B4BC7453B4C87553D1C2765371857753DF
:10BAD000EDBE7853B6D0795372857A53E1DA7B5351
:10BAE00073857C5374857D5375857E5376857F532E
:10BAF000E4C780537785815378858253A7B38353F6
:10BB000079858453F2B68553FCCC8653FAC08753AB
:10BB10007A8588537B858953F7C08A537C858B53FC
:10BB2000B9D18C53E1D18D53C7D88E537D858F53B6
:10BB30007E8590538085915381859253828593535E
:10BB40008385945384859553DEB2965385859753A8
:10BB500086859853E5C0995387859A53F1BA9B53CC
:10BB600088859C5389859D53C8D89E538A859F5349
:10BB7000ADD4A0538B85A1538C85A253E1CFA353A1
:10BB8000C9D8A4538D85A553CAD8A653C3CFA753EC
:10BB90008E85A853F8B3A953C7BEAA538F85AB535C
:10BBA0009085AC539185AD539285AE53CBD8AF53AE
:10BBB0009385B0539485B1539585B2539685B3530D
:10BBC0009785B4539885B5539985B653CCDBB75355
:10BBD0009A85B8539B85B9539C85BA539D85BB53B1
:10BBE000A5C8BC539E85BD539F85BE53A085BF533A
:10BBF000D8CFC053A185C153FEC8C253CEB2C353E0
:10BC0000A285C453A385C553A485C653A585C75330
:10BC1000A685C853D6D3C953E6B2CA53B0BCCB53DA
:10BC2000D1D3CC53ABCBCD53B4B7CE53A785CF53E1
:10BC3000A885D053A985D153A2B7D253AA85D3538F
:10BC4000AB85D453E5CAD553AC85D653A1C8D753D9
:10BC5000DCCAD853E4B1D953F0D0DA53AD85DB5305
:10BC6000D1C5DC53AE85DD53AF85DE53B085DF53E0
:10BC7000C5DBE053FEB5E153B185E253B285E35332
:10BC8000DABFE453C5B9E553E4BEE653EDC1E7536B
:10BC9000B385E853B6DFE953B5DFEA53BBD6EB53C0
:10BCA000D0BDEC53D9D5ED53C8B0EE53A3B6EF5386
:10BCB000C9BFF053A8CCF153B3DFF253B7CAF35363
:10BCC000D2D3F453B485F553CFD8F653B6D2F75345
:10BCD000C5BAF853BECBF953BECCFA53B585FB5366
:10BCE000B7DFFC53F0B5FD53B4DFFE53B685FF5309
:10BCF000B7850054B8850154F5D30254B98503546F
:10BD0000D4B30454F7B80554BA850654BADF0754BF
:10BD1000BB850854CFBA0954AABC0A54F5B50B54D4
:10BD2000BC850C54ACCD0D54FBC30E54F3BA0F5468
:10BD3000F4C01054C2CD1154F2CF1254B8DF1354D2
:10BD4000C5CF1454BD851554C0C21654B9DF17545D
:10BD5000F0C21854BE851954BF851A54C0851B54AF
:10BD6000FDBE1C54C1851D54DFC11E54CCCD1F54D3
:10BD7000F7D22054CDB72154C1DF2254C2852354B9
:10BD8000C4DF2454C3852554C4852654F1B72754F1
:10BD9000C9B02854D6B62954D4B72A54C5852B54D3
:10BDA000ACBA2C54FDCC2D54D4BF2E54B1CB2F544F
:10BDB000F4C63054C6853154A8D63254C5DF335446
:10BDC000C7853454E2CE3554B3B33654C88537549E
:10BDD000C9853854FCCE3954B5B43A54CA853B545D
:10BDE000C7CE3C54F0BA3D54CB853E54E1CE3F54CF
:10BDF000CC854054BDD14154CD854254CE85435469
:10BE0000C0DF4454CF854554D0854654F4B44754DC
:10BE1000D1854854CAB34954D2854A54E6B84B54E4
:10BE2000BBDF4C54D3854D54D4854E54D5854F54E7
:10BE3000D6855054C5C45154D7855254BCDF535491
:10BE4000BDDF5454BEDF5554BBC55654BFDF5754F5
:10BE5000C2DF5854B1D45954C3DF5A54D8855B5407
:10BE6000BAC75C54D8CE5D54D9855E54DA855F5428
:10BE7000DB856054DC856154DD856254D8C463542D
:10BE8000DE856454CADF6554DF856654CFDF6754AE
:10BE9000E0856854DCD66954E1856A54E2856B54C8
:10BEA000E3856C54E4856D54E5856E54E6856F54E6
:10BEB000E7857054E8857154C9DF7254DADF735432
:10BEC000B6CE7454E9857554C7BA7654CEDF77542C
:10BED000C8DF7854DEC57954EA857A54EB857B5403
:10BEE000EBC97C54F4BA7D54FCC37E54EC857F547A
:10BEF000ED858054D7BE8154EE858254C6DF8354CD
:10BF0000EF858454CDDF8554F0858654D8C5875499
:10BF1000F1858854F2858954F3858A54F4858B54CD
:10BF2000A6D58C54CDBA8D54F5858E54CCBE8F5485
:10BF3000BDD39054C0B89154F6859254E4D693542E
:10BF4000F7859454C7DF9554BEB99654A7BF97544C
:10BF5000F8859854F9859954FCC19A54CBDF9B54C9
:10BF6000CCDF9C54FA859D54D0DF9E54FB859F54B2
:10BF7000FC85A054FD85A154FE85A2544086A3549F
:10BF8000DBDFA454E5DFA5544186A654D7DFA754D0
:10BF9000D6DFA854C9D7A954E3DFAA54E4DFAB54D1
:10BFA000EBE5AC54A7D2AD54D2DFAE544286AF54C9
:10BFB000A9BFB0544386B154DBD4B2544486B354C1
:10BFC000C8BFB454D4DFB5544586B6544686B7547A
:10BFD0004786B854CCCFB9544886BA544986BB5426
:10BFE000DDDFBC544A86BD54CAD1BE544B86BF5413
:10BFF000DEDFC054A7B0C154B7C6C254D3DFC354A8
:10C000004C86C454E5BAC5544D86C654DFB6C754F1
:10C01000DBCDC854FEB9C954D5D4CA544E86CB54CE
:10C020004F86CC54DFDFCD54ECCFCE54A5B0CF54E7
:10C03000E7DFD054D1DFD154C6D1D254D5DFD354A9
:10C04000D8DFD454D9DFD554DCDFD6545086D7544A
:10C05000A9BBD8545186D954E0DFDA54E1DFDB5470
:10C060005286DC54E2DFDD54E6DFDE54E8DFDF54E5
:10C07000B4D3E0545386E1545486E2545586E354D5
:10C080005686E4545786E554E7B8E654B6C5E754F7
:10C09000EADFE854DAC9E954A8C1EA54C4C4EB544D
:10C0A0005886EC545986ED54DEBFEE54F8CFEF5469
:10C0B0005A86F0545B86F1545C86F254DCD5F35416
:10C0C000EEDFF4545D86F5545E86F6545F86F754D1
:10C0D0006086F8546186F9546286FA54B8B2FB540B
:10C0E0006386FC54DFBAFD54ECDFFE546486FF54D3
:10C0F000C1DB005565860155E4D1025566860355BE
:10C10000678604556886055569860655F4CB07553C
:10C11000BDB408556A860955A6B00A556B860B55FD
:10C120006C860C556D860D556E860E556F860F55B7
:10C13000F1DF1055C6CC1155F2DF1255708613553C
:10C1400071861455EDDF1555728616557386175591
:10C15000748618557586195576861A5577861B5537
:10C16000E9DF1C5578861D5579861E557A861F5540
:10C170007B862055EBDF21557C862255EFDF23554A
:10C18000F0DF2455BDBB25557D8626557E86275577
:10C19000F3DF28558086295581862A55F4DF2B55F3
:10C1A00082862C55A3BB2D5583862E55DBCA2F5571
:10C1B000A8CE3055A7E03155AAB332558486335501
:10C1C000A6E034558586355586863655878637559B
:10C1D000A1E038558886395589863A558A863B5577
:10C1E0008B863C55FEDF3D558C863E55D9CD3F555F
:10C1F000FCDF40558D864155FADF42558E8643550A
:10C20000D0BF4455C4D745558F864655CCC94755F0
:10C210009086485591864955F8DF4A55A1B04B554F
:10C2200092864C5593864D5594864E5595864F551E
:10C2300096865055FDDF5155978652559886535531
:10C24000998654559A865555FBDF5655A2E05755A9
:10C250009B8658559C8659559D865A559E865B559A
:10C260009F865C55A8E05D55A0865E55A1865F550A
:10C27000A2866055A3866155C8B76255A4866355EA
:10C28000A5866455A1C66555B6C96655B2C0675541
:10C29000F5DF6855A6866955A7866A55BEC56B55F4
:10C2A000A8866C55C4D86D55F9DF6E55F6C46F5528
:10C2B000A9867055AA867155AB867255AC867355A2
:10C2C000AD867455AE867555A3E07655A4E07755D6
:10C2D000A5E07855A5D07955AF867A55B0867B55BF
:10C2E000B4E07C55E4CC7D55B1867E55B1E07F55F8
:10C2F000B2868055A6BF8155AFE08255B9CE835531
:10C30000ABE08455C6C98555B3868655B486875536
:10C31000AEC08855AEE08955EDBA8A55B0BA8B5596
:10C32000A9E08C55B5868D55B6868E55B7868F5546
:10C33000F6DF9055B8869155B3E09255B98693557E
:10C34000BA869455B8E09555BB869655BC869755E8
:10C35000BD869855ADB49955B9E09A55BE869B55A2
:10C36000BF869C55B2CF9D55C8BA9E55C0869F5575
:10C37000B0E0A055C186A155C286A255C386A3557B
:10C38000C486A455C586A555C686A655C786A75595
:10C39000FAD0A855C886A955C986AA55CA86AB55EC
:10C3A000CB86AC55CC86AD55CD86AE55CE86AF5539
:10C3B000CF86B055D086B155ACE0B255D186B355D5
:10C3C000FBD4B455D286B555F7DFB655D386B755ED
:10C3D000E7C5B855D486B955ADE0BA55D586BB5535
:10C3E000F7D3BC55D686BD55B6E0BE55B7E0BF55B0
:10C3F000D786C055D886C155D986C255DA86C35569
:10C40000DB86C455C4E0C555E1D0C655DC86C755AA
:10C41000DD86C855DE86C955BCE0CA55DF86CB55DA
:10C42000E086CC55C9E0CD55CAE0CE55E186CF5562
:10C43000E286D055E386D155BEE0D255AAE0D35569
:10C44000A4C9D455C1E0D555E486D655B2E0D75538
:10C45000E586D855E686D955E786DA55E886DB5570
:10C46000E986DC55C8CADD55C3E0DE55EA86DF55EE
:10C47000B5E0E055EB86E155CBCEE255EC86E355D1
:10C48000C3CBE455CDE0E555C6E0E655C2E0E7553F
:10C49000ED86E855CBE0E955EE86EA55BAE0EB5576
:10C4A000BFE0EC55C0E0ED55EF86EE55F086EF5558
:10C4B000C5E0F055F186F155F286F255C7E0F35527
:10C4C000C8E0F455F386F555CCE0F655F486F755FB
:10C4D000BBE0F855F586F955F686FA55F786FB5513
:10C4E000F886FC55F986FD55D4CBFE55D5E0FF55B1
:10C4F000FA860056D6E00156D2E00256FB86035675
:10C50000FC860456FD860556FE860656408707566D
:10C5100041870856D0E00956CEBC0A5642870B56D2
:10C5200043870C56D1E00D5644870E56C2B80F56BD
:10C53000C5D8105645871156468712564787135659
:10C5400048871456498715564A8716564B871756FB
:10C550004C871856EAD019564D871A564E871B56E7
:10C56000EFC21C564F871D5650871E56CFE01F56F0
:10C57000BDE02056518721565287225653872356B5
:10C58000D4E02456D3E0255654872656558727569F
:10C59000D7E028565687295657872A5658872B564C
:10C5A00059872C56DCE02D56D8E02E565A872F5648
:10C5B0005B8730565C873156F6D63256B0B3335669
:10C5C0005D873456ECD735565E873656BBCB37562B
:10C5D0005F87385660873956DAE03A5661873B56AE
:10C5E000FBCE3C5662873D5663873E5664873F5676
:10C5F000D9BA405665874156668742566787435683
:10C6000068874456698745566A8746566B874756FA
:10C610006C8748566D8749566E874A566F874B56CA
:10C6200070874C56E1E04D56DDE04E56ADD24F5688
:10C630007187505672875156738752567487535676
:10C6400075875456E2E05556768756567787575683
:10C65000DBE05856D9E05956DFE05A5678875B56EA
:10C6600079875C56E0E05D567A875E567B875F5639
:10C670007C8760567D8761567E876256DEE0635612
:10C6800080876456E4E065568187665682876756E0
:10C6900083876856F7C66956ACD86A56EBD46B5692
:10C6A000E6E06C56C9CA6D5684876E5685876F560C
:10C6B0008687705687877156E5E07256888773566D
:10C6C000898774568A8775568B877656C1B8775690
:10C6D0008C8778568D8779568E877A568F877B56CA
:10C6E000E7E07C56E8E07D5690877E5691877F563E
:10C6F0009287805693878156948782569587835672
:10C700009687845697878556E9E08656E3E08756F4
:10C7100098878856998789569A878A569B878B5619
:10C720009C878C569D878D569E878E56BFBA8F5696
:10C73000E7CC90569F879156A0879256A187935633
:10C74000EAE09456A2879556A3879656A4879756F3
:10C75000A5879856A6879956A7879A56A8879B5665
:10C76000A9879C56AA879D56AB879E56AC879F5635
:10C77000AD87A056AE87A156AF87A256B087A35605
:10C78000F9CFA456B187A556B287A656B387A75648
:10C79000B487A856B587A956B687AA56B787AB56A9
:10C7A000B887AC56B987AD56BA87AE56BB87AF5679
:10C7B000EBE0B056BC87B156BD87B256BE87B356C4
:10C7C000BF87B456C087B556C187B656C287B7561D
:10C7D000C2C8B856C387B956C487BA56C587BB56B0
:10C7E000C687BC56C0BDBD56C787BE56C887BF5694
:10C7F000C987C056CA87C156CB87C256CC87C35695
:10C80000CD87C456CE87C556CF87C656D087C75664
:10C81000D187C856D287C956D387CA56D2C4CB56F9
:10C82000D487CC56D587CD56D687CE56D787CF5608
:10C83000D887D056D987D156DA87D256DB87D356D8
:10C84000DC87D456ECE0D556DD87D656DE87D75642
:10C85000EDE0D856DF87D956E087DA56F4C7DB56C5
:10C86000C4CBDC56E187DD56EEE0DE56D8BBDF56A2
:10C87000B6D8E056F2D2E156EFE0E256C5CDE35627
:10C88000E287E456DAB6E556E387E656E487E756EC
:10C89000E587E856E687E956E787EA56E887EB56E4
:10C8A000F1E0EC56E987ED56B0D4EE56EA87EF5644
:10C8B000EB87F056A7C0F156D1B4F256EC87F35689
:10C8C000ED87F456A7CEF556F0E0F656EE87F7560C
:10C8D000EF87F856F087F956F2E0FA56CCB9FB56D6
:10C8E000F187FC56F287FD56FAB9FE56BCCDFF56CD
:10C8F000F3E00057F3870157F4870257F587035792
:10C90000D4C60457F4E00557F6870657B2D4075744
:10C91000F7870857A6C80957F6E00A57F5E00B57FE
:10C92000F8870C57F9870D57FA870E57FB870F5773
:10C93000FC871057FD871157FE8712574088135701
:10C94000418814574288155743881657448817570B
:10C95000458818574688195747881A5748881B57DB
:10C9600049881C57F7E01D574A881E574B881F57A8
:10C97000C1CD20574C8821574D8822574E882357C8
:10C98000A5CA24574F8825575088265751882757BE
:10C9900052882857DAD42957D7DB2A57D9DB2B57A7
:10C9A00053882C57D8DB2D57E7B92E57DCDB2F5790
:10C9B000DDDB3057D8B53157548832575588335757
:10C9C000DADB3457568835575788365758883757E3
:10C9D000598838575A883957DBDB3A57A1B33B5748
:10C9E000DFDB3C575B883D575C883E57F8BB3F57C1
:10C9F0005D884057B7D641575E884257E0DB4357C2
:10CA00005F88445760884557618846576288475712
:10CA1000F9BE48576388495764884A57BBB74B5794
:10CA200065884C57D0DB4D57AECC4E57B2BF4F57F1
:10CA3000B5BB5057F8D75157D3BF52576688535795
:10CA40006788545768885557698856576A88575772
:10CA5000E9BF58576B8859576C885A57E1BC5B57E8
:10CA6000B3CC5C57DEDB5D57D3B05E57EBCE5F5780
:10CA7000D8B76057B9D76157C2C662576D88635738
:10CA80006E886457A4C065576F886657B9CC6757DE
:10CA900070886857E7DB6957E1DB6A57BAC66B579E
:10CAA000E3DB6C5771886D57E8DB6E5772886F5700
:10CAB000F7C57057738871577488725775887357A4
:10CAC000EADB74577688755777887657E9DB7757AE
:10CAD000C0BF78577888795779887A577A887B5792
:10CAE000E6DB7C57E5DB7D577B887E577C887F576C
:10CAF0007D8880577E88815780888257B9B4835754
:10CB0000ACC08457A2C28557E2DB8657E4DB875767
:10CB1000818888578288895783888A5784888B5769
:10CB2000CDD08C57EDDB8D5785888E5786888F57F3
:10CB3000878890578888915789889257DDC0935786
:10CB4000F2DB94578A8895578B8896578C8897572D
:10CB50008D8898578E8899578F889A5790889B57B9
:10CB6000E2B69C5791889D5792889E5793889F570D
:10CB70009488A057F3DBA157D2DBA257B8B9A357CB
:10CB8000ABD4A457ECDBA5579588A657D1BFA757C0
:10CB9000F0DBA8579688A957D1DBAA579788AB57DF
:10CBA000E6B5AC579888AD57EBDBAE57E5BFAF574E
:10CBB0009988B0579A88B1579B88B257EEDBB35724
:10CBC0009C88B457F1DBB5579D88B6579E88B757F8
:10CBD0009F88B857F9DBB957A088BA57A188BB57C7
:10CBE000A288BC57A388BD57A488BE57A588BF5745
:10CBF000A688C057A788C157A888C257A1B9C357EC
:10CC0000A3B0C457A988C557AA88C657AB88C757C9
:10CC1000AC88C857AD88C957AE88CA57AF88CB57BC
:10CC2000F1C2CC57B088CD57B188CE57C7B3CF57D4
:10CC3000EFDBD057B288D157B388D257F8DBD35740
:10CC4000B488D457D2C6D557F4DBD657B588D75752
:10CC5000B688D857F5DBD957F7DBDA57F6DBDB5761
:10CC6000B788DC57B888DD57FEDBDE57B988DF5759
:10CC7000F2D3E057BAB2E157BA88E257BB88E3571C
:10CC8000BC88E457FDDBE557BD88E657BE88E7570B
:10CC9000BF88E857C088E957C188EA57C288EB5770
:10CCA000C388EC57C488ED57A4DCEE57C588EF570E
:10CCB000FBDBF057C688F157C788F257C888F3578F
:10CCC000C988F457FADBF557CA88F657CB88F75767
:10CCD000CC88F857FCDBF957E0C5FA57F9BBFB578E
:10CCE000CD88FC57CE88FD57A3DCFE57CF88FF5771
:10CCF000D0880058A5DC0158D1880258C3CC03580D
:10CD0000D2880458D3880558D4880658D1B6075815
:10CD1000C0DD0858D5880958D6880A58D7880B58D6
:10CD2000A1DC0C58D8880D58A2DC0E58D9880F58B1
:10CD3000DA881058DB881158B5C71258DC881358A8
:10CD4000DD881458DE881558E9B61658DF8817585C
:10CD5000E0881858E1881958A7DC1A58E2881B584F
:10CD6000E3881C58E4881D58E5881E58A6DC1F5827
:10CD7000E6882058A9DC2158A4B12258E788235816
:10CD8000E8882458CCB52558E9882658EA882758D9
:10CD9000EB882858EC882958ED882A58B0BF2B58C2
:10CDA000EE882C58EF882D58F0882E58F1882F588F
:10CDB000F2883058DFD13158F3883258F48833582C
:10CDC000F5883458F6883558C2B63658F78837583B
:10CDD000F8883858F9883958FA883A58FB883B5807
:10CDE000FC883C58FD883D58FE883E5840893F5895
:10CDF000418940584289415843894258448943589F
:10CE000045894458A8DC45584689465847894758BB
:10CE100048894858498949584A894A584B894B5842
:10CE20004C894C58FACB4D58F3EB4E584D894F581E
:10CE30004E8950584F895158DCCB5258508953581D
:10CE400051895458FECB55585289565853895758D2
:10CE500054895858C1CC595855895A5856895B58E5
:10CE600057895C5858895D5859895E58FBC85F5886
:10CE70005A8960585B8961585C8962585D8963583A
:10CE80005E8964585F896558AADC6658608967586E
:10CE9000618968586289695863896A5864896B58DE
:10CEA000EECC6C58ABDC6D5865896E5866896F584E
:10CEB0006789705868897158698972586A89735886
:10CEC0006B8974586C8975586D8976586E89775856
:10CED0006F8978587089795871897A5872897B5826
:10CEE00073897C5874897D5875897E58D3DB7F5847
:10CEF00076898058AFDC8158ACDC825877898358BA
:10CF0000B3BE845878898558FBCA86587989875872
:10CF10007A8988587B898958ADDC8A587C898B58F6
:10CF20007D898C587E898D5880898E5881898F584B
:10CF3000828990588389915884899258CAC9935894
:10CF4000B9C4945885899558868996588789975881
:10CF50008889985889899958BDC79A58AEDC9B58DA
:10CF60008A899C588B899D588C899E58F6D49F58E5
:10CF7000E6D0A0588D89A1588E89A2588F89A358D0
:10CF80009089A4589189A5589289A6589389A75841
:10CF90009489A858ABC4A958D5B6AA589589AB5856
:10CFA0009689AC589789AD589889AE589989AF58E9
:10CFB0009A89B0589B89B1589C89B2589D89B358B9
:10CFC0009E89B4589F89B558A089B658A189B75889
:10CFD000A289B858A389B958A489BA58A589BB5859
:10CFE000A689BC58D4DBBD58A789BE58A889BF58AC
:10CFF000A989C058AA89C158DAB1C258AB89C358A7
:10D00000AC89C458AD89C558D5DBC658AE89C75858
:10D01000AF89C858B089C958B189CA58B289CB58A4
:10D02000B389CC58B489CD58B589CE58B689CF5874
:10D03000B789D058B889D158D6DBD258B989D358D6
:10D04000BA89D458BB89D558BEBAD658BC89D758E6
:10D05000BD89D858BE89D958BF89DA58C089DB58EC
:10D06000C189DC58C289DD58C389DE58C489DF58BC
:10D07000C589E058C689E158C789E258C889E3588C
:10D08000C989E458C0C8E558CA89E658CB89E75829
:10D09000CC89E858CD89E958CE89EA58CF89EB5830
:10D0A000BFCAEC58C9C8ED58D089EE58B3D7EF586D
:10D0B000D189F058F9C9F158D289F258D389F35877
:10D0C000C7BFF458D489F558D589F658F8BAF75837
:10D0D000D689F858D789F958BCD2FA58D889FB585C
:10D0E000D989FC58DA89FD58DB89FE58DC89FF585C
:10D0F000DD890059DE890159DF890259BAE20359F5
:10D10000E0890459A6B40559E1890659E28907590D
:10D11000B8B10859E3890959E4890A59E5890B59D5
:10D12000E6890C59E7890D59B4B80E59E8890F59A9
:10D13000C4CF1059E9891159EA891259EB89135959
:10D14000EC891459E7D91559A6CF1659E2CD1759CC
:10D15000ED891859EE891959EDD91A59E0B61B59BC
:10D16000EF891C59B9D21D59F0891E59F1891F59EF
:10D17000BBB92059F2892159F3892259F4892359DD
:10D18000F5892459B9E22559B7E22659F689275974
:10D19000F3B42859F7892959ECCC2A59ABCC2B592F
:10D1A000F2B72C59F8892D59B2D82E59EBD12F59F5
:10D1B000BBBA3059F9893159A7CA3259FA8933595A
:10D1C000FB893459B7CD3559FC893659FD89375912
:10D1D000C4D23859E4BF3959D0BC3A59E1B63B59A9
:10D1E000FE893C59C5DE3D59408A3E59418A3F5926
:10D1F000428A4059438A4159C6DE4259BCDB4359F1
:10D20000448A4459D9D14559458A4659468A47598D
:10D21000E6C64859CEC44959EEB74A59478A4B59D0
:10D22000DCB74C59488A4D59498A4E59FCBF4F5971
:10D23000E0D750594A8A5159F5C652594B8A535929
:10D240004C8A5459BCB15559C8DE5659B1BD5759CD
:10D25000D7CC5859CADE59594D8A5A59C9DE5B593B
:10D260004E8A5C594F8A5D59508A5E59518A5F597E
:10D27000528A6059ECB56159538A6259DDC96359C4
:10D28000548A6459558A6559C2B06659568A675995
:10D29000578A6859588A6959598A6A595A8A6B59FA
:10D2A0005B8A6C595C8A6D595D8A6E595E8A6F59CA
:10D2B0005F8A7059608A7159618A7259628A73599A
:10D2C000AEC57459ABC57559638A7659CCC47759C4
:10D2D000648A7859E9BC7959FDCB7A59658A7B59BA
:10D2E000668A7C59678A7D59C3BA7E59688A7F5994
:10D2F000698A80596A8A8159F9E58259E7C8835950
:10D30000FAE58459FDCD85596B8A8659B1D787597D
:10D31000BEB88859E8C289596C8A8A59D1C88B59D4
:10D320006D8A8C596E8A8D59FBE58E596F8A8F599B
:10D33000708A9059718A9159728A9259CAB69359D2
:10D34000CBBC9459738A9559748A9659FDD19759D3
:10D35000A1E69859758A9959EEC39A59768A9B59CC
:10D36000778A9C59788A9D59798A9E59A4E69F5953
:10D370007A8AA0597B8AA1597C8AA2597D8AA359AD
:10D38000FEE5A459A5E6A559D7CDA6597E8AA75989
:10D39000808AA859C1B7A959FCE5AA59FDE5AB593E
:10D3A000A3E6AC59818AAD59828AAE59DDC4AF5922
:10D3B000A8E6B059838AB159848AB259A7E6B3590D
:10D3C000858AB459868AB559878AB659888AB759E1
:10D3D000898AB8598A8AB959C3C3BA598B8ABB5941
:10D3E000DEC6BC598C8ABD598D8ABE59AAE6BF5982
:10D3F0008E8AC0598F8AC159908AC259918AC3595D
:10D40000928AC459938AC559948AC659B7C4C759D0
:10D41000958AC859968AC959978ACA59A2E6CB599A
:10D42000BCCACC59988ACD59998ACE599A8ACF5973
:10D430009B8AD059E3BDD159C3B9D259A6E6D35975
:10D44000D5D0D459AFCED5599C8AD6599D8AD759B3
:10D45000A9E6D859B0E6D9599E8ADA59A6D2DB593D
:10D460009F8ADC59AABDDD59ADE6DE59A08ADF5995
:10D47000A18AE059A28AE159A38AE259A48AE35910
:10D48000AFE6E459A58AE559D1C0E659A68AE7591D
:10D49000A78AE859CCD2E959A88AEA59A98AEB594E
:10D4A000AA8AEC59A7BCED59AB8AEE59AC8AEF5960
:10D4B000AD8AF059AE8AF159AF8AF259B08AF35960
:10D4C000B18AF459B28AF559B38AF659B48AF75930
:10D4D000B58AF859B68AF959B1E6FA59B78AFB59AB
:10D4E000F6D2FC59B88AFD59B98AFE59BA8AFF5951
:10D4F000CBD7005ABB8A015AFECD025ABC8A035AC6
:10D50000DECD045AA6C2055AABE6065AACE6075A67
:10D51000BFBD085AAEE6095AB3E60A5ABD8A0B5A8D
:10D52000BE8A0C5AB2E60D5ABF8A0E5AC08A0F5AEA
:10D53000C18A105AC28A115AB6E6125AC38A135ABD
:10D54000B8E6145AC48A155AC58A165AC68A175A92
:10D55000C78A185AEFC4195AC88A1A5AC98A1B5A54
:10D56000CA8A1C5AC8C41D5ACB8A1E5ACC8A1F5A52
:10D57000EABE205AEFC9215ACD8A225ACE8A235AAE
:10D58000B7E6245ACF8A255AF0B6265AD08A275AA7
:10D59000D18A285AD28A295AE4C32A5AD38A2B5AC2
:10D5A000D48A2C5AD58A2D5AD68A2E5AD78A2F5ADF
:10D5B000D88A305AD98A315AE9D3325AB4E6335A22
:10D5C000DA8A345AB5E6355ADB8A365AA2C8375A4F
:10D5D000DC8A385ADD8A395ADE8A3A5ADF8A3B5A5F
:10D5E000E08A3C5ABDE63D5AE18A3E5AE28A3F5AF9
:10D5F000E38A405AB9E6415AE48A425AE58A435AD4
:10D60000E68A445AE78A455AE88A465AC5C6475ABE
:10D61000E98A485AEA8A495AF1CD4A5ABBE64B5A36
:10D62000EB8A4C5AEC8A4D5AED8A4E5AEE8A4F5A82
:10D63000EF8A505AF08A515AF18A525AF28A535A52
:10D64000F38A545AF48A555ABCE6565AF58A575A00
:10D65000F68A585AF78A595AF88A5A5AE9BB5B5AD5
:10D66000F98A5C5AFA8A5D5AFB8A5E5AFC8A5F5ACA
:10D67000FD8A605AFE8A615A408B625ABEE6635A3E
:10D68000418B645A428B655A438B665A448B675A66
:10D69000BAE6685A458B695A468B6A5AB7C06B5AC4
:10D6A000478B6C5A488B6D5A498B6E5A4A8B6F5A0E
:10D6B0004B8B705A4C8B715A4D8B725A4E8B735ADE
:10D6C0004F8B745AA4D3755ABFE6765AF4C9775A69
:10D6D000C3E6785A508B795A518B7A5AC4E67B5AF2
:10D6E000528B7C5A538B7D5A548B7E5A558B7F5A62
:10D6F000F6D0805A568B815A578B825A588B835A50
:10D70000598B845A5A8B855A5B8B865A5C8B875A05
:10D710005D8B885A5E8B895A5F8B8A5A608B8B5AD5
:10D72000618B8C5A628B8D5A638B8E5A648B8F5AA5
:10D73000658B905A668B915A678B925ABDC3935AE8
:10D74000688B945A698B955A6A8B965A6B8B975A49
:10D750006C8B985A6D8B995A6E8B9A5AC4C39B5A8C
:10D76000C2E69C5A6F8B9D5A708B9E5A718B9F5A42
:10D77000728BA05A738BA15A748BA25A758BA35AC1
:10D78000768BA45A778BA55A788BA65A798BA75A91
:10D790007A8BA85A7B8BA95A7C8BAA5AC1E6AB5AC2
:10D7A0007D8BAC5A7E8BAD5A808BAE5A818BAF5A33
:10D7B000828BB05A838BB15A848BB25AC7E6B35A64
:10D7C000B1CFB45A858BB55AF4EBB65A868BB75A9B
:10D7D000878BB85ACAE6B95A888BBA5A898BBB5A12
:10D7E0008A8BBC5A8B8BBD5A8C8BBE5AC5E6BF5AEE
:10D7F0008D8BC05A8E8BC15ADEBCC25AA9C9C35A7E
:10D800008F8BC45A908BC55A918BC65A928BC75A2C
:10D81000938BC85A948BC95AB5BCCA5A958BCB5AAC
:10D82000968BCC5AD3CFCD5A978BCE5A988BCF5A52
:10D83000998BD05A9A8BD15A9B8BD25AC8E6D35A1D
:10D840009C8BD45AC9E6D55A9D8BD65ACEE6D75A68
:10D850009E8BD85AD0E6D95A9F8BDA5AA08BDB5AC6
:10D86000A18BDC5AD1E6DD5AA28BDE5AA38BDF5A9C
:10D87000A48BE05ACBE6E15AD5B5E25AA58BE35A20
:10D88000CCE6E45AA68BE55AA78BE65ACFE6E75AD0
:10D89000A88BE85AA98BE95ADBC4EA5AAA8BEB5A3F
:10D8A000C6E6EC5AAB8BED5AAC8BEE5AAD8BEF5A09
:10D8B000AE8BF05AAF8BF15ACDE6F25AB08BF35AD9
:10D8C000B18BF45AB28BF55AB38BF65AB48BF75A24
:10D8D000B58BF85AB68BF95AB78BFA5AB88BFB5AF4
:10D8E000B98BFC5ABA8BFD5ABB8BFE5ABC8BFF5AC4
:10D8F000BD8B005BBE8B015BBF8B025BC08B035B90
:10D90000C18B045BC28B055BC38B065BC48B075B5F
:10D91000C58B085BC68B095BD2E60A5BC78B0B5BCA
:10D92000C88B0C5BC98B0D5BCA8B0E5BCB8B0F5B03
:10D93000CC8B105BCD8B115BCE8B125BCF8B135BD3
:10D94000D08B145BD18B155BD28B165BD4E6175B47
:10D95000D3E6185BD38B195BD48B1A5BD58B1B5B1F
:10D96000D68B1C5BD78B1D5BD88B1E5BD98B1F5B4B
:10D97000DA8B205BDB8B215BDC8B225BDD8B235B1B
:10D98000DE8B245BDF8B255BE08B265BE18B275BEB
:10D99000E28B285BE38B295BE48B2A5BE58B2B5BBB
:10D9A000E68B2C5BE78B2D5BE88B2E5BE98B2F5B8B
:10D9B000EA8B305BEB8B315BEC8B325BD5E6335B18
:10D9C000ED8B345BF8D9355BEE8B365BEF8B375BD9
:10D9D000D6E6385BF08B395BF18B3A5BF28B3B5BC5
:10D9E000F38B3C5BF48B3D5BF58B3E5BF68B3F5BD7
:10D9F000F78B405BD7E6415BF88B425BF98B435B6F
:10DA0000FA8B445BFB8B455BFC8B465BFD8B475B7A
:10DA1000FE8B485B408C495B418C4A5B428C4B5B84
:10DA2000438C4C5B448C4D5B458C4E5B468C4F5B12
:10DA3000478C505BD3D7515BDDE6525B488C535B20
:10DA4000DEE6545BD7BF555BD0D4565B498C575B41
:10DA5000D6D7585BE6B4595BEFCB5A5BDAE65B5B33
:10DA6000C3D85C5BCED75D5BA2D05E5B4A8C5F5B4C
:10DA7000CFC3605B4B8C615B4C8C625BDFE6635BAE
:10DA8000BEBC645BC2B9655BDBE6665BA7D1675B66
:10DA90004D8C685B4E8C695BA2BA6A5BCFC26B5BD4
:10DAA0004F8C6C5BABD86D5B508C6E5B518C6F5B3D
:10DAB000528C705BEBCA715BEEE5725B538C735BEF
:10DAC000DCE6745B548C755BF5B7765B558C775BE5
:10DAD000568C785B578C795B588C7A5BE6C87B5B9D
:10DAE000598C7C5B5A8C7D5BF5C47E5B5B8C7F5B69
:10DAF0005C8C805BB2E5815BFEC4825B5D8C835B8A
:10DB0000FCCB845BB3E5855BACD5865B5E8C875BC9
:10DB1000EED3885BD8CA895BB2B08A5B5F8C8B5BC3
:10DB2000CECB8C5BEACD8D5B608C8E5B618C8F5B2A
:10DB3000EABA905B628C915B638C925B648C935BC2
:10DB4000B5E5945B658C955BB4E5965B668C975BFD
:10DB5000DAD7985BD9B9995BE6D69A5BA8B69B5B96
:10DB6000F0CD9C5BCBD29D5BA6B19E5BB5CA9F5BA3
:10DB7000678CA05BE8B3A15BF3C9A25BCDBFA35BDD
:10DB8000FBD0A45BD2CAA55BB6E5A65BC2BBA75B14
:10DB9000688CA85B698CA95B6A8CAA5BDCCFAB5BE9
:10DBA000ACB9AC5B6B8CAD5B6C8CAE5B6D8CAF5B06
:10DBB0006E8CB05BD7D4B15B6F8CB25B708CB35B97
:10DBC000A6BAB45BE7D1B55BFCCFB65BD2BCB75BA2
:10DBD000718CB85BB7E5B95BDDC8BA5B728CBB5BB7
:10DBE000738CBC5B748CBD5BEDBFBE5BF6B1BF5B81
:10DBF000DECBC05B758CC15B768CC25BC5BCC35B86
:10DC0000778CC45BC4BCC55BFAD2C65BDCC3C75BA4
:10DC1000DCBFC85B788CC95B798CCA5B7A8CCB5BC8
:10DC20007B8CCC5BBBB8CD5B7C8CCE5B7D8CCF5BC7
:10DC30007E8CD05BC2C3D15B808CD25BAEBAD35B2F
:10DC4000A2D4D45B818CD55B828CD65B838CD75B72
:10DC5000848CD85B858CD95B868CDA5B878CDB5BAC
:10DC6000888CDC5B898CDD5BDEC7DE5BAFC4DF5B91
:10DC7000ECB2E05B8A8CE15BD1B9E25B8B8CE35B5D
:10DC80008C8CE45BBBE5E55BC8C1E65B8D8CE75B38
:10DC90008E8CE85BAFD5E95B8F8CEA5B908CEB5B9D
:10DCA000918CEC5B928CED5B938CEE5BBCE5EF5B57
:10DCB000948CF05BBEE5F15B958CF25B968CF35B2C
:10DCC000978CF45B988CF55B998CF65B9A8CF75B80
:10DCD0009B8CF85BE7B4F95BD4B6FA5BC2CBFB5B19
:10DCE000B0D1FC5BBCB5FD5B9C8CFE5B9D8CFF5B8F
:10DCF000D9CA005C9E8C015CE2B7025C9F8C035C1D
:10DD0000A08C045CE4C9055CA18C065CABBD075C1F
:10DD1000A28C085CA38C095CBECE0A5CF0D70B5CBD
:10DD2000A48C0C5CA58C0D5CA68C0E5CA78C0F5C87
:10DD3000A1D0105CA88C115CD9C9125CA98C135CB1
:10DD4000AA8C145CFBB6155CD8E6165CE2BC175CCA
:10DD5000AB8C185CBEB3195CAC8C1A5CD0C91B5C74
:10DD6000AD8C1C5CD9E61D5CA2B31E5CAE8C1F5C46
:10DD7000AF8C205CB08C215CB18C225CCCDE235C4F
:10DD8000B28C245CC8D3255CCDDE265CB38C275CCA
:10DD9000A2D2285CB48C295CB58C2A5CB68C2B5C36
:10DDA000B78C2C5CCEDE2D5CB88C2E5CB98C2F5CD5
:10DDB000BA8C305CBB8C315CCDBE325CBC8C335CCD
:10DDC000BD8C345CCFDE355CBE8C365CBF8C375C82
:10DDD000C08C385CACCA395CFCD23A5CDFB33B5CCB
:10DDE000EAE53C5CE1C43D5CA1BE3E5CB2CE3F5C7A
:10DDF000F2C4405CD6BE415CA8C6425CE3B2435C60
:10DE0000C18C445CC28C455CD3BE465CC38C475C11
:10DE1000C48C485CFCC7495CEBCC4A5CECBD4B5CF9
:10DE2000DDCE4C5CC58C4D5CC68C4E5CBACA4F5C7A
:10DE3000C1C6505CECE5515CBCD0525CC78C535CF5
:10DE4000C88C545CC98C555CB9D5565CCA8C575C7F
:10DE5000CB8C585CCC8C595CEDE55A5CCD8C5B5C12
:10DE6000CE8C5C5CCF8C5D5CD08C5E5CF4CA5F5CFD
:10DE7000D18C605CC0CD615CC5C2625CD28C635CDD
:10DE8000EFE5645CD38C655CC4C2665CF0E5675CFE
:10DE9000D48C685CD58C695CD68C6A5CD78C6B5CE6
:10DEA000D88C6C5CD98C6D5CDA8C6E5CF8E56F5C40
:10DEB000CDCD705CDB8C715CBDC9725CDC8C735C3D
:10DEC000DD8C745CDE8C755CDF8C765CE08C775C62
:10DED000E18C785CE28C795CD9D27A5CA8E17B5CDD
:10DEE000E38C7C5CE48C7D5CE58C7E5CE68C7F5C0A
:10DEF000ECD3805CE78C815CEACB825CF1C6835C0E
:10DF0000E88C845CE98C855CEA8C865CEB8C875CB5
:10DF1000EC8C885CACE1895CED8C8A5CEE8C8B5C73
:10DF2000EF8C8C5CA7E18D5CA9E18E5CF08C8F5C42
:10DF3000F18C905CAAE1915CAFE1925CF28C935C15
:10DF4000F38C945CEDB2955CF48C965CABE1975CE1
:10DF5000DAB8985CADE1995CAEE19A5CB0E19B5CAB
:10DF6000BAB59C5CB1E19D5CF58C9E5CF68C9F5CC7
:10DF7000F78CA05CF88CA15CF98CA25CB3E1A35C8B
:10DF8000B8E1A45CFA8CA55CFB8CA65CFC8CA75C5D
:10DF9000FD8CA85CFE8CA95CD2D1AA5C408DAB5CE8
:10DFA000B6E1AC5CB5E1AD5CEBC1AE5C418DAF5CA4
:10DFB000428DB05C438DB15CB7E1B25C448DB35C23
:10DFC000C0D4B45C458DB55CB2E1B65C468DB75C3F
:10DFD000BAE1B85CB6B0B95C478DBA5C488DBB5C41
:10DFE000498DBC5C4A8DBD5CB4E1BE5C4B8DBF5CB1
:10DFF000F9BFC05C4C8DC15CB9E1C25C4D8DC35CA6
:10E000004E8DC45CBBE1C55C4F8DC65C508DC75C5A
:10E01000518DC85C528DC95C538DCA5C548DCB5CEC
:10E02000BEE1CC5C558DCD5C568DCE5C578DCF5C02
:10E03000588DD05C598DD15C5A8DD25CBCE1D35CDB
:10E040005B8DD45C5C8DD55C5D8DD65C5E8DD75C64
:10E050005F8DD85C608DD95CC5D6DA5C618DDB5C88
:10E06000628DDC5C638DDD5C648DDE5C658DDF5C08
:10E07000668DE05C678DE15CBFCFE25C688DE35C40
:10E08000698DE45CBDE1E55CBFE1E65CCDC2E75CC7
:10E090006A8DE85CEBB6E95C6B8DEA5CF8D3EB5C0F
:10E0A0006C8DEC5C6D8DED5CCDC7EE5C6E8DEF5CC8
:10E0B0006F8DF05CE5B7F15C708DF25C718DF35C97
:10E0C000728DF45C738DF55C748DF65C758DF75C08
:10E0D000768DF85C778DF95C788DFA5C798DFB5CD8
:10E0E000FEBEFC5C7A8DFD5C7B8DFE5C7C8DFF5CF6
:10E0F0007D8D005D7E8D015D808D025DC0E1035DE3
:10E10000C1E1045D818D055D828D065DC7E1075D1E
:10E11000E7B3085D838D095D848D0A5D858D0B5D98
:10E12000868D0C5D878D0D5D888D0E5DE9C60F5D5A
:10E13000898D105D8A8D115D8B8D125D8C8D135DC7
:10E140008D8D145DDEB4155D8E8D165DC2D1175DAB
:10E150008F8D185D908D195D918D1A5D928D1B5D6F
:10E16000C8E11C5D938D1D5D948D1E5DC6E11F5D34
:10E17000958D205D968D215D978D225D988D235D17
:10E18000998D245DC5E1255D9A8D265DC3E1275DEE
:10E19000C2E1285D9B8D295DC0B12A5D9C8D2B5D00
:10E1A0009D8D2C5D9E8D2D5DB8D52E5DC4E12F5DBE
:10E1B0009F8D305DA08D315DA18D325DA28D335D6F
:10E1C000A38D345DCBE1355DA48D365DA58D375DC6
:10E1D000A68D385DA78D395DA88D3A5DA98D3B5D13
:10E1E000AA8D3C5DAB8D3D5DCCE13E5DCAE13F5DFE
:10E1F000AC8D405DAD8D415DAE8D425DAF8D435DBB
:10E20000B08D445DB18D455DB28D465DB38D475D8A
:10E21000FAEF485DB48D495DB58D4A5DD3E14B5D44
:10E22000D2E14C5DB6C74D5DB68D4E5DB78D4F5D8D
:10E23000B88D505DB98D515DBA8D525DBB8D535D0A
:10E24000BC8D545DBD8D555DBE8D565DBF8D575DDA
:10E25000C08D585DC9E1595DC18D5A5DC28D5B5D50
:10E26000CEE15C5DC38D5D5DD0E15E5DC48D5F5DC3
:10E27000C58D605DC68D615DC78D625DC88D635D56
:10E28000C98D645DCA8D655DCB8D665DCC8D675D26
:10E29000CD8D685DCE8D695DD4E16A5DCF8D6B5D9E
:10E2A000D1E16C5DCDE16D5DD08D6E5DD18D6F5D29
:10E2B000CFE1705DD28D715DD38D725DD48D735D54
:10E2C000D58D745DD5E1755DD68D765DD78D775D25
:10E2D000D88D785DD98D795DDA8D7A5DDB8D7B5D4A
:10E2E000DC8D7C5DDD8D7D5DDE8D7E5DDF8D7F5D1A
:10E2F000E08D805DE18D815DE28D825DD6E1835DA3
:10E30000E38D845DE48D855DE58D865DE68D875DBD
:10E31000E78D885DE88D895DE98D8A5DEA8D8B5D8D
:10E32000EB8D8C5DEC8D8D5DED8D8E5DEE8D8F5D5D
:10E33000EF8D905DF08D915DF18D925DF28D935D2D
:10E34000F38D945DF48D955DF58D965DF68D975DFD
:10E35000F78D985DF88D995DD7E19A5DF98D9B5D9C
:10E36000FA8D9C5DFB8D9D5DD8E19E5DFC8D9F5D72
:10E37000FD8DA05DFE8DA15D408EA25D418EA35DF1
:10E38000428EA45D438EA55D448EA65D458EA75D3D
:10E39000468EA85D478EA95D488EAA5D498EAB5D0D
:10E3A0004A8EAC5D4B8EAD5D4C8EAE5D4D8EAF5DDD
:10E3B0004E8EB05D4F8EB15D508EB25D518EB35DAD
:10E3C000528EB45D538EB55D548EB65D558EB75D7D
:10E3D000DAE1B85D568EB95D578EBA5D588EBB5D79
:10E3E000598EBC5D5A8EBD5D5B8EBE5D5C8EBF5D21
:10E3F0005D8EC05D5E8EC15D5F8EC25D608EC35DF1
:10E40000618EC45D628EC55DDBE1C65D638EC75DF6
:10E41000648EC85D658EC95D668ECA5D678ECB5D94
:10E42000688ECC5D698ECD5DA1CECE5D6A8ECF5DEE
:10E430006B8ED05D6C8ED15D6D8ED25D6E8ED35D38
:10E440006F8ED45D708ED55D718ED65D728ED75D08
:10E45000738ED85D748ED95D758EDA5D768EDB5DD8
:10E46000DDE7DC5D778EDD5DA8B4DE5DDDD6DF5DEA
:10E47000788EE05D798EE15DB2D1E25DB2B3E35DAD
:10E480007A8EE45D7B8EE55DA4B9E65DF3D7E75D4A
:10E49000C9C7E85DDEBEE95DAEB9EA5D7C8EEB5DC5
:10E4A000D7CEEC5D7D8EED5D7E8EEE5DEEB2EF5DE6
:10E4B000CFDBF05D808EF15DBABCF25DD1D2F35D51
:10E4C000C8CBF45DCDB0F55D818EF65D828EF75DD3
:10E4D000EFCFF85D838EF95D848EFA5D858EFB5DEE
:10E4E000868EFC5D878EFD5DE3D9FE5DEDBDFF5D33
:10E4F000888E005E898E015ED2B1025ED0CA035E54
:10E50000BCB2045E8A8E055EA7CB065EABB7075E23
:10E510008B8E085EA6CA095E8C8E0A5E8D8E0B5E9F
:10E520008E8E0C5EA3CF0D5E8F8E0E5E908E0F5E74
:10E53000F8E0105ECAD5115EFBE0125E918E135EAC
:10E54000928E145EFAE0155EC1C5165EFBCC175EB6
:10E55000938E185EB1C1195EF9E01A5EE3D61B5EB8
:10E56000AFB21C5EC4D61D5EDBB51E5E948E1F5E10
:10E57000958E205E968E215E978E225E988E235E0B
:10E58000998E245E9A8E255E9B8E265EF8B4275E59
:10E59000A1D6285E9C8E295E9D8E2A5E9E8E2B5E65
:10E5A0009F8E2C5EA08E2D5EAFCF2E5EEFB02F5EC5
:10E5B000A18E305EA28E315EFCE0325EA38E335EB1
:10E5C000A48E345EA58E355EA68E365EA78E375E2F
:10E5D000A1E1385EA3B3395EA88E3A5EA98E3B5E98
:10E5E000FDE03C5EFEE03D5EB1C33E5EAA8E3F5E56
:10E5F000AB8E405EAC8E415EAD8E425EDDC3435E4F
:10E60000AE8E445EA2E1455EF9B7465EAF8E475ED0
:10E61000B08E485EB18E495EB28E4A5EB38E4B5E5E
:10E62000B48E4C5ECFBB4D5EB58E4E5EB68E4F5EE9
:10E63000B78E505EB88E515EB98E525EBA8E535E02
:10E64000BB8E545EA3E1555EBBC4565EBC8E575E66
:10E65000BD8E585EBE8E595EBF8E5A5EC08E5B5EAA
:10E66000A4E15C5EC18E5D5EC28E5E5EA5E15F5E12
:10E67000C38E605EC48E615EA6E1625EB1B4635E0D
:10E68000C58E645EC68E655EC78E665EC88E675E2A
:10E69000C98E685ECA8E695ECB8E6A5ECC8E6B5EFA
:10E6A000CD8E6C5ECE8E6D5ECF8E6E5ED08E6F5ECA
:10E6B000D18E705ED28E715ED38E725EC9B8735E7B
:10E6C000BDC6745EEAC4755ED48E765EA2B2775E15
:10E6D000D58E785ED2D0795ED68E7A5EDBE77B5EB1
:10E6E000C3BB7C5ED7D37D5EC4D37E5ED78E7F5E98
:10E6F000E3B9805ECFE2815ED88E825ED98E835E82
:10E70000DA8E845EAFD7855EDB8E865EECC7875E71
:10E71000D3B1885EDC8E895EDD8E8A5EB2B48B5E9C
:10E72000D1E28C5EDE8E8D5EDF8E8E5EE08E8F5E41
:10E73000F2D0905EAEC2915ED0E2925EE18E935EC8
:10E74000E2BF945EA6D3955ED7B5965ED2E2975EA1
:10E75000EAB5985EE28E995EEDC39A5EFDB89B5E67
:10E76000E38E9C5EAEB89D5EE48E9E5ED3C59F5EDA
:10E77000CFB7A05ED4E2A15EE58EA25EE68EA35E78
:10E78000E78EA45EE88EA55ED3E2A65EC8B6A75E5D
:10E79000F9D7A85EE98EA95EEA8EAA5EEB8EAB5E23
:10E7A000EC8EAC5EED8EAD5EA5CDAE5EEE8EAF5E58
:10E7B000EF8EB05EF08EB15EF18EB25EF28EB35E21
:10E7C000D8E2B45EF38EB55ED6E2B65EFCCAB75E42
:10E7D000B5BFB85EB9D3B95ED5E2BA5EF48EBB5EA2
:10E7E000F58EBC5EF68EBD5EF78EBE5ED7E2BF5E76
:10E7F000F88EC05EF98EC15EFA8EC25EFB8EC35E7D
:10E80000FC8EC45EFD8EC55EFE8EC65E408FC75E0A
:10E81000418FC85E428FC95EAEC1CA5EC8C0CB5EC2
:10E82000438FCC5E448FCD5E458FCE5E468FCF5EEC
:10E83000478FD05E488FD15EDBE2D25EDAE2D35EF4
:10E84000AAC0D45E498FD55E4A8FD65ECEC1D75E50
:10E850004B8FD85E4C8FD95E4D8FDA5E4E8FDB5E6C
:10E86000DCE2DC5E4F8FDD5E508FDE5E518FDF5E5F
:10E87000528FE05E538FE15E548FE25E558FE35E10
:10E88000568FE45E578FE55E588FE65E598FE75EE0
:10E890005A8FE85EDDE2E95E5B8FEA5EDEE2EB5E08
:10E8A0005C8FEC5E5D8FED5E5E8FEE5E5F8FEF5E88
:10E8B000608FF05E618FF15E628FF25E638FF35E58
:10E8C000648FF45EC8DBF55E658FF65ED3D1F75ECC
:10E8D000A2CDF85E668FF95E678FFA5EA8BDFB5E1B
:10E8E000688FFC5E698FFD5E6A8FFE5EC3DEFF5E31
:10E8F000A5D8005FAABF015FCDDB025FECD2035F4A
:10E90000FAC6045FAAC5055F6B8F065F6C8F075F51
:10E910006D8F085FC4DE095F6E8F0A5FD7B10B5F32
:10E92000AEDF0C5F6F8F0D5F708F0E5F718F0F5FAB
:10E93000BDCA105F728F115FB1DF125F738F135FFB
:10E94000ADB9145F748F155FFDD2165F758F175FB9
:10E95000A5B8185FEBBA195F768F1A5F778F1B5FC8
:10E96000DAB31C5F788F1D5F798F1E5F7A8F1F5F10
:10E97000DCB5205FC5D5215F7B8F225F7C8F235F55
:10E980007D8F245F7E8F255FD6C3265FD2CF275F22
:10E99000A1BB285F808F295FF3E52A5FF2E52B5F3B
:10E9A000818F2C5F828F2D5FF4E52E5F838F2F5F29
:10E9B000E4CD305F848F315FF5C8325F858F335F80
:10E9C000868F345F878F355F888F365F898F375F9B
:10E9D0008A8F385F8B8F395FAFB53A5FBFC73B5FB8
:10E9E0008C8F3C5FF6E53D5F8D8F3E5F8E8F3F5F86
:10E9F0008F8F405FB0EC415F908F425F918F435F9C
:10EA0000928F445F938F455F948F465F958F475FEA
:10EA1000968F485F978F495F988F4A5F998F4B5FBA
:10EA20009A8F4C5F9B8F4D5F9C8F4E5F9D8F4F5F8A
:10EA30009E8F505FE6E5515F9F8F525FE9B9535F4C
:10EA4000B1B5545FA08F555FBCC2565FE8E5575F14
:10EA5000E7E5585FE9E5595FA18F5A5FA28F5B5FD9
:10EA6000A38F5C5FA48F5D5FCDD25E5FA58F5F5F7C
:10EA7000A68F605FA78F615FEAE1625FCED0635FC0
:10EA8000A88F645FAECD655FA98F665FE5D1675FD4
:10EA9000AA8F685FAB8F695FCAB26A5FEBB16B5FC9
:10EAA000AC8F6C5FF2B16D5FEDC56E5FAD8F6F5F68
:10EAB000AE8F705FC3D5715FB0D3725FAF8F735F7E
:10EAC000DCE1745FB08F755FB18F765FB28F775F77
:10EAD000DDE1785FB38F795FDBD27A5FB48F7B5FE4
:10EAE000B9B37C5FCBB17D5FB58F7E5FB68F7F5F43
:10EAF000B78F805FF9CD815FF7D5825FDEE1835FFD
:10EB0000B88F845FB6BE855FFDB4865FB98F875FBF
:10EB1000DFE1885FDCBA895FE0E18A5FB2BB8B5FCF
:10EB2000C9C28C5FE1E18D5FBA8F8E5FBB8F8F5F53
:10EB3000BC8F905FECD0915FBD8F925FBDCD935F36
:10EB4000BE8F945FBF8F955FE2E1965FC08F975F46
:10EB5000C3B5985FC7C5995FE3E19A5FC18F9B5FBB
:10EB6000C28F9C5FE4E19D5FC38F9E5FC48F9F5FF8
:10EB7000C58FA05FC68FA15FF9D3A25FC78FA35FC8
:10EB8000C88FA45FC98FA55FCA8FA65FCB8FA75F11
:10EB9000CC8FA85FE5E1A95FCD8FAA5FADD1AB5F58
:10EBA000CE8FAC5FCF8FAD5FE6E1AE5FA2CEAF5F41
:10EBB000D08FB05FD18FB15FD28FB25FD38FB35F91
:10EBC000D48FB45FD58FB55FE7E1B65FD68FB75FFF
:10EBD000C2B5B85FD78FB95FD88FBA5FD98FBB5F27
:10EBE000DA8FBC5FE8E1BD5FD5BBBE5FDB8FBF5F87
:10EBF000DC8FC05FDD8FC15FDE8FC25FDF8FC35FE1
:10EC0000C4D0C45FE0E2C55FD8B1C65FE4D2C75FDD
:10EC1000E08FC85FE18FC95FE1E2CA5FE28FCB5F3F
:10EC2000E38FCC5FC9BCCD5FCCC8CE5FE48FCF5F34
:10EC3000E3E2D05FFEECD15FFDECD25FAFDFD35FEC
:10EC4000E58FD45FE68FD55FE78FD65FE2E2D75FCF
:10EC5000BED6D85FFCCDD95FA6C3DA5FE88FDB5F95
:10EC6000E98FDC5FEA8FDD5FC3E3DE5FEB8FDF5FA1
:10EC7000EC8FE05FD2D6E15FE7E2E25FED8FE35F2A
:10EC8000EE8FE45FE8E2E55FEF8FE65FF08FE75F2E
:10EC9000C7D3E85FF18FE95FF28FEA5FECE2EB5FE9
:10ECA000ECBFEC5FF38FED5FEDE2EE5FE5E2EF5F6F
:10ECB000F48FF05FF58FF15FC0B3F25FF68FF35F13
:10ECC000F78FF45FF88FF55FEEC4F65FF98FF75FAB
:10ECD000FA8FF85FEEE2F95FFB8FFA5FFC8FFB5F64
:10ECE000C3D0FC5FFD8FFD5FF6BAFE5FE9E2FF5F18
:10ECF000DEB70060B3BB0160ACCC0260CBCB03607D
:10ED0000E4E20460E6E20560EAE20660EBE2076046
:10ED1000FE8F08604090096041900A60F7E20B6046
:10ED200042900C6043900D60F4E20E60F5D40F60E9
:10ED3000F3E210604490116045901260ADC513601D
:10ED400046901460FAD51560C2C51660C0B217604F
:10ED50004790186048901960EFE21A6049901B6074
:10ED6000F2E21C60AFC11D60BCCB1E604A901F6008
:10ED70004B902060A1B52160F9E222604C902360A5
:10ED80004D9024604E902560B1BC2660F1E2276072
:10ED9000D4D02860B9D42960F5E22A60D6B92B60B6
:10EDA000F6E22C604F902D6050902E6051902F60B5
:10EDB000D3C73060529031605390326054903360CA
:10EDC0005590346056903560F0E236605790376069
:10EDD00058903860599039605A903A605B903B6027
:10EDE000DCD73C60A1ED3D605C903E605D903F6093
:10EDF000F8E240605E904160A5ED4260FEE2436053
:10EE0000D1CA44605F904560609046606190476001
:10EE1000629048606390496064904A6065904B607E
:10EE2000B5C14C6066904D60D0BB4E6067904F603E
:10EE300068905060D6BF516069905260E3BA5360E9
:10EE40006A9054606B905560A1CB56606C9057608F
:10EE50006D9058606E905960A6ED5A60A3ED5B60AE
:10EE60006F905C6070905D60A2ED5E6071905F601D
:10EE7000729060607390616074906260D6BB6360F2
:10EE8000A7ED6460F4D06560759066607690676009
:10EE9000A4ED6860DEBA6960F7B66A60A1E36B60F2
:10EEA000B2B66C60F1CC6D60A7B96E6077906F60A0
:10EEB000A2CF7060A1C77160789072607990736022
:10EEC000D2BF74607A9075607B907660F1B677609F
:10EED0007C907860FAE27960FBE27A60FDE27B6028
:10EEE000FCE27C60D5C47D60A2E37E607D907F60A3
:10EEF000C1D380607E9081608090826081908360C9
:10EF0000A7E38460C4C78560829086608390876031
:10EF10008490886085908960A4CF8A6086908B6099
:10EF200087908C60A9E38D60B7BA8E6088908F60FF
:10EF3000899090608A9091608B909260A8E3936032
:10EF40008C909460DABB95608D909660A3E3976097
:10EF50008E9098608F90996090909A60A4E39B60E7
:10EF6000AAE39C6091909D60A6E39E6092909F6052
:10EF7000F2CEA060C6D3A1609390A2609490A360EB
:10EF8000BCBBA4609590A5609690A660C3D4A76012
:10EF90009790A860FAC4A9609890AA609990AB6015
:10EFA000A8EDAC60FCD0AD60A5E3AE609A90AF6018
:10EFB000F5C3B0609B90B160ADE3B260AFB1B36038
:10EFC0009C90B460B2E3B5609D90B6609E90B760CF
:10EFD0009F90B860C2BCB960A090BA60A190BB60BD
:10EFE000ACE3BC60BFB5BD60A290BE60A390BF6043
:10EFF000A490C060A590C160A690C260A790C360B5
:10F00000A890C460A990C560E9C7C660B0E3C760B6
:10F01000AA90C860AB90C960AC90CA60AABECB6031
:10F02000EFCDCC60AD90CD60AE90CE60AF90CF60B4
:10F03000B090D060B190D160F3BBD260B290D36099
:10F04000B390D460B490D560E8CCD660B590D7606A
:10F05000B690D860AFE3D960B790DA60B1E3DB6017
:10F06000B890DC60A7CFDD60AEE3DE60B990DF6012
:10F07000A9CEE060DDBBE160BA90E260BB90E360E6
:10F08000BC90E460BD90E560BE90E660EBB5E760E3
:10F09000E5BEE860D2B2E960CDB3EA60BF90EB6054
:10F0A000B9B1EC60ABE3ED60D1B2EE60ACB5EF604E
:10F0B000DFB9F060E8B6F160C090F260C190F36033
:10F0C000EBCFF460B7E3F560C290F660CCBBF760BD
:10F0D000C390F860C490F960C7C8FA60CAD0FB60FA
:10F0E000C590FC60C690FD60C790FE60C890FF6050
:10F0F000C9900061B8E30161EEB30261CA90036197
:10F10000CB900461CC900561CD900661A9ED0761BB
:10F11000CE900861FAD30961E4D30A61CF900B6104
:10F12000D0900C61D1900D61AAED0E61B9E30F6131
:10F13000E2D21061D2901161D3901261D490136128
:10F14000D5901461D6901561B5E31661D79017611B
:10F15000D8901861D9901961DA901A61DED31B61D9
:10F16000DB901C61DC901D61DD901E61DE901F61F3
:10F17000D0B82061B3E32161DF902261E090236188
:10F18000B6E32461DFB72561E1902661B4E327612E
:10F19000A2C02861E2902961E3902A61E4902B618A
:10F1A000BAE32C61E5902D61E6902E61E7902F6126
:10F1B000E8903061E9903161EA903261EB9033611F
:10F1C000EC903461ED903561EE903661EF903761EF
:10F1D000F0903861F1903961F2903A61F3903B61BF
:10F1E000F4903C61F5903D61F6903E61F7903F618F
:10F1F000B8D44061F8904161F9904261FA9043615E
:10F20000FB904461FC904561FD904661FE90476132
:10F2100040914861C8B4496141914A61BBE34B6187
:10F2200042914C61C5BB4D6143914E61F7C94F613D
:10F230004491506145915161E5C9526146915361D4
:10F240004791546148915561BDC4566149915761D8
:10F250004A9158614B9159614C915A614D915B6152
:10F260004E915C614F915D61ABED5E6150915F616C
:10F27000519160615291616153916261FDC263611C
:10F2800054916461559165615691666157916761CA
:10F29000DBBB6861AEBF696158916A6159916B616E
:10F2A0005A916C615B916D615C916E615D916F6172
:10F2B0005E917061BFCE71615F91726160917361A7
:10F2C0006191746162917561BCE37661639177616C
:10F2D000B6BF78616491796165917A6166917B616D
:10F2E00067917C6168917D6169917E616A917F61BE
:10F2F0006B9180616C9181616D9182616E9183618E
:10F300006F9184617091856171918661729187615D
:10F31000739188617491896175918A6176918B612D
:10F32000EFB18C6177918D6178918E61F7D48F61A7
:10F33000799190617A9191617B9192617C919361D5
:10F340007D919461BEE395617E9196618091976114
:10F35000819198618291996183919A6184919B6175
:10F3600085919C6186919D61ADED9E6187919F61C4
:10F370008891A0618991A1618A91A2618B91A36119
:10F380008C91A4618D91A5618E91A6618F91A761E9
:10F39000BFE3A861A9BAA961ACEDAA619091AB6184
:10F3A0009191AC61BDE3AD619291AE619391AF611A
:10F3B0009491B0619591B1619691B2619791B36169
:10F3C0009891B4619991B5619A91B6619B91B76139
:10F3D000C0E3B8619C91B9619D91BA619E91BB6196
:10F3E0009F91BC61A091BD61A191BE61B6BABF61A0
:10F3F000A291C061A391C161A491C261AEB6C36183
:10F40000A591C461A691C561A791C661A891C76184
:10F41000A991C861B8D0C961AA91CA61C3B0CB61D2
:10F42000AEEDCC61AB91CD61AC91CE61AD91CF61D0
:10F43000AE91D061AF91D161AFEDD261C1C0D36166
:10F44000B091D461C1E3D561B191D661B291D76178
:10F45000B391D861B491D961B591DA61B691DB61AC
:10F46000B791DC61B891DD61B991DE61BA91DF617C
:10F47000BB91E061BC91E161BD91E261BE91E3614C
:10F48000BF91E461C091E561C191E661B3C5E761F7
:10F49000C291E861C391E961C491EA61C591EB61F0
:10F4A000C691EC61C791ED61C891EE61C991EF61C0
:10F4B000CA91F061CB91F161CC91F261CD91F36190
:10F4C000CE91F461CF91F561C2E3F661D091F7611D
:10F4D000D191F861D291F961D391FA61D491FB6134
:10F4E000D591FC61D691FD61D791FE61D891FF6104
:10F4F000B2DC0062D9910162DA910262DB910362AF
:10F50000DC910462DD910562DE910662B0ED076276
:10F51000DF910862EAB80962E0910A62ECCE0B6200
:10F52000A7EA0C62E7D00D62F9CA0E62D6C80F6274
:10F53000B7CF1062C9B31162D2CE1262E4BD1362BA
:10F54000E1911462E2911562DEE31662F2BB17628A
:10F55000A8EA1862BDD51962E3911A62DDC61B6282
:10F56000A9EA1C62E4911D62E5911E62E6911F62A8
:10F57000AAEA2062E7912162ACEA2262ABEA236246
:10F58000E8912462AEEA2562ADEA2662E99127623B
:10F59000EA912862EB912962EC912A62D8BD2B6234
:10F5A000ED912C62AFEA2D62EE912E62BEC22F6207
:10F5B000EF913062F0913162F1913262F2913362F7
:10F5C000C1B43462F7B43562F3913662F4913762B4
:10F5D000A7BB3862F5913962F6913A62F7913B62C6
:10F5E000F8913C62F9913D62E6EC3E62E5EC3F62E7
:10F5F000BFB74062F9CB4162E2B14262FA91436225
:10F60000E7EC4462FB914562FC914662FD914762E2
:10F61000C8C94862E8EC4962E9EC4A62FE914B6273
:10F62000D6CA4C62D0DE4D62C5B24E62FAD44F6289
:10F630004092506241925162CBC65262C7B053624F
:10F64000F2B45462D3C855624292566243925762F2
:10F6500044925862D0CD596245925A6246925B629A
:10F66000B8BF5C6247925D6248925E6249925F6297
:10F670004A9260624B9261624C9262624D92636206
:10F68000DBBF64624E9265624F926662A4C7676296
:10F69000B4D6686250926962A9C06A62D1DE6B62B8
:10F6A000A8C96C62EFD16D62A4C56E62E7B06F62EB
:10F6B000B6B37062C5C8716251927262529273623F
:10F6C000E2B074625392756254927662F6B77762D2
:10F6D0005592786256927962FAC57A6257927B6245
:10F6E00058927C62F3B67D6259927E62D2D57F6277
:10F6F000D0B38062BCBC81625A9282625B928362A8
:10F700005C928462ADB385625D9286625E9287622E
:10F710005F92886260928962F1BE8A62D1B08B6228
:10F7200061928C6262928D6263928E6264928F6249
:10F730006592906266929162D6D29262E3CA9362B7
:10F74000A5D7946267929562B6CD9662B6B6976277
:10F75000B9BF9862DBD5996268929A62A7B89B623A
:10F76000D7C59C6269929D626A929E626B929F620B
:10F77000D2DEA062D9BFA162D5C2A262C0C7A36215
:10F780006C92A462A4BBA562A8B1A6626D92A762A6
:10F790006E92A862EAC5A9626F92AA627092AB6289
:10F7A000FBC5AC62A7CCAD627192AE627292AF62E1
:10F7B0007392B0627492B162A7B1B2627592B36291
:10F7C0007692B4627792B562D6B5B6627892B76235
:10F7D0007992B8627A92B962A8C4BA627B92BB622B
:10F7E000D3DEBC62BAD1BD62E9B3BE627C92BF62B5
:10F7F000F2C3C0627D92C1627E92C262F7B7C362F9
:10F800008092C462F4D6C562A3B5C662F0B2C76284
:10F81000B4C4C862E9C4C962ADC0CA62D4DECB62F6
:10F820008192CC62E8B0CD62C4C5CE62E0C1CF6245
:10F830008292D062D5B9D1628392D262DCBED362A9
:10F84000D8CDD462CEB0D5628492D662CFCDD76205
:10F85000D6DED862D0BED962BED7DA62D5DEDB6230
:10F86000D0D5DC62DDB0DD628592DE628692DF6239
:10F87000E2C4E0628792E1628892E262A3C2E3623C
:10F88000F0BCE4628992E562B5D3E662B9C0E76292
:10F89000A1C5E862A6B2E962F1D4EA628A92EB629B
:10F8A0008B92EC62A8C0ED62C3CAEE62D7DEEF6253
:10F8B000FCD5F0628C92F162B0B9F2628D92F36283
:10F8C000ADC8F462A9CBF5628E92F662D9DEF7621A
:10F8D000BDBFF8628F92F9629092FA629192FB62D8
:10F8E0009292FC62B4C6FD62A7D7FE62B0CAFF6204
:10F8F000C3C4006393920163D6B30263D2B90363B6
:10F9000094920463959205639692066397920763B7
:10F91000B8D60863FCEA0963B4B00A6398920B6333
:10F9200099920C639A920D639B920E63E6BF0F63EC
:10F930009C9210639D921163F4CC12639E921363A8
:10F940009F921463A0921563A1921663DACD176398
:10F95000A2921863A3921963A4921A63BFD61B6381
:10F96000CEC21C63A5921D63CECE1E63A2CC1F63C4
:10F97000AED02063D3C42163B2B52263D8DE236343
:10F98000F5D52463B7BC2563D3BB2663A692276352
:10F99000A7922863A4B02963A8922A63B2C52B63F7
:10F9A000ECB42C63A9922D63AA922E63AB922F63C1
:10F9B000F1D53063AC923163AD923263FDEA3363CB
:10F9C000AE923463AF923563B0923663B1923763CF
:10F9D000B2923863B3923963DADE3A63A6CD3B6301
:10F9E000B4923C63B5923D63ECCD3E63B6923F6307
:10F9F000B7924063B8924163B9924263E6CE4363E3
:10FA0000DCDE4463BA924563B1CD4663A6C047636A
:10FA1000BB924863BC924963BDD74A63BD924B63B6
:10FA2000DBDE4C63C6B04D63B4BA4E63D3C94F63DB
:10FA3000F3C45063E8BE5163BE925263BF925363F6
:10FA4000C0925463C1925563B6B25663C292576373
:10FA5000C3925863C4925963C5925A63C6925B635A
:10FA6000C7925C63C8925D63C9925E63CCC05F63FA
:10FA7000F0CB6063CA926163F1BC6263BBBB63633A
:10FA8000B7B56463CB926563CC926663CD926763CE
:10FA9000F5C56863CE926963E6DE6A63CF926B63F5
:10FAA000D0926C63D1926D63E3DE6E63DDBE6F63F3
:10FAB000D2927063D3927163DFDE7263D492736308
:10FAC000D5927463D6927563D7927663B7B4776331
:10FAD000DDBD7863D8927963D9927A63E0DE7B6387
:10FAE000EDC47C63DA927D63DB927E63DC927F639C
:10FAF000DD928063C6CF8163DE928263E0B583636B
:10FB0000DF928463E0928563E1928663E292876389
:10FB1000DEB68863DACA8963F4B58A63E5DE8B638F
:10FB2000E3928C63C6D58D63E4928E63E1DE8F63CE
:10FB3000CDCC9063FEC69163E5929263C5C5936395
:10FB4000E6929463E7929563E8929663B4D29763E2
:10FB5000E9929863F2BE9963EA929A63EB929B638F
:10FB6000EC929C63ED929D63EE929E63EF929F6395
:10FB7000F092A063D3C2A163F192A263BDCCA36350
:10FB8000B8B3A463F292A563D3BDA663F392A7634F
:10FB9000D8BFA863C6CDA963DAD1AA63EBB4AB63BF
:10FBA000F492AC63E4DEAD63DDDEAE63E7DEAF634B
:10FBB000F592B063FEEAB163F692B263F792B36373
:10FBC000B0C2B463E2DEB563F892B663F992B7638C
:10FBD000C0D6B863A7B5B963FA92BA63F4B2BB638F
:10FBE000FB92BC63E8DEBD63FC92BE63F2DEBF63E2
:10FBF000FD92C063FE92C1634093C2634193C363AD
:10FC00004293C463EDDEC5634393C663F1DEC7630D
:10FC10004493C8634593C963E0C8CA634693CB6302
:10FC20004793CC634893CD63E1D7CE63EFDECF63D8
:10FC3000E8C3D063E1CCD1634993D263E5B2D36327
:10FC40004A93D4634B93D5634C93D663BED2D763A8
:10FC50004D93D8634E93D9634F93DA635093DB632C
:10FC60005193DC635293DD635393DE63EEDEDF6317
:10FC70005493E063EBDEE163D5CEE2635593E36337
:10FC8000A7B4E4635693E5635793E6635893E76339
:10FC90005993E8635A93E963ABBFEA63BEBEEB6373
:10FCA0005B93EC635C93ED63D2BDEE635D93EF63B6
:10FCB0005E93F0635F93F1636093F263E9DEF36355
:10FCC0006193F463AED4F5636293F663DEDEF763AB
:10FCD0006393F863EADEF9636493FA636593FB6305
:10FCE0006693FC636793FD63BFC0FE636893FF6325
:10FCF000ECDE0064F3B20164E9B80264A7C20364F5
:10FD0000699304646A930564C1BD06646B930764D8
:10FD10006C9308646D9309646E930A646F930B642B
:10FD2000F5DE0C64F8DE0D6470930E6471930F645D
:10FD3000ABB21064A4B4116472931264739313642D
:10FD4000EAB41464A6C915647493166475931764B1
:10FD5000769318647793196478931A6479931B6483
:10FD6000F6DE1C64D1CB1D647A931E64E3B81F6475
:10FD70007B932064F7DE2164FADE22647C932364A3
:10FD80007D9324647E93256480932664F9DE276442
:10FD9000819328648293296483932A64C2CC2B6460
:10FDA00084932C64E1B02D64EEB42E6485932F64AB
:10FDB0008693306487933164889332648993336483
:10FDC0008A933464BAE535648B9336648C933764D4
:10FDD0008D9338648E9339648F933A64AFD03B64CB
:10FDE00090933C6491933D64EBB23E6492933F6484
:10FDF000A1EB406493934164F4DE426494934364C2
:10FE000095934464E3C94564F3DE4664DAB047641D
:10FE1000A1D24864F7B1496496934A64AFCC4B646D
:10FE200097934C6498934D6499934E649A934F645E
:10FE30009B9350649C9351649D935264F0DE536491
:10FE40009E935464A4CB55649F935664A0935764C7
:10FE5000A1935864AAD55964A2935A64A3935B648E
:10FE6000A4935C64A5935D64A6935E64FBDE5F640B
:10FE7000A7936064A8936164A9936264AA9363647E
:10FE8000AB936464AC936564AD936664AE9367644E
:10FE9000DDB46864AF936964A6C46A64B0936B64AC
:10FEA000B1936C64B2936D64FDDE6E64B3936F6462
:10FEB000B4937064B5937164B6937264B7937364CA
:10FEC000B8937464B9937564BA937664BB9377649A
:10FED000BC937864FEC37964A1C47A64A1DF7B64B7
:10FEE000BD937C64BE937D64BF937E64C0937F6446
:10FEF000C1938064C2938164C3938264CCC18364E0
:10FF0000C4938464FCDE8564EFBE8664C593876415
:10FF1000B2C68864C6938964C7938A64C8938B64A5
:10FF2000C9938C64CA938D64CB938E64CC938F6495
:10FF3000CD939064CE939164C5B39264F6C89364F4
:10FF4000CF939464D0939564BACB9664FEDE9764A5
:10FF5000D1939864D2939964A4DF9A64D3939B64F9
:10FF6000D4939C64D5939D64D6939E64B2D79F64CA
:10FF7000D793A064D893A164D993A264DA93A364BD
:10FF8000DB93A464B7B3A564DC93A664DD93A76494
:10FF9000DE93A864DF93A964C3C1AA64E093AB6451
:10FFA000E193AC64CBC7AD64A5B2AE64E9B4AF6411
:10FFB000E293B064ABD7B164E393B264E493B36407
:10FFC000E593B464E693B564ECC4B664E793B764B0
:10FFD000A2DFB864A3DFB964E893BA64A5DFBB64A9
:10FFE000E993BC64B3BABD64EA93BE64EB93BF64A7
:10FFF000EC93C064A6DFC164ED93C264DEC0C36449
:020000040801F1
:10000000EE93C464EF93C564C3C9C664F093C76438
:10001000F193C864F293C964F393CA64F493CB6414
:10002000F593CC64F693CD64D9B2CE64E6C7CF64C1
:10003000F793D064A7DFD164F893D264DCC7D364AC
:10004000F993D464FA93D564FB93D664FC93D76494
:10005000A8DFD864A2EBD964FD93DA64FE93DB6475
:100060004094DC644194DD644294DE64D3CBDF646D
:100070004394E0644494E1644594E264AADFE36459
:100080004694E464A9DFE5644794E664C1B2E7649A
:100090004894E8644994E9644A94EA644B94EB64B4
:1000A0004C94EC644D94ED644E94EE644F94EF6484
:1000B0005094F0645194F1645294F2645394F36454
:1000C0005494F4645594F5645694F6645794F76424
:1000D0005894F8645994F9645A94FA645B94FB64F4
:1000E0005C94FC645D94FD645E94FE645F94FF64C4
:1000F00060940065CAC501656194026562940365F8
:100100006394046564940565659406656694076563
:100110006794086568940965ABDF0A6569940B65A7
:100120006A940C656B940D656C940E656D940F6507
:100130006E9410656F94116570941265DCD413652C
:1001400071941465729415657394166574941765AB
:1001500075941865C1C8196576941A6577941B65FE
:1001600078941C6579941D657A941E657B941F654F
:100170007C9420657D9421657E942265809423651E
:100180008194246582942565ACDF26658394276578
:10019000849428658594296586942A6587942B65BF
:1001A000F0BE2C6588942D6589942E65ADDF2F6592
:1001B000A7D630658A9431658B9432658C9433650B
:1001C0008D943465B7EA3565B6EB3665D5CA3765C3
:1001D0008E943865FCD83965C4B83A658F943B6510
:1001E000A5B93C6590943D6591943E65C5B73F6562
:1001F000FED540659294416593944265949443651D
:100200009594446596944565CAB946659794476543
:1002100098944865A7D04965CDF44A6599944B6593
:100220009A944C65D0B54D659B944E659C944F65F2
:10023000F4C350659D945165C8BE52659E94536544
:100240009F945465A0945565B7EB5665BDB057654E
:10025000A1945865A2945965CCBD5A65A3945B6579
:10026000B2C15C65A4945D65D6B15E65A8B35F65F7
:10027000A5946065A6946165A7946265D2B863652C
:10028000A2C96465A8946565A9946665D8B66765D2
:10029000AA946865AB946965AC946A65AD946B6526
:1002A000B8EB6C65B4BE6D65AE946E65AF946F656A
:1002B000B0947065FDCA7165B1947265C3C773650A
:1002C000B2947465FBD57565B3947665B49477651F
:1002D000F3B77865B5947965B6947A65B7947B651C
:1002E000B8947C65B9947D65BA947E65BB947F654E
:1002F000BC948065BD948165BE948265BF9483651E
:10030000C0948465C1948565C2948665C3948765ED
:10031000C4CE8865C4948965C5948A65C6948B6586
:10032000ABD58C65F3B18D65C7948E65C8948F6528
:10033000C9949065B3EC9165DFB09265CA949365FA
:10034000B5EC9465CB949565CC949665CD94976502
:10035000B7B69865CE949965CFC19A65CF949B65E1
:10036000FAF59C65B1D09D65D0949E65D1949F654A
:10037000E5D5A065D294A165D3CEA265D394A3653B
:10038000D494A465EFBDA565E2B3A665D594A76531
:10039000ABB8A865D694A965B6D5AA65D794AB6560
:1003A000BDEDAC65D894AD65CFB6AE65D994AF65FB
:1003B000B9CBB065C2D0B165DA94B265DB94B365F0
:1003C000DC94B465DD94B565DE94B665DF94B765FD
:1003D000E094B865E194B965BDB7BA65E294BB65D0
:1003E000E394BC65B6ECBD65A9CABE65E494BF657F
:1003F000E594C065E694C165D4C5C265E794C3655C
:10040000B9ECC465B8ECC565C3C2C665B7ECC765D1
:10041000E894C865E994C965EA94CA65EB94CB652C
:10042000FDD0CC65BAECCD65EC94CE65BBECCF6568
:10043000E5D7D065ED94D165EE94D265BCECD3657B
:10044000EF94D465F094D565F194D665BDECD7658D
:10045000ECC6D865F294D965F394DA65F494DB655B
:10046000F594DC65F694DD65F794DE65F894DF6558
:10047000F994E065DECEE165FA94E265C8BCE36517
:10048000FB94E465FC94E565D5C8E665A9B5E76528
:10049000C9BEE865BCD6E965E7D4EA65FD94EB65BD
:1004A000FE94EC65AED1ED65F1D0EE65B8EAEF658E
:1004B000B9EAF065BAEAF165B5BAF2654095F36557
:1004C0004195F4654295F5654395F665B1CAF765C2
:1004D000F5BFF8654495F9654595FA65FACDFB6574
:1004E0004695FC654795FD654895FE654995FF6510
:1004F0004A950066C0EA01664B950266BAB003668B
:10050000BEEA04664C9505664D950666A5C007666D
:100510004E9508664F95096650950A66BBEA0B66CC
:1005200051950C66FDB20D6652950E66F7C30F66C7
:10053000E8BB10665395116654951266559513667F
:10054000D7D21466F4CE1566BFEA166656951766BE
:100550005795186658951966BCEA1A6659951B6630
:100560005A951C665B951D66C3EA1E665C951F6600
:10057000C7D02066B3D321665D9522665E9523665B
:100580005F95246660952566BAB4266661952766F0
:10059000C1C32866F2D7296662952A6663952B66E1
:1005A00064952C6665952D66D1D52E6666952F6669
:1005B000C7CA306667953166C5EA326668953366A4
:1005C00069953466C4EA3566C7EA3666C6EA3766B0
:1005D0006A9538666B9539666C953A666D953B669B
:1005E0006E953C66E7D63D666F953E66D4CF3F6616
:1005F0007095406671954166CBEA42667295436696
:10060000CEBB446673954566749546667595476698
:10061000769548667795496678954A6679954B66EA
:10062000FABD4C66CEC94D667A954E667B954F668F
:10063000CCEA50667C9551667D955266B9C9536681
:10064000FECF5466CAEA5566CED45666CDEA5766E2
:10065000CFEA58667E95596680955A66EDCD5B6601
:1006600081955C6682955D6683955E6684955F661E
:10067000C9EA606685956166CEEA626686956366BC
:1006800087956466EECE656688956666DEBB6766AE
:1006900089956866BFB369668A956A668B956B664D
:1006A0008C956C668D956D668E956E66D5C66F66FB
:1006B000B0BE7066FACE71668F957266909573665D
:1006C00091957466E7C7756692957666A7BE77665C
:1006D000D0EA78669395796694957A66C7D67B66F4
:1006E00095957C6696957D6697957E66C0C17F667A
:1006F00098958066999581669A958266DDD4836621
:100700009B958466D1EA85669C9586669D958766ED
:10071000BECF88669E9589669F958A66A0958B66F2
:10072000A1958C66D2EA8D66A2958E66A3958F669A
:10073000A4959066A5959166EECA9266A695936675
:10074000A7959466A8959566A9959666AFC5976690
:10075000B5B09866AA959966AB959A66AC959B6676
:10076000AD959C66AE959D66D4EA9E66AF959F66F4
:10077000B095A066B195A166B295A266B395A36641
:10078000B495A466B595A566B695A666B795A76611
:10079000D3EAA866DFF4A966B895AA66B995AB66F0
:1007A000BA95AC66BB95AD66BC95AE66BAC4AF668D
:1007B000BD95B066BE95B166BF95B266C095B3668D
:1007C000C195B466A9B1B566C295B666C395B7665C
:1007D000C495B866C595B966DFE5BA66C695BB66C9
:1007E000C795BC66C895BD66C995BE66D5EABF66A5
:1007F000CA95C066CB95C166CC95C266CD95C366D9
:10080000CE95C466CF95C566D095C666D195C766A8
:10081000D295C866D395C966D495CA66D595CB6678
:10082000D695CC66D795CD66D895CE66D995CF6648
:10083000DA95D066DB95D166DC95D266DD95D36618
:10084000DE95D466DF95D566E095D666E195D766E8
:10085000E295D866E395D966EFCADA66E495DB6679
:10086000D6EADC66D7EADD66D8C6DE66E595DF66E1
:10087000E695E066E795E166E895E266E995E36668
:10088000EA95E466EB95E566EC95E666D8EAE766F8
:10089000ED95E866EE95E966D9EAEA66EF95EB66CE
:1008A000F095EC66F195ED66F295EE66F395EF66E0
:1008B000F495F066BBD4F166F595F266FAC7F36677
:1008C000B7D2F466FCB8F566F695F666F795F76666
:1008D000C2EAF866F895F966DCB2FA66F995FB6645
:1008E000FA95FC66FCC2FD66FB95FE66F8D4FF66D1
:1008F000E6CC0067EED70167FC950267FD950367BC
:10090000FE9504674096056741960667429607671D
:1009100043960867C2D40967D0D30A67C3EB0B6755
:10092000F3C50C6744960D67FEB70E6745960F67D3
:1009300046961067D4EB116747961267489613677F
:1009400049961467B7CB1567DEEB16674A961767AB
:10095000CAC018674B9619674C961A674D961B6765
:10096000FBCD1C674E961D67AFB31E674F961F6782
:10097000DAC6206750962167519622675296236700
:10098000539624675496256755962667FCEB276790
:1009900056962867BEC4296757962A67B4CE2B6738
:1009A000A9C42C67BEB12D67FDD42E6758962F675A
:1009B000F5CA306759963167ECD632675A96336775
:1009C0005B963467D3C63567E4B636675C9637679F
:1009D0005D9638675E9639675F963A67FABB3B6704
:1009E00060963C6761963D67E0D03E6762963F67E0
:1009F00063964067B1C9416764964267D3D4436741
:100A0000A8C844676596456766964667CBB847674A
:100A100067964867BEE84967BCC94A6768964B67EE
:100A200069964C67BBE84D676A964E67EEC04F67A4
:100A3000D3D05067C4B25167E5B452676B96536721
:100A4000BCE854676C9655676D965667C8D557676E
:100A50006E9658676F96596770965A6771965B677E
:100A600072965C67C5B65D6773965E67BDE85F6743
:100A7000F8CA6067DCB86167F5CC62677496636733
:100A80007596646776966567B4C06667779667679C
:100A900078966867EED16967BFE86A67C2E86B67F6
:100AA00079966C677A966D67BCBA6E677B966F674E
:100AB000ADB17067DCBD71677C967267BDEA736724
:100AC000C3E874677D967567C6E876677E96776734
:100AD000CBE878678096796781967A6782967B679C
:100AE00083967C67CCE87D6784967E67C9CB7F67F9
:100AF000E5B0806785968167ABBC82678696836721
:100B000087968467B9B98567889686678996876767
:100B1000C1E888678A968967F7CD8A678B968B6765
:100B2000CAE88C678C968D678D968E678E968F67D8
:100B30008F969067F6CE916790969267919693679D
:100B40009296946793969567EDD596679496976776
:100B5000D6C19867C4E8996795969A67B6C39B67AC
:100B600096969C67FBB99D67A6D69E67C8E89F6767
:100B70009796A0679896A1679996A267E0CAA3671F
:100B8000E6D4A4679A96A567C0E8A6679B96A76770
:100B9000C5E8A867C7E8A9679C96AA67B9C7AB6705
:100BA000E3B7AC679D96AD67C9E8AE679E96AF6741
:100BB000DDBFB067D2E8B1679F96B267A096B36712
:100BC000D7E8B467A196B567D5E8B667DCBCB76768
:100BD000CFBCB867DBE8B967A296BA67A396BB67D4
:100BE000A496BC67A596BD67A696BE67A796BF6785
:100BF000A896C067A996C167DEE8C267AA96C367D0
:100C0000DAE8C467FAB1C567AB96C667AC96C76742
:100C1000AD96C867AE96C967AF96CA67B096CB6700
:100C2000B196CC67B296CD67B396CE67B496CF67D0
:100C3000D8B0D067B3C4D167CCB8D267E2C6D367A7
:100C4000BEC8D467E1C8D567B596D667B696D767EC
:100C5000B796D867CFE8D967D4E8DA67D6E8DB6714
:100C6000B896DC67F1B9DD67D8E8DE67F5D7DF67EE
:100C7000B996E067FBC4E167BA96E267DCE8E36730
:100C8000BB96E467BC96E567E9B2E667BD96E767A1
:100C9000BE96E867BF96E967D1E8EA67C096EB675A
:100CA000C196EC67EDBCED67C296EE67C396EF6741
:100CB000C2BFF067CDE8F167F9D6F267C496F36773
:100CC000F8C1F467F1B2F567C596F667C696F7679F
:100CD000C796F867C896F967C996FA67CA96FB6718
:100CE000CB96FC67CC96FD67DFE8FE67CD96FF6785
:100CF000C1CA0068D9E80168CE960268CF96036839
:100D0000D0960468D1960568A4D50668D29607687F
:100D1000EAB10868BBD50968CEE80A68D0E80B6874
:100D2000B0B60C68D3E80D68D3960E68DDE80F689E
:100D3000B8C01068D4961168F7CA1268D5961368BF
:100D4000A8CB1468D6961568D7961668DCC61768BF
:100D5000F5C01868D8961968D9961A68DA961B688B
:100D6000DB961C68DC961D68E9E81E68DD961F6846
:100D7000DE962068DF962168A3D02268E09623687B
:100D8000E1962468E2962568E3962668E49627684B
:100D9000E5962868E6962968F2E82A68EAD62B687C
:100DA000E7962C68E8962D68E9962E68EA962F68F3
:100DB000EB963068EC963168ED963268E0E833687F
:100DC000E1E83468EE963568EF963668F096376855
:100DD000F9D13868CBBA3968F9B83A68F1963B6806
:100DE000F2963C68F1B83D68D4D43E68EFE83F68BD
:100DF000F3964068EEE84168ECE84268F0B9436871
:100E0000D2CC4468E6E84568A6CE4668F2BF47689B
:100E1000F4964868B8B04968F1E84A68F0E84B6869
:100E2000F5964C68C0D74D68F6964E68E4E84F6872
:100E3000F7965068A9CD5168A3C95268F8965368CF
:100E4000B8BB5468DBBD5568EAE85668F996576840
:100E5000FA965868FB965968FC965A68FD965B6846
:100E6000FE965C6840975D6841975E6842975F6850
:100E700043976068E2E86168E3E86268E5E8636810
:100E8000B5B56468E7E86568C5C76668EBE8676894
:100E9000EDE86868B0BD6968AED76A6844976B686A
:100EA000F8E86C6845976D6846976E6847976F6875
:100EB00048977068499771684A9772684B9773684A
:100EC0004C977468F5E875684D977668B0CD77688B
:100ED000F6E878684E9779684F977A6850977B68FC
:100EE00051977C6852977D6853977E6854977F68C6
:100EF0005597806856978168BAC18268579783680A
:100F0000E8E8846858978568B7C38668F0B0876852
:100F1000599788685A9789685B978A685C978B6845
:100F20005D978C685E978D685F978E6860978F6815
:100F3000F4E8906861979168629792686397936804
:100F4000F7E89468649795686597966866979768D8
:100F5000A3B998686797996868979A6869979B6832
:100F60006A979C686B979D686C979E686D979F6861
:100F70006E97A0686F97A1687097A268D2C9A3689E
:100F80007197A4687297A5687397A668CEC3A7687F
:100F9000E0CEA868E6C0A9687497AA687597AB68A0
:100FA0007697AC687797AD68F3CBAE687897AF6803
:100FB000DDCCB068B5D0B1687997B2687A97B3687C
:100FC000E1CAB4687B97B568F3E8B6687C97B76800
:100FD0007D97B8687E97B9688097BA688197BB6833
:100FE0008297BC688397BD688497BE688597BF6801
:100FF0008697C068ECBCC1688797C268F9E8C36887
:101000008897C4688997C5688A97C6688B97C768A8
:101010008C97C8688D97C968DEC3CA688E97CB68FD
:10102000E5C6CC688F97CD68F7B9CE689097CF6842
:101030009197D0689297D1689397D268F4B0D368AB
:101040009497D4689597D568D8D7D6689697D76877
:101050009797D868ACBCD9689897DA68EFC5DB6811
:101060009997DC689A97DD689B97DE689C97DF68A4
:101070009D97E068C4CCE1689E97E2689F97E3681B
:10108000A6E9E468A097E568A197E668A297E768F3
:10109000A397E868A497E968A597EA68A697EB681C
:1010A000A797EC68A897ED68A997EE68ADC9EF68B7
:1010B000AA97F068A2E9F168E2C0F268AB97F3681A
:1010C000AC97F468AD97F568C3BFF668AE97F7685C
:1010D000AF97F868B097F968FEE8FA68D7B9FB6887
:1010E000B197FC68FBE8FD68B297FE68B397FF68AC
:1010F000B4970069B5970169A4E90269B6970369D5
:10110000B7970469B8970569CED20669B997076998
:10111000BA970869BB970969BC970A69BD970B69BB
:10112000A3E90C69BE970D69B2D60E69B5D70F69F0
:10113000BF971069A7E91169C0971269B7BD136914
:10114000C1971469C2971569C3971669C49717693F
:10115000C5971869C6971969C7971A69C8971B690F
:10116000C9971C69CA971D69CB971E69CC971F69DF
:10117000FCE82069FDE82169CD972269CE972369B3
:10118000CF972469A1E92569D0972669D197276966
:10119000D2972869D3972969D4972A69D5972B695B
:1011A000D6972C69D7972D69D6CD2E69D8972F69F8
:1011B000D9973069ACD23169DA973269DB973369F4
:1011C000DC973469B2E93569DD973669DE973769AE
:1011D000DF973869E0973969A9E93A69E1973B698E
:1011E000E2973C69E3973D69AAB43E69E4973F6999
:1011F000BBB44069E5974169E6974269ABE9436949
:10120000E7974469E8974569E9974669EA97476926
:10121000EB974869EC974969ED974A69EE974B69F6
:10122000EF974C69F0974D69F1974E69F2974F69C6
:10123000F3975069F4975169F5975269F697536996
:10124000F7975469A8D05569F8975669F99757697F
:10125000A5E95869FA975969FB975A69FEB35B6922
:10126000FC975C69FD975D69ACE95E69E3C05F6905
:10127000FE976069AAE9616940986269419863696B
:10128000B9E964694298656943986669B8E967692C
:10129000449868694598696946986A6947986B698E
:1012A000AEE96C6948986D6949986E69FAE86F69AA
:1012B0004A9870694B987169A8E972694C9873698A
:1012C0004D9874694E9875694F987669509877690A
:1012D000ACBF7869B1E97969BAE97A6951987B69F3
:1012E00052987C69A5C27D6953987E6954987F693C
:1012F00055988069AFE9816956988269C5B8836954
:1013000057988469ADE9856958988669DCD38769FF
:10131000B4E98869B5E98969B7E98A6959988B6937
:101320005A988C695B988D69C7E98E695C988F695A
:101330005D9890695E9891695F98926960989369E9
:1013400061989469C6C09569C5E99669629897697C
:1013500063989869B0E9996964989A6965989B69F6
:10136000BBE99C69F1B09D6966989E6967989F6921
:101370006898A0696998A1696A98A2696B98A3693D
:101380006C98A4696D98A5696E98A6696F98A7690D
:10139000BCE9A869A5D5A9697098AA697198AB69D3
:1013A000BEE9AC697298AD69BFE9AE697398AF697F
:1013B0007498B0697598B169C1E9B2697698B369F2
:1013C0007798B469F1C1B5697898B6697998B769C1
:1013D000B6C8B8697A98B9697B98BA697C98BB69CC
:1013E000BDE9BC697D98BD697E98BE698098BF697A
:1013F0008198C0698298C169C2E9C2698398C3694A
:101400008498C4698598C5698698C6698798C769AC
:101410008898C8698998C9698A98CA69C3E9CB69F3
:101420008B98CC69B3E9CD698C98CE69B6E9CF6960
:101430008D98D069B1BBD1698E98D2698F98D369E4
:101440009098D469C0E9D5699198D6699298D7697E
:101450009398D8699498D9699598DA699698DB69D0
:10146000F7BCDC699798DD699898DE699998DF691F
:10147000C4E9E069C6E9E1699A98E2699B98E36981
:101480009C98E4699D98E5699E98E6699F98E7694C
:10149000A098E869A198E969A298EA69A398EB691C
:1014A000A498EC69A598ED69CAE9EE69A698EF6978
:1014B000A798F069A898F169A998F269CEE9F3694B
:1014C000AA98F469AB98F569AC98F669AD98F76994
:1014D000AE98F869AF98F969B098FA69B198FB6964
:1014E000B298FC69B398FD69DBB2FE69B498FF69F4
:1014F000C8E9006AB598016AB698026AB798036AA3
:10150000B898046AB998056ABA98066ABB98076AD7
:10151000BC98086ABD98096ABE980A6AAEB70B6A99
:10152000BF980C6AC0980D6AC1980E6AC2980F6A7B
:10153000C398106AC498116AC598126AC698136A4B
:10154000C798146AC898156AC998166ACA98176A1B
:10155000CBE9186ACCE9196ACB981A6ACC981B6A4D
:10156000CD981C6ACE981D6ACF981E6AD0981F6AC3
:10157000C1D5206AD198216AA3C4226AD298236A6D
:10158000D398246AD498256AD598266AD698276A6B
:10159000D798286AD8E9296AD8982A6AE1BA2B6AC2
:1015A000D9982C6ADA982D6ADB982E6ADC982F6A13
:1015B000C9E9306ADD98316AA3D3326ADE98336AAA
:1015C000DF98346AE098356AD4E9366AE198376A78
:1015D000E298386AE398396AE4983A6AE5983B6A8F
:1015E000E6983C6AE7983D6AD7E93E6AD0E93F6AE7
:1015F000E898406AE998416AEA98426AEB98436A37
:10160000EC98446ACFE9456AED98466AEE98476AD5
:10161000C1C7486AEF98496AF0984A6AF1984B6ADC
:10162000F2984C6AF3984D6AF4984E6AF5984F6AAE
:10163000F698506AD2E9516AF798526AF898536A54
:10164000F998546AFA98556AFB98566AFC98576A52
:10165000FD98586AD9E9596AC8B35A6AFE985B6A14
:10166000D3E95C6A40995D6A41995E6A42995F6A12
:101670004399606A4499616AF0CF626A4599636AE6
:101680004699646A4799656ACDE9666A4899676AC6
:101690004999686A4A99696A4B996A6A4C996B6A6E
:1016A0004D996C6A4E996D6A4F996E6A50996F6A3E
:1016B0005199706A5299716AF7B3726A5399736A51
:1016C0005499746A5599756A5699766A5799776AE2
:1016D0005899786A5999796AD6E97A6A5A997B6AE7
:1016E0005B997C6ADAE97D6A5C997E6A5D997F6ABA
:1016F0005E99806AB4CC816A5F99826A6099836AD4
:101700006199846AADCF856A6299866A6399876AAE
:101710006499886A6599896A66998A6A67998B6A01
:1017200068998C6A69998D6A6A998E6AD5E98F6A17
:101730006B99906ADCE9916ADBE9926A6C99936A29
:101740006D99946A6E99956A6F99966A7099976A7D
:10175000DEE9986A7199996A72999A6A73999B6A93
:1017600074999C6A75999D6A76999E6A77999F6A21
:101770007899A06AD1E9A16A7999A26A7A99A36A4B
:101780007B99A46A7C99A56A7D99A66A7E99A76AC5
:101790008099A86A8199A96ADDE9AA6A8299AB6AE7
:1017A000DFE9AC6ACAC3AD6A8399AE6A8499AF6A4D
:1017B0008599B06A8699B16A8799B26A8899B36A3D
:1017C0008999B46A8A99B56A8B99B66A8C99B76A0D
:1017D0008D99B86A8E99B96A8F99BA6A9099BB6ADD
:1017E0009199BC6A9299BD6A9399BE6A9499BF6AAD
:1017F0009599C06A9699C16A9799C26A9899C36A7D
:101800009999C46A9A99C56A9B99C66A9C99C76A4C
:101810009D99C86A9E99C96A9F99CA6AA099CB6A1C
:10182000A199CC6AA299CD6AA399CE6AA499CF6AEC
:10183000A599D06AA699D16AA799D26AA899D36ABC
:10184000A999D46AAA99D56AAB99D66AAC99D76A8C
:10185000AD99D86AAE99D96AAF99DA6AB099DB6A5C
:10186000B199DC6AB299DD6AB399DE6AB499DF6A2C
:10187000B599E06AB699E16AB799E26AB899E36AFC
:10188000B999E46ABA99E56ABB99E66ABC99E76ACC
:10189000BD99E86ABE99E96ABF99EA6AC099EB6A9C
:1018A000C199EC6AC299ED6AC399EE6AC499EF6A6C
:1018B000C599F06AC699F16AC799F26AC899F36A3C
:1018C000C999F46ACA99F56ACB99F66ACC99F76A0C
:1018D000CD99F86ACE99F96ACF99FA6AD099FB6ADC
:1018E000D199FC6AD299FD6AD399FE6AD499FF6AAC
:1018F000D599006BD699016BD799026BD899036B78
:10190000D999046BDA99056BDB99066BDC99076B47
:10191000DD99086BDE99096BDF990A6BE0990B6B17
:10192000E1990C6BE2990D6BE3990E6BE4990F6BE7
:10193000E599106BE699116BE799126BE899136BB7
:10194000E999146BEA99156BEB99166BEC99176B87
:10195000ED99186BEE99196BEF991A6BF0991B6B57
:10196000F1991C6BF2991D6BF3991E6BF4991F6B27
:10197000F599206BB7C7216BCEB4226BB6BB236B36
:10198000C0D0246BA3EC256BF699266BF799276BD7
:10199000B7C5286BF899296BF9992A6BFA992B6BC3
:1019A000FB992C6BFC992D6BFD992E6BFE992F6B7F
:1019B000409A306B419A316B429A326BFBD3336B56
:1019C000439A346B449A356B459A366B469A376B1B
:1019D000A4EC386B479A396BA5EC3A6BDBC63B6BD2
:1019E000489A3C6B499A3D6B4A9A3E6BEEBF3F6BFF
:1019F0004B9A406B4C9A416B4D9A426B4E9A436B9B
:101A0000A6EC446B4F9A456B509A466BA7EC476B1C
:101A1000AAD0486B519A496BB8C74A6B529A4B6B24
:101A2000539A4C6BE8B84D6B549A4E6B559A4F6B6A
:101A3000569A506B579A516B589A526B599A536BEE
:101A40005A9A546B5B9A556B5C9A566B5D9A576BBE
:101A50005E9A586B5F9A596BA8EC5A6B609A5B6BF5
:101A6000619A5C6B629A5D6B639A5E6B649A5F6B62
:101A7000659A606B669A616B679A626BB9D6636BA5
:101A8000FDD5646BCBB4656BBDB2666BE4CE676BA2
:101A9000E7C6686B689A696B699A6A6BE1CD6B6B94
:101AA0006A9A6C6B6B9A6D6B6C9A6E6B6D9A6F6BBE
:101AB0006E9A706B6F9A716B709A726B719A736B8E
:101AC000729A746B739A756B749A766B759A776B5E
:101AD000769A786B779A796BF5B47A6B789A7B6B98
:101AE000C0CB7C6BDFBC7D6B799A7E6B7A9A7F6B07
:101AF0007B9A806B7C9A816BE2E9826BE3E9836B72
:101B0000EAD1846BE5E9856B7D9A866BF9B4876BC6
:101B1000E4E9886B7E9A896BB3D18A6BE2CA8B6BDE
:101B2000D0B28C6B809A8D6BE8E98E6B819A8F6B4B
:101B3000829A906B839A916B849A926BE6E9936B8D
:101B4000E7E9946B859A956B869A966BB3D6976BFB
:101B5000879A986B889A996B899A9A6BE9E99B6B3B
:101B6000EAE99C6B8A9A9D6B8B9A9E6B8C9A9F6B11
:101B70008D9AA06B8E9AA16BEBE9A26B8F9AA36BE7
:101B8000909AA46B919AA56B929AA66B939AA76B65
:101B9000949AA86B959AA96B969AAA6BECE9AB6B91
:101BA000979AAC6B989AAD6B999AAE6B9A9AAF6B09
:101BB0009B9AB06B9C9AB16B9D9AB26B9E9AB36BD9
:101BC000AFECB46BB9C5B56BCEB6B66B9F9AB76BBD
:101BD000F3D2B86BA09AB96BA19ABA6BA29ABB6BFD
:101BE000A39ABC6BA49ABD6BA59ABE6BA69ABF6B59
:101BF000EEB5C06BA79AC16BD9BBC26BB1ECC36B1E
:101C0000A89AC46BA99AC56BE3D2C66BAA9AC76B94
:101C1000AB9AC86BAC9AC96BAD9ACA6BAE9ACB6BD8
:101C2000E3CECC6BAF9ACD6BB8C4CE6BB09ACF6B12
:101C3000BFC3D06BB19AD16BB29AD26BBEB6D36B25
:101C4000B9D8D46BC8B1D56BCFB1D66BD1B1D76B86
:101C5000FEC5D86BB39AD96BD0B1DA6BB49ADB6B93
:101C6000ABC3DC6BB59ADD6BB69ADE6BB79ADF6BF4
:101C7000B89AE06BB99AE16BB1D5E26BBA9AE36BB3
:101C8000BB9AE46BBC9AE56BBD9AE66BBE9AE76BB8
:101C9000BF9AE86BC09AE96BC19AEA6BA4EBEB6B55
:101CA000C1BAEC6BC29AED6BC39AEE6BC49AEF6B40
:101CB000BACCF06BC59AF16BC69AF26BC79AF36B0C
:101CC000A5EBF46BC89AF56BA7EBF66BC99AF76BAB
:101CD000CA9AF86BCB9AF96BA8EBFA6BCC9AFB6BB0
:101CE000CD9AFC6BCE9AFD6BA6EBFE6BCF9AFF6B89
:101CF000D09A006CD19A016CD29A026CD39A036C80
:101D0000D49A046CD59A056CA9EB066CABEB076C06
:101D1000AAEB086CD69A096CD79A0A6CD89A0B6C05
:101D2000D99A0C6CDA9A0D6CACEB0E6CDB9A0F6CDA
:101D3000CFCA106CB5D8116CF1C3126CDC9A136C5D
:101D4000A5C3146CF8C6156CADEB166CCAC4176C41
:101D5000DD9A186CAEEB196CAFEB1A6CB0EB1B6C28
:101D6000D5B71C6CDE9A1D6CDF9A1E6CE09A1F6C56
:101D7000FAB7206CE19A216CB1EB226CE2C7236CBC
:101D8000E29A246CB3EB256CE39A266CA4BA276C18
:101D9000F5D1286CB1B0296CB2EB2A6CB4EB2B6C8A
:101DA000E49A2C6CE59A2D6CE69A2E6CAAB52F6CF1
:101DB000C8C2306CE8C7316CE79A326CB5EB336C53
:101DC000E89A346CAECB356CDFE3366CE99A376C4D
:101DD000EA9A386CC0D3396CEB9A3A6CEC9A3B6C4B
:101DE000ED9A3C6CEE9A3D6CDBD93E6CEF9A3F6C01
:101DF000F09A406CA1CD416CADD6426CF3C7436CF8
:101E0000F19A446CF29A456CF39A466CE0D9476CAF
:101E1000E3BB486CF49A496CBABA4A6CE2E34B6C87
:101E2000F59A4C6CF69A4D6CF79A4E6CF89A4F6C8A
:101E3000F99A506CABCF516CFA9A526CFB9A536C76
:101E4000FC9A546CE0E3556CC7C9566CFD9A576C0C
:101E5000B9BA586CFE9A596C409B5A6C419B5B6CAA
:101E6000B4D15C6CE1E35D6CEAC85E6CAFB95F6CE9
:101E7000ADBD606CD8B3616CDBCE626C429B636CB1
:101E8000439B646CC0CC656C449B666C459B676CE3
:101E9000469B686CE8E3696CE9E36A6CF4CD6B6CB3
:101EA000479B6C6C489B6D6C499B6E6C4A9B6F6C3E
:101EB0004B9B706CADCC716C4C9B726CB3BC736CF7
:101EC0004D9B746CEAE3756C4E9B766CEBE3776C20
:101ED0004F9B786C509B796CDAD07A6C519B7B6C01
:101EE000529B7C6C539B7D6CFBC67E6CDAB77F6C1F
:101EF000549B806C559B816CDFC7826CCAD2836C0B
:101F0000D6CE846C569B856CE4E3866CECE3876CE0
:101F1000579B886CF2C9896CC1B38A6C589B8B6CD7
:101F2000599B8C6CE7E38D6C5A9B8E6C5B9B8F6C22
:101F3000E3C6906CE5E3916C5C9B926C5D9B936C4B
:101F4000B3ED946CE6E3956C5E9B966C5F9B976C2F
:101F5000609B986C619B996CB3C99A6C629B9B6CFB
:101F6000E6C59C6C639B9D6C649B9E6C659B9F6CA3
:101F7000B5B9A06C669BA16CBBC3A26C679BA36C3C
:101F8000E3E3A46CBDC5A56CA4C1A66CD9C2A76CC3
:101F9000D7B2A86C689BA96CEDE3AA6CA6BBAB6C2E
:101FA000ADC4AC6C699BAD6CF0E3AE6CDABEAF6CEB
:101FB0006A9BB06C6B9BB16CFBE3B26CF5E3B36CEA
:101FC000D3BAB46C6C9BB56C6D9BB66C6E9BB76CE6
:101FD0006F9BB86CD0B7B96CCDD3BA6C709BBB6C2F
:101FE000CED6BC6CD3D5BD6CC1B9BE6CB4D5BF6CFC
:101FF000D8D1C06C719BC16C729BC26C739BC36C5B
:10200000749BC46CB9D0C56CF6C7C66C759BC76CA5
:10201000769BC86C779BC96CAAC8CA6CB4B2CB6CEF
:10202000789BCC6CDAC3CD6C799BCE6C7A9BCF6CF1
:102030007B9BD06CEEE3D16C7C9BD26C7D9BD36C94
:10204000FCE3D46CEFE3D56CA8B7D66CF7E3D76CA0
:10205000F4E3D86C7E9BD96C809BDA6C819BDB6C43
:10206000BAB7DC6C829BDD6C839BDE6CA2C5DF6C37
:10207000849BE06CF6E3E16CDDC5E26CA8B2E36C36
:10208000FCC6E46C859BE56CE0C4E66C869BE76C63
:10209000879BE86CA2D7E96C889BEA6CE1C0EB6C8B
:1020A000F9E3EC6C899BED6C8A9BEE6CFAE3EF6CC8
:1020B000FDE3F06CA9CCF16CF3E3F26C8B9BF36C59
:1020C000BED3F46C8C9BF56CC3B1F66CB4EDF76CBD
:1020D000F1E3F86CF2E3F96C8D9BFA6CF8E3FB6CBE
:1020E000BAD0FC6CC3C6FD6CF3D4FE6CFEE3FF6C8F
:1020F0008E9B006D8F9B016DE0BD026D909B036D0B
:10210000919B046DA7E4056D929B066D939B076DF3
:10211000A6E4086D949B096D959B0A6D969B0B6DCB
:10212000F3D10C6DA3E40D6D979B0E6DA9E40F6DBB
:10213000989B106D999B116D9A9B126DF7C8136D4A
:102140009B9B146D9C9B156D9D9B166D9E9B176DA7
:10215000B4CF186D9F9B196DA8E41A6DAEE41B6D8A
:10216000E5C21C6DA09B1D6DA19B1E6DB4B61F6DBD
:10217000A29B206DA39B216DA49B226DA59B236D2B
:10218000A69B246DA79B256DF2BD266DA89B276D90
:10219000A2E4286DA99B296DAA9B2A6DE9BA2B6D33
:1021A000AAE42C6DAB9B2D6DAC9B2E6DACE42F6D1A
:1021B000AD9B306DAE9B316DFDB6326DDED6336DAD
:1021C000B2E4346DAF9B356DADE4366DB09B376DC9
:1021D000B19B386DB29B396DA1E43A6DB39B3B6DF9
:1021E000EEBB3C6DDDCD3D6DA2C73E6DC9C53F6DFB
:1021F000B49B406DB59B416DF7C1426DB69B436D7D
:10220000A4E4446DB79B456DB3C7466DACBD476D47
:10221000BDBD486DA5E4496DB89B4A6DC7D74B6DF0
:10222000E2B24C6DB99B4D6DABE44E6DC3BC4F6DCE
:10223000AFE4506DBA9B516DEBBB526DB0E4536D82
:10224000A8C5546DB1E4556DBB9B566DBC9B576DD5
:10225000BD9B586DBE9B596DE3D55A6DA3BF5B6D99
:10226000BF9B5C6DBAE45D6DC09B5E6DB7E45F6D56
:10227000C19B606DBBE4616DC29B626DC39B636D6E
:10228000BDE4646DC49B656DC59B666DD6C6676D08
:10229000C69B686DC79B696DC6BA6A6DCBC06B6D16
:1022A000C89B6C6DC99B6D6DCA9B6E6DA1B86F6D3F
:1022B000B4E4706DCB9B716DCC9B726DCD9B736DD7
:1022C000CE9B746DA1D4756DCF9B766DD09B776DD1
:1022D000A3BA786DFEBD796DD19B7A6DD29B7B6D73
:1022E000D39B7C6DBCE47D6DD49B7E6DD59B7F6D57
:1022F000D69B806DD79B816DD89B826DBFCD836D42
:10230000D99B846DDA9B856DF9C4866DDB9B876DE7
:10231000DC9B886DFBCF896DE6C98A6DDD9B8B6D7B
:10232000DE9B8C6DBFD38D6DDF9B8E6DD1CF8F6D9E
:10233000E09B906DE19B916DB3E4926DE29B936D98
:10234000B8E4946DB9E4956DE9CC966DE39B976D17
:10235000E49B986DE59B996DE69B9A6DE79B9B6D61
:10236000CECC9C6DE89B9D6DD4C09E6DB5E49F6DF9
:10237000B0C1A06DB6E4A16DD0CEA26DE99BA36DF6
:10238000C1BBA46DD3B5A56DEA9BA66DF3C8A76DBF
:10239000A7BDA86DC7D5A96DACC9AA6DA2B8AB6D14
:1023A000CAE4AC6DEB9BAD6DEC9BAE6DCCE4AF6D58
:1023B000C4D1B06DED9BB16DEE9BB26DBAD2B36D71
:1023C000EF9BB46DF09BB56DADBAB66DF19BB76D7B
:1023D000F29BB86DD4BAB96DF39BBA6DF49BBB6D2B
:1023E000F59BBC6DF69BBD6DF79BBE6DF89BBF6DFD
:1023F000C3E4C06DEDB5C16DF99BC26DFA9BC36DB1
:10240000FB9BC46DCDD7C56DC0E4C66DFDCFC76D58
:10241000BFE4C86DFC9BC96DFD9BCA6DFE9BCB6D77
:10242000DCC1CC6DCACCCD6D409CCE6D419CCF6DD6
:10243000429CD06D439CD16DE7CAD26D449CD36D54
:10244000459CD46D469CD56D479CD66DD7C4D76D41
:10245000489CD86DD4CCD96DC8E4DA6D499CDB6D4D
:102460004A9CDC6D4B9CDD6DC7E4DE6DC1E4DF6D25
:102470004C9CE06DC4E4E16DADB5E26D4D9CE36D47
:102480004E9CE46DD9D3E56D4F9CE66DC6E4E76DD7
:10249000509CE86D519CE96D529CEA6D539CEB6D2C
:1024A000F9D2EC6DE3B4ED6D549CEE6DB4BBEF6D01
:1024B000559CF06D569CF16DEEC9F26D579CF36D15
:1024C000BEB4F46D589CF56D599CF66D5A9CF76D31
:1024D000ECBBF86D5B9CF96DCDD1FA6D5C9CFB6D2E
:1024E000EDCCFC6DB5EDFD6D5D9CFE6D5E9CFF6DF4
:1024F0005F9C006E609C016E619C026E629C036E2C
:10250000639C046E649C056EE5C7066E659C076E51
:10251000669C086E679C096E689C0A6EA8D40B6E58
:10252000699C0C6ECBE40D6ED5D70E6EC2E40F6EB7
:102530006A9C106EA5BD116EC5E4126E6B9C136E85
:102540006C9C146EE6D3156E6D9C166EC9E4176E06
:10255000F8C9186E6E9C196E6F9C1A6EBEE41B6EE5
:10256000709C1C6E719C1D6EE5D31E6E729C1F6E5E
:10257000739C206EFEC7216EC9B6226E749C236EBA
:10258000FCD4246EB3B2256ED7E4266E759C276EFC
:10259000769C286E779C296EC2CE2A6E789C2B6E14
:1025A000CDE42C6E799C2D6EBCCE2E6E7A9C2F6E57
:1025B000DBB8306E7B9C316E7C9C326ED6E4336E21
:1025C0007D9C346ECABF356E7E9C366E809C376EA5
:1025D000819C386ECED3396E829C3A6EECC33B6ED2
:1025E000839C3C6E849C3D6E859C3E6E869C3F6EBB
:1025F000879C406E889C416E899C426E8A9C436E8B
:10260000C8C5446ED8E4456E8B9C466E8C9C476E64
:102610008D9C486E8E9C496E8F9C4A6E909C4B6E32
:10262000919C4C6E929C4D6EC4CD4E6ECFE44F6E1D
:10263000939C506E949C516E959C526E969C536EDA
:10264000D4E4546ED5E4556E979C566EFEBA576E20
:10265000989C586EE6CF596E999C5A6E9A9C5B6E08
:10266000BFD55C6E9B9C5D6E9C9C5E6E9D9C5F6E00
:10267000D2E4606E9E9C616E9F9C626EA09C636EB5
:10268000A19C646EA29C656EA39C666EA49C676E02
:10269000A59C686EA69C696EA79C6A6EA89C6B6ED2
:1026A000D0E46C6EA99C6D6EAA9C6E6ECEE46F6ECB
:1026B000AB9C706EAC9C716EAD9C726EAE9C736E7A
:1026C000AF9C746EB09C756EB19C766EB29C776E4A
:1026D000B39C786EB49C796EB59C7A6EB69C7B6E1A
:1026E000B79C7C6EB89C7D6EB99C7E6EE5CD7F6E8E
:1026F000AACA806EBA9C816EBB9C826EBC9C836EA3
:10270000A3C0846EBD9C856EA6BD866ED3E4876E25
:10271000BE9C886EBF9C896EC8B88A6EC09C8B6E4A
:10272000C19C8C6EC29C8D6EC39C8E6EC49C8F6E41
:10273000E7E4906EB4D4916EC59C926EC69C936E85
:10274000C79C946EC89C956EC99C966ECA9C976EE9
:10275000CB9C986EDBE4996ECC9C9A6ECD9C9B6E64
:10276000CE9C9C6EEFC19D6ECF9C9E6ED09C9F6E4A
:10277000E9E4A06ED19CA16ED29CA26EE7D2A36EBA
:10278000D39CA46ED49CA56EDFE4A66ED59CA76EE8
:10279000E0E4A86ED69CA96ED79CAA6EAACFAB6EB9
:1027A000D89CAC6ED99CAD6EDA9CAE6EDB9CAF6EE5
:1027B000DDCBB06EDC9CB16EDAE4B26ED1E4B36E08
:1027C000DD9CB46EE5E4B56EDE9CB66EDCC8B76E1B
:1027D000E3E4B86EDF9CB96EE09CBA6EE7C4BB6EF2
:1027E000E2E4BC6EE19CBD6EE1E4BE6EE29CBF6EB5
:1027F000E39CC06EE49CC16EFCB3C26EE8E4C36EA1
:10280000E59CC46EE69CC56EE79CC66EE89CC76EF0
:10281000E1B5C86EE99CC96EEA9CCA6EEB9CCB6EB2
:10282000CCD7CC6EEC9CCD6EED9CCE6EEE9CCF6E7C
:10283000E6E4D06EEF9CD16EACBBD26EF09CD36E52
:10284000D2D7D46ECFCCD56EF8EBD66EF19CD76EC6
:10285000E4E4D86EF29CD96EF39CDA6EF6B9DB6EC6
:10286000F49CDC6EF59CDD6EF69CDE6ECDD6DF6EE4
:10287000D9E4E06EDCE4E16EFAC2E26EDEE4E36E1F
:10288000F79CE46ECBC2E56EC4C0E66ED0C2E76EC4
:10289000F89CE86EF5B1E96EB2CCEA6EF99CEB6E8D
:1028A000FA9CEC6EFB9CED6EFC9CEE6EFD9CEF6E5C
:1028B000FE9CF06E409DF16E419DF26E429DF36E66
:1028C000439DF46ECEB5F56E449DF66E459DF76E54
:1028D000469DF86E479DF96EEFE4FA6E489DFB6EDB
:1028E000499DFC6E4A9DFD6E4B9DFE6E4C9DFF6E9C
:1028F0004D9D006F4E9D016F4F9D026FAFC6036FE0
:10290000509D046F519D056F529D066FE1C6076F84
:10291000539D086F549D096FF5E40A6F559D0B6F29
:10292000569D0C6F579D0D6F589D0E6F599D0F6FE3
:10293000A9C2106F5A9D116F5B9D126F5C9D136F42
:10294000ECC0146FDDD1156FEEE4166F5D9D176F4F
:102950005E9D186F5F9D196F609D1A6F619D1B6F63
:10296000629D1C6F639D1D6F649D1E6F659D1F6F33
:10297000669D206FAEC4216F679D226F689D236F97
:10298000699D246FEDE4256F6A9D266F6B9D276F0F
:102990006C9D286F6D9D296FF6E42A6FF4E42B6F10
:1029A000FEC22C6F6E9D2D6FDDE42E6F6F9D2F6F1D
:1029B000F0E4306F709D316FFECA326F719D336FDE
:1029C000C4D5346F729D356F739D366FF1E4376FE8
:1029D000749D386F759D396F769D3A6F779D3B6F0B
:1029E000789D3C6F799D3D6F7A9D3E6FFAD13F6F28
:1029F0007B9D406F7C9D416F7D9D426F7E9D436FAF
:102A0000809D446F819D456F829D466FEBE4476FCB
:102A1000ECE4486F839D496F849D4A6F859D4B6FA1
:102A2000F2E44C6F869D4D6FABCE4E6F879D4F6F1E
:102A3000889D506F899D516F8A9D526F8B9D536FFA
:102A40008C9D546F8D9D556F8E9D566F8F9D576FCA
:102A5000909D586FCBC5596F919D5A6F929D5B6F3A
:102A6000939D5C6FB1C75D6F949D5E6FBAC25F6FDF
:102A7000959D606F969D616F979D626FEAE4636FAD
:102A8000989D646F999D656F9A9D666FCAC1676FC7
:102A90009B9D686F9C9D696F9D9D6A6F9E9D6B6FEE
:102AA0009F9D6C6FA09D6D6FB6CC6E6FB1B36F6F55
:102AB000A19D706FA29D716FA39D726FFBE4736FF8
:102AC000A49D746FF3E4756FA59D766FA69D776FD7
:102AD000A79D786FFAE4796FA89D7A6FFDE47B6F0C
:102AE000A99D7C6FFCE47D6FAA9D7E6FAB9D7F6F7F
:102AF000AC9D806FAD9D816FAE9D826FAF9D836FEA
:102B0000B09D846FCEB3856FB19D866FB29D876F88
:102B1000B39D886FBAB3896FF7E48A6FB49D8B6FEA
:102B2000B59D8C6FF9E48D6FF8E48E6FECC58F6FF7
:102B3000B69D906FB79D916FB89D926FB99D936F41
:102B4000BA9D946FBB9D956FBC9D966FBD9D976F11
:102B5000BE9D986FBF9D996FC09D9A6FC19D9B6FE1
:102B6000C29D9C6FBDC09D6FC39D9E6FC49D9F6F96
:102B7000C59DA06FC69DA16FE8D4A26FC79DA36F2E
:102B8000C89DA46FC99DA56FCA9DA66FCB9DA76F59
:102B9000A2E5A86FCC9DA96FCD9DAA6FCE9DAB6F0E
:102BA000CF9DAC6FD09DAD6FD19DAE6FD29DAF6FFD
:102BB000D39DB06FD49DB16FD59DB26FD69DB36FCD
:102BC000C4B0B46FD79DB56FD89DB66FA4E5B76F8D
:102BD000D99DB86FDA9DB96FA3E5BA6FDB9DBB6F66
:102BE000DC9DBC6FDD9DBD6FDE9DBE6FDF9DBF6F49
:102BF000E09DC06FA4BCC16FE19DC26FA5E5C36F2E
:102C0000E29DC46FE39DC56FE49DC66FE59DC76FF0
:102C1000E69DC86FE79DC96FA1E5CA6FE89DCB6FC0
:102C2000E99DCC6FEA9DCD6FEB9DCE6FEC9DCF6F94
:102C3000ED9DD06FEE9DD16FFEE4D26FF4B1D36FF6
:102C4000EF9DD46FF09DD56FF19DD66FF29DD76F3C
:102C5000F39DD86FF49DD96FF59DDA6FF69DDB6F0C
:102C6000F79DDC6FF89DDD6FF99DDE6FA8E5DF6FE6
:102C7000FA9DE06FA9E5E16FA6E5E26FFB9DE36FCA
:102C8000FC9DE46FFD9DE56FFE9DE66F409EE76F46
:102C9000419EE86F429EE96F439EEA6F449EEB6F50
:102CA000459EEC6F469EED6F479EEE6FA7E5EF6F7A
:102CB000AAE5F06F489EF16F499EF26F4A9EF36F4E
:102CC0004B9EF46F4C9EF56F4D9EF66F4E9EF76FC8
:102CD0004F9EF86F509EF96F519EFA6F529EFB6F98
:102CE000539EFC6F549EFD6F559EFE6F569EFF6F68
:102CF000579E0070589E0170599E02705A9E037034
:102D00005B9E04705C9E05705D9E06705E9E077003
:102D10005F9E0870609E0970619E0A70629E0B70D3
:102D2000639E0C70649E0D70659E0E70669E0F70A3
:102D3000679E1070689E1170D9C61270699E1370DC
:102D40006A9E14706B9E15706C9E16706D9E177047
:102D50006E9E18706F9E1970709E1A70ABE51B7096
:102D6000ADE51C70719E1D70729E1E70739E1F706B
:102D7000749E2070759E2170769E2270779E2370BF
:102D8000ACE52470789E2570799E26707A9E277017
:102D90007B9E28707C9E29707D9E2A707E9E2B7063
:102DA000809E2C70819E2D70829E2E70839E2F702F
:102DB000849E3070859E3170869E3270879E3370FF
:102DC000889E3470899E3570AFE536708A9E377064
:102DD0008B9E38708C9E3970AEE53A708D9E3B703C
:102DE0008E9E3C708F9E3D70909E3E70919E3F7077
:102DF000929E4070939E4170949E4270959E437047
:102E0000969E4470979E4570989E4670999E477016
:102E10009A9E48709B9E49709C9E4A709D9E4B70E6
:102E20009E9E4C70E0B94D709F9E4E70A09E4F705C
:102E3000B0E55070A19E5170A29E5270A39E537037
:102E4000A49E5470A59E5570A69E5670A79E57705E
:102E5000A89E5870A99E5970AA9E5A70AB9E5B702E
:102E6000AC9E5C70AD9E5D70AE9E5E70B1E55F70B5
:102E7000AF9E6070B09E6170B19E6270B29E6370D2
:102E8000B39E6470B49E6570B59E6670B69E6770A2
:102E9000B79E6870B89E6970B99E6A70BA9E6B7072
:102EA000F0BB6C70E1EC6D70F0C36E70BB9E6F7028
:102EB000C6B57070D2BB7170BC9E7270BD9E7370CF
:102EC000BE9E7470BF9E7570E9C17670EED4777047
:102ED000C09E7870C4BE7970C19E7A70C29E7B70AD
:102EE000C39E7C70C6D77D70C49E7E70D6D47F7022
:102EF000D3B28070BEEC8170C59E8270C69E837016
:102F0000C79E8470C89E8570C1EA8670C99E87700E
:102F1000CA9E8870CB9E8970AFC28A70B6B48B701F
:102F2000CC9E8C70CD9E8D70CE9E8E70D7D18F70C2
:102F3000CF9E9070D09E9170D19E9270B4B39370DA
:102F4000D29E9470B2C89570BBBF9670C0EC97705B
:102F5000D39E9870D49E9970CBD69A70D59E9B7054
:102F6000D69E9C70BFEC9D70C1EC9E70D79E9F70EA
:102F7000D89EA070D99EA170DA9EA270DB9EA3702D
:102F8000DC9EA470DD9EA570DE9EA670DF9EA770FD
:102F9000E09EA870E19EA970E29EAA70E39EAB70CD
:102FA000C5ECAC70E6BEAD70BFCCAE70DAC5AF702C
:102FB000BCBEB070E49EB170C6ECB270E59EB3705A
:102FC000FEB1B470E69EB570E79EB670E89EB7702D
:102FD000C4ECB870A8D5B970E3B5BA70E99EBB70FF
:102FE000C2ECBC70B6C1BD70E3B3BE70EA9EBF70E8
:102FF000EB9EC070C3ECC170B8CBC270C3C0C370CD
:10300000FECCC470EC9EC570ED9EC670EE9EC7707F
:10301000EF9EC870D2C1C970F09ECA70C8ECCB7068
:10302000F19ECC70F29ECD70F39ECE70F49ECF7068
:10303000F59ED070F69ED170F79ED270F89ED37038
:10304000F99ED470FA9ED570FB9ED670FC9ED77008
:10305000FD9ED870E6BAD970D3C0DA70FE9EDB70E0
:10306000F2D6DC70409FDD70419FDE70429FDF70C2
:10307000CCD1E070439FE170449FE270459FE370C4
:10308000469FE470BEBFE570479FE670B3B7E77038
:10309000D5C9E870C7ECE970E2BBEA70489FEB70F5
:1030A000CCCCEC70FDBDED70C8C8EE70499FEF70E0
:1030B000A9CFF0704A9FF1704B9FF2704C9FF37054
:1030C0004D9FF4704E9FF5704F9FF670509FF770B4
:1030D000E9CDF870519FF970EBC5FA70529FFB7003
:1030E000539FFC70549FFD70E9B7FE70559FFF70B1
:1030F000569F0071579F0171589F0271599F03712C
:103100005A9F04715B9F05715C9F06715D9F0771FB
:103110005E9F08715F9F0971C9D10A71B8BA0B71BE
:10312000609F0C71619F0D71629F0E71639F0F71A3
:10313000649F1071C9EC1171659F1271669F1371C4
:10314000CAEC1471679F1571C0BB1671CBEC177177
:10315000689F1871E2EC1971BAB11A71D9B71B7175
:10316000699F1C716A9F1D716B9F1E716C9F1F71FF
:103170006D9F20716E9F21716F9F2271709F2371CF
:10318000719F2471729F2571739F2671B9BD27713C
:10319000749F2871759F2971769F2A71779F2B7173
:1031A000789F2C71799F2D717A9F2E717B9F2F7143
:1031B000CCEC3071E6D13171CDEC32717C9F337142
:1031C0007D9F34717E9F3571809F3671BBC837718A
:1031D000819F3871829F3971839F3A71849F3B71BF
:1031E000859F3C71869F3D71879F3E71889F3F718F
:1031F000899F40718A9F41718B9F42718C9F43715F
:103200008D9F44718E9F4571D1EC46718F9F4771A0
:10321000909F4871919F4971929F4A71D3EC4B7175
:10322000939F4C71CDBB4D71949F4E71E5BC4F7116
:10323000959F5071969F5171979F5271989F5371AE
:10324000999F54719A9F55719B9F56719C9F57717E
:103250009D9F58719E9F59719F9F5A71A09F5B714E
:10326000A19F5C71CFEC5D71A29F5E71B7C95F7168
:10327000A39F6071A49F6171A59F6271A69F6371F6
:10328000A79F6471BAC36571A89F6671E3EC67710B
:10329000D5D56871D0EC6971A99F6A71AA9F6B71CD
:1032A000AB9F6C71AC9F6D71AD9F6E71F3D66F71FA
:1032B000AE9F7071AF9F7171B09F7271D2EC7371DC
:1032C000CEEC7471B19F7571B29F7671B39F7771B7
:1032D000B49F7871D4EC7971B59F7A71D5EC7B711C
:1032E000B69F7C71B79F7D71BFC97E71B89F7F719A
:1032F000B99F8071BA9F8171BB9F8271BC9F83719E
:10330000BD9F8471A8CF8571BE9F8671BF9F877155
:10331000C09F8871C19F8971C29F8A71DCD08B71F7
:10332000C39F8C71C49F8D71C59F8E71C69F8F7115
:10333000ACD19071C79F9171C89F9271C99F9371D1
:10334000CA9F9471DBC89571CB9F9671CC9F977182
:10335000CD9F9871D6EC9971F5CE9A71CE9F9B71E5
:10336000CF9F9C71D09F9D71D19F9E71D29F9F7165
:10337000ECCAA071DAECA171D39FA271D49FA371A2
:10338000D59FA471D69FA571D79FA671D89FA7710D
:10339000D99FA871D9ECA971DA9FAA71DB9FAB7193
:1033A000DC9FAC71BEB0AD71DD9FAE71DE9FAF71C1
:1033B000DF9FB071E09FB171E19FB271E29FB37185
:1033C000D7ECB471E39FB571D8ECB671E49FB771D7
:1033D000E59FB871E69FB971E4ECBA71E79FBB71E4
:1033E000E89FBC71E99FBD71EA9FBE71EB9FBF7101
:1033F000EC9FC071ED9FC171EE9FC271EF9FC371D1
:10340000BCC8C471F09FC571F19FC671F29FC771AE
:10341000F39FC871F49FC971F59FCA71F69FCB7174
:10342000F79FCC71F89FCD71F99FCE71C7C1CF7155
:10343000FA9FD071FB9FD171FC9FD271FD9FD37118
:10344000FE9FD471DCECD571E0D1D67140A0D7716C
:1034500041A0D87142A0D97143A0DA7144A0DB71B8
:1034600045A0DC7146A0DD7147A0DE7148A0DF7188
:1034700049A0E071DBECE1714AA0E2714BA0E3717D
:103480004CA0E4714DA0E571EFD4E6714EA0E77158
:10349000DDECE8714FA0E97150A0EA7151A0EB7129
:1034A00052A0EC7153A0ED7154A0EE71C6DBEF7128
:1034B00055A0F07156A0F17157A0F27158A0F371A8
:1034C00059A0F4715AA0F5715BA0F6715CA0F77178
:1034D0005DA0F8715EA0F971DEECFA715FA0FB717E
:1034E00060A0FC7161A0FD7162A0FE7163A0FF711C
:1034F00064A0007265A0017266A0027267A00372E8
:1035000068A0047269A005726AA00672ACB1077265
:103510006BA008726CA009726DA00A726EA00B728B
:103520006FA00C7270A00D7271A00E7272A00F725B
:1035300073A0107274A0117275A0127276A013722B
:1035400077A0147278A0157279A016727AA01772FB
:103550007BA018727CA019727DA01A727EA01B72CB
:1035600080A01C7281A01D72DFEC1E7282A01F72EF
:1035700083A0207284A0217285A0227286A023726B
:1035800087A0247288A0257289A026728AA027723B
:103590008BA02872E0EC29728CA02A72A6D72B721D
:1035A0008DA02C72C0C52D728EA02E728FA02F728E
:1035B00090A03072BCEB3172AEB0327291A0337217
:1035C00092A0347293A03572F4BE3672B8B83772D6
:1035D000AFD23872D6B03972F9B53A7294A03B7254
:1035E000B3D83C7295A03D72ACCB3E7296A03F72B0
:1035F000DDE3407297A0417298A0427299A0437295
:103600009AA044729BA045729CA046729DA04772EE
:10361000ACC64872E6B049729EA04A729FA04B7237
:10362000A0A04C72C6C54D72B9EB4E72A1A04F72EC
:10363000A2A05072A3A05172A4A05272BAEB53720E
:10364000A5A05472A6A05572A7A05672BBEB5772E4
:10365000A8A05872A9A05972C0D15A72AAA05B72D0
:10366000A3C55C72ABA05D72F2EA5E72ACA05F7241
:10367000B2C46072ADA06172B5C46272CEC0637232
:10368000AEA06472AFA06572B0A06672F3EA677212
:10369000C1C46872B1A06972EFCE6A72B2A06B72D7
:1036A000B3A06C72B4A06D72B5A06E72F0EA6F72C6
:1036B000F4EA7072B6A07172B7A07272FCC973722C
:1036C000B8A07472B9A07572A3C77672BAA07772E7
:1036D000BBA07872BCA07972D8CC7A72FECE7B7215
:1036E000BDA07C72BEA07D72BFA07E72F5EA7F7223
:1036F000F6EA8072ACCF8172E7C08272C0A083729A
:10370000C1A08472F7EA8572C2A08672C3A08772D4
:10371000C4A08872C5A08972C6A08A72BFB68B7217
:10372000F8EA8C72C7A08D72F9EA8E72C8A08F7207
:10373000FAEA9072C9A09172CAA09272FBEA9372DF
:10374000CBA09472CCA09572CDA09672CEA09772A9
:10375000CFA09872D0A09972D1A09A72D2A09B7279
:10376000D3A09C72D4A09D72D5A09E72D6A09F7249
:10377000F1EAA072D7A0A172D8A0A272D9A0A372B8
:10378000DAA0A472DBA0A572DCA0A672DDA0A772ED
:10379000DEA0A872DFA0A972E0A0AA72E1A0AB72BD
:1037A000E2A0AC72AEC8AD72EBE1AE72E3A0AF7254
:1037B000B8B7B072ECE1B172E4A0B272E5A0B37236
:1037C000E6A0B472EDE1B572E7A0B672B4D7B772F5
:1037D000EEE1B872EFE1B972CCD3BA72E8A0BB7275
:1037E000E9A0BC72EAA0BD72EBA0BE72ECA0BF72F1
:1037F000EDA0C072EEA0C172F1E1C272F1BFC3725E
:10380000F0E1C472D2B5C572EFA0C672F0A0C77263
:10381000F1A0C872B7B1C972F2A0CA72F3A0CB729C
:10382000F4A0CC72F5A0CD72F3E1CE72F2E1CF72CA
:10383000F6A0D072FCBAD172F7A0D272F4E1D372C2
:10384000F8A0D472F9A0D572FAA0D672FBA0D772F4
:10385000B7B9D872FCA0D972D1BEDA72FDA0DB7202
:10386000FEA0DC7240AADD7241AADE72FCC4DF72E7
:1038700042AAE072DDBAE172C6BDE27243AAE37207
:1038800044AAE47245AAE57246AAE67247AAE7721C
:1038900048AAE872F5E1E972F7E1EA7249AAEB7227
:1038A0004AAAEC72C0B6ED72C1CFEE72A8CAEF722E
:1038B000F6E1F072F8D5F172FCD3F272F8E1F3722E
:1038C000FCE1F472F9E1F5724BAAF6724CAAF772B8
:1038D000FAE1F872EAC0F9724DAAFA72FEE1FB72DF
:1038E000A1E2FC72C7C0FD724EAAFE724FAAFF721F
:1038F00050AA007351AA0173FBE1027352AA037329
:10390000FDE1047353AA057354AA067355AA0773FD
:1039100056AA087357AA097358AA0A73A5E20B732B
:1039200059AA0C735AAA0D735BAA0E73D4C10F73F4
:103930005CAA10735DAA11735EAA12735FAA137357
:10394000A3E2147360AA1573A8E21673FEB217738C
:10395000A2E2187361AA197362AA1A7363AA1B738D
:10396000CDC31C73C2B21D73A7E21E73A6E21F7300
:1039700064AA207365AA2173A4E22273A9E22373C7
:1039800066AA247367AA2573ABE2267368AA277315
:1039900069AA28736AAA2973C9D02A73EDD62B7332
:1039A000A8C32C73ACE22D736BAA2E73D7CF2F73E1
:1039B0006CAA30736DAA3173AEE232736EAA3373A0
:1039C0006FAA3473EFBA357370AA367371AA37735E
:1039D000E0E93873ADE23973AAE23A7372AA3B7335
:1039E00073AA3C7374AA3D7375AA3E73ABBB3F7355
:1039F000B3D4407376AA417377AA427378AA43730B
:103A000079AA44737AAA45737BAA46737CAA477342
:103A10007DAA48737EAA497380AA4A7381AA4B7310
:103A200082AA4C7383AA4D73B0E24E7384AA4F737B
:103A300085AA5073AFE2517386AA5273E1E95373BA
:103A400087AA547388AA557389AA56738AAA57738A
:103A5000B1E258738BAA59738CAA5A738DAA5B73FF
:103A60008EAA5C738FAA5D7390AA5E7391AA5F732E
:103A700092AA6073B2E2617393AA627394AA6373A9
:103A800095AA647396AA657397AA667398AA6773D2
:103A900099AA68739AAA69739BAA6A739CAA6B73A2
:103AA0009DAA6C73B3E26D73A1CC6E739EAA6F7303
:103AB000B4E270739FAA7173A0AA727340AB737360
:103AC00041AB747342AB757343AB767344AB77739E
:103AD00045AB787346AB797347AB7A7348AB7B736E
:103AE00049AB7C734AAB7D734BAB7E73B5E27F739E
:103AF0004CAB80734DAB81734EAB82734FAB837312
:103B000050AB8473FED0857351AB867352AB877311
:103B1000CAC2887353AB8973F1D38A7354AB8B7366
:103B2000F5CD8C7355AB8D7356AB8E73E0E78F7309
:103B300057AB907358AB9173E1E7927359AB9373A2
:103B40005AAB94735BAB95735CAB9673C1BE9773C2
:103B50005DAB98735EAB99735FAB9A7360AB9B730D
:103B6000EAC29C7361AB9D7362AB9E7363AB9F7340
:103B7000E4E7A07364ABA17365ABA273E3E7A3733F
:103B800066ABA47367ABA57368ABA67369ABA77389
:103B90006AABA8736BABA973E6CDAA736CABAB73BE
:103BA000B5C3AC736DABAD736EABAE73E2E7AF7321
:103BB000B7BBB073D6CFB1736FABB273E1C1B373A0
:103BC000E9E7B47370ABB57371ABB67372ABB7732F
:103BD000E8E7B87373ABB97374ABBA73F4E7BB734C
:103BE000A3B2BC7375ABBD7376ABBE7377ABBF735B
:103BF00078ABC073EAE7C17379ABC273E6E7C3730E
:103C00007AABC4737BABC5737CABC6737DABC77338
:103C10007EABC873ECE7C973EBE7CA73BAC9CB7361
:103C200080ABCC7381ABCD73E4D5CE7382ABCF7355
:103C3000E5E7D073A9B7D173E7E7D27383ABD3734A
:103C400084ABD47385ABD57386ABD67387ABD77390
:103C500088ABD87389ABD973EEE7DA738AABDB73C1
:103C60008BABDC738CABDD738DABDE73F3E7DF7393
:103C70008EABE073E9D6E1738FABE27390ABE37385
:103C800091ABE47392ABE573EDE7E67393ABE77347
:103C9000F2E7E87394ABE973F1E7EA7395ABEB7382
:103CA00096ABEC7397ABED73E0B0EE7398ABEF733C
:103CB00099ABF0739AABF1739BABF273F5E7F373C7
:103CC0009CABF4739DABF5739EABF6739FABF77330
:103CD000A0ABF87340ACF97341ACFA7342ACFB7320
:103CE00043ACFC7344ACFD7345ACFE7346ACFF7350
:103CF00047AC007448AC017449AC02744AAC03741C
:103D0000F2C704744BAC0574C5C00674EDC00774EB
:103D10004CAC08744DAC0974F0C10A74F0E70B7434
:103D20004EAC0C744FAC0D7450AC0E7451AC0F749F
:103D3000F6E71074F6CB117452AC127453AC1374D2
:103D400054AC147455AC157456AC167457AC177447
:103D500058AC187459AC19745AAC1A74A2E81B7494
:103D6000A1E81C745BAC1D745CAC1E745DAC1F746C
:103D70005EAC20745FAC217460AC2274C1D7237434
:103D800061AC247462AC2574FAE72674F9E72774F1
:103D900063AC2874FBE7297464AC2A74F7E72B74CE
:103DA00065AC2C74FEE72D7466AC2E74FDE72F74A1
:103DB00067AC3074FCE7317468AC327469AC33744E
:103DC000D5C13474D9C73574FDC53674C3C53774CD
:103DD0006AAC38746BAC39746CAC3A746DAC3B74CF
:103DE0006EAC3C74EDC73D746FAC3E7470AC3F7408
:103DF00071AC407472AC4174A3E8427473AC437408
:103E000074AC447475AC457476AC467477AC477446
:103E100078AC487479AC49747AAC4A747BAC4B7416
:103E20007CAC4C747DAC4D747EAC4E7480AC4F74E5
:103E300081AC507482AC517483AC527484AC5374B2
:103E400085AC547486AC5574A6E8567487AC577428
:103E5000A5E8587488AC5974A7E85A74F7BA5B742B
:103E6000F8E75C74A4E85D7489AC5E74F0C85F74B4
:103E7000AAC960748AAC61748BAC62748CAC6374D4
:103E80008DAC64748EAC65748FAC667490AC6774E2
:103E900091AC687492AC697493AC6A7494AC6B74B2
:103EA00095AC6C7496AC6D74A9E86E7497AC6F7435
:103EB00098AC7074E5B9717499AC72749AAC7374FF
:103EC0009BAC74749CAC75749DAC7674FED17774A5
:103ED000A8E878749EAC79749FAC7A74A0AC7B74BB
:103EE00040AD7C7441AD7D7442AD7E74AAE87F74B0
:103EF00043AD8074ADE88174AEE8827444AD8374E0
:103F0000A7C1847445AD857446AD867447AD87748A
:103F1000AFE8887448AD897449AD8A744AAD8B7432
:103F2000B0E88C744BAD8D744CAD8E74ACE88F746E
:103F30004DAD9074B4E891744EAD92744FAD9374DE
:103F400050AD947451AD957452AD967453AD977451
:103F500054AD987455AD997456AD9A7457AD9B7421
:103F600058AD9C74ABE89D7459AD9E74B1E89F74D4
:103F70005AADA0745BADA1745CADA2745DADA374C9
:103F80005EADA4745FADA57460ADA67461ADA77499
:103F9000B5E8A874B2E8A974B3E8AA7462ADAB74CA
:103FA00063ADAC7464ADAD7465ADAE7466ADAF7445
:103FB00067ADB07468ADB17469ADB2746AADB37415
:103FC0006BADB4746CADB5746DADB6746EADB774E5
:103FD0006FADB87470ADB97471ADBA74B7E8BB7435
:103FE00072ADBC7473ADBD7474ADBE7475ADBF7489
:103FF00076ADC07477ADC17478ADC27479ADC37459
:104000007AADC4747BADC5747CADC6747DADC77428
:104010007EADC87480ADC97481ADCA7482ADCB74F5
:1040200083ADCC7484ADCD7485ADCE7486ADCF74C4
:1040300087ADD07488ADD17489ADD274B6E8D3742D
:104040008AADD4748BADD5748CADD6748DADD77468
:104050008EADD8748FADD97490ADDA7491ADDB7438
:1040600092ADDC74CFB9DD7493ADDE74ACF0DF7467
:1040700094ADE074ADF0E17495ADE274B0C6E37454
:10408000EAB0E474BFC8E57496ADE674DFCDE774BA
:1040900097ADE87498ADE97499ADEA749AADEB7494
:1040A0009BADEC749CADED749DADEE74CDCEEF7414
:1040B000B1EAF0749EADF1749FADF274A0ADF374EB
:1040C00040AEF474B2EAF57441AEF674BFC6F7744C
:1040D000C9B4F87442AEF97443AEFA7444AEFB74DA
:1040E00045AEFC7446AEFD7447AEFE7448AEFF7438
:1040F000B3EA007549AE01754AAE02754BAE037561
:104100004CAE0475E7D505754DAE06754EAE077518
:104110004FAE087550AE097551AE0A7552AE0B75AB
:1041200053AE0C7554AE0D75F9DD0E7555AE0F75A9
:10413000B4EA107556AE1175B5EA127557AE13751F
:10414000B6EA147558AE157559AE16755AAE177590
:104150005BAE1875CAB81975B0DF1A75F5C91B754D
:104160005CAE1C75F0CC1D755DAE1E755EAE1F7528
:10417000FAC920755FAE217560AE227561AE2375F8
:1041800062AE247563AE2575FBC9267564AE2775CE
:1041900065AE2875C3D32975A6CB2A7566AE2B7577
:1041A000A6B82C75AEF02D75C2B12E7567AE2F7501
:1041B000B8E53075EFCC3175C9D33275D7BC3375DE
:1041C000EAC9347568AE3575E7B5367569AE3775C9
:1041D000D0C43875E9B539756AAE3A75AEEE3B753F
:1041E000ADBB3C756BAE3D756CAE3E75DEE73F75A5
:1041F0006DAE4075AFEE41756EAE42756FAE4375F4
:1042000070AE447571AE4575A9B3467572AE47750B
:1042100073AE4875B2EE497574AE4A7575AE4B759E
:10422000B1EE4C75E7BD4D7576AE4E75B0EE4F757F
:10423000B7CE507577AE517578AE527579AE53756D
:104240007AAE5475CFC555757BAE56757CAE577535
:104250007DAE58757EAE5975F4C15A75CEDB5B756F
:10426000B3EE5C75F3D05D7580AE5E7581AE5F7543
:1042700082AE607583AE617584AE627585AE63751E
:1042800086AE647587AE6575D4C26675E8C6677517
:1042900088AE687589AE69758AAE6A75ACB76B759C
:1042A0008BAE6C758CAE6D758DAE6E758EAE6F759A
:1042B0008FAE707590AE717591AE7275B4EE737508
:1042C00092AE7475EBB3757593AE767594AE7775E3
:1042D00095AE7875FBBB7975B5EE7A7596AE7B7544
:1042E00097AE7C7598AE7D7599AE7E759AAE7F75EA
:1042F000DCE780759BAE81759CAE82759DAE837543
:10430000B6EE84759EAE85759FAE8675AEBD87751B
:10431000A0AE887540AF897541AF8A7542AF8B7585
:10432000E2F18C7543AF8D7544AF8E7545AF8F75D7
:10433000E8CA907546AF9175C9D29275DAF0937557
:1043400047AF9475DBF0957548AF9675DCF09775BF
:10435000C6C1987549AF9975EDB89A75CEBE9B7573
:104360004AAF9C754BAF9D75DEF09E754CAF9F7547
:10437000B1C5A075DDF0A175F1D1A2754DAFA375E2
:10438000E0F0A475CCB0A575EABDA6754EAFA775D3
:104390004FAFA87550AFA97551AFAA7552AFAB75A5
:1043A000DFD2AC75DFF0AD7553AFAE75AFB4AF759E
:1043B000E8B7B075E6F0B175E5F0B275A3C6B375B0
:1043C000E1F0B475E2F0B575C3B4B67554AFB77526
:1043D00055AFB875E3F0B975EED5BA7556AFBB7584
:1043E00057AFBC75DBCCBD75D2BEBE75B2BCBF7558
:1043F00058AFC07559AFC1755AAFC275E8F0C375F3
:10440000E7F0C475E4F0C575A1B2C6755BAFC775BA
:10441000A2D6C875B8D3C975B7BECA75ACC8CB75B6
:104420005CAFCC755DAFCD75EAF0CE755EAFCF7584
:104430005FAFD07560AFD17561AFD275F7D1D3756D
:1044400062AFD475CCD6D575DBBAD675E9F0D77521
:1044500063AFD875BBB6D97564AFDA7565AFDB7578
:10446000B4CDDC7566AFDD7567AFDE75A6C6DF75EA
:1044700068AFE07569AFE1756AAFE275A1C1E37538
:10448000EBF0E475EEF0E5756BAFE675EDF0E77512
:10449000F0F0E875ECF0E9756CAFEA75BEBBEB7552
:1044A000EFF0EC756DAFED756EAFEE756FAFEF754C
:1044B00070AFF075B5CCF175F2F0F27571AFF375C0
:1044C00072AFF475D5B3F57573AFF67574AFF77554
:1044D00075AFF87576AFF975D4B1FA7577AFFB752E
:1044E00078AFFC75F3F0FD7579AFFE757AAFFF75A7
:1044F000F4F00076F6F00176E1B402767BAF037655
:10450000F1F004767CAF0576F7F006767DAF07769E
:104510007EAF087680AF097681AF0A76FAF00B7627
:1045200082AF0C76F8F00D7683AF0E7684AF0F76FF
:1045300085AF1076F5F0117686AF127687AF1376D9
:1045400088AF147689AF1576FDF016768AAF1776A8
:10455000F9F01876FCF01976FEF01A768BAF1B7620
:10456000A1F11C768CAF1D768DAF1E768EAF1F76B7
:10457000C1CE2076A4F121768FAF2276A3F12376E7
:1045800090AF2476F6C12576FBF02676DDCA277635
:1045900091AF287692AF2976F1B42A76F1B12B76D5
:1045A000B1CC2C7693AF2D76A6F12E7694AF2F76E4
:1045B00095AF3076A7F1317696AF327697AF3376F6
:1045C000ACF13476CED53576A9F1367698AF37761C
:1045D00099AF3876B3C839769AAF3A769BAF3B76C7
:1045E0009CAF3C76A2F13D769DAF3E76ABF13F7637
:1045F000A8F14076A5F141769EAF42769FAF437613
:10460000AAF14476A0AF457640B0467641B04776F1
:1046100042B0487643B0497644B04A7645B04B76CE
:1046200046B04C76A9B04D76ADF14E7647B04F7698
:1046300048B0507649B051764AB052764BB0537676
:104640004CB05476AFF155764DB05676B1F1577601
:104650004EB058764FB0597650B05A7651B05B761E
:1046600052B05C76B0F15D7653B05E76AEF15F76B7
:1046700054B0607655B0617656B0627657B06376C6
:10468000A2D1647658B0657659B066765AB067762E
:104690005BB068765CB069765DB06A765EB06B766A
:1046A000B2F16C765FB06D7660B06E7661B06F76A9
:1046B000B3F1707662B0717663B0727664B073767F
:1046C00065B0747666B0757667B0767668B07776E2
:1046D00069B07876EFB979766AB07A766BB07B7626
:1046E000C7B57C766CB07D76D7B07E76D9B07F7654
:1046F0006DB080766EB081766FB08276EDD48376C1
:1047000070B08476C4B5857671B08676D4BD877670
:10471000CABB8876A7F0897672B08A7673B08B763A
:10472000DEB88C7674B08D7675B08E76A8F08F7604
:1047300076B0907677B09176A8B0927678B093768E
:10474000A9F0947679B095767AB09676EECD977694
:104750007BB098767CB09976AAF09A767DB09B76FD
:104760007EB09C7680B09D7681B09E7682B09F763A
:1047700083B0A07684B0A17685B0A27686B0A37609
:1047800087B0A476ABF0A57688B0A67689B0A77678
:104790008AB0A8768BB0A9768CB0AA768DB0AB76AD
:1047A0008EB0AC768FB0AD7690B0AE76A4C6AF7654
:1047B00091B0B07692B0B176E5D6B276E4F1B37648
:1047C00093B0B476E5F1B57694B0B67695B0B77699
:1047D00096B0B87697B0B97698B0BA7699B0BB76FD
:1047E0009AB0BC769BB0BD769CB0BE769DB0BF76CD
:1047F000F3C3C0769EB0C1769FB0C276DBD3C376DA
:10480000A0B0C47640B1C576D1D6C676E8C5C77625
:1048100041B1C876AFD3C97642B1CA76E6D2CB767B
:1048200043B1CC7644B1CD76C1EECE76BBB0CF7677
:10483000B5D5D076CED1D176E0BCD276D0BAD3760B
:1048400045B1D476F8BFD57646B1D676C7B8D77617
:10485000C1B5D876CCC5D97647B1DA7648B1DB7622
:10486000A2CADC7649B1DD764AB1DE764BB1DF769D
:10487000CBC3E0764CB1E1764DB1E2764EB1E37652
:104880004FB1E47650B1E576C2EEE67651B1E77607
:1048900052B1E87653B1E97654B1EA7655B1EB7688
:1048A00056B1EC7657B1ED7658B1EE76BFC4EF76DF
:1048B000A2B6F07659B1F176ECEDF276A4C3F376B8
:1048C0005AB1F476B1D6F5765BB1F6765CB1F7768F
:1048D0005DB1F876E0CFF976EFEDFA765EB1FB7672
:1048E0005FB1FC76CEC5FD7660B1FE76DCB6FF76B4
:1048F00061B1007762B10177A1CA027763B1037732
:1049000064B10477EDED057765B1067766B1077799
:10491000F0ED0877F1ED0977BCC30A7767B10B7743
:10492000B4BF0C7768B10D77EEED0E7769B10F77F4
:104930006AB110776BB111776CB112776DB11377E3
:104940006EB114776FB1157770B1167771B11777B3
:1049500072B1187773B11977F4ED1A77F2ED1B770E
:1049600074B11C7775B11D7776B11E7777B11F775B
:10497000E6D52077DFC3217778B12277F3ED23776F
:1049800079B124777AB125777BB12677F6ED277751
:104990007CB12877A3D52977A3D12A777DB12B774E
:1049A0007EB12C7780B12D77F5ED2E7781B12F7701
:1049B000D0C3307782B1317783B1327784B1337726
:1049C00085B1347786B13577F7ED3677F4BF377731
:1049D000ECBE3877F8ED397787B13A77F7CC3B778B
:1049E00088B13C77DBD13D7789B13E778AB13F779B
:1049F0008BB14077C5D74177F6D542778CB14377F5
:104A0000FCED44778DB145778EB146778FB147770E
:104A1000FBED487790B1497791B14A7792B14B77E6
:104A200093B14C7794B14D7795B14E7796B14F775E
:104A300097B15077F9ED5177FAED527798B15377F6
:104A400099B154779AB155779BB156779CB1577706
:104A50009DB158779EB159779FB15A77FDED5B773D
:104A6000A6BE5C77A0B15D7740B25E7741B25F775A
:104A700042B2607743B26177AFCB6277A1EE6377E2
:104A8000BDB6647744B26577A2EE6677C0C4677737
:104A900045B26877FEED697746B26A7747B26B77C1
:104AA000DEBD6C77C7B26D7748B26E7749B26F776B
:104AB0004AB270774BB271774CB272774DB273775E
:104AC0004EB274774FB2757750B2767751B277772E
:104AD00052B2787753B27977C3B67A7754B27B778C
:104AE00055B27C7756B27D77A5EE7E77BAD87F77C0
:104AF000A3EE8077A6EE817757B2827758B283779C
:104B000059B28477E9C38577F2B386775AB287774B
:104B10005BB288775CB289775DB28A775EB28B7759
:104B20005FB28C77A7EE8D77A4EE8E77B9CF8F77B3
:104B300060B2907761B29177A8EE9277F7C29377DF
:104B400062B2947763B2957764B2967765B29777DD
:104B500066B2987767B2997768B29A7769B29B77AD
:104B60006AB29C776BB29D776CB29E776DB29F777D
:104B7000A9EEA077AAEEA1776EB2A277ABDEA377FB
:104B80006FB2A47770B2A577B3C6A67771B2A777D4
:104B9000C6C7A87772B2A977F5D6AA77C9B5AB7799
:104BA00073B2AC77B2CBAD7774B2AE7775B2AF7784
:104BB00076B2B077ABEEB17777B2B27778B2B3773F
:104BC000ABCDB47779B2B577ACEEB6777AB2B777CA
:104BD0007BB2B8777CB2B9777DB2BA777EB2BB7759
:104BE000B0D5BC7780B2BD77ADEEBE7781B2BF776E
:104BF000C4F6C07782B2C17783B2C27784B2C3777A
:104C000085B2C47786B2C57787B2C67788B2C777D0
:104C100089B2C8778AB2C9778BB2CA778CB2CB77A0
:104C20008DB2CC778EB2CD77C7DBCE778FB2CF7710
:104C300090B2D07791B2D17792B2D27793B2D37744
:104C400094B2D47795B2D57796B2D67797B2D77714
:104C5000A3B4D87798B2D97799B2DA779AB2DB77DA
:104C6000ACC3DC77E6F1DD779BB2DE779CB2DF7711
:104C70009DB2E0779EB2E1779FB2E277B8CAE37760
:104C8000D3D2E477A0B2E577AAD6E67740B3E77748
:104C9000F2EFE87741B3E977D8BEEA7742B3EB7732
:104CA000C3BDEC77F3EFED77CCB6EE77ABB0EF7733
:104CB00043B3F07744B3F17745B3F27746B3F37774
:104CC000AFCAF47747B3F57748B3F677B6EDF77721
:104CD00049B3F877B7EDF9774AB3FA774BB3FB7777
:104CE0004CB3FC774DB3FD77F9CEFE77AFB7FF77C6
:104CF000F3BF0078B8ED0178EBC20278B0C9037851
:104D00004EB304784FB3057850B3067851B30778A3
:104D100052B3087853B30978B9ED0A7854B30B78D5
:104D200055B30C78F6C60D78B3BF0E7856B30F782E
:104D300057B3107858B31178BCED1278F8C51378D2
:104D400059B31478D0D115785AB31678A9D71778F3
:104D5000BAED1878BBED19785BB31A78E2D11B78FD
:104D60005CB31C78BFED1D78C0ED1E785DB31F7875
:104D7000C4ED20785EB321785FB3227860B32378E6
:104D8000C8ED247861B32578C6ED2678CEED277876
:104D9000E8D5287862B32978C9ED2A7863B32B78EF
:104DA00064B32C78C7ED2D78BEED2E7865B32F78DF
:104DB00066B33078E9C5317867B3327868B3337851
:104DC00069B33478C6C635786AB336786BB337784A
:104DD000E9C93878D2D43978C1ED3A78C2ED3B7858
:104DE000C3ED3C78C5ED3D786CB33E78F9C03F78B3
:104DF0006DB34078A1B441786EB342786FB3437815
:104E000070B3447871B34578E8B9467872B347789F
:104E1000D0ED487873B3497874B34A7875B34B785A
:104E200076B34C78D1ED4D7877B34E78CAED4F78A4
:104E300078B35078CFED517879B35278F8CE537873
:104E40007AB354787BB35578B6CB5678CCED577897
:104E5000CDED58787CB359787DB35A787EB35B78C2
:104E600080B35C7881B35D78F5CF5E7882B35F788C
:104E700083B3607884B3617885B3627886B36378EE
:104E800087B3647888B3657889B366788AB36778BE
:104E90008BB368788CB369788DB36A78D2ED6B7810
:104EA000F2C16C78B2D36D78CBED6E78B7C86F78FD
:104EB0008EB370788FB3717890B3727891B3737842
:104EC00092B3747893B3757894B3767895B3777812
:104ED000EFBC787896B3797897B37A7898B37B7883
:104EE00099B37C78F0C57D789AB37E789BB37F7850
:104EF0009CB380789DB381789EB382789FB383788A
:104F0000A0B3847840B4857841B4867842B4877879
:104F1000D6ED887843B48978EFB58A7844B48B7835
:104F200045B48C78B5C28D78ADB08E78E9CB8F78EA
:104F300046B4907847B49178AEB1927848B49378FB
:104F4000D4ED947849B495784AB496784BB4977870
:104F5000EBCD9878E2B599784CB49A78D5ED9B78FA
:104F6000D3ED9C78D7ED9D784DB49E784EB49F7864
:104F7000FAB5A0784FB4A178D8EDA27850B4A37850
:104F8000D9EDA47851B4A578DCEDA67852B4A77811
:104F9000CCB1A87853B4A97854B4AA7855B4AB78F6
:104FA00056B4AC7857B4AD7858B4AE7859B4AF783D
:104FB0005AB4B078F6C5B178EEBCB278DAEDB37811
:104FC000BCCCB478EAB2B5785BB4B6785CB4B778E8
:104FD0005DB4B8785EB4B978DBEDBA785FB4BB780D
:104FE00060B4BC7861B4BD7862B4BE78EBC4BF78FD
:104FF00063B4C07864B4C178C5B4C27865B4C3780A
:1050000066B4C47867B4C578F5B0C67868B4C778B4
:1050100069B4C8786AB4C978DFEDCA78DAC0CB78E9
:10502000E8B4CC786BB4CD786CB4CE786DB4CF786E
:105030006EB4D078CDC5D1786FB4D27870B4D3784F
:1050400071B4D478DDEDD578C4BFD67872B4D77892
:1050500073B4D87874B4D978DEEDDA7875B4DB78C7
:1050600076B4DC7877B4DD7878B4DE7879B4DF783C
:105070007AB4E0787BB4E1787CB4E2787DB4E3780C
:105080007EB4E47880B4E57881B4E67882B4E778D9
:1050900083B4E878A5C4E97884B4EA7885B4EB7879
:1050A00086B4EC78E0EDED7887B4EE7888B4EF78EC
:1050B00089B4F0788AB4F1788BB4F278E1EDF378C2
:1050C0008CB4F478E3EDF5788DB4F6788EB4F77897
:1050D000D7C1F8788FB4F97890B4FA78C7BBFB7869
:1050E00091B4FC7892B4FD7893B4FE7894B4FF78D0
:1050F00095B4007996B40179B8BD027997B4037973
:1051000098B4047999B40579E2ED06799AB40779EF
:105110009BB408799CB409799DB40A799EB40B7943
:105120009FB40C79A0B40D7940B50E7941B50F79D3
:1051300042B5107943B5117944B5127945B5137963
:10514000E4ED147946B5157947B5167948B5177960
:1051500049B518794AB519794BB51A794CB51B7907
:105160004DB51C794EB51D794FB51E79E6ED1F7909
:1051700050B5207951B5217952B5227953B52379AB
:1051800054B52479E5ED257955B5267956B52779B5
:1051900057B5287958B5297959B52A795AB52B794F
:1051A0005BB52C795CB52D795DB52E795EB52F791F
:1051B0005FB5307960B5317961B5327962B53379EF
:1051C00063B53479E7ED357964B5367965B5377906
:1051D00066B5387967B5397968B53A79BECA3B7929
:1051E000EAEC3C79F1C03D7969B53E79E7C93F7990
:1051F0006AB54079EBEC4179EEC642796BB54379FB
:105200006CB544796DB545796EB54679ECEC477966
:105210006FB54879EDC64979EDEC4A7970B54B79AF
:1052200071B54C7972B54D7973B54E7974B54F79C6
:1052300075B5507976B5517977B5527978B5537996
:10524000F0EC547979B555797AB55679E6D757792E
:10525000F3EC58797BB559797CB55A79F1EC5B79E7
:10526000EEEC5C79EFEC5D79A3D75E79F1C95F79FB
:10527000EECB6079F4EC61797DB56279F2EC63791B
:105280007EB5647980B56579E9CF667981B567794E
:10529000F6EC6879B1C6697982B56A7983B56B79BC
:1052A00084B56C7985B56D79C0BC6E7986B56F793A
:1052B000F5EC707987B5717988B5727989B57379AC
:1052C0008AB574798BB575798CB576798DB5777922
:1052D000BBB57879F6BB79798EB57A79F7EC7B79BD
:1052E0008FB57C7990B57D7991B57E7992B57F79CE
:1052F00093B58079F7D98179FBBD827994B58379AB
:1053000095B58479BBC28579F8EC867996B58779AD
:1053100097B5887998B5897999B58A79F9EC8B79B7
:105320009AB58C799BB58D799CB58E799DB58F7921
:10533000A3B890799EB591799FB59279A0B59379EC
:1053400040B6947941B6957942B6967943B6977945
:1053500044B6987945B6997946B69A79FAEC9B792C
:1053600047B69C7948B69D7949B69E794AB69F79E9
:105370004BB6A0794CB6A1794DB6A2794EB6A379B9
:105380004FB6A47950B6A57951B6A67952B6A77989
:10539000FBECA87953B6A97954B6AA7955B6AB797E
:1053A00056B6AC7957B6AD7958B6AE7959B6AF792D
:1053B0005AB6B0795BB6B1795CB6B2795DB6B379FD
:1053C000FCECB4795EB6B5795FB6B67960B6B779FC
:1053D00061B6B87962B6B979EDD3BA79AED8BB798E
:1053E000EBC0BC7963B6BD79DDC7BE79CCBABF79F5
:1053F00064B6C079E3D0C179BDCBC27965B6C37953
:10540000BACDC47966B6C57967B6C679D1B8C77959
:1054100068B6C87969B6C979FCB1CA796AB6CB7978
:10542000EFC7CC796BB6CD79D6D6CE796CB6CF79BD
:105430006DB6D0796EB6D179C6BFD279EBC3D379C8
:105440006FB6D47970B6D579F5EFD67971B6D779CC
:1054500072B6D879D8C3D97973B6DA7974B6DB79EC
:1054600075B6DC7976B6DD7977B6DE7978B6DF7930
:10547000E2D7E07979B6E1797AB6E2797BB6E37979
:10548000F7EFE479D3B3E5797CB6E679D8C7E77965
:10549000EDD1E8797DB6E979C8D6EA797EB6EB79BF
:1054A000F8EFEC7980B6ED79F6EFEE7981B6EF7929
:1054B000FDBBF079C6B3F17982B6F27983B6F379A0
:1054C00084B6F47985B6F57986B6F67987B6F77934
:1054D00088B6F879D5BDF97989B6FA798AB6FB79B3
:1054E000C6D2FC798BB6FD79E0BBFE798CB6FF792C
:1054F0008DB6007AA1CF017A8EB6027AFCEF037ADC
:10550000FBEF047A8FB6057A90B6067AF9EF077A40
:1055100091B6087A92B6097A93B60A7A94B60B7A5B
:10552000CCB30C7A95B60D7AD4C90E7AB0CB0F7A7B
:1055300096B6107A97B6117A98B6127A99B6137A07
:105540009AB6147AFEEF157A9BB6167A9CB6177A3D
:10555000DEB0187A9DB6197A9EB61A7AC9D61B7A29
:105560009FB61C7AA0B61D7A40B71E7AFDEF1F7A4F
:1055700041B7207AEDB3217A42B7227A43B7237A32
:10558000D5F6247A44B7257A45B7267A46B7277ADE
:1055900047B7287A48B7297A49B72A7A4AB72B7A7F
:1055A0004BB72C7A4CB72D7A4DB72E7A4EB72F7A4F
:1055B0004FB7307A50B7317A51B7327A52B7337A1F
:1055C000C8CE347A53B7357A54B7367A55B7377A66
:1055D000A2F0387A56B7397AA1F03A7A57B73B7ABF
:1055E000BEB53C7ADABC3D7AFCBB3E7A58B73F7A0E
:1055F000E5B8407A59B7417A5AB7427A5BB7437AED
:105600005CB7447A5DB7457A5EB7467AC2C4477ADA
:105610005FB7487A60B7497A61B74A7A62B74B7A1E
:1056200063B74C7A64B74D7A65B74E7A66B74F7AEE
:1056300067B7507A68B7517AA3F0527A69B7537A4C
:105640006AB7547A6BB7557A6CB7567A6DB7577A92
:10565000EBCB587A6EB7597A6FB75A7A70B75B7AD4
:1056600071B75C7A72B75D7A73B75E7A74B75F7A36
:1056700075B7607A76B7617A77B7627A78B7637A06
:1056800079B7647A7AB7657A7BB7667A7CB7677AD6
:105690007DB7687A7EB7697A80B76A7A81B76B7AA4
:1056A00082B76C7A83B76D7A84B76E7A85B76F7A72
:1056B00086B7707AA6F0717A87B7727A88B7737AEC
:1056C00089B7747AA8D1757A8AB7767ABFBE777AA5
:1056D000EEC7787AB6F1797AB7F17A7AD5BF7B7A64
:1056E0008BB77C7A8CB77D7A8DB77E7A8EB77F7ACE
:1056F000A9B4807AB8F1817ABBCD827A8FB7837AE8
:10570000D4C7847AADD5857A90B7867AB9F1877A8D
:1057100091B7887ABAF1897A92B78A7A93B78B7AF5
:1057200094B78C7A95B78D7ACFC78E7A96B78F7AE1
:1057300097B7907A98B7917AA4D2927ACFD6937A83
:1057400099B7947A9AB7957ABBF1967AD1BD977A40
:10575000B0B4987ABDBE997A9BB79A7A9CB79B7A77
:105760009DB79C7ADCB49D7AD1CE9E7A9EB79F7A03
:10577000DFBFA07ABDF1A17A9FB7A27AA0B7A37AC2
:1057800040B8A47A41B8A57AFABFA67ABCF1A77A44
:1057900042B8A87ABFF1A97A43B8AA7A44B8AB7ADA
:1057A00045B8AC7ABEF1AD7AC0F1AE7A46B8AF7A00
:1057B00047B8B07A48B8B17A49B8B27A4AB8B37A39
:1057C000C1F1B47A4BB8B57A4CB8B67A4DB8B77A5D
:1057D0004EB8B87A4FB8B97A50B8BA7A51B8BB7ADD
:1057E00052B8BC7A53B8BD7A54B8BE7A55B8BF7AAD
:1057F000FEC1C07A56B8C17A57B8C27A58B8C37ACF
:1058000059B8C47A5AB8C57A5BB8C67A5CB8C77A50
:105810005DB8C87A5EB8C97A5FB8CA7A60B8CB7A20
:10582000A2C1CC7A61B8CD7A62B8CE7A63B8CF7AA9
:1058300064B8D07A65B8D17A66B8D27A67B8D37AC4
:1058400068B8D47A69B8D57A6AB8D67AFACAD77AF3
:105850006BB8D87A6CB8D97ABED5DA7A6DB8DB7AFB
:105860006EB8DC7A6FB8DD7A70B8DE7ABABEDF7AED
:10587000B9BEE07AC2D5E17A71B8E27A72B8E37A59
:10588000A2BFE47A73B8E57AAFCDE67AB5F1E77AEC
:1058900074B8E87A75B8E97A76B8EA7A77B8EB7AC4
:1058A00078B8EC7A79B8ED7ADFBDEE7A7AB8EF7A2B
:1058B000CBB6F07A7BB8F17A7CB8F27A7DB8F37A1D
:1058C0007EB8F47A80B8F57A81B8F67A82B8F77A39
:1058D00083B8F87A84B8F97AF1D6FA7AC3F3FB7A06
:1058E00085B8FC7A86B8FD7AC4F3FE7A87B8FF7A69
:1058F000CDB8007B88B8017B89B8027B8AB8037B6E
:10590000C6F3047BC7F3057B8BB8067BCAB0077B65
:105910008CB8087BC5F3097B8DB80A7BC9F30B7B78
:10592000F1CB0C7B8EB80D7B8FB80E7B90B80F7BC4
:10593000CBF3107B91B8117BA6D0127B92B8137B6E
:1059400093B8147BCAB1157BC8F3167B94B8177B48
:1059500095B8187B96B8197BCFF31A7B97B81B7B49
:10596000D1B51C7B98B81D7B99B81E7BD7F31F7BE4
:105970009AB8207BD2F3217B9BB8227B9CB8237BF7
:105980009DB8247BD4F3257BD3F3267BFBB7277B01
:105990009EB8287BBFB1297B9FB82A7BCEF32B7B97
:1059A000CAF32C7BDAB52D7BA0B82E7BD0F32F7BEE
:1059B00040B9307B41B9317BD1F3327B42B9337B83
:1059C000D5F3347B43B9357B44B9367B45B9377B56
:1059D00046B9387BCDF3397B47B93A7BE3BC3B7B97
:1059E00048B93C7BFDC13D7B49B93E7BD6F33F7B4B
:1059F0004AB9407B4BB9417B4CB9427B4DB9437BA3
:105A00004EB9447B4FB9457BDAF3467B50B9477BAF
:105A1000CCF3487B51B9497BC8B54A7B52B94B7B23
:105A2000EEBD4C7BDCF34D7B53B94E7B54B94F7BC1
:105A3000A4B7507BF0BF517BFED6527BB2CD537BD7
:105A400055B9547BF0B4557B56B9567BDFB2577BC2
:105A500057B9587BD8F3597B58B95A7BD9F35B7B3C
:105A6000B8C95C7B59B95D7BDDF35E7B5AB95F7B5E
:105A70005BB9607BDEF3617B5CB9627BE1F3637BE6
:105A80005DB9647B5EB9657B5FB9667B60B9677B36
:105A900061B9687B62B9697B63B96A7B64B96B7B06
:105AA00065B96C7B66B96D7B67B96E7BDFF36F7B25
:105AB00068B9707B69B9717BE3F3727BE2F3737B46
:105AC0006AB9747B6BB9757BDBF3767B6CB9777BDA
:105AD000EABF787B6DB9797BEFB37A7B6EB97B7B5C
:105AE000E0F37C7B6FB97D7B70B97E7BA9C77F7B40
:105AF00071B9807BF2BC817B72B9827B73B9837B85
:105B000074B9847B75B9857BEBF3867B76B9877B2B
:105B100077B9887B78B9897B79B98A7B7AB98B7BAD
:105B20007BB98C7B7CB98D7BBFB98E7B7DB98F7B3C
:105B30007EB9907BE4F3917B80B9927B81B9937BB2
:105B400082B9947BADB2957BFEBB967B83B9977B84
:105B5000E3CB987B84B9997B85B99A7B86B99B7B8B
:105B600087B99C7BEDF39D7BE9F39E7B88B99F7B96
:105B700089B9A07B8AB9A17BDCB9A27BEEF3A37BB8
:105B80008BB9A47B8CB9A57B8DB9A67BE5F3A77BEC
:105B9000E6F3A87BEAF3A97BE1C2AA7BECF3AB7B3B
:105BA000EFF3AC7BE8F3AD7BFDBCAE7B8EB9AF7B96
:105BB0008FB9B07B90B9B17BE4CFB27B91B9B37BA5
:105BC00092B9B47BF0F3B57B93B9B67B94B9B77B4C
:105BD00095B9B87BE7F3B97B96B9BA7B97B9BB7B2C
:105BE00098B9BC7B99B9BD7B9AB9BE7B9BB9BF7B89
:105BF0009CB9C07B9DB9C17BF2F3C27B9EB9C37BCC
:105C00009FB9C47BA0B9C57B40BAC67BADD7C77B63
:105C1000AAC6C87B41BAC97B42BACA7B43BACB7B0E
:105C200044BACC7BF3F3CD7B45BACE7B46BACF7B6F
:105C300047BAD07B48BAD17BF1F3D27B49BAD37B48
:105C4000A8C2D47B4ABAD57B4BBAD67B4CBAD77B99
:105C50004DBAD87B4EBAD97BDDB8DA7BF5F3DB7B66
:105C60004FBADC7B50BADD7BF4F3DE7B51BADF7BCD
:105C700052BAE07B53BAE17BDBB4E27B54BAE37BFC
:105C800055BAE47B56BAE57BF6F3E67BF7F3E77BA0
:105C900057BAE87B58BAE97B59BAEA7BF8F3EB7B51
:105CA0005ABAEC7B5BBAED7B5CBAEE7BBAC0EF7B99
:105CB0005DBAF07B5EBAF17BE9C0F27B5FBAF37B41
:105CC00060BAF47B61BAF57B62BAF67B63BAF77BA4
:105CD000F1C5F87B64BAF97B65BAFA7B66BAFB7BDF
:105CE00067BAFC7BFBF3FD7B68BAFE7BFAF3FF7BB4
:105CF00069BA007C6ABA017C6BBA027C6CBA037C1C
:105D00006DBA047C6EBA057C6FBA067C70BA077CEB
:105D1000D8B4087C71BA097C72BA0A7C73BA0B7C5D
:105D2000FEF30C7CF9F30D7C74BA0E7C75BA0F7C13
:105D3000FCF3107C76BA117C77BA127C78BA137CAB
:105D400079BA147C7ABA157C7BBA167CFDF3177C81
:105D50007CBA187C7DBA197C7EBA1A7C80BA1B7C0E
:105D600081BA1C7C82BA1D7C83BA1E7C84BA1F7CDB
:105D7000A1F4207C85BA217C86BA227C87BA237C58
:105D800088BA247C89BA257C8ABA267CA3F4277C2D
:105D9000C9BB287C8BBA297C8CBA2A7CA2F42B7CC8
:105DA0008DBA2C7C8EBA2D7C8FBA2E7C90BA2F7C2B
:105DB00091BA307C92BA317C93BA327C94BA337CFB
:105DC00095BA347C96BA357C97BA367C98BA377CCB
:105DD00099BA387CA4F4397C9ABA3A7C9BBA3B7C59
:105DE0009CBA3C7C9DBA3D7C9EBA3E7C9FBA3F7C6F
:105DF000BEB2407CA6F4417CA5F4427CA0BA437CB0
:105E000040BB447C41BB457C42BB467C43BB477C9A
:105E100044BB487C45BB497C46BB4A7C47BB4B7C6A
:105E200048BB4C7C49BB4D7CAEBC4E7C4ABB4F7CD6
:105E30004BBB507C4CBB517C4DBB527C4EBB537C0E
:105E40004FBB547C50BB557C51BB567C52BB577CDE
:105E500053BB587C54BB597C55BB5A7C56BB5B7CAE
:105E600057BB5C7C58BB5D7C59BB5E7C5ABB5F7C7E
:105E70005BBB607C5CBB617C5DBB627C5EBB637C4E
:105E80005FBB647C60BB657C61BB667C62BB677C1E
:105E900063BB687C64BB697C65BB6A7C66BB6B7CEE
:105EA00067BB6C7C68BB6D7C69BB6E7C6ABB6F7CBE
:105EB0006BBB707C6CBB717C6DBB727C6EBB737C8E
:105EC000D7C3747CE1D9757C6FBB767C70BB777C63
:105ED00071BB787C72BB797C73BB7A7C74BB7B7C36
:105EE000E0C07C7CCCF47D7CD1D77E7C75BB7F7C94
:105EF00076BB807C77BB817C78BB827C79BB837CE2
:105F00007ABB847C7BBB857C7CBB867C7DBB877CB1
:105F10007EBB887C80BB897CDBB78A7C81BB8B7C29
:105F200082BB8C7C83BB8D7C84BB8E7C85BB8F7C51
:105F300086BB907C87BB917CCEF4927CA3C1937C82
:105F400088BB947C89BB957CC9C6967C8ABB977CB0
:105F5000D6B4987CB3D5997C8BBB9A7C8CBB9B7C4C
:105F60008DBB9C7CD0F49D7CCFF49E7CD1F49F7C37
:105F7000DACBA07C8EBBA17C8FBBA27CD2F4A37CAD
:105F800090BBA47CC1D4A57CE0D6A67C91BBA77CA9
:105F900092BBA87C93BBA97C94BBAA7CE0B7AB7CEA
:105FA00095BBAC7C96BBAD7C97BBAE7CB8C1AF7CDF
:105FB00098BBB07C99BBB17CBBC1B27CD3F4B37C41
:105FC000ACBEB47C9ABBB57C9BBBB67C9CBBB77C9F
:105FD0009DBBB87C9EBBB97CE2B4BA7C9FBBBB7C4A
:105FE000A0BBBC7CD4F4BD7CD5F4BE7CABBEBF7C76
:105FF00040BCC07C41BCC17CD6F4C27C42BCC37CEA
:1060000043BCC47C44BCC57CDBF4C67C45BCC77CBB
:10601000D7F4C87CDAF4C97C46BCCA7CFDBACB7C18
:1060200047BCCC7CD8F4CD7CD9F4CE7C48BCCF7CAA
:1060300049BCD07C4ABCD17C4BBCD27C4CBCD37C10
:106040004DBCD47C4EBCD57CE2B8D67CC7CCD77CCA
:10605000DCF4D87C4FBCD97CDAB2DA7C50BCDB7C77
:1060600051BCDC7CD3C3DD7C52BCDE7C53BCDF7C0A
:10607000E3D4E07CB7BFE17C54BCE27C55BCE37C5C
:1060800056BCE47C57BCE57C58BCE67C59BCE77C3C
:106090005ABCE87CDDF4E97C5BBCEA7C5CBCEB7C54
:1060A0005DBCEC7C5EBCED7C5FBCEE7C60BCEF7CE0
:1060B000B4C5F07C61BCF17C62BCF27C63BCF37C57
:1060C00064BCF47C65BCF57C66BCF67C67BCF77C84
:1060D00068BCF87CE9F4F97C69BCFA7C6ABCFB7C9E
:1060E000B5CFFC7C6BBCFD7C6CBCFE7C6DBCFF7CCE
:1060F0006EBC007D6FBC017D70BC027D71BC037DF8
:1061000072BC047D73BC057D74BC067D75BC077DC7
:1061100076BC087D77BC097D78BC0A7DC9CE0B7D35
:1061200079BC0C7D7ABC0D7D7BBC0E7D7CBC0F7D6B
:106130007DBC107D7EBC117D80BC127D81BC137D39
:1061400082BC147D83BC157D84BC167D85BC177D07
:1061500086BC187D87BC197D88BC1A7D89BC1B7DD7
:106160008ABC1C7D8BBC1D7D8CBC1E7D8DBC1F7DA7
:106170008EBC207DD8CB217D8FBC227DF7CB237DAB
:1061800090BC247D91BC257D92BC267D93BC277D4F
:10619000F4BD287D94BC297D95BC2A7D96BC2B7DC1
:1061A000CFD72C7D97BC2D7D98BC2E7D99BC2F7DA3
:1061B000DBC0307D9ABC317D9BBC327D9CBC337D85
:1061C0009DBC347D9EBC357D9FBC367DA0BC377D9B
:1061D00040BD387D41BD397D42BD3A7D43BD3B7DEB
:1061E00044BD3C7D45BD3D7D46BD3E7D47BD3F7DBB
:1061F00048BD407D49BD417D4ABD427D4BBD437D8B
:106200004CBD447D4DBD457D4EBD467D4FBD477D5A
:1062100050BD487D51BD497D52BD4A7D53BD4B7D2A
:1062200054BD4C7D55BD4D7D56BD4E7D57BD4F7DFA
:1062300058BD507D59BD517D5ABD527D5BBD537DCA
:106240005CBD547D5DBD557D5EBD567D5FBD577D9A
:1062500060BD587D61BD597D62BD5A7D63BD5B7D6A
:1062600064BD5C7D65BD5D7D66BD5E7D67BD5F7D3A
:1062700068BD607D69BD617D6ABD627D6BBD637D0A
:106280006CBD647D6DBD657D6EBD667D6FBD677DDA
:1062900070BD687D71BD697D72BD6A7D73BD6B7DAA
:1062A00074BD6C7D75BD6D7D76BD6E7DF5D06F7DE9
:1062B00077BD707D78BD717D79BD727D7ABD737D4E
:1062C0007BBD747D7CBD757D7DBD767D7EBD777D1E
:1062D000EAF4787D80BD797D81BD7A7D82BD7B7D4C
:1062E00083BD7C7D84BD7D7D85BD7E7D86BD7F7DBE
:1062F00087BD807D88BD817D89BD827D8ABD837D8E
:106300008BBD847D8CBD857D8DBD867D8EBD877D5D
:106310008FBD887D90BD897D91BD8A7D92BD8B7D2D
:1063200093BD8C7D94BD8D7D95BD8E7D96BD8F7DFD
:1063300097BD907D98BD917D99BD927D9ABD937DCD
:106340009BBD947D9CBD957D9DBD967D9EBD977D9D
:106350009FBD987DA0BD997D40BE9A7D41BE9B7D2D
:1063600042BE9C7D43BE9D7D44BE9E7D45BE9F7DBD
:1063700046BEA07D47BEA17D48BEA27D49BEA37D8D
:106380004ABEA47D4BBEA57D4CBEA67DEBF4A77D89
:106390004DBEA87D4EBEA97D4FBEAA7D50BEAB7D31
:1063A00051BEAC7D52BEAD7D53BEAE7DECF4AF7D33
:1063B00054BEB07D55BEB17D56BEB27D57BEB37DD5
:1063C00058BEB47D59BEB57D5ABEB67D5BBEB77DA5
:1063D0005CBEB87D5DBEB97D5EBEBA7D5FBEBB7D75
:1063E00060BEBC7D61BEBD7D62BEBE7D63BEBF7D45
:1063F00064BEC07D65BEC17D66BEC27D67BEC37D15
:1064000068BEC47D69BEC57D6ABEC67D6BBEC77DE4
:106410006CBEC87D6DBEC97D6EBECA7D6FBECB7DB4
:1064200070BECC7D71BECD7D72BECE7D73BECF7D84
:1064300074BED07D75BED17D76BED27D77BED37D54
:1064400078BED47D79BED57D7ABED67D7BBED77D24
:106450007CBED87D7DBED97D7EBEDA7D80BEDB7DF3
:1064600081BEDC7D82BEDD7D83BEDE7D84BEDF7DC0
:1064700085BEE07D86BEE17D87BEE27D88BEE37D90
:1064800089BEE47D8ABEE57D8BBEE67D8CBEE77D60
:106490008DBEE87D8EBEE97D8FBEEA7D90BEEB7D30
:1064A00091BEEC7D92BEED7D93BEEE7D94BEEF7D00
:1064B00095BEF07D96BEF17D97BEF27D98BEF37DD0
:1064C00099BEF47D9ABEF57D9BBEF67D9CBEF77DA0
:1064D0009DBEF87D9EBEF97D9FBEFA7DA0BEFB7D70
:1064E00040BFFC7D41BFFD7D42BFFE7D43BFFF7DC0
:1064F00044BF007E45BF017E46BF027E47BF037E8C
:1065000048BF047E49BF057E4ABF067E4BBF077E5B
:106510004CBF087E4DBF097E4EBF0A7E4FBF0B7E2B
:1065200050BF0C7E51BF0D7E52BF0E7E53BF0F7EFB
:1065300054BF107E55BF117E56BF127E57BF137ECB
:1065400058BF147E59BF157E5ABF167E5BBF177E9B
:106550005CBF187E5DBF197E5EBF1A7E5FBF1B7E6B
:1065600060BF1C7E61BF1D7E62BF1E7E63BF1F7E3B
:1065700064BF207E65BF217E66BF227E67BF237E0B
:1065800068BF247E69BF257E6ABF267E6BBF277EDB
:106590006CBF287E6DBF297E6EBF2A7E6FBF2B7EAB
:1065A00070BF2C7E71BF2D7E72BF2E7E73BF2F7E7B
:1065B00074BF307E75BF317E76BF327E77BF337E4B
:1065C00078BF347E79BF357E7ABF367E7BBF377E1B
:1065D0007CBF387E7DBF397E7EBF3A7E80BF3B7EEA
:1065E000E3F73C7E81BF3D7E82BF3E7E83BF3F7E20
:1065F00084BF407E85BF417EB1B7427E86BF437E69
:1066000087BF447E88BF457E89BF467E8ABF477E5E
:10661000EDF4487E8BBF497E8CBF4A7E8DBF4B7E9A
:106620008EBF4C7E8FBF4D7E90BF4E7E91BF4F7E02
:1066300092BF507E93BF517E94BF527E95BF537ED2
:1066400096BF547E97BF557E98BF567E99BF577EA2
:106650009ABF587E9BBF597E9CBF5A7E9DBF5B7E72
:106660009EBF5C7E9FBF5D7EA0BF5E7E40C05F7EA2
:1066700041C0607E42C0617E43C0627E44C0637E92
:1066800045C0647E46C0657E47C0667E48C0677E62
:1066900049C0687E4AC0697E4BC06A7E4CC06B7E32
:1066A0004DC06C7E4EC06D7E4FC06E7E50C06F7E02
:1066B00051C0707E52C0717E53C0727E54C0737ED2
:1066C00055C0747E56C0757E57C0767E58C0777EA2
:1066D00059C0787E5AC0797E5BC07A7E5CC07B7E72
:1066E0005DC07C7E5EC07D7E5FC07E7E60C07F7E42
:1066F00061C0807E62C0817E63C0827EEBD7837E74
:1067000064C0847E65C0857E66C0867E67C0877EE5
:1067100068C0887E69C0897E6AC08A7E6BC08B7EB5
:106720006CC08C7E6DC08D7E6EC08E7E6FC08F7E85
:1067300070C0907E71C0917E72C0927E73C0937E55
:1067400074C0947E75C0957E76C0967E77C0977E25
:1067500078C0987E79C0997E7AC09A7E7BC09B7EF5
:10676000EEF49C7E7CC09D7E7DC09E7E7EC09F7E22
:10677000F9E6A07EC0BEA17EFAE6A27EECBAA37EB8
:10678000FBE6A47ECBCFA57EFCE6A67EBCD4A77E8E
:10679000B6BCA87EFDE6A97EFEE6AA7ECDBCAB7E99
:1067A000D2C8AC7EB3CEAD7EA1E7AE7E80C0AF7E58
:1067B000BFB4B07EA2E7B17EB4C9B27ED9B8B37E11
:1067C000C9C4B47E81C0B57EDDD7B67EDAC2B77EDD
:1067D000D7B7B87EBDD6B97EC6CEBA7EC4B7BB7EAB
:1067E00082C0BC7E83C0BD7EA6C5BE7EA3E7BF7E41
:1067F000DFCFC07EA4E7C17EA5E7C27EA6E7C37E49
:10680000B7C1C47EE9D7C57EF0C9C67EB8CFC77E02
:10681000AFD6C87ED5D6C97EA7E7CA7EEDB0CB7EFF
:10682000A8E7CC7EA9E7CD7EDCC9CE7EEFD2CF7EB5
:10683000ADBED07EAAE7D17EF3B0D27EDEC8D37ED5
:10684000E1BDD47EABE7D57EC6C8D67E84C0D77EF8
:10685000ACE7D87EE6BBD97EF8B8DA7EA4D1DB7E81
:10686000ADE7DC7EE7C2DD7EF8BEDE7ECABDDF7E40
:10687000B3CDE07EAEE7E17EAFE7E27EEEBEE37E43
:10688000E5D0E47E85C0E57EE7CBE67ED0CCE77E32
:10689000CCBCE87EB0E7E97EA8BCEA7EF7D0EB7E10
:1068A000B1E7EC7E86C0ED7EF8D0EE7EB2E7EF7EFB
:1068B000B3E7F07EC2B4F17EB4E7F27EB5E7F37ED3
:1068C000FEC9F47EACCEF57EE0C3F67EB7E7F77E78
:1068D000C1B1F87EF1B3F97E87C0FA7EB8E7FB7EDE
:1068E000B9E7FC7EDBD7FD7EC0D5FE7EBAE7FF7E32
:1068F000CCC2007FBAD7017FBBE7027FBCE7037F32
:10690000BDE7047FEABC057FE5C3067FC2C0077F01
:10691000BEE7087FBFE7097FA9BC0A7F88C00B7F5D
:10692000C0E70C7FC1E70D7FB6E70E7FD0B60F7FC3
:10693000C2E7107F89C0117FC3E7127FC4E7137FCE
:10694000BABB147FDEB5157FC6C2167FE0B1177FD4
:10695000C5E7187FB5D4197FC6E71A7FBFB81B7F7C
:10696000C8E71C7FC7E71D7FECB71E7F8AC01F7F6B
:10697000C9E7207FF8B2217FCAE7227FCBE7237FD8
:10698000CCE7247FCDE7257FCEE7267FCFE7277FA3
:10699000D0E7287FA7D3297FF5CB2A7FD1E72B7FAC
:1069A000D2E72C7FD3E72D7FD4E72E7FC9C92F7F75
:1069B000D5E7307FD6E7317FD7E7327FD8E7337F1F
:1069C000D9E7347FC9BD357FDAE7367FBEF3377F3D
:1069D0008BC0387FD7B8397F8CC03A7FB1C83B7F36
:1069E0008DC03C7F8EC03D7F8FC03E7F90C03F7F7B
:1069F00091C0407F92C0417F93C0427FBFF3437FED
:106A000094C0447FC0F3457FC1F3467F95C0477F64
:106A100096C0487F97C0497F98C04A7F99C04B7FF6
:106A20009AC04C7F9BC04D7F9CC04E7F9DC04F7FC6
:106A30009EC0507FDEB9517FF8CD527F9FC0537FFB
:106A4000A0C0547FE8D8557FB1BA567F40C1577F68
:106A5000DEC2587FB7EE597F41C15A7FA3B75B7F33
:106A600042C15C7F43C15D7F44C15E7F45C15F7FA2
:106A7000B9EE607F46C1617FB8EE627FD5B0637FBB
:106A800047C1647F48C1657F49C1667F4AC1677F4E
:106A90004BC1687FBBEE697FD6D56A7FEFD76B7F2E
:106AA0004CC16C7F4DC16D7F4EC16E7FC3D66F7F71
:106AB0004FC1707F50C1717FBDEE727FF0CA737F8E
:106AC00051C1747FBCEE757F52C1767F53C1777F11
:106AD00054C1787F55C1797FBEEE7A7F56C17B7FE6
:106AE00057C17C7F58C17D7F59C17E7FC0EE7F7FBB
:106AF0005AC1807F5BC1817FBFEE827F5CC1837F93
:106B00005DC1847F5EC1857F5FC1867F60C1877FF5
:106B100061C1887F62C1897F63C18A7FF2D18B7F27
:106B200064C18C7FBCC78D7F65C18E7FC0C38F7FE2
:106B300066C1907F67C1917F68C1927F69C1937F71
:106B40006AC1947FE1B8957F6BC1967F6CC1977FD6
:106B50006DC1987F6EC1997F6FC19A7FE7C19B7F9E
:106B600070C19C7F71C19D7FC6F49E7FDFD09F7FE7
:106B7000C7F4A07F72C1A17FDBCFA27F73C1A37FC7
:106B800074C1A47FBAC8A57F75C1A67F76C1A77F4F
:106B9000C8F4A87F77C1A97F78C1AA7F79C1AB7FEC
:106BA0007AC1AC7F7BC1AD7F7CC1AE7F7DC1AF7F41
:106BB000C9F4B07FCAF4B17F7EC1B27FCBF4B37F9A
:106BC00080C1B47F81C1B57F82C1B67F83C1B77FE9
:106BD00084C1B87FFAD9B97FFEB8BA7F85C1BB7FBF
:106BE00086C1BC7FF1E5BD7FF0D3BE7F87C1BF7F8B
:106BF000E0F4C07F88C1C17FCCCEC27F89C1C37F92
:106C00008AC1C47F8BC1C57FE1B3C67F8CC1C77FFA
:106C10008DC1C87F8EC1C97F8FC1CA7FB4F1CB7FC0
:106C200090C1CC7FEED2CD7F91C1CE7FE1F4CF7FFA
:106C300092C1D07F93C1D17F94C1D27F95C1D37FC0
:106C400096C1D47FE8CFD57FE2F4D67F97C1D77FB6
:106C500098C1D87FCCC7D97F99C1DA7F9AC1DB7F31
:106C60009BC1DC7F9CC1DD7F9DC1DE7F9EC1DF7F3C
:106C7000D4B5E07FE4B4E17FE4F4E27F9FC1E37F39
:106C8000A0C1E47F40C2E57FE3F4E67FE5F4E77F5F
:106C900041C2E87F42C2E97FE6F4EA7F43C2EB7F6C
:106CA00044C2EC7F45C2ED7F46C2EE7FE7F4EF7F42
:106CB00047C2F07FB2BAF17FBFB0F27F48C2F37F24
:106CC000E8F4F47F49C2F57F4AC2F67F4BC2F77FF2
:106CD0004CC2F87F4DC2F97F4EC2FA7F4FC2FB7F94
:106CE000ADB7FC7FEDD2FD7F50C2FE7F51C2FF7F6A
:106CF00052C20080ABD20180CFC0028053C2038059
:106D0000BCBF0480A3EB0580DFD50680C8EA0780FE
:106D100054C2088055C2098056C20A8057C20B80EF
:106D2000F3F10C80F8B60D80A3CB0E8058C20F8013
:106D300059C21080CDC411805AC21280E7F113806D
:106D40005BC21480E8F11580FBB81680E9F117806A
:106D5000C4BA1880C5D41980D2B01A805CC21B8016
:106D60005DC21C80EAF11D805EC21E805FC21F8072
:106D700060C22080EBF1218061C22280ECF123808F
:106D800062C2248063C22580EDF12680EEF1278067
:106D9000EFF12880F1F12980F0F12A80D5C52B8010
:106DA00064C22C8065C22D8066C22E8067C22F808F
:106DB00068C2308069C23180F2F132806AC23380A9
:106DC000FAB634806BC23580F4F13680AED23780AB
:106DD000C7DE3880CACB39806CC23A806DC23B8036
:106DE000DCB33C806EC23D80A2B53E806FC23F8066
:106DF000A2B9408070C2418071C24280F4C4438015
:106E0000F5F1448072C2458073C24680F6F1478036
:106E100074C2488075C2498076C24A80C4C14B8022
:106E2000FBC14C80B0D64D80F7F14E8077C24F80C9
:106E300078C2508079C251807AC25280F8F1538072
:106E40007BC25480AAC155807CC256807DC25780C7
:106E50007EC25880B8C6598080C25A80DBBE5B8033
:106E600081C25C8082C25D8083C25E8084C25F809A
:106E700085C2608086C2618087C2628088C263806A
:106E800089C264808AC265808BC266808CC267803A
:106E90008DC268808EC26980F9F16A80CFB46B8040
:106EA0008FC26C8090C26D8091C26E8092C26F80E2
:106EB00093C2708094C27180FAF1728095C273801F
:106EC00096C2748097C2758098C2768099C2778086
:106ED0009AC278809BC279809CC27A809DC27B8056
:106EE0009EC27C809FC27D80A0C27E8040C37F8086
:106EF000B2ED8080B1ED818041C3828042C3838046
:106F0000E0CB8480DED2858043C38680C1CB87807E
:106F1000D8D5888044C38980E2C88A8045C38B80E5
:106F2000DFC08C80A1BC8D8046C38E8047C38F801C
:106F300048C3908049C391804AC392804BC39380D9
:106F4000C1EB94804CC395804DC39680A4D09780AC
:106F50004EC39880E2D699804FC39A80C7B69B8073
:106F6000D8B89C80C0EB9D80CEB89E8050C39F80D7
:106F7000BFEBA080A6B3A180C9B9A280ABD6A38085
:106F800051C3A480F4B7A580CAB7A68052C3A78016
:106F900053C3A88054C3A980E7BCAA80BEB7AB8006
:106FA000C6EBAC8055C3AD80C7EBAE80B9B0AF8047
:106FB000CFBFB08056C3B180C5EBB280FDD3B380E4
:106FC00057C3B480C8EBB58058C3B68059C3B780E7
:106FD000C9EBB8805AC3B9805BC3BA80CEB7BB8057
:106FE0005CC3BC80C2EBBD80C4EBBE80F6C9BF8071
:106FF000D7D6C080CDD5C180B2D0C280CFEBC38000
:10700000B8CEC480D0EBC5805DC3C680A8B5C780AC
:107010005EC3C8805FC3C98060C3CA8061C3CB80C0
:1070200062C3CC80B3B1CD80D2EBCE80A5CCCF8073
:1070300063C3D08064C3D18065C3D28066C3D3806C
:1070400067C3D48068C3D58069C3D680D6C5D780CE
:10705000D3EBD8806AC3D980D1EBDA80DFC5DB807F
:10706000CEEBDC80A4CADD80D5EBDE80FBB0DF8018
:107070006BC3E0806CC3E180FABAE2806DC3E38049
:107080006EC3E480B7D8E580E3F1E6806FC3E780A4
:10709000CAEBE880CBEBE980CCEBEA80CDEBEB8070
:1070A000D6EBEC80C0E6ED80D9EBEE8070C3EF80CC
:1070B000E8BFF080C8D2F180D7EBF280DCEBF38040
:1070C000ECB8F480D8EBF58071C3F680BABDF780D8
:1070D00072C3F880D8D0F98073C3FA80B7B0FB8050
:1070E00074C3FC80DDEBFD80DCC4FE8075C3FF80D3
:1070F00076C3008177C3018178C30281ACD6038156
:1071000079C304817AC305817BC30681E0B407811A
:107110007CC308817DC30981F6C20A81B9BC0B8199
:107120007EC30C8180C30D81DAEB0E81DBEB0F8116
:10713000E0D41081EAC61181D4C41281DFEB13813F
:10714000A7C51481F5D9158181C31681B1B2178104
:1071500082C31881E4EB198183C31A81C5BD1B81E9
:1071600084C31C8185C31D8186C31E81E2EB1F8100
:1071700087C3208188C3218189C322818AC3238157
:107180008BC324818CC325818DC326818EC3278127
:107190008FC3288190C3298191C32A8192C32B81F7
:1071A00093C32C81E3EB2D8194C32E8195C32F8152
:1071B000ACB8308196C33181D1CD3281E5EB3381DA
:1071C00097C3348198C3358199C33681E1EB378108
:1071D0009AC33881B3C139819BC33A819CC33B8137
:1071E0009DC33C819EC33D819FC33E81A2C63F811A
:1071F000A0C3408140C4418141C4428142C4438113
:1072000043C4448144C4458145C44681F3CC47818D
:1072100046C44881E6EB498147C44A81B0C04B81EE
:10722000B8D24C81E7EB4D8148C44E8149C44F81AF
:107230004AC45081AFB85181ADB852814BC453811B
:10724000E8EB5481BBC75581F3CD56814CC45781BF
:107250004DC458814EC45981EAEB5A81EBEB5B81F6
:107260004FC45C8150C45D8151C45E8152C45F8152
:1072700053C46081EDEB618154C4628155C4638164
:1072800056C4648157C46581C8D0668158C467817B
:10729000F2EB688159C46981EEEB6A815AC46B8153
:1072A0005BC46C815CC46D81F1EB6E81F9C86F8148
:1072B0005DC47081FCD17181ECEB72815EC473811D
:1072C0005FC47481E9EB758160C4768161C47781A4
:1072D00062C4788163C47981B9B87A81D9CF7B815E
:1072E000E5C47C81EFEB7D81F0EB7E81DACC7F81A0
:1072F000C8CD8081F2B0818164C48281F6EB838144
:1073000065C4848166C4858167C4868168C48781B9
:1073100069C48881F5EB89816AC48A81B2B28B81A4
:107320006BC48C816CC48D816DC48E816EC48F8161
:10733000E0B890816FC49181F7EB928170C4938122
:1073400071C4948172C4958173C4968174C4978109
:1073500075C49881ECB1998176C49A8177C49B8178
:10736000C5CC9C81A4C49D81A5CF9E8178C49F81FA
:1073700079C4A0817AC4A1817BC4A2817CC4A38189
:10738000F9EBA4817DC4A5817EC4A681A2ECA7816E
:1073900080C4A881F2C5A98181C4AA81FAEBAB811E
:1073A00082C4AC8183C4AD8184C4AE8185C4AF8105
:1073B00086C4B08187C4B18188C4B28189C4B381D5
:1073C000C5C9B4818AC4B5818BC4B6818CC4B78168
:1073D0008DC4B8818EC4B9818FC4BA81DFE2BB810C
:1073E000FEEBBC8190C4BD8191C4BE8192C4BF81BB
:1073F00093C4C081CECDC181A1ECC281DBB1C38178
:10740000B7D3C48194C4C58195C4C681DCD2C78179
:1074100096C4C88197C4C98198C4CA81FDEBCB8149
:1074200099C4CC81FBEBCD819AC4CE819BC4CF8122
:107430009CC4D0819DC4D1819EC4D2819FC4D3817C
:10744000A0C4D48140C5D58141C5D68142C5D7816C
:1074500043C5D88144C5D98145C5DA8146C5DB819C
:1074600047C5DC8148C5DD8149C5DE814AC5DF816C
:107470004BC5E0814CC5E1814DC5E2814EC5E3813C
:10748000BCB3E4814FC5E58150C5E68151C5E781B4
:10749000B0EAE88152C5E98153C5EA81D4D7EB81CE
:1074A00054C5EC81ABF4ED81F4B3EE8155C5EF81A9
:1074B00056C5F08157C5F18158C5F28159C5F38190
:1074C000C1D6F481C2D6F5815AC5F6815BC5F78174
:1074D0005CC5F8815DC5F9815EC5FA815FC5FB8138
:1074E000E9D5FC81CABEFD8160C5FE81A7F4FF819C
:1074F00061C50082A8D20182A8F40282A9F40382A5
:1075000062C50482AAF40582CBBE0682DFD307825D
:1075100063C5088264C5098265C50A8266C50B8297
:1075200067C50C82E0C90D82E1C90E8268C50F8271
:1075300069C51082C2F311826AC51282E6CA13823B
:107540006BC51482F2CC15826CC516826DC517828C
:107550006EC518826FC5198270C51A8271C51B82EB
:10756000B6E21C82B4CB1D8272C51E82E8CE1F8299
:10757000DBD6208273C52182ADF42282AEF4238251
:10758000AFF4248274C5258275C5268276C527820C
:1075900077C52882B2F4298278C52A82BDBA2B82A7
:1075A000B3F42C82E3B02D82B0F42E8279C52F8201
:1075B000B1F43082A2BD3182D5B232827AC5338233
:1075C000B6F43482B7F43582E6B63682B0B237828A
:1075D000CFCF3882B4F43982ACB43A827BC53B82D7
:1075E000B5F43C827CC53D827DC53E82B8F43F82C5
:1075F0007EC5408280C5418281C5428282C5438268
:1076000083C54482B9F4458284C5468285C54782D4
:10761000A7CD488286C54982BAF44A8287C54B8283
:10762000BBF44C8288C54D8289C54E828AC54F8283
:10763000BCF450828BC551828CC552828DC5538259
:107640008EC554828FC5558290C5568291C557828A
:1076500092C55882D2CB598293C55A82BDF45B82BF
:1076600094C55C8295C55D8296C55E8297C55F8232
:10767000BEF4608298C5618299C562829AC56382B0
:107680009BC564829CC565829DC566829EC56782D6
:107690009FC56882BFF46982A0C56A8240C66B82BA
:1076A00041C66C8242C66D8243C66E82DEF46F8232
:1076B000BCC17082E8BC718244C67282ABC973825D
:1076C000DED17482F5E5758245C6768246C677823C
:1076D00047C6788248C67982B3DC7A82D5D27B826B
:1076E00049C67C824AC67D82B4DC7E82ACB07F8291
:1076F000B5DC80824BC681824CC68282DABD838231
:107700004DC68482B9DC85824EC686824FC687828A
:1077100050C68882C2D8898251C68A82B7DC8B82E1
:10772000F3D38C8252C68D82D6C98E82BADC8F8208
:10773000B6DC908253C69182BBDC9282A2C3938254
:1077400054C6948255C6958256C6968257C697826D
:10775000BCDC9882C5DC9982BDDC9A8258C69B82CB
:1077600059C69C82DFCE9D82A5D69E825AC69F8234
:10777000CFDCA0825BC6A182CDDCA2825CC6A382E4
:107780005DC6A482D2DCA582E6BDA682ABC2A7827A
:107790005EC6A882B8DCA982CBDCAA82CEDCAB8232
:1077A000BEDCAC82D2B7AD82C5B0AE82C7DCAF82E0
:1077B000BED0B082C1DCB182A8BBB2825FC6B38248
:1077C000BCB7B482CCDCB58260C6B68261C6B78273
:1077D000C6DCB882BFDCB982DBC7BA8262C6BB82B4
:1077E00063C6BC8264C6BD82BFD1BE82C0DCBF821C
:1077F00065C6C08266C6C182CADCC28267C6C38251
:1078000068C6C482D0DCC58269C6C6826AC6C78221
:10781000ADCEC882C2DCC9826BC6CA82C3DCCB8251
:10782000C8DCCC82C9DCCD82D4B2CE82D1DCCF829E
:10783000D5CBD0826CC6D182B7D4D282DBDCD382E6
:10784000DFDCD482A6CCD582E6DCD6826DC6D782B8
:10785000E7C3D882DCDCD9826EC6DA826FC6DB82EF
:10786000C1BFDC82D9DCDD8270C6DE82FAB0DF8285
:10787000B6B9E082E5DCE182D3DCE28271C6E38264
:10788000C4DCE482D6DCE582F4C8E682E0BFE782AD
:1078900072C6E88273C6E98274C6EA8275C6EB8254
:1078A000BBC9EC8276C6ED8277C6EE8278C6EF82DF
:1078B000BDB1F08279C6F182A2D3F2827AC6F38298
:1078C0007BC6F482DADCF5827CC6F6827DC6F7825E
:1078D000D5DCF8827EC6F982BBC6FA8280C6FB82FE
:1078E000DEDCFC8281C6FD8282C6FE8283C6FF8208
:1078F00084C6008385C60183C2D70283AFC30383D6
:10790000B6B70483D1C70583A9C30683E2DC078326
:10791000D8DC0883EBDC0983D4DC0A8386C60B83BE
:1079200087C60C83DDDC0D8388C60E83A5BE0F835E
:10793000D7DC108389C61183E0DC12838AC61383E7
:107940008BC61483E3DC1583E4DC16838CC61783B3
:10795000F8DC18838DC619838EC61A83E1DC1B837D
:10796000A2DD1C83E7DC1D838FC61E8390C61F83A8
:1079700091C6208392C6218393C6228394C6238313
:1079800095C6248396C6258397C6268398C62783E3
:10799000EBBC2883C4B4298399C62A839AC62B8357
:1079A000A3C32C83E7B22D83FADC2E839BC62F83DF
:1079B000F2DC30839CC63183EFDC32839DC6338397
:1079C000FCDC3483EEDC3583F0D23683E8B23783D7
:1079D0009EC63883D7C83983E3C83A83FBDC3B8330
:1079E0009FC63C83EDDC3D83A0C63E8340C73F83FA
:1079F00041C74083F7DC418342C7428343C7438387
:107A0000F5DC448344C7458345C74683A3BE47830B
:107A1000F4DC488346C74983DDB24A8347C74B83BA
:107A200048C74C8349C74D834AC74E834BC74F83D2
:107A3000F3DC5083F6BC5183E8DC5283C4BB538330
:107A40004CC75483F3C055834DC756834EC75783E5
:107A50004FC7588350C7598351C75A83D4BC5B83DF
:107A6000E9DC5C83EADC5D8352C75E83F1DC5F8323
:107A7000F6DC6083F9DC6183B4B5628353C763834A
:107A8000D9C86483E7BB6583FEDC6683FDDC67835E
:107A9000ABD36883A1DD6983A3DD6A83A5DD6B8336
:107AA000F1D26C83A4DD6D83A6DD6E83A7DD6F83C9
:107AB000A9D2708354C7718355C7728356C7738325
:107AC00057C7748358C7758359C776835AC7778356
:107AD000C9BA7883A9DD79835BC77A835CC77B8366
:107AE000B6DD7C83B1DD7D83B4DD7E835DC77F83BE
:107AF0005EC780835FC7818360C7828361C78383DA
:107B000062C7848363C78583B0DD8683CEC68783DF
:107B100064C7888365C78983F2C08A8366C78B83FD
:107B200067C78C8368C78D8369C78E83AFC98F830E
:107B30006AC790836BC791836CC79283ECDC938395
:107B4000AEDD94836DC795836EC796836FC79783A9
:107B500070C79883B7DD998371C79A8372C79B8377
:107B6000F0DC9C83AFDD9D8373C79E83B8DD9F836C
:107B700074C7A083ACDDA18375C7A28376C7A38336
:107B800077C7A48378C7A58379C7A6837AC7A78355
:107B90007BC7A883B9DDA983B3DDAA83ADDDAB8341
:107BA000AAC4AC837CC7AD837DC7AE837EC7AF83D9
:107BB00080C7B083A8DDB183B3C0B283ABC1B38348
:107BC000AADDB483ABDDB58381C7B683B2DDB783ED
:107BD000F1BBB883B5DDB983A8D3BA83BADDBB8363
:107BE00082C7BC83BBDDBD83A7C3BE8383C7BF83FE
:107BF00084C7C083D2DDC183BCDDC28385C7C38394
:107C000086C7C48387C7C583D1DDC68388C7C783BA
:107C1000BDB9C88389C7C9838AC7CA83D5BECB8388
:107C20008BC7CC83FABECD838CC7CE838DC7CF8361
:107C3000CABAD0838EC7D1838FC7D28390C7D3836C
:107C400091C7D483CADDD58392C7D683C5DDD783D8
:107C500093C7D883BFDDD98394C7DA8395C7DB8305
:107C600096C7DC83CBB2DD83C3DDDE8397C7DF83BA
:107C7000CBDDE083A4B2E183D5DDE28398C7E38363
:107C800099C7E4839AC7E583BEDDE6839BC7E78394
:107C90009CC7E8839DC7E983D0C6EA83D0DDEB8328
:107CA0009EC7EC839FC7ED83A0C7EE8340C8EF83D8
:107CB00041C8F083D4DDF183E2C1F283C6B7F38318
:107CC00042C8F48343C8F58344C8F68345C8F783A4
:107CD00046C8F883CEDDF983CFDDFA8347C8FB833E
:107CE00048C8FC8349C8FD83C4DDFE834AC8FF83BE
:107CF0004BC800844CC80184BDDD02844DC8038498
:107D0000CDDD0484D1CC05844EC80684C9DD07844A
:107D10004FC8088450C8098451C80A8452C80B84CB
:107D2000C2DD0C84C8C30D84BCC60E84AECE0F84E5
:107D3000CCDD108453C81184C8DD128454C8138468
:107D400055C8148456C8158457C8168458C8178453
:107D500059C81884C1DD19845AC81A845BC81B84A9
:107D60005CC81C84C6DD1D84DCC21E845DC81F8403
:107D70005EC820845FC8218460C8228461C82384CF
:107D800062C82484A9D32584AAD32684D3DD27847A
:107D9000F4CF2884F8C8298463C82A8464C82B8453
:107DA00065C82C8466C82D8467C82E8468C82F8453
:107DB00069C830846AC83184E6DD32846BC8338494
:107DC0006CC834846DC835846EC836846FC83784F7
:107DD00070C83884C7DD398471C83A8472C83B845E
:107DE00073C83C84E0DD3D84E4C23E8474C83F84B3
:107DF00075C8408476C8418477C8428478C8438473
:107E000079C844847AC845847BC84684E1DD4784C8
:107E10007CC848847DC849847EC84A8480C84B8415
:107E200081C84C8482C84D8483C84E8484C84F84E2
:107E300085C8508486C85184D7DD528487C853844E
:107E400088C8548489C855848AC856848BC8578486
:107E5000F8D658848CC85984D9DD5A84D8DD5B841F
:107E6000F0B85C84D6DD5D848DC85E848EC85F8486
:107E70008FC8608490C86184CFC6628491C86384CF
:107E8000ADB6648492C8658493C8668494C86784D8
:107E900095C8688496C86984E2DD6A8497C86B8453
:107EA000F9BA6C84E1D46D84E7DD6E8498C86F8480
:107EB00099C870849AC87184D0B472849BC8738442
:107EC000DADD74849CC87584FBBF7684E3DD778437
:107ED0009DC87884DFDD79849EC87A84DDDD7B846B
:107EE0009FC87C84A0C87D8440C97E8441C97F84AA
:107EF00042C9808443C9818444C98284D9B58384BA
:107F000045C9848446C9858447C9868448C987840D
:107F1000DBDD8884DCDD8984DEDD8A8449C98B84ED
:107F2000AFBD8C84E4DD8D844AC98E84E5DD8F8409
:107F30004BC990844CC991844DC992844EC9938495
:107F40004FC9948450C9958451C9968452C9978465
:107F5000F5DD988453C99984C9C39A8454C99B8414
:107F600055C99C84E2CB9D8456C99E8457C99F8481
:107F700058C9A08459C9A184F2DDA2845AC9A38436
:107F80005BC9A4845CC9A5845DC9A6845EC9A784B5
:107F90005FC9A88460C9A98461C9AA8462C9AB8485
:107FA00063C9AC8464C9AD8465C9AE8466C9AF8455
:107FB000E1D8B08467C9B18468C9B284D1C6B3843A
:107FC00069C9B484F4DDB5846AC9B6846BC9B78461
:107FD0006CC9B884F4D5B984F3DDBA84F0DDBB8410
:107FE0006DC9BC846EC9BD84ECDDBE846FC9BF841D
:107FF000EFDDC08470C9C184E8DDC28471C9C38467
:1080000072C9C484EED0C58473C9C68474C9C784D8
:1080100075C9C88476C9C984D8C8CA84EEDDCB8442
:1080200077C9CC8478C9CD84E9DDCE8479C9CF8481
:108030007AC9D084EADDD184F2CBD2847BC9D384DF
:10804000EDDDD4847CC9D5847DC9D684CDB1D784F7
:108050007EC9D88480C9D98481C9DA8482C9DB8485
:1080600083C9DC8484C9DD84B6C0DE8485C9DF842D
:10807000BBBCE084F1DDE18486C9E28487C9E38486
:10808000F7DDE48488C9E584F6DDE684EBDDE7848A
:1080900089C9E8848AC9E9848BC9EA848CC9EB84DC
:1080A0008DC9EC84EEC5ED848EC9EE848FC9EF8452
:1080B00090C9F084FBDDF18491C9F28492C9F38404
:1080C00093C9F48494C9F58495C9F68496C9F78454
:1080D00097C9F88498C9F98499C9FA849AC9FB8424
:1080E0009BC9FC84A4DEFD849CC9FE849DC9FF84D9
:1080F000A3DE00859EC901859FC90285A0C90385AD
:1081000040CA048541CA058542CA068543CA078517
:1081100044CA088545CA098546CA0A8547CA0B85E7
:1081200048CA0C85F8DD0D8549CA0E854ACA0F85F7
:108130004BCA10854CCA1185EFC312854DCA1385F1
:10814000FBC214854ECA15854FCA168550CA1785BD
:10815000E1D5188551CA198552CA1A85B5CE1B8535
:1081600053CA1C8554CA1D8555CA1E8556CA1F850B
:10817000FDDD208557CA2185CCB2228558CA2385CA
:1081800059CA24855ACA25855BCA26855CCA2785B3
:108190005DCA28855ECA29855FCA2A8560CA2B8583
:1081A000E8C42C85DFCA2D8561CA2E8562CA2F8559
:1081B00063CA308564CA318565CA328566CA33852B
:1081C00067CA348568CA358569CA36856ACA3785FB
:1081D000BEC73885FADD3985FCDD3A85FEDD3B8595
:1081E000A2DE3C85AAB03D85CEB13E856BCA3F85F7
:1081F0006CCA40856DCA41856ECA42856FCA438587
:10820000ACDE448570CA458571CA468572CA478509
:1082100073CA4885A6DE4985B6BD4A85EFC84B8539
:1082200074CA4C8575CA4D8576CA4E8577CA4F8506
:1082300078CA508579CA51857ACA52857BCA5385D6
:108240007CCA54857DCA55857ECA5685A1DE578570
:1082500080CA588581CA5985A5DE5A8582CA5B8540
:1082600083CA5C8584CA5D8585CA5E85A9DE5F8513
:1082700086CA608587CA618588CA628589CA63851E
:108280008ACA6485A8DE65858BCA66858CCA6785BF
:108290008DCA6885A7DE69858ECA6A858FCA6B8597
:1082A00090CA6C8591CA6D8592CA6E8593CA6F8596
:1082B00094CA708595CA718596CA7285ADDE73853C
:1082C00097CA7485CCD4758598CA768599CA7785FE
:1082D0009ACA78859BCA7985B3DE7A85AADE7B85C2
:1082E000AEDE7C859CCA7D859DCA7E85D9C07F8592
:1082F0009ECA80859FCA8185A0CA828540CB83851E
:1083000041CB8485A1B18585B6DE868542CB878544
:10831000B1DE888543CB898544CB8A8545CB8B8567
:1083200046CB8C8547CB8D8548CB8E8549CB8F85B9
:10833000B2DE90854ACB91854BCB92854CCB938511
:108340004DCB94854ECB95854FCB968550CB97855D
:1083500051CB988552CB998553CB9A8554CB9B852D
:10836000A6D19C85B5DE9D8555CB9E8556CB9F8538
:1083700057CBA08558CBA18559CBA2855ACBA385D5
:108380005BCBA485AFDEA5855CCBA6855DCBA78541
:108390005ECBA885B0DEA9855FCBAA85BDD0AB85B5
:1083A00060CBAC8561CBAD8562CBAE85B4DEAF85ED
:1083B000EDCAB085B9DEB18563CBB28564CBB38538
:1083C00065CBB48566CBB58567CBB68568CBB785FD
:1083D000B8DEB88569CBB985B7DEBA856ACBBB850F
:1083E0006BCBBC856CCBBD856DCBBE856ECBBF85A5
:1083F0006FCBC08570CBC185BBDEC28571CBC38519
:1084000072CBC48573CBC58574CBC68575CBC78548
:1084100076CBC88577CBC985E5BDCA8578CBCB85BA
:1084200079CBCC857ACBCD857BCBCE857CCBCF85EC
:10843000D8B2D085EAC3D1857DCBD2857ECBD3851A
:10844000BADED48580CBD585BAC5D68581CBD78514
:1084500082CBD88583CBD98584CBDA8585CBDB8568
:1084600086CBDC85BCDEDD8587CBDE8588CBDF85F2
:1084700089CBE0858ACBE1858BCBE2858CCBE3850C
:108480008DCBE485D9CCE5858ECBE6858FCBE78592
:1084900090CBE88591CBE985AAB7EA8592CBEB85AD
:1084A00093CBEC8594CBED8595CBEE8596CBEF8584
:1084B00097CBF08598CBF18599CBF2859ACBF38554
:1084C0009BCBF4859CCBF5859DCBF6859ECBF78524
:1084D0009FCBF885A0CBF98540CCFA8541CCFB85B4
:1084E000E5D4FC8542CCFD8543CCFE8544CCFF859C
:1084F000BDDE008645CC018646CC028647CC03868D
:1085000048CC048649CC0586BFDE06864ACC078661
:108510004BCC08864CCC09864DCC0A864ECC0B86BB
:108520004FCC0C8650CC0D8651CC0E8652CC0F868B
:1085300053CC108654CC1186A2C4128655CC138617
:1085400056CC148657CC158658CC1686C1DE1786B5
:1085500059CC18865ACC19865BCC1A865CCC1B8603
:108560005DCC1C865ECC1D865FCC1E8660CC1F86D3
:1085700061CC208662CC218663CC228664CC2386A3
:1085800065CC248666CC258667CC268668CC278673
:10859000BEDE288669CC2986C0DE2A866ACC2B8678
:1085A0006BCC2C866CCC2D866DCC2E866ECC2F861B
:1085B0006FCC308670CC318671CC328672CC3386EB
:1085C00073CC348674CC358675CC368676CC3786BB
:1085D00077CC3886BAD5398678CC3A8679CC3B8642
:1085E0007ACC3C86C2DE3D867BCC3E867CCC3F8608
:1085F0007DCC40867ECC418680CC428681CC438631
:1086000082CC448683CC458684CC468685CC4786FE
:1086100086CC488687CC498688CC4A8689CC4B86CE
:108620008ACC4C868BCC4D86AEF24E86A2BB4F8652
:10863000B2C25086B0C55186C7C252868CCC538612
:108640008DCC5486AFF255868ECC56868FCC57860D
:1086500090CC588691CC598692CC5A86E9D05B86CC
:1086600093CC5C8694CC5D8695CC5E86DDD35F86AC
:1086700096CC608697CC618698CC6286BDEB63868B
:1086800099CC64869ACC65869BCC66869CCC6786A2
:108690009DCC68869ECC69869FCC6A86A0CC6B8672
:1086A000E6B36C86B0F26D8640CD6E86B1F26F8611
:1086B00041CD708642CD7186ADCA728643CD738638
:1086C00044CD748645CD758646CD768647CD778672
:1086D00048CD788649CD7986E7BA7A86B3F27B862B
:1086E000B5F27C86B4F27D86E4CB7E86BACF7F86F7
:1086F000B2F28086B4CA8186CFD28286ECC28386EB
:108700004ACD84864BCD85864CCD86864DCD8786D9
:108710004ECD88864FCD898650CD8A86C3CE8B8636
:10872000B8F28C86F6B08D86B7F28E8651CD8F86E4
:1087300052CD908653CD918654CD928655CD938659
:10874000BEF2948656CD9586CFB2968657CD978643
:1087500058CD988659CD99865ACD9A865BCD9B8601
:108760005CCD9C86C1D19D86BAF29E865DCD9F86EA
:108770005ECDA0865FCDA18660CDA28661CDA386A9
:10878000BCF2A486E9D4A58662CDA68663CDA78671
:10879000BBF2A886B6F2A986BFF2AA86BDF2AB8666
:1087A00064CDAC86B9F2AD8665CDAE8666CDAF86BA
:1087B000C7F2B086C4F2B186C6F2B28667CDB38680
:1087C00068CDB486CAF2B586C2F2B686C0F2B78664
:1087D00069CDB8866ACDB9866BCDBA86C5F2BB863F
:1087E0006CCDBC866DCDBD866ECDBE866FCDBF8691
:1087F00070CDC086FBD6C18671CDC28672CDC386D0
:1088000073CDC486C1F2C58674CDC686F9C7C78646
:10881000DFC9C88675CDC986C8F2CA86C6B9CB86F7
:10882000B0B5CC8676CDCD8677CDCE86C3F2CF8659
:10883000C9F2D086D0F2D186D6F2D28678CDD38650
:1088400079CDD486D7BBD5867ACDD6867BCDD78653
:108850007CCDD886D5F2D986DCCDDA867DCDDB8697
:10886000EBD6DC867ECDDD8680CDDE86D2F2DF865D
:10887000D4F2E08681CDE18682CDE28683CDE386A7
:1088800084CDE486F2B8E58685CDE68686CDE7869A
:1088900087CDE88688CDE986CBF2EA8689CDEB865E
:1088A0008ACDEC868BCDED86CEF2EE86F9C2EF86D0
:1088B0008CCDF086DDD5F186CCF2F286CDF2F38652
:1088C000CFF2F486D3F2F5868DCDF6868ECDF7867F
:1088D0008FCDF886D9F2F986BCD3FA8690CDFB8687
:1088E00091CDFC8692CDFD8693CDFE86EAB6FF86BD
:1088F00094CD0087F1CA018795CD0287E4B703873D
:10890000D7F2048796CD058797CD068798CD078740
:10891000D8F20887DAF20987DDF20A87DBF20B87E3
:1089200099CD0C879ACD0D87DCF20E879BCD0F87F2
:108930009CCD10879DCD11879ECD1287D1D11387F5
:10894000D1F214879FCD1587C9CD1687A0CD178783
:10895000CFCE1887A9D6198740CE1A87E3F21B8796
:1089600041CE1C87DBC31D8742CE1E87E0F21F87E6
:1089700043CE208744CE2187AFC02287ECF22387E5
:10898000DEF2248745CE2587E1F2268746CE27876B
:1089900047CE288748CE2987E8F22A8749CE2B87F9
:1089A0004ACE2C874BCE2D874CCE2E87E2F22F87D6
:1089B0004DCE30874ECE3187E7F232874FCE3387A8
:1089C00050CE3487E6F2358751CE368752CE378780
:1089D000E9F2388753CE398754CE3A8755CE3B8754
:1089E000DFF23C8756CE3D8757CE3E87E4F23F8785
:1089F000EAF2408758CE418759CE42875ACE438704
:108A00005BCE44875CCE45875DCE46875ECE47878A
:108A1000ACD34887E5F24987F5B24A875FCE4B87EA
:108A200060CE4C87F2F24D8761CE4E87ABD04F8738
:108A300062CE508763CE518764CE528765CE53870E
:108A4000F5F2548766CE558767CE568768CE57872E
:108A5000C8BB588769CE5987F9F25A876ACE5B87B7
:108A60006BCE5C876CCE5D876DCE5E876ECE5F878A
:108A70006FCE6087F0F2618770CE628771CE6387B8
:108A8000F6F26487F8F26587FAF2668772CE678736
:108A900073CE688774CE698775CE6A8776CE6B870A
:108AA00077CE6C8778CE6D8779CE6E87F3F26F873D
:108AB0007ACE7087F1F271877BCE72877CCE738716
:108AC0007DCE7487FBBA75877ECE7687FBB57787B8
:108AD00080CE788781CE798782CE7A8783CE7B8756
:108AE000EFF27C87F7F27D87EDF27E87EEF27F87EB
:108AF00084CE808785CE818786CE8287EBF283877E
:108B0000A6F3848787CE8587A3F3868788CE878759
:108B100089CE8887A2F389878ACE8A878BCE8B8776
:108B2000F4F28C878CCE8D87DAC88E878DCE8F87B6
:108B30008ECE90878FCE918790CE928791CE93875D
:108B4000FBF2948792CE958793CE968794CE9787A3
:108B5000A5F3988795CE998796CE9A8797CE9B87CF
:108B600098CE9C8799CE9D879ACE9E879BCE9F87D5
:108B7000F8C3A0879CCEA1879DCEA2879ECEA38757
:108B80009FCEA487A0CEA58740CFA68741CFA78739
:108B900042CFA887FDF2A98743CFAA8744CFAB87EE
:108BA000A7F3AC87A9F3AD87A4F3AE8745CFAF8712
:108BB000FCF2B08746CFB18747CFB28748CFB387A3
:108BC000ABF3B48749CFB587AAF3B6874ACFB78747
:108BD0004BCFB8874CCFB9874DCFBA87DDC2BB87A3
:108BE0004ECFBC874FCFBD87AEF3BE8750CFBF8778
:108BF00051CFC087B0F3C18752CFC28753CFC3874D
:108C000054CFC48755CFC58756CFC687A1F3C78732
:108C100057CFC88758CFC98759CFCA87B1F3CB87F9
:108C2000ACF3CC875ACFCD875BCFCE875CCFCF87D5
:108C30005DCFD0875ECFD187AFF3D287FEF2D387E7
:108C4000ADF3D4875FCFD58760CFD68761CFD78785
:108C500062CFD88763CFD98764CFDA8765CFDB87C8
:108C6000B2F3DC8766CFDD8767CFDE8768CFDF872B
:108C700069CFE087B4F3E1876ACFE2876BCFE38700
:108C80006CCFE4876DCFE587A8F3E6876ECFE787E3
:108C90006FCFE88770CFE98771CFEA87B3F3EB87AF
:108CA00072CFEC8773CFED8774CFEE87B5F3EF8784
:108CB00075CFF08776CFF18777CFF28778CFF387BC
:108CC00079CFF4877ACFF5877BCFF6877CCFF7878C
:108CD0007DCFF8877ECFF987B7D0FA8780CFFB8723
:108CE00081CFFC8782CFFD8783CFFE87B8F3FF87D4
:108CF00084CF008885CF018886CF028887CF0388FC
:108D0000F9D9048888CF058889CF06888ACF078853
:108D10008BCF08888CCF09888DCF0A88B9F30B8850
:108D20008ECF0C888FCF0D8890CF0E8891CF0F8873
:108D300092CF108893CF118894CF128895CF138843
:108D4000B7F3148896CF1588E4C81688B6F3178849
:108D500097CF188898CF198899CF1A889ACF1B88EF
:108D6000BAF31C889BCF1D889CCF1E889DCF1F887F
:108D70009ECF20889FCF2188BBF32288C0B4238850
:108D8000A0CF248840D0258841D0268842D027888B
:108D900043D0288844D0298845D02A8846D02B88BB
:108DA00047D02C8848D02D8849D02E884AD02F888B
:108DB0004BD030884CD031884DD03288C3EE3388C8
:108DC0004ED034884FD0358850D0368851D037882F
:108DD00052D0388853D03988BCF33A8854D03B8875
:108DE00055D03C88BDF33D8856D03E8857D03F884B
:108DF00058D04088AAD1418859D042885AD0438857
:108E00005BD04488ACF44588C6D046885CD047889F
:108E10005DD048885ED049885FD04A8860D04B8852
:108E200061D04C88D0D04D88DCD14E8862D04F883C
:108E300063D0508864D0518865D0528866D05388FA
:108E400067D05488CECF558868D0568869D0578867
:108E5000D6BD58886AD05988C3D15A886BD05B88F0
:108E60006CD05C886DD05D886ED05E886FD05F8876
:108E700070D0608871D06188E2BA6288E9E1638865
:108E8000C2D26488C2F16588B9B2668872D0678838
:108E900073D06888EDB16988C3F16A8874D06B8833
:108EA000C0C96C88C4B36D8875D06E88F2D96F88DC
:108EB00076D07088A5CB718877D07288C4F173881A
:108EC00078D0748879D075887AD076887BD0778886
:108ED000D4D678887CD079887DD07A887ED07B88FB
:108EE00080D07C8881D07D88C5F17E88C0F47F8861
:108EF000C6F1808882D08188ACD48288C7F183880B
:108F000083D08488C0B08588C1F4868884D087885F
:108F100085D08888C2F4898886D08A8887D08B8853
:108F2000FCB48C8888D08D88DBC58E8889D08F88EA
:108F30008AD090888BD091888CD09288BBCC938833
:108F40008DD094888ED095888FD09688E4D09788DD
:108F500090D0988891D0998892D09A8893D09B8805
:108F600094D09C88E0CD9D8895D09E8896D09F888F
:108F700097D0A08898D0A18899D0A288C8F1A3885A
:108F80009AD0A488F3D9A5889BD0A6889CD0A7881E
:108F90009DD0A8889ED0A9889FD0AA88A0D0AB8851
:108FA000BBB1AC8840D1AD88AECFAE8841D1AF88DF
:108FB00042D1B08843D1B188A4B8B28844D1B38833
:108FC00045D1B48846D1B58847D1B68848D1B7884D
:108FD000CAF1B88849D1B9884AD1BA884BD1BB887F
:108FE0004CD1BC88CBF1BD884DD1BE884ED1BF8855
:108FF0004FD1C08850D1C188C3B2C288D1C1C38803
:1090000051D1C48852D1C588B0D7C688C9F1C788A4
:1090100053D1C88854D1C988CCF1CA8855D1CB88DE
:1090200056D1CC8857D1CD8858D1CE88CEF1CF88B3
:1090300059D1D0885AD1D1885BD1D288F6D9D3887A
:109040005CD1D488E1D2D588A3D4D6885DD1D78825
:109050005ED1D888C3F4D988B9C8DA885FD1DB88F3
:1090600060D1DC8861D1DD8862D1DE8863D1DF88A0
:10907000C4F4E08864D1E18865D1E288CDF1E38869
:10908000CFF1E488E3BFE588D0F1E68866D1E788D0
:1090900067D1E888D4F1E98868D1EA8869D1EB889A
:1090A0006AD1EC886BD1ED886CD1EE886DD1EF88F8
:1090B0006ED1F088D6F1F188D1F1F2886FD1F388C2
:1090C000D1C9F488E1C5F58870D1F68871D1F788E7
:1090D00072D1F888E3C2F988FCB9FA8873D1FB88A9
:1090E00074D1FC88D3F1FD8875D1FE88D5F1FF8855
:1090F00076D1008977D1018978D10289D3B90389E2
:1091000079D104897AD105897BD106897CD10789F7
:109110007DD108897ED1098980D10A89DBF10B894B
:1091200081D10C8982D10D8983D10E8984D10F8997
:1091300085D11089D6BA118986D11289FDB01389DB
:10914000D9F1148987D1158988D1168989D11789D0
:109150008AD118898BD11989D8F11A89D2F11B8942
:10916000DAF11C898CD11D898DD11E898ED11F8980
:109170008FD1208990D12189D7F1228991D123895A
:1091800092D1248993D12589ECC8268994D1278945
:1091900095D1288996D1298997D12A89CACD2B8939
:1091A000DDF12C8998D12D8999D12E899AD12F89D9
:1091B0009BD13089BDE531899CD132899DD13389DC
:1091C0009ED13489DCF135899FD13689DEF137892A
:1091D000A0D1388940D2398941D23A8942D23B89DB
:1091E00043D23C8944D23D8945D23E8946D23F890B
:1091F00047D2408948D24189DFF1428949D2438927
:109200004AD24489E5CF45894BD246894CD2478919
:109210004DD248894ED249894FD24A8950D24B8982
:1092200051D24C8952D24D8953D24E8954D24F8952
:1092300055D2508956D2518957D2528958D2538922
:1092400059D254895AD255895BD256895CD25789F2
:109250005DD258895ED259895FD25A8960D25B89C2
:1092600061D25C8962D25D8963D25E89C5F45F890F
:10927000F3BD608964D2618965D2628966D26389EF
:1092800067D2648968D2658969D26689E0F16789A5
:109290006AD268896BD269896CD26A896DD26B890E
:1092A0006ED26C896FD26D8970D26E8971D26F89DE
:1092B00072D2708973D2718974D2728975D27389AE
:1092C00076D2748977D2758978D2768979D277897E
:1092D0007AD278897BD279897CD27A897DD27B894E
:1092E000E1F17C897ED27D8980D27E8981D27F899D
:1092F000F7CE808982D28189AAD2828983D283895A
:10930000FBF1848984D2858985D28689B2B8878920
:1093100086D2888987D2898988D28A8989D28B899D
:109320008AD28C898BD28D898CD28E898DD28F896D
:109330008ED290898FD2918990D2928991D293893D
:1093400092D2948993D2958994D2968995D297890D
:1093500096D2988997D2998998D29A8999D29B89DD
:109360009AD29C899BD29D899CD29E899DD29F89AD
:109370009ED2A0899FD2A189A0D2A28940D3A389DD
:1093800041D3A48942D3A58943D3A68944D3A789CD
:1093900045D3A88946D3A98947D3AA8948D3AB899D
:1093A00049D3AC894AD3AD894BD3AE894CD3AF896D
:1093B0004DD3B0894ED3B1894FD3B28950D3B3893D
:1093C00051D3B48952D3B58953D3B68954D3B7890D
:1093D00055D3B88956D3B98957D3BA8958D3BB89DD
:1093E00059D3BC895AD3BD895BD3BE895CD3BF89AD
:1093F0005DD3C0895ED3C189FBBCC289DBB9C38997
:109400005FD3C489E6B9C589D9C3C689D3CAC78918
:10941000E8EAC889C0C0C989F5BECA89E9EACB892A
:10942000EAEACC89EBEACD8960D3CE89ECEACF8930
:10943000EDEAD089EEEAD189EFEAD289C7BDD389B6
:1094400061D3D48962D3D58963D3D689FBF5D78913
:1094500064D3D88965D3D98966D3DA89FDF5DB89E8
:1094600067D3DC89FEF5DD8968D3DE89FCF5DF8909
:1094700069D3E0896AD3E1896BD3E2896CD3E3894C
:10948000E2BDE4896DD3E589A1F6E689A5B4E78953
:109490006ED3E8896FD3E98970D3EA8971D3EB89F8
:1094A000A2F6EC8972D3ED8973D3EE8974D3EF8978
:1094B000A3F6F08975D3F18976D3F28977D3F3894E
:1094C000B2ECF48978D3F58979D3F6897AD3F78920
:1094D0007BD3F8897CD3F9897DD3FA897ED3FB8944
:1094E00080D3FC8981D3FD8982D3FE8983D3FF8910
:1094F00084D3008AD4D1018A85D3028A86D3038A91
:1095000087D3048A88D3058A89D3068A8AD3078AAF
:10951000EAD9088A8BD3098A8CD30A8A8DD30B8A1D
:109520008ED30C8A8FD30D8A90D30E8A91D30F8A53
:1095300092D3108A93D3118A94D3128A95D3138A23
:1095400096D3148A97D3158A98D3168A99D3178AF3
:109550009AD3188A9BD3198A9CD31A8A9DD31B8AC3
:109560009ED31C8A9FD31D8AA0D31E8A40D41F8AF3
:1095700041D4208A42D4218A43D4228A44D4238AE3
:1095800045D4248A46D4258A47D4268A48D4278AB3
:1095900049D4288A4AD4298A4BD42A8A4CD42B8A83
:1095A0004DD42C8A4ED42D8A4FD42E8A50D42F8A53
:1095B00051D4308A52D4318A53D4328A54D4338A23
:1095C00055D4348A56D4358A57D4368A58D4378AF3
:1095D00059D4388A5AD4398A5BD43A8A5CD43B8AC3
:1095E0005DD43C8A5ED43D8A5FD43E8AA4F63F8A2D
:1095F00060D4408A61D4418A62D4428A63D4438A67
:1096000064D4448A65D4458A66D4468A67D4478A36
:1096100068D4488ABAEE498A69D44A8A6AD44B8A9D
:109620006BD44C8A6CD44D8A6DD44E8A6ED44F8ADA
:109630006FD4508A70D4518A71D4528A72D4538AAA
:1096400073D4548A74D4558A75D4568A76D4578A7A
:1096500077D4588A78D4598A79D45A8A7AD45B8A4A
:109660007BD45C8A7CD45D8A7DD45E8A7ED45F8A1A
:1096700080D4608A81D4618A82D4628A83D4638AE6
:1096800084D4648A85D4658A86D4668A87D4678AB6
:1096900088D4688A89D4698A8AD46A8A8BD46B8A86
:1096A0008CD46C8A8DD46D8A8ED46E8A8FD46F8A56
:1096B00090D4708A91D4718A92D4728A93D4738A26
:1096C00094D4748A95D4758A96D4768A97D4778AF6
:1096D00098D4788A99D4798AB2D57A8A9AD47B8AAE
:1096E0009BD47C8A9CD47D8A9DD47E8A9ED47F8A9A
:1096F0009FD4808AA0D4818A40D5828A41D5838A2A
:1097000042D5848A43D5858A44D5868A45D5878AB9
:1097100046D5888A47D5898AFED38A8ADCCC8B8A4B
:1097200048D58C8A49D58D8A4AD58E8A4BD58F8A61
:109730004CD5908A4DD5918A4ED5928A4FD5938A31
:10974000C4CA948A50D5958A51D5968A52D5978A9B
:1097500053D5988A54D5998A55D59A8A56D59B8AD5
:1097600057D59C8A58D59D8A59D59E8A5AD59F8AA5
:109770005BD5A08A5CD5A18A5DD5A28A5ED5A38A75
:109780005FD5A48A60D5A58A61D5A68A62D5A78A45
:1097900063D5A88A64D5A98A65D5AA8A66D5AB8A15
:1097A00067D5AC8A68D5AD8A69D5AE8A6AD5AF8AE5
:1097B0006BD5B08A6CD5B18A6DD5B28A6ED5B38AB5
:1097C0006FD5B48A70D5B58A71D5B68A72D5B78A85
:1097D00073D5B88A74D5B98A75D5BA8A76D5BB8A55
:1097E00077D5BC8A78D5BD8A79D5BE8A7AD5BF8A25
:1097F0007BD5C08A7CD5C18A7DD5C28A7ED5C38AF5
:1098000080D5C48A81D5C58A82D5C68A83D5C78AC0
:1098100084D5C88A85D5C98A86D5CA8A87D5CB8A90
:1098200088D5CC8A89D5CD8A8AD5CE8A8BD5CF8A60
:109830008CD5D08A8DD5D18A8ED5D28A8FD5D38A30
:1098400090D5D48A91D5D58A92D5D68A93D5D78A00
:1098500094D5D88A95D5D98A96D5DA8A97D5DB8AD0
:1098600098D5DC8A99D5DD8A9AD5DE8A9BD5DF8AA0
:109870009CD5E08A9DD5E18A9ED5E28A9FD5E38A70
:10988000A0D5E48A40D6E58A41D6E68A42D6E78A60
:1098900043D6E88A44D6E98A45D6EA8A46D6EB8A90
:1098A00047D6EC8A48D6ED8A49D6EE8A4AD6EF8A60
:1098B0004BD6F08A4CD6F18A4DD6F28A4ED6F38A30
:1098C0004FD6F48A50D6F58A51D6F68A52D6F78A00
:1098D00053D6F88A54D6F98A55D6FA8A56D6FB8AD0
:1098E00057D6FC8A58D6FD8A59D6FE8A5AD6FF8AA0
:1098F0005BD6008B5CD6018B5DD6028B5ED6038B6C
:109900005FD6048B60D6058B61D6068B62D6078B3B
:10991000C0E5088B63D6098B64D60A8B65D60B8BA2
:1099200066D60C8B67D60D8B68D60E8B69D60F8BDF
:109930006AD6108B6BD6118B6CD6128B6DD6138BAF
:109940006ED6148B6FD6158B70D6168B71D6178B7F
:1099500072D6188B73D6198B74D61A8B75D61B8B4F
:1099600076D61C8B77D61D8B78D61E8B79D61F8B1F
:109970007AD6208B7BD6218B7CD6228B7DD6238BEF
:109980007ED6248B80D6258B81D6268BA5F6278B79
:1099900082D6288B83D6298B84D62A8B85D62B8B8F
:1099A00086D62C8B87D62D8B88D62E8B89D62F8B5F
:1099B0008AD6308B8BD6318B8CD6328B8DD6338B2F
:1099C0008ED6348B8FD6358B90D6368B91D6378BFF
:1099D00092D6388B93D6398B94D63A8B95D63B8BCF
:1099E00096D63C8B97D63D8B98D63E8B99D63F8B9F
:1099F0009AD6408B9BD6418B9CD6428B9DD6438B6F
:109A00009ED6448B9FD6458BA0D6468B40D7478B9E
:109A100041D7488B42D7498B43D74A8B44D74B8B8E
:109A200045D74C8B46D74D8B47D74E8B48D74F8B5E
:109A300049D7508B4AD7518B4BD7528B4CD7538B2E
:109A40004DD7548B4ED7558B4FD7568B50D7578BFE
:109A500051D7588B52D7598B53D75A8B54D75B8BCE
:109A600055D75C8B56D75D8B57D75E8B58D75F8B9E
:109A700059D7608B5AD7618B5BD7628B5CD7638B6E
:109A80005DD7648B5ED7658B5FD7668BAFBE678B08
:109A900060D7688B61D7698B62D76A8B63D76B8B12
:109AA00064D76C8BA9C66D8B65D76E8B66D76F8BB1
:109AB00067D7708B68D7718B69D7728B6AD7738BB6
:109AC0006BD7748B6CD7758B6DD7768B6ED7778B86
:109AD0006FD7788B70D7798B71D77A8B72D77B8B56
:109AE00073D77C8B74D77D8B75D77E8B76D77F8B26
:109AF00077D7808B78D7818B79D7828B7AD7838BF6
:109B00007BD7848B7CD7858B7DD7868B7ED7878BC5
:109B100080D7888B81D7898B82D78A8B83D78B8B91
:109B200084D78C8B85D78D8B86D78E8B87D78F8B61
:109B300088D7908B89D7918B8AD7928B8BD7938B31
:109B40008CD7948B8DD7958B8ED7968B8FD7978B01
:109B500090D7988B91D7998B92D79A8B93D79B8BD1
:109B600094D79C8B95D79D8B96D79E8B97D79F8BA1
:109B700098D7A08BA5DAA18BC6BCA28BA9B6A38B64
:109B8000BCB8A48BCFC8A58BA5BCA68BA6DAA78B27
:109B9000A7DAA88BD6CCA98BC3C8AA8BA8DAAB8BC3
:109BA000FDC6AC8B99D7AD8BB5D1AE8BE9D2AF8B5F
:109BB000B6D1B08BC7BCB18B9AD7B28BB2BDB38BC9
:109BC000E4BBB48BA9DAB58BAADAB68BC8D1B78B54
:109BD000ABDAB88BEDD0B98BEFB6BA8BDBC2BB8BEF
:109BE0009BD7BC8BCFCBBD8BEDB7BE8BE8C9BF8BF2
:109BF000C3B7C08BF7BEC18BA4D6C28BACDAC38B04
:109C0000ADDAC48BC0C6C58BE7D7C68BB6CAC78BC7
:109C10009CD7C88BA9D5C98BDFCBCA8BEFD5CB8B93
:109C2000AEDACC8BDFD6CD8BCAB4CE8BB0DACF8B8D
:109C3000AFDAD08B9DD7D18BEBD2D28BB1DAD38B6D
:109C4000B2DAD48BB3DAD58BD4CAD68BB4DAD78B4D
:109C5000ABCAD88BB5DAD98BB6DADA8BCFB3DB8B5C
:109C6000EFD6DC8BB7DADD8BB0BBDE8BAEB5DF8B2E
:109C7000B8DAE08BB9DAE18BEEB9E28BAFD1E38BE6
:109C8000E8D2E48BBADAE58BC3B8E68BEACFE78B90
:109C9000EFB2E88BBBDAE98BBCDAEA8B9ED7EB8BB1
:109CA000EBBDEC8BDCCEED8BEFD3EE8BBDDAEF8B27
:109CB000F3CEF08BBEDAF18BD5D3F28BE5BBF38B11
:109CC000BFDAF48BB5CBF58BD0CBF68BC0DAF78B44
:109CD000EBC7F88BEED6F98BC1DAFA8BB5C5FB8BE7
:109CE000C1B6FC8BC2DAFD8BCCB7FE8BCEBFFF8B2F
:109CF000C3DA008CC4DA018CADCB028CC5DA038CDC
:109D0000F7B5048CC6DA058CC2C1068CBBD7078CAC
:109D1000C7DA088CB8CC098C9FD70A8CEAD20B8C96
:109D2000B1C40C8CC8DA0D8CFDB50E8CD1BB0F8C78
:109D3000C9DA108CB3D0118CCADA128CCBDA138C3E
:109D4000BDCE148CCCDA158CCDDA168CCEDA178C0D
:109D5000F7B2188CD1DA198CCFDA1A8CE8D11B8CB7
:109D6000D0DA1C8CD5C31D8CD2DA1E8CA0D71F8CE8
:109D7000D3DA208CD4DA218CD5DA228CBBD0238C98
:109D8000A5D2248CF9B0258CD6DA268CABC7278CCB
:109D9000D7DA288CF7BD298CA1C32A8CD8DA2B8C72
:109DA000D9DA2C8CFDC32D8CB7CC2E8CDADA2F8C23
:109DB000DBDA308CBEC0318CD7C6328CDCDA338C27
:109DC000DDDA348CB4C7358CDEDA368CDFDA378CEA
:109DD000C8B9388C40D8398C41D83A8C42D83B8CA1
:109DE00043D83C8C44D83D8C45D83E8C46D83F8CDB
:109DF00047D8408C48D8418CEDBB428C49D8438C25
:109E00004AD8448C4BD8458C4CD8468CB9B6478C34
:109E1000F8F4488C4DD8498CF9F44A8C4ED84B8CC8
:109E20004FD84C8CE3CD4D8C50D84E8C51D84F8CA4
:109E300052D8508C53D8518C54D8528C55D8538CFE
:109E400056D8548C57D8558CB9F5568C58D8578C51
:109E500059D8588C5AD8598C5BD85A8CE0EB5B8C0B
:109E60005CD85C8C5DD85D8C5ED85E8C5FD85F8C76
:109E700060D8608C61D8618CF3CF628CBFBB638C7F
:109E800062D8648C63D8658C64D8668C65D8678C1E
:109E900066D8688C67D8698C68D86A8CC0BA6B8CB5
:109EA000A5D46C8C69D86D8C6AD86E8C6BD86F8C8D
:109EB0006CD8708C6DD8718C6ED8728C6FD8738C96
:109EC000D9E1748C70D8758C71D8768C72D8778CF7
:109ED00073D8788CF4F5798CAAB17A8CF2B27B8C39
:109EE00074D87C8C75D87D8C76D87E8C77D87F8C16
:109EF00078D8808C79D8818C7AD8828CF5F5838C4F
:109F00007BD8848C7CD8858CF7F5868C7DD8878C23
:109F10007ED8888C80D8898CD1BA8A8CF6F58B8CC7
:109F200081D88C8CB2C38D8C82D88E8C83D88F8C48
:109F300084D8908C85D8918C86D8928C87D8938C35
:109F400088D8948CF9F5958C89D8968C8AD8978C7A
:109F50008BD8988CF8F5998C8CD89A8C8DD89B8C52
:109F60008ED89C8C8FD89D8C90D89E8C91D89F8CAD
:109F700092D8A08C93D8A18C94D8A28C95D8A38C7D
:109F800096D8A48C97D8A58C98D8A68C99D8A78C4D
:109F90009AD8A88C9BD8A98C9CD8AA8C9DD8AB8C1D
:109FA0009ED8AC8C9FD8AD8CA0D8AE8C40D9AF8C4D
:109FB00041D9B08C42D9B18C43D9B28C44D9B38C3D
:109FC00045D9B48C46D9B58C47D9B68C48D9B78C0D
:109FD00049D9B88C4AD9B98C4BD9BA8C4CD9BB8CDD
:109FE0004DD9BC8C4ED9BD8C4FD9BE8C50D9BF8CAD
:109FF00051D9C08C52D9C18C53D9C28C54D9C38C7D
:10A0000055D9C48C56D9C58C57D9C68C58D9C78C4C
:10A0100059D9C88C5AD9C98C5BD9CA8C5CD9CB8C1C
:10A020005DD9CC8C5ED9CD8C5FD9CE8C60D9CF8CEC
:10A0300061D9D08C62D9D18C63D9D28C64D9D38CBC
:10A0400065D9D48C66D9D58C67D9D68C68D9D78C8C
:10A0500069D9D88C6AD9D98C6BD9DA8C6CD9DB8C5C
:10A060006DD9DC8C6ED9DD8C6FD9DE8C70D9DF8C2C
:10A0700071D9E08C72D9E18C73D9E28C74D9E38CFC
:10A0800075D9E48C76D9E58C77D9E68C78D9E78CCC
:10A0900079D9E88C7AD9E98C7BD9EA8C7CD9EB8C9C
:10A0A0007DD9EC8C7ED9ED8C80D9EE8C81D9EF8C6A
:10A0B00082D9F08C83D9F18C84D9F28C85D9F38C38
:10A0C00086D9F48C87D9F58C88D9F68C89D9F78C08
:10A0D0008AD9F88C8BD9F98C8CD9FA8C8DD9FB8CD8
:10A0E0008ED9FC8C8FD9FD8C90D9FE8C91D9FF8CA8
:10A0F00092D9008D93D9018D94D9028D95D9038D74
:10A1000096D9048D97D9058D98D9068D99D9078D43
:10A110009AD9088D9BD9098D9CD90A8D9DD90B8D13
:10A120009ED90C8D9FD90D8DA0D90E8D40DA0F8D43
:10A1300041DA108D42DA118D43DA128D44DA138D33
:10A1400045DA148D46DA158D47DA168D48DA178D03
:10A1500049DA188D4ADA198D4BDA1A8D4CDA1B8DD3
:10A160004DDA1C8D4EDA1D8DB4B11E8DEAD51F8DD2
:10A17000BAB8208D4FDA218DB1B9228DC6B2238DA8
:10A18000F0D4248DCDCF258DDCB0268DCBD5278D79
:10A19000F5BB288DCAD6298DB7B72A8DB0CC2B8DAB
:10A1A000B6C62C8DE1B12D8DBAB92E8DFCD62F8D72
:10A1B000E1B9308DA1B7318DFABC328DDAEA338D39
:10A1C000DBEA348DF9CC358DF3B9368DDCEA378D89
:10A1D000FBB4388DB3C3398DD1B73A8DD8BA3B8D26
:10A1E000DDEA3C8DF4D43D8DDEEA3E8DD6BC3F8D5C
:10A1F000DFBB408DDFEA418DDEC1428DB8C2438DA9
:10A20000DFD4448DCAD7458DE0EA468DE1EA478D1B
:10A21000E4EA488DE2EA498DE3EA4A8DDEC94B8DD6
:10A22000B3B84C8DC4B64D8DE5EA4E8DEACA4F8D5C
:10A23000CDC9508DCDB4518D50DA528D51DA538D38
:10A24000D9E2548DE2C5558DE6EA568DB5C0578DDD
:10A2500052DA588DB8D7598DE7EA5A8DACD75B8D55
:10A26000FCC85C8DD3D85D8DCDD85E8DDED45F8D7E
:10A2700053DA608DF9D4618DC4C9628DAED3638D1C
:10A28000D3B8648DE0B3658D54DA668DE2C9678D0D
:10A29000F6F4688D55DA698D56DA6A8D57DA6B8D6A
:10A2A000D5BA6C8D58DA6D8DF7F46E8D59DA6F8DE5
:10A2B0005ADA708DDFD7718D5BDA728D5CDA738D4F
:10A2C000F1F4748DB0B8758DD4D5768DCFB8778D07
:10A2D000F0C6788D5DDA798D5EDA7A8D5FDA7B8D06
:10A2E00060DA7C8D61DA7D8D62DA7E8D63DA7F8D56
:10A2F00064DA808D65DA818DC3B3828D66DA838DF1
:10A3000067DA848DF2F4858DACB3868D68DA878D3B
:10A3100069DA888D6ADA898D6BDA8A8DBDD48B8D86
:10A32000F7C78C8D6CDA8D8D6DDA8E8D6EDA8F8D30
:10A330006FDA908D70DA918DF4F4928D71DA938DDD
:10A3400072DA948DF3F4958D73DA968D74DA978DB5
:10A3500075DA988D76DA998D77DA9A8D78DA9B8D21
:10A3600079DA9C8D7ADA9D8D7BDA9E8D7CDA9F8DF1
:10A37000CBCCA08D7DDAA18D7EDAA28D80DAA38D83
:10A38000A4C8A48D81DAA58D82DAA68D83DAA78D83
:10A3900084DAA88D85DAA98D86DAAA8D87DAAB8D65
:10A3A00088DAAC8D89DAAD8D8ADAAE8D8BDAAF8D35
:10A3B0008CDAB08D8DDAB18DF5F4B28D8EDAB38D85
:10A3C000E3D7B48DBFC5B58DC0F5B68D8FDAB78D27
:10A3D00090DAB88DBBF5B98D91DABA8DC3F5BB8D26
:10A3E00092DABC8DC2F5BD8D93DABE8DBAD6BF8D23
:10A3F000C1F5C08D94DAC18D95DAC28D96DAC38D20
:10A40000BED4C48DC4F5C58D97DAC68DCCF5C78D85
:10A4100098DAC88D99DAC98D9ADACA8D9BDACB8D14
:10A42000CFB0CC8DF8B5CD8D9CDACE8DC9F5CF8D62
:10A43000CAF5D08D9DDAD18DDCC5D28D9EDAD38D53
:10A440009FDAD48DA0DAD58D40DBD68DC5F5D78DBA
:10A45000C6F5D88D41DBD98D42DBDA8DC7F5DB8DB2
:10A46000CBF5DC8D43DBDD8DE0BEDE8DC8F5DF8D09
:10A47000FAB8E08D44DBE18D45DBE28D46DBE38D10
:10A48000D0F5E48DD3F5E58D47DBE68D48DBE78D30
:10A4900049DBE88DE7BFE98D4ADBEA8DF2B9EB8D48
:10A4A000BCF5EC8DCDF5ED8D4BDBEE8D4CDBEF8D02
:10A4B000B7C2F08D4DDBF18D4EDBF28D4FDBF38DAE
:10A4C000F8CCF48D50DBF58DF9BCF68D51DBF78DB2
:10A4D000CEF5F88DCFF5F98DD1F5FA8DE5B6FB8D7A
:10A4E000D2F5FC8D52DBFD8DD5F5FE8D53DBFF8D56
:10A4F00054DB008E55DB018E56DB028E57DB038E5C
:10A5000058DB048E59DB058EBDF5068E5ADB078EAF
:10A510005BDB088E5CDB098ED4F50A8EBBD30B8E19
:10A520005DDB0C8EECB30D8E5EDB0E8E5FDB0F8E73
:10A53000A4CC108E60DB118E61DB128E62DB138E79
:10A5400063DB148ED6F5158E64DB168E65DB178EF5
:10A5500066DB188E67DB198E68DB1A8E69DB1B8E53
:10A560006ADB1C8E6BDB1D8ED7F51E8EE1BE1F8E47
:10A57000D8F5208E6CDB218E6DDB228EDFCC238E16
:10A58000DBF5248E6EDB258E6FDB268E70DB278E4F
:10A5900071DB288E72DB298EC8B22A8ED9D72B8E1A
:10A5A00073DB2C8ED9F52D8E74DB2E8EDAF52F8E83
:10A5B000DCF5308E75DB318EE2F5328E76DB338E54
:10A5C00077DB348E78DB358EE0F5368E79DB378EAF
:10A5D0007ADB388E7BDB398EDFF53A8EDDF53B8E0C
:10A5E0007CDB3C8E7DDB3D8EE1F53E8E7EDB3F8E5F
:10A5F00080DB408EDEF5418EE4F5428EE5F5438E3C
:10A6000081DB448EE3CC458E82DB468E83DB478E36
:10A61000BFE5488EB8B5498EE3F54A8EE8F54B8E16
:10A62000A3CC4C8E84DB4D8E85DB4E8E86DB4F8E2D
:10A6300087DB508E88DB518EE6F5528EE7F5538E20
:10A6400089DB548E8ADB558E8BDB568E8CDB578EE6
:10A650008DDB588E8EDB598EBEF55A8E8FDB5B8E6E
:10A6600090DB5C8E91DB5D8E92DB5E8E93DB5F8E8A
:10A6700094DB608E95DB618E96DB628E97DB638E5A
:10A6800098DB648E99DB658E9ADB668EC4B1678E2B
:10A690009BDB688E9CDB698EBFF56A8E9DDB6B8EC3
:10A6A0009EDB6C8EC5B56D8EE4B26E8E9FDB6F8EB9
:10A6B000ECF5708EE9F5718EA0DB728ED7B6738ED5
:10A6C00040DC748EEDF5758E41DC768EEAF5778E82
:10A6D00042DC788E43DC798E44DC7A8E45DC7B8EDE
:10A6E00046DC7C8EEBF57D8E47DC7E8E48DC7F8EF3
:10A6F000DAB4808E49DC818EEAD4828E4ADC838E85
:10A700004BDC848E4CDC858EEEF5868E4DDC878EA0
:10A71000F9B3888E4EDC898E4FDC8A8E50DC8B8EAE
:10A7200051DC8C8E52DC8D8E53DC8E8E54DC8F8E01
:10A73000EFF5908EF1F5918E55DC928E56DC938E6E
:10A7400057DC948EF0F5958E58DC968E59DC978EFA
:10A750005ADC988E5BDC998E5CDC9A8E5DDC9B8E7D
:10A760005EDC9C8EF2F59D8E5FDC9E8EF3F59F8EF7
:10A7700060DCA08E61DCA18E62DCA28E63DCA38E25
:10A7800064DCA48E65DCA58E66DCA68E67DCA78EF5
:10A7900068DCA88E69DCA98E6ADCAA8E6BDCAB8EC5
:10A7A000EDC9AC8EAAB9AD8E6CDCAE8E6DDCAF8E11
:10A7B000FBC7B08E6EDCB18E6FDCB28EE3B6B38EAB
:10A7C00070DCB48E71DCB58E72DCB68E73DCB78E45
:10A7D00074DCB88E75DCB98E76DCBA8EC9CCBB8ED3
:10A7E00077DCBC8E78DCBD8E79DCBE8E7ADCBF8EE9
:10A7F0007BDCC08E7CDCC18E7DDCC28E7EDCC38EB9
:10A8000080DCC48E81DCC58E82DCC68E83DCC78E84
:10A8100084DCC88E85DCC98E86DCCA8E87DCCB8E54
:10A8200088DCCC8E89DCCD8E8ADCCE8EA6EACF8EFB
:10A830008BDCD08E8CDCD18E8DDCD28E8EDCD38EF8
:10A840008FDCD48E90DCD58E91DCD68E92DCD78EC8
:10A8500093DCD88E94DCD98E95DCDA8E96DCDB8E98
:10A8600097DCDC8E98DCDD8E99DCDE8E9ADCDF8E68
:10A870009BDCE08E9CDCE18E9DDCE28E9EDCE38E38
:10A880009FDCE48EA0DCE58E40DDE68E41DDE78EC8
:10A8900042DDE88E43DDE98E44DDEA8E45DDEB8E58
:10A8A00046DDEC8E47DDED8E48DDEE8E49DDEF8E28
:10A8B0004ADDF08E4BDDF18E4CDDF28E4DDDF38EF8
:10A8C0004EDDF48E4FDDF58E50DDF68E51DDF78EC8
:10A8D00052DDF88E53DDF98E54DDFA8E55DDFB8E98
:10A8E00056DDFC8E57DDFD8E58DDFE8E59DDFF8E68
:10A8F0005ADD008F5BDD018F5CDD028F5DDD038F34
:10A900005EDD048F5FDD058F60DD068F61DD078F03
:10A9100062DD088F63DD098F64DD0A8F65DD0B8FD3
:10A9200066DD0C8F67DD0D8F68DD0E8F69DD0F8FA3
:10A930006ADD108F6BDD118F6CDD128F6DDD138F73
:10A940006EDD148F6FDD158F70DD168F71DD178F43
:10A9500072DD188F73DD198F74DD1A8F75DD1B8F13
:10A9600076DD1C8F77DD1D8F78DD1E8F79DD1F8FE3
:10A970007ADD208F7BDD218F7CDD228F7DDD238FB3
:10A980007EDD248F80DD258F81DD268F82DD278F80
:10A9900083DD288F84DD298F85DD2A8F86DD2B8F4F
:10A9A00087DD2C8F88DD2D8F89DD2E8F8ADD2F8F1F
:10A9B0008BDD308F8CDD318F8DDD328F8EDD338FEF
:10A9C0008FDD348F90DD358F91DD368F92DD378FBF
:10A9D00093DD388F94DD398F95DD3A8F96DD3B8F8F
:10A9E00097DD3C8F98DD3D8F99DD3E8F9ADD3F8F5F
:10A9F0009BDD408F9CDD418F9DDD428F9EDD438F2F
:10AA00009FDD448FA0DD458F40DE468F41DE478FBE
:10AA100042DE488F43DE498F44DE4A8F45DE4B8F4E
:10AA200046DE4C8F47DE4D8F48DE4E8F49DE4F8F1E
:10AA30004ADE508F4BDE518F4CDE528F4DDE538FEE
:10AA40004EDE548F4FDE558F50DE568F51DE578FBE
:10AA500052DE588F53DE598F54DE5A8F55DE5B8F8E
:10AA600056DE5C8F57DE5D8F58DE5E8F59DE5F8F5E
:10AA70005ADE608F5BDE618F5CDE628F5DDE638F2E
:10AA80005EDE648F5FDE658F60DE668FB5B3678FD5
:10AA9000FED4688FECB9698FF9D06A8F61DE6B8F55
:10AAA000EDE96C8FAAD76D8FEEE96E8FD6C26F8FEE
:10AAB000EDC8708FE4BA718FEFE9728FF0E9738F90
:10AAC000F1E9748FE1D6758FF2E9768FF3E9778F2C
:10AAD000F5E9788FF4E9798FF6E97A8FF7E97B8FDA
:10AAE000E1C77C8FF8E97D8FD8D47E8FF9E97F8F1D
:10AAF000CEBD808F62DE818FFAE9828FFBE9838F82
:10AB0000CFBD848FFCE9858FA8B8868FBEC1878FA3
:10AB1000FDE9888FB2B1898FD4BB8A8FF5B98B8F4D
:10AB2000FEE98C8F63DE8D8FA1EA8E8FA2EA8F8F74
:10AB3000A3EA908FF8B7918FADBC928F64DE938FAC
:10AB4000E4CA948FCEE0958FAFD4968FBDCF978F08
:10AB5000B7D5988FA4EA998FDED59A8FA5EA9B8FF7
:10AB6000C1D09C8FBCB99D8F65DE9E8FC7B49F8F6F
:10AB7000D9B1A08F66DEA18F67DEA28F68DEA38FBA
:10AB8000B1C0A48F69DEA58F6ADEA68F6BDEA78FAA
:10AB90006CDEA88FE6B1A98FE7B1AA8F6DDEAB8F0F
:10ABA000E8B1AC8F6EDEAD8F6FDEAE8F70DEAF8F33
:10ABB00071DEB08FBDB3B18FE8C8B28F72DEB38FD4
:10ABC00073DEB48F74DEB58F75DEB68FC1E5B78FD7
:10ABD00076DEB88F77DEB98FDFB1BA8F78DEBB8FC4
:10ABE00079DEBC8F7ADEBD8FC9C1BE8FEFB4BF8F57
:10ABF0007BDEC08F7CDEC18FA8C7C28FD8D3C38F46
:10AC00007DDEC48FF9C6C58FB8D1C68F7EDEC78FF3
:10AC1000FDB9C88FF5C2C98F80DECA8F81DECB8FA8
:10AC200082DECC8F83DECD8F84DECE8FADD3CF8F0F
:10AC300085DED08FCBD4D18FFCBDD28F86DED38F73
:10AC4000C2E5D48FB5B7D58FC3E5D68F87DED78F52
:10AC500088DED88FB9BBD98FE2D5DA8F89DEDB8F5A
:10AC6000F8BDDC8FB6D4DD8FA5CEDE8FACC1DF8F13
:10AC7000D9B3E08F8ADEE18F8BDEE28FF6CCE38FF3
:10AC80008CDEE48FC6E5E58FC4E5E68FC8E5E78F87
:10AC90008DDEE88FCAE5E98FC7E5EA8FCFB5EB8F88
:10ACA000C8C6EC8F8EDEED8FFCB5EE8FC5E5EF8F5D
:10ACB0008FDEF08FF6CAF18F90DEF28F91DEF38F88
:10ACC000C9E5F48F92DEF58F93DEF68F94DEF78F71
:10ACD000D4C3F88FC5B1F98FA3BCFA8F95DEFB8F73
:10ACE00096DEFC8F97DEFD8FB7D7FE8F98DEFF8F45
:10ACF00099DE0090CBCD0190CDCB0290CACA0390D3
:10AD0000D3CC0490CCE50590CBE50690E6C4079043
:10AD10009ADE08909BDE0990A1D10A90B7D10B90E2
:10AD2000CDE50C909CDE0D90D0E50E909DDE0F9051
:10AD3000B8CD1090F0D61190CFE51290DDB51390FC
:10AD40009EDE1490BECD15909FDE1690D1E5179033
:10AD5000BAB61890A0DE199040DF1A90A8CD1B90CB
:10AD6000E4B91C9041DF1D90C5CA1E90D1B31F905D
:10AD7000D9CB2090ECD42190D2E52290EAB7239051
:10AD800042DF249043DF259044DF2690CEE52790D4
:10AD900045DF289046DF299047DF2A9048DF2B9037
:10ADA00049DF2C904ADF2D90D5E52E90FEB42F90F0
:10ADB000D6E530904BDF31904CDF32904DDF339051
:10ADC0004EDF34904FDF3590D3E53690D4E53790A1
:10ADD00050DF3890DDD2399051DF3A9052DF3B900E
:10ADE000DFC23C90C6B13D9053DF3E90E2D33F902E
:10ADF00054DF409055DF4190DDB64290ECCB43905C
:10AE000056DF4490D7E5459057DF469058DF47908E
:10AE1000F6D3489059DF49905ADF4A905BDF4B9058
:10AE20005CDF4C905DDF4D90E9B14E905EDF4F905E
:10AE3000F4B65090DAE55190D8E55290D9E55390A8
:10AE4000C0B554905FDF559060DF569061DF57903A
:10AE5000C5D25890DCE5599062DF5A9063DF5B9071
:10AE6000DEE55C9064DF5D9065DF5E9066DF5F909D
:10AE700067DF609068DF619069DF6290DDE5639075
:10AE8000B2C764906ADF6590A3D266906BDF67906B
:10AE90006CDF6890DBE569906DDF6A906EDF6B9028
:10AEA0006FDF6C9070DF6D90E2D46E90DAD56F90AA
:10AEB00071DF709072DF719073DF729074DF739046
:10AEC00075DF7490E0E57590F1D7769076DF779036
:10AED00077DF789078DF799079DF7A907ADF7B90EE
:10AEE0007BDF7C907CDF7D90E1E57E907DDF7F9055
:10AEF000DCB18090FBD181907EDF8290E2E583908F
:10AF0000E4E5849080DF859081DF869082DF879002
:10AF100083DF8890E3E5899084DF8A9085DF8B90DA
:10AF2000E5E58C9086DF8D9087DF8E9088DF8F90AF
:10AF300089DF90908ADF9190D8D292908BDF9390A6
:10AF4000CBB594908CDF9590DFE796908DDF97904E
:10AF5000F5DA98908EDF9990F8DA9A908FDF9B90CF
:10AF6000F6DA9C9090DF9D90F7DA9E9091DF9F90AB
:10AF700092DFA09093DFA190FADAA290CFD0A390B5
:10AF8000C7C4A49094DFA59095DFA690EEB0A790DB
:10AF900096DFA89097DFA99098DFAA90B0D0AB90E9
:10AFA00099DFAC90F9DAAD909ADFAE90CAD3AF904A
:10AFB000AABAB090A2DBB190F1C7B2909BDFB39078
:10AFC000FCDAB490FBDAB590DBC9B690FDDAB79045
:10AFD0009CDFB890A1DBB990DED7BA90FEDABB90C7
:10AFE000DAC1BC909DDFBD909EDFBE90A5DBBF9017
:10AFF0009FDFC090A0DFC190F4D3C29040E0C39027
:10B0000041E0C490A7DBC590A4DBC69042E0C790A6
:10B01000A8DBC89043E0C99044E0CA90BCBDCB9087
:10B0200045E0CC9046E0CD9047E0CE90C9C0CF90AF
:10B03000A3DBD090A6DBD190A3D6D29048E0D390EA
:10B04000A9DBD49049E0D5904AE0D6904BE0D79068
:10B05000ADDBD8904CE0D9904DE0DA904EE0DB903B
:10B06000AEDBDC90ACDBDD90C2BADE904FE0DF906F
:10B0700050E0E09051E0E190A4BFE290ABDBE390C0
:10B0800052E0E49053E0E59054E0E690AADBE790CC
:10B09000C7D4E890BFB2E99055E0EA9056E0EB9053
:10B0A000AFDBEC9057E0ED90F9B9EE9058E0EF90FF
:10B0B000B0DBF09059E0F1905AE0F2905BE0F39051
:10B0C0005CE0F490BBB3F5905DE0F6905EE0F79045
:10B0D0005FE0F890A6B5F99060E0FA9061E0FB902F
:10B0E00062E0FC9063E0FD90BCB6FE90B1DBFF90A7
:10B0F00064E0009165E0019166E00291F5B603918C
:10B1000067E00491B2DB059168E0069169E0079180
:10B110006AE008916BE009916CE00A916DE00B9197
:10B120006EE00C916FE00D9170E00E9171E00F9167
:10B1300072E0109173E0119174E0129175E0139137
:10B1400076E0149177E0159178E0169179E0179107
:10B150007AE018917BE01991C9B11A917CE01B91BA
:10B160007DE01C917EE01D9180E01E91B4DB1F917B
:10B1700081E0209182E0219183E02291B3DB239151
:10B18000B5DB249184E0259185E0269186E0279126
:10B1900087E0289188E0299189E02A918AE02B9123
:10B1A0008BE02C918CE02D918DE02E918EE02F91F3
:10B1B000B7DB30918FE03191B6DB329190E0339183
:10B1C00091E0349192E0359193E0369194E037919B
:10B1D00095E0389196E03991B8DB3A9197E03B9150
:10B1E00098E03C9199E03D919AE03E919BE03F913F
:10B1F0009CE040919DE041919EE042919FE043910F
:10B20000B9DB4491A0E0459140E14691BADB47911A
:10B2100041E1489142E14991CFD34A91FAF44B91EF
:10B22000F5C74C91C3D74D91E4C54E91FCF44F91B5
:10B23000FDF45091FBF4519143E15291C6BE5391FC
:10B2400044E1549145E1559146E1569147E15791CA
:10B25000EFD0589148E1599149E15A91D3B75B91A8
:10B260004AE15C914BE15D91CDD45E91AACC5F91B6
:10B270004CE160914DE16191A2F56291A1F563917C
:10B28000A8BA6491FEF46591D6CB66914EE16791C0
:10B290004FE1689150E16991A4F56A91D2C06B9138
:10B2A00051E16C91EAB36D9152E16E91AACD6F912B
:10B2B000A5F57091A3F57191B4BD7291A8F5739144
:10B2C00053E17491A9F57591CDBD7691B8C377918D
:10B2D000E1BF7891E1CB7991AAF57A9154E17B9124
:10B2E00055E17C9156E17D91A6F57E91A7F57F9180
:10B2F000F0C4809157E1819158E1829159E18391A5
:10B300005AE184915BE18591ACF586915CE187918E
:10B31000BCB488915DE18991EDD78A915EE18B9112
:10B32000D7B48C91ABF58D91AEF58E915FE18F9195
:10B3300060E19091ADF59191AFF59291D1D093915B
:10B3400061E1949162E1959163E1969164E1979155
:10B3500065E1989166E1999167E19A91D1C39B91DA
:10B36000A9C89C9168E19D9169E19E916AE19F91D4
:10B370006BE1A0916CE1A1916DE1A291B0F5A39177
:10B38000B1F5A4916EE1A5916FE1A69170E1A7914D
:10B3900071E1A89172E1A99173E1AA91B2F5AB9123
:10B3A00074E1AC9175E1AD91B3F5AE91B4F5AF91A7
:10B3B000B5F5B09176E1B19177E1B29178E1B391D1
:10B3C00079E1B491B7F5B591B6F5B6917AE1B79157
:10B3D0007BE1B8917CE1B9917DE1BA91B8F5BB917F
:10B3E0007EE1BC9180E1BD9181E1BE9182E1BF919E
:10B3F00083E1C09184E1C19185E1C29186E1C3916D
:10B4000087E1C49188E1C59189E1C6918AE1C7913C
:10B41000C9B2C8918BE1C991D4D3CA91CDCACB919D
:10B420008CE1CC91EFC0CD91D8D6CE91B0D2CF9156
:10B43000BFC1D0918DE1D191F0BDD2918EE1D39178
:10B440008FE1D49190E1D59191E1D69192E1D7919C
:10B4500093E1D89194E1D99195E1DA9196E1DB916C
:10B4600097E1DC91AAB8DD9198E1DE9199E1DF9155
:10B470009AE1E0919BE1E1919CE1E2919DE1E39110
:10B480009EE1E4919FE1E591A0E1E69140E2E79140
:10B4900041E2E89142E2E99143E2EA9144E2EB9130
:10B4A00045E2EC9146E2ED9147E2EE9148E2EF9100
:10B4B00049E2F0914AE2F1914BE2F2914CE2F391D0
:10B4C0004DE2F4914EE2F5914FE2F69150E2F791A0
:10B4D00051E2F89152E2F99153E2FA9154E2FB9170
:10B4E00055E2FC9156E2FD9157E2FE9158E2FF9140
:10B4F00059E200925AE201925BE202925CE203920C
:10B500005DE204925EE205925FE2069260E20792DB
:10B5100061E2089262E2099263E20A9264E20B92AB
:10B5200065E20C9266E20D9267E20E9268E20F927B
:10B5300069E210926AE211926BE212926CE213924B
:10B540006DE214926EE215926FE2169270E217921B
:10B5500071E2189272E2199273E21A9274E21B92EB
:10B5600075E21C9276E21D9277E21E9278E21F92BB
:10B5700079E220927AE221927BE222927CE223928B
:10B580007DE224927EE2259280E2269281E2279259
:10B5900082E2289283E2299284E22A9285E22B9227
:10B5A00086E22C9287E22D9288E22E9289E22F92F7
:10B5B0008AE230928BE231928CE232928DE23392C7
:10B5C0008EE234928FE2359290E2369291E2379297
:10B5D00092E2389293E2399294E23A9295E23B9267
:10B5E00096E23C9297E23D9298E23E9299E23F9237
:10B5F0009AE240929BE241929CE242929DE2439207
:10B600009EE244929FE24592A0E2469240E3479236
:10B6100041E3489242E3499243E34A9244E34B9226
:10B6200045E34C9246E34D9247E34E9248E34F92F6
:10B6300049E350924AE351924BE352924CE35392C6
:10B640004DE354924EE355924FE3569250E3579296
:10B6500051E3589252E3599253E35A9254E35B9266
:10B6600055E35C9256E35D9257E35E9258E35F9236
:10B6700059E360925AE361925BE362925CE3639206
:10B680005DE364925EE365925FE3669260E36792D6
:10B6900061E3689262E3699263E36A9264E36B92A6
:10B6A00065E36C9266E36D9267E36E9268E36F9276
:10B6B00069E370926AE371926BE372926CE3739246
:10B6C0006DE37492F8BC75926EE376926FE37792B5
:10B6D00070E3789271E3799272E37A9273E37B92EA
:10B6E00074E37C9275E37D9276E37E9277E37F92BA
:10B6F00078E3809279E381927AE382927BE383928A
:10B700007CE384927DE385927EE3869280E3879258
:10B7100081E3889282E3899283E38A9284E38B9225
:10B7200085E38C9286E38D9287E38E92C6F68F92A4
:10B7300088E3909289E391928AE392928BE39392C9
:10B740008CE394928DE395928EE396928FE3979299
:10B7500090E3989291E3999292E39A9293E39B9269
:10B7600094E39C9295E39D9296E39E9297E39F9239
:10B7700098E3A09299E3A1929AE3A2929BE3A39209
:10B780009CE3A4929DE3A5929EE3A6929FE3A792D9
:10B79000A0E3A89240E4A99241E4AA9242E4AB92C9
:10B7A00043E4AC9244E4AD9245E4AE92C7F6AF9266
:10B7B00046E4B09247E4B19248E4B29249E4B392CD
:10B7C0004AE4B4924BE4B5924CE4B6924DE4B7929D
:10B7D0004EE4B8924FE4B99250E4BA9251E4BB926D
:10B7E00052E4BC9253E4BD9254E4BE9255E4BF923D
:10B7F00056E4C09257E4C19258E4C29259E4C3920D
:10B800005AE4C4925BE4C5925CE4C6925DE4C792DC
:10B810005EE4C892C8F6C9925FE4CA9260E4CB9233
:10B8200061E4CC9262E4CD9263E4CE9264E4CF9280
:10B8300065E4D09266E4D19267E4D29268E4D39250
:10B8400069E4D4926AE4D5926BE4D6926CE4D79220
:10B850006DE4D8926EE4D9926FE4DA9270E4DB92F0
:10B8600071E4DC9272E4DD9273E4DE9274E4DF92C0
:10B8700075E4E09276E4E19277E4E29278E4E39290
:10B8800079E4E4927AE4E5927BE4E6927CE4E79260
:10B890007DE4E8927EE4E99280E4EA9281E4EB922E
:10B8A00082E4EC9283E4ED9284E4EE9285E4EF92FC
:10B8B00086E4F09287E4F19288E4F29289E4F392CC
:10B8C0008AE4F4928BE4F5928CE4F6928DE4F7929C
:10B8D0008EE4F8928FE4F99290E4FA9291E4FB926C
:10B8E00092E4FC9293E4FD9294E4FE9295E4FF923C
:10B8F00096E4009397E4019398E4029399E4039308
:10B900009AE404939BE405939CE406939DE40793D7
:10B910009EE408939FE40993A0E40A9340E50B9307
:10B9200041E50C9342E50D9343E50E9344E50F93F7
:10B9300045E5109346E5119347E5129348E51393C7
:10B9400049E514934AE515934BE516934CE5179397
:10B950004DE518934EE519934FE51A9350E51B9367
:10B9600051E51C9352E51D9353E51E9354E51F9337
:10B9700055E5209356E5219357E5229358E5239307
:10B9800059E524935AE525935BE526935CE52793D7
:10B990005DE528935EE529935FE52A9360E52B93A7
:10B9A00061E52C9362E52D9363E52E9364E52F9377
:10B9B00065E5309366E5319367E5329368E5339347
:10B9C00069E534936AE535936BE536936CE5379317
:10B9D0006DE538936EE539936FE53A9370E53B93E7
:10B9E00071E53C9372E53D9373E53E93C9F63F9351
:10B9F00074E5409375E5419376E5429377E543938B
:10BA000078E5449379E545937AE546937BE547935A
:10BA10007CE548937DE549937EE54A9380E54B9329
:10BA200081E54C9382E54D9383E54E9384E54F93F6
:10BA300085E5509386E5519387E5529388E55393C6
:10BA400089E554938AE555938BE556938CE5579396
:10BA50008DE558938EE559938FE55A9390E55B9366
:10BA600091E55C9392E55D9393E55E9394E55F9336
:10BA700095E5609396E5619397E5629398E5639306
:10BA800099E564939AE565939BE566939CE56793D6
:10BA90009DE568939EE569939FE56A93CAF66B936B
:10BAA000A0E56C9340E66D9341E66E9342E66F939A
:10BAB00043E6709344E6719345E6729346E67393CA
:10BAC00047E6749348E6759349E676934AE677939A
:10BAD0004BE678934CE679934DE67A934EE67B936A
:10BAE0004FE67C9350E67D9351E67E9352E67F933A
:10BAF00053E6809354E6819355E6829356E683930A
:10BB000057E6849358E6859359E686935AE68793D9
:10BB10005BE688935CE689935DE68A935EE68B93A9
:10BB20005FE68C9360E68D9361E68E9362E68F9379
:10BB3000CCF6909363E6919364E6929365E69393D3
:10BB400066E6949367E6959368E6969369E697931D
:10BB50006AE698936BE699936CE69A936DE69B93ED
:10BB60006EE69C936FE69D9370E69E9371E69F93BD
:10BB700072E6A09373E6A19374E6A29375E6A3938D
:10BB800076E6A49377E6A59378E6A69379E6A7935D
:10BB90007AE6A8937BE6A9937CE6AA937DE6AB932D
:10BBA0007EE6AC9380E6AD9381E6AE9382E6AF93FA
:10BBB00083E6B09384E6B19385E6B29386E6B393C9
:10BBC00087E6B49388E6B59389E6B6938AE6B79399
:10BBD0008BE6B8938CE6B9938DE6BA938EE6BB9369
:10BBE0008FE6BC9390E6BD9391E6BE9392E6BF9339
:10BBF00093E6C09394E6C19395E6C29396E6C39309
:10BC000097E6C49398E6C59399E6C6939AE6C793D8
:10BC10009BE6C8939CE6C9939DE6CA93CBF6CB936B
:10BC20009EE6CC939FE6CD93A0E6CE9340E7CF93DC
:10BC300041E7D09342E7D19343E7D29344E7D393CC
:10BC400045E7D49346E7D59347E7D693E9F7D793EB
:10BC500048E7D89349E7D9934AE7DA934BE7DB9370
:10BC60004CE7DC934DE7DD934EE7DE934FE7DF9340
:10BC700050E7E09351E7E19352E7E29353E7E39310
:10BC800054E7E49355E7E59356E7E69357E7E793E0
:10BC900058E7E89359E7E9935AE7EA935BE7EB93B0
:10BCA0005CE7EC935DE7ED935EE7EE935FE7EF9380
:10BCB00060E7F09361E7F19362E7F29363E7F39350
:10BCC00064E7F49365E7F59366E7F69367E7F79320
:10BCD00068E7F89369E7F9936AE7FA936BE7FB93F0
:10BCE0006CE7FC936DE7FD936EE7FE936FE7FF93C0
:10BCF00070E7009471E7019472E7029473E703948C
:10BD000074E7049475E7059476E7069477E707945B
:10BD100078E7089479E709947AE70A947BE70B942B
:10BD20007CE70C947DE70D947EE70E9480E70F94FA
:10BD300081E7109482E7119483E7129484E71394C7
:10BD400085E7149486E7159487E7169488E7179497
:10BD500089E718948AE719948BE71A948CE71B9467
:10BD60008DE71C948EE71D948FE71E9490E71F9437
:10BD700091E7209492E7219493E7229494E7239407
:10BD800095E7249496E7259497E7269498E72794D7
:10BD900099E728949AE729949BE72A949CE72B94A7
:10BDA0009DE72C949EE72D949FE72E94A0E72F9477
:10BDB00040E8309441E8319442E8329443E83394C7
:10BDC00044E8349445E8359446E8369447E8379497
:10BDD00048E8389449E839944AE83A944BE83B9467
:10BDE0004CE83C944DE83D944EE83E94CDF63F94AB
:10BDF0004FE8409450E8419451E8429452E843940B
:10BE000053E8449454E8459455E8469456E84794DA
:10BE100057E8489458E8499459E84A945AE84B94AA
:10BE20005BE84C945CE84D945DE84E945EE84F947A
:10BE30005FE8509460E8519461E8529462E853944A
:10BE400063E8549464E8559465E8569466E857941A
:10BE500067E8589468E8599469E85A946AE85B94EA
:10BE60006BE85C946CE85D946DE85E946EE85F94BA
:10BE70006FE8609470E8619471E8629472E863948A
:10BE800073E8649474E8659475E8669476E867945A
:10BE900077E8689478E8699479E86A947AE86B942A
:10BEA000CEF66C947BE86D947CE86E947DE86F949C
:10BEB0007EE8709480E8719481E8729482E87394CB
:10BEC00083E8749484E8759485E8769486E877949A
:10BED00087E8789488E8799489E87A948AE87B946A
:10BEE0008BE87C948CE87D948DE87E948EE87F943A
:10BEF0008FE8809490E8819491E8829492E883940A
:10BF000093E8849494E88594C4EE8694C5EE87946F
:10BF1000C6EE8894EBD58994A4B68A94C8EE8B9427
:10BF2000C7EE8C94C9EE8D94CAEE8E94A5C78F94FB
:10BF3000CBEE9094CCEE919495E89294B0B7939414
:10BF4000F6B59494CDEE9594CFEE969496E89794AA
:10BF5000CEEE989497E89994C6B89A94D0EE9B94B4
:10BF6000D1EE9C94D2EE9D94DBB69E94AEB39F949A
:10BF7000D3D6A094C6C4A194B5B1A294D6B8A394C4
:10BF8000D3EEA494D4EEA594BFD4A694D5C7A79419
:10BF9000FBBEA894D9CEA994B3B9AA94D6EEAB941B
:10BFA000D5EEAC94D8EEAD94D7EEAE94A5C5AF94D3
:10BFB000D9EEB094DAEEB194AEC7B294DBEEB3949E
:10BFC000AFC7B494DCEEB594A7B2B694DDEEB794E7
:10BFD000DEEEB894DFEEB994E0EEBA94E1EEBB94F5
:10BFE000EAD7BC94E2EEBD94E3EEBE94D8BCBF9415
:10BFF000E4EEC094CBD3C194FACCC294ACB2C39457
:10C00000E5C1C494E5EEC594A6C7C694ADC3C79474
:10C0100098E8C894E6EEC994E7EECA94E8EECB94AB
:10C02000E9EECC94EAEECD94EBEECE94ECEECF9428
:10C0300099E8D094EDEED194EEEED294EFEED39455
:10C040009AE8D4949BE8D594F0EED694F1EED79488
:10C05000F2EED894F4EED994F3EEDA949CE8DB9403
:10C06000F5EEDC94ADCDDD94C1C2DE94F6EEDF9446
:10C07000F7EEE094F8EEE194A1D5E294F9EEE394C2
:10C08000B3CFE494FAEEE594FBEEE6949DE8E794F2
:10C09000FCEEE894FDEEE994A1EFEA94FEEEEB9459
:10C0A000A2EFEC94F5B8ED94FAC3EE94A3EFEF94FD
:10C0B000A4EFF094C2BDF194BFD2F294F9B2F3941C
:10C0C000A5EFF494A6EFF594A7EFF694F8D2F794C1
:10C0D000A8EFF894FDD6F994A9EFFA94CCC6FB9496
:10C0E0009EE8FC94AAEFFD94ABEFFE94B4C1FF94DC
:10C0F000ACEF0095FACF0195F8CB0295AEEF039522
:10C10000ADEF0495FAB30595F8B90695AFEF07952D
:10C11000B0EF0895E2D00995B1EF0A95B2EF0B9513
:10C12000E6B70C95BFD00D95B3EF0E95B4EF0F9514
:10C13000B5EF1095F1C81195E0CC1295B6EF1395B7
:10C14000B7EF1495B8EF1595B9EF1695BAEF1795A7
:10C15000E0D51895BBEF1995EDB41A95AAC31B95B8
:10C16000BCEF1C959FE81D95BDEF1E95BEEF1F957A
:10C17000BFEF2095A0E82195FDCE2295C0EF239535
:10C18000E0C22495B8B42595B6D72695F5BD279578
:10C1900040E92895C7CF2995C3EF2A95C1EF2B9584
:10C1A000C2EF2C95C4EF2D95A7B62E95FCBC2F950C
:10C1B000E2BE3095CCC33195C5EF3295C6EF3395CD
:10C1C00041E93495C7EF3595CFEF3695C8EF3795F0
:10C1D000C9EF3895CAEF3995C2C73A95F1EF3B954B
:10C1E000CDB63C95CBEF3D9542E93E95CCEF3F95E2
:10C1F000CDEF4095C6B64195BEC34295CEEF43956F
:10C2000043E94495D0EF4595D1EF4695D2EF479558
:10C21000F2D5489544E94995D3EF4A95F7C44B9533
:10C2200045E94C95D4EF4D95F8C44E95D5EF4F9513
:10C23000D6EF5095E4B85195F7B05295D7EF539596
:10C24000D8EF5495D9EF559546E95695DAEF5795BD
:10C25000DBEF5895DCEF5995DDEF5A9547E95B9593
:10C26000DEEF5C95B5BE5D95E1EF5E95DFEF5F9526
:10C27000E0EF609548E96195E2EF6295E3EF639541
:10C28000CDC16495E4EF6595E5EF6695E6EF6795BA
:10C29000E7EF6895E8EF6995E9EF6A95EAEF6B9546
:10C2A000EBEF6C95ECEF6D95D8C06E9549E96F9505
:10C2B000EDEF7095ADC17195EEEF7295EFEF73955F
:10C2C000F0EF74954AE975954BE97695E2CF77954D
:10C2D0004CE978954DE979954EE97A954FE97B954A
:10C2E00050E97C9551E97D9552E97E9553E97F951A
:10C2F000A4B3809554E9819555E9829556E98395D3
:10C3000057E9849558E9859559E986955AE98795BD
:10C310005BE988955CE989955DE98A955EE98B958D
:10C320005FE98C9560E98D9561E98E9562E98F955D
:10C3300063E9909564E9919565E9929566E993952D
:10C3400067E9949568E9959569E996956AE99795FD
:10C350006BE998956CE999956DE99A956EE99B95CD
:10C360006FE99C9570E99D9571E99E9572E99F959D
:10C3700073E9A09574E9A19575E9A29576E9A3956D
:10C3800077E9A49578E9A59579E9A6957AE9A7953D
:10C390007BE9A8957CE9A9957DE9AA957EE9AB950D
:10C3A00080E9AC9581E9AD9582E9AE9583E9AF95D9
:10C3B00084E9B09585E9B19586E9B29587E9B395A9
:10C3C00088E9B49589E9B5958AE9B6958BE9B79579
:10C3D0008CE9B8958DE9B9958EE9BA958FE9BB9549
:10C3E00090E9BC9591E9BD9592E9BE9593E9BF9519
:10C3F00094E9C09595E9C19596E9C29597E9C395E9
:10C4000098E9C49599E9C5959AE9C6959BE9C795B8
:10C410009CE9C8959DE9C9959EE9CA959FE9CB9588
:10C42000A0E9CC9540EACD9541EACE9542EACF9578
:10C4300043EAD09544EAD19545EAD29546EAD395A8
:10C4400047EAD49548EAD59549EAD6954AEAD79578
:10C450004BEAD8954CEAD9954DEADA954EEADB9548
:10C460004FEADC9550EADD9551EADE9552EADF9518
:10C4700053EAE09554EAE19555EAE29556EAE395E8
:10C4800057EAE49558EAE59559EAE6955AEAE795B8
:10C490005BEAE895C5C3E995C5E3EA95C1C9EB95A3
:10C4A000C6E3EC955CEAED95D5B1EE95CACEEF9575
:10C4B000B3B4F095F2C8F195C7E3F295D0CFF395F8
:10C4C000C8E3F495E4BCF595C9E3F695CAE3F7959E
:10C4D000C6C3F895A2D5F995D6C4FA95EBB9FB95E4
:10C4E000C5CEFC95CBE3FD95F6C3FE95CCE3FF9559
:10C4F0005DEA0096A7B70196F3B80296D2BA039602
:10C50000CDE30496CEE30596C4D40696CFE3079612
:10C510005EEA0896D0E30996CBD10A96D1E30B9652
:10C52000D2E30C96D3E30D96D4E30E96D6D10F96B4
:10C53000D5E31096FBB21196BBC01296D6E31396C4
:10C540005FEA1496ABC01596D7E31696D8E3179614
:10C55000D9E3189660EA1996DAE31A96DBE31B969C
:10C5600061EA1C96B7B81D96E2DA1E9662EA1F963B
:10C57000D3B6209663EA2196E4DA2296E3DA23968C
:10C5800064EA249665EA259666EA269667EA27967F
:10C5900068EA289669EA29966AEA2A96E6DA2B96E4
:10C5A0006BEA2C966CEA2D966DEA2E96EEC82F96C5
:10C5B0006EEA30966FEA3196E5DA3296C0B7339676
:10C5C000F4D13496F5D23596F3D53696D7BD379655
:10C5D00070EA389671EA399672EA3A9673EA3B96AF
:10C5E000E8D73C96E8DA3D96E7DA3E9674EA3F965D
:10C5F000A2B04096D3CD419675EA4296E9DA4396C9
:10C6000076EA4496BDB84596CABC4696BDC24796E2
:10C61000A4C24896C2B34996EADA4A9677EA4B969C
:10C62000AAC24C96B0C44D96B5BD4E9678EA4F96C8
:10C6300079EA5096DECF51967AEA52967BEA539683
:10C640007CEA5496EBDA5596C2C956967DEA57961F
:10C650007EEA589680EA599681EA5A9682EA5B9673
:10C66000DDB15C9683EA5D9684EA5E9685EA5F9624
:10C67000ECDA609686EA6196B8B66296BAD46396AA
:10C6800087EA6496FDB3659688EA669689EA6796B6
:10C69000EDDA6896C9D46996D5CF6A96E3C56B96EC
:10C6A0008AEA6C96EEDA6D968BEA6E968CEA6F9655
:10C6B0008DEA70968EEA71968FEA7296EFDA73962B
:10C6C00090EA7496F0DA7596EAC17696D5CC7796AC
:10C6D000DDCF789691EA799692EA7A9693EA7B96FC
:10C6E00094EA7C9695EA7D9696EA7E9697EA7F96FE
:10C6F00098EA809699EA81969AEA82969BEA8396CE
:10C700009CEA84969DEA8596E7D38696A1C2879691
:10C710009EEA8896F1DA89969FEA8A96A0EA8B9635
:10C72000E5CB8C9640EB8D96F2DA8E9641EB8F96A8
:10C73000E6CB9096FED2919642EB929643EB93967F
:10C7400044EB9496F4B8959645EB969646EB9796FF
:10C75000F3DA9896AFB09996B6CF9A9647EB9B9638
:10C7600048EB9C96CFD59D9649EB9E964AEB9F96BB
:10C770004BEBA0964CEBA1964DEBA2964EEBA396FD
:10C780004FEBA49650EBA59651EBA69652EBA796CD
:10C79000EDCBA89653EBA99654EBAA9655EBAB9626
:10C7A00056EBAC9657EBAD9658EBAE9659EBAF9671
:10C7B0005AEBB096F4DAB1965BEBB2965CEBB396BB
:10C7C000C4E3B4965DEBB5965EEBB696A5C1B7969D
:10C7D0005FEBB89660EBB996BFF6BA9661EBBB9685
:10C7E00062EBBC96C0F6BD96C1F6BE96D1C4BF96AC
:10C7F00063EBC096B8C8C196E3D1C29664EBC3960A
:10C8000065EBC496DBD0C596C5D1C696AFBCC796BE
:10C81000CDB9C89666EBC996F4EFCA9667EBCB968E
:10C8200068EBCC96C6B4CD96BAD3CE96C2F6CF9668
:10C83000FBB3D09669EBD1966AEBD296C3F6D3964A
:10C840006BEBD4966CEBD596F1B5D6966DEBD7968F
:10C850006EEBD8966FEBD99670EBDA9671EBDB96B0
:10C8600072EBDC9673EBDD9674EBDE9675EBDF9680
:10C8700076EBE096C5F6E19677EBE29678EBE396F9
:10C8800079EBE4967AEBE5967BEBE6967CEBE79624
:10C890007DEBE896EAD3E996A7F6EA96A9D1EB965E
:10C8A0007EEBEC9680EBED9681EBEE9682EBEF96CD
:10C8B000A9F6F09683EBF19684EBF29685EBF3966E
:10C8C000A8F6F49686EBF59687EBF696E3C1F79615
:10C8D000D7C0F89688EBF996A2B1FA9689EBFB9649
:10C8E0008AEBFC968BEBFD968CEBFE96EDCEFF96DD
:10C8F0008DEB0097E8D00197ABF602978EEB03978C
:10C900008FEB0497F6CF059790EB0697AAF607975B
:10C91000F0D50897ACF60997B9C30A9791EB0B9736
:10C9200092EB0C9793EB0D97F4BB0E97AEF60F9727
:10C93000ADF6109794EB119795EB129796EB139732
:10C94000DEC4149797EB159798EB1697D8C11797F5
:10C9500099EB18979AEB19979BEB1A979CEB1B97FF
:10C960009DEB1C97AACB1D979EEB1E97BCCF1F97E4
:10C970009FEB2097A0EB219740EC229741EC239767
:10C9800042EC249743EC259744EC269745EC2797F7
:10C9900046EC289747EC299748EC2A97AFF62B9757
:10C9A00049EC2C974AEC2D97B0F62E974BEC2F972D
:10C9B0004CEC3097B1F631974DEC3297B6C23397C5
:10C9C0004EEC34974FEC359750EC369751EC379747
:10C9D00052EC3897D4B03997F9C53A9753EC3B9756
:10C9E00054EC3C9755EC3D9756EC3E97B2F63F978A
:10C9F00057EC409758EC419759EC42975AEC4397C3
:10CA00005BEC44975CEC45975DEC46975EEC479792
:10CA10005FEC489760EC499761EC4A9762EC4B9762
:10CA200063EC4C9764EC4D9765EC4E9766EC4F9732
:10CA300067EC509768EC519769EC5297E0C75397B1
:10CA4000A6F654976AEC55976BEC5697B8BE579775
:10CA50006CEC58976DEC5997B2BE5A976EEC5B9799
:10CA6000E5B55C976FEC5D9770EC5E97C7B75F9725
:10CA700071EC6097BFBF6197D2C36297E6C36397BB
:10CA800072EC649773EC6597CCD8669774EC6797F3
:10CA900075EC689776EC6997EFB86A9777EC6B97C7
:10CAA00078EC6C9779EC6D977AEC6E977BEC6F97DE
:10CAB0007CEC70977DEC71977EEC729780EC7397AD
:10CAC000F9BD7497A5D1759781EC7697D0B077971B
:10CAD00082EC789783EC799784EC7A9785EC7B9756
:10CAE00086EC7C97B0F77D9787EC7E9788EC7F97F4
:10CAF00089EC80978AEC81978BEC82978CEC8397FA
:10CB00008DEC84978EEC8597B1F786978FEC87979D
:10CB100090EC889791EC899792EC8A9793EC8B979D
:10CB2000ACD08C9794EC8D97B0B08E9795EC8F9796
:10CB300096EC909797EC9197B2F79297B3F79397FB
:10CB400098EC9497B4F7959799EC96979AEC9797F9
:10CB50009BEC9897CAC799979CEC9A979DEC9B97EA
:10CB60009EEC9C979FEC9D97A0EC9E9740ED9F9725
:10CB700041EDA097CFBEA19742EDA29743EDA397B9
:10CB8000B7F7A49744EDA59745EDA69746EDA7976F
:10CB900047EDA89748EDA99749EDAA974AEDAB97BD
:10CBA000B6F7AC974BEDAD97DEB1AE974CEDAF97C6
:10CBB000B5F7B0974DEDB1974EEDB297B8F7B39783
:10CBC0004FEDB497B9F7B59750EDB69751EDB797CC
:10CBD00052EDB89753EDB99754EDBA9755EDBB9711
:10CBE00056EDBC9757EDBD9758EDBE9759EDBF97E1
:10CBF0005AEDC0975BEDC1975CEDC2975DEDC397B1
:10CC00005EEDC4975FEDC59760EDC69761EDC79780
:10CC100062EDC89763EDC99764EDCA9765EDCB9750
:10CC200066EDCC9767EDCD9768EDCE9769EDCF9720
:10CC30006AEDD0976BEDD1976CEDD2976DEDD397F0
:10CC40006EEDD4976FEDD59770EDD69771EDD797C0
:10CC500072EDD89773EDD99774EDDA9775EDDB9790
:10CC600076EDDC9777EDDD9778EDDE9779EDDF9760
:10CC70007AEDE0977BEDE1977CEDE2977DEDE39730
:10CC80007EEDE49780EDE59781EDE697A4CEE797FA
:10CC9000CDC8E89782EDE997ABBAEA97B8E8EB9789
:10CCA000B9E8EC97BAE8ED97C2BEEE9783EDEF973F
:10CCB00084EDF09785EDF19786EDF29787EDF39788
:10CCC000F4D2F49788EDF597CFD4F697D8C9F797B3
:10CCD00089EDF8978AEDF9978BEDFA978CEDFB9734
:10CCE0008DEDFC978EEDFD978FEDFE9790EDFF9704
:10CCF00091ED009892ED019893ED029894ED0398D0
:10CD000095ED049896ED059897ED069898ED07989F
:10CD100099ED08989AED09989BED0A989CED0B986F
:10CD20009DED0C989EED0D989FED0E98A0ED0F983F
:10CD300040EE109841EE119842EE129843EE13988F
:10CD400044EE149845EE159846EE169847EE17985F
:10CD500048EE189849EE19984AEE1A984BEE1B982F
:10CD60004CEE1C984DEE1D984EEE1E984FEE1F98FF
:10CD700050EE209851EE219852EE229853EE2398CF
:10CD800054EE249855EE259856EE269857EE27989F
:10CD900058EE289859EE29985AEE2A985BEE2B986F
:10CDA0005CEE2C985DEE2D985EEE2E985FEE2F983F
:10CDB00060EE309861EE319862EE329863EE33980F
:10CDC00064EE349865EE359866EE369867EE3798DF
:10CDD00068EE389869EE39986AEE3A986BEE3B98AF
:10CDE0006CEE3C986DEE3D986EEE3E986FEE3F987F
:10CDF00070EE409871EE419872EE429873EE43984F
:10CE000074EE449875EE459876EE469877EE47981E
:10CE100078EE489879EE49987AEE4A987BEE4B98EE
:10CE20007CEE4C987DEE4D987EEE4E9880EE4F98BD
:10CE300081EE509882EE519883EE529884EE53988A
:10CE400085EE549886EE559887EE569888EE57985A
:10CE500089EE58988AEE59988BEE5A988CEE5B982A
:10CE60008DEE5C988EEE5D988FEE5E9890EE5F98FA
:10CE700091EE609892EE619893EE629894EE6398CA
:10CE800095EE649896EE659897EE669898EE67989A
:10CE900099EE68989AEE69989BEE6A989CEE6B986A
:10CEA0009DEE6C989EEE6D989FEE6E98A0EE6F983A
:10CEB00040EF709841EF719842EF729843EF73988A
:10CEC00044EF749845EF7598B3D27698A5B67798E5
:10CED000EAC77898FCF17998EECF7A98B3CB7B9833
:10CEE000EBD07C98EFE77D98E7CD7E98CBB97F9823
:10CEF000D9B68098FDF18198E4B08298CCCB839824
:10CF0000FEF18498A4D48598ADC28698ECC1879828
:10CF1000C4C68898B1BE8998A1F28A98D5BC8B986E
:10CF200046EF8C98A2F28D98A3F28E9847EF8F98D7
:10CF3000A4F29098C3D29198B5C6929848EF93986E
:10CF4000C7CD9498A5F2959849EF9698B1D3979844
:10CF5000C5BF9898E2CC99984AEF9A98A6F29B9808
:10CF6000A7F29C98D5D19D98EEB69E98A8F29F986E
:10CF7000A9F2A098DFB5A198AAF2A298ABF2A39863
:10CF80004BEFA498FCB2A598ACF2A698ADF2A79886
:10CF9000A7C8A8984CEFA9984DEFAA984EEFAB9868
:10CFA0004FEFAC9850EFAD9851EFAE9852EFAF986D
:10CFB00053EFB09854EFB19855EFB29856EFB3983D
:10CFC00057EFB49858EFB59859EFB6985AEFB7980D
:10CFD0005BEFB8985CEFB9985DEFBA985EEFBB98DD
:10CFE0005FEFBC9860EFBD9861EFBE9862EFBF98AD
:10CFF00063EFC09864EFC19865EFC29866EFC3987D
:10D0000067EFC49868EFC59869EFC6986AEFC7984C
:10D010006BEFC8986CEFC9986DEFCA986EEFCB981C
:10D020006FEFCC9870EFCD9871EFCE98E7B7CF98AF
:10D0300072EFD09873EFD198A9ECD298AAECD3985C
:10D04000ABECD49874EFD598ACECD69875EFD79834
:10D0500076EFD898AEC6D998ADECDA98AEECDB98FE
:10D0600077EFDC9878EFDD9879EFDE98C9B7DF9835
:10D07000B3CAE0987AEFE1987BEFE2987CEFE3980F
:10D080007DEFE4987EEFE59880EFE69881EFE798F2
:10D09000B8E2E898CFF7E99882EFEA9883EFEB9847
:10D0A00084EFEC9885EFED9886EFEE9887EFEF9898
:10D0B00088EFF09889EFF1988AEFF2988BEFF39868
:10D0C0008CEFF4988DEFF5988EEFF6988FEFF79838
:10D0D00090EFF89891EFF99892EFFA9893EFFB9808
:10D0E00094EFFC9895EFFD9896EFFE9897EFFF98D8
:10D0F00098EF009999EF01999AEF02999BEF0399A4
:10D100009CEF04999DEF05999EEF06999FEF079973
:10D11000A0EF089940F0099941F00A9942F00B9963
:10D1200043F00C9944F00D99D0F70E9945F00F9902
:10D1300046F01099CDB2119947F0129948F0139921
:10D1400049F014994AF015994BF016994CF017993B
:10D150004DF018994EF019994FF01A9950F01B990B
:10D1600051F01C9952F01D9953F01E9954F01F99DB
:10D1700055F0209956F0219957F0229958F02399AB
:10D1800059F024995AF025995BF026995CF027997B
:10D190005DF028995EF029995FF02A9960F02B994B
:10D1A00061F02C9962F02D9963F02E99D1F72F99A7
:10D1B00064F0309965F0319966F0329967F03399EF
:10D1C00068F0349969F035996AF036996BF03799BF
:10D1D0006CF038996DF039996EF03A996FF03B998F
:10D1E00070F03C9971F03D9972F03E9973F03F995F
:10D1F00074F0409975F0419976F0429977F043992F
:10D2000078F0449979F045997AF046997BF04799FE
:10D210007CF048997DF049997EF04A9980F04B99CD
:10D2200081F04C9982F04D9983F04E9984F04F999A
:10D2300085F0509986F0519987F0529988F053996A
:10D2400089F05499D3F75599D2F756998AF057999E
:10D250008BF058998CF059998DF05A998EF05B9912
:10D260008FF05C9990F05D9991F05E9992F05F99E2
:10D2700093F0609994F0619995F0629996F06399B2
:10D28000BBE2649997F06599A2BC669998F067999A
:10D29000BCE26899BDE26999BEE26A99BFE26B9906
:10D2A000C0E26C99C1E26D99B9B76E99FBD26F99E2
:10D2B000A4BD7099CECA7199A5B17299C7CB739963
:10D2C00099F07499C2E27599FCB67699C4C87799B9
:10D2D000C3E278999AF079999BF07A99C8BD7B99C5
:10D2E0009CF07C99FDB17D99C4E27E999DF07F9977
:10D2F000F6B68099C5E28199D9C482999EF0839946
:10D300009FF08499C6E28599DACF8699DDB987992D
:10D31000C7E28899A1C08999A0F08A99C8E28B993F
:10D32000F6B28C9940F18D99C9E28E9941F18F99AD
:10D33000F3C19099CAE29199CBE29299F8C293997C
:10D34000CCE29499CDE29599CEE29699D7CA979975
:10D35000B8D89899E5D99999E3CF9A9942F19B99D0
:10D3600043F19C9944F19D9945F19E9946F19F990D
:10D3700047F1A09948F1A19949F1A2994AF1A399DD
:10D380004BF1A4994CF1A599A5F0A6994DF1A79957
:10D390004EF1A899B0DCA9994FF1AA9950F1AB9937
:10D3A00051F1AC9952F1AD9953F1AE9954F1AF9955
:10D3B00055F1B09956F1B19957F1B29958F1B39925
:10D3C00059F1B4995AF1B5995BF1B6995CF1B799F5
:10D3D0005DF1B8995EF1B9995FF1BA9960F1BB99C5
:10D3E00061F1BC9962F1BD9963F1BE9964F1BF9995
:10D3F00065F1C09966F1C19967F1C29968F1C39965
:10D4000069F1C4996AF1C5996BF1C6996CF1C79934
:10D410006DF1C8996EF1C9996FF1CA9970F1CB9904
:10D4200071F1CC9972F1CD9973F1CE9974F1CF99D4
:10D4300075F1D09976F1D19977F1D29978F1D399A4
:10D4400079F1D4997AF1D5997BF1D6997CF1D79974
:10D450007DF1D8997EF1D99980F1DA9981F1DB9942
:10D4600082F1DC9983F1DD9984F1DE9985F1DF9910
:10D4700086F1E09987F1E19988F1E29989F1E399E0
:10D480008AF1E4998BF1E5998CF1E6998DF1E799B0
:10D490008EF1E8998FF1E99990F1EA9991F1EB9980
:10D4A00092F1EC9993F1ED9994F1EE9995F1EF9950
:10D4B00096F1F09997F1F19998F1F29999F1F39920
:10D4C0009AF1F4999BF1F5999CF1F6999DF1F799F0
:10D4D0009EF1F8999FF1F999A0F1FA9940F2FB9920
:10D4E00041F2FC9942F2FD9943F2FE9944F2FF9910
:10D4F00045F2009A46F2019A47F2029A48F2039ADC
:10D5000049F2049A4AF2059A4BF2069A4CF2079AAB
:10D510004DF2089A4EF2099A4FF20A9A50F20B9A7B
:10D5200051F20C9A52F20D9A53F20E9A54F20F9A4B
:10D5300055F2109A56F2119A57F2129A58F2139A1B
:10D5400059F2149A5AF2159A5BF2169A5CF2179AEB
:10D550005DF2189A5EF2199A5FF21A9A60F21B9ABB
:10D5600061F21C9A62F21D9A63F21E9A64F21F9A8B
:10D5700065F2209A66F2219A67F2229A68F2239A5B
:10D5800069F2249A6AF2259A6BF2269A6CF2279A2B
:10D590006DF2289A6EF2299A6FF22A9A70F22B9AFB
:10D5A00071F22C9A72F22D9A73F22E9A74F22F9ACB
:10D5B00075F2309A76F2319A77F2329A78F2339A9B
:10D5C00079F2349A7AF2359A7BF2369A7CF2379A6B
:10D5D0007DF2389A7EF2399A80F23A9A81F23B9A39
:10D5E00082F23C9A83F23D9A84F23E9A85F23F9A07
:10D5F00086F2409A87F2419A88F2429A89F2439AD7
:10D600008AF2449A8BF2459A8CF2469A8DF2479AA6
:10D610008EF2489A8FF2499A90F24A9A91F24B9A76
:10D6200092F24C9A93F24D9A94F24E9A95F24F9A46
:10D6300096F2509A97F2519A98F2529A99F2539A16
:10D640009AF2549A9BF2559A9CF2569A9DF2579AE6
:10D650009EF2589A9FF2599AA0F25A9A40F35B9A16
:10D6600041F35C9A42F35D9A43F35E9A44F35F9A06
:10D6700045F3609A46F3619A47F3629A48F3639AD6
:10D6800049F3649A4AF3659A4BF3669A4CF3679AA6
:10D690004DF3689A4EF3699A4FF36A9A50F36B9A76
:10D6A00051F36C9AEDC26D9AA6D46E9AD4CD6F9A4E
:10D6B000B1D1709ADBB3719AFDC7729A52F3739A23
:10D6C000B5B2749ABFC2759AE0E6769ABBCA779AE9
:10D6D000E1E6789AE2E6799AD4BE7A9AE3E67B9A12
:10D6E000A4D77C9AD5CD7D9AE5E67E9ADDBC7F9A5B
:10D6F000E4E6809AE6E6819AE7E6829AEEC2839AA9
:10D7000053F3849ABEBD859AE8E6869AE6C2879A64
:10D71000A7BA889AE9E6899A54F38A9AEAE68B9A34
:10D72000D2B38C9AE9D18D9A55F38E9A56F38F9A8B
:10D73000A5BF909AEBE6919AEFC6929AECE6939A7F
:10D74000EDE6949A57F3959A58F3969AEEE6979ADF
:10D75000ADC6989AEFE6999A59F39A9AA7C99B9AF7
:10D76000F0E69C9AF1E69D9AF2E69E9AB9E59F9AB8
:10D77000F3E6A09AF4E6A19AE2C2A29AF5E6A39A89
:10D78000F6E6A49AE8D6A59AF7E6A69A5AF3A79AD7
:10D79000F8E6A89AC7B9A99A5BF3AA9A5CF3AB9A80
:10D7A0005DF3AC9A5EF3AD9A5FF3AE9A60F3AF9A15
:10D7B00061F3B09ABBF7B19ABAF7B29A62F3B39A2F
:10D7C00063F3B49A64F3B59A65F3B69ABEF7B79A61
:10D7D000BCF7B89AA1BAB99A66F3BA9ABFF7BB9ADE
:10D7E00067F3BC9AC0F7BD9A68F3BE9A69F3BF9A13
:10D7F0006AF3C09AC2F7C19AC1F7C29AC4F7C39A32
:10D800006BF3C49A6CF3C59AC3F7C69A6DF3C79AC3
:10D810006EF3C89A6FF3C99A70F3CA9A71F3CB9AF0
:10D82000C5F7CC9AC6F7CD9A72F3CE9A73F3CF9A16
:10D8300074F3D09A75F3D19AC7F7D29A76F3D39A44
:10D84000E8CBD49A77F3D59A78F3D69A79F3D79A26
:10D850007AF3D89ADFB8D99A7BF3DA9A7CF3DB9A19
:10D860007DF3DC9A7EF3DD9A80F3DE9A81F3DF9A12
:10D87000D4F7E09A82F3E19AD5F7E29A83F3E39A38
:10D8800084F3E49A85F3E59A86F3E69AD6F7E79A65
:10D8900087F3E89A88F3E99A89F3EA9A8AF3EB9A8C
:10D8A000D8F7EC9A8BF3ED9ADAF7EE9A8CF3EF9ABD
:10D8B000D7F7F09A8DF3F19A8EF3F29A8FF3F39AE9
:10D8C00090F3F49A91F3F59A92F3F69A93F3F79A08
:10D8D00094F3F89A95F3F99ADBF7FA9A96F3FB9A90
:10D8E000D9F7FC9A97F3FD9A98F3FE9A99F3FF9A69
:10D8F0009AF3009B9BF3019B9CF3029B9DF3039B7C
:10D90000D7D7049B9EF3059B9FF3069BA0F3079B31
:10D9100040F4089BDCF7099B41F40A9B42F40B9B03
:10D9200043F40C9B44F40D9B45F40E9B46F40F9B73
:10D93000DDF7109B47F4119B48F4129B49F4139BAD
:10D94000DEF7149B4AF4159B4BF4169B4CF4179B83
:10D950004DF4189B4EF4199B4FF41A9B50F41B9BEB
:10D9600051F41C9B52F41D9B53F41E9B54F41F9BBB
:10D97000DFF7209B55F4219B56F4229B57F4239B01
:10D98000E0F7249B58F4259B59F4269B5AF4279BD7
:10D990005BF4289B5CF4299B5DF42A9B5EF42B9B33
:10D9A0005FF42C9B60F42D9B61F42E9B62F42F9B03
:10D9B000CBDB309B63F4319B64F4329BAAD8339B5E
:10D9C00065F4349B66F4359B67F4369B68F4379BAB
:10D9D00069F4389B6AF4399B6BF43A9B6CF43B9B7B
:10D9E000F7E53C9BEDB93D9B6DF43E9B6EF43F9B90
:10D9F0006FF4409B70F4419BFDBF429BEABB439B8D
:10DA0000C9F7449BC7C6459BC8F7469B71F4479B23
:10DA1000CAF7489BCCF7499BCBF74A9B72F44B9BC8
:10DA200073F44C9B74F44D9BCDF74E9B75F44F9B58
:10DA3000BACE509B76F4519BCEF7529B77F4539B12
:10DA400078F4549BA7C4559B79F4569B7AF4579B62
:10DA50007BF4589B7CF4599B7DF45A9B7EF45B9B32
:10DA600080F45C9B81F45D9B82F45E9B83F45F9BFE
:10DA700084F4609B85F4619B86F4629B87F4639BCE
:10DA800088F4649B89F4659B8AF4669B8BF4679B9E
:10DA90008CF4689B8DF4699B8EF46A9B8FF46B9B6E
:10DAA00090F46C9B91F46D9B92F46E9B93F46F9B3E
:10DAB00094F4709B95F4719B96F4729B97F4739B0E
:10DAC00098F4749B99F4759B9AF4769B9BF4779BDE
:10DAD0009CF4789B9DF4799B9EF47A9B9FF47B9BAE
:10DAE000A0F47C9B40F57D9B41F57E9B42F57F9B9E
:10DAF00043F5809B44F5819B45F5829B46F5839BCE
:10DB000047F5849B48F5859B49F5869B4AF5879B9D
:10DB10004BF5889B4CF5899B4DF58A9B4EF58B9B6D
:10DB20004FF58C9B50F58D9B51F58E9B52F58F9B3D
:10DB300053F5909B54F5919B55F5929B56F5939B0D
:10DB400057F5949B58F5959B59F5969B5AF5979BDD
:10DB50005BF5989B5CF5999B5DF59A9B5EF59B9BAD
:10DB60005FF59C9B60F59D9B61F59E9B62F59F9B7D
:10DB700063F5A09B64F5A19B65F5A29B66F5A39B4D
:10DB800067F5A49B68F5A59B69F5A69B6AF5A79B1D
:10DB90006BF5A89B6CF5A99B6DF5AA9B6EF5AB9BED
:10DBA0006FF5AC9B70F5AD9B71F5AE9B72F5AF9BBD
:10DBB00073F5B09B74F5B19B75F5B29B76F5B39B8D
:10DBC00077F5B49B78F5B59B79F5B69B7AF5B79B5D
:10DBD0007BF5B89B7CF5B99B7DF5BA9B7EF5BB9B2D
:10DBE00080F5BC9B81F5BD9B82F5BE9B83F5BF9BF9
:10DBF00084F5C09B85F5C19B86F5C29B87F5C39BC9
:10DC000088F5C49B89F5C59B8AF5C69B8BF5C79B98
:10DC10008CF5C89B8DF5C99B8EF5CA9B8FF5CB9B68
:10DC200090F5CC9B91F5CD9B92F5CE9B93F5CF9B38
:10DC300094F5D09B95F5D19B96F5D29B97F5D39B08
:10DC400098F5D49B99F5D59B9AF5D69B9BF5D79BD8
:10DC50009CF5D89B9DF5D99B9EF5DA9B9FF5DB9BA8
:10DC6000A0F5DC9B40F6DD9B41F6DE9B42F6DF9B98
:10DC700043F6E09B44F6E19B45F6E29B46F6E39BC8
:10DC800047F6E49B48F6E59B49F6E69B4AF6E79B98
:10DC90004BF6E89B4CF6E99B4DF6EA9B4EF6EB9B68
:10DCA0004FF6EC9B50F6ED9B51F6EE9B52F6EF9B38
:10DCB00053F6F09B54F6F19B55F6F29B56F6F39B08
:10DCC00057F6F49B58F6F59B59F6F69B5AF6F79BD8
:10DCD0005BF6F89B5CF6F99B5DF6FA9B5EF6FB9BA8
:10DCE0005FF6FC9B60F6FD9B61F6FE9B62F6FF9B78
:10DCF00063F6009C64F6019C65F6029C66F6039C44
:10DD000067F6049C68F6059C69F6069C6AF6079C13
:10DD10006BF6089C6CF6099C6DF60A9C6EF60B9CE3
:10DD20006FF60C9C70F60D9C71F60E9C72F60F9CB3
:10DD300073F6109C74F6119C75F6129C76F6139C83
:10DD400077F6149C78F6159C79F6169C7AF6179C53
:10DD50007BF6189C7CF6199C7DF61A9C7EF61B9C23
:10DD600080F61C9C81F61D9C82F61E9C83F61F9CEF
:10DD700084F6209C85F6219C86F6229C87F6239CBF
:10DD800088F6249C89F6259C8AF6269C8BF6279C8F
:10DD90008CF6289C8DF6299C8EF62A9C8FF62B9C5F
:10DDA00090F62C9C91F62D9C92F62E9C93F62F9C2F
:10DDB00094F6309C95F6319C96F6329C97F6339CFF
:10DDC00098F6349C99F6359C9AF6369C9BF6379CCF
:10DDD0009CF6389C9DF6399C9EF63A9C9FF63B9C9F
:10DDE000A0F63C9C40F73D9C41F73E9C42F73F9C8F
:10DDF00043F7409C44F7419C45F7429C46F7439CBF
:10DE000047F7449C48F7459C49F7469C4AF7479C8E
:10DE10004BF7489C4CF7499C4DF74A9C4EF74B9C5E
:10DE20004FF74C9C50F74D9C51F74E9C52F74F9C2E
:10DE300053F7509C54F7519C55F7529C56F7539CFE
:10DE400057F7549C58F7559C59F7569C5AF7579CCE
:10DE50005BF7589C5CF7599C5DF75A9C5EF75B9C9E
:10DE60005FF75C9C60F75D9C61F75E9C62F75F9C6E
:10DE700063F7609C64F7619C65F7629C66F7639C3E
:10DE800067F7649C68F7659C69F7669C6AF7679C0E
:10DE90006BF7689C6CF7699C6DF76A9C6EF76B9CDE
:10DEA0006FF76C9C70F76D9C71F76E9C72F76F9CAE
:10DEB00073F7709C74F7719C75F7729C76F7739C7E
:10DEC00077F7749C78F7759C79F7769C7AF7779C4E
:10DED0007BF7789C7CF7799C7DF77A9C7EF77B9C1E
:10DEE00080F77C9CE3D37D9C81F77E9C82F77F9CAE
:10DEF000CFF6809C83F7819CB3C2829CD0F6839C32
:10DF000084F7849C85F7859CD1F6869CD2F6879C05
:10DF1000D3F6889CD4F6899C86F78A9C87F78B9CDD
:10DF2000D6F68C9C88F78D9CABB18E9CD7F68F9CD7
:10DF300089F7909CD8F6919CD9F6929CDAF6939C3E
:10DF40008AF7949CDBF6959CDCF6969C8BF7979C65
:10DF50008CF7989C8DF7999C8EF79A9CDDF69B9C8C
:10DF6000DEF69C9CCACF9D9C8FF79E9CDFF69F9C03
:10DF7000E0F6A09CE1F6A19CE2F6A29CE3F6A39C4D
:10DF8000E4F6A49CF0C0A59CE5F6A69CE6F6A79C4A
:10DF9000E7F6A89CE8F6A99CE9F6AA9C90F7AB9C4A
:10DFA000EAF6AC9C91F7AD9CEBF6AE9CECF6AF9C20
:10DFB00092F7B09CEDF6B19CEEF6B29CEFF6B39CF6
:10DFC000F0F6B49CF1F6B59CF2F6B69CF3F6B79C6D
:10DFD000F4F6B89CA8BEB99C93F7BA9CF5F6BB9C26
:10DFE000F6F6BC9CF7F6BD9CF8F6BE9C94F7BF9C79
:10DFF00095F7C09C96F7C19C97F7C29C98F7C39C75
:10E00000FAC8C49CF9F6C59CFAF6C69CFBF6C79CF8
:10E01000FCF6C89C99F7C99C9AF7CA9CFDF6CB9C64
:10E02000FEF6CC9CA1F7CD9CA2F7CE9CA3F7CF9C8B
:10E03000A4F7D09CA5F7D19C9BF7D29C9CF7D39CCE
:10E04000A6F7D49CA7F7D59CA8F7D69CEEB1D79C91
:10E05000A9F7D89CAAF7D99CABF7DA9C9DF7DB9C73
:10E060009EF7DC9CACF7DD9CADF7DE9CDBC1DF9C52
:10E07000AEF7E09C9FF7E19CA0F7E29CAFF7E39C32
:10E0800040F8E49C41F8E59C42F8E69C43F8E79CA4
:10E0900044F8E89C45F8E99C46F8EA9C47F8EB9C74
:10E0A00048F8EC9C49F8ED9C4AF8EE9C4BF8EF9C44
:10E0B0004CF8F09C4DF8F19C4EF8F29C4FF8F39C14
:10E0C00050F8F49C51F8F59C52F8F69C53F8F79CE4
:10E0D00054F8F89C55F8F99C56F8FA9C57F8FB9CB4
:10E0E00058F8FC9C59F8FD9C5AF8FE9C5BF8FF9C84
:10E0F0005CF8009D5DF8019D5EF8029D5FF8039D50
:10E1000060F8049D61F8059D62F8069D63F8079D1F
:10E1100064F8089D65F8099D66F80A9D67F80B9DEF
:10E1200068F80C9D69F80D9D6AF80E9D6BF80F9DBF
:10E130006CF8109D6DF8119D6EF8129D6FF8139D8F
:10E1400070F8149D71F8159D72F8169D73F8179D5F
:10E1500074F8189D75F8199D76F81A9D77F81B9D2F
:10E1600078F81C9D79F81D9D7AF81E9D7BF81F9DFF
:10E170007CF8209D7DF8219D7EF8229D80F8239DCE
:10E1800081F8249D82F8259D83F8269D84F8279D9B
:10E1900085F8289D86F8299D87F82A9D88F82B9D6B
:10E1A00089F82C9D8AF82D9D8BF82E9D8CF82F9D3B
:10E1B0008DF8309D8EF8319D8FF8329D90F8339D0B
:10E1C00091F8349D92F8359D93F8369D94F8379DDB
:10E1D00095F8389D96F8399D97F83A9D98F83B9DAB
:10E1E00099F83C9D9AF83D9D9BF83E9D9CF83F9D7B
:10E1F0009DF8409D9EF8419D9FF8429DA0F8439D4B
:10E2000040F9449D41F9459D42F9469D43F9479D9A
:10E2100044F9489D45F9499D46F94A9D47F94B9D6A
:10E2200048F94C9D49F94D9D4AF94E9D4BF94F9D3A
:10E230004CF9509D4DF9519D4EF9529D4FF9539D0A
:10E2400050F9549D51F9559D52F9569D53F9579DDA
:10E2500054F9589D55F9599D56F95A9D57F95B9DAA
:10E2600058F95C9D59F95D9D5AF95E9D5BF95F9D7A
:10E270005CF9609D5DF9619D5EF9629D5FF9639D4A
:10E2800060F9649D61F9659D62F9669D63F9679D1A
:10E2900064F9689D65F9699D66F96A9D67F96B9DEA
:10E2A00068F96C9D69F96D9D6AF96E9D6BF96F9DBA
:10E2B0006CF9709D6DF9719D6EF9729D6FF9739D8A
:10E2C00070F9749D71F9759D72F9769D73F9779D5A
:10E2D00074F9789D75F9799D76F97A9D77F97B9D2A
:10E2E00078F97C9D79F97D9D7AF97E9D7BF97F9DFA
:10E2F0007CF9809D7DF9819D7EF9829D80F9839DC9
:10E3000081F9849D82F9859D83F9869D84F9879D95
:10E3100085F9889D86F9899D87F98A9D88F98B9D65
:10E3200089F98C9D8AF98D9D8BF98E9D8CF98F9D35
:10E330008DF9909D8EF9919D8FF9929D90F9939D05
:10E3400091F9949D92F9959D93F9969D94F9979DD5
:10E3500095F9989D96F9999D97F99A9D98F99B9DA5
:10E3600099F99C9D9AF99D9D9BF99E9D9CF99F9D75
:10E370009DF9A09D9EF9A19D9FF9A29DA0F9A39D45
:10E3800040FAA49D41FAA59D42FAA69D43FAA79D95
:10E3900044FAA89D45FAA99D46FAAA9D47FAAB9D65
:10E3A00048FAAC9D49FAAD9D4AFAAE9D4BFAAF9D35
:10E3B0004CFAB09D4DFAB19D4EFAB29D4FFAB39D05
:10E3C00050FAB49D51FAB59D52FAB69D53FAB79DD5
:10E3D00054FAB89D55FAB99D56FABA9D57FABB9DA5
:10E3E00058FABC9D59FABD9D5AFABE9D5BFABF9D75
:10E3F0005CFAC09D5DFAC19D5EFAC29D5FFAC39D45
:10E4000060FAC49D61FAC59D62FAC69D63FAC79D14
:10E4100064FAC89D65FAC99D66FACA9D67FACB9DE4
:10E4200068FACC9D69FACD9D6AFACE9D6BFACF9DB4
:10E430006CFAD09D6DFAD19D6EFAD29D6FFAD39D84
:10E4400070FAD49D71FAD59D72FAD69D73FAD79D54
:10E4500074FAD89D75FAD99D76FADA9D77FADB9D24
:10E4600078FADC9D79FADD9D7AFADE9D7BFADF9DF4
:10E470007CFAE09D7DFAE19D7EFAE29D80FAE39DC3
:10E4800081FAE49D82FAE59D83FAE69D84FAE79D90
:10E4900085FAE89D86FAE99D87FAEA9D88FAEB9D60
:10E4A00089FAEC9D8AFAED9D8BFAEE9D8CFAEF9D30
:10E4B0008DFAF09D8EFAF19D8FFAF29D90FAF39D00
:10E4C00091FAF49D92FAF59D93FAF69D94FAF79DD0
:10E4D00095FAF89D96FAF99D97FAFA9D98FAFB9DA0
:10E4E00099FAFC9D9AFAFD9D9BFAFE9D9CFAFF9D70
:10E4F0009DFA009E9EFA019E9FFA029EA0FA039E3C
:10E5000040FB049E41FB059E42FB069E43FB079E8B
:10E5100044FB089E45FB099E46FB0A9E47FB0B9E5B
:10E5200048FB0C9E49FB0D9E4AFB0E9E4BFB0F9E2B
:10E530004CFB109E4DFB119E4EFB129E4FFB139EFB
:10E5400050FB149E51FB159E52FB169E53FB179ECB
:10E5500054FB189E55FB199E56FB1A9E57FB1B9E9B
:10E5600058FB1C9E59FB1D9E5AFB1E9E5BFB1F9E6B
:10E57000F1C4209EAFF0219EA6BC229EB0F0239E47
:10E58000F9C3249E5CFB259EB8C5269EBBD1279E61
:10E590005DFB289EB1F0299EB2F02A9EB3F02B9E1F
:10E5A000B4F02C9EB5F02D9EBCD12E9E5EFB2F9E0E
:10E5B000ECD1309E5FFB319EB7F0329EB6F0339EB9
:10E5C000A7D4349E60FB359ED2CD369EB8F0379EE0
:10E5D000BAF0389EB9F0399EBBF03A9EBCF03B9E33
:10E5E00061FB3C9E62FB3D9EEBB83E9EBDF03F9EB4
:10E5F000E8BA409E63FB419EBEF0429EBFF0439E40
:10E60000E9BE449EC0F0459EECB6469EC1F0479ED2
:10E61000C2F0489EC3F0499EC4F04A9EB5C84B9EC6
:10E62000C5F04C9EC6F04D9E64FB4E9EC7F04F9EBB
:10E63000F4C5509E65FB519EC8F0529E66FB539EEA
:10E6400067FB549E68FB559EC9F0569E69FB579E1A
:10E65000CAF0589EBDF7599E6AFB5A9ECBF05B9E4E
:10E66000CCF05C9ECDF05D9E6BFB5E9ECEF05F9E1F
:10E670006CFB609E6DFB619E6EFB629E6FFB639EFA
:10E68000CFF0649ED7BA659E70FB669ED0F0679E01
:10E69000D1F0689ED2F0699ED3F06A9ED4F06B9E52
:10E6A000D5F06C9ED6F06D9ED8F06E9E71FB6F9E7D
:10E6B00072FB709EA5D3719ED7F0729E73FB739E02
:10E6C000D9F0749E74FB759E75FB769E76FB779EE3
:10E6D00077FB789E78FB799E79FB7A9E7AFB7B9E0E
:10E6E0007BFB7C9E7CFB7D9E7DFB7E9EBAF57F9EA8
:10E6F000B9C2809E7EFB819E80FB829EE4F7839E52
:10E7000081FB849E82FB859E83FB869E84FB879E85
:10E71000E5F7889EE6F7899E85FB8A9E86FB8B9EA1
:10E72000E7F78C9E87FB8D9E88FB8E9E89FB8F9ED4
:10E730008AFB909E8BFB919E8CFB929EE8F7939EAA
:10E74000B4C2949E8DFB959E8EFB969E8FFB979EEA
:10E7500090FB989E91FB999E92FB9A9E93FB9B9EA9
:10E7600094FB9C9E95FB9D9EEAF79E9E96FB9F9E2A
:10E77000EBF7A09E97FBA19E98FBA29E99FBA39E00
:10E780009AFBA49E9BFBA59E9CFBA69EF3C2A79E04
:10E790009DFBA89E9EFBA99E9FFBAA9EA0FBAB9EF5
:10E7A00040FCAC9E41FCAD9E42FCAE9E43FCAF9E45
:10E7B00044FCB09E45FCB19E46FCB29E47FCB39E15
:10E7C00048FCB49EF0F4B59E49FCB69E4AFCB79E48
:10E7D0004BFCB89EEFF4B99E4CFCBA9E4DFCBB9E20
:10E7E000E9C2BC9E4EFCBD9EE1F7BE9EE2F7BF9E15
:10E7F0004FFCC09E50FCC19E51FCC29E52FCC39E69
:10E8000053FCC49EC6BBC59E54FCC69E55FCC79E09
:10E8100056FCC89E57FCC99EE4D9CA9E58FCCB9EA4
:10E8200059FCCC9E5AFCCD9EF2CACE9EE8C0CF9E2B
:10E83000A4F0D09E5BFCD19EDABAD29E5CFCD39E43
:10E840005DFCD49EADC7D59E5EFCD69E5FFCD79E78
:10E8500060FCD89EACC4D99E61FCDA9E62FCDB9E53
:10E86000ECF7DC9EEDF7DD9EEEF7DE9E63FCDF9EAF
:10E87000F0F7E09EEFF7E19E64FCE29EF1F7E39E85
:10E8800065FCE49E66FCE59EF4F7E69E67FCE79E69
:10E89000F3F7E89E68FCE99EF2F7EA9EF5F7EB9E37
:10E8A00069FCEC9E6AFCED9E6BFCEE9E6CFCEF9EA0
:10E8B000F6F7F09E6DFCF19E6EFCF29E6FFCF39EEF
:10E8C00070FCF49E71FCF59E72FCF69E73FCF79E44
:10E8D00074FCF89E75FCF99EE9EDFA9E76FCFB9EB1
:10E8E000EAEDFC9EEBEDFD9E77FCFE9EBCF6FF9EE6
:10E8F00078FC009F79FC019F7AFC029F7BFC039FC0
:10E900007CFC049F7DFC059F7EFC069F80FC079F8E
:10E9100081FC089F82FC099F83FC0A9F84FC0B9F5B
:10E92000BDF60C9F85FC0D9FBEF60E9FA6B60F9FF1
:10E9300086FC109FBED8119F87FC129F88FC139FF6
:10E94000C4B9149F89FC159F8AFC169F8BFC179FE6
:10E95000BBD8189F8CFC199FB1DC1A9F8DFC1B9FA4
:10E960008EFC1C9F8FFC1D9F90FC1E9F91FC1F9F87
:10E9700092FC209FF3CA219F93FC229FF7F7239FCD
:10E9800094FC249F95FC259F96FC269F97FC279F2F
:10E9900098FC289F99FC299F9AFC2A9F9BFC2B9FFF
:10E9A0009CFC2C9FF8F72D9F9DFC2E9F9EFC2F9F7B
:10E9B000F9F7309F9FFC319FA0FC329F40FD339FB1
:10E9C00041FD349F42FD359F43FD369F44FD379FF7
:10E9D000FBF7389F45FD399FFAF73A9F46FD3B9F6D
:10E9E000C7B13C9F47FD3D9FFCF73E9FFDF73F9F12
:10E9F00048FD409F49FD419F4AFD429F4BFD439F7B
:10EA00004CFD449FFEF7459F4DFD469F4EFD479FA1
:10EA10004FFD489F50FD499F51FD4A9F52FD4B9F1E
:10EA200053FD4C9F54FD4D9F55FD4E9F56FD4F9FEE
:10EA300057FD509FEBC6519FB4EC529F58FD539F1A
:10EA400059FD549F5AFD559F5BFD569F5CFD579F96
:10EA50005DFD589F5EFD599F5FFD5A9F60FD5B9F66
:10EA600061FD5C9F62FD5D9F63FD5E9F64FD5F9F36
:10EA700065FD609F66FD619F67FD629F68FD639F06
:10EA800069FD649F6AFD659F6BFD669F6CFD679FD6
:10EA90006DFD689F6EFD699F6FFD6A9F70FD6B9FA6
:10EAA00071FD6C9F72FD6D9F73FD6E9F74FD6F9F76
:10EAB00075FD709F76FD719F77FD729F78FD739F46
:10EAC00079FD749F7AFD759F7BFD769F7CFD779F16
:10EAD0007DFD789F7EFD799F80FD7A9F81FD7B9FE4
:10EAE00082FD7C9F83FD7D9F84FD7E9F85FD7F9FB2
:10EAF000DDB3809FB3F6819F86FD829F87FD839F54
:10EB0000B4F6849FE4C1859FB5F6869FB6F6879FCD
:10EB1000B7F6889FB8F6899FB9F68A9FBAF68B9F99
:10EB2000A3C88C9FBBF68D9F88FD8E9F89FD8F9F0C
:10EB30008AFD909F8BFD919F8CFD929F8DFD939FF1
:10EB40008EFD949F8FFD959F90FD969F91FD979FC1
:10EB500092FD989F93FD999FFAC19A9FA8B99B9F98
:10EB6000E8ED9C9F94FD9D9F95FD9E9F96FD9F9F28
:10EB7000EAB9A09FDFD9A19F97FDA29F98FDA39F0F
:10EB800099FDA49F9AFDA59F9BFD2CF99CFD79F909
:10EB90009DFD95F99EFDE7F99FFDF1F9A0FD0CFAA9
:10EBA00040FE0DFA41FE0EFA42FE0FFA43FE11FA44
:10EBB00044FE13FA45FE14FA46FE18FA47FE1FFA01
:10EBC00048FE20FA49FE21FA4AFE23FA4BFE24FAB7
:10EBD0004CFE27FA4DFE28FA4EFE29FA4FFE30FE73
:10EBE00055A931FEF2A633FEF4A634FEF5A635FE95
:10EBF000E0A636FEE1A637FEF0A638FEF1A639FE05
:10EC0000E2A63AFEE3A63BFEEEA63CFEEFA63DFEE4
:10EC1000E6A63EFEE7A63FFEE4A640FEE5A641FED0
:10EC2000E8A642FEE9A643FEEAA644FEEBA649FE9C
:10EC300068A94AFE69A94BFE6AA94CFE6BA94DFE64
:10EC40006CA94EFE6DA94FFE6EA950FE6FA951FE34
:10EC500070A952FE71A954FE72A955FE73A956FE01
:10EC600074A957FE75A959FE76A95AFE77A95BFECD
:10EC700078A95CFE79A95DFE7AA95EFE7BA95FFE9C
:10EC80007CA960FE7DA961FE7EA962FE80A963FE6B
:10EC900081A964FE82A965FE83A966FE84A968FE37
:10ECA00085A969FE86A96AFE87A96BFE88A901FF6E
:10ECB000A1A302FFA2A303FFA3A304FFE7A105FFF3
:10ECC000A5A306FFA6A307FFA7A308FFA8A309FF04
:10ECD000A9A30AFFAAA30BFFABA30CFFACA30DFFD4
:10ECE000ADA30EFFAEA30FFFAFA310FFB0A311FFA4
:10ECF000B1A312FFB2A313FFB3A314FFB4A315FF74
:10ED0000B5A316FFB6A317FFB7A318FFB8A319FF43
:10ED1000B9A31AFFBAA31BFFBBA31CFFBCA31DFF13
:10ED2000BDA31EFFBEA31FFFBFA320FFC0A321FFE3
:10ED3000C1A322FFC2A323FFC3A324FFC4A325FFB3
:10ED4000C5A326FFC6A327FFC7A328FFC8A329FF83
:10ED5000C9A32AFFCAA32BFFCBA32CFFCCA32DFF53
:10ED6000CDA32EFFCEA32FFFCFA330FFD0A331FF23
:10ED7000D1A332FFD2A333FFD3A334FFD4A335FFF3
:10ED8000D5A336FFD6A337FFD7A338FFD8A339FFC3
:10ED9000D9A33AFFDAA33BFFDBA33CFFDCA33DFF93
:10EDA000DDA33EFFDEA33FFFDFA340FFE0A341FF63
:10EDB000E1A342FFE2A343FFE3A344FFE4A345FF33
:10EDC000E5A346FFE6A347FFE7A348FFE8A349FF03
:10EDD000E9A34AFFEAA34BFFEBA34CFFECA34DFFD3
:10EDE000EDA34EFFEEA34FFFEFA350FFF0A351FFA3
:10EDF000F1A352FFF2A353FFF3A354FFF4A355FF73
:10EE0000F5A356FFF6A357FFF7A358FFF8A359FF42
:10EE1000F9A35AFFFAA35BFFFBA35CFFFCA35DFF12
:10EE2000FDA35EFFABA1E0FFE9A1E1FFEAA1E2FFE4
:10EE300056A9E3FFFEA3E4FF57A9E5FFA4A3000042
:10EE400000008000AC204081024E4181044E42818E
:10EE5000054E4381064E44810F4E4581124E468138
:10EE6000174E47811F4E4881204E4981214E4A81CD
:10EE7000234E4B81264E4C81294E4D812E4E4E8184
:10EE80002F4E4F81314E5081334E5181354E52813C
:10EE9000374E53813C4E5481404E5581414E5681F0
:10EEA000424E5781444E5881464E59814A4E5A81AE
:10EEB000514E5B81554E5C81574E5D815A4E5E814D
:10EEC0005B4E5F81624E6081634E6181644E628100
:10EED000654E6381674E6481684E65816A4E6681C6
:10EEE0006B4E67816C4E68816D4E69816E4E6A8192
:10EEF0006F4E6B81724E6C81744E6D81754E6E815A
:10EF0000764E6F81774E7081784E7181794E728125
:10EF10007A4E73817B4E74817C4E75817D4E7681F5
:10EF20007F4E7781804E7881814E7981824E7A81C1
:10EF3000834E7B81844E7C81854E7D81874E7E8190
:10EF40008A4E8081904E8181964E8281974E838138
:10EF5000994E84819C4E85819D4E86819E4E8781EF
:10EF6000A34E8881AA4E8981AF4E8A81B04E8B8193
:10EF7000B14E8C81B44E8D81B64E8E81B74E8F814D
:10EF8000B84E9081B94E9181BC4E9281BD4E938115
:10EF9000BE4E9481C84E9581CC4E9681CF4E9781BE
:10EFA000D04E9881D24E9981DA4E9A81DB4E9B8168
:10EFB000DC4E9C81E04E9D81E24E9E81E64E9F811B
:10EFC000E74EA081E94EA181ED4EA281EE4EA381D4
:10EFD000EF4EA481F14EA581F44EA681F84EA78193
:10EFE000F94EA881FA4EA981FC4EAA81FE4EAB8152
:10EFF000004FAC81024FAD81034FAE81044FAF8112
:10F00000054FB081064FB181074FB281084FB381E0
:10F010000B4FB4810C4FB581124FB681134FB7819E
:10F02000144FB881154FB981164FBA811C4FBB815F
:10F030001D4FBC81214FBD81234FBE81284FBF8111
:10F04000294FC0812C4FC1812D4FC2812E4FC381CA
:10F05000314FC481334FC581354FC681374FC7818A
:10F06000394FC8813B4FC9813E4FCA813F4FCB8149
:10F07000404FCC81414FCD81424FCE81444FCF8113
:10F08000454FD081474FD181484FD281494FD381DD
:10F090004A4FD4814B4FD5814C4FD681524FD781A7
:10F0A000544FD881564FD981614FDA81624FDB814D
:10F0B000664FDC81684FDD816A4FDE816B4FDF81F7
:10F0C0006D4FE0816E4FE181714FE281724FE381BC
:10F0D000754FE481774FE581784FE681794FE7817D
:10F0E0007A4FE8817D4FE981804FEA81814FEB8142
:10F0F000824FEC81854FED81864FEE81874FEF8106
:10F100008A4FF0818C4FF1818E4FF281904FF381C5
:10F11000924FF481934FF581954FF681964FF78189
:10F12000984FF881994FF9819A4FFA819C4FFB8152
:10F130009E4FFC819F4FFD81A14FFE81A24F4082D7
:10F14000A44F4182AB4F4282AD4F4382B04F4482C5
:10F15000B14F4582B24F4682B34F4782B44F488287
:10F16000B64F4982B74F4A82B84F4B82B94F4C8253
:10F17000BA4F4D82BB4F4E82BC4F4F82BD4F508223
:10F18000BE4F5182C04F5282C14F5382C24F5482F0
:10F19000C64F5582C74F5682C84F5782C94F5882B3
:10F1A000CB4F5982CC4F5A82CD4F5B82D24F5C827B
:10F1B000D34F5D82D44F5E82D54F5F82D64F60823F
:10F1C000D94F6182DB4F6282E04F6382E24F6482FB
:10F1D000E44F6582E54F6682E74F6782EB4F6882B6
:10F1E000EC4F6982F04F6A82F24F6B82F44F6C826F
:10F1F000F54F6D82F64F6E82F74F6F82F94F708236
:10F20000FB4F7182FC4F7282FD4F7382FF4F7482FD
:10F2100000507582015076820250778203507882C6
:10F220000450798205507A8206507B8207507C8296
:10F2300008507D8209507E820A5080820B50818264
:10F240000E50828210508382115084821350858226
:10F250001550868216508782175088821B508982EB
:10F260001D508A821E508B8220508C8222508D82AB
:10F2700023508E8224508F82275090822B5091826F
:10F280002F50928230509382315094823250958226
:10F2900033509682345097823550988236509982F6
:10F2A00037509A8238509B8239509C823B509D82C5
:10F2B0003D509E823F509F824050A0824150A1828B
:10F2C0004250A2824450A3824550A4824650A58257
:10F2D0004950A6824A50A7824B50A8824D50A9821D
:10F2E0005050AA825150AB825250AC825350AD82E2
:10F2F0005450AE825650AF825750B0825850B182AF
:10F300005950B2825B50B3825D50B4825E50B58278
:10F310005F50B6826050B7826150B8826250B98245
:10F320006350BA826450BB826650BC826750BD8213
:10F330006850BE826950BF826A50C0826B50C182E1
:10F340006D50C2826E50C3826F50C4827050C582AD
:10F350007150C6827250C7827350C8827450C9827D
:10F360007550CA827850CB827950CC827A50CD8247
:10F370007C50CE827D50CF828150D0828250D1820B
:10F380008350D2828450D3828650D4828750D582D3
:10F390008950D6828A50D7828B50D8828C50D9829D
:10F3A0008E50DA828F50DB829050DC829150DD8269
:10F3B0009250DE829350DF829450E0829550E18239
:10F3C0009650E2829750E3829850E4829950E58209
:10F3D0009A50E6829B50E7829C50E8829D50E982D9
:10F3E0009E50EA829F50EB82A050EC82A150ED82A9
:10F3F000A250EE82A450EF82A650F082AA50F18271
:10F40000AB50F282AD50F382AE50F482AF50F58231
:10F41000B050F682B150F782B350F882B450F982FE
:10F42000B550FA82B650FB82B750FC82B850FD82CC
:10F43000B950FE82BC504083BD504183BE504283D0
:10F44000BF504383C0504483C1504583C25046835C
:10F45000C3504783C4504883C5504983C6504A832C
:10F46000C7504B83C8504C83C9504D83CA504E83FC
:10F47000CB504F83CC505083CD505183CE505283CC
:10F48000D0505383D1505483D2505583D350568398
:10F49000D4505783D5505883D7505983D8505A8366
:10F4A000D9505B83DB505C83DC505D83DD505E8331
:10F4B000DE505F83DF506083E0506183E150628300
:10F4C000E2506383E3506483E4506583E5506683D0
:10F4D000E8506783E9506883EA506983EB506A8398
:10F4E000EF506B83F0506C83F1506D83F2506E835C
:10F4F000F4506F83F6507083F7507183F850728325
:10F50000F9507383FA507483FC507583FD507683F1
:10F51000FE507783FF5078830051798301517A83BD
:10F5200002517B8303517C8304517D8305517E838B
:10F5300008518083095181830A5182830C5183834E
:10F540000D5184830E5185830F518683105187831B
:10F55000115188831351898314518A8315518B83E8
:10F5600016518C8317518D8318518E8319518F83B7
:10F570001A5190831B5191831C5192831D51938387
:10F580001E5194831F519583205196832251978356
:10F59000235198832451998325519A8326519B8323
:10F5A00027519C8328519D8329519E832A519F83F3
:10F5B0002B51A0832C51A1832D51A2832E51A383C3
:10F5C0002F51A4833051A5833151A6833251A78393
:10F5D0003351A8833451A9833551AA833651AB8363
:10F5E0003751AC833851AD833951AE833A51AF8333
:10F5F0003B51B0833C51B1833D51B2833E51B38303
:10F600004251B4834751B5834A51B6834C51B783B5
:10F610004E51B8834F51B9835051BA835251BB8375
:10F620005351BC835751BD835851BE835951BF8339
:10F630005B51C0835D51C1835E51C2835F51C383FF
:10F640006051C4836151C5836351C6836451C783CC
:10F650006651C8836751C9836951CA836A51CB8394
:10F660006F51CC837251CD837A51CE837E51CF833B
:10F670007F51D0838351D1838451D2838651D383E8
:10F680008751D4838A51D5838B51D6838E51D783AA
:10F690008F51D8839051D9839151DA839351DB8371
:10F6A0009451DC839851DD839A51DE839D51DF8331
:10F6B0009E51E0839F51E183A151E283A351E383F3
:10F6C000A651E483A751E583A851E683A951E783B6
:10F6D000AA51E883AD51E983AE51EA83B451EB837B
:10F6E000B851EC83B951ED83BA51EE83BE51EF832B
:10F6F000BF51F083C151F183C251F283C351F383EF
:10F70000C551F483C851F583CA51F683CD51F783AF
:10F71000CE51F883D051F983D251FA83D351FB8370
:10F72000D451FC83D551FD83D651FE83D7514084FB
:10F73000D8514184D9514284DA514384DC51448404
:10F74000DE514584DF514684E2514784E3514884C9
:10F75000E5514984E6514A84E7514B84E8514C8491
:10F76000E9514D84EA514E84EC514F84EE5150845E
:10F77000F1515184F2515284F4515384F75154841D
:10F78000FE515584045256840552578409525884B8
:10F790000B5259840C525A840F525B8410525C8471
:10F7A00013525D8414525E8415525F841C5260842F
:10F7B0001E5261841F5262842152638422526484E7
:10F7C00023526584255266842652678427526884B2
:10F7D0002A5269842C526A842F526B8431526C8471
:10F7E00032526D8434526E8435526F843C52708430
:10F7F0003E527184445272844552738446527484DA
:10F800004752758448527684495277844B527884A3
:10F810004E5279844F527A8452527B8453527C8464
:10F8200055527D8457527E84585280845952818427
:10F830005A5282845B5283845D5284845F528584F1
:10F8400060528684625287846352888464528984B9
:10F8500066528A8468528B846B528C846C528D847D
:10F860006D528E846E528F84705290847152918446
:10F870007352928474529384755294847652958410
:10F880007752968478529784795298847A529984E0
:10F890007B529A847C529B847E529C8480529D84AD
:10F8A00083529E8484529F848552A0848652A18470
:10F8B0008752A2848952A3848A52A4848B52A5843D
:10F8C0008C52A6848D52A7848E52A8848F52A9840C
:10F8D0009152AA849252AB849452AC849552AD84D6
:10F8E0009652AE849752AF849852B0849952B184A4
:10F8F0009A52B2849C52B384A452B484A552B58463
:10F90000A652B684A752B784AE52B884AF52B98417
:10F91000B052BA84B452BB84B552BC84B652BD84D2
:10F92000B752BE84B852BF84B952C084BA52C1849F
:10F93000BB52C284BC52C384BD52C484C052C5846D
:10F94000C152C684C252C784C452C884C552C98435
:10F95000C652CA84C852CB84CA52CC84CC52CD84FD
:10F96000CD52CE84CE52CF84CF52D084D152D184C6
:10F97000D352D284D452D384D552D484D752D5848E
:10F98000D952D684DA52D784DB52D884DC52D98457
:10F99000DD52DA84DE52DB84E052DC84E152DD8425
:10F9A000E252DE84E352DF84E552E084E652E184F1
:10F9B000E752E284E852E384E952E484EA52E584BF
:10F9C000EB52E684EC52E784ED52E884EE52E9848F
:10F9D000EF52EA84F152EB84F252EC84F352ED845C
:10F9E000F452EE84F552EF84F652F084F752F1842B
:10F9F000F852F284FB52F384FC52F484FD52F584F5
:10FA00000153F6840253F7840353F8840453F984B2
:10FA10000753FA840953FB840A53FC840B53FD8477
:10FA20000C53FE840E534085115341851253428579
:10FA30001353438514534485185345851B534685FA
:10FA40001C5347851E5348851F53498522534A85B9
:10FA500024534B8525534C8527534D8528534E857C
:10FA600029534F852B5350852C5351852D53528547
:10FA70002F53538530535485315355853253568512
:10FA800033535785345358853553598536535A85E2
:10FA900037535B8538535C853C535D853D535E85AC
:10FAA00040535F8542536085445361854653628568
:10FAB0004B5363854C5364854D5365855053668520
:10FAC0005453678558536885595369855B536A85D4
:10FAD0005D536B8565536C8568536D856A536E8580
:10FAE0006C536F856D537085725371857653728533
:10FAF000795373857B5374857C5375857D537685E7
:10FB00007E537785805378858153798583537A85B1
:10FB100087537B8588537C858A537D858E537E856C
:10FB20008F5380859053818591538285925383852D
:10FB300093538485945385859653868597538785FB
:10FB4000995388859B5389859C538A859E538B85C1
:10FB5000A0538C85A1538D85A4538E85A7538F8583
:10FB6000AA539085AB539185AC539285AD53938541
:10FB7000AF539485B0539585B1539685B25397850D
:10FB8000B3539885B4539985B5539A85B7539B85DC
:10FB9000B8539C85B9539D85BA539E85BC539F85A8
:10FBA000BD53A085BE53A185C053A285C353A38571
:10FBB000C453A485C553A585C653A685C753A78539
:10FBC000CE53A885CF53A985D053AA85D253AB85F0
:10FBD000D353AC85D553AD85DA53AE85DC53AF85B1
:10FBE000DD53B085DE53B185E153B285E253B38571
:10FBF000E753B485F453B585FA53B685FE53B785FC
:10FC0000FF53B8850054B9850254BA850554BB85A5
:10FC10000754BC850B54BD851454BE851854BF854C
:10FC20001954C0851A54C1851C54C2852254C385F9
:10FC30002454C4852554C5852A54C6853054C785A7
:10FC40003354C8853654C9853754CA853A54CB8550
:10FC50003D54CC853F54CD854154CE854254CF850B
:10FC60004454D0854554D1854754D2854954D385D1
:10FC70004C54D4854D54D5854E54D6854F54D78594
:10FC80005154D8855A54D9855D54DA855E54DB8544
:10FC90005F54DC856054DD856154DE856354DF8507
:10FCA0006554E0856754E1856954E2856A54E385CB
:10FCB0006B54E4856C54E5856D54E6856E54E78598
:10FCC0006F54E8857054E9857454EA857954EB855E
:10FCD0007A54EC857E54ED857F54EE858154EF8512
:10FCE0008354F0858554F1858754F2858854F385D3
:10FCF0008954F4858A54F5858D54F6859154F78599
:10FD00009354F8859754F9859854FA859C54FB854B
:10FD10009E54FC859F54FD85A054FE85A1544086C9
:10FD2000A2544186A5544286AE544386B0544486BC
:10FD3000B2544586B5544686B6544786B75448866D
:10FD4000B9544986BA544A86BC544B86BE544C8634
:10FD5000C3544D86C5544E86CA544F86CB545086E4
:10FD6000D6545186D8545286DB545386E054548678
:10FD7000E1545586E2545686E3545786E454588637
:10FD8000EB545986EC545A86EF545B86F0545C86EB
:10FD9000F1545D86F4545E86F5545F86F6546086B1
:10FDA000F7546186F8546286F9546386FB5464867E
:10FDB000FE5465860055668602556786035568863B
:10FDC0000455698605556A8608556B860A556C8602
:10FDD0000B556D860C556E860D556F860E557086CB
:10FDE000125571861355728615557386165574868D
:10FDF0001755758618557686195577861A5578865B
:10FE00001C5579861D557A861E557B861F557C8626
:10FE100021557D8625557E862655808628558186E6
:10FE2000295582862B5583862D55848632558586A5
:10FE30003455868635558786365588863855898661
:10FE400039558A863A558B863B558C863D558D862D
:10FE500040558E8642558F864555908647559186EA
:10FE6000485592864B5593864C5594864D559586AC
:10FE70004E5596864F559786515598865255998678
:10FE800053559A8654559B8657559C8658559D8642
:10FE900059559E865A559F865B55A0865D55A1860D
:10FEA0005E55A2865F55A3866055A4866255A586D9
:10FEB0006355A6866855A7866955A8866B55A98699
:10FEC0006F55AA867055AB867155AC867255AD8656
:10FED0007355AE867455AF867955B0867A55B1861E
:10FEE0007D55B2867F55B3868555B4868655B586D1
:10FEF0008C55B6868D55B7868E55B8869055B98681
:10FF00009255BA869355BB869555BC869655BD8647
:10FF10009755BE869A55BF869B55C0869E55C1860D
:10FF2000A055C286A155C386A255C486A355C586D1
:10FF3000A455C686A555C786A655C886A855C986A0
:10FF4000A955CA86AA55CB86AB55CC86AC55CD866D
:10FF5000AD55CE86AE55CF86AF55D086B055D1863D
:10FF6000B255D286B455D386B655D486B855D58603
:10FF7000BA55D686BC55D786BF55D886C055D986C2
:10FF8000C155DA86C255DB86C355DC86C655DD868B
:10FF9000C755DE86C855DF86CA55E086CB55E18653
:10FFA000CE55E286CF55E386D055E486D555E58615
:10FFB000D755E686D855E786D955E886DA55E986D5
:10FFC000DB55EA86DE55EB86E055EC86E255ED869C
:10FFD000E755EE86E955EF86ED55F086EE55F1864C
:10FFE000F055F286F155F386F455F486F655F5860C
:10FFF000F855F686F955F786FA55F886FB55F986D1
:020000040802F0
:10000000FC55FA86FF55FB860256FC860356FD8694
:100010000456FE8605564087065641870756428796
:100020000A5643870B5644870D5645871056468718
:1000300011564787125648871356498714564A87E0
:1000400015564B8716564C8717564D8719564E87AF
:100050001A564F871C5650871D5651872056528777
:10006000215653872256548725565587265656873C
:1000700028565787295658872A5659872B565A8704
:100080002E565B872F565C8730565D8733565E87CA
:1000900035565F8737566087385661873A5662878C
:1000A0003C5663873D5664873E5665874056668753
:1000B00041566787425668874356698744566A8720
:1000C00045566B8746566C8747566D8748566E87F0
:1000D00049566F874A5670874B5671874F567287BD
:1000E0005056738751567487525675875356768784
:1000F00055567787565678875A5679875B567A874A
:100100005D567B875E567C875F567D8760567E870F
:1001100061568087635681876556828766568387D6
:10012000675684876D5685876E5686876F56878794
:10013000705688877256898773568A8774568B875C
:1001400075568C8777568D8778568E8779568F8728
:100150007A5690877D5691877E5692877F569387F1
:1001600080569487815695878256968783569787BF
:10017000845698878756998788569A8789569B8789
:100180008A569C878B569D878C569E878D569F8757
:100190009056A0879156A1879256A2879456A3871E
:1001A0009556A4879656A5879756A6879856A787EB
:1001B0009956A8879A56A9879B56AA879C56AB87BB
:1001C0009D56AC879E56AD879F56AE87A056AF878B
:1001D000A156B087A256B187A456B287A556B38759
:1001E000A656B487A756B587A856B687A956B78727
:1001F000AA56B887AB56B987AC56BA87AD56BB87F7
:10020000AE56BC87B056BD87B156BE87B256BF87C3
:10021000B356C087B456C187B556C287B656C38792
:10022000B856C487B956C587BA56C687BB56C7875E
:10023000BD56C887BE56C987BF56CA87C056CB872A
:10024000C156CC87C256CD87C356CE87C456CF87FA
:10025000C556D087C656D187C756D287C856D387CA
:10026000C956D487CB56D587CC56D687CD56D78797
:10027000CE56D887CF56D987D056DA87D156DB8766
:10028000D256DC87D356DD87D556DE87D656DF8734
:10029000D856E087D956E187DC56E287E356E387F4
:1002A000E556E487E656E587E756E687E856E787AA
:1002B000E956E887EA56E987EC56EA87EE56EB8777
:1002C000EF56EC87F256ED87F356EE87F656EF873A
:1002D000F756F087F856F187FB56F287FC56F387FE
:1002E0000057F4870157F5870257F6870557F787B8
:1002F0000757F8870B57F9870C57FA870D57FB8775
:100300000E57FC870F57FD871057FE8711574088FF
:100310001257418813574288145743881557448809
:1003200016574588175746881857478819574888D9
:100330001A5749881B574A881D574B881E574C88A7
:1003400020574D8821574E8822574F882457508870
:100350002557518826575288275753882B5754883A
:1003600031575588325756883457578835575888EB
:100370003657598837575A8838575B883C575C88B6
:100380003D575D883F575E8841575F884357608877
:100390004457618845576288465763884857648840
:1003A000495765884B5766885257678853576888FE
:1003B0005457698855576A8856576B8858576C88C0
:1003C00059576D8862576E8863576F886557708874
:1003D000675771886C5772886E5773887057748826
:1003E00071577588725776887457778875577888EB
:1003F0007857798879577A887A577B887D577C88AF
:100400007E577D887F577E88805780888157818876
:100410008757828888578388895784888A57858830
:100420008D5786888E5787888F57888890578988F8
:1004300091578A8894578B8895578C8896578D88C2
:1004400097578E8898578F88995790889A57918890
:100450009C5792889D5793889E5794889F5795885C
:10046000A5579688A8579788AA579888AC5799880F
:10047000AF579A88B0579B88B1579C88B3579D88CF
:10048000B5579E88B6579F88B757A088B957A18897
:10049000BA57A288BB57A388BC57A488BD57A58864
:1004A000BE57A688BF57A788C057A888C157A98834
:1004B000C457AA88C557AB88C657AC88C757AD88FC
:1004C000C857AE88C957AF88CA57B088CC57B188CB
:1004D000CD57B288D057B388D157B488D357B58891
:1004E000D657B688D757B788DB57B888DC57B9884E
:1004F000DE57BA88E157BB88E257BC88E357BD880E
:10050000E557BE88E657BF88E757C088E857C188D7
:10051000E957C288EA57C388EB57C488EC57C588A7
:10052000EE57C688F057C788F157C888F257C98870
:10053000F357CA88F557CB88F657CC88F757CD883C
:10054000FB57CE88FC57CF88FE57D088FF57D188FD
:100550000158D2880358D3880458D4880558D588C0
:100560000858D6880958D7880A58D8880C58D98886
:100570000E58DA880F58DB881058DC881258DD884E
:100580001358DE881458DF881658E0881758E18819
:100590001858E2881A58E3881B58E4881C58E588E4
:1005A0001D58E6881F58E7882258E8882358E988AC
:1005B0002558EA882658EB882758EC882858ED8873
:1005C0002958EE882B58EF882C58F0882D58F18840
:1005D0002E58F2882F58F3883158F4883258F5880D
:1005E0003358F6883458F7883658F8883758F988D9
:1005F0003858FA883958FB883A58FC883B58FD88A7
:100600003C58FE883D5840893E5841893F584289B0
:10061000405843894158448942584589435846893E
:1006200045584789465848894758498948584A890A
:1006300049584B894A584C894B584D894E584E89D8
:100640004F584F89505850895258518953585289A0
:100650005558538956585489575855895958568969
:100660005A5857895B5858895C5859895D585A8936
:100670005F585B8960585C8961585D8962585E8902
:1006800063585F89645860896658618967586289D0
:1006900068586389695864896A5865896D5866899C
:1006A0006E5867896F5868897058698971586A8966
:1006B00072586B8973586C8974586D8975586E8936
:1006C00076586F8977587089785871897958728906
:1006D0007A5873897B5874897C5875897D587689D6
:1006E0007F587789825878898458798986587A8999
:1006F00087587B8988587C898A587D898B587E8960
:100700008C5880898D5881898E5882898F58838929
:1007100090588489915885899458868995588789F5
:10072000965888899758898998588A899B588B89BF
:100730009C588C899D588D89A0588E89A1588F8985
:10074000A2589089A3589189A4589289A558938951
:10075000A6589489A7589589AA589689AB5897891D
:10076000AC589889AD589989AE589A89AF589B89E9
:10077000B0589C89B1589D89B2589E89B3589F89B9
:10078000B458A089B558A189B658A289B758A38989
:10079000B858A489B958A589BA58A689BB58A78959
:1007A000BD58A889BE58A989BF58AA89C058AB8925
:1007B000C258AC89C358AD89C458AE89C658AF89F0
:1007C000C758B089C858B189C958B289CA58B389BD
:1007D000CB58B489CC58B589CD58B689CE58B7898D
:1007E000CF58B889D058B989D258BA89D358BB895B
:1007F000D458BC89D658BD89D758BE89D858BF8926
:10080000D958C089DA58C189DB58C289DC58C389F4
:10081000DD58C489DE58C589DF58C689E058C789C4
:10082000E158C889E258C989E358CA89E558CB8993
:10083000E658CC89E758CD89E858CE89E958CF8960
:10084000EA58D089ED58D189EF58D289F158D38927
:10085000F258D489F458D589F558D689F758D789EC
:10086000F858D889FA58D989FB58DA89FC58DB89B5
:10087000FD58DC89FE58DD89FF58DE890059DF8983
:100880000159E0890359E1890559E2890659E3894B
:100890000859E4890959E5890A59E6890B59E78914
:1008A0000C59E8890E59E9891059EA891159EB89DF
:1008B0001259EC891359ED891759EE891859EF89A6
:1008C0001B59F0891D59F1891E59F2892059F38964
:1008D0002159F4892259F5892359F6892659F7892E
:1008E0002859F8892C59F9893059FA893259FB89E4
:1008F0003359FC893559FD893659FE893B59408A5F
:100900003D59418A3E59428A3F59438A4059448A57
:100910004359458A4559468A4659478A4A59488A19
:100920004C59498A4D594A8A50594B8A52594C8AD6
:1009300053594D8A59594E8A5B594F8A5C59508A8E
:100940005D59518A5E59528A5F59538A6159548A56
:100950006359558A6459568A6659578A6759588A1D
:100960006859598A69595A8A6A595B8A6B595C8AEB
:100970006C595D8A6D595E8A6E595F8A6F59608ABB
:100980007059618A7159628A7259638A7559648A89
:100990007759658A7A59668A7B59678A7C59688A49
:1009A0007E59698A7F596A8A80596B8A85596C8A0F
:1009B00089596D8A8B596E8A8C596F8A8E59708AC3
:1009C0008F59718A9059728A9159738A9459748A8D
:1009D0009559758A9859768A9A59778A9B59788A4F
:1009E0009C59798A9D597A8A9F597B8AA0597C8A19
:1009F000A1597D8AA2597E8AA659808AA759818ADF
:100A0000AC59828AAD59838AB059848AB159858A92
:100A1000B359868AB459878AB559888AB659898A5A
:100A2000B7598A8AB8598B8ABA598C8ABC598D8A27
:100A3000BD598E8ABF598F8AC059908AC159918AEF
:100A4000C259928AC359938AC459948AC559958ABE
:100A5000C759968AC859978AC959988ACC59998A88
:100A6000CD599A8ACE599B8ACF599C8AD5599D8A4D
:100A7000D6599E8AD9599F8ADB59A08ADE59A18A04
:100A8000DF59A28AE059A38AE159A48AE259A58ACA
:100A9000E459A68AE659A78AE759A88AE959A98A92
:100AA000EA59AA8AEB59AB8AED59AC8AEE59AD8A5C
:100AB000EF59AE8AF059AF8AF159B08AF259B18A2A
:100AC000F359B28AF459B38AF559B48AF659B58AFA
:100AD000F759B68AF859B78AFA59B88AFC59B98AC7
:100AE000FD59BA8AFE59BB8A005ABC8A025ABD8A8D
:100AF0000A5ABE8A0B5ABF8A0D5AC08A0E5AC18A38
:100B00000F5AC28A105AC38A125AC48A145AC58A02
:100B1000155AC68A165AC78A175AC88A195AC98ACC
:100B20001A5ACA8A1B5ACB8A1D5ACC8A1E5ACD8A97
:100B3000215ACE8A225ACF8A245AD08A265AD18A5A
:100B4000275AD28A285AD38A2A5AD48A2B5AD58A23
:100B50002C5AD68A2D5AD78A2E5AD88A2F5AD98AF1
:100B6000305ADA8A335ADB8A355ADC8A375ADD8AB8
:100B7000385ADE8A395ADF8A3A5AE08A3B5AE18A81
:100B80003D5AE28A3E5AE38A3F5AE48A415AE58A4C
:100B9000425AE68A435AE78A445AE88A455AE98A19
:100BA000475AEA8A485AEB8A4B5AEC8A4C5AED8AE1
:100BB0004D5AEE8A4E5AEF8A4F5AF08A505AF18AAD
:100BC000515AF28A525AF38A535AF48A545AF58A7D
:100BD000565AF68A575AF78A585AF88A595AF98A49
:100BE0005B5AFA8A5C5AFB8A5D5AFC8A5E5AFD8A15
:100BF0005F5AFE8A605A408B615A418B635A428B1E
:100C0000645A438B655A448B665A458B685A468BA7
:100C1000695A478B6B5A488B6C5A498B6D5A4A8B71
:100C20006E5A4B8B6F5A4C8B705A4D8B715A4E8B40
:100C3000725A4F8B735A508B785A518B795A528B08
:100C40007B5A538B7C5A548B7D5A558B7E5A568BCC
:100C5000805A578B815A588B825A598B835A5A8B98
:100C6000845A5B8B855A5C8B865A5D8B875A5E8B68
:100C7000885A5F8B895A608B8A5A618B8B5A628B38
:100C80008C5A638B8D5A648B8E5A658B8F5A668B08
:100C9000905A678B915A688B935A698B945A6A8BD6
:100CA000955A6B8B965A6C8B975A6D8B985A6E8BA4
:100CB000995A6F8B9C5A708B9D5A718B9E5A728B6E
:100CC0009F5A738BA05A748BA15A758BA25A768B3C
:100CD000A35A778BA45A788BA55A798BA65A7A8B0C
:100CE000A75A7B8BA85A7C8BA95A7D8BAB5A7E8BDB
:100CF000AC5A808BAD5A818BAE5A828BAF5A838BA4
:100D0000B05A848BB15A858BB45A868BB65A878B6E
:100D1000B75A888BB95A898BBA5A8A8BBB5A8B8B34
:100D2000BC5A8C8BBD5A8D8BBF5A8E8BC05A8F8B01
:100D3000C35A908BC45A918BC55A928BC65A938BC7
:100D4000C75A948BC85A958BCA5A968BCB5A978B95
:100D5000CD5A988BCE5A998BCF5A9A8BD05A9B8B5F
:100D6000D15A9C8BD35A9D8BD55A9E8BD75A9F8B29
:100D7000D95AA08BDA5AA18BDB5AA28BDD5AA38BEE
:100D8000DE5AA48BDF5AA58BE25AA68BE45AA78BB6
:100D9000E55AA88BE75AA98BE85AAA8BEA5AAB8B7B
:100DA000EC5AAC8BED5AAD8BEE5AAE8BEF5AAF8B43
:100DB000F05AB08BF25AB18BF35AB28BF45AB38B10
:100DC000F55AB48BF65AB58BF75AB68BF85AB78BDF
:100DD000F95AB88BFA5AB98BFB5ABA8BFC5ABB8BAF
:100DE000FD5ABC8BFE5ABD8BFF5ABE8B005BBF8B7E
:100DF000015BC08B025BC18B035BC28B045BC38B4B
:100E0000055BC48B065BC58B075BC68B085BC78B1A
:100E10000A5BC88B0B5BC98B0C5BCA8B0D5BCB8BE6
:100E20000E5BCC8B0F5BCD8B105BCE8B115BCF8BB6
:100E3000125BD08B135BD18B145BD28B155BD38B86
:100E4000185BD48B195BD58B1A5BD68B1B5BD78B4E
:100E50001C5BD88B1D5BD98B1E5BDA8B1F5BDB8B1E
:100E6000205BDC8B215BDD8B225BDE8B235BDF8BEE
:100E7000245BE08B255BE18B265BE28B275BE38BBE
:100E8000285BE48B295BE58B2A5BE68B2B5BE78B8E
:100E90002C5BE88B2D5BE98B2E5BEA8B2F5BEB8B5E
:100EA000305BEC8B315BED8B335BEE8B355BEF8B2B
:100EB000365BF08B385BF18B395BF28B3A5BF38BF3
:100EC0003B5BF48B3C5BF58B3D5BF68B3E5BF78BC2
:100ED0003F5BF88B415BF98B425BFA8B435BFB8B8F
:100EE000445BFC8B455BFD8B465BFE8B475B408C1C
:100EF000485B418C495B428C4A5B438C4B5B448C26
:100F00004C5B458C4D5B468C4E5B478C4F5B488CF5
:100F1000525B498C565B4A8C5E5B4B8C605B4C8CA5
:100F2000615B4D8C675B4E8C685B4F8C6B5B508C50
:100F30006D5B518C6E5B528C6F5B538C725B548C0F
:100F4000745B558C765B568C775B578C785B588CD2
:100F5000795B598C7B5B5A8C7C5B5B8C7E5B5C8C9D
:100F60007F5B5D8C825B5E8C865B5F8C8A5B608C5A
:100F70008D5B618C8E5B628C905B638C915B648C0F
:100F8000925B658C945B668C965B678C9F5B688CD0
:100F9000A75B698CA85B6A8CA95B6B8CAC5B6C8C67
:100FA000AD5B6D8CAE5B6E8CAF5B6F8CB15B708C30
:100FB000B25B718CB75B728CBA5B738CBB5B748CED
:100FC000BC5B758CC05B768CC15B778CC35B788CAB
:100FD000C85B798CC95B7A8CCA5B7B8CCB5B7C8C65
:100FE000CD5B7D8CCE5B7E8CCF5B808CD15B818C2E
:100FF000D45B828CD55B838CD65B848CD75B858CF1
:10100000D85B868CD95B878CDA5B888CDB5B898CC0
:10101000DC5B8A8CE05B8B8CE25B8C8CE35B8D8C85
:10102000E65B8E8CE75B8F8CE95B908CEA5B918C46
:10103000EB5B928CEC5B938CED5B948CEF5B958C13
:10104000F15B968CF25B978CF35B988CF45B998CDC
:10105000F55B9A8CF65B9B8CF75B9C8CFD5B9D8CA7
:10106000FE5B9E8C005C9F8C025CA08C035CA18C60
:10107000055CA28C075CA38C085CA48C0B5CA58C23
:101080000C5CA68C0D5CA78C0E5CA88C105CA98CEB
:10109000125CAA8C135CAB8C175CAC8C195CAD8CAD
:1010A0001B5CAE8C1E5CAF8C1F5CB08C205CB18C6A
:1010B000215CB28C235CB38C265CB48C285CB58C30
:1010C000295CB68C2A5CB78C2B5CB88C2D5CB98CF7
:1010D0002E5CBA8C2F5CBB8C305CBC8C325CBD8CC3
:1010E000335CBE8C355CBF8C365CC08C375CC18C8D
:1010F000435CC28C445CC38C465CC48C475CC58C2E
:101100004C5CC68C4D5CC78C525CC88C535CC98CE3
:10111000545CCA8C565CCB8C575CCC8C585CCD8CA8
:101120005A5CCE8C5B5CCF8C5C5CD08C5D5CD18C73
:101130005F5CD28C625CD38C645CD48C675CD58C35
:10114000685CD68C695CD78C6A5CD88C6B5CD98CFB
:101150006C5CDA8C6D5CDB8C705CDC8C725CDD8CC6
:10116000735CDE8C745CDF8C755CE08C765CE18C8F
:10117000775CE28C785CE38C7B5CE48C7C5CE58C5B
:101180007D5CE68C7E5CE78C805CE88C835CE98C23
:10119000845CEA8C855CEB8C865CEC8C875CED8CEB
:1011A000895CEE8C8A5CEF8C8B5CF08C8E5CF18CB5
:1011B0008F5CF28C925CF38C935CF48C955CF58C78
:1011C0009D5CF68C9E5CF78C9F5CF88CA05CF98C27
:1011D000A15CFA8CA45CFB8CA55CFC8CA65CFD8CF1
:1011E000A75CFE8CA85C408DAA5C418DAE5C428DF4
:1011F000AF5C438DB05C448DB25C458DB45C468D74
:10120000B65C478DB95C488DBA5C498DBB5C4A8D34
:10121000BC5C4B8DBE5C4C8DC05C4D8DC25C4E8DFC
:10122000C35C4F8DC55C508DC65C518DC75C528DC3
:10123000C85C538DC95C548DCA5C558DCC5C568D91
:10124000CD5C578DCE5C588DCF5C598DD05C5A8D5E
:10125000D15C5B8DD35C5C8DD45C5D8DD55C5E8D2B
:10126000D65C5F8DD75C608DD85C618DDA5C628DF9
:10127000DB5C638DDC5C648DDD5C658DDE5C668DC6
:10128000DF5C678DE05C688DE25C698DE35C6A8D94
:10129000E75C6B8DE95C6C8DEB5C6D8DEC5C6E8D51
:1012A000EE5C6F8DEF5C708DF15C718DF25C728D18
:1012B000F35C738DF45C748DF55C758DF65C768DE6
:1012C000F75C778DF85C788DF95C798DFA5C7A8DB6
:1012D000FC5C7B8DFD5C7C8DFE5C7D8DFF5C7E8D82
:1012E000005D808D015D818D045D828D055D838D46
:1012F000085D848D095D858D0A5D868D0B5D878D0A
:101300000C5D888D0D5D898D0F5D8A8D105D8B8DD7
:10131000115D8C8D125D8D8D135D8E8D155D8F8DA4
:10132000175D908D185D918D195D928D1A5D938D6D
:101330001C5D948D1D5D958D1F5D968D205D978D37
:10134000215D988D225D998D235D9A8D255D9B8D04
:10135000285D9C8D2A5D9D8D2B5D9E8D2C5D9F8DC6
:101360002F5DA08D305DA18D315DA28D325DA38D8D
:10137000335DA48D355DA58D365DA68D375DA78D5A
:10138000385DA88D395DA98D3A5DAA8D3B5DAB8D29
:101390003C5DAC8D3F5DAD8D405DAE8D415DAF8DF3
:1013A000425DB08D435DB18D445DB28D455DB38DC1
:1013B000465DB48D485DB58D495DB68D4D5DB78D8B
:1013C0004E5DB88D4F5DB98D505DBA8D515DBB8D51
:1013D000525DBC8D535DBD8D545DBE8D555DBF8D21
:1013E000565DC08D575DC18D595DC28D5A5DC38DEF
:1013F0005C5DC48D5E5DC58D5F5DC68D605DC78DB6
:10140000615DC88D625DC98D635DCA8D645DCB8D84
:10141000655DCC8D665DCD8D675DCE8D685DCF8D54
:101420006A5DD08D6D5DD18D6E5DD28D705DD38D19
:10143000715DD48D725DD58D735DD68D755DD78DE3
:10144000765DD88D775DD98D785DDA8D795DDB8DB0
:101450007A5DDC8D7B5DDD8D7C5DDE8D7D5DDF8D80
:101460007E5DE08D7F5DE18D805DE28D815DE38D50
:10147000835DE48D845DE58D855DE68D865DE78D1C
:10148000875DE88D885DE98D895DEA8D8A5DEB8DEC
:101490008B5DEC8D8C5DED8D8D5DEE8D8E5DEF8DBC
:1014A0008F5DF08D905DF18D915DF28D925DF38D8C
:1014B000935DF48D945DF58D955DF68D965DF78D5C
:1014C000975DF88D985DF98D9A5DFA8D9B5DFB8D2A
:1014D0009C5DFC8D9E5DFD8D9F5DFE8DA05D408EB3
:1014E000A15D418EA25D428EA35D438EA45D448EBC
:1014F000A55D458EA65D468EA75D478EA85D488E8C
:10150000A95D498EAA5D4A8EAB5D4B8EAC5D4C8E5B
:10151000AD5D4D8EAE5D4E8EAF5D4F8EB05D508E2B
:10152000B15D518EB25D528EB35D538EB45D548EFB
:10153000B55D558EB65D568EB85D578EB95D588EC9
:10154000BA5D598EBB5D5A8EBC5D5B8EBD5D5C8E97
:10155000BE5D5D8EBF5D5E8EC05D5F8EC15D608E67
:10156000C25D618EC35D628EC45D638EC65D648E36
:10157000C75D658EC85D668EC95D678ECA5D688E03
:10158000CB5D698ECC5D6A8ECE5D6B8ECF5D6C8ED1
:10159000D05D6D8ED15D6E8ED25D6F8ED35D708E9F
:1015A000D45D718ED55D728ED65D738ED75D748E6F
:1015B000D85D758ED95D768EDA5D778EDC5D788E3E
:1015C000DF5D798EE05D7A8EE35D7B8EE45D7C8EFF
:1015D000EA5D7D8EEC5D7E8EED5D808EF05D818EB0
:1015E000F55D828EF65D838EF85D848EF95D858E65
:1015F000FA5D868EFB5D878EFC5D888EFF5D898E31
:10160000005E8A8E045E8B8E075E8C8E095E8D8EE8
:101610000A5E8E8E0B5E8F8E0D5E908E0E5E918EAC
:10162000125E928E135E938E175E948E1E5E958E62
:101630001F5E968E205E978E215E988E225E998E1A
:10164000235E9A8E245E9B8E255E9C8E285E9D8EE8
:10165000295E9E8E2A5E9F8E2B5EA08E2C5EA18EB2
:101660002F5EA28E305EA38E325EA48E335EA58E78
:10167000345EA68E355EA78E365EA88E395EA98E44
:101680003A5EAA8E3E5EAB8E3F5EAC8E405EAD8E05
:10169000415EAE8E435EAF8E465EB08E475EB18ECB
:1016A000485EB28E495EB38E4A5EB48E4B5EB58E96
:1016B0004D5EB68E4E5EB78E4F5EB88E505EB98E62
:1016C000515EBA8E525EBB8E535EBC8E565EBD8E30
:1016D000575EBE8E585EBF8E595EC08E5A5EC18EFA
:1016E0005C5EC28E5D5EC38E5F5EC48E605EC58EC4
:1016F000635EC68E645EC78E655EC88E665EC98E8A
:10170000675ECA8E685ECB8E695ECC8E6A5ECD8E59
:101710006B5ECE8E6C5ECF8E6D5ED08E6E5ED18E29
:101720006F5ED28E705ED38E715ED48E755ED58EF6
:10173000775ED68E795ED78E7E5ED88E815ED98EAC
:10174000825EDA8E835EDB8E855EDC8E885EDD8E69
:10175000895EDE8E8C5EDF8E8D5EE08E8E5EE18E2B
:10176000925EE28E985EE38E9B5EE48E9D5EE58ED9
:10177000A15EE68EA25EE78EA35EE88EA45EE98E91
:10178000A85EEA8EA95EEB8EAA5EEC8EAB5EED8E55
:10179000AC5EEE8EAE5EEF8EAF5EF08EB05EF18E22
:1017A000B15EF28EB25EF38EB45EF48EBA5EF58EEA
:1017B000BB5EF68EBC5EF78EBD5EF88EBF5EF98EA8
:1017C000C05EFA8EC15EFB8EC25EFC8EC35EFD8E75
:1017D000C45EFE8EC55E408FC65E418FC75E428F7F
:1017E000C85E438FCB5E448FCC5E458FCD5E468F07
:1017F000CE5E478FCF5E488FD05E498FD45E4A8FD2
:10180000D55E4B8FD75E4C8FD85E4D8FD95E4E8F95
:10181000DA5E4F8FDC5E508FDD5E518FDE5E528F61
:10182000DF5E538FE05E548FE15E558FE25E568F30
:10183000E35E578FE45E588FE55E598FE65E5A8F00
:10184000E75E5B8FE95E5C8FEB5E5D8FEC5E5E8FCB
:10185000ED5E5F8FEE5E608FEF5E618FF05E628F98
:10186000F15E638FF25E648FF35E658FF55E668F67
:10187000F85E678FF95E688FFB5E698FFC5E6A8F2A
:10188000FD5E6B8F055F6C8F065F6D8F075F6E8FE0
:10189000095F6F8F0C5F708F0D5F718F0E5F728F9E
:1018A000105F738F125F748F145F758F165F768F62
:1018B000195F778F1A5F788F1C5F798F1D5F7A8F22
:1018C0001E5F7B8F215F7C8F225F7D8F235F7E8FEA
:1018D000245F808F285F818F2B5F828F2C5F838FA7
:1018E0002E5F848F305F858F325F868F335F878F67
:1018F000345F888F355F898F365F8A8F375F8B8F34
:10190000385F8C8F3B5F8D8F3D5F8E8F3E5F8F8FFB
:101910003F5F908F415F918F425F928F435F938FC4
:10192000445F948F455F958F465F968F475F978F93
:10193000485F988F495F998F4A5F9A8F4B5F9B8F63
:101940004C5F9C8F4D5F9D8F4E5F9E8F4F5F9F8F33
:10195000515FA08F545FA18F595FA28F5A5FA38FF1
:101960005B5FA48F5C5FA58F5E5FA68F5F5FA78FB5
:10197000605FA88F635FA98F655FAA8F675FAB8F7A
:10198000685FAC8F6B5FAD8F6E5FAE8F6F5FAF8F39
:10199000725FB08F745FB18F755FB28F765FB38FF8
:1019A000785FB48F7A5FB58F7D5FB68F7E5FB78FBC
:1019B0007F5FB88F835FB98F865FBA8F8D5FBB8F74
:1019C0008E5FBC8F8F5FBD8F915FBE8F935FBF8F28
:1019D000945FC08F965FC18F9A5FC28F9B5FC38FEA
:1019E0009D5FC48F9E5FC58F9F5FC68FA05FC78FAF
:1019F000A25FC88FA35FC98FA45FCA8FA55FCB8F7B
:101A0000A65FCC8FA75FCD8FA95FCE8FAB5FCF8F47
:101A1000AC5FD08FAF5FD18FB05FD28FB15FD38F0C
:101A2000B25FD48FB35FD58FB45FD68FB65FD78FD9
:101A3000B85FD88FB95FD98FBA5FDA8FBB5FDB8FA2
:101A4000BE5FDC8FBF5FDD8FC05FDE8FC15FDF8F6A
:101A5000C25FE08FC75FE18FC85FE28FCA5FE38F2D
:101A6000CB5FE48FCE5FE58FD35FE68FD45FE78FE8
:101A7000D55FE88FDA5FE98FDB5FEA8FDC5FEB8FA2
:101A8000DE5FEC8FDF5FED8FE25FEE8FE35FEF8F66
:101A9000E55FF08FE65FF18FE85FF28FE95FF38F2C
:101AA000EC5FF48FEF5FF58FF05FF68FF25FF78FEB
:101AB000F35FF88FF45FF98FF65FFA8FF75FFB8FB4
:101AC000F95FFC8FFA5FFD8FFC5FFE8F076040902F
:101AD00008604190096042900B6043900C60449014
:101AE00010604590116046901360479017604890D1
:101AF000186049901A604A901E604B901F604C908D
:101B000022604D9023604E9024604F902C60509046
:101B10002D6051902E6052903060539031605490FF
:101B200032605590336056903460579036605890CC
:101B30003760599038605A9039605B903A605C9099
:101B40003D605D903E605E9040605F90446060905C
:101B50004560619046606290476063904860649021
:101B6000496065904A6066904C6067904E606890EE
:101B70004F60699051606A9053606B9054606C90B4
:101B800056606D9057606E9058606F905B6070907B
:101B90005C6071905E6072905F6073906060749042
:101BA0006160759065607690666077906E60789001
:101BB0007160799072607A9074607B9075607C90AF
:101BC00077607D907E607E90806080908160819063
:101BD0008260829085608390866084908760859023
:101BE000886086908A6087908B6088908E608990EC
:101BF0008F608A9090608B9091608C9093608D90B4
:101C000095608E9097608F90986090909960919079
:101C10009C6092909E609390A1609490A260959039
:101C2000A4609690A5609790A7609890A9609990FD
:101C3000AA609A90AE609B90B0609C90B3609D90BB
:101C4000B5609E90B6609F90B760A090B960A1907B
:101C5000BA60A290BD60A390BE60A490BF60A59042
:101C6000C060A690C160A790C260A890C360A99010
:101C7000C460AA90C760AB90C860AC90C960AD90DA
:101C8000CC60AE90CD60AF90CE60B090CF60B190A0
:101C9000D060B290D260B390D360B490D460B5906D
:101CA000D660B690D760B790D960B890DB60B99035
:101CB000DE60BA90E160BB90E260BC90E360BD90F2
:101CC000E460BE90E560BF90EA60C090F160C190B2
:101CD000F260C290F560C390F760C490F860C59060
:101CE000FB60C690FC60C790FD60C890FE60C99024
:101CF000FF60CA900261CB900361CC900461CD90EB
:101D00000561CE900761CF900A61D0900B61D190B0
:101D10000C61D2901061D3901161D4901261D59072
:101D20001361D6901461D7901661D8901761D9903D
:101D30001861DA901961DB901B61DC901C61DD9009
:101D40001D61DE901E61DF902161E0902261E190D3
:101D50002561E2902861E3902961E4902A61E59091
:101D60002C61E6902D61E7902E61E8902F61E9905B
:101D70003061EA903161EB903261EC903361ED902B
:101D80003461EE903561EF903661F0903761F190FB
:101D90003861F2903961F3903A61F4903B61F590CB
:101DA0003C61F6903D61F7903E61F8904061F9909A
:101DB0004161FA904261FB904361FC904461FD9067
:101DC0004561FE9046614091476141914961429170
:101DD0004B6143914D6144914F61459150614691F2
:101DE00052614791536148915461499156614A91BA
:101DF00057614B9158614C9159614D915A614E9187
:101E00005B614F915C6150915E6151915F61529154
:101E10006061539161615491636155916461569120
:101E20006561579166615891696159916A615A91EA
:101E30006B615B916C615C916D615D916E615E91B6
:101E40006F615F9171616091726161917361629183
:101E5000746163917661649178616591796166914D
:101E60007A6167917B6168917C6169917D616A911A
:101E70007E616B917F616C9180616D9181616E91EA
:101E800082616F91836170918461719185617291BA
:101E9000866173918761749188617591896176918A
:101EA0008A6177918C6178918D6179918F617A9156
:101EB00090617B9191617C9192617D9193617E9122
:101EC00095618091966181919761829198618391EA
:101ED000996184919A6185919B6186919C618791BA
:101EE0009E6188919F618991A0618A91A1618B9186
:101EF000A2618C91A3618D91A4618E91A5618F9156
:101F0000A6619091AA619191AB619291AD6193911B
:101F1000AE619491AF619591B0619691B1619791E5
:101F2000B2619891B3619991B4619A91B5619B91B5
:101F3000B6619C91B8619D91B9619E91BA619F9182
:101F4000BB61A091BC61A191BD61A291BF61A39150
:101F5000C061A491C161A591C361A691C461A7911B
:101F6000C561A891C661A991C761AA91C961AB91E8
:101F7000CC61AC91CD61AD91CE61AE91CF61AF91AD
:101F8000D061B091D361B191D561B291D661B39175
:101F9000D761B491D861B591D961B691DA61B79141
:101FA000DB61B891DC61B991DD61BA91DE61BB9111
:101FB000DF61BC91E061BD91E161BE91E261BF91E1
:101FC000E361C091E461C191E561C291E761C391B0
:101FD000E861C491E961C591EA61C691EB61C7917D
:101FE000EC61C891ED61C991EE61CA91EF61CB914D
:101FF000F061CC91F161CD91F261CE91F361CF911D
:10200000F461D091F661D191F761D291F861D391E9
:10201000F961D491FA61D591FB61D691FC61D791B8
:10202000FD61D891FE61D9910062DA910162DB9184
:102030000262DC910362DD910462DE910562DF9150
:102040000762E0910962E1911362E2911462E39107
:102050001962E4911C62E5911D62E6911E62E791AE
:102060002062E8912362E9912662EA912762EB916E
:102070002862EC912962ED912B62EE912D62EF9135
:102080002F62F0913062F1913162F2913262F391FC
:102090003562F4913662F5913862F6913962F791C2
:1020A0003A62F8913B62F9913C62FA914262FB918B
:1020B0004462FC914562FD914662FE914A62409203
:1020C0004F624192506242925562439256624492EC
:1020D00057624592596246925A6247925C624892B0
:1020E0005D6249925E624A925F624B9260624C927C
:1020F00061624D9262624E9264624F92656250924A
:1021000068625192716252927262539274625492F6
:102110007562559277625692786257927A625892B7
:102120007B6259927D625A9281625B9282625C927A
:1021300083625D9285625E9286625F928762609240
:10214000886261928B6262928C6263928D62649209
:102150008E6265928F6266929062679294626892D4
:10216000996269929C626A929D626B929E626C9285
:10217000A3626D92A6626E92A7626F92A96270923C
:10218000AA627192AD627292AE627392AF62749201
:10219000B0627592B2627692B3627792B4627892CC
:1021A000B6627992B7627A92B8627B92BA627C9296
:1021B000BE627D92C0627E92C1628092C362819251
:1021C000CB628292CF628392D1628492D5628592F1
:1021D000DD628692DE628792E0628892E162899295
:1021E000E4628A92EA628B92EB628C92F0628D9248
:1021F000F2628E92F5628F92F8629092F9629192F9
:10220000FA629292FB6293920063949203639592B6
:102210000463969205639792066398920A63999273
:102220000B639A920C639B920D639C920F639D9239
:1022300010639E9212639F921363A0921463A19203
:102240001563A2921763A3921863A4921963A592CF
:102250001C63A6922663A7922763A8922963A9927A
:102260002C63AA922D63AB922E63AC923063AD9235
:102270003163AE923363AF923463B0923563B192FF
:102280003663B2923763B3923863B4923B63B592CC
:102290003C63B6923E63B7923F63B8924063B99293
:1022A0004163BA924463BB924763BC924863BD9258
:1022B0004A63BE925163BF925263C0925363C1920C
:1022C0005463C2925663C3925763C4925863C592D3
:1022D0005963C6925A63C7925B63C8925C63C992A2
:1022E0005D63CA926063CB926463CC926563CD9266
:1022F0006663CE926863CF926A63D0926B63D19229
:102300006C63D2926F63D3927063D4927263D592EE
:102310007363D6927463D7927563D8927863D992B7
:102320007963DA927C63DB927D63DC927E63DD927B
:102330007F63DE928163DF928363E0928463E19244
:102340008563E2928663E3928B63E4928D63E59208
:102350009163E6929363E7929463E8929563E992BE
:102360009763EA929963EB929A63EC929B63ED9286
:102370009C63EE929D63EF929E63F0929F63F19255
:10238000A163F292A463F392A663F492AB63F59215
:10239000AF63F692B163F792B263F892B563F992C4
:1023A000B663FA92B963FB92BB63FC92BD63FD9284
:1023B000BF63FE92C0634093C1634193C263429383
:1023C000C3634393C5634493C7634593C86346930C
:1023D000CA634793CB634893CC634993D1634A93D1
:1023E000D3634B93D4634C93D5634D93D7634E9390
:1023F000D8634F93D9635093DA635193DB6352935D
:10240000DC635393DD635493DF635593E263569328
:10241000E4635793E5635893E6635993E7635A93EC
:10242000E8635B93EB635C93EC635D93EE635E93B5
:10243000EF635F93F0636093F1636193F36362937F
:10244000F5636393F7636493F9636593FA63669343
:10245000FB636793FC636893FE63699303646A9309
:1024600004646B9306646C9307646D9308646E93C5
:1024700009646F930A6470930D6471930E64729390
:102480001164739312647493156475931664769350
:102490001764779318647893196479931A647A931C
:1024A0001D647B931F647C9322647D9323647E93DD
:1024B00024648093256481932764829328648393A2
:1024C000296484932B6485932E6486932F64879369
:1024D000306488933164899332648A9333648B9334
:1024E00035648C9336648D9337648E9338648F9300
:1024F000396490933B6491933C6492933E649393CC
:10250000406494934264959343649693496497938B
:102510004B6498934C6499934D649A934E649B9347
:102520004F649C9350649D9351649E9353649F9316
:102530005564A0935664A1935764A2935964A393DE
:102540005A64A4935B64A5935C64A6935D64A793AB
:102550005F64A8936064A9936164AA936264AB9377
:102560006364AC936464AD936564AE936664AF9347
:102570006864B0936A64B1936B64B2936C64B39310
:102580006E64B4936F64B5937064B6937164B793DB
:102590007264B8937364B9937464BA937564BB93AB
:1025A0007664BC937764BD937B64BE937C64BF9375
:1025B0007D64C0937E64C1937F64C2938064C3933F
:1025C0008164C4938364C5938664C6938864C79307
:1025D0008964C8938A64C9938B64CA938C64CB93CF
:1025E0008D64CC938E64CD938F64CE939064CF939F
:1025F0009364D0939464D1939764D2939864D39363
:102600009A64D4939B64D5939C64D6939D64D7932A
:102610009F64D893A064D993A164DA93A264DB93F6
:10262000A364DC93A564DD93A664DE93A764DF93C3
:10263000A864E093AA64E193AB64E293AF64E3938C
:10264000B164E493B264E593B364E693B464E7934E
:10265000B664E893B964E993BB64EA93BD64EB9311
:10266000BE64EC93BF64ED93C164EE93C364EF93D7
:10267000C464F093C664F193C764F293C864F3939F
:10268000C964F493CA64F593CB64F693CC64F7936E
:10269000CF64F893D164F993D364FA93D464FB9331
:1026A000D564FC93D664FD93D964FE93DA644094B8
:1026B000DB644194DC644294DD644394DF644494BD
:1026C000E0644594E1644694E3644794E564489487
:1026D000E7644994E8644A94E9644B94EA644C944E
:1026E000EB644D94EC644E94ED644F94EE6450941E
:1026F000EF645194F0645294F1645394F2645494EE
:10270000F3645594F4645694F5645794F6645894BD
:10271000F7645994F8645A94F9645B94FA645C948D
:10272000FB645D94FC645E94FD645F94FE6460945D
:10273000FF64619401656294026563940365649427
:1027400004656594056566940665679407656894F5
:10275000086569940A656A940B656B940C656C94C2
:102760000D656D940E656E940F656F941065709491
:10277000116571941365729414657394156574945E
:102780001665759417657694196577941A6578942B
:102790001B6579941C657A941D657B941E657C94F9
:1027A0001F657D9420657E942165809422658194C7
:1027B0002365829424658394266584942765859493
:1027C00028658694296587942A6588942C65899460
:1027D0002D658A9430658B9431658C9432658D9427
:1027E00033658E9437658F943A6590943C659194E7
:1027F0003D659294406593944165949442659594A7
:102800004365969444659794466598944765999472
:102810004A659A944B659B944D659C944E659D9436
:1028200050659E9452659F945365A0945465A194FD
:102830005765A2945865A3945A65A4945C65A594C1
:102840005F65A6946065A7946165A8946465A99482
:102850006565AA946765AB946865AC946965AD9449
:102860006A65AE946D65AF946E65B0946F65B19412
:102870007165B2947365B3947565B4947665B594D7
:102880007865B6947965B7947A65B8947B65B994A0
:102890007C65BA947D65BB947E65BC947F65BD9470
:1028A0008065BE948165BF948265C0948365C19440
:1028B0008465C2948565C3948665C4948865C5940F
:1028C0008965C6948A65C7948D65C8948E65C994D8
:1028D0008F65CA949265CB949465CC949565CD949C
:1028E0009665CE949865CF949A65D0949D65D19461
:1028F0009E65D294A065D394A265D494A365D59423
:10290000A665D694A865D794AA65D894AC65D994E1
:10291000AE65DA94B165DB94B265DC94B365DD94A1
:10292000B465DE94B565DF94B665E094B765E1946F
:10293000B865E294BA65E394BB65E494BE65E5943A
:10294000BF65E694C065E794C265E894C765E994FD
:10295000C865EA94C965EB94CA65EC94CD65ED94BD
:10296000D065EE94D165EF94D365F094D465F1947D
:10297000D565F294D865F394D965F494DA65F59445
:10298000DB65F694DC65F794DD65F894DE65F99413
:10299000DF65FA94E165FB94E365FC94E465FD94DE
:1029A000EA65FE94EB654095F2654195F3654295C5
:1029B000F4654395F5654495F8654595F965469543
:1029C000FB654795FC654895FD654995FE654A950B
:1029D000FF654B9501664C9504664D9505664E95D1
:1029E00007664F9508665095096651950B66529596
:1029F0000D66539510665495116655951266569559
:102A00001666579517665895186659951A665A9519
:102A10001B665B951C665C951E665D9521665E95E2
:102A200022665F95236660952466619526666295A9
:102A3000296663952A6664952B6665952C6666956E
:102A40002E666795306668953266699533666A9535
:102A500037666B9538666C9539666D953A666E95F6
:102A60003B666F953D6670953F66719540667295C1
:102A70004266739544667495456675954666769587
:102A80004766779548667895496679954A667A9556
:102A90004D667B954E667C9550667D9551667E951C
:102AA00058668095596681955B6682955C668395CC
:102AB0005D6684955E668595606686956266879597
:102AC000636688956566899567668A9569668B955C
:102AD0006A668C956B668D956C668E956D668F9526
:102AE00071669095726691957366929575669395E9
:102AF00078669495796695957B6696957C669795AC
:102B00007D6698957F66999580669A9581669B9576
:102B100083669C9585669D9586669E9588669F953D
:102B20008966A0958A66A1958B66A2958D66A39508
:102B30008E66A4958F66A5959066A6959266A795D4
:102B40009366A8959466A9959566AA959866AB959F
:102B50009966AC959A66AD959B66AE959C66AF9569
:102B60009E66B0959F66B195A066B295A166B39535
:102B7000A266B495A366B595A466B695A566B79505
:102B8000A666B895A966B995AA66BA95AB66BB95CF
:102B9000AC66BC95AD66BD95AF66BE95B066BF959B
:102BA000B166C095B266C195B366C295B566C39568
:102BB000B666C495B766C595B866C695BA66C79534
:102BC000BB66C895BC66C995BD66CA95BF66CB9500
:102BD000C066CC95C166CD95C266CE95C366CF95CD
:102BE000C466D095C566D195C666D295C766D3959D
:102BF000C866D495C966D595CA66D695CB66D7956D
:102C0000CC66D895CD66D995CE66DA95CF66DB953C
:102C1000D066DC95D166DD95D266DE95D366DF950C
:102C2000D466E095D566E195D666E295D766E395DC
:102C3000D866E495DA66E595DE66E695DF66E795A3
:102C4000E066E895E166E995E266EA95E366EB956C
:102C5000E466EC95E566ED95E766EE95E866EF953A
:102C6000EA66F095EB66F195EC66F295ED66F39504
:102C7000EE66F495EF66F595F166F695F566F795CF
:102C8000F666F895F866F995FA66FA95FB66FB958F
:102C9000FD66FC950167FD950267FE95036740960A
:102CA0000467419605674296066743960767449610
:102CB0000C6745960E6746960F67479611674896CC
:102CC0001267499613674A9616674B9618674C9693
:102CD00019674D961A674E961C674F961E67509659
:102CE0002067519621675296226753962367549620
:102CF00024675596256756962767579629675896ED
:102D00002E67599630675A9632675B9633675C96A2
:102D100036675D9637675E9638675F963967609667
:102D20003B6761963C6762963E6763963F67649631
:102D300041676596446766964567679647676896F4
:102D40004A6769964B676A964D676B9652676C96B1
:102D500054676D9655676E9657676F96586770966D
:102D6000596771965A6772965B6773965D6774963A
:102D700062677596636776966467779666677896F6
:102D8000676779966B677A966C677B966E677C96B9
:102D900071677D9674677E96766780967867819670
:102DA000796782967A6783967B6784967D67859636
:102DB00080678696826787968367889685678996F7
:102DC00086678A9688678B968A678C968C678D96BD
:102DD0008D678E968E678F968F6790969167919686
:102DE0009267929693679396946794969667959652
:102DF000996796969B6797969F679896A06799960E
:102E0000A1679A96A4679B96A6679C96A9679D96CC
:102E1000AC679E96AE679F96B167A096B267A19683
:102E2000B467A296B967A396BA67A496BB67A5963E
:102E3000BC67A696BD67A796BE67A896BF67A9960A
:102E4000C067AA96C267AB96C567AC96C667AD96D3
:102E5000C767AE96C867AF96C967B096CA67B1969E
:102E6000CB67B296CC67B396CD67B496CE67B5966E
:102E7000D567B696D667B796D767B896DB67B99623
:102E8000DF67BA96E167BB96E367BC96E467BD96D9
:102E9000E667BE96E767BF96E867C096EA67C196A1
:102EA000EB67C296ED67C396EE67C496F267C59668
:102EB000F567C696F667C796F767C896F867C99626
:102EC000F967CA96FA67CB96FB67CC96FC67CD96F6
:102ED000FE67CE960168CF960268D0960368D196B9
:102EE0000468D2960668D3960D68D4961068D59675
:102EF0001268D6961468D7961568D8961868D99629
:102F00001968DA961A68DB961B68DC961C68DD96F1
:102F10001E68DE961F68DF962068E0962268E196BC
:102F20002368E2962468E3962568E4962668E59689
:102F30002768E6962868E7962B68E8962C68E99655
:102F40002D68EA962E68EB962F68EC963068ED9621
:102F50003168EE963468EF963568F0963668F196EB
:102F60003A68F2963B68F3963F68F4964768F596A0
:102F70004B68F6964D68F7964F68F8965268F99642
:102F80005668FA965768FB965868FC965968FD96FD
:102F90005A68FE965B6840975C6841975D68429707
:102FA0005E6843975F6844976A6845976C68469780
:102FB0006D6847976E6848976F68499770684A9739
:102FC00071684B9772684C9773684D9775684E9708
:102FD00078684F97796850977A6851977B685297CD
:102FE0007C6853977D6854977E6855977F6856979D
:102FF00080685797826858978468599787685A9766
:1030000088685B9789685C978A685D978B685E972C
:103010008C685F978D6860978E68619790686297FB
:1030200091686397926864979468659795686697C6
:103030009668679798686897996869979A686A9791
:103040009B686B979C686C979D686D979E686E9760
:103050009F686F97A0687097A1687197A36872972F
:10306000A4687397A5687497A9687597AA687697F6
:10307000AB687797AC687897AE687997B1687A97BC
:10308000B2687B97B4687C97B6687D97B7687E977F
:10309000B8688097B9688197BA688297BB68839748
:1030A000BC688497BD688597BE688697BF68879718
:1030B000C1688897C3688997C4688A97C5688B97E1
:1030C000C6688C97C7688D97C8688E97CA688F97AF
:1030D000CC689097CE689197CF689297D068939775
:1030E000D1689497D3689597D4689697D668979740
:1030F000D7689897D9689997DB689A97DC689B9707
:10310000DD689C97DE689D97DF689E97E1689F97D2
:10311000E268A097E468A197E568A297E668A3979C
:10312000E768A497E868A597E968A697EA68A7976B
:10313000EB68A897EC68A997ED68AA97EF68AB973A
:10314000F268AC97F368AD97F468AE97F668AF97FE
:10315000F768B097F868B197FB68B297FD68B397C6
:10316000FE68B497FF68B5970069B6970269B7978C
:103170000369B8970469B9970669BA970769BB9755
:103180000869BC970969BD970A69BE970C69BF9722
:103190000F69C0971169C1971369C2971469C397E2
:1031A0001569C4971669C5971769C6971869C797AF
:1031B0001969C8971A69C9971B69CA971C69CB977F
:1031C0001D69CC971E69CD972169CE972269CF974B
:1031D0002369D0972569D1972669D2972769D39714
:1031E0002869D4972969D5972A69D6972B69D797E3
:1031F0002C69D8972E69D9972F69DA973169DB97AF
:103200003269DC973369DD973569DE973669DF9778
:103210003769E0973869E1973A69E2973B69E39744
:103220003C69E4973E69E5974069E6974169E7970D
:103230004369E8974469E9974569EA974669EB97D6
:103240004769EC974869ED974969EE974A69EF97A6
:103250004B69F0974C69F1974D69F2974E69F39776
:103260004F69F4975069F5975169F6975269F79746
:103270005369F8975569F9975669FA975869FB9712
:103280005969FC975B69FD975C69FE975F69409897
:103290006169419862694298646943986569449894
:1032A0006769459868694698696947986A6948985E
:1032B0006C6949986D694A986F694B9870694C9828
:1032C00072694D9873694E9874694F9875695098F2
:1032D000766951987A6952987B6953987D695498B8
:1032E0007E6955987F69569881695798836958987F
:1032F000856959988A695A988B695B988C695C983A
:103300008E695D988F695E9890695F989169609801
:1033100092696198936962989669639897696498CD
:10332000996965989A6966989D6967989E69689891
:103330009F696998A0696A98A1696B98A2696C985D
:10334000A3696D98A4696E98A5696F98A66970982D
:10335000A9697198AA697298AC697398AE697498F2
:10336000AF697598B0697698B2697798B3697898BB
:10337000B5697998B6697A98B8697B98B9697C9883
:10338000BA697D98BC697E98BD698098BE6981984C
:10339000BF698298C0698398C2698498C369859817
:1033A000C4698698C5698798C6698898C7698998E5
:1033B000C8698A98C9698B98CB698C98CD698D98B2
:1033C000CF698E98D1698F98D2699098D369919876
:1033D000D5699298D6699398D7699498D869959841
:1033E000D9699698DA699798DC699898DD6999980F
:1033F000DE699A98E1699B98E2699C98E3699D98D7
:10340000E4699E98E5699F98E669A098E769A198A4
:10341000E869A298E969A398EA69A498EB69A59874
:10342000EC69A698EE69A798EF69A898F069A99841
:10343000F169AA98F369AB98F469AC98F569AD980D
:10344000F669AE98F769AF98F869B098F969B198DC
:10345000FA69B298FB69B398FC69B498FE69B598AB
:10346000006AB698016AB798026AB898036AB99870
:10347000046ABA98056ABB98066ABC98076ABD9840
:10348000086ABE98096ABF980B6AC0980C6AC1980E
:103490000D6AC2980E6AC3980F6AC498106AC598DC
:1034A000116AC698126AC798136AC898146AC998AC
:1034B000156ACA98166ACB98196ACC981A6ACD9878
:1034C0001B6ACE981C6ACF981D6AD0981E6AD19844
:1034D000206AD298226AD398236AD498246AD5980D
:1034E000256AD698266AD798276AD898296AD998DB
:1034F0002B6ADA982C6ADB982D6ADC982E6ADD98A4
:10350000306ADE98326ADF98336AE098346AE1986C
:10351000366AE298376AE398386AE498396AE59837
:103520003A6AE6983B6AE7983C6AE8983F6AE99805
:10353000406AEA98416AEB98426AEC98436AED98CF
:10354000456AEE98466AEF98486AF098496AF19899
:103550004A6AF2984B6AF3984C6AF4984D6AF59867
:103560004E6AF6984F6AF798516AF898526AF99835
:10357000536AFA98546AFB98556AFC98566AFD9803
:10358000576AFE985A6A40995C6A41995D6A429905
:103590005E6A43995F6A4499606A4599626A46998E
:1035A000636A4799646A4899666A4999676A4A9959
:1035B000686A4B99696A4C996A6A4D996B6A4E9927
:1035C0006C6A4F996D6A50996E6A51996F6A5299F7
:1035D000706A5399726A5499736A5599746A5699C4
:1035E000756A5799766A5899776A5999786A5A9993
:1035F0007A6A5B997B6A5C997D6A5D997E6A5E995D
:103600007F6A5F99816A6099826A6199836A629927
:10361000856A6399866A6499876A6599886A6699F2
:10362000896A67998A6A68998B6A69998C6A6A99C2
:103630008D6A6B998F6A6C99926A6D99936A6E998B
:10364000946A6F99956A7099966A7199986A729955
:10365000996A73999A6A74999B6A75999C6A769922
:103660009D6A77999E6A78999F6A7999A16A7A99F1
:10367000A26A7B99A36A7C99A46A7D99A56A7E99BE
:10368000A66A8099A76A8199A86A8299AA6A839989
:10369000AD6A8499AE6A8599AF6A8699B06A87994E
:1036A000B16A8899B26A8999B36A8A99B46A8B991E
:1036B000B56A8C99B66A8D99B76A8E99B86A8F99EE
:1036C000B96A9099BA6A9199BB6A9299BC6A9399BE
:1036D000BD6A9499BE6A9599BF6A9699C06A97998E
:1036E000C16A9899C26A9999C36A9A99C46A9B995E
:1036F000C56A9C99C66A9D99C76A9E99C86A9F992E
:10370000C96AA099CA6AA199CB6AA299CC6AA399FD
:10371000CD6AA499CE6AA599CF6AA699D06AA799CD
:10372000D16AA899D26AA999D36AAA99D46AAB999D
:10373000D56AAC99D66AAD99D76AAE99D86AAF996D
:10374000D96AB099DA6AB199DB6AB299DC6AB3993D
:10375000DD6AB499DE6AB599DF6AB699E06AB7990D
:10376000E16AB899E26AB999E36ABA99E46ABB99DD
:10377000E56ABC99E66ABD99E76ABE99E86ABF99AD
:10378000E96AC099EA6AC199EB6AC299EC6AC3997D
:10379000ED6AC499EE6AC599EF6AC699F06AC7994D
:1037A000F16AC899F26AC999F36ACA99F46ACB991D
:1037B000F56ACC99F66ACD99F76ACE99F86ACF99ED
:1037C000F96AD099FA6AD199FB6AD299FC6AD399BD
:1037D000FD6AD499FE6AD599FF6AD699006BD7998C
:1037E000016BD899026BD999036BDA99046BDB9959
:1037F000056BDC99066BDD99076BDE99086BDF9929
:10380000096BE0990A6BE1990B6BE2990C6BE399F8
:103810000D6BE4990E6BE5990F6BE699106BE799C8
:10382000116BE899126BE999136BEA99146BEB9998
:10383000156BEC99166BED99176BEE99186BEF9968
:10384000196BF0991A6BF1991B6BF2991C6BF39938
:103850001D6BF4991E6BF5991F6BF699256BF79903
:10386000266BF899286BF999296BFA992A6BFB99C1
:103870002B6BFC992C6BFD992D6BFE992E6B409A4E
:103880002F6B419A306B429A316B439A336B449A57
:10389000346B459A356B469A366B479A386B489A23
:1038A0003B6B499A3C6B4A9A3D6B4B9A3F6B4C9AE7
:1038B000406B4D9A416B4E9A426B4F9A446B509AB3
:1038C000456B519A486B529A4A6B539A4B6B549A78
:1038D0004D6B559A4E6B569A4F6B579A506B589A40
:1038E000516B599A526B5A9A536B5B9A546B5C9A10
:1038F000556B5D9A566B5E9A576B5F9A586B609AE0
:103900005A6B619A5B6B629A5C6B639A5D6B649AAB
:103910005E6B659A5F6B669A606B679A616B689A7B
:10392000686B699A696B6A9A6B6B6B9A6C6B6C9A31
:103930006D6B6D9A6E6B6E9A6F6B6F9A706B709AFF
:10394000716B719A726B729A736B739A746B749ACF
:10395000756B759A766B769A776B779A786B789A9F
:103960007A6B799A7D6B7A9A7E6B7B9A7F6B7C9A65
:10397000806B7D9A856B7E9A886B809A8C6B819A1E
:103980008E6B829A8F6B839A906B849A916B859AD7
:10399000946B869A956B879A976B889A986B899A9D
:1039A000996B8A9A9C6B8B9A9D6B8C9A9E6B8D9A65
:1039B0009F6B8E9AA06B8F9AA26B909AA36B919A31
:1039C000A46B929AA56B939AA66B949AA76B959AFF
:1039D000A86B969AA96B979AAB6B989AAC6B999ACD
:1039E000AD6B9A9AAE6B9B9AAF6B9C9AB06B9D9A9B
:1039F000B16B9E9AB26B9F9AB66BA09AB86BA19A64
:103A0000B96BA29ABA6BA39ABB6BA49ABC6BA59A2A
:103A1000BD6BA69ABE6BA79AC06BA89AC36BA99AF6
:103A2000C46BAA9AC66BAB9AC76BAC9AC86BAD9ABB
:103A3000C96BAE9ACA6BAF9ACC6BB09ACE6BB19A87
:103A4000D06BB29AD16BB39AD86BB49ADA6BB59A41
:103A5000DC6BB69ADD6BB79ADE6BB89ADF6BB99AFE
:103A6000E06BBA9AE26BBB9AE36BBC9AE46BBD9ACB
:103A7000E56BBE9AE66BBF9AE76BC09AE86BC19A9A
:103A8000E96BC29AEC6BC39AED6BC49AEE6BC59A64
:103A9000F06BC69AF16BC79AF26BC89AF46BC99A2D
:103AA000F66BCA9AF76BCB9AF86BCC9AFA6BCD9AF5
:103AB000FB6BCE9AFC6BCF9AFE6BD09AFF6BD19AC0
:103AC000006CD29A016CD39A026CD49A036CD59A8A
:103AD000046CD69A086CD79A096CD89A0A6CD99A51
:103AE0000B6CDA9A0C6CDB9A0E6CDC9A126CDD9A19
:103AF000176CDE9A1C6CDF9A1D6CE09A1E6CE19AC2
:103B0000206CE29A236CE39A256CE49A2B6CE59A7C
:103B10002C6CE69A2D6CE79A316CE89A336CE99A32
:103B2000366CEA9A376CEB9A396CEC9A3A6CED9AEF
:103B30003B6CEE9A3C6CEF9A3E6CF09A3F6CF19ABB
:103B4000436CF29A446CF39A456CF49A486CF59A7B
:103B50004B6CF69A4C6CF79A4D6CF89A4E6CF99A3D
:103B60004F6CFA9A516CFB9A526CFC9A536CFD9A0A
:103B7000566CFE9A586C409B596C419B5A6C429B08
:103B8000626C439B636C449B656C459B666C469B77
:103B9000676C479B6B6C489B6C6C499B6D6C4A9B3C
:103BA0006E6C4B9B6F6C4C9B716C4D9B736C4E9B06
:103BB000756C4F9B776C509B786C519B7A6C529BC9
:103BC0007B6C539B7C6C549B7F6C559B806C569B91
:103BD000846C579B876C589B8A6C599B8B6C5A9B47
:103BE0008D6C5B9B8E6C5C9B916C5D9B926C5E9B09
:103BF000956C5F9B966C609B976C619B986C629BCD
:103C00009A6C639B9C6C649B9D6C659B9E6C669B95
:103C1000A06C679BA26C689BA86C699BAC6C6A9B50
:103C2000AF6C6B9BB06C6C9BB46C6D9BB56C6E9BFE
:103C3000B66C6F9BB76C709BBA6C719BC06C729BBF
:103C4000C16C739BC26C749BC36C759BC66C769B7A
:103C5000C76C779BC86C789BCB6C799BCD6C7A9B3F
:103C6000CE6C7B9BCF6C7C9BD16C7D9BD26C7E9B06
:103C7000D86C809BD96C819BDA6C829BDC6C839BBB
:103C8000DD6C849BDF6C859BE46C869BE66C879B7C
:103C9000E76C889BE96C899BEC6C8A9BED6C8B9B39
:103CA000F26C8C9BF46C8D9BF96C8E9BFF6C8F9BE4
:103CB000006D909B026D919B036D929B056D939B94
:103CC000066D949B086D959B096D969B0A6D979B5D
:103CD0000D6D989B0F6D999B106D9A9B116D9B9B21
:103CE000136D9C9B146D9D9B156D9E9B166D9F9BEC
:103CF000186DA09B1C6DA19B1D6DA29B1F6DA39BAE
:103D0000206DA49B216DA59B226DA69B236DA79B77
:103D1000246DA89B266DA99B286DAA9B296DAB9B42
:103D20002C6DAC9B2D6DAD9B2F6DAE9B306DAF9B05
:103D3000346DB09B366DB19B376DB29B386DB39BC4
:103D40003A6DB49B3F6DB59B406DB69B426DB79B82
:103D5000446DB89B496DB99B4C6DBA9B506DBB9B34
:103D6000556DBC9B566DBD9B576DBE9B586DBF9BE3
:103D70005B6DC09B5D6DC19B5F6DC29B616DC39BA5
:103D8000626DC49B646DC59B656DC69B676DC79B6B
:103D9000686DC89B6B6DC99B6C6DCA9B6D6DCB9B31
:103DA000706DCC9B716DCD9B726DCE9B736DCF9BF7
:103DB000756DD09B766DD19B796DD29B7A6DD39BBF
:103DC0007B6DD49B7D6DD59B7E6DD69B7F6DD79B88
:103DD000806DD89B816DD99B836DDA9B846DDB9B55
:103DE000866DDC9B876DDD9B8A6DDE9B8B6DDF9B1B
:103DF0008D6DE09B8F6DE19B906DE29B926DE39BDF
:103E0000966DE49B976DE59B986DE69B996DE79B9E
:103E10009A6DE89B9C6DE99BA26DEA9BA56DEB9B5F
:103E2000AC6DEC9BAD6DED9BB06DEE9BB16DEF9B02
:103E3000B36DF09BB46DF19BB66DF29BB76DF39BC8
:103E4000B96DF49BBA6DF59BBB6DF69BBC6DF79B92
:103E5000BD6DF89BBE6DF99BC16DFA9BC26DFB9B5E
:103E6000C36DFC9BC86DFD9BC96DFE9BCA6D409CDC
:103E7000CD6D419CCE6D429CCF6D439CD06D449CDA
:103E8000D26D459CD36D469CD46D479CD56D489CA6
:103E9000D76D499CDA6D4A9CDB6D4B9CDC6D4C9C6C
:103EA000DF6D4D9CE26D4E9CE36D4F9CE56D509C2B
:103EB000E76D519CE86D529CE96D539CEA6D549CF2
:103EC000ED6D559CEF6D569CF06D579CF26D589CB6
:103ED000F46D599CF56D5A9CF66D5B9CF86D5C9C7D
:103EE000FA6D5D9CFD6D5E9CFE6D5F9CFF6D609C40
:103EF000006E619C016E629C026E639C036E649C0A
:103F0000046E659C066E669C076E679C086E689CD6
:103F1000096E699C0B6E6A9C0F6E6B9C126E6C9C9A
:103F2000136E6D9C156E6E9C186E6F9C196E709C56
:103F30001B6E719C1C6E729C1E6E739C1F6E749C1B
:103F4000226E759C266E769C276E779C286E789CD8
:103F50002A6E799C2C6E7A9C2E6E7B9C306E7C9C9B
:103F6000316E7D9C336E7E9C356E809C366E819C5E
:103F7000376E829C396E839C3B6E849C3C6E859C24
:103F80003D6E869C3E6E879C3F6E889C406E899CF1
:103F9000416E8A9C426E8B9C456E8C9C466E8D9CBD
:103FA000476E8E9C486E8F9C496E909C4A6E919C89
:103FB0004B6E929C4C6E939C4F6E949C506E959C55
:103FC000516E969C526E979C556E989C576E999C1C
:103FD000596E9A9C5A6E9B9C5C6E9C9C5D6E9D9CDF
:103FE0005E6E9E9C606E9F9C616EA09C626EA19CAA
:103FF000636EA29C646EA39C656EA49C666EA59C79
:10400000676EA69C686EA79C696EA89C6A6EA99C48
:104010006C6EAA9C6D6EAB9C6F6EAC9C706EAD9C12
:10402000716EAE9C726EAF9C736EB09C746EB19CE0
:10403000756EB29C766EB39C776EB49C786EB59CB0
:10404000796EB69C7A6EB79C7B6EB89C7C6EB99C80
:104050007D6EBA9C806EBB9C816EBC9C826EBD9C4A
:10406000846EBE9C876EBF9C886EC09C8A6EC19C0D
:104070008B6EC29C8C6EC39C8D6EC49C8E6EC59CD8
:10408000916EC69C926EC79C936EC89C946EC99CA0
:10409000956ECA9C966ECB9C976ECC9C996ECD9C6F
:1040A0009A6ECE9C9B6ECF9C9D6ED09C9E6ED19C3A
:1040B000A06ED29CA16ED39CA36ED49CA46ED59C02
:1040C000A66ED69CA86ED79CA96ED89CAB6ED99CC8
:1040D000AC6EDA9CAD6EDB9CAE6EDC9CB06EDD9C93
:1040E000B36EDE9CB56EDF9CB86EE09CB96EE19C51
:1040F000BC6EE29CBE6EE39CBF6EE49CC06EE59C11
:10410000C36EE69CC46EE79CC56EE89CC66EE99CD7
:10411000C86EEA9CC96EEB9CCA6EEC9CCC6EED9CA2
:10412000CD6EEE9CCE6EEF9CD06EF09CD26EF19C6C
:10413000D66EF29CD86EF39CD96EF49CDB6EF59C27
:10414000DC6EF69CDD6EF79CE36EF89CE76EF99CE6
:10415000EA6EFA9CEB6EFB9CEC6EFC9CED6EFD9C9B
:10416000EE6EFE9CEF6E409DF06E419DF16E429DA5
:10417000F26E439DF36E449DF56E459DF66E469D31
:10418000F76E479DF86E489DFA6E499DFB6E4A9DFD
:10419000FC6E4B9DFD6E4C9DFE6E4D9DFF6E4E9DCB
:1041A000006F4F9D016F509D036F519D046F529D95
:1041B000056F539D076F549D086F559D0A6F569D5F
:1041C0000B6F579D0C6F589D0D6F599D0E6F5A9D2B
:1041D000106F5B9D116F5C9D126F5D9D166F5E9DF4
:1041E000176F5F9D186F609D196F619D1A6F629DBB
:1041F0001B6F639D1C6F649D1D6F659D1E6F669D8B
:104200001F6F679D216F689D226F699D236F6A9D57
:10421000256F6B9D266F6C9D276F6D9D286F6E9D22
:104220002C6F6F9D2E6F709D306F719D326F729DE0
:10423000346F739D356F749D376F759D386F769DA4
:10424000396F779D3A6F789D3B6F799D3C6F7A9D72
:104250003D6F7B9D3F6F7C9D406F7D9D416F7E9D3F
:10426000426F809D436F819D446F829D456F839D0A
:10427000486F849D496F859D4A6F869D4C6F879DD1
:104280004E6F889D4F6F899D506F8A9D516F8B9D9A
:10429000526F8C9D536F8D9D546F8E9D556F8F9D6A
:1042A000566F909D576F919D596F929D5A6F939D38
:1042B0005B6F949D5D6F959D5F6F969D606F979D01
:1042C000616F989D636F999D646F9A9D656F9B9DCB
:1042D000676F9C9D686F9D9D696F9E9D6A6F9F9D96
:1042E0006B6FA09D6C6FA19D6F6FA29D706FA39D62
:1042F000716FA49D736FA59D756FA69D766FA79D29
:10430000776FA89D796FA99D7B6FAA9D7D6FAB9DEF
:104310007E6FAC9D7F6FAD9D806FAE9D816FAF9DB9
:10432000826FB09D836FB19D856FB29D866FB39D87
:10433000876FB49D8A6FB59D8B6FB69D8F6FB79D4C
:10434000906FB89D916FB99D926FBA9D936FBB9D11
:10435000946FBC9D956FBD9D966FBE9D976FBF9DE1
:10436000986FC09D996FC19D9A6FC29D9B6FC39DB1
:104370009D6FC49D9E6FC59D9F6FC69DA06FC79D7D
:10438000A26FC89DA36FC99DA46FCA9DA56FCB9D49
:10439000A66FCC9DA86FCD9DA96FCE9DAA6FCF9D16
:1043A000AB6FD09DAC6FD19DAD6FD29DAE6FD39DE5
:1043B000AF6FD49DB06FD59DB16FD69DB26FD79DB5
:1043C000B46FD89DB56FD99DB76FDA9DB86FDB9D7F
:1043D000BA6FDC9DBB6FDD9DBC6FDE9DBD6FDF9D49
:1043E000BE6FE09DBF6FE19DC16FE29DC36FE39D16
:1043F000C46FE49DC56FE59DC66FE69DC76FE79DE1
:10440000C86FE89DCA6FE99DCB6FEA9DCC6FEB9DAD
:10441000CD6FEC9DCE6FED9DCF6FEE9DD06FEF9D7C
:10442000D36FF09DD46FF19DD56FF29DD66FF39D44
:10443000D76FF49DD86FF59DD96FF69DDA6FF79D14
:10444000DB6FF89DDC6FF99DDD6FFA9DDF6FFB9DE3
:10445000E26FFC9DE36FFD9DE46FFE9DE56F409E66
:10446000E66F419EE76F429EE86F439EE96F449E70
:10447000EA6F459EEB6F469EEC6F479EED6F489E40
:10448000F06F499EF16F4A9EF26F4B9EF36F4C9E08
:10449000F46F4D9EF56F4E9EF66F4F9EF76F509ED8
:1044A000F86F519EF96F529EFA6F539EFB6F549EA8
:1044B000FC6F559EFD6F569EFE6F579EFF6F589E78
:1044C0000070599E01705A9E02705B9E03705C9E44
:1044D00004705D9E05705E9E06705F9E0770609E14
:1044E0000870619E0970629E0A70639E0B70649EE4
:1044F0000C70659E0D70669E0E70679E0F70689EB4
:104500001070699E12706A9E13706B9E14706C9E80
:1045100015706D9E16706E9E17706F9E1870709E4F
:104520001970719E1C70729E1D70739E1E70749E19
:104530001F70759E2070769E2170779E2270789EE7
:104540002470799E25707A9E26707B9E27707C9EB3
:1045500028707D9E29707E9E2A70809E2B70819E81
:104560002C70829E2D70839E2E70849E2F70859E4F
:104570003070869E3170879E3270889E3370899E1F
:1045800034708A9E36708B9E37708C9E38708D9EEC
:104590003A708E9E3B708F9E3C70909E3D70919EB7
:1045A0003E70929E3F70939E4070949E4170959E87
:1045B0004270969E4370979E4470989E4570999E57
:1045C00046709A9E47709B9E48709C9E49709D9E27
:1045D0004A709E9E4B709F9E4D70A09E4E70A19EF5
:1045E0005070A29E5170A39E5270A49E5370A59EBF
:1045F0005470A69E5570A79E5670A89E5770A99E8F
:104600005870AA9E5970AB9E5A70AC9E5B70AD9E5E
:104610005C70AE9E5D70AF9E5F70B09E6070B19E2C
:104620006170B29E6270B39E6370B49E6470B59EFA
:104630006570B69E6670B79E6770B89E6870B99ECA
:104640006970BA9E6A70BB9E6E70BC9E7170BD9E92
:104650007270BE9E7370BF9E7470C09E7770C19E54
:104660007970C29E7A70C39E7B70C49E7D70C59E19
:104670008170C69E8270C79E8370C89E8470C99EDA
:104680008670CA9E8770CB9E8870CC9E8B70CD9EA4
:104690008C70CE9E8D70CF9E8F70D09E9070D19E6C
:1046A0009170D29E9370D39E9770D49E9870D59E31
:1046B0009A70D69E9B70D79E9E70D89E9F70D99EF2
:1046C000A070DA9EA170DB9EA270DC9EA370DD9EBE
:1046D000A470DE9EA570DF9EA670E09EA770E19E8E
:1046E000A870E29EA970E39EAA70E49EB070E59E59
:1046F000B270E69EB470E79EB570E89EB670E99E13
:10470000BA70EA9EBE70EB9EBF70EC9EC470ED9EC8
:10471000C570EE9EC670EF9EC770F09EC970F19E88
:10472000CB70F29ECC70F39ECD70F49ECE70F59E51
:10473000CF70F69ED070F79ED170F89ED270F99E21
:10474000D370FA9ED470FB9ED570FC9ED670FD9EF1
:10475000D770FE9EDA70409FDC70419FDD70429FF3
:10476000DE70439FE070449FE170459FE270469F7A
:10477000E370479FE570489FEA70499FEE704A9F3B
:10478000F0704B9FF1704C9FF2704D9FF3704E9FF5
:10479000F4704F9FF570509FF670519FF870529FC4
:1047A000FA70539FFB70549FFC70559FFE70569F8C
:1047B000FF70579F0071589F0171599F02715A9F56
:1047C00003715B9F04715C9F05715D9F06715E9F25
:1047D00007715F9F0871609F0B71619F0C71629FF1
:1047E0000D71639F0E71649F0F71659F1171669FBC
:1047F0001271679F1471689F1771699F1B716A9F7F
:104800001C716B9F1D716C9F1E716D9F1F716E9F40
:1048100020716F9F2171709F2271719F2371729F10
:104820002471739F2571749F2771759F2871769FDE
:104830002971779F2A71789F2B71799F2C717A9FAC
:104840002D717B9F2E717C9F32717D9F33717E9F76
:104850003471809F3571819F3771829F3871839F3A
:104860003971849F3A71859F3B71869F3C71879F08
:104870003D71889F3E71899F3F718A9F40718B9FD8
:1048800041718C9F42718D9F43718E9F44718F9FA8
:104890004671909F4771919F4871929F4971939F74
:1048A0004B71949F4D71959F4F71969F5071979F3B
:1048B0005171989F5271999F53719A9F54719B9F08
:1048C00055719C9F56719D9F57719E9F58719F9FD8
:1048D0005971A09F5A71A19F5B71A29F5D71A39FA7
:1048E0005F71A49F6071A59F6171A69F6271A79F70
:1048F0006371A89F6571A99F6971AA9F6A71AB9F37
:104900006B71AC9F6C71AD9F6D71AE9F6F71AF9FFE
:104910007071B09F7171B19F7471B29F7571B39FC7
:104920007671B49F7771B59F7971B69F7B71B79F90
:104930007C71B89F7E71B99F7F71BA9F8071BB9F58
:104940008171BC9F8271BD9F8371BE9F8571BF9F26
:104950008671C09F8771C19F8871C29F8971C39FF3
:104960008B71C49F8C71C59F8D71C69F8E71C79FBF
:104970009071C89F9171C99F9271CA9F9371CB9F8B
:104980009571CC9F9671CD9F9771CE9F9A71CF9F55
:104990009B71D09F9C71D19F9D71D29F9E71D39F1F
:1049A000A171D49FA271D59FA371D69FA471D79FE7
:1049B000A571D89FA671D99FA771DA9FA971DB9FB6
:1049C000AA71DC9FAB71DD9FAD71DE9FAE71DF9F81
:1049D000AF71E09FB071E19FB171E29FB271E39F4F
:1049E000B471E49FB671E59FB771E69FB871E79F18
:1049F000BA71E89FBB71E99FBC71EA9FBD71EB9FE3
:104A0000BE71EC9FBF71ED9FC071EE9FC171EF9FB2
:104A1000C271F09FC471F19FC571F29FC671F39F7F
:104A2000C771F49FC871F59FC971F69FCA71F79F4E
:104A3000CB71F89FCC71F99FCD71FA9FCF71FB9F1D
:104A4000D071FC9FD171FD9FD271FE9FD37140A0A8
:104A5000D67141A0D77142A0D87143A0D97144A0AA
:104A6000DA7145A0DB7146A0DC7147A0DD7148A07A
:104A7000DE7149A0DF714AA0E1714BA0E2714CA048
:104A8000E3714DA0E4714EA0E6714FA0E87150A013
:104A9000E97151A0EA7152A0EB7153A0EC7154A0DE
:104AA000ED7155A0EF7156A0F07157A0F17158A0AB
:104AB000F27159A0F3715AA0F4715BA0F5715CA07A
:104AC000F6715DA0F7715EA0F8715FA0FA7160A049
:104AD000FB7161A0FC7162A0FD7163A0FE7164A016
:104AE000FF7165A0007266A0017267A0027268A0E3
:104AF000037269A004726AA005726BA007726CA0B1
:104B000008726DA009726EA00A726FA00B7270A07D
:104B10000C7271A00D7272A00E7273A00F7274A04D
:104B2000107275A0117276A0127277A0137278A01D
:104B3000147279A015727AA016727BA017727CA0ED
:104B400018727DA019727EA01A7280A01B7281A0BB
:104B50001C7282A01E7283A01F7284A0207285A086
:104B6000217286A0227287A0237288A0247289A055
:104B700025728AA026728BA027728CA029728DA024
:104B80002B728EA02D728FA02E7290A02F7291A0EA
:104B9000327292A0337293A0347294A03A7295A0AC
:104BA0003C7296A03E7297A0407298A0417299A064
:104BB00042729AA043729BA044729CA045729DA031
:104BC00046729EA049729FA04A72A0A04B72A1A0FB
:104BD0004E72A2A04F72A3A05072A4A05172A5A0C1
:104BE0005372A6A05472A7A05572A8A05772A9A08C
:104BF0005872AAA05A72ABA05C72ACA05E72ADA053
:104C00006072AEA06372AFA06472B0A06572B1A012
:104C10006872B2A06A72B3A06B72B4A06C72B5A0D5
:104C20006D72B6A07072B7A07172B8A07372B9A09D
:104C30007472BAA07672BBA07772BCA07872BDA065
:104C40007B72BEA07C72BFA07D72C0A08272C1A028
:104C50008372C2A08572C3A08672C4A08772C5A0E9
:104C60008872C6A08972C7A08C72C8A08E72C9A0B3
:104C70009072CAA09172CBA09372CCA09472CDA076
:104C80009572CEA09672CFA09772D0A09872D1A044
:104C90009972D2A09A72D3A09B72D4A09C72D5A014
:104CA0009D72D6A09E72D7A0A072D8A0A172D9A0E2
:104CB000A272DAA0A372DBA0A472DCA0A572DDA0B0
:104CC000A672DEA0A772DFA0A872E0A0A972E1A080
:104CD000AA72E2A0AB72E3A0AE72E4A0B172E5A04A
:104CE000B272E6A0B372E7A0B572E8A0BA72E9A00A
:104CF000BB72EAA0BC72EBA0BD72ECA0BE72EDA0CC
:104D0000BF72EEA0C072EFA0C572F0A0C672F1A093
:104D1000C772F2A0C972F3A0CA72F4A0CB72F5A058
:104D2000CC72F6A0CF72F7A0D172F8A0D372F9A01E
:104D3000D472FAA0D572FBA0D672FCA0D872FDA0E6
:104D4000DA72FEA0DB72A1A10030A2A10130A3A102
:104D50000230A4A1B700A5A1C902A6A1C702A7A1BC
:104D6000A800A8A10330A9A10530AAA11420ABA1D5
:104D70005EFFACA11620ADA12620AEA11820AFA1E8
:104D80001920B0A11C20B1A11D20B2A11430B3A1E3
:104D90001530B4A10830B5A10930B6A10A30B7A1C9
:104DA0000B30B8A10C30B9A10D30BAA10E30BBA1A7
:104DB0000F30BCA11630BDA11730BEA11030BFA16D
:104DC0001130C0A1B100C1A1D700C2A1F700C3A199
:104DD0003622C4A12722C5A12822C6A11122C7A11B
:104DE0000F22C8A12A22C9A12922CAA10822CBA127
:104DF0003722CCA11A22CDA1A522CEA12522CFA156
:104E00002022D0A11223D1A19922D2A12B22D3A159
:104E10002E22D4A16122D5A14C22D6A14822D7A10D
:104E20003D22D8A11D22D9A16022DAA16E22DBA1E8
:104E30006F22DCA16422DDA16522DEA11E22DFA19A
:104E40003522E0A13422E1A14226E2A14026E3A1DD
:104E5000B000E4A13220E5A13320E6A10321E7A1BF
:104E600004FFE8A1A400E9A1E0FFEAA1E1FFEBA1B2
:104E70003020ECA1A700EDA11621EEA10626EFA19E
:104E80000526F0A1CB25F1A1CF25F2A1CE25F3A1D6
:104E9000C725F4A1C625F5A1A125F6A1A025F7A156
:104EA000B325F8A1B225F9A13B20FAA19221FBA1DB
:104EB0009021FCA19121FDA19321FEA11330A1A27B
:104EC0007021A2A27121A3A27221A4A27321A5A282
:104ED0007421A6A27521A7A27621A8A27721A9A252
:104EE0007821AAA27921B1A28824B2A28924B3A2EE
:104EF0008A24B4A28B24B5A28C24B6A28D24B7A296
:104F00008E24B8A28F24B9A29024BAA29124BBA265
:104F10009224BCA29324BDA29424BEA29524BFA235
:104F20009624C0A29724C1A29824C2A29924C3A205
:104F30009A24C4A29B24C5A27424C6A27524C7A225
:104F40007624C8A27724C9A27824CAA27924CBA245
:104F50007A24CCA27B24CDA27C24CEA27D24CFA215
:104F60007E24D0A27F24D1A28024D2A28124D3A2E5
:104F70008224D4A28324D5A28424D6A28524D7A2B5
:104F80008624D8A28724D9A26024DAA26124DBA2D5
:104F90006224DCA26324DDA26424DEA26524DFA2F5
:104FA0006624E0A26724E1A26824E2A26924E5A2C3
:104FB0002032E6A22132E7A22232E8A22332E9A27D
:104FC0002432EAA22532EBA22632ECA22732EDA24D
:104FD0002832EEA22932F1A26021F2A26121F3A2CD
:104FE0006221F4A26321F5A26421F6A26521F7A251
:104FF0006621F8A26721F9A26821FAA26921FBA221
:105000006A21FCA26B21A1A301FFA2A302FFA3A31B
:1050100003FFA4A3E5FFA5A305FFA6A306FFA7A37F
:1050200007FFA8A308FFA9A309FFAAA30AFFABA330
:105030000BFFACA30CFFADA30DFFAEA30EFFAFA300
:105040000FFFB0A310FFB1A311FFB2A312FFB3A3D0
:1050500013FFB4A314FFB5A315FFB6A316FFB7A3A0
:1050600017FFB8A318FFB9A319FFBAA31AFFBBA370
:105070001BFFBCA31CFFBDA31DFFBEA31EFFBFA340
:105080001FFFC0A320FFC1A321FFC2A322FFC3A310
:1050900023FFC4A324FFC5A325FFC6A326FFC7A3E0
:1050A00027FFC8A328FFC9A329FFCAA32AFFCBA3B0
:1050B0002BFFCCA32CFFCDA32DFFCEA32EFFCFA380
:1050C0002FFFD0A330FFD1A331FFD2A332FFD3A350
:1050D00033FFD4A334FFD5A335FFD6A336FFD7A320
:1050E00037FFD8A338FFD9A339FFDAA33AFFDBA3F0
:1050F0003BFFDCA33CFFDDA33DFFDEA33EFFDFA3C0
:105100003FFFE0A340FFE1A341FFE2A342FFE3A38F
:1051100043FFE4A344FFE5A345FFE6A346FFE7A35F
:1051200047FFE8A348FFE9A349FFEAA34AFFEBA32F
:105130004BFFECA34CFFEDA34DFFEEA34EFFEFA3FF
:105140004FFFF0A350FFF1A351FFF2A352FFF3A3CF
:1051500053FFF4A354FFF5A355FFF6A356FFF7A39F
:1051600057FFF8A358FFF9A359FFFAA35AFFFBA36F
:105170005BFFFCA35CFFFDA35DFFFEA3E3FFA1A417
:105180004130A2A44230A3A44330A4A44430A5A437
:105190004530A6A44630A7A44730A8A44830A9A407
:1051A0004930AAA44A30ABA44B30ACA44C30ADA4D7
:1051B0004D30AEA44E30AFA44F30B0A45030B1A4A7
:1051C0005130B2A45230B3A45330B4A45430B5A477
:1051D0005530B6A45630B7A45730B8A45830B9A447
:1051E0005930BAA45A30BBA45B30BCA45C30BDA417
:1051F0005D30BEA45E30BFA45F30C0A46030C1A4E7
:105200006130C2A46230C3A46330C4A46430C5A4B6
:105210006530C6A46630C7A46730C8A46830C9A486
:105220006930CAA46A30CBA46B30CCA46C30CDA456
:105230006D30CEA46E30CFA46F30D0A47030D1A426
:105240007130D2A47230D3A47330D4A47430D5A4F6
:105250007530D6A47630D7A47730D8A47830D9A4C6
:105260007930DAA47A30DBA47B30DCA47C30DDA496
:105270007D30DEA47E30DFA47F30E0A48030E1A466
:105280008130E2A48230E3A48330E4A48430E5A436
:105290008530E6A48630E7A48730E8A48830E9A406
:1052A0008930EAA48A30EBA48B30ECA48C30EDA4D6
:1052B0008D30EEA48E30EFA48F30F0A49030F1A4A6
:1052C0009130F2A49230F3A49330A1A5A130A2A50D
:1052D000A230A3A5A330A4A5A430A5A5A530A6A55A
:1052E000A630A7A5A730A8A5A830A9A5A930AAA52A
:1052F000AA30ABA5AB30ACA5AC30ADA5AD30AEA5FA
:10530000AE30AFA5AF30B0A5B030B1A5B130B2A5C9
:10531000B230B3A5B330B4A5B430B5A5B530B6A599
:10532000B630B7A5B730B8A5B830B9A5B930BAA569
:10533000BA30BBA5BB30BCA5BC30BDA5BD30BEA539
:10534000BE30BFA5BF30C0A5C030C1A5C130C2A509
:10535000C230C3A5C330C4A5C430C5A5C530C6A5D9
:10536000C630C7A5C730C8A5C830C9A5C930CAA5A9
:10537000CA30CBA5CB30CCA5CC30CDA5CD30CEA579
:10538000CE30CFA5CF30D0A5D030D1A5D130D2A549
:10539000D230D3A5D330D4A5D430D5A5D530D6A519
:1053A000D630D7A5D730D8A5D830D9A5D930DAA5E9
:1053B000DA30DBA5DB30DCA5DC30DDA5DD30DEA5B9
:1053C000DE30DFA5DF30E0A5E030E1A5E130E2A589
:1053D000E230E3A5E330E4A5E430E5A5E530E6A559
:1053E000E630E7A5E730E8A5E830E9A5E930EAA529
:1053F000EA30EBA5EB30ECA5EC30EDA5ED30EEA5F9
:10540000EE30EFA5EF30F0A5F030F1A5F130F2A5C8
:10541000F230F3A5F330F4A5F430F5A5F530F6A598
:10542000F630A1A69103A2A69203A3A69303A4A675
:105430009403A5A69503A6A69603A7A69703A8A6D8
:105440009803A9A69903AAA69A03ABA69B03ACA6A8
:105450009C03ADA69D03AEA69E03AFA69F03B0A678
:10546000A003B1A6A103B2A6A303B3A6A403B4A646
:10547000A503B5A6A603B6A6A703B7A6A803B8A614
:10548000A903C1A6B103C2A6B203C3A6B303C4A6AF
:10549000B403C5A6B503C6A6B603C7A6B703C8A678
:1054A000B803C9A6B903CAA6BA03CBA6BB03CCA648
:1054B000BC03CDA6BD03CEA6BE03CFA6BF03D0A618
:1054C000C003D1A6C103D2A6C303D3A6C403D4A6E6
:1054D000C503D5A6C603D6A6C703D7A6C803D8A6B4
:1054E000C903E0A635FEE1A636FEE2A639FEE3A634
:1054F0003AFEE4A63FFEE5A640FEE6A63DFEE7A690
:105500003EFEE8A641FEE9A642FEEAA643FEEBA661
:1055100044FEEEA63BFEEFA63CFEF0A637FEF1A64B
:1055200038FEF2A631FEF4A633FEF5A634FEA1A79E
:105530001004A2A71104A3A71204A4A71304A5A7EB
:105540001404A6A71504A7A70104A8A71604A9A7D1
:105550001704AAA71804ABA71904ACA71A04ADA78F
:105560001B04AEA71C04AFA71D04B0A71E04B1A75F
:105570001F04B2A72004B3A72104B4A72204B5A72F
:105580002304B6A72404B7A72504B8A72604B9A7FF
:105590002704BAA72804BBA72904BCA72A04BDA7CF
:1055A0002B04BEA72C04BFA72D04C0A72E04C1A79F
:1055B0002F04D1A73004D2A73104D3A73204D4A733
:1055C0003304D5A73404D6A73504D7A75104D8A7E8
:1055D0003604D9A73704DAA73804DBA73904DCA7D7
:1055E0003A04DDA73B04DEA73C04DFA73D04E0A7A7
:1055F0003E04E1A73F04E2A74004E3A74104E4A777
:105600004204E5A74304E6A74404E7A74504E8A746
:105610004604E9A74704EAA74804EBA74904ECA716
:105620004A04EDA74B04EEA74C04EFA74D04F0A7E6
:105630004E04F1A74F0440A8CA0241A8CB0242A8D9
:10564000D90243A8132044A8152045A8252046A820
:10565000352047A8052148A8092149A896214AA82C
:1056600097214BA898214CA899214DA815224EA806
:105670001F224FA8232250A8522251A8662252A8C6
:10568000672253A8BF2254A8502555A8512556A8D3
:10569000522557A8532558A8542559A855255AA826
:1056A00056255BA857255CA858255DA859255EA8F6
:1056B0005A255FA85B2560A85C2561A85D2562A8C6
:1056C0005E2563A85F2564A8602565A8612566A896
:1056D000622567A8632568A8642569A865256AA866
:1056E00066256BA867256CA868256DA869256EA836
:1056F0006A256FA86B2570A86C2571A86D2572A806
:105700006E2573A86F2574A8702575A8712576A8D5
:10571000722577A8732578A8812579A882257AA88B
:1057200083257BA884257CA885257DA886257EA841
:10573000872580A8882581A8892582A88A2583A80D
:105740008B2584A88C2585A88D2586A88E2587A8DD
:105750008F2588A8932589A894258AA895258BA8A4
:10576000BC258CA8BD258DA8E2258EA8E3258FA891
:10577000E42590A8E52591A8092692A8952293A84A
:10578000123094A81D3095A81E30A1A80101A2A82E
:10579000E100A3A8CE01A4A8E000A5A81301A6A833
:1057A000E900A7A81B01A8A8E800A9A82B01AAA89E
:1057B000ED00ABA8D001ACA8EC00ADA84D01AEA89F
:1057C000F300AFA8D201B0A8F200B1A86B01B2A853
:1057D000FA00B3A8D401B4A8F900B5A8D601B6A8B8
:1057E000D801B7A8DA01B8A8DC01B9A8FC00BAA8AA
:1057F000EA00BBA85102BDA84401BEA84801C0A848
:105800006102C5A80531C6A80631C7A80731C8A8D6
:105810000831C9A80931CAA80A31CBA80B31CCA8D4
:105820000C31CDA80D31CEA80E31CFA80F31D0A8A4
:105830001031D1A81131D2A81231D3A81331D4A874
:105840001431D5A81531D6A81631D7A81731D8A844
:105850001831D9A81931DAA81A31DBA81B31DCA814
:105860001C31DDA81D31DEA81E31DFA81F31E0A8E4
:105870002031E1A82131E2A82231E3A82331E4A8B4
:105880002431E5A82531E6A82631E7A82731E8A884
:105890002831E9A8293140A9213041A9223042A963
:1058A000233043A9243044A9253045A9263046A9F0
:1058B000273047A9283048A9293049A9A3324AA945
:1058C0008E334BA98F334CA99C334DA99D334EA9E0
:1058D0009E334FA9A13350A9C43351A9CE3352A945
:1058E000D13353A9D23354A9D53355A930FE56A983
:1058F000E2FF57A9E4FF59A921215AA931325CA935
:10590000102060A9FC3061A99B3062A99C3063A97A
:10591000FD3064A9FE3065A9063066A99D3067A9EF
:105920009E3068A949FE69A94AFE6AA94BFE6BA987
:105930004CFE6CA94DFE6DA94EFE6EA94FFE6FA9DF
:1059400050FE70A951FE71A952FE72A954FE73A9AE
:1059500055FE74A956FE75A957FE76A959FE77A97A
:105960005AFE78A95BFE79A95CFE7AA95DFE7BA947
:105970005EFE7CA95FFE7DA960FE7EA961FE80A916
:1059800062FE81A963FE82A964FE83A965FE84A9E3
:1059900066FE85A968FE86A969FE87A96AFE88A9B0
:1059A0006BFE96A90730A4A90025A5A90125A6A9E3
:1059B0000225A7A90325A8A90425A9A90525AAA9FF
:1059C0000625ABA90725ACA90825ADA90925AEA9CF
:1059D0000A25AFA90B25B0A90C25B1A90D25B2A99F
:1059E0000E25B3A90F25B4A91025B5A91125B6A96F
:1059F0001225B7A91325B8A91425B9A91525BAA93F
:105A00001625BBA91725BCA91825BDA91925BEA90E
:105A10001A25BFA91B25C0A91C25C1A91D25C2A9DE
:105A20001E25C3A91F25C4A92025C5A92125C6A9AE
:105A30002225C7A92325C8A92425C9A92525CAA97E
:105A40002625CBA92725CCA92825CDA92925CEA94E
:105A50002A25CFA92B25D0A92C25D1A92D25D2A91E
:105A60002E25D3A92F25D4A93025D5A93125D6A9EE
:105A70003225D7A93325D8A93425D9A93525DAA9BE
:105A80003625DBA93725DCA93825DDA93925DEA98E
:105A90003A25DFA93B25E0A93C25E1A93D25E2A95E
:105AA0003E25E3A93F25E4A94025E5A94125E6A92E
:105AB0004225E7A94325E8A94425E9A94525EAA9FE
:105AC0004625EBA94725ECA94825EDA94925EEA9CE
:105AD0004A25EFA94B2540AADC7241AADD7242AAF1
:105AE000DF7243AAE27244AAE37245AAE47246AAAC
:105AF000E57247AAE67248AAE77249AAEA724AAA78
:105B0000EB724BAAF5724CAAF6724DAAF9724EAA24
:105B1000FD724FAAFE7250AAFF7251AA007352AAD8
:105B2000027353AA047354AA057355AA067356AA9E
:105B3000077357AA087358AA097359AA0B735AAA6C
:105B40000C735BAA0D735CAA0F735DAA10735EAA37
:105B500011735FAA127360AA147361AA187362AA00
:105B6000197363AA1A7364AA1F7365AA207366AABD
:105B7000237367AA247368AA267369AA27736AAA7B
:105B800028736BAA2D736CAA2F736DAA30736EAA3B
:105B900032736FAA337370AA357371AA367372AAFF
:105BA0003A7373AA3B7374AA3C7375AA3D7376AAC1
:105BB000407377AA417378AA427379AA43737AAA89
:105BC00044737BAA45737CAA46737DAA47737EAA59
:105BD000487380AA497381AA4A7382AA4B7383AA25
:105BE0004C7384AA4E7385AA4F7386AA517387AAF1
:105BF000537388AA547389AA55738AAA56738BAAB9
:105C000058738CAA59738DAA5A738EAA5B738FAA84
:105C10005C7390AA5D7391AA5E7392AA5F7393AA54
:105C2000617394AA627395AA637396AA647397AA20
:105C3000657398AA667399AA67739AAA68739BAAF0
:105C400069739CAA6A739DAA6B739EAA6E739FAABE
:105C50007073A0AA717340AB727341AB737342ABA4
:105C6000747343AB757344AB767345AB777346ABD4
:105C7000787347AB797348AB7A7349AB7B734AABA4
:105C80007C734BAB7D734CAB7F734DAB80734EAB72
:105C900081734FAB827350AB837351AB857352AB3F
:105CA000867353AB887354AB8A7355AB8C7356AB06
:105CB0008D7357AB8F7358AB907359AB92735AABCC
:105CC00093735BAB94735CAB95735DAB97735EAB97
:105CD00098735FAB997360AB9A7361AB9C7362AB63
:105CE0009D7363AB9E7364ABA07365ABA17366AB2E
:105CF000A37367ABA47368ABA57369ABA6736AABF8
:105D0000A7736BABA8736CABAA736DABAC736EABC4
:105D1000AD736FABB17370ABB47371ABB57372AB82
:105D2000B67373ABB87374ABB97375ABBC7376AB46
:105D3000BD7377ABBE7378ABBF7379ABC1737AAB0E
:105D4000C3737BABC4737CABC5737DABC6737EABD7
:105D5000C77380ABCB7381ABCC7382ABCE7383AB99
:105D6000D27384ABD37385ABD47386ABD57387AB57
:105D7000D67388ABD77389ABD8738AABDA738BAB26
:105D8000DB738CABDC738DABDD738EABDF738FABF2
:105D9000E17390ABE27391ABE37392ABE47393ABBB
:105DA000E67394ABE87395ABEA7396ABEB7397AB82
:105DB000EC7398ABEE7399ABEF739AABF0739BAB4C
:105DC000F1739CABF3739DABF4739EABF5739FAB18
:105DD000F673A0ABF77340ACF87341ACF97342AC07
:105DE000FA7343ACFB7344ACFC7345ACFD7346AC37
:105DF000FE7347ACFF7348AC007449AC01744AAC05
:105E000002744BAC04744CAC07744DAC08744EACCB
:105E10000B744FAC0C7450AC0D7451AC0E7452AC8E
:105E2000117453AC127454AC137455AC147456AC56
:105E3000157457AC167458AC177459AC18745AAC26
:105E400019745BAC1C745CAC1D745DAC1E745EACF0
:105E50001F745FAC207460AC217461AC237462ACBD
:105E6000247463AC277464AC297465AC2B7466AC81
:105E70002D7467AC2F7468AC317469AC32746AAC41
:105E800037746BAC38746CAC39746DAC3A746EACFE
:105E90003B746FAC3D7470AC3E7471AC3F7472ACCB
:105EA000407473AC427474AC437475AC447476AC97
:105EB000457477AC467478AC477479AC48747AAC66
:105EC00049747BAC4A747CAC4B747DAC4C747EAC36
:105ED0004D7480AC4E7481AC4F7482AC507483AC02
:105EE000517484AC527485AC537486AC547487ACD2
:105EF000567488AC587489AC5D748AAC60748BAC91
:105F000061748CAC62748DAC63748EAC64748FAC51
:105F1000657490AC667491AC677492AC687493AC21
:105F2000697494AC6A7495AC6B7496AC6C7497ACF1
:105F30006E7498AC6F7499AC71749AAC72749BACBB
:105F400073749CAC74749DAC75749EAC78749FAC87
:105F50007974A0AC7A7440AD7B7441AD7C7442AD71
:105F60007D7443AD7F7444AD827445AD847446AD99
:105F7000857447AD867448AD887449AD89744AAD5F
:105F80008A744BAD8C744CAD8D744DAD8F744EAD29
:105F900091744FAD927450AD937451AD947452ADF1
:105FA000957453AD967454AD977455AD987456ADC1
:105FB000997457AD9A7458AD9B7459AD9D745AAD90
:105FC0009F745BADA0745CADA1745DADA2745EAD59
:105FD000A3745FADA47460ADA57461ADA67462AD29
:105FE000AA7463ADAB7464ADAC7465ADAD7466ADED
:105FF000AE7467ADAF7468ADB07469ADB1746AADBD
:10600000B2746BADB3746CADB4746DADB5746EAD8C
:10601000B6746FADB77470ADB87471ADB97472AD5C
:10602000BB7473ADBC7474ADBD7475ADBE7476AD28
:10603000BF7477ADC07478ADC17479ADC2747AADF8
:10604000C3747BADC4747CADC5747DADC6747EADC8
:10605000C77480ADC87481ADC97482ADCA7483AD94
:10606000CB7484ADCC7485ADCD7486ADCE7487AD64
:10607000CF7488ADD07489ADD1748AADD3748BAD33
:10608000D4748CADD5748DADD6748EADD7748FAD00
:10609000D87490ADD97491ADDA7492ADDB7493ADD0
:1060A000DD7494ADDF7495ADE17496ADE57497AD94
:1060B000E77498ADE87499ADE9749AADEA749BAD54
:1060C000EB749CADEC749DADED749EADF0749FAD22
:1060D000F174A0ADF27440AEF37441AEF57442AE0B
:1060E000F87443AEF97444AEFA7445AEFB7446AE30
:1060F000FC7447AEFD7448AEFE7449AE00754AAEFE
:1061000001754BAE02754CAE03754DAE05754EAEC6
:1061100006754FAE077550AE087551AE097552AE93
:106120000A7553AE0B7554AE0C7555AE0E7556AE62
:10613000107557AE127558AE147559AE15755AAE26
:1061400016755BAE17755CAE1B755DAE1D755EAEEC
:106150001E755FAE207560AE217561AE227562AEB0
:10616000237563AE247564AE267565AE277566AE7D
:106170002A7567AE2E7568AE347569AE36756AAE2F
:1061800039756BAE3C756CAE3D756DAE3F756EAEE0
:1061900041756FAE427570AE437571AE447572AEA7
:1061A000467573AE477574AE497575AE4A7576AE71
:1061B0004D7577AE507578AE517579AE52757AAE31
:1061C00053757BAE55757CAE56757DAE57757EAEFC
:1061D000587580AE5D7581AE5E7582AE5F7583AEBB
:1061E000607584AE617585AE627586AE637587AE87
:1061F000647588AE677589AE68758AAE69758BAE51
:106200006B758CAE6C758DAE6D758EAE6E758FAE1A
:106210006F7590AE707591AE717592AE737593AEE9
:10622000757594AE767595AE777596AE7A7597AEB0
:106230007B7598AE7C7599AE7D759AAE7E759BAE7A
:1062400080759CAE81759DAE82759EAE84759FAE45
:106250008575A0AE877540AF887541AF897542AF2F
:106260008A7543AF8C7544AF8D7545AF8E7546AF5B
:10627000907547AF937548AF957549AF98754AAF1C
:106280009B754BAF9C754CAF9E754DAFA2754EAFD5
:10629000A6754FAFA77550AFA87551AFA97552AF8E
:1062A000AA7553AFAD7554AFB67555AFB77556AF48
:1062B000BA7557AFBB7558AFBF7559AFC0755AAFF8
:1062C000C1755BAFC6755CAFCB755DAFCC755EAFAE
:1062D000CE755FAFCF7560AFD07561AFD17562AF6E
:1062E000D37563AFD77564AFD97565AFDA7566AF2F
:1062F000DC7567AFDD7568AFDF7569AFE0756AAFF4
:10630000E1756BAFE5756CAFE9756DAFEC756EAFB0
:10631000ED756FAFEE7570AFEF7571AFF27572AF6F
:10632000F37573AFF57574AFF67575AFF77576AF36
:10633000F87577AFFA7578AFFB7579AFFD757AAF01
:10634000FE757BAF02767CAF04767DAF06767EAFBE
:10635000077680AF087681AF097682AF0B7683AF80
:106360000D7684AF0E7685AF0F7686AF117687AF48
:10637000127688AF137689AF14768AAF16768BAF14
:106380001A768CAF1C768DAF1D768EAF1E768FAFD2
:10639000217690AF237691AF277692AF287693AF90
:1063A0002C7694AF2E7695AF2F7696AF317697AF49
:1063B000327698AF367699AF37769AAF39769BAF0B
:1063C0003A769CAF3B769DAF3D769EAF41769FAFD0
:1063D0004276A0AF447640B0457641B0467642B0B2
:1063E000477643B0487644B0497645B04A7646B0E1
:1063F0004B7647B04E7648B04F7649B050764AB0AB
:1064000051764BB052764CB053764DB055764EB077
:1064100057764FB0587650B0597651B05A7652B040
:106420005B7653B05D7654B05F7655B0607656B00B
:10643000617657B0627658B0647659B065765AB0D6
:1064400066765BB067765CB068765DB069765EB0A4
:106450006A765FB06C7660B06D7661B06E7662B071
:10646000707663B0717664B0727665B0737666B03C
:10647000747667B0757668B0767669B077766AB00C
:1064800079766BB07A766CB07C766DB07F766EB0D4
:1064900080766FB0817670B0837671B0857672B099
:1064A000897673B08A7674B08C7675B08D7676B056
:1064B0008F7677B0907678B0927679B094767AB01D
:1064C00095767BB097767CB098767DB09A767EB0E4
:1064D0009B7680B09C7681B09D7682B09E7683B0AC
:1064E0009F7684B0A07685B0A17686B0A27687B07C
:1064F000A37688B0A57689B0A6768AB0A7768BB049
:10650000A8768CB0A9768DB0AA768EB0AB768FB017
:10651000AC7690B0AD7691B0AF7692B0B07693B0E5
:10652000B37694B0B57695B0B67696B0B77697B0A8
:10653000B87698B0B97699B0BA769AB0BB769BB077
:10654000BC769CB0BD769DB0BE769EB0C0769FB046
:10655000C176A0B0C376A1B04A55A2B03F96A3B011
:10656000C357A4B02863A5B0CE54A6B00955A7B0B0
:10657000C054A8B09176A9B04C76AAB03C85ABB017
:10658000EE77ACB07E82ADB08D78AEB03172AFB088
:106590009896B0B08D97B1B0286CB2B0895BB3B0AB
:1065A000FA4FB4B00963B5B09766B6B0B85CB7B08F
:1065B000FA80B8B04868B9B0AE80BAB00266BBB075
:1065C000CE76BCB0F951BDB05665BEB0AC71BFB0AF
:1065D000F17FC0B08488C1B0B250C2B06559C3B0B9
:1065E000CA61C4B0B36FC5B0AD82C6B04C63C7B0AA
:1065F0005262C8B0ED53C9B02754CAB0067BCBB0C5
:106600006B51CCB0A475CDB0F45DCEB0D462CFB038
:10661000CB8DD0B07697D1B08A62D2B01980D3B08A
:106620005D57D4B03897D5B0627FD6B03872D7B046
:106630007D76D8B0CF67D9B07E76DAB04664DBB06D
:10664000704FDCB0258DDDB0DC62DEB0177ADFB0D4
:106650009165E0B0ED73E1B02C64E2B07362E3B039
:106660002C82E4B08198E5B07F67E6B04872E7B06D
:106670006E62E8B0CC62E9B0344FEAB0E374EBB0DC
:106680004A53ECB09E52EDB0CA7EEEB0A690EFB089
:106690002E5EF0B08668F1B09C69F2B08081F3B0F4
:1066A000D17EF4B0D268F5B0C578F6B08C86F7B07C
:1066B0005195F8B08D50F9B0248CFAB0DE82FBB061
:1066C000DE80FCB00553FDB01289FEB0655240B1CA
:1066D000C47641B1C77642B1C97643B1CB7644B1F5
:1066E000CC7645B1D37646B1D57647B1D97648B1A7
:1066F000DA7649B1DC764AB1DD764BB1DE764CB163
:10670000E0764DB1E1764EB1E2764FB1E37650B12D
:10671000E47651B1E67652B1E77653B1E87654B1FA
:10672000E97655B1EA7656B1EB7657B1EC7658B1C9
:10673000ED7659B1F0765AB1F3765BB1F5765CB18E
:10674000F6765DB1F7765EB1FA765FB1FB7660B151
:10675000FD7661B1FF7662B1007763B1027764B113
:10676000037765B1057766B1067767B10A7768B1D7
:106770000C7769B10E776AB10F776BB110776CB196
:1067800011776DB112776EB113776FB1147770B165
:10679000157771B1167772B1177773B1187774B135
:1067A0001B7775B11C7776B11D7777B11E7778B1FD
:1067B000217779B123777AB124777BB125777CB1C2
:1067C00027777DB12A777EB12B7780B12C7781B185
:1067D0002E7782B1307783B1317784B1327785B14A
:1067E000337786B1347787B1397788B13B7789B110
:1067F0003D778AB13E778BB13F778CB142778DB1CF
:1068000044778EB145778FB1467790B1487791B193
:10681000497792B14A7793B14B7794B14C7795B160
:106820004D7796B14E7797B14F7798B1527799B12E
:1068300053779AB154779BB155779CB156779DB1F8
:1068400057779EB158779FB15977A0B15C77A1B1C6
:106850008485A2B1F996A3B1DD4FA4B12158A5B1A9
:106860007199A6B19D5BA7B1B162A8B1A562A9B1AA
:10687000B466AAB1798CABB18D9CACB10672ADB1E6
:106880006F67AEB19178AFB1B260B0B15153B1B1F1
:106890001753B2B1888FB3B1CC80B4B11D8DB5B1EF
:1068A000A194B6B10D50B7B1C872B8B10759B9B11A
:1068B000EB60BAB11971BBB1AB88BCB15459BDB171
:1068C000EF82BEB12C67BFB1287BC0B1295DC1B1D9
:1068D000F77EC2B12D75C3B1F56CC4B1668EC5B17A
:1068E000F88FC6B13C90C7B13B9FC8B1D46BC9B15A
:1068F0001991CAB1147BCBB17C5FCCB1A778CDB173
:10690000D684CEB13D85CFB1D56BD0B1D96BD1B1E5
:10691000D66BD2B1015ED3B1875ED4B1F975D5B172
:10692000ED95D6B15D65D7B10A5FD8B1C55FD9B174
:106930009F8FDAB1C158DBB1C281DCB17F90DDB18C
:106940005B96DEB1AD97DFB1B98FE0B1167FE1B1F3
:106950002C8DE2B14162E3B1BF4FE4B1D853E5B150
:106960005E53E6B1A88FE7B1A98FE8B1AB8FE9B16B
:106970004D90EAB10768EBB16A5FECB19881EDB177
:106980006888EEB1D69CEFB18B61F0B12B52F1B1BA
:106990002A76F2B16C5FF3B18C65F4B1D26FF5B1C8
:1069A000E86EF6B1BE5BF7B14864F8B17551F9B164
:1069B000B051FAB1C467FBB1194EFCB1C979FDB150
:1069C0007C99FEB1B37040B25D7741B25E7742B25E
:1069D0005F7743B2607744B2647745B2677746B277
:1069E000697747B26A7748B26D7749B26E774AB233
:1069F0006F774BB270774CB271774DB272774EB2FF
:106A000073774FB2747750B2757751B2767752B2CE
:106A1000777753B2787754B27A7755B27B7756B29C
:106A20007C7757B2817758B2827759B283775AB25E
:106A300086775BB287775CB288775DB289775EB222
:106A40008A775FB28B7760B28F7761B2907762B2EC
:106A5000937763B2947764B2957765B2967766B2AE
:106A6000977767B2987768B2997769B29A776AB27E
:106A70009B776BB29C776CB29D776DB29E776EB24E
:106A8000A1776FB2A37770B2A47771B2A67772B212
:106A9000A87773B2AB7774B2AD7775B2AE7776B2D2
:106AA000AF7777B2B17778B2B27779B2B4777AB29A
:106AB000B6777BB2B7777CB2B8777DB2B9777EB262
:106AC000BA7780B2BC7781B2BE7782B2C07783B228
:106AD000C17784B2C27785B2C37786B2C47787B2F2
:106AE000C57788B2C67789B2C7778AB2C8778BB2C2
:106AF000C9778CB2CA778DB2CB778EB2CC778FB292
:106B0000CE7790B2CF7791B2D07792B2D17793B25D
:106B1000D27794B2D37795B2D47796B2D57797B22D
:106B2000D67798B2D87799B2D9779AB2DA779BB2FA
:106B3000DD779CB2DE779DB2DF779EB2E0779FB2C1
:106B4000E177A0B2E477A1B2C575A2B2765EA3B236
:106B5000BB73A4B2E083A5B2AD64A6B2E862A7B2EB
:106B6000B594A8B2E26CA9B25A53AAB2C352ABB25E
:106B70000F64ACB2C294ADB2947BAEB22F4FAFB241
:106B80001B5EB0B23682B1B21681B2B28A81B3B2A4
:106B9000246EB4B2CA6CB5B2739AB6B25563B7B2CA
:106BA0005C53B8B2FA54B9B26588BAB2E057BBB216
:106BB0000D4EBCB2035EBDB2656BBEB23F7CBFB2D0
:106BC000E890C0B21660C1B2E664C2B21C73C3B230
:106BD000C188C4B25067C5B24D62C6B2228DC7B279
:106BE0006C77C8B2298EC9B2C791CAB2695FCBB2FD
:106BF000DC83CCB22185CDB21099CEB2C253CFB2D4
:106C00009586D0B28B6BD1B2ED60D2B2E860D3B2D0
:106C10007F70D4B2CD82D5B23182D6B2D34ED7B244
:106C2000A76CD8B2CF85D9B2CD64DAB2D97CDBB249
:106C3000FD69DCB2F966DDB24983DEB29553DFB29D
:106C4000567BE0B2A74FE1B28C51E2B24B6DE3B29A
:106C5000425CE4B26D8EE5B2D263E6B2C953E7B2EC
:106C60002C83E8B23683E9B2E567EAB2B478EBB2D6
:106C70003D64ECB2DF5BEDB2945CEEB2EE5DEFB280
:106C8000E78BF0B2C662F1B2F467F2B27A8CF3B27B
:106C90000064F4B2BA63F5B24987F6B28B99F7B2E1
:106CA000178CF8B2207FF9B2F294FAB2A74EFBB279
:106CB0001096FCB2A498FDB20C66FEB2167340B3F7
:106CC000E67741B3E87742B3EA7743B3EF7744B36B
:106CD000F07745B3F17746B3F27747B3F47748B32B
:106CE000F57749B3F7774AB3F9774BB3FA774CB3F3
:106CF000FB774DB3FC774EB303784FB3047850B3B2
:106D0000057851B3067852B3077853B3087854B373
:106D10000A7855B30B7856B30E7857B30F7858B33B
:106D2000107859B313785AB315785BB319785CB3FC
:106D30001B785DB31E785EB320785FB3217860B3B3
:106D4000227861B3247862B3287863B32A7864B375
:106D50002B7865B32E7866B32F7867B3317868B334
:106D6000327869B333786AB335786BB336786CB3FD
:106D70003D786DB33F786EB341786FB3427870B3AE
:106D8000437871B3447872B3467873B3487874B378
:106D9000497875B34A7876B34B7877B34D7878B342
:106DA0004F7879B351787AB353787BB354787CB306
:106DB00058787DB359787EB35A7880B35B7881B3C5
:106DC0005C7882B35E7883B35F7884B3607885B390
:106DD000617886B3627887B3637888B3647889B35F
:106DE00065788AB366788BB367788CB368788DB32F
:106DF00069788EB36F788FB3707890B3717891B3F0
:106E0000727892B3737893B3747894B3757895B3BA
:106E1000767896B3787897B3797898B37A7899B387
:106E20007B789AB37D789BB37E789CB37F789DB353
:106E300080789EB381789FB38278A0B38378A1B322
:106E40003A57A2B31D5CA3B3385EA4B37F95A5B334
:106E50007F50A6B3A080A7B38253A8B35E65A9B341
:106E60004575AAB33155ABB32150ACB3858DADB3E5
:106E70008462AEB39E94AFB31D67B0B33256B1B364
:106E80006E6FB2B3E25DB3B33554B4B39270B5B3C1
:106E9000668FB6B36F62B7B3A464B8B3A363B9B374
:106EA0007B5FBAB3886FBBB3F490BCB3E381BDB36F
:106EB000B08FBEB3185CBFB36866C0B3F15FC1B337
:106EC000896CC2B34896C3B3818DC4B36C88C5B313
:106ED0009164C6B3F079C7B3CE57C8B3596AC9B382
:106EE0001062CAB34854CBB3584ECCB30B7ACDB36F
:106EF000E960CEB3846FCFB3DA8BD0B37F62D1B306
:106F00001E90D2B38B9AD3B3E479D4B30354D5B3E0
:106F1000F475D6B30163D7B31953D8B3606CD9B342
:106F2000DF8FDAB31B5FDBB3709ADCB33B80DDB37A
:106F30007F9FDEB3884FDFB33A5CE0B3648DE1B38B
:106F4000C57FE2B3A565E3B3BD70E4B34551E5B3D6
:106F5000B251E6B36B86E7B3075DE8B3A05BE9B374
:106F6000BD62EAB36C91EBB37475ECB30C8EEDB308
:106F7000207AEEB30161EFB3797BF0B3C74EF1B382
:106F8000F87EF2B38577F3B3114EF4B3ED81F5B328
:106F90001D52F6B3FA51F7B3716AF8B3A853F9B3B7
:106FA000878EFAB30495FBB3CF96FCB3C16EFDB3E5
:106FB0006496FEB35A6940B4847841B4857842B48B
:106FC000867843B4887844B48A7845B48B7846B4DC
:106FD0008F7847B4907848B4927849B494784AB49A
:106FE00095784BB496784CB499784DB49D784EB45E
:106FF0009E784FB4A07850B4A27851B4A47852B41B
:10700000A67853B4A87854B4A97855B4AA7856B4DD
:10701000AB7857B4AC7858B4AD7859B4AE785AB4AC
:10702000AF785BB4B5785CB4B6785DB4B7785EB46D
:10703000B8785FB4BA7860B4BB7861B4BC7862B435
:10704000BD7863B4BF7864B4C07865B4C27866B400
:10705000C37867B4C47868B4C67869B4C7786AB4CA
:10706000C8786BB4CC786CB4CD786DB4CE786EB48F
:10707000CF786FB4D17870B4D27871B4D37872B459
:10708000D67873B4D77874B4D87875B4DA7876B41F
:10709000DB7877B4DC7878B4DD7879B4DE787AB4EC
:1070A000DF787BB4E0787CB4E1787DB4E2787EB4BC
:1070B000E37880B4E47881B4E57882B4E67883B488
:1070C000E77884B4E97885B4EA7886B4EB7887B455
:1070D000ED7888B4EE7889B4EF788AB4F0788BB420
:1070E000F1788CB4F3788DB4F5788EB4F6788FB4EB
:1070F000F87890B4F97891B4FB7892B4FC7893B4B2
:10710000FD7894B4FE7895B4FF7896B4007997B47E
:10711000027998B4037999B404799AB406799BB446
:1071200007799CB408799DB409799EB40A799FB413
:107130000B79A0B40C79A1B44078A2B4A850A3B440
:10714000D777A4B41064A5B4E689A6B40459A7B44B
:10715000E363A8B4DD5DA9B47F7AAAB43D69ABB49A
:10716000204FACB43982ADB49855AEB4324EAFB402
:10717000AE75B0B4977AB1B4625EB2B48A5EB3B49D
:10718000EF95B4B41B52B5B43954B6B48A70B7B4E1
:107190007663B8B42495B9B48257BAB42566BBB443
:1071A0003F69BCB48791BDB40755BEB4F36DBFB49D
:1071B000AF7EC0B42288C1B43362C2B4F07EC3B41F
:1071C000B575C4B42883C5B4C178C6B4CC96C7B469
:1071D0009E8FC8B44861C9B4F774CAB4CD8BCBB420
:1071E000646BCCB43A52CDB4508DCEB4216BCFB4D5
:1071F0006A80D0B47184D1B4F156D2B40653D3B4FA
:10720000CE4ED4B41B4ED5B4D151D6B4977CD7B49E
:107210008B91D8B4077CD9B4C34FDAB47F8EDBB47A
:10722000E17BDCB49C7ADDB46764DEB4145DDFB46A
:10723000AC50E0B40681E1B40176E2B4B97CE3B4C9
:10724000EC6DE4B4E07FE5B45167E6B4585BE7B4B5
:10725000F85BE8B4CB78E9B4AE64EAB41364EBB499
:10726000AA63ECB42B63EDB41995EEB42D64EFB4BE
:10727000BE8FF0B4547BF1B42976F2B45362F3B408
:107280002759F4B44654F5B4796BF6B4A350F7B467
:107290003462F8B4265EF9B4866BFAB4E34EFBB4FC
:1072A000378DFCB48B88FDB4855FFEB42E9040B55D
:1072B0000D7941B50E7942B50F7943B5107944B5D2
:1072C000117945B5127946B5147947B5157948B5A0
:1072D000167949B517794AB518794BB519794CB56E
:1072E0001A794DB51B794EB51C794FB51D7950B53E
:1072F0001F7951B5207952B5217953B5227954B50A
:10730000237955B5257956B5267957B5277958B5D6
:10731000287959B529795AB52A795BB52B795CB5A5
:107320002C795DB52D795EB52E795FB52F7960B575
:10733000307961B5317962B5327963B5337964B545
:10734000357965B5367966B5377967B5387968B511
:10735000397969B53D796AB53F796BB542796CB5D4
:1073600043796DB544796EB545796FB5477970B598
:107370004A7971B54B7972B54C7973B54D7974B55D
:107380004E7975B54F7976B5507977B5517978B52D
:10739000527979B554797AB555797BB558797CB5F8
:1073A00059797DB561797EB5637980B5647981B5A8
:1073B000667982B5697983B56A7984B56B7985B563
:1073C0006C7986B56E7987B5707988B5717989B52C
:1073D00072798AB573798BB574798CB575798DB5F9
:1073E00076798EB579798FB57B7990B57C7991B5C1
:1073F0007D7992B57E7993B57F7994B5827995B58B
:10740000837996B5867997B5877998B5887999B54E
:1074100089799AB58B799BB58C799CB58D799DB519
:107420008E799EB590799FB59179A0B59279A1B5E5
:107430002060A2B53D80A3B5C562A4B5394EA5B5FF
:107440005553A6B5F890A7B5B863A8B5C680A9B539
:10745000E665AAB52E6CABB5464FACB5EE60ADB5E2
:10746000E16DAEB5DE8BAFB5395FB0B5CB86B1B5EA
:10747000535FB2B52163B3B55A51B4B56183B5B5A5
:107480006368B6B50052B7B56363B8B5488EB9B591
:107490001250BAB59B5CBBB57779BCB5FC5BBDB58A
:1074A0003052BEB53B7ABFB5BC60C0B55390C1B5D4
:1074B000D776C2B5B75FC3B5975FC4B58476C5B597
:1074C0006C8EC6B56F70C7B57B76C8B5497BC9B53C
:1074D000AA77CAB5F351CBB59390CCB52458CDB5A6
:1074E0004E4FCEB5F46ECFB5EA8FD0B54C65D1B561
:1074F0001B7BD2B5C472D3B5A46DD4B5DF7FD5B52F
:10750000E15AD6B5B562D7B5955ED8B53057D9B57D
:107510008284DAB52C7BDBB51D5EDCB51F5FDDB583
:107520001290DEB5147FDFB5A098E0B58263E1B5B7
:10753000C76EE2B59878E3B5B970E4B57851E5B5B2
:107540005B97E6B5AB57E7B53575E8B5434FE9B599
:107550003875EAB5975EEBB5E660ECB56059EDB508
:10756000C06DEEB5BF6BEFB58978F0B5FC53F1B5E2
:10757000D596F2B5CB51F3B50152F4B58963F5B5A3
:107580000A54F6B59394F7B5038CF8B5CC8DF9B5DC
:107590003972FAB59F78FBB57687FCB5ED8FFDB5EE
:1075A0000D8CFEB5E05340B6937941B6947942B65E
:1075B000957943B6967944B6977945B6987946B6A3
:1075C000997947B69B7948B69C7949B69D794AB670
:1075D0009E794BB69F794CB6A0794DB6A1794EB63F
:1075E000A2794FB6A37950B6A47951B6A57952B60F
:1075F000A67953B6A87954B6A97955B6AA7956B6DC
:10760000AB7957B6AC7958B6AD7959B6AE795AB6AA
:10761000AF795BB6B0795CB6B1795DB6B2795EB67A
:10762000B4795FB6B57960B6B67961B6B77962B646
:10763000B87963B6BC7964B6BF7965B6C27966B607
:10764000C47967B6C57968B6C77969B6C8796AB6C4
:10765000CA796BB6CC796CB6CE796DB6CF796EB689
:10766000D0796FB6D37970B6D47971B6D67972B64F
:10767000D77973B6D97974B6DA7975B6DB7976B617
:10768000DC7977B6DD7978B6DE7979B6E0797AB6E5
:10769000E1797BB6E2797CB6E5797DB6E8797EB6AC
:1076A000EA7980B6EC7981B6EE7982B6F17983B663
:1076B000F27984B6F37985B6F47986B6F57987B62A
:1076C000F67988B6F77989B6F9798AB6FA798BB6F8
:1076D000FC798CB6FE798DB6FF798EB6017A8FB6BD
:1076E000047A90B6057A91B6077A92B6087A93B67C
:1076F000097A94B60A7A95B60C7A96B60F7A97B646
:10770000107A98B6117A99B6127A9AB6137A9BB60D
:10771000157A9CB6167A9DB6187A9EB6197A9FB6D7
:107720001B7AA0B61C7AA1B6014EA2B6EF76A3B61C
:10773000EE53A4B68994A5B67698A6B60E9FA7B6C2
:107740002D95A8B69A5BA9B6A28BAAB6224EABB667
:107750001C4EACB6AC51ADB66384AEB6C261AFB62A
:10776000A852B0B60B68B1B6974FB2B66B60B3B65D
:10777000BB51B4B61E6DB5B65C51B6B69662B7B61F
:107780009765B8B66196B9B6468CBAB61790BBB6CF
:10779000D875BCB6FD90BDB66377BEB6D26BBFB62A
:1077A0008A72C0B6EC72C1B6FB8BC2B63558C3B68E
:1077B0007977C4B64C8DC5B65C67C6B64095C7B67A
:1077C0009A80C8B6A65EC9B6216ECAB69259CBB623
:1077D000EF7ACCB6ED77CDB63B95CEB6B56BCFB6DE
:1077E000AD65D0B60E7FD1B60658D2B65151D3B6DC
:1077F0001F96D4B6F95BD5B6A958D6B62854D7B6D5
:10780000728ED8B66665D9B67F98DAB6E456DBB61E
:107810009D94DCB6FE76DDB64190DEB68763DFB6BA
:10782000C654E0B61A59E1B63A59E2B69B57E3B6E8
:10783000B28EE4B63567E5B6FA8DE6B63582E7B6C0
:107840004152E8B6F060E9B61558EAB6FE86EBB6E6
:10785000E85CECB6459EEDB6C44FEEB69D98EFB62B
:10786000B98BF0B6255AF1B67660F2B68453F3B60A
:107870007C62F4B64F90F5B60291F6B67F99F7B6F2
:107880006960F8B60C80F9B63F51FAB63380FBB6A2
:10789000145CFCB67599FDB6316DFEB68C4E40B7E2
:1078A0001D7A41B71F7A42B7217A43B7227A44B78B
:1078B000247A45B7257A46B7267A47B7277A48B754
:1078C000287A49B7297A4AB72A7A4BB72B7A4CB724
:1078D0002C7A4DB72D7A4EB72E7A4FB72F7A50B7F4
:1078E000307A51B7317A52B7327A53B7347A54B7C3
:1078F000357A55B7367A56B7387A57B73A7A58B78D
:107900003E7A59B7407A5AB7417A5BB7427A5CB748
:10791000437A5DB7447A5EB7457A5FB7477A60B716
:10792000487A61B7497A62B74A7A63B74B7A64B7E3
:107930004C7A65B74D7A66B74E7A67B74F7A68B7B3
:10794000507A69B7527A6AB7537A6BB7547A6CB780
:10795000557A6DB7567A6EB7587A6FB7597A70B74D
:107960005A7A71B75B7A72B75C7A73B75D7A74B71B
:107970005E7A75B75F7A76B7607A77B7617A78B7EB
:10798000627A79B7637A7AB7647A7BB7657A7CB7BB
:10799000667A7DB7677A7EB7687A80B7697A81B789
:1079A0006A7A82B76B7A83B76C7A84B76D7A85B757
:1079B0006E7A86B76F7A87B7717A88B7727A89B725
:1079C000737A8AB7757A8BB77B7A8CB77C7A8DB7E6
:1079D0007D7A8EB77E7A8FB7827A90B7857A91B7A3
:1079E000877A92B7897A93B78A7A94B78B7A95B760
:1079F0008C7A96B78E7A97B78F7A98B7907A99B72C
:107A0000937A9AB7947A9BB7997A9CB79A7A9DB7EA
:107A10009B7A9EB79E7A9FB7A17AA0B7A27AA1B7A8
:107A2000308DA2B7D153A3B75A7FA4B74F7BA5B768
:107A3000104FA6B74F4EA7B70096A8B7D56CA9B7F9
:107A4000D073AAB7E985ABB7065EACB76A75ADB7B8
:107A5000FB7FAEB70A6AAFB7FE77B0B79294B1B703
:107A6000417EB2B7E151B3B7E670B4B7CD53B5B705
:107A7000D48FB6B70383B7B7298DB8B7AF72B9B78C
:107A80006D99BAB7DB6CBBB74A57BCB7B382BDB709
:107A9000B965BEB7AA80BFB73F62C0B73296C1B75B
:107AA000A859C2B7FF4EC3B7BF8BC4B7BA7EC5B71C
:107AB0003E65C6B7F283C7B75E97C8B76155C9B709
:107AC000DE98CAB7A580CBB72A53CCB7FD8BCDB70C
:107AD0002054CEB7BA80CFB79F5ED0B7B86CD1B7BD
:107AE000398DD2B7AC82D3B75A91D4B72954D5B710
:107AF0001B6CD6B70652D7B7B77ED8B75F57D9B782
:107B00001A71DAB77E6CDBB7897CDCB74B59DDB70D
:107B1000FD4EDEB7FF5FDFB72461E0B7AA7CE1B7B7
:107B2000304EE2B7015CE3B7AB67E4B70287E5B775
:107B3000F05CE6B70B95E7B7CE98E8B7AF75E9B755
:107B4000FD70EAB72290EBB7AF51ECB71D7FEDB7F0
:107B5000BD8BEEB74959EFB7E451F0B75B4FF1B7C2
:107B60002654F2B72B59F3B77765F4B7A480F5B76D
:107B7000755BF6B77662F7B7C262F8B7908FF9B760
:107B8000455EFAB71F6CFBB7267BFCB70F4FFDB7FE
:107B9000D84FFEB70D6740B8A37A41B8A47A42B86F
:107BA000A77A43B8A97A44B8AA7A45B8AB7A46B856
:107BB000AE7A47B8AF7A48B8B07A49B8B17A4AB81D
:107BC000B27A4BB8B47A4CB8B57A4DB8B67A4EB8EA
:107BD000B77A4FB8B87A50B8B97A51B8BA7A52B8B9
:107BE000BB7A53B8BC7A54B8BD7A55B8BE7A56B889
:107BF000C07A57B8C17A58B8C27A59B8C37A5AB855
:107C0000C47A5BB8C57A5CB8C67A5DB8C77A5EB824
:107C1000C87A5FB8C97A60B8CA7A61B8CC7A62B8F3
:107C2000CD7A63B8CE7A64B8CF7A65B8D07A66B8C0
:107C3000D17A67B8D27A68B8D37A69B8D47A6AB890
:107C4000D57A6BB8D77A6CB8D87A6DB8DA7A6EB85C
:107C5000DB7A6FB8DC7A70B8DD7A71B8E17A72B825
:107C6000E27A73B8E47A74B8E77A75B8E87A76B8E5
:107C7000E97A77B8EA7A78B8EB7A79B8EC7A7AB8B0
:107C8000EE7A7BB8F07A7CB8F17A7DB8F27A7EB879
:107C9000F37A80B8F47A81B8F57A82B8F67A83B844
:107CA000F77A84B8F87A85B8FB7A86B8FC7A87B810
:107CB000FE7A88B8007B89B8017B8AB8027B8BB8D2
:107CC000057B8CB8077B8DB8097B8EB80C7B8FB891
:107CD0000D7B90B80E7B91B8107B92B8127B93B855
:107CE000137B94B8167B95B8177B96B8187B97B81A
:107CF0001A7B98B81C7B99B81D7B9AB81F7B9BB8E0
:107D0000217B9CB8227B9DB8237B9EB8277B9FB8A4
:107D1000297BA0B82D7BA1B86E6DA2B8AA6DA3B8BF
:107D20008F79A4B8B188A5B8175FA6B82B75A7B886
:107D30009A62A8B8858FA9B8EF4FAAB8DC91ABB802
:107D4000A765ACB82F81ADB85181AEB89C5EAFB815
:107D50005081B0B8748DB1B86F52B2B88689B3B8DB
:107D60004B8DB4B80D59B5B88550B6B8D84EB7B824
:107D70001C96B8B83672B9B87981BAB81F8DBBB83D
:107D8000CC5BBCB8A38BBDB84496BEB88759BFB80E
:107D90001A7FC0B89054C1B87656C2B80E56C3B850
:107DA000E58BC4B83965C5B88269C6B89994C7B8B7
:107DB000D676C8B8896EC9B8725ECAB81875CBB81D
:107DC0004667CCB8D167CDB8FF7ACEB89D80CFB822
:107DD000768DD0B81F61D1B8C679D2B86265D3B8F4
:107DE000638DD4B88851D5B81A52D6B8A294D7B8F2
:107DF000387FD8B89B80D9B8B27EDAB8975CDBB848
:107E00002F6EDCB86067DDB8D97BDEB88B76DFB863
:107E1000D89AE0B88F81E1B8947FE2B8D57CE3B816
:107E20001E64E4B85095E5B83F7AE6B84A54E7B81E
:107E3000E554E8B84C6BE9B80164EAB80862EBB8FD
:107E40003D9EECB8F380EDB89975EEB87252EFB87C
:107E50006997F0B85B84F1B83C68F2B8E486F3B88F
:107E60000196F4B89496F5B8EC94F6B82A4EF7B8A3
:107E70000454F8B8D97EF9B83968FAB8DF8DFBB880
:107E80001580FCB8F466FDB89A5EFEB8B97F40B9BB
:107E90002F7B41B9307B42B9327B43B9347B44B943
:107EA000357B45B9367B46B9377B47B9397B48B90D
:107EB0003B7B49B93D7B4AB93F7B4BB9407B4CB9D1
:107EC000417B4DB9427B4EB9437B4FB9447B50B99E
:107ED000467B51B9487B52B94A7B53B94D7B54B963
:107EE0004E7B55B9537B56B9557B57B9577B58B91B
:107EF000597B59B95C7B5AB95E7B5BB95F7B5CB9D6
:107F0000617B5DB9637B5EB9647B5FB9657B60B99A
:107F1000667B61B9677B62B9687B63B9697B64B969
:107F20006A7B65B96B7B66B96C7B67B96D7B68B939
:107F30006F7B69B9707B6AB9737B6BB9747B6CB901
:107F4000767B6DB9787B6EB97A7B6FB97C7B70B9C3
:107F50007D7B71B97F7B72B9817B73B9827B74B988
:107F6000837B75B9847B76B9867B77B9877B78B953
:107F7000887B79B9897B7AB98A7B7BB98B7B7CB921
:107F80008C7B7DB98E7B7EB98F7B80B9917B81B9EB
:107F9000927B82B9937B83B9967B84B9987B85B9B0
:107FA000997B86B99A7B87B99B7B88B99E7B89B977
:107FB0009F7B8AB9A07B8BB9A37B8CB9A47B8DB93D
:107FC000A57B8EB9AE7B8FB9AF7B90B9B07B91B9F1
:107FD000B27B92B9B37B93B9B57B94B9B67B95B9B3
:107FE000B77B96B9B97B97B9BA7B98B9BB7B99B97E
:107FF000BC7B9AB9BD7B9BB9BE7B9CB9BF7B9DB94D
:10800000C07B9EB9C27B9FB9C37BA0B9C47BA1B919
:10801000C257A2B93F80A3B99768A4B9E55DA5B9D5
:108020003B65A6B99F52A7B96D60A8B99A9FA9B937
:108030009B4FAAB9AC8EABB96C51ACB9AB5BADB9C7
:10804000135FAEB9E95DAFB95E6CB0B9F162B1B9B9
:10805000218DB2B97151B3B9A994B4B9FE52B5B971
:108060009F6CB6B9DF82B7B9D772B8B9A257B9B9A0
:108070008467BAB92D8DBBB91F59BCB99C8FBDB9E6
:10808000C783BEB99554BFB98D7BC0B9304FC1B954
:10809000BD6CC2B9645BC3B9D159C4B9139FC5B92A
:1080A000E453C6B9CA86C7B9A89AC8B9378CC9B942
:1080B000A180CAB94565CBB97E98CCB9FA56CDB97D
:1080C000C796CEB92E52CFB9DC74D0B95052D1B9BF
:1080D000E15BD2B90263D3B90289D4B9564ED5B99E
:1080E000D062D6B92A60D7B9FA68D8B97351D9B96C
:1080F000985BDAB9A051DBB9C289DCB9A17BDDB9E3
:108100008699DEB9507FDFB9EF60E0B94C70E1B914
:108110002F8DE2B94951E3B97F5EE4B91B90E5B90F
:108120007074E6B9C489E7B92D57E8B94578E9B95B
:10813000525FEAB99F9FEBB9FA95ECB9688FEDB938
:108140003C9BEEB9E18BEFB97876F0B94268F1B9B2
:10815000DC67F2B9EA8DF3B9358DF4B93D52F5B962
:108160008A8FF6B9DA6EF7B9CD68F8B90595F9B91D
:10817000ED90FAB9FD56FBB99C67FCB9F988FDB9D9
:10818000C78FFEB9C85440BAC57B41BAC87B42BA52
:10819000C97B43BACA7B44BACB7B45BACD7B46BACE
:1081A000CE7B47BACF7B48BAD07B49BAD27B4ABA9A
:1081B000D47B4BBAD57B4CBAD67B4DBAD77B4EBA63
:1081C000D87B4FBADB7B50BADC7B51BADE7B52BA2C
:1081D000DF7B53BAE07B54BAE27B55BAE37B56BAF5
:1081E000E47B57BAE77B58BAE87B59BAE97B5ABABD
:1081F000EB7B5BBAEC7B5CBAED7B5DBAEF7B5EBA86
:10820000F07B5FBAF27B60BAF37B61BAF47B62BA4F
:10821000F57B63BAF67B64BAF87B65BAF97B66BA1C
:10822000FA7B67BAFB7B68BAFD7B69BAFF7B6ABAE7
:10823000007C6BBA017C6CBA027C6DBA037C6EBAAE
:10824000047C6FBA057C70BA067C71BA087C72BA7D
:10825000097C73BA0A7C74BA0D7C75BA0E7C76BA46
:10826000107C77BA117C78BA127C79BA137C7ABA0E
:10827000147C7BBA157C7CBA177C7DBA187C7EBADC
:10828000197C80BA1A7C81BA1B7C82BA1C7C83BAA6
:108290001D7C84BA1E7C85BA207C86BA217C87BA74
:1082A000227C88BA237C89BA247C8ABA257C8BBA42
:1082B000287C8CBA297C8DBA2B7C8EBA2C7C8FBA08
:1082C0002D7C90BA2E7C91BA2F7C92BA307C93BAD6
:1082D000317C94BA327C95BA337C96BA347C97BAA6
:1082E000357C98BA367C99BA377C9ABA397C9BBA75
:1082F0003A7C9CBA3B7C9DBA3C7C9EBA3D7C9FBA42
:108300003E7CA0BA427CA1BAB89AA2BA695BA3BA71
:10831000776DA4BA266CA5BAA54EA6BAB35BA7BA68
:10832000879AA8BA6391A9BAA861AABAAF90ABBA62
:10833000E997ACBA2B54ADBAB56DAEBAD25BAFBA51
:10834000FD51B0BA8A55B1BA557FB2BAF07FB3BA0F
:10835000BC64B4BA4D63B5BAF165B6BABE61B7BA1A
:108360008D60B8BA0A71B9BA576CBABA496CBBBA5F
:108370002F59BCBA6D67BDBA2A82BEBAD558BFBAEA
:108380008E56C0BA6A8CC1BAEB6BC2BADD90C3BA62
:108390007D59C4BA1780C5BAF753C6BA696DC7BA52
:1083A0007554C8BA9D55C9BA7783CABACF83CBBAB8
:1083B0003868CCBABE79CDBA8C54CEBA554FCFBA44
:1083C0000854D0BAD276D1BA898CD2BA0296D3BA2E
:1083D000B36CD4BAB86DD5BA6B8DD6BA1089D7BA8A
:1083E000649ED8BA3A8DD9BA3F56DABAD19EDBBA72
:1083F000D575DCBA885FDDBAE072DEBA6860DFBAD4
:10840000FC54E0BAA84EE1BA2A6AE2BA6188E3BA3B
:108410005260E4BA708FE5BAC454E6BAD870E7BACD
:108420007986E8BA3F9EE9BA2A6DEABA8F5BEBBA61
:10843000185FECBAA27EEDBA8955EEBAAF4FEFBA2B
:108440003473F0BA3C54F1BA9A53F2BA1950F3BAF1
:108450000E54F4BA7C54F5BA4E4EF6BAFD5FF7BA34
:108460005A74F8BAF658F9BA6B84FABAE180FBBAD2
:108470007487FCBAD072FDBACA7CFEBA566E40BB95
:10848000437C41BB447C42BB457C43BB467C44BBF4
:10849000477C45BB487C46BB497C47BB4A7C48BBC4
:1084A0004B7C49BB4C7C4ABB4E7C4BBB4F7C4CBB92
:1084B000507C4DBB517C4EBB527C4FBB537C50BB60
:1084C000547C51BB557C52BB567C53BB577C54BB30
:1084D000587C55BB597C56BB5A7C57BB5B7C58BB00
:1084E0005C7C59BB5D7C5ABB5E7C5BBB5F7C5CBBD0
:1084F000607C5DBB617C5EBB627C5FBB637C60BBA0
:10850000647C61BB657C62BB667C63BB677C64BB6F
:10851000687C65BB697C66BB6A7C67BB6B7C68BB3F
:108520006C7C69BB6D7C6ABB6E7C6BBB6F7C6CBB0F
:10853000707C6DBB717C6EBB727C6FBB757C70BBDD
:10854000767C71BB777C72BB787C73BB797C74BBA7
:108550007A7C75BB7E7C76BB7F7C77BB807C78BB6E
:10856000817C79BB827C7ABB837C7BBB847C7CBB3B
:10857000857C7DBB867C7EBB877C80BB887C81BB09
:108580008A7C82BB8B7C83BB8C7C84BB8D7C85BBD3
:108590008E7C86BB8F7C87BB907C88BB937C89BBA1
:1085A000947C8ABB967C8BBB997C8CBB9A7C8DBB64
:1085B0009B7C8EBBA07C8FBBA17C90BBA37C91BB22
:1085C000A67C92BBA77C93BBA87C94BBA97C95BBE3
:1085D000AB7C96BBAC7C97BBAD7C98BBAF7C99BBAE
:1085E000B07C9ABBB47C9BBBB57C9CBBB67C9DBB72
:1085F000B77C9EBBB87C9FBBBA7CA0BBBB7CA1BB3D
:10860000275FA2BB4E86A3BB2C55A4BBA462A5BB0F
:10861000924EA6BBAA6CA7BB3762A8BBB182A9BB0E
:10862000D754AABB4E53ABBB3E73ACBBD16EADBBF4
:108630003B75AEBB1252AFBB1653B0BBDD8BB1BBAB
:10864000D069B2BB8A5FB3BB0060B4BBEE6DB5BB93
:108650004F57B6BB226BB7BBAF73B8BB5368B9BB40
:10866000D88FBABB137FBBBB6263BCBBA360BDBB6F
:108670002455BEBBEA75BFBB628CC0BB1571C1BBC4
:10868000A36DC2BBA65BC3BB7B5EC4BB5283C5BB31
:108690004C61C6BBC49EC7BBFA78C8BB5787C9BB71
:1086A000277CCABB8776CBBBF051CCBBF660CDBB79
:1086B0004C71CEBB4366CFBB4C5ED0BB4D60D1BBD3
:1086C0000E8CD2BB7070D3BB2563D4BB898FD5BB56
:1086D000BD5FD6BB6260D7BBD486D8BBDE56D9BBE4
:1086E000C16BDABB9460DBBB6761DCBB4953DDBBAC
:1086F000E060DEBB6666DFBB3F8DE0BBFD79E1BBC2
:108700001A4FE2BBE970E3BB476CE4BBB38BE5BB3C
:10871000F28BE6BBD87EE7BB6483E8BB0F66E9BBA0
:108720005A5AEABB429BEBBB516DECBBF76DEDBBFC
:10873000418CEEBB3B6DEFBB194FF0BB6B70F1BBD7
:10874000B783F2BB1662F3BBD160F4BB0D97F5BBE8
:10875000278DF6BB7879F7BBFB51F8BB3E57F9BBC9
:10876000FA57FABB3A67FBBB7875FCBB3D7AFDBB99
:10877000EF79FEBB957B40BCBF7C41BCC07C42BC5A
:10878000C27C43BCC37C44BCC47C45BCC67C46BCE8
:10879000C97C47BCCB7C48BCCE7C49BCCF7C4ABCA6
:1087A000D07C4BBCD17C4CBCD27C4DBCD37C4EBC71
:1087B000D47C4FBCD87C50BCDA7C51BCDB7C52BC36
:1087C000DD7C53BCDE7C54BCE17C55BCE27C56BCF9
:1087D000E37C57BCE47C58BCE57C59BCE67C5ABCC5
:1087E000E77C5BBCE97C5CBCEA7C5DBCEB7C5EBC92
:1087F000EC7C5FBCED7C60BCEE7C61BCF07C62BC60
:10880000F17C63BCF27C64BCF37C65BCF47C66BC2C
:10881000F57C67BCF67C68BCF77C69BCF97C6ABCFB
:10882000FA7C6BBCFC7C6CBCFD7C6DBCFE7C6EBCC5
:10883000FF7C6FBC007D70BC017D71BC027D72BC91
:10884000037D73BC047D74BC057D75BC067D76BC60
:10885000077D77BC087D78BC097D79BC0B7D7ABC2F
:108860000C7D7BBC0D7D7CBC0E7D7DBC0F7D7EBCFC
:10887000107D80BC117D81BC127D82BC137D83BCC8
:10888000147D84BC157D85BC167D86BC177D87BC98
:10889000187D88BC197D89BC1A7D8ABC1B7D8BBC68
:1088A0001C7D8CBC1D7D8DBC1E7D8EBC1F7D8FBC38
:1088B000217D90BC237D91BC247D92BC257D93BC01
:1088C000267D94BC287D95BC297D96BC2A7D97BCCD
:1088D0002C7D98BC2D7D99BC2E7D9ABC307D9BBC97
:1088E000317D9CBC327D9DBC337D9EBC347D9FBC64
:1088F000357DA0BC367DA1BC8C80A2BC6599A3BC93
:10890000F98FA4BCC06FA5BCA58BA6BC219EA7BC3B
:10891000EC59A8BCE97EA9BC097FAABC0954ABBC30
:108920008167ACBCD868ADBC918FAEBC4D7CAFBC90
:10893000C696B0BCCA53B1BC2560B2BCBE75B3BC50
:10894000726CB4BC7353B5BCC95AB6BCA77EB7BC75
:108950002463B8BCE051B9BC0A81BABCF15DBBBCB0
:10896000DF84BCBC8062BDBC8051BEBC635BBFBC4D
:108970000E4FC0BC6D79C1BC4252C2BCB860C3BC12
:108980004E6DC4BCC45BC5BCC25BC6BCA18BC7BCBE
:10899000B08BC8BCE265C9BCCC5FCABC4596CBBC39
:1089A0009359CCBCE77ECDBCAA7ECEBC0956CFBCC9
:1089B000B767D0BC3959D1BC734FD2BCB65BD3BCFE
:1089C000A052D4BC5A83D5BC8A98D6BC3E8DD7BCA5
:1089D0003275D8BCBE94D9BC4750DABC3C7ADBBCFB
:1089E000F74EDCBCB667DDBC7E9ADEBCC15ADFBC8C
:1089F0007C6BE0BCD176E1BC5A57E2BC165CE3BCB0
:108A00003A7BE4BCF495E5BC4E71E6BC7C51E7BC16
:108A1000A980E8BC7082E9BC7859EABC047FEBBC51
:108A20002783ECBCC068EDBCEC67EEBCB178EFBC52
:108A30007778F0BCE362F1BC6163F2BC807BF3BC8D
:108A4000ED4FF4BC6A52F5BCCF51F6BC5083F7BC75
:108A5000DB69F8BC7492F9BCF58DFABC318DFBBCB6
:108A6000C189FCBC2E95FDBCAD7BFEBCF64E40BD65
:108A7000377D41BD387D42BD397D43BD3A7D44BD22
:108A80003B7D45BD3C7D46BD3D7D47BD3E7D48BDF2
:108A90003F7D49BD407D4ABD417D4BBD427D4CBDC2
:108AA000437D4DBD447D4EBD457D4FBD467D50BD92
:108AB000477D51BD487D52BD497D53BD4A7D54BD62
:108AC0004B7D55BD4C7D56BD4D7D57BD4E7D58BD32
:108AD0004F7D59BD507D5ABD517D5BBD527D5CBD02
:108AE000537D5DBD547D5EBD557D5FBD567D60BDD2
:108AF000577D61BD587D62BD597D63BD5A7D64BDA2
:108B00005B7D65BD5C7D66BD5D7D67BD5E7D68BD71
:108B10005F7D69BD607D6ABD617D6BBD627D6CBD41
:108B2000637D6DBD647D6EBD657D6FBD667D70BD11
:108B3000677D71BD687D72BD697D73BD6A7D74BDE1
:108B40006B7D75BD6C7D76BD6D7D77BD6F7D78BDB0
:108B5000707D79BD717D7ABD727D7BBD737D7CBD7D
:108B6000747D7DBD757D7EBD767D80BD787D81BD4A
:108B7000797D82BD7A7D83BD7B7D84BD7C7D85BD15
:108B80007D7D86BD7E7D87BD7F7D88BD807D89BDE5
:108B9000817D8ABD827D8BBD837D8CBD847D8DBDB5
:108BA000857D8EBD867D8FBD877D90BD887D91BD85
:108BB000897D92BD8A7D93BD8B7D94BD8C7D95BD55
:108BC0008D7D96BD8E7D97BD8F7D98BD907D99BD25
:108BD000917D9ABD927D9BBD937D9CBD947D9DBDF5
:108BE000957D9EBD967D9FBD977DA0BD987DA1BDC5
:108BF0006550A2BD3082A3BD5152A4BD6F99A5BDE1
:108C0000106EA6BD856EA7BDA76DA8BDFA5EA9BDF5
:108C1000F550AABDDC59ABBD065CACBD466DADBD23
:108C20005F6CAEBD8675AFBD8B84B0BD6868B1BDED
:108C30005659B2BDB28BB3BD2053B4BD7191B5BD11
:108C40004D96B6BD4985B7BD1269B8BD0179B9BDAC
:108C50002671BABDF680BBBDA44EBCBDCA90BDBDD9
:108C6000476DBEBD849ABFBD075AC0BDBC56C1BDCD
:108C70000564C2BDF094C3BDEB77C4BDA54FC5BDAF
:108C80001A81C6BDE172C7BDD289C8BD7A99C9BD76
:108C9000347FCABDDE7ECBBD7F52CCBD5965CDBD14
:108CA0007591CEBD7F8FCFBD838FD0BDEB53D1BD2E
:108CB000967AD2BDED63D3BDA563D4BD8676D5BD0E
:108CC000F879D6BD5788D7BD3696D8BD2A62D9BDAA
:108CD000AB52DABD8282DBBD5468DCBD7067DDBD9E
:108CE0007763DEBD6B77DFBDED7AE0BD016DE1BD81
:108CF000D37EE2BDE389E3BDD059E4BD1262E5BD98
:108D0000C985E6BDA582E7BD4C75E8BD1F50E9BD2C
:108D1000CB4EEABDA575EBBDEB8BECBD4A5CEDBD62
:108D2000FE5DEEBD4B7BEFBDA465F0BDD191F1BD05
:108D3000CA4EF2BD256DF3BD5F89F4BD277DF5BD3B
:108D40002695F6BDC54EF7BD288CF8BDDB8FF9BD65
:108D50007397FABD4B66FBBD8179FCBDD18FFDBD1C
:108D6000EC70FEBD786D40BE997D41BE9A7D42BEDD
:108D70009B7D43BE9C7D44BE9D7D45BE9E7D46BE83
:108D80009F7D47BEA07D48BEA17D49BEA27D4ABE53
:108D9000A37D4BBEA47D4CBEA57D4DBEA77D4EBE22
:108DA000A87D4FBEA97D50BEAA7D51BEAB7D52BEEF
:108DB000AC7D53BEAD7D54BEAF7D55BEB07D56BEBD
:108DC000B17D57BEB27D58BEB37D59BEB47D5ABE8B
:108DD000B57D5BBEB67D5CBEB77D5DBEB87D5EBE5B
:108DE000B97D5FBEBA7D60BEBB7D61BEBC7D62BE2B
:108DF000BD7D63BEBE7D64BEBF7D65BEC07D66BEFB
:108E0000C17D67BEC27D68BEC37D69BEC47D6ABECA
:108E1000C57D6BBEC67D6CBEC77D6DBEC87D6EBE9A
:108E2000C97D6FBECA7D70BECB7D71BECC7D72BE6A
:108E3000CD7D73BECE7D74BECF7D75BED07D76BE3A
:108E4000D17D77BED27D78BED37D79BED47D7ABE0A
:108E5000D57D7BBED67D7CBED77D7DBED87D7EBEDA
:108E6000D97D80BEDA7D81BEDB7D82BEDC7D83BEA6
:108E7000DD7D84BEDE7D85BEDF7D86BEE07D87BE76
:108E8000E17D88BEE27D89BEE37D8ABEE47D8BBE46
:108E9000E57D8CBEE67D8DBEE77D8EBEE87D8FBE16
:108EA000E97D90BEEA7D91BEEB7D92BEEC7D93BEE6
:108EB000ED7D94BEEE7D95BEEF7D96BEF07D97BEB6
:108EC000F17D98BEF27D99BEF37D9ABEF47D9BBE86
:108ED000F57D9CBEF67D9DBEF77D9EBEF87D9FBE56
:108EE000F97DA0BEFA7DA1BE3D5CA2BEB252A3BE7A
:108EF0004683A4BE6251A5BE0E83A6BE5B77A7BE05
:108F00007666A8BEB89CA9BEAC4EAABECA60ABBE6F
:108F1000BE7CACBEB37CADBECF7EAEBE954EAFBE0A
:108F2000668BB0BE6F66B1BE8898B2BE5997B3BEAD
:108F30008358B4BE6C65B5BE5C95B6BE845FB7BEE3
:108F4000C975B8BE5697B9BEDF7ABABEDE7ABBBE67
:108F5000C051BCBEAF70BDBE987ABEBEEA63BFBE94
:108F6000767AC0BEA07EC1BE9673C2BEED97C3BE68
:108F7000454EC4BE7870C5BE5D4EC6BE5291C7BEDA
:108F8000A953C8BE5165C9BEE765CABEFC81CBBE48
:108F90000582CCBE8E54CDBE315CCEBE9A75CFBE9E
:108FA000A097D0BED862D1BED972D2BEBD75D3BE95
:108FB000455CD4BE799AD5BECA83D6BE405CD7BEC6
:108FC0008054D8BEE977D9BE3E4EDABEAE6CDBBE69
:108FD0005A80DCBED262DDBE6E63DEBEE85DDFBEFF
:108FE0007751E0BEDD8DE1BE1E8EE2BE2F95E3BE61
:108FF000F14FE4BEE553E5BEE760E6BEAC70E7BE08
:109000006752E8BE5063E9BE439EEABE1F5AEBBEFC
:109010002650ECBE3777EDBE7753EEBEE27EEFBE54
:109020008564F0BE2B65F1BE8962F2BE9863F3BE23
:109030001450F4BE3572F5BEC989F6BEB351F7BE01
:10904000C08BF8BEDD7EF9BE4757FABECC83FBBEAF
:10905000A794FCBE9B51FDBE1B54FEBEFB5C40BFF3
:10906000FB7D41BFFC7D42BFFD7D43BFFE7D44BF14
:10907000FF7D45BF007E46BF017E47BF027E48BFE1
:10908000037E49BF047E4ABF057E4BBF067E4CBFB0
:10909000077E4DBF087E4EBF097E4FBF0A7E50BF80
:1090A0000B7E51BF0C7E52BF0D7E53BF0E7E54BF50
:1090B0000F7E55BF107E56BF117E57BF127E58BF20
:1090C000137E59BF147E5ABF157E5BBF167E5CBFF0
:1090D000177E5DBF187E5EBF197E5FBF1A7E60BFC0
:1090E0001B7E61BF1C7E62BF1D7E63BF1E7E64BF90
:1090F0001F7E65BF207E66BF217E67BF227E68BF60
:10910000237E69BF247E6ABF257E6BBF267E6CBF2F
:10911000277E6DBF287E6EBF297E6FBF2A7E70BFFF
:109120002B7E71BF2C7E72BF2D7E73BF2E7E74BFCF
:109130002F7E75BF307E76BF317E77BF327E78BF9F
:10914000337E79BF347E7ABF357E7BBF367E7CBF6F
:10915000377E7DBF387E7EBF397E80BF3A7E81BF3D
:109160003C7E82BF3D7E83BF3E7E84BF3F7E85BF07
:10917000407E86BF427E87BF437E88BF447E89BFD4
:10918000457E8ABF467E8BBF487E8CBF497E8DBFA1
:109190004A7E8EBF4B7E8FBF4C7E90BF4D7E91BF6F
:1091A0004E7E92BF4F7E93BF507E94BF517E95BF3F
:1091B000527E96BF537E97BF547E98BF557E99BF0F
:1091C000567E9ABF577E9BBF587E9CBF597E9DBFDF
:1091D0005A7E9EBF5B7E9FBF5C7EA0BF5D7EA1BFAF
:1091E000CA4FA2BFE37AA3BF5A6DA4BFE190A5BF47
:1091F0008F9AA6BF8055A7BF9654A8BF6153A9BF39
:10920000AF54AABF005FABBFE963ACBF7769ADBF26
:10921000EF51AEBF6861AFBF0A52B0BF2A58B1BFAD
:10922000D852B2BF4E57B3BF0D78B4BF0B77B5BF9E
:10923000B75EB6BF7761B7BFE07CB8BF5B62B9BF4E
:109240009762BABFA24EBBBF9570BCBF0380BDBFC3
:10925000F762BEBFE470BFBF6097C0BF7757C1BFA2
:10926000DB82C2BFEF67C3BFF568C4BFD578C5BF97
:109270009798C6BFD179C7BFF358C8BFB354C9BF09
:10928000EF53CABF346ECBBF4B51CCBF3B52CDBFA7
:10929000A25BCEBFFE8BCFBFAF80D0BF4355D1BF47
:1092A000A657D2BF7360D3BF5157D4BF2D54D5BF7B
:1092B0007A7AD6BF5060D7BF545BD8BFA763D9BFF7
:1092C000A062DABFE353DBBF6362DCBFC75BDDBF15
:1092D000AF67DEBFED54DFBF9F7AE0BFE682E1BF3C
:1092E0007791E2BF935EE3BFE488E4BF3859E5BFFE
:1092F000AE57E6BF0E63E7BFE88DE8BFEF80E9BF7A
:109300005757EABF777BEBBFA94FECBFEB5FEDBFD1
:10931000BD5BEEBF3E6BEFBF2153F0BF507BF1BF93
:10932000C272F2BF4668F3BFFF77F4BF3677F5BF6E
:10933000F765F6BFB551F7BF8F4EF8BFD476F9BFCA
:10934000BF5CFABFA57AFBBF7584FCBF4E59FDBF59
:10935000419BFEBF805040C05E7E41C05F7E42C0E8
:10936000607E43C0617E44C0627E45C0637E46C06D
:10937000647E47C0657E48C0667E49C0677E4AC03D
:10938000687E4BC0697E4CC06A7E4DC06B7E4EC00D
:109390006C7E4FC06D7E50C06E7E51C06F7E52C0DD
:1093A000707E53C0717E54C0727E55C0737E56C0AD
:1093B000747E57C0757E58C0767E59C0777E5AC07D
:1093C000787E5BC0797E5CC07A7E5DC07B7E5EC04D
:1093D0007C7E5FC07D7E60C07E7E61C07F7E62C01D
:1093E000807E63C0817E64C0837E65C0847E66C0EB
:1093F000857E67C0867E68C0877E69C0887E6AC0B9
:10940000897E6BC08A7E6CC08B7E6DC08C7E6EC088
:109410008D7E6FC08E7E70C08F7E71C0907E72C058
:10942000917E73C0927E74C0937E75C0947E76C028
:10943000957E77C0967E78C0977E79C0987E7AC0F8
:10944000997E7BC09A7E7CC09C7E7DC09D7E7EC0C6
:109450009E7E80C0AE7E81C0B47E82C0BB7E83C053
:10946000BC7E84C0D67E85C0E47E86C0EC7E87C08C
:10947000F97E88C00A7F89C0107F8AC01E7F8BC09A
:10948000377F8CC0397F8DC03B7F8EC03C7F8FC0C3
:109490003D7F90C03E7F91C03F7F92C0407F93C090
:1094A000417F94C0437F95C0467F96C0477F97C059
:1094B000487F98C0497F99C04A7F9AC04B7F9BC024
:1094C0004C7F9CC04D7F9DC04E7F9EC04F7F9FC0F4
:1094D000527FA0C0537FA1C08899A2C02761A3C0BA
:1094E000836EA4C06457A5C00666A6C04663A7C025
:1094F000F056A8C0EC62A9C06962AAC0D35EABC036
:109500001496ACC08357ADC0C962AEC08755AFC01A
:109510002187B0C04A81B1C0A38FB2C06655B3C025
:10952000B183B4C06567B5C0568DB6C0DD84B7C021
:109530006A5AB8C00F68B9C0E662BAC0EE7BBBC059
:109540001196BCC07051BDC09C6FBEC0308CBFC0F6
:10955000FD63C0C0C889C1C0D261C2C0067FC3C09C
:10956000C270C4C0E56EC5C00574C6C09469C7C0EA
:10957000FC72C8C0CA5EC9C0CE90CAC01767CBC053
:109580006A6DCCC05E63CDC0B352CEC06272CFC034
:109590000180D0C06C4FD1C0E559D2C06A91D3C010
:1095A000D970D4C09D6DD5C0D252D6C0504ED7C050
:1095B000F796D8C06D95D9C07E85DAC0CA78DBC071
:1095C0002F7DDCC02151DDC09257DEC0C264DFC0F8
:1095D0008B80E0C07B7CE1C0EA6CE2C0F168E3C054
:1095E0005E69E4C0B751E5C09853E6C0A868E7C01B
:1095F0008172E8C0CE9EE9C0F17BEAC0F872EBC090
:10960000BB79ECC0136FEDC00674EEC04E67EFC0BF
:10961000CC91F0C0A49CF1C03C79F2C08983F3C026
:109620005483F4C00F54F5C01768F6C03D4EF7C020
:109630008953F8C0B152F9C03E78FAC08653FBC0D6
:109640002952FCC08850FDC08B4FFEC0D04F40C196
:10965000567F41C1597F42C15B7F43C15C7F44C19A
:109660005D7F45C15E7F46C1607F47C1637F48C162
:10967000647F49C1657F4AC1667F4BC1677F4CC12A
:109680006B7F4DC16C7F4EC16D7F4FC16F7F50C1ED
:10969000707F51C1737F52C1757F53C1767F54C1B2
:1096A000777F55C1787F56C17A7F57C17B7F58C17C
:1096B0007C7F59C17D7F5AC17F7F5BC1807F5CC148
:1096C000827F5DC1837F5EC1847F5FC1857F60C112
:1096D000867F61C1877F62C1887F63C1897F64C1E2
:1096E0008B7F65C18D7F66C18F7F67C1907F68C1A9
:1096F000917F69C1927F6AC1937F6BC1957F6CC175
:10970000967F6DC1977F6EC1987F6FC1997F70C141
:109710009B7F71C19C7F72C1A07F73C1A27F74C106
:10972000A37F75C1A57F76C1A67F77C1A87F78C1C9
:10973000A97F79C1AA7F7AC1AB7F7BC1AC7F7CC195
:10974000AD7F7DC1AE7F7EC1B17F80C1B37F81C15E
:10975000B47F82C1B57F83C1B67F84C1B77F85C125
:10976000BA7F86C1BB7F87C1BE7F88C1C07F89C1E8
:10977000C27F8AC1C37F8BC1C47F8CC1C67F8DC1AC
:10978000C77F8EC1C87F8FC1C97F90C1CB7F91C178
:10979000CD7F92C1CF7F93C1D07F94C1D17F95C13E
:1097A000D27F96C1D37F97C1D67F98C1D77F99C109
:1097B000D97F9AC1DA7F9BC1DB7F9CC1DC7F9DC1D1
:1097C000DD7F9EC1DE7F9FC1E27FA0C1E37FA1C19B
:1097D000E275A2C1CB7AA3C1927CA4C1A56CA5C13C
:1097E000B696A6C19B52A7C18374A8C1E954A9C16A
:1097F000E94FAAC15480ABC1B283ACC1DE8FADC109
:109800007095AEC1C95EAFC11C60B0C19F6DB1C1E2
:10981000185EB2C15B65B3C13881B4C1FE94B5C1F5
:109820004B60B6C1BC70B7C1C37EB8C1AE7CB9C114
:10983000C951BAC18168BBC1B17CBCC16F82BDC115
:10984000244EBEC1868FBFC1CF91C0C17E66C1C14B
:10985000AE4EC2C1058CC3C1A964C4C14A80C5C192
:10986000DA50C6C19775C7C1CE71C8C1E55BC9C121
:10987000BD8FCAC1666FCBC1864ECCC18264CDC1DB
:109880006395CEC1D65ECFC19965D0C11752D1C103
:10989000C288D2C1C870D3C1A352D4C10E73D5C17E
:1098A0003374D6C19767D7C1F778D8C11697D9C195
:1098B000344EDAC1BB90DBC1DE9CDCC1CB6DDDC1B7
:1098C000DB51DEC1418DDFC11D54E0C1CE62E1C17B
:1098D000B273E2C1F183E3C1F696E4C1849FE5C1AE
:1098E000C394E6C1364FE7C19A7FE8C1CC51E9C1C4
:1098F0007570EAC17596EBC1AD5CECC18698EDC19F
:10990000E653EEC1E44EEFC19C6EF0C10974F1C1A3
:10991000B469F2C16B78F3C18F99F4C15975F5C17F
:109920001852F6C12476F7C1416DF8C1F367F9C149
:109930006D51FAC1999FFBC14B80FCC19954FDC187
:109940003C7BFEC1BF7A40C2E47F41C2E77F42C296
:10995000E87F43C2EA7F44C2EB7F45C2EC7F46C248
:10996000ED7F47C2EF7F48C2F27F49C2F47F4AC20F
:10997000F57F4BC2F67F4CC2F77F4DC2F87F4EC2D7
:10998000F97F4FC2FA7F50C2FD7F51C2FE7F52C2A3
:10999000FF7F53C2028054C2078055C2088056C25E
:1099A000098057C20A8058C20E8059C20F805AC21D
:1099B00011805BC213805CC21A805DC21B805EC2D4
:1099C0001D805FC21E8060C21F8061C2218062C292
:1099D000238063C2248064C22B8065C22C8066C24F
:1099E0002D8067C22E8068C22F8069C230806AC213
:1099F00032806BC234806CC239806DC23A806EC2D4
:109A00003C806FC23E8070C2408071C2418072C291
:109A1000448073C2458074C2478075C2488076C254
:109A2000498077C24E8078C24F8079C250807AC216
:109A300051807BC253807CC255807DC256807EC2DD
:109A4000578080C2598081C25B8082C25C8083C2A1
:109A50005D8084C25E8085C25F8086C2608087C26E
:109A6000618088C2628089C263808AC264808BC23E
:109A700065808CC266808DC267808EC268808FC20E
:109A80006B8090C26C8091C26D8092C26E8093C2D6
:109A90006F8094C2708095C2728096C2738097C2A4
:109AA000748098C2758099C276809AC277809BC272
:109AB00078809CC279809DC27A809EC27B809FC242
:109AC0007C80A0C27D80A1C28696A2C28457A3C218
:109AD000E262A4C24796A5C27C69A6C2045AA7C284
:109AE0000264A8C2D37BA9C20F6FAAC24B96ABC2B5
:109AF000A682ACC26253ADC28598AEC2905EAFC2C0
:109B00008970B0C2B363B1C26453B2C24F86B3C2EC
:109B1000819CB4C2939EB5C28C78B6C23297B7C24C
:109B2000EF8DB8C2428DB9C27F9EBAC25E6FBBC212
:109B30008479BCC2555FBDC24696BEC22E62BFC20A
:109B4000749AC0C21554C1C2DD94C2C2A34FC3C22D
:109B5000C565C4C2655CC5C2615CC6C2157FC7C2AB
:109B60005186C8C22F6CC9C28B5FCAC28773CBC271
:109B7000E46ECCC2FF7ECDC2E65CCEC21B63CFC218
:109B80006A5BD0C2E66ED1C27553D2C2714ED3C2E7
:109B9000A063D4C26575D5C2A162D6C26E8FD7C28A
:109BA000264FD8C2D14ED9C2A66CDAC2B67EDBC26D
:109BB000BA8BDCC21D84DDC2BA87DEC2577FDFC22A
:109BC0003B90E0C22395E1C2A97BE2C2A19AE3C225
:109BD000F888E4C23D84E5C21B6DE6C2869AE7C2FE
:109BE000DC7EE8C28859E9C2BB9EEAC29B73EBC225
:109BF0000178ECC28286EDC26C9AEEC2829AEFC204
:109C00001B56F0C21754F1C2CB57F2C2704EF3C2CA
:109C1000A69EF4C25653F5C2C88FF6C20981F7C298
:109C20009277F8C29299F9C2EE86FAC2E16EFBC24F
:109C30001385FCC2FC66FDC26261FEC22B6F40C38D
:109C40007E8041C3818042C3828043C3858044C3F8
:109C5000888045C38A8046C38D8047C38E8048C3B1
:109C60008F8049C390804AC391804BC392804CC37C
:109C700094804DC395804EC397804FC3998050C345
:109C80009E8051C3A38052C3A68053C3A78054C3F0
:109C9000A88055C3AC8056C3B08057C3B38058C3A7
:109CA000B58059C3B6805AC3B8805BC3B9805CC362
:109CB000BB805DC3C5805EC3C7805FC3C88060C30F
:109CC000C98061C3CA8062C3CB8063C3CF8064C3D1
:109CD000D08065C3D18066C3D28067C3D38068C398
:109CE000D48069C3D5806AC3D8806BC3DF806CC35E
:109CF000E0806DC3E2806EC3E3806FC3E68070C313
:109D0000EE8071C3F58072C3F78073C3F98074C3AA
:109D1000FB8075C3FE8076C3FF8077C3008178C364
:109D2000018179C303817AC304817BC305817CC32C
:109D300007817DC308817EC30B8180C30C8181C3F1
:109D4000158182C3178183C3198184C31B8185C395
:109D50001C8186C31D8187C31F8188C3208189C35D
:109D600021818AC322818BC323818CC324818DC32B
:109D700025818EC326818FC3278190C3288191C3FB
:109D8000298192C32A8193C32B8194C32D8195C3CA
:109D90002E8196C3308197C3338198C3348199C390
:109DA00035819AC337819BC339819CC33A819DC356
:109DB0003B819EC33C819FC33D81A0C33F81A1C322
:109DC000298CA2C39282A3C32B83A4C3F276A5C31A
:109DD000136CA6C3D95FA7C3BD83A8C32B73A9C344
:109DE0000583AAC31A95ABC3DB6BACC3DB77ADC3EA
:109DF000C694AEC36F53AFC30283B0C39251B1C315
:109E00003D5EB2C38C8CB3C3388DB4C3484EB5C36A
:109E1000AB73B6C39A67B7C38568B8C37691B9C345
:109E20000997BAC36471BBC3A16CBCC30977BDC336
:109E3000925ABEC34195BFC3CF6BC0C38E7FC1C30F
:109E40002766C2C3D05BC3C3B959C4C39A5AC5C33A
:109E5000E895C6C3F795C7C3EC4EC8C30C84C9C305
:109E60009984CAC3AC6ACBC3DF76CCC33095CDC36B
:109E70001B73CEC3A668CFC35F5BD0C32F77D1C39C
:109E80009A91D2C36197D3C3DC7CD4C3F78FD5C377
:109E90001C8CD6C3255FD7C3737CD8C3D879D9C3EC
:109EA000C589DAC3CC6CDBC31C87DCC3C65BDDC3EE
:109EB000425EDEC3C968DFC32077E0C3F57EE1C33D
:109EC0009551E2C34D51E3C3C952E4C3295AE5C3D6
:109ED000057FE6C36297E7C3D782E8C3CF63E9C3D0
:109EE0008477EAC3D085EBC3D279ECC33A6EEDC375
:109EF000995EEEC39959EFC31185F0C36D70F1C33C
:109F0000116CF2C3BF62F3C3BF76F4C34F65F5C3F0
:109F1000AF60F6C3FD95F7C30E66F8C39F87F9C31C
:109F2000239EFAC3ED94FBC30D54FCC37D54FDC3C3
:109F30002C8CFEC3786440C4408141C4418142C43A
:109F4000428143C4438144C4448145C4458146C4DD
:109F5000478147C4498148C44D8149C44E814AC4A0
:109F60004F814BC452814CC456814DC457814EC45D
:109F700058814FC45B8150C45C8151C45D8152C41F
:109F80005E8153C45F8154C4618155C4628156C4EB
:109F9000638157C4648158C4668159C468815AC4B6
:109FA0006A815BC46B815CC46C815DC46F815EC47B
:109FB00072815FC4738160C4758161C4768162C43B
:109FC000778163C4788164C4818165C4838166C4F8
:109FD000848167C4858168C4868169C487816AC4B5
:109FE00089816BC48B816CC48C816DC48D816EC47E
:109FF0008E816FC4908170C4928171C4938172C448
:10A00000948173C4958174C4968175C4978176C414
:10A01000998177C49A8178C49E8179C49F817AC4DA
:10A02000A0817BC4A1817CC4A2817DC4A4817EC4A3
:10A03000A58180C4A78181C4A98182C4AB8183C466
:10A04000AC8184C4AD8185C4AE8186C4AF8187C430
:10A05000B08188C4B18189C4B2818AC4B4818BC4FF
:10A06000B5818CC4B6818DC4B7818EC4B8818FC4CC
:10A07000B98190C4BC8191C4BD8192C4BE8193C496
:10A08000BF8194C4C48195C4C58196C4C78197C457
:10A09000C88198C4C98199C4CB819AC4CD819BC41D
:10A0A000CE819CC4CF819DC4D0819EC4D1819FC4E8
:10A0B000D281A0C4D381A1C47964A2C41186A3C4EF
:10A0C000216AA4C49C81A5C4E878A6C46964A7C415
:10A0D000549BA8C4B962A9C42B67AAC4AB83ABC400
:10A0E000A858ACC4D89EADC4AB6CAEC4206FAFC48E
:10A0F000DE5BB0C44C96B1C40B8CB2C45F72B3C407
:10A10000D067B4C4C762B5C46172B6C4A94EB7C43F
:10A11000C659B8C4CD6BB9C49358BAC4AE66BBC4F3
:10A12000555EBCC4DF52BDC45561BEC42867BFC400
:10A13000EE76C0C46677C1C46772C2C4467AC3C42F
:10A14000FF62C4C4EA54C5C45054C6C4A094C7C472
:10A15000A390C8C41C5AC9C4B37ECAC4166CCBC46D
:10A16000434ECCC47659CDC41080CEC44859CFC418
:10A170005753D0C43775D1C4BE96D2C4CA56D3C4BF
:10A180002063D4C41181D5C47C60D6C4F995D7C4EA
:10A19000D66DD8C46254D9C48199DAC48551DBC460
:10A1A000E95ADCC4FD80DDC4AE59DEC41397DFC4B8
:10A1B0002A50E0C4E56CE1C43C5CE2C4DF62E3C465
:10A1C000604FE4C43F53E5C47B81E6C40690E7C416
:10A1D000BA6EE8C42B85E9C4C862EAC4745EEBC4F5
:10A1E000BE78ECC4B564EDC47B63EEC4F55FEFC428
:10A1F000185AF0C47F91F1C41F9EF2C43F5CF3C4AF
:10A200004F63F4C44280F5C47D5BF6C46E55F7C459
:10A210004A95F8C44D95F9C4856DFAC4A860FBC48D
:10A22000E067FCC4DE72FDC4DD51FEC4815B40C545
:10A23000D48141C5D58142C5D68143C5D78144C5A6
:10A24000D88145C5D98146C5DA8147C5DB8148C576
:10A25000DC8149C5DD814AC5DE814BC5DF814CC546
:10A26000E0814DC5E1814EC5E2814FC5E48150C515
:10A27000E58151C5E68152C5E88153C5E98154C5E0
:10A28000EB8155C5EE8156C5EF8157C5F08158C5A4
:10A29000F18159C5F2815AC5F5815BC5F6815CC56E
:10A2A000F7815DC5F8815EC5F9815FC5FA8160C53A
:10A2B000FD8161C5FF8162C5038263C5078264C5F4
:10A2C000088265C5098266C50A8267C50B8268C5B2
:10A2D0000E8269C50F826AC511826BC513826CC577
:10A2E00015826DC516826EC517826FC5188270C53E
:10A2F000198271C51A8272C51D8273C5208274C508
:10A30000248275C5258276C5268277C5278278C5C1
:10A31000298279C52E827AC532827BC53A827CC574
:10A320003C827DC53D827EC53F8280C5408281C51D
:10A33000418282C5428283C5438284C5458285C5E8
:10A34000468286C5488287C54A8288C54C8289C5AF
:10A350004D828AC54E828BC550828CC551828DC577
:10A3600052828EC553828FC5548290C5558291C545
:10A37000568292C5578293C5598294C55B8295C512
:10A380005C8296C55D8297C55E8298C5608299C5DC
:10A3900061829AC562829BC563829CC564829DC5A9
:10A3A00065829EC566829FC56782A0C56982A1C578
:10A3B000E762A2C5DE6CA3C55B72A4C56D62A5C5CC
:10A3C000AE94A6C5BD7EA7C51381A8C5536DA9C50A
:10A3D0009C51AAC5045FABC57459ACC5AA52ADC5A2
:10A3E0001260AEC57359AFC59666B0C55086B1C58B
:10A3F0009F75B2C52A63B3C5E661B4C5EF7CB5C528
:10A40000FA8BB6C5E654B7C5276BB8C5259EB9C546
:10A41000B46BBAC5D585BBC55554BCC57650BDC552
:10A42000A46CBEC56A55BFC5B48DC0C52C72C1C56C
:10A43000155EC2C51560C3C53674C4C5CD62C5C539
:10A440009263C6C54C72C7C5985FC8C5436EC9C57F
:10A450003E6DCAC50065CBC5586FCCC5D876CDC595
:10A46000D078CEC5FC76CFC55475D0C52452D1C5A1
:10A47000DB53D2C5534ED3C59E5ED4C5C165D5C589
:10A480002A80D6C5D680D7C59B62D8C58654D9C583
:10A490002852DAC5AE70DBC58D88DCC5D18DDDC52F
:10A4A000E16CDEC57854DFC5DA80E0C5F957E1C557
:10A4B000F488E2C5548DE3C56A96E4C54D91E5C5BF
:10A4C000694FE6C59B6CE7C5B755E8C5C676E9C5D3
:10A4D0003078EAC5A862EBC5F970ECC58E6FEDC5A2
:10A4E0006D5FEEC5EC84EFC5DA68F0C57C78F1C528
:10A4F000F77BF2C5A881F3C50B67F4C54F9EF5C580
:10A500006763F6C5B078F7C56F57F8C51278F9C517
:10A510003997FAC57962FBC5AB62FCC58852FDC5A7
:10A520003574FEC5D76B40C66A8241C66B8242C68F
:10A530006C8243C66D8244C6718245C6758246C62A
:10A54000768247C6778248C6788249C67B824AC6E9
:10A550007C824BC680824CC681824DC683824EC6A9
:10A5600085824FC6868250C6878251C6898252C66E
:10A570008C8253C6908254C6938255C6948256C626
:10A58000958257C6968258C69A8259C69B825AC6E9
:10A590009E825BC6A0825CC6A2825DC6A3825EC6A6
:10A5A000A7825FC6B28260C6B58261C6B68262C645
:10A5B000BA8263C6BB8264C6BC8265C6BF8266C6F9
:10A5C000C08267C6C28268C6C38269C6C5826AC6BF
:10A5D000C6826BC6C9826CC6D0826DC6D6826EC674
:10A5E000D9826FC6DA8270C6DD8271C6E28272C617
:10A5F000E78273C6E88274C6E98275C6EA8276C6C7
:10A60000EC8277C6ED8278C6EE8279C6F0827AC691
:10A61000F2827BC6F3827CC6F5827DC6F6827EC658
:10A62000F88280C6FA8281C6FC8282C6FD8283C619
:10A63000FE8284C6FF8285C6008386C60A8387C6DB
:10A640000B8388C60D8389C610838AC612838BC686
:10A6500013838CC616838DC618838EC619838FC646
:10A660001D8390C61E8391C61F8392C6208393C606
:10A67000218394C6228395C6238396C6248397C6D6
:10A68000258398C6268399C629839AC62A839BC6A2
:10A690002E839CC630839DC632839EC637839FC659
:10A6A0003B83A0C63D83A1C66455A2C63E81A3C616
:10A6B000B275A4C6AE76A5C63953A6C6DE75A7C6C2
:10A6C000FB50A8C6415CA9C66C8BAAC6C77BABC6AB
:10A6D0004F50ACC64772ADC6979AAEC6D898AFC6B3
:10A6E000026FB0C6E274B1C66879B2C68764B3C6F9
:10A6F000A577B4C6FC62B5C69198B6C62B8DB7C611
:10A70000C154B8C65880B9C6524EBAC66A57BBC6FD
:10A71000F982BCC60D84BDC6735EBEC6ED51BFC610
:10A72000F674C0C6C48BC1C64F5CC2C66157C3C6EF
:10A73000FC6CC4C68798C5C6465AC6C63478C7C618
:10A74000449BC8C6EB8FC9C6957CCAC65652CBC6B9
:10A750005162CCC6FA94CDC6C64ECEC68683CFC64D
:10A760006184D0C6E983D1C6B284D2C6D457D3C6D9
:10A770003467D4C60357D5C66E66D6C6666DD7C6CF
:10A78000318CD8C6DD66D9C61170DAC61F67DBC644
:10A790003A6BDCC61668DDC61A62DEC6BB59DFC678
:10A7A000034EE0C6C451E1C6066FE2C6D267E3C6F7
:10A7B0008F6CE4C67651E5C6CB68E6C64759E7C656
:10A7C000676BE8C66675E9C60E5DEAC61081EBC622
:10A7D000509FECC6D765EDC64879EEC64179EFC605
:10A7E000919AF0C6778DF1C6825CF2C65E4EF3C6D2
:10A7F000014FF4C62F54F5C65159F6C60C78F7C66A
:10A800006856F8C6146CF9C6C48FFAC6035FFBC657
:10A810007D6CFCC6E36CFDC6AB8BFEC6906340C787
:10A820003E8341C73F8342C7418343C7428344C7F6
:10A83000448345C7458346C7488347C74A8348C7BB
:10A840004B8349C74C834AC74D834BC74E834CC784
:10A8500053834DC755834EC756834FC7578350C741
:10A86000588351C7598352C75D8353C7628354C706
:10A87000708355C7718356C7728357C7738358C790
:10A88000748359C775835AC776835BC779835CC75E
:10A890007A835DC77E835EC77F835FC7808360C71F
:10A8A000818361C7828362C7838363C7848364C7EC
:10A8B000878365C7888366C78A8367C78B8368C7B2
:10A8C0008C8369C78D836AC78F836BC790836CC77E
:10A8D00091836DC794836EC795836FC7968370C746
:10A8E000978371C7998372C79A8373C79D8374C70F
:10A8F0009F8375C7A18376C7A28377C7A38378C7D1
:10A90000A48379C7A5837AC7A6837BC7A7837CC79F
:10A91000AC837DC7AD837EC7AE8380C7AF8381C75D
:10A92000B58382C7BB8383C7BE8384C7BF8385C704
:10A93000C28386C7C38387C7C48388C7C68389C7C2
:10A94000C8838AC7C9838BC7CB838CC7CD838DC788
:10A95000CE838EC7D0838FC7D18390C7D28391C750
:10A96000D38392C7D58393C7D78394C7D98395C719
:10A97000DA8396C7DB8397C7DE8398C7E28399C7DC
:10A98000E3839AC7E4839BC7E6839CC7E7839DC79D
:10A99000E8839EC7EB839FC7EC83A0C7ED83A1C765
:10A9A0007060A2C73D6DA3C77572A4C76662A5C7D4
:10A9B0008E94A6C7C594A7C74353A8C7C18FA9C77C
:10A9C0007E7BAAC7DF4EABC7268CACC77E4EADC719
:10A9D000D49EAEC7B194AFC7B394B0C74D52B1C700
:10A9E0005C6FB2C76390B3C7456DB4C7348CB5C74D
:10A9F0001158B6C74C5DB7C7206BB8C7496BB9C70C
:10AA0000AA67BAC75B54BBC75481BCC78C7FBDC79C
:10AA10009958BEC73785BFC73A5FC0C7A262C1C7D2
:10AA2000476AC2C73995C3C77265C4C78460C5C7C2
:10AA30006568C6C7A777C7C7544EC8C7A84FC9C758
:10AA4000E75DCAC79897CBC7AC64CCC7D87FCDC7E2
:10AA5000ED5CCEC7CF4FCFC78D7AD0C70752D1C7D5
:10AA60000483D2C7144ED3C72F60D4C7837AD5C707
:10AA7000A694D6C7B54FD7C7B24ED8C7E679D9C7BF
:10AA80003474DAC7E452DBC7B982DCC7D264DDC7ED
:10AA9000BD79DEC7DD5BDFC7816CE0C75297E1C7D8
:10AAA0007B8FE2C7226CE3C73E50E4C77F53E5C704
:10AAB000056EE6C7CE64E7C77466E8C7306CE9C7C1
:10AAC000C560EAC77798EBC7F78BECC7865EEDC722
:10AAD0003C74EEC7777AEFC7CB79F0C7184EF1C751
:10AAE000B190F2C70374F3C7426CF4C7DA56F5C7E6
:10AAF0004B91F6C7C56CF7C78B8DF8C73A53F9C7AA
:10AB0000C686FAC7F266FBC7AF8EFCC7485CFDC7B6
:10AB1000719AFEC7206E40C8EE8341C8EF8342C8D9
:10AB2000F38343C8F48344C8F58345C8F68346C815
:10AB3000F78347C8FA8348C8FB8349C8FC834AC8DF
:10AB4000FE834BC8FF834CC800844DC802844EC8A6
:10AB500005844FC8078450C8088451C8098452C866
:10AB60000A8453C8108454C8128455C8138456C824
:10AB7000148457C8158458C8168459C817845AC8ED
:10AB800019845BC81A845CC81B845DC81E845EC8B7
:10AB90001F845FC8208460C8218461C8228462C881
:10ABA000238463C8298464C82A8465C82B8466C842
:10ABB0002C8467C82D8468C82E8469C82F846AC80D
:10ABC00030846BC832846CC833846DC834846EC8DA
:10ABD00035846FC8368470C8378471C8398472C8A8
:10ABE0003A8473C83B8474C83E8475C83F8476C871
:10ABF000408477C8418478C8428479C843847AC83D
:10AC000044847BC845847CC847847DC848847EC80A
:10AC1000498480C84A8481C84B8482C84C8483C8D4
:10AC20004D8484C84E8485C84F8486C8508487C8A4
:10AC3000528488C8538489C854848AC855848BC870
:10AC400056848CC858848DC85D848EC85E848FC835
:10AC50005F8490C8608491C8628492C8648493C8F9
:10AC6000658494C8668495C8678496C8688497C8C4
:10AC70006A8498C86E8499C86F849AC870849BC887
:10AC800072849CC874849DC877849EC879849FC848
:10AC90007B84A0C87C84A1C8D653A2C8365AA3C856
:10ACA0008B9FA4C8A38DA5C8BB53A6C80857A7C827
:10ACB000A798A8C84367A9C89B91AAC8C96CABC884
:10ACC0006851ACC8CA75ADC8F362AEC8AC72AFC843
:10ACD0003852B0C89D52B1C83A7FB2C89470B3C858
:10ACE0003876B4C87453B5C84A9EB6C8B769B7C8F1
:10ACF0006E78B8C8C096B9C8D988BAC8A47FBBC88E
:10AD00003671BCC8C371BDC88951BEC8D367BFC83E
:10AD1000E474C0C8E458C1C81865C2C8B756C3C8EF
:10AD2000A98BC4C87699C5C87062C6C8D57EC7C885
:10AD3000F960C8C8ED70C9C8EC58CAC8C14ECBC8C4
:10AD4000BA4ECCC8CD5FCDC8E797CEC8FB4ECFC8B2
:10AD5000A48BD0C80352D1C88A59D2C8AB7ED3C8FD
:10AD60005462D4C8CD4ED5C8E565D6C80E62D7C8E2
:10AD70003883D8C8C984D9C86383DAC88D87DBC84B
:10AD80009471DCC8B66EDDC8B95BDEC8D27EDFC8A0
:10AD90009751E0C8C963E1C8D467E2C88980E3C8B5
:10ADA0003983E4C81588E5C81251E6C87A5BE7C85C
:10ADB0008259E8C8B18FE9C8734EEAC85D6CEBC828
:10ADC0006551ECC82589EDC86F8FEEC82E96EFC887
:10ADD0004A85F0C85E74F1C81095F2C8F095F3C8C2
:10ADE000A66DF4C8E582F5C8315FF6C89264F7C86D
:10ADF000126DF8C82884F9C86E81FAC8C39CFBC8D4
:10AE00005E58FCC85B8DFDC8094EFEC8C15340C9E1
:10AE10007D8441C97E8442C97F8443C9808444C9FA
:10AE2000818445C9838446C9848447C9858448C9C7
:10AE3000868449C98A844AC98D844BC98F844CC988
:10AE400090844DC991844EC992844FC9938450C94E
:10AE5000948451C9958452C9968453C9988454C91D
:10AE60009A8455C99B8456C99D8457C99E8458C9E4
:10AE70009F8459C9A0845AC9A2845BC9A3845CC9B0
:10AE8000A4845DC9A5845EC9A6845FC9A78460C97E
:10AE9000A88461C9A98462C9AA8463C9AB8464C94E
:10AEA000AC8465C9AD8466C9AE8467C9B08468C91D
:10AEB000B18469C9B3846AC9B5846BC9B6846CC9E5
:10AEC000B7846DC9BB846EC9BC846FC9BE8470C9A8
:10AED000C08471C9C28472C9C38473C9C58474C96A
:10AEE000C68475C9C78476C9C88477C9CB8478C934
:10AEF000CC8479C9CE847AC9CF847BC9D2847CC9F9
:10AF0000D4847DC9D5847EC9D78480C9D88481C9B9
:10AF1000D98482C9DA8483C9DB8484C9DC8485C985
:10AF2000DE8486C9E18487C9E28488C9E48489C94A
:10AF3000E7848AC9E8848BC9E9848CC9EA848DC90D
:10AF4000EB848EC9ED848FC9EE8490C9EF8491C9DA
:10AF5000F18492C9F28493C9F38494C9F48495C9A5
:10AF6000F58496C9F68497C9F78498C9F88499C975
:10AF7000F9849AC9FA849BC9FB849CC9FD849DC944
:10AF8000FE849EC900859FC90185A0C90285A1C90B
:10AF90001E4FA2C96365A3C95168A4C9D355A5C9E9
:10AFA000274EA6C91464A7C99A9AA8C96B62A9C9F1
:10AFB000C25AAAC95F74ABC97282ACC9A96DADC9C6
:10AFC000EE68AEC9E750AFC98E83B0C90278B1C987
:10AFD0004067B2C93952B3C9996CB4C9B17EB5C919
:10AFE000BB50B6C96555B7C95E71B8C95B7BB9C9F5
:10AFF0005266BAC9CA73BBC9EB82BCC94967BDC92D
:10B00000715CBEC92052BFC97D71C0C96B88C1C9FE
:10B01000EA95C2C95596C3C9C564C4C9618DC5C97D
:10B02000B381C6C98455C7C9556CC8C94762C9C967
:10B030002E7FCAC99258CBC9244FCCC94655CDC919
:10B040004F8DCEC94C66CFC90A4ED0C91A5CD1C942
:10B05000F388D2C9A268D3C94E63D4C90D7AD5C9C1
:10B06000E770D6C98D82D7C9FA52D8C9F697D9C91F
:10B07000115CDAC9E854DBC9B590DCC9CD7EDDC905
:10B080006259DEC94A8DDFC9C786E0C90C82E1C9B1
:10B090000D82E2C9668DE3C94464E4C9045CE5C974
:10B0A0005161E6C9896DE7C93E79E8C9BE8BE9C936
:10B0B0003778EAC93375EBC97B54ECC9384FEDC911
:10B0C000AB8EEEC9F16DEFC9205AF0C9C57EF1C94A
:10B0D0005E79F2C9886CF3C9A15BF4C9765AF5C9E7
:10B0E0001A75F6C9BE80F7C94E61F8C9176EF9C95D
:10B0F000F058FAC91F75FBC92575FCC97272FDC9E4
:10B100004753FEC9F37E40CA038541CA048542CA3B
:10B11000058543CA068544CA078545CA088546CAC7
:10B12000098547CA0A8548CA0B8549CA0D854ACA96
:10B130000E854BCA0F854CCA10854DCA12854ECA62
:10B1400014854FCA158550CA168551CA188552CA2A
:10B15000198553CA1B8554CA1C8555CA1D8556CAF4
:10B160001E8557CA208558CA228559CA23855ACABE
:10B1700024855BCA25855CCA26855DCA27855ECA8B
:10B1800028855FCA298560CA2A8561CA2D8562CA59
:10B190002E8563CA2F8564CA308565CA318566CA23
:10B1A000328567CA338568CA348569CA35856ACAF3
:10B1B00036856BCA3E856CCA3F856DCA40856ECAAE
:10B1C00041856FCA428570CA448571CA458572CA75
:10B1D000468573CA478574CA4B8575CA4C8576CA3D
:10B1E0004D8577CA4E8578CA4F8579CA50857ACA07
:10B1F00051857BCA52857CCA53857DCA54857ECAD7
:10B20000558580CA578581CA588582CA5A8583CA9E
:10B210005B8584CA5C8585CA5D8586CA5F8587CA69
:10B22000608588CA618589CA62858ACA63858BCA36
:10B2300065858CCA66858DCA67858ECA69858FCA01
:10B240006A8590CA6B8591CA6C8592CA6D8593CACE
:10B250006E8594CA6F8595CA708596CA718597CA9E
:10B26000738598CA758599CA76859ACA77859BCA67
:10B2700078859CCA7C859DCA7D859ECA7F859FCA2C
:10B280008085A0CA8185A1CA0177A2CADB76A3CA3C
:10B290006952A4CADC80A5CA2357A6CA085EA7CAF9
:10B2A0003159A8CAEE72A9CABD65AACA7F6EABCAD7
:10B2B000D78BACCA385CADCA7186AECA4153AFCA2F
:10B2C000F377B0CAFE62B1CAF665B2CAC04EB3CA5D
:10B2D000DF98B4CA8086B5CA9E5BB6CAC68BB7CAA9
:10B2E000F253B8CAE277B9CA7F4FBACA4E5CBBCA3A
:10B2F000769ABCCACB59BDCA0F5FBECA3A79BFCADB
:10B30000EB58C0CA164EC1CAFF67C2CA8B4EC3CA29
:10B31000ED62C4CA938AC5CA1D90C6CABF52C7CAC5
:10B320002F66C8CADC55C9CA6C56CACA0290CBCAB5
:10B33000D54ECCCA8D4FCDCACA91CECA7099CFCA4C
:10B340000F6CD0CA025ED1CA4360D2CAA45BD3CA12
:10B35000C689D4CAD58BD5CA3665D6CA4B62D7CA78
:10B360009699D8CA885BD9CAFF5BDACA8863DBCAF8
:10B370002E55DCCAD753DDCA2676DECA7D51DFCA18
:10B380002C85E0CAA267E1CAB368E2CA8A6BE3CA45
:10B390009262E4CA938FE5CAD453E6CA1282E7CA1E
:10B3A000D16DE8CA8F75E9CA664EEACA4E8DEBCAFE
:10B3B000705BECCA9F71EDCAAF85EECA9166EFCAA9
:10B3C000D966F0CA727FF1CA0087F2CACD9EF3CA6D
:10B3D000209FF4CA5E5CF5CA2F67F6CAF08FF7CAE1
:10B3E0001168F8CA5F67F9CA0D62FACAD67AFBCA51
:10B3F0008558FCCAB65EFDCA7065FECA316F40CB87
:10B40000828541CB838542CB868543CB888544CBDF
:10B41000898545CB8A8546CB8B8547CB8C8548CBA8
:10B420008D8549CB8E854ACB90854BCB91854CCB76
:10B4300092854DCB93854ECB94854FCB958550CB44
:10B44000968551CB978552CB988553CB998554CB14
:10B450009A8555CB9D8556CB9E8557CB9F8558CBDE
:10B46000A08559CBA1855ACBA2855BCBA3855CCBAC
:10B47000A5855DCBA6855ECBA7855FCBA98560CB77
:10B48000AB8561CBAC8562CBAD8563CBB18564CB3D
:10B49000B28565CBB38566CBB48567CBB58568CB04
:10B4A000B68569CBB8856ACBBA856BCBBB856CCBCF
:10B4B000BC856DCBBD856ECBBE856FCBBF8570CB9C
:10B4C000C08571CBC28572CBC38573CBC48574CB69
:10B4D000C58575CBC68576CBC78577CBC88578CB38
:10B4E000CA8579CBCB857ACBCC857BCBCD857CCB04
:10B4F000CE857DCBD1857ECBD28580CBD48581CBCB
:10B50000D68582CBD78583CBD88584CBD98585CB8F
:10B51000DA8586CBDB8587CBDD8588CBDE8589CB5D
:10B52000DF858ACBE0858BCBE1858CCBE2858DCB2B
:10B53000E3858ECBE5858FCBE68590CBE78591CBF8
:10B54000E88592CBEA8593CBEB8594CBEC8595CBC4
:10B55000ED8596CBEE8597CBEF8598CBF08599CB93
:10B56000F1859ACBF2859BCBF3859CCBF4859DCB63
:10B57000F5859ECBF6859FCBF785A0CBF885A1CB33
:10B580005560A2CB3752A3CB0D80A4CB5464A5CB7E
:10B590007088A6CB2975A7CB055EA8CB1368A9CB6D
:10B5A000F462AACB1C97ABCBCC53ACCB3D72ADCBEA
:10B5B000018CAECB346CAFCB6177B0CB0E7AB1CB14
:10B5C0002E54B2CBAC77B3CB7A98B4CB1C82B5CB2C
:10B5D000F48BB6CB5578B7CB1467B8CBC170B9CB69
:10B5E000AF65BACB9564BBCB3656BCCB1D60BDCB2B
:10B5F000C179BECBF853BFCB1D4EC0CB7B6BC1CB4B
:10B600008680C2CBFA5BC3CBE355C4CBDB56C5CB3C
:10B610003A4FC6CB3C4FC7CB7299C8CBF35DC9CB71
:10B620007E67CACB3880CBCB0260CCCB8298CDCBA7
:10B630000190CECB8B5BCFCBBC8BD0CBF58BD1CB62
:10B640001C64D2CB5882D3CBDE64D4CBFD55D5CB92
:10B65000CF82D6CB6591D7CBD74FD8CB207DD9CB56
:10B660001F90DACB9F7CDBCBF350DCCB5158DDCB8A
:10B67000AF6EDECBBF5BDFCBC98BE0CB8380E1CB92
:10B680007891E2CB9C84E3CB977BE4CB7D86E5CBC2
:10B690008B96E6CB8F96E7CBE57EE8CBD39AE9CBCA
:10B6A0008E78EACB815CEBCB577AECCB4290EDCB3A
:10B6B000A796EECB5F79EFCB595BF0CB5F63F1CB15
:10B6C0000B7BF2CBD184F3CBAD68F4CB0655F5CB35
:10B6D000297FF6CB1074F7CB227DF8CB0195F9CBFF
:10B6E0004062FACB4C58FBCBD64EFCCB835BFDCBF8
:10B6F0007959FECB545840CCF98541CCFA8542CCDF
:10B70000FC8543CCFD8544CCFE8545CC008646CCEB
:10B71000018647CC028648CC038649CC04864ACCB5
:10B7200006864BCC07864CCC08864DCC09864ECC81
:10B730000A864FCC0B8650CC0C8651CC0D8652CC51
:10B740000E8653CC0F8654CC108655CC128656CC20
:10B75000138657CC148658CC158659CC17865ACCEC
:10B7600018865BCC19865CCC1A865DCC1B865ECCB9
:10B770001C865FCC1D8660CC1E8661CC1F8662CC89
:10B78000208663CC218664CC228665CC238666CC59
:10B79000248667CC258668CC268669CC28866ACC28
:10B7A0002A866BCC2B866CCC2C866DCC2D866ECCF1
:10B7B0002E866FCC2F8670CC308671CC318672CCC1
:10B7C000328673CC338674CC348675CC358676CC91
:10B7D000368677CC378678CC398679CC3A867ACC5F
:10B7E0003B867BCC3D867CCC3E867DCC3F867ECC2A
:10B7F000408680CC418681CC428682CC438683CCF5
:10B80000448684CC458685CC468686CC478687CCC4
:10B81000488688CC498689CC4A868ACC4B868BCC94
:10B820004C868CCC52868DCC53868ECC55868FCC54
:10B83000568690CC578691CC588692CC598693CC1C
:10B840005B8694CC5C8695CC5D8696CC5F8697CCE7
:10B85000608698CC618699CC63869ACC64869BCCB2
:10B8600065869CCC66869DCC67869ECC68869FCC80
:10B870006986A0CC6A86A1CC6D73A2CC1E63A3CCD2
:10B880004B8EA4CC0F8EA5CCCE80A6CCD482A7CCD8
:10B89000AC62A8CCF053A9CCF06CAACC5E91ABCC36
:10B8A0002A59ACCC0160ADCC706CAECC4D57AFCC4E
:10B8B0004A64B0CC2A8DB1CC2B76B2CCE96EB3CC35
:10B8C0005B57B4CC806AB5CCF075B6CC6D6FB7CC95
:10B8D0002D8CB8CC088CB9CC6657BACCEF6BBBCCEE
:10B8E0009288BCCCB378BDCCA263BECCF953BFCC9C
:10B8F000AD70C0CC646CC1CC5858C2CC2A64C3CCE7
:10B900000258C4CCE068C5CC9B81C6CC1055C7CCCE
:10B91000D67CC8CC1850C9CCBA8ECACCCC6DCBCC96
:10B920009F8DCCCCEB70CDCC8F63CECC9B6DCFCC30
:10B93000D46ED0CCE67ED1CC0484D2CC4368D3CCB8
:10B940000390D4CCD86DD5CC7696D6CCA88BD7CC5A
:10B950005759D8CC7972D9CCE485DACC7E81DBCC4E
:10B96000BC75DCCC8A8ADDCCAF68DECC5452DFCC2F
:10B97000228EE0CC1195E1CCD063E2CC9898E3CC58
:10B98000448EE4CC7C55E5CC534FE6CCFF66E7CC47
:10B990008F56E8CCD560E9CC956DEACC4352EBCC20
:10B9A000495CECCC2959EDCCFB6DEECC6B58EFCC5F
:10B9B0003075F0CC1C75F1CC6C60F2CC1482F3CCF9
:10B9C0004681F4CC1163F5CC6167F6CCE28FF7CCFD
:10B9D0003A77F8CCF38DF9CC348DFACCC194FBCC0A
:10B9E000165EFCCC8553FDCC2C54FECCC37040CDF0
:10B9F0006D8641CD6F8642CD708643CD728644CD33
:10BA0000738645CD748646CD758647CD768648CDFE
:10BA1000778649CD78864ACD83864BCD84864CCDBA
:10BA200085864DCD86864ECD87864FCD888650CD76
:10BA3000898651CD8E8652CD8F8653CD908654CD3A
:10BA4000918655CD928656CD948657CD968658CD03
:10BA5000978659CD98865ACD99865BCD9A865CCDCE
:10BA60009B865DCD9E865ECD9F865FCDA08660CD98
:10BA7000A18661CDA28662CDA58663CDA68664CD62
:10BA8000AB8665CDAD8666CDAE8667CDB28668CD18
:10BA9000B38669CDB7866ACDB8866BCDB9866CCDD5
:10BAA000BB866DCDBC866ECDBD866FCDBE8670CD9E
:10BAB000BF8671CDC18672CDC28673CDC38674CD6B
:10BAC000C58675CDC88676CDCC8677CDCD8678CD2A
:10BAD000D28679CDD3867ACDD5867BCDD6867CCDE0
:10BAE000D7867DCDDA867ECDDC8680CDDD8681CDA4
:10BAF000E08682CDE18683CDE28684CDE38685CD66
:10BB0000E58686CDE68687CDE78688CDE88689CD31
:10BB1000EA868ACDEB868BCDEC868CCDEF868DCDFB
:10BB2000F5868ECDF6868FCDF78690CDFA8691CDAF
:10BB3000FB8692CDFC8693CDFD8694CDFF8695CD78
:10BB4000018796CD048797CD058798CD068799CD37
:10BB50000B879ACD0C879BCD0E879CCD0F879DCDF3
:10BB600010879ECD11879FCD1487A0CD1687A1CDBC
:10BB7000406CA2CDF75EA3CD5C50A4CDAD4EA5CD5B
:10BB8000AD5EA6CD3A63A7CD4782A8CD1A90A9CDC8
:10BB90005068AACD6E91ABCDB377ACCD0C54ADCD82
:10BBA000DC94AECD645FAFCDE57AB0CD7668B1CD33
:10BBB0004563B2CD527BB3CDDF7EB4CDDB75B5CD61
:10BBC0007750B6CD9562B7CD3459B8CD0F90B9CD79
:10BBD000F851BACDC379BBCD817ABCCDFE56BDCD6F
:10BBE000925FBECD1490BFCD826DC0CD605CC1CDE3
:10BBF0001F57C2CD1054C3CD5451C4CD4D6EC5CDC9
:10BC0000E256C6CDA863C7CD9398C8CD7F81C9CD74
:10BC10001587CACD2A89CBCD0090CCCD1E54CDCD71
:10BC20006F5CCECDC081CFCDD662D0CD5862D1CDA4
:10BC30003181D2CD359ED3CD4096D4CD6E9AD5CD1F
:10BC40007C9AD6CD2D69D7CDA559D8CDD362D9CD83
:10BC50003E55DACD1663DBCDC754DCCDD986DDCDBC
:10BC60003C6DDECD035ADFCDE674E0CD9C88E1CD9E
:10BC70006A6BE2CD1659E3CD4C8CE4CD2F5FE5CD58
:10BC80007E6EE6CDA973E7CD7D98E8CD384EE9CD3F
:10BC9000F770EACD8C5BEBCD9778ECCD3D63EDCDC5
:10BCA0005A66EECD9676EFCDCB60F0CD9B5BF1CDB5
:10BCB000495AF2CD074EF3CD5581F4CD6A6CF5CDDE
:10BCC0008B73F6CDA14EF7CD8967F8CD517FF9CDB5
:10BCD000805FFACDFA65FBCD1B67FCCDD85FFDCD4B
:10BCE0008459FECD015A40CE198741CE1B8742CEE2
:10BCF0001D8743CE1F8744CE208745CE248746CE5E
:10BD0000268747CE278748CE288749CE2A874ACE1E
:10BD10002B874BCE2C874CCE2D874DCE2F874ECEEA
:10BD200030874FCE328750CE338751CE358752CEB3
:10BD3000368753CE388754CE398755CE3A8756CE7C
:10BD40003C8757CE3D8758CE408759CE41875ACE43
:10BD500042875BCE43875CCE44875DCE45875ECE0F
:10BD600046875FCE4A8760CE4B8761CE4D8762CED5
:10BD70004F8763CE508764CE518765CE528766CE9B
:10BD8000548767CE558768CE568769CE58876ACE66
:10BD90005A876BCE5B876CCE5C876DCE5D876ECE2F
:10BDA0005E876FCE5F8770CE618771CE628772CEFD
:10BDB000668773CE678774CE688775CE698776CEBF
:10BDC0006A8777CE6B8778CE6C8779CE6D877ACE8F
:10BDD0006F877BCE71877CCE72877DCE73877ECE58
:10BDE000758780CE778781CE788782CE798783CE1C
:10BDF0007A8784CE7F8785CE808786CE818787CEDF
:10BE0000848788CE868789CE87878ACE89878BCE9E
:10BE10008A878CCE8C878DCE8E878ECE8F878FCE65
:10BE2000908790CE918791CE928792CE948793CE31
:10BE3000958794CE968795CE988796CE998797CEFC
:10BE40009A8798CE9B8799CE9C879ACE9D879BCECA
:10BE50009E879CCEA0879DCEA1879ECEA2879FCE97
:10BE6000A387A0CEA487A1CECD5DA2CEAE5FA3CE88
:10BE70007153A4CEE697A5CEDD8FA6CE4568A7CE9A
:10BE8000F456A8CE2F55A9CEDF60AACE3A4EABCE3F
:10BE90004D6FACCEF47EADCEC782AECE0E84AFCEAB
:10BEA000D459B0CE1F4FB1CE2A4FB2CE3E5CB3CEE6
:10BEB000AC7EB4CE2A67B5CE1A85B6CE7354B7CE53
:10BEC0004F75B8CEC380B9CE8255BACE4F9BBBCE8C
:10BED0004D4FBCCE2D6EBDCE138CBECE095CBFCEF9
:10BEE0007061C0CE6B53C1CE1F76C2CE296EC3CE59
:10BEF0008A86C4CE8765C5CEFB95C6CEB97EC7CE31
:10BF00003B54C8CE337AC9CE0A7DCACEEE95CBCE8D
:10BF1000E155CCCEC17FCDCEEE74CECE1D63CFCE5B
:10BF20001787D0CEA16DD1CE9D7AD2CE1162D3CE5D
:10BF3000A165D4CE6753D5CEE163D6CE836CD7CE80
:10BF4000EB5DD8CE5C54D9CEA894DACE4C4EDBCE85
:10BF5000616CDCCEEC8BDDCE4B5CDECEE065DFCE03
:10BF60009C82E0CEA768E1CE3E54E2CE3454E3CECC
:10BF7000CB6BE4CE666BE5CE944EE6CE4263E7CE65
:10BF80004853E8CE1E82E9CE0D4FEACEAE4FEBCE3F
:10BF90005E57ECCE0A62EDCEFE96EECE6466EFCE34
:10BFA0006972F0CEFF52F1CEA152F2CE9F60F3CE75
:10BFB000EF8BF4CE1466F5CE9971F6CE9067F7CE7E
:10BFC0007F89F8CE5278F9CEFD77FACE7066FBCE37
:10BFD0003B56FCCE3854FDCE2195FECE7A7240CF32
:10BFE000A58741CFA68742CFA78743CFA98744CF54
:10BFF000AA8745CFAE8746CFB08747CFB18748CF16
:10C00000B28749CFB4874ACFB6874BCFB7874CCFDB
:10C01000B8874DCFB9874ECFBB874FCFBC8750CFA6
:10C02000BE8751CFBF8752CFC18753CFC28754CF6E
:10C03000C38755CFC48756CFC58757CFC78758CF3B
:10C04000C88759CFC9875ACFCC875BCFCD875CCF04
:10C05000CE875DCFCF875ECFD0875FCFD48760CFCD
:10C06000D58761CFD68762CFD78763CFD88764CF94
:10C07000D98765CFDA8766CFDC8767CFDD8768CF62
:10C08000DE8769CFDF876ACFE1876BCFE2876CCF2E
:10C09000E3876DCFE4876ECFE6876FCFE78770CFFA
:10C0A000E88771CFE98772CFEB8773CFEC8774CFC6
:10C0B000ED8775CFEF8776CFF08777CFF18778CF91
:10C0C000F28779CFF3877ACFF4877BCFF5877CCF60
:10C0D000F6877DCFF7877ECFF88780CFFA8781CF2D
:10C0E000FB8782CFFC8783CFFD8784CFFF8785CFF7
:10C0F000008886CF018887CF028888CF048889CFBF
:10C1000005888ACF06888BCF07888CCF08888DCF8B
:10C1100009888ECF0B888FCF0C8890CF0D8891CF58
:10C120000E8892CF0F8893CF108894CF118895CF27
:10C13000128896CF148897CF178898CF188899CFF0
:10C1400019889ACF1A889BCF1C889CCF1D889DCFB9
:10C150001E889ECF1F889FCF2088A0CF2388A1CF85
:10C16000007AA2CF6F60A3CF0C5EA4CF8960A5CF69
:10C170009D81A6CF1559A7CFDC60A8CF8471A9CF28
:10C18000EF70AACFAA6EABCF506CACCF8072ADCFA0
:10C19000846AAECFAD88AFCF2D5EB0CF604EB1CF49
:10C1A000B35AB2CF9C55B3CFE394B4CF176DB5CF8C
:10C1B000FB7CB6CF9996B7CF0F62B8CFC67EB9CF0A
:10C1C0008E77BACF7E86BBCF2353BCCF1E97BDCF11
:10C1D000968FBECF8766BFCFE15CC0CFA04FC1CFE7
:10C1E000ED72C2CF0B4EC3CFA653C4CF0F59C5CFEC
:10C1F0001354C6CF8063C7CF2895C8CF4851C9CF45
:10C20000D94ECACF9C9CCBCFA47ECCCFB854CDCF37
:10C21000248DCECF5488CFCF3782D0CFF295D1CFD7
:10C220008E6DD2CF265FD3CFCC5AD4CF3E66D5CF3A
:10C230006996D6CFB073D7CF2E73D8CFBF53D9CF8F
:10C240007A81DACF8599DBCFA17FDCCFAA5BDDCF06
:10C250007796DECF5096DFCFBF7EE0CFF876E1CF86
:10C26000A253E2CF7695E3CF9999E4CFB17BE5CFA6
:10C270004489E6CF586EE7CF614EE8CFD47FE9CF4F
:10C280006579EACFE68BEBCFF360ECCFCD54EDCF01
:10C29000AB4EEECF7998EFCFF75DF0CF616AF1CF7B
:10C2A000CF50F2CF1154F3CF618CF4CF2784F5CF68
:10C2B0005D78F6CF0497F7CF4A52F8CFEE54F9CF16
:10C2C000A356FACF0095FBCF886DFCCFB55BFDCFB1
:10C2D000C66DFECF536640D0248841D0258842D019
:10C2E000268843D0278844D0288845D0298846D03E
:10C2F0002A8847D02B8848D02C8849D02D884AD00E
:10C300002E884BD02F884CD030884DD031884ED0DD
:10C3100033884FD0348850D0358851D0368852D0A9
:10C32000378853D0388854D03A8855D03B8856D077
:10C330003D8857D03E8858D03F8859D041885AD040
:10C3400042885BD043885CD046885DD047885ED009
:10C3500048885FD0498860D04A8861D04B8862D0D5
:10C360004E8863D04F8864D0508865D0518866D09D
:10C37000528867D0538868D0558869D056886AD06B
:10C3800058886BD05A886CD05B886DD05C886ED032
:10C390005D886FD05E8870D05F8871D0608872D001
:10C3A000668873D0678874D06A8875D06D8876D0B7
:10C3B0006F8877D0718878D0738879D074887AD074
:10C3C00075887BD076887CD078887DD079887ED03F
:10C3D0007A8880D07B8881D07C8882D0808883D006
:10C3E000838884D0868885D0878886D0898887D0BE
:10C3F0008A8888D08C8889D08E888AD08F888BD084
:10C4000090888CD091888DD093888ED094888FD04E
:10C41000958890D0978891D0988892D0998893D019
:10C420009A8894D09B8895D09D8896D09E8897D0E6
:10C430009F8898D0A08899D0A1889AD0A3889BD0B3
:10C44000A5889CD0A6889DD0A7889ED0A8889FD07C
:10C45000A988A0D0AA88A1D00F5CA2D05D5BA3D090
:10C460002168A4D09680A5D07855A6D0117BA7D0FE
:10C470004865A8D05469A9D09B4EAAD0476BABD0D1
:10C480004E87ACD08B97ADD04F53AED01F63AFD09B
:10C490003A64B0D0AA90B1D09C65B2D0C180B3D07C
:10C4A000108CB4D09951B5D0B068B6D07853B7D00D
:10C4B000F987B8D0C861B9D0C46CBAD0FB6CBBD016
:10C4C000228CBCD0515CBDD0AA85BED0AF82BFD07B
:10C4D0000C95C0D0236BC1D09B8FC2D0B065C3D0A8
:10C4E000FB5FC4D0C35FC5D0E14FC6D04588C7D07D
:10C4F0001F66C8D06581C9D02973CAD0FA60CBD075
:10C500007451CCD01152CDD08B57CED0625FCFD0EA
:10C51000A290D0D04C88D1D09291D2D0785ED3D096
:10C520004F67D4D02760D5D0D359D6D04451D7D077
:10C53000F651D8D0F880D9D00853DAD0796CDBD056
:10C54000C496DCD08A71DDD0114FDED0EE4FDFD043
:10C550009E7FE0D03D67E1D0C555E2D00895E3D09D
:10C56000C079E4D09688E5D0E37EE6D09F58E7D046
:10C570000C62E8D00097E9D05A86EAD01856EBD082
:10C580007B98ECD0905FEDD0B88BEED0C484EFD028
:10C590005791F0D0D953F1D0ED65F2D08F5EF3D042
:10C5A0005C75F4D06460F5D06E7DF6D07F5AF7D01C
:10C5B000EA7EF8D0ED7EF9D0698FFAD0A755FBD08E
:10C5C000A35BFCD0AC60FDD0CB65FED0847340D1C2
:10C5D000AC8841D1AE8842D1AF8843D1B08844D134
:10C5E000B28845D1B38846D1B48847D1B58848D1FF
:10C5F000B68849D1B8884AD1B9884BD1BA884CD1CC
:10C60000BB884DD1BD884ED1BE884FD1BF8850D197
:10C61000C08851D1C38852D1C48853D1C78854D15E
:10C62000C88855D1CA8856D1CB8857D1CC8858D123
:10C63000CD8859D1CF885AD1D0885BD1D1885CD1EF
:10C64000D3885DD1D6885ED1D7885FD1DA8860D1B2
:10C65000DB8861D1DC8862D1DD8863D1DE8864D17A
:10C66000E08865D1E18866D1E68867D1E78868D13E
:10C67000E98869D1EA886AD1EB886BD1EC886CD102
:10C68000ED886DD1EE886ED1EF886FD1F28870D1D0
:10C69000F58871D1F68872D1F78873D1FA8874D190
:10C6A000FB8875D1FD8876D1FF8877D1008978D154
:10C6B000018979D103897AD104897BD105897CD11B
:10C6C00006897DD107897ED1088980D1098981D1E8
:10C6D0000B8982D10C8983D10D8984D10E8985D1B2
:10C6E0000F8986D1118987D1148988D1158989D17B
:10C6F00016898AD117898BD118898CD11C898DD143
:10C700001D898ED11E898FD11F8990D1208991D109
:10C71000228992D1238993D1248994D1268995D1D4
:10C72000278996D1288997D1298998D12C8999D19F
:10C730002D899AD12E899BD12F899CD131899DD168
:10C7400032899ED133899FD13589A0D13789A1D132
:10C750000990A2D16376A3D12977A4D1DA7EA5D19D
:10C760007497A6D19B85A7D1665BA8D1747AA9D10D
:10C77000EA96AAD14088ABD1CB52ACD18F71ADD162
:10C78000AA5FAED1EC65AFD1E28BB0D1FB5BB1D18A
:10C790006F9AB2D1E15DB3D1896BB4D15B6CB5D185
:10C7A000AD8BB6D1AF8BB7D10A90B8D1C58FB9D107
:10C7B0008B53BAD1BC62BBD1269EBCD12D9EBDD1BC
:10C7C0004054BED12B4EBFD1BD82C0D15972C1D110
:10C7D0009C86C2D1165DC3D15988C4D1AF6DC5D175
:10C7E000C596C6D1D154C7D19A4EC8D1B68BC9D13E
:10C7F0000971CAD1BD54CBD10996CCD1DF70CDD14E
:10C80000F96DCED1D076CFD1254ED0D11478D1D1FB
:10C810001287D2D1A95CD3D1F65ED4D1008AD5D10A
:10C820009C98D6D10E96D7D18E70D8D1BF6CD9D165
:10C830004459DAD1A963DBD13C77DCD14D88DDD115
:10C84000146FDED17382DFD13058E0D1D571E1D1E0
:10C850008C53E2D11A78E3D1C196E4D10155E5D1E8
:10C86000665FE6D13071E7D1B45BE8D11A8CE9D1CB
:10C870008C9AEAD1836BEBD12E59ECD12F9EEDD15E
:10C88000E779EED16867EFD16C62F0D16F4FF1D1EB
:10C89000A175F2D18A7FF3D10B6DF4D13396F5D126
:10C8A000276CF6D1F04EF7D1D275F8D17B51F9D182
:10C8B0003768FAD13E6FFBD18090FCD17081FDD1F9
:10C8C0009659FED1767440D2388941D2398942D204
:10C8D0003A8943D23B8944D23C8945D23D8946D2EC
:10C8E0003E8947D23F8948D2408949D242894AD2BB
:10C8F00043894BD245894CD246894DD247894ED285
:10C9000048894FD2498950D24A8951D24B8952D253
:10C910004C8953D24D8954D24E8955D24F8956D223
:10C92000508957D2518958D2528959D253895AD2F3
:10C9300054895BD255895CD256895DD257895ED2C3
:10C9400058895FD2598960D25A8961D25B8962D293
:10C950005C8963D25D8964D2608965D2618966D25F
:10C96000628967D2638968D2648969D265896AD22B
:10C9700067896BD268896CD269896DD26A896ED2F7
:10C980006B896FD26C8970D26D8971D26E8972D2C7
:10C990006F8973D2708974D2718975D2728976D297
:10C9A000738977D2748978D2758979D276897AD267
:10C9B00077897BD278897CD279897DD27A897ED237
:10C9C0007C8980D27D8981D27E8982D2808983D2FE
:10C9D000828984D2848985D2858986D2878987D2C3
:10C9E000888988D2898989D28A898AD28B898BD28F
:10C9F0008C898CD28D898DD28E898ED28F898FD25F
:10CA0000908990D2918991D2928992D2938993D22E
:10CA1000948994D2958995D2968996D2978997D2FE
:10CA2000988998D2998999D29A899AD29B899BD2CE
:10CA30009C899CD29D899DD29E899ED29F899FD29E
:10CA4000A089A0D2A189A1D24764A2D2275CA3D297
:10CA50006590A4D2917AA5D2238CA6D2DA59A7D216
:10CA6000AC54A8D20082A9D26F83AAD28189ABD25A
:10CA70000080ACD23069ADD24E56AED23680AFD245
:10CA80003772B0D2CE91B1D2B651B2D25F4EB3D2DC
:10CA90007598B4D29663B5D21A4EB6D2F653B7D2C1
:10CAA000F366B8D24B81B9D21C59BAD2B26DBBD29F
:10CAB000004EBCD2F958BDD23B53BED2D663BFD2D2
:10CAC000F194C0D29D4FC1D20A4FC2D26388C3D263
:10CAD0009098C4D23759C5D25790C6D2FB79C7D2E5
:10CAE000EA4EC8D2F080C9D29175CAD2826CCBD23C
:10CAF0009C5BCCD2E859CDD25D5FCED20569CFD256
:10CB00008186D0D21A50D1D2F25DD2D2594ED3D230
:10CB1000E377D4D2E54ED5D27A82D6D29162D7D2FB
:10CB20001366D8D29190D9D2795CDAD2BF4EDBD2DB
:10CB3000795FDCD2C681DDD23890DED28480DFD24C
:10CB4000AB75E0D2A64EE1D2D488E2D20F61E3D237
:10CB5000C56BE4D2C65FE5D2494EE6D2CA76E7D2CB
:10CB6000A26EE8D2E38BE9D2AE8BEAD20A8CEBD28A
:10CB7000D18BECD2025FEDD2FC7FEED2CC7FEFD234
:10CB8000CE7EF0D23583F1D26B83F2D2E056F3D26F
:10CB9000B76BF4D2F397F5D23496F6D2FB59F7D2AD
:10CBA0001F54F8D2F694F9D2EB6DFAD2C55BFBD2E2
:10CBB0006E99FCD2395CFDD2155FFED2909640D3BF
:10CBC000A28941D3A38942D3A48943D3A58944D35D
:10CBD000A68945D3A78946D3A88947D3A98948D32D
:10CBE000AA8949D3AB894AD3AC894BD3AD894CD3FD
:10CBF000AE894DD3AF894ED3B0894FD3B18950D3CD
:10CC0000B28951D3B38952D3B48953D3B58954D39C
:10CC1000B68955D3B78956D3B88957D3B98958D36C
:10CC2000BA8959D3BB895AD3BC895BD3BD895CD33C
:10CC3000BE895DD3BF895ED3C0895FD3C38960D30A
:10CC4000CD8961D3D38962D3D48963D3D58964D3A1
:10CC5000D78965D3D88966D3D98967D3DB8968D367
:10CC6000DD8969D3DF896AD3E0896BD3E1896CD32D
:10CC7000E2896DD3E4896ED3E7896FD3E88970D3F5
:10CC8000E98971D3EA8972D3EC8973D3ED8974D3BE
:10CC9000EE8975D3F08976D3F18977D3F28978D389
:10CCA000F48979D3F5897AD3F6897BD3F7897CD354
:10CCB000F8897DD3F9897ED3FA8980D3FB8981D322
:10CCC000FC8982D3FD8983D3FE8984D3FF8985D3F0
:10CCD000018A86D3028A87D3038A88D3048A89D3B8
:10CCE000058A8AD3068A8BD3088A8CD3098A8DD386
:10CCF0000A8A8ED30B8A8FD30C8A90D30D8A91D354
:10CD00000E8A92D30F8A93D3108A94D3118A95D323
:10CD1000128A96D3138A97D3148A98D3158A99D3F3
:10CD2000168A9AD3178A9BD3188A9CD3198A9DD3C3
:10CD30001A8A9ED31B8A9FD31C8AA0D31D8AA1D393
:10CD40007053A2D3F182A3D3316AA4D3745AA5D36A
:10CD5000709EA6D3945EA7D3287FA8D3B983A9D306
:10CD60002484AAD32584ABD36783ACD34787ADD3C0
:10CD7000CE8FAED3628DAFD3C876B0D3715FB1D34F
:10CD80009698B2D36C78B3D32066B4D3DF54B5D3BE
:10CD9000E562B6D3634FB7D3C381B8D3C875B9D3EF
:10CDA000B85EBAD3CD96BBD30A8EBCD3F986BDD3B9
:10CDB0008F54BED3F36CBFD38C6DC0D3386CC1D34A
:10CDC0007F60C2D3C752C3D32875C4D37D5EC5D399
:10CDD000184FC6D3A060C7D3E75FC8D3245CC9D3BC
:10CDE0003175CAD3AE90CBD3C094CCD3B972CDD366
:10CDF000B96CCED3386ECFD34991D0D30967D1D394
:10CE0000CB53D2D3F353D3D3514FD4D3C991D5D32A
:10CE1000F18BD6D3C853D7D37C5ED8D3C28FD9D3A6
:10CE2000E46DDAD38E4EDBD3C276DCD38669DDD3F4
:10CE30005E86DED31A61DFD30682E0D3594FE1D399
:10CE4000DE4FE2D33E90E3D37C9CE4D30961E5D38B
:10CE50001D6EE6D3146EE7D38596E8D3884EE9D3EA
:10CE6000315AEAD3E896EBD30E4EECD37F5CEDD388
:10CE7000B979EED3875BEFD3ED8BF0D3BD7FF1D3E0
:10CE80008973F2D3DF57F3D38B82F4D3C190F5D3F8
:10CE90000154F6D34790F7D3BB55F8D3EA5CF9D3E6
:10CEA000A15FFAD30861FBD3326BFCD3F172FDD3DF
:10CEB000B280FED3898A40D41E8A41D41F8A42D4CC
:10CEC000208A43D4218A44D4228A45D4238A46D452
:10CED000248A47D4258A48D4268A49D4278A4AD422
:10CEE000288A4BD4298A4CD42A8A4DD42B8A4ED4F2
:10CEF0002C8A4FD42D8A50D42E8A51D42F8A52D4C2
:10CF0000308A53D4318A54D4328A55D4338A56D491
:10CF1000348A57D4358A58D4368A59D4378A5AD461
:10CF2000388A5BD4398A5CD43A8A5DD43B8A5ED431
:10CF30003C8A5FD43D8A60D43F8A61D4408A62D4FF
:10CF4000418A63D4428A64D4438A65D4448A66D4CD
:10CF5000458A67D4468A68D4478A69D4498A6AD49C
:10CF60004A8A6BD44B8A6CD44C8A6DD44D8A6ED469
:10CF70004E8A6FD44F8A70D4508A71D4518A72D439
:10CF8000528A73D4538A74D4548A75D4558A76D409
:10CF9000568A77D4578A78D4588A79D4598A7AD4D9
:10CFA0005A8A7BD45B8A7CD45C8A7DD45D8A7ED4A9
:10CFB0005E8A80D45F8A81D4608A82D4618A83D475
:10CFC000628A84D4638A85D4648A86D4658A87D445
:10CFD000668A88D4678A89D4688A8AD4698A8BD415
:10CFE0006A8A8CD46B8A8DD46C8A8ED46D8A8FD4E5
:10CFF0006E8A90D46F8A91D4708A92D4718A93D4B5
:10D00000728A94D4738A95D4748A96D4758A97D484
:10D01000768A98D4778A99D4788A9AD47A8A9BD453
:10D020007B8A9CD47C8A9DD47D8A9ED47E8A9FD420
:10D030007F8AA0D4808AA1D4746DA2D4D35BA3D4F8
:10D04000D588A4D48498A5D46B8CA6D46D9AA7D483
:10D05000339EA8D40A6EA9D4A451AAD44351ABD408
:10D06000A357ACD48188ADD49F53AED4F463AFD46E
:10D07000958FB0D4ED56B1D45854B2D40657B3D42A
:10D080003F73B4D4906EB5D4187FB6D4DC8FB7D4C8
:10D09000D182B8D43F61B9D42860BAD46296BBD4E7
:10D0A000F066BCD4A67EBDD48A8DBED4C38DBFD459
:10D0B000A594C0D4B35CC1D4A47CC2D40867C3D443
:10D0C000A660C4D40596C5D41880C6D4914EC7D4E2
:10D0D000E790C8D40053C9D46896CAD44151CBD480
:10D0E000D08FCCD47485CDD45D91CED45566CFD4B9
:10D0F000F597D0D4555BD1D41D53D2D43878D3D43E
:10D100004267D4D43D68D5D4C954D6D47E70D7D420
:10D11000B05BD8D47D8FD9D48D51DAD42857DBD4E5
:10D12000B154DCD41265DDD48266DED45E8DDFD4EA
:10D13000438DE0D40F81E1D46C84E2D46D90E3D4CC
:10D14000DF7CE4D4FF51E5D4FB85E6D4A367E7D4C4
:10D15000E965E8D4A16FE9D4A486EAD4818EEBD442
:10D160006A56ECD42090EDD48276EED47670EFD46B
:10D17000E571F0D4238DF1D4E962F2D41952F3D4DD
:10D18000FD6CF4D43C8DF5D40E60F6D49E58F7D4E3
:10D190008E61F8D4FE66F9D4608DFAD44E62FBD469
:10D1A000B355FCD4236EFDD42D67FED4678F40D5D4
:10D1B000818A41D5828A42D5838A43D5848A44D5DF
:10D1C000858A45D5868A46D5878A47D5888A48D5AF
:10D1D0008B8A49D58C8A4AD58D8A4BD58E8A4CD577
:10D1E0008F8A4DD5908A4ED5918A4FD5928A50D547
:10D1F000948A51D5958A52D5968A53D5978A54D513
:10D20000988A55D5998A56D59A8A57D59B8A58D5E2
:10D210009C8A59D59D8A5AD59E8A5BD59F8A5CD5B2
:10D22000A08A5DD5A18A5ED5A28A5FD5A38A60D582
:10D23000A48A61D5A58A62D5A68A63D5A78A64D552
:10D24000A88A65D5A98A66D5AA8A67D5AB8A68D522
:10D25000AC8A69D5AD8A6AD5AE8A6BD5AF8A6CD5F2
:10D26000B08A6DD5B18A6ED5B28A6FD5B38A70D5C2
:10D27000B48A71D5B58A72D5B68A73D5B78A74D592
:10D28000B88A75D5B98A76D5BA8A77D5BB8A78D562
:10D29000BC8A79D5BD8A7AD5BE8A7BD5BF8A7CD532
:10D2A000C08A7DD5C18A7ED5C28A80D5C38A81D500
:10D2B000C48A82D5C58A83D5C68A84D5C78A85D5CE
:10D2C000C88A86D5C98A87D5CA8A88D5CB8A89D59E
:10D2D000CC8A8AD5CD8A8BD5CE8A8CD5CF8A8DD56E
:10D2E000D08A8ED5D18A8FD5D28A90D5D38A91D53E
:10D2F000D48A92D5D58A93D5D68A94D5D78A95D50E
:10D30000D88A96D5D98A97D5DA8A98D5DB8A99D5DD
:10D31000DC8A9AD5DD8A9BD5DE8A9CD5DF8A9DD5AD
:10D32000E08A9ED5E18A9FD5E28AA0D5E38AA1D57D
:10D33000E194A2D5F895A3D52877A4D50568A5D5FD
:10D34000A869A6D58B54A7D54D4EA8D5B870A9D538
:10D35000C88BAAD55864ABD58B65ACD5855BADD5EC
:10D36000847AAED53A50AFD5E85BB0D5BB77B1D5AE
:10D37000E16BB2D5798AB3D5987CB4D5BE6CB5D5FE
:10D38000CF76B6D5A965B7D5978FB8D52D5DB9D568
:10D39000555CBAD53886BBD50868BCD56053BDD5B9
:10D3A0001862BED5D97ABFD55B6EC0D5FD7EC1D51A
:10D3B0001F6AC2D5E07AC3D5705FC4D5336FC5D5B7
:10D3C000205FC6D58C63C7D5A86DC8D55667C9D5AB
:10D3D000084ECAD5105ECBD5268DCCD5D74ECDD52F
:10D3E000C080CED53476CFD59C96D0D5DB62D1D552
:10D3F0002D66D2D57E62D3D5BC6CD4D5758DD5D5EE
:10D400006771D6D5697FD7D54651D8D58780D9D50C
:10D41000EC53DAD56E90DBD59862DCD5F254DDD5CD
:10D42000F086DED5998FDFD50580E0D51795E1D55B
:10D430001785E2D5D98FE3D5596DE4D5CD73E5D500
:10D440009F65E6D51F77E7D50475E8D52778E9D538
:10D45000FB81EAD51E8DEBD58894ECD5A64FEDD592
:10D460009567EED5B975EFD5CA8BF0D50797F1D58D
:10D470002F63F2D54795F3D53596F4D5B884F5D515
:10D480002363F6D54177F7D5815FF8D5F072F9D5EA
:10D49000894EFAD51460FBD57465FCD5EF62FDD5D5
:10D4A000636BFED53F6540D6E48A41D6E58A42D615
:10D4B000E68A43D6E78A44D6E88A45D6E98A46D63C
:10D4C000EA8A47D6EB8A48D6EC8A49D6ED8A4AD60C
:10D4D000EE8A4BD6EF8A4CD6F08A4DD6F18A4ED6DC
:10D4E000F28A4FD6F38A50D6F48A51D6F58A52D6AC
:10D4F000F68A53D6F78A54D6F88A55D6F98A56D67C
:10D50000FA8A57D6FB8A58D6FC8A59D6FD8A5AD64B
:10D51000FE8A5BD6FF8A5CD6008B5DD6018B5ED619
:10D52000028B5FD6038B60D6048B61D6058B62D6E7
:10D53000068B63D6088B64D6098B65D60A8B66D6B4
:10D540000B8B67D60C8B68D60D8B69D60E8B6AD683
:10D550000F8B6BD6108B6CD6118B6DD6128B6ED653
:10D56000138B6FD6148B70D6158B71D6168B72D623
:10D57000178B73D6188B74D6198B75D61A8B76D6F3
:10D580001B8B77D61C8B78D61D8B79D61E8B7AD6C3
:10D590001F8B7BD6208B7CD6218B7DD6228B7ED693
:10D5A000238B80D6248B81D6258B82D6278B83D65E
:10D5B000288B84D6298B85D62A8B86D62B8B87D62B
:10D5C0002C8B88D62D8B89D62E8B8AD62F8B8BD6FB
:10D5D000308B8CD6318B8DD6328B8ED6338B8FD6CB
:10D5E000348B90D6358B91D6368B92D6378B93D69B
:10D5F000388B94D6398B95D63A8B96D63B8B97D66B
:10D600003C8B98D63D8B99D63E8B9AD63F8B9BD63A
:10D61000408B9CD6418B9DD6428B9ED6438B9FD60A
:10D62000448BA0D6458BA1D6275EA2D6C775A3D6BC
:10D63000D190A4D6C18BA5D69D82A6D69D67A7D62C
:10D640002F65A8D63154A9D61887AAD6E577ABD6C8
:10D65000A280ACD60281ADD6416CAED64B4EAFD6D1
:10D66000C77EB0D64C80B1D6F476B2D60D69B3D6AB
:10D67000966BB4D66762B5D63C50B6D6844FB7D653
:10D680004057B8D60763B9D6626BBAD6BE8DBBD643
:10D69000EA53BCD6E865BDD6B87EBED6D75FBFD646
:10D6A0001A63C0D6B763C1D6F381C2D6F481C3D69C
:10D6B0006E7FC4D61C5EC5D6D95CC6D63652C7D6D8
:10D6C0007A66C8D6E979C9D61A7ACAD6288DCBD651
:10D6D0009970CCD6D475CDD6DE6ECED6BB6CCFD6F7
:10D6E000927AD0D62D4ED1D6C576D2D6E05FD3D69B
:10D6F0009F94D4D67788D5D6C87ED6D6CD79D7D6BE
:10D70000BF80D8D6CD91D9D6F24EDAD6174FDBD618
:10D710001F82DCD66854DDD6DE5DDED6326DDFD604
:10D72000CC8BE0D6A57CE1D6748FE2D69880E3D688
:10D730001A5EE4D69254E5D6B176E6D6995BE7D682
:10D740003C66E8D6A49AE9D6E073EAD62A68EBD616
:10D75000DB86ECD63167EDD62A73EED6F88BEFD6A2
:10D76000DB8BF0D61090F1D6F97AF2D6DB70F3D6D7
:10D770006E71F4D6C462F5D6A977F6D63156F7D6CF
:10D780003B4EF8D65784F9D6F167FAD6A952FBD6A4
:10D79000C086FCD62E8DFDD6F894FED6517B40D7A0
:10D7A000468B41D7478B42D7488B43D7498B44D7C9
:10D7B0004A8B45D74B8B46D74C8B47D74D8B48D799
:10D7C0004E8B49D74F8B4AD7508B4BD7518B4CD769
:10D7D000528B4DD7538B4ED7548B4FD7558B50D739
:10D7E000568B51D7578B52D7588B53D7598B54D709
:10D7F0005A8B55D75B8B56D75C8B57D75D8B58D7D9
:10D800005E8B59D75F8B5AD7608B5BD7618B5CD7A8
:10D81000628B5DD7638B5ED7648B5FD7658B60D778
:10D82000678B61D7688B62D7698B63D76A8B64D744
:10D830006B8B65D76D8B66D76E8B67D76F8B68D711
:10D84000708B69D7718B6AD7728B6BD7738B6CD7E0
:10D85000748B6DD7758B6ED7768B6FD7778B70D7B0
:10D86000788B71D7798B72D77A8B73D77B8B74D780
:10D870007C8B75D77D8B76D77E8B77D77F8B78D750
:10D88000808B79D7818B7AD7828B7BD7838B7CD720
:10D89000848B7DD7858B7ED7868B80D7878B81D7EE
:10D8A000888B82D7898B83D78A8B84D78B8B85D7BC
:10D8B0008C8B86D78D8B87D78E8B88D78F8B89D78C
:10D8C000908B8AD7918B8BD7928B8CD7938B8DD75C
:10D8D000948B8ED7958B8FD7968B90D7978B91D72C
:10D8E000988B92D7998B93D79A8B94D79B8B95D7FC
:10D8F0009C8B96D79D8B97D79E8B98D79F8B99D7CC
:10D90000AC8B9AD7B18B9BD7BB8B9CD7C78B9DD742
:10D91000D08B9ED7EA8B9FD7098CA0D71E8CA1D71E
:10D920004F4FA2D7E86CA3D75D79A4D77B9AA5D730
:10D930009362A6D72A72A7D7FD62A8D7134EA9D79C
:10D940001678AAD76C8FABD7B064ACD75A8DADD749
:10D95000C67BAED76968AFD7845EB0D7C588B1D76C
:10D960008659B2D79E64B3D7EE58B4D7B672B5D73E
:10D970000E69B6D72595B7D7FD8FB8D7588DB9D7CB
:10D980006057BAD7007FBBD7068CBCD7C651BDD76E
:10D990004963BED7D962BFD75353C0D74C68C1D7EC
:10D9A0002274C2D70183C3D74C91C4D74455C5D77D
:10D9B0004077C6D77C70C7D74A6DC8D77951C9D7C9
:10D9C000A854CAD7448DCBD7FF59CCD7CB6ECDD76F
:10D9D000C46DCED75C5BCFD72B7DD0D7D44ED1D7FB
:10D9E0007D7CD2D7D36ED3D7505BD4D7EA81D5D73D
:10D9F0000D6ED6D7575BD7D7039BD8D7D568D9D765
:10DA00002A8EDAD7975BDBD7FC7EDCD73B60DDD78D
:10DA1000B57EDED7B990DFD7708DE0D74F59E1D70B
:10DA2000CD63E2D7DF79E3D7B38DE4D75253E5D79F
:10DA3000CF65E6D75679E7D7C58BE8D73B96E9D7C8
:10DA4000C47EEAD7BB94EBD7827EECD73456EDD7B1
:10DA50008991EED70067EFD76A7FF0D70A5CF1D7DC
:10DA60007590F2D72866F3D7E65DF4D7504FF5D717
:10DA7000DE67F6D75A50F7D75C4FF8D75057F9D72B
:10DA8000A75E40D8388C41D8398C42D83A8C43D8DC
:10DA90003B8C44D83C8C45D83D8C46D83E8C47D8EE
:10DAA0003F8C48D8408C49D8428C4AD8438C4BD8BC
:10DAB000448C4CD8458C4DD8488C4ED84A8C4FD885
:10DAC0004B8C50D84D8C51D84E8C52D84F8C53D84B
:10DAD000508C54D8518C55D8528C56D8538C57D81A
:10DAE000548C58D8568C59D8578C5AD8588C5BD8E7
:10DAF000598C5CD85B8C5DD85C8C5ED85D8C5FD8B3
:10DB00005E8C60D85F8C61D8608C62D8638C63D87F
:10DB1000648C64D8658C65D8668C66D8678C67D849
:10DB2000688C68D8698C69D86C8C6AD86D8C6BD815
:10DB30006E8C6CD86F8C6DD8708C6ED8718C6FD8E1
:10DB4000728C70D8748C71D8758C72D8768C73D8AE
:10DB5000778C74D87B8C75D87C8C76D87D8C77D874
:10DB60007E8C78D87F8C79D8808C7AD8818C7BD841
:10DB7000838C7CD8848C7DD8868C7ED8878C80D80A
:10DB8000888C81D88B8C82D88D8C83D88E8C84D8CD
:10DB90008F8C85D8908C86D8918C87D8928C88D899
:10DBA000938C89D8958C8AD8968C8BD8978C8CD866
:10DBB000998C8DD89A8C8ED89B8C8FD89C8C90D831
:10DBC0009D8C91D89E8C92D89F8C93D8A08C94D801
:10DBD000A18C95D8A28C96D8A38C97D8A48C98D8D1
:10DBE000A58C99D8A68C9AD8A78C9BD8A88C9CD8A1
:10DBF000A98C9DD8AA8C9ED8AB8C9FD8AC8CA0D871
:10DC0000AD8CA1D88D4EA2D80C4EA3D84051A4D82B
:10DC1000104EA5D8FF5EA6D84553A7D8154EA8D854
:10DC2000984EA9D81E4EAAD8329BABD86C5BACD804
:10DC30006956ADD8284EAED8BA79AFD83F4EB0D8D5
:10DC40001553B1D8474EB2D82D59B3D83B72B4D87A
:10DC50006E53B5D8106CB6D8DF56B7D8E480B8D8B4
:10DC60009799B9D8D36BBAD87E77BBD8179FBCD851
:10DC7000364EBDD89F4EBED8109FBFD85C4EC0D880
:10DC8000694EC1D8934EC2D88882C3D85B5BC4D8D2
:10DC90006C55C5D80F56C6D8C44EC7D88D53C8D8F2
:10DCA0009D53C9D8A353CAD8A553CBD8AE53CCD80B
:10DCB0006597CDD85D8DCED81A53CFD8F553D0D82F
:10DCC0002653D1D82E53D2D83E53D3D85C8DD4D836
:10DCD0006653D5D86353D6D80252D7D80852D8D86D
:10DCE0000E52D9D82D52DAD83352DBD83F52DCD875
:10DCF0004052DDD84C52DED85E52DFD86152E0D8B7
:10DD00005C52E1D8AF84E2D87D52E3D88252E4D8A5
:10DD10008152E5D89052E6D89352E7D88251E8D89C
:10DD2000547FE9D8BB4EEAD8C34EEBD8C94EECD8E5
:10DD3000C24EEDD8E84EEED8E14EEFD8EB4EF0D81B
:10DD4000DE4EF1D81B4FF2D8F34EF3D8224FF4D861
:10DD5000644FF5D8F54EF6D8254FF7D8274FF8D8A9
:10DD6000094FF9D82B4FFAD85E4FFBD8674FFCD834
:10DD70003865FDD85A4FFED85D4F40D9AE8C41D999
:10DD8000AF8C42D9B08C43D9B18C44D9B28C45D92F
:10DD9000B38C46D9B48C47D9B58C48D9B68C49D9FF
:10DDA000B78C4AD9B88C4BD9B98C4CD9BA8C4DD9CF
:10DDB000BB8C4ED9BC8C4FD9BD8C50D9BE8C51D99F
:10DDC000BF8C52D9C08C53D9C18C54D9C28C55D96F
:10DDD000C38C56D9C48C57D9C58C58D9C68C59D93F
:10DDE000C78C5AD9C88C5BD9C98C5CD9CA8C5DD90F
:10DDF000CB8C5ED9CC8C5FD9CD8C60D9CE8C61D9DF
:10DE0000CF8C62D9D08C63D9D18C64D9D28C65D9AE
:10DE1000D38C66D9D48C67D9D58C68D9D68C69D97E
:10DE2000D78C6AD9D88C6BD9D98C6CD9DA8C6DD94E
:10DE3000DB8C6ED9DC8C6FD9DD8C70D9DE8C71D91E
:10DE4000DF8C72D9E08C73D9E18C74D9E28C75D9EE
:10DE5000E38C76D9E48C77D9E58C78D9E68C79D9BE
:10DE6000E78C7AD9E88C7BD9E98C7CD9EA8C7DD98E
:10DE7000EB8C7ED9EC8C80D9ED8C81D9EE8C82D95B
:10DE8000EF8C83D9F08C84D9F18C85D9F28C86D92A
:10DE9000F38C87D9F48C88D9F58C89D9F68C8AD9FA
:10DEA000F78C8BD9F88C8CD9F98C8DD9FA8C8ED9CA
:10DEB000FB8C8FD9FC8C90D9FD8C91D9FE8C92D99A
:10DEC000FF8C93D9008D94D9018D95D9028D96D967
:10DED000038D97D9048D98D9058D99D9068D9AD936
:10DEE000078D9BD9088D9CD9098D9DD90A8D9ED906
:10DEF0000B8D9FD90C8DA0D90D8DA1D95F4FA2D9C3
:10DF0000574FA3D9324FA4D93D4FA5D9764FA6D9A3
:10DF1000744FA7D9914FA8D9894FA9D9834FAAD9AE
:10DF20008F4FABD97E4FACD97B4FADD9AA4FAED96D
:10DF30007C4FAFD9AC4FB0D9944FB1D9E64FB2D9DD
:10DF4000E84FB3D9EA4FB4D9C54FB5D9DA4FB6D9EE
:10DF5000E34FB7D9DC4FB8D9D14FB9D9DF4FBAD9D0
:10DF6000F84FBBD92950BCD94C50BDD9F34FBED9BD
:10DF70002C50BFD90F50C0D92E50C1D92D50C2D965
:10DF8000FE4FC3D91C50C4D90C50C5D92550C6D991
:10DF90002850C7D97E50C8D94350C9D95550CAD97D
:10DFA0004850CBD94E50CCD96C50CDD97B50CED91E
:10DFB000A550CFD9A750D0D9A950D1D9BA50D2D9CC
:10DFC000D650D3D90651D4D9ED50D5D9EC50D6D9A5
:10DFD000E650D7D9EE50D8D90751D9D90B51DAD953
:10DFE000DD4EDBD93D6CDCD9584FDDD9654FDED92C
:10DFF000CE4FDFD9A09FE0D9466CE1D9747CE2D93D
:10E000006E51E3D9FD5DE4D9C99EE5D99899E6D969
:10E010008151E7D91459E8D9F952E9D90D53EAD910
:10E02000078AEBD91053ECD9EB51EDD91959EED938
:10E030005551EFD9A04EF0D95651F1D9B34EF2D97E
:10E040006E88F3D9A488F4D9B54EF5D91481F6D9E0
:10E05000D288F7D98079F8D9345BF9D90388FAD90D
:10E06000B87FFBD9AB51FCD9B151FDD9BD51FED917
:10E07000BC5140DA0E8D41DA0F8D42DA108D43DA51
:10E08000118D44DA128D45DA138D46DA148D47DA94
:10E09000158D48DA168D49DA178D4ADA188D4BDA64
:10E0A000198D4CDA1A8D4DDA1B8D4EDA1C8D4FDA34
:10E0B000208D50DA518D51DA528D52DA578D53DA64
:10E0C0005F8D54DA658D55DA688D56DA698D57DAC9
:10E0D0006A8D58DA6C8D59DA6E8D5ADA6F8D5BDA8B
:10E0E000718D5CDA728D5DDA788D5EDA798D5FDA4A
:10E0F0007A8D60DA7B8D61DA7C8D62DA7D8D63DA10
:10E100007E8D64DA7F8D65DA808D66DA828D67DADE
:10E11000838D68DA868D69DA878D6ADA888D6BDAA5
:10E12000898D6CDA8C8D6DDA8D8D6EDA8E8D6FDA6D
:10E130008F8D70DA908D71DA928D72DA938D73DA39
:10E14000958D74DA968D75DA978D76DA988D77DA03
:10E15000998D78DA9A8D79DA9B8D7ADA9C8D7BDAD3
:10E160009D8D7CDA9E8D7DDAA08D7EDAA18D80DAA0
:10E17000A28D81DAA48D82DAA58D83DAA68D84DA68
:10E18000A78D85DAA88D86DAA98D87DAAA8D88DA37
:10E19000AB8D89DAAC8D8ADAAD8D8BDAAE8D8CDA07
:10E1A000AF8D8DDAB08D8EDAB28D8FDAB68D90DAD2
:10E1B000B78D91DAB98D92DABB8D93DABD8D94DA91
:10E1C000C08D95DAC18D96DAC28D97DAC58D98DA51
:10E1D000C78D99DAC88D9ADAC98D9BDACA8D9CDA17
:10E1E000CD8D9DDAD08D9EDAD28D9FDAD38DA0DAD7
:10E1F000D48DA1DAC751A2DA9651A3DAA251A4DADA
:10E20000A551A5DAA08BA6DAA68BA7DAA78BA8DA88
:10E21000AA8BA9DAB48BAADAB58BABDAB78BACDAF6
:10E22000C28BADDAC38BAEDACB8BAFDACF8BB0DA81
:10E23000CE8BB1DAD28BB2DAD38BB3DAD48BB4DA39
:10E24000D68BB5DAD88BB6DAD98BB7DADC8BB8DAFD
:10E25000DF8BB9DAE08BBADAE48BBBDAE88BBCDAB5
:10E26000E98BBDDAEE8BBEDAF08BBFDAF38BC0DA66
:10E27000F68BC1DAF98BC2DAFC8BC3DAFF8BC4DA16
:10E28000008CC5DA028CC6DA048CC7DA078CC8DACF
:10E290000C8CC9DA0F8CCADA118CCBDA128CCCDA7E
:10E2A000148CCDDA158CCEDA168CCFDA198CD0DA44
:10E2B0001B8CD1DA188CD2DA1D8CD3DA1F8CD4DA0D
:10E2C000208CD5DA218CD6DA258CD7DA278CD8DACF
:10E2D0002A8CD9DA2B8CDADA2E8CDBDA2F8CDCDA8A
:10E2E000328CDDDA338CDEDA358CDFDA368CE0DA4C
:10E2F0006953E1DA7A53E2DA1D96E3DA2296E4DA38
:10E300002196E5DA3196E6DA2A96E7DA3D96E8DAFA
:10E310003C96E9DA4296EADA4996EBDA5496ECDA78
:10E320005F96EDDA6796EEDA6C96EFDA7296F0DACF
:10E330007496F1DA8896F2DA8D96F3DA9796F4DA33
:10E34000B096F5DA9790F6DA9B90F7DA9D90F8DAC6
:10E350009990F9DAAC90FADAA190FBDAB490FCDA91
:10E36000B390FDDAB690FEDABA9040DBD58D41DB92
:10E37000D88D42DBD98D43DBDC8D44DBE08D45DB82
:10E38000E18D46DBE28D47DBE58D48DBE68D49DB41
:10E39000E78D4ADBE98D4BDBED8D4CDBEE8D4DDB04
:10E3A000F08D4EDBF18D4FDBF28D50DBF48D51DBC8
:10E3B000F68D52DBFC8D53DBFE8D54DBFF8D55DB80
:10E3C000008E56DB018E57DB028E58DB038E59DB45
:10E3D000048E5ADB068E5BDB078E5CDB088E5DDB12
:10E3E0000B8E5EDB0D8E5FDB0E8E60DB108E61DBD5
:10E3F000118E62DB128E63DB138E64DB158E65DBA0
:10E40000168E66DB178E67DB188E68DB198E69DB6C
:10E410001A8E6ADB1B8E6BDB1C8E6CDB208E6DDB39
:10E42000218E6EDB248E6FDB258E70DB268E71DBFA
:10E43000278E72DB288E73DB2B8E74DB2D8E75DBC3
:10E44000308E76DB328E77DB338E78DB348E79DB81
:10E45000368E7ADB378E7BDB388E7CDB3B8E7DDB4A
:10E460003C8E7EDB3E8E80DB3F8E81DB438E82DB0B
:10E47000458E83DB468E84DB4C8E85DB4D8E86DBC2
:10E480004E8E87DB4F8E88DB508E89DB538E8ADB86
:10E49000548E8BDB558E8CDB568E8DDB578E8EDB50
:10E4A000588E8FDB5A8E90DB5B8E91DB5C8E92DB1D
:10E4B0005D8E93DB5E8E94DB5F8E95DB608E96DBEC
:10E4C000618E97DB628E98DB638E99DB648E9ADBBC
:10E4D000658E9BDB678E9CDB688E9DDB6A8E9EDB88
:10E4E0006B8E9FDB6E8EA0DB718EA1DBB890A2DB02
:10E4F000B090A3DBCF90A4DBC590A5DBBE90A6DBDC
:10E50000D090A7DBC490A8DBC790A9DBD390AADB8F
:10E51000E690ABDBE290ACDBDC90ADDBD790AEDB22
:10E52000DB90AFDBEB90B0DBEF90B1DBFE90B2DBCA
:10E530000491B3DB2291B4DB1E91B5DB2391B6DBF2
:10E540003191B7DB2F91B8DB3991B9DB4391BADB5D
:10E550004691BBDB0D52BCDB4259BDDBA252BEDB98
:10E56000AC52BFDBAD52C0DBBE52C1DBFF54C2DBDD
:10E57000D052C3DBD652C4DBF052C5DBDF53C6DB5F
:10E58000EE71C7DBCD77C8DBF45EC9DBF551CADBC2
:10E59000FC51CBDB2F9BCCDBB653CDDB015FCEDB5D
:10E5A0005A75CFDBEF5DD0DB4C57D1DBA957D2DBFF
:10E5B000A157D3DB7E58D4DBBC58D5DBC558D6DB9E
:10E5C000D158D7DB2957D8DB2C57D9DB2A57DADBD0
:10E5D0003357DBDB3957DCDB2E57DDDB2F57DEDB38
:10E5E0005C57DFDB3B57E0DB4257E1DB6957E2DB9F
:10E5F0008557E3DB6B57E4DB8657E5DB7C57E6DBCF
:10E600007B57E7DB6857E8DB6D57E9DB7657EADBDA
:10E610007357EBDBAD57ECDBA457EDDB8C57EEDB30
:10E62000B257EFDBCF57F0DBA757F1DBB457F2DB84
:10E630009357F3DBA057F4DBD557F5DBD857F6DB60
:10E64000DA57F7DBD957F8DBD257F9DBB857FADBE3
:10E65000F457FBDBEF57FCDBF857FDDBE457FEDB41
:10E66000DD5740DC738E41DC758E42DC778E43DCF7
:10E67000788E44DC798E45DC7A8E46DC7B8E47DCF6
:10E680007D8E48DC7E8E49DC808E4ADC828E4BDCBF
:10E69000838E4CDC848E4DDC868E4EDC888E4FDC87
:10E6A000898E50DC8A8E51DC8B8E52DC8C8E53DC52
:10E6B0008D8E54DC8E8E55DC918E56DC928E57DC1E
:10E6C000938E58DC958E59DC968E5ADC978E5BDCE7
:10E6D000988E5CDC998E5DDC9A8E5EDC9B8E5FDCB6
:10E6E0009D8E60DC9F8E61DCA08E62DCA18E63DC7F
:10E6F000A28E64DCA38E65DCA48E66DCA58E67DC4E
:10E70000A68E68DCA78E69DCA88E6ADCA98E6BDC1D
:10E71000AA8E6CDCAD8E6DDCAE8E6EDCB08E6FDCE6
:10E72000B18E70DCB38E71DCB48E72DCB58E73DCAE
:10E73000B68E74DCB78E75DCB88E76DCB98E77DC7D
:10E74000BB8E78DCBC8E79DCBD8E7ADCBE8E7BDC49
:10E75000BF8E7CDCC08E7DDCC18E7EDCC28E80DC18
:10E76000C38E81DCC48E82DCC58E83DCC68E84DCE5
:10E77000C78E85DCC88E86DCC98E87DCCA8E88DCB5
:10E78000CB8E89DCCC8E8ADCCD8E8BDCCF8E8CDC84
:10E79000D08E8DDCD18E8EDCD28E8FDCD38E90DC51
:10E7A000D48E91DCD58E92DCD68E93DCD78E94DC21
:10E7B000D88E95DCD98E96DCDA8E97DCDB8E98DCF1
:10E7C000DC8E99DCDD8E9ADCDE8E9BDCDF8E9CDCC1
:10E7D000E08E9DDCE18E9EDCE28E9FDCE38EA0DC91
:10E7E000E48EA1DC0B58A2DC0D58A3DCFD57A4DCA1
:10E7F000ED57A5DC0058A6DC1E58A7DC1958A8DC8C
:10E800004458A9DC2058AADC6558ABDC6C58ACDC59
:10E810008158ADDC8958AEDC9A58AFDC8058B0DC4A
:10E82000A899B1DC199FB2DCFF61B3DC7982B4DC5A
:10E830007D82B5DC7F82B6DC8F82B7DC8A82B8DC71
:10E84000A882B9DC8482BADC8E82BBDC9182BCDC1B
:10E850009782BDDC9982BEDCAB82BFDCB882C0DCB3
:10E86000BE82C1DCB082C2DCC882C3DCCA82C4DC26
:10E87000E382C5DC9882C6DCB782C7DCAE82C8DC26
:10E88000CB82C9DCCC82CADCC182CBDCA982CCDCE5
:10E89000B482CDDCA182CEDCAA82CFDC9F82D0DC28
:10E8A000C482D1DCCE82D2DCA482D3DCE182D4DC8F
:10E8B0000983D5DCF782D6DCE482D7DC0F83D8DC91
:10E8C0000783D9DCDC82DADCF482DBDCD282DCDCBC
:10E8D000D882DDDC0C83DEDCFB82DFDCD382E0DC93
:10E8E0001183E1DC1A83E2DC0683E3DC1483E4DCDD
:10E8F0001583E5DCE082E6DCD582E7DC1C83E8DC1E
:10E900005183E9DC5B83EADC5C83EBDC0883ECDCD1
:10E910009283EDDC3C83EEDC3483EFDC3183F0DC8E
:10E920009B83F1DC5E83F2DC2F83F3DC4F83F4DC2A
:10E930004783F5DC4383F6DC5F83F7DC4083F8DC58
:10E940001783F9DC6083FADC2D83FBDC3A83FCDC83
:10E950003383FDDC6683FEDC658340DDE58E41DDCF
:10E96000E68E42DDE78E43DDE88E44DDE98E45DD4F
:10E97000EA8E46DDEB8E47DDEC8E48DDED8E49DD1F
:10E98000EE8E4ADDEF8E4BDDF08E4CDDF18E4DDDEF
:10E99000F28E4EDDF38E4FDDF48E50DDF58E51DDBF
:10E9A000F68E52DDF78E53DDF88E54DDF98E55DD8F
:10E9B000FA8E56DDFB8E57DDFC8E58DDFD8E59DD5F
:10E9C000FE8E5ADDFF8E5BDD008F5CDD018F5DDD2D
:10E9D000028F5EDD038F5FDD048F60DD058F61DDFB
:10E9E000068F62DD078F63DD088F64DD098F65DDCB
:10E9F0000A8F66DD0B8F67DD0C8F68DD0D8F69DD9B
:10EA00000E8F6ADD0F8F6BDD108F6CDD118F6DDD6A
:10EA1000128F6EDD138F6FDD148F70DD158F71DD3A
:10EA2000168F72DD178F73DD188F74DD198F75DD0A
:10EA30001A8F76DD1B8F77DD1C8F78DD1D8F79DDDA
:10EA40001E8F7ADD1F8F7BDD208F7CDD218F7DDDAA
:10EA5000228F7EDD238F80DD248F81DD258F82DD77
:10EA6000268F83DD278F84DD288F85DD298F86DD46
:10EA70002A8F87DD2B8F88DD2C8F89DD2D8F8ADD16
:10EA80002E8F8BDD2F8F8CDD308F8DDD318F8EDDE6
:10EA9000328F8FDD338F90DD348F91DD358F92DDB6
:10EAA000368F93DD378F94DD388F95DD398F96DD86
:10EAB0003A8F97DD3B8F98DD3C8F99DD3D8F9ADD56
:10EAC0003E8F9BDD3F8F9CDD408F9DDD418F9EDD26
:10EAD000428F9FDD438FA0DD448FA1DD6883A2DDDF
:10EAE0001B83A3DD6983A4DD6C83A5DD6A83A6DDBA
:10EAF0006D83A7DD6E83A8DDB083A9DD7883AADDF1
:10EB0000B383ABDDB483ACDDA083ADDDAA83AEDD22
:10EB10009383AFDD9C83B0DD8583B1DD7C83B2DD83
:10EB2000B683B3DDA983B4DD7D83B5DDB883B6DDFF
:10EB30007B83B7DD9883B8DD9E83B9DDA883BADD1A
:10EB4000BA83BBDDBC83BCDDC183BDDD0184BEDD1A
:10EB5000E583BFDDD883C0DD0758C1DD1884C2DD81
:10EB60000B84C3DDDD83C4DDFD83C5DDD683C6DD57
:10EB70001C84C7DD3884C8DD1184C9DD0684CADD84
:10EB8000D483CBDDDF83CCDD0F84CDDD0384CEDD0C
:10EB9000F883CFDDF983D0DDEA83D1DDC583D2DD13
:10EBA000C083D3DD2684D4DDF083D5DDE183D6DDDB
:10EBB0005C84D7DD5184D8DD5A84D9DD5984DADD0F
:10EBC0007384DBDD8784DCDD8884DDDD7A84DEDD53
:10EBD0008984DFDD7884E0DD3C84E1DD4684E2DDAC
:10EBE0006984E3DD7684E4DD8C84E5DD8E84E6DD16
:10EBF0003184E7DD6D84E8DDC184E9DDCD84EADDC3
:10EC0000D084EBDDE684ECDDBD84EDDDD384EEDD88
:10EC1000CA84EFDDBF84F0DDBA84F1DDE084F2DD8B
:10EC2000A184F3DDB984F4DDB484F5DD9784F6DDE9
:10EC3000E584F7DDE384F8DD0C85F9DD0D75FADD9B
:10EC40003885FBDDF084FCDD3985FDDD1F85FEDDCB
:10EC50003A8540DE458F41DE468F42DE478F43DEF8
:10EC6000488F44DE498F45DE4A8F46DE4B8F47DEB4
:10EC70004C8F48DE4D8F49DE4E8F4ADE4F8F4BDE84
:10EC8000508F4CDE518F4DDE528F4EDE538F4FDE54
:10EC9000548F50DE558F51DE568F52DE578F53DE24
:10ECA000588F54DE598F55DE5A8F56DE5B8F57DEF4
:10ECB0005C8F58DE5D8F59DE5E8F5ADE5F8F5BDEC4
:10ECC000608F5CDE618F5DDE628F5EDE638F5FDE94
:10ECD000648F60DE658F61DE6A8F62DE808F63DE47
:10ECE0008C8F64DE928F65DE9D8F66DEA08F67DE7F
:10ECF000A18F68DEA28F69DEA48F6ADEA58F6BDE2E
:10ED0000A68F6CDEA78F6DDEAA8F6EDEAC8F6FDEF6
:10ED1000AD8F70DEAE8F71DEAF8F72DEB28F73DEBD
:10ED2000B38F74DEB48F75DEB58F76DEB78F77DE86
:10ED3000B88F78DEBA8F79DEBB8F7ADEBC8F7BDE50
:10ED4000BF8F7CDEC08F7DDEC38F7EDEC68F80DE10
:10ED5000C98F81DECA8F82DECB8F83DECC8F84DECB
:10ED6000CD8F85DECF8F86DED28F87DED68F88DE91
:10ED7000D78F89DEDA8F8ADEE08F8BDEE18F8CDE43
:10ED8000E38F8DDEE78F8EDEEC8F8FDEEF8F90DEF0
:10ED9000F18F91DEF28F92DEF48F93DEF58F94DEA9
:10EDA000F68F95DEFA8F96DEFB8F97DEFC8F98DE6E
:10EDB000FE8F99DEFF8F9ADE07909BDE08909CDE27
:10EDC0000C909DDE0E909EDE13909FDE1590A0DECF
:10EDD0001890A1DE5685A2DE3B85A3DEFF84A4DE6B
:10EDE000FC84A5DE5985A6DE4885A7DE6885A8DEF9
:10EDF0006485A9DE5E85AADE7A85ABDEA277ACDE0D
:10EE00004385ADDE7285AEDE7B85AFDEA485B0DEE8
:10EE1000A885B1DE8785B2DE8F85B3DE7985B4DE65
:10EE2000AE85B5DE9C85B6DE8585B7DEB985B8DEF4
:10EE3000B785B9DEB085BADED385BBDEC185BCDE61
:10EE4000DC85BDDEFF85BEDE2786BFDE0586C0DE33
:10EE50002986C1DE1686C2DE3C86C3DEFE5EC4DEC7
:10EE6000085FC5DE3C59C6DE4159C7DE3780C8DEC3
:10EE70005559C9DE5A59CADE5859CBDE0F53CCDE7C
:10EE8000225CCDDE255CCEDE2C5CCFDE345CD0DEB9
:10EE90004C62D1DE6A62D2DE9F62D3DEBB62D4DE18
:10EEA000CA62D5DEDA62D6DED762D7DEEE62D8DE9F
:10EEB0002263D9DEF662DADE3963DBDE4B63DCDE49
:10EEC0004363DDDEAD63DEDEF663DFDE7163E0DE6D
:10EED0007A63E1DE8E63E2DEB463E3DE6D63E4DE7B
:10EEE000AC63E5DE8A63E6DE6963E7DEAE63E8DE37
:10EEF000BC63E9DEF263EADEF863EBDEE063ECDEDE
:10EF0000FF63EDDEC463EEDEDE63EFDECE63F0DED4
:10EF10005264F1DEC663F2DEBE63F3DE4564F4DE06
:10EF20004164F5DE0B64F6DE1B64F7DE2064F8DE78
:10EF30000C64F9DE2664FADE2164FBDE5E64FCDE2E
:10EF40008464FDDE6D64FEDE966440DF199041DF6F
:10EF50001C9042DF239043DF249044DF259045DF5F
:10EF6000279046DF289047DF299048DF2A9049DF25
:10EF70002B904ADF2C904BDF30904CDF31904DDFEF
:10EF800032904EDF33904FDF349050DF379051DFB7
:10EF9000399052DF3A9053DF3D9054DF3F9055DF78
:10EFA000409056DF439057DF459058DF469059DF39
:10EFB00048905ADF49905BDF4A905CDF4B905DDF01
:10EFC0004C905EDF4E905FDF549060DF559061DFC4
:10EFD000569062DF599063DF5A9064DF5C9065DF82
:10EFE0005D9066DF5E9067DF5F9068DF609069DF4D
:10EFF00061906ADF64906BDF66906CDF67906DDF15
:10F0000069906EDF6A906FDF6B9070DF6C9071DFDC
:10F010006F9072DF709073DF719074DF729075DFA4
:10F02000739076DF769077DF779078DF789079DF6E
:10F0300079907ADF7A907BDF7B907CDF7C907DDF3C
:10F040007E907EDF819080DF849081DF859082DFFB
:10F05000869083DF879084DF899085DF8A9086DFC2
:10F060008C9087DF8D9088DF8E9089DF8F908ADF8C
:10F0700090908BDF92908CDF94908DDF96908EDF56
:10F0800098908FDF9A9090DF9C9091DF9E9092DF16
:10F090009F9093DFA09094DFA49095DFA59096DFDA
:10F0A000A79097DFA89098DFA99099DFAB909ADF9F
:10F0B000AD909BDFB2909CDFB7909DDFBC909EDF50
:10F0C000BD909FDFBF90A0DFC090A1DF7A64A2DF78
:10F0D000B764A3DFB864A4DF9964A5DFBA64A6DFD0
:10F0E000C064A7DFD064A8DFD764A9DFE464AADF27
:10F0F000E264ABDF0965ACDF2565ADDF2E65AEDF11
:10F100000B5FAFDFD25FB0DF1975B1DF115FB2DF28
:10F110005F53B3DFF153B4DFFD53B5DFE953B6DF1F
:10F12000E853B7DFFB53B8DF1254B9DF1654BADF28
:10F130000654BBDF4B54BCDF5254BDDF5354BEDF1B
:10F140005454BFDF5654C0DF4354C1DF2154C2DFE3
:10F150005754C3DF5954C4DF2354C5DF3254C6DFCC
:10F160008254C7DF9454C8DF7754C9DF7154CADFB3
:10F170006454CBDF9A54CCDF9B54CDDF8454CEDF74
:10F180007654CFDF6654D0DF9D54D1DFD054D2DF28
:10F19000AD54D3DFC254D4DFB454D5DFD254D6DF5C
:10F1A000A754D7DFA654D8DFD354D9DFD454DADF3D
:10F1B0007254DBDFA354DCDFD554DDDFBB54DEDF6C
:10F1C000BF54DFDFCC54E0DFD954E1DFDA54E2DFB3
:10F1D000DC54E3DFA954E4DFAA54E5DFA454E6DFFE
:10F1E000DD54E7DFCF54E8DFDE54E9DF1B55EADF0B
:10F1F000E754EBDF2055ECDFFD54EDDF1455EEDF77
:10F20000F354EFDF2255F0DF2355F1DF0F55F2DF26
:10F210001155F3DF2755F4DF2A55F5DF6755F6DF83
:10F220008F55F7DFB555F8DF4955F9DF6D55FADF32
:10F230004155FBDF5555FCDF3F55FDDF5055FEDFE7
:10F240003C5540E0C29041E0C39042E0C69043E0AC
:10F25000C89044E0C99045E0CB9046E0CC9047E0B0
:10F26000CD9048E0D29049E0D4904AE0D5904BE070
:10F27000D6904CE0D8904DE0D9904EE0DA904FE037
:10F28000DE9050E0DF9051E0E09052E0E39053E0F8
:10F29000E49054E0E59055E0E99056E0EA9057E0BC
:10F2A000EC9058E0EE9059E0F0905AE0F1905BE07D
:10F2B000F2905CE0F3905DE0F5905EE0F6905FE048
:10F2C000F79060E0F99061E0FA9062E0FB9063E013
:10F2D000FC9064E0FF9065E0009166E0019167E0DA
:10F2E000039168E0059169E006916AE007916BE09F
:10F2F00008916CE009916DE00A916EE00B916FE06E
:10F300000C9170E00D9171E00E9172E00F9173E03D
:10F31000109174E0119175E0129176E0139177E00D
:10F32000149178E0159179E016917AE017917BE0DD
:10F3300018917CE01A917DE01B917EE01C9180E0A9
:10F340001D9181E01F9182E0209183E0219184E072
:10F35000249185E0259186E0269187E0279188E039
:10F36000289189E029918AE02A918BE02B918CE009
:10F370002C918DE02D918EE02E918FE0309190E0D8
:10F38000329191E0339192E0349193E0359194E0A1
:10F39000369195E0379196E0389197E03A9198E070
:10F3A0003B9199E03C919AE03D919BE03E919CE03D
:10F3B0003F919DE040919EE041919FE04291A0E00D
:10F3C0004491A1E03755A2E05655A3E07555A4E05D
:10F3D0007655A5E07755A6E03355A7E03055A8E06F
:10F3E0005C55A9E08B55AAE0D255ABE08355ACE063
:10F3F000B155ADE0B955AEE08855AFE08155B0E00C
:10F400009F55B1E07E55B2E0D655B3E09155B4E0DA
:10F410007B55B5E0DF55B6E0BD55B7E0BE55B8E069
:10F420009455B9E09955BAE0EA55BBE0F755BCE010
:10F43000C955BDE01F56BEE0D155BFE0EB55C0E059
:10F44000EC55C1E0D455C2E0E655C3E0DD55C4E05B
:10F45000C455C5E0EF55C6E0E555C7E0F255C8E034
:10F46000F355C9E0CC55CAE0CD55CBE0E855CCE02A
:10F47000F555CDE0E455CEE0948FCFE01E56D0E0B8
:10F480000856D1E00C56D2E00156D3E02456D4E021
:10F490002356D5E0FE55D6E00056D7E02756D8E0F3
:10F4A0002D56D9E05856DAE03956DBE05756DCE005
:10F4B0002C56DDE04D56DEE06256DFE05956E0E0C6
:10F4C0005C56E1E04C56E2E05456E3E08656E4E058
:10F4D0006456E5E07156E6E06B56E7E07B56E8E0FF
:10F4E0007C56E9E08556EAE09356EBE0AF56ECE057
:10F4F000D456EDE0D756EEE0DD56EFE0E156F0E011
:10F50000F556F1E0EB56F2E0F956F3E0FF56F4E081
:10F510000457F5E00A57F6E00957F7E01C57F8E002
:10F520000F5EF9E0195EFAE0145EFBE0115EFCE0AC
:10F53000315EFDE03B5EFEE03C5E40E1459141E135
:10F54000479142E1489143E1519144E1539145E1B2
:10F55000549146E1559147E1569148E1589149E16E
:10F5600059914AE15B914BE15C914CE15F914DE136
:10F5700060914EE166914FE1679150E1689151E1F0
:10F580006B9152E16D9153E1739154E17A9155E1A0
:10F590007B9156E17C9157E1809158E1819159E14D
:10F5A00082915AE183915BE184915CE186915DE116
:10F5B00088915EE18A915FE18E9160E18F9161E1D6
:10F5C000939162E1949163E1959164E1969165E193
:10F5D000979166E1989167E1999168E19C9169E161
:10F5E0009D916AE19E916BE19F916CE1A0916DE12B
:10F5F000A1916EE1A4916FE1A59170E1A69171E1F5
:10F60000A79172E1A89173E1A99174E1AB9175E1C1
:10F61000AC9176E1B09177E1B19178E1B29179E185
:10F62000B3917AE1B6917BE1B7917CE1B8917DE14C
:10F63000B9917EE1BB9180E1BC9181E1BD9182E114
:10F64000BE9183E1BF9184E1C09185E1C19186E1E2
:10F65000C29187E1C39188E1C49189E1C5918AE1B2
:10F66000C6918BE1C8918CE1CB918DE1D0918EE177
:10F67000D2918FE1D39190E1D49191E1D59192E132
:10F68000D69193E1D79194E1D89195E1D99196E102
:10F69000DA9197E1DB9198E1DD9199E1DE919AE1D0
:10F6A000DF919BE1E0919CE1E1919DE1E2919EE19E
:10F6B000E3919FE1E491A0E1E591A1E1375EA2E150
:10F6C000445EA3E1545EA4E15B5EA5E15E5EA6E15B
:10F6D000615EA7E18C5CA8E17A5CA9E18D5CAAE19E
:10F6E000905CABE1965CACE1885CADE1985CAEE12E
:10F6F000995CAFE1915CB0E19A5CB1E19C5CB2E1F4
:10F70000B55CB3E1A25CB4E1BD5CB5E1AC5CB6E173
:10F71000AB5CB7E1B15CB8E1A35CB9E1C15CBAE153
:10F72000B75CBBE1C45CBCE1D25CBDE1E45CBEE1C2
:10F73000CB5CBFE1E55CC0E1025DC1E1035DC2E11C
:10F74000275DC3E1265DC4E12E5DC5E1245DC6E110
:10F750001E5DC7E1065DC8E11B5DC9E1585DCAE1F8
:10F760003E5DCBE1345DCCE13D5DCDE16C5DCEE154
:10F770005B5DCFE16F5DD0E15D5DD1E16B5DD2E1BD
:10F780004B5DD3E14A5DD4E1695DD5E1745DD6E1BD
:10F79000825DD7E1995DD8E19D5DD9E1738CDAE1B5
:10F7A000B75DDBE1C55DDCE1735FDDE1775FDEE185
:10F7B000825FDFE1875FE0E1895FE1E18C5FE2E1A9
:10F7C000955FE3E1995FE4E19C5FE5E1A85FE6E135
:10F7D000AD5FE7E1B55FE8E1BC5FE9E16288EAE1DE
:10F7E000615FEBE1AD72ECE1B072EDE1B472EEE1BC
:10F7F000B772EFE1B872F0E1C372F1E1C172F2E108
:10F80000CE72F3E1CD72F4E1D272F5E1E872F6E185
:10F81000EF72F7E1E972F8E1F272F9E1F472FAE1FC
:10F82000F772FBE10173FCE1F372FDE10373FEE1AA
:10F83000FA7240E2E69141E2E79142E2E89143E266
:10F84000E99144E2EA9145E2EB9146E2EC9147E22C
:10F85000ED9148E2EE9149E2EF914AE2F0914BE2FC
:10F86000F1914CE2F2914DE2F3914EE2F4914FE2CC
:10F87000F59150E2F69151E2F79152E2F89153E29C
:10F88000F99154E2FA9155E2FB9156E2FC9157E26C
:10F89000FD9158E2FE9159E2FF915AE200925BE23B
:10F8A00001925CE202925DE203925EE204925FE208
:10F8B000059260E2069261E2079262E2089263E2D8
:10F8C000099264E20A9265E20B9266E20C9267E2A8
:10F8D0000D9268E20E9269E20F926AE210926BE278
:10F8E00011926CE212926DE213926EE214926FE248
:10F8F000159270E2169271E2179272E2189273E218
:10F90000199274E21A9275E21B9276E21C9277E2E7
:10F910001D9278E21E9279E21F927AE220927BE2B7
:10F9200021927CE222927DE223927EE2249280E286
:10F93000259281E2269282E2279283E2289284E253
:10F94000299285E22A9286E22B9287E22C9288E223
:10F950002D9289E22E928AE22F928BE230928CE2F3
:10F9600031928DE232928EE233928FE2349290E2C3
:10F97000359291E2369292E2379293E2389294E293
:10F98000399295E23A9296E23B9297E23C9298E263
:10F990003D9299E23E929AE23F929BE240929CE233
:10F9A00041929DE242929EE243929FE24492A0E203
:10F9B0004592A1E2FB72A2E21773A3E21373A4E2E1
:10F9C0002173A5E20A73A6E21E73A7E21D73A8E2E3
:10F9D0001573A9E22273AAE23973ABE22573ACE294
:10F9E0002C73ADE23873AEE23173AFE25073B0E224
:10F9F0004D73B1E25773B2E26073B3E26C73B4E279
:10FA00006F73B5E27E73B6E21B82B7E22559B8E2A6
:10FA1000E798B9E22459BAE20259BBE26399BCE221
:10FA20006799BDE26899BEE26999BFE26A99C0E24E
:10FA30006B99C1E26C99C2E27499C3E27799C4E20E
:10FA40007D99C5E28099C6E28499C7E28799C8E2A8
:10FA50008A99C9E28D99CAE29099CBE29199CCE258
:10FA60009399CDE29499CEE29599CFE2805ED0E26F
:10FA7000915ED1E28B5ED2E2965ED3E2A55ED4E2E5
:10FA8000A05ED5E2B95ED6E2B55ED7E2BE5ED8E250
:10FA9000B35ED9E2538DDAE2D25EDBE2D15EDCE224
:10FAA000DB5EDDE2E85EDEE2EA5EDFE2BA81E0E252
:10FAB000C45FE1E2C95FE2E2D65FE3E2CF5FE4E286
:10FAC0000360E5E2EE5FE6E20460E7E2E15FE8E2C0
:10FAD000E45FE9E2FE5FEAE20560EBE20660ECE289
:10FAE000EA5FEDE2ED5FEEE2F85FEFE21960F0E26F
:10FAF0003560F1E22660F2E21B60F3E20F60F4E2AF
:10FB00000D60F5E22960F6E22B60F7E20A60F8E2A8
:10FB10003F60F9E22160FAE27860FBE27960FCE2A2
:10FB20007B60FDE27A60FEE2426040E3469241E3A0
:10FB3000479242E3489243E3499244E34A9245E3C1
:10FB40004B9246E34C9247E34D9248E34E9249E391
:10FB50004F924AE350924BE351924CE352924DE361
:10FB600053924EE354924FE3559250E3569251E331
:10FB7000579252E3589253E3599254E35A9255E301
:10FB80005B9256E35C9257E35D9258E35E9259E3D1
:10FB90005F925AE360925BE361925CE362925DE3A1
:10FBA00063925EE364925FE3659260E3669261E371
:10FBB000679262E3689263E3699264E36A9265E341
:10FBC0006B9266E36C9267E36D9268E36E9269E311
:10FBD0006F926AE370926BE371926CE372926DE3E1
:10FBE00073926EE375926FE3769270E3779271E3AE
:10FBF000789272E3799273E37A9274E37B9275E37D
:10FC00007C9276E37D9277E37E9278E37F9279E34C
:10FC100080927AE381927BE382927CE383927DE31C
:10FC200084927EE3859280E3869281E3879282E3E9
:10FC3000889283E3899284E38A9285E38B9286E3B8
:10FC40008C9287E38D9288E38F9289E390928AE386
:10FC500091928BE392928CE393928DE394928EE354
:10FC600095928FE3969290E3979291E3989292E324
:10FC7000999293E39A9294E39B9295E39C9296E3F4
:10FC80009D9297E39E9298E39F9299E3A0929AE3C4
:10FC9000A1929BE3A2929CE3A3929DE3A4929EE394
:10FCA000A5929FE3A692A0E3A792A1E36A60A2E3D4
:10FCB0007D60A3E39660A4E39A60A5E3AD60A6E34C
:10FCC0009D60A7E38360A8E39260A9E38C60AAE348
:10FCD0009B60ABE3EC60ACE3BB60ADE3B160AEE373
:10FCE000DD60AFE3D860B0E3C660B1E3DA60B2E3F1
:10FCF000B460B3E32061B4E32661B5E31561B6E314
:10FD00002361B7E3F460B8E30061B9E30E61BAE3DD
:10FD10002B61BBE34A61BCE37561BDE3AC61BEE34B
:10FD20009461BFE3A761C0E3B761C1E3D461C2E3FB
:10FD3000F561C3E3DD5FC4E3B396C5E3E995C6E3CC
:10FD4000EB95C7E3F195C8E3F395C9E3F595CAE3ED
:10FD5000F695CBE3FC95CCE3FE95CDE30396CEE39D
:10FD60000496CFE30696D0E30896D1E30A96D2E351
:10FD70000B96D3E30C96D4E30D96D5E30F96D6E31A
:10FD80001296D7E31596D8E31696D9E31796DAE3D9
:10FD90001996DBE31A96DCE32C4EDDE33F72DEE3DB
:10FDA0001562DFE3356CE0E3546CE1E35C6CE2E3A5
:10FDB0004A6CE3E3A36CE4E3856CE5E3906CE6E373
:10FDC000946CE7E38C6CE8E3686CE9E3696CEAE364
:10FDD000746CEBE3766CECE3866CEDE3A96CEEE31C
:10FDE000D06CEFE3D46CF0E3AD6CF1E3F76CF2E3CD
:10FDF000F86CF3E3F16CF4E3D76CF5E3B26CF6E383
:10FE0000E06CF7E3D66CF8E3FA6CF9E3EB6CFAE339
:10FE1000EE6CFBE3B16CFCE3D36CFDE3EF6CFEE353
:10FE2000FE6C40E4A89241E4A99242E4AA9243E421
:10FE3000AB9244E4AC9245E4AD9246E4AF9247E421
:10FE4000B09248E4B19249E4B2924AE4B3924BE4EE
:10FE5000B4924CE4B5924DE4B6924EE4B7924FE4BE
:10FE6000B89250E4B99251E4BA9252E4BB9253E48E
:10FE7000BC9254E4BD9255E4BE9256E4BF9257E45E
:10FE8000C09258E4C19259E4C2925AE4C3925BE42E
:10FE9000C4925CE4C5925DE4C6925EE4C7925FE4FE
:10FEA000C99260E4CA9261E4CB9262E4CC9263E4CA
:10FEB000CD9264E4CE9265E4CF9266E4D09267E49A
:10FEC000D19268E4D29269E4D3926AE4D4926BE46A
:10FED000D5926CE4D6926DE4D7926EE4D8926FE43A
:10FEE000D99270E4DA9271E4DB9272E4DC9273E40A
:10FEF000DD9274E4DE9275E4DF9276E4E09277E4DA
:10FF0000E19278E4E29279E4E3927AE4E4927BE4A9
:10FF1000E5927CE4E6927DE4E7927EE4E89280E478
:10FF2000E99281E4EA9282E4EB9283E4EC9284E445
:10FF3000ED9285E4EE9286E4EF9287E4F09288E415
:10FF4000F19289E4F2928AE4F3928BE4F4928CE4E5
:10FF5000F5928DE4F6928EE4F7928FE4F89290E4B5
:10FF6000F99291E4FA9292E4FB9293E4FC9294E485
:10FF7000FD9295E4FE9296E4FF9297E4009398E454
:10FF8000019399E402939AE403939BE404939CE421
:10FF900005939DE406939EE407939FE40893A0E4F1
:10FFA0000993A1E4396DA2E4276DA3E40C6DA4E4E8
:10FFB000436DA5E4486DA6E4076DA7E4046DA8E4CD
:10FFC000196DA9E40E6DAAE42B6DABE44D6DACE4A4
:10FFD0002E6DADE4356DAEE41A6DAFE44F6DB0E457
:10FFE000526DB1E4546DB2E4336DB3E4916DB4E499
:10FFF0006F6DB5E49E6DB6E4A06DB7E45E6DB8E4D8
:020000040803EF
:10000000936DB9E4946DBAE45C6DBBE4606DBCE4DF
:100010007C6DBDE4636DBEE41A6EBFE4C76DC0E4E1
:10002000C56DC1E4DE6DC2E40E6EC3E4BF6DC4E411
:10003000E06DC5E4116EC6E4E66DC7E4DD6DC8E4AD
:10004000D96DC9E4166ECAE4AB6DCBE40C6ECCE49A
:10005000AE6DCDE42B6ECEE46E6ECFE44E6ED0E48A
:100060006B6ED1E4B26ED2E45F6ED3E4866ED4E4FC
:10007000536ED5E4546ED6E4326ED7E4256ED8E4E0
:10008000446ED9E4DF6EDAE4B16EDBE4986EDCE452
:10009000E06EDDE42D6FDEE4E26EDFE4A56EE0E409
:1000A000A76EE1E4BD6EE2E4BB6EE3E4B76EE4E4A8
:1000B000D76EE5E4B46EE6E4CF6EE7E48F6EE8E475
:1000C000C26EE9E49F6EEAE4626FEBE4466FECE433
:1000D000476FEDE4246FEEE4156FEFE4F96EF0E4A2
:1000E0002F6FF1E4366FF2E44B6FF3E4746FF4E4D6
:1000F0002A6FF5E4096FF6E4296FF7E4896FF8E4F5
:100100008D6FF9E48C6FFAE4786FFBE4726FFCE4B6
:100110007C6FFDE47A6FFEE4D16F40E50A9341E520
:100120000B9342E50C9343E50D9344E50E9345E5AF
:100130000F9346E5109347E5119348E5129349E57F
:1001400013934AE514934BE515934CE516934DE54F
:1001500017934EE518934FE5199350E51A9351E51F
:100160001B9352E51C9353E51D9354E51E9355E5EF
:100170001F9356E5209357E5219358E5229359E5BF
:1001800023935AE524935BE525935CE526935DE58F
:1001900027935EE528935FE5299360E52A9361E55F
:1001A0002B9362E52C9363E52D9364E52E9365E52F
:1001B0002F9366E5309367E5319368E5329369E5FF
:1001C00033936AE534936BE535936CE536936DE5CF
:1001D00037936EE538936FE5399370E53A9371E59F
:1001E0003B9372E53C9373E53D9374E53F9375E56E
:1001F000409376E5419377E5429378E5439379E53B
:1002000044937AE545937BE546937CE547937DE50A
:1002100048937EE5499380E54A9381E54B9382E5D7
:100220004C9383E54D9384E54E9385E54F9386E5A6
:10023000509387E5519388E5529389E553938AE576
:1002400054938BE555938CE556938DE557938EE546
:1002500058938FE5599390E55A9391E55B9392E516
:100260005C9393E55D9394E55E9395E55F9396E5E6
:10027000609397E5619398E5629399E563939AE5B6
:1002800064939BE565939CE566939DE567939EE586
:1002900068939FE56993A0E56B93A1E5C96FA2E51B
:1002A000A76FA3E5B96FA4E5B66FA5E5C26FA6E594
:1002B000E16FA7E5EE6FA8E5DE6FA9E5E06FAAE5BF
:1002C000EF6FABE51A70ACE52370ADE51B70AEE5E2
:1002D0003970AFE53570B0E54F70B1E55E70B2E5ED
:1002E000805BB3E5845BB4E5955BB5E5935BB6E510
:1002F000A55BB7E5B85BB8E52F75B9E59E9ABAE599
:100300003464BBE5E45BBCE5EE5BBDE53089BEE58E
:10031000F05BBFE5478EC0E5078BC1E5B68FC2E550
:10032000D38FC3E5D58FC4E5E58FC5E5EE8FC6E570
:10033000E48FC7E5E98FC8E5E68FC9E5F38FCAE525
:10034000E88FCBE50590CCE50490CDE50B90CEE5AC
:100350002690CFE51190D0E50D90D1E51690D2E52D
:100360002190D3E53590D4E53690D5E52D90D6E5AE
:100370002F90D7E54490D8E55190D9E55290DAE531
:100380005090DBE56890DCE55890DDE56290DEE5B5
:100390005B90DFE5B966E0E57490E1E57D90E2E52C
:1003A0008290E3E58890E4E58390E5E58B90E6E5CF
:1003B000505FE7E5575FE8E5565FE9E5585FEAE536
:1003C0003B5CEBE5AB54ECE5505CEDE5595CEEE5F0
:1003D000715BEFE5635CF0E5665CF1E5BC7FF2E53F
:1003E0002A5FF3E5295FF4E52D5FF5E57482F6E514
:1003F0003C5FF7E53B9BF8E56E5CF9E58159FAE572
:100400008359FBE58D59FCE5A959FDE5AA59FEE59F
:10041000A35940E66C9341E66D9342E66E9343E642
:100420006F9344E6709345E6719346E6729347E610
:10043000739348E6749349E675934AE676934BE6E0
:1004400077934CE678934DE679934EE67A934FE6B0
:100450007B9350E67C9351E67D9352E67E9353E680
:100460007F9354E6809355E6819356E6829357E650
:10047000839358E6849359E685935AE686935BE620
:1004800087935CE688935DE689935EE68A935FE6F0
:100490008B9360E68C9361E68D9362E68E9363E6C0
:1004A000909364E6919365E6929366E6939367E68C
:1004B000949368E6959369E696936AE697936BE65C
:1004C00098936CE699936DE69A936EE69B936FE62C
:1004D0009C9370E69D9371E69E9372E69F9373E6FC
:1004E000A09374E6A19375E6A29376E6A39377E6CC
:1004F000A49378E6A59379E6A6937AE6A7937BE69C
:10050000A8937CE6A9937DE6AA937EE6AB9380E66A
:10051000AC9381E6AD9382E6AE9383E6AF9384E637
:10052000B09385E6B19386E6B29387E6B39388E607
:10053000B49389E6B5938AE6B6938BE6B7938CE6D7
:10054000B8938DE6B9938EE6BA938FE6BB9390E6A7
:10055000BC9391E6BD9392E6BE9393E6BF9394E677
:10056000C09395E6C19396E6C29397E6C39398E647
:10057000C49399E6C5939AE6C6939BE6C7939CE617
:10058000C8939DE6C9939EE6CB939FE6CC93A0E6E5
:10059000CD93A1E69759A2E6CA59A3E6AB59A4E6C2
:1005A0009E59A5E6A459A6E6D259A7E6B259A8E6EF
:1005B000AF59A9E6D759AAE6BE59ABE6055AACE64B
:1005C000065AADE6DD59AEE6085AAFE6E359B0E6A5
:1005D000D859B1E6F959B2E60C5AB3E6095AB4E66D
:1005E000325AB5E6345AB6E6115AB7E6235AB8E697
:1005F000135AB9E6405ABAE6675ABBE64A5ABCE60D
:10060000555ABDE63C5ABEE6625ABFE6755AC0E688
:10061000EC80C1E6AA5AC2E69B5AC3E6775AC4E602
:100620007A5AC5E6BE5AC6E6EB5AC7E6B25AC8E6DB
:10063000D25AC9E6D45ACAE6B85ACBE6E05ACCE652
:10064000E35ACDE6F15ACEE6D65ACFE6E65AD0E6E0
:10065000D85AD1E6DC5AD2E6095BD3E6175BD4E67A
:10066000165BD5E6325BD6E6375BD7E6405BD8E66D
:10067000155CD9E61C5CDAE65A5BDBE6655BDCE61A
:10068000735BDDE6515BDEE6535BDFE6625BE0E673
:10069000759AE1E6779AE2E6789AE3E67A9AE4E6F2
:1006A0007F9AE5E67D9AE6E6809AE7E6819AE8E6B3
:1006B000859AE9E6889AEAE68A9AEBE6909AECE669
:1006C000929AEDE6939AEEE6969AEFE6989AF0E61D
:1006D0009B9AF1E69C9AF2E69D9AF3E69F9AF4E6DD
:1006E000A09AF5E6A29AF6E6A39AF7E6A59AF8E6A6
:1006F000A79AF9E69F7EFAE6A17EFBE6A37EFCE6DA
:10070000A57EFDE6A87EFEE6A97E40E7CE9341E702
:10071000CF9342E7D09343E7D19344E7D29345E7A1
:10072000D39346E7D49347E7D59348E7D79349E770
:10073000D8934AE7D9934BE7DA934CE7DB934DE73D
:10074000DC934EE7DD934FE7DE9350E7DF9351E70D
:10075000E09352E7E19353E7E29354E7E39355E7DD
:10076000E49356E7E59357E7E69358E7E79359E7AD
:10077000E8935AE7E9935BE7EA935CE7EB935DE77D
:10078000EC935EE7ED935FE7EE9360E7EF9361E74D
:10079000F09362E7F19363E7F29364E7F39365E71D
:1007A000F49366E7F59367E7F69368E7F79369E7ED
:1007B000F8936AE7F9936BE7FA936CE7FB936DE7BD
:1007C000FC936EE7FD936FE7FE9370E7FF9371E78D
:1007D000009472E7019473E7029474E7039475E759
:1007E000049476E7059477E7069478E7079479E729
:1007F00008947AE709947BE70A947CE70B947DE7F9
:100800000C947EE70D9480E70E9481E70F9482E7C5
:10081000109483E7119484E7129485E7139486E794
:10082000149487E7159488E7169489E717948AE764
:1008300018948BE719948CE71A948DE71B948EE734
:100840001C948FE71D9490E71E9491E71F9492E704
:10085000209493E7219494E7229495E7239496E7D4
:10086000249497E7259498E7269499E727949AE7A4
:1008700028949BE729949CE72A949DE72B949EE774
:100880002C949FE72D94A0E72E94A1E7AD7EA2E7DC
:10089000B07EA3E7BE7EA4E7C07EA5E7C17EA6E743
:1008A000C27EA7E7C97EA8E7CB7EA9E7CC7EAAE7F0
:1008B000D07EABE7D47EACE7D77EADE7DB7EAEE79C
:1008C000E07EAFE7E17EB0E7E87EB1E7EB7EB2E73E
:1008D000EE7EB3E7EF7EB4E7F17EB5E7F27EB6E7F2
:1008E0000D7FB7E7F67EB8E7FA7EB9E7FB7EBAE799
:1008F000FE7EBBE7017FBCE7027FBDE7037FBEE76B
:10090000077FBFE7087FC0E70B7FC1E70C7FC2E727
:100910000F7FC3E7117FC4E7127FC5E7177FC6E7E4
:10092000197FC7E71C7FC8E71B7FC9E71F7FCAE79E
:10093000217FCBE7227FCCE7237FCDE7247FCEE763
:10094000257FCFE7267FD0E7277FD1E72A7FD2E731
:100950002B7FD3E72C7FD4E72D7FD5E72F7FD6E7FA
:10096000307FD7E7317FD8E7327FD9E7337FDAE7C7
:10097000357FDBE77A5EDCE77F75DDE7DB5DDEE7B1
:100980003E75DFE79590E0E78E73E1E79173E2E76C
:10099000AE73E3E7A273E4E79F73E5E7CF73E6E79F
:1009A000C273E7E7D173E8E7B773E9E7B373EAE740
:1009B000C073EBE7C973ECE7C873EDE7E573EEE7E7
:1009C000D973EFE77C98F0E70A74F1E7E973F2E78F
:1009D000E773F3E7DE73F4E7BA73F5E7F273F6E76C
:1009E0000F74F7E72A74F8E75B74F9E72674FAE7FF
:1009F0002574FBE72874FCE73074FDE72E74FEE7EE
:100A00002C7440E82F9441E8309442E8319443E854
:100A1000329444E8339445E8349446E8359447E802
:100A2000369448E8379449E838944AE839944BE8D2
:100A30003A944CE83B944DE83C944EE83D944FE8A2
:100A40003F9450E8409451E8419452E8429453E86E
:100A5000439454E8449455E8459456E8469457E83E
:100A6000479458E8489459E849945AE84A945BE80E
:100A70004B945CE84C945DE84D945EE84E945FE8DE
:100A80004F9460E8509461E8519462E8529463E8AE
:100A9000539464E8549465E8559466E8569467E87E
:100AA000579468E8589469E859946AE85A946BE84E
:100AB0005B946CE85C946DE85D946EE85E946FE81E
:100AC0005F9470E8609471E8619472E8629473E8EE
:100AD000639474E8649475E8659476E8669477E8BE
:100AE000679478E8689479E869947AE86A947BE88E
:100AF0006C947CE86D947DE86E947EE86F9480E859
:100B0000709481E8719482E8729483E8739484E825
:100B1000749485E8759486E8769487E8779488E8F5
:100B2000789489E879948AE87A948BE87B948CE8C5
:100B30007C948DE87D948EE87E948FE87F9490E895
:100B4000809491E8819492E8829493E8839494E865
:100B5000849495E8919496E8969497E8989498E808
:100B6000C79499E8CF949AE8D3949BE8D4949CE8EE
:100B7000DA949DE8E6949EE8FB949FE81C95A0E833
:100B80002095A1E81B74A2E81A74A3E84174A4E8B4
:100B90005C74A5E85774A6E85574A7E85974A8E8EA
:100BA0007774A9E86D74AAE87E74ABE89C74ACE82D
:100BB0008E74ADE88074AEE88174AFE88774B0E8F5
:100BC0008B74B1E89E74B2E8A874B3E8A974B4E871
:100BD0009074B5E8A774B6E8D274B7E8BA74B8E808
:100BE000EA97B9E8EB97BAE8EC97BBE84C67BCE842
:100BF0005367BDE85E67BEE84867BFE86967C0E85D
:100C0000A567C1E88767C2E86A67C3E87367C4E895
:100C10009867C5E8A767C6E87567C7E8A867C8E822
:100C20009E67C9E8AD67CAE88B67CBE87767CCE811
:100C30007C67CDE8F067CEE80968CFE8D867D0E8F0
:100C40000A68D1E8E967D2E8B067D3E80C68D4E86D
:100C5000D967D5E8B567D6E8DA67D7E8B367D8E8E3
:100C6000DD67D9E80068DAE8C367DBE8B867DCE885
:100C7000E267DDE80E68DEE8C167DFE8FD67E0E80F
:100C80003268E1E83368E2E86068E3E86168E4E874
:100C90004E68E5E86268E6E84468E7E86468E8E822
:100CA0008368E9E81D68EAE85568EBE86668ECE8FF
:100CB0004168EDE86768EEE84068EFE83E68F0E814
:100CC0004A68F1E84968F2E82968F3E8B568F4E8A9
:100CD0008F68F5E87468F6E87768F7E89368F8E8ED
:100CE0006B68F9E8C268FAE86E69FBE8FC68FCE842
:100CF0001F69FDE82069FEE8F96840E9279541E9A8
:100D0000339542E93D9543E9439544E9489545E9E2
:100D10004B9546E9559547E95A9548E9609549E963
:100D20006E954AE974954BE975954CE977954DE9CF
:100D300078954EE979954FE97A9550E97B9551E997
:100D40007C9552E97D9553E97E9554E9809555E966
:100D5000819556E9829557E9839558E9849559E933
:100D600085955AE986955BE987955CE988955DE903
:100D700089955EE98A955FE98B9560E98C9561E9D3
:100D80008D9562E98E9563E98F9564E9909565E9A3
:100D9000919566E9929567E9939568E9949569E973
:100DA00095956AE996956BE997956CE998956DE943
:100DB00099956EE99A956FE99B9570E99C9571E913
:100DC0009D9572E99E9573E99F9574E9A09575E9E3
:100DD000A19576E9A29577E9A39578E9A49579E9B3
:100DE000A5957AE9A6957BE9A7957CE9A8957DE983
:100DF000A9957EE9AA9580E9AB9581E9AC9582E950
:100E0000AD9583E9AE9584E9AF9585E9B09586E91E
:100E1000B19587E9B29588E9B39589E9B4958AE9EE
:100E2000B5958BE9B6958CE9B7958DE9B8958EE9BE
:100E3000B9958FE9BA9590E9BB9591E9BC9592E98E
:100E4000BD9593E9BE9594E9BF9595E9C09596E95E
:100E5000C19597E9C29598E9C39599E9C4959AE92E
:100E6000C5959BE9C6959CE9C7959DE9C8959EE9FE
:100E7000C9959FE9CA95A0E9CB95A1E92469A2E9A2
:100E8000F068A3E90B69A4E90169A5E95769A6E936
:100E9000E368A7E91069A8E97169A9E93969AAE9CC
:100EA0006069ABE94269ACE95D69ADE98469AEE9C5
:100EB0006B69AFE98069B0E99869B1E97869B2E92D
:100EC0003469B3E9CC69B4E98769B5E98869B6E9F9
:100ED000CE69B7E98969B8E96669B9E96369BAE9C8
:100EE0007969BBE99B69BCE9A769BDE9BB69BEE952
:100EF000AB69BFE9AD69C0E9D469C1E9B169C2E9CB
:100F0000C169C3E9CA69C4E9DF69C5E99569C6E988
:100F1000E069C7E98D69C8E9FF69C9E92F6ACAE9CB
:100F2000ED69CBE9176ACCE9186ACDE9656ACEE9C3
:100F3000F269CFE9446AD0E93E6AD1E9A06AD2E910
:100F4000506AD3E95B6AD4E9356AD5E98E6AD6E995
:100F5000796AD7E93D6AD8E9286AD9E9586ADAE9AD
:100F60007C6ADBE9916ADCE9906ADDE9A96ADEE97D
:100F7000976ADFE9AB6AE0E93773E1E95273E2E9C6
:100F8000816BE3E9826BE4E9876BE5E9846BE6E971
:100F9000926BE7E9936BE8E98D6BE9E99A6BEAE913
:100FA0009B6BEBE9A16BECE9AA6BEDE96B8FEEE9CA
:100FB0006D8FEFE9718FF0E9728FF1E9738FF2E9CC
:100FC000758FF3E9768FF4E9788FF5E9778FF6E995
:100FD000798FF7E97A8FF8E97C8FF9E97E8FFAE962
:100FE000818FFBE9828FFCE9848FFDE9878FFEE921
:100FF0008B8F40EACC9541EACD9542EACE9543EA03
:10100000CF9544EAD09545EAD19546EAD29547EA8C
:10101000D39548EAD49549EAD5954AEAD6954BEA5C
:10102000D7954CEAD8954DEAD9954EEADA954FEA2C
:10103000DB9550EADC9551EADD9552EADE9553EAFC
:10104000DF9554EAE09555EAE19556EAE29557EACC
:10105000E39558EAE49559EAE5955AEAE6955BEA9C
:10106000E7955CEAEC955DEAFF955EEA07965FEA34
:10107000139660EA189661EA1B9662EA1E9663EA86
:10108000209664EA239665EA249666EA259667EA3E
:10109000269668EA279669EA28966AEA29966BEA0C
:1010A0002B966CEA2C966DEA2D966EEA2F966FEAD7
:1010B000309670EA379671EA389672EA399673EA92
:1010C0003A9674EA3E9675EA419676EA439677EA4E
:1010D0004A9678EA4E9679EA4F967AEA51967BEAF2
:1010E00052967CEA53967DEA56967EEA579680EAB7
:1010F000589681EA599682EA5A9683EA5C9684EA7F
:101100005D9685EA5E9686EA609687EA639688EA47
:10111000659689EA66968AEA6B968BEA6D968CEA02
:101120006E968DEA6F968EEA70968FEA719690EAC7
:10113000739691EA789692EA799693EA7A9694EA87
:101140007B9695EA7C9696EA7D9697EA7E9698EA53
:101150007F9699EA80969AEA81969BEA82969CEA23
:1011600083969DEA84969EEA87969FEA8996A0EAEE
:101170008A96A1EA8D8FA2EA8E8FA3EA8F8FA4EAC6
:10118000988FA5EA9A8FA6EACE8EA7EA0B62A8EA04
:101190001762A9EA1B62AAEA1F62ABEA2262ACEA02
:1011A0002162ADEA2562AEEA2462AFEA2C62B0EABF
:1011B000E781B1EAEF74B2EAF474B3EAFF74B4EA17
:1011C0000F75B5EA1175B6EA1375B7EA3465B8EA72
:1011D000EE65B9EAEF65BAEAF065BBEA0A66BCEA11
:1011E0001966BDEA7267BEEA0366BFEA1566C0EA21
:1011F0000066C1EA8570C2EAF766C3EA1D66C4EA02
:101200003466C5EA3166C6EA3666C7EA3566C8EAB4
:101210000680C9EA5F66CAEA5466CBEA4166CCEA50
:101220004F66CDEA5666CEEA6166CFEA5766D0EAE7
:101230007766D1EA8466D2EA8C66D3EAA766D4EAF6
:101240009D66D5EABE66D6EADB66D7EADC66D8EAF2
:10125000E666D9EAE966DAEA328DDBEA338DDCEA62
:10126000368DDDEA3B8DDEEA3D8DDFEA408DE0EA3A
:10127000458DE1EA468DE2EA488DE3EA498DE4EAEC
:10128000478DE5EA4D8DE6EA558DE7EA598DE8EAA6
:10129000C789E9EACA89EAEACB89EBEACC89ECEAB0
:1012A000CE89EDEACF89EEEAD089EFEAD189F0EA7A
:1012B0006E72F1EA9F72F2EA5D72F3EA6672F4EA24
:1012C0006F72F5EA7E72F6EA7F72F7EA8472F8EAE4
:1012D0008B72F9EA8D72FAEA8F72FBEA9272FCEA7B
:1012E0000863FDEA3263FEEAB06340EB8C9641EBA3
:1012F0008E9642EB919643EB929644EB939645EB98
:10130000959646EB969647EB9A9648EB9B9649EB5B
:101310009D964AEB9E964BEB9F964CEBA0964DEB21
:10132000A1964EEBA2964FEBA39650EBA49651EBF1
:10133000A59652EBA69653EBA89654EBA99655EBBF
:10134000AA9656EBAB9657EBAC9658EBAD9659EB8D
:10135000AE965AEBAF965BEBB1965CEBB2965DEB5B
:10136000B4965EEBB5965FEBB79660EBB89661EB23
:10137000BA9662EBBB9663EBBF9664EBC29665EBE5
:10138000C39666EBC89667EBCA9668EBCB9669EB9B
:10139000D0966AEBD1966BEBD3966CEBD4966DEB53
:1013A000D6966EEBD7966FEBD89670EBD99671EB1D
:1013B000DA9672EBDB9673EBDC9674EBDD9675EBED
:1013C000DE9676EBDF9677EBE19678EBE29679EBBB
:1013D000E3967AEBE4967BEBE5967CEBE6967DEB89
:1013E000E7967EEBEB9680EBEC9681EBED9682EB4D
:1013F000EE9683EBF09684EBF19685EBF29686EB16
:10140000F49687EBF59688EBF89689EBFA968AEBDB
:10141000FB968BEBFC968CEBFD968DEBFF968EEBA3
:1014200002978FEB039790EB059791EB0A9792EB5E
:101430000B9793EB0C9794EB109795EB119796EB1A
:10144000129797EB149798EB159799EB17979AEBE0
:1014500018979BEB19979CEB1A979DEB1B979EEBAC
:101460001D979FEB1F97A0EB2097A1EB3F64A2EB8A
:10147000D864A3EB0480A4EBEA6BA5EBF36BA6EBBB
:10148000FD6BA7EBF56BA8EBF96BA9EB056CAAEB71
:10149000076CABEB066CACEB0D6CADEB156CAEEB0F
:1014A000186CAFEB196CB0EB1A6CB1EB216CB2EBB2
:1014B000296CB3EB246CB4EB2A6CB5EB326CB6EB55
:1014C0003565B7EB5565B8EB6B65B9EB4D72BAEBAB
:1014D0005272BBEB5672BCEB3072BDEB6286BEEB58
:1014E0001652BFEB9F80C0EB9C80C1EB9380C2EB98
:1014F000BC80C3EB0A67C4EBBD80C5EBB180C6EB13
:10150000AB80C7EBAD80C8EBB480C9EBB780CAEB4A
:10151000E780CBEBE880CCEBE980CDEBEA80CEEB4B
:10152000DB80CFEBC280D0EBC480D1EBD980D2EB93
:10153000CD80D3EBD780D4EB1067D5EBDD80D6EB35
:10154000EB80D7EBF180D8EBF480D9EBED80DAEBD0
:101550000D81DBEB0E81DCEBF280DDEBFC80DEEB62
:101560001567DFEB1281E0EB5A8CE1EB3681E2EBA1
:101570001E81E3EB2C81E4EB1881E5EB3281E6EB95
:101580004881E7EB4C81E8EB5381E9EB7481EAEBAE
:101590005981EBEB5A81ECEB7181EDEB6081EEEB65
:1015A0006981EFEB7C81F0EB7D81F1EB6D81F2EBFA
:1015B0006781F3EB4D58F4EBB55AF5EB8881F6EB08
:1015C0008281F7EB9181F8EBD56EF9EBA381FAEB11
:1015D000AA81FBEBCC81FCEB2667FDEBCA81FEEB1D
:1015E000BB8140EC219741EC229742EC239743ECDE
:1015F000249744EC259745EC269746EC279747EC33
:10160000289748EC299749EC2B974AEC2C974BEC00
:101610002E974CEC2F974DEC31974EEC33974FECC7
:10162000349750EC359751EC369752EC379753EC92
:101630003A9754EC3B9755EC3C9756EC3D9757EC5A
:101640003F9758EC409759EC41975AEC42975BEC26
:1016500043975CEC44975DEC45975EEC46975FECF6
:10166000479760EC489761EC499762EC4A9763ECC6
:101670004B9764EC4C9765EC4D9766EC4E9767EC96
:101680004F9768EC509769EC51976AEC54976BEC64
:1016900055976CEC57976DEC58976EEC5A976FEC2A
:1016A0005C9770EC5D9771EC5F9772EC639773ECED
:1016B000649774EC669775EC679776EC689777ECAF
:1016C0006A9778EC6B9779EC6C977AEC6D977BEC7A
:1016D0006E977CEC6F977DEC70977EEC719780EC49
:1016E000729781EC759782EC779783EC789784EC0E
:1016F000799785EC7A9786EC7B9787EC7D9788ECD9
:101700007E9789EC7F978AEC80978BEC81978CECA5
:1017100082978DEC83978EEC84978FEC869790EC74
:10172000879791EC889792EC899793EC8A9794EC41
:101730008C9795EC8E9796EC8F9797EC909798EC0A
:10174000939799EC95979AEC96979BEC97979CECCE
:1017500099979DEC9A979EEC9B979FEC9C97A0EC99
:101760009D97A1ECC181A2ECA681A3EC246BA4EC13
:10177000376BA5EC396BA6EC436BA7EC466BA8EC7A
:10178000596BA9ECD198AAECD298ABECD398ACECFD
:10179000D598ADECD998AEECDA98AFECB36BB0EC71
:1017A000405FB1ECC26BB2ECF389B3EC9065B4EC82
:1017B000519FB5EC9365B6ECBC65B7ECC665B8EC6B
:1017C000C465B9ECC365BAECCC65BBECCE65BCECCA
:1017D000D265BDECD665BEEC8070BFEC9C70C0ECF1
:1017E0009670C1EC9D70C2ECBB70C3ECC070C4ECD1
:1017F000B770C5ECAB70C6ECB170C7ECE870C8EC64
:10180000CA70C9EC1071CAEC1371CBEC1671CCEC38
:101810002F71CDEC3171CEEC7371CFEC5C71D0ECEB
:101820006871D1EC4571D2EC7271D3EC4A71D4EC91
:101830007871D5EC7A71D6EC9871D7ECB371D8EC9D
:10184000B571D9ECA871DAECA071DBECE071DCECDD
:10185000D471DDECE771DEECF971DFEC1D72E0ECC8
:101860002872E1EC6C70E2EC1871E3EC6671E4EC68
:10187000B971E5EC3E62E6EC3D62E7EC4362E8EC10
:101880004862E9EC4962EAEC3B79EBEC4079ECEC3C
:101890004679EDEC4979EEEC5B79EFEC5C79F0ECB4
:1018A0005379F1EC5A79F2EC6279F3EC5779F4EC74
:1018B0006079F5EC6F79F6EC6779F7EC7A79F8EC0A
:1018C0008579F9EC8A79FAEC9A79FBECA779FCEC4A
:1018D000B379FDECD15FFEECD05F40ED9E9741ED1A
:1018E0009F9742EDA19743EDA29744EDA49745ED54
:1018F000A59746EDA69747EDA79748EDA89749ED20
:10190000A9974AEDAA974BEDAC974CEDAE974DEDEC
:10191000B0974EEDB1974FEDB39750EDB59751EDB0
:10192000B69752EDB79753EDB89754EDB99755ED7B
:10193000BA9756EDBB9757EDBC9758EDBD9759ED4B
:10194000BE975AEDBF975BEDC0975CEDC1975DED1B
:10195000C2975EEDC3975FEDC49760EDC59761EDEB
:10196000C69762EDC79763EDC89764EDC99765EDBB
:10197000CA9766EDCB9767EDCC9768EDCD9769ED8B
:10198000CE976AEDCF976BEDD0976CEDD1976DED5B
:10199000D2976EEDD3976FEDD49770EDD59771ED2B
:1019A000D69772EDD79773EDD89774EDD99775EDFB
:1019B000DA9776EDDB9777EDDC9778EDDD9779EDCB
:1019C000DE977AEDDF977BEDE0977CEDE1977DED9B
:1019D000E2977EEDE39780EDE49781EDE59782ED68
:1019E000E89783EDEE9784EDEF9785EDF09786ED20
:1019F000F19787EDF29788EDF49789EDF7978AEDE7
:101A0000F8978BEDF9978CEDFA978DEDFB978EEDAE
:101A1000FC978FEDFD9790EDFE9791EDFF9792ED7E
:101A2000009893ED019894ED029895ED039896ED4A
:101A3000049897ED059898ED069899ED07989AED1A
:101A400008989BED09989CED0A989DED0B989EEDEA
:101A50000C989FED0D98A0ED0E98A1ED3C60A2EDC5
:101A60005D60A3ED5A60A4ED6760A5ED4160A6ED51
:101A70005960A7ED6360A8EDAB60A9ED0661AAED22
:101A80000D61ABED5D61ACEDA961ADED9D61AEEDBC
:101A9000CB61AFEDD161B0ED0662B1ED8080B2ED0A
:101AA0007F80B3ED936CB4EDF66CB5EDFC6DB6EDE7
:101AB000F677B7EDF877B8ED0078B9ED0978BAEDBB
:101AC0001778BBED1878BCED1178BDEDAB65BEEDB8
:101AD0002D78BFED1C78C0ED1D78C1ED3978C2EDD1
:101AE0003A78C3ED3B78C4ED1F78C5ED3C78C6ED80
:101AF0002578C7ED2C78C8ED2378C9ED2978CAED93
:101B00004E78CBED6D78CCED5678CDED5778CEEDA7
:101B10002678CFED5078D0ED4778D1ED4C78D2EDE6
:101B20006A78D3ED9B78D4ED9378D5ED9A78D6ED9D
:101B30008778D7ED9C78D8EDA178D9EDA378DAED48
:101B4000B278DBEDB978DCEDA578DDEDD478DEEDAB
:101B5000D978DFEDC978E0EDEC78E1EDF278E2EDEF
:101B60000579E3EDF478E4ED1379E5ED2479E6ED1C
:101B70001E79E7ED3479E8ED9B9FE9EDF99EEAEDFA
:101B8000FB9EEBEDFC9EECEDF176EDED0477EEEDDA
:101B90000D77EFEDF976F0ED0777F1ED0877F2EDDF
:101BA0001A77F3ED2277F4ED1977F5ED2D77F6ED51
:101BB0002677F7ED3577F8ED3877F9ED5077FAEDD0
:101BC0005177FBED4777FCED4377FDED5A77FEED5E
:101BD000687740EE0F9841EE109842EE119843EE70
:101BE000129844EE139845EE149846EE159847EE79
:101BF000169848EE179849EE18984AEE19984BEE49
:101C00001A984CEE1B984DEE1C984EEE1D984FEE18
:101C10001E9850EE1F9851EE209852EE219853EEE8
:101C2000229854EE239855EE249856EE259857EEB8
:101C3000269858EE279859EE28985AEE29985BEE88
:101C40002A985CEE2B985DEE2C985EEE2D985FEE58
:101C50002E9860EE2F9861EE309862EE319863EE28
:101C6000329864EE339865EE349866EE359867EEF8
:101C7000369868EE379869EE38986AEE39986BEEC8
:101C80003A986CEE3B986DEE3C986EEE3D986FEE98
:101C90003E9870EE3F9871EE409872EE419873EE68
:101CA000429874EE439875EE449876EE459877EE38
:101CB000469878EE479879EE48987AEE49987BEE08
:101CC0004A987CEE4B987DEE4C987EEE4D9880EED7
:101CD0004E9881EE4F9882EE509883EE519884EEA4
:101CE000529885EE539886EE549887EE559888EE74
:101CF000569889EE57988AEE58988BEE59988CEE44
:101D00005A988DEE5B988EEE5C988FEE5D9890EE13
:101D10005E9891EE5F9892EE609893EE619894EEE3
:101D2000629895EE639896EE649897EE659898EEB3
:101D3000669899EE67989AEE68989BEE69989CEE83
:101D40006A989DEE6B989EEE6C989FEE6D98A0EE53
:101D50006E98A1EE6277A2EE6577A3EE7F77A4EE90
:101D60008D77A5EE7D77A6EE8077A7EE8C77A8EE2F
:101D70009177A9EE9F77AAEEA077ABEEB077ACEEA5
:101D8000B577ADEEBD77AEEE3A75AFEE4075B0EE1D
:101D90004E75B1EE4B75B2EE4875B3EE5B75B4EEB1
:101DA0007275B5EE7975B6EE8375B7EE587FB8EEFD
:101DB000617FB9EE5F7FBAEE488ABBEE687FBCEE0A
:101DC000747FBDEE717FBEEE797FBFEE817FC0EE86
:101DD0007E7FC1EECD76C2EEE576C3EE3288C4EEEC
:101DE0008594C5EE8694C6EE8794C7EE8B94C8EEB4
:101DF0008A94C9EE8C94CAEE8D94CBEE8F94CCEE7F
:101E00009094CDEE9494CEEE9794CFEE9594D0EE40
:101E10009A94D1EE9B94D2EE9C94D3EEA394D4EEFC
:101E2000A494D5EEAB94D6EEAA94D7EEAD94D8EEAA
:101E3000AC94D9EEAF94DAEEB094DBEEB294DCEE73
:101E4000B494DDEEB694DEEEB794DFEEB894E0EE37
:101E5000B994E1EEBA94E2EEBC94E3EEBD94E4EE04
:101E6000BF94E5EEC494E6EEC894E7EEC994E8EEBC
:101E7000CA94E9EECB94EAEECC94EBEECD94ECEE82
:101E8000CE94EDEED094EEEED194EFEED294F0EE4F
:101E9000D594F1EED694F2EED794F3EED994F4EE15
:101EA000D894F5EEDB94F6EEDE94F7EEDF94F8EEE0
:101EB000E094F9EEE294FAEEE494FBEEE594FCEEA5
:101EC000E794FDEEE894FEEEEA9440EF6F9841EF60
:101ED000709842EF719843EF729844EF739845EF12
:101EE000749846EF8B9847EF8E9848EF929849EF99
:101EF00095984AEF99984BEFA3984CEFA8984DEF1F
:101F0000A9984EEFAA984FEFAB9850EFAC9851EFCD
:101F1000AD9852EFAE9853EFAF9854EFB09855EF9D
:101F2000B19856EFB29857EFB39858EFB49859EF6D
:101F3000B5985AEFB6985BEFB7985CEFB8985DEF3D
:101F4000B9985EEFBA985FEFBB9860EFBC9861EF0D
:101F5000BD9862EFBE9863EFBF9864EFC09865EFDD
:101F6000C19866EFC29867EFC39868EFC49869EFAD
:101F7000C5986AEFC6986BEFC7986CEFC8986DEF7D
:101F8000C9986EEFCA986FEFCB9870EFCC9871EF4D
:101F9000CD9872EFCF9873EFD09874EFD49875EF17
:101FA000D69876EFD79877EFDB9878EFDC9879EFD3
:101FB000DD987AEFE0987BEFE1987CEFE2987DEF97
:101FC000E3987EEFE49880EFE59881EFE69882EF62
:101FD000E99883EFEA9884EFEB9885EFEC9886EF29
:101FE000ED9887EFEE9888EFEF9889EFF0988AEFF9
:101FF000F1988BEFF2988CEFF3988DEFF4988EEFC9
:10200000F5988FEFF69890EFF79891EFF89892EF98
:10201000F99893EFFA9894EFFB9895EFFC9896EF68
:10202000FD9897EFFE9898EFFF9899EF00999AEF37
:1020300001999BEF02999CEF03999DEF04999EEF04
:1020400005999FEF0699A0EF0799A1EFE994A2EFF8
:10205000EB94A3EFEE94A4EFEF94A5EFF394A6EF27
:10206000F494A7EFF594A8EFF794A9EFF994AAEFE9
:10207000FC94ABEFFD94ACEFFF94ADEF0395AEEFA6
:102080000295AFEF0695B0EF0795B1EF0995B2EF66
:102090000A95B3EF0D95B4EF0E95B5EF0F95B6EF2A
:1020A0001295B7EF1395B8EF1495B9EF1595BAEFF0
:1020B0001695BBEF1895BCEF1B95BDEF1D95BEEFB8
:1020C0001E95BFEF1F95C0EF2295C1EF2A95C2EF75
:1020D0002B95C3EF2995C4EF2C95C5EF3195C6EF2D
:1020E0003295C7EF3495C8EF3695C9EF3795CAEFEB
:1020F0003895CBEF3C95CCEF3E95CDEF3F95CEEFAD
:102100004295CFEF3595D0EF4495D1EF4595D2EF7D
:102110004695D3EF4995D4EF4C95D5EF4E95D6EF34
:102120004F95D7EF5295D8EF5395D9EF5495DAEFF5
:102130005695DBEF5795DCEF5895DDEF5995DEEFBF
:102140005B95DFEF5E95E0EF5F95E1EF5D95E2EF88
:102150006195E3EF6295E4EF6495E5EF6595E6EF51
:102160006695E7EF6795E8EF6895E9EF6995EAEF1F
:102170006A95EBEF6B95ECEF6C95EDEF6F95EEEFED
:102180007195EFEF7295F0EF7395F1EF3A95F2EFED
:10219000E777F3EFEC77F4EFC996F5EFD579F6EF43
:1021A000ED79F7EFE379F8EFEB79F9EF067AFAEFEB
:1021B000475DFBEF037AFCEF027AFDEF1E7AFEEF3C
:1021C000147A40F0089941F0099942F00A9943F0D5
:1021D0000B9944F00C9945F00E9946F00F9947F091
:1021E000119948F0129949F013994AF014994BF05B
:1021F00015994CF016994DF017994EF018994FF02B
:10220000199950F01A9951F01B9952F01C9953F0FA
:102210001D9954F01E9955F01F9956F0209957F0CA
:10222000219958F0229959F023995AF024995BF09A
:1022300025995CF026995DF027995EF028995FF06A
:10224000299960F02A9961F02B9962F02C9963F03A
:102250002D9964F02F9965F0309966F0319967F007
:10226000329968F0339969F034996AF035996BF0D6
:1022700036996CF037996DF038996EF039996FF0A6
:102280003A9970F03B9971F03C9972F03D9973F076
:102290003E9974F03F9975F0409976F0419977F046
:1022A000429978F0439979F044997AF045997BF016
:1022B00046997CF047997DF048997EF0499980F0E5
:1022C0004A9981F04B9982F04C9983F04D9984F0B2
:1022D0004E9985F04F9986F0509987F0519988F082
:1022E000529989F053998AF056998BF057998CF04E
:1022F00058998DF059998EF05A998FF05B9990F01A
:102300005C9991F05D9992F05E9993F05F9994F0E9
:10231000609995F0619996F0629997F0649998F0B8
:10232000669999F073999AF078999BF079999CF055
:102330007B999DF07E999EF082999FF08399A0F001
:102340008999A1F0397AA2F0377AA3F0517AA4F0F2
:10235000CF9EA5F0A599A6F0707AA7F08876A8F090
:102360008E76A9F09376AAF09976ABF0A476ACF0CD
:10237000DE74ADF0E074AEF02C75AFF0209EB0F0DE
:10238000229EB1F0289EB2F0299EB3F02A9EB4F0AE
:102390002B9EB5F02C9EB6F0329EB7F0319EB8F071
:1023A000369EB9F0389EBAF0379EBBF0399EBCF02D
:1023B0003A9EBDF03E9EBEF0419EBFF0429EC0F0F0
:1023C000449EC1F0469EC2F0479EC3F0489EC4F0B2
:1023D000499EC5F04B9EC6F04C9EC7F04E9EC8F07D
:1023E000519EC9F0559ECAF0579ECBF05A9ECCF034
:1023F0005B9ECDF05C9ECEF05E9ECFF0639ED0F0F3
:10240000669ED1F0679ED2F0689ED3F0699ED4F0AC
:102410006A9ED5F06B9ED6F06C9ED7F0719ED8F078
:102420006D9ED9F0739EDAF09275DBF09475DCF056
:102430009675DDF0A075DEF09D75DFF0AC75E0F00F
:10244000A375E1F0B375E2F0B475E3F0B875E4F0AC
:10245000C475E5F0B175E6F0B075E7F0C375E8F066
:10246000C275E9F0D675EAF0CD75EBF0E375ECF0E6
:10247000E875EDF0E675EEF0E475EFF0EB75F0F071
:10248000E775F1F00376F2F0F175F3F0FC75F4F016
:10249000FF75F5F01076F6F00076F7F00576F8F0B7
:1024A0000C76F9F01776FAF00A76FBF02576FCF058
:1024B0001876FDF01576FEF0197640F18C9941F111
:1024C0008E9942F19A9943F19B9944F19C9945F177
:1024D0009D9946F19E9947F19F9948F1A09949F13C
:1024E000A1994AF1A2994BF1A3994CF1A4994DF10C
:1024F000A6994EF1A7994FF1A99950F1AA9951F1D6
:10250000AB9952F1AC9953F1AD9954F1AE9955F1A3
:10251000AF9956F1B09957F1B19958F1B29959F173
:10252000B3995AF1B4995BF1B5995CF1B6995DF143
:10253000B7995EF1B8995FF1B99960F1BA9961F113
:10254000BB9962F1BC9963F1BD9964F1BE9965F1E3
:10255000BF9966F1C09967F1C19968F1C29969F1B3
:10256000C3996AF1C4996BF1C5996CF1C6996DF183
:10257000C7996EF1C8996FF1C99970F1CA9971F153
:10258000CB9972F1CC9973F1CD9974F1CE9975F123
:10259000CF9976F1D09977F1D19978F1D29979F1F3
:1025A000D3997AF1D4997BF1D5997CF1D6997DF1C3
:1025B000D7997EF1D89980F1D99981F1DA9982F190
:1025C000DB9983F1DC9984F1DD9985F1DE9986F15F
:1025D000DF9987F1E09988F1E19989F1E2998AF12F
:1025E000E3998BF1E4998CF1E5998DF1E6998EF1FF
:1025F000E7998FF1E89990F1E99991F1EA9992F1CF
:10260000EB9993F1EC9994F1ED9995F1EE9996F19E
:10261000EF9997F1F09998F1F19999F1F2999AF16E
:10262000F3999BF1F4999CF1F5999DF1F6999EF13E
:10263000F7999FF1F899A0F1F999A1F11B76A2F110
:102640003C76A3F12276A4F12076A5F14076A6F19E
:102650002D76A7F13076A8F13F76A9F13576AAF16B
:102660004376ABF13E76ACF13376ADF14D76AEF11B
:102670005E76AFF15476B0F15C76B1F15676B2F198
:102680006B76B3F16F76B4F1CA7FB5F1E67AB6F145
:10269000787AB7F1797AB8F1807AB9F1867ABAF1B5
:1026A000887ABBF1957ABCF1A67ABDF1A07ABEF129
:1026B000AC7ABFF1A87AC0F1AD7AC1F1B37AC2F1B8
:1026C0006488C3F16988C4F17288C5F17D88C6F158
:1026D0007F88C7F18288C8F1A288C9F1C688CAF18B
:1026E000B788CBF1BC88CCF1C988CDF1E288CEF1B6
:1026F000CE88CFF1E388D0F1E588D1F1F188D2F12D
:102700001A89D3F1FC88D4F1E888D5F1FE88D6F196
:10271000F088D7F12189D8F11989D9F11389DAF133
:102720001B89DBF10A89DCF13489DDF12B89DEF1CB
:102730003689DFF14189E0F16689E1F17B89E2F1D7
:102740008B75E3F1E580E4F1B276E5F1B476E6F17C
:10275000DC77E7F11280E8F11480E9F11680EAF104
:102760001C80EBF12080ECF12280EDF12580EEF170
:102770002680EFF12780F0F12980F1F12880F2F135
:102780003180F3F10B80F4F13580F5F14380F6F1FF
:102790004680F7F14D80F8F15280F9F16980FAF145
:1027A0007180FBF18389FCF17898FDF18098FEF14E
:1027B000839840F2FA9941F2FB9942F2FC9943F274
:1027C000FD9944F2FE9945F2FF9946F2009A47F2CC
:1027D000019A48F2029A49F2039A4AF2049A4BF299
:1027E000059A4CF2069A4DF2079A4EF2089A4FF269
:1027F000099A50F20A9A51F20B9A52F20C9A53F239
:102800000D9A54F20E9A55F20F9A56F2109A57F208
:10281000119A58F2129A59F2139A5AF2149A5BF2D8
:10282000159A5CF2169A5DF2179A5EF2189A5FF2A8
:10283000199A60F21A9A61F21B9A62F21C9A63F278
:102840001D9A64F21E9A65F21F9A66F2209A67F248
:10285000219A68F2229A69F2239A6AF2249A6BF218
:10286000259A6CF2269A6DF2279A6EF2289A6FF2E8
:10287000299A70F22A9A71F22B9A72F22C9A73F2B8
:102880002D9A74F22E9A75F22F9A76F2309A77F288
:10289000319A78F2329A79F2339A7AF2349A7BF258
:1028A000359A7CF2369A7DF2379A7EF2389A80F227
:1028B000399A81F23A9A82F23B9A83F23C9A84F2F4
:1028C0003D9A85F23E9A86F23F9A87F2409A88F2C4
:1028D000419A89F2429A8AF2439A8BF2449A8CF294
:1028E000459A8DF2469A8EF2479A8FF2489A90F264
:1028F000499A91F24A9A92F24B9A93F24C9A94F234
:102900004D9A95F24E9A96F24F9A97F2509A98F203
:10291000519A99F2529A9AF2539A9BF2549A9CF2D3
:10292000559A9DF2569A9EF2579A9FF2589AA0F2A3
:10293000599AA1F28998A2F28C98A3F28D98A4F2E8
:102940008F98A5F29498A6F29A98A7F29B98A8F26D
:102950009E98A9F29F98AAF2A198ABF2A298ACF225
:10296000A598ADF2A698AEF24D86AFF25486B0F2BD
:102970006C86B1F26E86B2F27F86B3F27A86B4F2DA
:102980007C86B5F27B86B6F2A886B7F28D86B8F261
:102990008B86B9F2AC86BAF29D86BBF2A786BCF2F2
:1029A000A386BDF2AA86BEF29386BFF2A986C0F2C4
:1029B000B686C1F2C486C2F2B586C3F2CE86C4F230
:1029C000B086C5F2BA86C6F2B186C7F2AF86C8F243
:1029D000C986C9F2CF86CAF2B486CBF2E986CCF2B8
:1029E000F186CDF2F286CEF2ED86CFF2F386D0F20A
:1029F000D086D1F21387D2F2DE86D3F2F486D4F2F7
:102A0000DF86D5F2D886D6F2D186D7F20387D8F200
:102A10000787D9F2F886DAF20887DBF20A87DCF258
:102A20000D87DDF20987DEF22387DFF23B87E0F2D4
:102A30001E87E1F22587E2F22E87E3F21A87E4F29D
:102A40003E87E5F24887E6F23487E7F23187E8F21D
:102A50002987E9F23787EAF23F87EBF28287ECF2C7
:102A60002287EDF27D87EEF27E87EFF27B87F0F230
:102A70006087F1F27087F2F24C87F3F26E87F4F21E
:102A80008B87F5F25387F6F26387F7F27C87F8F2CB
:102A90006487F9F25987FAF26587FBF29387FCF2B3
:102AA000AF87FDF2A887FEF2D28740F35A9A41F32E
:102AB0005B9A42F35C9A43F35D9A44F35E9A45F362
:102AC0005F9A46F3609A47F3619A48F3629A49F332
:102AD000639A4AF3649A4BF3659A4CF3669A4DF302
:102AE000679A4EF3689A4FF3699A50F36A9A51F3D2
:102AF0006B9A52F3729A53F3839A54F3899A55F36B
:102B00008D9A56F38E9A57F3949A58F3959A59F3EF
:102B1000999A5AF3A69A5BF3A99A5CF3AA9A5DF381
:102B2000AB9A5EF3AC9A5FF3AD9A60F3AE9A61F341
:102B3000AF9A62F3B29A63F3B39A64F3B49A65F30B
:102B4000B59A66F3B99A67F3BB9A68F3BD9A69F3CD
:102B5000BE9A6AF3BF9A6BF3C39A6CF3C49A6DF38F
:102B6000C69A6EF3C79A6FF3C89A70F3C99A71F355
:102B7000CA9A72F3CD9A73F3CE9A74F3CF9A75F31F
:102B8000D09A76F3D29A77F3D49A78F3D59A79F3E8
:102B9000D69A7AF3D79A7BF3D99A7CF3DA9A7DF3B3
:102BA000DB9A7EF3DC9A80F3DD9A81F3DE9A82F37E
:102BB000E09A83F3E29A84F3E39A85F3E49A86F346
:102BC000E59A87F3E79A88F3E89A89F3E99A8AF312
:102BD000EA9A8BF3EC9A8CF3EE9A8DF3F09A8EF3DB
:102BE000F19A8FF3F29A90F3F39A91F3F49A92F3A5
:102BF000F59A93F3F69A94F3F79A95F3F89A96F375
:102C0000FA9A97F3FC9A98F3FD9A99F3FE9A9AF33D
:102C1000FF9A9BF3009B9CF3019B9DF3029B9EF309
:102C2000049B9FF3059BA0F3069BA1F3C687A2F329
:102C30008887A3F38587A4F3AD87A5F39787A6F3C9
:102C40008387A7F3AB87A8F3E587A9F3AC87AAF33B
:102C5000B587ABF3B387ACF3CB87ADF3D387AEF3D4
:102C6000BD87AFF3D187B0F3C087B1F3CA87B2F3A2
:102C7000DB87B3F3EA87B4F3E087B5F3EE87B6F307
:102C80001688B7F31388B8F3FE87B9F30A88BAF346
:102C90001B88BBF32188BCF33988BDF33C88BEF3A5
:102CA000367FBFF3427FC0F3447FC1F3457FC2F359
:102CB0001082C3F3FA7AC4F3FD7AC5F3087BC6F336
:102CC000037BC7F3047BC8F3157BC9F30A7BCAF304
:102CD0002B7BCBF30F7BCCF3477BCDF3387BCEF351
:102CE0002A7BCFF3197BD0F32E7BD1F3317BD2F348
:102CF000207BD3F3257BD4F3247BD5F3337BD6F32E
:102D00003E7BD7F31E7BD8F3587BD9F35A7BDAF39B
:102D1000457BDBF3757BDCF34C7BDDF35D7BDEF326
:102D2000607BDFF36E7BE0F37B7BE1F3627BE2F3BE
:102D3000727BE3F3717BE4F3907BE5F3A67BE6F330
:102D4000A77BE7F3B87BE8F3AC7BE9F39D7BEAF381
:102D5000A87BEBF3857BECF3AA7BEDF39C7BEEF396
:102D6000A27BEFF3AB7BF0F3B47BF1F3D17BF2F317
:102D7000C17BF3F3CC7BF4F3DD7BF5F3DA7BF6F385
:102D8000E57BF7F3E67BF8F3EA7BF9F30C7CFAF3E7
:102D9000FE7BFBF3FC7BFCF30F7CFDF3167CFEF368
:102DA0000B7C40F4079B41F4099B42F40A9B43F4DB
:102DB0000B9B44F40C9B45F40D9B46F40E9B47F48F
:102DC000109B48F4119B49F4129B4AF4149B4BF45A
:102DD000159B4CF4169B4DF4179B4EF4189B4FF427
:102DE000199B50F41A9B51F41B9B52F41C9B53F4F7
:102DF0001D9B54F41E9B55F4209B56F4219B57F4C5
:102E0000229B58F4249B59F4259B5AF4269B5BF48F
:102E1000279B5CF4289B5DF4299B5EF42A9B5FF45E
:102E20002B9B60F42C9B61F42D9B62F42E9B63F42E
:102E3000309B64F4319B65F4339B66F4349B67F4F8
:102E4000359B68F4369B69F4379B6AF4389B6BF4C6
:102E5000399B6CF43A9B6DF43D9B6EF43E9B6FF492
:102E60003F9B70F4409B71F4469B72F44A9B73F451
:102E70004B9B74F44C9B75F44E9B76F4509B77F40B
:102E8000529B78F4539B79F4559B7AF4569B7BF4D0
:102E9000579B7CF4589B7DF4599B7EF45A9B80F49D
:102EA0005B9B81F45C9B82F45D9B83F45E9B84F46A
:102EB0005F9B85F4609B86F4619B87F4629B88F43A
:102EC000639B89F4649B8AF4659B8BF4669B8CF40A
:102ED000679B8DF4689B8EF4699B8FF46A9B90F4DA
:102EE0006B9B91F46C9B92F46D9B93F46E9B94F4AA
:102EF0006F9B95F4709B96F4719B97F4729B98F47A
:102F0000739B99F4749B9AF4759B9BF4769B9CF449
:102F1000779B9DF4789B9EF4799B9FF47A9BA0F419
:102F20007B9BA1F41F7CA2F42A7CA3F4267CA4F44E
:102F3000387CA5F4417CA6F4407CA7F4FE81A8F47B
:102F40000182A9F40282AAF40482ABF4EC81ACF40D
:102F50004488ADF42182AEF42282AFF42382B0F42F
:102F60002D82B1F42F82B2F42882B3F42B82B4F410
:102F70003882B5F43B82B6F43382B7F43482B8F4C5
:102F80003E82B9F44482BAF44982BBF44B82BCF469
:102F90004F82BDF45A82BEF45F82BFF46882C0F4EF
:102FA0007E88C1F48588C2F48888C3F4D888C4F4C4
:102FB000DF88C5F45E89C6F49D7FC7F49F7FC8F49F
:102FC000A77FC9F4AF7FCAF4B07FCBF4B27FCCF453
:102FD0007C7CCDF44965CEF4917CCFF49D7CD0F41B
:102FE0009C7CD1F49E7CD2F4A27CD3F4B27CD4F449
:102FF000BC7CD5F4BD7CD6F4C17CD7F4C77CD8F4B6
:10300000CC7CD9F4CD7CDAF4C87CDBF4C57CDCF470
:10301000D77CDDF4E87CDEF46E82DFF4A866E0F4B1
:10302000BF7FE1F4CE7FE2F4D57FE3F4E57FE4F403
:10303000E17FE5F4E67FE6F4E97FE7F4EE7FE8F48C
:10304000F37FE9F4F87CEAF4777DEBF4A67DECF409
:10305000AE7DEDF4477EEEF49B7EEFF4B89EF0F487
:10306000B49EF1F4738DF2F4848DF3F4948DF4F442
:10307000918DF5F4B18DF6F4678DF7F46D8DF8F45C
:10308000478CF9F4498CFAF44A91FBF45091FCF422
:103090004E91FDF44F91FEF4649140F57C9B41F517
:1030A0007D9B42F57E9B43F57F9B44F5809B45F5D8
:1030B000819B46F5829B47F5839B48F5849B49F5A8
:1030C000859B4AF5869B4BF5879B4CF5889B4DF578
:1030D000899B4EF58A9B4FF58B9B50F58C9B51F548
:1030E0008D9B52F58E9B53F58F9B54F5909B55F518
:1030F000919B56F5929B57F5939B58F5949B59F5E8
:10310000959B5AF5969B5BF5979B5CF5989B5DF5B7
:10311000999B5EF59A9B5FF59B9B60F59C9B61F587
:103120009D9B62F59E9B63F59F9B64F5A09B65F557
:10313000A19B66F5A29B67F5A39B68F5A49B69F527
:10314000A59B6AF5A69B6BF5A79B6CF5A89B6DF5F7
:10315000A99B6EF5AA9B6FF5AB9B70F5AC9B71F5C7
:10316000AD9B72F5AE9B73F5AF9B74F5B09B75F597
:10317000B19B76F5B29B77F5B39B78F5B49B79F567
:10318000B59B7AF5B69B7BF5B79B7CF5B89B7DF537
:10319000B99B7EF5BA9B80F5BB9B81F5BC9B82F504
:1031A000BD9B83F5BE9B84F5BF9B85F5C09B86F5D3
:1031B000C19B87F5C29B88F5C39B89F5C49B8AF5A3
:1031C000C59B8BF5C69B8CF5C79B8DF5C89B8EF573
:1031D000C99B8FF5CA9B90F5CB9B91F5CC9B92F543
:1031E000CD9B93F5CE9B94F5CF9B95F5D09B96F513
:1031F000D19B97F5D29B98F5D39B99F5D49B9AF5E3
:10320000D59B9BF5D69B9CF5D79B9DF5D89B9EF5B2
:10321000D99B9FF5DA9BA0F5DB9BA1F56291A2F506
:103220006191A3F57091A4F56991A5F56F91A6F54B
:103230007D91A7F57E91A8F57291A9F57491AAF5F3
:103240007991ABF58C91ACF58591ADF59091AEF59A
:103250008D91AFF59191B0F5A291B1F5A391B2F531
:10326000AA91B3F5AD91B4F5AE91B5F5AF91B6F5C0
:10327000B591B7F5B491B8F5BA91B9F5558CBAF5E1
:103280007E9EBBF5B88DBCF5EB8DBDF5058EBEF50C
:10329000598EBFF5698EC0F5B58DC1F5BF8DC2F5EC
:1032A000BC8DC3F5BA8DC4F5C48DC5F5D68DC6F5F4
:1032B000D78DC7F5DA8DC8F5DE8DC9F5CE8DCAF587
:1032C000CF8DCBF5DB8DCCF5C68DCDF5EC8DCEF568
:1032D000F78DCFF5F88DD0F5E38DD1F5F98DD2F5D9
:1032E000FB8DD3F5E48DD4F5098ED5F5FD8DD6F59E
:1032F000148ED7F51D8ED8F51F8ED9F52C8EDAF5E4
:103300002E8EDBF5238EDCF52F8EDDF53A8EDEF585
:10331000408EDFF5398EE0F5358EE1F53D8EE2F534
:10332000318EE3F5498EE4F5418EE5F5428EE6F502
:10333000518EE7F5528EE8F54A8EE9F5708EEAF582
:10334000768EEBF57C8EECF56F8EEDF5748EEEF5EA
:10335000858EEFF58F8EF0F5948EF1F5908EF2F567
:103360009C8EF3F59E8EF4F5788CF5F5828CF6F54F
:103370008A8CF7F5858CF8F5988CF9F5948CFAF52C
:103380009B65FBF5D689FCF5DE89FDF5DA89FEF54E
:10339000DC8940F6DC9B41F6DD9B42F6DE9B43F682
:1033A000DF9B44F6E09B45F6E19B46F6E29B47F641
:1033B000E39B48F6E49B49F6E59B4AF6E69B4BF611
:1033C000E79B4CF6E89B4DF6E99B4EF6EA9B4FF6E1
:1033D000EB9B50F6EC9B51F6ED9B52F6EE9B53F6B1
:1033E000EF9B54F6F09B55F6F19B56F6F29B57F681
:1033F000F39B58F6F49B59F6F59B5AF6F69B5BF651
:10340000F79B5CF6F89B5DF6F99B5EF6FA9B5FF620
:10341000FB9B60F6FC9B61F6FD9B62F6FE9B63F6F0
:10342000FF9B64F6009C65F6019C66F6029C67F6BD
:10343000039C68F6049C69F6059C6AF6069C6BF68C
:10344000079C6CF6089C6DF6099C6EF60A9C6FF65C
:103450000B9C70F60C9C71F60D9C72F60E9C73F62C
:103460000F9C74F6109C75F6119C76F6129C77F6FC
:10347000139C78F6149C79F6159C7AF6169C7BF6CC
:10348000179C7CF6189C7DF6199C7EF61A9C80F69B
:103490001B9C81F61C9C82F61D9C83F61E9C84F668
:1034A0001F9C85F6209C86F6219C87F6229C88F638
:1034B000239C89F6249C8AF6259C8BF6269C8CF608
:1034C000279C8DF6289C8EF6299C8FF62A9C90F6D8
:1034D0002B9C91F62C9C92F62D9C93F62E9C94F6A8
:1034E0002F9C95F6309C96F6319C97F6329C98F678
:1034F000339C99F6349C9AF6359C9BF6369C9CF648
:10350000379C9DF6389C9EF6399C9FF63A9CA0F617
:103510003B9CA1F6E589A2F6EB89A3F6EF89A4F618
:103520003E8AA5F6268BA6F65397A7F6E996A8F647
:10353000F396A9F6EF96AAF60697ABF60197ACF6C6
:103540000897ADF60F97AEF60E97AFF62A97B0F63E
:103550002D97B1F63097B2F63E97B3F6809FB4F64A
:10356000839FB5F6859FB6F6869FB7F6879FB8F618
:10357000889FB9F6899FBAF68A9FBBF68C9FBCF6E6
:10358000FE9EBDF60B9FBEF60D9FBFF6B996C0F628
:10359000BC96C1F6BD96C2F6CE96C3F6D296C4F6D8
:1035A000BF77C5F6E096C6F68E92C7F6AE92C8F61D
:1035B000C892C9F63E93CAF66A93CBF6CA93CCF684
:1035C0008F93CDF63E94CEF66B94CFF67F9CD0F6DB
:1035D000829CD1F6859CD2F6869CD3F6879CD4F645
:1035E000889CD5F6237AD6F68B9CD7F68E9CD8F697
:1035F000909CD9F6919CDAF6929CDBF6949CDCF6D2
:10360000959CDDF69A9CDEF69B9CDFF69E9CE0F690
:103610009F9CE1F6A09CE2F6A19CE3F6A29CE4F656
:10362000A39CE5F6A59CE6F6A69CE7F6A79CE8F623
:10363000A89CE9F6A99CEAF6AB9CEBF6AD9CECF6EF
:10364000AE9CEDF6B09CEEF6B19CEFF6B29CF0F6B7
:10365000B39CF1F6B49CF2F6B59CF3F6B69CF4F686
:10366000B79CF5F6BA9CF6F6BB9CF7F6BC9CF8F650
:10367000BD9CF9F6C49CFAF6C59CFBF6C69CFCF60C
:10368000C79CFDF6CA9CFEF6CB9C40F73C9C41F7DC
:103690003D9C42F73E9C43F73F9C44F7409C45F7D6
:1036A000419C46F7429C47F7439C48F7449C49F7A6
:1036B000459C4AF7469C4BF7479C4CF7489C4DF776
:1036C000499C4EF74A9C4FF74B9C50F74C9C51F746
:1036D0004D9C52F74E9C53F74F9C54F7509C55F716
:1036E000519C56F7529C57F7539C58F7549C59F7E6
:1036F000559C5AF7569C5BF7579C5CF7589C5DF7B6
:10370000599C5EF75A9C5FF75B9C60F75C9C61F785
:103710005D9C62F75E9C63F75F9C64F7609C65F755
:10372000619C66F7629C67F7639C68F7649C69F725
:10373000659C6AF7669C6BF7679C6CF7689C6DF7F5
:10374000699C6EF76A9C6FF76B9C70F76C9C71F7C5
:103750006D9C72F76E9C73F76F9C74F7709C75F795
:10376000719C76F7729C77F7739C78F7749C79F765
:10377000759C7AF7769C7BF7779C7CF7789C7DF735
:10378000799C7EF77A9C80F77B9C81F77D9C82F701
:103790007E9C83F7809C84F7839C85F7849C86F7C6
:1037A000899C87F78A9C88F78C9C89F78F9C8AF77D
:1037B000939C8BF7969C8CF7979C8DF7989C8EF733
:1037C000999C8FF79D9C90F7AA9C91F7AC9C92F7DF
:1037D000AF9C93F7B99C94F7BE9C95F7BF9C96F766
:1037E000C09C97F7C19C98F7C29C99F7C89C9AF720
:1037F000C99C9BF7D19C9CF7D29C9DF7DA9C9EF7C5
:10380000DB9C9FF7E09CA0F7E19CA1F7CC9CA2F782
:10381000CD9CA3F7CE9CA4F7CF9CA5F7D09CA6F790
:10382000D39CA7F7D49CA8F7D59CA9F7D79CAAF757
:10383000D89CABF7D99CACF7DC9CADF7DD9CAEF720
:10384000DF9CAFF7E29CB0F77C97B1F78597B2F7B2
:103850009197B3F79297B4F79497B5F7AF97B6F7F8
:10386000AB97B7F7A397B8F7B297B9F7B497BAF78A
:10387000B19ABBF7B09ABCF7B79ABDF7589EBEF79E
:10388000B69ABFF7BA9AC0F7BC9AC1F7C19AC2F705
:10389000C09AC3F7C59AC4F7C29AC5F7CB9AC6F7C0
:1038A000CC9AC7F7D19AC8F7459BC9F7439BCAF78B
:1038B000479BCBF7499BCCF7489BCDF74D9BCEF769
:1038C000519BCFF7E898D0F70D99D1F72E99D2F701
:1038D0005599D3F75499D4F7DF9AD5F7E19AD6F7EB
:1038E000E69AD7F7EF9AD8F7EB9AD9F7FB9ADAF777
:1038F000ED9ADBF7F99ADCF7089BDDF70F9BDEF713
:10390000139BDFF71F9BE0F7239BE1F7BD9EE2F7D8
:10391000BE9EE3F73B7EE4F7829EE5F7879EE6F7DF
:10392000889EE7F78B9EE8F7929EE9F7D693EAF731
:103930009D9EEBF79F9EECF7DB9EEDF7DC9EEEF78E
:10394000DD9EEFF7E09EF0F7DF9EF1F7E29EF2F7E3
:10395000E99EF3F7E79EF4F7E59EF5F7EA9EF6F7A2
:10396000EF9EF7F7229FF8F72C9FF9F72F9FFAF7B2
:10397000399FFBF7379FFCF73D9FFDF73E9FFEF712
:10398000449F40F8E39C41F8E49C42F8E59C43F8EE
:10399000E69C44F8E79C45F8E89C46F8E99C47F823
:1039A000EA9C48F8EB9C49F8EC9C4AF8ED9C4BF8F3
:1039B000EE9C4CF8EF9C4DF8F09C4EF8F19C4FF8C3
:1039C000F29C50F8F39C51F8F49C52F8F59C53F893
:1039D000F69C54F8F79C55F8F89C56F8F99C57F863
:1039E000FA9C58F8FB9C59F8FC9C5AF8FD9C5BF833
:1039F000FE9C5CF8FF9C5DF8009D5EF8019D5FF801
:103A0000029D60F8039D61F8049D62F8059D63F8CE
:103A1000069D64F8079D65F8089D66F8099D67F89E
:103A20000A9D68F80B9D69F80C9D6AF80D9D6BF86E
:103A30000E9D6CF80F9D6DF8109D6EF8119D6FF83E
:103A4000129D70F8139D71F8149D72F8159D73F80E
:103A5000169D74F8179D75F8189D76F8199D77F8DE
:103A60001A9D78F81B9D79F81C9D7AF81D9D7BF8AE
:103A70001E9D7CF81F9D7DF8209D7EF8219D80F87D
:103A8000229D81F8239D82F8249D83F8259D84F84A
:103A9000269D85F8279D86F8289D87F8299D88F81A
:103AA0002A9D89F82B9D8AF82C9D8BF82D9D8CF8EA
:103AB0002E9D8DF82F9D8EF8309D8FF8319D90F8BA
:103AC000329D91F8339D92F8349D93F8359D94F88A
:103AD000369D95F8379D96F8389D97F8399D98F85A
:103AE0003A9D99F83B9D9AF83C9D9BF83D9D9CF82A
:103AF0003E9D9DF83F9D9EF8409D9FF8419DA0F8FA
:103B0000429D40F9439D41F9449D42F9459D43F949
:103B1000469D44F9479D45F9489D46F9499D47F919
:103B20004A9D48F94B9D49F94C9D4AF94D9D4BF9E9
:103B30004E9D4CF94F9D4DF9509D4EF9519D4FF9B9
:103B4000529D50F9539D51F9549D52F9559D53F989
:103B5000569D54F9579D55F9589D56F9599D57F959
:103B60005A9D58F95B9D59F95C9D5AF95D9D5BF929
:103B70005E9D5CF95F9D5DF9609D5EF9619D5FF9F9
:103B8000629D60F9639D61F9649D62F9659D63F9C9
:103B9000669D64F9679D65F9689D66F9699D67F999
:103BA0006A9D68F96B9D69F96C9D6AF96D9D6BF969
:103BB0006E9D6CF96F9D6DF9709D6EF9719D6FF939
:103BC000729D70F9739D71F9749D72F9759D73F909
:103BD000769D74F9779D75F9789D76F9799D77F9D9
:103BE0007A9D78F97B9D79F97C9D7AF97D9D7BF9A9
:103BF0007E9D7CF97F9D7DF9809D7EF9819D80F978
:103C0000829D81F9839D82F9849D83F9859D84F944
:103C1000869D85F9879D86F9889D87F9899D88F914
:103C20008A9D89F98B9D8AF98C9D8BF98D9D8CF9E4
:103C30008E9D8DF98F9D8EF9909D8FF9919D90F9B4
:103C4000929D91F9939D92F9949D93F9959D94F984
:103C5000969D95F9979D96F9989D97F9999D98F954
:103C60009A9D99F99B9D9AF99C9D9BF99D9D9CF924
:103C70009E9D9DF99F9D9EF9A09D9FF9A19DA0F9F4
:103C8000A29D40FAA39D41FAA49D42FAA59D43FA44
:103C9000A69D44FAA79D45FAA89D46FAA99D47FA14
:103CA000AA9D48FAAB9D49FAAC9D4AFAAD9D4BFAE4
:103CB000AE9D4CFAAF9D4DFAB09D4EFAB19D4FFAB4
:103CC000B29D50FAB39D51FAB49D52FAB59D53FA84
:103CD000B69D54FAB79D55FAB89D56FAB99D57FA54
:103CE000BA9D58FABB9D59FABC9D5AFABD9D5BFA24
:103CF000BE9D5CFABF9D5DFAC09D5EFAC19D5FFAF4
:103D0000C29D60FAC39D61FAC49D62FAC59D63FAC3
:103D1000C69D64FAC79D65FAC89D66FAC99D67FA93
:103D2000CA9D68FACB9D69FACC9D6AFACD9D6BFA63
:103D3000CE9D6CFACF9D6DFAD09D6EFAD19D6FFA33
:103D4000D29D70FAD39D71FAD49D72FAD59D73FA03
:103D5000D69D74FAD79D75FAD89D76FAD99D77FAD3
:103D6000DA9D78FADB9D79FADC9D7AFADD9D7BFAA3
:103D7000DE9D7CFADF9D7DFAE09D7EFAE19D80FA72
:103D8000E29D81FAE39D82FAE49D83FAE59D84FA3F
:103D9000E69D85FAE79D86FAE89D87FAE99D88FA0F
:103DA000EA9D89FAEB9D8AFAEC9D8BFAED9D8CFADF
:103DB000EE9D8DFAEF9D8EFAF09D8FFAF19D90FAAF
:103DC000F29D91FAF39D92FAF49D93FAF59D94FA7F
:103DD000F69D95FAF79D96FAF89D97FAF99D98FA4F
:103DE000FA9D99FAFB9D9AFAFC9D9BFAFD9D9CFA1F
:103DF000FE9D9DFAFF9D9EFA009E9FFA019EA0FAED
:103E0000029E40FB039E41FB049E42FB059E43FB3A
:103E1000069E44FB079E45FB089E46FB099E47FB0A
:103E20000A9E48FB0B9E49FB0C9E4AFB0D9E4BFBDA
:103E30000E9E4CFB0F9E4DFB109E4EFB119E4FFBAA
:103E4000129E50FB139E51FB149E52FB159E53FB7A
:103E5000169E54FB179E55FB189E56FB199E57FB4A
:103E60001A9E58FB1B9E59FB1C9E5AFB1D9E5BFB1A
:103E70001E9E5CFB249E5DFB279E5EFB2E9E5FFBD1
:103E8000309E60FB349E61FB3B9E62FB3C9E63FB6D
:103E9000409E64FB4D9E65FB509E66FB529E67FBF9
:103EA000539E68FB549E69FB569E6AFB599E6BFBB2
:103EB0005D9E6CFB5F9E6DFB609E6EFB619E6FFB6B
:103EC000629E70FB659E71FB6E9E72FB6F9E73FB24
:103ED000729E74FB749E75FB759E76FB769E77FBD7
:103EE000779E78FB789E79FB799E7AFB7A9E7BFBA6
:103EF0007B9E7CFB7C9E7DFB7D9E7EFB809E80FB73
:103F0000819E81FB839E82FB849E83FB859E84FB36
:103F1000869E85FB899E86FB8A9E87FB8C9E88FBFE
:103F20008D9E89FB8E9E8AFB8F9E8BFB909E8CFBC9
:103F3000919E8DFB949E8EFB959E8FFB969E90FB93
:103F4000979E91FB989E92FB999E93FB9A9E94FB61
:103F50009B9E95FB9C9E96FB9E9E97FBA09E98FB2E
:103F6000A19E99FBA29E9AFBA39E9BFBA49E9CFBF9
:103F7000A59E9DFBA79E9EFBA89E9FFBA99EA0FBC6
:103F8000AA9E40FCAB9E41FCAC9E42FCAD9E43FC15
:103F9000AE9E44FCAF9E45FCB09E46FCB19E47FCE5
:103FA000B29E48FCB39E49FCB59E4AFCB69E4BFCB3
:103FB000B79E4CFCB99E4DFCBA9E4EFCBC9E4FFC7D
:103FC000BF9E50FCC09E51FCC19E52FCC29E53FC41
:103FD000C39E54FCC59E55FCC69E56FCC79E57FC0E
:103FE000C89E58FCCA9E59FCCB9E5AFCCC9E5BFCDA
:103FF000D09E5CFCD29E5DFCD39E5EFCD59E5FFC99
:10400000D69E60FCD79E61FCD99E62FCDA9E63FC62
:10401000DE9E64FCE19E65FCE39E66FCE49E67FC1C
:10402000E69E68FCE89E69FCEB9E6AFCEC9E6BFCDD
:10403000ED9E6CFCEE9E6DFCF09E6EFCF19E6FFCA6
:10404000F29E70FCF39E71FCF49E72FCF59E73FC74
:10405000F69E74FCF79E75FCF89E76FCFA9E77FC43
:10406000FD9E78FCFF9E79FC009F7AFC019F7BFC03
:10407000029F7CFC039F7DFC049F7EFC059F80FCCF
:10408000069F81FC079F82FC089F83FC099F84FC9C
:104090000A9F85FC0C9F86FC0F9F87FC119F88FC64
:1040A000129F89FC149F8AFC159F8BFC169F8CFC29
:1040B000189F8DFC1A9F8EFC1B9F8FFC1C9F90FCF1
:1040C0001D9F91FC1E9F92FC1F9F93FC219F94FCBF
:1040D000239F95FC249F96FC259F97FC269F98FC88
:1040E000279F99FC289F9AFC299F9BFC2A9F9CFC58
:1040F0002B9F9DFC2D9F9EFC2E9F9FFC309FA0FC24
:10410000319F40FD329F41FD339F42FD349F43FD6F
:10411000359F44FD369F45FD389F46FD3A9F47FD3C
:104120003C9F48FD3F9F49FD409F4AFD419F4BFDFD
:10413000429F4CFD439F4DFD459F4EFD469F4FFDC9
:10414000479F50FD489F51FD499F52FD4A9F53FD97
:104150004B9F54FD4C9F55FD4D9F56FD4E9F57FD67
:104160004F9F58FD529F59FD539F5AFD549F5BFD31
:10417000559F5CFD569F5DFD579F5EFD589F5FFDFF
:10418000599F60FD5A9F61FD5B9F62FD5C9F63FDCF
:104190005D9F64FD5E9F65FD5F9F66FD609F67FD9F
:1041A000619F68FD629F69FD639F6AFD649F6BFD6F
:1041B000659F6CFD669F6DFD679F6EFD689F6FFD3F
:1041C000699F70FD6A9F71FD6B9F72FD6C9F73FD0F
:1041D0006D9F74FD6E9F75FD6F9F76FD709F77FDDF
:1041E000719F78FD729F79FD739F7AFD749F7BFDAF
:1041F000759F7CFD769F7DFD779F7EFD789F80FD7E
:10420000799F81FD7A9F82FD7B9F83FD7C9F84FD4A
:104210007D9F85FD7E9F86FD819F87FD829F88FD16
:104220008D9F89FD8E9F8AFD8F9F8BFD909F8CFDBA
:10423000919F8DFD929F8EFD939F8FFD949F90FD8A
:10424000959F91FD969F92FD979F93FD989F94FD5A
:104250009C9F95FD9D9F96FD9E9F97FDA19F98FD1C
:10426000A29F99FDA39F9AFDA49F9BFDA59F9CFDE6
:104270002CF99DFD79F99EFD95F99FFDE7F9A0FDCB
:10428000F1F940FE0CFA41FE0DFA42FE0EFA43FE31
:104290000FFA44FE11FA45FE13FA46FE14FA47FEE1
:1042A00018FA48FE1FFA49FE20FA4AFE21FA4BFE90
:1042B00023FA4CFE24FA4DFE27FA4EFE28FA4FFE52
:1042C00029FA0000000061006200630064006500DC
:1042D00066006700680069006A006B006C006D0092
:1042E0006E006F0070007100720073007400750042
:1042F00076007700780079007A00A100A200A30080
:10430000A500AC00AF00E000E100E200E300E40043
:10431000E500E600E700E800E900EA00EB00EC0059
:10432000ED00EE00EF00F000F100F200F300F40009
:10433000F500F600F800F900FA00FB00FC00FD00B3
:10434000FE00FF00010103010501070109010B0146
:104350000D010F01110113011501170119011B01B5
:104360001D011F01210123012501270129012B0125
:104370002D012F0131013301350137013A013C0193
:104380003E01400142014401460148014B014D01FB
:104390004F01510153015501570159015B015D0165
:1043A0005F01610163016501670169016B016D01D5
:1043B0006F0171017301750177017A017C017E0142
:1043C0009201B103B203B303B403B503B603B70359
:1043D000B803B903BA03BB03BC03BD03BE03BF03E9
:1043E000C003C103C303C403C503C603C703C80393
:1043F000C903CA03300431043204330434043504DD
:1044000036043704380439043A043B043C043D04C0
:104410003E043F0440044104420443044404450470
:1044200046044704480449044A044B044C044D0420
:104430004E044F04510452045304540455045604CA
:104440005704580459045A045B045C045E045F0476
:1044500070217121722173217421752176217721B8
:10446000782179217A217B217C217D217E217F2168
:1044700041FF42FF43FF44FF45FF46FF47FF48FF20
:1044800049FF4AFF4BFF4CFF4DFF4EFF4FFF50FFD0
:1044900051FF52FF53FF54FF55FF56FF57FF58FF80
:1044A00059FF5AFF0000410042004300440045000C
:1044B00046004700480049004A004B004C004D00B0
:1044C0004E004F0050005100520053005400550060
:1044D00056005700580059005A002100E0FFE1FF44
:1044E000E5FFE2FFE3FFC000C100C200C300C4005B
:1044F000C500C600C700C800C900CA00CB00CC0078
:10450000CD00CE00CF00D000D100D200D300D40027
:10451000D500D600D800D900DA00DB00DC00DD00D1
:10452000DE007801000102010401060108010A0110
:104530000C010E01100112011401160118011A01DB
:104540001C011E01200122012401260128012A014B
:104550002C012E01300132013401360139013B01B9
:104560003D013F0141014301450147014A014C0121
:104570004E01500152015401560158015A015C018B
:104580005E01600162016401660168016A016C01FB
:104590006E01700172017401760179017B017D0168
:1045A0009101910392039303940395039603970358
:1045B000980399039A039B039C039D039E039F0307
:1045C000A003A103A303A403A503A603A703A803B1
:1045D000A903AA03100411041204130414041504FB
:1045E00016041704180419041A041B041C041D04DF
:1045F0001E041F042004210422042304240425048F
:1046000026042704280429042A042B042C042D043E
:104610002E042F0401040204030404040504060408
:104620000704080409040A040B040C040E040F0414
:104630006021612162216321642165216621672156
:10464000682169216A216B216C216D216E216F2106
:1046500021FF22FF23FF24FF25FF26FF27FF28FF3E
:1046600029FF2AFF2BFF2CFF2DFF2EFF2FFF30FFEE
:1046700031FF32FF33FF34FF35FF36FF37FF38FF9E
:1046800039FF3AFF00003E20486F7374204C696286
:104690007261727920496E697469616C697A6564C6
:1046A0000D0A003E2044657669636520417474619B
:1046B00063686564200D0A003E2044657669636581
:1046C00020446973636F6E6E65637465640D0A00E0
:1046D0003E20456E756D65726174696F6E20636F03
:1046E0006D706C65746564200D0A003E2048696732
:1046F000682073706565642064657669636520640D
:10470000657465637465640D0A003E2046756C6CC3
:1047100020737065656420646576696365206465EF
:104720007465637465640D0A003E204C6F772073D6
:104730007065656420646576696365206465746589
:10474000637465640D0A003E2044657669636520E4
:104750006661756C74200D0A003E204D61737320F4
:1047600073746F7261676520646576696365206341
:104770006F6E6E65637465640D0A003E204849449F
:104780002064657669636520636F6E6E656374652A
:10479000640D0A003E2053697A65206F66207468B4
:1047A00065206469736B20696E204D42797465736E
:1047B0003A200D0A003E204C554E20417661696C2E
:1047C00061626C6520696E20746865206465766935
:1047D00063653A0D0A003E204578706C6F72696E11
:1047E00067206469736B20666C617368202E2E2EBF
:1047F0000D0A003E20546865206469736B2069735C
:104800002077726974652070726F74656374656473
:104810000D0A003E20554E5245434F5645524544E1
:10482000204552524F522053544154450D0A000026
:104830004040404040404040404141414141404073
:104840004040404040404040404040404040404068
:104850000502020202020202020202020202020235
:1048600020202020202020202020020202020202FC
:104870000290909090909010101010101010101046
:10488000101010101010101010101002020202026E
:10489000028888888888880808080808080808089E
:1048A0000808080808080808080808020202024068
:1048B00030480308CAB1BCE43A20253034642D25C1
:1048C0003032642D2530326420253032643A253070
:1048D00032643A253032640AC5A8B6C83A20252E7B
:1048E0003266207070620AB5E7B5BCC2CA3A2025AC
:1048F0002E34662075732F636D0D0A001C49030862
:104900000000002004010000D46A0008204A0308C7
:104910000401002044910000E46A00080000000047
:104920000000000000000000000000000A0D01006F
:104930000100000000000000000000000000000076
:104940000000000000000000000000000001020361
:10495000040102030406070809000000000000002B
:104960000000000000000000000000000000000047
:104970000000000000000000000000005D3C000896
:10498000113C0008D1350008D536000800030000AE
:104990007D470008A72D0008632F00087400002041
:1049A000000000000000000000000000F9480008BE
:1049B0001D48000821480008094A0008314800083D
:1049C000BD49000871480008B14800081F480008A8
:1049D000E947000895490008E5490008314A000800
:1049E000E9480008694A0008794900084948000870
:1049F000594A00080000000000000000000000000C
:104A000000000000000000000000000000000000A6
:104A10000000000000000000000000000000000096
:040000050800018965
:00000001FF
