:020000040800F2
:10000000489300209D010008511C0008051B0008B2
:100010004D1C0008BF0E0008096A0008000000001F
:10002000000000000000000000000000FD210008AA
:1000300001190008000000003D1D000871230008A0
:10004000B7010008B7010008B7010008B7010008B0
:10005000B7010008B7010008B7010008B7010008A0
:10006000B7010008B7010008B7010008B701000890
:10007000B7010008B7010008B7010008B701000880
:10008000B7010008B7010008B7010008B701000870
:10009000B7010008B7010008B7010008B701000860
:1000A000B7010008B7010008B7010008B701000850
:1000B00099250008A1250008B7010008B70100082C
:1000C000B7010008B7010008B7010008B701000830
:1000D000B7010008D9280008B7010008B7010008D7
:1000E000B7010008B7010008B7010008B701000810
:1000F000B7010008B7010008B7010008B701000800
:10010000B7010008B7010008B7010008B7010008EF
:10011000B7010008B7010008B7010008B7010008DF
:10012000B7010008B7010008B7010008B7010008CF
:10013000B7010008B7010008B7010008B7010008BF
:10014000B7010008B7010008B7010008B7010008AF
:10015000B7010008B7010008B70100085D2A0008D0
:10016000B7010008B7010008B7010008B70100088F
:10017000B7010008F51C0008B7010008B701000826
:10018000B7010008B7010008DFF80CD000F064FBED
:100190000048004721940008489300200648804703
:1001A00006480047FEE7FEE7FEE7FEE7FEE7FEE75C
:1001B000FEE7FEE7FEE7FEE7F523000889010008F9
:1001C00040EA01039B0703D009E008C9121F08C0D9
:1001D000042AFAD203E011F8013B00F8013B521E59
:1001E000F9D27047D2B201E000F8012B491EFBD2D0
:1001F00070470022F6E710B513460A460446194632
:10020000FFF7F0FF204610BD421C10F8011B00292B
:10021000FBD1801A704710B5002200E0521C835CAD
:100220008C5CA34201D1002BF8D1D8B2E1B2401AC4
:1002300010BD034611F8012B00F8012B002AF9D15B
:10024000184670470246C9B200E0401C0378002BF4
:10025000FBD102E003788B4203D0401E9042F9D2DA
:100260000020704770B5064606F092FC046805460B
:100270000A220021304600F0C7F82C6070BD00F063
:10028000004230F000400AD0C10D01F56071C0F3AA
:10029000160042EA0151C20840071143704700208E
:1002A0000146704701F0004330B421F0004150EAAC
:1002B000010206D00A0DA2F56072C1F31301002AF3
:1002C00002DC30BC00207047440F44EAC104C10086
:1002D000E01830BC00EBC25000F0CEB830B50B4691
:1002E000014600202022012409E021FA02F59D4266
:1002F00005D303FA02F5491B04FA02F52844151E3A
:10030000A2F10102F1DC30BD2DE9F05F05460020CD
:1003100092469B4688460646814640241BE0284676
:1003200041464746224600F0B8FA53465A46C01A9C
:10033000914110D311461846224600F09FFA2D1A1B
:1003400067EB01084F4622460120002100F096FA93
:1003500017EB00094E41201EA4F10104DFDC4846E2
:1003600031462A464346BDE8F09F00000FB4002303
:1003700000B589B00CA900910B996FF00042CB60D9
:100380001E4B06931E4B07930423CDE901321D4AF1
:10039000089202466B46002000F044FB09B05DF86D
:1003A00014FB70B586B006464FF0FF300091CDE9E2
:1003B0000101002015460C4604903246694604A807
:1003C000FFF7D4FF02460498211825B108B108466A
:1003D00000E020462860049800280DD0002A02DDA5
:1003E0000098884208D0081B0094CDE901043246E9
:1003F000694604A8FFF7BAFF06B070BD5D0C00089F
:100400007B0C0008E90800082DE9F04791460F46EB
:1004100080460446002614F8015B2DB100F060FA16
:100420000068405DC007F6D12B2D02D02D2D18D0CD
:10043000641E4A463946204600F030FC27B1396830
:10044000A14201D1C7F8008071054FF002040BD51D
:100450004042002803DD06F09BFB0460A007BDE8D6
:10046000F08746F48066E4E70028F8DA06F090FBAF
:1004700004606FF00040F2E70029A8BF7047401CFD
:10048000490008BF20F00100704710B4B0FA80FCAA
:1004900000FA0CF050EA010404BF10BC704749B1E7
:1004A000CCF1200421FA04F411FA0CF118BF012157
:1004B00021430843A3EB0C01CB1D4FEA00614FEA37
:1004C000102042BF002010BC704700EBC350104406
:1004D0000029A4BF10BC7047401C490008BF20F091
:1004E000010010BC70472DE9FE4F804681EA0300F1
:1004F000C00F0C46009021F0004123F00045B8EBFE
:100500000200A94105D24046214690461C460B46B2
:10051000024623F00040104347D0270DC7F30A00DE
:10052000C3F30A510290401A019040286BDAC3F3DA
:10053000130040F4801B0098924620B10023D2EBB8
:10054000030A63EB0B0B01985946C0F14002504679
:1005500000F094F906460D4650465946019A00F0BF
:10056000ACF910EB08006141002487EA115284EADB
:10057000E7731A4340D0009A62B3019A012A4FEA06
:10058000075215DC001B61EB02014FF0004202EA4A
:100590000752CDE90042001C41F5801132462B463E
:1005A00000F0DAFB03B0BDE8F08F40462146F9E7E2
:1005B000001B61EB0201001C41F5801300185B4138
:1005C0002018A2F5001747EB030140EAD570B619D1
:1005D0006D4111E06D084FEA360645EAC0754FEAF5
:1005E0000752001B61EB0201001C41F58011490814
:1005F0004FEA30000019514132462B4603B0BDE8A6
:10060000F04F00F09ABB0098012240000023D0EB8D
:10061000020263EBE073009821464FEAE074B8EB06
:10062000000061EB0401E9E783F000435BE781F040
:10063000004158E72DE9FE4F81EA030404F000442D
:1006400021F0004100944FF0000B23F0004350EAEA
:1006500001045ED052EA03045BD0C3F30A54C1F331
:100660000A552C44A4F2F3340194A0FB0254C1F3C4
:10067000130141F48011C3F3130343F4801301FB0E
:10068000024400FB034E840A970A44EA815447EA75
:100690008357A4FB076802958D0A05FB07854FEA7F
:1006A000932C04FB0C542705029D4FEA065847EA99
:1006B0001637B5EB08056EEB070C870E920E47EA6E
:1006C000811742EA8312A7FB0201B6EB0B0164EB30
:1006D00000042B0D43EA0C335E1844EB1C50DA4641
:1006E0005146E7FB0201C5F313044FEA0B3343EA1B
:1006F00014534FEA0432019C43EA0603A4F10C04AC
:100700000294009CCDE900B400F026FB03B0BDE8E4
:10071000F08F00200146F9E72DE9F04D81EA03044E
:1007200004F0004B21F0004514464FF0000A23F07E
:10073000004150EA050220D054EA01021DD0C5F361
:100740000A570246C5F31303C1F31300C1F30A5657
:1007500040F4801543F48013A7EB0608101BD6461F
:1007600008F2FD3873EB050002D308F1010801E03F
:1007700092185B41B8F1000F03DA00200146BDE892
:10078000F08D00204FF48011064684460EE0171BC2
:1007900073EB050705D3121B63EB050306434CEA15
:1007A000010C49084FEA300092185B4150EA0107FA
:1007B000EDD152EA030012D082EA040083EA050177
:1007C000084305D0101BAB4106D20122002306E0EE
:1007D00000224FF0004302E06FF0010253101AEBC9
:1007E00006004CEB085110EB0A0041EB0B01BDE891
:1007F000F04D00F0A2BAC1F30A52C1F3130140F266
:10080000FF3341F480119A4202DA0020014670471A
:1008100040F233439A42A2F2334202DC524200F0E9
:100820003CB800F02BB8000030B5041E71F1000494
:1008300004DB4FF00044404264EB0101141E73F1ED
:10084000000405DB1C464FF00043524263EB0403F7
:10085000994208BF904230BD064C074D06E0E06863
:1008600040F0010394E8070098471034AC42F6D3F7
:10087000FFF78EFC204A0308404A0308202A04DBC5
:10088000203A00FA02F1002070479140C2F12003A3
:1008900020FA03F3194390407047202A04DB203AE2
:1008A00021FA02F00021704721FA02F3D040C2F190
:1008B00020029140084319467047202A06DBCB17D7
:1008C000203A41FA02F043EAE07306E041FA02F30B
:1008D000D040C2F120029140084319467047000001
:1008E00000487047D449030810B50446FFF7F8FFE5
:1008F0000068005D00F0010010BD00002DE9FF4F11
:10090000087883B09946FF2805D0491C2D2804D0CB
:100910000024002008E000200BE00124F9E700EBB0
:10092000800003EB4000491C0B78FF2BF7D104B18A
:10093000404200230293147819461D462D2C01D005
:100940002B2C04D1521C2D2C13D000240294AA4627
:100950001478FF2C0FD00A25A3FB057801FB058135
:100960004FF0000C03FB0C11521CE3194AEB010180
:10097000EEE70124EAE7814453EA010002D019F5C9
:10098000C87F06DA03980021C0E9001107B0BDE86E
:10099000F08F0025AE4E2F46DFF8B882184600F0E3
:1009A00037FACDE90001B9F1000002DAC9F100041B
:1009B00000E004460023A74A1AEB030B42EB045A5B
:1009C00012E0E00707D02A46334638464146FFF793
:1009D00031FE074688462A46334610461946FFF739
:1009E00029FE05460E466410002CEAD1DDE900011F
:1009F000B9F1000F5A46534606DAFFF78DFE3A4624
:100A00004346FFF789FE05E0FFF714FE3A464346EA
:100A1000FFF710FE029A0AB181F00041039AC2E981
:100A20000001B3E72DE9FF4F1F468DB0D7E901461E
:100A30004FF0FF382E2045464FF000090B90B96962
:100A40006D1C0E988847396A824688470028F6D17F
:100A5000BAF1FF3F0AD024F4D064002E11DDBAF1C0
:100A60002B0F08D0BAF12D0F0BD102E0404611B088
:100A70008DE744F48064B9696D1C0E9888478246FE
:100A8000761E6946600501D52D2000E02B208DF8EB
:100A9000000001F1010B0DF1200809E0B9696D1C9E
:100AA0000E98884782460F9844F40074761E0560BD
:100AB000002E02DDBAF1300FF0D00B998A453ED1FD
:100AC00044F0800406E00F99681CA9F1010944F480
:100AD00000740860B9696D1C761E0E9888478246BE
:100AE0003028F0D02BE00B998A4505D1200603D49D
:100AF00044F08004761E18E0504606F047F908B32B
:100B00000DF11301761E44F400748B4508D2AAF14E
:100B100030000BF8010B200607D5A9F1010003E016
:100B2000200602D409F101008146A00502D50F99E3
:100B3000681C0860B9696D1C0E9888478246002EB3
:100B4000D1DC53E0002E51DDBAF1650F02D0BAF1CD
:100B5000450F4BD1A00549D5B9696D1C24F44074EB
:100B6000761E0E9888478246002E0CDD2B2804D076
:100B7000BAF12D0F07D144F48074B9696D1C0E9839
:100B800088478246761EE00501D52D2100E02B2105
:100B900008F8011BCDF82C8021E00DF12901761E0B
:100BA00044F4007488450CD2AAF1300010F0FF0024
:100BB00088F8000002D10B99884509D908F101088D
:100BC00006E0E00501D5244801E042F20F708146BD
:100BD000B9696D1C0E98884782460F980560002EF3
:100BE00004DD504606F0D2F80028D6D1F9690E98F7
:100BF0008847FF208BF8000088F80000002006904E
:100C000007904B466A4608A906A8FFF777FEA0059D
:100C100002D46FF001002AE714F0240F0AD0E00795
:100C200014D1DDE906123868031D3B600068C0E995
:100C300000120BE0DDE90601FFF734FB0146E00797
:100C400004D13868021D3A600068016028460EE74A
:100C5000000014400000F03FF1D8FFFF426842B1AD
:100C6000016811F8013B23B1521EC0E90012184679
:100C700070470121C160881E704742685AB1C3683D
:100C8000016843B983688B4205D0491E521CC0E9F4
:100C90000012002070474FF0FF3070472DE9F05FE1
:100CA00082460078002715468B460AF10104B946B2
:100CB000302801D09DB113E014F8010B01277828EA
:100CC00003D0582801D045B10AE00DB1102D07D14D
:100CD0000027102514F8010B02E0082500E00A2582
:100CE0000026B0460EE005FB080005FB06F10127D3
:100CF00001EB10461FFA80F8B6F5803F00D3B946E5
:100D000014F8010B294600F075F80028EBDABBF166
:100D1000000F05D00FB1641E00E05446CBF8004030
:100D2000B9F1000F06D005F033FF02210160C81EA3
:100D3000BDE8F09F48EA0640FAE710B5141E73F1CB
:100D4000000408DA401C41F1000192185B411A438B
:100D500001D120F0010010BD2DE9F04D92469B46D7
:100D600011B1B1FA81F202E0B0FA80F2203290467D
:100D7000FFF784FD04460F4640EA0A0041EA0B01F2
:100D800053465A46084313D0114653EA010019D07E
:100D9000C8F140025046FFF780FD05460E4650461A
:100DA00059464246FFF76AFD084305D0012004E09A
:100DB00020463946BDE8F08D0020054346EAE0763E
:100DC0002C4337430A986305E40AA0EB080000228D
:100DD000FD0A44EA47540A3002D500200146E9E7FB
:100DE000010510196941DDE9084500196941BDE8AF
:100DF000F04DA2E73A2800D2303820F02002412AF4
:100E000001D3A2F13700884201D34FF0FF30704781
:100E10000EB540F2334202920022CDE90022134681
:100E2000FFF79AFF03B000BD70B505460C460848B1
:100E30000560204600F00EF800BF05480068002855
:100E4000FBD100214FF0804001F0D1FB70BD0000CC
:100E5000DC0000203EB5044600214FF0804001F048
:100E6000C6FB00220121880701F029FC022C02D1D7
:100E70000B20019004E0012C02D142F6DF600190CA
:100E80000520ADF800000020ADF80800ADF8020024
:100E900069464FF0804001F065FC0121880701F0B0
:100EA000A3FB0121880701F093FB01221146900763
:100EB00001F005FC0121880701F099FB3EBD00BF50
:100EC000FEE72DE9F04305460E464FF6FF7448F263
:100ED000050817E015F8010B00F053FE814684EA7F
:100EE000092408270BE004F4004018B188EA440004
:100EF00084B203E04FF6FF7000EA44047F1E002F27
:100F0000F1D100BF301EA6F10106E3D1204600F06A
:100F100025FEBDE8F08300002DE9F04F2DED068B96
:100F200095B004460D464FF0000B00201290139030
:100F300014900F9010901190002606210FAA12AB6A
:100F4000CDE90032CDE9021064231A46052120467E
:100F500007F078FF0646052E7EDBBDF8481008191D
:100F600008F0D0FA0E90BDF84810091D081908F0D5
:100F7000BEFA0D90BDF84810891D081908F0B7FA9F
:100F80008146BDF84A10081908F0B1FA8246BDF84A
:100F90004A10C91C081908F0AAFA0746BDF84A10F9
:100FA000891D081908F0A3FA80469FED420A8DEDCD
:100FB0000C0ABDF8400000281DDDBDF840001028D7
:100FC00019DA00200690079008900990BDF840209B
:100FD000BDF84C00011906A8FFF7F2F806A805F0C5
:100FE000DBFDB0EE409AF0EE609A51EC190BFFF782
:100FF00059F90C9000BF9FED2F8ABDF842000028E0
:101000001EDDBDF8420010281ADA00200690079075
:1010100008900990BDF84220BDF84E00011906A8BD
:10102000FFF7CEF806A805F0B7FDB0EE409AF0EE57
:10103000609A51EC190BFFF735F908EE100A00BF62
:1010400000200A900B90BDF8440000280DDDBDF88B
:101050004400082809DA00E025E0BDF84420BDF886
:10106000500001190AA8FFF7ABF818EE100AFFF7B5
:1010700006F941EC190B0C98FFF701F941EC1A0B3A
:101080000AA808908DED069B8DED04ABCDE9009A82
:10109000CDE9027808A12846DDE90D3205F04EFDC4
:1010A0001FFA80FB00BF584615B0BDEC068BBDE8AB
:1010B000F08F0000000000002530346425303264D9
:1010C000253032642C253032643A253032643A259A
:1010D0003032642C252E32662C252E34662C257356
:1010E00000000000F0B5ADF2F44D05460E460020BC
:1010F000109011901290D5F805001090D5F80900C5
:10110000119000208DF848006C48006820B110A9AB
:101110006B48FFF780F898B16A48008801280FD122
:1011200010A96748FFF785F810A800F0FBFE664994
:10113000088008460088401C088000205F4908603D
:10114000614803885E4A61A1644805F0F7FC5E4887
:1011500003885B4A62A113A805F0F0FCB0A9002047
:1011600007F060FB044634B1214662A005F0D6FCCE
:101170000DF2F44DF0BD65A11DA807F03DFC04463D
:10118000052C0DD161A007F09AFA044694B12146CE
:1011900060A005F0C3FC0021084607F043FBE7E729
:1011A00044B1214661A005F0B9FC0021084607F0D2
:1011B00039FBDDE70122002113A807F06BF91222A9
:1011C00013A926A807F048FB0446002C67D13D4828
:1011D0000088012863D13948006880B91C2259A1D0
:1011E00009A8FEF7EDFF09A8FFF70EF807461CABAC
:1011F0003A4609A926A807F0C5FC044600BF26A860
:10120000299907F085F90446052E12DD402168462C
:10121000FEF7EFFF69462846FFF77EFE0746002FE0
:1012200006DD1CAB3A46694626A807F0ABFC04462F
:1012300000BF84B93CA001680F911CAB02220FA92A
:1012400026A807F09FFC044624B91F48018844A043
:1012500005F064FC00BF26A807F04AF917480068AB
:10126000401C1649086008460068B0F5967F01D317
:10127000002008600122114613A807F00BF904466C
:1012800044B9012213A926A807F0E6FA10B926A846
:1012900007F02EF90021084607F0C4FA68E70A486B
:1012A000018839A005F03AFC26A807F021F90021B1
:1012B000084607F0B7FA00BF5AE700001800002000
:1012C00022110020E2000020160000205325732D7B
:1012D000253033642E637376000000002B1100204C
:1012E0002F6373762F5325732D253033642E63734C
:1012F00076000000B9D2D4D8CEC4BCFECFB5CDB3F1
:10130000CAA7B0DC20282564290D0A002F63737654
:1013100000000000B4B4BDA8637376C4BFC2BCCAE9
:10132000A7B0DC20282564290D0A0000B4F2BFAA6A
:10133000637376C4BFC2BCCAA7B0DC202825642969
:101340000D0A0000446174652C54696D652C544F7E
:10135000432C436F6E64312C4E6F0D0A0000000069
:101360007061676531342E74302E7478743D222597
:101370003033642E637376CEC4BCFED0B4C8EBB3F6
:10138000C9B9A622FFFFFF007061676531342E7472
:10139000302E7478743D22253033642E637376CEFC
:1013A000C4BCFED0B4C8EBCAA7B0DC22FFFFFF006C
:1013B000F0B5ADF2CC4D05460E46002006900790E4
:1013C00008905E490870D5F805000690D5F8090028
:1013D000079000208DF820005948006820B106A928
:1013E0005848FEF718FF98B15748008801280FD1D8
:1013F00006A95448FEF71DFF06A800F049FE534910
:10140000088008460088401C088000204C4908607D
:101410004E4803884B4A4EA1514805F08FFB4B487C
:101420000388484A4FA109A805F088FBA6A9002017
:1014300007F0F8F9044634B121464FA005F06EFBE1
:101440000DF2CC4DF0BD52A113A807F0D5FA044619
:10145000052C0DD14EA007F032F9044694B1214677
:101460004DA005F05BFB0021084607F0DBF9E7E73C
:1014700044B121464EA005F051FB0021084607F07B
:10148000D1F9DDE7122209A91CA807F0E5F9044605
:10149000002C44D12C480088012840D128480068FD
:1014A00080B9182248A16846FEF78AFE6846FEF712
:1014B000ABFE074612AB3A4669461CA807F062FB32
:1014C000044600BF1CA81F9907F022F80446052E09
:1014D00006DD721F12AB691D1CA807F053FB044602
:1014E00084B932A00168059112AB022205A91CA89B
:1014F00007F048FB044624B91448018838A005F0D9
:101500000DFB00BF0E480068401C0D4908600846EE
:101510000068B0F5967F07D30020086004E00B4810
:10152000018839A005F0FAFA1CA806F0E1FF0021B5
:10153000084607F077F900BF82E70000100000209E
:101540000C000020001100200400002014000020E6
:101550005325732D253033642E74787400000000F9
:10156000091100202F7478742F5325732D253033E3
:10157000642E747874000000B9D2D4D8CEC4BCFEF6
:10158000CFB5CDB3CAA7B0DC20282564290D0A0049
:101590002F74787400000000B4B4BDA8747874C4CB
:1015A000BFC2BCCAA7B0DC20282564290D0A0000F0
:1015B000B4F2BFAA747874C4BFC2BCCAA7B0DC209E
:1015C000282564290D0A0000446174655E54696D24
:1015D000655E544F435E4464315E4E6F0D0A0000F9
:1015E0007061676531342E74302E7478743D222515
:1015F0003033642E747874CEC4BCFED0B4C8EBB360
:10160000C9B9A622FFFFFF007061676531342E74EF
:10161000302E7478743D22253033642E747874CE65
:10162000C4BCFED0B4C8EBCAA7B0DC22FFFFFF00E9
:101630000246094B9A4201D2084801E00648103898
:1016400001F000531BB1064B0B40C36002E0044B9A
:101650000B4083607047000010640240006002404D
:101660007D0F7D0F21B1026842F00102026003E0AC
:10167000026822F00102026070470000016821F058
:10168000010101600021016041608160C160016170
:10169000212141614A49884204D13D21484A103AFA
:1016A00091608CE046491831884205D14FF474614D
:1016B000434A103A916082E041493031884205D175
:1016C0004FF474113E4A103A916078E03C49483139
:1016D000884205D14FF07461394A103A91606EE04A
:1016E00037496031884204D13649354A103AD160D1
:1016F00065E033497831884204D13349304A103AA1
:10170000D1605CE02E499031884204D12F492C4AA7
:10171000103AD16053E02A49A831884205D14FF0F0
:101720003D51274A103AD16049E02949884204D105
:101730003D21274A083A116041E025491831884285
:1017400005D14FF47461224A083A116037E020490C
:101750003031884205D14FF474111D4A083A1160A6
:101760002DE01B494831884205D14FF07461184A79
:10177000083A116023E016496031884204D11149CA
:10178000134A121F11601AE011497831884204D1BE
:101790000D490F4A121F116011E00D499031884226
:1017A00004D10A490A4A121F116008E00849A83109
:1017B000884204D14FF03D51054A121F1160704715
:1017C000106002403D000020400F002000003D203E
:1017D00010640240014600200A6802F001020AB1CA
:1017E000012000E0002070470146486880B2704741
:1017F00030B503460A46002000240B4DAB4201D20F
:101800000A4901E00849103902F000550DB14C6851
:1018100000E00C68064D2C4004EA02050DB10120E1
:1018200000E0002030BD0000106402400060024073
:101830007D0F7D0F10B500220268134B1A40CC6853
:101840000B6823434C6923438C692343CC692343AE
:101850000C6A23434C6A23438C6A23434C6B234317
:101860008C6B23431A430260426922F00702D1E9DC
:101870000B3423431A4342610B6943604B68836016
:101880008B68C36010BD00003F801CF010B500F0F5
:1018900039FA00F023FE00F0E1FD10BD70B50546F9
:1018A0000C46FF2C16DA224629461148FEF788FC22
:1018B00000211048FFF7D6FE00BF0E48FFF78AFF51
:1018C0000028FAD121460B4800F018F801210948F8
:1018D000FFF7C8FE09E008490648FFF789FF20B175
:1018E00005490448FFF7A4FE00E0F4E700BF70BD1F
:1018F0002F210020A064024000002020416070479A
:101900007047000008B50F480F4B104A00210090A7
:101910000F4801F0BBFE13E00C490D4802F024FF14
:1019200000F042F90B480078012809D10A4804F078
:10193000A3FE002007490870FF210748FEF759FC65
:10194000EAE700008C00002060000020AC1F0020AF
:10195000001A0020E700002030200020F0B50A46E1
:1019600000210023002400BF3DE0012505FA01F31A
:10197000156805EA03049C4234D105684F0003262C
:10198000BE40B543056015794E00B5400668354345
:1019900005601579012D02D01579022D16D18568C3
:1019A0004F000326BE40B543856055794E00B540D3
:1019B000866835438560456801268E40B54345609D
:1019C000456896798E40B6B235434560C5684F008C
:1019D0000326BE40B543C560D5794E00B540C66804
:1019E0003543C560491C1029BFD3F0BDF0B50023B5
:1019F00000244D07ED0E02FA05F3CE1000F120058C
:101A000055F826504E07F70E0F26BE40B543CF10AF
:101A100000F1200646F82750CE1000F1200555F8B9
:101A2000265045EA0304CE1000F1200545F8264073
:101A3000F0BD418370470183704701464869806863
:101A400080B2704708B50146D1F8CC00006800901C
:101A50000098C0F3414008BD024602F29B30405C52
:101A60007047024602F5547050F82100704770B577
:101A700004460E4600250021C4F8101300BF0BE0F9
:101A8000002104F5457040F825103C3040F8251041
:101A90003C304155681CC5B20F2DF1DB0821A4F87C
:101AA000B2133146204603F04BFE204603F052FAB3
:101AB000204603F011F90121204603F0ADFE204637
:101AC00003F0A3F9204603F09EFA002070BD014602
:101AD000D1F81003704710B50446204603F00FFEFE
:101AE000002010BD70B504460D46002104F29B3065
:101AF0004155113000EB451041612946204603F065
:101B0000ADFC70BD09A100200BE00A56124B9A8073
:101B100000BF114A128802F04002002AF9D0421C8C
:101B2000D0B22A28F1D300BFFEE700000D0A456EAF
:101B300074657220486172644661756C745F4861B7
:101B40006E646C65722C2053797374656D204861E6
:101B50006C742E0D0A0000000010014010B5024602
:101B6000002000210AE001238B4013402BB1C1F17A
:101B70000F040123A3409BB21843491C1029F2DB38
:101B800010BD10B50246002000210AE001238B4061
:101B900013402BB1C1F107040123A340DBB218436A
:101BA000491C0829F2DB10BD10B50948007800B9BE
:101BB00010BD0848007800B1FAE700200449087019
:101BC0004FF400510448FFF736FF00BFF0E7000074
:101BD000F4000020F50000200010024010B54FF482
:101BE00000510548FFF725FF012004490870142023
:101BF0000349087010BD000000100240F4000020EE
:101C0000F50000201CB50121102000F099F84FF4D8
:101C10006040009001208DF8040003208DF805003D
:101C200069460948FFF79AFE4FF400510648FFF74E
:101C300002FF4FF480410448FFF7FDFE4FF40041DE
:101C40000148FFF7F8FE1CBD0010024000BFFEE790
:101C50007047000070B5002100230F22C4781CB328
:101C6000174C246804F4E064C4F5E064C4F307216D
:101C7000C1F10404E3B20A4144789C40E1B28478A3
:101C8000144021430C07210E0E4C05786155047851
:101C900004F01F050124AC4005786D11AD0005F17D
:101CA000E025C5F8004109E0047804F01F0501248F
:101CB000AC40054D0678761145F8264070BD000011
:101CC0000CED00E000E400E080E100E002490143A7
:101CD000024A1160704700000000FA050CED00E0B8
:101CE000024A0A400243024B1A60704780FFFF1FFE
:101CF00008ED00E010B5024802F09CFB10BD0000AA
:101D0000001A0020002004E00B4921F81000411CBB
:101D100088B2B0F57A7FF7DB002009E0C0F57A7170
:101D20008AB200F57A71044B23F81120411C88B265
:101D3000B0F57A7FF2DB7047A423002070470000E3
:101D400029B1064A12680243044B1A6004E0034AB0
:101D500012688243014B1A6070470000303802401D
:101D600029B1064A12680243044B1A6004E0034A90
:101D700012688243014B1A607047000040380240ED
:101D800029B1064A12680243044B1A6004E0034A70
:101D900012688243014B1A607047000020380240ED
:101DA00029B1064A12680243044B1A6004E0034A50
:101DB00012688243014B1A607047000044380240A9
:101DC00029B1064A12680243044B1A6004E0034A30
:101DD00012688243014B1A607047000024380240A9
:101DE000F0B5002100220024022500260223324FF4
:101DF0003F6807F00C0121B1042905D0082937D12B
:101E000005E02E4F076036E02D4F076033E02A4F84
:101E10003F1F3F68C7F38056274F3F1F3F6807F0BB
:101E20003F036EB1264FB7FBF3F7DFF88CC0ACF180
:101E3000040CDCF800C0CCF3881C07FB0CF40CE0AD
:101E40001E4FB7FBF3F7DFF870C0ACF1040CDCF801
:101E500000C0CCF3881C07FB0CF4174F3F1F3F68F2
:101E6000C7F301477F1C7D00B4FBF5F7076002E074
:101E7000124F076000BF00BF0F4F3F6807F0F0012F
:101E80000909104F7A5C0768D74047600A4F3F68DE
:101E900007F4E051890A0B4F7A5C4768D7408760A6
:101EA000054F3F6807F46041490B064F7A5C47686D
:101EB000D740C760F0BD0000083802400024F4009D
:101EC00000127A002D0000200FB410B5A2B025A892
:101ED0000190802102A8019B249A04F043FE04464D
:101EE00000200190002C03DD214602A800F004F838
:101EF00022B010BC5DF814FB10B50246002000BFF4
:101F00000AE0135C064CA38000BF054B1B8803F05E
:101F10004003002BF9D0401C8842F2D310BD0000D2
:101F2000001001402DE9F043ADF5297D80464FF0CA
:101F300000091CA9002006F075FC044644B12146A6
:101F40003DA004F0EBFD00200DF5297DBDE8F083F8
:101F50003FA113A806F050FD0446052C13D13CA068
:101F600006F0ADFB04464CB121463BA004F0D6FD83
:101F70000021084606F056FC0020E5E734A113A82E
:101F800006F03AFD0446CDF844D020201290002CF3
:101F900047D13BE09DF8340000F0100000B135E07F
:101FA0001198007808B1119801E00DF1350005464F
:101FB0002E212846FEF746F9074637B32CA13846AE
:101FC000FEF729F908BB287853281ED12846FEF7CA
:101FD0001BF90E2819D3687A2D2816D1D5F80100DF
:101FE0000890D5F80500099000208DF8280005F12B
:101FF0000A00FEF737F90646414608A8FEF70BF936
:1020000018B94E4501DD1FFA86F900BF0BA913A8C8
:1020100006F02EFD041E08D19DF835000028B9D128
:1020200003E0214614A004F079FD0021084606F0E3
:10203000F9FB484688E70000B9D2D4D8B4E6B4A288
:10204000C9E8B1B8CAA7B0DC20282564290A000075
:102050002F63737600000000B4B4BDA8637376C428
:10206000BFC2BCCAA7B0DC20282564290A00000032
:102070002E63737600000000B4F2BFAA637376C4C7
:10208000BFC2BCCAA7B0DC20282564290A00000012
:102090002DE9F043ADF5297D80464FF000091CA9DC
:1020A000002006F0BFFB044644B121463DA004F0E9
:1020B00035FD00200DF5297DBDE8F0833FA113A873
:1020C00006F09AFC0446052C13D13CA006F0F7FA62
:1020D00004464CB121463BA004F020FD00210846F7
:1020E00006F0A0FB0020E5E734A113A806F084FC6D
:1020F0000446CDF844D020201290002C47D13BE07C
:102100009DF8340000F0100000B135E0119800781F
:1021100008B1119801E00DF1350005462E21284641
:10212000FEF790F8074637B32CA13846FEF773F850
:1021300008BB287853281ED12846FEF765F80E28DC
:1021400019D3687A2D2816D1D5F801000890D5F852
:102150000500099000208DF8280005F10A00FEF71F
:1021600081F80646414608A8FEF755F818B94E45CD
:1021700001DD1FFA86F900BF0BA913A806F078FC51
:10218000041E08D19DF835000028B9D103E021468E
:1021900014A004F0C3FC0021084606F043FB4846A7
:1021A00088E70000B9D2D4D8B4E6B4A2C9E8B1B87F
:1021B000CAA7B0DC20282564290A00002F7478748F
:1021C00000000000B4B4BDA8747874C4BFC2BCCA17
:1021D000A7B0DC20282564290A0000002E7478743A
:1021E00000000000B4F2BFAA747874C4BFC2BCCAB5
:1021F000A7B0DC20282564290A00000070470000F1
:1022000010B5ADF5167D1148006810B90DF5167DB5
:1022100010BD0F4803880F4A0FA1684604F08EFCDA
:1022200009A9002006F0FEFA044624B121460FA0B9
:1022300004F074FCEAE701221146684606F02AF928
:102240000021084606F0EEFA00BFDFE71800002084
:1022500016000020221100202F6373762F53257360
:102260002D253033642E637376000000B9D2D4D8A4
:10227000CEC4BCFECFB5CDB3CAA7B0DC2028256440
:10228000290D0A000CB50020019000903448006828
:1022900040F480303249086000BF3148006800F4E3
:1022A000003000900198401C0190009818B90198E6
:1022B000B0F5A04FF1D12A48006800F4003010B109
:1022C0000120009001E0002000900098012846D1F4
:1022D00023484030006840F0805021494031086078
:1022E0002048006840F480401E4908601C480830BF
:1022F00000681B49083108600846006840F4004047
:1023000008600846006840F4A05008601648091F9D
:102310000860081F006840F08070091F086000BF57
:102320000F48006800F000700028F9D040F2056006
:102330000E4908600A480830006820F00300084988
:10234000083108600846006840F00200086000BFDD
:1023500003480830006800F00C000828F8D10CBDD4
:10236000003802400070004008544007003C024022
:1023700010B500F001F810BD10B51948006840B163
:1023800017480068401E1649086010B90120154919
:102390000870002408E004EB4401134A02EB8100BA
:1023A00005F0A3F8601CC4B2042CF4DB0F480068ED
:1023B000401C0E490860084600686FF000418842E2
:1023C00002D100200949086009480078401CC0B2C9
:1023D000074908700A2801DB0020087010BD0000C2
:1023E00020000020240000204411002028000020AC
:1023F0002C00002010B51548006840F47000134907
:1024000008601348006840F001001149086000208E
:102410000F49083108600E4800680E4908400C4911
:1024200008600D48091D0860081F006820F480201E
:10243000091F0860002006490C310860FFF722FFE1
:102440004FF0006001498039086010BD88ED00E060
:1024500000380240FFFFF6FE1030002400B58FB0B8
:1024600001218805FFF76CFC1948FFF707F900BF49
:102470001748FFF7AFF90028FAD14FF040600090FD
:102480001448019014480290402003904FF4FA60E1
:102490000490002005904FF4806006904000079063
:1024A000800008904011099000020A9000200B90D3
:1024B00003200C9000200D900E9069460448FFF711
:1024C000B9F901210248FFF7CDF80FB000BD0000B7
:1024D0007064024040000140A423002000B58BB08E
:1024E00001210846FFF75CFC01211020FFF728FCC2
:1024F0004FF48040099002208DF8280003208DF8C9
:10250000290000208DF82A0001208DF82B0009A950
:102510001F48FFF723FA01220E211D48FFF766FA34
:10252000A720ADF818000020ADF81A004FF4FA709B
:1025300007900020ADF820008DF8220006A915486C
:1025400000F010F96020ADF804000120ADF806009D
:10255000002003900220ADF8100001A90D4800F002
:10256000B7F808210B4800F0EFF80121094800F006
:102570002FF801221103074800F087F801210548D0
:1025800000F035F80121034800F070F80BB000BDF1
:10259000001002400000014010B502F073FB10BDB6
:1025A00010B50121084800F079F860B10121064812
:1025B00000F01AF805480078002804DD0348007888
:1025C000401E0249087010BD00040040F5000020C4
:1025D00021B1028842F08002028004E002884FF6B6
:1025E0007F731A4002807047CA430282704721B14C
:1025F000028842F00102028004E002884FF6FE7376
:102600001A400280704700001FB501210220FFF729
:10261000A7FB40F2E73002905320ADF80400002001
:10262000ADF80600ADF80C0001A90F4800F09AF8CB
:10263000012211460C4800F042F801210A48FFF738
:10264000D6FF4FF4A060FFF741FB1D208DF800007E
:1026500001208DF801008DF802008DF80300684616
:10266000FFF7F8FA1FBD00000004004031B1B0F8D8
:10267000442042F40042A0F8442005E0B0F8442091
:10268000C2F30E02A0F8442070471AB183890B43AD
:10269000838102E083898B438381704730B5024692
:1026A000002000230024158A05EA0103958905EA24
:1026B000010413B10CB1012000E0002030BD1AB1BB
:1026C00083890B43838102E083898B438381704735
:1026D00070B5002200230024058C4EF6FF763540AD
:1026E0000584038C8488828B48F6FF752A404FF658
:1026F000FF452A400D884FF6FF7606EA05252A4356
:102700004DF6FF752B408D8906EA05352B434D8824
:1027100006EA05352B430A4DA84202D0094DA842CE
:1027200008D14BF6FF752C400D8A4FF6FF7606EA6E
:1027300085152C43848082838D680564038470BD75
:1027400000000140000401400A460021818B4FF245
:10275000FF7319404FF6FF7303EA02231943818385
:102760007047000000220288184B98420ED0184B88
:1027700098420BD0B0F1804F08D0164B984205D04C
:10278000154B984202D0154B984204D14FF68F73E7
:102790001A404B881A43124B984207D0114B98426B
:1027A00004D04FF6FF431A400B891A4302804B684E
:1027B000C3620B880385054B984202D0044B9842B4
:1027C00001D18B7A03860123838270470000014088
:1027D000000401400004004000080040000C0040DC
:1027E000001000400014004000B589B00821080620
:1027F000FFF776FA4FF4A060FFF768FA25208DF80E
:10280000200001208DF8210000208DF822000120F9
:102810008DF8230008A8FFF71DFA01210920FFF712
:102820008FFA01211020FFF7BBFA294800F0B0F918
:1028300002A800F0D6FA684600F08EF902208DF862
:102840001C008DF81D0000208DF81E0001208DF861
:102850001F004002069006A91E48FFF77FF80722D6
:1028600009211C48FFF7C2F84FF48060069006A9C2
:102870001848FFF773F807220A211648FFF7B6F841
:102880006946134800F058F94FF4E13002900020F7
:10289000ADF80C00ADF80E00ADF81000ADF8140066
:1028A0000C20ADF8120002A9094800F027FA012215
:1028B00040F22551064800F0FCF940F22661044838
:1028C00000F02BF90121024800F04CF909B000BDDD
:1028D000001001400000024010B540F225511D4893
:1028E00000F0BDF950B31B4880881B491B4A126891
:1028F00088541A480068401C184908600846006857
:1029000002280FD308460068801E1349085C23285C
:1029100008D112480068401E085C2A2802D1012014
:102920000F4908700D480068642802D900200B493F
:10293000086040F22551074800F0EFF840F2277197
:10294000044800F08CF920B140F22771014800F0F2
:10295000E4F810BD0010014040230020F0000020EA
:10296000EC00002000B58FB001218805FFF7E8F9E1
:102970001848FEF783FE00BF1648FEF72BFF00281D
:10298000FAD14FF020600090134801901348029054
:1029900000200390FF200490002005904FF48060F9
:1029A000069000200790089009904FF480300A901C
:1029B00000200B9003200C9000200D900E90694693
:1029C0000448FEF737FF01210248FEF74BFE0FB027
:1029D00000BD0000286402400414014030200020A3
:1029E00000B58FB001218805FFF7AAF91848FEF756
:1029F00045FE00BF1648FEF7EDFE0028FAD14FF065
:102A000020600090134801901348029040200390EA
:102A1000FF200490002005904FF480600690002075
:102A20000790089009904FF480300A9000200B9096
:102A300003200C9000200D900E9069460448FEF78C
:102A4000F9FE01210248FEF70DFE0FB000BD0000A7
:102A5000A0640240041401402F21002010B540F270
:102A60002441234800F0FBF858B340F224412048A9
:102A700000F053F81E4800F0ABF900B21D49088081
:102A800000211D48FEF7EEFD1C491B48FEF7D0FD56
:102A90001948FEF7A9FEC0F1FF0000B215490880F1
:102AA0000846B0F90000002802DD01201449087032
:102AB000FF211148FEF722FF01210F48FEF7D2FD4A
:102AC00014E040F226610A4800F0C9F870B140F203
:102AD0002661074800F021F80A4907487830FEF7D8
:102AE000A7FD002104487830FEF708FF10BD000064
:102AF00000140140E800002028640240400F00104C
:102B0000E700002000003D2001F40072B2F5007FD4
:102B100000D100BFCA430280704710B500220023D5
:102B200040F66A14A14200D100BF0A120124944069
:102B3000A3B2DC43048010BD10B502460020108A09
:102B400020F470600B884C8823438C882343CC8806
:102B500023431843108210BD0021018041808180F1
:102B6000C180704721B1828942F40052828104E021
:102B700082894DF6FF731A40828170471AB1838AA9
:102B80000B43838202E0838A8B4383827047000079
:102B900010B504462548844208D101211020FFF7D2
:102BA0000FF900211020FFF70BF93EE02048844286
:102BB00009D101214804FFF7E3F800214FF4003068
:102BC000FFF7DEF831E01B48844209D10121880477
:102BD000FFF7D6F800214FF48020FFF7D1F824E06A
:102BE0001548844209D10121C804FFF7C9F8002122
:102BF0004FF40020FFF7C4F817E01048844209D1D1
:102C000001210805FFF7BCF800214FF48010FFF701
:102C1000B7F80AE00A48844207D101212020FFF7D3
:102C2000CFF800212020FFF7CBF810BD00100140A5
:102C30000044004000480040004C0040005000406C
:102C40000014014002460020B1F5007F00D100BF12
:102C500013880B400BB1012000E00020704770B5D5
:102C60000246002400230025002040F66A16B142E7
:102C700000D100BFC1F3421501F01F03012606FA7F
:102C800003F3012D02D19689334006E0022D02D1D3
:102C9000168A334001E0968A33400C12012606FA68
:102CA00004F41688344013B10CB1012000E0002078
:102CB00070BDF0B50346002400260025002040F634
:102CC0006A17B94200D100BF1846C1F3421401F09F
:102CD0001F06012707FA06F5012C01D10C3004E08C
:102CE000022C01D1103000E014301AB107682F43D4
:102CF000076002E00768AF430760F0BD2DE9FF47BA
:102D000005460E460024A14600BFA046B08900B18A
:102D100000BF2C8A24F44054F08804432C82AC89F0
:102D200041F20C608443B0883189084371890843BB
:102D30000443AC81AC8A24F44074B0890443AC826F
:102D40006846FFF74DF82048854202D01F4885426B
:102D500002D1DDF80C9001E0DDF80890A88900F4BC
:102D6000004040B109EBC90000EB0910316849008F
:102D7000B0FBF1F707E009EBC90000EB091031687F
:102D80008900B0FBF1F76420B7FBF0F004012009E3
:102D9000642101FB1078A88900F4004040B1322082
:102DA00000EBC800B0FBF1F000F00700044308E0BE
:102DB000322000EB08106421B0FBF1F000F00F00AE
:102DC00004432C81BDE8FF8700100140001401403E
:102DD00001468888C0F308007047C1F3080282806A
:102DE00070474FF41651016000218180C18001813C
:102DF0000C21418100218181704770B505460E4646
:102E0000284600F0BEF904464FF6FF70844205D014
:102E100046F4004105F28C5020F81410E0B270BD69
:102E20002DE9F04105460E4617461C46012105F5E1
:102E30006B7000EB4410817005F56B7000EB441073
:102E4000C66005F56B7000EB4410076105F56B700B
:102E500000EB4410007E30B9002105F56B7000EBEB
:102E60004410017205E0022105F56B7000EB44107F
:102E7000017221462846FEF735FE0020BDE8F081AC
:102E80002DE9F04105460E4617461C46002105F582
:102E90006B7000EB4410817005F56B7000EB441013
:102EA000C66005F56B7000EB4410076105F56B70AB
:102EB00000EB4410407E28B905F56B7000EB441020
:102EC000017205E0022105F56B7000EB4410017200
:102ED00021462846FEF706FE0020BDE8F0812DE9D8
:102EE000F04105460C4616461F4602212175012178
:102EF00061750021E1822683618306F080008028CD
:102F000005D105F56B7000EB4710017605E0002157
:102F100005F56B7000EB4710417600231A462146F9
:102F2000284600F02BF8BDE8F08101460122C1F8E7
:102F30001023002070472DE9F04105460E46174644
:102F40001C46012105F56B7000EB441081700221D5
:102F500005F56B7000EB4410017205F56B7000EB2A
:102F60004410C66005F56B7000EB44100761214604
:102F70002846FEF7B7FD0020BDE8F0812DE9F041BD
:102F800080460C4615461E460127E078012802D0EF
:102F9000022820D108E032462946204601F0D9FC1B
:102FA0000220E070012717E0207F0D2805D10120C5
:102FB000E0700021217700270CE0207F0B2803D14F
:102FC0000120E070022705E0207F0C2802D10120BB
:102FD000E070032700E000BF00BF3846BDE8F08185
:102FE0002DE9F04105460F4616461C46002105F521
:102FF0006B7000EB4410817005F56B7000EB4410B2
:10300000C76005F56B7000EB441006612EB9012115
:1030100005F56B7000EB4410417605F56B7000EB25
:103020004410407E30B9002105F56B7000EB441070
:10303000017205E0022105F56B7000EB441001728E
:1030400021462846FEF74EFD0020BDE8F08170B510
:1030500005460E461446002105F56B7000EB441042
:103060008170032105F56B7000EB4410017205F5CA
:103070006B7000EB4410C660082105F56B7000EB27
:103080004410016121462846FEF72CFDC0B270BDF8
:103090000246022106E0002302F28C5020F8113093
:1030A000481CC1B20829F6DB0020704770B5054600
:1030B0000C46002020706070A0700120E07001219B
:1030C00021774021A171002084F8200001212120D6
:1030D00001552179284600F023F86179284600F04F
:1030E0001FF8002070BD01460022C1F81023002007
:1030F000704770B504460D46052D01D0042D06D14C
:10310000D4F88010486C80470A20207007E0062D14
:1031100005D10A202070D4F880100868804770BD5F
:103120000246082909DA02F28C5030F81100C0F387
:103130000E0302F28C5020F81130002070472DE968
:10314000F04780460C4616461D46DDE9089746F0D6
:103150008001217506216175E58205F47F40B0F597
:10316000407F03D140F20941218301E00021218306
:1031700067833B464A4621464046FFF7FFFEBDE8CF
:10318000F0870246002100BF0AE002F28C5030F8BE
:10319000110000F4004008B908467047481CC1B24D
:1031A0000829F2DB4FF6FF70F7E710B502460B88EF
:1031B000147823440B801378981810BD2DE9FC4136
:1031C00004460D461646002704F588704FF4007338
:1031D00000222946CDE900062046FFF7B0FFB0F1F6
:1031E000000814D106E004F58870C05D0949C8558F
:1031F000781C87B2B742F6DB04F5887305F15002FC
:1032000005F13E0105F13400009601F0B5F94046A4
:10321000BDE8FC81001800202DE9FC4104460D4664
:10322000164604F588704FF4807300222946CDE9D4
:1032300000062046FFF783FF071E06D1324604F53D
:10324000887105F1220001F025FA3846BDE8FC81BD
:103250002DE9FC470446884615461E460A9F04F59C
:10326000887045F4407300224146CDE900072046AE
:10327000FFF765FFB0F1000905D13A46314604F584
:10328000887001F056FA4846BDE8FC872DE9F04108
:1032900006460C464FF0000800250021A174207F4F
:1032A0000C2876D2DFE800F0FD060F3D46657691EA
:1032B0009AC0D7ED627904F114013046FFF7C7FEDA
:1032C00002212177EEE061793046FEF7C5FB054625
:1032D000012D1FD1207D00F08007608B58B141F295
:1032E000883072490880802F02D1032121770CE0B9
:1032F0000521217709E032206C490880802F02D116
:103300000921217701E0072121773046FEF795FB5F
:10331000208205E0032D03D10B2121770521A17423
:10332000C0E02379A2893046A168FFF704FE04219A
:103330002177B7E021793046FEF78EFB0546012D57
:1033400001D109212177042D02D1607820700FE08E
:10335000032D02D10B2121770AE03046FEF76DFBE9
:10336000218A401A51490988884201D90B212177C5
:1033700098E00121627906F56B7000EB421041760E
:103380006379A2893046A168FFF72AFE06212177DA
:1033900088E086E061793046FEF75EFB0546012D48
:1033A00002D1072121770FE0042D04D1607820702D
:1033B0000C21217708E0022D02D10521217703E0BD
:1033C000032D01D10B2121776CE0237900221146D6
:1033D0003046FFF7B0FD0821217763E021793046C0
:1033E000FEF73AFB0546012D04D1607820700D21CF
:1033F000217718E0032D02D10B21217713E030460D
:10340000FEF71BFB218A401A28490988884202D905
:103410000B21217707E0042D05D16078207004216D
:10342000A1744FF003083DE0617906F56B7000EB85
:103430004110407E80F00101627906F56B7000EB6F
:10344000421041766379002211463046FFF7C8FDED
:103450000A21217726E061793046FEF7FDFA05461C
:10346000012D04D1607820700D21217708E0022D14
:1034700002D10921217703E0032D01D10B2121770E
:1034800010E0A07B401CC1B2A173022902DC012123
:10349000217705E00821A174607820704FF00208C0
:1034A00000E000BF00BF4046BDE8F081840000207E
:1034B00070B592B005460C460126A0780A287AD24B
:1034C000DFE800F00528375D667A97B4D1DB082283
:1034D00021462846FFF7A0FED8B994F82910A1711B
:1034E0002846FEF7F8FA0120A070A0790021CDE966
:1034F0000010617900231A46284600F069FFA07980
:103500000021CDE90010217900231A46284600F059
:103510005FFFB5E0122221462846FFF77DFE38B94D
:10352000D4F88000C16904F1220088470220A0700D
:10353000A6E001222146284601F0E5F9F0B9022073
:1035400001F0BCFB0120A41CA077D4F87E10086A0F
:10355000804703202070002000900190A27FA17876
:103560000346284600F034FF002000900190A27F1F
:10357000A41E61790346284600F02AFF80E0092254
:1035800021462846FFF71AFE08B90420A07077E00C
:10359000E28E21462846FFF711FE58B9D4F8800084
:1035A00004F1500204F13E01436A04F134009847EB
:1035B0000520A07064E062E094F8300088B1FF203C
:1035C000009094F8302002AB21462846FFF740FED9
:1035D00070B9D4F88000816A02A888470620A070DC
:1035E00006E0D4F88000816A27A088470620A070F2
:1035F00046E094F8310088B1FF20009094F8312023
:1036000002AB21462846FFF723FE70B9D4F88000AC
:10361000C16A02A888470720A07006E0D4F880009D
:10362000C16A19A088470720A07029E094F83200E9
:1036300088B1FF20009094F8322002AB2146284642
:10364000FFF706FE70B9D4F88000016B02A8884726
:103650000820A07006E0D4F88000016B0AA088471B
:103660000820A0700CE094F839202146284601F08B
:103670005DF908B90920A07002E0002600E000BF53
:1036800000BF304612B070BD4E2F41002DE9F04111
:1036900006460F4614461D46DDF81880304601F0F8
:1036A000AFFA002001F094FA21463046FFF7FEFC05
:1036B000E567C4F8808039463046FEF7D8F9D4F87B
:1036C000801008688047304601F084FABDE8F08138
:1036D00070B505460C4621212175FF216175002139
:1036E000E1822183618300231A4621462846FFF7A1
:1036F00045FC70BD2DE9F04105460E4614460127F4
:1037000014B1012C12D108E010480378C278314678
:103710002846FFF7E4FB074609E00C484378827827
:1037200031462846FFF7DBFB074600E000BF00BF3D
:1037300007480068401C06490860084600680428DD
:1037400000D904273846BDE8F0810000E4110020CC
:103750004000002010B5024600200023014C2370D9
:1037600010BD0000D41100202DE9F04105460F46A0
:10377000002601242846FEF7AAF920B3154801784F
:103780002846FEF76EF906460D2E01D002241CE0F5
:10379000114800681149884216D10F484068104905
:1037A0004968884211D10C48007B08B900240CE01C
:1037B0000948007B012801D1012406E00648007B6E
:1037C000022802D1022400E002240648C4732046E5
:1037D000BDE8F081E4110020C4110020555342538C
:1037E000A4110020D4110020012812D10D4909781C
:1037F000491C0C4A1170114609780A2905DA06217C
:10380000094A11700121D1700AE00A21064A11709B
:1038100006E0022803D10A21034A117000E000BF2C
:10382000704700005C000020D411002070B50546F0
:103830000C46A1212175FE2161750021E1822183C1
:10384000012161830123034A21462846FFF796FBA5
:1038500070BD0000EC1100202DE9F04781460F46B5
:103860003E46012403254FF000084846FEF72FF995
:10387000002878D05E4800780B2875D2DFE800F089
:10388000060D1E5566798A999E44B000484600F0A0
:103890005FFA012056490870A5E039464846FFF70F
:1038A00017FF044614B9022051490870032C04D1B3
:1038B00002204F4948700920087094E03946484674
:1038C000FFF7B4FF0446BCB94A48007A494981F879
:1038D0000802084690F8080200280ADD46480078E9
:1038E00038B9012044490870D6F88010086C804728
:1038F00079E003203E490870032C04D103203C49A1
:103900004870092008706EE07379002239464846F5
:10391000FFF7E5FA04463CB90020364981F8080271
:1039200033484078324908705DE0484600F086FC34
:1039300005463DB904202E49087000202F49087023
:10394000002402E02846FFF74FFF4CE0484600F015
:1039500097FB05464DB905202549087000202749E9
:103960000870002404E03FE03CE02846FFF73CFFFD
:1039700039E0484600F09CFA05463DB908201C494C
:10398000087000201D490870002402E02846FFF757
:103990002BFF28E0484600F0E1FB05462DB914480E
:1039A000407813490870002402E02846FFF71CFF06
:1039B00019E03946484600F023F814E0D6F88010A4
:1039C000C86B804700F0FF08B8F1000F03D1082052
:1039D0000749087003E0B8F1010F00D1062402E0A6
:1039E000042400E000BF00BF2046BDE8F0870000CF
:1039F000D4110020E4110020700000205C000020A1
:103A00002DE9F0478046894600244046FEF75FF8DE
:103A100000287DD0C548007909287AD2DFE800F077
:103A200079051251A3FDFCFBFA00C14843781F221F
:103A3000C0494046FFF724FA0120BC4948710220E2
:103A4000087170E1BA4841784046FEF705F804462F
:103A5000012C26D10020B84908600220B3494871E2
:103A6000B448007B00F08007B2488068A8B1B14834
:103A70008068B2490860AD488068B149086008466E
:103A80000068B0490860802F03D10320A74908715E
:103A900016E00420A549087112E00520A349087129
:103AA0000EE0022C04D1A1484079A049087107E03A
:103AB000042C05D10120A449087008209B490871F5
:103AC00031E19B4801784046FDF7C6FF0446012CD2
:103AD00003D09648407903283AD0002096490860E0
:103AE0000320924948719248808894490968884225
:103AF00019D28F4803788288914801684046FFF7C1
:103B00008FF98B4880888D490968081A8B4901E034
:103B10000AE107E108608648808889490968084405
:103B2000874908601EE08548006818B905207F496C
:103B3000087117E07E4803788048008882B2804888
:103B400001684046FFF76CF900207C49086009E0F5
:103B5000042C07D100207C490870072073490871A4
:103B600005204871DFE0724841784046FDF774FF58
:103B70000446012C3BD100206F49086004206B49AA
:103B800048716B48C0886D49096888421AD26848F4
:103B90004378C2886A4801684046FFF771F968486F
:103BA0000068684908606248C08865490968084437
:103BB000634908605E48C08860490968081A5F491F
:103BC000086042E05D48006818B90520574908714F
:103BD0003BE0574843785948008882B2584801680A
:103BE0004046FFF74DF90020544908602DE0022CB3
:103BF00021D15348006853490968884212D04C4883
:103C00004378C288C088DFF838C1DCF800C0ACEB6C
:103C1000000103E074E059E037E017E04046FFF7A9
:103C20002FF912E042484378C2884548016840466F
:103C3000FFF726F909E0042C07D10120424908705A
:103C400008203A490871052048716CE00520374981
:103C500048713E4888603F2088810D2604E000209E
:103C60003A498855701EC6B2002EF8D10020374957
:103C700008702F4803782D483F2281684046FFF79F
:103C8000CFF80620294908714DE0294801784046BF
:103C9000FDF7E2FE0446012C0FD100202649086002
:103CA00005202249487108468078087049464046F8
:103CB000FFF75AFD1D49C87307E0042C05D1002009
:103CC000214908700720194908712CE00022494653
:103CD0004046FFF70FFD054665B91B4800780228EE
:103CE00003D108201149087109E0104840790F49B3
:103CF000087104E0042D02D102200C49C87312E0BF
:103D0000012249464046FFF7F5FC054625B907481C
:103D100040790649087104E0042D02D102200349CC
:103D2000C87300E000BF00BFBDE8F087D4110020D9
:103D3000E4110020A41100204000002044000020D5
:103D4000480000204C00002050000020C41100203A
:103D500010B504462046FDF7BAFE48B107480849A9
:103D60000860084848600020487301200649C87070
:103D70000020064908600649087010BD55534243AB
:103D8000A411002050403020D41100204000002019
:103D90005C00002070B504460D461048407860B1C4
:103DA0000E484178204601F0FCF90C484178204645
:103DB000FFF7B6F90020094948700848007860B15B
:103DC00006480178204601F0ECF9044801782046C5
:103DD000FFF7A6F900200149087070BDE41100202A
:103DE0007CB506460D462C4694F84300082856D16B
:103DF00094F84500502852D194F8520000F0800009
:103E000038B194F852002949C870B4F85400888039
:103E100006E094F8520025498870B4F85400C88030
:103E200094F85A0000F0800038B194F85A001F4905
:103E3000C870B4F85C00888006E094F85A001B490A
:103E40008870B4F85C00C880184881783046FEF766
:103E5000D4FF164948700846C1783046FEF7CDFFBA
:103E6000124908700846C0880221CDE900102120BF
:103E7000035D94F820200D484178304600F02EFB79
:103E80000A4880880221CDE900102120035D94F8C2
:103E9000202006480178304600F020FB03E0D4F8EB
:103EA0008010086C804700207CBD0000E4110020D9
:103EB00070B5054603262846FDF709FE002855D0B3
:103EC0002B48C078012802D002284DD127E03F209E
:103ED00028498860802008730A208873264824496E
:103EE000886005208870102405E0002121480F30EB
:103EF0000155601EC4B2002CF7D11A201D49C873A9
:103F00003F211C484174C1740120194908710720E0
:103F100008700320C8730220C870032625E01448E7
:103F2000C07B80B91448807800F0800018B101206F
:103F30001249087302E000201049087301200C495F
:103F4000C87000260FE00A48C07B012803D1084949
:103F5000C870012607E00648C07B022803D1012073
:103F60000349C870022600E000BF00BF304670BDA4
:103F7000D4110020A411002000140020F013002010
:103F8000FFB581B007460E461D460320394908702B
:103F90003846FDF79CFD002867D03748C0780128D7
:103FA00002D002285FD139E034488560802033494F
:103FB00008730A20887330488660102405E00021C9
:103FC0002E480F300155601EC4B2002CF7D12820B6
:103FD0002A49C8739DF80F10284841749DF80E10A7
:103FE00081749DF80D10C1749DF80C100175C5F316
:103FF0004F2000909DF80110204881759DF8001019
:10400000C17501201C490871072008700320C8737E
:104010000220C87003201749087025E01648C07BAD
:1040200050B93846FDF753FD30B101201249C87030
:1040300000201049087015E00F48C07B012807D107
:104040003846FDF744FD18B101200B49C87009E05E
:104050000948C07B022805D101200749C870022009
:104060000449087000E000BF00BF0248007805B0B6
:10407000F0BD000071000020D4110020A411002028
:1040800070B5054603262846FDF721FD00285AD0C5
:104090002E48C078012802D0022852D123E00820FF
:1040A0002B498860802008730A2088732948274993
:1040B000886004208870102405E0002124480F3017
:1040C0000155601EC4B2002CF7D125202049C873C9
:1040D00001201E490871072008700320C8730220C0
:1040E000C87003262EE01948C07BC8B9194800786B
:1040F0001949C87017484078887016488078487009
:104100001448C078087013488179134841721148E7
:10411000C0791149087201200C49C87000260FE0CF
:104120000A48C07B012803D10849C870012607E06E
:104130000648C07B022803D101200449C87002262A
:1041400000E000BF00BF304670BD0000D411002069
:10415000A411002000140020F013002070B50546C3
:1041600003262846FDF7B3FC00285DD02F48C07811
:10417000012802D0022855D12BE03F202C4988602D
:10418000802008730A2088732A48284988600846D6
:104190008078487006208870102405E000212448AB
:1041A0000F300155601EC4B2002CF7D10320204906
:1041B000C87300211E4801743F21C17401201B49AE
:1041C0000871072008700320C8730220C8700326F6
:1041D00029E01648C07BA0B9164801781648C1717D
:1041E000144841781448817112488178124841710D
:1041F0001048C0781049087101200C49C870002689
:104200000FE00A48C07B012803D10849C870012685
:1042100007E00648C07B022803D101200349C8708B
:10422000022600E000BF00BF304670BDD411002060
:10423000A411002000140020F013002070B50546E2
:1042400003262846FDF743FC002846D02448C078C2
:10425000012802D002283ED124E0002021498860B4
:1042600008730620887320481D4988603F20888194
:1042700003208870102405E000211A480F300155F2
:10428000601EC4B2002CF7D100201649C87301206B
:1042900013490871072008700320C8730220C870F2
:1042A000032619E00E48C07B20B901200C49C870D4
:1042B00000260FE00A48C07B012803D10849C870D6
:1042C000012607E00648C07B022803D101200449EB
:1042D000C870022600E000BF00BF304670BD00007D
:1042E000D4110020A4110020C41100202DE9FF41A9
:1042F00082B007460E461D464FF003083846FDF7CC
:10430000E6FB00285BD03048C078012802D00228A4
:1043100053D138E02D48856000202C4908730A20CD
:10432000887329488660102405E0002127480F3053
:104330000155601EC4B2002CF7D12A202349C8734E
:104340009DF81310214841749DF8121081749DF856
:104350001110C1749DF810100175C5F34F20019024
:104360009DF80510194881759DF80410C17501204C
:1043700015490871072008700320C8730220C8700F
:104380004FF003081AE01048C07B28B901200E49FD
:10439000C8704FF000080FE00B48C07B012802D125
:1043A0000949C87008E00848C07B022804D10120F0
:1043B0000549C8704FF0020800E000BF00BF40464A
:1043C00006B0BDE8F0810000D4110020A411002047
:1043D0002DE9F04704460D4617461E46DDE90898CC
:1043E00027B104F56B7000EB4510077004F56B7096
:1043F00000EB4510C088404508D0B8F1000F05D04B
:1044000004F56B7000EB4510A0F8068004F56B70A6
:1044100000EB4510C078B04205D026B104F56B70B2
:1044200000EB4510C6702946204600F0FBFE002038
:10443000BDE8F08738B505460024002000902846E6
:1044400001F01BF9002847D0284601F020F9009020
:10445000009808B9002038BD0098C0F3C00018B11A
:10446000284602F0D3F804430098C0F3001018B1B6
:10447000284602F018F804430098C0F3401018B121
:10448000284601F052FE04430098C0F3806018B142
:10449000284601F071FF04430098C0F3406018B152
:1044A000284601F01AFA04430098C0F3006018B1DE
:1044B000284601F0D1FE04430098C0F3407018B1C3
:1044C000284601F0D1F904430098C0F3405018B1D8
:1044D000284601F0DFF904432046BCE72DE9F04708
:1044E00004460D4617461E46DDE9088904F28C5045
:1044F00010F8150000F07F0104F56B7000EB45101B
:10450000417004F28C5010F81500C0F3C01104F58E
:104510006B7000EB4510817004F56B7000EB45107B
:10452000077004F56B7000EB451080F8058004F50A
:104530006B7000EB4510A0F8069004F56B7000EB73
:104540004510C670002104F56B7000EB4510017634
:1045500004F56B7000EB451041762EB9012104F58E
:104560006B7000EB451001712946204600F05AFEA1
:104570000020BDE8F08700002DE9F04F85B0064629
:10458000894692461D462C460027B84600BF28782B
:10459000307068787070A978E87801EB002070803E
:1045A0002879307168797071A879B071E879F07103
:1045B000287A30720E98092864DD0920009030793D
:1045C00002285ADCBB4653E069462046FEF7EDFD63
:1045D0000446607804284BD1A07847B207EBC700A7
:1045E00000EB090BE078032842DA214602A800F02C
:1045F0008DF84FF000089DF80C00022838DC32E0FE
:1046000069462046FEF7D1FD0446607805282AD188
:104610000AEB071000EBC80001901C480078B84274
:1046200006D01A490F7002A9584600F06FF80CE046
:104630002179607901EB002015490988884200DA68
:1046400015E002A9584600F061F82146019800F0F3
:104650004DF82179607901EB00200D49088008F1BF
:1046600001004FFA80F89DF80C004045C8DC00BFFF
:104670007088BDF800108842A6DC0020044908803C
:104680000249087005B0BDE8F08F000088000020E6
:104690008600002010B50B7803704B7843708C783F
:1046A000CB7804EB032343800B7903714B7943717F
:1046B0008B798371CB79C371082A16DD0C7A4B7A1A
:1046C00004EB032303818C7ACB7A04EB032343812D
:1046D0000C7B4B7B04EB032383818B7B8373CB7B32
:1046E000C3730B7C03744B7C437410BD0A78027057
:1046F0004A7842708A788270CA78C2700B794A7997
:1047000003EB022282808A79827170470A780270F4
:104710004A7842708A788270CA78C2700A790271C7
:104720004A7942718A798271CA79C2710A7A0272AF
:10473000704730B513464578032D14D10578AD1E6A
:104740009D4202DC0578AD1E00E01D46ACB2801C27
:10475000002204E0855C0D70491C951CAAB2A2429F
:10476000F8DB00250D7030BD3EB505460C46022035
:1047700002902846FDF7ABF930B9207820B12078B7
:10478000022801D00220207020780B2875D2DFE8A3
:1047900000F006109CB44D687B87598C8D0028462C
:1047A000FDF795F920B101202070642000F086FA11
:1047B000A4E0D4F880108868804700212846FEF7DE
:1047C0001CFB607180212846FEF717FB20712846EC
:1047D000FDF781F948BBD4F88010C86880472846A7
:1047E000FDF730F9C1B221200155042020702122AB
:1047F000105DD4F8802091698847A0790021CDE927
:1048000000102120035D94F8202021792846FFF72D
:1048100065FEA0790021CDE900102120035D94F808
:10482000202061792846FFF759FE67E02146284697
:10483000FEF73EFE28B9D4F88010486B8047082068
:1048400020705BE0D4F88010886B8047012807D186
:10485000E06F214602682846904708B9052020707D
:104860004CE0E06F214682682846904702909DF810
:10487000080018B90620207005E03EE09DF80810F9
:104880002046FEF736FC39E0E06F2146C268284634
:10489000904702909DF808102046FEF72AFC2DE074
:1048A00021462846FEF7F2FC28E027E0214628466C
:1048B000FEF7FCFBD4F8801048688047E06F04F1F5
:1048C000200142682846904718E0D4F88010086913
:1048D000804721462846FEF7E9FBD4F88010486857
:1048E0008047E06F04F1200142682846904728463F
:1048F000FEF7CEFB0020207000E000BF00BF3EBDF1
:1049000001460020704770B506460C46154600214A
:10491000217505216175E5820021218361830023D2
:104920001A4621463046FEF729FB70BD70B5064693
:104930000C4615460021217509216175E58200218B
:104940002183618300231A4621463046FEF716FB79
:1049500070BD10B50346187858700720187099601C
:104960009A8101241C77002010BD00002DE9F04140
:1049700006460C46174625466879082803D106489E
:1049800002F0CCF805E06879032802D1034802F070
:10499000C5F8BDE8F08100007D4803089F48030882
:1049A0007047704710B5024802F0B8F810BD00001B
:1049B000C747030810B5024802F0B0F810BD000068
:1049C000DC47030810B502A002F0A8F810BD0000F3
:1049D0003E20446576696365206E6F742073757040
:1049E000706F727465642E0D0A00000010B50446E5
:1049F0001CB90A4802F092F80EE0012C03D10848D5
:104A000002F08CF808E0022C03D1064802F086F888
:104A100002E0054802F082F810BD00000F480308CC
:104A20002E4803084D4803086B48030870B5044638
:104A30002546298903A002F071F8698905A002F0D2
:104A40006DF870BD3E20564944203A202530345838
:104A5000680D0A003E20504944203A202530345841
:104A6000680D0A0010B5024802F058F810BD0000A9
:104A7000F447030810B50848007858B901200649E2
:104A8000087006A002F04AF80AA002F047F811A048
:104A900002F044F810BD0000D40000203E20555321
:104AA00042204F5447204853204D534320486F73B2
:104AB000740D0A003E2055534220486F7374206CD9
:104AC00069627261727920737461727465642E0D0B
:104AD0000A000000202020202055534220486F73F8
:104AE00074204C6962726172792076322E312E30D8
:104AF0000D0A00000020704710B50446214602A0B0
:104B000002F00CF810BD00003E204D616E7566612C
:104B1000637475726572203A202573720D0A000065
:104B200010B502A001F0FAFF10BD00003E204F7644
:104B3000657263757272656E742064657465637402
:104B400065642E0D0A00000010B50446214602A03F
:104B500001F0E4FF10BD00003E2050726F647563E9
:104B600074203A2025730D0A0000000010B502A041
:104B700001F0D4FF10BD00003E20555342485F5560
:104B800053525F5265736574446576696365200DA1
:104B90000A00000010B50446214602A001F0BEFF45
:104BA00010BD00003E2053657269616C204E756D2A
:104BB000626572203A2025730D0A000010B5024884
:104BC00001F0ACFF10BD0000374903080120704719
:104BD0007047704738B504464FF4C060FDF776F86B
:104BE0004D208DF8000001208DF8010000208DF887
:104BF000020001208DF803006846FDF72BF838BD50
:104C00001CB5044601210220FDF79AF84FF44040FC
:104C1000009003208DF8050002208DF804006946FD
:104C20000948FCF79BFE0C220E210748FCF7DEFE2C
:104C30000C220F210448FCF7D9FE01214807FDF79B
:104C40007FF800F003F81CBD0004024008B5002105
:104C50004FF00060FDF744F84FF4A060FDF736F820
:104C60001C208DF8000001208DF801008DF8020055
:104C70008DF803006846FCF7EDFF01210846FDF7BB
:104C80006FF808BD10B501218807FDF707FD88B151
:104C900001218807FDF7A8FC0748006828B10648ED
:104CA0000068401E0449086004E000214FF0804085
:104CB000FDF79DFC10BD0000DC00002010B504468F
:104CC00001212046FCF7B0F810BD10B504460221C2
:104CD0002046FCF7A9F810BD3EB50446002500208B
:104CE000029001900090207A012843D1E068806B07
:104CF0000190019820F480300190607A28B10198E9
:104D000020F4801000F5801001900198E16888631C
:104D100000200290E068C0680290029820F04000F5
:104D20000290029820F4801000F580100290029802
:104D300020F480000290029820F400300290029843
:104D400020F4002002900298E168C860204600F03C
:104D5000C9F8E078012843D1009820F01E000A30FD
:104D60000090009820F02000203000900098E1682A
:104D7000886035E0E068C0680290029820F040004A
:104D8000403002900298E168C860204600F0AAF81E
:104D900000200190019820F4803000F580300190CF
:104DA000019820F4802000F580200190019820F4E3
:104DB000002000F500200190019820F4001000F57B
:104DC00000100190607A28B1019820F4801000F55D
:104DD000801001900198E16888631420FFF76EFF4E
:104DE000E07801280FD1E06880680090009820F0FA
:104DF0001E000A300090009820F020002030009023
:104E00000098E168886028463EBDFEB5044600264D
:104E1000002500200290019000902046FFF7D8FE68
:104E20000021D4F80C010160207A012803D120462A
:104E300000F00FFC03E00121204600F00AFC2046B0
:104E400000F05DFC606900680090009820F00400AC
:104E50000090009960690160E07A00BB4FF4007037
:104E6000E168486202986FF30F0000F5007002904D
:104E7000029880B200F1807002900298E168886226
:104E800001986FF30F0000F540700190019880B217
:104E900000F1807001900198E168C1F800011021D3
:104EA000204600F021F9204600F0F8F800250DE03A
:104EB0004FF0FF3104F1900050F82500816000218F
:104EC00004F1900050F82500C1606D1C2078A842C4
:104ED000EED80121204600F04EF8204600F0A4F85C
:104EE0003046FEBDF8B5044600260025002000909F
:104EF00000BF0320FFF7E9FEE06800690090681C2E
:104F000005461349884201D90020F8BD0098C00F1A
:104F10000028EED00025009820F00100401C0090F1
:104F20000098E168086100BFE06800690090681CB3
:104F300005460749884200D904E0009800F00100C6
:104F40000028F1D100BF0320FFF7BFFE3046DCE7A9
:104F5000400D030008B50146002000220092009A8F
:104F600022F00102521C0092CA689268009B9A4388
:104F7000CB689A6008BD38B505460C460020009005
:104F800021462846FFF725FE284600F088FB0090C2
:104F90000098C0F3003058B9012C09D1009820F4D2
:104FA000805000F5805000900099D5F8CC00016049
:104FB0000098C0F3003040B13CB9009820F4805014
:104FC00000900099D5F8CC000160C820FFF776FE6C
:104FD00038BD08B500210091491EC26851606FF0CC
:104FE0008041C2685161009921F0004101F1004106
:104FF0000091009921F4006101F500610091009990
:10500000C268916108BD08B50146002000220092E7
:10501000009A22F00102521C0092CA689268009B1A
:105020001A43CB689A6008BD38B5044600250020B5
:105030000090E1688861401EE16848612046FFF702
:10504000C8FFE07820B9009820F0100010300090E0
:10505000009820F0807000F180700090009820F09F
:10506000007000F100700090009820F0005000F1F6
:1050700000500090009820F0080008300090009840
:1050800020F4001000F500100090E068806900999D
:1050900088430843E1688861284638BDF8B504466E
:1050A0000025002600200090009820F0100010300D
:1050B00000900098E168086100BFE0680069009016
:1050C000701C06460749884200D904E00098C0F3E6
:1050D00000100028F1D100BF0320FFF7F6FD28469D
:1050E000F8BD0000400D0300F8B504460D4600264B
:1050F000002700200090009820F020002030009031
:10510000009865F38A1000900098E168086100BF7C
:10511000E06800690090781C07460749884200D97A
:1051200004E00098C0F340100028F1D100BF032034
:10513000FFF7CBFD3046F8BD400D03000146C868BF
:10514000406900F0010070471CB5024600200023B2
:105150000093009B23F0004303F1004300930124DC
:10516000009B64F3DC43009302F1900353F8213079
:10517000009C1C6102F1900353F821301B680193DD
:10518000019B23F0004303F100430193019B23F0B3
:105190008043019302F1900353F82130019C1C607D
:1051A0001CBD10B586B00246002000230393019376
:1051B00002F1900353F821301B680093009B23F009
:1051C000004303F100430093009B23F0804303F16D
:1051D00080430093009BC3F3814323B1009BC3F33F
:1051E0008143022B0BD1D368DB6A0393039BC3F388
:1051F00007437BB9009B23F0004300930AE0536907
:105200001B690193019BC3F307431BB9009B23F068
:105210000043009302F1900353F82130009C1C607E
:1052200006B010BD3FB502460020002300240294C2
:1052300003940194441E009402F1900454F8214018
:10524000009DA56000240394D478012C04D1039C14
:1052500024F00404241D039402F56B7404EB411440
:10526000647934B1012C6AD0022C03D0032C38D1DC
:1052700038E000BF039C24F00104641C0394039CE9
:1052800024F0080408340394039C24F08004803440
:105290000394039C24F4806404F580640394039CC9
:1052A00024F010041034039402F56B7404EB4114E1
:1052B000A47834B1039C24F4807404F580740394BE
:1052C0000FE0039C24F040044034039402F56B7417
:1052D00004EB4114247924B1039C24F020042034ED
:1052E00003944EE0039C24F00104641C0394039C8B
:1052F00024F0100410340394039C24F008040834B0
:105300000394039C24F0800480340394039C24F4CD
:10531000806404F580640394039C24F4007404F511
:105320000074039402F56B7404EB4114A4782CB15F
:10533000039C24F4807404F58074039421E0039C9E
:1053400024F00104641C0394039C24F4007404F509
:1053500000740394039C24F020042034039402F589
:105360006B7404EB4114A47854B1039C24F08004C2
:1053700080340394039C24F4807404F580740394B3
:1053800000BF00BF02F1900454F82140039DE56086
:10539000012404FA01F35469A4691C435569AC6102
:1053A000029C24F0007404F100740294D468A4698F
:1053B000029D2C43D568AC610024019402F56B7406
:1053C00004EB41142578019C65F39C54019402F58B
:1053D0006B7404EB41146578019C65F3CE24019451
:1053E00002F56B7404EB4114A578019C65F3CF348E
:1053F000019402F56B7404EB4114E478022C01D1A2
:10540000012500E00025019C65F35144019402F55B
:105410006B7404EB41146579019C65F3934401942A
:1054200002F56B7404EB4114E588019C65F30A04F2
:10543000019402F56B7404EB41146479032C05D1DB
:10544000019C24F0005404F10054019402F19004F2
:1054500054F82140019D256004B030BD2DE9F04392
:1054600088B004460D464FF00009C8464FF48077D7
:10547000002006900790009004F56B7000EB45103B
:10548000006910B304F56B7000EB4510016904F579
:105490006B7000EB4510C0880144491E04F56B7029
:1054A00000EB4510C088B1FBF0F086B2BE420DDDC6
:1054B0003E4604F56B7000EB4510C188714304F55E
:1054C0006B7000EB4510016100E0012604F56B7084
:1054D00000EB4510807850B104F56B7000EB45107F
:1054E000C188714304F56B7000EB4510016104F550
:1054F0006B7000EB45100169069861F3120006908D
:10550000069866F3DC40069004F56B7000EB4510DE
:10551000017A069861F35E70069004F1900050F8ED
:10552000250006990161E078012809D104F56B7026
:1055300000EB4510C16804F1900050F8250041616E
:1055400004F1900050F8250000680790204600F014
:105550008CF8079960F35D710791079820F000407F
:1055600000F100400790079820F08040079004F178
:10557000900050F8250007990160E078002864D178
:1055800004F56B7000EB4510807800285DD104F5C0
:105590006B7000EB45100069002856D004F56B7065
:1055A00000EB4510407930B1012821D0022803D00A
:1055B000032839D11BE000BFE068C06A039004F5FE
:1055C0006B7000EB45100069C01CC0F38F08039896
:1055D00080B240450ADA009820F020002030009088
:1055E000E068806900990843E16888611DE000BFB8
:1055F00060690069019004F56B7000EB451000696B
:10560000C01CC0F38F08019880B240450BDA0098A7
:1056100020F0806000F180600090E068806900996F
:105620000843E168886100E000BF00BF04F56B70CB
:1056300000EB4510008A83B204F56B7000EB451057
:105640002A46C168204600F0F7FF484608B0BDE88A
:10565000F08308B5426912680092009A61F3010272
:105660000092009B4269136008BD0146486980684A
:1056700000F0010080F00100704700B502461046BE
:10568000FFF75CFD012800D100BD0020FCE70146CA
:105690000020CA685069CA6892691040704708B50E
:1056A0000146D1F8CC0000680090009820F004007A
:1056B0000090009820F002000090009820F0080070
:1056C0000090009820F020000090009808BD01464E
:1056D000486940697047F0B503460024D01CC717DD
:1056E00000EB9777BD10D3F8D06000BF03E03068BF
:1056F0000860641C091DAC42F9D30846F0BD38B5FA
:1057000004462046FFF7CBFF0090009820F48070FD
:1057100000F5807000900099D4F8CC0001600A2058
:10572000FFF7CCFA009820F4807000900099D4F82C
:10573000CC0001601420FFF7C1FA012038BD000041
:1057400070B502460C46002300200025D5700125C7
:10575000957040259580012C0CD14FF0A043012578
:10576000D57208251570042555709D15D580022524
:1057700015720EE06CB9274B0025D5720C251570FB
:10578000062555704FF4A065D580022515720125B8
:10579000D570D36003F500651561002110E003F5B5
:1057A000106505EB411602F1180545F8216003F577
:1057B000306505EB411602F1540545F82160491C9E
:1057C00055788D42EBD803F5806555614035C2F8B8
:1057D000CC50002108E003F5A06505EB411602F16D
:1057E000900545F82160491C15788D42F3D80021B9
:1057F00008E003F5805505EB013602F1D00545F8C8
:105800002160491C15788D42F3D803F56065C2F814
:105810000C5170BD00000440F8B504460D4600264A
:10582000E068C0680090009820F000500090009858
:1058300020F080400090012D06D1009820F000500B
:1058400000F10050009006E02DB9009820F0804053
:1058500000F1804000900098E168C8603220FFF7B6
:105860002DFA3046F8BD000038B5044600200090FF
:1058700007480068816820468847009820F000505B
:1058800000F1005000900098E1684861012038BDA7
:10589000800000200CB50146D1F89000006800900F
:1058A000009820F0004000F100400090009820F0A7
:1058B000804000F180400090009AD1F89000026092
:1058C00000200190019820F4001000F500100190D4
:1058D0000198CA68506101200CBD7CB505460024C2
:1058E00000262846FFF7F3FE019000BF1BE0019859
:1058F00080B20121A1400840A0B105F1900050F80C
:105900002400006800900098C0F3C03028B1214600
:10591000284600F00DF8064304E02146284600F032
:105920001CFA0643641C2878A042E0D830467CBDAF
:1059300070B586B005460C4605F1900050F824601D
:10594000B0680590F0680490DDE904100840059007
:1059500005F1900050F824000068039000200490A6
:105960000598C0F38000D0B100200190019820F08C
:105970000400001D01900198B06005F1900050F8FE
:105980002400C0680190019820F00200801C019062
:1059900005F1900050F824000199C16073E005986A
:1059A000C0F3401048B100200190019820F0200081
:1059B000203001900198B06065E00598C0F3C00008
:1059C00078B305F1900050F82400C0680190019868
:1059D00020F00200801C019005F1900050F8240096
:1059E0000199C160052105F5637001550020019002
:1059F000019820F01000103001900198B060002054
:105A00000190019820F00800083001900198B060E2
:105A1000059820F010000590E1B22846FFF7C1FB81
:105A200031E0FFE70598C0F3802060B305F19000F6
:105A300050F82400C0680190019820F00200801CFA
:105A4000019005F1900050F824000199C160E1B285
:105A50002846FFF7A6FB00200190019820F01000D7
:105A6000103001900198B060082105F56370015570
:105A700000200190019820F4806000F58060019082
:105A80000198B06000BF0598C0F34020F8B105F15F
:105A9000900050F82400C0680190019820F00200A6
:105AA000801C019005F1900050F824000199C1601C
:105AB000E1B22846FFF775FB00200190019820F421
:105AC000007000F5007001900198B06042E1059807
:105AD00000F00100002871D0E878012812D105F10A
:105AE000900050F824000069029005F56B7000EBFF
:105AF000441000690299C1F31201411A05F554706E
:105B000040F82410012105F5637001550021783813
:105B100040F8241000200190019820F00100401C62
:105B200001900198B0600398C0F3814020B10398C0
:105B3000C0F3814002282AD105F1900050F82400DA
:105B4000C0680190019820F00200801C019005F1CE
:105B5000900050F824000199C160E1B22846FFF797
:105B600020FB00200190019820F0100010300190DF
:105B70000198B06005F56B7000EB4410007E80F07A
:105B8000010105F56B7000EB44100176E2E003982B
:105B9000C0F38140032899D1039820F0005000F110
:105BA0000050039005F1900050F824000399016023
:105BB000012105F29B300155CCE0FFE70598C0F3C9
:105BC0004000002851D005F1900050F82400C06832
:105BD0000190019820F00200019005F1900050F82A
:105BE00024000199C16005F56370005D012804D1AE
:105BF000012105F29B3001552DE005F56370005D34
:105C0000052804D1042105F29B30015523E005F558
:105C10006370005D062804D005F56370005D0828F8
:105C200008D1002105F5457040F824100321873084
:105C3000015510E00398C0F3814003280BD105F50E
:105C40006B7000EB4410007E80F0010105F56B7075
:105C500000EB4410017600200190019820F0020032
:105C6000801C01900198B06074E00598C0F3C010EA
:105C700040B305F1900050F82400C06801900198ED
:105C800020F00200801C019005F1900050F82400E3
:105C90000199C16005F5457050F82410491C40F881
:105CA0002410062178300155E1B22846FFF779FA31
:105CB00000200190019820F0800080300190019830
:105CC000B06047E00598C0F30010E8B30398C0F354
:105CD0008140032815D105F1900050F82400C068D8
:105CE0000190019820F00200801C019005F19000C5
:105CF00050F824000199C160E1B22846FFF751FA3B
:105D000018E00398C0F3814020B10398C0F38140AC
:105D100002280FD1039820F0004000F100400390CA
:105D2000039820F08040039005F1900050F8240083
:105D300003990160032105F563700155002001906E
:105D4000019820F0100000E004E01030019001986C
:105D5000B06000BF012006B070BD7FB505460C469F
:105D600005F1900050F82460B0680390F06802904C
:105D7000DDE902100840039005F1900050F824007E
:105D8000006801900398C0F38000D0B1002000901B
:105D9000009820F00400001D00900098B06005F10C
:105DA000900050F82400C0680090009820F0020095
:105DB000801C009005F1900050F824000099C1600B
:105DC000B0E10398C0F3401048B100200090009863
:105DD00020F02000203000900098B060A2E10398ED
:105DE000C0F34020F8B105F1900050F82400C068DD
:105DF0000090009820F00200801C009005F19000B7
:105E000050F824000099C160E1B22846FFF7C9F9B3
:105E100000200090009820F4007000F500700090C1
:105E20000098B0607EE1039800F0010038B30021D3
:105E300005F5457040F8241005F1900050F8240055
:105E4000C0680090009820F00200801C009005F1CE
:105E5000900050F824000099C160E1B22846FFF795
:105E6000A0F900200090009820F00100401C009054
:105E70000098B060012105F56370015552E1039867
:105E8000C0F3C00010B300200090009820F008007C
:105E9000083000900098B06005F1900050F82400A0
:105EA000C0680090009820F00200801C009005F16E
:105EB000900050F824000099C160E1B22846FFF735
:105EC00070F9052105F5637001552BE10398C0F3C6
:105ED000001038B3002105F5457040F8241005F195
:105EE000900050F82400C0680090009820F0020054
:105EF000801C009005F1900050F824000099C160CA
:105F0000E1B22846FFF74DF900200090009820F0FC
:105F10001000103000900098B060032105F5637008
:105F20000155FFE00398C0F3C01040B305F19000A5
:105F300050F82400C0680090009820F00200801CF7
:105F4000009005F1900050F824000099C160E1B282
:105F50002846FFF726F905F5457050F82410491C2E
:105F600040F8241006217830015500200090009858
:105F700020F08000803000900098B060D2E003985C
:105F8000C0F3801038B3002105F5457040F82410A7
:105F900005F1900050F82400C0680090009820F0AF
:105FA0000200801C009005F1900050F82400009938
:105FB000C160E1B22846FFF7F4F800200090009895
:105FC00020F04000403000900098B060042105F5BA
:105FD00063700155A6E00398C0F3802060B305F11B
:105FE000900050F82400C0680090009820F0020053
:105FF000801C009005F1900050F824000099C160C9
:10600000E1B22846FFF7CDF800200090009820F07C
:106010001000103000900098B060082105F5637002
:10602000015500200090009820F4806000F5806009
:1060300000900098B06075E00398C0F3400000281D
:1060400070D005F1900050F82400C06800900098CE
:1060500020F00200009005F1900050F82400009913
:10606000C16005F56370005D012815D1012105F2BD
:106070009B3001550198C0F38140022848D105F5B5
:106080006B7000EB4410407E80F0010105F56B70F1
:1060900000EB441041763BE005F56370005D03289A
:1060A00004D1022105F29B30015531E005F5637002
:1060B000005D04280FD105F56B7000EB44100079EA
:1060C000012803D1E1B22846FFF73EF8022105F28C
:1060D0009B3001551CE005F56370005D052804D177
:1060E000042105F29B30015512E005F56370005D57
:1060F00006280DD105F5457050F82400032807D176
:10610000032105F29B3001550021873840F8241007
:1061100000200090009820F00200801C0090009861
:10612000B06000BF012004B070BD7FB50446E068D8
:10613000C06A00900198C0F3C30104F56B7000EBD6
:1061400041100069C01CC0F38F0673E04FF6FF7169
:10615000009801EA80050198C0F3C30104F56B7053
:1061600000EB41100069A84215D20198C0F3C301A9
:1061700004F56B7000EB4110008A85B2002003909B
:10618000039820F0200020300390E0688069039994
:106190008843E16888610198C0F3C30104F56B701E
:1061A00000EB41100069C01CC0F38F060198C0F3DA
:1061B000C302C0F3C30304F56B7000EB43102B461E
:1061C000C168204600F038FA0198C0F3C30104F515
:1061D0006B7000EB4110C06841190198C0F3C30215
:1061E00004F56B7000EB4210C1600198C0F3C3016D
:1061F00004F56B7000EB41100069411B0198C0F37E
:10620000C30204F56B7000EB421001610198C0F30A
:10621000C30104F56B7000EB41104069411901980E
:10622000C0F3C30204F56B7000EB42104161E068FB
:10623000C06A0090009880B2B0420ADD0198C0F3B5
:10624000C30104F56B7000EB4110006900287FF476
:106250007DAF012004B070BDFEB5044600260025C8
:106260000020009002900190D4F8CC0000680290C9
:10627000D4F8CC0000680190019820F0040001904F
:10628000019820F002000190019820F00800019090
:10629000019820F0200001900298C0F3400058B10E
:1062A000019820F00200801C01903248006841688B
:1062B0002046884745F001050298C0F3C000002839
:1062C00042D0019820F00800083001900298C0F3F5
:1062D0008000002838D02748006841682046884759
:1062E0000298C0F34140022804D00298C0F3414014
:1062F000012828D16069006800900298C0F34140ED
:10630000022811D141F2707160694160009800F07B
:106310000300022818D0207A022803D10221204647
:10632000FFF797F901260FE04BF680316069416075
:10633000009800F00300012806D001212046FFF755
:1063400088F9012600E001260298C0F3401030B120
:10635000019820F020002030019045F0010516B191
:106360002046FFF7CCF90199D4F8CC00016028460B
:10637000FEBD000080000020FEB504466069006993
:1063800000900198C0F3C30104F56B7000EB41105D
:106390000069C01CC0F38F0674E04FF6FF710098CF
:1063A00001EA80050198C0F3C30104F56B7000EBAE
:1063B00041100069A84216D20198C0F3C30104F548
:1063C0006B7000EB4110008A85B2002002900298A9
:1063D00020F0806000F180600290E068806902999E
:1063E0008843E16888610198C0F3C30104F56B70CC
:1063F00000EB41100069C01CC0F38F060198C0F388
:10640000C302C0F3C30304F56B7000EB43102B46CB
:10641000C168204600F010F90198C0F3C30104F5EB
:106420006B7000EB4110C06841190198C0F3C302C2
:1064300004F56B7000EB4210C1600198C0F3C3011A
:1064400004F56B7000EB41100069411B0198C0F32B
:10645000C30204F56B7000EB421001610198C0F3B8
:10646000C30104F56B7000EB4110406941190198BC
:10647000C0F3C30204F56B7000EB42104161606928
:1064800000690090009880B2B0420ADD0198C0F324
:10649000C30104F56B7000EB4110006900287FF424
:1064A0007CAF0120FEBD30B585B0044600200090D1
:1064B0000390039820F0100010300390E06880698A
:1064C00003998843E1688861E068006A0490049851
:1064D00000F00F00009004F190009DF8001050F8BB
:1064E0002100006801900498C0F34340022806D0C0
:1064F000032878D0052877D0072873D175E0049851
:10650000C0F30A10002869DD04F56B709DF80010D7
:1065100000EB4110C068002860D00498C0F30A1254
:1065200004F56B709DF8003000EB4310C168204605
:10653000FFF7D1F8049800F00F0104F56B7000EB41
:106540004110C0680499C1F30A110144049800F095
:106550000F0204F56B7000EB4210C160049800F06C
:106560000F0104F56B7000EB411040690499C1F311
:106570000A110144049800F00F0204F56B7000EB5F
:106580004210416104F56B709DF8001000EB411062
:10659000456904F554709DF8001040F8215004F14D
:1065A00090009DF8001050F82100006902900298B8
:1065B000C0F3C940002811DD019820F0004000F12F
:1065C00000400190019820F08040019004F190007B
:1065D0009DF80020019950F82200016006E002E0D9
:1065E00002E0FFE700BF00BF00BF00BF00BF03988D
:1065F00020F0100010300390E06880690399084390
:10660000E1688861012005B030BD000038B504465E
:1066100000200090074800680168204688470098DD
:1066200020F00800083000900098E16848610120DF
:1066300038BD0000800000202DE9F041044600260E
:10664000E078B0B900270020DD1C4FEAE57805EBC3
:1066500098784FEAA80704F1D00555F822C000BF8A
:1066600004E00D68CCF80050401C091DB842F8D376
:1066700000BF3046BDE8F0812DE9F0478CB00546FB
:1066800000242846F9F7C0FD86B222E1201DB04261
:1066900000DD1FE1285D882871D1601C285C672817
:1066A000FAD1A01C285C9628F6D1E01C15F80080D1
:1066B000201D285C40EA0828404644F6B232A8EB88
:1066C000020190457DD00CDCA0F56C50A0F1B30028
:1066D000002842D0012849D0A0F6FE70002871D1D0
:1066E0004EE0A1F580500238F0B1A0F580400338AB
:1066F00010B10128F3D10BE0002078490860012097
:106700007749088077A000F009FA201D84B2DDE007
:1067100000207C49086001207B4908807BA000F0B4
:10672000FDF9201D84B2D1E06D480088012805D113
:1067300000206B4908807DA000F0F0F972480088C5
:10674000012807D1002070490880FBF759FD7FA080
:1067500000F0E4F9201D84B2B8E0012083490880EC
:10676000201D84B282A000F0D9F9AFE000207F495B
:106770000880201D84B285A000F0D0F9A6E0A6E034
:1067800000200B90089009900A90059006900790C1
:106790000BA8062105AA08ABCDE90032CDE902100D
:1067A000601D81B264233246284602F04BFBBDF8DF
:1067B0002C00002836DDBDF82C00401C87B2381BA9
:1067C00001E033E081E01FFA80FA28195146FAF718
:1067D00078FB8146E819744908600846006800881B
:1067E0007249088008460088484515D1FBF7F6F93C
:1067F0006FA000F093F93A480088012803D12819C6
:106800005146FAF7D5FD40480088012807D12819DC
:106810005146FAF767FC02E06CA000F07FF9781CA3
:1068200084B202E070A000F079F94FE000200B90F4
:1068300009900A90079008900BA8042107AA09ABB9
:10684000CDE90032CDE90210601D81B264233246E9
:10685000284602F0F7FABDF82C00002831DDBDF81B
:106860002C00401C87B2381B1FFA80FA28195146A9
:10687000FAF727FB8146E8194B490860084600688B
:1068800000884A49088008460088484513D1FBF72C
:10689000A5F947A000F042F93448008801280DD13D
:1068A00058480078401C57490870321B91B228198B
:1068B00002F04CFF02E045A000F030F9781C84B2F1
:1068C00002E049A000F02AF900E000BF00BF601C10
:1068D00084B2DBE600BF0CB0BDE8F0870C000020FE
:1068E000040000207061676531342E74312E747895
:1068F000743D22C6F4D3C3747874CFC2D4D822FFB7
:10690000FFFF000018000020E200002070616765B2
:1069100031342E74312E7478743D22C6F4D3C343BF
:106920005356CFC2D4D822FFFFFF000070616765C5
:1069300031342E74312E7478743D22CDA3D6B974BF
:106940007874CFC2D4D822FFFFFF00007061676562
:1069500031342E74312E7478743D22CDA3D6B943D0
:106960005356CFC2D4D822FFFFFF0000E000002022
:106970007061676531342E74312E7478743D22C68F
:10698000F4B6AFB4F2D3A122FFFFFF0070616765D8
:1069900031342E74312E7478743D22CDA3D6B9B41F
:1069A000F2D3A122FFFFFF00080000200200002018
:1069B0007061676531342E74312E7478743D22D045
:1069C000A3D1E9D5FDC8B722FFFFFF00706167655D
:1069D00031342E74312E7478743D22D0A3D1E9B4B1
:1069E000EDCEF322FFFFFF007061676531342E7436
:1069F000312E7478743D22B8F1CABDB4EDCEF322C5
:106A0000FFFFFF00E600002000BFFEE700B587B0F3
:106A10004FF4A060FBF75AF947208DF800000120E1
:106A20008DF8010000208DF8020001208DF8030090
:106A30006846FBF70FF93748FCF7AAF80121042054
:106A4000FBF77EF901212020FBF7AAF90822062195
:106A50003148FAF7CBFF082207212F48FAF7C6FF83
:106A60004020059002208DF818008DF819000020B4
:106A70008DF81A0001208DF81B0005A92648FAF7A9
:106A80006DFF8020059002208DF8180005A922488E
:106A9000FAF764FF4FF4165001900020ADF808009B
:106AA000ADF80A00ADF80C00ADF810000C20ADF800
:106AB0000E0001A91748FCF721F901211548FCF740
:106AC00051F840211348FCF71FF8012240F22441FD
:106AD0001048FCF7EEF8002240F225510D48FCF773
:106AE000E8F8002240F227710A48FCF7E2F8002299
:106AF00040F226610748FCF7DCF8012280210548B6
:106B0000FCF73CF8012240210248FCF737F807B0B7
:106B100000BD000000140140000802400FB4054B06
:106B200010B503A9044A029800F038F910BC5DF8CA
:106B300014FB0000FD8F0008F80000200FB4084B84
:106B400010B504A902AA039800F028F9044602A986
:106B5000002000F0C5FC204610BC5DF814FB0000CE
:106B6000E17400087CB5044600201D461646002945
:106B70000BD0491ECDE90041044B6A4629463046F8
:106B800000F00CF9009A002111707CBDCB74000854
:106B900000487047FC00002030B583B0044600F088
:106BA00017F89FED090B05468DED000B00222146DD
:106BB0006846F9F7F6FB284600F020F89DED000B3B
:106BC00003B030BD00000000000000000000000025
:106BD0000148006870470000FC00002002E008C87F
:106BE000121F08C1002AFAD170477047002001E047
:106BF00001C1121F002AFBD1704700000149086043
:106C000070470000FC0000202DE9FF5F82B00021EA
:106C1000DDE90430020DDDF840B0034318D044F63E
:106C20001050A2F2FF3242431514119801281FD0D0
:106C3000A5EB0B00401C5FEA000A4FF000064E4F28
:106C4000DFF83891B046504615D5CAF1000413E07C
:106C5000119801244AA3012801D16FEA0B0102987F
:106C6000119AC0E90031C0E9024206B0BDE8F09FC8
:106C7000CBF10000DFE704460021404A491842EB0F
:106C80000450CDE9001012E0E00707D032463B4641
:106C900040464946F9F7CEFC8046894632463B4697
:106CA00010461946F9F7C6FC06460F466410002C3C
:106CB000EAD1DDE90401DDE90023BAF1000F06DACB
:106CC000F9F7B8FC42464B46F9F7B4FC05E0F9F792
:106CD00023FD42464B46F9F71FFD04460E460022AF
:106CE000284BF9F7A1FD03D84FF0FF30014607E02C
:106CF0000022254B20463146F9F7F5FBF9F77BFDDD
:106D0000102409E0002C0ADB0A220023F9F7FCFA20
:106D1000039B30321A55641E50EA0102F2D1641C02
:106D2000039AC4F111031444119A012A03D00122D9
:106D300008430DD10AE0084304D000204FF0110BA6
:106D4000119072E7A3EB0B056D1E0DE05B4504DDB2
:106D50004FF0000205F1010504E003DA4FF00002F4
:106D6000A5F10105002AECD002981199C0E9023181
:106D7000C0E9004579E70000000014400000F03F42
:106D8000300000000000F0430000E03F30380A28E7
:106D900001D2012070470020704700002DE9FF4F0D
:106DA00095B09B468946064600250FE2252877D1F7
:106DB00000242746F84A0121059400E0044316F810
:106DC000013F203B01FA03F01042F7D130782A2826
:106DD00011D06FF02F033078A0F13002092A16D8B5
:106DE000059A44F0020402EB820203EB42021044D3
:106DF000761C0590EFE759F8042B0592002A03DA78
:106E0000504244F40054059044F00204761C30785B
:106E10002E2816D116F8010F44F004042A280DD0AC
:106E20006FF02F023078A0F13003092B09D807EB5F
:106E3000870302EB4303C718761CF3E759F8047B7A
:106E4000761C30786C280FD006DC4C2817D06828C8
:106E50000DD06A2814D104E0742810D07A280FD1FC
:106E60000DE044F400140AE044F4801401E044F41A
:106E700040147278824202D104F58014761C761C8C
:106E8000307866280BD013DC582877D009DC00282E
:106E900075D04528F6D04628F4D047281AD19DE170
:106EA00018E0632835D0642879D0652812D195E19F
:106EB000702873D008DC6728F1D069286FD06E285D
:106EC0000DD06F2806D1B5E073282CD0752875D069
:106ED000782874D05A46179990476D1C75E1C4F311
:106EE0000250022809D003280DD0D9F80010042838
:106EF0000DD00D6009F1040967E1D9F80010EA1717
:106F0000C1E90052F6E7D9F800100D80F2E70D70E4
:106F1000F0E719F8041B8DF8001000208DF801002F
:106F2000EA46012003E059F804AB4FF0FF30610757
:106F30004FF0000102D40DE008F101018846B9428A
:106F40000FDA8045F8DB1AF808100029F4D108E0C0
:106F500008F1010188468142FADB1AF8081000297D
:106F6000F6D105985B46A0EB080721463846179AEC
:106F700000F094FA284400EB080507E04DE029E111
:106F80000DE01AF8010B5A4617999047B8F101081D
:106F9000F7D25B4621463846179A13E142E00A22AF
:106FA0000092C4F302524FF0000A022A08D059F8A6
:106FB00004CB032A4FEAEC710AD00DE029E02AE065
:106FC00009F1070121F00702F2E802C1914609E048
:106FD0000FFA8CFC4FEAEC71042A03D14FFA8CFCB7
:106FE0004FEAEC71002907DA0A460021DCF1000CB7
:106FF00061EB02012D2202E0220504D52B228DF83F
:107000000420012203E0E20701D02022F7E79046A6
:1070100059E00A2102E010220DE010214FF0000A91
:1070200000910BE010224FF0000A44F004040827FE
:10703000009203E008224FF0000A0092C4F30252CB
:10704000022A05D059F804CB0021032A08D009E010
:1070500009F1070121F00702F2E802C1914605E0BB
:107060001FFA8CFC042A01D10CF0FF0C4FF0000831
:10707000220728D5702806D0009B83F0100353EA1E
:107080000A0305D00EE040228DF80420012208E01A
:107090005CEA010206D030228DF804208DF805004C
:1070A00002229046009B83F0080353EA0A030AD1A8
:1070B0005CEA010201D1620705D530228DF8042077
:1070C0004FF001087F1E582804D034A003900EA86A
:1070D00002900DE036A0F9E753466046009AF9F7B2
:1070E00013F984460398825C0298401E0290027055
:1070F0005CEA0100F0D1029806A9081A00F1200A02
:10710000600702D524F4803400E00127574502DDF2
:10711000A7EB0A0000E0002000EB0A0100900598B0
:107120004144401A0590E00306D45B462146179A75
:10713000059800F0B3F90544002706E001A85A4677
:10714000C05D179990476D1C7F1C4745F6DBE00337
:107150000CD55B462146179A059800F09FF9054427
:1071600004E030205A46179990476D1C0099481E3C
:1071700000900029F5DC08E0029802995A46007850
:10718000491C0291179990476D1CBAF10001AAF1B0
:10719000010AF1DC65E100000928010030313233D9
:1071A0003435363738396162636465660000000043
:1071B000303132333435363738394142434445462D
:1071C0000000000000F058F90544761C30780028D3
:1071D0007FF4ECAD19B02846BDE8F08F620700D40B
:1071E000062709F1070222F0070CFCE80223E1461A
:1071F00003F000485FEA080C02D00FF2702C0DE09B
:107200005FEA045C02D50FF2682C07E05FEAC47CF9
:1072100002D00FF2602C01E0AFF2700C4FF0FF389B
:1072200023F00043CDF850C065280CD006DC45287B
:1072300009D046281DD047283DD13DE0662818D00A
:1072400067287ED138E00021112F01DB112000E0FA
:10725000781CCDE9000106A90EA8FFF7D5FCDDE9F1
:107260000F010E9A03910021009207F1010A049187
:107270004DE04FF000400097CDE9011006A90EA89F
:10728000FFF7C2FCDDE90F0203920E9B1199002269
:10729000DDF80CA00093049211B9791C00EB010AEF
:1072A000B7EB0A0004D4C0F1FF3007F1010A0490E3
:1072B000AAEB0700019044E0012F00DA012700212A
:1072C000112F01DD112000E03846CDE9000106A9AB
:1072D0000EA8FFF799FCDDE90F010E9A039100213A
:1072E00004910092BA4621070CD40399514500DA63
:1072F0008A46BAF1010F05DD009AAAF10101515C3D
:10730000302908D0B84202DA10F1040F06DA012160
:10731000CDE9011015E0AAF10101E9E7002805DC3B
:10732000049901440491AAEB000102E0411C51457B
:1073300000DD8A460499401A401C01904FF000403D
:107340000290200704D40198504501DBCDF8048059
:1073500000208DF84F0002980DF14F07B0F1004F5B
:1073600025D02B200E9002984FF0020800280CDA4E
:10737000404202902D200E9007E00A210298F8F773
:10738000ADFF3031029007F8011DB8F10001A8F1FE
:107390000108F2DC02980028EFD1791E0E980870DF
:1073A000307800F0200040F0450007F8020D12A8E8
:1073B000C01B00F107081498007800B1012000EB11
:1073C0000A01019801EBE07105984144401A401E02
:1073D0000590E00306D45B462146179A059800F015
:1073E0005DF805441498007818B15A4617999047EB
:1073F0006D1CE00324D55B462146179A059800F0E2
:107400004DF805441CE00498002807DBDDE9030182
:10741000884203DD0098405C179901E017993020FD
:107420005A469047049805F10105401C04900198C4
:10743000401E019004D12E205A46179990476D1C8A
:10744000BAF10001AAF1010ADDDC05E017F8010B31
:107450005A46179990476D1CB8F10001A8F1010830
:10746000F4DC5B462146179A0598ABE62D00000038
:107470002B000000200000002DE9F041044600250B
:107480001E461746880404D405E039462020B0473C
:107490006D1C641EF9D52846BDE8F0812DE9F04148
:1074A000044600251E469046C80301D5302700E05B
:1074B0002027880404D505E041463846B0476D1CB6
:1074C000641EF9D52846BDE8F0814A68002A06D036
:1074D0000A68531C0B6010704868401E4860704773
:1074E0000A68531C0B6010707047416851B14168C5
:1074F000491E416031B9012141700178012901D152
:10750000816841607047000070B504460D466078A0
:1075100001232A4604F1340100F040FF08B10320A2
:1075200070BD94F8321294F8330241EA00204AF612
:107530005521884201D00220F2E794F86D0001063F
:1075400094F86C0041EA004194F86B0041EA002095
:1075500094F86A10084320F07F400E49884201D118
:107560000020DDE794F88900010694F8880041EADC
:10757000004194F8870041EA002094F886100843FF
:1075800020F07F400349884201D10020C8E7012054
:10759000C6E7000046415400024600E0521C107845
:1075A00018B192F900008842F8D192F900007047B2
:1075B00030B502460B4600200446014621E001EBAF
:1075C00041001D4D55F82000C8B101EB410055F8B0
:1075D00020001568A84213D101EB4100164D05EBC0
:1075E000800040689568A8420AD101EB4100124D25
:1075F00005EB80000089D588A84201D103E0641C16
:10760000491C0329DBD300BF032906D10CB9022B87
:1076100001D1002030BD1220FCE743B901EB41004D
:10762000054D05EB80004089B0F5807F01D1102029
:10763000F0E70020EEE70000801100202DE9F74F71
:1076400088B0089800680190019890F900003038DF
:107650000790079809280AD8019840783A2806D157
:107660000198801C019008990198086001E00020B1
:1076700007900021099801600798032803D30B2085
:107680000BB0BDE8F08FD349079851F820400CB9F2
:107690000C20F5E709980460207878B1607800F054
:1076A000ADFE804608F0010040B90A9820B108F00C
:1076B000040008B10A20E3E70020E1E70020207081
:1076C00007986070607800F031FE804608F0010095
:1076D00008B10320D4E70A9820B108F0040008B1EB
:1076E0000A20CDE74FF0000949462046FFF70CFF7E
:1076F000054600BF012D21D14FF0000BBBF1000F5B
:1077000003D0ABF1010000F0FF0B4FF4DF7000EB92
:107710000B1104F134000F18387978B1F87A0106AA
:10772000B87A41EA0041787A41EA0020397A40EAA1
:10773000010949462046FFF7E7FE0546032D01D122
:1077400001209DE70DB10D209AE73F20015D94F8DF
:10775000400041EA0020B0F5007F01D00D208FE706
:107760004A20015D94F84B0041EA002ABAF1000F6B
:107770000ED194F85B00010694F85A0041EA0041EA
:1077800094F8590041EA002094F8581040EA010AA0
:10779000C4F81CA04420065DE670012E03D0022E22
:1077A00001D00D206CE70AFB06FA4120005D064679
:1077B000A07016B1701E304008B10D2060E7452062
:1077C000015D94F8460041EA00202081207A00F013
:1077D0000F0008B10D2053E74720015D94F84800E1
:1077E00041EA00200690069870B994F85700010607
:1077F00094F8560041EA004194F8550041EA00200F
:1078000094F85410084306904220015D94F8430018
:1078100041EA00200290029808B90D2030E7029852
:107820005044218900EB11100590DDE905018142EA
:1078300001D20D2024E7DDE90510401AA178B0FB44
:10784000F1F00490049808B90D2019E7012540F6DD
:10785000F6710498884200D302254FF6F671049819
:10786000884200D303250498801CA061C4F82090AE
:1078700002984844606205984844E062032D16D19E
:10788000208908B10D20FBE694F86300010694F806
:10789000620041EA004194F8610041EA002094F856
:1078A00060100843A062A0698000039014E0208962
:1078B00008B90D20E4E6606A5044A062022D02D1AE
:1078C000A069400007E0207E00F00100A16901EB03
:1078D000410100EB51000390E169039800F2FF10B1
:1078E000B1EB502F01D20D20CAE64FF0FF302061DE
:1078F0000020E060032D5CD1607194F8641094F86E
:10790000650041EA0020484460616078012304F189
:107910003401626900F042FDF0BB94F8321294F831
:10792000330241EA00204AF65521884241D13720EE
:10793000005D01063620005D41EA00413520005D12
:1079400041EA002094F8341008432349884230D19A
:1079500094F81B02010694F81A0241EA004194F8D7
:10796000190241EA002094F8181208431B49884282
:107970001FD194F82302010694F8220241EA004143
:1079800094F8210241EA002094F820120843E060B4
:1079900094F81F02010600E00BE094F81E0241EA91
:1079A000004194F81D0241EA002094F81C1208439B
:1079B000206125700A480088401C80B20849088070
:1079C000E080002020632071204600F00BF80020AA
:1079D00056E60000741100205252614172724161FA
:1079E0003E00002010B5014600200DE000EB4002F3
:1079F000074B53F822208A4205D1002200EB4003B6
:107A0000034C44F82320401C0328EFD310BD000092
:107A1000801100200246891E9069801E884201D88C
:107A2000002070479378D06A01FB0300F9E700005B
:107A30002DE9F04705460C46207820F04000401E16
:107A400000EB800101EBC00600274FF0010800BFEA
:107A50001A48C05D205C1949C95D2144497840EA53
:107A60000129B8F1000F10D0484601F0CFF9804647
:107A7000FF2E07D23146761C35F8110001F0C6F909
:107A8000404508D00020BDE8F0874FF6FF708145E3
:107A900001D00020F7E7781C07460D28D8D32078BE
:107AA00000F0400038B1B8F1000F04D035F81600EE
:107AB00008B10020E7E70120E5E70000D49A0008BC
:107AC0002DE9F04704468946B9F1000F06D1E76871
:107AD00017B1A069B84211D801270FE049462046E6
:107AE00001F003FB0646022E02D20120BDE8F0871A
:107AF000A069B04201D93046F8E74F463D4600BF85
:107B00006D1CA069A84204D80225BD4201D90020FD
:107B1000ECE72946204601F0E8FA064606B909E0F6
:107B2000701C08B1012E01D13046DFE7BD42E7D11C
:107B30000020DBE700BF6FF070422946204601F0CD
:107B400035FD8046B8F1000F08D1B9F1000F05D01E
:107B50002A464946204601F029FD8046B8F1000F2B
:107B600009D1E5602069401C68B12069401E206190
:107B70000120607107E0B8F1010F02D14FF0FF3032
:107B800000E0012005462846B0E700002DE9F34F4C
:107B900083B0814604980068019002E00198401C7F
:107BA0000190019800782F28F8D0019800785C287F
:107BB000F4D0D9F81CA000252F4600BF38467F1C02
:107BC0000199085684B2202C03DB2F2C01D05C2CA9
:107BD00000D132E0FF2D03D3062005B0BDE8F08FC1
:107BE000E4B2812C13DBE0B2FE2810DC38467F1CA7
:107BF00001990E5C402E01DB7E2E05DD802E01DB1F
:107C0000FE2E01DD0620E8E706EB042084B2012108
:107C1000204601F0BDF804460CB90620DDE7802CB3
:107C200006DA214671A0FFF7B7FC08B10620D4E7B9
:107C300028466D1C2AF81040C0E700BF0198C11902
:107C400004980160202C01DA042000E00020804626
:107C500008E0681E3AF81040202C02D02E2C00D0EC
:107C600002E06D1E002DF4D100BF0DB90620B4E76F
:107C700000202AF815000B222021D9F8180001F065
:107C800013FC002700E07F1C3AF817002028FAD0E8
:107C90003AF817002E28F6D00FB148F0030800E09C
:107CA0006D1E25B1681E3AF810002E28F8D100206C
:107CB000064602904FF0080B00BF38467F1C3AF88A
:107CC000104004B963E0202C03D02E2C04D1AF4225
:107CD00002D048F00308F0E70298584501D2AF42BD
:107CE00014D1BBF10B0F02D148F003084FE0AF42B3
:107CF00001D048F00308AF4200D948E02F460820E1
:107D000002904FF00B0BB006060ED6E7802C09DB75
:107D1000204601F07BF80021009001F039F804467C
:107D200048F00208FF2C11DDABF1010002998842F6
:107D300004D848F00308CDF808B0BEE72212D9F8FD
:107D400018300298411C02911A5419E024B12146BE
:107D500029A0FFF721FC18B15F2448F003080FE0C9
:107D6000412C04DB5A2C02DC46F0020608E0612CB0
:107D700006DB7A2C04DC46F00106A4F1200084B274
:107D8000D9F818300298411C02911C5495E700BFA5
:107D9000D9F818000078E52803D10520D9F8181083
:107DA0000870BBF1080F01D1B006060E06F00C00FA
:107DB0000C2803D006F00300032801D148F0020884
:107DC00008F0020058B906F00300012801D148F07C
:107DD000100806F00C00042801D148F00808D9F872
:107DE000180080F80B800020F7E60000222A3A3CB9
:107DF0003E3F7C7F000000002B2C3B3D5B5D000084
:107E000030B50246531E1A46032B1BD202EB420327
:107E10000D4C04EB83035989B1F5807F00D100211B
:107E200009B14B1E99B202EB4203074C04EB8303EA
:107E3000598129B9002302EB4204034D45F824304F
:107E4000002000E0022030BD801100202DE9F0412B
:107E500004460E460021204600F019FA0546EDB909
:107E6000002700BF2169206801F028FB054605B105
:107E700013E060690078E52802D06069007820B9D5
:107E8000781C0746B04201D107E0002701212046B7
:107E900000F076F80546002DE4D000BF2846BDE886
:107EA000F0812DE9F04704460021204600F0EFF96B
:107EB000074617B13846BDE8F0874FF0FF09CA46BC
:107EC00000BF2169206801F0F9FA074607B154E0C4
:107ED00065692E780EB904274FE0E87A00F03F0874
:107EE000E52E05D008F0080028B1B8F10F0F02D038
:107EF0004FF0FF093AE0B8F10F0F1CD1E069A0B3D1
:107F000006F0400030B195F80DA026F04006B146CD
:107F1000E08820844E450AD1687B504507D1294628
:107F2000E069FFF785FD10B1A9F1010000E0FF2035
:107F300000F0FF091AE0B9F1000F05D1284601F061
:107F400011FD504500D118E04FF0FF094FF6FF70CA
:107F50002084A069C07A00F0010030B90B222846C5
:107F6000A16901F081FA00B907E0FFE7002120468E
:107F700000F006F80746002FA3D000BF38469AE766
:107F80002DE9F0410446884600BFE088401C86B2D7
:107F90000EB1206910B90420BDE8F08106F00F0091
:107FA00000286DD12069401C2061E06828B9206854
:107FB0000089B04264DC0420EEE720688078401E2F
:107FC00000EA161000285BD1E168206801F08DF806
:107FD0000546012D01D80220DEE7681C08B9012002
:107FE000DAE720688069A84244D8B8F1000F01D1CF
:107FF0000420D1E7E1682068FFF762FD05460DB96E
:108000000720C9E7012D01D10220C5E7681C08B986
:108010000120C1E7206801F019FD08B10120BBE78C
:10802000216801F134004FF40072002101F03CFAA4
:1080300029462068FFF7EEFC2168086300270FE05F
:10804000012021680871206801F000FD08B10120BD
:10805000A2E72068006B401C21680863781CC7B247
:1080600020688078B842EBDC2068006BC01B216878
:10807000086300BFE56029462068FFF7CBFC20615C
:10808000E6802068343006F00F0100EB411060619B
:10809000002081E72DE9F05F04468A464FF0FF0992
:1080A000CB4604274EE02169206801F007FA074615
:1080B00007B14AE0666935780DB9042745E0F07AE2
:1080C00000F03F08E52D09D02E2D07D0B8F1080F9C
:1080D00001D1012000E00020504502D04FF0FF09FF
:1080E00029E0B8F10F0F1AD105F0400030B196F831
:1080F0000DB025F04005A946E08820844D450AD101
:10810000707B584507D13146E06901F015FA10B18E
:10811000A9F1010000E0FF2000F0FF090BE0B9F138
:10812000000F04D1304601F01DFC584502D04FF637
:10813000FF70208409E000212046FFF721FF074659
:1081400007B102E020690028ADD100BF0FB10020C7
:1081500020613846BDE8F09F2DE9FE4F0446D4F873
:108160001880D4F81C900C224146684601F08FF923
:1081700000BF9DF80B0000F0010028B3002088F834
:108180000B00E06101260DE033464A466946404651
:1081900000F04CFF2046FFF784FE054605B103E0E2
:1081A000701C86B2642EEFDB00BF642E02D1072064
:1081B000BDE8FE8F042D01D02846F9E79DF80B009D
:1081C00088F80B00C4F81C909DF80B0000F002002A
:1081D00070B1002601E0701C86B239F81600002844
:1081E000F9D106F119000D2190FBF1F087B200E002
:1081F000012739462046FFF729FE05465DBB781E5C
:1082000080B2071E27D0E088C01B81B2204600F054
:108210003EF80546FDB9A06901F0A4FB824600BF07
:108220002169206801F04AF9054605B112E0FAB269
:1082300053466169E06900F057FE0120216808712A
:1082400000212046FFF79CFE05461DB9781E80B22E
:10825000071EE5D100BFC5B92169206801F02EF9DC
:10826000054695B920220021606901F01DF90B2215
:10827000D4E9050101F00BF9A069C07A00F01800FB
:1082800061690873012021680871284690E72DE98B
:10829000F04104460E46E680A568012D03D0206813
:1082A0008069A84202D80220BDE8F0812DB920687B
:1082B0000078032801D12068856A65B9E5602068E7
:1082C0000089B04201DC0220EEE72068806A00EB02
:1082D0001610206120E020688078070112E029460E
:1082E000206800F002FF0546681C08B90120DBE7A2
:1082F000022D03D320688069A84201D80220D3E769
:10830000F01B86B2BE42EADAE56029462068FFF734
:1083100081FB00EB161020612068343006F00F015D
:1083200000EB411060610020BEE7000070B504461C
:10833000012534B90548F9F7CAFB08B125F0010554
:1083400000E000BF00BF284670BD0000001A0020FA
:1083500010B50346F3B9012431B1012906D0022931
:1083600009D0032911D10BE0002410E00A4800686D
:10837000106000240BE04FF400701080002406E031
:108380004FF400701060002401E0042400BF00BF1F
:10839000204610BD0420FCE7F01300202DE9F04733
:1083A0000546884691461E46EDB900271148F9F763
:1083B0008EFB98B100BF73024A4641460D48FBF759
:1083C000DFFD07460C490B48FBF71AFB0948F9F794
:1083D0007EFB00B901E0032FEDD000BF0FB90024F0
:1083E00000E0012401E0042400BF00BF2046BDE8F6
:1083F000F0870000001A0020AC1F00200146012079
:1084000009B9002000E000BF00BF70472DE9F04728
:108410000546884691461E46EDB900271148F9F7F2
:1084200056FB98B100BF73024A4641460D48FBF720
:108430005DFF07460C490B48FBF7E2FA0948F9F7DC
:1084400046FB00B901E0032FEDD000BF0FB90024B7
:1084500000E0012401E0042400BF00BF2046BDE885
:10846000F0870000001A0020AC1F0020002100E06F
:10847000491C032906D201EB4100054A52F82000AD
:108480000028F5D1032901D0012070470020FCE726
:1084900080110020F7B5ADF50C7D0F461446012282
:1084A00083A98CA8FFF7CAF80646EEB980A8899080
:1084B000CDF828D283A88C9900F056FD064600BF5F
:1084C00096B9889D0DB906260EE004F0270407EA48
:1084D0000400E97AA1430843E872012083990871F6
:1084E000839801F04FFA064630460DF50F7DF0BD3A
:1084F00070B50446204600F0EDFA05461DB9606AE5
:10850000FFF77EFC05460DB900202060284670BDAF
:108510002DE9F04704460E46204601F0C0FA824697
:10852000BAF1000F02D05046BDE8F087A07900F004
:10853000800008B10220F7E7E068B04204D2A079D9
:1085400000F0020000B9E668D4F808904FF0000887
:10855000C4F80880002E77D0206880784702B9F1EF
:10856000000F11D0701EB0FBF7F1A9F10100B0FBB4
:10857000F7F0814208D3A9F10100791E8843A06079
:10858000A068361A656918E02569ADB90021206830
:10859000FFF796FA0546012D05D1A07940F080003D
:1085A000A0710220C0E7681C28B9A07940F08000C3
:1085B000A0710120B8E725616561002D44D029E054
:1085C000A07900F0020038B129462068FFF778FA58
:1085D000054635B93E461FE02946206800F085FD76
:1085E0000546681C28B9A07940F08000A0710120E0
:1085F0009AE7012D03D920688069A84205D8A0799F
:1086000040F08000A07102208EE76561A0683844C8
:10861000A060F61BBE42D3D800BFA0683044A06063
:10862000C6F3080068B129462068FFF7F3F98046D1
:10863000B8F1000F06D1A07940F08000A0710220AF
:1086400072E701E008EB56282089C0F3080050B318
:10865000A069404527D0A07900F0400090B1216882
:108660004878012304F12801A269FFF7CFFE28B161
:10867000A07940F08000A071012055E7A07920F09A
:108680004000A071216848780123424604F1280186
:10869000FFF784FE28B1A07940F08000A07101208E
:1086A00042E7C4F81880D4E90201884205D9A068DD
:1086B000E060A07940F02000A071504634E72DE939
:1086C000F147ADF50D7D00F083FD0646012284A93A
:1086D0008DA8FEF7B3FF0546002D6FD181A88A90C3
:1086E00001A88B9084A88D9900F03EFC054605B941
:1086F000082500BF042DF0D100218498FFF7E0F990
:108700000746002507B90725012F00D10225781C4F
:1087100000B901251DB9849801F098F90546002D8E
:108720005BD139468498FFF775F98146849800F14A
:1087300034044FF400720021204600F0B5FE0B22F5
:108740002021204600F0B0FE2E2020701020E07284
:10875000A675310AE175310C2176310E6176394604
:10876000204601F0F7F82022214604F1200000F015
:108770008EFE2E2084F82100DDF818A2849800785F
:10878000032804D18498806A504500D1AA465146F6
:1087900004F1200001F0DEF8849890F8028018E0DF
:1087A0008498C0F8309009F101090120849908717A
:1087B000849801F04BF905460DB10DE02DE04FF422
:1087C00000720021204600F06FFEA8F1010000F0C9
:1087D000FF08B8F1000FE3D100BF1DB984A8FFF76F
:1087E000BBFC054625B13946849800F07AFF14E0B9
:1087F000899C1020E072A675310AE175310C217652
:10880000310E61763946204601F0A4F801208499A2
:108810000871849801F0B6F8054628460DF50E7DDE
:10882000BDE8F08770B504460D46032C01DB0B2034
:1088300070BD084850F8246026B13046FFF7D2F8E2
:10884000002030700DB100202870024840F82450FC
:108850000020EDE7741100202DE9F743ADF50C7D04
:108860000546164625B909200DF50F7DBDE8F083B4
:108870000020286006F01F0626F0010283A98DA8BB
:10888000FEF7DCFE0746002F72D180A88990CDF854
:1088900028D283A88D9900F067FB0746889C6FB9A2
:1088A0000CB906270AE026F0010008B1012000E01B
:1088B0000020014683A8FEF77BFE074606F01C0059
:1088C000002856D077B1042F08D1FFF7CFFD18B19B
:1088D00083A8FFF741FC00E01220074646F0080697
:1088E000889C09E0E07A00F0110008B1072703E056
:1088F00006F0040000B10827002F38D106F0080068
:10890000A8B300F065FC804684F80E804FEA182179
:10891000E1734FEA184121744FEA18616174002035
:10892000E072207700216177A177E1772146839873
:1089300000F066FD81460021204601F00BF8012081
:1089400083990871B9F1000F11D08398D0F8308065
:108950004946839800F0C5FE074647B9A9F10100D2
:108960008399C8604146839800F0A8FD07460FE050
:1089700040E06FB9E07A00F0100008B1042707E08A
:1089800006F0020020B1E07A00F0010000B10727F4
:10899000B7B906F0080008B146F020068398006BCE
:1089A000E8612C6226F0010008B1012000E00020FF
:1089B000014683A800F0B6FC6862686A00B9022725
:1089C000C7B9AE712146839800F01AFD2861E07F97
:1089D0000106A07F41EA0041607F41EA0020217F3B
:1089E0000843E8600020A860A86183982860839805
:1089F000C088A880384637E773B5ADF5047D0446D6
:108A00001CB909200DF5067D70BD0022214685A800
:108A1000FEF714FE0546266835BB81A8A06101A8B3
:108A2000E0612046859900F09FFA0546ADB960697E
:108A300058B16069C07A00F0100028B13046616911
:108A400000F0DEFCA06000E0052535B9F088A080CC
:108A500000212046FFF71BFC0546042D00D105250B
:108A600025B10020206001E0002020602846C9E7F1
:108A700070B5ADF5047D04460E46204601F00FF8B2
:108A800005461DBB2EB900212046FFF700FC054618
:108A90001CE081A8A06101A8E06100212046FFF749
:108AA000F9FA0546042D02D10020206100256DB998
:108AB0003146204600F090FB00212046FFF760FA87
:108AC0000546042D02D100202061002528460DF521
:108AD000047D70BD2DE9F0410446204600F0DFFF23
:108AE0000746002F4CD1A07900F02000002847D085
:108AF000A07900F0400078B121684878012304F1A2
:108B00002801A269FFF782FC10B10120BDE8F081C5
:108B1000A07920F04000A071E169206800F0CEFC4F
:108B20000746002F2CD1256AE87A40F02000E87231
:108B3000207B2877A089010A6977E068010CA97772
:108B4000E068010EE9772846216900F003FF00F094
:108B50003FFB0646AE75310AE975310C2976310EB8
:108B600069760020A8740021E974A07920F0200023
:108B7000A071012021680871206800F003FF0746FA
:108B80003846C3E72DE9FF4F83B0044615469B46A0
:108B9000049801900020CBF80000204600F07FFFF1
:108BA0000290029818B1029807B0BDE8F08FA07942
:108BB00000F0800008B10220F6E7A07900F0020082
:108BC00008B90720F0E7E0682844E168884200D24D
:108BD0000025CDE02089C0F30800002877D1206867
:108BE0008078401EA16800EA512000F0FF0ABAF127
:108BF000000F2AD1A06858B9D4F81080B8F1000F3E
:108C00000BD100212068FEF75BFF8046206104E065
:108C100061692068FEF754FF8046B8F1000F00D16B
:108C2000A9E0B8F1010F05D1A07940F08000A07152
:108C30000220B9E708F1010028B9A07940F08000CE
:108C4000A0710120B0E7C4F81480A07900F04000C2
:108C500090B121684878012304F12801A269FFF747
:108C6000D5FB28B1A07940F08000A07101209BE7DE
:108C7000A07920F04000A07161692068FEF7CAFE6B
:108C800006462EB9A07940F08000A07102208BE743
:108C900056444FEA5529B9F1000F2FD00AEB0900CD
:108CA00021688978884203D920688078A0EB0A0976
:108CB00009F0FF032168487832460199FFF7A6FBC7
:108CC00030B1A07940F08000A07101206CE72CE069
:108CD000A069801B48450ED2A069801B019A02EB57
:108CE00040214FF4007204F1280000F0D0FBA0797D
:108CF00020F04000A0714FEA49272DE0A069B04262
:108D000012D0D4E9020188420ED2216848780123AA
:108D1000324604F12801FFF741FB28B1A07940F069
:108D20008000A07101203FE7A6612089C0F3080000
:108D3000C0F50077AF4200D92F462189C1F3080260
:108D400004F1280150183A46019900F0A0FBA079DF
:108D500040F04000A07100BF019838440190A06825
:108D60003844A060DBF800003844CBF80000ED1B6D
:108D7000002D7FF42FAF00BFD4E90201884201D952
:108D8000A068E060A07940F02000A07100200BE70F
:108D90002DE9F04102460F46802A01DA10462FE005
:108DA0001FB1184B45F2205602E0174B45F22056F2
:108DB0000025102416E0A6EB050C0CEBDC7805EB87
:108DC00068014FEA410C33F81CC0944500D10BE018
:108DD0004FEA410C33F81CC0944501DA0D4600E01F
:108DE0000E46641E002CE6D100BF34B14FF0010CDA
:108DF0000CEB410C33F81CC001E04FF0000C604656
:108E0000BDE8F08166EF0108E29A00080246002101
:108E100000E0491C094830F8110020B1074830F83B
:108E200011009042F5D1054830F8110018B10448FE
:108E300030F8110070471046FCE70000EA430308D1
:108E4000CA4503082DE9F04704460E46DDE9098CC2
:108E5000089F0B9D002006EB030A1FFA8AF9A2F176
:108E6000020ACA4501DA1FFA8AF93E801DB14FF0A5
:108E7000000AA5F800A0314630E014F801A0BAF1CC
:108E8000880F0ED101F1010A14F80AA0BAF1670F98
:108E900007D101F1020A14F80AA0BAF1960F00D125
:108EA0001EE014F801A0BAF15E0F13D105B12980BC
:108EB00060450FDA37F810A0A1EB0A0A28F810A0D5
:108EC00000F1010A0AF0FF00604503DA01F1010A2E
:108ED00027F810A001F1010A1FFA8AF14945CCDBFD
:108EE00000BFBDE8F0870000F0B504461D464D7395
:108EF0000F27CF7200270F738F76BC4681F81BC0F7
:108F0000571E07EB870C0CEBC706002738463B467D
:108F100000BF4FF6FF77B84203D03746761C34F8CF
:108F20001700DFF840C01CF803C001F80C0007125E
:108F3000DFF830C01CF803C08C448CF8017008B90D
:108F40004FF6FF705F1C3B460D2FE2D34FF6FF77C5
:108F5000B84202D034F816700FB942F040020A70DD
:108F6000F0BD0000D49A00082DE9F34104460198B1
:108F700000782F2803D0019800785C2802D101984E
:108F8000401C01900020A060019890F9000020286A
:108F900007D200212046FFF77AF9054600206061DC
:108FA00029E000BF01A92046FEF7F0FD054605B106
:108FB00020E02046FEF775FF0546A069C67A45B158
:108FC000042D00D016E000BF06F0040000B905250E
:108FD00010E006F0040000B10CE06769F87A00F0D8
:108FE000100008B9052505E03946206800F008FAA8
:108FF000A060D7E700BF2846BDE8FC8170B50446F5
:109000000D4640210748F9F77FFDE1B20648F9F720
:10901000E4FE00BF40210448F9F714FE0028F9D00F
:10902000204670BD00100140001401402DE9FC47AE
:1090300007468A4690461C460B225146384600F0A9
:1090400026FA052C0BDD00BF601000EBC43138F8A8
:10905000022B881884B2B8F800000028F4D1072643
:1090600000BF2046E11704EB11710911A4EB0111B7
:10907000303101F0FF09B9F1390F03DD09F10700C3
:1090800000F0FF093046761E0DF800902046E117EB
:1090900004EB1171C1F30F14002CE2D17E200DF806
:1090A000060000250BE0785D812807DB785DFE284F
:1090B00004DC701EA84200D106E06D1C6D1CB54298
:1090C00002D2785D2028EED100BF00BF082E04D266
:1090D0003046761C1DF8000000E0202029466D1C5B
:1090E0007854082DF2D3BDE8FC872DE9F041054600
:1090F0000C46022C02D3A869A04202D80120BDE888
:10910000F0812878012804D002282CD003285AD1D5
:109110003DE0274607EB5707686A00EB57212846D2
:1091200000F0CCF900B14EE0C7F3080105F13400BE
:1091300010F801807F1C686A00EB5721284600F078
:10914000BDF900B13FE0C7F3080105F13400405C10
:1091500048EA002804F0010010B14FEA1810CEE7E9
:10916000C8F30B00CBE7686A00EB1421284600F037
:10917000A5F900B127E040F2FF1000EA440105F133
:1091800034000E183078717840EA0120B7E7686A39
:1091900000EBD411284600F091F900B113E040F241
:1091A000FF1000EA840105F134000E18F078000683
:1091B000B17840EA0140717840EA012031780843F3
:1091C00020F070409BE700BF4FF0FF3097E70000B2
:1091D00000487047000021422DE9FC5F81460F46A0
:1091E00007F10908D9F81000002854D0D9F8144024
:1091F000207B0190002516E0605D46B2202E00D154
:1092000013E0052E01D16FF01A06019800F0080056
:1092100030B1412E04DB5A2E02DC06F1200046B2AA
:1092200008F8016B6D1C082DE6D300BF207A2028BA
:109230001AD02E2008F8010B082512E0605D46B216
:10924000202E00D10FE0019800F0100030B1412E27
:1092500004DB5A2E02DC06F1200046B208F8016B4E
:109260006D1C0B2DEAD300BFE07A3872E07F010657
:10927000A07F41EA0041607F41EA0020217F08434E
:109280003860217E607E41EA0020B880A17DE07DCB
:1092900041EA0020F880002088F80000B869E8B3AF
:1092A000F869D8B3D7F818B00025D9F8100088B3FA
:1092B000B9F820004FF6FF7188422BD0D9F81C0076
:1092C00000901FE000215046FFF762FD8246BAF190
:1092D000000F01D100251CE0BAF1FF0F06DD4FEAB7
:1092E0002A2042B228466D1C0BF80020F869401E67
:1092F000A84201D800250CE04FFA8AF228466D1CDE
:109300000BF80020009830F8021BB1F1000A009021
:10931000D8D100BF00200BF8050000E000E000BF3E
:10932000BDE8FC9F30B502460B4600211BE001EB77
:109330004100324C54F820001468A04212D101EBD5
:1093400041002E4C04EB800040689468A04209D193
:1093500001EB4100294C04EB80000089D488A04235
:1093600000D102E0491C0329E1D300BF032927D122
:10937000002100E0491C032906D201EB41001F4CEB
:1093800054F820000028F5D1032901D1002030BD78
:1093900001EB4104194D106845F8240001EB41042C
:1093A00005EB840490686060D08801EB410405EB14
:1093B00084042081002001EB410405EB84046081DA
:1093C00043B101EB41000D4C04EB8000408908B132
:1093D0000020DCE713B14FF4807006E001EB4100A0
:1093E000064C04EB80004089401C01EB4104034D16
:1093F00005EB84046081481CC9E70000801100204F
:1094000010B502468C7ECB7E44EA03201378032BF2
:1094100005D10C7D4B7D44EA032340EA034010BD97
:1094200010B5F8F7EFFBF9F7EFF8F9F7D9FAF9F714
:1094300099FAFDF7EBFAF9F7D7F9F8F727FA0748A1
:10944000008881B20648F8F729FA0020054908701B
:1094500002490880F8F756FA002010BDE800002005
:1094600030200020E7000020F0B503461C460D46E2
:10947000002000BF161EA2F1010207D014F8017BE4
:1094800015F801CBA7EB0C06301EF3D0F0BD70B57C
:1094900003460C4603E014F8015B03F8015B151E5C
:1094A000A2F10102F7D170BD30B5034601E003F827
:1094B000011B141EA2F10102F9D130BD70B50446A2
:1094C0000D46206BA84210D0204600F0BFFA08B12C
:1094D000012070BD607801232A4604F13401FEF7B3
:1094E0005DFF08B10120F4E725630020F1E70146A4
:1094F000487830380A78303A02EB820200EB4200BA
:10950000C0B270470146087830384FF47A7210FBC9
:1095100002F24878303800EBC00303EB001002EB96
:1095200080028878303800EB800002EB4002C87877
:109530003038104480B27047F0B50346087800F028
:109540003F00401E00EB800707EBC002002501260C
:1095500000BF1548405D085C134F7F5D0F447F7866
:1095600040EA07244EB1FF2A01D30020F0BD264671
:109570001046521C23F8104005E04FF6FF7084425D
:1095800001D00020F2E7681C05460D28E1D30878D9
:1095900000F0400030B1FF2A01D30020E6E70020B0
:1095A00023F812000120E1E7D49A00082DE9F047E2
:1095B00005460E461746022E02D3A869B04202D8CD
:1095C0004FF002088AE02878012804D0022841D010
:1095D00003287DD154E0B14609EB5909686A00EBD4
:1095E00059212846FFF76AFF8046B8F1000F00D0E6
:1095F00071E0C9F3080105F134000C1806F0010010
:1096000020B1F9B2207861F31F1000E038462070D5
:1096100009F1010901202871686A00EB59212846E7
:10962000FFF74CFF8046B8F1000F00D053E0C9F3BC
:10963000080105F134000C1806F0010010B1C7F361
:10964000071005E0207800F0F000C7F3032108437D
:10965000207040E0686A00EB16212846FFF72EFFD5
:109660008046B8F1000F00D035E040F2FF1000EA6C
:10967000460105F134000C182770380A60702AE0A2
:10968000686A00EBD6112846FFF718FF8046B8F14C
:10969000000F00D01FE040F2FF1000EA860105F144
:1096A00034000C18E0780006A17840EA01406178A7
:1096B00040EA01202178084300F0704007432770FA
:1096C000380A6070380CA070380EE07003E0FFE7D5
:1096D0004FF0020800BF00BF012028714046BDE8DE
:1096E000F0872DE9F04104460E46022E02D3A06910
:1096F000B04201D8022725E000271FE0314620466E
:10970000FFF7F3FC054605B91BE0012D01D1022747
:1097100017E0681C08B9012713E0002231462046F3
:10972000FFF744FF074607B10BE02069401C20B15A
:109730002069401C2061012060712E46A069B04262
:10974000DCD800BF3846BDE8F081000070B52DEDD3
:10975000048B94B004460D46002012901390109094
:1097600011900026042110AA12ABCDE90032CDE9F8
:10977000021064232A4605212046FFF763FB0646B4
:10978000032E73DBBDF848100819FFF7BBFE5549DF
:109790000880BDF84810091D0819FFF7A8FE5149B7
:1097A0008870BDF84810891D0819FFF7A0FE4D49C3
:1097B000C870BDF8481008310819FFF798FE4949EC
:1097C0000871BDF848100A310819FFF790FE4549A5
:1097D0004871BDF848100C310819FFF788FE41495F
:1097E000887100200C900D900E900F90BDF84200F3
:1097F000002818DDBDF84200102814DABDF8422018
:10980000BDF84A0001190CA8F6F7DAFC0CA8FDF720
:10981000C3F9B0EE408AF0EE608A51EC180BF6F70F
:1098200041FD304988600020089009900A900B9013
:10983000BDF84400002818DDBDF84400102814DAF3
:10984000BDF84420BDF84C00011908A8F6F7B8FC93
:1098500008A8FDF7A1F9B0EE408AF0EE608A51EC5D
:10986000180BF6F71FFD1F49C86000E036E01EA088
:10987000F8F72AFB1B4890ED030A10EE101A084671
:10988000F6F7FDFC41EC180B164890ED020A10EEBD
:10989000101A0846F6F7F3FC41EC190B8DED068B18
:1098A0008DED049B0F4880790E4949790D4A127954
:1098B000CDE9002102900B48C378827801881448D2
:1098C000F8F702FB13480078012803D112A0FDF736
:1098D00025F902E018A0FDF721F900BF14B0BDEC96
:1098E000048B70BD302300200D0A2D2D2D2D2D2D24
:1098F0002D2D2D2D2D2D2D2D2D2D2D2D2D2D2D2D98
:109900002D2D2D2D2D2D2D2D2D2D0D0A000000007E
:10991000D8490308E60000207061676531342E7471
:10992000322E7478743D22CAD7B4CEB4F2D3A1B328
:10993000C9B9A622FFFFFF007061676531342E743C
:10994000322E7478743D22B4F2D3A1B3C9B9A622E1
:10995000FFFFFF0081760B0AC3760A0C02750B0E1F
:109960004375704730B5014600200B2200BF4310FD
:1099700003EBC01411F8015B6319D8B2531E1A1E11
:10998000F5D130BD70B50446204600F05FF80546BD
:10999000002D59D1207803284FD1607900284CD070
:1099A000002020634FF40072002104F13400FFF71F
:1099B0007BFD552184F83212AA2184F833125220FB
:1099C00084F834005221352001556121362001559B
:1099D000412137200155722184F8181284F8191298
:1099E000412184F81A12612184F81B12217C84F829
:1099F0001C12208A010A84F81D122069010C84F8C7
:109A00001E122069010E84F81F12217B84F8201297
:109A1000A089010A84F82112E068010C84F822125E
:109A2000E068010E84F823126078012304F1340108
:109A30006269FEF7EBFC002060716078002211463D
:109A4000FEF786FC00B10125284670BD70B50446BE
:109A5000207910B3256B607801232A4604F1340184
:109A6000FEF7D4FC08B1012070BD00202071606AAF
:109A7000A84212D8E169606A0844A8420DD9E67884
:109A800009E0E0690544607801232A4604F13401C5
:109A9000FEF7BCFC761E022EF3D20020E4E770B580
:109AA00005462C464CB1206838B12068007820B1BA
:109AB0002068C088A188884201D0092070BD216833
:109AC0004878FEF79BFC00F0010008B10320F5E7A1
:109AD0000020F3E701030507090E10121416181CE5
:109AE0001E00A400E8A1A700ECA1A800A7A1B00057
:109AF000E3A1B100C0A1B700A4A1D700C1A1E000BB
:109B0000A4A8E100A2A8E800A8A8E900A6A8EA0085
:109B1000BAA8EC00ACA8ED00AAA8F200B0A8F30027
:109B2000AEA8F700C2A1F900B4A8FA00B2A8FC00E0
:109B3000B9A80101A1A81301A5A81B01A7A82B0181
:109B4000A9A84401BDA84801BEA84D01ADA86B015C
:109B5000B1A8CE01A3A8D001ABA8D201AFA8D4016F
:109B6000B3A8D601B5A8D801B6A8DA01B7A8DC0118
:109B7000B8A85102BBA86102C0A8C702A6A1C90229
:109B8000A5A1CA0240A8CB0241A8D90242A89103CC
:109B9000A1A69203A2A69303A3A69403A4A6950349
:109BA000A5A69603A6A69703A7A69803A8A6990319
:109BB000A9A69A03AAA69B03ABA69C03ACA69D03E9
:109BC000ADA69E03AEA69F03AFA6A003B0A6A103B9
:109BD000B1A6A303B2A6A403B3A6A503B4A6A60385
:109BE000B5A6A703B6A6A803B7A6A903B8A6B1034E
:109BF000C1A6B203C2A6B303C3A6B403C4A6B503E9
:109C0000C5A6B603C6A6B703C7A6B803C8A6B903B8
:109C1000C9A6BA03CAA6BB03CBA6BC03CCA6BD0388
:109C2000CDA6BE03CEA6BF03CFA6C003D0A6C10358
:109C3000D1A6C303D2A6C403D3A6C503D4A6C60324
:109C4000D5A6C703D6A6C803D7A6C903D8A60104BC
:109C5000A7A71004A1A71104A2A71204A3A7130485
:109C6000A4A71404A5A71504A6A71604A8A717045B
:109C7000A9A71804AAA71904ABA71A04ACA71B0428
:109C8000ADA71C04AEA71D04AFA71E04B0A71F04F8
:109C9000B1A72004B2A72104B3A72204B4A72304C8
:109CA000B5A72404B6A72504B7A72604B8A7270498
:109CB000B9A72804BAA72904BBA72A04BCA72B0468
:109CC000BDA72C04BEA72D04BFA72E04C0A72F0438
:109CD000C1A73004D1A73104D2A73204D3A73304DB
:109CE000D4A73404D5A73504D6A73604D8A737049B
:109CF000D9A73804DAA73904DBA73A04DCA73B0468
:109D0000DDA73C04DEA73D04DFA73E04E0A73F0437
:109D1000E1A74004E2A74104E3A74204E4A7430407
:109D2000E5A74404E6A74504E7A74604E8A74704D7
:109D3000E9A74804EAA74904EBA74A04ECA74B04A7
:109D4000EDA74C04EEA74D04EFA74E04F0A74F0477
:109D5000F1A75104D7A710205CA9132043A8142011
:109D6000AAA1152044A81620ACA11820AEA1192044
:109D7000AFA11C20B0A11D20B1A1252045A82620FF
:109D8000ADA13020EBA13220E4A13320E5A13520A4
:109D900046A83B20F9A1AC2080000321E6A10521C3
:109DA00047A8092148A81621EDA1212159A9602120
:109DB000F1A26121F2A26221F3A26321F4A2642143
:109DC000F5A26521F6A26621F7A26721F8A2682113
:109DD000F9A26921FAA26A21FBA26B21FCA27021DF
:109DE000A1A27121A2A27221A3A27321A4A2742113
:109DF000A5A27521A6A27621A7A27721A8A27821E3
:109E0000A9A27921AAA29021FBA19121FCA19221D2
:109E1000FAA19321FDA1962149A897214AA898214A
:109E20004BA899214CA80822CAA10F22C7A1112230
:109E3000C6A115224DA81A22CCA11D22D8A11E22EE
:109E4000DEA11F224EA82022CFA123224FA8252227
:109E5000CEA12722C4A12822C5A12922C9A12A2234
:109E6000C8A12B22D2A12E22D3A13422E0A13522D7
:109E7000DFA13622C3A13722CBA13D22D7A14822A0
:109E8000D6A14C22D5A1522250A86022D9A161228C
:109E9000D4A16422DCA16522DDA1662251A867223B
:109EA00052A86E22DAA16F22DBA1952292A89922F4
:109EB000D1A1A522CDA1BF2253A81223D0A16024F5
:109EC000D9A26124DAA26224DBA26324DCA2642486
:109ED000DDA26524DEA26624DFA26724E0A2682456
:109EE000E1A26924E2A27424C5A27524C6A2762444
:109EF000C7A27724C8A27824C9A27924CAA27A2446
:109F0000CBA27B24CCA27C24CDA27D24CEA27E2415
:109F1000CFA27F24D0A28024D1A28124D2A28224E5
:109F2000D3A28324D4A28424D5A28524D6A28624B5
:109F3000D7A28724D8A28824B1A28924B2A28A24D5
:109F4000B3A28B24B4A28C24B5A28D24B6A28E24F5
:109F5000B7A28F24B8A29024B9A29124BAA29224C5
:109F6000BBA29324BCA29424BDA29524BEA2962495
:109F7000BFA29724C0A29824C1A29924C2A29A2465
:109F8000C3A29B24C4A20025A4A90125A5A902253A
:109F9000A6A90325A7A90425A8A90525A9A90625D9
:109FA000AAA90725ABA90825ACA90925ADA90A25A9
:109FB000AEA90B25AFA90C25B0A90D25B1A90E2579
:109FC000B2A90F25B3A91025B4A91125B5A9122549
:109FD000B6A91325B7A91425B8A91525B9A9162519
:109FE000BAA91725BBA91825BCA91925BDA91A25E9
:109FF000BEA91B25BFA91C25C0A91D25C1A91E25B9
:10A00000C2A91F25C3A92025C4A92125C5A9222588
:10A01000C6A92325C7A92425C8A92525C9A9262558
:10A02000CAA92725CBA92825CCA92925CDA92A2528
:10A03000CEA92B25CFA92C25D0A92D25D1A92E25F8
:10A04000D2A92F25D3A93025D4A93125D5A93225C8
:10A05000D6A93325D7A93425D8A93525D9A9362598
:10A06000DAA93725DBA93825DCA93925DDA93A2568
:10A07000DEA93B25DFA93C25E0A93D25E1A93E2538
:10A08000E2A93F25E3A94025E4A94125E5A9422508
:10A09000E6A94325E7A94425E8A94525E9A94625D8
:10A0A000EAA94725EBA94825ECA94925EDA94A25A8
:10A0B000EEA94B25EFA9502554A8512555A85225A6
:10A0C00056A8532557A8542558A8552559A85625AC
:10A0D0005AA857255BA858255CA859255DA85A257C
:10A0E0005EA85B255FA85C2560A85D2561A85E254C
:10A0F00062A85F2563A8602564A8612565A862251C
:10A1000066A8632567A8642568A8652569A86625EB
:10A110006AA867256BA868256CA869256DA86A25BB
:10A120006EA86B256FA86C2570A86D2571A86E258B
:10A1300072A86F2573A8702574A8712575A872255B
:10A1400076A8732577A8812578A8822579A8832504
:10A150007AA884257BA885257CA886257DA88725C7
:10A160007EA8882580A8892581A88A2582A88B2594
:10A1700083A88C2584A88D2585A88E2586A88F2563
:10A1800087A8932588A8942589A895258AA8A0251D
:10A19000F6A1A125F5A1B225F8A1B325F7A1BC250B
:10A1A0008BA8BD258CA8C625F4A1C725F3A1CB2576
:10A1B000F0A1CE25F2A1CF25F1A1E2258DA8E325BE
:10A1C0008EA8E4258FA8E52590A80526EFA10626F0
:10A1D000EEA1092691A84026E2A14226E1A1003085
:10A1E000A1A10130A2A10230A3A10330A8A1053092
:10A1F000A9A1063065A9073096A90830B4A1093095
:10A20000B5A10A30B6A10B30B7A10C30B8A10D3002
:10A21000B9A10E30BAA10F30BBA11030BEA11130D0
:10A22000BFA1123093A81330FEA11430B2A1153093
:10A23000B3A11630BCA11730BDA11D3094A81E30AB
:10A2400095A8213040A9223041A9233042A92430C9
:10A2500043A9253044A9263045A9273046A92830EE
:10A2600047A9293048A94130A1A44230A2A44330D3
:10A27000A3A44430A4A44530A5A44630A6A44730E6
:10A28000A7A44830A8A44930A9A44A30AAA44B30B6
:10A29000ABA44C30ACA44D30ADA44E30AEA44F3086
:10A2A000AFA45030B0A45130B1A45230B2A4533056
:10A2B000B3A45430B4A45530B5A45630B6A4573026
:10A2C000B7A45830B8A45930B9A45A30BAA45B30F6
:10A2D000BBA45C30BCA45D30BDA45E30BEA45F30C6
:10A2E000BFA46030C0A46130C1A46230C2A4633096
:10A2F000C3A46430C4A46530C5A46630C6A4673066
:10A30000C7A46830C8A46930C9A46A30CAA46B3035
:10A31000CBA46C30CCA46D30CDA46E30CEA46F3005
:10A32000CFA47030D0A47130D1A47230D2A47330D5
:10A33000D3A47430D4A47530D5A47630D6A47730A5
:10A34000D7A47830D8A47930D9A47A30DAA47B3075
:10A35000DBA47C30DCA47D30DDA47E30DEA47F3045
:10A36000DFA48030E0A48130E1A48230E2A4833015
:10A37000E3A48430E4A48530E5A48630E6A48730E5
:10A38000E7A48830E8A48930E9A48A30EAA48B30B5
:10A39000EBA48C30ECA48D30EDA48E30EEA48F3085
:10A3A000EFA49030F0A49130F1A49230F2A4933055
:10A3B000F3A49B3061A99C3062A99D3066A99E30B0
:10A3C00067A9A130A1A5A230A2A5A330A3A5A4305E
:10A3D000A4A5A530A5A5A630A6A5A730A7A5A830F9
:10A3E000A8A5A930A9A5AA30AAA5AB30ABA5AC30C9
:10A3F000ACA5AD30ADA5AE30AEA5AF30AFA5B03099
:10A40000B0A5B130B1A5B230B2A5B330B3A5B43068
:10A41000B4A5B530B5A5B630B6A5B730B7A5B83038
:10A42000B8A5B930B9A5BA30BAA5BB30BBA5BC3008
:10A43000BCA5BD30BDA5BE30BEA5BF30BFA5C030D8
:10A44000C0A5C130C1A5C230C2A5C330C3A5C430A8
:10A45000C4A5C530C5A5C630C6A5C730C7A5C83078
:10A46000C8A5C930C9A5CA30CAA5CB30CBA5CC3048
:10A47000CCA5CD30CDA5CE30CEA5CF30CFA5D03018
:10A48000D0A5D130D1A5D230D2A5D330D3A5D430E8
:10A49000D4A5D530D5A5D630D6A5D730D7A5D830B8
:10A4A000D8A5D930D9A5DA30DAA5DB30DBA5DC3088
:10A4B000DCA5DD30DDA5DE30DEA5DF30DFA5E03058
:10A4C000E0A5E130E1A5E230E2A5E330E3A5E43028
:10A4D000E4A5E530E5A5E630E6A5E730E7A5E830F8
:10A4E000E8A5E930E9A5EA30EAA5EB30EBA5EC30C8
:10A4F000ECA5ED30EDA5EE30EEA5EF30EFA5F03098
:10A50000F0A5F130F1A5F230F2A5F330F3A5F43067
:10A51000F4A5F530F5A5F630F6A5FC3060A9FD30C0
:10A5200063A9FE3064A90531C5A80631C6A8073164
:10A53000C7A80831C8A80931C9A80A31CAA80B316F
:10A54000CBA80C31CCA80D31CDA80E31CEA80F313F
:10A55000CFA81031D0A81131D1A81231D2A813310F
:10A56000D3A81431D4A81531D5A81631D6A81731DF
:10A57000D7A81831D8A81931D9A81A31DAA81B31AF
:10A58000DBA81C31DCA81D31DDA81E31DEA81F317F
:10A59000DFA82031E0A82131E1A82231E2A823314F
:10A5A000E3A82431E4A82531E5A82631E6A827311F
:10A5B000E7A82831E8A82931E9A82032E5A221320C
:10A5C000E6A22232E7A22332E8A22432E9A225320F
:10A5D000EAA22632EBA22732ECA22832EDA22932DF
:10A5E000EEA231325AA9A33249A98E334AA98F3338
:10A5F0004BA99C334CA99D334DA99E334EA9A13341
:10A600004FA9C43350A9CE3351A9D13352A9D23363
:10A6100053A9D53354A9004EBBD2014EA1B6024E68
:10A620004081034EDFC6044E4181054E4281064EF5
:10A630004381074EF2CD084EC9D5094EFDC80A4EDA
:10A64000CFC90B4EC2CF0C4EA2D80D4EBBB20E4E90
:10A65000EBD30F4E4481104EA4D8114EF3B3124EDB
:10A660004581134EA8D7144ED2C7154EA7D8164E03
:10A67000C0CA174E4681184EF0C7194EFBB11A4E8C
:10A68000B5D21B4ED4B41C4EABB61D4EBFCB1E4E26
:10A69000A9D81F4E4781204E4881214E4981224E24
:10A6A000AAB6234E4A81244EBDC1254ECFD1264E97
:10A6B0004B81274EA5C9284EADD8294E4C812A4E34
:10A6C000F6B82B4EBED12C4EDCE32D4ED0D62E4EFE
:10A6D0004D812F4E4E81304EE1B7314E4F81324E7B
:10A6E000AEB4334E5081344ED9C1354E5181364EC1
:10A6F000BCD8374E5281384EE8CD394EA4B53A4ECB
:10A70000AACE3B4EF7D63C4E53813D4EF6C03E4E50
:10A71000D9BE3F4EAFD8404E5481414E5581424E36
:10A720005681434ECBC4444E5781454EC3BE464E20
:10A730005881474EB1D8484EB4C3494EE5D24A4E2F
:10A7400059814B4EAED64C4EDACE4D4EA7D54E4E1D
:10A75000F5BA4F4EA6B7504ED6C0514E5A81524E02
:10A76000B9C6534ED2C5544EC7C7554E5B81564EDF
:10A77000D4B9574E5C81584ECBB3594ED2D25A4EB3
:10A780005D815B4E5E815C4EBFD85D4EC5BE5E4E48
:10A79000F2C65F4EB2D2604EB0CF614EE7CF624E8E
:10A7A0005F81634E6081644E6181654E6281664E59
:10A7B000E9CA674E6381684E6481694EC0D86A4EAB
:10A7C00065816B4E66816C4E67816D4E68816E4E01
:10A7D00069816F4E6A81704EF2C2714ED2C2724E62
:10A7E0006B81734EE9C8744E6C81754E6D81764EE7
:10A7F0006E81774E6F81784E7081794E71817A4E7D
:10A8000072817B4E73817C4E74817D4E75817E4E4C
:10A81000ACC77F4E7681804E7781814E7881824EA3
:10A820007981834E7A81844E7B81854E7C81864EF0
:10A83000CBC1874E7D81884EE8D3894EF9D58A4EAB
:10A840007E818B4EC2CA8C4EFEB68D4EA1D88E4EE6
:10A85000DAD38F4EF7BF904E8081914EC6D4924E80
:10A86000A5BB934EC1D8944EE5CE954EAEBE964E46
:10A870008181974E8281984EA8D8994E83819A4EB5
:10A88000C7D19B4EA9D09C4E84819D4E85819E4E02
:10A8900086819F4EBDD8A04EEFD9A14EF6CDA24ED7
:10A8A000BABFA34E8781A44EBBBDA54EA5BAA64E86
:10A8B000E0D2A74EFAB2A84EE0BAA94EB6C4AA4E4C
:10A8C0008881AB4EEDCFAC4EA9BEAD4EA4CDAE4E01
:10A8D000C1C1AF4E8981B04E8A81B14E8B81B24EDB
:10A8E000D7C7B34EF1D9B44E8C81B54EF4D9B64E1C
:10A8F0008D81B74E8E81B84E8F81B94E9081BA4E00
:10A90000CBC8BB4EE9D8BC4E9181BD4E9281BE4EA4
:10A910009381BF4EDAD2C04EB2CAC14ECAC8C24E2F
:10A92000ECD8C34EEAD8C44EC6D8C54EF6BDC64E06
:10A93000CDC6C74EF0B3C84E9481C94EEBD8CA4EAF
:10A94000F1BDCB4EE9BDCC4E9581CD4ED4C8CE4E97
:10A95000D3B4CF4E9681D04E9781D14ED8C2D24E2D
:10A960009881D34ED6B2D44ED0D7D54ECBCAD64E80
:10A97000FBCBD74ECCD5D84EB6B8D94EC9CFDA4ED0
:10A980009981DB4E9A81DC4E9B81DD4EDAD9DE4E19
:10A99000F0D8DF4EAAC7E04E9C81E14EEED8E24EE1
:10A9A0009D81E34EFAB4E44EEEC1E54ED4D2E64EBC
:10A9B0009E81E74E9F81E84EEDD8E94EA081EA4E98
:10A9C000C7D2EB4EEFD8EC4EC7C3ED4EA181EE4E91
:10A9D000A281EF4EA381F04EF6D1F14EA481F24E4A
:10A9E000D9D6F34EF2D8F44EA581F54EF5D8F64EF1
:10A9F000FEBCF74EDBBCF84EA681F94EA781FA4E9D
:10AA0000A881FB4ECEC8FC4EA981FD4EDDB7FE4E9F
:10AA1000AA81FF4EC2B7004FAB81014FF3C6024F70
:10AA2000AC81034FAD81044FAE81054FAF81064F1E
:10AA3000B081074FB181084FB281094FF8D80A4F52
:10AA4000C1D20B4FB3810C4FB4810D4FE9CE0E4FE5
:10AA5000BFBC0F4FFCB7104FA5B7114FDDD0124F41
:10AA6000B581134FB681144FB781154FB881164F7A
:10AA7000B981174FDAD6184FC5D3194FEFBB1A4F0C
:10AA8000E1BB1B4FF1D81C4FBA811D4FBB811E4F3C
:10AA9000A1C91F4FB0CE204FABB4214FBC81224F74
:10AAA000F3D8234FBD81244FCBC9254FF6D8264F6D
:10AAB000D7C2274FF7D8284FBE81294FBF812A4FD1
:10AAC000B1CE2B4FF9D82C4FC0812D4FC1812E4FC5
:10AAD000C2812F4FAEB2304FC0B9314FC381324F18
:10AAE000A3D9334FC481344FE9B0354FC581364FB8
:10AAF000E6C1374FC681384FECC9394FC7813A4F4D
:10AB0000C5CB3B4FC8813C4FC6CB3D4FA4D93E4F30
:10AB1000C9813F4FCA81404FCB81414FCC81424FC9
:10AB2000CD81434FE8B5444FCE81454FCF81464F4D
:10AB3000ABB5474FD081484FD181494FD2814A4F61
:10AB4000D3814B4FD4814C4FD5814D4FBBCE4E4F0F
:10AB5000CDB54F4FA1D7504FF4D7514FD3D3524F0C
:10AB6000D681534FE5CC544FD781554FCEBA564F6F
:10AB7000D881574FA2D9584FDCD9594FE0D35A4FFB
:10AB8000FDD85B4FF0B75C4FF7D75D4FFED85E4FF7
:10AB9000FAD85F4FA1D9604FE3C4614FD981624FAA
:10ABA000DA81634FB6D3644FF4D8654FDDD9664F71
:10ABB000DB81674FFBD8684FDC81694FE5C56A4F81
:10ABC000DD816B4FDE816C4FD0C06D4FDF816E4FEA
:10ABD000E0816F4FF0D1704FDBB0714FE181724F68
:10ABE000E281734FD1BC744FA6D9754FE381764F84
:10ABF000A5D9774FE481784FE581794FE6817A4F87
:10AC0000E7817B4FACD97C4FAED97D4FE8817E4F39
:10AC1000ABD97F4FB9CA804FE981814FEA81824F1A
:10AC2000EB81834FA9D9844FB6D6854FEC81864FEF
:10AC3000ED81874FEE81884FDEB3894FA8D98A4FC7
:10AC4000EF818B4FFDC08C4FF0818D4FCCCA8E4F62
:10AC5000F1818F4FAAD9904FF281914FA7D9924F8E
:10AC6000F381934FF481944FB0D9954FF581964F6E
:10AC7000F681974FB1B6984FF781994FF8819A4F67
:10AC8000F9819B4FA9B99C4FFA819D4FC0D29E4F2D
:10AC9000FB819F4FFC81A04FC0CFA14FFD81A24FF0
:10ACA000FE81A34FC2C2A44F4082A54FC4BDA64F90
:10ACB000ECD5A74FE0B2A84FC8C7A94FEBBFAA4F2A
:10ACC000ADD9AB4F4182AC4FAFD9AD4F4282AE4F01
:10ACD000EACEAF4FEEBAB04F4382B14F4482B24F8B
:10ACE0004582B34F4682B44F4782B54FD6C7B64F61
:10ACF0004882B74F4982B84F4A82B94F4B82BA4F08
:10AD00004C82BB4F4D82BC4F4E82BD4F4F82BE4FD7
:10AD10005082BF4FE3B1C04F5182C14F5282C24FE8
:10AD20005382C34FD9B4C44FEDB6C54FB4D9C64F43
:10AD30005482C74F5582C84F5682C94F5782CA4F57
:10AD4000A1BFCB4F5882CC4F5982CD4F5A82CE4FA4
:10AD5000DED9CF4FCEC7D04FFEC0D14FB8D9D24FDA
:10AD60005B82D34F5C82D44F5D82D54F5E82D64FDB
:10AD70005F82D74FD7CBD84FFDB7D94F6082DA4F1C
:10AD8000B5D9DB4F6182DC4FB7D9DD4FA3B1DE4FC0
:10AD9000E1D3DF4FB9D9E04F6282E14FC5D0E24F36
:10ADA0006382E34FB6D9E44F6482E54F6582E64F94
:10ADB000B1D9E74F6682E84FB2D9E94FA9C1EA4F4E
:10ADC000B3D9EB4F6782EC4F6882ED4FF3BCEE4F87
:10ADD000DED0EF4FA9B8F04F6982F14FE3BEF24FDA
:10ADE0006A82F34FBDD9F44F6B82F54F6C82F64FF8
:10ADF0006D82F74F6E82F84FBAD9F94F6F82FA4FD2
:10AE0000B3B0FB4F7082FC4F7182FD4F7282FE4FD8
:10AE1000C2D9FF4F73820050748201507582025074
:10AE200076820350778204507882055079820650EA
:10AE30007A8207507B8208507C8209507D820A50BA
:10AE40007E820B5080820C50C4D90D50B6B10E508A
:10AE500081820F50BFD910508282115083821250CC
:10AE6000B9B5135084821450F3BE15508582165024
:10AE70008682175087821850C8CC1950F2BA1A50DF
:10AE8000D0D21B5088821C50C3D91D5089821E50BD
:10AE90008A821F50E8BD20508B822150ABB32250D4
:10AEA0008C8223508D8224508E822550C5D9265005
:10AEB000EBBE27508F822850C6D92950BBD92A50C3
:10AEC000DFC42B5090822C50BED92D50C1D92E50AA
:10AED000C0D92F509182305092823150938232509B
:10AEE00094823350958234509682355097823650F2
:10AEF00098823750998238509A8239509B823A50C2
:10AF0000AED53B509C823C50B5D63D509D823E50C4
:10AF1000E3C73F509E8240509F824150A0824250E2
:10AF2000A1824350C8D94450A2824550A3824650C2
:10AF3000A4824750D9BC4850CAD94950A5824A502A
:10AF4000A6824B50A7824C50BCD94D50A8824E507F
:10AF5000CBD94F50ABC65050A9825150AA82525003
:10AF6000AB825350AC825450AD825550C9D9565023
:10AF7000AE825750AF825850B0825950B1825A5069
:10AF8000F6D75B50B2825C50A3CD5D50B3825E5069
:10AF9000B4825F50B5826050B6826150B782625011
:10AFA000B8826350B9826450BA826550A1BD6650C0
:10AFB000BB826750BC826850BD826950BE826A50B5
:10AFC000BF826B50C0826C50CCD96D50C1826E5024
:10AFD000C2826F50C3827050C4827150C582725059
:10AFE000C6827350C7827450C8827550C982765029
:10AFF000BCC57750B5CD7850CA827950CB827A5093
:10B00000CC827B50CDD97C50CD827D50CE827E507B
:10B01000C7D97F50A5B38050FEBF8150CF828250E8
:10B02000D0828350D1828450D2828550B5B8865068
:10B03000D3828750D4828850FCC08950D5828A50F0
:10B04000D6828B50D7828C50D8828D50F8B08E50DB
:10B05000D9828F50DA829050DB829150DC829250FC
:10B06000DD829350DE829450DF829550E0829650CC
:10B07000E1829750E2829850E3829950E4829A509C
:10B08000E5829B50E6829C50E7829D50E8829E506C
:10B09000E9829F50EA82A050EB82A150EC82A2503C
:10B0A000ED82A350F6B4A450EE82A550CED9A6509E
:10B0B000EF82A750CFD9A850A2B4A950D0D9AA5096
:10B0C000F082AB50F182AC50DFB4AD50F282AE50A2
:10B0D000F382AF50F482B050F582B150F682B25094
:10B0E000C1B0B350F782B450F882B550F982B6506F
:10B0F000FA82B750FB82B850FC82B950FD82BA5038
:10B10000D1D9BB50B5C9BC50FE82BD504083BE50A2
:10B110004183BF504283C0504383C1504483C250D7
:10B120004583C3504683C4504783C5504883C650A7
:10B130004983C7504A83C8504B83C9504C83CA5077
:10B140004D83CB504E83CC504F83CD505083CE5047
:10B150005183CF50F1CFD0505283D1505383D2502E
:10B160005483D3505583D4505683D5505783D650EB
:10B17000D2D9D7505883D8505983D9505A83DA50EE
:10B18000C5C1DB505B83DC505C83DD505D83DE50EA
:10B190005E83DF505F83E0506083E1506183E25063
:10B1A0006283E3506383E4506483E5506583E65033
:10B1B000D6D9E750AEC9E8506683E9506783EA50B4
:10B1C0006883EB506983EC50D5D9ED50D4D9EE505B
:10B1D000D7D9EF506A83F0506B83F1506C83F250F3
:10B1E0006D83F350DBCBF4506E83F550A9BDF65060
:10B1F0006F83F7507083F8507183F9507283FA505F
:10B200007383FB50A7C6FC507483FD507583FE50BA
:10B210007683FF50778300517883015179830251FF
:10B220007A8303517B8304517C8305517D830651CE
:10B23000D3D90751D8D908517E83095180830A5147
:10B2400081830B51D9D90C5182830D5183830E51C7
:10B2500084830F5185831051868311518783125146
:10B26000E5C8135188831451898315518A83165177
:10B270008B8317518C8318518D8319518E831A51EA
:10B280008F831B5190831C5191831D5192831E51BA
:10B2900093831F519483205195832151DCC0225107
:10B2A000968323519783245198832551998326515E
:10B2B0009A8327519B8328519C8329519D832A512E
:10B2C0009E832B519F832C51A0832D51A1832E51FE
:10B2D000A2832F51A3833051A4833151A5833251CE
:10B2E000A6833351A7833451A8833551A98336519E
:10B2F000AA833751AB833851AC833951AD833A516E
:10B30000AE833B51AF833C51B0833D51B1833E513D
:10B31000B2833F51F9B64051A3D84151CAD44251EA
:10B32000B3834351AAD44451D6D04551E4B34651D6
:10B33000D7D54751B4834851C8CF4951E2B94A5192
:10B34000B5834B51CBBF4C51B6834D51E2C34E51E7
:10B35000B7834F51B8835051B9835151D2B652512E
:10B36000BA835351BB835451C3CD5551EED9565175
:10B37000F0D95751BC835851BD835951BE835A519E
:10B38000B3B55B51BF835C51B5B65D51C0835E51AF
:10B39000C1835F51C2836051C3836151C4836251D1
:10B3A000A4BE6351C5836451C6836551EBC8665121
:10B3B000C7836751C8836851ABC86951C9836A5153
:10B3C000CA836B51CBB06C51ABB96D51F9C16E51A1
:10B3D000E2D96F51CB837051BCC07151B2B9725177
:10B3E000CC837351D8B97451CBD07551F8B1765123
:10B3F000E4C67751DFBE7851E4B57951C8D77A51A8
:10B40000CD837B51F8D17C51E6BC7D51DECA7E51A3
:10B41000CE837F51CF838051BDBC8151E6D982510B
:10B42000E7D88351D0838451D1838551DAC48651C2
:10B43000D2838751D3838851D4B88951BDC88A51EA
:10B44000D4838B51D5838C51E1B28D51D9D48E5197
:10B45000D6838F51D7839051D8839151D9839251FC
:10B46000B0C39351DA839451DB839551E1C3965174
:10B47000A2DA9751DFC89851DC839951B4D09A5120
:10B48000DD839B51FCBE9C51A9C59D51DE839E511D
:10B49000DF839F51E083A051DAB9A151E183A2512A
:10B4A000A3DAA351E283A451A9D4A551A4DAA651E9
:10B4B000E383A751E483A851E583A951E683AA5108
:10B4C000E783AB51FBD9AC51ACB6AD51E883AE517B
:10B4D000E983AF51EBB7B051F9B1B151FCD9B251D9
:10B4E000E5B3B351F6BEB451EA83B551F6BFB651D8
:10B4F000B1D2B751E4C0B851EB83B951EC83BA5122
:10B50000ED83BB51B3B6BC51FED9BD51FDD9BE517F
:10B51000EE83BF51EF83C051BBBEC151F083C25116
:10B52000F183C351F283C451E0C6C551F383C651C0
:10B53000BCD7C751A1DAC851F483C951B9C1CA51A6
:10B54000F583CB51F2B5CC51E8C1CD51F683CE5144
:10B55000F783CF51F5BCD051F883D151D5B4D25136
:10B56000F983D351FA83D451FB83D551FC83D6514F
:10B57000FD83D751FE83D8514084D9514184DA519B
:10B580004284DB51DDC1DC514384DD51FDC4DE5119
:10B590004484DF514584E051B8BCE151B2B7E25177
:10B5A0004684E3514784E451EFB7E5514884E651BE
:10B5B0004984E7514A84E8514B84E9514C84EA516B
:10B5C0004D84EB51ECD9EC514E84ED51BEC6EE5199
:10B5D0004F84EF51ADBFF051CBBBF1515084F251CC
:10B5E0005184F351CAB5F4515284F551C9DBF65177
:10B5F000D7D0F7515384F851B9CDF951BCB0FA51B5
:10B60000F6B3FB51F7BBFC51CADBFD51AFBAFE519B
:10B610005484FF51E4D40052B6B50152F3B502523E
:10B62000D6D80352D0C804525584055256840652C7
:10B63000D6B70752D0C70852D7D8095257840A52F2
:10B64000AFBF0B5258840C5259840D52BBDB0E52C3
:10B65000D8D80F525A8410525B841152CCD0125257
:10B66000AEBB13525C8414525D8415525E84165234
:10B67000BEEB1752D0C11852F5C11952F2D41A526A
:10B68000D5B81B52B4B41C525F841D52F5B31E5280
:10B6900060841F5261842052BEC9215262842252AA
:10B6A0006384235264842452D0C525526584265273
:10B6B0006684275267842852D9C52952FBC02A5272
:10B6C00068842B52F0B12C5269842D52D9D82E5255
:10B6D000CEB92F526A843052BDB531526B8432528A
:10B6E0006C843352DAD834526D8435526E843652BB
:10B6F000C6D63752A2CB3852AFC83952B2C93A5225
:10B70000CCB43B52CCBF3C526F843D52F4B93E5254
:10B7100070843F52DBD84052DCD84152E7B64252E7
:10B72000C1BC4352EACC44527184455272844652A1
:10B7300073844752748448527584495276844A52BD
:10B74000F7CF4B5277844C52DDD84D52B0C74E5292
:10B7500078844F5279845052D0B95152A3BD52527D
:10B760007A8453527B845452DECC55527C84565298
:10B77000CAC657527D8458527E84595280845A5288
:10B7800081845B5282845C52E0D85D5283845E5235
:10B79000DED85F528484605285846152DFD8625261
:10B7A000868463528784645288846552FEB06652F0
:10B7B00089846752E7BE68528A846952A3CA6A5272
:10B7C000F4BC6B528B846C528C846D528D846E529F
:10B7D0008E846F52B1B870528F84715290847252BD
:10B7E000EEB8735291847452928475529384765257
:10B7F00094847752958478529684795297847A52B9
:10B8000098847B5299847C529A847D52E2D87E52ED
:10B810009B847F52CBBD80529C848152E4D882525B
:10B82000E3D883529D8484529E8485529F8486529D
:10B83000A0848752A1848852FCC58952A2848A526E
:10B84000A3848B52A4848C52A5848D52A6848E52DC
:10B85000A7848F52A8849052E5D89152A98492521D
:10B86000AA849352E6D89452AB849552AC849652F3
:10B87000AD849752AE849852AF849952B0849A5254
:10B88000B1849B52A6C19C52B2849D52B0C89E52B4
:10B89000ECB09F52A6B9A052D3BCA152F1CEA25295
:10B8A000BDDBA352D3C1A452B384A552B484A65223
:10B8B000B584A752B684A852AFB6A952FAD6AA52F6
:10B8C000ACC5AB52D9BDAC52BEDBAD52BFDBAE5244
:10B8D000B784AF52B884B052B984B152F8C0B252F2
:10B8E000A2BEB352CDC0B452BA84B552BB84B652D4
:10B8F000BC84B752BD84B852BE84B952BF84BA5218
:10B90000C084BB52C184BC52C284BD52C384BE52E7
:10B91000C0DBBF52C6CAC052C484C152C584C25221
:10B92000C684C352AAB2C452C784C552C884C65280
:10B93000C984C752C2D3C852CA84C952E3C3CA52C7
:10B94000CB84CB52ABD1CC52CC84CD52CD84CE5211
:10B95000CE84CF52CF84D052C2DBD152D084D252C7
:10B96000D5C0D352D184D452D284D552D384D652A6
:10B97000C3DBD752D484D852B1BFD952D584DA525E
:10B98000D684DB52D784DC52D884DD52D984DE528F
:10B99000DA84DF52BCC4E052DB84E152DC84E25240
:10B9A000DD84E352DE84E452DAC7E552DF84E652F6
:10B9B000E084E752E184E852E284E952E384EA5207
:10B9C000E484EB52E584EC52E684ED52E784EE52D7
:10B9D000E884EF52E984F052C4DBF152EA84F25277
:10B9E000EB84F352EC84F452ED84F552EE84F6527B
:10B9F000EF84F752F084F852F184F952E8D9FA5200
:10BA0000D7C9FB52F284FC52F384FD52F484FE52F7
:10BA1000B4B9FF52F0CE0053C8D40153F584025399
:10BA2000F6840353F7840453F8840553FCB006539B
:10BA3000D2B40753F9840853D9D00953FA840A536E
:10BA4000FB840B53FC840C53FD840D53E9D90E5336
:10BA5000FE840F53CBDE1053EBD9115340851253A4
:10BA6000418513534285145343851553B0D816535B
:10BA7000AFBB1753B1B1185344851953D7B31A53F9
:10BA8000CED81B5345851C5346851D53D1D41E5318
:10BA900047851F5348852053B3BD2153EFBF225321
:10BAA00049852353BBCF24534A8525534B852653C1
:10BAB000D0D827534C8528534D8529534E852A537A
:10BAC000CBB72B534F852C5350852D5351852E5377
:10BAD000D1D82F5352853053538531535485325327
:10BAE00055853353568534535785355358853653CA
:10BAF000598537535A8538535B853953A5C63A5310
:10BB0000F8C73B53BDD23C535C853D535D853E53E6
:10BB1000D2D83F53E4C440535E854153AECA42532A
:10BB20005F854353A7C7445360854553A6D8465302
:10BB300061854753FDC94853E7CE4953DCBB4A539F
:10BB4000EBB04B5362854C5363854D5364854E5324
:10BB5000AABB4F53ADD0505365855153B0B152532A
:10BB6000E4D75353BFD7545366855553A5B55653A1
:10BB7000F4C25753CFC458536785595368855A53F5
:10BB8000A9B25B5369855C53B7B25D536A855E5356
:10BB9000E5B15F53B2DF6053BCD56153A8BF6253B8
:10BBA000ACC26353D5D86453B1C265536B85665339
:10BBB000D4D86753D4CE68536C856953E0DA6A539E
:10BBC0006D856B53C0CE6C536E856D536F856E5310
:10BBD000B4D86F53AEC37053A1D37153A3CE725375
:10BBE00070857353B4BC7453B4C87553D1C27653C3
:10BBF00071857753EDBE7853B6D0795372857A53F9
:10BC0000E1DA7B5373857C5374857D5375857E5350
:10BC100076857F53E4C78053778581537885825337
:10BC2000A7B3835379858453F2B68553FCCC8653EE
:10BC3000FAC087537A8588537B858953F7C08A5326
:10BC40007C858B53B9D18C53E1D18D53C7D88E539A
:10BC50007D858F537E859053808591538185925346
:10BC6000828593538385945384859553DEB296538E
:10BC70008585975386859853E5C0995387859A5350
:10BC8000F1BA9B5388859C5389859D53C8D89E5390
:10BC90008A859F53ADD4A0538B85A1538C85A25325
:10BCA000E1CFA353C9D8A4538D85A553CAD8A653B1
:10BCB000C3CFA7538E85A853F8B3A953C7BEAA53C1
:10BCC0008F85AB539085AC539185AD539285AE5320
:10BCD000CBD8AF539385B0539485B1539585B25368
:10BCE0009685B3539785B4539885B5539985B653C4
:10BCF000CCDBB7539A85B8539B85B9539C85BA530F
:10BD00009D85BB53A5C8BC539E85BD539F85BE531F
:10BD1000A085BF53D8CFC053A185C153FEC8C2531D
:10BD2000CEB2C353A285C453A385C553A485C653BD
:10BD3000A585C753A685C853D6D3C953E6B2CA53FF
:10BD4000B0BCCB53D1D3CC53ABCBCD53B4B7CE5384
:10BD5000A785CF53A885D053A985D153A2B7D25375
:10BD6000AA85D353AB85D453E5CAD553AC85D653F6
:10BD7000A1C8D753DCCAD853E4B1D953F0D0DA53B1
:10BD8000AD85DB53D1C5DC53AE85DD53AF85DE53C6
:10BD9000B085DF53C5DBE053FEB5E153B185E25317
:10BDA000B285E353DABFE453C5B9E553E4BEE653C5
:10BDB000EDC1E753B385E853B6DFE953B5DFEA5386
:10BDC000BBD6EB53D0BDEC53D9D5ED53C8B0EE5331
:10BDD000A3B6EF53C9BFF053A8CCF153B3DFF2536E
:10BDE000B7CAF353D2D3F453B485F553CFD8F6532F
:10BDF000B6D2F753C5BAF853BECBF953BECCFA53FB
:10BE0000B585FB53B7DFFC53F0B5FD53B4DFFE53EC
:10BE1000B685FF53B7850054B8850154F5D3025455
:10BE2000B9850354D4B30454F7B80554BA850654FD
:10BE3000BADF0754BB850854CFBA0954AABC0A54C8
:10BE4000F5B50B54BC850C54ACCD0D54FBC30E544E
:10BE5000F3BA0F54F4C01054C2CD1154F2CF12549F
:10BE6000B8DF1354C5CF1454BD851554C0C2165441
:10BE7000B9DF1754F0C21854BE851954BF851A543F
:10BE8000C0851B54FDBE1C54C1851D54DFC11E540A
:10BE9000CCCD1F54F7D22054CDB72154C1DF22544A
:10BEA000C2852354C4DF2454C3852554C485265435
:10BEB000F1B72754C9B02854D6B62954D4B72A5458
:10BEC000C5852B54ACBA2C54FDCC2D54D4BF2E5464
:10BED000B1CB2F54F4C63054C6853154A8D6325451
:10BEE000C5DF3354C7853454E2CE3554B3B336542A
:10BEF000C8853754C9853854FCCE3954B5B43A5442
:10BF0000CA853B54C7CE3C54F0BA3D54CB853E5411
:10BF1000E1CE3F54CC854054BDD14154CD854254EF
:10BF2000CE854354C0DF4454CF854554D085465414
:10BF3000F4B44754D1854854CAB34954D2854A54BD
:10BF4000E6B84B54BBDF4C54D3854D54D4854E5486
:10BF5000D5854F54D6855054C5C45154D7855254B5
:10BF6000BCDF5354BDDF5454BEDF5554BBC55654DB
:10BF7000BFDF5754C2DF5854B1D45954C3DF5A54A9
:10BF8000D8855B54BAC75C54D8CE5D54D9855E540D
:10BF9000DA855F54DB856054DC856154DD8562544D
:10BFA000D8C46354DE856454CADF6554DF856654A3
:10BFB000CFDF6754E0856854DCD66954E1856A5464
:10BFC000E2856B54E3856C54E4856D54E5856E54CD
:10BFD000E6856F54E7857054E8857154C9DF725463
:10BFE000DADF7354B6CE7454E9857554C7BA765403
:10BFF000CEDF7754C8DF7854DEC57954EA857A54A9
:10C00000EB857B54EBC97C54F4BA7D54FCC37E545D
:10C01000EC857F54ED858054D7BE8154EE858254E3
:10C02000C6DF8354EF858454CDDF8554F085865474
:10C03000D8C58754F1858854F2858954F3858A548C
:10C04000F4858B54A6D58C54CDBA8D54F5858E5479
:10C05000CCBE8F54BDD39054C0B89154F685925441
:10C06000E4D69354F7859454C7DF9554BEB99654DB
:10C07000A7BF9754F8859854F9859954FCC19A54F0
:10C08000CBDF9B54CCDF9C54FA859D54D0DF9E546B
:10C09000FB859F54FC85A054FD85A154FE85A254C8
:10C0A0004086A354DBDFA454E5DFA5544186A654A3
:10C0B000D7DFA754D6DFA854C9D7A954E3DFAA54C1
:10C0C000E4DFAB54EBE5AC54A7D2AD54D2DFAE54B1
:10C0D0004286AF54A9BFB0544386B154DBD4B254A6
:10C0E0004486B354C8BFB454D4DFB5544586B6545F
:10C0F0004686B7544786B854CCCFB9544886BA540C
:10C100004986BB54DDDFBC544A86BD54CAD1BE54F7
:10C110004B86BF54DEDFC054A7B0C154B7C6C2546B
:10C12000D3DFC3544C86C454E5BAC5544D86C654B7
:10C13000DFB6C754DBCDC854FEB9C954D5D4CA54F0
:10C140004E86CB544F86CC54DFDFCD54ECCFCE544B
:10C15000A5B0CF54E7DFD054D1DFD154C6D1D254EB
:10C16000D5DFD354D8DFD454D9DFD554DCDFD6544F
:10C170005086D754A9BBD8545186D954E0DFDA543D
:10C18000E1DFDB545286DC54E2DFDD54E6DFDE54CF
:10C19000E8DFDF54B4D3E0545386E1545486E254CC
:10C1A0005586E3545686E4545786E554E7B8E6547A
:10C1B000B6C5E754EADFE854DAC9E954A8C1EA543D
:10C1C000C4C4EB545886EC545986ED54DEBFEE548B
:10C1D000F8CFEF545A86F0545B86F1545C86F254E3
:10C1E000DCD5F354EEDFF4545D86F5545E86F654E8
:10C1F0005F86F7546086F8546186F9546286FA5473
:10C20000B8B2FB546386FC54DFBAFD54ECDFFE5435
:10C210006486FF54C1DB005565860155E4D10255A3
:10C2200066860355678604556886055569860655F2
:10C23000F4CB0755BDB408556A860955A6B00A5512
:10C240006B860B556C860C556D860D556E860E559E
:10C250006F860F55F1DF1055C6CC1155F2DF125520
:10C260007086135571861455EDDF15557286165577
:10C2700073861755748618557586195576861A551E
:10C2800077861B55E9DF1C5578861D5579861E5526
:10C290007A861F557B862055EBDF21557C862255FB
:10C2A000EFDF2355F0DF2455BDBB25557D86265590
:10C2B0007E862755F3DF28558086295581862A55A5
:10C2C000F4DF2B5582862C55A3BB2D5583862E5526
:10C2D000DBCA2F55A8CE3055A7E03155AAB3325549
:10C2E00084863355A6E03455858635558686365581
:10C2F00087863755A1E038558886395589863A555D
:10C300008A863B558B863C55FEDF3D558C863E55D7
:10C31000D9CD3F55FCDF40558D864155FADF42555A
:10C320008E864355D0BF4455C4D745558F86465554
:10C33000CCC947559086485591864955F8DF4A55EE
:10C34000A1B04B5592864C5593864D5594864E55CB
:10C3500095864F5596865055FDDF51559786525517
:10C3600098865355998654559A865555FBDF5655F0
:10C37000A2E057559B8658559C8659559D865A551F
:10C380009E865B559F865C55A8E05D55A0865E55F0
:10C39000A1865F55A2866055A3866155C8B76255D0
:10C3A000A4866355A5866455A1C66555B6C966556C
:10C3B000B2C06755F5DF6855A6866955A7866A55E8
:10C3C000BEC56B55A8866C55C4D86D55F9DF6E5542
:10C3D000F6C46F55A9867055AA867155AB867255FD
:10C3E000AC867355AD867455AE867555A3E076550B
:10C3F000A4E07755A5E07855A5D07955AF867A5554
:10C40000B0867B55B4E07C55E4CC7D55B1867E5535
:10C41000B1E07F55B2868055A6BF8155AFE0825509
:10C42000B9CE8355ABE08455C6C98555B3868655CC
:10C43000B4868755AEC08855AEE08955EDBA8A55A9
:10C44000B0BA8B55A9E08C55B5868D55B6868E55FC
:10C45000B7868F55F6DF9055B8869155B3E0925563
:10C46000B9869355BA869455B8E09555BB869655CE
:10C47000BC869755BD869855ADB49955B9E09A5587
:10C48000BE869B55BF869C55B2CF9D55C8BA9E555A
:10C49000C0869F55B0E0A055C186A155C286A25561
:10C4A000C386A355C486A455C586A555C686A6557C
:10C4B000C786A755FAD0A855C886A955C986AA55D2
:10C4C000CA86AB55CB86AC55CC86AD55CD86AE5520
:10C4D000CE86AF55CF86B055D086B155ACE0B255BB
:10C4E000D186B355FBD4B455D286B555F7DFB655D2
:10C4F000D386B755E7C5B855D486B955ADE0BA551A
:10C50000D586BB55F7D3BC55D686BD55B6E0BE55CE
:10C51000B7E0BF55D786C055D886C155D986C25514
:10C52000DA86C355DB86C455C4E0C555E1D0C6558F
:10C53000DC86C755DD86C855DE86C955BCE0CA55C0
:10C54000DF86CB55E086CC55C9E0CD55CAE0CE5547
:10C55000E186CF55E286D055E386D155BEE0D2556F
:10C56000AAE0D355A4C9D455C1E0D555E486D65523
:10C57000B2E0D755E586D855E686D955E786DA552F
:10C58000E886DB55E986DC55C8CADD55C3E0DE55D3
:10C59000EA86DF55B5E0E055EB86E155CBCEE255B6
:10C5A000EC86E355C3CBE455CDE0E555C6E0E65552
:10C5B000C2E0E755ED86E855CBE0E955EE86EA5551
:10C5C000BAE0EB55BFE0EC55C0E0ED55EF86EE5517
:10C5D000F086EF55C5E0F055F186F155F286F2553B
:10C5E000C7E0F355C8E0F455F386F555CCE0F655B1
:10C5F000F486F755BBE0F855F586F955F686FA55F9
:10C60000F786FB55F886FC55F986FD55D4CBFE55CB
:10C61000D5E0FF55FA860056D6E00156D2E0025624
:10C62000FB860356FC860456FD860556FE86065696
:10C630004087075641870856D0E00956CEBC0A56B7
:10C6400042870B5643870C56D1E00D5644870E5651
:10C65000C2B80F56C5D81056458711564687125690
:10C660004787135648871456498715564A871656E2
:10C670004B8717564C871856EAD019564D871A56CD
:10C680004E871B56EFC21C564F871D5650871E56AD
:10C69000CFE01F56BDE020565187215652872256C3
:10C6A00053872356D4E02456D3E025565487265684
:10C6B00055872756D7E028565687295657872A5632
:10C6C00058872B5659872C56DCE02D56D8E02E562D
:10C6D0005A872F565B8730565C873156F6D63256CE
:10C6E000B0B333565D873456ECD735565E87365631
:10C6F000BBCB37565F87385660873956DAE03A56F3
:10C7000061873B56FBCE3C5662873D5663873E565B
:10C7100064873F56D9BA4056658741566687425668
:10C720006787435668874456698745566A874656E1
:10C730006B8747566C8748566D8749566E874A56B1
:10C740006F874B5670874C56E1E04D56DDE04E56F4
:10C75000ADD24F56718750567287515673875256D5
:10C760007487535675875456E2E055567687565669
:10C7700077875756DBE05856D9E05956DFE05A56CE
:10C7800078875B5679875C56E0E05D567A875E561F
:10C790007B875F567C8760567D8761567E876256B1
:10C7A000DEE0635680876456E4E06556818766560E
:10C7B0008287675683876856F7C66956ACD86A562B
:10C7C000EBD46B56E6E06C56C9CA6D5684876E563C
:10C7D00085876F568687705687877156E5E0725653
:10C7E00088877356898774568A8775568B877656DD
:10C7F000C1B877568C8778568D8779568E877A564A
:10C800008F877B56E7E07C56E8E07D5690877E5622
:10C8100091877F5692878056938781569487825658
:10C82000958783569687845697878556E9E086567E
:10C83000E3E0875698878856998789569A878A565B
:10C840009B878B569C878C569D878D569E878E56D0
:10C85000BFBA8F56E7CC90569F879156A0879256C5
:10C86000A1879356EAE09456A2879556A3879656D9
:10C87000A4879756A5879856A6879956A7879A564C
:10C88000A8879B56A9879C56AA879D56AB879E561C
:10C89000AC879F56AD87A056AE87A156AF87A256EC
:10C8A000B087A356F9CFA456B187A556B287A6562E
:10C8B000B387A756B487A856B587A956B687AA5690
:10C8C000B787AB56B887AC56B987AD56BA87AE5660
:10C8D000BB87AF56EBE0B056BC87B156BD87B256AA
:10C8E000BE87B356BF87B456C087B556C187B65604
:10C8F000C287B756C2C8B856C387B956C487BA5696
:10C90000C587BB56C687BC56C0BDBD56C787BE5679
:10C91000C887BF56C987C056CA87C156CB87C2567B
:10C92000CC87C356CD87C456CE87C556CF87C6564B
:10C93000D087C756D187C856D287C956D387CA561B
:10C94000D2C4CB56D487CC56D587CD56D687CE56B3
:10C95000D787CF56D887D056D987D156DA87D256BF
:10C96000DB87D356DC87D456ECE0D556DD87D65628
:10C97000DE87D756EDE0D856DF87D956E087DA56FE
:10C98000F4C7DB56C4CBDC56E187DD56EEE0DE565D
:10C99000D8BBDF56B6D8E056F2D2E156EFE0E25609
:10C9A000C5CDE356E287E456DAB6E556E387E656A8
:10C9B000E487E756E587E856E687E956E787EA56CB
:10C9C000E887EB56F1E0EC56E987ED56B0D4EE5629
:10C9D000EA87EF56EB87F056A7C0F156D1B4F2566E
:10C9E000EC87F356ED87F456A7CEF556F0E0F656F1
:10C9F000EE87F756EF87F856F087F956F2E0FA56C9
:10CA0000CCB9FB56F187FC56F287FD56FAB9FE56B3
:10CA1000BCCDFF56F3E00057F3870157F487025768
:10CA2000F5870357D4C60457F4E00557F687065731
:10CA3000B2D40757F7870857A6C80957F6E00A5730
:10CA4000F5E00B57F8870C57F9870D57FA870E5703
:10CA5000FB870F57FC871057FD871157FE8712572A
:10CA600040881357418814574288155743881657F2
:10CA700044881757458818574688195747881A57C2
:10CA800048881B5749881C57F7E01D574A881E578E
:10CA90004B881F57C1CD20574C8821574D882257AE
:10CAA0004E882357A5CA24574F88255750882657A4
:10CAB0005188275752882857DAD42957D7DB2A5765
:10CAC000D9DB2B5753882C57D8DB2D57E7B92E5776
:10CAD000DCDB2F57DDDB3057D8B531575488325760
:10CAE00055883357DADB34575688355757883657C9
:10CAF00058883757598838575A883957DBDB3A579F
:10CB0000A1B33B57DFDB3C575B883D575C883E5702
:10CB1000F8BB3F575D884057B7D641575E884257AC
:10CB2000E0DB43575F884457608845576188465724
:10CB300062884757F9BE48576388495764884A57FF
:10CB4000BBB74B5765884C57D0DB4D57AECC4E57D3
:10CB5000B2BF4F57B5BB5057F8D75157D3BF5257F5
:10CB60006688535767885457688855576988565759
:10CB70006A885757E9BF58576B8859576C885A5776
:10CB8000E1BC5B57B3CC5C57DEDB5D57D3B05E577F
:10CB9000EBCE5F57D8B76057B9D76157C2C6625757
:10CBA0006D8863576E886457A4C065576F88665751
:10CBB000B9CC675770886857E7DB6957E1DB6A577C
:10CBC000BAC66B57E3DB6C5771886D57E8DB6E575D
:10CBD00072886F57F7C5705773887157748872578A
:10CBE00075887357EADB7457768875577788765758
:10CBF000E9DB7757C0BF78577888795779887A57B3
:10CC00007A887B57E6DB7C57E5DB7D577B887E5750
:10CC10007C887F577D8880577E888157808882579F
:10CC2000B9B48357ACC08457A2C28557E2DB86579C
:10CC3000E4DB8757818888578288895783888A5799
:10CC400084888B57CDD08C57EDDB8D5785888E57D8
:10CC500086888F57878890578888915789889257F8
:10CC6000DDC09357F2DB94578A8895578B88965787
:10CC70008C8897578D8898578E8899578F889A57A0
:10CC800090889B57E2B69C5791889D5792889E57F3
:10CC900093889F579488A057F3DBA157D2DBA25704
:10CCA000B8B9A357ABD4A457ECDBA5579588A657C2
:10CCB000D1BFA757F0DBA8579688A957D1DBAA5751
:10CCC0009788AB57E6B5AC579888AD57EBDBAE57B6
:10CCD000E5BFAF579988B0579A88B1579B88B2572C
:10CCE000EEDBB3579C88B457F1DBB5579D88B65738
:10CCF0009E88B7579F88B857F9DBB957A088BA57AD
:10CD0000A188BB57A288BC57A388BD57A488BE572B
:10CD1000A588BF57A688C057A788C157A888C257FB
:10CD2000A1B9C357A3B0C457A988C557AA88C65785
:10CD3000AB88C757AC88C857AD88C957AE88CA57A3
:10CD4000AF88CB57F1C2CC57B088CD57B188CE57FA
:10CD5000C7B3CF57EFDBD057B288D157B388D2577C
:10CD6000F8DBD357B488D457D2C6D557F4DBD6579F
:10CD7000B588D757B688D857F5DBD957F7DBDA57D8
:10CD8000F6DBDB57B788DC57B888DD57FEDBDE57AC
:10CD9000B988DF57F2D3E057BAB2E157BA88E25701
:10CDA000BB88E357BC88E457FDDBE557BD88E657F1
:10CDB000BE88E757BF88E857C088E957C188EA5757
:10CDC000C288EB57C388EC57C488ED57A4DCEE57F4
:10CDD000C588EF57FBDBF057C688F157C788F25775
:10CDE000C888F357C988F457FADBF557CA88F6574D
:10CDF000CB88F757CC88F857FCDBF957E0C5FA57D2
:10CE0000F9BBFB57CD88FC57CE88FD57A3DCFE57F6
:10CE1000CF88FF57D0880058A5DC0158D188025828
:10CE2000C3CC0358D2880458D3880558D4880658F0
:10CE3000D1B60758C0DD0858D5880958D6880A5891
:10CE4000D7880B58A1DC0C58D8880D58A2DC0E5896
:10CE5000D9880F58DA881058DB881158B5C712588E
:10CE6000DC881358DD881458DE881558E9B6165842
:10CE7000DF881758E0881858E1881958A7DC1A5835
:10CE8000E2881B58E3881C58E4881D58E5881E5822
:10CE9000A6DC1F58E6882058A9DC2158A4B12258E6
:10CEA000E7882358E8882458CCB52558E9882658BF
:10CEB000EA882758EB882858EC882958ED882A58A2
:10CEC000B0BF2B58EE882C58EF882D58F0882E587C
:10CED000F1882F58F2883058DFD13158F388325812
:10CEE000F4883358F5883458F6883558C2B6365821
:10CEF000F7883758F8883858F9883958FA883A58EE
:10CF0000FB883B58FC883C58FD883D58FE883E58BD
:10CF100040893F5841894058428941584389425885
:10CF20004489435845894458A8DC455846894658A1
:10CF30004789475848894858498949584A894A5829
:10CF40004B894B584C894C58FACB4D58F3EB4E5803
:10CF50004D894F584E8950584F895158DCCB525803
:10CF60005089535851895458FECB555852895658B8
:10CF70005389575854895858C1CC595855895A58CB
:10CF800056895B5857895C5858895D5859895E584D
:10CF9000FBC85F585A8960585B8961585C89625840
:10CFA0005D8963585E8964585F896558AADC665854
:10CFB00060896758618968586289695863896A58C5
:10CFC00064896B58EECC6C58ABDC6D5865896E5833
:10CFD00066896F586789705868897158698972586D
:10CFE0006A8973586B8974586C8975586D8976583D
:10CFF0006E8977586F8978587089795871897A580D
:10D0000072897B5873897C5874897D5875897E58DC
:10D01000D3DB7F5876898058AFDC8158ACDC8258EE
:10D0200077898358B3BE845878898558FBCA865857
:10D03000798987587A8988587B898958ADDC8A58DC
:10D040007C898B587D898C587E898D5880898E5833
:10D0500081898F5882899058838991588489925800
:10D06000CAC99358B9C494588589955886899658E1
:10D07000878997588889985889899958BDC79A5837
:10D08000AEDC9B588A899C588B899D588C899E5808
:10D09000F6D49F58E6D0A0588D89A1588E89A25801
:10D0A0008F89A3589089A4589189A5589289A65828
:10D0B0009389A7589489A858ABC4A958D5B6AA583B
:10D0C0009589AB589689AC589789AD589889AE58D0
:10D0D0009989AF589A89B0589B89B1589C89B258A0
:10D0E0009D89B3589E89B4589F89B558A089B65870
:10D0F000A189B758A289B858A389B958A489BA5840
:10D10000A589BB58A689BC58D4DBBD58A789BE5891
:10D11000A889BF58A989C058AA89C158DAB1C2588C
:10D12000AB89C358AC89C458AD89C558D5DBC6583E
:10D13000AE89C758AF89C858B089C958B189CA588B
:10D14000B289CB58B389CC58B489CD58B589CE585B
:10D15000B689CF58B789D058B889D158D6DBD258BC
:10D16000B989D358BA89D458BB89D558BEBAD658CC
:10D17000BC89D758BD89D858BE89D958BF89DA58D3
:10D18000C089DB58C189DC58C289DD58C389DE58A3
:10D19000C489DF58C589E058C689E158C789E25873
:10D1A000C889E358C989E458C0C8E558CA89E6580F
:10D1B000CB89E758CC89E858CD89E958CE89EA5817
:10D1C000CF89EB58BFCAEC58C9C8ED58D089EE5882
:10D1D000B3D7EF58D189F058F9C9F158D289F2582C
:10D1E000D389F358C7BFF458D489F558D589F65870
:10D1F000F8BAF758D689F858D789F958BCD2FA58EE
:10D20000D889FB58D989FC58DA89FD58DB89FE5842
:10D21000DC89FF58DD890059DE890159DF8902590F
:10D22000BAE20359E0890459A6B40559E1890659BF
:10D23000E2890759B8B10859E3890959E4890A59BB
:10D24000E5890B59E6890C59E7890D59B4B80E598F
:10D25000E8890F59C4CF1059E9891159EA8912593F
:10D26000EB891359EC891459E7D91559A6CF1659EA
:10D27000E2CD1759ED891859EE891959EDD91A5986
:10D28000E0B61B59EF891C59B9D21D59F0891E59B6
:10D29000F1891F59BBB92059F2892159F3892259C3
:10D2A000F4892359F5892459B9E22559B7E2265959
:10D2B000F6892759F3B42859F7892959ECCC2A590A
:10D2C000ABCC2B59F2B72C59F8892D59B2D82E591D
:10D2D000EBD12F59BBBA3059F9893159A7CA325904
:10D2E000FA893359FB893459B7CD3559FC893659F8
:10D2F000FD893759C4D23859E4BF3959D0BC3A599D
:10D30000E1B63B59FE893C59C5DE3D59408A3E593C
:10D31000418A3F59428A4059438A4159C6DE42599F
:10D32000BCDB4359448A4459D9D14559458A4659A9
:10D33000468A4759E6C64859CEC44959EEB74A59B4
:10D34000478A4B59DCB74C59488A4D59498A4E593E
:10D35000FCBF4F59E0D750594A8A5159F5C6525926
:10D360004B8A53594C8A5459BCB15559C8DE565949
:10D37000B1BD5759D7CC5859CADE59594D8A5A5957
:10D38000C9DE5B594E8A5C594F8A5D59508A5E5995
:10D39000518A5F59528A6059ECB56159538A625972
:10D3A000DDC96359548A6459558A6559C2B06659B2
:10D3B000568A6759578A6859588A6959598A6A59E1
:10D3C0005A8A6B595B8A6C595C8A6D595D8A6E59B1
:10D3D0005E8A6F595F8A7059608A7159618A725981
:10D3E000628A7359AEC57459ABC57559638A76594B
:10D3F000CCC47759648A7859E9BC7959FDCB7A59FC
:10D40000658A7B59668A7C59678A7D59C3BA7E5979
:10D41000688A7F59698A80596A8A8159F9E58259EF
:10D42000E7C88359FAE58459FDCD85596B8A865939
:10D43000B1D78759BEB88859E8C289596C8A8A59C8
:10D44000D1C88B596D8A8C596E8A8D59FBE58E59DE
:10D450006F8A8F59708A9059718A9159728A92593C
:10D46000CAB69359CBBC9459738A9559748A965904
:10D47000FDD19759A1E69859758A9959EEC39A59E1
:10D48000768A9B59778A9C59788A9D59798A9E59C0
:10D49000A4E69F597A8AA0597B8AA1597C8AA2590D
:10D4A0007D8AA359FEE5A459A5E6A559D7CDA6596D
:10D4B0007E8AA759808AA859C1B7A959FCE5AA59FB
:10D4C000FDE5AB59A3E6AC59818AAD59828AAE59C4
:10D4D000DDC4AF59A8E6B059838AB159848AB259DC
:10D4E000A7E6B359858AB459868AB559878AB65949
:10D4F000888AB759898AB8598A8AB959C3C3BA5927
:10D500008B8ABB59DEC6BC598C8ABD598D8ABE59DF
:10D51000AAE6BF598E8AC0598F8AC159908AC259CA
:10D52000918AC359928AC459938AC559948AC65913
:10D53000B7C4C759958AC859968AC959978ACA598A
:10D54000A2E6CB59BCCACC59988ACD59998ACE59F2
:10D550009A8ACF599B8AD059E3BDD159C3B9D259C0
:10D56000A6E6D359D5D0D459AFCED5599C8AD65931
:10D570009D8AD759A9E6D859B0E6D9599E8ADA5971
:10D58000A6D2DB599F8ADC59AABDDD59ADE6DE592A
:10D59000A08ADF59A18AE059A28AE159A38AE259F7
:10D5A000A48AE359AFE6E459A58AE559D1C0E65902
:10D5B000A68AE759A78AE859CCD2E959A88AEA5934
:10D5C000A98AEB59AA8AEC59A7BCED59AB8AEE5946
:10D5D000AC8AEF59AD8AF059AE8AF159AF8AF25947
:10D5E000B08AF359B18AF459B28AF559B38AF65917
:10D5F000B48AF759B58AF859B68AF959B1E6FA5991
:10D60000B78AFB59F6D2FC59B88AFD59B98AFE5936
:10D61000BA8AFF59CBD7005ABB8A015AFECD025AAB
:10D62000BC8A035ADECD045AA6C2055AABE6065A96
:10D63000ACE6075ABFBD085AAEE6095AB3E60A5A25
:10D64000BD8A0B5ABE8A0C5AB2E60D5ABF8A0E5AD0
:10D65000C08A0F5AC18A105AC28A115AB6E6125AA3
:10D66000C38A135AB8E6145AC48A155AC58A165A78
:10D67000C68A175AC78A185AEFC4195AC88A1A5A3A
:10D68000C98A1B5ACA8A1C5AC8C41D5ACB8A1E5A38
:10D69000CC8A1F5AEABE205AEFC9215ACD8A225A93
:10D6A000CE8A235AB7E6245ACF8A255AF0B6265A8C
:10D6B000D08A275AD18A285AD28A295AE4C32A5AA8
:10D6C000D38A2B5AD48A2C5AD58A2D5AD68A2E5AC6
:10D6D000D78A2F5AD88A305AD98A315AE9D3325A3E
:10D6E000B4E6335ADA8A345AB5E6355ADB8A365A02
:10D6F000A2C8375ADC8A385ADD8A395ADE8A3A5A41
:10D70000DF8A3B5AE08A3C5ABDE63D5AE18A3E5ADE
:10D71000E28A3F5AE38A405AB9E6415AE48A425AB9
:10D72000E58A435AE68A445AE78A455AE88A465ABD
:10D73000C5C6475AE98A485AEA8A495AF1CD4A5A2F
:10D74000BBE64B5AEB8A4C5AEC8A4D5AED8A4E5A3C
:10D75000EE8A4F5AEF8A505AF08A515AF18A525A39
:10D76000F28A535AF38A545AF48A555ABCE6565AE6
:10D77000F58A575AF68A585AF78A595AF88A5A5ADD
:10D78000E9BB5B5AF98A5C5AFA8A5D5AFB8A5E5A8F
:10D79000FC8A5F5AFD8A605AFE8A615A408B625A3F
:10D7A000BEE6635A418B645A428B655A438B665A74
:10D7B000448B675ABAE6685A458B695A468B6A5A4F
:10D7C000B7C06B5A478B6C5A488B6D5A498B6E5A4F
:10D7D0004A8B6F5A4B8B705A4C8B715A4D8B725AC5
:10D7E0004E8B735A4F8B745AA4D3755ABFE6765A30
:10D7F000F4C9775AC3E6785A508B795A518B7A5AC2
:10D80000C4E67B5A528B7C5A538B7D5A548B7E5A7A
:10D81000558B7F5AF6D0805A568B815A578B825A35
:10D82000588B835A598B845A5A8B855A5B8B865AEC
:10D830005C8B875A5D8B885A5E8B895A5F8B8A5ABC
:10D84000608B8B5A618B8C5A628B8D5A638B8E5A8C
:10D85000648B8F5A658B905A668B915A678B925A5C
:10D86000BDC3935A688B945A698B955A6A8B965AA2
:10D870006B8B975A6C8B985A6D8B995A6E8B9A5A00
:10D88000C4C39B5AC2E69C5A6F8B9D5A708B9E5A9A
:10D89000718B9F5A728BA05A738BA15A748BA25AA8
:10D8A000758BA35A768BA45A778BA55A788BA65A78
:10D8B000798BA75A7A8BA85A7B8BA95A7C8BAA5A48
:10D8C000C1E6AB5A7D8BAC5A7E8BAD5A808BAE5A7B
:10D8D000818BAF5A828BB05A838BB15A848BB25AE8
:10D8E000C7E6B35AB1CFB45A858BB55AF4EBB65AE2
:10D8F000868BB75A878BB85ACAE6B95A888BBA5AF8
:10D90000898BBB5A8A8BBC5A8B8BBD5A8C8BBE5A67
:10D91000C5E6BF5A8D8BC05A8E8BC15ADEBCC25A27
:10D92000A9C9C35A8F8BC45A908BC55A918BC65ABA
:10D93000928BC75A938BC85A948BC95AB5BCCA5A92
:10D94000958BCB5A968BCC5AD3CFCD5A978BCE5A38
:10D95000988BCF5A998BD05A9A8BD15A9B8BD25A8B
:10D96000C8E6D35A9C8BD45AC9E6D55A9D8BD65A51
:10D97000CEE6D75A9E8BD85AD0E6D95A9F8BDA5A20
:10D98000A08BDB5AA18BDC5AD1E6DD5AA28BDE5A82
:10D99000A38BDF5AA48BE05ACBE6E15AD5B5E25A05
:10D9A000A58BE35ACCE6E45AA68BE55AA78BE65A38
:10D9B000CFE6E75AA88BE85AA98BE95ADBC4EA5AA2
:10D9C000AA8BEB5AC6E6EC5AAB8BED5AAC8BEE5AEF
:10D9D000AD8BEF5AAE8BF05AAF8BF15ACDE6F25ABF
:10D9E000B08BF35AB18BF45AB28BF55AB38BF65A0B
:10D9F000B48BF75AB58BF85AB68BF95AB78BFA5ADB
:10DA0000B88BFB5AB98BFC5ABA8BFD5ABB8BFE5AAA
:10DA1000BC8BFF5ABD8B005BBE8B015BBF8B025B77
:10DA2000C08B035BC18B045BC28B055BC38B065B46
:10DA3000C48B075BC58B085BC68B095BD2E60A5BB0
:10DA4000C78B0B5BC88B0C5BC98B0D5BCA8B0E5BEA
:10DA5000CB8B0F5BCC8B105BCD8B115BCE8B125BBA
:10DA6000CF8B135BD08B145BD18B155BD28B165B8A
:10DA7000D4E6175BD3E6185BD38B195BD48B1A5BA8
:10DA8000D58B1B5BD68B1C5BD78B1D5BD88B1E5B32
:10DA9000D98B1F5BDA8B205BDB8B215BDC8B225B02
:10DAA000DD8B235BDE8B245BDF8B255BE08B265BD2
:10DAB000E18B275BE28B285BE38B295BE48B2A5BA2
:10DAC000E58B2B5BE68B2C5BE78B2D5BE88B2E5B72
:10DAD000E98B2F5BEA8B305BEB8B315BEC8B325B42
:10DAE000D5E6335BED8B345BF8D9355BEE8B365B7B
:10DAF000EF8B375BD6E6385BF08B395BF18B3A5BAB
:10DB0000F28B3B5BF38B3C5BF48B3D5BF58B3E5BBD
:10DB1000F68B3F5BF78B405BD7E6415BF88B425B54
:10DB2000F98B435BFA8B445BFB8B455BFC8B465B61
:10DB3000FD8B475BFE8B485B408C495B418C4A5BAD
:10DB4000428C4B5B438C4C5B448C4D5B458C4E5BF9
:10DB5000468C4F5B478C505BD3D7515BDDE6525B05
:10DB6000488C535BDEE6545BD7BF555BD0D4565B25
:10DB7000498C575BD6D7585BE6B4595BEFCB5A5B01
:10DB8000DAE65B5BC3D85C5BCED75D5BA2D05E5B45
:10DB90004A8C5F5BCFC3605B4B8C615B4C8C625B80
:10DBA000DFE6635BBEBC645BC2B9655BDBE6665BFC
:10DBB000A7D1675B4D8C685B4E8C695BA2BA6A5BD0
:10DBC000CFC26B5B4F8C6C5BABD86D5B508C6E5B6C
:10DBD000518C6F5B528C705BEBCA715BEEE5725BD4
:10DBE000538C735BDCE6745B548C755BF5B7765BCA
:10DBF000558C775B568C785B578C795B588C7A5B4D
:10DC0000E6C87B5B598C7C5B5A8C7D5BF5C47E5B84
:10DC10005B8C7F5B5C8C805BB2E5815BFEC4825B6E
:10DC20005D8C835BFCCB845BB3E5855BACD5865BAD
:10DC30005E8C875BEED3885BD8CA895BB2B08A5BA7
:10DC40005F8C8B5BCECB8C5BEACD8D5B608C8E5B0F
:10DC5000618C8F5BEABA905B628C915B638C925BA8
:10DC6000648C935BB5E5945B658C955BB4E5965BE2
:10DC7000668C975BDAD7985BD9B9995BE6D69A5BE5
:10DC8000A8B69B5BF0CD9C5BCBD29D5BA6B19E5BA7
:10DC9000B5CA9F5B678CA05BE8B3A15BF3C9A25BCD
:10DCA000CDBFA35BFBD0A45BD2CAA55BB6E5A65BE8
:10DCB000C2BBA75B688CA85B698CA95B6A8CAA5BFA
:10DCC000DCCFAB5BACB9AC5B6B8CAD5B6C8CAE5B37
:10DCD0006D8CAF5B6E8CB05BD7D4B15B6F8CB25B7D
:10DCE000708CB35BA6BAB45BE7D1B55BFCCFB65B17
:10DCF000D2BCB75B718CB85BB7E5B95BDDC8BA5B0A
:10DD0000728CBB5B738CBC5B748CBD5BEDBFBE5B0C
:10DD1000F6B1BF5BDECBC05B758CC15B768CC25B42
:10DD2000C5BCC35B778CC45BC4BCC55BFAD2C65BA5
:10DD3000DCC3C75BDCBFC85B788CC95B798CCA5B12
:10DD40007A8CCB5B7B8CCC5BBBB8CD5B7C8CCE5BAD
:10DD50007D8CCF5B7E8CD05BC2C3D15B808CD25B71
:10DD6000AEBAD35BA2D4D45B818CD55B828CD65BFC
:10DD7000838CD75B848CD85B858CD95B868CDA5B93
:10DD8000878CDB5B888CDC5B898CDD5BDEC7DE5BD4
:10DD9000AFC4DF5BECB2E05B8A8CE15BD1B9E25BE4
:10DDA0008B8CE35B8C8CE45BBBE5E55BC8C1E65B1D
:10DDB0008D8CE75B8E8CE85BAFD5E95B8F8CEA5B83
:10DDC000908CEB5B918CEC5B928CED5B938CEE5BBF
:10DDD000BCE5EF5B948CF05BBEE5F15B958CF25B90
:10DDE000968CF35B978CF45B988CF55B998CF65B67
:10DDF0009A8CF75B9B8CF85BE7B4F95BD4B6FA5B63
:10DE0000C2CBFB5BB0D1FC5BBCB5FD5B9C8CFE5B0D
:10DE10009D8CFF5BD9CA005C9E8C015CE2B7025C02
:10DE20009F8C035CA08C045CE4C9055CA18C065C3F
:10DE3000ABBD075CA28C085CA38C095CBECE0A5CFF
:10DE4000F0D70B5CA48C0C5CA58C0D5CA68C0E5CD6
:10DE5000A78C0F5CA1D0105CA88C115CD9C9125C96
:10DE6000A98C135CAA8C145CFBB6155CD8E6165C16
:10DE7000E2BC175CAB8C185CBEB3195CAC8C1A5C52
:10DE8000D0C91B5CAD8C1C5CD9E61D5CA2B31E5CCA
:10DE9000AE8C1F5CAF8C205CB08C215CB18C225CA2
:10DEA000CCDE235CB28C245CC8D3255CCDDE265C42
:10DEB000B38C275CA2D2285CB48C295CB58C2A5C1C
:10DEC000B68C2B5CB78C2C5CCEDE2D5CB88C2E5CBB
:10DED000B98C2F5CBA8C305CBB8C315CCDBE325CB3
:10DEE000BC8C335CBD8C345CCFDE355CBE8C365C68
:10DEF000BF8C375CC08C385CACCA395CFCD23A5CF5
:10DF0000DFB33B5CEAE53C5CE1C43D5CA1BE3E5C4A
:10DF1000B2CE3F5CF2C4405CD6BE415CA8C6425C57
:10DF2000E3B2435CC18C445CC28C455CD3BE465CAE
:10DF3000C38C475CC48C485CFCC7495CEBCC4A5C36
:10DF4000ECBD4B5CDDCE4C5CC58C4D5CC68C4E5C38
:10DF5000BACA4F5CC1C6505CECE5515CBCD0525CA7
:10DF6000C78C535CC88C545CC98C555CB9D5565C65
:10DF7000CA8C575CCB8C585CCC8C595CEDE55A5CF8
:10DF8000CD8C5B5CCE8C5C5CCF8C5D5CD08C5E5C45
:10DF9000F4CA5F5CD18C605CC0CD615CC5C2625C60
:10DFA000D28C635CEFE5645CD38C655CC4C2665C58
:10DFB000F0E5675CD48C685CD58C695CD68C6A5C57
:10DFC000D78C6B5CD88C6C5CD98C6D5CDA8C6E5C9D
:10DFD000F8E56F5CCDCD705CDB8C715CBDC9725CAB
:10DFE000DC8C735CDD8C745CDE8C755CDF8C765C49
:10DFF000E08C775CE18C785CE28C795CD9D27A5CDD
:10E00000A8E17B5CE38C7C5CE48C7D5CE58C7E5CD5
:10E01000E68C7F5CECD3805CE78C815CEACB825C35
:10E02000F1C6835CE88C845CE98C855CEA8C865C58
:10E03000EB8C875CEC8C885CACE1895CED8C8A5C59
:10E04000EE8C8B5CEF8C8C5CA7E18D5CA9E18E5C27
:10E05000F08C8F5CF18C905CAAE1915CAFE1925CFA
:10E06000F28C935CF38C945CEDB2955CF48C965CD2
:10E07000ABE1975CDAB8985CADE1995CAEE19A5C93
:10E08000B0E19B5CBAB59C5CB1E19D5CF58C9E5C9B
:10E09000F68C9F5CF78CA05CF88CA15CF98CA25C80
:10E0A000B3E1A35CB8E1A45CFA8CA55CFB8CA65C34
:10E0B000FC8CA75CFD8CA85CFE8CA95CD2D1AA5C10
:10E0C000408DAB5CB6E1AC5CB5E1AD5CEBC1AE5C88
:10E0D000418DAF5C428DB05C438DB15CB7E1B25C09
:10E0E000448DB35CC0D4B45C458DB55CB2E1B65C24
:10E0F000468DB75CBAE1B85CB6B0B95C478DBA5C26
:10E10000488DBB5C498DBC5C4A8DBD5CB4E1BE5C96
:10E110004B8DBF5CF9BFC05C4C8DC15CB9E1C25C8A
:10E120004D8DC35C4E8DC45CBBE1C55C4F8DC65C40
:10E13000508DC75C518DC85C528DC95C538DCA5CD3
:10E14000548DCB5CBEE1CC5C558DCD5C568DCE5CE8
:10E15000578DCF5C588DD05C598DD15C5A8DD25C77
:10E16000BCE1D35C5B8DD45C5C8DD55C5D8DD65C95
:10E170005E8DD75C5F8DD85C608DD95CC5D6DA5C6E
:10E18000618DDB5C628DDC5C638DDD5C648DDE5CEF
:10E19000658DDF5C668DE05C678DE15CBFCFE25C26
:10E1A000688DE35C698DE45CBDE1E55CBFE1E65C44
:10E1B000CDC2E75C6A8DE85CEBB6E95C6B8DEA5C2E
:10E1C000F8D3EB5C6C8DEC5C6D8DED5CCDC7EE5CDB
:10E1D0006E8DEF5C6F8DF05CE5B7F15C708DF25C7D
:10E1E000718DF35C728DF45C738DF55C748DF65CEF
:10E1F000758DF75C768DF85C778DF95C788DFA5CBF
:10E20000798DFB5CFEBEFC5C7A8DFD5C7B8DFE5CDB
:10E210007C8DFF5C7D8D005D7E8D015D808D025D5E
:10E22000C0E1035DC1E1045D818D055D828D065D08
:10E23000C7E1075DE7B3085D838D095D848D0A5DE5
:10E24000858D0B5D868D0C5D878D0D5D888D0E5DDA
:10E25000E9C60F5D898D105D8A8D115D8B8D125D14
:10E260008C8D135D8D8D145DDEB4155D8E8D165D08
:10E27000C2D1175D8F8D185D908D195D918D1A5DDE
:10E28000928D1B5DC8E11C5D938D1D5D948D1E5D9F
:10E29000C6E11F5D958D205D968D215D978D225D78
:10E2A000988D235D998D245DC5E1255D9A8D265D50
:10E2B000C3E1275DC2E1285D9B8D295DC0B12A5D68
:10E2C0009C8D2B5D9D8D2C5D9E8D2D5DB8D52E5D1D
:10E2D000C4E12F5D9F8D305DA08D315DA18D325DDC
:10E2E000A28D335DA38D345DCBE1355DA48D365DAC
:10E2F000A58D375DA68D385DA78D395DA88D3A5DFA
:10E30000A98D3B5DAA8D3C5DAB8D3D5DCCE13E5D55
:10E31000CAE13F5DAC8D405DAD8D415DAE8D425D2E
:10E32000AF8D435DB08D445DB18D455DB28D465D71
:10E33000B38D475DFAEF485DB48D495DB58D4A5D9B
:10E34000D3E14B5DD2E14C5DB6C74D5DB68D4E5D00
:10E35000B78D4F5DB88D505DB98D515DBA8D525DF1
:10E36000BB8D535DBC8D545DBD8D555DBE8D565DC1
:10E37000BF8D575DC08D585DC9E1595DC18D5A5D36
:10E38000C28D5B5DCEE15C5DC38D5D5DD0E15E5DA8
:10E39000C48D5F5DC58D605DC68D615DC78D625D3D
:10E3A000C88D635DC98D645DCA8D655DCB8D665D0D
:10E3B000CC8D675DCD8D685DCE8D695DD4E16A5D84
:10E3C000CF8D6B5DD1E16C5DCDE16D5DD08D6E5D0E
:10E3D000D18D6F5DCFE1705DD28D715DD38D725D3A
:10E3E000D48D735DD58D745DD5E1755DD68D765D0B
:10E3F000D78D775DD88D785DD98D795DDA8D7A5D31
:10E40000DB8D7B5DDC8D7C5DDD8D7D5DDE8D7E5D00
:10E41000DF8D7F5DE08D805DE18D815DE28D825DD0
:10E42000D6E1835DE38D845DE48D855DE58D865D5C
:10E43000E68D875DE78D885DE88D895DE98D8A5D74
:10E44000EA8D8B5DEB8D8C5DEC8D8D5DED8D8E5D44
:10E45000EE8D8F5DEF8D905DF08D915DF18D925D14
:10E46000F28D935DF38D945DF48D955DF58D965DE4
:10E47000F68D975DF78D985DF88D995DD7E19A5D82
:10E48000F98D9B5DFA8D9C5DFB8D9D5DD8E19E5D58
:10E49000FC8D9F5DFD8DA05DFE8DA15D408EA25D1A
:10E4A000418EA35D428EA45D438EA55D448EA65D24
:10E4B000458EA75D468EA85D478EA95D488EAA5DF4
:10E4C000498EAB5D4A8EAC5D4B8EAD5D4C8EAE5DC4
:10E4D0004D8EAF5D4E8EB05D4F8EB15D508EB25D94
:10E4E000518EB35D528EB45D538EB55D548EB65D64
:10E4F000558EB75DDAE1B85D568EB95D578EBA5D5F
:10E50000588EBB5D598EBC5D5A8EBD5D5B8EBE5D07
:10E510005C8EBF5D5D8EC05D5E8EC15D5F8EC25DD7
:10E52000608EC35D618EC45D628EC55DDBE1C65DDC
:10E53000638EC75D648EC85D658EC95D668ECA5D7B
:10E54000678ECB5D688ECC5D698ECD5DA1CECE5DD4
:10E550006A8ECF5D6B8ED05D6C8ED15D6D8ED25D1F
:10E560006E8ED35D6F8ED45D708ED55D718ED65DEF
:10E57000728ED75D738ED85D748ED95D758EDA5DBF
:10E58000768EDB5DDDE7DC5D778EDD5DA8B4DE5D7C
:10E59000DDD6DF5D788EE05D798EE15DB2D1E25D42
:10E5A000B2B3E35D7A8EE45D7B8EE55DA4B9E65D92
:10E5B000F3D7E75DC9C7E85DDEBEE95DAEB9EA5DE8
:10E5C0007C8EEB5DD7CEEC5D7D8EED5D7E8EEE5D5F
:10E5D000EEB2EF5DCFDBF05D808EF15DBABCF25D37
:10E5E000D1D2F35DC8CBF45DCDB0F55D818EF65D23
:10E5F000828EF75DEFCFF85D838EF95D848EFA5DD4
:10E60000858EFB5D868EFC5D878EFD5DE3D9FE5DAC
:10E61000EDBDFF5D888E005E898E015ED2B1025E27
:10E62000D0CA035EBCB2045E8A8E055EA7CB065ECE
:10E63000ABB7075E8B8E085EA6CA095E8C8E0A5E3B
:10E640008D8E0B5E8E8E0C5EA3CF0D5E8F8E0E5E5A
:10E65000908E0F5EF8E0105ECAD5115EFBE0125E90
:10E66000918E135E928E145EFAE0155EC1C5165E41
:10E67000FBCC175E938E185EB1C1195EF9E01A5E8D
:10E68000E3D61B5EAFB21C5EC4D61D5EDBB51E5E5C
:10E69000948E1F5E958E205E968E215E978E225EF2
:10E6A000988E235E998E245E9A8E255E9B8E265EC2
:10E6B000F8B4275EA1D6285E9C8E295E9D8E2A5EC8
:10E6C0009E8E2B5E9F8E2C5EA08E2D5EAFCF2E5E1B
:10E6D000EFB02F5EA18E305EA28E315EFCE0325E26
:10E6E000A38E335EA48E345EA58E355EA68E365E16
:10E6F000A78E375EA1E1385EA3B3395EA88E3A5E7D
:10E70000A98E3B5EFDE03C5EFEE03D5EB1C33E5E39
:10E71000AA8E3F5EAB8E405EAC8E415EAD8E425E99
:10E72000DDC3435EAE8E445EA2E1455EF9B7465E50
:10E73000AF8E475EB08E485EB18E495EB28E4A5E45
:10E74000B38E4B5EB48E4C5ECFBB4D5EB58E4E5ECF
:10E75000B68E4F5EB78E505EB88E515EB98E525EE9
:10E76000BA8E535EBB8E545EA3E1555EBBC4565E4B
:10E77000BC8E575EBD8E585EBE8E595EBF8E5A5E91
:10E78000C08E5B5EA4E15C5EC18E5D5EC28E5E5E2D
:10E79000A5E15F5EC38E605EC48E615EA6E1625ECF
:10E7A000B1B4635EC58E645EC68E655EC78E665EFE
:10E7B000C88E675EC98E685ECA8E695ECB8E6A5EE1
:10E7C000CC8E6B5ECD8E6C5ECE8E6D5ECF8E6E5EB1
:10E7D000D08E6F5ED18E705ED28E715ED38E725E81
:10E7E000C9B8735EBDC6745EEAC4755ED48E765ECB
:10E7F000A2B2775ED58E785ED2D0795ED68E7A5E02
:10E80000DBE77B5EC3BB7C5ED7D37D5EC4D37E5E1D
:10E81000D78E7F5EE3B9805ECFE2815ED88E825E66
:10E82000D98E835EDA8E845EAFD7855EDB8E865EA0
:10E83000ECC7875ED3B1885EDC8E895EDD8E8A5E32
:10E84000B2B48B5ED1E28C5EDE8E8D5EDF8E8E5E2C
:10E85000E08E8F5EF2D0905EAEC2915ED0E2925EAC
:10E86000E18E935EE2BF945EA6D3955ED7B5965EC9
:10E87000D2E2975EEAB5985EE28E995EEDC39A5E4B
:10E88000FDB89B5EE38E9C5EAEB89D5EE48E9E5EA0
:10E89000D3C59F5ECFB7A05ED4E2A15EE58EA25E37
:10E8A000E68EA35EE78EA45EE88EA55ED3E2A65E4A
:10E8B000C8B6A75EF9D7A85EE98EA95EEA8EAA5E01
:10E8C000EB8EAB5EEC8EAC5EED8EAD5EA5CDAE5E3E
:10E8D000EE8EAF5EEF8EB05EF08EB15EF18EB25E08
:10E8E000F28EB35ED8E2B45EF38EB55ED6E2B65E6B
:10E8F000FCCAB75EB5BFB85EB9D3B95ED5E2BA5E41
:10E90000F48EBB5EF58EBC5EF68EBD5EF78EBE5E8F
:10E91000D7E2BF5EF88EC05EF98EC15EFA8EC25E2F
:10E92000FB8EC35EFC8EC45EFD8EC55EFE8EC65E33
:10E93000408FC75E418FC85E428FC95EAEC1CA5E5E
:10E94000C8C0CB5E438FCC5E448FCD5E458FCE5E1C
:10E95000468FCF5E478FD05E488FD15EDBE2D25EBE
:10E96000DAE2D35EAAC0D45E498FD55E4A8FD65E06
:10E97000CEC1D75E4B8FD85E4C8FD95E4D8FDA5E9D
:10E980004E8FDB5EDCE2DC5E4F8FDD5E508FDE5E45
:10E99000518FDF5E528FE05E538FE15E548FE25EF7
:10E9A000558FE35E568FE45E578FE55E588FE65EC7
:10E9B000598FE75E5A8FE85EDDE2E95E5B8FEA5EC3
:10E9C000DEE2EB5E5C8FEC5E5D8FED5E5E8FEE5E99
:10E9D0005F8FEF5E608FF05E618FF15E628FF25E3F
:10E9E000638FF35E648FF45EC8DBF55E658FF65E61
:10E9F000D3D1F75EA2CDF85E668FF95E678FFA5EBF
:10EA0000A8BDFB5E688FFC5E698FFD5E6A8FFE5E4F
:10EA1000C3DEFF5EA5D8005FAABF015FCDDB025F4A
:10EA2000ECD2035FFAC6045FAAC5055F6B8F065F71
:10EA30006C8F075F6D8F085FC4DE095F6E8F0A5FA2
:10EA4000D7B10B5FAEDF0C5F6F8F0D5F708F0E5F06
:10EA5000718F0F5FBDCA105F728F115FB1DF125FE0
:10EA6000738F135FADB9145F748F155FFDD2165F9E
:10EA7000758F175FA5B8185FEBBA195F768F1A5FAD
:10EA8000778F1B5FDAB31C5F788F1D5F798F1E5FF6
:10EA90007A8F1F5FDCB5205FC5D5215F7B8F225F3A
:10EAA0007C8F235F7D8F245F7E8F255FD6C3265F9B
:10EAB000D2CF275FA1BB285F808F295FF3E52A5F54
:10EAC000F2E52B5F818F2C5F828F2D5FF4E52E5F47
:10EAD000838F2F5FE4CD305F848F315FF5C8325F65
:10EAE000858F335F868F345F878F355F888F365F82
:10EAF000898F375F8A8F385F8B8F395FAFB53A5F09
:10EB0000BFC73B5F8C8F3C5FF6E53D5F8D8F3E5FFF
:10EB10008E8F3F5F8F8F405FB0EC415F908F425F81
:10EB2000918F435F928F445F938F455F948F465FD1
:10EB3000958F475F968F485F978F495F988F4A5FA1
:10EB4000998F4B5F9A8F4C5F9B8F4D5F9C8F4E5F71
:10EB50009D8F4F5F9E8F505FE6E5515F9F8F525FA5
:10EB6000E9B9535FB1B5545FA08F555FBCC2565F22
:10EB7000E8E5575FE7E5585FE9E5595FA18F5A5F20
:10EB8000A28F5B5FA38F5C5FA48F5D5FCDD25E5F62
:10EB9000A58F5F5FA68F605FA78F615FEAE1625F0D
:10EBA000CED0635FA88F645FAECD655FA98F665FCF
:10EBB000E5D1675FAA8F685FAB8F695FCAB26A5F92
:10EBC000EBB16B5FAC8F6C5FF2B16D5FEDC56E5FEB
:10EBD000AD8F6F5FAE8F705FC3D5715FB0D3725F63
:10EBE000AF8F735FDCE1745FB08F755FB18F765F5D
:10EBF000B28F775FDDE1785FB38F795FDBD27A5FC9
:10EC0000B48F7B5FB9B37C5FCBB17D5FB58F7E5F27
:10EC1000B68F7F5FB78F805FF9CD815FF7D5825F59
:10EC2000DEE1835FB88F845FB6BE855FFDB4865F2B
:10EC3000B98F875FDFE1885FDCBA895FE0E18A5FD7
:10EC4000B2BB8B5FC9C28C5FE1E18D5FBA8F8E5F13
:10EC5000BB8F8F5FBC8F905FECD0915FBD8F925F59
:10EC6000BDCD935FBE8F945FBF8F955FE2E1965FEE
:10EC7000C08F975FC3B5985FC7C5995FE3E19A5F9F
:10EC8000C18F9B5FC28F9C5FE4E19D5FC38F9E5FDE
:10EC9000C48F9F5FC58FA05FC68FA15FF9D3A25FAE
:10ECA000C78FA35FC88FA45FC98FA55FCA8FA65FF8
:10ECB000CB8FA75FCC8FA85FE5E1A95FCD8FAA5F5F
:10ECC000ADD1AB5FCE8FAC5FCF8FAD5FE6E1AE5F16
:10ECD000A2CEAF5FD08FB05FD18FB15FD28FB25F66
:10ECE000D38FB35FD48FB45FD58FB55FE7E1B65FE5
:10ECF000D68FB75FC2B5B85FD78FB95FD88FBA5F0D
:10ED0000D98FBB5FDA8FBC5FE8E1BD5FD5BBBE5F6B
:10ED1000DB8FBF5FDC8FC05FDD8FC15FDE8FC25FC7
:10ED2000DF8FC35FC4D0C45FE0E2C55FD8B1C65F08
:10ED3000E4D2C75FE08FC85FE18FC95FE1E2CA5FDD
:10ED4000E28FCB5FE38FCC5FC9BCCD5FCCC8CE5F19
:10ED5000E48FCF5FE3E2D05FFEECD15FFDECD25FEA
:10ED6000AFDFD35FE58FD45FE68FD55FE78FD65FE8
:10ED7000E2E2D75FBED6D85FFCCDD95FA6C3DA5F2B
:10ED8000E88FDB5FE98FDC5FEA8FDD5FC3E3DE5F87
:10ED9000EB8FDF5FEC8FE05FD2D6E15FE7E2E25F0F
:10EDA000ED8FE35FEE8FE45FE8E2E55FEF8FE65F14
:10EDB000F08FE75FC7D3E85FF18FE95FF28FEA5F1B
:10EDC000ECE2EB5FECBFEC5FF38FED5FEDE2EE5F4B
:10EDD000E5E2EF5FF48FF05FF58FF15FC0B3F25FB4
:10EDE000F68FF35FF78FF45FF88FF55FEEC4F65F91
:10EDF000F98FF75FFA8FF85FEEE2F95FFB8FFA5F4A
:10EE0000FC8FFB5FC3D0FC5FFD8FFD5FF6BAFE5F3A
:10EE1000E9E2FF5FDEB70060B3BB0160ACCC02602B
:10EE2000CBCB0360E4E20460E6E20560EAE2066060
:10EE3000EBE20760FE8F08604090096041900A6035
:10EE4000F7E20B6042900C6043900D60F4E20E60BC
:10EE5000F5D40F60F3E210604490116045901260A9
:10EE6000ADC5136046901460FAD51560C2C5166032
:10EE7000C0B217604790186048901960EFE21A60BE
:10EE800049901B60F2E21C60AFC11D60BCCB1E60EC
:10EE90004A901F604B902060A1B52160F9E222608A
:10EEA0004C9023604D9024604E902560B1BC26604C
:10EEB000F1E22760D4D02860B9D42960F5E22A6055
:10EEC000D6B92B60F6E22C604F902D6050902E60EA
:10EED00051902F60D3C730605290316053903260B0
:10EEE000549033605590346056903560F0E236604F
:10EEF0005790376058903860599039605A903A600E
:10EF00005B903B60DCD73C60A1ED3D605C903E6077
:10EF10005D903F60F8E240605E904160A5ED426028
:10EF2000FEE24360D1CA44605F90456060904660F5
:10EF300061904760629048606390496064904A6065
:10EF400065904B60B5C14C6066904D60D0BB4E6023
:10EF500067904F6068905060D6BF51606990526072
:10EF6000E3BA53606A9054606B905560A1CB5660D1
:10EF70006C9057606D9058606E905960A6ED5A6025
:10EF8000A3ED5B606F905C6070905D60A2ED5E6071
:10EF900071905F6072906060739061607490626065
:10EFA000D6BB6360A7ED6460F4D065607590666061
:10EFB00076906760A4ED6860DEBA6960F7B66A6053
:10EFC000A1E36B60B2B66C60F1CC6D60A7B96E6006
:10EFD00077906F60A2CF7060A1C771607890726007
:10EFE00079907360D2BF74607A9075607B90766020
:10EFF000F1B677607C907860FAE27960FBE27A6043
:10F00000FDE27B60FCE27C60D5C47D60A2E37E60B3
:10F010007D907F60C1D380607E90816080908260AF
:10F0200081908360A7E38460C4C785608290866016
:10F03000839087608490886085908960A4CF8A607F
:10F0400086908B6087908C60A9E38D60B7BA8E60E4
:10F0500088908F60899090608A9091608B90926088
:10F06000A8E393608C909460DABB95608D90966075
:10F07000A3E397608E9098608F90996090909A60CB
:10F08000A4E39B60AAE39C6091909D60A6E39E60D0
:10F0900092909F60F2CEA060C6D3A1609390A260D0
:10F0A0009490A360BCBBA4609590A5609690A66068
:10F0B000C3D4A7609790A860FAC4A9609890AA608A
:10F0C0009990AB60A8EDAC60FCD0AD60A5E3AE60FC
:10F0D0009A90AF60F5C3B0609B90B160ADE3B26051
:10F0E000AFB1B3609C90B460B2E3B5609D90B66080
:10F0F0009E90B7609F90B860C2BCB960A090BA60A3
:10F10000A190BB60ACE3BC60BFB5BD60A290BE6027
:10F11000A390BF60A490C060A590C160A690C2609B
:10F12000A790C360A890C460A990C560E9C7C660F5
:10F13000B0E3C760AA90C860AB90C960AC90CA60E9
:10F14000AABECB60EFCDCC60AD90CD60AE90CE606E
:10F15000AF90CF60B090D060B190D160F3BBD2607F
:10F16000B290D360B390D460B490D560E8CCD66050
:10F17000B590D760B690D860AFE3D960B790DA6049
:10F18000B1E3DB60B890DC60A7CFDD60AEE3DE60AA
:10F19000B990DF60A9CEE060DDBBE160BA90E260CB
:10F1A000BB90E360BC90E460BD90E560BE90E6601B
:10F1B000EBB5E760E5BEE860D2B2E960CDB3EA60E6
:10F1C000BF90EB60B9B1EC60ABE3ED60D1B2EE6043
:10F1D000ACB5EF60DFB9F060E8B6F160C090F26006
:10F1E000C190F360EBCFF460B7E3F560C290F660D6
:10F1F000CCBBF760C390F860C490F960C7C8FA60F0
:10F20000CAD0FB60C590FC60C690FD60C790FE60F0
:10F21000C890FF60C9900061B8E30161EEB302617C
:10F22000CA900361CB900461CC900561CD900661DA
:10F23000A9ED0761CE900861FAD30961E4D30A61B0
:10F24000CF900B61D0900C61D1900D61AAED0E6151
:10F25000B9E30F61E2D21061D2901161D3901261D3
:10F26000D4901361D5901461D6901561B5E3166101
:10F27000D7901761D8901861D9901961DA901A6106
:10F28000DED31B61DB901C61DC901D61DD901E6193
:10F29000DE901F61D0B82061B3E32161DF9022616D
:10F2A000E0902361B6E32461DFB72561E190266138
:10F2B000B4E32761A2C02861E2902961E3902A614A
:10F2C000E4902B61BAE32C61E5902D61E6902E610C
:10F2D000E7902F61E8903061E9903161EA90326106
:10F2E000EB903361EC903461ED903561EE903661D6
:10F2F000EF903761F0903861F1903961F2903A61A6
:10F30000F3903B61F4903C61F5903D61F6903E6175
:10F31000F7903F61B8D44061F8904161F990426143
:10F32000FA904361FB904461FC904561FD90466119
:10F33000FE90476140914861C8B4496141914A617A
:10F34000BBE34B6142914C61C5BB4D6143914E6142
:10F35000F7C94F614491506145915161E5C95261CE
:10F36000469153614791546148915561BDC45661BE
:10F37000499157614A9158614B9159614C915A6139
:10F380004D915B614E915C614F915D61ABED5E6152
:10F3900050915F61519160615291616153916261DD
:10F3A000FDC26361549164615591656156916661D6
:10F3B00057916761DBBB6861AEBF696158916A6153
:10F3C00059916B615A916C615B916D615C916E6159
:10F3D0005D916F615E917061BFCE71615F9172618D
:10F3E000609173616191746162917561BCE3766152
:10F3F00063917761B6BF78616491796165917A6153
:10F4000066917B6167917C6168917D6169917E61A4
:10F410006A917F616B9180616C9181616D91826174
:10F420006E9183616F918461709185617191866144
:10F4300072918761739188617491896175918A6114
:10F4400076918B61EFB18C6177918D6178918E614E
:10F45000F7D48F61799190617A9191617B919261FA
:10F460007C9193617D919461BEE395617E919661FB
:10F4700080919761819198618291996183919A615C
:10F4800084919B6185919C6186919D61ADED9E61AA
:10F4900087919F618891A0618991A1618A91A26100
:10F4A0008B91A3618C91A4618D91A5618E91A661D0
:10F4B0008F91A761BFE3A861A9BAA961ACEDAA6168
:10F4C0009091AB619191AC61BDE3AD619291AE6100
:10F4D0009391AF619491B0619591B1619691B26150
:10F4E0009791B3619891B4619991B5619A91B66120
:10F4F0009B91B761C0E3B8619C91B9619D91BA617C
:10F500009E91BB619F91BC61A091BD61A191BE61C3
:10F51000B6BABF61A291C061A391C161A491C26159
:10F52000AEB6C361A591C461A691C561A791C6613C
:10F53000A891C761A991C861B8D0C961AA91CA61EF
:10F54000C3B0CB61AEEDCC61AB91CD61AC91CE617E
:10F55000AD91CF61AE91D061AF91D161AFEDD2618C
:10F56000C1C0D361B091D461C1E3D561B191D6611D
:10F57000B291D761B391D861B491D961B591DA6193
:10F58000B691DB61B791DC61B891DD61B991DE6163
:10F59000BA91DF61BB91E061BC91E161BD91E26133
:10F5A000BE91E361BF91E461C091E561C191E66103
:10F5B000B3C5E761C291E861C391E961C491EA61B1
:10F5C000C591EB61C691EC61C791ED61C891EE61A7
:10F5D000C991EF61CA91F061CB91F161CC91F26177
:10F5E000CD91F361CE91F461CF91F561C2E3F66103
:10F5F000D091F761D191F861D291F961D391FA611B
:10F60000D491FB61D591FC61D691FD61D791FE61EA
:10F61000D891FF61B2DC0062D9910162DA91026295
:10F62000DB910362DC910462DD910562DE9106628A
:10F63000B0ED0762DF910862EAB80962E0910A6200
:10F64000ECCE0B62A7EA0C62E7D00D62F9CA0E623B
:10F65000D6C80F62B7CF1062C9B31162D2CE1262A0
:10F66000E4BD1362E1911462E2911562DEE3166279
:10F67000F2BB1762A8EA1862BDD51962E3911A625B
:10F68000DDC61B62A9EA1C62E4911D62E5911E625F
:10F69000E6911F62AAEA2062E7912162ACEA226247
:10F6A000ABEA2362E8912462AEEA2562ADEA266203
:10F6B000E9912762EA912862EB912962EC912A6232
:10F6C000D8BD2B62ED912C62AFEA2D62EE912E62D5
:10F6D000BEC22F62EF913062F0913162F1913262DD
:10F6E000F2913362C1B43462F7B43562F391366299
:10F6F000F4913762A7BB3862F5913962F6913A62AC
:10F70000F7913B62F8913C62F9913D62E6EC3E6212
:10F71000E5EC3F62BFB74062F9CB4162E2B14262C1
:10F72000FA914362E7EC4462FB914562FC914662C8
:10F73000FD914762C8C94862E8EC4962E9EC4A6257
:10F74000FE914B62D6CA4C62D0DE4D62C5B24E62AB
:10F75000FAD44F624092506241925162CBC65262DB
:10F76000C7B05362F2B45462D3C855624292566233
:10F770004392576244925862D0CD596245925A6280
:10F7800046925B62B8BF5C6247925D6248925E627D
:10F7900049925F624A9260624B9261624C926262ED
:10F7A0004D926362DBBF64624E9265624F92666205
:10F7B000A4C76762B4D6686250926962A9C06A62DF
:10F7C000D1DE6B62A8C96C62EFD16D62A4C56E62B6
:10F7D000E7B06F62B6B37062C5C87162519272626F
:10F7E00052927362E2B0746253927562549276627E
:10F7F000F6B777625592786256927962FAC57A6264
:10F8000057927B6258927C62F3B67D6259927E6217
:10F81000D2D57F62D0B38062BCBC81625A928262D0
:10F820005B9283625C928462ADB385625D92866214
:10F830005E9287625F92886260928962F1BE8A629C
:10F84000D1B08B6261928C6262928D6263928E62A1
:10F8500064928F626592906266929162D6D2926251
:10F86000E3CA9362A5D7946267929562B6CD966219
:10F87000B6B69762B9BF9862DBD5996268929A6210
:10F88000A7B89B62D7C59C6269929D626A929E628C
:10F890006B929F62D2DEA062D9BFA162D5C2A26282
:10F8A000C0C7A3626C92A462A4BBA562A8B1A66201
:10F8B0006D92A7626E92A862EAC5A9626F92AA626F
:10F8C0007092AB62FBC5AC62A7CCAD627192AE62C6
:10F8D0007292AF627392B0627492B162A7B1B26277
:10F8E0007592B3627692B4627792B562D6B5B6621B
:10F8F0007892B7627992B8627A92B962A8C4BA6211
:10F900007B92BB62D3DEBC62BAD1BD62E9B3BE6298
:10F910007C92BF62F2C3C0627D92C1627E92C2627B
:10F92000F7B7C3628092C462F4D6C562A3B5C6625B
:10F93000F0B2C762B4C4C862E9C4C962ADC0CA62E9
:10F94000D4DECB628192CC62E8B0CD62C4C5CE6217
:10F95000E0C1CF628292D062D5B9D1628392D26285
:10F96000DCBED362D8CDD462CEB0D5628492D662EA
:10F97000CFCDD762D6DED862D0BED962BED7DA622A
:10F98000D5DEDB62D0D5DC62DDB0DD628592DE6281
:10F990008692DF62E2C4E0628792E1628892E2626C
:10F9A000A3C2E362F0BCE4628992E562B5D3E66289
:10F9B000B9C0E762A1C5E862A6B2E962F1D4EA6221
:10F9C0008A92EB628B92EC62A8C0ED62C3CAEE62CF
:10F9D000D7DEEF62FCD5F0628C92F162B0B9F262D0
:10F9E0008D92F362ADC8F462A9CBF5628E92F66295
:10F9F000D9DEF762BDBFF8628F92F9629092FA6227
:10FA00009192FB629292FC62B4C6FD62A7D7FE623D
:10FA1000B0CAFF62C3C4006393920163D6B30263AA
:10FA2000D2B9036394920463959205639692066338
:10FA300097920763B8D60863FCEA0963B4B00A6317
:10FA400098920B6399920C639A920D639B920E634A
:10FA5000E6BF0F639C9210639D921163F4CC126316
:10FA60009E9213639F921463A0921563A1921663F2
:10FA7000DACD1763A2921863A3921963A4921A6352
:10FA8000BFD61B63CEC21C63A5921D63CECE1E6380
:10FA9000A2CC1F63AED02063D3C42163B2B522636E
:10FAA000D8DE2363F5D52463B7BC2563D3BB2663B7
:10FAB000A6922763A7922863A4B02963A8922A6319
:10FAC000B2C52B63ECB42C63A9922D63AA922E636A
:10FAD000AB922F63F1D53063AC923163AD92326358
:10FAE000FDEA3363AE923463AF923563B09236630E
:10FAF000B1923763B2923863B3923963DADE3A6314
:10FB0000A6CD3B63B4923C63B5923D63ECCD3E63BE
:10FB1000B6923F63B7924063B8924163B992426331
:10FB2000E6CE4363DCDE4463BA924563B1CD4663FF
:10FB3000A6C04763BB924863BC924963BDD74A6382
:10FB4000BD924B63DBDE4C63C6B04D63B4BA4E630B
:10FB5000D3C94F63F3C45063E8BE5163BE9252638E
:10FB6000BF925363C0925463C1925563B6B2566359
:10FB7000C2925763C3925863C4925963C5925A6341
:10FB8000C6925B63C7925C63C8925D63C9925E6311
:10FB9000CCC05F63F0CB6063CA926163F1BC626307
:10FBA000BBBB6363B7B56463CB926563CC9266639A
:10FBB000CD926763F5C56863CE926963E6DE6A63DA
:10FBC000CF926B63D0926C63D1926D63E3DE6E6310
:10FBD000DDBE6F63D2927063D3927163DFDE7263B6
:10FBE000D4927363D5927463D6927563D792766319
:10FBF000B7B47763DDBD7863D8927963D9927A63BD
:10FC0000E0DE7B63EDC47C63DA927D63DB927E632E
:10FC1000DC927F63DD928063C6CF8163DE92826374
:10FC2000E0B58363DF928463E0928563E19286634B
:10FC3000E2928763DEB68863DACA8963F4B58A63C1
:10FC4000E5DE8B63E3928C63C6D58D63E4928E63AD
:10FC5000E1DE8F63CDCC9063FEC69163E592926343
:10FC6000C5C59363E6929463E7929563E8929663C1
:10FC7000B4D29763E9929863F2BE9963EA929A6369
:10FC8000EB929B63EC929C63ED929D63EE929E637C
:10FC9000EF929F63F092A063D3C2A163F192A2633B
:10FCA000BDCCA363B8B3A463F292A563D3BDA6632E
:10FCB000F392A763D8BFA863C6CDA963DAD1AA63BC
:10FCC000EBB4AB63F492AC63E4DEAD63DDDEAE6354
:10FCD000E7DEAF63F592B063FEEAB163F692B2631A
:10FCE000F792B363B0C2B463E2DEB563F892B66371
:10FCF000F992B763C0D6B863A7B5B963FA92BA638D
:10FD0000F4B2BB63FB92BC63E8DEBD63FC92BE63EE
:10FD1000F2DEBF63FD92C063FE92C1634093C26393
:10FD20004193C3634293C463EDDEC5634393C663EB
:10FD3000F1DEC7634493C8634593C963E0C8CA63EF
:10FD40004693CB634793CC634893CD63E1D7CE63AF
:10FD5000EFDECF63E8C3D063E1CCD1634993D263D4
:10FD6000E5B2D3634A93D4634B93D5634C93D66384
:10FD7000BED2D7634D93D8634E93D9634F93DA6362
:10FD80005093DB635193DC635293DD635393DE63E3
:10FD9000EEDEDF635493E063EBDEE163D5CEE26336
:10FDA0005593E363A7B4E4635693E5635793E6631F
:10FDB0005893E7635993E8635A93E963ABBFEA63E7
:10FDC000BEBEEB635B93EC635C93ED63D2BDEE630D
:10FDD0005D93EF635E93F0635F93F1636093F2630F
:10FDE000E9DEF3636193F463AED4F5636293F66383
:10FDF000DEDEF7636393F863EADEF9636493FA6324
:10FE00006593FB636693FC636793FD63BFC0FE630A
:10FE10006893FF63ECDE0064F3B20164E9B8026446
:10FE2000A7C20364699304646A930564C1BD066450
:10FE30006B9307646C9308646D9309646E930A6412
:10FE40006F930B64F5DE0C64F8DE0D6470930E6442
:10FE500071930F64ABB21064A4B411647293126412
:10FE600073931364EAB41464A6C915647493166496
:10FE700075931764769318647793196478931A646A
:10FE800079931B64F6DE1C64D1CB1D647A931E64E7
:10FE9000E3B81F647B932064F7DE2164FADE2264FA
:10FEA0007C9323647D9324647E93256480932664ED
:10FEB000F9DE2764819328648293296483932A64FA
:10FEC000C2CC2B6484932C64E1B02D64EEB42E6418
:10FED00085932F648693306487933164889332646A
:10FEE000899333648A933464BAE535648B933664BA
:10FEF0008C9337648D9338648E9339648F933A640E
:10FF0000AFD03B6490933C6491933D64EBB23E640C
:10FF100092933F64A1EB406493934164F4DE4264A6
:10FF20009493436495934464E3C94564F3DE466463
:10FF3000DAB04764A1D24864F7B1496496934A6441
:10FF4000AFCC4B6497934C6498934D6499934E64F3
:10FF50009A934F649B9350649C9351649D93526415
:10FF6000F0DE53649E935464A4CB55649F9356640F
:10FF7000A0935764A1935864AAD55964A2935A6474
:10FF8000A3935B64A4935C64A5935D64A6935E6491
:10FF9000FBDE5F64A7936064A8936164A9936264C5
:10FFA000AA936364AB936464AC936564AD93666435
:10FFB000AE936764DDB46864AF936964A6C46A6491
:10FFC000B0936B64B1936C64B2936D64FDDE6E6448
:10FFD000B3936F64B4937064B5937164B6937264B1
:10FFE000B7937364B8937464B9937564BA93766481
:10FFF000BB937764BC937864FEC37964A1C47A64CC
:020000040801F1
:10000000A1DF7B64BD937C64BE937D64BF937E64FB
:10001000C0937F64C1938064C2938164C3938264FC
:10002000CCC18364C4938464FCDE8564EFBE8664C3
:10003000C5938764B2C68864C6938964C7938A648B
:10004000C8938B64C9938C64CA938D64CB938E647C
:10005000CC938F64CD939064CE939164C5B3926436
:10006000F6C89364CF939464D0939564BACB9664A6
:10007000FEDE9764D1939864D2939964A4DF9A6466
:10008000D3939B64D4939C64D5939D64D6939E64D0
:10009000B2D79F64D793A064D893A164D993A26484
:1000A000DA93A364DB93A464B7B3A564DC93A6647A
:1000B000DD93A764DE93A864DF93A964C3C1AA6437
:1000C000E093AB64E193AC64CBC7AD64A5B2AE641E
:1000D000E9B4AF64E293B064ABD7B164E393B264C4
:1000E000E493B364E593B464E693B564ECC4B66496
:1000F000E793B764A2DFB864A3DFB964E893BA6496
:10010000A5DFBB64E993BC64B3BABD64EA93BE6483
:10011000EB93BF64EC93C064A6DFC164ED93C2644B
:10012000DEC0C364EE93C464EF93C564C3C9C66400
:10013000F093C764F193C864F293C964F393CA64FB
:10014000F493CB64F593CC64F693CD64D9B2CE64CA
:10015000E6C7CF64F793D064A7DFD164F893D26485
:10016000DCC7D364F993D464FA93D564FB93D66463
:10017000FC93D764A8DFD864A2EBD964FD93DA645A
:10018000FE93DB644094DC644194DD644294DE645D
:10019000D3CBDF644394E0644494E1644594E26427
:1001A000AADFE3644694E464A9DFE5644794E66467
:1001B000C1B2E7644894E8644994E9644A94EA6403
:1001C0004B94EB644C94EC644D94ED644E94EE646B
:1001D0004F94EF645094F0645194F1645294F2643B
:1001E0005394F3645494F4645594F5645694F6640B
:1001F0005794F7645894F8645994F9645A94FA64DB
:100200005B94FB645C94FC645D94FD645E94FE64AA
:100210005F94FF6460940065CAC5016561940265DE
:10022000629403656394046564940565659406654A
:10023000669407656794086568940965ABDF0A658D
:1002400069940B656A940C656B940D656C940E65EE
:100250006D940F656E9410656F94116570941265BE
:10026000DCD41365719414657294156573941665E6
:100270007494176575941865C1C8196576941A65E4
:1002800077941B6578941C6579941D657A941E6536
:100290007B941F657C9420657D9421657E94226506
:1002A000809423658194246582942565ACDF26655E
:1002B00083942765849428658594296586942A65A6
:1002C00087942B65F0BE2C6588942D6589942E65E6
:1002D000ADDF2F65A7D630658A9431658B94326582
:1002E0008C9433658D943465B7EA3565B6EB366525
:1002F000D5CA37658E943865FCD83965C4B83A6577
:100300008F943B65A5B93C6590943D6591943E659D
:10031000C5B73F65FED540659294416593944265AB
:10032000949443659594446596944565CAB9466529
:100330009794476598944865A7D04965CDF44A6578
:1003400099944B659A944C65D0B54D659B944E65D8
:100350009C944F65F4C350659D945165C8BE526529
:100360009E9453659F945465A0945565B7EB56656C
:10037000BDB05765A1945865A2945965CCBD5A6526
:10038000A3945B65B2C15C65A4945D65D6B15E65FE
:10039000A8B35F65A5946065A6946165A79462653E
:1003A000D2B86365A2C96465A8946565A9946665B9
:1003B000D8B66765AA946865AB946965AC946A65BC
:1003C000AD946B65B8EB6C65B4BE6D65AE946E654F
:1003D000AF946F65B0947065FDCA7165B194726534
:1003E000C3C77365B2947465FBD57565B3947665C0
:1003F000B4947765F3B77865B5947965B6947A6502
:10040000B7947B65B8947C65B9947D65BA947E6534
:10041000BB947F65BC948065BD948165BE94826504
:10042000BF948365C0948465C1948565C2948665D4
:10043000C3948765C4CE8865C4948965C5948A656C
:10044000C6948B65ABD58C65F3B18D65C7948E650D
:10045000C8948F65C9949065B3EC9165DFB09265DF
:10046000CA949365B5EC9465CB949565CC949665E8
:10047000CD949765B7B69865CE949965CFC19A65C6
:10048000CF949B65FAF59C65B1D09D65D0949E652F
:10049000D1949F65E5D5A065D294A165D3CEA26520
:1004A000D394A365D494A465EFBDA565E2B3A66516
:1004B000D594A765ABB8A865D694A965B6D5AA6545
:1004C000D794AB65BDEDAC65D894AD65CFB6AE65E0
:1004D000D994AF65B9CBB065C2D0B165DA94B265D5
:1004E000DB94B365DC94B465DD94B565DE94B665E4
:1004F000DF94B765E094B865E194B965BDB7BA65B6
:10050000E294BB65E394BC65B6ECBD65A9CABE6563
:10051000E494BF65E594C065E694C165D4C5C26541
:10052000E794C365B9ECC465B8ECC565C3C2C665DC
:10053000B7ECC765E894C865E994C965EA94CA65EB
:10054000EB94CB65FDD0CC65BAECCD65EC94CE6573
:10055000BBECCF65E5D7D065ED94D165EE94D2655F
:10056000BCECD365EF94D465F094D565F194D66571
:10057000BDECD765ECC6D865F294D965F394DA651D
:10058000F494DB65F594DC65F694DD65F794DE653F
:10059000F894DF65F994E065DECEE165FA94E265F2
:1005A000C8BCE365FB94E465FC94E565D5C8E665E5
:1005B000A9B5E765C9BEE865BCD6E965E7D4EA65D3
:1005C000FD94EB65FE94EC65AED1ED65F1D0EE6582
:1005D000B8EAEF65B9EAF065BAEAF165B5BAF2656D
:1005E0004095F3654195F4654295F5654395F6654B
:1005F000B1CAF765F5BFF8654495F9654595FA65A3
:10060000FACDFB654695FC654795FD654895FE6509
:100610004995FF654A950066C0EA01664B950266FA
:10062000BAB00366BEEA04664C9505664D9506664B
:10063000A5C007664E9508664F95096650950A66EF
:10064000BBEA0B6651950C66FDB20D6652950E66BF
:10065000F7C30F66E8BB1066539511665495126692
:1006600055951366D7D21466F4CE1566BFEA1666A2
:10067000569517665795186658951966BCEA1A6616
:1006800059951B665A951C665B951D66C3EA1E66E6
:100690005C951F66C7D02066B3D321665D95226640
:1006A0005E9523665F95246660952566BAB42666D6
:1006B00061952766C1C32866F2D7296662952A66C6
:1006C00063952B6664952C6665952D66D1D52E664F
:1006D00066952F66C7CA306667953166C5EA326689
:1006E0006895336669953466C4EA3566C7EA366646
:1006F000C6EA37666A9538666B9539666C953A66D0
:100700006D953B666E953C66E7D63D666F953E6699
:10071000D4CF3F667095406671954166CBEA4266DC
:1007200072954366CEBB446673954566749546667E
:1007300075954766769548667795496678954A66D1
:1007400079954B66FABD4C66CEC94D667A954E6674
:100750007B954F66CCEA50667C9551667D955266D6
:10076000B9C95366FECF5466CAEA5566CED45666FA
:10077000CDEA5766CFEA58667E95596680955A66E7
:10078000EDCD5B6681955C6682955D6683955E6660
:1007900084955F66C9EA606685956166CEEA6266A1
:1007A0008695636687956466EECE6566889566660F
:1007B000DEBB676689956866BFB369668A956A66B7
:1007C0008B956B668C956C668D956D668E956E6659
:1007D000D5C66F66B0BE7066FACE71668F957266CA
:1007E0009095736691957466E7C77566929576667F
:1007F000A7BE7766D0EA78669395796694957A660F
:10080000C7D67B6695957C6696957D6697957E6640
:10081000C0C17F6698958066999581669A95826633
:10082000DDD483669B958466D1EA85669C95866651
:100830009D958766BECF88669E9589669F958A66D8
:10084000A0958B66A1958C66D2EA8D66A2958E6680
:10085000A3958F66A4959066A5959166EECA92665B
:10086000A6959366A7959466A8959566A9959666AC
:10087000AFC59766B5B09866AA959966AB959A6626
:10088000AC959B66AD959C66AE959D66D4EA9E66DA
:10089000AF959F66B095A066B195A166B295A26628
:1008A000B395A366B495A466B595A566B695A666F8
:1008B000B795A766D3EAA866DFF4A966B895AA66D5
:1008C000B995AB66BA95AC66BB95AD66BC95AE66A0
:1008D000BAC4AF66BD95B066BE95B166BF95B26647
:1008E000C095B366C195B466A9B1B566C295B66642
:1008F000C395B766C495B866C595B966DFE5BA66AF
:10090000C695BB66C795BC66C895BD66C995BE66EB
:10091000D5EABF66CA95C066CB95C166CC95C2665E
:10092000CD95C366CE95C466CF95C566D095C6668F
:10093000D195C766D295C866D395C966D495CA665F
:10094000D595CB66D695CC66D795CD66D895CE662F
:10095000D995CF66DA95D066DB95D166DC95D266FF
:10096000DD95D366DE95D466DF95D566E095D666CF
:10097000E195D766E295D866E395D966EFCADA665F
:10098000E495DB66D6EADC66D7EADD66D8C6DE66C5
:10099000E595DF66E695E066E795E166E895E2664F
:1009A000E995E366EA95E466EB95E566EC95E6661F
:1009B000D8EAE766ED95E866EE95E966D9EAEA6673
:1009C000EF95EB66F095EC66F195ED66F295EE66C7
:1009D000F395EF66F495F066BBD4F166F595F26693
:1009E000FAC7F366B7D2F466FCB8F566F695F66614
:1009F000F795F766C2EAF866F895F966DCB2FA662A
:100A0000F995FB66FA95FC66FCC2FD66FB95FE66F1
:100A1000F8D4FF66E6CC0067EED70167FC95026765
:100A2000FD950367FE950467409605674196066746
:100A30004296076743960867C2D40967D0D30A670E
:100A4000C3EB0B67F3C50C6744960D67FEB70E67E3
:100A500045960F6746961067D4EB11674796126765
:100A60004896136749961467B7CB1567DEEB166790
:100A70004A961767CAC018674B9619674C961A674B
:100A80004D961B67FBCD1C674E961D67AFB31E6767
:100A90004F961F67DAC620675096216751962267E6
:100AA0005296236753962467549625675596266772
:100AB000FCEB276756962867BEC4296757962A67B6
:100AC000B4CE2B67A9C42C67BEB12D67FDD42E67A9
:100AD00058962F67F5CA306759963167ECD632675A
:100AE0005A9633675B963467D3C63567E4B6366784
:100AF0005C9637675D9638675E9639675F963A67AA
:100B0000FABB3B6760963C6761963D67E0D03E6705
:100B100062963F6763964067B1C9416764964267D2
:100B2000D3D44367A8C84467659645676696466709
:100B3000CBB8476767964867BEE84967BCC94A674C
:100B400068964B6769964C67BBE84D676A964E6737
:100B5000EEC04F67D3D05067C4B25167E5B4526757
:100B60006B965367BCE854676C9655676D965667ED
:100B7000C8D557676E9658676F96596770965A67CB
:100B800071965B6772965C67C5B65D6773965E67C4
:100B9000BDE85F67F8CA6067DCB86167F5CC62677B
:100BA000749663677596646776966567B4C0666782
:100BB0007796676778966867EED16967BFE86A6776
:100BC000C2E86B6779966C677A966D67BCBA6E6798
:100BD0007B966F67ADB17067DCBD71677C9672679D
:100BE000BDEA7367C3E874677D967567C6E8766784
:100BF0007E967767CBE878678096796781967A6783
:100C000082967B6783967C67CCE87D6784967E6757
:100C1000C9CB7F67E5B0806785968167ABBC82678B
:100C20008696836787968467B9B98567889686674D
:100C300089968767C1E888678A968967F7CD8A674A
:100C40008B968B67CAE88C678C968D678D968E67BE
:100C50008E968F678F969067F6CE91679096926783
:100C6000919693679296946793969567EDD596675C
:100C700094969767D6C19867C4E8996795969A67DE
:100C8000B6C39B6796969C67FBB99D67A6D69E6781
:100C9000C8E89F679796A0679896A1679996A267FC
:100CA000E0CAA367E6D4A4679A96A567C0E8A667DA
:100CB0009B96A767C5E8A867C7E8A9679C96AA6737
:100CC000B9C7AB67E3B7AC679D96AD67C9E8AE67D8
:100CD0009E96AF67DDBFB067D2E8B1679F96B267F7
:100CE000A096B367D7E8B467A196B567D5E8B667AD
:100CF000DCBCB767CFBCB867DBE8B967A296BA6758
:100D0000A396BB67A496BC67A596BD67A696BE676B
:100D1000A796BF67A896C067A996C167DEE8C267B5
:100D2000AA96C367DAE8C467FAB1C567AB96C66727
:100D3000AC96C767AD96C867AE96C967AF96CA67E7
:100D4000B096CB67B196CC67B296CD67B396CE67B7
:100D5000B496CF67D8B0D067B3C4D167CCB8D267E8
:100D6000E2C6D367BEC8D467E1C8D567B596D66773
:100D7000B696D767B796D867CFE8D967D4E8DA6769
:100D8000D6E8DB67B896DC67F1B9DD67D8E8DE67DF
:100D9000F5D7DF67B996E067FBC4E167BA96E2670B
:100DA000DCE8E367BB96E467BC96E567E9B2E66713
:100DB000BD96E767BE96E867BF96E967D1E8EA6740
:100DC000C096EB67C196EC67EDBCED67C296EE6727
:100DD000C396EF67C2BFF067CDE8F167F9D6F26757
:100DE000C496F367F8C1F467F1B2F567C596F66784
:100DF000C696F767C796F867C896F967C996FA67FF
:100E0000CA96FB67CB96FC67CC96FD67DFE8FE676A
:100E1000CD96FF67C1CA0068D9E80168CE9602681E
:100E2000CF960368D0960468D1960568A4D5066865
:100E3000D2960768EAB10868BBD50968CEE80A68A7
:100E4000D0E80B68B0B60C68D3E80D68D3960E688E
:100E5000DDE80F68B8C01068D4961168F7CA126848
:100E6000D5961368A8CB1468D6961568D7961668D9
:100E7000DCC61768F5C01868D8961968D9961A683C
:100E8000DA961B68DB961C68DC961D68E9E81E682C
:100E9000DD961F68DE962068DF962168A3D0226861
:100EA000E0962368E1962468E2962568E396266832
:100EB000E4962768E5962868E6962968F2E82A68A5
:100EC000EAD62B68E7962C68E8962D68E9962E6896
:100ED000EA962F68EB963068EC963168ED963268AA
:100EE000E0E83368E1E83468EE963568EF963668F6
:100EF000F0963768F9D13868CBBA3968F9B83A68EA
:100F0000F1963B68F2963C68F1B83D68D4D43E68EF
:100F1000EFE83F68F3964068EEE84168ECE8426825
:100F2000F0B94368D2CC4468E6E84568A6CE466886
:100F3000F2BF4768F4964868B8B04968F1E84A6873
:100F4000F0E84B68F5964C68C0D74D68F6964E6849
:100F5000E4E84F68F7965068A9CD5168A3C9526874
:100F6000F8965368B8BB5468DBBD5568EAE8566824
:100F7000F9965768FA965868FB965968FC965A682D
:100F8000FD965B68FE965C6840975D6841975E6879
:100F900042975F6843976068E2E86168E3E86268E7
:100FA000E5E86368B5B56468E7E86568C5C766687D
:100FB000EBE86768EDE86868B0BD6968AED76A6855
:100FC00044976B68F8E86C6845976D6846976E685B
:100FD00047976F6848977068499771684A97726831
:100FE0004B9773684C977468F5E875684D97766809
:100FF000B0CD7768F6E878684E9779684F977A6849
:1010000050977B6851977C6852977D6853977E68AC
:1010100054977F685597806856978168BAC18268EF
:1010200057978368E8E8846858978568B7C38668E7
:10103000F0B08768599788685A9789685B978A687B
:101040005C978B685D978C685E978D685F978E68FC
:1010500060978F68F4E890686197916862979268EA
:1010600063979368F7E894686497956865979668BE
:1010700066979768A3B998686797996868979A6818
:1010800069979B686A979C686B979D686C979E6848
:101090006D979F686E97A0686F97A1687097A26818
:1010A000D2C9A3687197A4687297A5687397A66858
:1010B000CEC3A768E0CEA868E6C0A9687497AA68FE
:1010C0007597AB687697AC687797AD68F3CBAE68E9
:1010D0007897AF68DDCCB068B5D0B1687997B26861
:1010E0007A97B368E1CAB4687B97B568F3E8B668E5
:1010F0007C97B7687D97B8687E97B9688097BA681B
:101100008197BB688297BC688397BD688497BE68E7
:101110008597BF688697C068ECBCC1688797C2682E
:10112000F9E8C3688897C4688997C5688A97C668CC
:101130008B97C7688C97C8688D97C968DEC3CA68E3
:101140008E97CB68E5C6CC688F97CD68F7B9CE6827
:101150009097CF689197D0689297D1689397D2680B
:10116000F4B0D3689497D4689597D568D8D7D668E3
:101170009697D7689797D868ACBCD9689897DA687B
:10118000EFC5DB689997DC689A97DD689B97DE6806
:101190009C97DF689D97E068C4CCE1689E97E26801
:1011A0009F97E368A6E9E468A097E568A197E668D9
:1011B000A297E768A397E868A497E968A597EA6803
:1011C000A697EB68A797EC68A897ED68A997EE68D3
:1011D000ADC9EF68AA97F068A2E9F168E2C0F268C9
:1011E000AB97F368AC97F468AD97F568C3BFF66842
:1011F000AE97F768AF97F868B097F968FEE8FA68B5
:10120000D7B9FB68B197FC68FBE8FD68B297FE6848
:10121000B397FF68B4970069B5970169A4E90269BB
:10122000B6970369B7970469B8970569CED206697E
:10123000B9970769BA970869BB970969BC970A69A2
:10124000BD970B69A3E90C69BE970D69B2D60E690B
:10125000B5D70F69BF971069A7E91169C0971269DF
:10126000B7BD1369C1971469C2971569C397166909
:10127000C4971769C5971869C6971969C7971A69F6
:10128000C8971B69C9971C69CA971D69CB971E69C6
:10129000CC971F69FCE82069FDE82169CD97226998
:1012A000CE972369CF972469A1E92569D09726694C
:1012B000D1972769D2972869D3972969D4972A6942
:1012C000D5972B69D6972C69D7972D69D6CD2E69DE
:1012D000D8972F69D9973069ACD23169DA973269DA
:1012E000DB973369DC973469B2E93569DD97366994
:1012F000DE973769DF973869E0973969A9E93A6974
:10130000E1973B69E2973C69E3973D69AAB43E697E
:10131000E4973F69BBB44069E5974169E697426944
:10132000ABE94369E7974469E8974569E9974669F6
:10133000EA974769EB974869EC974969ED974A69DD
:10134000EE974B69EF974C69F0974D69F1974E69AD
:10135000F2974F69F3975069F4975169F59752697D
:10136000F6975369F7975469A8D05569F897566965
:10137000F9975769A5E95869FA975969FB975A6926
:10138000FEB35B69FC975C69FD975D69ACE95E69DA
:10139000E3C05F69FE976069AAE961694098626984
:1013A00041986369B9E964694298656943986669D7
:1013B000B8E96769449868694598696946986A69AF
:1013C00047986B69AEE96C6948986D6949986E6990
:1013D000FAE86F694A9870694B987169A8E972696F
:1013E0004C9873694D9874694E9875694F987669F1
:1013F00050987769ACBF7869B1E97969BAE97A69D7
:1014000051987B6952987C69A5C27D6953987E6921
:1014100054987F6955988069AFE9816956988269C7
:10142000C5B8836957988469ADE985695898866914
:10143000DCD38769B4E98869B5E98969B7E98A695C
:1014400059988B695A988C695B988D69C7E98E6940
:101450005C988F695D9890695E9891695F989269D0
:101460006098936961989469C6C09569C5E9966961
:101470006298976963989869B0E9996964989A69DC
:1014800065989B69BBE99C69F1B09D6966989E6906
:1014900067989F696898A0696998A1696A98A26924
:1014A0006B98A3696C98A4696D98A5696E98A669F4
:1014B0006F98A769BCE9A869A5D5A9697098AA69B8
:1014C0007198AB69BEE9AC697298AD69BFE9AE6964
:1014D0007398AF697498B0697598B169C1E9B269D8
:1014E0007698B3697798B469F1C1B5697898B669A7
:1014F0007998B769B6C8B8697A98B9697B98BA69B2
:101500007C98BB69BDE9BC697D98BD697E98BE6960
:101510008098BF698198C0698298C169C2E9C2692F
:101520008398C3698498C4698598C5698698C66993
:101530008798C7698898C8698998C9698A98CA6963
:10154000C3E9CB698B98CC69B3E9CD698C98CE6936
:10155000B6E9CF698D98D069B1BBD1698E98D2694F
:101560008F98D3699098D469C0E9D5699198D66964
:101570009298D7699398D8699498D9699598DA69B7
:101580009698DB69F7BCDC699798DD699898DE6905
:101590009998DF69C4E9E069C6E9E1699A98E26966
:1015A0009B98E3699C98E4699D98E5699E98E66933
:1015B0009F98E769A098E869A198E969A298EA6903
:1015C000A398EB69A498EC69A598ED69CAE9EE695E
:1015D000A698EF69A798F069A898F169A998F269A7
:1015E000CEE9F369AA98F469AB98F569AC98F66905
:1015F000AD98F769AE98F869AF98F969B098FA694B
:10160000B198FB69B298FC69B398FD69DBB2FE69D9
:10161000B498FF69C8E9006AB598016AB698026A89
:10162000B798036AB898046AB998056ABA98066ABE
:10163000BB98076ABC98086ABD98096ABE980A6A8E
:10164000AEB70B6ABF980C6AC0980D6AC1980E6A53
:10165000C2980F6AC398106AC498116AC598126A32
:10166000C698136AC798146AC898156AC998166A02
:10167000CA98176ACBE9186ACCE9196ACB981A6A32
:10168000CC981B6ACD981C6ACE981D6ACF981E6AAA
:10169000D0981F6AC1D5206AD198216AA3C4226A52
:1016A000D298236AD398246AD498256AD598266A52
:1016B000D698276AD798286AD8E9296AD8982A6AD2
:1016C000E1BA2B6AD9982C6ADA982D6ADB982E6ACF
:1016D000DC982F6AC9E9306ADD98316AA3D3326A8F
:1016E000DE98336ADF98346AE098356AD4E9366A5E
:1016F000E198376AE298386AE398396AE4983A6A76
:10170000E5983B6AE6983C6AE7983D6AD7E93E6A05
:10171000D0E93F6AE898406AE998416AEA98426AE3
:10172000EB98436AEC98446ACFE9456AED98466ABB
:10173000EE98476AC1C7486AEF98496AF0984A6AC2
:10174000F1984B6AF2984C6AF3984D6AF4984E6A95
:10175000F5984F6AF698506AD2E9516AF798526A3A
:10176000F898536AF998546AFA98556AFB98566A39
:10177000FC98576AFD98586AD9E9596AC8B35A6AF9
:10178000FE985B6AD3E95C6A40995D6A41995E6A3A
:1017900042995F6A4399606A4499616AF0CF626ACC
:1017A0004599636A4699646A4799656ACDE9666AAC
:1017B0004899676A4999686A4A99696A4B996A6A55
:1017C0004C996B6A4D996C6A4E996D6A4F996E6A25
:1017D00050996F6A5199706A5299716AF7B3726A37
:1017E0005399736A5499746A5599756A5699766AC9
:1017F0005799776A5899786A5999796AD6E97A6ACD
:101800005A997B6A5B997C6ADAE97D6A5C997E6A9F
:101810005D997F6A5E99806AB4CC816A5F99826AB9
:101820006099836A6199846AADCF856A6299866A94
:101830006399876A6499886A6599896A66998A6AE8
:1018400067998B6A68998C6A69998D6A6A998E6AB8
:10185000D5E98F6A6B99906ADCE9916ADBE9926A53
:101860006C99936A6D99946A6E99956A6F99966A64
:101870007099976ADEE9986A7199996A72999A6A79
:1018800073999B6A74999C6A75999D6A76999E6A08
:1018900077999F6A7899A06AD1E9A16A7999A26A31
:1018A0007A99A36A7B99A46A7C99A56A7D99A66AAC
:1018B0007E99A76A8099A86A8199A96ADDE9AA6ACE
:1018C0008299AB6ADFE9AC6ACAC3AD6A8399AE6A32
:1018D0008499AF6A8599B06A8699B16A8799B26A24
:1018E0008899B36A8999B46A8A99B56A8B99B66AF4
:1018F0008C99B76A8D99B86A8E99B96A8F99BA6AC4
:101900009099BB6A9199BC6A9299BD6A9399BE6A93
:101910009499BF6A9599C06A9699C16A9799C26A63
:101920009899C36A9999C46A9A99C56A9B99C66A33
:101930009C99C76A9D99C86A9E99C96A9F99CA6A03
:10194000A099CB6AA199CC6AA299CD6AA399CE6AD3
:10195000A499CF6AA599D06AA699D16AA799D26AA3
:10196000A899D36AA999D46AAA99D56AAB99D66A73
:10197000AC99D76AAD99D86AAE99D96AAF99DA6A43
:10198000B099DB6AB199DC6AB299DD6AB399DE6A13
:10199000B499DF6AB599E06AB699E16AB799E26AE3
:1019A000B899E36AB999E46ABA99E56ABB99E66AB3
:1019B000BC99E76ABD99E86ABE99E96ABF99EA6A83
:1019C000C099EB6AC199EC6AC299ED6AC399EE6A53
:1019D000C499EF6AC599F06AC699F16AC799F26A23
:1019E000C899F36AC999F46ACA99F56ACB99F66AF3
:1019F000CC99F76ACD99F86ACE99F96ACF99FA6AC3
:101A0000D099FB6AD199FC6AD299FD6AD399FE6A92
:101A1000D499FF6AD599006BD699016BD799026B5F
:101A2000D899036BD999046BDA99056BDB99066B2E
:101A3000DC99076BDD99086BDE99096BDF990A6BFE
:101A4000E0990B6BE1990C6BE2990D6BE3990E6BCE
:101A5000E4990F6BE599106BE699116BE799126B9E
:101A6000E899136BE999146BEA99156BEB99166B6E
:101A7000EC99176BED99186BEE99196BEF991A6B3E
:101A8000F0991B6BF1991C6BF2991D6BF3991E6B0E
:101A9000F4991F6BF599206BB7C7216BCEB4226BFD
:101AA000B6BB236BC0D0246BA3EC256BF699266BD9
:101AB000F799276BB7C5286BF899296BF9992A6BA9
:101AC000FA992B6BFB992C6BFC992D6BFD992E6B66
:101AD000FE992F6B409A306B419A316B429A326B70
:101AE000FBD3336B439A346B449A356B459A366B10
:101AF000469A376BA4EC386B479A396BA5EC3A6B76
:101B0000DBC63B6B489A3C6B499A3D6B4A9A3E6BED
:101B1000EEBF3F6B4B9A406B4C9A416B4D9A426BB8
:101B20004E9A436BA6EC446B4F9A456B509A466BAA
:101B3000A7EC476BAAD0486B519A496BB8C74A6B60
:101B4000529A4B6B539A4C6BE8B84D6B549A4E6B50
:101B5000559A4F6B569A506B579A516B589A526BD5
:101B6000599A536B5A9A546B5B9A556B5C9A566BA5
:101B70005D9A576B5E9A586B5F9A596BA8EC5A6BDB
:101B8000609A5B6B619A5C6B629A5D6B639A5E6B49
:101B9000649A5F6B659A606B669A616B679A626B19
:101BA000B9D6636BFDD5646BCBB4656BBDB2666BA8
:101BB000E4CE676BE7C6686B689A696B699A6A6B73
:101BC000E1CD6B6B6A9A6C6B6B9A6D6B6C9A6E6BFA
:101BD0006D9A6F6B6E9A706B6F9A716B709A726B75
:101BE000719A736B729A746B739A756B749A766B45
:101BF000759A776B769A786B779A796BF5B47A6B7E
:101C0000789A7B6BC0CB7C6BDFBC7D6B799A7E6BEB
:101C10007A9A7F6B7B9A806B7C9A816BE2E9826B0C
:101C2000E3E9836BEAD1846BE5E9856B7D9A866B8A
:101C3000F9B4876BE4E9886B7E9A896BB3D18A6BC0
:101C4000E2CA8B6BD0B28C6B809A8D6BE8E98E6B9D
:101C5000819A8F6B829A906B839A916B849A926B24
:101C6000E6E9936BE7E9946B859A956B869A966B98
:101C7000B3D6976B879A986B889A996B899A9A6B67
:101C8000E9E99B6BEAE99C6B8A9A9D6B8B9A9E6B48
:101C90008C9A9F6B8D9AA06B8E9AA16BEBE9A26BCD
:101CA0008F9AA36B909AA46B919AA56B929AA66B4C
:101CB000939AA76B949AA86B959AA96B969AAA6B1C
:101CC000ECE9AB6B979AAC6B989AAD6B999AAE6B4B
:101CD0009A9AAF6B9B9AB06B9C9AB16B9D9AB26BC0
:101CE0009E9AB36BAFECB46BB9C5B56BCEB6B66BA1
:101CF0009F9AB76BF3D2B86BA09AB96BA19ABA6BE3
:101D0000A29ABB6BA39ABC6BA49ABD6BA59ABE6B3F
:101D1000A69ABF6BEEB5C06BA79AC16BD9BBC26B5D
:101D2000B1ECC36BA89AC46BA99AC56BE3D2C66B1E
:101D3000AA9AC76BAB9AC86BAC9AC96BAD9ACA6BBF
:101D4000AE9ACB6BE3CECC6BAF9ACD6BB8C4CE6BF7
:101D5000B09ACF6BBFC3D06BB19AD16BB29AD26B32
:101D6000BEB6D36BB9D8D46BC8B1D56BCFB1D66B77
:101D7000D1B1D76BFEC5D86BB39AD96BD0B1DA6B42
:101D8000B49ADB6BABC3DC6BB59ADD6BB69ADE6BDA
:101D9000B79ADF6BB89AE06BB99AE16BB1D5E26B99
:101DA000BA9AE36BBB9AE46BBC9AE56BBD9AE66B9F
:101DB000BE9AE76BBF9AE86BC09AE96BC19AEA6B6F
:101DC000A4EBEB6BC1BAEC6BC29AED6BC39AEE6BF2
:101DD000C49AEF6BBACCF06BC59AF16BC69AF26BF2
:101DE000C79AF36BA5EBF46BC89AF56BA7EBF66B90
:101DF000C99AF76BCA9AF86BCB9AF96BA8EBFA6B96
:101E0000CC9AFB6BCD9AFC6BCE9AFD6BA6EBFE6B6E
:101E1000CF9AFF6BD09A006CD19A016CD29A026C67
:101E2000D39A036CD49A046CD59A056CA9EB066C12
:101E3000ABEB076CAAEB086CD69A096CD79A0A6CC4
:101E4000D89A0B6CD99A0C6CDA9A0D6CACEB0E6CC0
:101E5000DB9A0F6CCFCA106CB5D8116CF1C3126C41
:101E6000DC9A136CA5C3146CF8C6156CADEB166C3C
:101E7000CAC4176CDD9A186CAEEB196CAFEB1A6C18
:101E8000B0EB1B6CD5B71C6CDE9A1D6CDF9A1E6C18
:101E9000E09A1F6CFAB7206CE19A216CB1EB226CCE
:101EA000E2C7236CE29A246CB3EB256CE39A266CB0
:101EB000A4BA276CF5D1286CB1B0296CB2EB2A6CAE
:101EC000B4EB2B6CE49A2C6CE59A2D6CE69A2E6C94
:101ED000AAB52F6CC8C2306CE8C7316CE79A326C77
:101EE000B5EB336CE89A346CAECB356CDFE3366C13
:101EF000E99A376CEA9A386CC0D3396CEB9A3A6C31
:101F0000EC9A3B6CED9A3C6CEE9A3D6CDBD93E6CE6
:101F1000EF9A3F6CF09A406CA1CD416CADD6426C0B
:101F2000F3C7436CF19A446CF29A456CF39A466C91
:101F3000E0D9476CE3BB486CF49A496CBABA4A6C76
:101F4000E2E34B6CF59A4C6CF69A4D6CF79A4E6C3A
:101F5000F89A4F6CF99A506CABCF516CFA9A526C5C
:101F6000FB9A536CFC9A546CE0E3556CC7C9566CF1
:101F7000FD9A576CB9BA586CFE9A596C409B5A6CD2
:101F8000419B5B6CB4D15C6CE1E35D6CEAC85E6C58
:101F9000AFB95F6CADBD606CD8B3616CDBCE626C09
:101FA000429B636C439B646CC0CC656C449B666CC9
:101FB000459B676C469B686CE8E3696CE9E36A6C77
:101FC000F4CD6B6C479B6C6C489B6D6C499B6E6C45
:101FD0004A9B6F6C4B9B706CADCC716C4C9B726C64
:101FE000B3BC736C4D9B746CEAE3756C4E9B766C62
:101FF000EBE3776C4F9B786C509B796CDAD07A6C02
:10200000519B7B6C529B7C6C539B7D6CFBC67E6CA6
:10201000DAB77F6C549B806C559B816CDFC7826CF8
:10202000CAD2836CD6CE846C569B856CE4E3866CF6
:10203000ECE3876C579B886CF2C9896CC1B38A6CDE
:10204000589B8B6C599B8C6CE7E38D6C5A9B8E6C08
:102050005B9B8F6CE3C6906CE5E3916C5C9B926C30
:102060005D9B936CB3ED946CE6E3956C5E9B966C14
:102070005F9B976C609B986C619B996CB3C99A6CE1
:10208000629B9B6CE6C59C6C639B9D6C649B9E6C89
:10209000659B9F6CB5B9A06C669BA16CBBC3A26C21
:1020A000679BA36CE3E3A46CBDC5A56CA4C1A66C3F
:1020B000D9C2A76CD7B2A86C689BA96CEDE3AA6CD7
:1020C000A6BBAB6CADC4AC6C699BAD6CF0E3AE6C05
:1020D000DABEAF6C6A9BB06C6B9BB16CFBE3B26C0D
:1020E000F5E3B36CD3BAB46C6C9BB56C6D9BB66CFA
:1020F0006E9BB76C6F9BB86CD0B7B96CCDD3BA6C14
:10210000709BBB6CCED6BC6CD3D5BD6CC1B9BE6C5C
:10211000B4D5BF6CD8D1C06C719BC16C729BC26CC2
:10212000739BC36C749BC46CB9D0C56CF6C7C66C8A
:10213000759BC76C769BC86C779BC96CAAC8CA6C28
:10214000B4B2CB6C789BCC6CDAC3CD6C799BCE6C83
:102150007A9BCF6C7B9BD06CEEE3D16C7C9BD26C7A
:102160007D9BD36CFCE3D46CEFE3D56CA8B7D66C45
:10217000F7E3D76CF4E3D86C7E9BD96C809BDA6C68
:10218000819BDB6CBAB7DC6C829BDD6C839BDE6C65
:10219000A2C5DF6C849BE06CF6E3E16CDDC5E26C0C
:1021A000A8B2E36CFCC6E46C859BE56CE0C4E66C0D
:1021B000869BE76C879BE86CA2D7E96C889BEA6CEE
:1021C000E1C0EB6CF9E3EC6C899BED6C8A9BEE6CE7
:1021D000FAE3EF6CFDE3F06CA9CCF16CF3E3F26C85
:1021E0008B9BF36CBED3F46C8C9BF56CC3B1F66C1B
:1021F000B4EDF76CF1E3F86CF2E3F96C8D9BFA6CDB
:10220000F8E3FB6CBAD0FC6CC3C6FD6CF3D4FE6C77
:10221000FEE3FF6C8E9B006D8F9B016DE0BD026D38
:10222000909B036D919B046DA7E4056D929B066DD9
:10223000939B076DA6E4086D949B096D959B0A6DB1
:10224000969B0B6DF3D10C6DA3E40D6D979B0E6DFA
:10225000A9E40F6D989B106D999B116D9A9B126D5F
:10226000F7C8136D9B9B146D9C9B156D9D9B166D04
:102270009E9B176DB4CF186D9F9B196DA8E41A6DC6
:10228000AEE41B6DE5C21C6DA09B1D6DA19B1E6D78
:10229000B4B61F6DA29B206DA39B216DA49B226DE4
:1022A000A59B236DA69B246DA79B256DF2BD266D76
:1022B000A89B276DA2E4286DA99B296DAA9B2A6D76
:1022C000E9BA2B6DAAE42C6DAB9B2D6DAC9B2E6DEA
:1022D000ACE42F6DAD9B306DAE9B316DFDB6326DB4
:1022E000DED6336DB2E4346DAF9B356DADE4366D43
:1022F000B09B376DB19B386DB29B396DA1E43A6DDF
:10230000B39B3B6DEEBB3C6DDDCD3D6DA2C73E6D1D
:10231000C9C53F6DB49B406DB59B416DF7C1426D22
:10232000B69B436DA4E4446DB79B456DB3C7466D42
:10233000ACBD476DBDBD486DA5E4496DB89B4A6D08
:10234000C7D74B6DE2B24C6DB99B4D6DABE44E6D92
:10235000C3BC4F6DAFE4506DBA9B516DEBBB526D7A
:10236000B0E4536DA8C5546DB1E4556DBB9B566D7B
:10237000BC9B576DBD9B586DBE9B596DE3D55A6D87
:10238000A3BF5B6DBF9B5C6DBAE45D6DC09B5E6D72
:10239000B7E45F6DC19B606DBBE4616DC29B626D14
:1023A000C39B636DBDE4646DC49B656DC59B666D29
:1023B000D6C6676DC69B686DC79B696DC6BA6A6DE8
:1023C000CBC06B6DC89B6C6DC99B6D6DCA9B6E6DF0
:1023D000A1B86F6DB4E4706DCB9B716DCC9B726DC9
:1023E000CD9B736DCE9B746DA1D4756DCF9B766DB7
:1023F000D09B776DA3BA786DFEBD796DD19B7A6D58
:10240000D29B7B6DD39B7C6DBCE47D6DD49B7E6D3C
:10241000D59B7F6DD69B806DD79B816DD89B826D40
:10242000BFCD836DD99B846DDA9B856DF9C4866DB4
:10243000DB9B876DDC9B886DFBCF896DE6C98A6D60
:10244000DD9B8B6DDE9B8C6DBFD38D6DDF9B8E6DA9
:10245000D1CF8F6DE09B906DE19B916DB3E4926D58
:10246000E29B936DB8E4946DB9E4956DE9CC966DFB
:10247000E39B976DE49B986DE59B996DE69B9A6D48
:10248000E79B9B6DCECC9C6DE89B9D6DD4C09E6DF3
:10249000B5E49F6DB0C1A06DB6E4A16DD0CEA26DC4
:1024A000E99BA36DC1BBA46DD3B5A56DEA9BA66DD9
:1024B000F3C8A76DA7BDA86DC7D5A96DACC9AA6D96
:1024C000A2B8AB6DCAE4AC6DEB9BAD6DEC9BAE6D91
:1024D000CCE4AF6DC4D1B06DED9BB16DEE9BB26D30
:1024E000BAD2B36DEF9BB46DF09BB56DADBAB66D5E
:1024F000F19BB76DF29BB86DD4BAB96DF39BBA6D11
:10250000F49BBB6DF59BBC6DF69BBD6DF79BBE6DE3
:10251000F89BBF6DC3E4C06DEDB5C16DF99BC26D95
:10252000FA9BC36DFB9BC46DCDD7C56DC0E4C66D72
:10253000FDCFC76DBFE4C86DFC9BC96DFD9BCA6D27
:10254000FE9BCB6DDCC1CC6DCACCCD6D409CCE6DFD
:10255000419CCF6D429CD06D439CD16DE7CAD26D3A
:10256000449CD36D459CD46D469CD56D479CD66DDF
:10257000D7C4D76D489CD86DD4CCD96DC8E4DA6D7A
:10258000499CDB6D4A9CDC6D4B9CDD6DC7E4DE6DC8
:10259000C1E4DF6D4C9CE06DC4E4E16DADB5E26D6E
:1025A0004D9CE36D4E9CE46DD9D3E56D4F9CE66D7B
:1025B000C6E4E76D509CE86D519CE96D529CEA6D54
:1025C000539CEB6DF9D2EC6DE3B4ED6D549CEE6D64
:1025D000B4BBEF6D559CF06D569CF16DEEC9F26D7C
:1025E000579CF36DBEB4F46D589CF56D599CF66D17
:1025F0005A9CF76DECBBF86D5B9CF96DCDD1FA6D13
:102600005C9CFB6DEDCCFC6DB5EDFD6D5D9CFE6DD8
:102610005E9CFF6D5F9C006E609C016E619C026E13
:10262000629C036E639C046E649C056EE5C7066E37
:10263000659C076E669C086E679C096E689C0A6EB6
:10264000A8D40B6E699C0C6ECBE40D6ED5D70E6EC4
:10265000C2E40F6E6A9C106EA5BD116EC5E4126EC9
:102660006B9C136E6C9C146EE6D3156E6D9C166E8F
:10267000C9E4176EF8C9186E6E9C196E6F9C1A6EBD
:10268000BEE41B6E709C1C6E719C1D6EE5D31E6EAD
:10269000729C1F6E739C206EFEC7216EC9B6226E9F
:1026A000749C236EFCD4246EB3B2256ED7E4266EE0
:1026B000759C276E769C286E779C296EC2CE2A6EFA
:1026C000789C2B6ECDE42C6E799C2D6EBCCE2E6E3C
:1026D0007A9C2F6EDBB8306E7B9C316E7C9C326EA8
:1026E000D6E4336E7D9C346ECABF356E7E9C366EEA
:1026F000809C376E819C386ECED3396E829C3A6E48
:10270000ECC33B6E839C3C6E849C3D6E859C3E6E10
:10271000869C3F6E879C406E889C416E899C426E71
:102720008A9C436EC8C5446ED8E4456E8B9C466E49
:102730008C9C476E8D9C486E8E9C496E8F9C4A6E19
:10274000909C4B6E919C4C6E929C4D6EC4CD4E6E87
:10275000CFE44F6E939C506E949C516E959C526E3C
:10276000969C536ED4E4546ED5E4556E979C566E89
:10277000FEBA576E989C586EE6CF596E999C5A6E69
:102780009A9C5B6EBFD55C6E9B9C5D6E9C9C5E6EE6
:102790009D9C5F6ED2E4606E9E9C616E9F9C626E9B
:1027A000A09C636EA19C646EA29C656EA39C666EE9
:1027B000A49C676EA59C686EA69C696EA79C6A6EB9
:1027C000A89C6B6ED0E46C6EA99C6D6EAA9C6E6E1C
:1027D000CEE46F6EAB9C706EAC9C716EAD9C726EF5
:1027E000AE9C736EAF9C746EB09C756EB19C766E31
:1027F000B29C776EB39C786EB49C796EB59C7A6E01
:10280000B69C7B6EB79C7C6EB89C7D6EB99C7E6ED0
:10281000E5CD7F6EAACA806EBA9C816EBB9C826E2B
:10282000BC9C836EA3C0846EBD9C856EA6BD866E67
:10283000D3E4876EBE9C886EBF9C896EC8B88A6ED2
:10284000C09C8B6EC19C8C6EC29C8D6EC39C8E6E28
:10285000C49C8F6EE7E4906EB4D4916EC59C926E6A
:10286000C69C936EC79C946EC89C956EC99C966ED0
:10287000CA9C976ECB9C986EDBE4996ECC9C9A6E4A
:10288000CD9C9B6ECE9C9C6EEFC19D6ECF9C9E6E30
:10289000D09C9F6EE9E4A06ED19CA16ED29CA26EEA
:1028A000E7D2A36ED39CA46ED49CA56EDFE4A66E83
:1028B000D59CA76EE0E4A86ED69CA96ED79CAA6EA4
:1028C000AACFAB6ED89CAC6ED99CAD6EDA9CAE6EC6
:1028D000DB9CAF6EDDCBB06EDC9CB16EDAE4B26E29
:1028E000D1E4B36EDD9CB46EE5E4B56EDE9CB66EED
:1028F000DCC8B76EE3E4B86EDF9CB96EE09CBA6EDC
:10290000E7C4BB6EE2E4BC6EE19CBD6EE1E4BE6E6A
:10291000E29CBF6EE39CC06EE49CC16EFCB3C26ED1
:10292000E8E4C36EE59CC46EE69CC56EE79CC66E8B
:10293000E89CC76EE1B5C86EE99CC96EEA9CCA6E98
:10294000EB9CCB6ECCD7CC6EEC9CCD6EED9CCE6E62
:10295000EE9CCF6EE6E4D06EEF9CD16EACBBD26E37
:10296000F09CD36ED2D7D46ECFCCD56EF8EBD66EAA
:10297000F19CD76EE4E4D86EF29CD96EF39CDA6ECB
:10298000F6B9DB6EF49CDC6EF59CDD6EF69CDE6EBB
:10299000CDD6DF6ED9E4E06EDCE4E16EFAC2E26E21
:1029A000DEE4E36EF79CE46ECBC2E56EC4C0E66E77
:1029B000D0C2E76EF89CE86EF5B1E96EB2CCEA6E73
:1029C000F99CEB6EFA9CEC6EFB9CED6EFC9CEE6E43
:1029D000FD9CEF6EFE9CF06E409DF16E419DF26E8F
:1029E000429DF36E439DF46ECEB5F56E449DF66E3A
:1029F000459DF76E469DF86E479DF96EEFE4FA6EC1
:102A0000489DFB6E499DFC6E4A9DFD6E4B9DFE6E82
:102A10004C9DFF6E4D9D006F4E9D016F4F9D026F4F
:102A2000AFC6036F509D046F519D056F529D066F99
:102A3000E1C6076F539D086F549D096FF5E40A6F57
:102A4000559D0B6F569D0C6F579D0D6F589D0E6FCA
:102A5000599D0F6FA9C2106F5A9D116F5B9D126F28
:102A60005C9D136FECC0146FDDD1156FEEE4166F33
:102A70005D9D176F5E9D186F5F9D196F609D1A6F4A
:102A8000619D1B6F629D1C6F639D1D6F649D1E6F1A
:102A9000659D1F6F669D206FAEC4216F679D226F7D
:102AA000689D236F699D246FEDE4256F6A9D266FF5
:102AB0006B9D276F6C9D286F6D9D296FF6E42A6FC3
:102AC000F4E42B6FFEC22C6F6E9D2D6FDDE42E6F34
:102AD0006F9D2F6FF0E4306F709D316FFECA326FC3
:102AE000719D336FC4D5346F729D356F739D366F92
:102AF000F1E4376F749D386F759D396F769D3A6F2D
:102B0000779D3B6F789D3C6F799D3D6F7A9D3E6FC1
:102B1000FAD13F6F7B9D406F7C9D416F7D9D426FE1
:102B20007E9D436F809D446F819D456F829D466F62
:102B3000EBE4476FECE4486F839D496F849D4A6FD7
:102B4000859D4B6FF2E44C6F869D4D6FABCE4E6F03
:102B5000879D4F6F889D506F899D516F8A9D526FE1
:102B60008B9D536F8C9D546F8D9D556F8E9D566FB1
:102B70008F9D576F909D586FCBC5596F919D5A6F20
:102B8000929D5B6F939D5C6FB1C75D6F949D5E6F0F
:102B9000BAC25F6F959D606F969D616F979D626FE2
:102BA000EAE4636F989D646F999D656F9A9D666F67
:102BB000CAC1676F9B9D686F9C9D696F9D9D6A6F81
:102BC0009E9D6B6F9F9D6C6FA09D6D6FB6CC6E6F61
:102BD000B1B36F6FA19D706FA29D716FA39D726F56
:102BE000FBE4736FA49D746FF3E4756FA59D766F1E
:102BF000A69D776FA79D786FFAE4796FA89D7A6F8D
:102C0000FDE47B6FA99D7C6FFCE47D6FAA9D7E6FC8
:102C1000AB9D7F6FAC9D806FAD9D816FAE9D826FD0
:102C2000AF9D836FB09D846FCEB3856FB19D866F6E
:102C3000B29D876FB39D886FBAB3896FF7E48A6FCF
:102C4000B49D8B6FB59D8C6FF9E48D6FF8E48E6F3A
:102C5000ECC58F6FB69D906FB79D916FB89D926FC9
:102C6000B99D936FBA9D946FBB9D956FBC9D966FF8
:102C7000BD9D976FBE9D986FBF9D996FC09D9A6FC8
:102C8000C19D9B6FC29D9C6FBDC09D6FC39D9E6F7C
:102C9000C49D9F6FC59DA06FC69DA16FE8D4A26F14
:102CA000C79DA36FC89DA46FC99DA56FCA9DA66F40
:102CB000CB9DA76FA2E5A86FCC9DA96FCD9DAA6FF4
:102CC000CE9DAB6FCF9DAC6FD09DAD6FD19DAE6FE4
:102CD000D29DAF6FD39DB06FD49DB16FD59DB26FB4
:102CE000D69DB36FC4B0B46FD79DB56FD89DB66F86
:102CF000A4E5B76FD99DB86FDA9DB96FA3E5BA6F38
:102D0000DB9DBB6FDC9DBC6FDD9DBD6FDE9DBE6F2F
:102D1000DF9DBF6FE09DC06FA4BCC16FE19DC26F1E
:102D2000A5E5C36FE29DC46FE39DC56FE49DC66FCB
:102D3000E59DC76FE69DC86FE79DC96FA1E5CA6FA6
:102D4000E89DCB6FE99DCC6FEA9DCD6FEB9DCE6F7B
:102D5000EC9DCF6FED9DD06FEE9DD16FFEE4D26FF5
:102D6000F4B1D36FEF9DD46FF09DD56FF19DD66F09
:102D7000F29DD76FF39DD86FF49DD96FF59DDA6FF3
:102D8000F69DDB6FF79DDC6FF89DDD6FF99DDE6FC3
:102D9000A8E5DF6FFA9DE06FA9E5E16FA6E5E26FB8
:102DA000FB9DE36FFC9DE46FFD9DE56FFE9DE66F6F
:102DB000409EE76F419EE86F429EE96F439EEA6F37
:102DC000449EEB6F459EEC6F469EED6F479EEE6F07
:102DD000A7E5EF6FAAE5F06F489EF16F499EF26F8D
:102DE0004A9EF36F4B9EF46F4C9EF56F4D9EF66FAF
:102DF0004E9EF76F4F9EF86F509EF96F519EFA6F7F
:102E0000529EFB6F539EFC6F549EFD6F559EFE6F4E
:102E1000569EFF6F579E0070589E0170599E02701B
:102E20005A9E03705B9E04705C9E05705D9E0670EA
:102E30005E9E07705F9E0870609E0970619E0A70BA
:102E4000629E0B70639E0C70649E0D70659E0E708A
:102E5000669E0F70679E1070689E1170D9C61270C2
:102E6000699E13706A9E14706B9E15706C9E16702E
:102E70006D9E17706E9E18706F9E1970709E1A70FE
:102E8000ABE51B70ADE51C70719E1D70729E1E70CF
:102E9000739E1F70749E2070759E2170769E2270A6
:102EA000779E2370ACE52470789E2570799E2670FD
:102EB0007A9E27707B9E28707C9E29707D9E2A704A
:102EC0007E9E2B70809E2C70819E2D70829E2E7017
:102ED000839E2F70849E3070859E3170869E3270E6
:102EE000879E3370889E3470899E3570AFE536704A
:102EF0008A9E37708B9E38708C9E3970AEE53A7022
:102F00008D9E3B708E9E3C708F9E3D70909E3E705D
:102F1000919E3F70929E4070939E4170949E42702D
:102F2000959E4370969E4470979E4570989E4670FD
:102F3000999E47709A9E48709B9E49709C9E4A70CD
:102F40009D9E4B709E9E4C70E0B94D709F9E4E7042
:102F5000A09E4F70B0E55070A19E5170A29E52701D
:102F6000A39E5370A49E5470A59E5570A69E567045
:102F7000A79E5770A89E5870A99E5970AA9E5A7015
:102F8000AB9E5B70AC9E5C70AD9E5D70AE9E5E70E5
:102F9000B1E55F70AF9E6070B09E6170B19E62706F
:102FA000B29E6370B39E6470B49E6570B59E667089
:102FB000B69E6770B79E6870B89E6970B99E6A7059
:102FC000BA9E6B70F0BB6C70E1EC6D70F0C36E700C
:102FD000BB9E6F70C6B57070D2BB7170BC9E7270B4
:102FE000BD9E7370BE9E7470BF9E7570E9C1767091
:102FF000EED47770C09E7870C4BE7970C19E7A702E
:10300000C29E7B70C39E7C70C6D77D70C49E7E704E
:10301000D6D47F70D3B28070BEEC8170C59E8270B2
:10302000C69E8370C79E8470C89E8570C1EA8670F4
:10303000C99E8770CA9E8870CB9E8970AFC28A7005
:10304000B6B48B70CC9E8C70CD9E8D70CE9E8E70E3
:10305000D7D18F70CF9E9070D09E9170D19E92707C
:10306000B4B39370D29E9470B2C89570BBBF967083
:10307000C0EC9770D39E9870D49E9970CBD69A70FE
:10308000D59E9B70D69E9C70BFEC9D70C1EC9E70CF
:10309000D79E9F70D89EA070D99EA170DA9EA27014
:1030A000DB9EA370DC9EA470DD9EA570DE9EA670E4
:1030B000DF9EA770E09EA870E19EA970E29EAA70B4
:1030C000E39EAB70C5ECAC70E6BEAD70BFCCAE702D
:1030D000DAC5AF70BCBEB070E49EB170C6ECB27021
:1030E000E59EB370FEB1B470E69EB570E79EB67013
:1030F000E89EB770C4ECB870A8D5B970E3B5BA70E3
:10310000E99EBB70C2ECBC70B6C1BD70E3B3BE70CB
:10311000EA9EBF70EB9EC070C3ECC170B8CBC270AA
:10312000C3C0C370FECCC470EC9EC570ED9EC6706B
:10313000EE9EC770EF9EC870D2C1C970F09ECA7073
:10314000C8ECCB70F19ECC70F29ECD70F39ECE7029
:10315000F49ECF70F59ED070F69ED170F79ED2701F
:10316000F89ED370F99ED470FA9ED570FB9ED670EF
:10317000FC9ED770FD9ED870E6BAD970D3C0DA70C5
:10318000FE9EDB70F2D6DC70409FDD70419FDE70EA
:10319000429FDF70CCD1E070439FE170449FE270AA
:1031A000459FE370469FE470BEBFE570479FE670A1
:1031B000B3B7E770D5C9E870C7ECE970E2BBEA7055
:1031C000489FEB70CCCCEC70FDBDED70C8C8EE70C4
:1031D000499FEF70A9CFF0704A9FF1704B9FF2703A
:1031E0004C9FF3704D9FF4704E9FF5704F9FF6709B
:1031F000509FF770E9CDF870519FF970EBC5FA70E8
:10320000529FFB70539FFC70549FFD70E9B7FE7096
:10321000559FFF70569F0071579F0171589F027113
:10322000599F03715A9F04715B9F05715C9F0671E2
:103230005D9F07715E9F08715F9F0971C9D10A7117
:10324000B8BA0B71609F0C71619F0D71629F0E7116
:10325000639F0F71649F1071C9EC1171659F1271AA
:10326000669F1371CAEC1471679F1571C0BB16710C
:10327000CBEC1771689F1871E2EC1971BAB11A7131
:10328000D9B71B71699F1C716A9F1D716B9F1E715D
:103290006C9F1F716D9F20716E9F21716F9F2271B6
:1032A000709F2371719F2471729F2571739F267186
:1032B000B9BD2771749F2871759F2971769F2A71F6
:1032C000779F2B71789F2C71799F2D717A9F2E712A
:1032D0007B9F2F71CCEC3071E6D13171CDEC327126
:1032E0007C9F33717D9F34717E9F3571809F3671D5
:1032F000BBC83771819F3871829F3971839F3A7142
:10330000849F3B71859F3C71869F3D71879F3E7175
:10331000889F3F71899F40718A9F41718B9F427145
:103320008C9F43718D9F44718E9F4571D1EC467186
:103330008F9F4771909F4871919F4971929F4A71E9
:10334000D3EC4B71939F4C71CDBB4D71949F4E71DB
:10335000E5BC4F71959F5071969F5171979F527127
:10336000989F5371999F54719A9F55719B9F567165
:103370009C9F57719D9F58719E9F59719F9F5A7135
:10338000A09F5B71A19F5C71CFEC5D71A29F5E718C
:10339000B7C95F71A39F6071A49F6171A59F62719E
:1033A000A69F6371A79F6471BAC36571A89F667178
:1033B000E3EC6771D5D56871D0EC6971A99F6A712A
:1033C000AA9F6B71AB9F6C71AC9F6D71AD9F6E715D
:1033D000F3D66F71AE9F7071AF9F7171B09F7271B4
:1033E000D2EC7371CEEC7471B19F7571B29F76712E
:1033F000B39F7771B49F7871D4EC7971B59F7A716E
:10340000D5EC7B71B69F7C71B79F7D71BFC97E7112
:10341000B89F7F71B99F8071BA9F8171BB9F827184
:10342000BC9F8371BD9F8471A8CF8571BE9F86713B
:10343000BF9F8771C09F8871C19F8971C29F8A7128
:10344000DCD08B71C39F8C71C49F8D71C59F8E71B1
:10345000C69F8F71ACD19071C79F9171C89F9271B7
:10346000C99F9371CA9F9471DBC89571CB9F967168
:10347000CC9F9771CD9F9871D6EC9971F5CE9A71CA
:10348000CE9F9B71CF9F9C71D09F9D71D19F9E714C
:10349000D29F9F71ECCAA071DAECA171D39FA27187
:1034A000D49FA371D59FA471D69FA571D79FA671F4
:1034B000D89FA771D99FA871D9ECA971DA9FAA7179
:1034C000DB9FAB71DC9FAC71BEB0AD71DD9FAE71A7
:1034D000DE9FAF71DF9FB071E09FB171E19FB2716C
:1034E000E29FB371D7ECB471E39FB571D8ECB671BC
:1034F000E49FB771E59FB871E69FB971E4ECBA71CA
:10350000E79FBB71E89FBC71E99FBD71EA9FBE71E7
:10351000EB9FBF71EC9FC071ED9FC171EE9FC271B7
:10352000EF9FC371BCC8C471F09FC571F19FC67194
:10353000F29FC771F39FC871F49FC971F59FCA715B
:10354000F69FCB71F79FCC71F89FCD71F99FCE712B
:10355000C7C1CF71FA9FD071FB9FD171FC9FD2710F
:10356000FD9FD371FE9FD471DCECD571E0D1D67193
:1035700040A0D77141A0D87142A0D97143A0DA719F
:1035800044A0DB7145A0DC7146A0DD7147A0DE716F
:1035900048A0DF7149A0E071DBECE1714AA0E27163
:1035A0004BA0E3714CA0E4714DA0E571EFD4E6713E
:1035B0004EA0E771DDECE8714FA0E97150A0EA710F
:1035C00051A0EB7152A0EC7153A0ED7154A0EE71BB
:1035D000C6DBEF7155A0F07156A0F17157A0F271E2
:1035E00058A0F37159A0F4715AA0F5715BA0F6715F
:1035F0005CA0F7715DA0F8715EA0F971DEECFA7164
:103600005FA0FB7160A0FC7161A0FD7162A0FE7102
:1036100063A0FF7164A0007265A0017266A00272CF
:1036200067A0037268A0047269A005726AA006729E
:10363000ACB107726BA008726CA009726DA00A721F
:103640006EA00B726FA00C7270A00D7271A00E7242
:1036500072A00F7273A0107274A0117275A0127212
:1036600076A0137277A0147278A0157279A01672E2
:103670007AA017727BA018727CA019727DA01A72B2
:103680007EA01B7280A01C7281A01D72DFEC1E72D6
:1036900082A01F7283A0207284A0217285A0227252
:1036A00086A0237287A0247288A0257289A0267222
:1036B0008AA027728BA02872E0EC29728CA02A7253
:1036C000A6D72B728DA02C72C0C52D728EA02E7223
:1036D0008FA02F7290A03072BCEB3172AEB03272FC
:1036E00091A0337292A0347293A03572F4BE3672F8
:1036F000B8B83772AFD23872D6B03972F9B53A72FB
:1037000094A03B72B3D83C7295A03D72ACCB3E7294
:1037100096A03F72DDE3407297A0417298A042727A
:1037200099A043729AA044729BA045729CA04672D5
:103730009DA04772ACC64872E6B049729EA04A721C
:103740009FA04B72A0A04C72C6C54D72B9EB4E72D1
:10375000A1A04F72A2A05072A3A05172A4A0527255
:10376000BAEB5372A5A05472A6A05572A7A05672C8
:10377000BBEB5772A8A05872A9A05972C0D15A7257
:10378000AAA05B72A3C55C72ABA05D72F2EA5E7226
:10379000ACA05F72B2C46072ADA06172B5C4627257
:1037A000CEC06372AEA06472AFA06572B0A0667244
:1037B000F3EA6772C1C46872B1A06972EFCE6A722F
:1037C000B2A06B72B3A06C72B4A06D72B5A06E7231
:1037D000F0EA6F72F4EA7072B6A07172B7A07272FA
:1037E000FCC97372B8A07472B9A07572A3C776725F
:1037F000BAA07772BBA07872BCA07972D8CC7A726A
:10380000FECE7B72BDA07C72BEA07D72BFA07E7218
:10381000F5EA7F72F6EA8072ACCF8172E7C08272FD
:10382000C0A08372C1A08472F7EA8572C2A08672BA
:10383000C3A08772C4A08872C5A08972C6A08A720C
:10384000BFB68B72F8EA8C72C7A08D72F9EA8E72DD
:10385000C8A08F72FAEA9072C9A09172CAA092723F
:10386000FBEA9372CBA09472CCA09572CDA0967215
:10387000CEA09772CFA09872D0A09972D1A09A7260
:10388000D2A09B72D3A09C72D4A09D72D5A09E7230
:10389000D6A09F72F1EAA072D7A0A172D8A0A2729E
:1038A000D9A0A372DAA0A472DBA0A572DCA0A672D4
:1038B000DDA0A772DEA0A872DFA0A972E0A0AA72A4
:1038C000E1A0AB72E2A0AC72AEC8AD72EBE1AE7239
:1038D000E3A0AF72B8B7B072ECE1B172E4A0B2721B
:1038E000E5A0B372E6A0B472EDE1B572E7A0B672DE
:1038F000B4D7B772EEE1B872EFE1B972CCD3BA7255
:10390000E8A0BB72E9A0BC72EAA0BD72EBA0BE72D7
:10391000ECA0BF72EDA0C072EEA0C172F1E1C27264
:10392000F1BFC372F0E1C472D2B5C572EFA0C67226
:10393000F0A0C772F1A0C872B7B1C972F2A0CA7282
:10394000F3A0CB72F4A0CC72F5A0CD72F3E1CE72ED
:10395000F2E1CF72F6A0D072FCBAD172F7A0D272A7
:10396000F4E1D372F8A0D472F9A0D572FAA0D6729D
:10397000FBA0D772B7B9D872FCA0D972D1BEDA72E7
:10398000FDA0DB72FEA0DC7240AADD7241AADE72ED
:10399000FCC4DF7242AAE072DDBAE172C6BDE27217
:1039A00043AAE37244AAE47245AAE57246AAE67203
:1039B00047AAE77248AAE872F5E1E972F7E1EA720C
:1039C00049AAEB724AAAEC72C0B6ED72C1CFEE7290
:1039D000A8CAEF72F6E1F072F8D5F172FCD3F27278
:1039E000F8E1F372FCE1F472F9E1F5724BAAF672B8
:1039F0004CAAF772FAE1F872EAC0F9724DAAFA72AB
:103A0000FEE1FB72A1E2FC72C7C0FD724EAAFE721B
:103A10004FAAFF7250AA007351AA0173FBE102730F
:103A200052AA0373FDE1047353AA057354AA0673E3
:103A300055AA077356AA087357AA097358AA0A7396
:103A4000A5E20B7359AA0C735AAA0D735BAA0E73E5
:103A5000D4C10F735CAA10735DAA11735EAA1273AE
:103A60005FAA1373A3E2147360AA1573A8E2167316
:103A7000FEB21773A2E2187361AA197362AA1A73CD
:103A800063AA1B73CDC31C73C2B21D73A7E21E735E
:103A9000A6E21F7364AA207365AA2173A4E22273AD
:103AA000A9E2237366AA247367AA2573ABE226737F
:103AB00068AA277369AA28736AAA2973C9D02A73C6
:103AC000EDD62B73A8C32C73ACE22D736BAA2E73A7
:103AD000D7CF2F736CAA30736DAA3173AEE23273F5
:103AE0006EAA33736FAA3473EFBA357370AA367344
:103AF00071AA3773E0E93873ADE23973AAE23A7319
:103B000072AA3B7373AA3C7374AA3D7375AA3E7381
:103B1000ABBB3F73B3D4407376AA417377AA4273A9
:103B200078AA437379AA44737AAA45737BAA467329
:103B30007CAA47737DAA48737EAA497380AA4A73F8
:103B400081AA4B7382AA4C7383AA4D73B0E24E7361
:103B500084AA4F7385AA5073AFE2517386AA527339
:103B6000E1E9537387AA547388AA557389AA5673D7
:103B70008AAA5773B1E258738BAA59738CAA5A73E5
:103B80008DAA5B738EAA5C738FAA5D7390AA5E7315
:103B900091AA5F7392AA6073B2E2617393AA62738F
:103BA00094AA637395AA647396AA657397AA6673B9
:103BB00098AA677399AA68739AAA69739BAA6A7389
:103BC0009CAA6B739DAA6C73B3E26D73A1CC6E73E8
:103BD0009EAA6F73B4E270739FAA7173A0AA7273E6
:103BE00040AB737341AB747342AB757343AB767385
:103BF00044AB777345AB787346AB797347AB7A7355
:103C000048AB7B7349AB7C734AAB7D734BAB7E7324
:103C1000B5E27F734CAB80734DAB81734EAB827357
:103C20004FAB837350AB8473FED0857351AB8673F7
:103C300052AB8773CAC2887353AB8973F1D38A734B
:103C400054AB8B73F5CD8C7355AB8D7356AB8E73B4
:103C5000E0E78F7357AB907358AB9173E1E79273C2
:103C600059AB93735AAB94735BAB95735CAB967320
:103C7000C1BE97735DAB98735EAB99735FAB9A737C
:103C800060AB9B73EAC29C7361AB9D7362AB9E7326
:103C900063AB9F73E4E7A07364ABA17365ABA273DE
:103CA000E3E7A37366ABA47367ABA57368ABA673B6
:103CB00069ABA7736AABA8736BABA973E6CDAA73A4
:103CC0006CABAB73B5C3AC736DABAD736EABAE73B6
:103CD000E2E7AF73B7BBB073D6CFB1736FABB2735C
:103CE000E1C1B373E9E7B47370ABB57371ABB6738D
:103CF00072ABB773E8E7B87373ABB97374ABBA73ED
:103D0000F4E7BB73A3B2BC7375ABBD7376ABBE7384
:103D100077ABBF7378ABC073EAE7C17379ABC2739B
:103D2000E6E7C3737AABC4737BABC5737CABC67376
:103D30007DABC7737EABC873ECE7C973EBE7CA739F
:103D4000BAC9CB7380ABCC7381ABCD73E4D5CE73E2
:103D500082ABCF73E5E7D073A9B7D173E7E7D2732E
:103D600083ABD37384ABD47385ABD57386ABD67377
:103D700087ABD77388ABD87389ABD973EEE7DA73A7
:103D80008AABDB738BABDC738CABDD738DABDE731B
:103D9000F3E7DF738EABE073E9D6E1738FABE273C9
:103DA00090ABE37391ABE47392ABE573EDE7E6732D
:103DB00093ABE773F2E7E87394ABE973F1E7EA7367
:103DC00095ABEB7396ABEC7397ABED73E0B0EE7322
:103DD00098ABEF7399ABF0739AABF1739BABF27343
:103DE000F5E7F3739CABF4739DABF5739EABF67381
:103DF0009FABF773A0ABF87340ACF97341ACFA73A7
:103E000042ACFB7343ACFC7344ACFD7345ACFE7336
:103E100046ACFF7347AC007448AC017449AC027403
:103E20004AAC0374F2C704744BAC0574C5C0067485
:103E3000EDC007744CAC08744DAC0974F0C10A7441
:103E4000F0E70B744EAC0C744FAC0D7450AC0E74A8
:103E500051AC0F74F6E71074F6CB117452AC1274B7
:103E600053AC137454AC147455AC157456AC16742E
:103E700057AC177458AC187459AC19745AAC1A74FE
:103E8000A2E81B74A1E81C745BAC1D745CAC1E74CE
:103E90005DAC1F745EAC20745FAC217460AC2274A6
:103EA000C1D7237461AC247462AC2574FAE726741C
:103EB000F9E7277463AC2874FBE7297464AC2A74AF
:103EC000F7E72B7465AC2C74FEE72D7466AC2E748A
:103ED000FDE72F7467AC3074FCE7317468AC327462
:103EE00069AC3374D5C13474D9C73574FDC5367423
:103EF000C3C537746AAC38746BAC39746CAC3A7443
:103F00006DAC3B746EAC3C74EDC73D746FAC3E74ED
:103F100070AC3F7471AC407472AC4174A3E84274ED
:103F200073AC437474AC447475AC457476AC46742D
:103F300077AC477478AC487479AC49747AAC4A74FD
:103F40007BAC4B747CAC4C747DAC4D747EAC4E74CD
:103F500080AC4F7481AC507482AC517483AC527499
:103F600084AC537485AC547486AC5574A6E856740E
:103F700087AC5774A5E8587488AC5974A7E85A748C
:103F8000F7BA5B74F8E75C74A4E85D7489AC5E749E
:103F9000F0C85F74AAC960748AAC61748BAC627437
:103FA0008CAC63748DAC64748EAC65748FAC6674C9
:103FB00090AC677491AC687492AC697493AC6A7499
:103FC00094AC6B7495AC6C7496AC6D74A9E86E741B
:103FD00097AC6F7498AC7074E5B9717499AC7274E5
:103FE0009AAC73749BAC74749CAC75749DAC767411
:103FF000FED17774A8E878749EAC79749FAC7A741B
:10400000A0AC7B7440AD7C7441AD7D7442AD7E74D8
:10401000AAE87F7443AD8074ADE88174AEE8827421
:1040200044AD8374A7C1847445AD857446AD867470
:1040300047AD8774AFE8887448AD897449AD8A7418
:104040004AAD8B74B0E88C744BAD8D744CAD8E74EE
:10405000ACE88F744DAD9074B4E891744EAD927429
:104060004FAD937450AD947451AD957452AD967438
:1040700053AD977454AD987455AD997456AD9A7408
:1040800057AD9B7458AD9C74ABE89D7459AD9E744C
:10409000B1E89F745AADA0745BADA1745CADA2741D
:1040A0005DADA3745EADA4745FADA57460ADA67480
:1040B00061ADA774B5E8A874B2E8A974B3E8AA74AE
:1040C00062ADAB7463ADAC7464ADAD7465ADAE742C
:1040D00066ADAF7467ADB07468ADB17469ADB274FC
:1040E0006AADB3746BADB4746CADB5746DADB674CC
:1040F0006EADB7746FADB87470ADB97471ADBA749C
:10410000B7E8BB7472ADBC7473ADBD7474ADBE74EE
:1041100075ADBF7476ADC07477ADC17478ADC2743F
:1041200079ADC3747AADC4747BADC5747CADC6740F
:104130007DADC7747EADC87480ADC97481ADCA74DD
:1041400082ADCB7483ADCC7484ADCD7485ADCE74AB
:1041500086ADCF7487ADD07488ADD17489ADD2747B
:10416000B6E8D3748AADD4748BADD5748CADD674E7
:104170008DADD7748EADD8748FADD97490ADDA741F
:1041800091ADDB7492ADDC74CFB9DD7493ADDE74A8
:10419000ACF0DF7494ADE074ADF0E17495ADE27411
:1041A000B0C6E374EAB0E474BFC8E57496ADE674D3
:1041B000DFCDE77497ADE87498ADE97499ADEA7412
:1041C0009AADEB749BADEC749CADED749DADEE744B
:1041D000CDCEEF74B1EAF0749EADF1749FADF27480
:1041E000A0ADF37440AEF474B2EAF57441AEF67467
:1041F000BFC6F774C9B4F87442AEF97443AEFA742A
:1042000044AEFB7445AEFC7446AEFD7447AEFE741E
:1042100048AEFF74B3EA007549AE01754AAE027547
:104220004BAE03754CAE0475E7D505754DAE0675FE
:104230004EAE07754FAE087550AE097551AE0A7592
:1042400052AE0B7553AE0C7554AE0D75F9DD0E758F
:1042500055AE0F75B4EA107556AE1175B5EA127504
:1042600057AE1375B6EA147558AE157559AE167576
:104270005AAE17755BAE1875CAB81975B0DF1A75E6
:10428000F5C91B755CAE1C75F0CC1D755DAE1E7559
:104290005EAE1F75FAC920755FAE217560AE2275DE
:1042A00061AE237562AE247563AE2575FBC92675B4
:1042B00064AE277565AE2875C3D32975A6CB2A755C
:1042C00066AE2B75A6B82C75AEF02D75C2B12E75E5
:1042D00067AE2F75B8E53075EFCC3175C9D332753F
:1042E000D7BC3375EAC9347568AE3575E7B5367530
:1042F00069AE3775D0C43875E9B539756AAE3A75A7
:10430000AEEE3B75ADBB3C756BAE3D756CAE3E75B0
:10431000DEE73F756DAE4075AFEE41756EAE42752E
:104320006FAE437570AE447571AE4575A9B34675F1
:1043300072AE477573AE4875B2EE497574AE4A7584
:1043400075AE4B75B1EE4C75E7BD4D7576AE4E75DD
:10435000B0EE4F75B7CE507577AE517578AE5275D9
:1043600079AE53757AAE5475CFC555757BAE56751B
:104370007CAE57757DAE58757EAE5975F4C15A75D1
:10438000CEDB5B75B3EE5C75F3D05D7580AE5E75AC
:1043900081AE5F7582AE607583AE617584AE627505
:1043A00085AE637586AE647587AE6575D4C2667575
:1043B000E8C6677588AE687589AE69758AAE6A7534
:1043C000ACB76B758BAE6C758CAE6D758DAE6E7556
:1043D0008EAE6F758FAE707590AE717591AE727551
:1043E000B4EE737592AE7475EBB3757593AE767566
:1043F00094AE777595AE7875FBBB7975B5EE7A7529
:1044000096AE7B7597AE7C7598AE7D7599AE7E75D0
:104410009AAE7F75DCE780759BAE81759CAE827528
:104420009DAE8375B6EE84759EAE85759FAE86751E
:10443000AEBD8775A0AE887540AF897541AF8A75EE
:1044400042AF8B75E2F18C7543AF8D7544AF8E75BD
:1044500045AF8F75E8CA907546AF9175C9D2927510
:10446000DAF0937547AF9475DBF0957548AF9675A4
:10447000DCF09775C6C1987549AF9975EDB89A7516
:10448000CEBE9B754AAF9C754BAF9D75DEF09E7599
:104490004CAF9F75B1C5A075DDF0A175F1D1A275C6
:1044A0004DAFA375E0F0A475CCB0A575EABDA675B7
:1044B0004EAFA7754FAFA87550AFA97551AFAA758C
:1044C00052AFAB75DFD2AC75DFF0AD7553AFAE75E3
:1044D000AFB4AF75E8B7B075E6F0B175E5F0B27599
:1044E000A3C6B375E1F0B475E2F0B575C3B4B675A3
:1044F00054AFB77555AFB875E3F0B975EED5BA7569
:1045000056AFBB7557AFBC75DBCCBD75D2BEBE75A3
:10451000B2BCBF7558AFC07559AFC1755AAFC2753F
:10452000E8F0C375E7F0C475E4F0C575A1B2C675CF
:104530005BAFC775A2D6C875B8D3C975B7BECA7503
:10454000ACC8CB755CAFCC755DAFCD75EAF0CE7500
:104550005EAFCF755FAFD07560AFD17561AFD2750B
:10456000F7D1D37562AFD475CCD6D575DBBAD67515
:10457000E9F0D77563AFD875BBB6D97564AFDA7596
:1045800065AFDB75B4CDDC7566AFDD7567AFDE7525
:10459000A6C6DF7568AFE07569AFE1756AAFE27511
:1045A000A1C1E375EBF0E475EEF0E5756BAFE67570
:1045B000EDF0E775F0F0E875ECF0E9756CAFEA75D1
:1045C000BEBBEB75EFF0EC756DAFED756EAFEE75D4
:1045D0006FAFEF7570AFF075B5CCF175F2F0F275A5
:1045E00071AFF37572AFF475D5B3F57573AFF6753A
:1045F00074AFF77575AFF87576AFF975D4B1FA7514
:1046000077AFFB7578AFFC75F3F0FD7579AFFE758C
:104610007AAFFF75F4F00076F6F00176E1B4027639
:104620007BAF0376F1F004767CAF0576F7F0067683
:104630007DAF07767EAF087680AF097681AF0A76C8
:10464000FAF00B7682AF0C76F8F00D7683AF0E762B
:1046500084AF0F7685AF1076F5F0117686AF1276BF
:1046600087AF137688AF147689AF1576FDF016768E
:104670008AAF1776F9F01876FCF01976FEF01A7604
:104680008BAF1B76A1F11C768CAF1D768DAF1E769D
:104690008EAF1F76C1CE2076A4F121768FAF227621
:1046A000A3F1237690AF2476F6C12576FBF026762B
:1046B000DDCA277691AF287692AF2976F1B42A76B3
:1046C000F1B12B76B1CC2C7693AF2D76A6F12E7668
:1046D00094AF2F7695AF3076A7F1317696AF3276DC
:1046E00097AF3376ACF13476CED53576A9F1367600
:1046F00098AF377699AF3876B3C839769AAF3A76AD
:104700009BAF3B769CAF3C76A2F13D769DAF3E766B
:10471000ABF13F76A8F14076A5F141769EAF4276A7
:104720009FAF4376AAF14476A0AF457640B0467677
:1047300041B0477642B0487643B0497644B04A76B5
:1047400045B04B7646B04C76A9B04D76ADF14E767D
:1047500047B04F7648B0507649B051764AB052765D
:104760004BB053764CB05476AFF155764DB056768B
:10477000B1F157764EB058764FB0597650B05A7660
:1047800051B05B7652B05C76B0F15D7653B05E7638
:10479000AEF15F7654B0607655B0617656B0627611
:1047A00057B06376A2D1647658B0657659B0667614
:1047B0005AB067765BB068765CB069765DB06A7651
:1047C0005EB06B76B2F16C765FB06D7660B06E768F
:1047D00061B06F76B3F1707662B0717663B0727665
:1047E00064B0737665B0747666B0757667B07676C9
:1047F00068B0777669B07876EFB979766AB07A760C
:104800006BB07B76C7B57C766CB07D76D7B07E76A4
:10481000D9B07F766DB080766EB081766FB08276DB
:10482000EDD4837670B08476C4B5857671B0867623
:10483000D4BD8776CABB8876A7F0897672B08A76AF
:1048400073B08B76DEB88C7674B08D7675B08E765C
:10485000A8F08F7676B0907677B09176A8B0927601
:1048600078B09376A9F0947679B095767AB096760A
:10487000EECD97767BB098767CB09976AAF09A7652
:104880007DB09B767EB09C7680B09D7681B09E7622
:1048900082B09F7683B0A07684B0A17685B0A276F0
:1048A00086B0A37687B0A476ABF0A57688B0A6765E
:1048B00089B0A7768AB0A8768BB0A9768CB0AA7694
:1048C0008DB0AB768EB0AC768FB0AD7690B0AE7664
:1048D000A4C6AF7691B0B07692B0B176E5D6B27696
:1048E000E4F1B37693B0B476E5F1B57694B0B676EC
:1048F00095B0B77696B0B87697B0B97698B0BA76E4
:1049000099B0BB769AB0BC769BB0BD769CB0BE76B3
:104910009DB0BF76F3C3C0769EB0C1769FB0C2761D
:10492000DBD3C376A0B0C47640B1C576D1D6C67607
:10493000E8C5C77641B1C876AFD3C97642B1CA7669
:10494000E6D2CB7643B1CC7644B1CD76C1EECE760D
:10495000BBB0CF76B5D5D076CED1D176E0BCD2760D
:10496000D0BAD37645B1D476F8BFD57646B1D676EF
:10497000C7B8D776C1B5D876CCC5D97647B1DA767F
:1049800048B1DB76A2CADC7649B1DD764AB1DE7683
:104990004BB1DF76CBC3E0764CB1E1764DB1E27638
:1049A0004EB1E3764FB1E47650B1E576C2EEE676ED
:1049B00051B1E77652B1E87653B1E97654B1EA766F
:1049C00055B1EB7656B1EC7657B1ED7658B1EE763F
:1049D000BFC4EF76A2B6F07659B1F176ECEDF2767F
:1049E000A4C3F3765AB1F476B1D6F5765BB1F67618
:1049F0005CB1F7765DB1F876E0CFF976EFEDFA7657
:104A00005EB1FB765FB1FC76CEC5FD7660B1FE7619
:104A1000DCB6FF7661B1007762B10177A1CA027797
:104A200063B1037764B10477EDED057765B106777F
:104A300066B10777F0ED0877F1ED0977BCC30A7727
:104A400067B10B77B4BF0C7768B10D77EEED0E77D9
:104A500069B10F776AB110776BB111776CB11277CA
:104A60006DB113776EB114776FB1157770B116779A
:104A700071B1177772B1187773B11977F4ED1A77AE
:104A8000F2ED1B7774B11C7775B11D7776B11E7787
:104A900077B11F77E6D52077DFC3217778B122770A
:104AA000F3ED237779B124777AB125777BB1267737
:104AB000F6ED27777CB12877A3D52977A3D12A777C
:104AC0007DB12B777EB12C7780B12D77F5ED2E77E8
:104AD00081B12F77D0C3307782B1317783B132770C
:104AE00084B1337785B1347786B13577F7ED367792
:104AF000F4BF3777ECBE3877F8ED397787B13A777E
:104B0000F7CC3B7788B13C77DBD13D7789B13E77F5
:104B10008AB13F778BB14077C5D74177F6D54277D9
:104B20008CB14377FCED44778DB145778EB14677F4
:104B30008FB14777FBED487790B1497791B14A77CC
:104B400092B14B7793B14C7794B14D7795B14E7745
:104B500096B14F7797B15077F9ED5177FAED5277DB
:104B600098B1537799B154779AB155779BB15677ED
:104B70009CB157779DB158779EB159779FB15A77BD
:104B8000FDED5B77A6BE5C77A0B15D7740B25E7746
:104B900041B25F7742B2607743B26177AFCB627761
:104BA000A1EE6377BDB6647744B26577A2EE66770F
:104BB000C0C4677745B26877FEED697746B26A7719
:104BC00047B26B77DEBD6C77C7B26D7748B26E7750
:104BD00049B26F774AB270774BB271774CB2727745
:104BE0004DB273774EB274774FB2757750B2767715
:104BF00051B2777752B2787753B27977C3B67A7772
:104C000054B27B7755B27C7756B27D77A5EE7E772E
:104C1000BAD87F77A3EE8077A6EE817757B28277F6
:104C200058B2837759B28477E9C38577F2B3867730
:104C30005AB287775BB288775CB289775DB28A7740
:104C40005EB28B775FB28C77A7EE8D77A4EE8E770E
:104C5000B9CF8F7760B2907761B29177A8EE9277F3
:104C6000F7C2937762B2947763B2957764B296771E
:104C700065B2977766B2987767B2997768B29A7794
:104C800069B29B776AB29C776BB29D776CB29E7764
:104C90006DB29F77A9EEA077AAEEA1776EB2A27748
:104CA000ABDEA3776FB2A47770B2A577B3C6A67751
:104CB00071B2A777C6C7A87772B2A977F5D6AA77D7
:104CC000C9B5AB7773B2AC77B2CBAD7774B2AE7710
:104CD00075B2AF7776B2B077ABEEB17777B2B27725
:104CE00078B2B377ABCDB47779B2B577ACEEB677AF
:104CF0007AB2B7777BB2B8777CB2B9777DB2BA7740
:104D00007EB2BB77B0D5BC7780B2BD77ADEEBE7753
:104D100081B2BF77C4F6C07782B2C17783B2C2775F
:104D200084B2C37785B2C47786B2C57787B2C677B7
:104D300088B2C77789B2C8778AB2C9778BB2CA7787
:104D40008CB2CB778DB2CC778EB2CD77C7DBCE77F6
:104D50008FB2CF7790B2D07791B2D17792B2D2772B
:104D600093B2D37794B2D47795B2D57796B2D677FB
:104D700097B2D777A3B4D87798B2D97799B2DA77C0
:104D80009AB2DB77ACC3DC77E6F1DD779BB2DE77F6
:104D90009CB2DF779DB2E0779EB2E1779FB2E27777
:104DA000B8CAE377D3D2E477A0B2E577AAD6E6779C
:104DB00040B3E777F2EFE87741B3E977D8BEEA7717
:104DC00042B3EB77C3BDEC77F3EFED77CCB6EE777C
:104DD000ABB0EF7743B3F07744B3F17745B3F277F5
:104DE00046B3F377AFCAF47747B3F57748B3F677AE
:104DF000B6EDF77749B3F877B7EDF9774AB3FA77B5
:104E00004BB3FB774CB3FC774DB3FD77F9CEFE7710
:104E1000AFB7FF77F3BF0078B8ED0178EBC2027847
:104E2000B0C903784EB304784FB3057850B3067811
:104E300051B3077852B3087853B30978B9ED0A78BB
:104E400054B30B7855B30C78F6C60D78B3BF0E7813
:104E500056B30F7857B3107858B31178BCED127869
:104E6000F8C5137859B31478D0D115785AB3167899
:104E7000A9D71778BAED1878BBED19785BB31A7813
:104E8000E2D11B785CB31C78BFED1D78C0ED1E78B5
:104E90005DB31F78C4ED20785EB321785FB32278CC
:104EA00060B32378C8ED247861B32578C6ED267801
:104EB000CEED2778E8D5287862B32978C9ED2A782D
:104EC00063B32B7864B32C78C7ED2D78BEED2E78C4
:104ED00065B32F7866B33078E9C5317867B3327837
:104EE00068B3337869B33478C6C635786AB3367830
:104EF0006BB33778E9C93878D2D43978C1ED3A78CC
:104F0000C2ED3B78C3ED3C78C5ED3D786CB33E789F
:104F1000F9C03F786DB34078A1B441786EB3427860
:104F20006FB3437870B3447871B34578E8B9467885
:104F300072B34778D0ED487873B3497874B34A7840
:104F400075B34B7876B34C78D1ED4D7877B34E7816
:104F5000CAED4F7878B35078CFED517879B3527865
:104F6000F8CE53787AB354787BB35578B6CB56786D
:104F7000CCED5778CDED58787CB359787DB35A781D
:104F80007EB35B7880B35C7881B35D78F5CF5E7873
:104F900082B35F7883B3607884B3617885B36278D5
:104FA00086B3637887B3647888B3657889B36678A5
:104FB0008AB367788BB368788CB369788DB36A7875
:104FC000D2ED6B78F2C16C78B2D36D78CBED6E78A0
:104FD000B7C86F788EB370788FB3717890B37278EA
:104FE00091B3737892B3747893B3757894B37678F9
:104FF00095B37778EFBC787896B3797897B37A7869
:1050000098B37B7899B37C78F0C57D789AB37E7835
:105010009BB37F789CB380789DB381789EB3827870
:105020009FB38378A0B3847840B4857841B4867800
:1050300042B48778D6ED887843B48978EFB58A781A
:1050400044B48B7845B48C78B5C28D78ADB08E7889
:10505000E9CB8F7846B4907847B49178AEB1927826
:1050600048B49378D4ED947849B495784AB4967856
:105070004BB49778EBCD9878E2B599784CB49A78A0
:10508000D5ED9B78D3ED9C78D7ED9D784DB49E7887
:105090004EB49F78FAB5A0784FB4A178D8EDA27835
:1050A00050B4A378D9EDA47851B4A578DCEDA678F6
:1050B00052B4A778CCB1A87853B4A97854B4AA78DC
:1050C00055B4AB7856B4AC7857B4AD7858B4AE7824
:1050D00059B4AF785AB4B078F6C5B178EEBCB278AE
:1050E000DAEDB378BCCCB478EAB2B5785BB4B67814
:1050F0005CB4B7785DB4B8785EB4B978DBEDBA78F3
:105100005FB4BB7860B4BC7861B4BD7862B4BE787B
:10511000EBC4BF7863B4C07864B4C178C5B4C27856
:1051200065B4C37866B4C47867B4C578F5B0C6789A
:1051300068B4C77869B4C8786AB4C978DFEDCA784A
:10514000DAC0CB78E8B4CC786BB4CD786CB4CE78D8
:105150006DB4CF786EB4D078CDC5D1786FB4D27835
:1051600070B4D37871B4D478DDEDD578C4BFD67877
:1051700072B4D77873B4D87874B4D978DEEDDA78AD
:1051800075B4DB7876B4DC7877B4DD7878B4DE7823
:1051900079B4DF787AB4E0787BB4E1787CB4E278F3
:1051A0007DB4E3787EB4E47880B4E57881B4E678C1
:1051B00082B4E77883B4E878A5C4E97884B4EA785F
:1051C00085B4EB7886B4EC78E0EDED7887B4EE78D2
:1051D00088B4EF7889B4F0788AB4F1788BB4F27837
:1051E000E1EDF3788CB4F478E3EDF5788DB4F678EE
:1051F0008EB4F778D7C1F8788FB4F97890B4FA788C
:10520000C7BBFB7891B4FC7892B4FD7893B4FE7878
:1052100094B4FF7895B4007996B40179B8BD027959
:1052200097B4037998B4047999B40579E2ED0679D5
:105230009AB407799BB408799CB409799DB40A792A
:105240009EB40B799FB40C79A0B40D7940B50E795A
:1052500041B50F7942B5107943B5117944B512794A
:1052600045B51379E4ED147946B5157947B5167946
:1052700048B5177949B518794AB519794BB51A79EE
:105280004CB51B794DB51C794EB51D794FB51E79BE
:10529000E6ED1F7950B5207951B5217952B52279C3
:1052A00053B5237954B52479E5ED257955B526799B
:1052B00056B5277957B5287958B5297959B52A7936
:1052C0005AB52B795BB52C795CB52D795DB52E7906
:1052D0005EB52F795FB5307960B5317961B53279D6
:1052E00062B5337963B53479E7ED357964B53679EC
:1052F00065B5377966B5387967B5397968B53A797A
:10530000BECA3B79EAEC3C79F1C03D7969B53E799A
:10531000E7C93F796AB54079EBEC4179EEC642794D
:105320006BB543796CB544796DB545796EB5467901
:10533000ECEC47796FB54879EDC64979EDEC4A79DF
:1053400070B54B7971B54C7972B54D7973B54E79AD
:1053500074B54F7975B5507976B5517977B552797D
:1053600078B55379F0EC547979B555797AB55679A1
:10537000E6D75779F3EC58797BB559797CB55A79EA
:10538000F1EC5B79EEEC5C79EFEC5D79A3D75E79BB
:10539000F1C95F79EECB6079F4EC61797DB5627922
:1053A000F2EC63797EB5647980B56579E9CF667989
:1053B00081B56779F6EC6879B1C6697982B56A79A1
:1053C00083B56B7984B56C7985B56D79C0BC6E7920
:1053D00086B56F79F5EC707987B5717988B5727992
:1053E00089B573798AB574798BB575798CB5767909
:1053F0008DB57779BBB57879F6BB79798EB57A7941
:10540000F7EC7B798FB57C7990B57D7991B57E7914
:1054100092B57F7993B58079F7D98179FBBD82798F
:1054200094B5837995B58479BBC28579F8EC867992
:1054300096B5877997B5887998B5897999B58A7934
:10544000F9EC8B799AB58C799BB58D799CB58E7971
:105450009DB58F79A3B890799EB591799FB59279D2
:10546000A0B5937940B6947941B6957942B69679CC
:1054700043B6977944B6987945B6997946B69A79FC
:10548000FAEC9B7947B69C7948B69D7949B69E79E6
:105490004AB69F794BB6A0794CB6A1794DB6A279A0
:1054A0004EB6A3794FB6A47950B6A57951B6A67970
:1054B00052B6A779FBECA87953B6A97954B6AA7964
:1054C00055B6AB7956B6AC7957B6AD7958B6AE7914
:1054D00059B6AF795AB6B0795BB6B1795CB6B279E4
:1054E0005DB6B379FCECB4795EB6B5795FB6B679E2
:1054F00060B6B77961B6B87962B6B979EDD3BA79E1
:10550000AED8BB79EBC0BC7963B6BD79DDC7BE79D7
:10551000CCBABF7964B6C079E3D0C179BDCBC279CA
:1055200065B6C379BACDC47966B6C57967B6C679AA
:10553000D1B8C77968B6C87969B6C979FCB1CA79F2
:105540006AB6CB79EFC7CC796BB6CD79D6D6CE79A2
:105550006CB6CF796DB6D0796EB6D179C6BFD27937
:10556000EBC3D3796FB6D47970B6D579F5EFD67928
:1055700071B6D77972B6D879D8C3D97973B6DA79D2
:1055800074B6DB7975B6DC7976B6DD7977B6DE7917
:1055900078B6DF79E2D7E07979B6E1797AB6E2795F
:1055A0007BB6E379F7EFE479D3B3E5797CB6E679B6
:1055B000D8C7E779EDD1E8797DB6E979C8D6EA7937
:1055C0007EB6EB79F8EFEC7980B6ED79F6EFEE790F
:1055D00081B6EF79FDBBF079C6B3F17982B6F27985
:1055E00083B6F37984B6F47985B6F57986B6F6791B
:1055F00087B6F77988B6F879D5BDF97989B6FA7999
:105600008AB6FB79C6D2FC798BB6FD79E0BBFE7910
:105610008CB6FF798DB6007AA1CF017A8EB6027A68
:10562000FCEF037AFBEF047A8FB6057A90B6067A20
:10563000F9EF077A91B6087A92B6097A93B60A7AA0
:1056400094B60B7ACCB30C7A95B60D7AD4C90E7A8F
:10565000B0CB0F7A96B6107A97B6117A98B6127ABE
:1056600099B6137A9AB6147AFEEF157A9BB6167A23
:105670009CB6177ADEB0187A9DB6197A9EB61A7A59
:10568000C9D61B7A9FB61C7AA0B61D7A40B71E7A7F
:10569000FDEF1F7A41B7207AEDB3217A42B7227A23
:1056A00043B7237AD5F6247A44B7257A45B7267AC4
:1056B00046B7277A47B7287A48B7297A49B72A7A66
:1056C0004AB72B7A4BB72C7A4CB72D7A4DB72E7A36
:1056D0004EB72F7A4FB7307A50B7317A51B7327A06
:1056E00052B7337AC8CE347A53B7357A54B7367A4C
:1056F00055B7377AA2F0387A56B7397AA1F03A7AA4
:1057000057B73B7ABEB53C7ADABC3D7AFCBB3E7AF1
:1057100058B73F7AE5B8407A59B7417A5AB7427AD2
:105720005BB7437A5CB7447A5DB7457A5EB7467A31
:10573000C2C4477A5FB7487A60B7497A61B74A7A94
:1057400062B74B7A63B74C7A64B74D7A65B74E7AD5
:1057500066B74F7A67B7507A68B7517AA3F0527A32
:1057600069B7537A6AB7547A6BB7557A6CB7567A79
:105770006DB7577AEBCB587A6EB7597A6FB75A7ABA
:1057800070B75B7A71B75C7A72B75D7A73B75E7A1D
:1057900074B75F7A75B7607A76B7617A77B7627AED
:1057A00078B7637A79B7647A7AB7657A7BB7667ABD
:1057B0007CB7677A7DB7687A7EB7697A80B76A7A8C
:1057C00081B76B7A82B76C7A83B76D7A84B76E7A59
:1057D00085B76F7A86B7707AA6F0717A87B7727AD2
:1057E00088B7737A89B7747AA8D1757A8AB7767AC6
:1057F000BFBE777AEEC7787AB6F1797AB7F17A7A5E
:10580000D5BF7B7A8BB77C7A8CB77D7A8DB77E7A61
:105810008EB77F7AA9B4807AB8F1817ABBCD827ACB
:105820008FB7837AD4C7847AADD5857A90B7867AD4
:10583000B9F1877A91B7887ABAF1897A92B78A7A78
:1058400093B78B7A94B78C7A95B78D7ACFC78E7AC7
:1058500096B78F7A97B7907A98B7917AA4D2927ABE
:10586000CFD6937A99B7947A9AB7957ABBF1967A0C
:10587000D1BD977AB0B4987ABDBE997A9BB79A7A1F
:105880009CB79B7A9DB79C7ADCB49D7AD1CE9E7AE8
:105890009EB79F7ADFBFA07ABDF1A17A9FB7A27AA7
:1058A000A0B7A37A40B8A47A41B8A57AFABFA67A7D
:1058B000BCF1A77A42B8A87ABFF1A97A43B8AA7A0C
:1058C00044B8AB7A45B8AC7ABEF1AD7AC0F1AE7AE5
:1058D00046B8AF7A47B8B07A48B8B17A49B8B27A20
:1058E0004AB8B37AC1F1B47A4BB8B57A4CB8B67A43
:1058F0004DB8B77A4EB8B87A4FB8B97A50B8BA7AC4
:1059000051B8BB7A52B8BC7A53B8BD7A54B8BE7A93
:1059100055B8BF7AFEC1C07A56B8C17A57B8C27AB4
:1059200058B8C37A59B8C47A5AB8C57A5BB8C67A37
:105930005CB8C77A5DB8C87A5EB8C97A5FB8CA7A07
:1059400060B8CB7AA2C1CC7A61B8CD7A62B8CE7A8F
:1059500063B8CF7A64B8D07A65B8D17A66B8D27AAB
:1059600067B8D37A68B8D47A69B8D57A6AB8D67A7B
:10597000FACAD77A6BB8D87A6CB8D97ABED5DA7A3F
:105980006DB8DB7A6EB8DC7A6FB8DD7A70B8DE7A23
:10599000BABEDF7AB9BEE07AC2D5E17A71B8E27AEE
:1059A00072B8E37AA2BFE47A73B8E57AAFCDE67A4B
:1059B000B5F1E77A74B8E87A75B8E97A76B8EA7A30
:1059C00077B8EB7A78B8EC7A79B8ED7ADFBDEE7A11
:1059D0007AB8EF7ACBB6F07A7BB8F17A7CB8F27A03
:1059E0007DB8F37A7EB8F47A80B8F57A81B8F67A21
:1059F00082B8F77A83B8F87A84B8F97AF1D6FA7A65
:105A0000C3F3FB7A85B8FC7A86B8FD7AC4F3FE7AD4
:105A100087B8FF7ACDB8007B88B8017B89B8027B54
:105A20008AB8037BC6F3047BC7F3057B8BB8067B80
:105A3000CAB0077B8CB8087BC5F3097B8DB80A7B9D
:105A4000C9F30B7BF1CB0C7B8EB80D7B8FB80E7B33
:105A500090B80F7BCBF3107B91B8117BA6D0127B53
:105A600092B8137B93B8147BCAB1157BC8F3167B2D
:105A700094B8177B95B8187B96B8197BCFF31A7B2F
:105A800097B81B7BD1B51C7B98B81D7B99B81E7B42
:105A9000D7F31F7B9AB8207BD2F3217B9BB8227B64
:105AA0009CB8237B9DB8247BD4F3257BD3F3267B42
:105AB000FBB7277B9EB8287BBFB1297B9FB82A7B89
:105AC000CEF32B7BCAF32C7BDAB52D7BA0B82E7BD3
:105AD000D0F32F7B40B9307B41B9317BD1F3327B9E
:105AE00042B9337BD5F3347B43B9357B44B9367B3C
:105AF00045B9377B46B9387BCDF3397B47B93A7B1B
:105B0000E3BC3B7B48B93C7BFDC13D7B49B93E7B57
:105B1000D6F33F7B4AB9407B4BB9417B4CB9427BC2
:105B20004DB9437B4EB9447B4FB9457BDAF3467B95
:105B300050B9477BCCF3487B51B9497BC8B54A7B08
:105B400052B94B7BEEBD4C7BDCF34D7B53B94E7BA6
:105B500054B94F7BA4B7507BF0BF517BFED6527B2C
:105B6000B2CD537B55B9547BF0B4557B56B9567BB7
:105B7000DFB2577B57B9587BD8F3597B58B95A7B5A
:105B8000D9F35B7BB8C95C7B59B95D7BDDF35E7B88
:105B90005AB95F7B5BB9607BDEF3617B5CB9627B8A
:105BA000E1F3637B5DB9647B5EB9657B5FB9667B5E
:105BB00060B9677B61B9687B62B9697B63B96A7BED
:105BC00064B96B7B65B96C7B66B96D7B67B96E7BBD
:105BD000DFF36F7B68B9707B69B9717BE3F3727B2C
:105BE000E2F3737B6AB9747B6BB9757BDBF3767B0D
:105BF0006CB9777BEABF787B6DB9797BEFB37A7B41
:105C00006EB97B7BE0F37C7B6FB97D7B70B97E7B6B
:105C1000A9C77F7B71B9807BF2BC817B72B9827B23
:105C200073B9837B74B9847B75B9857BEBF3867B11
:105C300076B9877B77B9887B78B9897B79B98A7B94
:105C40007AB98B7B7BB98C7B7CB98D7BBFB98E7B22
:105C50007DB98F7B7EB9907BE4F3917B80B9927B99
:105C600081B9937B82B9947BADB2957BFEBB967B69
:105C700083B9977BE3CB987B84B9997B85B99A7B71
:105C800086B99B7B87B99C7BEDF39D7BE9F39E7B7B
:105C900088B99F7B89B9A07B8AB9A17BDCB9A27B3B
:105CA000EEF3A37B8BB9A47B8CB9A57B8DB9A67BC6
:105CB000E5F3A77BE6F3A87BEAF3A97BE1C2AA7B25
:105CC000ECF3AB7BEFF3AC7BE8F3AD7BFDBCAE7BE1
:105CD0008EB9AF7B8FB9B07B90B9B17BE4CFB27B8B
:105CE00091B9B37B92B9B47BF0F3B57B93B9B67B32
:105CF00094B9B77B95B9B87BE7F3B97B96B9BA7B12
:105D000097B9BB7B98B9BC7B99B9BD7B9AB9BE7B6F
:105D10009BB9BF7B9CB9C07B9DB9C17BF2F3C27BB1
:105D20009EB9C37B9FB9C47BA0B9C57B40BAC67B73
:105D3000ADD7C77BAAC6C87B41BAC97B42BACA7B6A
:105D400043BACB7B44BACC7BF3F3CD7B45BACE7B55
:105D500046BACF7B47BAD07B48BAD17BF1F3D27B2E
:105D600049BAD37BA8C2D47B4ABAD57B4BBAD67B7F
:105D70004CBAD77B4DBAD87B4EBAD97BDDB8DA7B2B
:105D8000F5F3DB7B4FBADC7B50BADD7BF4F3DE7BD3
:105D900051BADF7B52BAE07B53BAE17BDBB4E27BE2
:105DA00054BAE37B55BAE47B56BAE57BF6F3E67B5F
:105DB000F7F3E77B57BAE87B58BAE97B59BAEA7B35
:105DC000F8F3EB7B5ABAEC7B5BBAED7B5CBAEE7B0B
:105DD000BAC0EF7B5DBAF07B5EBAF17BE9C0F27BC3
:105DE0005FBAF37B60BAF47B61BAF57B62BAF67B8B
:105DF00063BAF77BF1C5F87B64BAF97B65BAFA7BC5
:105E000066BAFB7B67BAFC7BFBF3FD7B68BAFE7B63
:105E1000FAF3FF7B69BA007C6ABA017C6BBA027C38
:105E20006CBA037C6DBA047C6EBA057C6FBA067CD2
:105E300070BA077CD8B4087C71BA097C72BA0A7C43
:105E400073BA0B7CFEF30C7CF9F30D7C74BA0E7CF8
:105E500075BA0F7CFCF3107C76BA117C77BA127C91
:105E600078BA137C79BA147C7ABA157C7BBA167C22
:105E7000FDF3177C7CBA187C7DBA197C7EBA1A7C3B
:105E800080BA1B7C81BA1C7C82BA1D7C83BA1E7CC2
:105E900084BA1F7CA1F4207C85BA217C86BA227C3E
:105EA00087BA237C88BA247C89BA257C8ABA267C66
:105EB000A3F4277CC9BB287C8BBA297C8CBA2A7CAA
:105EC000A2F42B7C8DBA2C7C8EBA2D7C8FBA2E7CC2
:105ED00090BA2F7C91BA307C92BA317C93BA327CE2
:105EE00094BA337C95BA347C96BA357C97BA367CB2
:105EF00098BA377C99BA387CA4F4397C9ABA3A7C3F
:105F00009BBA3B7C9CBA3C7C9DBA3D7C9EBA3E7C55
:105F10009FBA3F7CBEB2407CA6F4417CA5F4427C93
:105F2000A0BA437C40BB447C41BB457C42BB467C21
:105F300043BB477C44BB487C45BB497C46BB4A7C51
:105F400047BB4B7C48BB4C7C49BB4D7CAEBC4E7CBC
:105F50004ABB4F7C4BBB507C4CBB517C4DBB527CF5
:105F60004EBB537C4FBB547C50BB557C51BB567CC5
:105F700052BB577C53BB587C54BB597C55BB5A7C95
:105F800056BB5B7C57BB5C7C58BB5D7C59BB5E7C65
:105F90005ABB5F7C5BBB607C5CBB617C5DBB627C35
:105FA0005EBB637C5FBB647C60BB657C61BB667C05
:105FB00062BB677C63BB687C64BB697C65BB6A7CD5
:105FC00066BB6B7C67BB6C7C68BB6D7C69BB6E7CA5
:105FD0006ABB6F7C6BBB707C6CBB717C6DBB727C75
:105FE0006EBB737CD7C3747CE1D9757C6FBB767C48
:105FF00070BB777C71BB787C72BB797C73BB7A7C1D
:1060000074BB7B7CE0C07C7CCCF47D7CD1D77E7C77
:1060100075BB7F7C76BB807C77BB817C78BB827CC8
:1060200079BB837C7ABB847C7BBB857C7CBB867C98
:106030007DBB877C7EBB887C80BB897CDBB78A7C10
:1060400081BB8B7C82BB8C7C83BB8D7C84BB8E7C38
:1060500085BB8F7C86BB907C87BB917CCEF4927C89
:10606000A3C1937C88BB947C89BB957CC9C6967C74
:106070008ABB977CD6B4987CB3D5997C8BBB9A7C31
:106080008CBB9B7C8DBB9C7CD0F49D7CCFF49E7C98
:10609000D1F49F7CDACBA07C8EBBA17C8FBBA27C91
:1060A000D2F4A37C90BBA47CC1D4A57CE0D6A67C12
:1060B00091BBA77C92BBA87C93BBA97C94BBAA7C18
:1060C000E0B7AB7C95BBAC7C96BBAD7C97BBAE7CA4
:1060D000B8C1AF7C98BBB07C99BBB17CBBC1B27C72
:1060E000D3F4B37CACBEB47C9ABBB57C9BBBB67C12
:1060F0009CBBB77C9DBBB87C9EBBB97CE2B4BA7C30
:106100009FBBBB7CA0BBBC7CD4F4BD7CD5F4BE7C67
:10611000ABBEBF7C40BCC07C41BCC17CD6F4C27C61
:1061200042BCC37C43BCC47C44BCC57CDBF4C67CA1
:1061300045BCC77CD7F4C87CDAF4C97C46BCCA7CB1
:10614000FDBACB7C47BCCC7CD8F4CD7CD9F4CE7CDA
:1061500048BCCF7C49BCD07C4ABCD17C4BBCD27CF7
:106160004CBCD37C4DBCD47C4EBCD57CE2B8D67C38
:10617000C7CCD77CDCF4D87C4FBCD97CDAB2DA7CD3
:1061800050BCDB7C51BCDC7CD3C3DD7C52BCDE7CF0
:1061900053BCDF7CE3D4E07CB7BFE17C54BCE27C41
:1061A00055BCE37C56BCE47C57BCE57C58BCE67C23
:1061B00059BCE77C5ABCE87CDDF4E97C5BBCEA7C3A
:1061C0005CBCEB7C5DBCEC7C5EBCED7C5FBCEE7CC7
:1061D00060BCEF7CB4C5F07C61BCF17C62BCF27C3D
:1061E00063BCF37C64BCF47C65BCF57C66BCF67C6B
:1061F00067BCF77C68BCF87CE9F4F97C69BCFA7C84
:106200006ABCFB7CB5CFFC7C6BBCFD7C6CBCFE7CB3
:106210006DBCFF7C6EBC007D6FBC017D70BC027DDF
:1062200071BC037D72BC047D73BC057D74BC067DAE
:1062300075BC077D76BC087D77BC097D78BC0A7D7E
:10624000C9CE0B7D79BC0C7D7ABC0D7D7BBC0E7DEF
:106250007CBC0F7D7DBC107D7EBC117D80BC127D21
:1062600081BC137D82BC147D83BC157D84BC167DEE
:1062700085BC177D86BC187D87BC197D88BC1A7DBE
:1062800089BC1B7D8ABC1C7D8BBC1D7D8CBC1E7D8E
:106290008DBC1F7D8EBC207DD8CB217D8FBC227D07
:1062A000F7CB237D90BC247D91BC257D92BC267DBF
:1062B00093BC277DF4BD287D94BC297D95BC2A7DA7
:1062C00096BC2B7DCFD72C7D97BC2D7D98BC2E7D89
:1062D00099BC2F7DDBC0307D9ABC317D9BBC327D6B
:1062E0009CBC337D9DBC347D9EBC357D9FBC367D82
:1062F000A0BC377D40BD387D41BD397D42BD3A7D72
:1063000043BD3B7D44BD3C7D45BD3D7D46BD3E7DA1
:1063100047BD3F7D48BD407D49BD417D4ABD427D71
:106320004BBD437D4CBD447D4DBD457D4EBD467D41
:106330004FBD477D50BD487D51BD497D52BD4A7D11
:1063400053BD4B7D54BD4C7D55BD4D7D56BD4E7DE1
:1063500057BD4F7D58BD507D59BD517D5ABD527DB1
:106360005BBD537D5CBD547D5DBD557D5EBD567D81
:106370005FBD577D60BD587D61BD597D62BD5A7D51
:1063800063BD5B7D64BD5C7D65BD5D7D66BD5E7D21
:1063900067BD5F7D68BD607D69BD617D6ABD627DF1
:1063A0006BBD637D6CBD647D6DBD657D6EBD667DC1
:1063B0006FBD677D70BD687D71BD697D72BD6A7D91
:1063C00073BD6B7D74BD6C7D75BD6D7D76BD6E7D61
:1063D000F5D06F7D77BD707D78BD717D79BD727DA3
:1063E0007ABD737D7BBD747D7CBD757D7DBD767D05
:1063F0007EBD777DEAF4787D80BD797D81BD7A7D33
:1064000082BD7B7D83BD7C7D84BD7D7D85BD7E7DA4
:1064100086BD7F7D87BD807D88BD817D89BD827D74
:106420008ABD837D8BBD847D8CBD857D8DBD867D44
:106430008EBD877D8FBD887D90BD897D91BD8A7D14
:1064400092BD8B7D93BD8C7D94BD8D7D95BD8E7DE4
:1064500096BD8F7D97BD907D98BD917D99BD927DB4
:106460009ABD937D9BBD947D9CBD957D9DBD967D84
:106470009EBD977D9FBD987DA0BD997D40BE9A7DB4
:1064800041BE9B7D42BE9C7D43BE9D7D44BE9E7DA4
:1064900045BE9F7D46BEA07D47BEA17D48BEA27D74
:1064A00049BEA37D4ABEA47D4BBEA57D4CBEA67D44
:1064B000EBF4A77D4DBEA87D4EBEA97D4FBEAA7D43
:1064C00050BEAB7D51BEAC7D52BEAD7D53BEAE7DE8
:1064D000ECF4AF7D54BEB07D55BEB17D56BEB27DED
:1064E00057BEB37D58BEB47D59BEB57D5ABEB67D8C
:1064F0005BBEB77D5CBEB87D5DBEB97D5EBEBA7D5C
:106500005FBEBB7D60BEBC7D61BEBD7D62BEBE7D2B
:1065100063BEBF7D64BEC07D65BEC17D66BEC27DFB
:1065200067BEC37D68BEC47D69BEC57D6ABEC67DCB
:106530006BBEC77D6CBEC87D6DBEC97D6EBECA7D9B
:106540006FBECB7D70BECC7D71BECD7D72BECE7D6B
:1065500073BECF7D74BED07D75BED17D76BED27D3B
:1065600077BED37D78BED47D79BED57D7ABED67D0B
:106570007BBED77D7CBED87D7DBED97D7EBEDA7DDB
:1065800080BEDB7D81BEDC7D82BEDD7D83BEDE7DA7
:1065900084BEDF7D85BEE07D86BEE17D87BEE27D77
:1065A00088BEE37D89BEE47D8ABEE57D8BBEE67D47
:1065B0008CBEE77D8DBEE87D8EBEE97D8FBEEA7D17
:1065C00090BEEB7D91BEEC7D92BEED7D93BEEE7DE7
:1065D00094BEEF7D95BEF07D96BEF17D97BEF27DB7
:1065E00098BEF37D99BEF47D9ABEF57D9BBEF67D87
:1065F0009CBEF77D9DBEF87D9EBEF97D9FBEFA7D57
:10660000A0BEFB7D40BFFC7D41BFFD7D42BFFE7D46
:1066100043BFFF7D44BF007E45BF017E46BF027E73
:1066200047BF037E48BF047E49BF057E4ABF067E42
:106630004BBF077E4CBF087E4DBF097E4EBF0A7E12
:106640004FBF0B7E50BF0C7E51BF0D7E52BF0E7EE2
:1066500053BF0F7E54BF107E55BF117E56BF127EB2
:1066600057BF137E58BF147E59BF157E5ABF167E82
:106670005BBF177E5CBF187E5DBF197E5EBF1A7E52
:106680005FBF1B7E60BF1C7E61BF1D7E62BF1E7E22
:1066900063BF1F7E64BF207E65BF217E66BF227EF2
:1066A00067BF237E68BF247E69BF257E6ABF267EC2
:1066B0006BBF277E6CBF287E6DBF297E6EBF2A7E92
:1066C0006FBF2B7E70BF2C7E71BF2D7E72BF2E7E62
:1066D00073BF2F7E74BF307E75BF317E76BF327E32
:1066E00077BF337E78BF347E79BF357E7ABF367E02
:1066F0007BBF377E7CBF387E7DBF397E7EBF3A7ED2
:1067000080BF3B7EE3F73C7E81BF3D7E82BF3E7E05
:1067100083BF3F7E84BF407E85BF417EB1B7427E4E
:1067200086BF437E87BF447E88BF457E89BF467E45
:106730008ABF477EEDF4487E8BBF497E8CBF4A7E80
:106740008DBF4B7E8EBF4C7E8FBF4D7E90BF4E7EE9
:1067500091BF4F7E92BF507E93BF517E94BF527EB9
:1067600095BF537E96BF547E97BF557E98BF567E89
:1067700099BF577E9ABF587E9BBF597E9CBF5A7E59
:106780009DBF5B7E9EBF5C7E9FBF5D7EA0BF5E7E29
:1067900040C05F7E41C0607E42C0617E43C0627E79
:1067A00044C0637E45C0647E46C0657E47C0667E49
:1067B00048C0677E49C0687E4AC0697E4BC06A7E19
:1067C0004CC06B7E4DC06C7E4EC06D7E4FC06E7EE9
:1067D00050C06F7E51C0707E52C0717E53C0727EB9
:1067E00054C0737E55C0747E56C0757E57C0767E89
:1067F00058C0777E59C0787E5AC0797E5BC07A7E59
:106800005CC07B7E5DC07C7E5EC07D7E5FC07E7E28
:1068100060C07F7E61C0807E62C0817E63C0827EF8
:10682000EBD7837E64C0847E65C0857E66C0867E2D
:1068300067C0877E68C0887E69C0897E6AC08A7E9C
:106840006BC08B7E6CC08C7E6DC08D7E6EC08E7E6C
:106850006FC08F7E70C0907E71C0917E72C0927E3C
:1068600073C0937E74C0947E75C0957E76C0967E0C
:1068700077C0977E78C0987E79C0997E7AC09A7EDC
:106880007BC09B7EEEF49C7E7CC09D7E7DC09E7E08
:106890007EC09F7EF9E6A07EC0BEA17EFAE6A27E03
:1068A000ECBAA37EFBE6A47ECBCFA57EFCE6A67E5B
:1068B000BCD4A77EB6BCA87EFDE6A97EFEE6AA7E75
:1068C000CDBCAB7ED2C8AC7EB3CEAD7EA1E7AE7EF2
:1068D00080C0AF7EBFB4B07EA2E7B17EB4C9B27E45
:1068E000D9B8B37EC9C4B47E81C0B57EDDD7B67ECB
:1068F000DAC2B77ED7B7B87EBDD6B97EC6CEBA7E6D
:10690000C4B7BB7E82C0BC7E83C0BD7EA6C5BE7E32
:10691000A3E7BF7EDFCFC07EA4E7C17EA5E7C27E2E
:10692000A6E7C37EB7C1C47EE9D7C57EF0C9C67EDF
:10693000B8CFC77EAFD6C87ED5D6C97EA7E7CA7EF8
:10694000EDB0CB7EA8E7CC7EA9E7CD7EDCC9CE7EBC
:10695000EFD2CF7EADBED07EAAE7D17EF3B0D27E9D
:10696000DEC8D37EE1BDD47EABE7D57EC6C8D67E79
:1069700084C0D77EACE7D87EE6BBD97EF8B8DA7E95
:10698000A4D1DB7EADE7DC7EE7C2DD7EF8BEDE7E35
:10699000CABDDF7EB3CDE07EAEE7E17EAFE7E27E4B
:1069A000EEBEE37EE5D0E47E85C0E57EE7CBE67E05
:1069B000D0CCE77ECCBCE87EB0E7E97EA8BCEA7E1E
:1069C000F7D0EB7EB1E7EC7E86C0ED7EF8D0EE7EB0
:1069D000B2E7EF7EB3E7F07EC2B4F17EB4E7F27EB9
:1069E000B5E7F37EFEC9F47EACCEF57EE0C3F67E5D
:1069F000B7E7F77EC1B1F87EF1B3F97E87C0FA7EC2
:106A0000B8E7FB7EB9E7FC7EDBD7FD7EC0D5FE7E16
:106A1000BAE7FF7ECCC2007FBAD7017FBBE7027F17
:106A2000BCE7037FBDE7047FEABC057FE5C3067FC3
:106A3000C2C0077FBEE7087FBFE7097FA9BC0A7F06
:106A400088C00B7FC0E70C7FC1E70D7FB6E70E7FE4
:106A5000D0B60F7FC2E7107F89C0117FC3E7127FD6
:106A6000C4E7137FBABB147FDEB5157FC6C2167F9D
:106A7000E0B1177FC5E7187FB5D4197FC6E71A7F45
:106A8000BFB81B7FC8E71C7FC7E71D7FECB71E7F21
:106A90008AC01F7FC9E7207FF8B2217FCAE7227F23
:106AA000CBE7237FCCE7247FCDE7257FCEE7267F8A
:106AB000CFE7277FD0E7287FA7D3297FF5CB2A7F91
:106AC000D1E72B7FD2E72C7FD3E72D7FD4E72E7F32
:106AD000C9C92F7FD5E7307FD6E7317FD7E7327F2F
:106AE000D8E7337FD9E7347FC9BD357FDAE7367F12
:106AF000BEF3377F8BC0387FD7B8397F8CC03A7FE1
:106B0000B1C83B7F8DC03C7F8EC03D7F8FC03E7F34
:106B100090C03F7F91C0407F92C0417F93C0427F31
:106B2000BFF3437F94C0447FC0F3457FC1F3467FEA
:106B300095C0477F96C0487F97C0497F98C04A7FDD
:106B400099C04B7F9AC04C7F9BC04D7F9CC04E7FAD
:106B50009DC04F7F9EC0507FDEB9517FF8CD527FE0
:106B60009FC0537FA0C0547FE8D8557FB1BA567FED
:106B700040C1577FDEC2587FB7EE597F41C15A7F6F
:106B8000A3B75B7F42C15C7F43C15D7F44C15E7F31
:106B900045C15F7FB9EE607F46C1617FB8EE627F1D
:106BA000D5B0637F47C1647F48C1657F49C1667FB7
:106BB0004AC1677F4BC1687FBBEE697FD6D56A7FCC
:106BC000EFD76B7F4CC16C7F4DC16D7F4EC16E7F27
:106BD000C3D66F7F4FC1707F50C1717FBDEE727F92
:106BE000F0CA737F51C1747FBCEE757F52C1767F4E
:106BF00053C1777F54C1787F55C1797FBEEE7A7FCC
:106C000056C17B7F57C17C7F58C17D7F59C17E7F34
:106C1000C0EE7F7F5AC1807F5BC1817FBFEE827FE4
:106C20005CC1837F5DC1847F5EC1857F5FC1867FDC
:106C300060C1877F61C1887F62C1897F63C18A7FAC
:106C4000F2D18B7F64C18C7FBCC78D7F65C18E7F85
:106C5000C0C38F7F66C1907F67C1917F68C1927FFB
:106C600069C1937F6AC1947FE1B8957F6BC1967FBC
:106C70006CC1977F6DC1987F6EC1997F6FC19A7FFC
:106C8000E7C19B7F70C19C7F71C19D7FC6F49E7FD1
:106C9000DFD09F7FC7F4A07F72C1A17FDBCFA27F2F
:106CA00073C1A37F74C1A47FBAC8A57F75C1A67F35
:106CB00076C1A77FC8F4A87F77C1A97F78C1AA7FD2
:106CC00079C1AB7F7AC1AC7F7BC1AD7F7CC1AE7F28
:106CD0007DC1AF7FC9F4B07FCAF4B17F7EC1B27FFE
:106CE000CBF4B37F80C1B47F81C1B57F82C1B67F51
:106CF00083C1B77F84C1B87FFAD9B97FFEB8BA7FA4
:106D000085C1BB7F86C1BC7FF1E5BD7FF0D3BE7F6F
:106D100087C1BF7FE0F4C07F88C1C17FCCCEC27F76
:106D200089C1C37F8AC1C47F8BC1C57FE1B3C67FE0
:106D30008CC1C77F8DC1C87F8EC1C97F8FC1CA7FFB
:106D4000B4F1CB7F90C1CC7FEED2CD7F91C1CE7F0D
:106D5000E1F4CF7F92C1D07F93C1D17F94C1D27F24
:106D600095C1D37F96C1D47FE8CFD57FE2F4D67F9B
:106D700097C1D77F98C1D87FCCC7D97F99C1DA7F17
:106D80009AC1DB7F9BC1DC7F9CC1DD7F9DC1DE7F23
:106D90009EC1DF7FD4B5E07FE4B4E17FE4F4E27F1D
:106DA0009FC1E37FA0C1E47F40C2E57FE3F4E67FBB
:106DB000E5F4E77F41C2E87F42C2E97FE6F4EA7F7B
:106DC00043C2EB7F44C2EC7F45C2ED7F46C2EE7FFB
:106DD000E7F4EF7F47C2F07FB2BAF17FBFB0F27F36
:106DE00048C2F37FE8F4F47F49C2F57F4AC2F67FD8
:106DF0004BC2F77F4CC2F87F4DC2F97F4EC2FA7F7B
:106E00004FC2FB7FADB7FC7FEDD2FD7F50C2FE7F4E
:106E100051C2FF7F52C20080ABD20180CFC002803E
:106E200053C20380BCBF0480A3EB0580DFD506807E
:106E3000C8EA078054C2088055C2098056C20A8039
:106E400057C20B80F3F10C80F8B60D80A3CB0E80F7
:106E500058C20F8059C21080CDC411805AC212800E
:106E6000E7F113805BC21480E8F11580FBB816804F
:106E7000E9F11780C4BA1880C5D41980D2B01A803D
:106E80005CC21B805DC21C80EAF11D805EC21E8058
:106E90005FC21F8060C22080EBF1218061C222802E
:106EA000ECF1238062C2248063C22580EDF126804C
:106EB000EEF12780EFF12880F1F12980F0F12A80AE
:106EC000D5C52B8064C22C8065C22D8066C22E8001
:106ED00067C22F8068C2308069C23180F2F132808F
:106EE0006AC23380FAB634806BC23580F4F13680E2
:106EF000AED23780C7DE3880CACB39806CC23A80C8
:106F00006DC23B80DCB33C806EC23D80A2B53E804A
:106F10006FC23F80A2B9408070C2418071C242807E
:106F2000F4C44380F5F1448072C2458073C2468048
:106F3000F6F1478074C2488075C2498076C24A80A3
:106F4000C4C14B80FBC14C80B0D64D80F7F14E8060
:106F500077C24F8078C2508079C251807AC2528005
:106F6000F8F153807BC25480AAC155807CC2568000
:106F70007DC257807EC25880B8C6598080C25A8070
:106F8000DBBE5B8081C25C8082C25D8083C25E802A
:106F900084C25F8085C2608086C2618087C2628051
:106FA00088C2638089C264808AC265808BC2668021
:106FB0008CC267808DC268808EC26980F9F16A8058
:106FC000CFB46B808FC26C8090C26D8091C26E8096
:106FD00092C26F8093C2708094C27180FAF1728005
:106FE00095C2738096C2748097C2758098C276806D
:106FF00099C277809AC278809BC279809CC27A803D
:107000009DC27B809EC27C809FC27D80A0C27E800C
:1070100040C37F80B2ED8080B1ED818041C382802A
:1070200042C38380E0CB8480DED2858043C38680E8
:10703000C1CB8780D8D5888044C38980E2C88A8044
:1070400045C38B80DFC08C80A1BC8D8046C38E8001
:1070500047C38F8048C3908049C391804AC39280C0
:107060004BC39380C1EB94804CC395804DC39680F5
:10707000A4D097804EC39880E2D699804FC39A805F
:10708000C7B69B80D8B89C80C0EB9D80CEB89E8050
:1070900050C39F80BFEBA080A6B3A180C9B9A280D6
:1070A000ABD6A38051C3A480F4B7A580CAB7A6808D
:1070B00052C3A78053C3A88054C3A980E7BCAA8049
:1070C000BEB7AB80C6EBAC8055C3AD80C7EBAE801E
:1070D000B9B0AF80CFBFB08056C3B180C5EBB2802E
:1070E000FDD3B38057C3B480C8EBB58058C3B68016
:1070F00059C3B780C9EBB8805AC3B9805BC3BA80A3
:10710000CEB7BB805CC3BC80C2EBBD80C4EBBE808D
:10711000F6C9BF80D7D6C080CDD5C180B2D0C280DD
:10712000CFEBC380B8CEC480D0EBC5805DC3C68032
:10713000A8B5C7805EC3C8805FC3C98060C3CA806A
:1071400061C3CB8062C3CC80B3B1CD80D2EBCE80A3
:10715000A5CCCF8063C3D08064C3D18065C3D28007
:1071600066C3D38067C3D48068C3D58069C3D68023
:10717000D6C5D780D3EBD8806AC3D980D1EBDA806B
:10718000DFC5DB80CEEBDC80A4CADD80D5EBDE8002
:10719000FBB0DF806BC3E0806CC3E180FABAE280B1
:1071A0006DC3E3806EC3E480B7D8E580E3F1E68089
:1071B0006FC3E780CAEBE880CBEBE980CCEBEA80D9
:1071C000CDEBEB80D6EBEC80C0E6ED80D9EBEE802A
:1071D00070C3EF80E8BFF080C8D2F180D7EBF280B7
:1071E000DCEBF380ECB8F480D8EBF58071C3F6806B
:1071F000BABDF78072C3F880D8D0F98073C3FA8023
:10720000B7B0FB8074C3FC80DDEBFD80DCC4FE8086
:1072100075C3FF8076C3008177C3018178C3028183
:10722000ACD6038179C304817AC305817BC306810F
:10723000E0B407817CC308817DC30981F6C20A815D
:10724000B9BC0B817EC30C8180C30D81DAEB0E814A
:10725000DBEB0F81E0D41081EAC61181D4C4128126
:10726000DFEB1381A7C51481F5D9158181C3168180
:10727000B1B2178182C31881E4EB198183C31A81EB
:10728000C5BD1B8184C31C8185C31D8186C31E812E
:10729000E2EB1F8187C3208188C3218189C32281BA
:1072A0008AC323818BC324818CC325818DC326810E
:1072B0008EC327818FC3288190C3298191C32A81DE
:1072C00092C32B8193C32C81E3EB2D8194C32E8138
:1072D00095C32F81ACB8308196C33181D1CD328135
:1072E000E5EB338197C3348198C3358199C33681E7
:1072F000E1EB37819AC33881B3C139819BC33A81AD
:107300009CC33B819DC33C819EC33D819FC33E8105
:10731000A2C63F81A0C3408140C4418141C4428193
:1073200042C4438143C4448144C4458145C4468129
:10733000F3CC478146C44881E6EB498147C44A8182
:10734000B0C04B81B8D24C81E7EB4D8148C44E812F
:1073500049C44F814AC45081AFB85181ADB8528100
:107360004BC45381E8EB5481BBC75581F3CD5681A3
:107370004CC457814DC458814EC45981EAEB5A819F
:10738000EBEB5B814FC45C8150C45D8151C45E8175
:1073900052C45F8153C46081EDEB618154C462814A
:1073A00055C4638156C4648157C46581C8D0668161
:1073B00058C46781F2EB688159C46981EEEB6A8138
:1073C0005AC46B815BC46C815CC46D81F1EB6E81CE
:1073D000F9C86F815DC47081FCD17181ECEB728161
:1073E0005EC473815FC47481E9EB758160C476818A
:1073F00061C4778162C4788163C47981B9B87A81C4
:10740000D9CF7B81E5C47C81EFEB7D81F0EB7E8180
:10741000DACC7F81C8CD8081F2B0818164C4828161
:10742000F6EB838165C4848166C4858167C48681E7
:1074300068C4878169C48881F5EB89816AC48A81BF
:10744000B2B28B816BC48C816CC48D816DC48E8112
:107450006EC48F81E0B890816FC49181F7EB928107
:1074600070C4938171C4948172C4958173C49681F0
:1074700074C4978175C49881ECB1998176C49A815E
:1074800077C49B81C5CC9C81A4C49D81A5CF9E81DE
:1074900078C49F8179C4A0817AC4A1817BC4A28170
:1074A0007CC4A381F9EBA4817DC4A5817EC4A6819F
:1074B000A2ECA78180C4A881F2C5A98181C4AA8158
:1074C000FAEBAB8182C4AC8183C4AD8184C4AE814C
:1074D00085C4AF8186C4B08187C4B18188C4B281BC
:1074E00089C4B381C5C9B4818AC4B5818BC4B6814E
:1074F0008CC4B7818DC4B8818EC4B9818FC4BA8160
:10750000DFE2BB81FEEBBC8190C4BD8191C4BE8132
:1075100092C4BF8193C4C081CECDC181A1ECC28190
:10752000DBB1C381B7D3C48194C4C58195C4C6817E
:10753000DCD2C78196C4C88197C4C98198C4CA8166
:10754000FDEBCB8199C4CC81FBEBCD819AC4CE817C
:107550009BC4CF819CC4D0819DC4D1819EC4D28163
:107560009FC4D381A0C4D48140C5D58141C5D681F3
:1075700042C5D78143C5D88144C5D98145C5DA8183
:1075800046C5DB8147C5DC8148C5DD8149C5DE8153
:107590004AC5DF814BC5E0814CC5E1814DC5E28123
:1075A0004EC5E381BCB3E4814FC5E58150C5E6819A
:1075B00051C5E781B0EAE88152C5E98153C5EA8146
:1075C000D4D7EB8154C5EC81ABF4ED81F4B3EE81FB
:1075D00055C5EF8156C5F08157C5F18158C5F28177
:1075E00059C5F381C1D6F481C2D6F5815AC5F68159
:1075F0005BC5F7815CC5F8815DC5F9815EC5FA811F
:107600005FC5FB81E9D5FC81CABEFD8160C5FE81F5
:10761000A7F4FF8161C50082A8D20182A8F402828A
:10762000A9F4038262C50482AAF40582CBBE068255
:10763000DFD3078263C5088264C5098265C50A82F3
:1076400066C50B8267C50C82E0C90D82E1C90E8256
:1076500068C50F8269C51082C2F311826AC51282A1
:10766000E6CA13826BC51482F2CC15826CC51682F1
:107670006DC517826EC518826FC5198270C51A82D2
:1076800071C51B82B6E21C82B4CB1D8272C51E82FC
:10769000E8CE1F82DBD6208273C52182ADF4228220
:1076A000AEF42382AFF4248274C5258275C5268288
:1076B00076C5278277C52882B2F4298278C52A82C6
:1076C000BDBA2B82B3F42C82E3B02D82B0F42E82AB
:1076D00079C52F82B1F43082A2BD3182D5B2328217
:1076E0007AC53382B6F43482B7F43582E6B6368290
:1076F000B0B23782CFCF3882B4F43982ACB43A8298
:107700007BC53B82B5F43C827CC53D827DC53E8213
:10771000B8F43F827EC5408280C5418281C54282E5
:1077200082C5438283C54482B9F4458284C54682BA
:1077300085C54782A7CD488286C54982BAF44A8268
:1077400087C54B82BBF44C8288C54D8289C54E8269
:107750008AC54F82BCF450828BC551828CC552823F
:107760008DC553828EC554828FC5558290C5568271
:1077700091C5578292C55882D2CB598293C55A82FD
:10778000BDF45B8294C55C8295C55D8296C55E82C0
:1077900097C55F82BEF4608298C5618299C5628296
:1077A0009AC563829BC564829CC565829DC56682BD
:1077B0009EC567829FC56882BFF46982A0C56A8240
:1077C00040C66B8241C66C8242C66D8243C66E82E1
:1077D000DEF46F82BCC17082E8BC718244C67282E2
:1077E000ABC97382DED17482F5E5758245C67682B7
:1077F00046C6778247C6788248C67982B3DC7A82E9
:10780000D5D27B8249C67C824AC67D82B4DC7E8228
:10781000ACB07F82B5DC80824BC681824CC682824E
:10782000DABD83824DC68482B9DC85824EC68682EB
:107830004FC6878250C68882C2D8898251C68A8242
:10784000B7DC8B82F3D38C8252C68D82D6C98E82EE
:10785000BADC8F82B6DC908253C69182BBDC928206
:10786000A2C3938254C6948255C6958256C6968208
:1078700057C69782BCDC9882C5DC9982BDDC9A82AF
:1078800058C69B8259C69C82DFCE9D82A5D69E8219
:107890005AC69F82CFDCA0825BC6A182CDDCA282C9
:1078A0005CC6A3825DC6A482D2DCA582E6BDA682A8
:1078B000ABC2A7825EC6A882B8DCA982CBDCAA8252
:1078C000CEDCAB82BEDCAC82D2B7AD82C5B0AE82BC
:1078D000C7DCAF82BED0B082C1DCB182A8BBB282AD
:1078E0005FC6B382BCB7B482CCDCB58260C6B68258
:1078F00061C6B782C6DCB882BFDCB982DBC7BA8298
:1079000062C6BB8263C6BC8264C6BD82BFD1BE8272
:10791000C0DCBF8265C6C08266C6C182CADCC282C4
:1079200067C6C38268C6C482D0DCC58269C6C68207
:107930006AC6C782ADCEC882C2DCC9826BC6CA82A3
:10794000C3DCCB82C8DCCC82C9DCCD82D4B2CE828F
:10795000D1DCCF82D5CBD0826CC6D182B7D4D282D3
:10796000DBDCD382DFDCD482A6CCD582E6DCD68217
:107970006DC6D782E7C3D882DCDCD9826EC6DA82D4
:107980006FC6DB82C1BFDC82D9DCDD8270C6DE82DD
:10799000FAB0DF82B6B9E082E5DCE182D3DCE282D4
:1079A00071C6E382C4DCE482D6DCE582F4C8E682F8
:1079B000E0BFE78272C6E88273C6E98274C6EA82D3
:1079C00075C6EB82BBC9EC8276C6ED8277C6EE82C5
:1079D00078C6EF82BDB1F08279C6F182A2D3F2827D
:1079E0007AC6F3827BC6F482DADCF5827CC6F68244
:1079F0007DC6F782D5DCF8827EC6F982BBC6FA82E4
:107A000080C6FB82DEDCFC8281C6FD8282C6FE82ED
:107A100083C6FF8284C6008385C60183C2D70283E2
:107A2000AFC30383B6B70483D1C70583A9C3068355
:107A3000E2DC0783D8DC0883EBDC0983D4DC0A832F
:107A400086C60B8387C60C83DDDC0D8388C60E8358
:107A5000A5BE0F83D7DC108389C61183E0DC1283B7
:107A60008AC613838BC61483E3DC1583E4DC168398
:107A70008CC61783F8DC18838DC619838EC61A83CB
:107A8000E1DC1B83A2DD1C83E7DC1D838FC61E8324
:107A900090C61F8391C6208392C6218393C62283FA
:107AA00094C6238395C6248396C6258397C62683CA
:107AB00098C62783EBBC2883C4B4298399C62A833C
:107AC0009AC62B83A3C32C83E7B22D83FADC2E83C3
:107AD0009BC62F83F2DC30839CC63183EFDC32837C
:107AE0009DC63383FCDC3483EEDC3583F0D23683F1
:107AF000E8B237839EC63883D7C83983E3C83A8350
:107B0000FBDC3B839FC63C83EDDC3D83A0C63E830C
:107B100040C73F8341C74083F7DC418342C742836C
:107B200043C74383F5DC448344C7458345C7468345
:107B3000A3BE4783F4DC488346C74983DDB24A834A
:107B400047C74B8348C74C8349C74D834AC74E83B9
:107B50004BC74F83F3DC5083F6BC5183E8DC528380
:107B6000C4BB53834CC75483F3C055834DC756835E
:107B70004EC757834FC7588350C7598351C75A833D
:107B8000D4BC5B83E9DC5C83EADC5D8352C75E8343
:107B9000F1DC5F83F6DC6083F9DC6183B4B562837A
:107BA00053C76383D9C86483E7BB6583FEDC668300
:107BB000FDDC6783ABD36883A1DD6983A3DD6A83C2
:107BC000A5DD6B83F1D26C83A4DD6D83A6DD6E83AE
:107BD000A7DD6F83A9D2708354C7718355C77283A1
:107BE00056C7738357C7748358C7758359C776833D
:107BF0005AC77783C9BA7883A9DD79835BC77A834B
:107C00005CC77B83B6DD7C83B1DD7D83B4DD7E83A1
:107C10005DC77F835EC780835FC7818360C78283C0
:107C200061C7838362C7848363C78583B0DD86832E
:107C3000CEC6878364C7888365C78983F2C08A8379
:107C400066C78B8367C78C8368C78D8369C78E833C
:107C5000AFC98F836AC790836BC791836CC79283C8
:107C6000ECDC9383AEDD94836DC795836EC79683FA
:107C70006FC7978370C79883B7DD998371C79A835D
:107C800072C79B83F0DC9C83AFDD9D8373C79E83AB
:107C9000B8DD9F8374C7A083ACDDA18375C7A283C1
:107CA00076C7A38377C7A48378C7A58379C7A6833C
:107CB0007AC7A7837BC7A883B9DDA983B3DDAA836D
:107CC000ADDDAB83AAC4AC837CC7AD837DC7AE8377
:107CD0007EC7AF8380C7B083A8DDB183B3C0B28352
:107CE000ABC1B383AADDB483ABDDB58381C7B683F3
:107CF000B2DDB783F1BBB883B5DDB983A8D3BA834E
:107D0000BADDBB8382C7BC83BBDDBD83A7C3BE8393
:107D100083C7BF8384C7C083D2DDC183BCDDC28378
:107D200085C7C38386C7C48387C7C583D1DDC683A0
:107D300088C7C783BDB9C88389C7C9838AC7CA83AF
:107D4000D5BECB838BC7CC83FABECD838CC7CE8305
:107D50008DC7CF83CABAD0838EC7D1838FC7D28352
:107D600090C7D38391C7D483CADDD58392C7D68306
:107D7000C5DDD78393C7D883BFDDD98394C7DA83A2
:107D800095C7DB8396C7DC83CBB2DD83C3DDDE839F
:107D900097C7DF83CBDDE083A4B2E183D5DDE28347
:107DA00098C7E38399C7E4839AC7E583BEDDE6837A
:107DB0009BC7E7839CC7E8839DC7E983D0C6EA8356
:107DC000D0DDEB839EC7EC839FC7ED83A0C7EE8316
:107DD00040C8EF8341C8F083D4DDF183E2C1F28370
:107DE000C6B7F38342C8F48343C8F58344C8F68317
:107DF00045C8F78346C8F883CEDDF983CFDDFA8323
:107E000047C8FB8348C8FC8349C8FD83C4DDFE83A3
:107E10004AC8FF834BC800844CC80184BDDD02847E
:107E20004DC80384CDDD0484D1CC05844EC80684BE
:107E3000C9DD07844FC8088450C8098451C80A8422
:107E400052C80B84C2DD0C84C8C30D84BCC60E842A
:107E5000AECE0F84CCDD108453C81184C8DD1284EB
:107E600054C8138455C8148456C8158457C816843A
:107E700058C8178459C81884C1DD19845AC81A848F
:107E80005BC81B845CC81C84C6DD1D84DCC21E84E8
:107E90005DC81F845EC820845FC8218460C82284B6
:107EA00061C8238462C82484A9D32584AAD32684E4
:107EB000D3DD2784F4CF2884F8C8298463C82A84B2
:107EC00064C82B8465C82C8466C82D8467C82E843A
:107ED00068C82F8469C830846AC83184E6DD32847A
:107EE0006BC833846CC834846DC835846EC83684DE
:107EF0006FC8378470C83884C7DD398471C83A8444
:107F000072C83B8473C83C84E0DD3D84E4C23E8497
:107F100074C83F8475C8408476C8418477C8428459
:107F200078C8438479C844847AC845847BC8468429
:107F3000E1DD47847CC848847DC849847EC84A8482
:107F400080C84B8481C84C8482C84D8483C84E84C9
:107F500084C84F8485C8508486C85184D7DD528434
:107F600087C8538488C8548489C855848AC856846D
:107F70008BC85784F8D658848CC85984D9DD5A8464
:107F8000D8DD5B84F0B85C84D6DD5D848DC85E840A
:107F90008EC85F848FC8608490C86184CFC66284B5
:107FA00091C86384ADB6648492C8658493C86684BE
:107FB00094C8678495C8688496C86984E2DD6A8439
:107FC00097C86B84F9BA6C84E1D46D84E7DD6E8464
:107FD00098C86F8499C870849AC87184D0B4728428
:107FE0009BC87384DADD74849CC87584FBBF768477
:107FF000E3DD77849DC87884DFDD79849EC87A8448
:10800000DDDD7B849FC87C84A0C87D8440C97E84DC
:1080100041C97F8442C9808443C9818444C9828420
:10802000D9B5838445C9848446C9858447C9868473
:1080300048C98784DBDD8884DCDD8984DEDD8A84D1
:1080400049C98B84AFBD8C84E4DD8D844AC98E849C
:10805000E5DD8F844BC990844CC991844DC99284CD
:108060004EC993844FC9948450C9958451C996844C
:1080700052C99784F5DD988453C99984C9C39A84F9
:1080800054C99B8455C99C84E2CB9D8456C99E8467
:1080900057C99F8458C9A08459C9A184F2DDA2841C
:1080A0005AC9A3845BC9A4845CC9A5845DC9A6849C
:1080B0005EC9A7845FC9A88460C9A98461C9AA846C
:1080C00062C9AB8463C9AC8464C9AD8465C9AE843C
:1080D00066C9AF84E1D8B08467C9B18468C9B28485
:1080E000D1C6B38469C9B484F4DDB5846AC9B684E1
:1080F0006BC9B7846CC9B884F4D5B984F3DDBA848C
:10810000F0DDBB846DC9BC846EC9BD84ECDDBE846A
:108110006FC9BF84EFDDC08470C9C184E8DDC2844B
:1081200071C9C38472C9C484EED0C58473C9C684BE
:1081300074C9C78475C9C88476C9C984D8C8CA84B3
:10814000EEDDCB8477C9CC8478C9CD84E9DDCE84DB
:1081500079C9CF847AC9D084EADDD184F2CBD284C4
:108160007BC9D384EDDDD4847CC9D5847DC9D68414
:10817000CDB1D7847EC9D88480C9D98481C9DA8435
:1081800082C9DB8483C9DC8484C9DD84B6C0DE8413
:1081900085C9DF84BBBCE084F1DDE18486C9E2846B
:1081A00087C9E384F7DDE48488C9E584F6DDE684E5
:1081B000EBDDE78489C9E8848AC9E9848BC9EA844C
:1081C0008CC9EB848DC9EC84EEC5ED848EC9EE8438
:1081D0008FC9EF8490C9F084FBDDF18491C9F284EA
:1081E00092C9F38493C9F48494C9F58495C9F6843B
:1081F00096C9F78497C9F88498C9F98499C9FA840B
:108200009AC9FB849BC9FC84A4DEFD849CC9FE84BE
:108210009DC9FF84A3DE00859EC901859FC9028593
:10822000A0C9038540CA048541CA058542CA06859E
:1082300043CA078544CA088545CA098546CA0A85CE
:1082400047CA0B8548CA0C85F8DD0D8549CA0E85DD
:108250004ACA0F854BCA10854CCA1185EFC31285D7
:108260004DCA1385FBC214854ECA15854FCA1685A3
:1082700050CA1785E1D5188551CA198552CA1A8581
:10828000B5CE1B8553CA1C8554CA1D8555CA1E858B
:1082900056CA1F85FDDD208557CA2185CCB22285AF
:1082A00058CA238559CA24855ACA25855BCA26859A
:1082B0005CCA27855DCA28855ECA29855FCA2A856A
:1082C00060CA2B85E8C42C85DFCA2D8561CA2E853E
:1082D00062CA2F8563CA308564CA318565CA328512
:1082E00066CA338567CA348568CA358569CA3685E2
:1082F0006ACA3785BEC73885FADD3985FCDD3A851F
:10830000FEDD3B85A2DE3C85AAB03D85CEB13E8533
:108310006BCA3F856CCA40856DCA41856ECA42856D
:108320006FCA4385ACDE448570CA458571CA4685EF
:1083300072CA478573CA4885A6DE4985B6BD4A8597
:10834000EFC84B8574CA4C8575CA4D8576CA4E8573
:1083500077CA4F8578CA508579CA51857ACA5285BD
:108360007BCA53857CCA54857DCA55857ECA56858D
:10837000A1DE578580CA588581CA5985A5DE5A85F0
:1083800082CA5B8583CA5C8584CA5D8585CA5E8531
:10839000A9DE5F8586CA608587CA618588CA6285CD
:1083A00089CA63858ACA6485A8DE65858BCA6685A5
:1083B0008CCA67858DCA6885A7DE69858ECA6A857D
:1083C0008FCA6B8590CA6C8591CA6D8592CA6E857D
:1083D00093CA6F8594CA708595CA718596CA72854D
:1083E000ADDE738597CA7485CCD4758598CA7685B9
:1083F00099CA77859ACA78859BCA7985B3DE7A85CA
:10840000AADE7B85AEDE7C859CCA7D859DCA7E8585
:10841000D9C07F859ECA80859FCA8185A0CA828572
:1084200040CB838541CB8485A1B18585B6DE868529
:1084300042CB8785B1DE888543CB898544CB8A854D
:1084400045CB8B8546CB8C8547CB8D8548CB8E85A0
:1084500049CB8F85B2DE90854ACB91854BCB9285F7
:108460004CCB93854DCB94854ECB95854FCB968544
:1084700050CB978551CB988552CB998553CB9A8514
:1084800054CB9B85A6D19C85B5DE9D8555CB9E851D
:1084900056CB9F8557CBA08558CBA18559CBA285BC
:1084A0005ACBA3855BCBA485AFDEA5855CCBA68527
:1084B0005DCBA7855ECBA885B0DEA9855FCBAA85FD
:1084C000BDD0AB8560CBAC8561CBAD8562CBAE85D5
:1084D000B4DEAF85EDCAB085B9DEB18563CBB285B8
:1084E00064CBB38565CBB48566CBB58567CBB685E4
:1084F00068CBB785B8DEB88569CBB985B7DEBA85F4
:108500006ACBBB856BCBBC856CCBBD856DCBBE858B
:108510006ECBBF856FCBC08570CBC185BBDEC285FE
:1085200071CBC38572CBC48573CBC58574CBC6852F
:1085300075CBC78576CBC88577CBC985E5BDCA85A0
:1085400078CBCB8579CBCC857ACBCD857BCBCE85D3
:108550007CCBCF85D8B2D085EAC3D1857DCBD285FF
:108560007ECBD385BADED48580CBD585BAC5D685FA
:1085700081CBD78582CBD88583CBD98584CBDA854F
:1085800085CBDB8586CBDC85BCDEDD8587CBDE85D8
:1085900088CBDF8589CBE0858ACBE1858BCBE285F3
:1085A0008CCBE3858DCBE485D9CCE5858ECBE68578
:1085B0008FCBE78590CBE88591CBE985AAB7EA8593
:1085C00092CBEB8593CBEC8594CBED8595CBEE856B
:1085D00096CBEF8597CBF08598CBF18599CBF2853B
:1085E0009ACBF3859BCBF4859CCBF5859DCBF6850B
:1085F0009ECBF7859FCBF885A0CBF98540CCFA853B
:1086000041CCFB85E5D4FC8542CCFD8543CCFE8581
:1086100044CCFF85BDDE008645CC018646CC028673
:1086200047CC038648CC048649CC0586BFDE068647
:108630004ACC07864BCC08864CCC09864DCC0A86A2
:108640004ECC0B864FCC0C8650CC0D8651CC0E8672
:1086500052CC0F8653CC108654CC1186A2C41286FD
:1086600055CC138656CC148657CC158658CC168616
:10867000C1DE178659CC18865ACC19865BCC1A866F
:108680005CCC1B865DCC1C865ECC1D865FCC1E86BA
:1086900060CC1F8661CC208662CC218663CC22868A
:1086A00064CC238665CC248666CC258667CC26865A
:1086B00068CC2786BEDE288669CC2986C0DE2A865D
:1086C0006ACC2B866BCC2C866CCC2D866DCC2E8602
:1086D0006ECC2F866FCC308670CC318671CC3286D2
:1086E00072CC338673CC348674CC358675CC3686A2
:1086F00076CC378677CC3886BAD5398678CC3A8628
:1087000079CC3B867ACC3C86C2DE3D867BCC3E86ED
:108710007CCC3F867DCC40867ECC418680CC428618
:1087200081CC438682CC448683CC458684CC4686E5
:1087300085CC478686CC488687CC498688CC4A86B5
:1087400089CC4B868ACC4C868BCC4D86AEF24E863D
:10875000A2BB4F86B2C25086B0C55186C7C25286F0
:108760008CCC53868DCC5486AFF255868ECC5686F3
:108770008FCC578690CC588691CC598692CC5A860D
:10878000E9D05B8693CC5C8694CC5D8695CC5E8686
:10879000DDD35F8696CC608697CC618698CC628666
:1087A000BDEB638699CC64869ACC65869BCC668645
:1087B0009CCC67869DCC68869ECC69869FCC6A8659
:1087C000A0CC6B86E6B36C86B0F26D8640CD6E862B
:1087D000B1F26F8641CD708642CD7186ADCA728688
:1087E00043CD738644CD748645CD758646CD768659
:1087F00047CD778648CD788649CD7986E7BA7A869F
:10880000B3F27B86B5F27C86B4F27D86E4CB7E86BD
:10881000BACF7F86B2F28086B4CA8186CFD28286F2
:10882000ECC283864ACD84864BCD85864CCD868628
:108830004DCD87864ECD88864FCD898650CD8A8690
:10884000C3CE8B86B8F28C86F6B08D86B7F28E8654
:1088500051CD8F8652CD908653CD918654CD928640
:1088600055CD9386BEF2948656CD9586CFB2968628
:1088700057CD978658CD988659CD99865ACD9A86E8
:108880005BCD9B865CCD9C86C1D19D86BAF29E86CF
:108890005DCD9F865ECDA0865FCDA18660CDA28690
:1088A00061CDA386BCF2A486E9D4A58662CDA68656
:1088B00063CDA786BBF2A886B6F2A986BFF2AA86C8
:1088C000BDF2AB8664CDAC86B9F2AD8665CDAE8621
:1088D00066CDAF86C7F2B086C4F2B186C6F2B28664
:1088E00067CDB38668CDB486CAF2B586C2F2B686C5
:1088F000C0F2B78669CDB8866ACDB9866BCDBA8627
:10890000C5F2BB866CCDBC866DCDBD866ECDBE86F8
:108910006FCDBF8670CDC086FBD6C18671CDC286B5
:1089200072CDC38673CDC486C1F2C58674CDC686AA
:10893000F9C7C786DFC9C88675CDC986C8F2CA8699
:10894000C6B9CB86B0B5CC8676CDCD8677CDCE8672
:10895000C3F2CF86C9F2D086D0F2D186D6F2D286C3
:1089600078CDD38679CDD486D7BBD5867ACDD68639
:108970007BCDD7867CCDD886D5F2D986DCCDDA867C
:108980007DCDDB86EBD6DC867ECDDD8680CDDE86BA
:10899000D2F2DF86D4F2E08681CDE18682CDE28616
:1089A00083CDE38684CDE486F2B8E58685CDE68680
:1089B00086CDE78687CDE88688CDE986CBF2EA8644
:1089C00089CDEB868ACDEC868BCDED86CEF2EE8618
:1089D000F9C2EF868CCDF086DDD5F186CCF2F28639
:1089E000CDF2F386CFF2F486D3F2F5868DCDF686FE
:1089F0008ECDF7868FCDF886D9F2F986BCD3FA866C
:108A000090CDFB8691CDFC8692CDFD8693CDFE86E2
:108A1000EAB6FF8694CD0087F1CA018795CD02871B
:108A2000E4B70387D7F2048796CD058797CD0687ED
:108A300098CD0787D8F20887DAF20987DDF20A872E
:108A4000DBF20B8799CD0C879ACD0D87DCF20E8770
:108A50009BCD0F879CCD10879DCD11879ECD128712
:108A6000D1D11387D1F214879FCD1587C9CD168731
:108A7000A0CD1787CFCE1887A9D6198740CE1A87E1
:108A8000E3F21B8741CE1C87DBC31D8742CE1E87C6
:108A9000E0F21F8743CE208744CE2187AFC02287D4
:108AA000ECF22387DEF2248745CE2587E1F2268784
:108AB00046CE278747CE288748CE2987E8F22A87DF
:108AC00049CE2B874ACE2C874BCE2D874CCE2E8776
:108AD000E2F22F874DCE30874ECE3187E7F23287D4
:108AE0004FCE338750CE3487E6F2358751CE368766
:108AF00052CE3787E9F2388753CE398754CE3A873A
:108B000055CE3B87DFF23C8756CE3D8757CE3E871A
:108B1000E4F23F87EAF2408758CE418759CE428738
:108B20005ACE43875BCE44875CCE45875DCE468771
:108B30005ECE4787ACD34887E5F24987F5B24A87CE
:108B40005FCE4B8760CE4C87F2F24D8761CE4E8769
:108B5000ABD04F8762CE508763CE518764CE5287A9
:108B600065CE5387F5F2548766CE558767CE568714
:108B700068CE5787C8BB588769CE5987F9F25A879C
:108B80006ACE5B876BCE5C876CCE5D876DCE5E8771
:108B90006ECE5F876FCE6087F0F2618770CE62879E
:108BA00071CE6387F6F26487F8F26587FAF266871A
:108BB00072CE678773CE688774CE698775CE6A87F1
:108BC00076CE6B8777CE6C8778CE6D8779CE6E87C1
:108BD000F3F26F877ACE7087F1F271877BCE72875E
:108BE0007CCE73877DCE7487FBBA75877ECE768701
:108BF000FBB5778780CE788781CE798782CE7A87DA
:108C000083CE7B87EFF27C87F7F27D87EDF27E875C
:108C1000EEF27F8784CE808785CE818786CE82875D
:108C2000EBF28387A6F3848787CE8587A3F38687B5
:108C300088CE878789CE8887A2F389878ACE8A875C
:108C40008BCE8B87F4F28C878CCE8D87DAC88E879B
:108C50008DCE8F878ECE90878FCE918790CE928744
:108C600091CE9387FBF2948792CE958793CE968789
:108C700094CE9787A5F3988795CE998796CE9A87B5
:108C800097CE9B8798CE9C8799CE9D879ACE9E87BC
:108C90009BCE9F87F8C3A0879CCEA1879DCEA2873D
:108CA0009ECEA3879FCEA487A0CEA58740CFA687C0
:108CB00041CFA78742CFA887FDF2A98743CFAA87D4
:108CC00044CFAB87A7F3AC87A9F3AD87A4F3AE87F6
:108CD00045CFAF87FCF2B08746CFB18747CFB28789
:108CE00048CFB387ABF3B48749CFB587AAF3B6872C
:108CF0004ACFB7874BCFB8874CCFB9874DCFBA870C
:108D0000DDC2BB874ECFBC874FCFBD87AEF3BE87DA
:108D100050CFBF8751CFC087B0F3C18752CFC28732
:108D200053CFC38754CFC48755CFC58756CFC68787
:108D3000A1F3C78757CFC88758CFC98759CFCA87EC
:108D4000B1F3CB87ACF3CC875ACFCD875BCFCE873F
:108D50005CCFCF875DCFD0875ECFD187AFF3D2878F
:108D6000FEF2D387ADF3D4875FCFD58760CFD687A8
:108D700061CFD78762CFD88763CFD98764CFDA87AF
:108D800065CFDB87B2F3DC8766CFDD8767CFDE8711
:108D900068CFDF8769CFE087B4F3E1876ACFE287E6
:108DA0006BCFE3876CCFE4876DCFE587A8F3E687C9
:108DB0006ECFE7876FCFE88770CFE98771CFEA87FB
:108DC000B3F3EB8772CFEC8773CFED8774CFEE8769
:108DD000B5F3EF8775CFF08776CFF18777CFF2873E
:108DE00078CFF38779CFF4877ACFF5877BCFF68773
:108DF0007CCFF7877DCFF8877ECFF987B7D0FA870A
:108E000080CFFB8781CFFC8782CFFD8783CFFE8712
:108E1000B8F3FF8784CF008885CF018886CF02888A
:108E200087CF0388F9D9048888CF058889CF068839
:108E30008ACF07888BCF08888CCF09888DCF0A8886
:108E4000B9F30B888ECF0C888FCF0D8890CF0E880A
:108E500091CF0F8892CF108893CF118894CF12882A
:108E600095CF1388B7F3148896CF1588E4C8168871
:108E7000B6F3178897CF188898CF198899CF1A8892
:108E80009ACF1B88BAF31C889BCF1D889CCF1E8865
:108E90009DCF1F889ECF20889FCF2188BBF322883B
:108EA000C0B42388A0CF248840D0258841D026880C
:108EB00042D0278843D0288844D0298845D02A88A2
:108EC00046D02B8847D02C8848D02D8849D02E8872
:108ED0004AD02F884BD030884CD031884DD0328842
:108EE000C3EE33884ED034884FD0358850D0368882
:108EF00051D0378852D0388853D03988BCF33A885B
:108F000054D03B8855D03C88BDF33D8856D03E8830
:108F100057D03F8858D04088AAD1418859D042883C
:108F20005AD043885BD04488ACF44588C6D0468884
:108F30005CD047885DD048885ED049885FD04A8839
:108F400060D04B8861D04C88D0D04D88DCD14E8821
:108F500062D04F8863D0508864D0518865D05288E1
:108F600066D0538867D05488CECF558868D056884D
:108F700069D05788D6BD58886AD05988C3D15A88D5
:108F80006BD05B886CD05C886DD05D886ED05E885D
:108F90006FD05F8870D0608871D06188E2BA6288D3
:108FA000E9E16388C2D26488C2F16588B9B2668893
:108FB00072D0678873D06888EDB16988C3F16A8818
:108FC00074D06B88C0C96C88C4B36D8875D06E8846
:108FD000F2D96F8876D07088A5CB718877D07288E7
:108FE000C4F1738878D0748879D075887AD07688FF
:108FF0007BD07788D4D678887CD079887DD07A88E1
:109000007ED07B8880D07C8881D07D88C5F17E88A9
:10901000C0F47F88C6F1808882D08188ACD48288F1
:10902000C7F1838883D08488C0B08588C1F48688DE
:1090300084D0878885D08888C2F4898886D08A8839
:1090400087D08B88FCB48C8888D08D88DBC58E88CF
:1090500089D08F888AD090888BD091888CD0928844
:10906000BBCC93888DD094888ED095888FD09688ED
:10907000E4D0978890D0988891D0998892D09A8897
:1090800093D09B8894D09C88E0CD9D8895D09E8875
:1090900096D09F8897D0A08898D0A18899D0A28890
:1090A000C8F1A3889AD0A488F3D9A5889BD0A688B4
:1090B0009CD0A7889DD0A8889ED0A9889FD0AA8838
:1090C000A0D0AB88BBB1AC8840D1AD88AECFAE8864
:1090D00041D1AF8842D1B08843D1B188A4B8B28819
:1090E00044D1B38845D1B48846D1B58847D1B68834
:1090F00048D1B788CAF1B88849D1B9884AD1BA8865
:109100004BD1BB884CD1BC88CBF1BD884DD1BE883A
:109110004ED1BF884FD1C08850D1C188C3B2C28858
:10912000D1C1C38851D1C48852D1C588B0D7C688AF
:10913000C9F1C78853D1C88854D1C988CCF1CA882D
:1091400055D1CB8856D1CC8857D1CD8858D1CE882F
:10915000CEF1CF8859D1D0885AD1D1885BD1D2886D
:10916000F6D9D3885CD1D488E1D2D588A3D4D68867
:109170005DD1D7885ED1D888C3F4D988B9C8DA88D8
:109180005FD1DB8860D1DC8861D1DD8862D1DE8887
:1091900063D1DF88C4F4E08864D1E18865D1E288D6
:1091A000CDF1E388CFF1E488E3BFE588D0F1E6882C
:1091B00066D1E78867D1E888D4F1E98868D1EA8880
:1091C00069D1EB886AD1EC886BD1ED886CD1EE88DF
:1091D0006DD1EF886ED1F088D6F1F188D1F1F288A7
:1091E0006FD1F388D1C9F488E1C5F58870D1F688CC
:1091F00071D1F78872D1F888E3C2F988FCB9FA888E
:1092000073D1FB8874D1FC88D3F1FD8875D1FE88B9
:10921000D5F1FF8876D1008977D1018978D102898B
:10922000D3B9038979D104897AD105897BD106899B
:109230007CD107897DD108897ED1098980D10A89AD
:10924000DBF10B8981D10C8982D10D8983D10E8903
:1092500084D10F8985D11089D6BA118986D1128916
:10926000FDB01389D9F1148987D1158988D1168960
:1092700089D117898AD118898BD11989D8F11A898E
:10928000D2F11B89DAF11C898CD11D898DD11E89FF
:109290008ED11F898FD1208990D12189D7F1228940
:1092A00091D1238992D1248993D12589ECC826892B
:1092B00094D1278995D1288996D1298997D12A894E
:1092C000CACD2B89DDF12C8998D12D8999D12E8990
:1092D0009AD12F899BD13089BDE531899CD13289C2
:1092E0009DD133899ED13489DCF135899FD136896E
:1092F000DEF13789A0D1388940D2398941D23A8903
:1093000042D23B8943D23C8944D23D8945D23E89F1
:1093100046D23F8947D2408948D24189DFF142890C
:1093200049D243894AD24489E5CF45894BD24689FF
:109330004CD247894DD248894ED249894FD24A8969
:1093400050D24B8951D24C8952D24D8953D24E8939
:1093500054D24F8955D2508956D2518957D2528909
:1093600058D2538959D254895AD255895BD25689D9
:109370005CD257895DD258895ED259895FD25A89A9
:1093800060D25B8961D25C8962D25D8963D25E8979
:10939000C5F45F89F3BD608964D2618965D2628951
:1093A00066D2638967D2648968D2658969D2668921
:1093B000E0F167896AD268896BD269896CD26A895F
:1093C0006DD26B896ED26C896FD26D8970D26E89C5
:1093D00071D26F8972D2708973D2718974D2728995
:1093E00075D2738976D2748977D2758978D2768965
:1093F00079D277897AD278897BD279897CD27A8935
:109400007DD27B89E1F17C897ED27D8980D27E8983
:1094100081D27F89F7CE808982D28189AAD282893E
:1094200083D28389FBF1848984D2858985D2868918
:10943000B2B8878986D2888987D2898988D28A8971
:1094400089D28B898AD28C898BD28D898CD28E8954
:109450008DD28F898ED290898FD2918990D2928924
:1094600091D2938992D2948993D2958994D29689F4
:1094700095D2978996D2988997D2998998D29A89C4
:1094800099D29B899AD29C899BD29D899CD29E8994
:109490009DD29F899ED2A0899FD2A189A0D2A28964
:1094A00040D3A38941D3A48942D3A58943D3A689B4
:1094B00044D3A78945D3A88946D3A98947D3AA8984
:1094C00048D3AB8949D3AC894AD3AD894BD3AE8954
:1094D0004CD3AF894DD3B0894ED3B1894FD3B28924
:1094E00050D3B38951D3B48952D3B58953D3B689F4
:1094F00054D3B78955D3B88956D3B98957D3BA89C4
:1095000058D3BB8959D3BC895AD3BD895BD3BE8993
:109510005CD3BF895DD3C0895ED3C189FBBCC289DE
:10952000DBB9C3895FD3C489E6B9C589D9C3C68904
:10953000D3CAC789E8EAC889C0C0C989F5BECA8943
:10954000E9EACB89EAEACC89EBEACD8960D3CE8916
:10955000ECEACF89EDEAD089EEEAD189EFEAD28947
:10956000C7BDD38961D3D48962D3D58963D3D68962
:10957000FBF5D78964D3D88965D3D98966D3DA89CD
:10958000FDF5DB8967D3DC89FEF5DD8968D3DE89EB
:10959000FCF5DF8969D3E0896AD3E1896BD3E2897D
:1095A0006CD3E389E2BDE4896DD3E589A1F6E68950
:1095B000A5B4E7896ED3E8896FD3E98970D3EA89C6
:1095C00071D3EB89A2F6EC8972D3ED8973D3EE895E
:1095D00074D3EF89A3F6F08975D3F18976D3F28934
:1095E00077D3F389B2ECF48978D3F58979D3F68906
:1095F0007AD3F7897BD3F8897CD3F9897DD3FA892B
:109600007ED3FB8980D3FC8981D3FD8982D3FE89F7
:1096100083D3FF8984D3008AD4D1018A85D3028A77
:1096200086D3038A87D3048A88D3058A89D3068A96
:109630008AD3078AEAD9088A8BD3098A8CD30A8A03
:109640008DD30B8A8ED30C8A8FD30D8A90D30E8A3A
:1096500091D30F8A92D3108A93D3118A94D3128A0A
:1096600095D3138A96D3148A97D3158A98D3168ADA
:1096700099D3178A9AD3188A9BD3198A9CD31A8AAA
:109680009DD31B8A9ED31C8A9FD31D8AA0D31E8A7A
:1096900040D41F8A41D4208A42D4218A43D4228ACA
:1096A00044D4238A45D4248A46D4258A47D4268A9A
:1096B00048D4278A49D4288A4AD4298A4BD42A8A6A
:1096C0004CD42B8A4DD42C8A4ED42D8A4FD42E8A3A
:1096D00050D42F8A51D4308A52D4318A53D4328A0A
:1096E00054D4338A55D4348A56D4358A57D4368ADA
:1096F00058D4378A59D4388A5AD4398A5BD43A8AAA
:109700005CD43B8A5DD43C8A5ED43D8A5FD43E8A79
:10971000A4F63F8A60D4408A61D4418A62D4428AE6
:1097200063D4438A64D4448A65D4458A66D4468A1D
:1097300067D4478A68D4488ABAEE498A69D44A8A83
:109740006AD44B8A6BD44C8A6CD44D8A6DD44E8AC1
:109750006ED44F8A6FD4508A70D4518A71D4528A91
:1097600072D4538A73D4548A74D4558A75D4568A61
:1097700076D4578A77D4588A78D4598A79D45A8A31
:109780007AD45B8A7BD45C8A7CD45D8A7DD45E8A01
:109790007ED45F8A80D4608A81D4618A82D4628ACE
:1097A00083D4638A84D4648A85D4658A86D4668A9D
:1097B00087D4678A88D4688A89D4698A8AD46A8A6D
:1097C0008BD46B8A8CD46C8A8DD46D8A8ED46E8A3D
:1097D0008FD46F8A90D4708A91D4718A92D4728A0D
:1097E00093D4738A94D4748A95D4758A96D4768ADD
:1097F00097D4778A98D4788A99D4798AB2D57A8A94
:109800009AD47B8A9BD47C8A9CD47D8A9DD47E8A80
:109810009ED47F8A9FD4808AA0D4818A40D5828AB0
:1098200041D5838A42D5848A43D5858A44D5868AA0
:1098300045D5878A46D5888A47D5898AFED38A8ABC
:10984000DCCC8B8A48D58C8A49D58D8A4AD58E8ABC
:109850004BD58F8A4CD5908A4DD5918A4ED5928A18
:109860004FD5938AC4CA948A50D5958A51D5968A81
:1098700052D5978A53D5988A54D5998A55D59A8ABC
:1098800056D59B8A57D59C8A58D59D8A59D59E8A8C
:109890005AD59F8A5BD5A08A5CD5A18A5DD5A28A5C
:1098A0005ED5A38A5FD5A48A60D5A58A61D5A68A2C
:1098B00062D5A78A63D5A88A64D5A98A65D5AA8AFC
:1098C00066D5AB8A67D5AC8A68D5AD8A69D5AE8ACC
:1098D0006AD5AF8A6BD5B08A6CD5B18A6DD5B28A9C
:1098E0006ED5B38A6FD5B48A70D5B58A71D5B68A6C
:1098F00072D5B78A73D5B88A74D5B98A75D5BA8A3C
:1099000076D5BB8A77D5BC8A78D5BD8A79D5BE8A0B
:109910007AD5BF8A7BD5C08A7CD5C18A7DD5C28ADB
:109920007ED5C38A80D5C48A81D5C58A82D5C68AA8
:1099300083D5C78A84D5C88A85D5C98A86D5CA8A77
:1099400087D5CB8A88D5CC8A89D5CD8A8AD5CE8A47
:109950008BD5CF8A8CD5D08A8DD5D18A8ED5D28A17
:109960008FD5D38A90D5D48A91D5D58A92D5D68AE7
:1099700093D5D78A94D5D88A95D5D98A96D5DA8AB7
:1099800097D5DB8A98D5DC8A99D5DD8A9AD5DE8A87
:109990009BD5DF8A9CD5E08A9DD5E18A9ED5E28A57
:1099A0009FD5E38AA0D5E48A40D6E58A41D6E68AE7
:1099B00042D6E78A43D6E88A44D6E98A45D6EA8A77
:1099C00046D6EB8A47D6EC8A48D6ED8A49D6EE8A47
:1099D0004AD6EF8A4BD6F08A4CD6F18A4DD6F28A17
:1099E0004ED6F38A4FD6F48A50D6F58A51D6F68AE7
:1099F00052D6F78A53D6F88A54D6F98A55D6FA8AB7
:109A000056D6FB8A57D6FC8A58D6FD8A59D6FE8A86
:109A10005AD6FF8A5BD6008B5CD6018B5DD6028B53
:109A20005ED6038B5FD6048B60D6058B61D6068B22
:109A300062D6078BC0E5088B63D6098B64D60A8B88
:109A400065D60B8B66D60C8B67D60D8B68D60E8BC6
:109A500069D60F8B6AD6108B6BD6118B6CD6128B96
:109A60006DD6138B6ED6148B6FD6158B70D6168B66
:109A700071D6178B72D6188B73D6198B74D61A8B36
:109A800075D61B8B76D61C8B77D61D8B78D61E8B06
:109A900079D61F8B7AD6208B7BD6218B7CD6228BD6
:109AA0007DD6238B7ED6248B80D6258B81D6268BA4
:109AB000A5F6278B82D6288B83D6298B84D62A8B32
:109AC00085D62B8B86D62C8B87D62D8B88D62E8B46
:109AD00089D62F8B8AD6308B8BD6318B8CD6328B16
:109AE0008DD6338B8ED6348B8FD6358B90D6368BE6
:109AF00091D6378B92D6388B93D6398B94D63A8BB6
:109B000095D63B8B96D63C8B97D63D8B98D63E8B85
:109B100099D63F8B9AD6408B9BD6418B9CD6428B55
:109B20009DD6438B9ED6448B9FD6458BA0D6468B25
:109B300040D7478B41D7488B42D7498B43D74A8B75
:109B400044D74B8B45D74C8B46D74D8B47D74E8B45
:109B500048D74F8B49D7508B4AD7518B4BD7528B15
:109B60004CD7538B4DD7548B4ED7558B4FD7568BE5
:109B700050D7578B51D7588B52D7598B53D75A8BB5
:109B800054D75B8B55D75C8B56D75D8B57D75E8B85
:109B900058D75F8B59D7608B5AD7618B5BD7628B55
:109BA0005CD7638B5DD7648B5ED7658B5FD7668B25
:109BB000AFBE678B60D7688B61D7698B62D76A8BC2
:109BC00063D76B8B64D76C8BA9C66D8B65D76E8B97
:109BD00066D76F8B67D7708B68D7718B69D7728B9D
:109BE0006AD7738B6BD7748B6CD7758B6DD7768B6D
:109BF0006ED7778B6FD7788B70D7798B71D77A8B3D
:109C000072D77B8B73D77C8B74D77D8B75D77E8B0C
:109C100076D77F8B77D7808B78D7818B79D7828BDC
:109C20007AD7838B7BD7848B7CD7858B7DD7868BAC
:109C30007ED7878B80D7888B81D7898B82D78A8B79
:109C400083D78B8B84D78C8B85D78D8B86D78E8B48
:109C500087D78F8B88D7908B89D7918B8AD7928B18
:109C60008BD7938B8CD7948B8DD7958B8ED7968BE8
:109C70008FD7978B90D7988B91D7998B92D79A8BB8
:109C800093D79B8B94D79C8B95D79D8B96D79E8B88
:109C900097D79F8B98D7A08BA5DAA18BC6BCA28B38
:109CA000A9B6A38BBCB8A48BCFC8A58BA5BCA68B2B
:109CB000A6DAA78BA7DAA88BD6CCA98BC3C8AA8BA8
:109CC000A8DAAB8BFDC6AC8B99D7AD8BB5D1AE8B7B
:109CD000E9D2AF8BB6D1B08BC7BCB18B9AD7B28B60
:109CE000B2BDB38BE4BBB48BA9DAB58BAADAB68B61
:109CF000C8D1B78BABDAB88BEDD0B98BEFB6BA8BD6
:109D0000DBC2BB8B9BD7BC8BCFCBBD8BEDB7BE8BE8
:109D1000E8C9BF8BC3B7C08BF7BEC18BA4D6C28BBB
:109D2000ACDAC38BADDAC48BC0C6C58BE7D7C68BA4
:109D3000B6CAC78B9CD7C88BA9D5C98BDFCBCA8BBA
:109D4000EFD5CB8BAEDACC8BDFD6CD8BCAB4CE8B36
:109D5000B0DACF8BAFDAD08B9DD7D18BEBD2D28B51
:109D6000B1DAD38BB2DAD48BB3DAD58BD4CAD68B33
:109D7000B4DAD78BABCAD88BB5DAD98BB6DADA8B33
:109D8000CFB3DB8BEFD6DC8BB7DADD8BB0BBDE8BF2
:109D9000AEB5DF8BB8DAE08BB9DAE18BEEB9E28BE6
:109DA000AFD1E38BE8D2E48BBADAE58BC3B8E68BAC
:109DB000EACFE78BEFB2E88BBBDAE98BBCDAEA8B50
:109DC0009ED7EB8BEBBDEC8BDCCEED8BEFD3EE8B2C
:109DD000BDDAEF8BF3CEF08BBEDAF18BD5D3F28BFD
:109DE000E5BBF38BBFDAF48BB5CBF58BD0CBF68B21
:109DF000C0DAF78BEBC7F88BEED6F98BC1DAFA8BAA
:109E0000B5C5FB8BC1B6FC8BC2DAFD8BCCB7FE8B24
:109E1000CEBFFF8BC3DA008CC4DA018CADCB028CD1
:109E2000C5DA038CF7B5048CC6DA058CC2C1068C82
:109E3000BBD7078CC7DA088CB8CC098C9FD70A8CA3
:109E4000EAD20B8CB1C40C8CC8DA0D8CFDB50E8C2B
:109E5000D1BB0F8CC9DA108CB3D0118CCADA128C3A
:109E6000CBDA138CBDCE148CCCDA158CCDDA168CF3
:109E7000CEDA178CF7B2188CD1DA198CCFDA1A8CAB
:109E8000E8D11B8CD0DA1C8CD5C31D8CD2DA1E8C89
:109E9000A0D71F8CD3DA208CD4DA218CD5DA228C8F
:109EA000BBD0238CA5D2248CF9B0258CD6DA268C95
:109EB000ABC7278CD7DA288CF7BD298CA1C32A8C95
:109EC000D8DA2B8CD9DA2C8CFDC32D8CB7CC2E8C08
:109ED000DADA2F8CDBDA308CBEC0318CD7C6328C0C
:109EE000DCDA338CDDDA348CB4C7358CDEDA368CD0
:109EF000DFDA378CC8B9388C40D8398C41D83A8CE5
:109F000042D83B8C43D83C8C44D83D8C45D83E8CC1
:109F100046D83F8C47D8408C48D8418CEDBB428C0A
:109F200049D8438C4AD8448C4BD8458C4CD8468C65
:109F3000B9B6478CF8F4488C4DD8498CF9F44A8C62
:109F40004ED84B8C4FD84C8CE3CD4D8C50D84E8C8A
:109F500051D84F8C52D8508C53D8518C54D8528CE5
:109F600055D8538C56D8548C57D8558CB9F5568C37
:109F700058D8578C59D8588C5AD8598C5BD85A8C89
:109F8000E0EB5B8C5CD85C8C5DD85D8C5ED85E8CC5
:109F90005FD85F8C60D8608C61D8618CF3CF628CA5
:109FA000BFBB638C62D8648C63D8658C64D8668CC4
:109FB00065D8678C66D8688C67D8698C68D86A8CD5
:109FC000C0BA6B8CA5D46C8C69D86D8C6AD86E8C39
:109FD0006BD86F8C6CD8708C6DD8718C6ED8728C7D
:109FE0006FD8738CD9E1748C70D8758C71D8768CDD
:109FF00072D8778C73D8788CF4F5798CAAB17A8C76
:10A00000F2B27B8C74D87C8C75D87D8C76D87E8CA3
:10A0100077D87F8C78D8808C79D8818C7AD8828CCC
:10A02000F5F5838C7BD8848C7CD8858CF7F5868C71
:10A030007DD8878C7ED8888C80D8898CD1BA8A8C40
:10A04000F6F58B8C81D88C8CB2C38D8C82D88E8C9B
:10A0500083D88F8C84D8908C85D8918C86D8928C1C
:10A0600087D8938C88D8948CF9F5958C89D8968C60
:10A070008AD8978C8BD8988CF8F5998C8CD89A8C38
:10A080008DD89B8C8ED89C8C8FD89D8C90D89E8C94
:10A0900091D89F8C92D8A08C93D8A18C94D8A28C64
:10A0A00095D8A38C96D8A48C97D8A58C98D8A68C34
:10A0B00099D8A78C9AD8A88C9BD8A98C9CD8AA8C04
:10A0C0009DD8AB8C9ED8AC8C9FD8AD8CA0D8AE8CD4
:10A0D00040D9AF8C41D9B08C42D9B18C43D9B28C24
:10A0E00044D9B38C45D9B48C46D9B58C47D9B68CF4
:10A0F00048D9B78C49D9B88C4AD9B98C4BD9BA8CC4
:10A100004CD9BB8C4DD9BC8C4ED9BD8C4FD9BE8C93
:10A1100050D9BF8C51D9C08C52D9C18C53D9C28C63
:10A1200054D9C38C55D9C48C56D9C58C57D9C68C33
:10A1300058D9C78C59D9C88C5AD9C98C5BD9CA8C03
:10A140005CD9CB8C5DD9CC8C5ED9CD8C5FD9CE8CD3
:10A1500060D9CF8C61D9D08C62D9D18C63D9D28CA3
:10A1600064D9D38C65D9D48C66D9D58C67D9D68C73
:10A1700068D9D78C69D9D88C6AD9D98C6BD9DA8C43
:10A180006CD9DB8C6DD9DC8C6ED9DD8C6FD9DE8C13
:10A1900070D9DF8C71D9E08C72D9E18C73D9E28CE3
:10A1A00074D9E38C75D9E48C76D9E58C77D9E68CB3
:10A1B00078D9E78C79D9E88C7AD9E98C7BD9EA8C83
:10A1C0007CD9EB8C7DD9EC8C7ED9ED8C80D9EE8C52
:10A1D00081D9EF8C82D9F08C83D9F18C84D9F28C1F
:10A1E00085D9F38C86D9F48C87D9F58C88D9F68CEF
:10A1F00089D9F78C8AD9F88C8BD9F98C8CD9FA8CBF
:10A200008DD9FB8C8ED9FC8C8FD9FD8C90D9FE8C8E
:10A2100091D9FF8C92D9008D93D9018D94D9028D5B
:10A2200095D9038D96D9048D97D9058D98D9068D2A
:10A2300099D9078D9AD9088D9BD9098D9CD90A8DFA
:10A240009DD90B8D9ED90C8D9FD90D8DA0D90E8DCA
:10A2500040DA0F8D41DA108D42DA118D43DA128D1A
:10A2600044DA138D45DA148D46DA158D47DA168DEA
:10A2700048DA178D49DA188D4ADA198D4BDA1A8DBA
:10A280004CDA1B8D4DDA1C8D4EDA1D8DB4B11E8D4E
:10A29000EAD51F8DBAB8208D4FDA218DB1B9228D44
:10A2A000C6B2238DF0D4248DCDCF258DDCB0268D84
:10A2B000CBD5278DF5BB288DCAD6298DB7B72A8D6A
:10A2C000B0CC2B8DB6C62C8DE1B12D8DBAB92E8DAB
:10A2D000FCD62F8DE1B9308DA1B7318DFABC328D0E
:10A2E000DAEA338DDBEA348DF9CC358DF3B9368D6E
:10A2F000DCEA378DFBB4388DB3C3398DD1B73A8DD5
:10A30000D8BA3B8DDDEA3C8DF4D43D8DDEEA3E8D3E
:10A31000D6BC3F8DDFBB408DDFEA418DDEC1428D73
:10A32000B8C2438DDFD4448DCAD7458DE0EA468D4F
:10A33000E1EA478DE4EA488DE2EA498DE3EA4A8D95
:10A34000DEC94B8DB3B84C8DC4B64D8DE5EA4E8D4C
:10A35000EACA4F8DCDC9508DCDB4518D50DA528D92
:10A3600051DA538DD9E2548DE2C5558DE6EA568D0A
:10A37000B5C0578D52DA588DB8D7598DE7EA5A8D46
:10A38000ACD75B8DFCC85C8DD3D85D8DCDD85E8D90
:10A39000DED45F8D53DA608DF9D4618DC4C9628DCE
:10A3A000AED3638DD3B8648DE0B3658D54DA668D1A
:10A3B000E2C9678DF6F4688D55DA698D56DA6A8DD3
:10A3C00057DA6B8DD5BA6C8D58DA6D8DF7F46E8DCA
:10A3D00059DA6F8D5ADA708DDFD7718D5BDA728D35
:10A3E0005CDA738DF1F4748DB0B8758DD4D5768D3B
:10A3F000CFB8778DF0C6788D5DDA798D5EDA7A8D9B
:10A400005FDA7B8D60DA7C8D61DA7D8D62DA7E8D3C
:10A4100063DA7F8D64DA808D65DA818DC3B3828DD6
:10A4200066DA838D67DA848DF2F4858DACB3868D20
:10A4300068DA878D69DA888D6ADA898D6BDA8A8DB8
:10A44000BDD48B8DF7C78C8D6CDA8D8D6DDA8E8DCA
:10A450006EDA8F8D6FDA908D70DA918DF4F4928DC3
:10A4600071DA938D72DA948DF3F4958D73DA968D9B
:10A4700074DA978D75DA988D76DA998D77DA9A8D08
:10A4800078DA9B8D79DA9C8D7ADA9D8D7BDA9E8DD8
:10A490007CDA9F8DCBCCA08D7DDAA18D7EDAA28D6A
:10A4A00080DAA38DA4C8A48D81DAA58D82DAA68D69
:10A4B00083DAA78D84DAA88D85DAA98D86DAAA8D4C
:10A4C00087DAAB8D88DAAC8D89DAAD8D8ADAAE8D1C
:10A4D0008BDAAF8D8CDAB08D8DDAB18DF5F4B28D6B
:10A4E0008EDAB38DE3D7B48DBFC5B58DC0F5B68D0B
:10A4F0008FDAB78D90DAB88DBBF5B98D91DABA8D58
:10A50000C3F5BB8D92DABC8DC2F5BD8D93DABE8DDD
:10A51000BAD6BF8DC1F5C08D94DAC18D95DAC28DE2
:10A5200096DAC38DBED4C48DC4F5C58D97DAC68DB9
:10A53000CCF5C78D98DAC88D99DAC98D9ADACA8DAB
:10A540009BDACB8DCFB0CC8DF8B5CD8D9CDACE8D8E
:10A55000C9F5CF8DCAF5D08D9DDAD18DDCC5D28DF0
:10A560009EDAD38D9FDAD48DA0DAD58D40DBD68DDF
:10A57000C5F5D78DC6F5D88D41DBD98D42DBDA8D97
:10A58000C7F5DB8DCBF5DC8D43DBDD8DE0BEDE8DED
:10A59000C8F5DF8DFAB8E08D44DBE18D45DBE28D57
:10A5A00046DBE38DD0F5E48DD3F5E58D47DBE68D15
:10A5B00048DBE78D49DBE88DE7BFE98D4ADBEA8DB3
:10A5C000F2B9EB8DBCF5EC8DCDF5ED8D4BDBEE8D61
:10A5D0004CDBEF8DB7C2F08D4DDBF18D4EDBF28D94
:10A5E0004FDBF38DF8CCF48D50DBF58DF9BCF68D97
:10A5F00051DBF78DCEF5F88DCFF5F98DD1F5FA8DCC
:10A60000E5B6FB8DD2F5FC8D52DBFD8DD5F5FE8DCB
:10A6100053DBFF8D54DB008E55DB018E56DB028E43
:10A6200057DB038E58DB048E59DB058EBDF5068E95
:10A630005ADB078E5BDB088E5CDB098ED4F50A8E55
:10A64000BBD30B8E5DDB0C8EECB30D8E5EDB0E8E02
:10A650005FDB0F8EA4CC108E60DB118E61DB128E5F
:10A6600062DB138E63DB148ED6F5158E64DB168EDB
:10A6700065DB178E66DB188E67DB198E68DB1A8E3A
:10A6800069DB1B8E6ADB1C8E6BDB1D8ED7F51E8E85
:10A69000E1BE1F8ED8F5208E6CDB218E6DDB228E05
:10A6A000DFCC238EDBF5248E6EDB258E6FDB268ED2
:10A6B00070DB278E71DB288E72DB298EC8B22A8E62
:10A6C000D9D72B8E73DB2C8ED9F52D8E74DB2E8E85
:10A6D000DAF52F8EDCF5308E75DB318EE2F5328EB9
:10A6E00076DB338E77DB348E78DB358EE0F5368E95
:10A6F00079DB378E7ADB388E7BDB398EDFF53A8E6D
:10A70000DDF53B8E7CDB3C8E7DDB3D8EE1F53E8EC8
:10A710007EDB3F8E80DB408EDEF5418EE4F5428E9F
:10A72000E5F5438E81DB448EE3CC458E82DB468E9D
:10A7300083DB478EBFE5488EB8B5498EE3F54A8E78
:10A74000E8F54B8EA3CC4C8E84DB4D8E85DB4E8E94
:10A7500086DB4F8E87DB508E88DB518EE6F5528E7E
:10A76000E7F5538E89DB548E8ADB558E8BDB568E54
:10A770008CDB578E8DDB588E8EDB598EBEF55A8E54
:10A780008FDB5B8E90DB5C8E91DB5D8E92DB5E8E71
:10A7900093DB5F8E94DB608E95DB618E96DB628E41
:10A7A00097DB638E98DB648E99DB658E9ADB668E11
:10A7B000C4B1678E9BDB688E9CDB698EBFF56A8EA9
:10A7C0009DDB6B8E9EDB6C8EC5B56D8EE4B26E8E9E
:10A7D0009FDB6F8EECF5708EE9F5718EA0DB728ECB
:10A7E000D7B6738E40DC748EEDF5758E41DC768EB7
:10A7F000EAF5778E42DC788E43DC798E44DC7A8E03
:10A8000045DC7B8E46DC7C8EEBF57D8E47DC7E8ED8
:10A8100048DC7F8EDAB4808E49DC818EEAD4828E69
:10A820004ADC838E4BDC848E4CDC858EEEF5868E86
:10A830004DDC878EF9B3888E4EDC898E4FDC8A8E94
:10A8400050DC8B8E51DC8C8E52DC8D8E53DC8E8EE8
:10A8500054DC8F8EEFF5908EF1F5918E55DC928E53
:10A8600056DC938E57DC948EF0F5958E58DC968EE0
:10A8700059DC978E5ADC988E5BDC998E5CDC9A8E64
:10A880005DDC9B8E5EDC9C8EF2F59D8E5FDC9E8E89
:10A89000F3F59F8E60DCA08E61DCA18E62DCA28E5F
:10A8A00063DCA38E64DCA48E65DCA58E66DCA68EDC
:10A8B00067DCA78E68DCA88E69DCA98E6ADCAA8EAC
:10A8C0006BDCAB8EEDC9AC8EAAB9AD8E6CDCAE8EF6
:10A8D0006DDCAF8EFBC7B08E6EDCB18E6FDCB28EDE
:10A8E000E3B6B38E70DCB48E71DCB58E72DCB68EDE
:10A8F00073DCB78E74DCB88E75DCB98E76DCBA8EFC
:10A90000C9CCBB8E77DCBC8E78DCBD8E79DCBE8E8C
:10A910007ADCBF8E7BDCC08E7CDCC18E7DDCC28E9F
:10A920007EDCC38E80DCC48E81DCC58E82DCC68E6C
:10A9300083DCC78E84DCC88E85DCC98E86DCCA8E3B
:10A9400087DCCB8E88DCCC8E89DCCD8E8ADCCE8E0B
:10A95000A6EACF8E8BDCD08E8CDCD18E8DDCD28EB5
:10A960008EDCD38E8FDCD48E90DCD58E91DCD68EAF
:10A9700092DCD78E93DCD88E94DCD98E95DCDA8E7F
:10A9800096DCDB8E97DCDC8E98DCDD8E99DCDE8E4F
:10A990009ADCDF8E9BDCE08E9CDCE18E9DDCE28E1F
:10A9A0009EDCE38E9FDCE48EA0DCE58E40DDE68E4F
:10A9B00041DDE78E42DDE88E43DDE98E44DDEA8E3F
:10A9C00045DDEB8E46DDEC8E47DDED8E48DDEE8E0F
:10A9D00049DDEF8E4ADDF08E4BDDF18E4CDDF28EDF
:10A9E0004DDDF38E4EDDF48E4FDDF58E50DDF68EAF
:10A9F00051DDF78E52DDF88E53DDF98E54DDFA8E7F
:10AA000055DDFB8E56DDFC8E57DDFD8E58DDFE8E4E
:10AA100059DDFF8E5ADD008F5BDD018F5CDD028F1B
:10AA20005DDD038F5EDD048F5FDD058F60DD068FEA
:10AA300061DD078F62DD088F63DD098F64DD0A8FBA
:10AA400065DD0B8F66DD0C8F67DD0D8F68DD0E8F8A
:10AA500069DD0F8F6ADD108F6BDD118F6CDD128F5A
:10AA60006DDD138F6EDD148F6FDD158F70DD168F2A
:10AA700071DD178F72DD188F73DD198F74DD1A8FFA
:10AA800075DD1B8F76DD1C8F77DD1D8F78DD1E8FCA
:10AA900079DD1F8F7ADD208F7BDD218F7CDD228F9A
:10AAA0007DDD238F7EDD248F80DD258F81DD268F68
:10AAB00082DD278F83DD288F84DD298F85DD2A8F36
:10AAC00086DD2B8F87DD2C8F88DD2D8F89DD2E8F06
:10AAD0008ADD2F8F8BDD308F8CDD318F8DDD328FD6
:10AAE0008EDD338F8FDD348F90DD358F91DD368FA6
:10AAF00092DD378F93DD388F94DD398F95DD3A8F76
:10AB000096DD3B8F97DD3C8F98DD3D8F99DD3E8F45
:10AB10009ADD3F8F9BDD408F9CDD418F9DDD428F15
:10AB20009EDD438F9FDD448FA0DD458F40DE468F45
:10AB300041DE478F42DE488F43DE498F44DE4A8F35
:10AB400045DE4B8F46DE4C8F47DE4D8F48DE4E8F05
:10AB500049DE4F8F4ADE508F4BDE518F4CDE528FD5
:10AB60004DDE538F4EDE548F4FDE558F50DE568FA5
:10AB700051DE578F52DE588F53DE598F54DE5A8F75
:10AB800055DE5B8F56DE5C8F57DE5D8F58DE5E8F45
:10AB900059DE5F8F5ADE608F5BDE618F5CDE628F15
:10ABA0005DDE638F5EDE648F5FDE658F60DE668FE5
:10ABB000B5B3678FFED4688FECB9698FF9D06A8F0F
:10ABC00061DE6B8FEDE96C8FAAD76D8FEEE96E8F2A
:10ABD000D6C26F8FEDC8708FE4BA718FEFE9728FB4
:10ABE000F0E9738FF1E9748FE1D6758FF2E9768F12
:10ABF000F3E9778FF5E9788FF4E9798FF6E97A8FC1
:10AC0000F7E97B8FE1C77C8FF8E97D8FD8D47E8F01
:10AC1000F9E97F8FCEBD808F62DE818FFAE9828F66
:10AC2000FBE9838FCFBD848FFCE9858FA8B8868F21
:10AC3000BEC1878FFDE9888FB2B1898FD4BB8A8F5F
:10AC4000F5B98B8FFEE98C8F63DE8D8FA1EA8E8F35
:10AC5000A2EA8F8FA3EA908FF8B7918FADBC928F45
:10AC600064DE938FE4CA948FCEE0958FAFD4968F35
:10AC7000BDCF978FB7D5988FA4EA998FDED59A8FDD
:10AC8000A5EA9B8FC1D09C8FBCB99D8F65DE9E8F3E
:10AC9000C7B49F8FD9B1A08F66DEA18F67DEA28F68
:10ACA00068DEA38FB1C0A48F69DEA58F6ADEA68F90
:10ACB0006BDEA78F6CDEA88FE6B1A98FE7B1AA8FF4
:10ACC0006DDEAB8FE8B1AC8F6EDEAD8F6FDEAE8F19
:10ACD00070DEAF8F71DEB08FBDB3B18FE8C8B28FB9
:10ACE00072DEB38F73DEB48F74DEB58F75DEB68F10
:10ACF000C1E5B78F76DEB88F77DEB98FDFB1BA8F57
:10AD000078DEBB8F79DEBC8F7ADEBD8FC9C1BE8F86
:10AD1000EFB4BF8F7BDEC08F7CDEC18FA8C7C28F30
:10AD2000D8D3C38F7DDEC48FF9C6C58FB8D1C68F87
:10AD30007EDEC78FFDB9C88FF5C2C98F80DECA8F8E
:10AD400081DECB8F82DECC8F83DECD8F84DECE8F13
:10AD5000ADD3CF8F85DED08FCBD4D18FFCBDD28F3A
:10AD600086DED38FC2E5D48FB5B7D58FC3E5D68F36
:10AD700087DED78F88DED88FB9BBD98FE2D5DA8F3F
:10AD800089DEDB8FF8BDDC8FB6D4DD8FA5CEDE8FFC
:10AD9000ACC1DF8FD9B3E08F8ADEE18F8BDEE28F2B
:10ADA000F6CCE38F8CDEE48FC6E5E58FC4E5E68F55
:10ADB000C8E5E78F8DDEE88FCAE5E98FC7E5EA8F42
:10ADC000CFB5EB8FC8C6EC8F8EDEED8FFCB5EE8F66
:10ADD000C5E5EF8F8FDEF08FF6CAF18F90DEF28F30
:10ADE00091DEF38FC9E5F48F92DEF58F93DEF68F57
:10ADF00094DEF78FD4C3F88FC5B1F98FA3BCFA8F57
:10AE000095DEFB8F96DEFC8F97DEFD8FB7D7FE8F2A
:10AE100098DEFF8F99DE0090CBCD0190CDCB0290D4
:10AE2000CACA0390D3CC0490CCE50590CBE506903C
:10AE3000E6C407909ADE08909BDE0990A1D10A90A3
:10AE4000B7D10B90CDE50C909CDE0D90D0E50E9027
:10AE50009DDE0F90B8CD1090F0D61190CFE51290F6
:10AE6000DDB513909EDE1490BECD15909FDE16903A
:10AE7000D1E51790BAB61890A0DE199040DF1A906D
:10AE8000A8CD1B90E4B91C9041DF1D90C5CA1E904F
:10AE9000D1B31F90D9CB2090ECD42190D2E5229051
:10AEA000EAB7239042DF249043DF259044DF2690C9
:10AEB000CEE5279045DF289046DF299047DF2A908E
:10AEC00048DF2B9049DF2C904ADF2D90D5E52E905E
:10AED000FEB42F90D6E530904BDF31904CDF3290AE
:10AEE0004DDF33904EDF34904FDF3590D3E5369011
:10AEF000D4E5379050DF3890DDD2399051DF3A9069
:10AF000052DF3B90DFC23C90C6B13D9053DF3E9094
:10AF1000E2D33F9054DF409055DF4190DDB6429040
:10AF2000ECCB439056DF4490D7E5459057DF4690F1
:10AF300058DF4790F6D3489059DF49905ADF4A903E
:10AF40005BDF4B905CDF4C905DDF4D90E9B14E9044
:10AF50005EDF4F90F4B65090DAE55190D8E552900C
:10AF6000D9E55390C0B554905FDF559060DF56909F
:10AF700061DF5790C5D25890DCE5599062DF5A9056
:10AF800063DF5B90DEE55C9064DF5D9065DF5E9083
:10AF900066DF5F9067DF609068DF619069DF6290D5
:10AFA000DDE56390B2C764906ADF6590A3D26690D6
:10AFB0006BDF67906CDF6890DBE569906DDF6A900E
:10AFC0006EDF6B906FDF6C9070DF6D90E2D46E90EF
:10AFD000DAD56F9071DF709072DF719073DF7290CD
:10AFE00074DF739075DF7490E0E57590F1D776901B
:10AFF00076DF779077DF789078DF799079DF7A90D5
:10B000007ADF7B907BDF7C907CDF7D90E1E57E903A
:10B010007DDF7F90DCB18090FBD181907EDF8290DC
:10B02000E2E58390E4E5849080DF859081DF86907F
:10B0300082DF879083DF8890E3E5899084DF8A90C0
:10B0400085DF8B90E5E58C9086DF8D9087DF8E9095
:10B0500088DF8F9089DF90908ADF9190D8D292908C
:10B060008BDF9390CBB594908CDF9590DFE7969033
:10B070008DDF9790F5DA98908EDF9990F8DA9A90B4
:10B080008FDF9B90F6DA9C9090DF9D90F7DA9E9090
:10B0900091DF9F9092DFA09093DFA190FADAA290C7
:10B0A000CFD0A390C7C4A49094DFA59095DFA690BD
:10B0B000EEB0A79096DFA89097DFA99098DFAA90AE
:10B0C000B0D0AB9099DFAC90F9DAAD909ADFAE904A
:10B0D000CAD3AF90AABAB090A2DBB190F1C7B29038
:10B0E0009BDFB390FCDAB490FBDAB590DBC9B69085
:10B0F000FDDAB7909CDFB890A1DBB990DED7BA90AB
:10B10000FEDABB90DAC1BC909DDFBD909EDFBE90A1
:10B11000A5DBBF909FDFC090A0DFC190F4D3C290A9
:10B1200040E0C39041E0C490A7DBC590A4DBC6908B
:10B1300042E0C790A8DBC89043E0C99044E0CA90C1
:10B14000BCBDCB9045E0CC9046E0CD9047E0CE90A2
:10B15000C9C0CF90A3DBD090A6DBD190A3D6D2906C
:10B1600048E0D390A9DBD49049E0D5904AE0D6904E
:10B170004BE0D790ADDBD8904CE0D9904DE0DA9021
:10B180004EE0DB90AEDBDC90ACDBDD90C2BADE9053
:10B190004FE0DF9050E0E09051E0E190A4BFE290FA
:10B1A000ABDBE39052E0E49053E0E59054E0E690AE
:10B1B000AADBE790C7D4E890BFB2E99055E0EA90E7
:10B1C00056E0EB90AFDBEC9057E0ED90F9B9EE90E4
:10B1D00058E0EF90B0DBF09059E0F1905AE0F29037
:10B1E0005BE0F3905CE0F490BBB3F5905DE0F6902B
:10B1F0005EE0F7905FE0F890A6B5F99060E0FA9015
:10B2000061E0FB9062E0FC9063E0FD90BCB6FE90D4
:10B21000B1DBFF9064E0009165E0019166E002918E
:10B22000F5B6039167E00491B2DB059168E0069101
:10B2300069E007916AE008916BE009916CE00A917E
:10B240006DE00B916EE00C916FE00D9170E00E914E
:10B2500071E00F9172E0109173E0119174E012911E
:10B2600075E0139176E0149177E0159178E01691EE
:10B2700079E017917AE018917BE01991C9B11A91A0
:10B280007CE01B917DE01C917EE01D9180E01E9191
:10B29000B4DB1F9181E0209182E0219183E0229133
:10B2A000B3DB2391B5DB249184E0259185E02691E1
:10B2B00086E0279187E0289188E0299189E02A910A
:10B2C0008AE02B918BE02C918CE02D918DE02E91DA
:10B2D0008EE02F91B7DB30918FE03191B6DB329168
:10B2E00090E0339191E0349192E0359193E0369182
:10B2F00094E0379195E0389196E03991B8DB3A9136
:10B3000097E03B9198E03C9199E03D919AE03E9125
:10B310009BE03F919CE040919DE041919EE04291F5
:10B320009FE04391B9DB4491A0E0459140E1469113
:10B33000BADB479141E1489142E14991CFD34A912B
:10B34000FAF44B91F5C74C91C3D74D91E4C54E919A
:10B35000FCF44F91FDF45091FBF4519143E1529173
:10B36000C6BE539144E1549145E1559146E1569151
:10B3700047E15791EFD0589148E1599149E15A91ED
:10B38000D3B75B914AE15C914BE15D91CDD45E9185
:10B39000AACC5F914CE160914DE16191A2F562917F
:10B3A000A1F56391A8BA6491FEF46591D6CB66913C
:10B3B0004EE167914FE1689150E16991A4F56A917E
:10B3C000D2C06B9151E16C91EAB36D9152E16E91F3
:10B3D000AACD6F91A5F57091A3F57191B4BD72914D
:10B3E000A8F5739153E17491A9F57591CDBD76914E
:10B3F000B8C37791E1BF7891E1CB7991AAF57A91C1
:10B4000054E17B9155E17C9156E17D91A6F57E91C9
:10B41000A7F57F91F0C4809157E1819158E1829125
:10B4200059E183915AE184915BE18591ACF5869174
:10B430005CE18791BCB488915DE18991EDD78A91F7
:10B440005EE18B91D7B48C91ABF58D91AEF58E9179
:10B450005FE18F9160E19091ADF59191AFF592919F
:10B46000D1D0939161E1949162E1959163E19691DC
:10B4700064E1979165E1989166E1999167E19A910C
:10B48000D1C39B91A9C89C9168E19D9169E19E916E
:10B490006AE19F916BE1A0916CE1A1916DE1A291B4
:10B4A000B0F5A391B1F5A4916EE1A5916FE1A691DC
:10B4B00070E1A79171E1A89172E1A99173E1AA915C
:10B4C000B2F5AB9174E1AC9175E1AD91B3F5AE918C
:10B4D000B4F5AF91B5F5B09176E1B19177E1B29164
:10B4E00078E1B39179E1B491B7F5B591B6F5B6913C
:10B4F0007AE1B7917BE1B8917CE1B9917DE1BA91B4
:10B50000B8F5BB917EE1BC9180E1BD9181E1BE9136
:10B5100082E1BF9183E1C09184E1C19185E1C29153
:10B5200086E1C39187E1C49188E1C59189E1C69123
:10B530008AE1C791C9B2C8918BE1C991D4D3CA91AC
:10B54000CDCACB918CE1CC91EFC0CD91D8D6CE9124
:10B55000B0D2CF91BFC1D0918DE1D191F0BDD29148
:10B560008EE1D3918FE1D49190E1D59191E1D69183
:10B5700092E1D79193E1D89194E1D99195E1DA9153
:10B5800096E1DB9197E1DC91AAB8DD9198E1DE913B
:10B5900099E1DF919AE1E0919BE1E1919CE1E291F7
:10B5A0009DE1E3919EE1E4919FE1E591A0E1E691C7
:10B5B00040E2E79141E2E89142E2E99143E2EA9117
:10B5C00044E2EB9145E2EC9146E2ED9147E2EE91E7
:10B5D00048E2EF9149E2F0914AE2F1914BE2F291B7
:10B5E0004CE2F3914DE2F4914EE2F5914FE2F69187
:10B5F00050E2F79151E2F89152E2F99153E2FA9157
:10B6000054E2FB9155E2FC9156E2FD9157E2FE9126
:10B6100058E2FF9159E200925AE201925BE20292F3
:10B620005CE203925DE204925EE205925FE20692C2
:10B6300060E2079261E2089262E2099263E20A9292
:10B6400064E20B9265E20C9266E20D9267E20E9262
:10B6500068E20F9269E210926AE211926BE2129232
:10B660006CE213926DE214926EE215926FE2169202
:10B6700070E2179271E2189272E2199273E21A92D2
:10B6800074E21B9275E21C9276E21D9277E21E92A2
:10B6900078E21F9279E220927AE221927BE2229272
:10B6A0007CE223927DE224927EE2259280E2269241
:10B6B00081E2279282E2289283E2299284E22A920E
:10B6C00085E22B9286E22C9287E22D9288E22E92DE
:10B6D00089E22F928AE230928BE231928CE23292AE
:10B6E0008DE233928EE234928FE2359290E236927E
:10B6F00091E2379292E2389293E2399294E23A924E
:10B7000095E23B9296E23C9297E23D9298E23E921D
:10B7100099E23F929AE240929BE241929CE24292ED
:10B720009DE243929EE244929FE24592A0E24692BD
:10B7300040E3479241E3489242E3499243E34A920D
:10B7400044E34B9245E34C9246E34D9247E34E92DD
:10B7500048E34F9249E350924AE351924BE35292AD
:10B760004CE353924DE354924EE355924FE356927D
:10B7700050E3579251E3589252E3599253E35A924D
:10B7800054E35B9255E35C9256E35D9257E35E921D
:10B7900058E35F9259E360925AE361925BE36292ED
:10B7A0005CE363925DE364925EE365925FE36692BD
:10B7B00060E3679261E3689262E3699263E36A928D
:10B7C00064E36B9265E36C9266E36D9267E36E925D
:10B7D00068E36F9269E370926AE371926BE372922D
:10B7E0006CE373926DE37492F8BC75926EE376929B
:10B7F0006FE3779270E3789271E3799272E37A92D1
:10B8000073E37B9274E37C9275E37D9276E37E92A0
:10B8100077E37F9278E3809279E381927AE3829270
:10B820007BE383927CE384927DE385927EE3869240
:10B8300080E3879281E3889282E3899283E38A920C
:10B8400084E38B9285E38C9286E38D9287E38E92DC
:10B85000C6F68F9288E3909289E391928AE392925E
:10B860008BE393928CE394928DE395928EE3969280
:10B870008FE3979290E3989291E3999292E39A9250
:10B8800093E39B9294E39C9295E39D9296E39E9220
:10B8900097E39F9298E3A09299E3A1929AE3A292F0
:10B8A0009BE3A3929CE3A4929DE3A5929EE3A692C0
:10B8B0009FE3A792A0E3A89240E4A99241E4AA9250
:10B8C00042E4AB9243E4AC9244E4AD9245E4AE92E0
:10B8D000C7F6AF9246E4B09247E4B19248E4B29220
:10B8E00049E4B3924AE4B4924BE4B5924CE4B69284
:10B8F0004DE4B7924EE4B8924FE4B99250E4BA9254
:10B9000051E4BB9252E4BC9253E4BD9254E4BE9223
:10B9100055E4BF9256E4C09257E4C19258E4C292F3
:10B9200059E4C3925AE4C4925BE4C5925CE4C692C3
:10B930005DE4C7925EE4C892C8F6C9925FE4CA9219
:10B9400060E4CB9261E4CC9262E4CD9263E4CE9267
:10B9500064E4CF9265E4D09266E4D19267E4D29237
:10B9600068E4D39269E4D4926AE4D5926BE4D69207
:10B970006CE4D7926DE4D8926EE4D9926FE4DA92D7
:10B9800070E4DB9271E4DC9272E4DD9273E4DE92A7
:10B9900074E4DF9275E4E09276E4E19277E4E29277
:10B9A00078E4E39279E4E4927AE4E5927BE4E69247
:10B9B0007CE4E7927DE4E8927EE4E99280E4EA9216
:10B9C00081E4EB9282E4EC9283E4ED9284E4EE92E3
:10B9D00085E4EF9286E4F09287E4F19288E4F292B3
:10B9E00089E4F3928AE4F4928BE4F5928CE4F69283
:10B9F0008DE4F7928EE4F8928FE4F99290E4FA9253
:10BA000091E4FB9292E4FC9293E4FD9294E4FE9222
:10BA100095E4FF9296E4009397E4019398E40293EF
:10BA200099E403939AE404939BE405939CE40693BE
:10BA30009DE407939EE408939FE40993A0E40A938E
:10BA400040E50B9341E50C9342E50D9343E50E93DE
:10BA500044E50F9345E5109346E5119347E51293AE
:10BA600048E5139349E514934AE515934BE516937E
:10BA70004CE517934DE518934EE519934FE51A934E
:10BA800050E51B9351E51C9352E51D9353E51E931E
:10BA900054E51F9355E5209356E5219357E52293EE
:10BAA00058E5239359E524935AE525935BE52693BE
:10BAB0005CE527935DE528935EE529935FE52A938E
:10BAC00060E52B9361E52C9362E52D9363E52E935E
:10BAD00064E52F9365E5309366E5319367E532932E
:10BAE00068E5339369E534936AE535936BE53693FE
:10BAF0006CE537936DE538936EE539936FE53A93CE
:10BB000070E53B9371E53C9372E53D9373E53E939D
:10BB1000C9F63F9374E5409375E5419376E542930A
:10BB200077E5439378E5449379E545937AE5469341
:10BB30007BE547937CE548937DE549937EE54A9311
:10BB400080E54B9381E54C9382E54D9383E54E93DD
:10BB500084E54F9385E5509386E5519387E55293AD
:10BB600088E5539389E554938AE555938BE556937D
:10BB70008CE557938DE558938EE559938FE55A934D
:10BB800090E55B9391E55C9392E55D9393E55E931D
:10BB900094E55F9395E5609396E5619397E56293ED
:10BBA00098E5639399E564939AE565939BE56693BD
:10BBB0009CE567939DE568939EE569939FE56A938D
:10BBC000CAF66B93A0E56C9340E66D9341E66E93E5
:10BBD00042E66F9343E6709344E6719345E67293B1
:10BBE00046E6739347E6749348E6759349E6769381
:10BBF0004AE677934BE678934CE679934DE67A9351
:10BC00004EE67B934FE67C9350E67D9351E67E9320
:10BC100052E67F9353E6809354E6819355E68293F0
:10BC200056E6839357E6849358E6859359E68693C0
:10BC30005AE687935BE688935CE689935DE68A9390
:10BC40005EE68B935FE68C9360E68D9361E68E9360
:10BC500062E68F93CCF6909363E6919364E69293B9
:10BC600065E6939366E6949367E6959368E6969304
:10BC700069E697936AE698936BE699936CE69A93D4
:10BC80006DE69B936EE69C936FE69D9370E69E93A4
:10BC900071E69F9372E6A09373E6A19374E6A29374
:10BCA00075E6A39376E6A49377E6A59378E6A69344
:10BCB00079E6A7937AE6A8937BE6A9937CE6AA9314
:10BCC0007DE6AB937EE6AC9380E6AD9381E6AE93E2
:10BCD00082E6AF9383E6B09384E6B19385E6B293B0
:10BCE00086E6B39387E6B49388E6B59389E6B69380
:10BCF0008AE6B7938BE6B8938CE6B9938DE6BA9350
:10BD00008EE6BB938FE6BC9390E6BD9391E6BE931F
:10BD100092E6BF9393E6C09394E6C19395E6C293EF
:10BD200096E6C39397E6C49398E6C59399E6C693BF
:10BD30009AE6C7939BE6C8939CE6C9939DE6CA938F
:10BD4000CBF6CB939EE6CC939FE6CD93A0E6CE9325
:10BD500040E7CF9341E7D09342E7D19343E7D293B3
:10BD600044E7D39345E7D49346E7D59347E7D69383
:10BD7000E9F7D79348E7D89349E7D9934AE7DA93A5
:10BD80004BE7DB934CE7DC934DE7DD934EE7DE9327
:10BD90004FE7DF9350E7E09351E7E19352E7E293F7
:10BDA00053E7E39354E7E49355E7E59356E7E693C7
:10BDB00057E7E79358E7E89359E7E9935AE7EA9397
:10BDC0005BE7EB935CE7EC935DE7ED935EE7EE9367
:10BDD0005FE7EF9360E7F09361E7F19362E7F29337
:10BDE00063E7F39364E7F49365E7F59366E7F69307
:10BDF00067E7F79368E7F89369E7F9936AE7FA93D7
:10BE00006BE7FB936CE7FC936DE7FD936EE7FE93A6
:10BE10006FE7FF9370E7009471E7019472E7029473
:10BE200073E7039474E7049475E7059476E7069442
:10BE300077E7079478E7089479E709947AE70A9412
:10BE40007BE70B947CE70C947DE70D947EE70E94E2
:10BE500080E70F9481E7109482E7119483E71294AE
:10BE600084E7139485E7149486E7159487E716947E
:10BE700088E7179489E718948AE719948BE71A944E
:10BE80008CE71B948DE71C948EE71D948FE71E941E
:10BE900090E71F9491E7209492E7219493E72294EE
:10BEA00094E7239495E7249496E7259497E72694BE
:10BEB00098E7279499E728949AE729949BE72A948E
:10BEC0009CE72B949DE72C949EE72D949FE72E945E
:10BED000A0E72F9440E8309441E8319442E832944E
:10BEE00043E8339444E8349445E8359446E836947E
:10BEF00047E8379448E8389449E839944AE83A944E
:10BF00004BE83B944CE83C944DE83D944EE83E941D
:10BF1000CDF63F944FE8409450E8419451E8429464
:10BF200052E8439453E8449454E8459455E84694C1
:10BF300056E8479457E8489458E8499459E84A9491
:10BF40005AE84B945BE84C945CE84D945DE84E9461
:10BF50005EE84F945FE8509460E8519461E8529431
:10BF600062E8539463E8549464E8559465E8569401
:10BF700066E8579467E8589468E8599469E85A94D1
:10BF80006AE85B946BE85C946CE85D946DE85E94A1
:10BF90006EE85F946FE8609470E8619471E8629471
:10BFA00072E8639473E8649474E8659475E8669441
:10BFB00076E8679477E8689478E8699479E86A9411
:10BFC0007AE86B94CEF66C947BE86D947CE86E9482
:10BFD0007DE86F947EE8709480E8719481E87294B3
:10BFE00082E8739483E8749484E8759485E8769481
:10BFF00086E8779487E8789488E8799489E87A9451
:10C000008AE87B948BE87C948CE87D948DE87E9420
:10C010008EE87F948FE8809490E8819491E88294F0
:10C0200092E8839493E8849494E88594C4EE86948B
:10C03000C5EE8794C6EE8894EBD58994A4B68A940D
:10C04000C8EE8B94C7EE8C94C9EE8D94CAEE8E9494
:10C05000A5C78F94CBEE9094CCEE919495E89294F2
:10C06000B0B79394F6B59494CDEE9594CFEE9694A4
:10C0700096E89794CEEE989497E89994C6B89A94D7
:10C08000D0EE9B94D1EE9C94D2EE9D94DBB69E9420
:10C09000AEB39F94D3D6A094C6C4A194B5B1A294D4
:10C0A000D6B8A394D3EEA494D4EEA594BFD4A6940A
:10C0B000D5C7A794FBBEA894D9CEA994B3B9AA9426
:10C0C000D6EEAB94D5EEAC94D8EEAD94D7EEAE945C
:10C0D000A5C5AF94D9EEB094DAEEB194AEC7B294E0
:10C0E000DBEEB394AFC7B494DCEEB594A7B2B694CC
:10C0F000DDEEB794DEEEB894DFEEB994E0EEBA94DC
:10C10000E1EEBB94EAD7BC94E2EEBD94E3EEBE94BC
:10C11000D8BCBF94E4EEC094CBD3C194FACCC29403
:10C12000ACB2C394E5C1C494E5EEC594A6C7C69469
:10C13000ADC3C79498E8C894E6EEC994E7EECA94F4
:10C14000E8EECB94E9EECC94EAEECD94EBEECE940F
:10C15000ECEECF9499E8D094EDEED194EEEED2943B
:10C16000EFEED3949AE8D4949BE8D594F0EED6946D
:10C17000F1EED794F2EED894F4EED994F3EEDA948B
:10C180009CE8DB94F5EEDC94ADCDDD94C1C2DE9489
:10C19000F6EEDF94F7EEE094F8EEE194A1D5E294A8
:10C1A000F9EEE394B3CFE494FAEEE594FBEEE69473
:10C1B0009DE8E794FCEEE894FDEEE994A1EFEA94A3
:10C1C000FEEEEB94A2EFEC94F5B8ED94FAC3EE9486
:10C1D000A3EFEF94A4EFF094C2BDF194BFD2F29418
:10C1E000F9B2F394A5EFF494A6EFF594A7EFF694C3
:10C1F000F8D2F794A8EFF894FDD6F994A9EFFA9441
:10C20000CCC6FB949EE8FC94AAEFFD94ABEFFE94A1
:10C21000B4C1FF94ACEF0095FACF0195F8CB02952D
:10C22000AEEF0395ADEF0495FAB30595F8B9069511
:10C23000AFEF0795B0EF0895E2D00995B1EF0A95F9
:10C24000B2EF0B95E6B70C95BFD00D95B3EF0E95F9
:10C25000B4EF0F95B5EF1095F1C81195E0CC12959C
:10C26000B6EF1395B7EF1495B8EF1595B9EF16958E
:10C27000BAEF1795E0D51895BBEF1995EDB41A955F
:10C28000AAC31B95BCEF1C959FE81D95BDEF1E959D
:10C29000BEEF1F95BFEF2095A0E82195FDCE22951A
:10C2A000C0EF2395E0C22495B8B42595B6D726955E
:10C2B000F5BD279540E92895C7CF2995C3EF2A9565
:10C2C000C1EF2B95C2EF2C95C4EF2D95A7B62E95F7
:10C2D000FCBC2F95E2BE3095CCC33195C5EF3295AD
:10C2E000C6EF339541E93495C7EF3595CFEF3695D5
:10C2F000C8EF3795C9EF3895CAEF3995C2C73A9557
:10C30000F1EF3B95CDB63C95CBEF3D9542E93E959F
:10C31000CCEF3F95CDEF4095C6B64195BEC3429553
:10C32000CEEF439543E94495D0EF4595D1EF46953F
:10C33000D2EF4795F2D5489544E94995D3EF4A9510
:10C34000F7C44B9545E94C95D4EF4D95F8C44E95FF
:10C35000D5EF4F95D6EF5095E4B85195F7B052957B
:10C36000D7EF5395D8EF5495D9EF559546E95695A3
:10C37000DAEF5795DBEF5895DCEF5995DDEF5A95DD
:10C3800047E95B95DEEF5C95B5BE5D95E1EF5E95A7
:10C39000DFEF5F95E0EF609548E96195E2EF629528
:10C3A000E3EF6395CDC16495E4EF6595E5EF6695A0
:10C3B000E6EF6795E7EF6895E8EF6995E9EF6A952D
:10C3C000EAEF6B95EBEF6C95ECEF6D95D8C06E9541
:10C3D00049E96F95EDEF7095ADC17195EEEF7295EE
:10C3E000EFEF7395F0EF74954AE975954BE9769503
:10C3F000E2CF77954CE978954DE979954EE97A95B4
:10C400004FE97B9550E97C9551E97D9552E97E9500
:10C4100053E97F95A4B3809554E9819555E98295B8
:10C4200056E9839557E9849558E9859559E98695A4
:10C430005AE987955BE988955CE989955DE98A9574
:10C440005EE98B955FE98C9560E98D9561E98E9544
:10C4500062E98F9563E9909564E9919565E9929514
:10C4600066E9939567E9949568E9959569E99695E4
:10C470006AE997956BE998956CE999956DE99A95B4
:10C480006EE99B956FE99C9570E99D9571E99E9584
:10C4900072E99F9573E9A09574E9A19575E9A29554
:10C4A00076E9A39577E9A49578E9A59579E9A69524
:10C4B0007AE9A7957BE9A8957CE9A9957DE9AA95F4
:10C4C0007EE9AB9580E9AC9581E9AD9582E9AE95C1
:10C4D00083E9AF9584E9B09585E9B19586E9B29590
:10C4E00087E9B39588E9B49589E9B5958AE9B69560
:10C4F0008BE9B7958CE9B8958DE9B9958EE9BA9530
:10C500008FE9BB9590E9BC9591E9BD9592E9BE95FF
:10C5100093E9BF9594E9C09595E9C19596E9C295CF
:10C5200097E9C39598E9C49599E9C5959AE9C6959F
:10C530009BE9C7959CE9C8959DE9C9959EE9CA956F
:10C540009FE9CB95A0E9CC9540EACD9541EACE95FF
:10C5500042EACF9543EAD09544EAD19545EAD2958F
:10C5600046EAD39547EAD49548EAD59549EAD6955F
:10C570004AEAD7954BEAD8954CEAD9954DEADA952F
:10C580004EEADB954FEADC9550EADD9551EADE95FF
:10C5900052EADF9553EAE09554EAE19555EAE295CF
:10C5A00056EAE39557EAE49558EAE59559EAE6959F
:10C5B0005AEAE7955BEAE895C5C3E995C5E3EA95CC
:10C5C000C1C9EB95C6E3EC955CEAED95D5B1EE9566
:10C5D000CACEEF95B3B4F095F2C8F195C7E3F295E2
:10C5E000D0CFF395C8E3F495E4BCF595C9E3F6958F
:10C5F000CAE3F795C6C3F895A2D5F995D6C4FA95BE
:10C60000EBB9FB95C5CEFC95CBE3FD95F6C3FE9546
:10C61000CCE3FF955DEA0096A7B70196F3B80296C2
:10C62000D2BA0396CDE30496CEE30596C4D406961B
:10C63000CFE307965EEA0896D0E30996CBD10A9637
:10C64000D1E30B96D2E30C96D3E30D96D4E30E968A
:10C65000D6D10F96D5E31096FBB21196BBC01296B9
:10C66000D6E313965FEA1496ABC01596D7E31696F9
:10C67000D8E31796D9E3189660EA1996DAE31A9682
:10C68000DBE31B9661EA1C96B7B81D96E2DA1E96AC
:10C6900062EA1F96D3B6209663EA2196E4DA2296E0
:10C6A000E3DA239664EA249665EA259666EA2696F6
:10C6B00067EA279668EA289669EA29966AEA2A9636
:10C6C000E6DA2B966BEA2C966CEA2D966DEA2E969E
:10C6D000EEC82F966EEA30966FEA3196E5DA32961A
:10C6E000C0B73396F4D13496F5D23596F3D5369655
:10C6F000D7BD379670EA389671EA399672EA3A965B
:10C7000073EA3B96E8D73C96E8DA3D96E7DA3E9640
:10C7100074EA3F96A2B04096D3CD419675EA429610
:10C72000E9DA439676EA4496BDB84596CABC469681
:10C73000BDC24796A4C24896C2B34996EADA4A9661
:10C7400077EA4B96AAC24C96B0C44D96B5BD4E96AC
:10C7500078EA4F9679EA5096DECF51967AEA529669
:10C760007BEA53967CEA5496EBDA5596C2C9569604
:10C770007DEA57967EEA589680EA599681EA5A965B
:10C7800082EA5B96DDB15C9683EA5D9684EA5E960A
:10C7900085EA5F96ECDA609686EA6196B8B66296AC
:10C7A000BAD4639687EA6496FDB3659688EA66967E
:10C7B00089EA6796EDDA6896C9D46996D5CF6A9604
:10C7C000E3C56B968AEA6C96EEDA6D968BEA6E9606
:10C7D0008CEA6F968DEA70968EEA71968FEA729661
:10C7E000EFDA739690EA7496F0DA7596EAC1769667
:10C7F000D5CC7796DDCF789691EA799692EA7A96BB
:10C8000093EA7B9694EA7C9695EA7D9696EA7E96E4
:10C8100097EA7F9698EA809699EA81969AEA8296B4
:10C820009BEA83969CEA84969DEA8596E7D3869652
:10C83000A1C287969EEA8896F1DA89969FEA8A963F
:10C84000A0EA8B96E5CB8C9640EB8D96F2DA8E962D
:10C8500041EB8F96E6CB9096FED2919642EB929664
:10C8600043EB939644EB9496F4B8959645EB9696E5
:10C8700046EB9796F3DA9896AFB09996B6CF9A961C
:10C8800047EB9B9648EB9C96CFD59D9649EB9E96A1
:10C890004AEB9F964BEBA0964CEBA1964DEBA296E4
:10C8A0004EEBA3964FEBA49650EBA59651EBA696B4
:10C8B00052EBA796EDCBA89653EBA99654EBAA960C
:10C8C00055EBAB9656EBAC9657EBAD9658EBAE9658
:10C8D00059EBAF965AEBB096F4DAB1965BEBB296A1
:10C8E0005CEBB396C4E3B4965DEBB5965EEBB6969F
:10C8F000A5C1B7965FEBB89660EBB996BFF6BA964E
:10C9000061EBBB9662EBBC96C0F6BD96C1F6BE96D7
:10C91000D1C4BF9663EBC096B8C8C196E3D1C296A6
:10C9200064EBC39665EBC496DBD0C596C5D1C696BD
:10C93000AFBCC796CDB9C89666EBC996F4EFCA9658
:10C9400067EBCB9668EBCC96C6B4CD96BAD3CE96B1
:10C95000C2F6CF96FBB3D09669EBD1966AEBD2962E
:10C96000C3F6D3966BEBD4966CEBD596F1B5D69611
:10C970006DEBD7966EEBD8966FEBD99670EBDA9697
:10C9800071EBDB9672EBDC9673EBDD9674EBDE9667
:10C9900075EBDF9676EBE096C5F6E19677EBE296DF
:10C9A00078EBE39679EBE4967AEBE5967BEBE6960B
:10C9B0007CEBE7967DEBE896EAD3E996A7F6EA9654
:10C9C000A9D1EB967EEBEC9680EBED9681EBEE96A3
:10C9D00082EBEF96A9F6F09683EBF19684EBF29654
:10C9E00085EBF396A8F6F49686EBF59687EBF6962C
:10C9F000E3C1F796D7C0F89688EBF996A2B1FA96FC
:10CA000089EBFB968AEBFC968BEBFD968CEBFE9606
:10CA1000EDCEFF968DEB0097E8D00197ABF602972D
:10CA20008EEB03978FEB0497F6CF059790EB069765
:10CA3000AAF60797F0D50897ACF60997B9C30A97F5
:10CA400091EB0B9792EB0C9793EB0D97F4BB0E9732
:10CA5000AEF60F97ADF6109794EB119795EB1297F2
:10CA600096EB1397DEC4149797EB159798EB1697F0
:10CA7000D8C1179799EB18979AEB19979BEB1A97D0
:10CA80009CEB1B979DEB1C97AACB1D979EEB1E97CB
:10CA9000BCCF1F979FEB2097A0EB219740EC2297EC
:10CAA00041EC239742EC249743EC259744EC2697DE
:10CAB00045EC279746EC289747EC299748EC2A97AE
:10CAC000AFF62B9749EC2C974AEC2D97B0F62E97A2
:10CAD0004BEC2F974CEC3097B1F631974DEC3297E9
:10CAE000B6C233974EEC34974FEC359750EC3697EF
:10CAF00051EC379752EC3897D4B03997F9C53A973B
:10CB000053EC3B9754EC3C9755EC3D9756EC3E97D5
:10CB1000B2F63F9757EC409758EC419759EC429743
:10CB20005AEC43975BEC44975CEC45975DEC469779
:10CB30005EEC47975FEC489760EC499761EC4A9749
:10CB400062EC4B9763EC4C9764EC4D9765EC4E9719
:10CB500066EC4F9767EC509768EC519769EC5297E9
:10CB6000E0C75397A6F654976AEC55976BEC569727
:10CB7000B8BE57976CEC58976DEC5997B2BE5A9760
:10CB80006EEC5B97E5B55C976FEC5D9770EC5E972C
:10CB9000C7B75F9771EC6097BFBF6197D2C36297C9
:10CBA000E6C3639772EC649773EC6597CCD866978D
:10CBB00074EC679775EC689776EC6997EFB86A97AD
:10CBC00077EC6B9778EC6C9779EC6D977AEC6E97C5
:10CBD0007BEC6F977CEC70977DEC71977EEC729795
:10CBE00080EC7397F9BD7497A5D1759781EC769712
:10CBF000D0B0779782EC789783EC799784EC7A972A
:10CC000085EC7B9786EC7C97B0F77D9787EC7E97D9
:10CC100088EC7F9789EC80978AEC81978BEC8297E0
:10CC20008CEC83978DEC84978EEC8597B1F7869783
:10CC30008FEC879790EC889791EC899792EC8A9784
:10CC400093EC8B97ACD08C9794EC8D97B0B08E977B
:10CC500095EC8F9796EC909797EC9197B2F7929707
:10CC6000B3F7939798EC9497B4F7959799EC9697B8
:10CC70009AEC97979BEC9897CAC799979CEC9A97D0
:10CC80009DEC9B979EEC9C979FEC9D97A0EC9E97AC
:10CC900040ED9F9741EDA097CFBEA19742EDA2979F
:10CCA00043EDA397B7F7A49744EDA59745EDA69755
:10CCB00046EDA79747EDA89748EDA99749EDAA97A4
:10CCC0004AEDAB97B6F7AC974BEDAD97DEB1AE97AB
:10CCD0004CEDAF97B5F7B0974DEDB1974EEDB297DC
:10CCE000B8F7B3974FEDB497B9F7B59750EDB6973E
:10CCF00051EDB79752EDB89753EDB99754EDBA97F8
:10CD000055EDBB9756EDBC9757EDBD9758EDBE97C7
:10CD100059EDBF975AEDC0975BEDC1975CEDC29797
:10CD20005DEDC3975EEDC4975FEDC59760EDC69767
:10CD300061EDC79762EDC89763EDC99764EDCA9737
:10CD400065EDCB9766EDCC9767EDCD9768EDCE9707
:10CD500069EDCF976AEDD0976BEDD1976CEDD297D7
:10CD60006DEDD3976EEDD4976FEDD59770EDD697A7
:10CD700071EDD79772EDD89773EDD99774EDDA9777
:10CD800075EDDB9776EDDC9777EDDD9778EDDE9747
:10CD900079EDDF977AEDE0977BEDE1977CEDE29717
:10CDA0007DEDE3977EEDE49780EDE59781EDE697E5
:10CDB000A4CEE797CDC8E89782EDE997ABBAEA979A
:10CDC000B8E8EB97B9E8EC97BAE8ED97C2BEEE97F2
:10CDD00083EDEF9784EDF09785EDF19786EDF2976F
:10CDE00087EDF397F4D2F49788EDF597CFD4F697C3
:10CDF000D8C9F79789EDF8978AEDF9978BEDFA97EF
:10CE00008CEDFB978DEDFC978EEDFD978FEDFE97EA
:10CE100090EDFF9791ED009892ED019893ED0298B7
:10CE200094ED039895ED049896ED059897ED069886
:10CE300098ED079899ED08989AED09989BED0A9856
:10CE40009CED0B989DED0C989EED0D989FED0E9826
:10CE5000A0ED0F9840EE109841EE119842EE129816
:10CE600043EE139844EE149845EE159846EE169846
:10CE700047EE179848EE189849EE19984AEE1A9816
:10CE80004BEE1B984CEE1C984DEE1D984EEE1E98E6
:10CE90004FEE1F9850EE209851EE219852EE2298B6
:10CEA00053EE239854EE249855EE259856EE269886
:10CEB00057EE279858EE289859EE29985AEE2A9856
:10CEC0005BEE2B985CEE2C985DEE2D985EEE2E9826
:10CED0005FEE2F9860EE309861EE319862EE3298F6
:10CEE00063EE339864EE349865EE359866EE3698C6
:10CEF00067EE379868EE389869EE39986AEE3A9896
:10CF00006BEE3B986CEE3C986DEE3D986EEE3E9865
:10CF10006FEE3F9870EE409871EE419872EE429835
:10CF200073EE439874EE449875EE459876EE469805
:10CF300077EE479878EE489879EE49987AEE4A98D5
:10CF40007BEE4B987CEE4C987DEE4D987EEE4E98A5
:10CF500080EE4F9881EE509882EE519883EE529871
:10CF600084EE539885EE549886EE559887EE569841
:10CF700088EE579889EE58988AEE59988BEE5A9811
:10CF80008CEE5B988DEE5C988EEE5D988FEE5E98E1
:10CF900090EE5F9891EE609892EE619893EE6298B1
:10CFA00094EE639895EE649896EE659897EE669881
:10CFB00098EE679899EE68989AEE69989BEE6A9851
:10CFC0009CEE6B989DEE6C989EEE6D989FEE6E9821
:10CFD000A0EE6F9840EF709841EF719842EF729811
:10CFE00043EF739844EF749845EF7598B3D27698F1
:10CFF000A5B67798EAC77898FCF17998EECF7A9839
:10D00000B3CB7B98EBD07C98EFE77D98E7CD7E980B
:10D01000CBB97F98D9B68098FDF18198E4B0829819
:10D02000CCCB8398FEF18498A4D48598ADC2869821
:10D03000ECC18798C4C68898B1BE8998A1F28A9835
:10D04000D5BC8B9846EF8C98A2F28D98A3F28E985F
:10D0500047EF8F98A4F29098C3D29198B5C6929852
:10D0600048EF9398C7CD9498A5F2959849EF969874
:10D07000B1D39798C5BF9898E2CC99984AEF9A98FF
:10D08000A6F29B98A7F29C98D5D19D98EEB69E9853
:10D09000A8F29F98A9F2A098DFB5A198AAF2A29849
:10D0A000ABF2A3984BEFA498FCB2A598ACF2A6986B
:10D0B000ADF2A798A7C8A8984CEFA9984DEFAA98E9
:10D0C0004EEFAB984FEFAC9850EFAD9851EFAE9854
:10D0D00052EFAF9853EFB09854EFB19855EFB29824
:10D0E00056EFB39857EFB49858EFB59859EFB698F4
:10D0F0005AEFB7985BEFB8985CEFB9985DEFBA98C4
:10D100005EEFBB985FEFBC9860EFBD9861EFBE9893
:10D1100062EFBF9863EFC09864EFC19865EFC29863
:10D1200066EFC39867EFC49868EFC59869EFC69833
:10D130006AEFC7986BEFC8986CEFC9986DEFCA9803
:10D140006EEFCB986FEFCC9870EFCD9871EFCE98D3
:10D15000E7B7CF9872EFD09873EFD198A9ECD29837
:10D16000AAECD398ABECD49874EFD598ACECD698E5
:10D1700075EFD79876EFD898AEC6D998ADECDA9817
:10D18000AEECDB9877EFDC9878EFDD9879EFDE98FE
:10D19000C9B7DF98B3CAE0987AEFE1987BEFE298DD
:10D1A0007CEFE3987DEFE4987EEFE59880EFE698DA
:10D1B00081EFE798B8E2E898CFF7E99882EFEA982C
:10D1C00083EFEB9884EFEC9885EFED9886EFEE987F
:10D1D00087EFEF9888EFF09889EFF1988AEFF2984F
:10D1E0008BEFF3988CEFF4988DEFF5988EEFF6981F
:10D1F0008FEFF79890EFF89891EFF99892EFFA98EF
:10D2000093EFFB9894EFFC9895EFFD9896EFFE98BE
:10D2100097EFFF9898EF009999EF01999AEF02998B
:10D220009BEF03999CEF04999DEF05999EEF06995A
:10D230009FEF0799A0EF089940F0099941F00A99EA
:10D2400042F00B9943F00C9944F00D99D0F70E99E8
:10D2500045F00F9946F01099CDB2119947F0129907
:10D2600048F0139949F014994AF015994BF0169922
:10D270004CF017994DF018994EF019994FF01A99F2
:10D2800050F01B9951F01C9952F01D9953F01E99C2
:10D2900054F01F9955F0209956F0219957F0229992
:10D2A00058F0239959F024995AF025995BF0269962
:10D2B0005CF027995DF028995EF029995FF02A9932
:10D2C00060F02B9961F02C9962F02D9963F02E9902
:10D2D000D1F72F9964F0309965F0319966F0329961
:10D2E00067F0339968F0349969F035996AF03699A6
:10D2F0006BF037996CF038996DF039996EF03A9976
:10D300006FF03B9970F03C9971F03D9972F03E9945
:10D3100073F03F9974F0409975F0419976F0429915
:10D3200077F0439978F0449979F045997AF04699E5
:10D330007BF047997CF048997DF049997EF04A99B5
:10D3400080F04B9981F04C9982F04D9983F04E9981
:10D3500084F04F9985F0509986F0519987F0529951
:10D3600088F0539989F05499D3F75599D2F7569983
:10D370008AF057998BF058998CF059998DF05A99F9
:10D380008EF05B998FF05C9990F05D9991F05E99C9
:10D3900092F05F9993F0609994F0619995F0629999
:10D3A00096F06399BBE2649997F06599A2BC66997F
:10D3B00098F06799BCE26899BDE26999BEE26A9902
:10D3C000BFE26B99C0E26C99C1E26D99B9B76E99F1
:10D3D000FBD26F99A4BD7099CECA7199A5B172990B
:10D3E000C7CB739999F07499C2E27599FCB6769996
:10D3F000C4C87799C3E278999AF079999BF07A99A1
:10D40000C8BD7B999CF07C99FDB17D99C4E27E9961
:10D410009DF07F99F6B68099C5E28199D9C4829929
:10D420009EF083999FF08499C6E28599DACF869918
:10D43000DDB98799C7E28899A1C08999A0F08A9936
:10D44000C8E28B99F6B28C9940F18D99C9E28E9918
:10D4500041F18F99F3C19099CAE29199CBE29299E7
:10D46000F8C29399CCE29499CDE29599CEE296993F
:10D47000D7CA9799B8D89899E5D99999E3CF9A9945
:10D4800042F19B9943F19C9944F19D9945F19E99F4
:10D4900046F19F9947F1A09948F1A19949F1A299C4
:10D4A0004AF1A3994BF1A4994CF1A599A5F0A6993D
:10D4B0004DF1A7994EF1A899B0DCA9994FF1AA991D
:10D4C00050F1AB9951F1AC9952F1AD9953F1AE993C
:10D4D00054F1AF9955F1B09956F1B19957F1B2990C
:10D4E00058F1B39959F1B4995AF1B5995BF1B699DC
:10D4F0005CF1B7995DF1B8995EF1B9995FF1BA99AC
:10D5000060F1BB9961F1BC9962F1BD9963F1BE997B
:10D5100064F1BF9965F1C09966F1C19967F1C2994B
:10D5200068F1C39969F1C4996AF1C5996BF1C6991B
:10D530006CF1C7996DF1C8996EF1C9996FF1CA99EB
:10D5400070F1CB9971F1CC9972F1CD9973F1CE99BB
:10D5500074F1CF9975F1D09976F1D19977F1D2998B
:10D5600078F1D39979F1D4997AF1D5997BF1D6995B
:10D570007CF1D7997DF1D8997EF1D99980F1DA992A
:10D5800081F1DB9982F1DC9983F1DD9984F1DE99F7
:10D5900085F1DF9986F1E09987F1E19988F1E299C7
:10D5A00089F1E3998AF1E4998BF1E5998CF1E69997
:10D5B0008DF1E7998EF1E8998FF1E99990F1EA9967
:10D5C00091F1EB9992F1EC9993F1ED9994F1EE9937
:10D5D00095F1EF9996F1F09997F1F19998F1F29907
:10D5E00099F1F3999AF1F4999BF1F5999CF1F699D7
:10D5F0009DF1F7999EF1F8999FF1F999A0F1FA99A7
:10D6000040F2FB9941F2FC9942F2FD9943F2FE99F6
:10D6100044F2FF9945F2009A46F2019A47F2029AC3
:10D6200048F2039A49F2049A4AF2059A4BF2069A92
:10D630004CF2079A4DF2089A4EF2099A4FF20A9A62
:10D6400050F20B9A51F20C9A52F20D9A53F20E9A32
:10D6500054F20F9A55F2109A56F2119A57F2129A02
:10D6600058F2139A59F2149A5AF2159A5BF2169AD2
:10D670005CF2179A5DF2189A5EF2199A5FF21A9AA2
:10D6800060F21B9A61F21C9A62F21D9A63F21E9A72
:10D6900064F21F9A65F2209A66F2219A67F2229A42
:10D6A00068F2239A69F2249A6AF2259A6BF2269A12
:10D6B0006CF2279A6DF2289A6EF2299A6FF22A9AE2
:10D6C00070F22B9A71F22C9A72F22D9A73F22E9AB2
:10D6D00074F22F9A75F2309A76F2319A77F2329A82
:10D6E00078F2339A79F2349A7AF2359A7BF2369A52
:10D6F0007CF2379A7DF2389A7EF2399A80F23A9A21
:10D7000081F23B9A82F23C9A83F23D9A84F23E9AED
:10D7100085F23F9A86F2409A87F2419A88F2429ABD
:10D7200089F2439A8AF2449A8BF2459A8CF2469A8D
:10D730008DF2479A8EF2489A8FF2499A90F24A9A5D
:10D7400091F24B9A92F24C9A93F24D9A94F24E9A2D
:10D7500095F24F9A96F2509A97F2519A98F2529AFD
:10D7600099F2539A9AF2549A9BF2559A9CF2569ACD
:10D770009DF2579A9EF2589A9FF2599AA0F25A9A9D
:10D7800040F35B9A41F35C9A42F35D9A43F35E9AED
:10D7900044F35F9A45F3609A46F3619A47F3629ABD
:10D7A00048F3639A49F3649A4AF3659A4BF3669A8D
:10D7B0004CF3679A4DF3689A4EF3699A4FF36A9A5D
:10D7C00050F36B9A51F36C9AEDC26D9AA6D46E9A8F
:10D7D000D4CD6F9AB1D1709ADBB3719AFDC7729AAA
:10D7E00052F3739AB5B2749ABFC2759AE0E6769A0C
:10D7F000BBCA779AE1E6789AE2E6799AD4BE7A9A39
:10D80000E3E67B9AA4D77C9AD5CD7D9AE5E67E9A0D
:10D81000DDBC7F9AE4E6809AE6E6819AE7E6829AA2
:10D82000EEC2839A53F3849ABEBD859AE8E6869A3F
:10D83000E6C2879AA7BA889AE9E6899A54F38A9A3F
:10D84000EAE68B9AD2B38C9AE9D18D9A55F38E9AE7
:10D8500056F38F9AA5BF909AEBE6919AEFC6929AEB
:10D86000ECE6939AEDE6949A57F3959A58F3969AC4
:10D87000EEE6979AADC6989AEFE6999A59F39A9A76
:10D88000A7C99B9AF0E69C9AF1E69D9AF2E69E9AC9
:10D89000B9E59F9AF3E6A09AF4E6A19AE2C2A29AA9
:10D8A000F5E6A39AF6E6A49AE8D6A59AF7E6A69A2C
:10D8B0005AF3A79AF8E6A89AC7B9A99A5BF3AA9A65
:10D8C0005CF3AB9A5DF3AC9A5EF3AD9A5FF3AE9AFC
:10D8D00060F3AF9A61F3B09ABBF7B19ABAF7B29A14
:10D8E00062F3B39A63F3B49A64F3B59A65F3B69AA4
:10D8F000BEF7B79ABCF7B89AA1BAB99A66F3BA9AC2
:10D90000BFF7BB9A67F3BC9AC0F7BD9A68F3BE9A9B
:10D9100069F3BF9A6AF3C09AC2F7C19AC1F7C29A73
:10D92000C4F7C39A6BF3C49A6CF3C59AC3F7C69A4B
:10D930006DF3C79A6EF3C89A6FF3C99A70F3CA9AD7
:10D9400071F3CB9AC5F7CC9AC6F7CD9A72F3CE9AFB
:10D9500073F3CF9A74F3D09A75F3D19AC7F7D29A2A
:10D9600076F3D39AE8CBD49A77F3D59A78F3D69A0C
:10D9700079F3D79A7AF3D89ADFB8D99A7BF3DA9AFF
:10D980007CF3DB9A7DF3DC9A7EF3DD9A80F3DE9AFA
:10D9900081F3DF9AD4F7E09A82F3E19AD5F7E29A1D
:10D9A00083F3E39A84F3E49A85F3E59A86F3E69A9F
:10D9B000D6F7E79A87F3E89A88F3E99A89F3EA9A1F
:10D9C0008AF3EB9AD8F7EC9A8BF3ED9ADAF7EE9AA2
:10D9D0008CF3EF9AD7F7F09A8DF3F19A8EF3F29ACF
:10D9E0008FF3F39A90F3F49A91F3F59A92F3F69AEF
:10D9F00093F3F79A94F3F89A95F3F99ADBF7FA9A76
:10DA000096F3FB9AD9F7FC9A97F3FD9A98F3FE9A4E
:10DA100099F3FF9A9AF3009B9BF3019B9CF3029B63
:10DA20009DF3039BD7D7049B9EF3059B9FF3069B17
:10DA3000A0F3079B40F4089BDCF7099B41F40A9B89
:10DA400042F40B9B43F40C9B44F40D9B45F40E9B5A
:10DA500046F40F9BDDF7109B47F4119B48F4129B93
:10DA600049F4139BDEF7149B4AF4159B4BF4169B69
:10DA70004CF4179B4DF4189B4EF4199B4FF41A9BD2
:10DA800050F41B9B51F41C9B52F41D9B53F41E9BA2
:10DA900054F41F9BDFF7209B55F4219B56F4229BE7
:10DAA00057F4239BE0F7249B58F4259B59F4269BBD
:10DAB0005AF4279B5BF4289B5CF4299B5DF42A9B1A
:10DAC0005EF42B9B5FF42C9B60F42D9B61F42E9BEA
:10DAD00062F42F9BCBDB309B63F4319B64F4329B6D
:10DAE000AAD8339B65F4349B66F4359B67F4369B68
:10DAF00068F4379B69F4389B6AF4399B6BF43A9B62
:10DB00006CF43B9BF7E53C9BEDB93D9B6DF43E9B74
:10DB10006EF43F9B6FF4409B70F4419BFDBF429BB2
:10DB2000EABB439BC9F7449BC7C6459BC8F7469BC6
:10DB300071F4479BCAF7489BCCF7499BCBF74A9BAC
:10DB400072F44B9B73F44C9B74F44D9BCDF74E9B3E
:10DB500075F44F9BBACE509B76F4519BCEF7529BF7
:10DB600077F4539B78F4549BA7C4559B79F4569B48
:10DB70007AF4579B7BF4589B7CF4599B7DF45A9B19
:10DB80007EF45B9B80F45C9B81F45D9B82F45E9BE6
:10DB900083F45F9B84F4609B85F4619B86F4629BB5
:10DBA00087F4639B88F4649B89F4659B8AF4669B85
:10DBB0008BF4679B8CF4689B8DF4699B8EF46A9B55
:10DBC0008FF46B9B90F46C9B91F46D9B92F46E9B25
:10DBD00093F46F9B94F4709B95F4719B96F4729BF5
:10DBE00097F4739B98F4749B99F4759B9AF4769BC5
:10DBF0009BF4779B9CF4789B9DF4799B9EF47A9B95
:10DC00009FF47B9BA0F47C9B40F57D9B41F57E9B24
:10DC100042F57F9B43F5809B44F5819B45F5829BB4
:10DC200046F5839B47F5849B48F5859B49F5869B84
:10DC30004AF5879B4BF5889B4CF5899B4DF58A9B54
:10DC40004EF58B9B4FF58C9B50F58D9B51F58E9B24
:10DC500052F58F9B53F5909B54F5919B55F5929BF4
:10DC600056F5939B57F5949B58F5959B59F5969BC4
:10DC70005AF5979B5BF5989B5CF5999B5DF59A9B94
:10DC80005EF59B9B5FF59C9B60F59D9B61F59E9B64
:10DC900062F59F9B63F5A09B64F5A19B65F5A29B34
:10DCA00066F5A39B67F5A49B68F5A59B69F5A69B04
:10DCB0006AF5A79B6BF5A89B6CF5A99B6DF5AA9BD4
:10DCC0006EF5AB9B6FF5AC9B70F5AD9B71F5AE9BA4
:10DCD00072F5AF9B73F5B09B74F5B19B75F5B29B74
:10DCE00076F5B39B77F5B49B78F5B59B79F5B69B44
:10DCF0007AF5B79B7BF5B89B7CF5B99B7DF5BA9B14
:10DD00007EF5BB9B80F5BC9B81F5BD9B82F5BE9BE0
:10DD100083F5BF9B84F5C09B85F5C19B86F5C29BAF
:10DD200087F5C39B88F5C49B89F5C59B8AF5C69B7F
:10DD30008BF5C79B8CF5C89B8DF5C99B8EF5CA9B4F
:10DD40008FF5CB9B90F5CC9B91F5CD9B92F5CE9B1F
:10DD500093F5CF9B94F5D09B95F5D19B96F5D29BEF
:10DD600097F5D39B98F5D49B99F5D59B9AF5D69BBF
:10DD70009BF5D79B9CF5D89B9DF5D99B9EF5DA9B8F
:10DD80009FF5DB9BA0F5DC9B40F6DD9B41F6DE9B1F
:10DD900042F6DF9B43F6E09B44F6E19B45F6E29BAF
:10DDA00046F6E39B47F6E49B48F6E59B49F6E69B7F
:10DDB0004AF6E79B4BF6E89B4CF6E99B4DF6EA9B4F
:10DDC0004EF6EB9B4FF6EC9B50F6ED9B51F6EE9B1F
:10DDD00052F6EF9B53F6F09B54F6F19B55F6F29BEF
:10DDE00056F6F39B57F6F49B58F6F59B59F6F69BBF
:10DDF0005AF6F79B5BF6F89B5CF6F99B5DF6FA9B8F
:10DE00005EF6FB9B5FF6FC9B60F6FD9B61F6FE9B5E
:10DE100062F6FF9B63F6009C64F6019C65F6029C2B
:10DE200066F6039C67F6049C68F6059C69F6069CFA
:10DE30006AF6079C6BF6089C6CF6099C6DF60A9CCA
:10DE40006EF60B9C6FF60C9C70F60D9C71F60E9C9A
:10DE500072F60F9C73F6109C74F6119C75F6129C6A
:10DE600076F6139C77F6149C78F6159C79F6169C3A
:10DE70007AF6179C7BF6189C7CF6199C7DF61A9C0A
:10DE80007EF61B9C80F61C9C81F61D9C82F61E9CD7
:10DE900083F61F9C84F6209C85F6219C86F6229CA6
:10DEA00087F6239C88F6249C89F6259C8AF6269C76
:10DEB0008BF6279C8CF6289C8DF6299C8EF62A9C46
:10DEC0008FF62B9C90F62C9C91F62D9C92F62E9C16
:10DED00093F62F9C94F6309C95F6319C96F6329CE6
:10DEE00097F6339C98F6349C99F6359C9AF6369CB6
:10DEF0009BF6379C9CF6389C9DF6399C9EF63A9C86
:10DF00009FF63B9CA0F63C9C40F73D9C41F73E9C15
:10DF100042F73F9C43F7409C44F7419C45F7429CA5
:10DF200046F7439C47F7449C48F7459C49F7469C75
:10DF30004AF7479C4BF7489C4CF7499C4DF74A9C45
:10DF40004EF74B9C4FF74C9C50F74D9C51F74E9C15
:10DF500052F74F9C53F7509C54F7519C55F7529CE5
:10DF600056F7539C57F7549C58F7559C59F7569CB5
:10DF70005AF7579C5BF7589C5CF7599C5DF75A9C85
:10DF80005EF75B9C5FF75C9C60F75D9C61F75E9C55
:10DF900062F75F9C63F7609C64F7619C65F7629C25
:10DFA00066F7639C67F7649C68F7659C69F7669CF5
:10DFB0006AF7679C6BF7689C6CF7699C6DF76A9CC5
:10DFC0006EF76B9C6FF76C9C70F76D9C71F76E9C95
:10DFD00072F76F9C73F7709C74F7719C75F7729C65
:10DFE00076F7739C77F7749C78F7759C79F7769C35
:10DFF0007AF7779C7BF7789C7CF7799C7DF77A9C05
:10E000007EF77B9C80F77C9CE3D37D9C81F77E9C94
:10E0100082F77F9CCFF6809C83F7819CB3C2829C61
:10E02000D0F6839C84F7849C85F7859CD1F6869CEA
:10E03000D2F6879CD3F6889CD4F6899C86F78A9C76
:10E0400087F78B9CD6F68C9C88F78D9CABB18E9C09
:10E05000D7F68F9C89F7909CD8F6919CD9F6929C24
:10E06000DAF6939C8AF7949CDBF6959CDCF6969CFA
:10E070008BF7979C8CF7989C8DF7999C8EF79A9CC0
:10E08000DDF69B9CDEF69C9CCACF9D9C8FF79E9CE8
:10E09000DFF69F9CE0F6A09CE1F6A19CE2F6A29C34
:10E0A000E3F6A39CE4F6A49CF0C0A59CE5F6A69C30
:10E0B000E6F6A79CE7F6A89CE8F6A99CE9F6AA9CD8
:10E0C00090F7AB9CEAF6AC9C91F7AD9CEBF6AE9C5E
:10E0D000ECF6AF9C92F7B09CEDF6B19CEEF6B29CDC
:10E0E000EFF6B39CF0F6B49CF1F6B59CF2F6B69C54
:10E0F000F3F6B79CF4F6B89CA8BEB99C93F7BA9C0B
:10E10000F5F6BB9CF6F6BC9CF7F6BD9CF8F6BE9CFB
:10E1100094F7BF9C95F7C09C96F7C19C97F7C29C5B
:10E1200098F7C39CFAC8C49CF9F6C59CFAF6C69C3D
:10E13000FBF6C79CFCF6C89C99F7C99C9AF7CA9C49
:10E14000FDF6CB9CFEF6CC9CA1F7CD9CA2F7CE9C15
:10E15000A3F7CF9CA4F7D09CA5F7D19C9BF7D29CAA
:10E160009CF7D39CA6F7D49CA7F7D59CA8F7D69C80
:10E17000EEB1D79CA9F7D89CAAF7D99CABF7DA9C4B
:10E180009DF7DB9C9EF7DC9CACF7DD9CADF7DE9C3D
:10E19000DBC1DF9CAEF7E09C9FF7E19CA0F7E29C1F
:10E1A000AFF7E39C40F8E49C41F8E59C42F8E69C1C
:10E1B00043F8E79C44F8E89C45F8E99C46F8EA9C5B
:10E1C00047F8EB9C48F8EC9C49F8ED9C4AF8EE9C2B
:10E1D0004BF8EF9C4CF8F09C4DF8F19C4EF8F29CFB
:10E1E0004FF8F39C50F8F49C51F8F59C52F8F69CCB
:10E1F00053F8F79C54F8F89C55F8F99C56F8FA9C9B
:10E2000057F8FB9C58F8FC9C59F8FD9C5AF8FE9C6A
:10E210005BF8FF9C5CF8009D5DF8019D5EF8029D37
:10E220005FF8039D60F8049D61F8059D62F8069D06
:10E2300063F8079D64F8089D65F8099D66F80A9DD6
:10E2400067F80B9D68F80C9D69F80D9D6AF80E9DA6
:10E250006BF80F9D6CF8109D6DF8119D6EF8129D76
:10E260006FF8139D70F8149D71F8159D72F8169D46
:10E2700073F8179D74F8189D75F8199D76F81A9D16
:10E2800077F81B9D78F81C9D79F81D9D7AF81E9DE6
:10E290007BF81F9D7CF8209D7DF8219D7EF8229DB6
:10E2A00080F8239D81F8249D82F8259D83F8269D82
:10E2B00084F8279D85F8289D86F8299D87F82A9D52
:10E2C00088F82B9D89F82C9D8AF82D9D8BF82E9D22
:10E2D0008CF82F9D8DF8309D8EF8319D8FF8329DF2
:10E2E00090F8339D91F8349D92F8359D93F8369DC2
:10E2F00094F8379D95F8389D96F8399D97F83A9D92
:10E3000098F83B9D99F83C9D9AF83D9D9BF83E9D61
:10E310009CF83F9D9DF8409D9EF8419D9FF8429D31
:10E32000A0F8439D40F9449D41F9459D42F9469D21
:10E3300043F9479D44F9489D45F9499D46F94A9D51
:10E3400047F94B9D48F94C9D49F94D9D4AF94E9D21
:10E350004BF94F9D4CF9509D4DF9519D4EF9529DF1
:10E360004FF9539D50F9549D51F9559D52F9569DC1
:10E3700053F9579D54F9589D55F9599D56F95A9D91
:10E3800057F95B9D58F95C9D59F95D9D5AF95E9D61
:10E390005BF95F9D5CF9609D5DF9619D5EF9629D31
:10E3A0005FF9639D60F9649D61F9659D62F9669D01
:10E3B00063F9679D64F9689D65F9699D66F96A9DD1
:10E3C00067F96B9D68F96C9D69F96D9D6AF96E9DA1
:10E3D0006BF96F9D6CF9709D6DF9719D6EF9729D71
:10E3E0006FF9739D70F9749D71F9759D72F9769D41
:10E3F00073F9779D74F9789D75F9799D76F97A9D11
:10E4000077F97B9D78F97C9D79F97D9D7AF97E9DE0
:10E410007BF97F9D7CF9809D7DF9819D7EF9829DB0
:10E4200080F9839D81F9849D82F9859D83F9869D7C
:10E4300084F9879D85F9889D86F9899D87F98A9D4C
:10E4400088F98B9D89F98C9D8AF98D9D8BF98E9D1C
:10E450008CF98F9D8DF9909D8EF9919D8FF9929DEC
:10E4600090F9939D91F9949D92F9959D93F9969DBC
:10E4700094F9979D95F9989D96F9999D97F99A9D8C
:10E4800098F99B9D99F99C9D9AF99D9D9BF99E9D5C
:10E490009CF99F9D9DF9A09D9EF9A19D9FF9A29D2C
:10E4A000A0F9A39D40FAA49D41FAA59D42FAA69D1C
:10E4B00043FAA79D44FAA89D45FAA99D46FAAA9D4C
:10E4C00047FAAB9D48FAAC9D49FAAD9D4AFAAE9D1C
:10E4D0004BFAAF9D4CFAB09D4DFAB19D4EFAB29DEC
:10E4E0004FFAB39D50FAB49D51FAB59D52FAB69DBC
:10E4F00053FAB79D54FAB89D55FAB99D56FABA9D8C
:10E5000057FABB9D58FABC9D59FABD9D5AFABE9D5B
:10E510005BFABF9D5CFAC09D5DFAC19D5EFAC29D2B
:10E520005FFAC39D60FAC49D61FAC59D62FAC69DFB
:10E5300063FAC79D64FAC89D65FAC99D66FACA9DCB
:10E5400067FACB9D68FACC9D69FACD9D6AFACE9D9B
:10E550006BFACF9D6CFAD09D6DFAD19D6EFAD29D6B
:10E560006FFAD39D70FAD49D71FAD59D72FAD69D3B
:10E5700073FAD79D74FAD89D75FAD99D76FADA9D0B
:10E5800077FADB9D78FADC9D79FADD9D7AFADE9DDB
:10E590007BFADF9D7CFAE09D7DFAE19D7EFAE29DAB
:10E5A00080FAE39D81FAE49D82FAE59D83FAE69D77
:10E5B00084FAE79D85FAE89D86FAE99D87FAEA9D47
:10E5C00088FAEB9D89FAEC9D8AFAED9D8BFAEE9D17
:10E5D0008CFAEF9D8DFAF09D8EFAF19D8FFAF29DE7
:10E5E00090FAF39D91FAF49D92FAF59D93FAF69DB7
:10E5F00094FAF79D95FAF89D96FAF99D97FAFA9D87
:10E6000098FAFB9D99FAFC9D9AFAFD9D9BFAFE9D56
:10E610009CFAFF9D9DFA009E9EFA019E9FFA029E23
:10E62000A0FA039E40FB049E41FB059E42FB069E12
:10E6300043FB079E44FB089E45FB099E46FB0A9E42
:10E6400047FB0B9E48FB0C9E49FB0D9E4AFB0E9E12
:10E650004BFB0F9E4CFB109E4DFB119E4EFB129EE2
:10E660004FFB139E50FB149E51FB159E52FB169EB2
:10E6700053FB179E54FB189E55FB199E56FB1A9E82
:10E6800057FB1B9E58FB1C9E59FB1D9E5AFB1E9E52
:10E690005BFB1F9EF1C4209EAFF0219EA6BC229E74
:10E6A000B0F0239EF9C3249E5CFB259EB8C5269E30
:10E6B000BBD1279E5DFB289EB1F0299EB2F02A9E19
:10E6C000B3F02B9EB4F02C9EB5F02D9EBCD12E9EA7
:10E6D0005EFB2F9EECD1309E5FFB319EB7F0329EE9
:10E6E000B6F0339EA7D4349E60FB359ED2CD369EC5
:10E6F000B8F0379EBAF0389EB9F0399EBBF03A9E1A
:10E70000BCF03B9E61FB3C9E62FB3D9EEBB83E9E97
:10E71000BDF03F9EE8BA409E63FB419EBEF0429E24
:10E72000BFF0439EE9BE449EC0F0459EECB6469EB7
:10E73000C1F0479EC2F0489EC3F0499EC4F04A9E75
:10E74000B5C84B9EC5F04C9EC6F04D9E64FB4E9ED8
:10E75000C7F04F9EF4C5509E65FB519EC8F0529E77
:10E7600066FB539E67FB549E68FB559EC9F0569E00
:10E7700069FB579ECAF0589EBDF7599E6AFB5A9E88
:10E78000CBF05B9ECCF05C9ECDF05D9E6BFB5E9E05
:10E79000CEF05F9E6CFB609E6DFB619E6EFB629E89
:10E7A0006FFB639ECFF0649ED7BA659E70FB669E3A
:10E7B000D0F0679ED1F0689ED2F0699ED3F06A9E39
:10E7C000D4F06B9ED5F06C9ED6F06D9ED8F06E9E08
:10E7D00071FB6F9E72FB709EA5D3719ED7F0729EE7
:10E7E00073FB739ED9F0749E74FB759E75FB769EC9
:10E7F00076FB779E77FB789E78FB799E79FB7A9EF5
:10E800007AFB7B9E7BFB7C9E7CFB7D9E7DFB7E9EC4
:10E81000BAF57F9EB9C2809E7EFB819E80FB829E60
:10E82000E4F7839E81FB849E82FB859E83FB869E0C
:10E8300084FB879EE5F7889EE6F7899E85FB8A9E86
:10E8400086FB8B9EE7F78C9E87FB8D9E88FB8E9EBA
:10E8500089FB8F9E8AFB909E8BFB919E8CFB929EE8
:10E86000E8F7939EB4C2949E8DFB959E8EFB969E78
:10E870008FFB979E90FB989E91FB999E92FB9A9E90
:10E8800093FB9B9E94FB9C9E95FB9D9EEAF79E9E10
:10E8900096FB9F9EEBF7A09E97FBA19E98FBA29EE6
:10E8A00099FBA39E9AFBA49E9BFBA59E9CFBA69E08
:10E8B000F3C2A79E9DFBA89E9EFBA99E9FFBAA9EBE
:10E8C000A0FBAB9E40FCAC9E41FCAD9E42FCAE9ECC
:10E8D00043FCAF9E44FCB09E45FCB19E46FCB29EFC
:10E8E00047FCB39E48FCB49EF0F4B59E49FCB69E2E
:10E8F0004AFCB79E4BFCB89EEFF4B99E4CFCBA9E06
:10E900004DFCBB9EE9C2BC9E4EFCBD9EE1F7BE9E87
:10E91000E2F7BF9E4FFCC09E50FCC19E51FCC29EC0
:10E9200052FCC39E53FCC49EC6BBC59E54FCC69EEF
:10E9300055FCC79E56FCC89E57FCC99EE4D9CA9E8A
:10E9400058FCCB9E59FCCC9E5AFCCD9EF2CACE9E62
:10E95000E8C0CF9EA4F0D09E5BFCD19EDABAD29ED6
:10E960005CFCD39E5DFCD49EADC7D59E5EFCD69E5E
:10E970005FFCD79E60FCD89EACC4D99E61FCDA9E39
:10E9800062FCDB9EECF7DC9EEDF7DD9EEEF7DE9E93
:10E9900063FCDF9EF0F7E09EEFF7E19E64FCE29EF1
:10E9A000F1F7E39E65FCE49E66FCE59EF4F7E69EC7
:10E9B00067FCE79EF3F7E89E68FCE99EF2F7EA9EA3
:10E9C000F5F7EB9E69FCEC9E6AFCED9E6BFCEE9EFF
:10E9D0006CFCEF9EF6F7F09E6DFCF19E6EFCF29ED5
:10E9E0006FFCF39E70FCF49E71FCF59E72FCF69E2B
:10E9F00073FCF79E74FCF89E75FCF99EE9EDFA9E97
:10EA000076FCFB9EEAEDFC9EEBEDFD9E77FCFE9E08
:10EA1000BCF6FF9E78FC009F79FC019F7AFC029F68
:10EA20007BFC039F7CFC049F7DFC059F7EFC069F76
:10EA300080FC079F81FC089F82FC099F83FC0A9F42
:10EA400084FC0B9FBDF60C9F85FC0D9FBEF60E9FB0
:10EA5000A6B60F9F86FC109FBED8119F87FC129F01
:10EA600088FC139FC4B9149F89FC159F8AFC169FCC
:10EA70008BFC179FBBD8189F8CFC199FB1DC1A9F89
:10EA80008DFC1B9F8EFC1C9F8FFC1D9F90FC1E9F6E
:10EA900091FC1F9F92FC209FF3CA219F93FC229F11
:10EAA000F7F7239F94FC249F95FC259F96FC269FB7
:10EAB00097FC279F98FC289F99FC299F9AFC2A9FE6
:10EAC0009BFC2B9F9CFC2C9FF8F72D9F9DFC2E9F61
:10EAD0009EFC2F9FF9F7309F9FFC319FA0FC329F37
:10EAE00040FD339F41FD349F42FD359F43FD369FDE
:10EAF00044FD379FFBF7389F45FD399FFAF73A9F52
:10EB000046FD3B9FC7B13C9F47FD3D9FFCF73E9FA5
:10EB1000FDF73F9F48FD409F49FD419F4AFD429FB1
:10EB20004BFD439F4CFD449FFEF7459F4DFD469F87
:10EB30004EFD479F4FFD489F50FD499F51FD4A9F05
:10EB400052FD4B9F53FD4C9F54FD4D9F55FD4E9FD5
:10EB500056FD4F9F57FD509FEBC6519FB4EC529FFF
:10EB600058FD539F59FD549F5AFD559F5BFD569F7D
:10EB70005CFD579F5DFD589F5EFD599F5FFD5A9F4D
:10EB800060FD5B9F61FD5C9F62FD5D9F63FD5E9F1D
:10EB900064FD5F9F65FD609F66FD619F67FD629FED
:10EBA00068FD639F69FD649F6AFD659F6BFD669FBD
:10EBB0006CFD679F6DFD689F6EFD699F6FFD6A9F8D
:10EBC00070FD6B9F71FD6C9F72FD6D9F73FD6E9F5D
:10EBD00074FD6F9F75FD709F76FD719F77FD729F2D
:10EBE00078FD739F79FD749F7AFD759F7BFD769FFD
:10EBF0007CFD779F7DFD789F7EFD799F80FD7A9FCC
:10EC000081FD7B9F82FD7C9F83FD7D9F84FD7E9F98
:10EC100085FD7F9FDDB3809FB3F6819F86FD829F38
:10EC200087FD839FB4F6849FE4C1859FB5F6869FD8
:10EC3000B6F6879FB7F6889FB8F6899FB9F68A9F80
:10EC4000BAF68B9FA3C88C9FBBF68D9F88FD8E9FC5
:10EC500089FD8F9F8AFD909F8BFD919F8CFD929FD8
:10EC60008DFD939F8EFD949F8FFD959F90FD969FA8
:10EC700091FD979F92FD989F93FD999FFAC19A9F4E
:10EC8000A8B99B9FE8ED9C9F94FD9D9F95FD9E9F3D
:10EC900096FD9F9FEAB9A09FDFD9A19F97FDA29FF4
:10ECA00098FDA39F99FDA49F9AFDA59F9BFD2CF91C
:10ECB0009CFD79F99DFD95F99EFDE7F99FFDF1F920
:10ECC000A0FD0CFA40FE0DFA41FE0EFA42FE0FFACC
:10ECD00043FE11FA44FE13FA45FE14FA46FE18FAF2
:10ECE00047FE1FFA48FE20FA49FE21FA4AFE23FA9F
:10ECF0004BFE24FA4CFE27FA4DFE28FA4EFE29FA66
:10ED00004FFE30FE55A931FEF2A633FEF4A634FEC6
:10ED1000F5A635FEE0A636FEE1A637FEF0A638FEE3
:10ED2000F1A639FEE2A63AFEE3A63BFEEEA63CFEC5
:10ED3000EFA63DFEE6A63EFEE7A63FFEE4A640FEA9
:10ED4000E5A641FEE8A642FEE9A643FEEAA644FE89
:10ED5000EBA649FE68A94AFE69A94BFE6AA94CFECA
:10ED60006BA94DFE6CA94EFE6DA94FFE6EA950FE1B
:10ED70006FA951FE70A952FE71A954FE72A955FEE9
:10ED800073A956FE74A957FE75A959FE76A95AFEB5
:10ED900077A95BFE78A95CFE79A95DFE7AA95EFE83
:10EDA0007BA95FFE7CA960FE7DA961FE7EA962FE53
:10EDB00080A963FE81A964FE82A965FE83A966FE1F
:10EDC00084A968FE85A969FE86A96AFE87A96BFEEB
:10EDD00088A901FFA1A302FFA2A303FFA3A304FF2D
:10EDE000E7A105FFA5A306FFA6A307FFA7A308FFAA
:10EDF000A8A309FFA9A30AFFAAA30BFFABA30CFFBB
:10EE0000ACA30DFFADA30EFFAEA30FFFAFA310FF8A
:10EE1000B0A311FFB1A312FFB2A313FFB3A314FF5A
:10EE2000B4A315FFB5A316FFB6A317FFB7A318FF2A
:10EE3000B8A319FFB9A31AFFBAA31BFFBBA31CFFFA
:10EE4000BCA31DFFBDA31EFFBEA31FFFBFA320FFCA
:10EE5000C0A321FFC1A322FFC2A323FFC3A324FF9A
:10EE6000C4A325FFC5A326FFC6A327FFC7A328FF6A
:10EE7000C8A329FFC9A32AFFCAA32BFFCBA32CFF3A
:10EE8000CCA32DFFCDA32EFFCEA32FFFCFA330FF0A
:10EE9000D0A331FFD1A332FFD2A333FFD3A334FFDA
:10EEA000D4A335FFD5A336FFD6A337FFD7A338FFAA
:10EEB000D8A339FFD9A33AFFDAA33BFFDBA33CFF7A
:10EEC000DCA33DFFDDA33EFFDEA33FFFDFA340FF4A
:10EED000E0A341FFE1A342FFE2A343FFE3A344FF1A
:10EEE000E4A345FFE5A346FFE6A347FFE7A348FFEA
:10EEF000E8A349FFE9A34AFFEAA34BFFEBA34CFFBA
:10EF0000ECA34DFFEDA34EFFEEA34FFFEFA350FF89
:10EF1000F0A351FFF1A352FFF2A353FFF3A354FF59
:10EF2000F4A355FFF5A356FFF6A357FFF7A358FF29
:10EF3000F8A359FFF9A35AFFFAA35BFFFBA35CFFF9
:10EF4000FCA35DFFFDA35EFFABA1E0FFE9A1E1FF34
:10EF5000EAA1E2FF56A9E3FFFEA3E4FF57A9E5FFFC
:10EF6000A4A3000000008000AC204081024E41813B
:10EF7000044E4281054E4381064E44810F4E458129
:10EF8000124E4681174E47811F4E4881204E4981BF
:10EF9000214E4A81234E4B81264E4C81294E4D8174
:10EFA0002E4E4E812F4E4F81314E5081334E518126
:10EFB000354E5281374E53813C4E5481404E5581DF
:10EFC000414E5681424E5781444E5881464E59819A
:10EFD0004A4E5A81514E5B81554E5C81574E5D8140
:10EFE0005A4E5E815B4E5F81624E6081634E6181ED
:10EFF000644E6281654E6381674E6481684E6581AF
:10F000006A4E66816B4E67816C4E68816D4E698178
:10F010006E4E6A816F4E6B81724E6C81744E6D8143
:10F02000754E6E81764E6F81774E7081784E71810C
:10F03000794E72817A4E73817B4E74817C4E7581DC
:10F040007D4E76817F4E7781804E7881814E7981A9
:10F05000824E7A81834E7B81844E7C81854E7D8178
:10F06000874E7E818A4E8081904E8181964E82812C
:10F07000974E8381994E84819C4E85819D4E8681D9
:10F080009E4E8781A34E8881AA4E8981AF4E8A8188
:10F09000B04E8B81B14E8C81B44E8D81B64E8E8137
:10F0A000B74E8F81B84E9081B94E9181BC4E9281FE
:10F0B000BD4E9381BE4E9481C84E9581CC4E9681B3
:10F0C000CF4E9781D04E9881D24E9981DA4E9A8157
:10F0D000DB4E9B81DC4E9C81E04E9D81E24E9E8109
:10F0E000E64E9F81E74EA081E94EA181ED4EA281BF
:10F0F000EE4EA381EF4EA481F14EA581F44EA68180
:10F10000F84EA781F94EA881FA4EA981FC4EAA813A
:10F11000FE4EAB81004FAC81024FAD81034FAE81FB
:10F12000044FAF81054FB081064FB181074FB281C7
:10F13000084FB3810B4FB4810C4FB581124FB6818C
:10F14000134FB781144FB881154FB981164FBA814B
:10F150001C4FBB811D4FBC81214FBD81234FBE8100
:10F16000284FBF81294FC0812C4FC1812D4FC281B3
:10F170002E4FC381314FC481334FC581354FC68176
:10F18000374FC781394FC8813B4FC9813E4FCA8134
:10F190003F4FCB81404FCC81414FCD81424FCE81FB
:10F1A000444FCF81454FD081474FD181484FD281C5
:10F1B000494FD3814A4FD4814B4FD5814C4FD68193
:10F1C000524FD781544FD881564FD981614FDA8140
:10F1D000624FDB81664FDC81684FDD816A4FDE81E3
:10F1E0006B4FDF816D4FE0816E4FE181714FE281A6
:10F1F000724FE381754FE481774FE581784FE68167
:10F20000794FE7817A4FE8817D4FE981804FEA812C
:10F21000814FEB81824FEC81854FED81864FEE81EE
:10F22000874FEF818A4FF0818C4FF1818E4FF281B1
:10F23000904FF381924FF481934FF581954FF68172
:10F24000964FF781984FF881994FF9819A4FFA813B
:10F250009C4FFB819E4FFC819F4FFD81A14FFE8102
:10F26000A24F4082A44F4182AB4F4282AD4F4382B6
:10F27000B04F4482B14F4582B24F4682B34F47826E
:10F28000B44F4882B64F4982B74F4A82B84F4B823B
:10F29000B94F4C82BA4F4D82BB4F4E82BC4F4F820A
:10F2A000BD4F5082BE4F5182C04F5282C14F5382D8
:10F2B000C24F5482C64F5582C74F5682C84F57829D
:10F2C000C94F5882CB4F5982CC4F5A82CD4F5B8267
:10F2D000D24F5C82D34F5D82D44F5E82D54F5F8226
:10F2E000D64F6082D94F6182DB4F6282E04F6382EA
:10F2F000E24F6482E44F6582E54F6682E74F6782A2
:10F30000EB4F6882EC4F6982F04F6A82F24F6B825A
:10F31000F44F6C82F54F6D82F64F6E82F74F6F821D
:10F32000F94F7082FB4F7182FC4F7282FD4F7382E6
:10F33000FF4F7482005075820150768202507782AE
:10F34000035078820450798205507A8206507B827D
:10F3500007507C8208507D8209507E820A5080824C
:10F360000B5081820E508282105083821150848211
:10F3700013508582155086821650878217508882D6
:10F380001B5089821D508A821E508B8220508C8295
:10F3900022508D8223508E8224508F82275090825B
:10F3A0002B5091822F509282305093823150948210
:10F3B00032509582335096823450978235509882DD
:10F3C0003650998237509A8238509B8239509C82AD
:10F3D0003B509D823D509E823F509F824050A08274
:10F3E0004150A1824250A2824450A3824550A4823F
:10F3F0004650A5824950A6824A50A7824B50A88207
:10F400004D50A9825050AA825150AB825250AC82CA
:10F410005350AD825450AE825650AF825750B08296
:10F420005850B1825950B2825B50B3825D50B48261
:10F430005E50B5825F50B6826050B7826150B8822C
:10F440006250B9826350BA826450BB826650BC82FB
:10F450006750BD826850BE826950BF826A50C082C8
:10F460006B50C1826D50C2826E50C3826F50C48295
:10F470007050C5827150C6827250C7827350C88264
:10F480007450C9827550CA827850CB827950CC8230
:10F490007A50CD827C50CE827D50CF828150D082F6
:10F4A0008250D1828350D2828450D3828650D482BB
:10F4B0008750D5828950D6828A50D7828B50D88285
:10F4C0008C50D9828E50DA828F50DB829050DC8251
:10F4D0009150DD829250DE829350DF829450E08220
:10F4E0009550E1829650E2829750E3829850E482F0
:10F4F0009950E5829A50E6829B50E7829C50E882C0
:10F500009D50E9829E50EA829F50EB82A050EC828F
:10F51000A150ED82A250EE82A450EF82A650F0825C
:10F52000AA50F182AB50F282AD50F382AE50F48219
:10F53000AF50F582B050F682B150F782B350F882E6
:10F54000B450F982B550FA82B650FB82B750FC82B3
:10F55000B850FD82B950FE82BC504083BD504183FB
:10F56000BE504283BF504383C0504483C150458343
:10F57000C2504683C3504783C4504883C550498313
:10F58000C6504A83C7504B83C8504C83C9504D83E3
:10F59000CA504E83CB504F83CC505083CD505183B3
:10F5A000CE505283D0505383D1505483D250558380
:10F5B000D3505683D4505783D5505883D75059834E
:10F5C000D8505A83D9505B83DB505C83DC505D8319
:10F5D000DD505E83DE505F83DF506083E0506183E7
:10F5E000E1506283E2506383E3506483E4506583B7
:10F5F000E5506683E8506783E9506883EA50698381
:10F60000EB506A83EF506B83F0506C83F1506D8345
:10F61000F2506E83F4506F83F6507083F75071830D
:10F62000F8507283F9507383FA507483FC507583D9
:10F63000FD507683FE507783FF50788300517983A5
:10F6400001517A8302517B8303517C8304517D8372
:10F6500005517E8308518083095181830A51828339
:10F660000C5183830D5184830E5185830F51868302
:10F6700010518783115188831351898314518A83D0
:10F6800015518B8316518C8317518D8318518E839E
:10F6900019518F831A5190831B5191831C5192836E
:10F6A0001D5193831E5194831F519583205196833E
:10F6B00022519783235198832451998325519A830A
:10F6C00026519B8327519C8328519D8329519E83DA
:10F6D0002A519F832B51A0832C51A1832D51A283AA
:10F6E0002E51A3832F51A4833051A5833151A6837A
:10F6F0003251A7833351A8833451A9833551AA834A
:10F700003651AB833751AC833851AD833951AE8319
:10F710003A51AF833B51B0833C51B1833D51B283E9
:10F720003E51B3834251B4834751B5834A51B683A6
:10F730004C51B7834E51B8834F51B9835051BA835E
:10F740005251BB835351BC835751BD835851BE8323
:10F750005951BF835B51C0835D51C1835E51C283E8
:10F760005F51C3836051C4836151C5836351C683B4
:10F770006451C7836651C8836751C9836951CA837D
:10F780006A51CB836F51CC837251CD837A51CE8332
:10F790007E51CF837F51D0838351D1838451D283D3
:10F7A0008651D3838751D4838A51D5838B51D68395
:10F7B0008E51D7838F51D8839051D9839151DA8359
:10F7C0009351DB839451DC839851DD839A51DE831E
:10F7D0009D51DF839E51E0839F51E183A151E283DC
:10F7E000A351E383A651E483A751E583A851E6839F
:10F7F000A951E783AA51E883AD51E983AE51EA8369
:10F80000B451EB83B851EC83B951ED83BA51EE8317
:10F81000BE51EF83BF51F083C151F183C251F283D6
:10F82000C351F383C551F483C851F583CA51F6839C
:10F83000CD51F783CE51F883D051F983D251FA8359
:10F84000D351FB83D451FC83D551FD83D651FE8324
:10F85000D7514084D8514184D9514284DA514384EC
:10F86000DC514484DE514584DF514684E2514784B3
:10F87000E3514884E5514984E6514A84E7514B8479
:10F88000E8514C84E9514D84EA514E84EC514F8447
:10F89000EE515084F1515184F2515284F451538409
:10F8A000F7515484FE5155840452568405525784AE
:10F8B000095258840B5259840C525A840F525B845B
:10F8C00010525C8413525D8414525E8415525F841E
:10F8D0001C5260841E5261841F52628421526384D0
:10F8E000225264842352658425526684265267849A
:10F8F000275268842A5269842C526A842F526B845E
:10F9000031526C8432526D8434526E8435526F841D
:10F910003C5270843E5271844452728445527384C6
:10F92000465274844752758448527684495277848B
:10F930004B5278844E5279844F527A8452527B844F
:10F9400053527C8455527D8457527E845852808411
:10F95000595281845A5282845B5283845D528484DA
:10F960005F528584605286846252878463528884A1
:10F970006452898466528A8468528B846B528C8468
:10F980006C528D846D528E846E528F84705290842E
:10F9900071529184735292847452938475529484F8
:10F9A00076529584775296847852978479529884C7
:10F9B0007A5299847B529A847C529B847E529C8496
:10F9C00080529D8483529E8484529F848552A08459
:10F9D0008652A1848752A2848952A3848A52A48425
:10F9E0008B52A5848C52A6848D52A7848E52A884F3
:10F9F0008F52A9849152AA849252AB849452AC84BF
:10FA00009552AD849652AE849752AF849852B0848A
:10FA10009952B1849A52B2849C52B384A452B48451
:10FA2000A552B584A652B684A752B784AE52B88404
:10FA3000AF52B984B052BA84B452BB84B552BC84BC
:10FA4000B652BD84B752BE84B852BF84B952C08486
:10FA5000BA52C184BB52C284BC52C384BD52C48456
:10FA6000C052C584C152C684C252C784C452C8841D
:10FA7000C552C984C652CA84C852CB84CA52CC84E7
:10FA8000CC52CD84CD52CE84CE52CF84CF52D084AE
:10FA9000D152D184D352D284D452D384D552D48477
:10FAA000D752D584D952D684DA52D784DB52D8843F
:10FAB000DC52D984DD52DA84DE52DB84E052DC840D
:10FAC000E152DD84E252DE84E352DF84E552E084D9
:10FAD000E652E184E752E284E852E384E952E484A6
:10FAE000EA52E584EB52E684EC52E784ED52E88476
:10FAF000EE52E984EF52EA84F152EB84F252EC8444
:10FB0000F352ED84F452EE84F552EF84F652F08411
:10FB1000F752F184F852F284FB52F384FC52F484DD
:10FB2000FD52F5840153F6840253F7840353F8849D
:10FB30000453F9840753FA840953FB840A53FC8461
:10FB40000B53FD840C53FE840E53408511534185A5
:10FB500012534285135343851453448518534585E6
:10FB60001B5346851C5347851E5348851F534985A3
:10FB700022534A8524534B8525534C8527534D8565
:10FB800028534E8529534F852B5350852C5351852F
:10FB90002D5352852F5353853053548531535585FA
:10FBA00032535685335357853453588535535985C9
:10FBB00036535A8537535B8538535C853C535D8596
:10FBC0003D535E8540535F85425360854453618554
:10FBD000465362854B5363854C5364854D5365850D
:10FBE00050536685545367855853688559536985C2
:10FBF0005B536A855D536B8565536C8568536D8572
:10FC00006A536E856C536F856D5370857253718521
:10FC100076537285795373857B5374857C537585D0
:10FC20007D5376857E53778580537885815379859A
:10FC300083537A8587537B8588537C858A537D855A
:10FC40008E537E858F538085905381859153828515
:10FC500092538385935384859453858596538685E3
:10FC600097538785995388859B5389859C538A85AB
:10FC70009E538B85A0538C85A1538D85A4538E856F
:10FC8000A7538F85AA539085AB539185AC5392852A
:10FC9000AD539385AF539485B0539585B1539685F5
:10FCA000B2539785B3539885B4539985B5539A85C4
:10FCB000B7539B85B8539C85B9539D85BA539E8590
:10FCC000BC539F85BD53A085BE53A185C053A2855B
:10FCD000C353A385C453A485C553A585C653A68520
:10FCE000C753A785CE53A885CF53A985D053AA85DE
:10FCF000D253AB85D353AC85D553AD85DA53AE859E
:10FD0000DC53AF85DD53B085DE53B185E153B28559
:10FD1000E253B385E753B485F453B585FA53B685FA
:10FD2000FE53B785FF53B8850054B9850254BA8590
:10FD30000554BB850754BC850B54BD851454BE8542
:10FD40001854BF851954C0851A54C1851C54C285E6
:10FD50002254C3852454C4852554C5852A54C68598
:10FD60003054C7853354C8853654C9853754CA853D
:10FD70003A54CB853D54CC853F54CD854154CE85F6
:10FD80004254CF854454D0854554D1854754D285BB
:10FD90004954D3854C54D4854D54D5854E54D6857D
:10FDA0004F54D7855154D8855A54D9855D54DA8536
:10FDB0005E54DB855F54DC856054DD856154DE85EF
:10FDC0006354DF856554E0856754E1856954E285B5
:10FDD0006A54E3856B54E4856C54E5856D54E6857F
:10FDE0006E54E7856F54E8857054E9857454EA854C
:10FDF0007954EB857A54EC857E54ED857F54EE85FD
:10FE00008154EF858354F0858554F1858754F285BC
:10FE10008854F3858954F4858A54F5858D54F68584
:10FE20009154F7859354F8859754F9859854FA8539
:10FE30009C54FB859E54FC859F54FD85A054FE85F3
:10FE4000A1544086A2544186A5544286AE544386AE
:10FE5000B0544486B2544586B5544686B654478657
:10FE6000B7544886B9544986BA544A86BC544B861E
:10FE7000BE544C86C3544D86C5544E86CA544F86D4
:10FE8000CB545086D6545186D8545286DB54538670
:10FE9000E0545486E1545586E2545686E35457861E
:10FEA000E4545886EB545986EC545A86EF545B86DA
:10FEB000F0545C86F1545D86F4545E86F5545F869A
:10FEC000F6546086F7546186F8546286F954638666
:10FED000FB546486FE546586005566860255678627
:10FEE000035568860455698605556A8608556B86EC
:10FEF0000A556C860B556D860C556E860D556F86B2
:10FF00000E55708612557186135572861555738677
:10FF10001655748617557586185576861955778641
:10FF20001A5578861C5579861D557A861E557B860E
:10FF30001F557C8621557D8625557E8626558086D3
:10FF400028558186295582862B5583862D55848692
:10FF5000325585863455868635558786365588864A
:10FF60003855898639558A863A558B863B558C8615
:10FF70003D558D8640558E8642558F8645559086D7
:10FF800047559186485592864B5593864C55948695
:10FF90004D5595864E5596864F5597865155988660
:10FFA0005255998653559A8654559B8657559C862B
:10FFB00058559D8659559E865A559F865B55A086F5
:10FFC0005D55A1865E55A2865F55A3866055A486C1
:10FFD0006255A5866355A6866855A7866955A88685
:10FFE0006B55A9866F55AA867055AB867155AC8640
:10FFF0007255AD867355AE867455AF867955B08609
:020000040802F0
:100000007A55B1867D55B2867F55B3868555B486BF
:100010008655B5868C55B6868D55B7868E55B8866D
:100020009055B9869255BA869355BB869555BC8630
:100030009655BD869755BE869A55BF869B55C086F8
:100040009E55C186A055C286A155C386A255C486B9
:10005000A355C586A455C686A555C786A655C88688
:10006000A855C986A955CA86AA55CB86AB55CC8654
:10007000AC55CD86AD55CE86AE55CF86AF55D08624
:10008000B055D186B255D286B455D386B655D486EE
:10009000B855D586BA55D686BC55D786BF55D886AD
:1000A000C055D986C155DA86C255DB86C355DC8674
:1000B000C655DD86C755DE86C855DF86CA55E0863B
:1000C000CB55E186CE55E286CF55E386D055E48602
:1000D000D555E586D755E686D855E786D955E886BD
:1000E000DA55E986DB55EA86DE55EB86E055EC8687
:1000F000E255ED86E755EE86E955EF86ED55F0863B
:10010000EE55F186F055F286F155F386F455F486F6
:10011000F655F586F855F686F955F786FA55F886B8
:10012000FB55F986FC55FA86FF55FB860256FC8680
:100130000356FD860456FE860556408706564187BF
:10014000075642870A5643870B5644870D56458704
:1001500010564687115647871256488713564987C7
:1001600014564A8715564B8716564C8717564D8797
:1001700019564E871A564F871C5650871D56518761
:100180002056528721565387225654872556558725
:100190002656568728565787295658872A565987EC
:1001A0002B565A872E565B872F565C8730565D87B5
:1001B00033565E8735565F87375660873856618776
:1001C0003A5662873C5663873D5664873E5665873C
:1001D0004056668741566787425668874356698707
:1001E00044566A8745566B8746566C8747566D87D7
:1001F00048566E8749566F874A5670874B567187A7
:100200004F5672875056738751567487525675876A
:100210005356768755567787565678875A56798734
:100220005B567A875D567B875E567C875F567D87F7
:1002300060567E87615680876356818765568287C0
:1002400066568387675684876D5685876E56868780
:100250006F568787705688877256898773568A8744
:1002600074568B8775568C8777568D8778568E8710
:1002700079568F877A5690877D5691877E569287DA
:100280007F569387805694878156958782569687A6
:1002900083569787845698878756998788569A8772
:1002A00089569B878A569C878B569D878C569E873E
:1002B0008D569F879056A0879156A1879256A28708
:1002C0009456A3879556A4879656A5879756A687D2
:1002D0009856A7879956A8879A56A9879B56AA87A2
:1002E0009C56AB879D56AC879E56AD879F56AE8772
:1002F000A056AF87A156B087A256B187A456B28741
:10030000A556B387A656B487A756B587A856B6870D
:10031000A956B787AA56B887AB56B987AC56BA87DD
:10032000AD56BB87AE56BC87B056BD87B156BE87AB
:10033000B256BF87B356C087B456C187B556C28779
:10034000B656C387B856C487B956C587BA56C68746
:10035000BB56C787BD56C887BE56C987BF56CA8712
:10036000C056CB87C156CC87C256CD87C356CE87E1
:10037000C456CF87C556D087C656D187C756D287B1
:10038000C856D387C956D487CB56D587CC56D6877F
:10039000CD56D787CE56D887CF56D987D056DA874D
:1003A000D156DB87D256DC87D356DD87D556DE871C
:1003B000D656DF87D856E087D956E187DC56E287E4
:1003C000E356E387E556E487E656E587E756E68792
:1003D000E856E787E956E887EA56E987EC56EA8760
:1003E000EE56EB87EF56EC87F256ED87F356EE8725
:1003F000F656EF87F756F087F856F187FB56F287E7
:10040000FC56F3870057F4870157F5870257F687A4
:100410000557F7870757F8870B57F9870C57FA875F
:100420000D57FB870E57FC870F57FD871057FE8728
:1004300011574088125741881357428814574388F0
:1004400015574488165745881757468818574788C0
:10045000195748881A5749881B574A881D574B888F
:100460001E574C8820574D8821574E8822574F8859
:100470002457508825575188265752882757538824
:100480002B575488315755883257568834575788D8
:10049000355758883657598837575A8838575B88A0
:1004A0003C575C883D575D883F575E8841575F8861
:1004B0004357608844576188455762884657638828
:1004C00048576488495765884B57668852576788EC
:1004D000535768885457698855576A8856576B88A8
:1004E00058576C8859576D8862576E8863576F8864
:1004F00065577088675771886C5772886E57738814
:1005000070577488715775887257768874577788D2
:10051000755778887857798879577A887A577B8899
:100520007D577C887E577D887F577E88805780885E
:10053000815781888757828888578388895784881C
:100540008A5785888D5786888E5787888F578888E1
:100550009057898891578A8894578B8895578C88AB
:1005600096578D8897578E8898578F889957908877
:100570009A5791889C5792889D5793889E57948844
:100580009F579588A5579688A8579788AA579888FF
:10059000AC579988AF579A88B0579B88B1579C88B9
:1005A000B3579D88B5579E88B6579F88B757A08880
:1005B000B957A188BA57A288BB57A388BC57A4884B
:1005C000BD57A588BE57A688BF57A788C057A8881B
:1005D000C157A988C457AA88C557AB88C657AC88E5
:1005E000C757AD88C857AE88C957AF88CA57B088B3
:1005F000CC57B188CD57B288D057B388D157B4887B
:10060000D357B588D657B688D757B788DB57B88839
:10061000DC57B988DE57BA88E157BB88E257BC88F7
:10062000E357BD88E557BE88E657BF88E757C088BF
:10063000E857C188E957C288EA57C388EB57C4888E
:10064000EC57C588EE57C688F057C788F157C88859
:10065000F257C988F357CA88F557CB88F657CC8824
:10066000F757CD88FB57CE88FC57CF88FE57D088E8
:10067000FF57D1880158D2880358D3880458D488AA
:100680000558D5880858D6880958D7880A58D88870
:100690000C58D9880E58DA880F58DB881058DC8837
:1006A0001258DD881358DE881458DF881658E08801
:1006B0001758E1881858E2881A58E3881B58E488CC
:1006C0001C58E5881D58E6881F58E7882258E88896
:1006D0002358E9882558EA882658EB882758EC885B
:1006E0002858ED882958EE882B58EF882C58F08828
:1006F0002D58F1882E58F2882F58F3883158F488F5
:100700003258F5883358F6883458F7883658F888C0
:100710003758F9883858FA883958FB883A58FC888D
:100720003B58FD883C58FE883D5840893E584189D9
:100730003F58428940584389415844894258458925
:1007400043584689455847894658488947584989F2
:1007500048584A8949584B894A584C894B584D89C1
:100760004E584E894F584F89505850895258518988
:100770005358528955585389565854895758558952
:10078000595856895A5857895B5858895C5859891D
:100790005D585A895F585B8960585C8961585D89EA
:1007A00062585E8963585F896458608966586189B8
:1007B0006758628968586389695864896A58658985
:1007C0006D5866896E5867896F586889705869894D
:1007D00071586A8972586B8973586C8974586D891D
:1007E00075586E8976586F897758708978587189ED
:1007F000795872897A5873897B5874897C587589BD
:100800007D5876897F587789825878898458798984
:1008100086587A8987587B8988587C898A587D8947
:100820008B587E898C5880898D5881898E58828911
:100830008F588389905884899158858994588689DE
:1008400095588789965888899758898998588A89A8
:100850009B588B899C588C899D588D89A0588E896E
:10086000A1588F89A2589089A3589189A458928938
:10087000A5589389A6589489A7589589AA58968906
:10088000AB589789AC589889AD589989AE589A89D0
:10089000AF589B89B0589C89B1589D89B2589E89A0
:1008A000B3589F89B458A089B558A189B658A28970
:1008B000B758A389B858A489B958A589BA58A68940
:1008C000BB58A789BD58A889BE58A989BF58AA890D
:1008D000C058AB89C258AC89C358AD89C458AE89D9
:1008E000C658AF89C758B089C858B189C958B289A4
:1008F000CA58B389CB58B489CC58B589CD58B68974
:10090000CE58B789CF58B889D058B989D258BA8942
:10091000D358BB89D458BC89D658BD89D758BE890D
:10092000D858BF89D958C089DA58C189DB58C289DB
:10093000DC58C389DD58C489DE58C589DF58C689AB
:10094000E058C789E158C889E258C989E358CA897B
:10095000E558CB89E658CC89E758CD89E858CE8947
:10096000E958CF89EA58D089ED58D189EF58D28912
:10097000F158D389F258D489F458D589F558D689D5
:10098000F758D789F858D889FA58D989FB58DA899D
:10099000FC58DB89FD58DC89FE58DD89FF58DE896B
:1009A0000059DF890159E0890359E1890559E28934
:1009B0000659E3890859E4890959E5890A59E689FC
:1009C0000B59E7890C59E8890E59E9891059EA89C8
:1009D0001159EB891259EC891359ED891759EE8990
:1009E0001859EF891B59F0891D59F1891E59F2894F
:1009F0002059F3892159F4892259F5892359F68917
:100A00002659F7892859F8892C59F9893059FA89D2
:100A10003259FB893359FC893559FD893659FE898C
:100A20003B59408A3D59418A3E59428A3F59438A3F
:100A30004059448A4359458A4559468A4659478A06
:100A40004A59488A4C59498A4D594A8A50594B8AC1
:100A500052594C8A53594D8A59594E8A5B594F8A7B
:100A60005C59508A5D59518A5E59528A5F59538A3E
:100A70006159548A6359558A6459568A6659578A06
:100A80006759588A6859598A69595A8A6A595B8AD2
:100A90006B595C8A6C595D8A6D595E8A6E595F8AA2
:100AA0006F59608A7059618A7159628A7259638A72
:100AB0007559648A7759658A7A59668A7B59678A33
:100AC0007C59688A7E59698A7F596A8A80596B8AFB
:100AD00085596C8A89596D8A8B596E8A8C596F8AAF
:100AE0008E59708A8F59718A9059728A9159738A76
:100AF0009459748A9559758A9859768A9A59778A39
:100B00009B59788A9C59798A9D597A8A9F597B8A00
:100B1000A0597C8AA1597D8AA2597E8AA659808AC9
:100B2000A759818AAC59828AAD59838AB059848A7F
:100B3000B159858AB359868AB459878AB559888A42
:100B4000B659898AB7598A8AB8598B8ABA598C8A10
:100B5000BC598D8ABD598E8ABF598F8AC059908AD7
:100B6000C159918AC259928AC359938AC459948AA5
:100B7000C559958AC759968AC859978AC959988A72
:100B8000CC59998ACD599A8ACE599B8ACF599C8A39
:100B9000D5599D8AD6599E8AD9599F8ADB59A08AF0
:100BA000DE59A18ADF59A28AE059A38AE159A48AB1
:100BB000E259A58AE459A68AE659A78AE759A88A7C
:100BC000E959A98AEA59AA8AEB59AB8AED59AC8A44
:100BD000EE59AD8AEF59AE8AF059AF8AF159B08A11
:100BE000F259B18AF359B28AF459B38AF559B48AE1
:100BF000F659B58AF759B68AF859B78AFA59B88AB0
:100C0000FC59B98AFD59BA8AFE59BB8A005ABC8A76
:100C1000025ABD8A0A5ABE8A0B5ABF8A0D5AC08A26
:100C20000E5AC18A0F5AC28A105AC38A125AC48AEB
:100C3000145AC58A155AC68A165AC78A175AC88AB4
:100C4000195AC98A1A5ACA8A1B5ACB8A1D5ACC8A7F
:100C50001E5ACD8A215ACE8A225ACF8A245AD08A45
:100C6000265AD18A275AD28A285AD38A2A5AD48A0B
:100C70002B5AD58A2C5AD68A2D5AD78A2E5AD88AD8
:100C80002F5AD98A305ADA8A335ADB8A355ADC8AA3
:100C9000375ADD8A385ADE8A395ADF8A3A5AE08A68
:100CA0003B5AE18A3D5AE28A3E5AE38A3F5AE48A35
:100CB000415AE58A425AE68A435AE78A445AE88A00
:100CC000455AE98A475AEA8A485AEB8A4B5AEC8ACB
:100CD0004C5AED8A4D5AEE8A4E5AEF8A4F5AF08A94
:100CE000505AF18A515AF28A525AF38A535AF48A64
:100CF000545AF58A565AF68A575AF78A585AF88A31
:100D0000595AF98A5B5AFA8A5C5AFB8A5D5AFC8AFC
:100D10005E5AFD8A5F5AFE8A605A408B615A418B47
:100D2000635A428B645A438B655A448B665A458B8F
:100D3000685A468B695A478B6B5A488B6C5A498B59
:100D40006D5A4A8B6E5A4B8B6F5A4C8B705A4D8B27
:100D5000715A4E8B725A4F8B735A508B785A518BF3
:100D6000795A528B7B5A538B7C5A548B7D5A558BB4
:100D70007E5A568B805A578B815A588B825A598B80
:100D8000835A5A8B845A5B8B855A5C8B865A5D8B4F
:100D9000875A5E8B885A5F8B895A608B8A5A618B1F
:100DA0008B5A628B8C5A638B8D5A648B8E5A658BEF
:100DB0008F5A668B905A678B915A688B935A698BBE
:100DC000945A6A8B955A6B8B965A6C8B975A6D8B8B
:100DD000985A6E8B995A6F8B9C5A708B9D5A718B57
:100DE0009E5A728B9F5A738BA05A748BA15A758B23
:100DF000A25A768BA35A778BA45A788BA55A798BF3
:100E0000A65A7A8BA75A7B8BA85A7C8BA95A7D8BC2
:100E1000AB5A7E8BAC5A808BAD5A818BAE5A828B8B
:100E2000AF5A838BB05A848BB15A858BB45A868B58
:100E3000B65A878BB75A888BB95A898BBA5A8A8B1C
:100E4000BB5A8B8BBC5A8C8BBD5A8D8BBF5A8E8BE9
:100E5000C05A8F8BC35A908BC45A918BC55A928BB0
:100E6000C65A938BC75A948BC85A958BCA5A968B7D
:100E7000CB5A978BCD5A988BCE5A998BCF5A9A8B47
:100E8000D05A9B8BD15A9C8BD35A9D8BD55A9E8B13
:100E9000D75A9F8BD95AA08BDA5AA18BDB5AA28BD7
:100EA000DD5AA38BDE5AA48BDF5AA58BE25AA68BA0
:100EB000E45AA78BE55AA88BE75AA98BE85AAA8B64
:100EC000EA5AAB8BEC5AAC8BED5AAD8BEE5AAE8B2B
:100ED000EF5AAF8BF05AB08BF25AB18BF35AB28BF8
:100EE000F45AB38BF55AB48BF65AB58BF75AB68BC6
:100EF000F85AB78BF95AB88BFA5AB98BFB5ABA8B96
:100F0000FC5ABB8BFD5ABC8BFE5ABD8BFF5ABE8B65
:100F1000005BBF8B015BC08B025BC18B035BC28B31
:100F2000045BC38B055BC48B065BC58B075BC68B01
:100F3000085BC78B0A5BC88B0B5BC98B0C5BCA8BCE
:100F40000D5BCB8B0E5BCC8B0F5BCD8B105BCE8B9D
:100F5000115BCF8B125BD08B135BD18B145BD28B6D
:100F6000155BD38B185BD48B195BD58B1A5BD68B37
:100F70001B5BD78B1C5BD88B1D5BD98B1E5BDA8B05
:100F80001F5BDB8B205BDC8B215BDD8B225BDE8BD5
:100F9000235BDF8B245BE08B255BE18B265BE28BA5
:100FA000275BE38B285BE48B295BE58B2A5BE68B75
:100FB0002B5BE78B2C5BE88B2D5BE98B2E5BEA8B45
:100FC0002F5BEB8B305BEC8B315BED8B335BEE8B14
:100FD000355BEF8B365BF08B385BF18B395BF28BDB
:100FE0003A5BF38B3B5BF48B3C5BF58B3D5BF68BA9
:100FF0003E5BF78B3F5BF88B415BF98B425BFA8B77
:10100000435BFB8B445BFC8B455BFD8B465BFE8B44
:10101000475B408C485B418C495B428C4A5B438C0C
:101020004B5B448C4C5B458C4D5B468C4E5B478CDC
:101030004F5B488C525B498C565B4A8C5E5B4B8C99
:10104000605B4C8C615B4D8C675B4E8C685B4F8C3E
:101050006B5B508C6D5B518C6E5B528C6F5B538CF9
:10106000725B548C745B558C765B568C775B578CBB
:10107000785B588C795B598C7B5B5A8C7C5B5B8C86
:101080007E5B5C8C7F5B5D8C825B5E8C865B5F8C49
:101090008A5B608C8D5B618C8E5B628C905B638CF9
:1010A000915B648C925B658C945B668C965B678CC1
:1010B0009F5B688CA75B698CA85B6A8CA95B6B8C57
:1010C000AC5B6C8CAD5B6D8CAE5B6E8CAF5B6F8C18
:1010D000B15B708CB25B718CB75B728CBA5B738CDA
:1010E000BB5B748CBC5B758CC05B768CC15B778C96
:1010F000C35B788CC85B798CC95B7A8CCA5B7B8C50
:10110000CB5B7C8CCD5B7D8CCE5B7E8CCF5B808C17
:10111000D15B818CD45B828CD55B838CD65B848CD9
:10112000D75B858CD85B868CD95B878CDA5B888CA7
:10113000DB5B898CDC5B8A8CE05B8B8CE25B8C8C70
:10114000E35B8D8CE65B8E8CE75B8F8CE95B908C30
:10115000EA5B918CEB5B928CEC5B938CED5B948CFB
:10116000EF5B958CF15B968CF25B978CF35B988CC4
:10117000F45B998CF55B9A8CF65B9B8CF75B9C8C93
:10118000FD5B9D8CFE5B9E8C005C9F8C025CA08C4A
:10119000035CA18C055CA28C075CA38C085CA48C0E
:1011A0000B5CA58C0C5CA68C0D5CA78C0E5CA88CD3
:1011B000105CA98C125CAA8C135CAB8C175CAC8C99
:1011C000195CAD8C1B5CAE8C1E5CAF8C1F5CB08C54
:1011D000205CB18C215CB28C235CB38C265CB48C1B
:1011E000285CB58C295CB68C2A5CB78C2B5CB88CDF
:1011F0002D5CB98C2E5CBA8C2F5CBB8C305CBC8CAB
:10120000325CBD8C335CBE8C355CBF8C365CC08C74
:10121000375CC18C435CC28C445CC38C465CC48C20
:10122000475CC58C4C5CC68C4D5CC78C525CC88CD2
:10123000535CC98C545CCA8C565CCB8C575CCC8C90
:10124000585CCD8C5A5CCE8C5B5CCF8C5C5CD08C5B
:101250005D5CD18C5F5CD28C625CD38C645CD48C22
:10126000675CD58C685CD68C695CD78C6A5CD88CE2
:101270006B5CD98C6C5CDA8C6D5CDB8C705CDC8CB0
:10128000725CDD8C735CDE8C745CDF8C755CE08C76
:10129000765CE18C775CE28C785CE38C7B5CE48C44
:1012A0007C5CE58C7D5CE68C7E5CE78C805CE88C0D
:1012B000835CE98C845CEA8C855CEB8C865CEC8CD2
:1012C000875CED8C895CEE8C8A5CEF8C8B5CF08C9F
:1012D0008E5CF18C8F5CF28C925CF38C935CF48C62
:1012E000955CF58C9D5CF68C9E5CF78C9F5CF88C15
:1012F000A05CF98CA15CFA8CA45CFB8CA55CFC8CDA
:10130000A65CFD8CA75CFE8CA85C408DAA5C418D20
:10131000AE5C428DAF5C438DB05C448DB25C458D5C
:10132000B45C468DB65C478DB95C488DBA5C498D1E
:10133000BB5C4A8DBC5C4B8DBE5C4C8DC05C4D8DE6
:10134000C25C4E8DC35C4F8DC55C508DC65C518DAB
:10135000C75C528DC85C538DC95C548DCA5C558D79
:10136000CC5C568DCD5C578DCE5C588DCF5C598D45
:10137000D05C5A8DD15C5B8DD35C5C8DD45C5D8D13
:10138000D55C5E8DD65C5F8DD75C608DD85C618DE1
:10139000DA5C628DDB5C638DDC5C648DDD5C658DAD
:1013A000DE5C668DDF5C678DE05C688DE25C698D7C
:1013B000E35C6A8DE75C6B8DE95C6C8DEB5C6D8D3D
:1013C000EC5C6E8DEE5C6F8DEF5C708DF15C718D01
:1013D000F25C728DF35C738DF45C748DF55C758DCD
:1013E000F65C768DF75C778DF85C788DF95C798D9D
:1013F000FA5C7A8DFC5C7B8DFD5C7C8DFE5C7D8D6A
:10140000FF5C7E8D005D808D015D818D045D828D30
:10141000055D838D085D848D095D858D0A5D868DF2
:101420000B5D878D0C5D888D0D5D898D0F5D8A8DBF
:10143000105D8B8D115D8C8D125D8D8D135D8E8D8C
:10144000155D8F8D175D908D185D918D195D928D55
:101450001A5D938D1C5D948D1D5D958D1F5D968D20
:10146000205D978D215D988D225D998D235D9A8DEC
:10147000255D9B8D285D9C8D2A5D9D8D2B5D9E8DB0
:101480002C5D9F8D2F5DA08D305DA18D315DA28D76
:10149000325DA38D335DA48D355DA58D365DA68D42
:1014A000375DA78D385DA88D395DA98D3A5DAA8D10
:1014B0003B5DAB8D3C5DAC8D3F5DAD8D405DAE8DDC
:1014C000415DAF8D425DB08D435DB18D445DB28DA8
:1014D000455DB38D465DB48D485DB58D495DB68D76
:1014E0004D5DB78D4E5DB88D4F5DB98D505DBA8D38
:1014F000515DBB8D525DBC8D535DBD8D545DBE8D08
:10150000555DBF8D565DC08D575DC18D595DC28DD6
:101510005A5DC38D5C5DC48D5E5DC58D5F5DC68D9E
:10152000605DC78D615DC88D625DC98D635DCA8D6B
:10153000645DCB8D655DCC8D665DCD8D675DCE8D3B
:10154000685DCF8D6A5DD08D6D5DD18D6E5DD28D04
:10155000705DD38D715DD48D725DD58D735DD68DCB
:10156000755DD78D765DD88D775DD98D785DDA8D97
:10157000795DDB8D7A5DDC8D7B5DDD8D7C5DDE8D67
:101580007D5DDF8D7E5DE08D7F5DE18D805DE28D37
:10159000815DE38D835DE48D845DE58D855DE68D04
:1015A000865DE78D875DE88D885DE98D895DEA8DD3
:1015B0008A5DEB8D8B5DEC8D8C5DED8D8D5DEE8DA3
:1015C0008E5DEF8D8F5DF08D905DF18D915DF28D73
:1015D000925DF38D935DF48D945DF58D955DF68D43
:1015E000965DF78D975DF88D985DF98D9A5DFA8D12
:1015F0009B5DFB8D9C5DFC8D9E5DFD8D9F5DFE8DDD
:10160000A05D408EA15D418EA25D428EA35D438EA2
:10161000A45D448EA55D458EA65D468EA75D478E72
:10162000A85D488EA95D498EAA5D4A8EAB5D4B8E42
:10163000AC5D4C8EAD5D4D8EAE5D4E8EAF5D4F8E12
:10164000B05D508EB15D518EB25D528EB35D538EE2
:10165000B45D548EB55D558EB65D568EB85D578EB1
:10166000B95D588EBA5D598EBB5D5A8EBC5D5B8E7E
:10167000BD5D5C8EBE5D5D8EBF5D5E8EC05D5F8E4E
:10168000C15D608EC25D618EC35D628EC45D638E1E
:10169000C65D648EC75D658EC85D668EC95D678EEA
:1016A000CA5D688ECB5D698ECC5D6A8ECE5D6B8EB9
:1016B000CF5D6C8ED05D6D8ED15D6E8ED25D6F8E86
:1016C000D35D708ED45D718ED55D728ED65D738E56
:1016D000D75D748ED85D758ED95D768EDA5D778E26
:1016E000DC5D788EDF5D798EE05D7A8EE35D7B8EEA
:1016F000E45D7C8EEA5D7D8EEC5D7E8EED5D808EA0
:10170000F05D818EF55D828EF65D838EF85D848E50
:10171000F95D858EFA5D868EFB5D878EFC5D888E19
:10172000FF5D898E005E8A8E045E8B8E075E8C8ED6
:10173000095E8D8E0A5E8E8E0B5E8F8E0D5E908E94
:101740000E5E918E125E928E135E938E175E948E55
:101750001E5E958E1F5E968E205E978E215E988E01
:10176000225E998E235E9A8E245E9B8E255E9C8ED1
:10177000285E9D8E295E9E8E2A5E9F8E2B5EA08E99
:101780002C5EA18E2F5EA28E305EA38E325EA48E62
:10179000335EA58E345EA68E355EA78E365EA88E2D
:1017A000395EA98E3A5EAA8E3E5EAB8E3F5EAC8EEF
:1017B000405EAD8E415EAE8E435EAF8E465EB08EB5
:1017C000475EB18E485EB28E495EB38E4A5EB48E7D
:1017D0004B5EB58E4D5EB68E4E5EB78E4F5EB88E4A
:1017E000505EB98E515EBA8E525EBB8E535EBC8E19
:1017F000565EBD8E575EBE8E585EBF8E595EC08EE1
:101800005A5EC18E5C5EC28E5D5EC38E5F5EC48EAC
:10181000605EC58E635EC68E645EC78E655EC88E72
:10182000665EC98E675ECA8E685ECB8E695ECC8E40
:101830006A5ECD8E6B5ECE8E6C5ECF8E6D5ED08E10
:101840006E5ED18E6F5ED28E705ED38E715ED48EE0
:10185000755ED58E775ED68E795ED78E7E5ED88E9B
:10186000815ED98E825EDA8E835EDB8E855EDC8E53
:10187000885EDD8E895EDE8E8C5EDF8E8D5EE08E14
:101880008E5EE18E925EE28E985EE38E9B5EE48ECB
:101890009D5EE58EA15EE68EA25EE78EA35EE88E7B
:1018A000A45EE98EA85EEA8EA95EEB8EAA5EEC8E3F
:1018B000AB5EED8EAC5EEE8EAE5EEF8EAF5EF08E0A
:1018C000B05EF18EB15EF28EB25EF38EB45EF48ED7
:1018D000BA5EF58EBB5EF68EBC5EF78EBD5EF88E90
:1018E000BF5EF98EC05EFA8EC15EFB8EC25EFC8E5C
:1018F000C35EFD8EC45EFE8EC55E408FC65E418FA8
:10190000C75E428FC85E438FCB5E448FCC5E458FEF
:10191000CD5E468FCE5E478FCF5E488FD05E498FBB
:10192000D45E4A8FD55E4B8FD75E4C8FD85E4D8F7D
:10193000D95E4E8FDA5E4F8FDC5E508FDD5E518F49
:10194000DE5E528FDF5E538FE05E548FE15E558F17
:10195000E25E568FE35E578FE45E588FE55E598FE7
:10196000E65E5A8FE75E5B8FE95E5C8FEB5E5D8FB4
:10197000EC5E5E8FED5E5F8FEE5E608FEF5E618F7F
:10198000F05E628FF15E638FF25E648FF35E658F4F
:10199000F55E668FF85E678FF95E688FFB5E698F14
:1019A000FC5E6A8FFD5E6B8F055F6C8F065F6D8FCF
:1019B000075F6E8F095F6F8F0C5F708F0D5F718F88
:1019C0000E5F728F105F738F125F748F145F758F4D
:1019D000165F768F195F778F1A5F788F1C5F798F0C
:1019E0001D5F7A8F1E5F7B8F215F7C8F225F7D8FD3
:1019F000235F7E8F245F808F285F818F2B5F828F94
:101A00002C5F838F2E5F848F305F858F325F868F50
:101A1000335F878F345F888F355F898F365F8A8F1A
:101A2000375F8B8F385F8C8F3B5F8D8F3D5F8E8FE5
:101A30003E5F8F8F3F5F908F415F918F425F928FAC
:101A4000435F938F445F948F455F958F465F968F7A
:101A5000475F978F485F988F495F998F4A5F9A8F4A
:101A60004B5F9B8F4C5F9C8F4D5F9D8F4E5F9E8F1A
:101A70004F5F9F8F515FA08F545FA18F595FA28FDF
:101A80005A5FA38F5B5FA48F5C5FA58F5E5FA68F9D
:101A90005F5FA78F605FA88F635FA98F655FAA8F65
:101AA000675FAB8F685FAC8F6B5FAD8F6E5FAE8F24
:101AB0006F5FAF8F725FB08F745FB18F755FB28FE2
:101AC000765FB38F785FB48F7A5FB58F7D5FB68FA7
:101AD0007E5FB78F7F5FB88F835FB98F865FBA8F66
:101AE0008D5FBB8F8E5FBC8F8F5FBD8F915FBE8F11
:101AF000935FBF8F945FC08F965FC18F9A5FC28FD5
:101B00009B5FC38F9D5FC48F9E5FC58F9F5FC68F96
:101B1000A05FC78FA25FC88FA35FC98FA45FCA8F62
:101B2000A55FCB8FA65FCC8FA75FCD8FA95FCE8F30
:101B3000AB5FCF8FAC5FD08FAF5FD18FB05FD28FF5
:101B4000B15FD38FB25FD48FB35FD58FB45FD68FC1
:101B5000B65FD78FB85FD88FB95FD98FBA5FDA8F8A
:101B6000BB5FDB8FBE5FDC8FBF5FDD8FC05FDE8F53
:101B7000C15FDF8FC25FE08FC75FE18FC85FE28F19
:101B8000CA5FE38FCB5FE48FCE5FE58FD35FE68FD5
:101B9000D45FE78FD55FE88FDA5FE98FDB5FEA8F8D
:101BA000DC5FEB8FDE5FEC8FDF5FED8FE25FEE8F50
:101BB000E35FEF8FE55FF08FE65FF18FE85FF28F15
:101BC000E95FF38FEC5FF48FEF5FF58FF05FF68FD7
:101BD000F25FF78FF35FF88FF45FF98FF65FFA8F9C
:101BE000F75FFB8FF95FFC8FFA5FFD8FFC5FFE8F65
:101BF0000760409008604190096042900B604390FC
:101C00000C604490106045901160469013604790BE
:101C100017604890186049901A604A901E604B9077
:101C20001F604C9022604D9023604E9024604F9036
:101C30002C6050902D6051902E60529030605390E7
:101C400031605490326055903360569034605790B4
:101C5000366058903760599038605A9039605B9080
:101C60003A605C903D605D903E605E9040605F9049
:101C70004460609045606190466062904760639008
:101C800048606490496065904A6066904C606790D7
:101C90004E6068904F60699051606A9053606B909D
:101CA00054606C9056606D9057606E9058606F9065
:101CB0005B6070905C6071905E6072905F6073902A
:101CC00060607490616075906560769066607790F2
:101CD0006E6078907160799072607A9074607B9099
:101CE00075607C9077607D907E607E908060809053
:101CF000816081908260829085608390866084900C
:101D000087608590886086908A6087908B608890D5
:101D10008E6089908F608A9090608B9091608C909B
:101D200093608D9095608E9097608F909860909062
:101D3000996091909C6092909E609390A160949025
:101D4000A2609590A4609690A5609790A7609890E7
:101D5000A9609990AA609A90AE609B90B0609C90A8
:101D6000B3609D90B5609E90B6609F90B760A09064
:101D7000B960A190BA60A290BD60A390BE60A4902B
:101D8000BF60A590C060A690C160A790C260A890F7
:101D9000C360A990C460AA90C760AB90C860AC90C3
:101DA000C960AD90CC60AE90CD60AF90CE60B09089
:101DB000CF60B190D060B290D260B390D360B49055
:101DC000D460B590D660B690D760B790D960B8901F
:101DD000DB60B990DE60BA90E160BB90E260BC90DD
:101DE000E360BD90E460BE90E560BF90EA60C090A3
:101DF000F160C190F260C290F560C390F760C4904A
:101E0000F860C590FB60C690FC60C790FD60C8900C
:101E1000FE60C990FF60CA900261CB900361CC90D4
:101E20000461CD900561CE900761CF900A61D0909A
:101E30000B61D1900C61D2901061D3901161D4905C
:101E40001261D5901361D6901461D7901661D89025
:101E50001761D9901861DA901961DB901B61DC90F1
:101E60001C61DD901D61DE901E61DF902161E090BC
:101E70002261E1902561E2902861E3902961E4907C
:101E80002A61E5902C61E6902D61E7902E61E89043
:101E90002F61E9903061EA903161EB903261EC9012
:101EA0003361ED903461EE903561EF903661F090E2
:101EB0003761F1903861F2903961F3903A61F490B2
:101EC0003B61F5903C61F6903D61F7903E61F89082
:101ED0004061F9904161FA904261FB904361FC904E
:101EE0004461FD904561FE9046614091476141919A
:101EF000496142914B6143914D6144914F614591DC
:101F000050614691526147915361489154614991A2
:101F100056614A9157614B9158614C9159614D916D
:101F20005A614E915B614F915C6150915E6151913C
:101F30005F61529160615391616154916361559108
:101F400064615691656157916661589169615991D3
:101F50006A615A916B615B916C615C916D615D919D
:101F60006E615E916F615F9171616091726161916B
:101F70007361629174616391766164917861659136
:101F8000796166917A6167917B6168917C61699101
:101F90007D616A917E616B917F616C9180616D91D1
:101FA00081616E9182616F918361709184617191A1
:101FB0008561729186617391876174918861759171
:101FC000896176918A6177918C6178918D6179913F
:101FD0008F617A9190617B9191617C9192617D9109
:101FE00093617E91956180919661819197618291D3
:101FF00098618391996184919A6185919B618691A1
:102000009C6187919E6188919F618991A0618A916D
:10201000A1618B91A2618C91A3618D91A4618E913C
:10202000A5618F91A6619091AA619191AB61929106
:10203000AD619391AE619491AF619591B0619691CC
:10204000B1619791B2619891B3619991B4619A919C
:10205000B5619B91B6619C91B8619D91B9619E916A
:10206000BA619F91BB61A091BC61A191BD61A29138
:10207000BF61A391C061A491C161A591C361A69103
:10208000C461A791C561A891C661A991C761AA91D0
:10209000C961AB91CC61AC91CD61AD91CE61AE9196
:1020A000CF61AF91D061B091D361B191D561B2915F
:1020B000D661B391D761B491D861B591D961B69128
:1020C000DA61B791DB61B891DC61B991DD61BA91F8
:1020D000DE61BB91DF61BC91E061BD91E161BE91C8
:1020E000E261BF91E361C091E461C191E561C29198
:1020F000E761C391E861C491E961C591EA61C69164
:10210000EB61C791EC61C891ED61C991EE61CA9133
:10211000EF61CB91F061CC91F161CD91F261CE9103
:10212000F361CF91F461D091F661D191F761D291D1
:10213000F861D391F961D491FA61D591FB61D6919F
:10214000FC61D791FD61D891FE61D9910062DA916D
:102150000162DB910262DC910362DD910462DE9137
:102160000562DF910762E0910962E1911362E291F9
:102170001462E3911962E4911C62E5911D62E6919B
:102180001E62E7912062E8912362E9912662EA915A
:102190002762EB912862EC912962ED912B62EE911E
:1021A0002D62EF912F62F0913062F1913162F291E4
:1021B0003262F3913562F4913662F5913862F691AC
:1021C0003962F7913A62F8913B62F9913C62FA9177
:1021D0004262FB914462FC914562FD914662FE9130
:1021E0004A6240924F6241925062429255624392DB
:1021F0005662449257624592596246925A62479299
:102200005C6248925D6249925E624A925F624B9262
:1022100060624C9261624D9262624E9264624F9231
:1022200065625092686251927162529272625392E8
:1022300074625492756255927762569278625792A0
:102240007A6258927B6259927D625A9281625B9265
:1022500082625C9283625D9285625E9286625F9228
:1022600087626092886261928B6262928C626392F2
:102270008D6264928E6265928F62669290626792BE
:1022800094626892996269929C626A929D626B9272
:102290009E626C92A3626D92A6626E92A7626F922A
:1022A000A9627092AA627192AD627292AE627392EA
:1022B000AF627492B0627592B2627692B3627792B4
:1022C000B4627892B6627992B7627A92B8627B927F
:1022D000BA627C92BE627D92C0627E92C16280923E
:1022E000C3628192CB628292CF628392D1628492E6
:1022F000D5628592DD628692DE628792E062889284
:10230000E1628992E4628A92EA628B92EB628C9239
:10231000F0628D92F2628E92F5628F92F8629092E4
:10232000F9629192FA629292FB62939200639492A4
:10233000036395920463969205639792066398925D
:102340000A6399920B639A920C639B920D639C9221
:102350000F639D9210639E9212639F921363A092EB
:102360001463A1921563A2921763A3921863A492B7
:102370001963A5921C63A6922663A7922763A8926D
:102380002963A9922C63AA922D63AB922E63AC921F
:102390003063AD923163AE923363AF923463B092E7
:1023A0003563B1923663B2923763B3923863B492B5
:1023B0003B63B5923C63B6923E63B7923F63B8927B
:1023C0004063B9924163BA924463BB924763BC9243
:1023D0004863BD924A63BE925163BF925263C092FA
:1023E0005363C1925463C2925663C3925763C492BB
:1023F0005863C5925963C6925A63C7925B63C89289
:102400005C63C9925D63CA926063CB926463CC9251
:102410006563CD926663CE926863CF926A63D09211
:102420006B63D1926C63D2926F63D3927063D492D8
:102430007263D5927363D6927463D7927563D892A0
:102440007863D9927963DA927C63DB927D63DC9264
:102450007E63DD927F63DE928163DF928363E0922D
:102460008463E1928563E2928663E3928B63E492F4
:102470008D63E5929163E6929363E7929463E892A9
:102480009563E9929763EA929963EB929A63EC926F
:102490009B63ED929C63EE929D63EF929E63F0923C
:1024A0009F63F192A163F292A463F392A663F49204
:1024B000AB63F592AF63F692B163F792B263F892B1
:1024C000B563F992B663FA92B963FB92BB63FC926F
:1024D000BD63FD92BF63FE92C0634093C1634193AD
:1024E000C2634293C3634393C5634493C7634593F5
:1024F000C8634693CA634793CB634893CC634993BD
:10250000D1634A93D3634B93D4634C93D5634D9378
:10251000D7634E93D8634F93D9635093DA63519343
:10252000DB635293DC635393DD635493DF63559312
:10253000E2635693E4635793E5635893E6635993D4
:10254000E7635A93E8635B93EB635C93EC635D939F
:10255000EE635E93EF635F93F0636093F163619367
:10256000F3636293F5636393F7636493F96365932D
:10257000FA636693FB636793FC636893FE636993F6
:1025800003646A9304646B9306646C9307646D93AD
:1025900008646E9309646F930A6470930D64719379
:1025A0000E6472931164739312647493156475933B
:1025B0001664769317647793186478931964799303
:1025C0001A647A931D647B931F647C9322647D93C9
:1025D00023647E932464809325648193276482938B
:1025E00028648393296484932B6485932E64869353
:1025F0002F648793306488933164899332648A931B
:1026000033648B9335648C9336648D9337648E93E7
:1026100038648F93396490933B6491933C649293B4
:102620003E64939340649493426495934364969379
:10263000496497934B6498934C6499934D649A932F
:102640004E649B934F649C9350649D9351649E93FE
:1026500053649F935564A0935664A1935764A293C7
:102660005964A3935A64A4935B64A5935C64A69392
:102670005D64A7935F64A8936064A9936164AA935F
:102680006264AB936364AC936464AD936564AE932E
:102690006664AF936864B0936A64B1936B64B293F9
:1026A0006C64B3936E64B4936F64B5937064B693C3
:1026B0007164B7937264B8937364B9937464BA9392
:1026C0007564BB937664BC937764BD937B64BE935F
:1026D0007C64BF937D64C0937E64C1937F64C29326
:1026E0008064C3938164C4938364C5938664C693F2
:1026F0008864C7938964C8938A64C9938B64CA93B6
:102700008C64CB938D64CC938E64CD938F64CE9385
:102710009064CF939364D0939464D1939764D2934D
:102720009864D3939A64D4939B64D5939C64D69312
:102730009D64D7939F64D893A064D993A164DA93DE
:10274000A264DB93A364DC93A564DD93A664DE93AB
:10275000A764DF93A864E093AA64E193AB64E29377
:10276000AF64E393B164E493B264E593B364E69336
:10277000B464E793B664E893B964E993BB64EA93FD
:10278000BD64EB93BE64EC93BF64ED93C164EE93C0
:10279000C364EF93C464F093C664F193C764F29387
:1027A000C864F393C964F493CA64F593CB64F69355
:1027B000CC64F793CF64F893D164F993D364FA931C
:1027C000D464FB93D564FC93D664FD93D964FE93E3
:1027D000DA644094DB644194DC644294DD644394A5
:1027E000DF644494E0644594E1644694E364479470
:1027F000E5644894E7644994E8644A94E9644B9436
:10280000EA644C94EB644D94EC644E94ED644F9404
:10281000EE645094EF645194F0645294F1645394D4
:10282000F2645494F3645594F4645694F5645794A4
:10283000F6645894F7645994F8645A94F9645B9474
:10284000FA645C94FB645D94FC645E94FD645F9444
:10285000FE646094FF646194016562940265639410
:1028600003656494046565940565669406656794DC
:1028700007656894086569940A656A940B656B94AA
:102880000C656C940D656D940E656E940F656F9478
:102890001065709411657194136572941465739446
:1028A0001565749416657594176576941965779413
:1028B0001A6578941B6579941C657A941D657B94E0
:1028C0001E657C941F657D9420657E9421658094AF
:1028D000226581942365829424658394266584947B
:1028E0002765859428658694296587942A65889448
:1028F0002C6589942D658A9430658B9431658C9410
:1029000032658D9433658E9437658F943A659094D3
:102910003C6591943D65929440659394416594948F
:10292000426595944365969444659794466598945A
:10293000476599944A659A944B659B944D659C9420
:102940004E659D9450659E9452659F945365A094E6
:102950005465A1945765A2945865A3945A65A494AC
:102960005C65A5945F65A6946065A7946165A8946D
:102970006465A9946565AA946765AB946865AC9431
:102980006965AD946A65AE946D65AF946E65B094FB
:102990006F65B1947165B2947365B3947565B494C1
:1029A0007665B5947865B6947965B7947A65B89488
:1029B0007B65B9947C65BA947D65BB947E65BC9457
:1029C0007F65BD948065BE948165BF948265C09427
:1029D0008365C1948465C2948565C3948665C494F7
:1029E0008865C5948965C6948A65C7948D65C894C1
:1029F0008E65C9948F65CA949265CB949465CC9486
:102A00009565CD949665CE949865CF949A65D0944B
:102A10009D65D1949E65D294A065D394A265D4940B
:102A2000A365D594A665D694A865D794AA65D894CD
:102A3000AC65D994AE65DA94B165DB94B265DC948B
:102A4000B365DD94B465DE94B565DF94B665E09456
:102A5000B765E194B865E294BA65E394BB65E49424
:102A6000BE65E594BF65E694C065E794C265E894E9
:102A7000C765E994C865EA94C965EB94CA65EC94A6
:102A8000CD65ED94D065EE94D165EF94D365F09467
:102A9000D465F194D565F294D865F394D965F4942E
:102AA000DA65F594DB65F694DC65F794DD65F894FA
:102AB000DE65F994DF65FA94E165FB94E365FC94C7
:102AC000E465FD94EA65FE94EB654095F2654195F9
:102AD000F3654295F4654395F5654495F86545952C
:102AE000F9654695FB654795FC654895FD654995F3
:102AF000FE654A95FF654B9501664C9504664D95BC
:102B000005664E9507664F9508665095096651957E
:102B10000B6652950D665395106654951166559542
:102B20001266569516665795176658951866599504
:102B30001A665A951B665B951C665C951E665D95CC
:102B400021665E9522665F95236660952466619591
:102B500026666295296663952A6664952B66659557
:102B60002C6666952E66679530666895326669951F
:102B700033666A9537666B9538666C9539666D95E0
:102B80003A666E953B666F953D6670953F667195AA
:102B90004066729542667395446674954566759570
:102BA000466676954766779548667895496679953D
:102BB0004A667A954D667B954E667C9550667D9506
:102BC00051667E9558668095596681955B668295BB
:102BD0005C6683955D6684955E6685956066869580
:102BE00062668795636688956566899567668A9546
:102BF00069668B956A668C956B668D956C668E950D
:102C00006D668F95716690957266919573669295D3
:102C10007566939578669495796695957B66969595
:102C20007C6697957D6698957F66999580669A955E
:102C300081669B9583669C9585669D9586669E9527
:102C400088669F958966A0958A66A1958B66A295F0
:102C50008D66A3958E66A4958F66A5959066A695BC
:102C60009266A7959366A8959466A9959566AA9588
:102C70009866AB959966AC959A66AD959B66AE9550
:102C80009C66AF959E66B0959F66B195A066B2951D
:102C9000A166B395A266B495A366B595A466B695EC
:102CA000A566B795A666B895A966B995AA66BA95B8
:102CB000AB66BB95AC66BC95AD66BD95AF66BE9583
:102CC000B066BF95B166C095B266C195B366C29550
:102CD000B566C395B666C495B766C595B866C6951C
:102CE000BA66C795BB66C895BC66C995BD66CA95E8
:102CF000BF66CB95C066CC95C166CD95C266CE95B4
:102D0000C366CF95C466D095C566D195C666D29583
:102D1000C766D395C866D495C966D595CA66D69553
:102D2000CB66D795CC66D895CD66D995CE66DA9523
:102D3000CF66DB95D066DC95D166DD95D266DE95F3
:102D4000D366DF95D466E095D566E195D666E295C3
:102D5000D766E395D866E495DA66E595DE66E6958E
:102D6000DF66E795E066E895E166E995E266EA9553
:102D7000E366EB95E466EC95E566ED95E766EE9522
:102D8000E866EF95EA66F095EB66F195EC66F295EC
:102D9000ED66F395EE66F495EF66F595F166F695BA
:102DA000F566F795F666F895F866F995FA66FA9578
:102DB000FB66FB95FD66FC950167FD950267FE9538
:102DC00003674096046741960567429606674396F7
:102DD000076744960C6745960E6746960F674796B9
:102DE000116748961267499613674A9616674B967D
:102DF00018674C9619674D961A674E961C674F9642
:102E00001E67509620675196216752962267539607
:102E100023675496246755962567569627675796D5
:102E2000296758962E67599630675A9632675B968F
:102E300033675C9636675D9637675E9638675F9650
:102E4000396760963B6761963C6762963E6763961A
:102E50003F676496416765964467669645676796DF
:102E6000476768964A6769964B676A964D676B969F
:102E700052676C9654676D9655676E9657676F9656
:102E800058677096596771965A6772965B67739622
:102E90005D677496626775966367769664677796E2
:102EA00066677896676779966B677A966C677B96A4
:102EB0006E677C9671677D9674677E96766780965E
:102EC00078678196796782967A6783967B6784961E
:102ED0007D678596806786968267879683678896E2
:102EE0008567899686678A9688678B968A678C96A7
:102EF0008C678D968D678E968E678F968F6790966E
:102F00009167919692679296936793969467949639
:102F100096679596996796969B6797969F679896FA
:102F2000A0679996A1679A96A4679B96A6679C96B8
:102F3000A9679D96AC679E96AE679F96B167A0966F
:102F4000B267A196B467A296B967A396BA67A4962A
:102F5000BB67A596BC67A696BD67A796BE67A896F1
:102F6000BF67A996C067AA96C267AB96C567AC96BD
:102F7000C667AD96C767AE96C867AF96C967B09685
:102F8000CA67B196CB67B296CC67B396CD67B49655
:102F9000CE67B596D567B696D667B796D767B89613
:102FA000DB67B996DF67BA96E167BB96E367BC96C5
:102FB000E467BD96E667BE96E767BF96E867C0968A
:102FC000EA67C196EB67C296ED67C396EE67C49653
:102FD000F267C596F567C696F667C796F767C8960F
:102FE000F867C996F967CA96FA67CB96FB67CC96DD
:102FF000FC67CD96FE67CE960168CF960268D096A4
:103000000368D1960468D2960668D3960D68D49664
:103010001068D5961268D6961468D7961568D89613
:103020001868D9961968DA961A68DB961B68DC96D8
:103030001C68DD961E68DE961F68DF962068E096A5
:103040002268E1962368E2962468E3962568E49670
:103050002668E5962768E6962868E7962B68E8963E
:103060002C68E9962D68EA962E68EB962F68EC9608
:103070003068ED963168EE963468EF963568F096D4
:103080003668F1963A68F2963B68F3963F68F49694
:103090004768F5964B68F6964D68F7964F68F89630
:1030A0005268F9965668FA965768FB965868FC96E7
:1030B0005968FD965A68FE965B6840975C68419730
:1030C0005D6842975E6843975F6844976A68459772
:1030D0006C6846976D6847976E6848976F68499720
:1030E00070684A9771684B9772684C9773684D97F0
:1030F00075684E9778684F97796850977A685197B6
:103100007B6852977C6853977D6854977E68559783
:103110007F68569780685797826858978468599750
:1031200087685A9788685B9789685C978A685D9713
:103130008B685E978C685F978D6860978E686197E3
:1031400090686297916863979268649794686597AE
:103150009568669796686797986868979968699779
:103160009A686A979B686B979C686C979D686D9747
:103170009E686E979F686F97A0687097A168719717
:10318000A3687297A4687397A5687497A9687597E0
:10319000AA687697AB687797AC687897AE687997A6
:1031A000B1687A97B2687B97B4687C97B6687D9768
:1031B000B7687E97B8688097B9688197BA68829730
:1031C000BB688397BC688497BD688597BE688697FF
:1031D000BF688797C1688897C3688997C4688A97CA
:1031E000C5688B97C6688C97C7688D97C8688E9797
:1031F000CA688F97CC689097CE689197CF6892975E
:10320000D0689397D1689497D3689597D468969728
:10321000D6689797D7689897D9689997DB689A97EF
:10322000DC689B97DD689C97DE689D97DF689E97BA
:10323000E1689F97E268A097E468A197E568A29784
:10324000E668A397E768A497E868A597E968A69752
:10325000EA68A797EB68A897EC68A997ED68AA9722
:10326000EF68AB97F268AC97F368AD97F468AE97E8
:10327000F668AF97F768B097F868B197FB68B297B0
:10328000FD68B397FE68B497FF68B5970069B69775
:103290000269B7970369B8970469B9970669BA973D
:1032A0000769BB970869BC970969BD970A69BE970A
:1032B0000C69BF970F69C0971169C1971369C297CD
:1032C0001469C3971569C4971669C5971769C69796
:1032D0001869C7971969C8971A69C9971B69CA9766
:1032E0001C69CB971D69CC971E69CD972169CE9734
:1032F0002269CF972369D0972569D1972669D297FC
:103300002769D3972869D4972969D5972A69D697C9
:103310002B69D7972C69D8972E69D9972F69DA9797
:103320003169DB973269DC973369DD973569DE9760
:103330003669DF973769E0973869E1973A69E2972C
:103340003B69E3973C69E4973E69E5974069E697F6
:103350004169E7974369E8974469E9974569EA97BE
:103360004669EB974769EC974869ED974969EE978D
:103370004A69EF974B69F0974C69F1974D69F2975D
:103380004E69F3974F69F4975069F5975169F6972D
:103390005269F7975369F8975569F9975669FA97FB
:1033A0005869FB975969FC975B69FD975C69FE97C3
:1033B0005F6940986169419862694298646943987D
:1033C0006569449867694598686946986969479846
:1033D0006A6948986C6949986D694A986F694B9811
:1033E00070694C9872694D9873694E9874694F98DA
:1033F00075695098766951987A6952987B695398A3
:103400007D6954987E6955987F6956988169579867
:1034100083695898856959988A695A988B695B9825
:103420008C695C988E695D988F695E9890695F98E9
:1034300091696098926961989369629896696398B6
:1034400097696498996965989A6966989D6967987B
:103450009E6968989F696998A0696A98A1696B9844
:10346000A2696C98A3696D98A4696E98A5696F9814
:10347000A6697098A9697198AA697298AC697398DD
:10348000AE697498AF697598B0697698B2697798A3
:10349000B3697898B5697998B6697A98B8697B986C
:1034A000B9697C98BA697D98BC697E98BD69809835
:1034B000BE698198BF698298C0698398C2698498FF
:1034C000C3698598C4698698C5698798C6698898CC
:1034D000C7698998C8698A98C9698B98CB698C989B
:1034E000CD698D98CF698E98D1698F98D26990985F
:1034F000D3699198D5699298D6699398D769949829
:10350000D8699598D9699698DA699798DC699898F6
:10351000DD699998DE699A98E1699B98E2699C98BF
:10352000E3699D98E4699E98E5699F98E669A0988B
:10353000E769A198E869A298E969A398EA69A4985B
:10354000EB69A598EC69A698EE69A798EF69A89829
:10355000F069A998F169AA98F369AB98F469AC98F5
:10356000F569AD98F669AE98F769AF98F869B098C3
:10357000F969B198FA69B298FB69B398FC69B49893
:10358000FE69B598006AB698016AB798026AB89859
:10359000036AB998046ABA98056ABB98066ABC9827
:1035A000076ABD98086ABE98096ABF980B6AC098F6
:1035B0000C6AC1980D6AC2980E6AC3980F6AC498C3
:1035C000106AC598116AC698126AC798136AC89893
:1035D000146AC998156ACA98166ACB98196ACC9861
:1035E0001A6ACD981B6ACE981C6ACF981D6AD0982B
:1035F0001E6AD198206AD298226AD398236AD498F6
:10360000246AD598256AD698266AD798276AD898C2
:10361000296AD9982B6ADA982C6ADB982D6ADC988B
:103620002E6ADD98306ADE98326ADF98336AE09855
:10363000346AE198366AE298376AE398386AE4981F
:10364000396AE5983A6AE6983B6AE7983C6AE898EE
:103650003F6AE998406AEA98416AEB98426AEC98B6
:10366000436AED98456AEE98466AEF98486AF09882
:10367000496AF1984A6AF2984B6AF3984C6AF4984E
:103680004D6AF5984E6AF6984F6AF798516AF8981D
:10369000526AF998536AFA98546AFB98556AFC98EA
:1036A000566AFD98576AFE985A6A40995C6A419931
:1036B0005D6A42995E6A43995F6A4499606A459976
:1036C000626A4699636A4799646A4899666A499941
:1036D000676A4A99686A4B99696A4C996A6A4D990E
:1036E0006B6A4E996C6A4F996D6A50996E6A5199DE
:1036F0006F6A5299706A5399726A5499736A5599AC
:10370000746A5699756A5799766A5899776A599979
:10371000786A5A997A6A5B997B6A5C997D6A5D9945
:103720007E6A5E997F6A5F99816A6099826A61990F
:10373000836A6299856A6399866A6499876A6599DA
:10374000886A6699896A67998A6A68998B6A6999A9
:103750008C6A6A998D6A6B998F6A6C99926A6D9975
:10376000936A6E99946A6F99956A7099966A71993D
:10377000986A7299996A73999A6A74999B6A759909
:103780009C6A76999D6A77999E6A78999F6A7999D9
:10379000A16A7A99A26A7B99A36A7C99A46A7D99A5
:1037A000A56A7E99A66A8099A76A8199A86A829972
:1037B000AA6A8399AD6A8499AE6A8599AF6A869937
:1037C000B06A8799B16A8899B26A8999B36A8A9905
:1037D000B46A8B99B56A8C99B66A8D99B76A8E99D5
:1037E000B86A8F99B96A9099BA6A9199BB6A9299A5
:1037F000BC6A9399BD6A9499BE6A9599BF6A969975
:10380000C06A9799C16A9899C26A9999C36A9A9944
:10381000C46A9B99C56A9C99C66A9D99C76A9E9914
:10382000C86A9F99C96AA099CA6AA199CB6AA299E4
:10383000CC6AA399CD6AA499CE6AA599CF6AA699B4
:10384000D06AA799D16AA899D26AA999D36AAA9984
:10385000D46AAB99D56AAC99D66AAD99D76AAE9954
:10386000D86AAF99D96AB099DA6AB199DB6AB29924
:10387000DC6AB399DD6AB499DE6AB599DF6AB699F4
:10388000E06AB799E16AB899E26AB999E36ABA99C4
:10389000E46ABB99E56ABC99E66ABD99E76ABE9994
:1038A000E86ABF99E96AC099EA6AC199EB6AC29964
:1038B000EC6AC399ED6AC499EE6AC599EF6AC69934
:1038C000F06AC799F16AC899F26AC999F36ACA9904
:1038D000F46ACB99F56ACC99F66ACD99F76ACE99D4
:1038E000F86ACF99F96AD099FA6AD199FB6AD299A4
:1038F000FC6AD399FD6AD499FE6AD599FF6AD69974
:10390000006BD799016BD899026BD999036BDA993F
:10391000046BDB99056BDC99066BDD99076BDE990F
:10392000086BDF99096BE0990A6BE1990B6BE299DF
:103930000C6BE3990D6BE4990E6BE5990F6BE699AF
:10394000106BE799116BE899126BE999136BEA997F
:10395000146BEB99156BEC99166BED99176BEE994F
:10396000186BEF99196BF0991A6BF1991B6BF2991F
:103970001C6BF3991D6BF4991E6BF5991F6BF699EF
:10398000256BF799266BF899286BF999296BFA99A9
:103990002A6BFB992B6BFC992C6BFD992D6BFE9977
:1039A0002E6B409A2F6B419A306B429A316B439A3F
:1039B000336B449A346B459A356B469A366B479A0B
:1039C000386B489A3B6B499A3C6B4A9A3D6B4B9AD1
:1039D0003F6B4C9A406B4D9A416B4E9A426B4F9A9B
:1039E000446B509A456B519A486B529A4A6B539A62
:1039F0004B6B549A4D6B559A4E6B569A4F6B579A28
:103A0000506B589A516B599A526B5A9A536B5B9AF6
:103A1000546B5C9A556B5D9A566B5E9A576B5F9AC6
:103A2000586B609A5A6B619A5B6B629A5C6B639A93
:103A30005D6B649A5E6B659A5F6B669A606B679A62
:103A4000616B689A686B699A696B6A9A6B6B6B9A1F
:103A50006C6B6C9A6D6B6D9A6E6B6E9A6F6B6F9AE6
:103A6000706B709A716B719A726B729A736B739AB6
:103A7000746B749A756B759A766B769A776B779A86
:103A8000786B789A7A6B799A7D6B7A9A7E6B7B9A4F
:103A90007F6B7C9A806B7D9A856B7E9A886B809A0F
:103AA0008C6B819A8E6B829A8F6B839A906B849ABF
:103AB000916B859A946B869A956B879A976B889A87
:103AC000986B899A996B8A9A9C6B8B9A9D6B8C9A4E
:103AD0009E6B8D9A9F6B8E9AA06B8F9AA26B909A19
:103AE000A36B919AA46B929AA56B939AA66B949AE6
:103AF000A76B959AA86B969AA96B979AAB6B989AB5
:103B0000AC6B999AAD6B9A9AAE6B9B9AAF6B9C9A81
:103B1000B06B9D9AB16B9E9AB26B9F9AB66BA09A4E
:103B2000B86BA19AB96BA29ABA6BA39ABB6BA49A11
:103B3000BC6BA59ABD6BA69ABE6BA79AC06BA89AE0
:103B4000C36BA99AC46BAA9AC66BAB9AC76BAC9AA3
:103B5000C86BAD9AC96BAE9ACA6BAF9ACC6BB09A70
:103B6000CE6BB19AD06BB29AD16BB39AD86BB49A30
:103B7000DA6BB59ADC6BB69ADD6BB79ADE6BB89AE6
:103B8000DF6BB99AE06BBA9AE26BBB9AE36BBC9AB3
:103B9000E46BBD9AE56BBE9AE66BBF9AE76BC09A81
:103BA000E86BC19AE96BC29AEC6BC39AED6BC49A4D
:103BB000EE6BC59AF06BC69AF16BC79AF26BC89A16
:103BC000F46BC99AF66BCA9AF76BCB9AF86BCC9ADE
:103BD000FA6BCD9AFB6BCE9AFC6BCF9AFE6BD09AA8
:103BE000FF6BD19A006CD29A016CD39A026CD49A72
:103BF000036CD59A046CD69A086CD79A096CD89A3B
:103C00000A6CD99A0B6CDA9A0C6CDB9A0E6CDC9A03
:103C1000126CDD9A176CDE9A1C6CDF9A1D6CE09AB0
:103C20001E6CE19A206CE29A236CE39A256CE49A6C
:103C30002B6CE59A2C6CE69A2D6CE79A316CE89A1D
:103C4000336CE99A366CEA9A376CEB9A396CEC9AD9
:103C50003A6CED9A3B6CEE9A3C6CEF9A3E6CF09AA3
:103C60003F6CF19A436CF29A446CF39A456CF49A67
:103C7000486CF59A4B6CF69A4C6CF79A4D6CF89A26
:103C80004E6CF99A4F6CFA9A516CFB9A526CFC9AF2
:103C9000536CFD9A566CFE9A586C409B596C419B34
:103CA0005A6C429B626C439B636C449B656C459B66
:103CB000666C469B676C479B6B6C489B6C6C499B26
:103CC0006D6C4A9B6E6C4B9B6F6C4C9B716C4D9BEF
:103CD000736C4E9B756C4F9B776C509B786C519BB3
:103CE0007A6C529B7B6C539B7C6C549B7F6C559B7A
:103CF000806C569B846C579B876C589B8A6C599B35
:103D00008B6C5A9B8D6C5B9B8E6C5C9B916C5D9BF2
:103D1000926C5E9B956C5F9B966C609B976C619BB5
:103D2000986C629B9A6C639B9C6C649B9D6C659B7E
:103D30009E6C669BA06C679BA26C689BA86C699B41
:103D4000AC6C6A9BAF6C6B9BB06C6C9BB46C6D9BEA
:103D5000B56C6E9BB66C6F9BB76C709BBA6C719BAD
:103D6000C06C729BC16C739BC26C749BC36C759B63
:103D7000C66C769BC76C779BC86C789BCB6C799B29
:103D8000CD6C7A9BCE6C7B9BCF6C7C9BD16C7D9BEE
:103D9000D26C7E9BD86C809BD96C819BDA6C829BA9
:103DA000DC6C839BDD6C849BDF6C859BE46C869B69
:103DB000E66C879BE76C889BE96C899BEC6C8A9B23
:103DC000ED6C8B9BF26C8C9BF46C8D9BF96C8E9BD9
:103DD000FF6C8F9B006D909B026D919B036D929B7E
:103DE000056D939B066D949B086D959B096D969B45
:103DF0000A6D979B0D6D989B0F6D999B106D9A9B0B
:103E0000116D9B9B136D9C9B146D9D9B156D9E9BD3
:103E1000166D9F9B186DA09B1C6DA19B1D6DA29B99
:103E20001F6DA39B206DA49B216DA59B226DA69B5E
:103E3000236DA79B246DA89B266DA99B286DAA9B2B
:103E4000296DAB9B2C6DAC9B2D6DAD9B2F6DAE9BEF
:103E5000306DAF9B346DB09B366DB19B376DB29BAF
:103E6000386DB39B3A6DB49B3F6DB59B406DB69B6F
:103E7000426DB79B446DB89B496DB99B4C6DBA9B25
:103E8000506DBB9B556DBC9B566DBD9B576DBE9BCE
:103E9000586DBF9B5B6DC09B5D6DC19B5F6DC29B91
:103EA000616DC39B626DC49B646DC59B656DC69B54
:103EB000676DC79B686DC89B6B6DC99B6C6DCA9B1A
:103EC0006D6DCB9B706DCC9B716DCD9B726DCE9BE0
:103ED000736DCF9B756DD09B766DD19B796DD29BA9
:103EE0007A6DD39B7B6DD49B7D6DD59B7E6DD69B70
:103EF0007F6DD79B806DD89B816DD99B836DDA9B3D
:103F0000846DDB9B866DDC9B876DDD9B8A6DDE9B04
:103F10008B6DDF9B8D6DE09B8F6DE19B906DE29BC8
:103F2000926DE39B966DE49B976DE59B986DE69B88
:103F3000996DE79B9A6DE89B9C6DE99BA26DEA9B4E
:103F4000A56DEB9BAC6DEC9BAD6DED9BB06DEE9BF1
:103F5000B16DEF9BB36DF09BB46DF19BB66DF29BB1
:103F6000B76DF39BB96DF49BBA6DF59BBB6DF69B7A
:103F7000BC6DF79BBD6DF89BBE6DF99BC16DFA9B47
:103F8000C26DFB9BC36DFC9BC86DFD9BC96DFE9B09
:103F9000CA6D409CCD6D419CCE6D429CCF6D439CC3
:103FA000D06D449CD26D459CD36D469CD46D479C8E
:103FB000D56D489CD76D499CDA6D4A9CDB6D4B9C56
:103FC000DC6D4C9CDF6D4D9CE26D4E9CE36D4F9C17
:103FD000E56D509CE76D519CE86D529CE96D539CDA
:103FE000EA6D549CED6D559CEF6D569CF06D579CA1
:103FF000F26D589CF46D599CF56D5A9CF66D5B9C66
:10400000F86D5C9CFA6D5D9CFD6D5E9CFE6D5F9C29
:10401000FF6D609C006E619C016E629C026E639CF1
:10402000036E649C046E659C066E669C076E679CBE
:10403000086E689C096E699C0B6E6A9C0F6E6B9C87
:10404000126E6C9C136E6D9C156E6E9C186E6F9C40
:10405000196E709C1B6E719C1C6E729C1E6E739C04
:104060001F6E749C226E759C266E769C276E779CC4
:10407000286E789C2A6E799C2C6E7A9C2E6E7B9C86
:10408000306E7C9C316E7D9C336E7E9C356E809C48
:10409000366E819C376E829C396E839C3B6E849C0D
:1040A0003C6E859C3D6E869C3E6E879C3F6E889CD8
:1040B000406E899C416E8A9C426E8B9C456E8C9CA6
:1040C000466E8D9C476E8E9C486E8F9C496E909C70
:1040D0004A6E919C4B6E929C4C6E939C4F6E949C3E
:1040E000506E959C516E969C526E979C556E989C06
:1040F000576E999C596E9A9C5A6E9B9C5C6E9C9CC8
:104100005D6E9D9C5E6E9E9C606E9F9C616EA09C91
:10411000626EA19C636EA29C646EA39C656EA49C5F
:10412000666EA59C676EA69C686EA79C696EA89C2F
:104130006A6EA99C6C6EAA9C6D6EAB9C6F6EAC9CFB
:10414000706EAD9C716EAE9C726EAF9C736EB09CC7
:10415000746EB19C756EB29C766EB39C776EB49C97
:10416000786EB59C796EB69C7A6EB79C7B6EB89C67
:104170007C6EB99C7D6EBA9C806EBB9C816EBC9C33
:10418000826EBD9C846EBE9C876EBF9C886EC09CF8
:104190008A6EC19C8B6EC29C8C6EC39C8D6EC49CBF
:1041A0008E6EC59C916EC69C926EC79C936EC89C89
:1041B000946EC99C956ECA9C966ECB9C976ECC9C57
:1041C000996ECD9C9A6ECE9C9B6ECF9C9D6ED09C22
:1041D0009E6ED19CA06ED29CA16ED39CA36ED49CEB
:1041E000A46ED59CA66ED69CA86ED79CA96ED89CB2
:1041F000AB6ED99CAC6EDA9CAD6EDB9CAE6EDC9C7B
:10420000B06EDD9CB36EDE9CB56EDF9CB86EE09C3C
:10421000B96EE19CBC6EE29CBE6EE39CBF6EE49CFA
:10422000C06EE59CC36EE69CC46EE79CC56EE89CC0
:10423000C66EE99CC86EEA9CC96EEB9CCA6EEC9C8B
:10424000CC6EED9CCD6EEE9CCE6EEF9CD06EF09C55
:10425000D26EF19CD66EF29CD86EF39CD96EF49C13
:10426000DB6EF59CDC6EF69CDD6EF79CE36EF89CD5
:10427000E76EF99CEA6EFA9CEB6EFB9CEC6EFC9C84
:10428000ED6EFD9CEE6EFE9CEF6E409DF06E419DCE
:10429000F16E429DF26E439DF36E449DF56E459D19
:1042A000F66E469DF76E479DF86E489DFA6E499DE5
:1042B000FB6E4A9DFC6E4B9DFD6E4C9DFE6E4D9DB2
:1042C000FF6E4E9D006F4F9D016F509D036F519D7E
:1042D000046F529D056F539D076F549D086F559D48
:1042E0000A6F569D0B6F579D0C6F589D0D6F599D12
:1042F0000E6F5A9D106F5B9D116F5C9D126F5D9DDF
:10430000166F5E9D176F5F9D186F609D196F619DA1
:104310001A6F629D1B6F639D1C6F649D1D6F659D71
:104320001E6F669D1F6F679D216F689D226F699D3F
:10433000236F6A9D256F6B9D266F6C9D276F6D9D0A
:10434000286F6E9D2C6F6F9D2E6F709D306F719DCD
:10435000326F729D346F739D356F749D376F759D8D
:10436000386F769D396F779D3A6F789D3B6F799D59
:104370003C6F7A9D3D6F7B9D3F6F7C9D406F7D9D27
:10438000416F7E9D426F809D436F819D446F829DF2
:10439000456F839D486F849D496F859D4A6F869DBB
:1043A0004C6F879D4E6F889D4F6F899D506F8A9D82
:1043B000516F8B9D526F8C9D536F8D9D546F8E9D51
:1043C000556F8F9D566F909D576F919D596F929D20
:1043D0005A6F939D5B6F949D5D6F959D5F6F969DEA
:1043E000606F979D616F989D636F999D646F9A9DB3
:1043F000656F9B9D676F9C9D686F9D9D696F9E9D7E
:104400006A6F9F9D6B6FA09D6C6FA19D6F6FA29D4A
:10441000706FA39D716FA49D736FA59D756FA69D11
:10442000766FA79D776FA89D796FA99D7B6FAA9DD9
:104430007D6FAB9D7E6FAC9D7F6FAD9D806FAE9DA0
:10444000816FAF9D826FB09D836FB19D856FB29D6F
:10445000866FB39D876FB49D8A6FB59D8B6FB69D38
:104460008F6FB79D906FB89D916FB99D926FBA9DF8
:10447000936FBB9D946FBC9D956FBD9D966FBE9DC8
:10448000976FBF9D986FC09D996FC19D9A6FC29D98
:104490009B6FC39D9D6FC49D9E6FC59D9F6FC69D65
:1044A000A06FC79DA26FC89DA36FC99DA46FCA9D31
:1044B000A56FCB9DA66FCC9DA86FCD9DA96FCE9DFE
:1044C000AA6FCF9DAB6FD09DAC6FD19DAD6FD29DCC
:1044D000AE6FD39DAF6FD49DB06FD59DB16FD69D9C
:1044E000B26FD79DB46FD89DB56FD99DB76FDA9D68
:1044F000B86FDB9DBA6FDC9DBB6FDD9DBC6FDE9D31
:10450000BD6FDF9DBE6FE09DBF6FE19DC16FE29DFE
:10451000C36FE39DC46FE49DC56FE59DC66FE69DC7
:10452000C76FE79DC86FE89DCA6FE99DCB6FEA9D95
:10453000CC6FEB9DCD6FEC9DCE6FED9DCF6FEE9D63
:10454000D06FEF9DD36FF09DD46FF19DD56FF29D2D
:10455000D66FF39DD76FF49DD86FF59DD96FF69DFB
:10456000DA6FF79DDB6FF89DDC6FF99DDD6FFA9DCB
:10457000DF6FFB9DE26FFC9DE36FFD9DE46FFE9D91
:10458000E56F409EE66F419EE76F429EE86F439E57
:10459000E96F449EEA6F459EEB6F469EEC6F479E27
:1045A000ED6F489EF06F499EF16F4A9EF26F4B9EF1
:1045B000F36F4C9EF46F4D9EF56F4E9EF66F4F9EBF
:1045C000F76F509EF86F519EF96F529EFA6F539E8F
:1045D000FB6F549EFC6F559EFD6F569EFE6F579E5F
:1045E000FF6F589E0070599E01705A9E02705B9E2C
:1045F00003705C9E04705D9E05705E9E06705F9EFB
:104600000770609E0870619E0970629E0A70639ECA
:104610000B70649E0C70659E0D70669E0E70679E9A
:104620000F70689E1070699E12706A9E13706B9E68
:1046300014706C9E15706D9E16706E9E17706F9E36
:104640001870709E1970719E1C70729E1D70739E02
:104650001E70749E1F70759E2070769E2170779ECE
:104660002270789E2470799E25707A9E26707B9E9B
:1046700027707C9E28707D9E29707E9E2A70809E69
:104680002B70819E2C70829E2D70839E2E70849E36
:104690002F70859E3070869E3170879E3270889E06
:1046A0003370899E34708A9E36708B9E37708C9ED4
:1046B00038708D9E3A708E9E3B708F9E3C70909E9F
:1046C0003D70919E3E70929E3F70939E4070949E6E
:1046D0004170959E4270969E4370979E4470989E3E
:1046E0004570999E46709A9E47709B9E48709C9E0E
:1046F00049709D9E4A709E9E4B709F9E4D70A09EDD
:104700004E70A19E5070A29E5170A39E5270A49EA6
:104710005370A59E5470A69E5570A79E5670A89E75
:104720005770A99E5870AA9E5970AB9E5A70AC9E45
:104730005B70AD9E5C70AE9E5D70AF9E5F70B09E14
:104740006070B19E6170B29E6270B39E6370B49EE1
:104750006470B59E6570B69E6670B79E6770B89EB1
:104760006870B99E6970BA9E6A70BB9E6E70BC9E7E
:104770007170BD9E7270BE9E7370BF9E7470C09E3D
:104780007770C19E7970C29E7A70C39E7B70C49E02
:104790007D70C59E8170C69E8270C79E8370C89EC4
:1047A0008470C99E8670CA9E8770CB9E8870CC9E8E
:1047B0008B70CD9E8C70CE9E8D70CF9E8F70D09E54
:1047C0009070D19E9170D29E9370D39E9770D49E1C
:1047D0009870D59E9A70D69E9B70D79E9E70D89EDC
:1047E0009F70D99EA070DA9EA170DB9EA270DC9EA5
:1047F000A370DD9EA470DE9EA570DF9EA670E09E75
:10480000A770E19EA870E29EA970E39EAA70E49E44
:10481000B070E59EB270E69EB470E79EB570E89EFB
:10482000B670E99EBA70EA9EBE70EB9EBF70EC9EB9
:10483000C470ED9EC570EE9EC670EF9EC770F09E70
:10484000C970F19ECB70F29ECC70F39ECD70F49E39
:10485000CE70F59ECF70F69ED070F79ED170F89E08
:10486000D270F99ED370FA9ED470FB9ED570FC9ED8
:10487000D670FD9ED770FE9EDA70409FDC70419F1F
:10488000DD70429FDE70439FE070449FE170459F62
:10489000E270469FE370479FE570489FEA70499F2A
:1048A000EE704A9FF0704B9FF1704C9FF2704D9FDD
:1048B000F3704E9FF4704F9FF570509FF670519FAC
:1048C000F870529FFA70539FFB70549FFC70559F75
:1048D000FE70569FFF70579F0071589F0171599F3E
:1048E00002715A9F03715B9F04715C9F05715D9F0C
:1048F00006715E9F07715F9F0871609F0B71619FDA
:104900000C71629F0D71639F0E71649F0F71659FA3
:104910001171669F1271679F1471689F1771699F6B
:104920001B716A9F1C716B9F1D716C9F1E716D9F27
:104930001F716E9F20716F9F2171709F2271719FF7
:104940002371729F2471739F2571749F2771759FC6
:104950002871769F2971779F2A71789F2B71799F93
:104960002C717A9F2D717B9F2E717C9F32717D9F60
:1049700033717E9F3471809F3571819F3771829F23
:104980003871839F3971849F3A71859F3B71869FEF
:104990003C71879F3D71889F3E71899F3F718A9FBF
:1049A00040718B9F41718C9F42718D9F43718E9F8F
:1049B00044718F9F4671909F4771919F4871929F5C
:1049C0004971939F4B71949F4D71959F4F71969F25
:1049D0005071979F5171989F5271999F53719A9FEF
:1049E00054719B9F55719C9F56719D9F57719E9FBF
:1049F00058719F9F5971A09F5A71A19F5B71A29F8F
:104A00005D71A39F5F71A49F6071A59F6171A69F57
:104A10006271A79F6371A89F6571A99F6971AA9F21
:104A20006A71AB9F6B71AC9F6C71AD9F6D71AE9FE6
:104A30006F71AF9F7071B09F7171B19F7471B29FB0
:104A40007571B39F7671B49F7771B59F7971B69F79
:104A50007B71B79F7C71B89F7E71B99F7F71BA9F40
:104A60008071BB9F8171BC9F8271BD9F8371BE9F0E
:104A70008571BF9F8671C09F8771C19F8871C29FDA
:104A80008971C39F8B71C49F8C71C59F8D71C69FA7
:104A90008E71C79F9071C89F9171C99F9271CA9F73
:104AA0009371CB9F9571CC9F9671CD9F9771CE9F3F
:104AB0009A71CF9F9B71D09F9C71D19F9D71D29F06
:104AC0009E71D39FA171D49FA271D59FA371D69FD0
:104AD000A471D79FA571D89FA671D99FA771DA9F9E
:104AE000A971DB9FAA71DC9FAB71DD9FAD71DE9F69
:104AF000AE71DF9FAF71E09FB071E19FB171E29F36
:104B0000B271E39FB471E49FB671E59FB771E69F00
:104B1000B871E79FBA71E89FBB71E99FBC71EA9FCA
:104B2000BD71EB9FBE71EC9FBF71ED9FC071EE9F99
:104B3000C171EF9FC271F09FC471F19FC571F29F67
:104B4000C671F39FC771F49FC871F59FC971F69F35
:104B5000CA71F79FCB71F89FCC71F99FCD71FA9F05
:104B6000CF71FB9FD071FC9FD171FD9FD271FE9FD1
:104B7000D37140A0D67141A0D77142A0D87143A093
:104B8000D97144A0DA7145A0DB7146A0DC7147A061
:104B9000DD7148A0DE7149A0DF714AA0E1714BA030
:104BA000E2714CA0E3714DA0E4714EA0E6714FA0FC
:104BB000E87150A0E97151A0EA7152A0EB7153A0C5
:104BC000EC7154A0ED7155A0EF7156A0F07157A093
:104BD000F17158A0F27159A0F3715AA0F4715BA061
:104BE000F5715CA0F6715DA0F7715EA0F8715FA031
:104BF000FA7160A0FB7161A0FC7162A0FD7163A0FD
:104C0000FE7164A0FF7165A0007266A0017267A0CA
:104C1000027268A0037269A004726AA005726BA098
:104C200007726CA008726DA009726EA00A726FA064
:104C30000B7270A00C7271A00D7272A00E7273A034
:104C40000F7274A0107275A0117276A0127277A004
:104C5000137278A0147279A015727AA016727BA0D4
:104C600017727CA018727DA019727EA01A7280A0A3
:104C70001B7281A01C7282A01E7283A01F7284A06E
:104C8000207285A0217286A0227287A0237288A03C
:104C9000247289A025728AA026728BA027728CA00C
:104CA00029728DA02B728EA02D728FA02E7290A0D3
:104CB0002F7291A0327292A0337293A0347294A09A
:104CC0003A7295A03C7296A03E7297A0407298A04E
:104CD000417299A042729AA043729BA044729CA018
:104CE00045729DA046729EA049729FA04A72A0A0E4
:104CF0004B72A1A04E72A2A04F72A3A05072A4A0AA
:104D00005172A5A05372A6A05472A7A05572A8A074
:104D10005772A9A05872AAA05A72ABA05C72ACA03C
:104D20005E72ADA06072AEA06372AFA06472B0A0FC
:104D30006572B1A06872B2A06A72B3A06B72B4A0BF
:104D40006C72B5A06D72B6A07072B7A07172B8A087
:104D50007372B9A07472BAA07672BBA07772BCA04D
:104D60007872BDA07B72BEA07C72BFA07D72C0A015
:104D70008272C1A08372C2A08572C3A08672C4A0D1
:104D80008772C5A08872C6A08972C7A08C72C8A09D
:104D90008E72C9A09072CAA09172CBA09372CCA05F
:104DA0009472CDA09572CEA09672CFA09772D0A02B
:104DB0009872D1A09972D2A09A72D3A09B72D4A0FB
:104DC0009C72D5A09D72D6A09E72D7A0A072D8A0CA
:104DD000A172D9A0A272DAA0A372DBA0A472DCA097
:104DE000A572DDA0A672DEA0A772DFA0A872E0A067
:104DF000A972E1A0AA72E2A0AB72E3A0AE72E4A035
:104E0000B172E5A0B272E6A0B372E7A0B572E8A0F5
:104E1000BA72E9A0BB72EAA0BC72EBA0BD72ECA0B2
:104E2000BE72EDA0BF72EEA0C072EFA0C572F0A07E
:104E3000C672F1A0C772F2A0C972F3A0CA72F4A040
:104E4000CB72F5A0CC72F6A0CF72F7A0D172F8A009
:104E5000D372F9A0D472FAA0D572FBA0D672FCA0CE
:104E6000D872FDA0DA72FEA0DB72A1A10030A2A16F
:104E70000130A3A10230A4A1B700A5A1C902A6A137
:104E8000C702A7A1A800A8A10330A9A10530AAA123
:104E90001420ABA15EFFACA11620ADA12620AEA1CF
:104EA0001820AFA11920B0A11C20B1A11D20B2A1D2
:104EB0001430B3A11530B4A10830B5A10930B6A1A2
:104EC0000A30B7A10B30B8A10C30B9A10D30BAA18E
:104ED0000E30BBA10F30BCA11630BDA11730BEA152
:104EE0001030BFA11130C0A1B100C1A1D700C2A133
:104EF000F700C3A13622C4A12722C5A12822C6A13A
:104F00001122C7A10F22C8A12A22C9A12922CAA100
:104F10000822CBA13722CCA11A22CDA1A522CEA155
:104F20002522CFA12022D0A11223D1A19922D2A142
:104F30002B22D3A12E22D4A16122D5A14C22D6A10D
:104F40004822D7A13D22D8A11D22D9A16022DAA1F1
:104F50006E22DBA16F22DCA16422DDA16522DEA12D
:104F60001E22DFA13522E0A13422E1A14226E2A1E6
:104F70004026E3A1B000E4A13220E5A13320E6A160
:104F80000321E7A104FFE8A1A400E9A1E0FFEAA151
:104F9000E1FFEBA13020ECA1A700EDA11621EEA1CD
:104FA0000626EFA10526F0A1CB25F1A1CF25F2A180
:104FB000CE25F3A1C725F4A1C625F5A1A125F6A10B
:104FC000A025F7A1B325F8A1B225F9A13B20FAA1AC
:104FD0009221FBA19021FCA19121FDA19321FEA191
:104FE0001330A1A27021A2A27121A3A27221A4A2B6
:104FF0007321A5A27421A6A27521A7A27621A8A239
:105000007721A9A27821AAA27921B1A28824B2A2EB
:105010008924B3A28A24B4A28B24B5A28C24B6A27C
:105020008D24B7A28E24B8A28F24B9A29024BAA24C
:105030009124BBA29224BCA29324BDA29424BEA21C
:105040009524BFA29624C0A29724C1A29824C2A2EC
:105050009924C3A29A24C4A29B24C5A27424C6A2E4
:105060007524C7A27624C8A27724C9A27824CAA22C
:105070007924CBA27A24CCA27B24CDA27C24CEA2FC
:105080007D24CFA27E24D0A27F24D1A28024D2A2CC
:105090008124D3A28224D4A28324D5A28424D6A29C
:1050A0008524D7A28624D8A28724D9A26024DAA294
:1050B0006124DBA26224DCA26324DDA26424DEA2DC
:1050C0006524DFA26624E0A26724E1A26824E2A2AC
:1050D0006924E5A22032E6A22132E7A22232E8A228
:1050E0002332E9A22432EAA22532EBA22632ECA234
:1050F0002732EDA22832EEA22932F1A26021F2A2DB
:105100006121F3A26221F4A26321F5A26421F6A237
:105110006521F7A26621F8A26721F9A26821FAA207
:105120006921FBA26A21FCA26B21A1A301FFA2A31A
:1051300002FFA3A303FFA4A3E5FFA5A305FFA6A366
:1051400006FFA7A307FFA8A308FFA9A309FFAAA317
:105150000AFFABA30BFFACA30CFFADA30DFFAEA3E7
:105160000EFFAFA30FFFB0A310FFB1A311FFB2A3B7
:1051700012FFB3A313FFB4A314FFB5A315FFB6A387
:1051800016FFB7A317FFB8A318FFB9A319FFBAA357
:105190001AFFBBA31BFFBCA31CFFBDA31DFFBEA327
:1051A0001EFFBFA31FFFC0A320FFC1A321FFC2A3F7
:1051B00022FFC3A323FFC4A324FFC5A325FFC6A3C7
:1051C00026FFC7A327FFC8A328FFC9A329FFCAA397
:1051D0002AFFCBA32BFFCCA32CFFCDA32DFFCEA367
:1051E0002EFFCFA32FFFD0A330FFD1A331FFD2A337
:1051F00032FFD3A333FFD4A334FFD5A335FFD6A307
:1052000036FFD7A337FFD8A338FFD9A339FFDAA3D6
:105210003AFFDBA33BFFDCA33CFFDDA33DFFDEA3A6
:105220003EFFDFA33FFFE0A340FFE1A341FFE2A376
:1052300042FFE3A343FFE4A344FFE5A345FFE6A346
:1052400046FFE7A347FFE8A348FFE9A349FFEAA316
:105250004AFFEBA34BFFECA34CFFEDA34DFFEEA3E6
:105260004EFFEFA34FFFF0A350FFF1A351FFF2A3B6
:1052700052FFF3A353FFF4A354FFF5A355FFF6A386
:1052800056FFF7A357FFF8A358FFF9A359FFFAA356
:105290005AFFFBA35BFFFCA35CFFFDA35DFFFEA326
:1052A000E3FFA1A44130A2A44230A3A44330A4A4AC
:1052B0004430A5A44530A6A44630A7A44730A8A4EE
:1052C0004830A9A44930AAA44A30ABA44B30ACA4BE
:1052D0004C30ADA44D30AEA44E30AFA44F30B0A48E
:1052E0005030B1A45130B2A45230B3A45330B4A45E
:1052F0005430B5A45530B6A45630B7A45730B8A42E
:105300005830B9A45930BAA45A30BBA45B30BCA4FD
:105310005C30BDA45D30BEA45E30BFA45F30C0A4CD
:105320006030C1A46130C2A46230C3A46330C4A49D
:105330006430C5A46530C6A46630C7A46730C8A46D
:105340006830C9A46930CAA46A30CBA46B30CCA43D
:105350006C30CDA46D30CEA46E30CFA46F30D0A40D
:105360007030D1A47130D2A47230D3A47330D4A4DD
:105370007430D5A47530D6A47630D7A47730D8A4AD
:105380007830D9A47930DAA47A30DBA47B30DCA47D
:105390007C30DDA47D30DEA47E30DFA47F30E0A44D
:1053A0008030E1A48130E2A48230E3A48330E4A41D
:1053B0008430E5A48530E6A48630E7A48730E8A4ED
:1053C0008830E9A48930EAA48A30EBA48B30ECA4BD
:1053D0008C30EDA48D30EEA48E30EFA48F30F0A48D
:1053E0009030F1A49130F2A49230F3A49330A1A5AF
:1053F000A130A2A5A230A3A5A330A4A5A430A5A541
:10540000A530A6A5A630A7A5A730A8A5A830A9A510
:10541000A930AAA5AA30ABA5AB30ACA5AC30ADA5E0
:10542000AD30AEA5AE30AFA5AF30B0A5B030B1A5B0
:10543000B130B2A5B230B3A5B330B4A5B430B5A580
:10544000B530B6A5B630B7A5B730B8A5B830B9A550
:10545000B930BAA5BA30BBA5BB30BCA5BC30BDA520
:10546000BD30BEA5BE30BFA5BF30C0A5C030C1A5F0
:10547000C130C2A5C230C3A5C330C4A5C430C5A5C0
:10548000C530C6A5C630C7A5C730C8A5C830C9A590
:10549000C930CAA5CA30CBA5CB30CCA5CC30CDA560
:1054A000CD30CEA5CE30CFA5CF30D0A5D030D1A530
:1054B000D130D2A5D230D3A5D330D4A5D430D5A500
:1054C000D530D6A5D630D7A5D730D8A5D830D9A5D0
:1054D000D930DAA5DA30DBA5DB30DCA5DC30DDA5A0
:1054E000DD30DEA5DE30DFA5DF30E0A5E030E1A570
:1054F000E130E2A5E230E3A5E330E4A5E430E5A540
:10550000E530E6A5E630E7A5E730E8A5E830E9A50F
:10551000E930EAA5EA30EBA5EB30ECA5EC30EDA5DF
:10552000ED30EEA5EE30EFA5EF30F0A5F030F1A5AF
:10553000F130F2A5F230F3A5F330F4A5F430F5A57F
:10554000F530F6A5F630A1A69103A2A69203A3A674
:105550009303A4A69403A5A69503A6A69603A7A6BF
:105560009703A8A69803A9A69903AAA69A03ABA68F
:105570009B03ACA69C03ADA69D03AEA69E03AFA65F
:105580009F03B0A6A003B1A6A103B2A6A303B3A62E
:10559000A403B4A6A503B5A6A603B6A6A703B7A6FB
:1055A000A803B8A6A903C1A6B103C2A6B203C3A6A5
:1055B000B303C4A6B403C5A6B503C6A6B603C7A65F
:1055C000B703C8A6B803C9A6B903CAA6BA03CBA62F
:1055D000BB03CCA6BC03CDA6BD03CEA6BE03CFA6FF
:1055E000BF03D0A6C003D1A6C103D2A6C303D3A6CE
:1055F000C403D4A6C503D5A6C603D6A6C703D7A69B
:10560000C803D8A6C903E0A635FEE1A636FEE2A689
:1056100039FEE3A63AFEE4A63FFEE5A640FEE6A676
:105620003DFEE7A63EFEE8A641FEE9A642FEEAA64A
:1056300043FEEBA644FEEEA63BFEEFA63CFEF0A624
:1056400037FEF1A638FEF2A631FEF4A633FEF5A62B
:1056500034FEA1A71004A2A71104A3A71204A4A7B3
:105660001304A5A71404A6A71504A7A70104A8A7B7
:105670001604A9A71704AAA71804ABA71904ACA776
:105680001A04ADA71B04AEA71C04AFA71D04B0A746
:105690001E04B1A71F04B2A72004B3A72104B4A716
:1056A0002204B5A72304B6A72404B7A72504B8A7E6
:1056B0002604B9A72704BAA72804BBA72904BCA7B6
:1056C0002A04BDA72B04BEA72C04BFA72D04C0A786
:1056D0002E04C1A72F04D1A73004D2A73104D3A729
:1056E0003204D4A73304D5A73404D6A73504D7A7EA
:1056F0005104D8A73604D9A73704DAA73804DBA7A2
:105700003904DCA73A04DDA73B04DEA73C04DFA78D
:105710003D04E0A73E04E1A73F04E2A74004E3A75D
:105720004104E4A74204E5A74304E6A74404E7A72D
:105730004504E8A74604E9A74704EAA74804EBA7FD
:105740004904ECA74A04EDA74B04EEA74C04EFA7CD
:105750004D04F0A74E04F1A74F0440A8CA0241A887
:10576000CB0242A8D90243A8132044A8152045A87B
:10577000252046A8352047A8052148A8092149A881
:1057800096214AA897214BA898214CA899214DA869
:1057900015224EA81F224FA8232250A8522251A8FA
:1057A000662252A8672253A8BF2254A8502555A8A4
:1057B000512556A8522557A8532558A8542559A80D
:1057C00055255AA856255BA857255CA858255DA8DD
:1057D00059255EA85A255FA85B2560A85C2561A8AD
:1057E0005D2562A85E2563A85F2564A8602565A87D
:1057F000612566A8622567A8632568A8642569A84D
:1058000065256AA866256BA867256CA868256DA81C
:1058100069256EA86A256FA86B2570A86C2571A8EC
:105820006D2572A86E2573A86F2574A8702575A8BC
:10583000712576A8722577A8732578A8812579A87F
:1058400082257AA883257BA884257CA885257DA828
:1058500086257EA8872580A8882581A8892582A8F5
:105860008A2583A88B2584A88C2585A88D2586A8C4
:105870008E2587A88F2588A8932589A894258AA88E
:1058800095258BA8BC258CA8BD258DA8E2258EA8C2
:10589000E3258FA8E42590A8E52591A8092692A8DC
:1058A000952293A8123094A81D3095A81E30A1A867
:1058B0000101A2A8E100A3A8CE01A4A8E000A5A828
:1058C0001301A6A8E900A7A81B01A8A8E800A9A899
:1058D0002B01AAA8ED00ABA8D001ACA8EC00ADA8A4
:1058E0004D01AEA8F300AFA8D201B0A8F200B1A854
:1058F0006B01B2A8FA00B3A8D401B4A8F900B5A806
:10590000D601B6A8D801B7A8DA01B8A8DC01B9A8B1
:10591000FC00BAA8EA00BBA85102BDA84401BEA879
:105920004801C0A86102C5A80531C6A80631C7A8AC
:105930000731C8A80831C9A80931CAA80A31CBA8BB
:105940000B31CCA80C31CDA80D31CEA80E31CFA88B
:105950000F31D0A81031D1A81131D2A81231D3A85B
:105960001331D4A81431D5A81531D6A81631D7A82B
:105970001731D8A81831D9A81931DAA81A31DBA8FB
:105980001B31DCA81C31DDA81D31DEA81E31DFA8CB
:105990001F31E0A82031E1A82131E2A82231E3A89B
:1059A0002331E4A82431E5A82531E6A82631E7A86B
:1059B0002731E8A82831E9A8293140A9213041A997
:1059C000223042A9233043A9243044A9253045A9D7
:1059D000263046A9273047A9283048A9293049A9A7
:1059E000A3324AA98E334BA98F334CA99C334DA9BE
:1059F0009D334EA99E334FA9A13350A9C43351A959
:105A0000CE3352A9D13353A9D23354A9D53355A992
:105A100030FE56A9E2FF57A9E4FF59A921215AA94E
:105A200031325CA9102060A9FC3061A99B3062A9C9
:105A30009C3063A9FD3064A9FE3065A9063066A9D3
:105A40009D3067A99E3068A949FE69A94AFE6AA9E6
:105A50004BFE6BA94CFE6CA94DFE6DA94EFE6EA9C6
:105A60004FFE6FA950FE70A951FE71A952FE72A996
:105A700054FE73A955FE74A956FE75A957FE76A962
:105A800059FE77A95AFE78A95BFE79A95CFE7AA92E
:105A90005DFE7BA95EFE7CA95FFE7DA960FE7EA9FE
:105AA00061FE80A962FE81A963FE82A964FE83A9CA
:105AB00065FE84A966FE85A968FE86A969FE87A998
:105AC0006AFE88A96BFE96A90730A4A90025A5A99E
:105AD0000125A6A90225A7A90325A8A90425A9A9E6
:105AE0000525AAA90625ABA90725ACA90825ADA9B6
:105AF0000925AEA90A25AFA90B25B0A90C25B1A986
:105B00000D25B2A90E25B3A90F25B4A91025B5A955
:105B10001125B6A91225B7A91325B8A91425B9A925
:105B20001525BAA91625BBA91725BCA91825BDA9F5
:105B30001925BEA91A25BFA91B25C0A91C25C1A9C5
:105B40001D25C2A91E25C3A91F25C4A92025C5A995
:105B50002125C6A92225C7A92325C8A92425C9A965
:105B60002525CAA92625CBA92725CCA92825CDA935
:105B70002925CEA92A25CFA92B25D0A92C25D1A905
:105B80002D25D2A92E25D3A92F25D4A93025D5A9D5
:105B90003125D6A93225D7A93325D8A93425D9A9A5
:105BA0003525DAA93625DBA93725DCA93825DDA975
:105BB0003925DEA93A25DFA93B25E0A93C25E1A945
:105BC0003D25E2A93E25E3A93F25E4A94025E5A915
:105BD0004125E6A94225E7A94325E8A94425E9A9E5
:105BE0004525EAA94625EBA94725ECA94825EDA9B5
:105BF0004925EEA94A25EFA94B2540AADC7241AA06
:105C0000DD7242AADF7243AAE27244AAE37245AA95
:105C1000E47246AAE57247AAE67248AAE77249AA60
:105C2000EA724AAAEB724BAAF5724CAAF6724DAA16
:105C3000F9724EAAFD724FAAFE7250AAFF7251AAC3
:105C4000007352AA027353AA047354AA057355AA87
:105C5000067356AA077357AA087358AA097359AA54
:105C60000B735AAA0C735BAA0D735CAA0F735DAA1F
:105C700010735EAA11735FAA127360AA147361AAEB
:105C8000187362AA197363AA1A7364AA1F7365AAA8
:105C9000207366AA237367AA247368AA267369AA65
:105CA00027736AAA28736BAA2D736CAA2F736DAA27
:105CB00030736EAA32736FAA337370AA357371AAE8
:105CC000367372AA3A7373AA3B7374AA3C7375AAAB
:105CD0003D7376AA407377AA417378AA427379AA72
:105CE00043737AAA44737BAA45737CAA46737DAA40
:105CF00047737EAA487380AA497381AA4A7382AA0D
:105D00004B7383AA4C7384AA4E7385AA4F7386AAD9
:105D1000517387AA537388AA547389AA55738AAAA0
:105D200056738BAA58738CAA59738DAA5A738EAA6C
:105D30005B738FAA5C7390AA5D7391AA5E7392AA3B
:105D40005F7393AA617394AA627395AA637396AA08
:105D5000647397AA657398AA667399AA67739AAAD7
:105D600068739BAA69739CAA6A739DAA6B739EAAA7
:105D70006E739FAA7073A0AA717340AB727341AB2C
:105D8000737342AB747343AB757344AB767345ABBB
:105D9000777346AB787347AB797348AB7A7349AB8B
:105DA0007B734AAB7C734BAB7D734CAB7F734DAB5A
:105DB00080734EAB81734FAB827350AB837351AB27
:105DC000857352AB867353AB887354AB8A7355ABF0
:105DD0008C7356AB8D7357AB8F7358AB907359ABB5
:105DE00092735AAB93735BAB94735CAB95735DAB7F
:105DF00097735EAB98735FAB997360AB9A7361AB4B
:105E00009C7362AB9D7363AB9E7364ABA07365AB15
:105E1000A17366ABA37367ABA47368ABA57369ABDF
:105E2000A6736AABA7736BABA8736CABAA736DABAD
:105E3000AC736EABAD736FABB17370ABB47371AB6E
:105E4000B57372ABB67373ABB87374ABB97375AB30
:105E5000BC7376ABBD7377ABBE7378ABBF7379ABF6
:105E6000C1737AABC3737BABC4737CABC5737DABBF
:105E7000C6737EABC77380ABCB7381ABCC7382AB85
:105E8000CE7383ABD27384ABD37385ABD47386AB41
:105E9000D57387ABD67388ABD77389ABD8738AAB0E
:105EA000DA738BABDB738CABDC738DABDD738EABDA
:105EB000DF738FABE17390ABE27391ABE37392ABA3
:105EC000E47393ABE67394ABE87395ABEA7396AB6C
:105ED000EB7397ABEC7398ABEE7399ABEF739AAB34
:105EE000F0739BABF1739CABF3739DABF4739EAB00
:105EF000F5739FABF673A0ABF77340ACF87341AC8E
:105F0000F97342ACFA7343ACFB7344ACFC7345AC1D
:105F1000FD7346ACFE7347ACFF7348AC007449ACEC
:105F200001744AAC02744BAC04744CAC07744DACB5
:105F300008744EAC0B744FAC0C7450AC0D7451AC77
:105F40000E7452AC117453AC127454AC137455AC3F
:105F5000147456AC157457AC167458AC177459AC0D
:105F600018745AAC19745BAC1C745CAC1D745DACD9
:105F70001E745EAC1F745FAC207460AC217461ACA5
:105F8000237462AC247463AC277464AC297465AC6C
:105F90002B7466AC2D7467AC2F7468AC317469AC2B
:105FA00032746AAC37746BAC38746CAC39746DACE9
:105FB0003A746EAC3B746FAC3D7470AC3E7471ACB3
:105FC0003F7472AC407473AC427474AC437475AC7F
:105FD000447476AC457477AC467478AC477479AC4D
:105FE00048747AAC49747BAC4A747CAC4B747DAC1D
:105FF0004C747EAC4D7480AC4E7481AC4F7482ACEA
:10600000507483AC517484AC527485AC537486ACB8
:10601000547487AC567488AC587489AC5D748AAC7F
:1060200060748BAC61748CAC62748DAC63748EAC38
:1060300064748FAC657490AC667491AC677492AC08
:10604000687493AC697494AC6A7495AC6B7496ACD8
:106050006C7497AC6E7498AC6F7499AC71749AACA4
:1060600072749BAC73749CAC74749DAC75749EAC70
:1060700078749FAC7974A0AC7A7440AD7B7441ADF8
:106080007C7442AD7D7443AD7F7444AD827445AD84
:10609000847446AD857447AD867448AD887449AD47
:1060A00089744AAD8A744BAD8C744CAD8D744DAD12
:1060B0008F744EAD91744FAD927450AD937451ADD9
:1060C000947452AD957453AD967454AD977455ADA8
:1060D000987456AD997457AD9A7458AD9B7459AD78
:1060E0009D745AAD9F745BADA0745CADA1745DAD41
:1060F000A2745EADA3745FADA47460ADA57461AD10
:10610000A67462ADAA7463ADAB7464ADAC7465ADD6
:10611000AD7466ADAE7467ADAF7468ADB07469ADA3
:10612000B1746AADB2746BADB3746CADB4746DAD73
:10613000B5746EADB6746FADB77470ADB87471AD43
:10614000B97472ADBB7473ADBC7474ADBD7475AD10
:10615000BE7476ADBF7477ADC07478ADC17479ADDF
:10616000C2747AADC3747BADC4747CADC5747DADAF
:10617000C6747EADC77480ADC87481ADC97482AD7C
:10618000CA7483ADCB7484ADCC7485ADCD7486AD4B
:10619000CE7487ADCF7488ADD07489ADD1748AAD1B
:1061A000D3748BADD4748CADD5748DADD6748EADE7
:1061B000D7748FADD87490ADD97491ADDA7492ADB7
:1061C000DB7493ADDD7494ADDF7495ADE17496AD81
:1061D000E57497ADE77498ADE87499ADE9749AAD3C
:1061E000EA749BADEB749CADEC749DADED749EAD0B
:1061F000F0749FADF174A0ADF27440AEF37441AE93
:10620000F57442AEF87443AEF97444AEFA7445AE18
:10621000FB7446AEFC7447AEFD7448AEFE7449AEE6
:1062200000754AAE01754BAE02754CAE03754DAEAE
:1062300005754EAE06754FAE077550AE087551AE7A
:10624000097552AE0A7553AE0B7554AE0C7555AE4A
:106250000E7556AE107557AE127558AE147559AE10
:1062600015755AAE16755BAE17755CAE1B755DAED7
:106270001D755EAE1E755FAE207560AE217561AE98
:10628000227562AE237563AE247564AE267565AE65
:10629000277566AE2A7567AE2E7568AE347569AE21
:1062A00036756AAE39756BAE3C756CAE3D756DAECC
:1062B0003F756EAE41756FAE427570AE437571AE8F
:1062C000447572AE467573AE477574AE497575AE5A
:1062D0004A7576AE4D7577AE507578AE517579AE1C
:1062E00052757AAE53757BAE55757CAE56757DAEE4
:1062F00057757EAE587580AE5D7581AE5E7582AEA7
:106300005F7583AE607584AE617585AE627586AE6D
:10631000637587AE647588AE677589AE68758AAE39
:1063200069758BAE6B758CAE6C758DAE6D758EAE02
:106330006E758FAE6F7590AE707591AE717592AED1
:10634000737593AE757594AE767595AE777596AE9A
:106350007A7597AE7B7598AE7C7599AE7D759AAE61
:106360007E759BAE80759CAE81759DAE82759EAE2E
:1063700084759FAE8575A0AE877540AF887541AFB7
:10638000897542AF8A7543AF8C7544AF8D7545AF43
:106390008E7546AF907547AF937548AF957549AF09
:1063A00098754AAF9B754BAF9C754CAF9E754DAFC2
:1063B000A2754EAFA6754FAFA77550AFA87551AF78
:1063C000A97552AFAA7553AFAD7554AFB67555AF39
:1063D000B77556AFBA7557AFBB7558AFBF7559AFE4
:1063E000C0755AAFC1755BAFC6755CAFCB755DAF9D
:1063F000CC755EAFCE755FAFCF7560AFD07561AF56
:10640000D17562AFD37563AFD77564AFD97565AF1A
:10641000DA7566AFDC7567AFDD7568AFDF7569AFDC
:10642000E0756AAFE1756BAFE5756CAFE9756DAF9F
:10643000EC756EAFED756FAFEE7570AFEF7571AF58
:10644000F27572AFF37573AFF57574AFF67575AF1E
:10645000F77576AFF87577AFFA7578AFFB7579AFEA
:10646000FD757AAFFE757BAF02767CAF04767DAFAB
:1064700006767EAF077680AF087681AF097682AF69
:106480000B7683AF0D7684AF0E7685AF0F7686AF31
:10649000117687AF127688AF137689AF14768AAFFC
:1064A00016768BAF1A768CAF1C768DAF1D768EAFBD
:1064B0001E768FAF217690AF237691AF277692AF7D
:1064C000287693AF2C7694AF2E7695AF2F7696AF35
:1064D000317697AF327698AF367699AF37769AAFF6
:1064E00039769BAF3A769CAF3B769DAF3D769EAFBB
:1064F00041769FAF4276A0AF447640B0457641B03A
:10650000467642B0477643B0487644B0497645B0C7
:106510004A7646B04B7647B04E7648B04F7649B093
:1065200050764AB051764BB052764CB053764DB05F
:1065300055764EB057764FB0587650B0597651B028
:106540005A7652B05B7653B05D7654B05F7655B0F4
:10655000607656B0617657B0627658B0647659B0BE
:1065600065765AB066765BB067765CB068765DB08B
:1065700069765EB06A765FB06C7660B06D7661B059
:106580006E7662B0707663B0717664B0727665B024
:10659000737666B0747667B0757668B0767669B0F3
:1065A00077766AB079766BB07A766CB07C766DB0BF
:1065B0007F766EB080766FB0817670B0837671B082
:1065C000857672B0897673B08A7674B08C7675B041
:1065D0008D7676B08F7677B0907678B0927679B007
:1065E00094767AB095767BB097767CB098767DB0CD
:1065F0009A767EB09B7680B09C7681B09D7682B094
:106600009E7683B09F7684B0A07685B0A17686B062
:10661000A27687B0A37688B0A57689B0A6768AB030
:10662000A7768BB0A8768CB0A9768DB0AA768EB0FE
:10663000AB768FB0AC7690B0AD7691B0AF7692B0CD
:10664000B07693B0B37694B0B57695B0B67696B092
:10665000B77697B0B87698B0B97699B0BA769AB05E
:10666000BB769BB0BC769CB0BD769DB0BE769EB02E
:10667000C0769FB0C176A0B0C376A1B04A55A2B093
:106680003F96A3B0C357A4B02863A5B0CE54A6B01C
:106690000955A7B0C054A8B09176A9B04C76AAB05D
:1066A0003C85ABB0EE77ACB07E82ADB08D78AEB04D
:1066B0003172AFB09896B0B08D97B1B0286CB2B0CF
:1066C000895BB3B0FA4FB4B00963B5B09766B6B0A2
:1066D000B85CB7B0FA80B8B04868B9B0AE80BAB0AC
:1066E0000266BBB0CE76BCB0F951BDB05665BEB047
:1066F000AC71BFB0F17FC0B08488C1B0B250C2B03D
:106700006559C3B0CA61C4B0B36FC5B0AD82C6B07D
:106710004C63C7B05262C8B0ED53C9B02754CAB079
:10672000067BCBB06B51CCB0A475CDB0F45DCEB0D0
:10673000D462CFB0CB8DD0B07697D1B08A62D2B0D0
:106740001980D3B05D57D4B03897D5B0627FD6B03A
:106750003872D7B07D76D8B0CF67D9B07E76DAB050
:106760004664DBB0704FDCB0258DDDB0DC62DEB09E
:10677000177ADFB09165E0B0ED73E1B02C64E2B060
:106780007362E3B02C82E4B08198E5B07F67E6B035
:106790004872E7B06E62E8B0CC62E9B0344FEAB05C
:1067A000E374EBB04A53ECB09E52EDB0CA7EEEB04B
:1067B000A690EFB02E5EF0B08668F1B09C69F2B0A2
:1067C0008081F3B0D17EF4B0D268F5B0C578F6B070
:1067D0008C86F7B05195F8B08D50F9B0248CFAB092
:1067E000DE82FBB0DE80FCB00553FDB01289FEB046
:1067F000655240B1C47641B1C77642B1C97643B162
:10680000CB7644B1CC7645B1D37646B1D57647B197
:10681000D97648B1DA7649B1DC764AB1DD764BB14A
:10682000DE764CB1E0764DB1E1764EB1E2764FB115
:10683000E37650B1E47651B1E67652B1E77653B1E2
:10684000E87654B1E97655B1EA7656B1EB7657B1B0
:10685000EC7658B1ED7659B1F0765AB1F3765BB17A
:10686000F5765CB1F6765DB1F7765EB1FA765FB13A
:10687000FB7660B1FD7661B1FF7662B1007763B1FE
:10688000027764B1037765B1057766B1067767B1C2
:106890000A7768B10C7769B10E776AB10F776BB17F
:1068A00010776CB111776DB112776EB113776FB14C
:1068B000147770B1157771B1167772B1177773B11C
:1068C000187774B11B7775B11C7776B11D7777B1E6
:1068D0001E7778B1217779B123777AB124777BB1AC
:1068E00025777CB127777DB12A777EB12B7780B170
:1068F0002C7781B12E7782B1307783B1317784B133
:10690000327785B1337786B1347787B1397788B1FB
:106910003B7789B13D778AB13E778BB13F778CB1B8
:1069200042778DB144778EB145778FB1467790B17C
:10693000487791B1497792B14A7793B14B7794B147
:106940004C7795B14D7796B14E7797B14F7798B117
:10695000527799B153779AB154779BB155779CB1DF
:1069600056779DB157779EB158779FB15977A0B1AF
:106970005C77A1B18485A2B1F996A3B1DD4FA4B132
:106980002158A5B17199A6B19D5BA7B1B162A8B11B
:10699000A562A9B1B466AAB1798CABB18D9CACB13A
:1069A0000672ADB16F67AEB19178AFB1B260B0B100
:1069B0005153B1B11753B2B1888FB3B1CC80B4B1D8
:1069C0001D8DB5B1A194B6B10D50B7B1C872B8B1B3
:1069D0000759B9B1EB60BAB11971BBB1AB88BCB1A1
:1069E0005459BDB1EF82BEB12C67BFB1287BC0B195
:1069F000295DC1B1F77EC2B12D75C3B1F56CC4B1CB
:106A0000668EC5B1F88FC6B13C90C7B13B9FC8B187
:106A1000D46BC9B11991CAB1147BCBB17C5FCCB135
:106A2000A778CDB1D684CEB13D85CFB1D56BD0B1ED
:106A3000D96BD1B1D66BD2B1015ED3B1875ED4B17F
:106A4000F975D5B1ED95D6B15D65D7B10A5FD8B10D
:106A5000C55FD9B19F8FDAB1C158DBB1C281DCB15A
:106A60007F90DDB15B96DEB1AD97DFB1B98FE0B15C
:106A7000167FE1B12C8DE2B14162E3B1BF4FE4B1C9
:106A8000D853E5B15E53E6B1A88FE7B1A98FE8B15D
:106A9000AB8FE9B14D90EAB10768EBB16A5FECB139
:106AA0009881EDB16888EEB1D69CEFB18B61F0B101
:106AB0002B52F1B12A76F2B16C5FF3B18C65F4B16F
:106AC000D26FF5B1E86EF6B1BE5BF7B14864F8B1CC
:106AD0007551F9B1B051FAB1C467FBB1194EFCB1AF
:106AE000C979FDB17C99FEB1B37040B25D7741B216
:106AF0005E7742B25F7743B2607744B2647745B263
:106B0000677746B2697747B26A7748B26D7749B21C
:106B10006E774AB26F774BB270774CB271774DB2E5
:106B200072774EB273774FB2747750B2757751B2B5
:106B3000767752B2777753B2787754B27A7755B284
:106B40007B7756B27C7757B2817758B2827759B249
:106B500083775AB286775BB287775CB288775DB20B
:106B600089775EB28A775FB28B7760B28F7761B2D6
:106B7000907762B2937763B2947764B2957765B297
:106B8000967766B2977767B2987768B2997769B265
:106B90009A776AB29B776BB29C776CB29D776DB235
:106BA0009E776EB2A1776FB2A37770B2A47771B2FD
:106BB000A67772B2A87773B2AB7774B2AD7775B2BD
:106BC000AE7776B2AF7777B2B17778B2B27779B283
:106BD000B4777AB2B6777BB2B7777CB2B8777DB24A
:106BE000B9777EB2BA7780B2BC7781B2BE7782B213
:106BF000C07783B2C17784B2C27785B2C37786B2D9
:106C0000C47787B2C57788B2C67789B2C7778AB2A8
:106C1000C8778BB2C9778CB2CA778DB2CB778EB278
:106C2000CC778FB2CE7790B2CF7791B2D07792B245
:106C3000D17793B2D27794B2D37795B2D47796B214
:106C4000D57797B2D67798B2D87799B2D9779AB2E2
:106C5000DA779BB2DD779CB2DE779DB2DF779EB2AA
:106C6000E0779FB2E177A0B2E477A1B2C575A2B296
:106C7000765EA3B2BB73A4B2E083A5B2AD64A6B244
:106C8000E862A7B2B594A8B2E26CA9B25A53AAB20C
:106C9000C352ABB20F64ACB2C294ADB2947BAEB28D
:106CA0002F4FAFB21B5EB0B23682B1B21681B2B214
:106CB0008A81B3B2246EB4B2CA6CB5B2739AB6B25A
:106CC0005563B7B25C53B8B2FA54B9B26588BAB278
:106CD000E057BBB20D4EBCB2035EBDB2656BBEB237
:106CE0003F7CBFB2E890C0B21660C1B2E664C2B2E7
:106CF0001C73C3B2C188C4B25067C5B24D62C6B27C
:106D0000228DC7B26C77C8B2298EC9B2C791CAB2F8
:106D1000695FCBB2DC83CCB22185CDB21099CEB203
:106D2000C253CFB29586D0B28B6BD1B2ED60D2B2E6
:106D3000E860D3B27F70D4B2CD82D5B23182D6B200
:106D4000D34ED7B2A76CD8B2CF85D9B2CD64DAB260
:106D5000D97CDBB2FD69DCB2F966DDB24983DEB213
:106D60009553DFB2567BE0B2A74FE1B28C51E2B24D
:106D70004B6DE3B2425CE4B26D8EE5B2D263E6B233
:106D8000C953E7B22C83E8B23683E9B2E567EAB2C9
:106D9000B478EBB23D64ECB2DF5BEDB2945CEEB282
:106DA000EE5DEFB2E78BF0B2C662F1B2F467F2B219
:106DB0007A8CF3B20064F4B2BA63F5B24987F6B2E2
:106DC0008B99F7B2178CF8B2207FF9B2F294FAB22D
:106DD000A74EFBB21096FCB2A498FDB20C66FEB2B0
:106DE000167340B3E67741B3E87742B3EA7743B32B
:106DF000EF7744B3F07745B3F17746B3F27747B313
:106E0000F47748B3F57749B3F7774AB3F9774BB3DB
:106E1000FA774CB3FB774DB3FC774EB303784FB39F
:106E2000047850B3057851B3067852B3077853B35A
:106E3000087854B30A7855B30B7856B30E7857B325
:106E40000F7858B3107859B313785AB315785BB3E9
:106E500019785CB31B785DB31E785EB320785FB39E
:106E6000217860B3227861B3247862B3287863B361
:106E70002A7864B32B7865B32E7866B32F7867B31E
:106E8000317868B3327869B333786AB335786BB3E5
:106E900036786CB33D786DB33F786EB341786FB39D
:106EA000427870B3437871B3447872B3467873B361
:106EB000487874B3497875B34A7876B34B7877B32A
:106EC0004D7878B34F7879B351787AB353787BB3F0
:106ED00054787CB358787DB359787EB35A7880B3B0
:106EE0005B7881B35C7882B35E7883B35F7884B378
:106EF000607885B3617886B3627887B3637888B346
:106F0000647889B365788AB366788BB367788CB315
:106F100068788DB369788EB36F788FB3707890B3DB
:106F2000717891B3727892B3737893B3747894B3A1
:106F3000757895B3767896B3787897B3797898B36F
:106F40007A7899B37B789AB37D789BB37E789CB33B
:106F50007F789DB380789EB381789FB38278A0B309
:106F60008378A1B33A57A2B31D5CA3B3385EA4B330
:106F70007F95A5B37F50A6B3A080A7B38253A8B3D3
:106F80005E65A9B34575AAB33155ABB32150ACB317
:106F9000858DADB38462AEB39E94AFB31D67B0B3BD
:106FA0003256B1B36E6FB2B3E25DB3B33554B4B31E
:106FB0009270B5B3668FB6B36F62B7B3A464B8B35B
:106FC000A363B9B37B5FBAB3886FBBB3F490BCB3B0
:106FD000E381BDB3B08FBEB3185CBFB36866C0B306
:106FE000F15FC1B3896CC2B34896C3B3818DC4B39A
:106FF0006C88C5B39164C6B3F079C7B3CE57C8B334
:10700000596AC9B31062CAB34854CBB3584ECCB313
:107010000B7ACDB3E960CEB3846FCFB3DA8BD0B344
:107020007F62D1B31E90D2B38B9AD3B3E479D4B339
:107030000354D5B3F475D6B30163D7B31953D8B39A
:10704000606CD9B3DF8FDAB31B5FDBB3709ADCB34C
:107050003B80DDB37F9FDEB3884FDFB33A5CE0B3A4
:10706000648DE1B3C57FE2B3A565E3B3BD70E4B35E
:107070004551E5B3B251E6B36B86E7B3075DE8B3BC
:10708000A05BE9B3BD62EAB36C91EBB37475ECB38A
:107090000C8EEDB3207AEEB30161EFB3797BF0B3E0
:1070A000C74EF1B3F87EF2B38577F3B3114EF4B364
:1070B000ED81F5B31D52F6B3FA51F7B3716AF8B327
:1070C000A853F9B3878EFAB30495FBB3CF96FCB3FC
:1070D000C16EFDB36496FEB35A6940B4847841B47E
:1070E000857842B4867843B4887844B48A7845B4C5
:1070F0008B7846B48F7847B4907848B4927849B486
:1071000094784AB495784BB496784CB499784DB449
:107110009D784EB49E784FB4A07850B4A27851B404
:10712000A47852B4A67853B4A87854B4A97855B4C6
:10713000AA7856B4AB7857B4AC7858B4AD7859B493
:10714000AE785AB4AF785BB4B5785CB4B6785DB459
:10715000B7785EB4B8785FB4BA7860B4BB7861B41D
:10716000BC7862B4BD7863B4BF7864B4C07865B4E9
:10717000C27866B4C37867B4C47868B4C67869B4B2
:10718000C7786AB4C8786BB4CC786CB4CD786DB479
:10719000CE786EB4CF786FB4D17870B4D27871B441
:1071A000D37872B4D67873B4D77874B4D87875B409
:1071B000DA7876B4DB7877B4DC7878B4DD7879B4D3
:1071C000DE787AB4DF787BB4E0787CB4E1787DB4A3
:1071D000E2787EB4E37880B4E47881B4E57882B470
:1071E000E67883B4E77884B4E97885B4EA7886B43D
:1071F000EB7887B4ED7888B4EE7889B4EF788AB408
:10720000F0788BB4F1788CB4F3788DB4F5788EB4D3
:10721000F6788FB4F87890B4F97891B4FB7892B49A
:10722000FC7893B4FD7894B4FE7895B4FF7896B466
:10723000007997B4027998B4037999B404799AB42F
:1072400006799BB407799CB408799DB409799EB4FA
:107250000A799FB40B79A0B40C79A1B44078A2B498
:10726000A850A3B4D777A4B41064A5B4E689A6B493
:107270000459A7B4E363A8B4DD5DA9B47F7AAAB4C6
:107280003D69ABB4204FACB43982ADB49855AEB4BF
:10729000324EAFB4AE75B0B4977AB1B4625EB2B4E8
:1072A0008A5EB3B4EF95B4B41B52B5B43954B6B4D6
:1072B0008A70B7B47663B8B42495B9B48257BAB4B7
:1072C0002566BBB43F69BCB48791BDB40755BEB455
:1072D000F36DBFB4AF7EC0B42288C1B43362C2B410
:1072E000F07EC3B4B575C4B42883C5B4C178C6B440
:1072F000CC96C7B49E8FC8B44861C9B4F774CAB4F9
:10730000CD8BCBB4646BCCB43A52CDB4508DCEB4EB
:10731000216BCFB46A80D0B47184D1B4F156D2B4A9
:107320000653D3B4CE4ED4B41B4ED5B4D151D6B43B
:10733000977CD7B48B91D8B4077CD9B4C34FDAB457
:107340007F8EDBB4E17BDCB49C7ADDB46764DEB4B1
:10735000145DDFB4AC50E0B40681E1B40176E2B470
:10736000B97CE3B4EC6DE4B4E07FE5B45167E6B416
:10737000585BE7B4F85BE8B4CB78E9B4AE64EAB440
:107380001364EBB4AA63ECB42B63EDB41995EEB4BB
:107390002D64EFB4BE8FF0B4547BF1B42976F2B40F
:1073A0005362F3B42759F4B44654F5B4796BF6B488
:1073B000A350F7B43462F8B4265EF9B4866BFAB41D
:1073C000E34EFBB4378DFCB48B88FDB4855FFEB40F
:1073D0002E9040B50D7941B50E7942B50F7943B580
:1073E000107944B5117945B5127946B5147947B588
:1073F000157948B5167949B517794AB518794BB555
:1074000019794CB51A794DB51B794EB51C794FB524
:107410001D7950B51F7951B5207952B5217953B5F1
:10742000227954B5237955B5257956B5267957B5BE
:10743000277958B5287959B529795AB52A795BB58C
:107440002B795CB52C795DB52D795EB52E795FB55C
:107450002F7960B5307961B5317962B5327963B52C
:10746000337964B5357965B5367966B5377967B5F9
:10747000387968B5397969B53D796AB53F796BB5C1
:1074800042796CB543796DB544796EB545796FB580
:10749000477970B54A7971B54B7972B54C7973B546
:1074A0004D7974B54E7975B54F7976B5507977B514
:1074B000517978B5527979B554797AB555797BB5E2
:1074C00058797CB559797DB561797EB5637980B598
:1074D000647981B5667982B5697983B56A7984B54D
:1074E0006B7985B56C7986B56E7987B5707988B515
:1074F000717989B572798AB573798BB574798CB5E0
:1075000075798DB576798EB579798FB57B7990B5AA
:107510007C7991B57D7992B57E7993B57F7994B573
:10752000827995B5837996B5867997B5877998B537
:10753000887999B589799AB58B799BB58C799CB501
:107540008D799DB58E799EB590799FB59179A0B5CD
:107550009279A1B52060A2B53D80A3B5C562A4B55E
:10756000394EA5B55553A6B5F890A7B5B863A8B5DB
:10757000C680A9B5E665AAB52E6CABB5464FACB5CD
:10758000EE60ADB5E16DAEB5DE8BAFB5395FB0B5D0
:10759000CB86B1B5535FB2B52163B3B55A51B4B51B
:1075A0006183B5B56368B6B50052B7B56363B8B566
:1075B000488EB9B51250BAB59B5CBBB57779BCB5EE
:1075C000FC5BBDB53052BEB53B7ABFB5BC60C0B543
:1075D0005390C1B5D776C2B5B75FC3B5975FC4B591
:1075E0008476C5B56C8EC6B56F70C7B57B76C8B5E9
:1075F000497BC9B5AA77CAB5F351CBB59390CCB541
:107600002458CDB54E4FCEB5F46ECFB5EA8FD0B578
:107610004C65D1B51B7BD2B5C472D3B5A46DD4B5BE
:10762000DF7FD5B5E15AD6B5B562D7B5955ED8B589
:107630003057D9B58284DAB52C7BDBB51D5EDCB55D
:107640001F5FDDB51290DEB5147FDFB5A098E0B501
:107650008263E1B5C76EE2B59878E3B5B970E4B579
:107660007851E5B55B97E6B5AB57E7B53575E8B545
:10767000434FE9B53875EAB5975EEBB5E660ECB512
:107680006059EDB5C06DEEB5BF6BEFB58978F0B55B
:10769000FC53F1B5D596F2B5CB51F3B50152F4B523
:1076A0008963F5B50A54F6B59394F7B5038CF8B52C
:1076B000CC8DF9B53972FAB59F78FBB57687FCB5F4
:1076C000ED8FFDB50D8CFEB5E05340B6937941B614
:1076D000947942B6957943B6967944B6977945B68A
:1076E000987946B6997947B69B7948B69C7949B658
:1076F0009D794AB69E794BB69F794CB6A0794DB626
:10770000A1794EB6A2794FB6A37950B6A47951B6F5
:10771000A57952B6A67953B6A87954B6A97955B6C3
:10772000AA7956B6AB7957B6AC7958B6AD7959B691
:10773000AE795AB6AF795BB6B0795CB6B1795DB661
:10774000B2795EB6B4795FB6B57960B6B67961B62E
:10775000B77962B6B87963B6BC7964B6BF7965B6F5
:10776000C27966B6C47967B6C57968B6C77969B6AD
:10777000C8796AB6CA796BB6CC796CB6CE796DB673
:10778000CF796EB6D0796FB6D37970B6D47971B639
:10779000D67972B6D77973B6D97974B6DA7975B6FF
:1077A000DB7976B6DC7977B6DD7978B6DE7979B6CD
:1077B000E0797AB6E1797BB6E2797CB6E5797DB697
:1077C000E8797EB6EA7980B6EC7981B6EE7982B650
:1077D000F17983B6F27984B6F37985B6F47986B611
:1077E000F57987B6F67988B6F77989B6F9798AB6E0
:1077F000FA798BB6FC798CB6FE798DB6FF798EB6A8
:10780000017A8FB6047A90B6057A91B6077A92B665
:10781000087A93B6097A94B60A7A95B60C7A96B62F
:107820000F7A97B6107A98B6117A99B6127A9AB6F4
:10783000137A9BB6157A9CB6167A9DB6187A9EB6C0
:10784000197A9FB61B7AA0B61C7AA1B6014EA2B6D1
:10785000EF76A3B6EE53A4B68994A5B67698A6B6ED
:107860000E9FA7B62D95A8B69A5BA9B6A28BAAB60D
:10787000224EABB61C4EACB6AC51ADB66384AEB6C0
:10788000C261AFB6A852B0B60B68B1B6974FB2B6E8
:107890006B60B3B6BB51B4B61E6DB5B65C51B6B62F
:1078A0009662B7B69765B8B66196B9B6468CBAB661
:1078B0001790BBB6D875BCB6FD90BDB66377BEB6A3
:1078C000D26BBFB68A72C0B6EC72C1B6FB8BC2B6C1
:1078D0003558C3B67977C4B64C8DC5B65C67C6B6A5
:1078E0004095C7B69A80C8B6A65EC9B6216ECAB61C
:1078F0009259CBB6EF7ACCB6ED77CDB63B95CEB6F6
:10790000B56BCFB6AD65D0B60E7FD1B60658D2B640
:107910005151D3B61F96D4B6F95BD5B6A958D6B691
:107920002854D7B6728ED8B66665D9B67F98DAB6BF
:10793000E456DBB69D94DCB6FE76DDB64190DEB64D
:107940008763DFB6C654E0B61A59E1B63A59E2B6D3
:107950009B57E3B6B28EE4B63567E5B6FA8DE6B668
:107960003582E7B64152E8B6F060E9B61558EAB696
:10797000FE86EBB6E85CECB6459EEDB6C44FEEB6BF
:107980009D98EFB6B98BF0B6255AF1B67660F2B68F
:107990008453F3B67C62F4B64F90F5B60291F6B616
:1079A0007F99F7B66960F8B60C80F9B63F51FAB620
:1079B0003380FBB6145CFCB67599FDB6316DFEB62E
:1079C0008C4E40B71D7A41B71F7A42B7217A43B730
:1079D000227A44B7247A45B7257A46B7267A47B73C
:1079E000277A48B7287A49B7297A4AB72A7A4BB70B
:1079F0002B7A4CB72C7A4DB72D7A4EB72E7A4FB7DB
:107A00002F7A50B7307A51B7317A52B7327A53B7AA
:107A1000347A54B7357A55B7367A56B7387A57B775
:107A20003A7A58B73E7A59B7407A5AB7417A5BB733
:107A3000427A5CB7437A5DB7447A5EB7457A5FB7FE
:107A4000477A60B7487A61B7497A62B74A7A63B7CA
:107A50004B7A64B74C7A65B74D7A66B74E7A67B79A
:107A60004F7A68B7507A69B7527A6AB7537A6BB768
:107A7000547A6CB7557A6DB7567A6EB7587A6FB735
:107A8000597A70B75A7A71B75B7A72B75C7A73B702
:107A90005D7A74B75E7A75B75F7A76B7607A77B7D2
:107AA000617A78B7627A79B7637A7AB7647A7BB7A2
:107AB000657A7CB7667A7DB7677A7EB7687A80B771
:107AC000697A81B76A7A82B76B7A83B76C7A84B73E
:107AD0006D7A85B76E7A86B76F7A87B7717A88B70D
:107AE000727A89B7737A8AB7757A8BB77B7A8CB7D3
:107AF0007C7A8DB77D7A8EB77E7A8FB7827A90B78F
:107B0000857A91B7877A92B7897A93B78A7A94B748
:107B10008B7A95B78C7A96B78E7A97B78F7A98B713
:107B2000907A99B7937A9AB7947A9BB7997A9CB7D7
:107B30009A7A9DB79B7A9EB79E7A9FB7A17AA0B793
:107B4000A27AA1B7308DA2B7D153A3B75A7FA4B7F9
:107B50004F7BA5B7104FA6B74F4EA7B70096A8B753
:107B6000D56CA9B7D073AAB7E985ABB7065EACB739
:107B70006A75ADB7FB7FAEB70A6AAFB7FE77B0B72D
:107B80009294B1B7417EB2B7E151B3B7E670B4B7E2
:107B9000CD53B5B7D48FB6B70383B7B7298DB8B770
:107BA000AF72B9B76D99BAB7DB6CBBB74A57BCB700
:107BB000B382BDB7B965BEB7AA80BFB73F62C0B7D1
:107BC0003296C1B7A859C2B7FF4EC3B7BF8BC4B76F
:107BD000BA7EC5B73E65C6B7F283C7B75E97C8B76A
:107BE0006155C9B7DE98CAB7A580CBB72A53CCB7C1
:107BF000FD8BCDB72054CEB7BA80CFB79F5ED0B73C
:107C0000B86CD1B7398DD2B7AC82D3B75A91D4B74B
:107C10002954D5B71B6CD6B70652D7B7B77ED8B79D
:107C20005F57D9B71A71DAB77E6CDBB7897CDCB7DE
:107C30004B59DDB7FD4EDEB7FF5FDFB72461E0B71C
:107C4000AA7CE1B7304EE2B7015CE3B7AB67E4B7BB
:107C50000287E5B7F05CE6B70B95E7B7CE98E8B7D3
:107C6000AF75E9B7FD70EAB72290EBB7AF51ECB74B
:107C70001D7FEDB7BD8BEEB74959EFB7E451F0B7B3
:107C80005B4FF1B72654F2B72B59F3B77765F4B7CA
:107C9000A480F5B7755BF6B77662F7B7C262F8B73E
:107CA000908FF9B7455EFAB71F6CFBB7267BFCB720
:107CB0000F4FFDB7D84FFEB70D6740B8A37A41B854
:107CC000A47A42B8A77A43B8A97A44B8AA7A45B840
:107CD000AB7A46B8AE7A47B8AF7A48B8B07A49B806
:107CE000B17A4AB8B27A4BB8B47A4CB8B57A4DB8D2
:107CF000B67A4EB8B77A4FB8B87A50B8B97A51B8A0
:107D0000BA7A52B8BB7A53B8BC7A54B8BD7A55B86F
:107D1000BE7A56B8C07A57B8C17A58B8C27A59B83C
:107D2000C37A5AB8C47A5BB8C57A5CB8C67A5DB80B
:107D3000C77A5EB8C87A5FB8C97A60B8CA7A61B8DB
:107D4000CC7A62B8CD7A63B8CE7A64B8CF7A65B8A7
:107D5000D07A66B8D17A67B8D27A68B8D37A69B877
:107D6000D47A6AB8D57A6BB8D77A6CB8D87A6DB845
:107D7000DA7A6EB8DB7A6FB8DC7A70B8DD7A71B80F
:107D8000E17A72B8E27A73B8E47A74B8E77A75B8CF
:107D9000E87A76B8E97A77B8EA7A78B8EB7A79B897
:107DA000EC7A7AB8EE7A7BB8F07A7CB8F17A7DB862
:107DB000F27A7EB8F37A80B8F47A81B8F57A82B82C
:107DC000F67A83B8F77A84B8F87A85B8FB7A86B8F9
:107DD000FC7A87B8FE7A88B8007B89B8017B8AB8BC
:107DE000027B8BB8057B8CB8077B8DB8097B8EB87E
:107DF0000C7B8FB80D7B90B80E7B91B8107B92B83E
:107E0000127B93B8137B94B8167B95B8177B96B802
:107E1000187B97B81A7B98B81C7B99B81D7B9AB8C9
:107E20001F7B9BB8217B9CB8227B9DB8237B9EB88F
:107E3000277B9FB8297BA0B82D7BA1B86E6DA2B817
:107E4000AA6DA3B88F79A4B8B188A5B8175FA6B8F2
:107E50002B75A7B89A62A8B8858FA9B8EF4FAAB8B2
:107E6000DC91ABB8A765ACB82F81ADB85181AEB885
:107E70009C5EAFB85081B0B8748DB1B86F52B2B8D3
:107E80008689B3B84B8DB4B80D59B5B88550B6B81E
:107E9000D84EB7B81C96B8B83672B9B87981BAB8A6
:107EA0001F8DBBB8CC5BBCB8A38BBDB84496BEB825
:107EB0008759BFB81A7FC0B89054C1B87656C2B8B7
:107EC0000E56C3B8E58BC4B83965C5B88269C6B863
:107ED0009994C7B8D676C8B8896EC9B8725ECAB860
:107EE0001875CBB84667CCB8D167CDB8FF7ACEB895
:107EF0009D80CFB8768DD0B81F61D1B8C679D2B881
:107F00006265D3B8638DD4B88851D5B81A52D6B843
:107F1000A294D7B8387FD8B89B80D9B8B27EDAB8E7
:107F2000975CDBB82F6EDCB86067DDB8D97BDEB854
:107F30008B76DFB8D89AE0B88F81E1B8947FE2B849
:107F4000D57CE3B81E64E4B85095E5B83F7AE6B84E
:107F50004A54E7B8E554E8B84C6BE9B80164EAB8AC
:107F60000862EBB83D9EECB8F380EDB89975EEB8B9
:107F70007252EFB86997F0B85B84F1B83C68F2B818
:107F8000E486F3B80196F4B89496F5B8EC94F6B894
:107F90002A4EF7B80454F8B8D97EF9B83968FAB857
:107FA000DF8DFBB81580FCB8F466FDB89A5EFEB8AC
:107FB000B97F40B92F7B41B9307B42B9327B43B99D
:107FC000347B44B9357B45B9367B46B9377B47B9F5
:107FD000397B48B93B7B49B93D7B4AB93F7B4BB9BB
:107FE000407B4CB9417B4DB9427B4EB9437B4FB985
:107FF000447B50B9467B51B9487B52B94A7B53B94F
:108000004D7B54B94E7B55B9537B56B9557B57B907
:10801000577B58B9597B59B95C7B5AB95E7B5BB9C0
:108020005F7B5CB9617B5DB9637B5EB9647B5FB983
:10803000657B60B9667B61B9677B62B9687B63B950
:10804000697B64B96A7B65B96B7B66B96C7B67B920
:108050006D7B68B96F7B69B9707B6AB9737B6BB9EB
:10806000747B6CB9767B6DB9787B6EB97A7B6FB9AE
:108070007C7B70B97D7B71B97F7B72B9817B73B971
:10808000827B74B9837B75B9847B76B9867B77B93B
:10809000877B78B9887B79B9897B7AB98A7B7BB908
:1080A0008B7B7CB98C7B7DB98E7B7EB98F7B80B9D5
:1080B000917B81B9927B82B9937B83B9967B84B99A
:1080C000987B85B9997B86B99A7B87B99B7B88B960
:1080D0009E7B89B99F7B8AB9A07B8BB9A37B8CB926
:1080E000A47B8DB9A57B8EB9AE7B8FB9AF7B90B9E0
:1080F000B07B91B9B27B92B9B37B93B9B57B94B99C
:10810000B67B95B9B77B96B9B97B97B9BA7B98B965
:10811000BB7B99B9BC7B9AB9BD7B9BB9BE7B9CB933
:10812000BF7B9DB9C07B9EB9C27B9FB9C37BA0B901
:10813000C47BA1B9C257A2B93F80A3B99768A4B9BB
:10814000E55DA5B93B65A6B99F52A7B96D60A8B911
:108150009A9FA9B99B4FAAB9AC8EABB96C51ACB977
:10816000AB5BADB9135FAEB9E95DAFB95E6CB0B9E9
:10817000F162B1B9218DB2B97151B3B9A994B4B951
:10818000FE52B5B99F6CB6B9DF82B7B9D772B8B92C
:10819000A257B9B98467BAB92D8DBBB91F59BCB9FB
:1081A0009C8FBDB9C783BEB99554BFB98D7BC0B98B
:1081B000304FC1B9BD6CC2B9645BC3B9D159C4B940
:1081C000139FC5B9E453C6B9CA86C7B9A89AC8B936
:1081D000378CC9B9A180CAB94565CBB97E98CCB9ED
:1081E000FA56CDB9C796CEB92E52CFB9DC74D0B9F4
:1081F0005052D1B9E15BD2B90263D3B90289D4B983
:10820000564ED5B9D062D6B92A60D7B9FA68D8B96E
:108210007351D9B9985BDAB9A051DBB9C289DCB91D
:10822000A17BDDB98699DEB9507FDFB9EF60E0B997
:108230004C70E1B92F8DE2B94951E3B97F5EE4B9E1
:108240001B90E5B97074E6B9C489E7B92D57E8B950
:108250004578E9B9525FEAB99F9FEBB9FA95ECB955
:10826000688FEDB93C9BEEB9E18BEFB97876F0B948
:108270004268F1B9DC67F2B9EA8DF3B9358DF4B92A
:108280003D52F5B98A8FF6B9DA6EF7B9CD68F8B90B
:108290000595F9B9ED90FAB9FD56FBB99C67FCB9A3
:1082A000F988FDB9C78FFEB9C85440BAC57B41BA39
:1082B000C87B42BAC97B43BACA7B44BACB7B45BAB6
:1082C000CD7B46BACE7B47BACF7B48BAD07B49BA82
:1082D000D27B4ABAD47B4BBAD57B4CBAD67B4DBA4B
:1082E000D77B4EBAD87B4FBADB7B50BADC7B51BA16
:1082F000DE7B52BADF7B53BAE07B54BAE27B55BADD
:10830000E37B56BAE47B57BAE77B58BAE87B59BAA5
:10831000E97B5ABAEB7B5BBAEC7B5CBAED7B5DBA6E
:10832000EF7B5EBAF07B5FBAF27B60BAF37B61BA37
:10833000F47B62BAF57B63BAF67B64BAF87B65BA04
:10834000F97B66BAFA7B67BAFB7B68BAFD7B69BAD0
:10835000FF7B6ABA007C6BBA017C6CBA027C6DBA96
:10836000037C6EBA047C6FBA057C70BA067C71BA65
:10837000087C72BA097C73BA0A7C74BA0D7C75BA2F
:108380000E7C76BA107C77BA117C78BA127C79BAF6
:10839000137C7ABA147C7BBA157C7CBA177C7DBAC4
:1083A000187C7EBA197C80BA1A7C81BA1B7C82BA8E
:1083B0001C7C83BA1D7C84BA1E7C85BA207C86BA5C
:1083C000217C87BA227C88BA237C89BA247C8ABA29
:1083D000257C8BBA287C8CBA297C8DBA2B7C8EBAF2
:1083E0002C7C8FBA2D7C90BA2E7C91BA2F7C92BABD
:1083F000307C93BA317C94BA327C95BA337C96BA8D
:10840000347C97BA357C98BA367C99BA377C9ABA5C
:10841000397C9BBA3A7C9CBA3B7C9DBA3C7C9EBA28
:108420003D7C9FBA3E7CA0BA427CA1BAB89AA2BA5F
:10843000695BA3BA776DA4BA266CA5BAA54EA6BA95
:10844000B35BA7BA879AA8BA6391A9BAA861AABA76
:10845000AF90ABBAE997ACBA2B54ADBAB56DAEBA22
:10846000D25BAFBAFD51B0BA8A55B1BA557FB2BA34
:10847000F07FB3BABC64B4BA4D63B5BAF165B6BAAD
:10848000BE61B7BA8D60B8BA0A71B9BA576CBABAD8
:10849000496CBBBA2F59BCBA6D67BDBA2A82BEBA45
:1084A000D558BFBA8E56C0BA6A8CC1BAEB6BC2BA85
:1084B000DD90C3BA7D59C4BA1780C5BAF753C6BA9E
:1084C000696DC7BA7554C8BA9D55C9BA7783CABA17
:1084D000CF83CBBA3868CCBABE79CDBA8C54CEBA79
:1084E000554FCFBA0854D0BAD276D1BA898CD2BA05
:1084F0000296D3BAB36CD4BAB86DD5BA6B8DD6BA6E
:108500001089D7BA649ED8BA3A8DD9BA3F56DABA2A
:10851000D19EDBBAD575DCBA885FDDBAE072DEBA0F
:108520006860DFBAFC54E0BAA84EE1BA2A6AE2BA3F
:108530006188E3BA5260E4BA708FE5BAC454E6BA0F
:10854000D870E7BA7986E8BA3F9EE9BA2A6DEABAE6
:108550008F5BEBBA185FECBAA27EEDBA8955EEBA22
:10856000AF4FEFBA3473F0BA3C54F1BA9A53F2BA3F
:108570001950F3BA0E54F4BA7C54F5BA4E4EF6BA0A
:10858000FD5FF7BA5A74F8BAF658F9BA6B84FABABA
:10859000E180FBBA7487FCBAD072FDBACA7CFEBA1D
:1085A000566E40BB437C41BB447C42BB457C43BBD5
:1085B000467C44BB477C45BB487C46BB497C47BBAB
:1085C0004A7C48BB4B7C49BB4C7C4ABB4E7C4BBB7A
:1085D0004F7C4CBB507C4DBB517C4EBB527C4FBB47
:1085E000537C50BB547C51BB557C52BB567C53BB17
:1085F000577C54BB587C55BB597C56BB5A7C57BBE7
:108600005B7C58BB5C7C59BB5D7C5ABB5E7C5BBBB6
:108610005F7C5CBB607C5DBB617C5EBB627C5FBB86
:10862000637C60BB647C61BB657C62BB667C63BB56
:10863000677C64BB687C65BB697C66BB6A7C67BB26
:108640006B7C68BB6C7C69BB6D7C6ABB6E7C6BBBF6
:108650006F7C6CBB707C6DBB717C6EBB727C6FBBC6
:10866000757C70BB767C71BB777C72BB787C73BB8E
:10867000797C74BB7A7C75BB7E7C76BB7F7C77BB58
:10868000807C78BB817C79BB827C7ABB837C7BBB22
:10869000847C7CBB857C7DBB867C7EBB877C80BBF1
:1086A000887C81BB8A7C82BB8B7C83BB8C7C84BBBB
:1086B0008D7C85BB8E7C86BB8F7C87BB907C88BB8A
:1086C000937C89BB947C8ABB967C8BBB997C8CBB4E
:1086D0009A7C8DBB9B7C8EBBA07C8FBBA17C90BB0E
:1086E000A37C91BBA67C92BBA77C93BBA87C94BBCC
:1086F000A97C95BBAB7C96BBAC7C97BBAD7C98BB97
:10870000AF7C99BBB07C9ABBB47C9BBBB57C9CBB5B
:10871000B67C9DBBB77C9EBBB87C9FBBBA7CA0BB24
:10872000BB7CA1BB275FA2BB4E86A3BB2C55A4BBC1
:10873000A462A5BB924EA6BBAA6CA7BB3762A8BB1E
:10874000B182A9BBD754AABB4E53ABBB3E73ACBBE3
:10875000D16EADBB3B75AEBB1252AFBB1653B0BBB7
:10876000DD8BB1BBD069B2BB8A5FB3BB0060B4BB69
:10877000EE6DB5BB4F57B6BB226BB7BBAF73B8BB83
:108780005368B9BBD88FBABB137FBBBB6263BCBB9A
:10879000A360BDBB2455BEBBEA75BFBB628CC0BB2A
:1087A0001571C1BBA36DC2BBA65BC3BB7B5EC4BB63
:1087B0005283C5BB4C61C6BBC49EC7BBFA78C8BB5D
:1087C0005787C9BB277CCABB8776CBBBF051CCBBD4
:1087D000F660CDBB4C71CEBB4366CFBB4C5ED0BB0D
:1087E0004D60D1BB0E8CD2BB7070D3BB2563D4BBA4
:1087F000898FD5BBBD5FD6BB6260D7BBD486D8BBE3
:10880000DE56D9BBC16BDABB9460DBBB6761DCBBF6
:108810004953DDBBE060DEBB6666DFBB3F8DE0BB7E
:10882000FD79E1BB1A4FE2BBE970E3BB476CE4BBE7
:10883000B38BE5BBF28BE6BBD87EE7BB6483E8BBBA
:108840000F66E9BB5A5AEABB429BEBBB516DECBBCE
:10885000F76DEDBB418CEEBB3B6DEFBB194FF0BB31
:108860006B70F1BBB783F2BB1662F3BBD160F4BB94
:108870000D97F5BB278DF6BB7879F7BBFB51F8BB9D
:108880003E57F9BBFA57FABB3A67FBBB7875FCBB9E
:108890003D7AFDBBEF79FEBB957B40BCBF7C41BC04
:1088A000C07C42BCC27C43BCC37C44BCC47C45BCD1
:1088B000C67C46BCC97C47BCCB7C48BCCE7C49BC92
:1088C000CF7C4ABCD07C4BBCD17C4CBCD27C4DBC58
:1088D000D37C4EBCD47C4FBCD87C50BCDA7C51BC21
:1088E000DB7C52BCDD7C53BCDE7C54BCE17C55BCE3
:1088F000E27C56BCE37C57BCE47C58BCE57C59BCAC
:10890000E67C5ABCE77C5BBCE97C5CBCEA7C5DBC79
:10891000EB7C5EBCEC7C5FBCED7C60BCEE7C61BC47
:10892000F07C62BCF17C63BCF27C64BCF37C65BC13
:10893000F47C66BCF57C67BCF67C68BCF77C69BCE3
:10894000F97C6ABCFA7C6BBCFC7C6CBCFD7C6DBCAD
:10895000FE7C6EBCFF7C6FBC007D70BC017D71BC79
:10896000027D72BC037D73BC047D74BC057D75BC47
:10897000067D76BC077D77BC087D78BC097D79BC17
:108980000B7D7ABC0C7D7BBC0D7D7CBC0E7D7DBCE3
:108990000F7D7EBC107D80BC117D81BC127D82BCB0
:1089A000137D83BC147D84BC157D85BC167D86BC7F
:1089B000177D87BC187D88BC197D89BC1A7D8ABC4F
:1089C0001B7D8BBC1C7D8CBC1D7D8DBC1E7D8EBC1F
:1089D0001F7D8FBC217D90BC237D91BC247D92BCEA
:1089E000257D93BC267D94BC287D95BC297D96BCB5
:1089F0002A7D97BC2C7D98BC2D7D99BC2E7D9ABC80
:108A0000307D9BBC317D9CBC327D9DBC337D9EBC4A
:108A1000347D9FBC357DA0BC367DA1BC8C80A2BCC2
:108A20006599A3BCF98FA4BCC06FA5BCA58BA6BCDF
:108A3000219EA7BCEC59A8BCE97EA9BC097FAABCB1
:108A40000954ABBC8167ACBCD868ADBC918FAEBCDF
:108A50004D7CAFBCC696B0BCCA53B1BC2560B2BC9D
:108A6000BE75B3BC726CB4BC7353B5BCC95AB6BC4A
:108A7000A77EB7BC2463B8BCE051B9BC0A81BABCBC
:108A8000F15DBBBCDF84BCBC8062BDBC8051BEBCA0
:108A9000635BBFBC0E4FC0BC6D79C1BC4252C2BC4F
:108AA000B860C3BC4E6DC4BCC45BC5BCC25BC6BCB5
:108AB000A18BC7BCB08BC8BCE265C9BCCC5FCABCCB
:108AC0004596CBBC9359CCBCE77ECDBCAA7ECEBC30
:108AD0000956CFBCB767D0BC3959D1BC734FD2BC93
:108AE000B65BD3BCA052D4BC5A83D5BC8A98D6BC42
:108AF0003E8DD7BC3275D8BCBE94D9BC4750DABCC9
:108B00003C7ADBBCF74EDCBCB667DDBC7E9ADEBCD3
:108B1000C15ADFBC7C6BE0BCD176E1BC5A57E2BCE9
:108B2000165CE3BC3A7BE4BCF495E5BC4E71E6BC54
:108B30007C51E7BCA980E8BC7082E9BC7859EABCEA
:108B4000047FEBBC2783ECBCC068EDBCEC67EEBCDB
:108B5000B178EFBC7778F0BCE362F1BC6163F2BC42
:108B6000807BF3BCED4FF4BC6A52F5BCCF51F6BC30
:108B70005083F7BCDB69F8BC7492F9BCF58DFABC84
:108B8000318DFBBCC189FCBC2E95FDBCAD7BFEBC10
:108B9000F64E40BD377D41BD387D42BD397D43BD78
:108BA0003A7D44BD3B7D45BD3C7D46BD3D7D47BDD9
:108BB0003E7D48BD3F7D49BD407D4ABD417D4BBDA9
:108BC000427D4CBD437D4DBD447D4EBD457D4FBD79
:108BD000467D50BD477D51BD487D52BD497D53BD49
:108BE0004A7D54BD4B7D55BD4C7D56BD4D7D57BD19
:108BF0004E7D58BD4F7D59BD507D5ABD517D5BBDE9
:108C0000527D5CBD537D5DBD547D5EBD557D5FBDB8
:108C1000567D60BD577D61BD587D62BD597D63BD88
:108C20005A7D64BD5B7D65BD5C7D66BD5D7D67BD58
:108C30005E7D68BD5F7D69BD607D6ABD617D6BBD28
:108C4000627D6CBD637D6DBD647D6EBD657D6FBDF8
:108C5000667D70BD677D71BD687D72BD697D73BDC8
:108C60006A7D74BD6B7D75BD6C7D76BD6D7D77BD98
:108C70006F7D78BD707D79BD717D7ABD727D7BBD64
:108C8000737D7CBD747D7DBD757D7EBD767D80BD33
:108C9000787D81BD797D82BD7A7D83BD7B7D84BDFC
:108CA0007C7D85BD7D7D86BD7E7D87BD7F7D88BDCC
:108CB000807D89BD817D8ABD827D8BBD837D8CBD9C
:108CC000847D8DBD857D8EBD867D8FBD877D90BD6C
:108CD000887D91BD897D92BD8A7D93BD8B7D94BD3C
:108CE0008C7D95BD8D7D96BD8E7D97BD8F7D98BD0C
:108CF000907D99BD917D9ABD927D9BBD937D9CBDDC
:108D0000947D9DBD957D9EBD967D9FBD977DA0BDAB
:108D1000987DA1BD6550A2BD3082A3BD5152A4BDB6
:108D20006F99A5BD106EA6BD856EA7BDA76DA8BD28
:108D3000FA5EA9BDF550AABDDC59ABBD065CACBD61
:108D4000466DADBD5F6CAEBD8675AFBD8B84B0BDED
:108D50006868B1BD5659B2BDB28BB3BD2053B4BD26
:108D60007191B5BD4D96B6BD4985B7BD1269B8BD07
:108D70000179B9BD2671BABDF680BBBDA44EBCBD9C
:108D8000CA90BDBD476DBEBD849ABFBD075AC0BD68
:108D9000BC56C1BD0564C2BDF094C3BDEB77C4BD74
:108DA000A54FC5BD1A81C6BDE172C7BDD289C8BD78
:108DB0007A99C9BD347FCABDDE7ECBBD7F52CCBDA2
:108DC0005965CDBD7591CEBD7F8FCFBD838FD0BD91
:108DD000EB53D1BD967AD2BDED63D3BDA563D4BDAF
:108DE0008676D5BDF879D6BD5788D7BD3696D8BD1D
:108DF0002A62D9BDAB52DABD8282DBBD5468DCBDCC
:108E00007067DDBD7763DEBD6B77DFBDED7AE0BDFA
:108E1000016DE1BDD37EE2BDE389E3BDD059E4BD80
:108E20001262E5BDC985E6BDA582E7BD4C75E8BD0A
:108E30001F50E9BDCB4EEABDA575EBBDEB8BECBD7C
:108E40004A5CEDBDFE5DEEBD4B7BEFBDA465F0BDA4
:108E5000D191F1BDCA4EF2BD256DF3BD5F89F4BD60
:108E6000277DF5BD2695F6BDC54EF7BD288CF8BD0E
:108E7000DB8FF9BD7397FABD4B66FBBD8179FCBDF5
:108E8000D18FFDBDEC70FEBD786D40BE997D41BEB9
:108E90009A7D42BE9B7D43BE9C7D44BE9D7D45BE6A
:108EA0009E7D46BE9F7D47BEA07D48BEA17D49BE3A
:108EB000A27D4ABEA37D4BBEA47D4CBEA57D4DBE0A
:108EC000A77D4EBEA87D4FBEA97D50BEAA7D51BED6
:108ED000AB7D52BEAC7D53BEAD7D54BEAF7D55BEA5
:108EE000B07D56BEB17D57BEB27D58BEB37D59BE72
:108EF000B47D5ABEB57D5BBEB67D5CBEB77D5DBE42
:108F0000B87D5EBEB97D5FBEBA7D60BEBB7D61BE11
:108F1000BC7D62BEBD7D63BEBE7D64BEBF7D65BEE1
:108F2000C07D66BEC17D67BEC27D68BEC37D69BEB1
:108F3000C47D6ABEC57D6BBEC67D6CBEC77D6DBE81
:108F4000C87D6EBEC97D6FBECA7D70BECB7D71BE51
:108F5000CC7D72BECD7D73BECE7D74BECF7D75BE21
:108F6000D07D76BED17D77BED27D78BED37D79BEF1
:108F7000D47D7ABED57D7BBED67D7CBED77D7DBEC1
:108F8000D87D7EBED97D80BEDA7D81BEDB7D82BE8E
:108F9000DC7D83BEDD7D84BEDE7D85BEDF7D86BE5D
:108FA000E07D87BEE17D88BEE27D89BEE37D8ABE2D
:108FB000E47D8BBEE57D8CBEE67D8DBEE77D8EBEFD
:108FC000E87D8FBEE97D90BEEA7D91BEEB7D92BECD
:108FD000EC7D93BEED7D94BEEE7D95BEEF7D96BE9D
:108FE000F07D97BEF17D98BEF27D99BEF37D9ABE6D
:108FF000F47D9BBEF57D9CBEF67D9DBEF77D9EBE3D
:10900000F87D9FBEF97DA0BEFA7DA1BE3D5CA2BEEB
:10901000B252A3BE4683A4BE6251A5BE0E83A6BEB5
:109020005B77A7BE7666A8BEB89CA9BEAC4EAABEAA
:10903000CA60ABBEBE7CACBEB37CADBECF7EAEBEA6
:10904000954EAFBE668BB0BE6F66B1BE8898B2BE9D
:109050005997B3BE8358B4BE6C65B5BE5C95B6BEB9
:10906000845FB7BEC975B8BE5697B9BEDF7ABABEBF
:10907000DE7ABBBEC051BCBEAF70BDBE987ABEBE6C
:10908000EA63BFBE767AC0BEA07EC1BE9673C2BE82
:10909000ED97C3BE454EC4BE7870C5BE5D4EC6BE1C
:1090A0005291C7BEA953C8BE5165C9BEE765CABEC5
:1090B000FC81CBBE0582CCBE8E54CDBE315CCEBE13
:1090C0009A75CFBEA097D0BED862D1BED972D2BE9B
:1090D000BD75D3BE455CD4BE799AD5BECA83D6BE13
:1090E000405CD7BE8054D8BEE977D9BE3E4EDABECA
:1090F000AE6CDBBE5A80DCBED262DDBE6E63DEBE0D
:10910000E85DDFBE7751E0BEDD8DE1BE1E8EE2BEC2
:109110002F95E3BEF14FE4BEE553E5BEE760E6BE42
:10912000AC70E7BE6752E8BE5063E9BE439EEABE3C
:109130001F5AEBBE2650ECBE3777EDBE7753EEBE1E
:10914000E27EEFBE8564F0BE2B65F1BE8962F2BEA1
:109150009863F3BE1450F4BE3572F5BEC989F6BEED
:10916000B351F7BEC08BF8BEDD7EF9BE4757FABEDD
:10917000CC83FBBEA794FCBE9B51FDBE1B54FEBE20
:10918000FB5C40BFFB7D41BFFC7D42BFFD7D43BF1B
:10919000FE7D44BFFF7D45BF007E46BF017E47BFC9
:1091A000027E48BF037E49BF047E4ABF057E4BBF97
:1091B000067E4CBF077E4DBF087E4EBF097E4FBF67
:1091C0000A7E50BF0B7E51BF0C7E52BF0D7E53BF37
:1091D0000E7E54BF0F7E55BF107E56BF117E57BF07
:1091E000127E58BF137E59BF147E5ABF157E5BBFD7
:1091F000167E5CBF177E5DBF187E5EBF197E5FBFA7
:109200001A7E60BF1B7E61BF1C7E62BF1D7E63BF76
:109210001E7E64BF1F7E65BF207E66BF217E67BF46
:10922000227E68BF237E69BF247E6ABF257E6BBF16
:10923000267E6CBF277E6DBF287E6EBF297E6FBFE6
:109240002A7E70BF2B7E71BF2C7E72BF2D7E73BFB6
:109250002E7E74BF2F7E75BF307E76BF317E77BF86
:10926000327E78BF337E79BF347E7ABF357E7BBF56
:10927000367E7CBF377E7DBF387E7EBF397E80BF25
:109280003A7E81BF3C7E82BF3D7E83BF3E7E84BFEF
:109290003F7E85BF407E86BF427E87BF437E88BFBC
:1092A000447E89BF457E8ABF467E8BBF487E8CBF89
:1092B000497E8DBF4A7E8EBF4B7E8FBF4C7E90BF56
:1092C0004D7E91BF4E7E92BF4F7E93BF507E94BF26
:1092D000517E95BF527E96BF537E97BF547E98BFF6
:1092E000557E99BF567E9ABF577E9BBF587E9CBFC6
:1092F000597E9DBF5A7E9EBF5B7E9FBF5C7EA0BF96
:109300005D7EA1BFCA4FA2BFE37AA3BF5A6DA4BFBF
:10931000E190A5BF8F9AA6BF8055A7BF9654A8BF5E
:109320006153A9BFAF54AABF005FABBFE963ACBF35
:109330007769ADBFEF51AEBF6861AFBF0A52B0BF32
:109340002A58B1BFD852B2BF4E57B3BF0D78B4BF81
:109350000B77B5BFB75EB6BF7761B7BFE07CB8BF6C
:109360005B62B9BF9762BABFA24EBBBF9570BCBF6C
:109370000380BDBFF762BEBFE470BFBF6097C0BFD0
:109380007757C1BFDB82C2BFEF67C3BFF568C4BFF9
:10939000D578C5BF9798C6BFD179C7BFF358C8BFA6
:1093A000B354C9BFEF53CABF346ECBBF4B51CCBF10
:1093B0003B52CDBFA25BCEBFFE8BCFBFAF80D0BF35
:1093C0004355D1BFA657D2BF7360D3BF5157D4BF47
:1093D0002D54D5BF7A7AD6BF5060D7BF545BD8BF63
:1093E000A763D9BFA062DABFE353DBBF6362DCBF10
:1093F000C75BDDBFAF67DEBFED54DFBF9F7AE0BF65
:10940000E682E1BF7791E2BF935EE3BFE488E4BF09
:109410003859E5BFAE57E6BF0E63E7BFE88DE8BF3A
:10942000EF80E9BF5757EABF777BEBBFA94FECBF8F
:10943000EB5FEDBFBD5BEEBF3E6BEFBF2153F0BFF7
:10944000507BF1BFC272F2BF4668F3BFFF77F4BF33
:109450003677F5BFF765F6BFB551F7BF8F4EF8BF4A
:10946000D476F9BFBF5CFABFA57AFBBF7584FCBF99
:109470004E59FDBF419BFEBF805040C05E7E41C043
:109480005F7E42C0607E43C0617E44C0627E45C054
:10949000637E46C0647E47C0657E48C0667E49C024
:1094A000677E4AC0687E4BC0697E4CC06A7E4DC0F4
:1094B0006B7E4EC06C7E4FC06D7E50C06E7E51C0C4
:1094C0006F7E52C0707E53C0717E54C0727E55C094
:1094D000737E56C0747E57C0757E58C0767E59C064
:1094E000777E5AC0787E5BC0797E5CC07A7E5DC034
:1094F0007B7E5EC07C7E5FC07D7E60C07E7E61C004
:109500007F7E62C0807E63C0817E64C0837E65C0D2
:10951000847E66C0857E67C0867E68C0877E69C09F
:10952000887E6AC0897E6BC08A7E6CC08B7E6DC06F
:109530008C7E6EC08D7E6FC08E7E70C08F7E71C03F
:10954000907E72C0917E73C0927E74C0937E75C00F
:10955000947E76C0957E77C0967E78C0977E79C0DF
:10956000987E7AC0997E7BC09A7E7CC09C7E7DC0AE
:109570009D7E7EC09E7E80C0AE7E81C0B47E82C055
:10958000BB7E83C0BC7E84C0D67E85C0E47E86C0A0
:10959000EC7E87C0F97E88C00A7F89C0107F8AC0B0
:1095A0001E7F8BC0377F8CC0397F8DC03B7F8EC0C4
:1095B0003C7F8FC03D7F90C03E7F91C03F7F92C077
:1095C000407F93C0417F94C0437F95C0467F96C043
:1095D000477F97C0487F98C0497F99C04A7F9AC00B
:1095E0004B7F9BC04C7F9CC04D7F9DC04E7F9EC0DB
:1095F0004F7F9FC0527FA0C0537FA1C08899A2C057
:109600002761A3C0836EA4C06457A5C00666A6C028
:109610004663A7C0F056A8C0EC62A9C06962AAC0A0
:10962000D35EABC01496ACC08357ADC0C962AEC0A8
:109630008755AFC02187B0C04A81B1C0A38FB2C0E7
:109640006655B3C0B183B4C06567B5C0568DB6C0AA
:10965000DD84B7C06A5AB8C00F68B9C0E662BAC044
:10966000EE7BBBC01196BCC07051BDC09C6FBEC02C
:10967000308CBFC0FD63C0C0C889C1C0D261C2C048
:10968000067FC3C0C270C4C0E56EC5C00574C6C045
:109690009469C7C0FC72C8C0CA5EC9C0CE90CAC0B7
:1096A0001767CBC06A6DCCC05E63CDC0B352CEC06D
:1096B0006272CFC00180D0C06C4FD1C0E559D2C01A
:1096C0006A91D3C0D970D4C09D6DD5C0D252D6C0D6
:1096D000504ED7C0F796D8C06D95D9C07E85DAC0F8
:1096E000CA78DBC02F7DDCC02151DDC09257DEC0BF
:1096F000C264DFC08B80E0C07B7CE1C0EA6CE2C06A
:10970000F168E3C05E69E4C0B751E5C09853E6C0B4
:10971000A868E7C08172E8C0CE9EE9C0F17BEAC0CC
:10972000F872EBC0BB79ECC0136FEDC00674EEC0ED
:109730004E67EFC0CC91F0C0A49CF1C03C79F2C060
:109740008983F3C05483F4C00F54F5C01768F6C082
:109750003D4EF7C08953F8C0B152F9C03E78FAC007
:109760008653FBC02952FCC08850FDC08B4FFEC001
:10977000D04F40C1567F41C1597F42C15B7F43C139
:109780005C7F44C15D7F45C15E7F46C1607F47C14C
:10979000637F48C1647F49C1657F4AC1667F4BC111
:1097A000677F4CC16B7F4DC16C7F4EC16D7F4FC1D8
:1097B0006F7F50C1707F51C1737F52C1757F53C19C
:1097C000767F54C1777F55C1787F56C17A7F57C164
:1097D0007B7F58C17C7F59C17D7F5AC17F7F5BC130
:1097E000807F5CC1827F5DC1837F5EC1847F5FC1FA
:1097F000857F60C1867F61C1877F62C1887F63C1C9
:10980000897F64C18B7F65C18D7F66C18F7F67C192
:10981000907F68C1917F69C1927F6AC1937F6BC15C
:10982000957F6CC1967F6DC1977F6EC1987F6FC128
:10983000997F70C19B7F71C19C7F72C1A07F73C1F2
:10984000A27F74C1A37F75C1A57F76C1A67F77C1B2
:10985000A87F78C1A97F79C1AA7F7AC1AB7F7BC17C
:10986000AC7F7CC1AD7F7DC1AE7F7EC1B17F80C149
:10987000B37F81C1B47F82C1B57F83C1B67F84C10C
:10988000B77F85C1BA7F86C1BB7F87C1BE7F88C1D4
:10989000C07F89C1C27F8AC1C37F8BC1C47F8CC195
:1098A000C67F8DC1C77F8EC1C87F8FC1C97F90C160
:1098B000CB7F91C1CD7F92C1CF7F93C1D07F94C127
:1098C000D17F95C1D27F96C1D37F97C1D67F98C1F2
:1098D000D77F99C1D97F9AC1DA7F9BC1DB7F9CC1B9
:1098E000DC7F9DC1DD7F9EC1DE7F9FC1E27FA0C185
:1098F000E37FA1C1E275A2C1CB7AA3C1927CA4C1CE
:10990000A56CA5C1B696A6C19B52A7C18374A8C178
:10991000E954A9C1E94FAAC15480ABC1B283ACC11B
:10992000DE8FADC17095AEC1C95EAFC11C60B0C164
:109930009F6DB1C1185EB2C15B65B3C13881B4C15E
:10994000FE94B5C14B60B6C1BC70B7C1C37EB8C18F
:10995000AE7CB9C1C951BAC18168BBC1B17CBCC1BF
:109960006F82BDC1244EBEC1868FBFC1CF91C0C121
:109970007E66C1C1AE4EC2C1058CC3C1A964C4C15B
:109980004A80C5C1DA50C6C19775C7C1CE71C8C17A
:10999000E55BC9C1BD8FCAC1666FCBC1864ECCC164
:1099A0008264CDC16395CEC1D65ECFC19965D0C169
:1099B0001752D1C1C288D2C1C870D3C1A352D4C179
:1099C0000E73D5C13374D6C19767D7C1F778D8C1A4
:1099D0001697D9C1344EDAC1BB90DBC1DE9CDCC125
:1099E000CB6DDDC1DB51DEC1418DDFC11D54E0C156
:1099F000CE62E1C1B273E2C1F183E3C1F696E4C184
:109A0000849FE5C1C394E6C1364FE7C19A7FE8C1A0
:109A1000CC51E9C17570EAC17596EBC1AD5CECC182
:109A20008698EDC1E653EEC1E44EEFC19C6EF0C1E5
:109A30000974F1C1B469F2C16B78F3C18F99F4C1B3
:109A40005975F5C11852F6C12476F7C1416DF8C1B8
:109A5000F367F9C16D51FAC1999FFBC14B80FCC1FD
:109A60009954FDC13C7BFEC1BF7A40C2E47F41C234
:109A7000E77F42C2E87F43C2EA7F44C2EB7F45C230
:109A8000EC7F46C2ED7F47C2EF7F48C2F27F49C2FA
:109A9000F47F4AC2F57F4BC2F67F4CC2F77F4DC2BE
:109AA000F87F4EC2F97F4FC2FA7F50C2FD7F51C28C
:109AB000FE7F52C2FF7F53C2028054C2078055C24C
:109AC000088056C2098057C20A8058C20E8059C207
:109AD0000F805AC211805BC213805CC21A805DC2C3
:109AE0001B805EC21D805FC21E8060C21F8061C27B
:109AF000218062C2238063C2248064C22B8065C23D
:109B00002C8066C22D8067C22E8068C22F8069C2F9
:109B100030806AC232806BC234806CC239806DC2C0
:109B20003A806EC23C806FC23E8070C2408071C27B
:109B3000418072C2448073C2458074C2478075C23E
:109B4000488076C2498077C24E8078C24F8079C201
:109B500050807AC251807BC253807CC255807DC2C6
:109B600056807EC2578080C2598081C25B8082C28B
:109B70005C8083C25D8084C25E8085C25F8086C255
:109B8000608087C2618088C2628089C263808AC225
:109B900064808BC265808CC266808DC267808EC2F5
:109BA00068808FC26B8090C26C8091C26D8092C2BF
:109BB0006E8093C26F8094C2708095C2728096C28C
:109BC000738097C2748098C2758099C276809AC259
:109BD00077809BC278809CC279809DC27A809EC229
:109BE0007B809FC27C80A0C27D80A1C28696A2C2DB
:109BF0008457A3C2E262A4C24796A5C27C69A6C2EA
:109C0000045AA7C20264A8C2D37BA9C20F6FAAC21A
:109C10004B96ABC2A682ACC26253ADC28598AEC2AF
:109C2000905EAFC28970B0C2B363B1C26453B2C2B6
:109C30004F86B3C2819CB4C2939EB5C28C78B6C223
:109C40003297B7C2EF8DB8C2428DB9C27F9EBAC2F9
:109C50005E6FBBC28479BCC2555FBDC24696BEC2B0
:109C60002E62BFC2749AC0C21554C1C2DD94C2C272
:109C7000A34FC3C2C565C4C2655CC5C2615CC6C230
:109C8000157FC7C25186C8C22F6CC9C28B5FCAC2BA
:109C90008773CBC2E46ECCC2FF7ECDC2E65CCEC27F
:109CA0001B63CFC26A5BD0C2E66ED1C27553D2C20B
:109CB000714ED3C2A063D4C26575D5C2A162D6C2AB
:109CC0006E8FD7C2264FD8C2D14ED9C2A66CDAC287
:109CD000B67EDBC2BA8BDCC21D84DDC2BA87DEC2AF
:109CE000577FDFC23B90E0C22395E1C2A97BE2C26D
:109CF000A19AE3C2F888E4C23D84E5C21B6DE6C2C6
:109D0000869AE7C2DC7EE8C28859E9C2BB9EEAC2F5
:109D10009B73EBC20178ECC28286EDC26C9AEEC2F4
:109D2000829AEFC21B56F0C21754F1C2CB57F2C24F
:109D3000704EF3C2A69EF4C25653F5C2C88FF6C247
:109D40000981F7C29277F8C29299F9C2EE86FAC2F7
:109D5000E16EFBC21385FCC2FC66FDC26261FEC2FD
:109D60002B6F40C37E8041C3818042C3828043C346
:109D7000858044C3888045C38A8046C38D8047C39D
:109D80008E8048C38F8049C390804AC391804BC363
:109D900092804CC394804DC395804EC397804FC32F
:109DA000998050C39E8051C3A38052C3A68053C3E1
:109DB000A78054C3A88055C3AC8056C3B08057C396
:109DC000B38058C3B58059C3B6805AC3B8805BC34B
:109DD000B9805CC3BB805DC3C5805EC3C7805FC301
:109DE000C88060C3C98061C3CA8062C3CB8063C3BB
:109DF000CF8064C3D08065C3D18066C3D28067C37F
:109E0000D38068C3D48069C3D5806AC3D8806BC34C
:109E1000DF806CC3E0806DC3E2806EC3E3806FC3FC
:109E2000E68070C3EE8071C3F58072C3F78073C3A0
:109E3000F98074C3FB8075C3FE8076C3FF8077C34F
:109E4000008178C3018179C303817AC304817BC314
:109E500005817CC307817DC308817EC30B8180C3DC
:109E60000C8181C3158182C3178183C3198184C387
:109E70001B8185C31C8186C31D8187C31F8188C345
:109E8000208189C321818AC322818BC323818CC312
:109E900024818DC325818EC326818FC3278190C3E2
:109EA000288191C3298192C32A8193C32B8194C3B2
:109EB0002D8195C32E8196C3308197C3338198C37A
:109EC000348199C335819AC337819BC339819CC33F
:109ED0003A819DC33B819EC33C819FC33D81A0C30A
:109EE0003F81A1C3298CA2C39282A3C32B83A4C3A5
:109EF000F276A5C3136CA6C3D95FA7C3BD83A8C35D
:109F00002B73A9C30583AAC31A95ABC3DB6BACC380
:109F1000DB77ADC3C694AEC36F53AFC30283B0C388
:109F20009251B1C33D5EB2C38C8CB3C3388DB4C300
:109F3000484EB5C3AB73B6C39A67B7C38568B8C399
:109F40007691B9C30997BAC36471BBC3A16CBCC392
:109F50000977BDC3925ABEC34195BFC3CF6BC0C37F
:109F60008E7FC1C32766C2C3D05BC3C3B959C4C304
:109F70009A5AC5C3E895C6C3F795C7C3EC4EC8C384
:109F80000C84C9C39984CAC3AC6ACBC3DF76CCC383
:109F90003095CDC31B73CEC3A668CFC35F5BD0C360
:109FA0002F77D1C39A91D2C36197D3C3DC7CD4C33A
:109FB000F78FD5C31C8CD6C3255FD7C3737CD8C39A
:109FC000D879D9C3C589DAC3CC6CDBC31C87DCC3A1
:109FD000C65BDDC3425EDEC3C968DFC32077E0C372
:109FE000F57EE1C39551E2C34D51E3C3C952E4C3C9
:109FF000295AE5C3057FE6C36297E7C3D782E8C362
:10A00000CF63E9C38477EAC3D085EBC3D279ECC3CD
:10A010003A6EEDC3995EEEC39959EFC31185F0C353
:10A020006D70F1C3116CF2C3BF62F3C3BF76F4C3AA
:10A030004F65F5C3AF60F6C3FD95F7C30E66F8C371
:10A040009F87F9C3239EFAC3ED94FBC30D54FCC351
:10A050007D54FDC32C8CFEC3786440C4408141C450
:10A06000418142C4428143C4438144C4448145C4C4
:10A07000458146C4478147C4498148C44D8149C48C
:10A080004E814AC44F814BC452814CC456814DC449
:10A0900057814EC458814FC45B8150C45C8151C408
:10A0A0005D8152C45E8153C45F8154C4618155C4D3
:10A0B000628156C4638157C4648158C4668159C49F
:10A0C00068815AC46A815BC46B815CC46C815DC465
:10A0D0006F815EC472815FC4738160C4758161C425
:10A0E000768162C4778163C4788164C4818165C4E8
:10A0F000838166C4848167C4858168C4868169C49C
:10A1000087816AC489816BC48B816CC48C816DC466
:10A110008D816EC48E816FC4908170C4928171C430
:10A12000938172C4948173C4958174C4968175C4FB
:10A13000978176C4998177C49A8178C49E8179C4C5
:10A140009F817AC4A0817BC4A1817CC4A2817DC48B
:10A15000A4817EC4A58180C4A78181C4A98182C451
:10A16000AB8183C4AC8184C4AD8185C4AE8186C417
:10A17000AF8187C4B08188C4B18189C4B2818AC4E7
:10A18000B4818BC4B5818CC4B6818DC4B7818EC4B3
:10A19000B8818FC4B98190C4BC8191C4BD8192C47F
:10A1A000BE8193C4BF8194C4C48195C4C58196C443
:10A1B000C78197C4C88198C4C98199C4CB819AC406
:10A1C000CD819BC4CE819CC4CF819DC4D0819EC4CF
:10A1D000D1819FC4D281A0C4D381A1C47964A2C417
:10A1E0001186A3C4216AA4C49C81A5C4E878A6C42E
:10A1F0006964A7C4549BA8C4B962A9C42B67AAC444
:10A20000AB83ABC4A858ACC4D89EADC4AB6CAEC4D1
:10A21000206FAFC4DE5BB0C44C96B1C40B8CB2C42B
:10A220005F72B3C4D067B4C4C762B5C46172B6C448
:10A23000A94EB7C4C659B8C4CD6BB9C49358BAC4F3
:10A24000AE66BBC4555EBCC4DF52BDC45561BEC45E
:10A250002867BFC4EE76C0C46677C1C46772C2C443
:10A26000467AC3C4FF62C4C4EA54C5C45054C6C4C9
:10A27000A094C7C4A390C8C41C5AC9C4B37ECAC49E
:10A28000166CCBC4434ECCC47659CDC41080CEC41A
:10A290004859CFC45753D0C43775D1C4BE96D2C421
:10A2A000CA56D3C42063D4C41181D5C47C60D6C43B
:10A2B000F995D7C4D66DD8C46254D9C48199DAC48B
:10A2C0008551DBC4E95ADCC4FD80DDC4AE59DEC46F
:10A2D0001397DFC42A50E0C4E56CE1C43C5CE2C4DF
:10A2E000DF62E3C4604FE4C43F53E5C47B81E6C44E
:10A2F0000690E7C4BA6EE8C42B85E9C4C862EAC414
:10A30000745EEBC4BE78ECC4B564EDC47B63EEC48C
:10A31000F55FEFC4185AF0C47F91F1C41F9EF2C4D8
:10A320003F5CF3C44F63F4C44280F5C47D5BF6C464
:10A330006E55F7C44A95F8C44D95F9C4856DFAC4B5
:10A34000A860FBC4E067FCC4DE72FDC4DD51FEC43E
:10A35000815B40C5D48141C5D58142C5D68143C505
:10A36000D78144C5D88145C5D98146C5DA8147C55D
:10A37000DB8148C5DC8149C5DD814AC5DE814BC52D
:10A38000DF814CC5E0814DC5E1814EC5E2814FC5FD
:10A39000E48150C5E58151C5E68152C5E88153C5C8
:10A3A000E98154C5EB8155C5EE8156C5EF8157C58E
:10A3B000F08158C5F18159C5F2815AC5F5815BC557
:10A3C000F6815CC5F7815DC5F8815EC5F9815FC521
:10A3D000FA8160C5FD8161C5FF8162C5038263C5E5
:10A3E000078264C5088265C5098266C50A8267C599
:10A3F0000B8268C50E8269C50F826AC511826BC562
:10A4000013826CC515826DC516826EC517826FC525
:10A41000188270C5198271C51A8272C51D8273C5F2
:10A42000208274C5248275C5258276C5268277C5AB
:10A43000278278C5298279C52E827AC532827BC56A
:10A440003A827CC53C827DC53D827EC53F8280C507
:10A45000408281C5418282C5428283C5438284C5D0
:10A46000458285C5468286C5488287C54A8288C599
:10A470004C8289C54D828AC54E828BC550828CC55F
:10A4800051828DC552828EC553828FC5548290C52C
:10A49000558291C5568292C5578293C5598294C5FB
:10A4A0005B8295C55C8296C55D8297C55E8298C5C4
:10A4B000608299C561829AC562829BC563829CC590
:10A4C00064829DC565829EC566829FC56782A0C560
:10A4D0006982A1C5E762A2C5DE6CA3C55B72A4C593
:10A4E0006D62A5C5AE94A6C5BD7EA7C51381A8C5DE
:10A4F000536DA9C59C51AAC5045FABC57459ACC5C1
:10A50000AA52ADC51260AEC57359AFC59666B0C547
:10A510005086B1C59F75B2C52A63B3C5E661B4C59F
:10A52000EF7CB5C5FA8BB6C5E654B7C5276BB8C581
:10A53000259EB9C5B46BBAC5D585BBC55554BCC538
:10A540007650BDC5A46CBEC56A55BFC5B48DC0C527
:10A550002C72C1C5155EC2C51560C3C53674C4C5AD
:10A56000CD62C5C59263C6C54C72C7C5985FC8C5E4
:10A57000436EC9C53E6DCAC50065CBC5586FCCC515
:10A58000D876CDC5D078CEC5FC76CFC55475D0C5AC
:10A590002452D1C5DB53D2C5534ED3C59E5ED4C51C
:10A5A000C165D5C52A80D6C5D680D7C59B62D8C51A
:10A5B0008654D9C52852DAC5AE70DBC58D88DCC596
:10A5C000D18DDDC5E16CDEC57854DFC5DA80E0C52C
:10A5D000F957E1C5F488E2C5548DE3C56A96E4C530
:10A5E0004D91E5C5694FE6C59B6CE7C5B755E8C514
:10A5F000C676E9C53078EAC5A862EBC5F970ECC546
:10A600008E6FEDC56D5FEEC5EC84EFC5DA68F0C501
:10A610007C78F1C5F77BF2C5A881F3C50B67F4C55B
:10A620004F9EF5C56763F6C5B078F7C56F57F8C597
:10A630001278F9C53997FAC57962FBC5AB62FCC5DA
:10A640008852FDC53574FEC5D76B40C66A8241C6C7
:10A650006B8242C66C8243C66D8244C6718245C617
:10A66000758246C6768247C6778248C6788249C6D2
:10A670007B824AC67C824BC680824CC681824DC694
:10A6800083824EC685824FC6868250C6878251C657
:10A69000898252C68C8253C6908254C6938255C614
:10A6A000948256C6958257C6968258C69A8259C6D3
:10A6B0009B825AC69E825BC6A0825CC6A2825DC691
:10A6C000A3825EC6A7825FC6B28260C6B58261C63B
:10A6D000B68262C6BA8263C6BB8264C6BC8265C6E5
:10A6E000BF8266C6C08267C6C28268C6C38269C6A8
:10A6F000C5826AC6C6826BC6C9826CC6D0826DC668
:10A70000D6826EC6D9826FC6DA8270C6DD8271C605
:10A71000E28272C6E78273C6E88274C6E98275C6B1
:10A72000EA8276C6EC8277C6ED8278C6EE8279C67A
:10A73000F0827AC6F2827BC6F3827CC6F5827DC641
:10A74000F6827EC6F88280C6FA8281C6FC8282C604
:10A75000FD8283C6FE8284C6FF8285C6008386C6CC
:10A760000A8387C60B8388C60D8389C610838AC671
:10A7700012838BC613838CC616838DC618838EC630
:10A7800019838FC61D8390C61E8391C61F8392C6F0
:10A79000208393C6218394C6228395C6238396C6BD
:10A7A000248397C6258398C6268399C629839AC68B
:10A7B0002A839BC62E839CC630839DC632839EC649
:10A7C00037839FC63B83A0C63D83A1C66455A2C6FE
:10A7D0003E81A3C6B275A4C6AE76A5C63953A6C639
:10A7E000DE75A7C6FB50A8C6415CA9C66C8BAAC67D
:10A7F000C77BABC64F50ACC64772ADC6979AAEC6C4
:10A80000D898AFC6026FB0C6E274B1C66879B2C656
:10A810008764B3C6A577B4C6FC62B5C69198B6C6C0
:10A820002B8DB7C6C154B8C65880B9C6524EBAC6E9
:10A830006A57BBC6F982BCC60D84BDC6735EBEC670
:10A84000ED51BFC6F674C0C6C48BC1C64F5CC2C64C
:10A850006157C3C6FC6CC4C68798C5C6465AC6C6EF
:10A860003478C7C6449BC8C6EB8FC9C6957CCAC698
:10A870005652CBC65162CCC6FA94CDC6C64ECEC691
:10A880008683CFC66184D0C6E983D1C6B284D2C6DE
:10A89000D457D3C63467D4C60357D5C66E66D6C65A
:10A8A000666DD7C6318CD8C6DD66D9C61170DAC6DA
:10A8B0001F67DBC63A6BDCC61668DDC61A62DEC6E9
:10A8C000BB59DFC6034EE0C6C451E1C6066FE2C6FF
:10A8D000D267E3C68F6CE4C67651E5C6CB68E6C6A0
:10A8E0004759E7C6676BE8C66675E9C60E5DEAC6F6
:10A8F0001081EBC6509FECC6D765EDC64879EEC611
:10A900004179EFC6919AF0C6778DF1C6825CF2C6A6
:10A910005E4EF3C6014FF4C62F54F5C65159F6C624
:10A920000C78F7C66856F8C6146CF9C6C48FFAC618
:10A93000035FFBC67D6CFCC6E36CFDC6AB8BFEC63D
:10A94000906340C73E8341C73F8342C7418343C7AB
:10A95000428344C7448345C7458346C7488347C7A6
:10A960004A8348C74B8349C74C834AC74D834BC76B
:10A970004E834CC753834DC755834EC756834FC72D
:10A98000578350C7588351C7598352C75D8353C7F4
:10A99000628354C7708355C7718356C7728357C784
:10A9A000738358C7748359C775835AC776835BC747
:10A9B00079835CC77A835DC77E835EC77F835FC709
:10A9C000808360C7818361C7828362C7838363C7D3
:10A9D000848364C7878365C7888366C78A8367C79C
:10A9E0008B8368C78C8369C78D836AC78F836BC766
:10A9F00090836CC791836DC794836EC795836FC72F
:10AA0000968370C7978371C7998372C79A8373C7F8
:10AA10009D8374C79F8375C7A18376C7A28377C7B9
:10AA2000A38378C7A48379C7A5837AC7A6837BC786
:10AA3000A7837CC7AC837DC7AD837EC7AE8380C749
:10AA4000AF8381C7B58382C7BB8383C7BE8384C7F7
:10AA5000BF8385C7C28386C7C38387C7C48388C7AC
:10AA6000C68389C7C8838AC7C9838BC7CB838CC772
:10AA7000CD838DC7CE838EC7D0838FC7D18390C738
:10AA8000D28391C7D38392C7D58393C7D78394C703
:10AA9000D98395C7DA8396C7DB8397C7DE8398C7C8
:10AAA000E28399C7E3839AC7E4839BC7E6839CC785
:10AAB000E7839DC7E8839EC7EB839FC7EC83A0C74E
:10AAC000ED83A1C77060A2C73D6DA3C77572A4C70F
:10AAD0006662A5C78E94A6C7C594A7C74353A8C7E7
:10AAE000C18FA9C77E7BAAC7DF4EABC7268CACC778
:10AAF0007E4EADC7D49EAEC7B194AFC7B394B0C7B6
:10AB00004D52B1C75C6FB2C76390B3C7456DB4C750
:10AB1000348CB5C71158B6C74C5DB7C7206BB8C7E2
:10AB2000496BB9C7AA67BAC75B54BBC75481BCC7D6
:10AB30008C7FBDC79958BEC73785BFC73A5FC0C7AE
:10AB4000A262C1C7476AC2C73995C3C77265C4C785
:10AB50008460C5C76568C6C7A777C7C7544EC8C74E
:10AB6000A84FC9C7E75DCAC79897CBC7AC64CCC725
:10AB7000D87FCDC7ED5CCEC7CF4FCFC78D7AD0C7BA
:10AB80000752D1C70483D2C7144ED3C72F60D4C78E
:10AB9000837AD5C7A694D6C7B54FD7C7B24ED8C704
:10ABA000E679D9C73474DAC7E452DBC7B982DCC7A7
:10ABB000D264DDC7BD79DEC7DD5BDFC7816CE0C76E
:10ABC0005297E1C77B8FE2C7226CE3C73E50E4C7D0
:10ABD0007F53E5C7056EE6C7CE64E7C77466E8C76E
:10ABE000306CE9C7C560EAC77798EBC7F78BECC74D
:10ABF000865EEDC73C74EEC7777AEFC7CB79F0C7B6
:10AC0000184EF1C7B190F2C70374F3C7426CF4C792
:10AC1000DA56F5C74B91F6C7C56CF7C78B8DF8C7E9
:10AC20003A53F9C7C686FAC7F266FBC7AF8EFCC7B0
:10AC3000485CFDC7719AFEC7206E40C8EE8341C8CC
:10AC4000EF8342C8F38343C8F48344C8F58345C8FF
:10AC5000F68346C8F78347C8FA8348C8FB8349C8C8
:10AC6000FC834AC8FE834BC8FF834CC800844DC890
:10AC700002844EC805844FC8078450C8088451C850
:10AC8000098452C80A8453C8108454C8128455C811
:10AC9000138456C8148457C8158458C8168459C8D4
:10ACA00017845AC819845BC81A845CC81B845DC8A1
:10ACB0001E845EC81F845FC8208460C8218461C868
:10ACC000228462C8238463C8298464C82A8465C82E
:10ACD0002B8466C82C8467C82D8468C82E8469C8F4
:10ACE0002F846AC830846BC832846CC833846DC8C2
:10ACF00034846EC835846FC8368470C8378471C890
:10AD0000398472C83A8473C83B8474C83E8475C859
:10AD10003F8476C8408477C8418478C8428479C823
:10AD200043847AC844847BC845847CC847847DC8F2
:10AD300048847EC8498480C84A8481C84B8482C8BC
:10AD40004C8483C84D8484C84E8485C84F8486C88B
:10AD5000508487C8528488C8538489C854848AC858
:10AD600055848BC856848CC858848DC85D848EC821
:10AD70005E848FC85F8490C8608491C8628492C8E2
:10AD8000648493C8658494C8668495C8678496C8AB
:10AD9000688497C86A8498C86E8499C86F849AC872
:10ADA00070849BC872849CC874849DC877849EC834
:10ADB00079849FC87B84A0C87C84A1C8D653A2C8CC
:10ADC000365AA3C88B9FA4C8A38DA5C8BB53A6C8D9
:10ADD0000857A7C8A798A8C84367A9C89B91AAC83D
:10ADE000C96CABC86851ACC8CA75ADC8F362AEC80F
:10ADF000AC72AFC83852B0C89D52B1C83A7FB2C821
:10AE00009470B3C83876B4C87453B5C84A9EB6C8EF
:10AE1000B769B7C86E78B8C8C096B9C8D988BAC873
:10AE2000A47FBBC83671BCC8C371BDC88951BEC838
:10AE3000D367BFC8E474C0C8E458C1C81865C2C8A5
:10AE4000B756C3C8A98BC4C87699C5C87062C6C8AE
:10AE5000D57EC7C8F960C8C8ED70C9C8EC58CAC863
:10AE6000C14ECBC8BA4ECCC8CD5FCDC8E797CEC8CF
:10AE7000FB4ECFC8A48BD0C80352D1C88A59D2C8C0
:10AE8000AB7ED3C85462D4C8CD4ED5C8E565D6C80C
:10AE90000E62D7C83883D8C8C984D9C86383DAC8D2
:10AEA0008D87DBC89471DCC8B66EDDC8B95BDEC8BF
:10AEB000D27EDFC89751E0C8C963E1C8D467E2C851
:10AEC0008980E3C83983E4C81588E5C81251E6C80B
:10AED0007A5BE7C88259E8C8B18FE9C8734EEAC8FF
:10AEE0005D6CEBC86551ECC82589EDC86F8FEEC865
:10AEF0002E96EFC84A85F0C85E74F1C81095F2C866
:10AF0000F095F3C8A66DF4C8E582F5C8315FF6C8C0
:10AF10009264F7C8126DF8C82884F9C86E81FAC81F
:10AF2000C39CFBC85E58FCC85B8DFDC8094EFEC8BB
:10AF3000C15340C97D8441C97E8442C97F8443C9CD
:10AF4000808444C9818445C9838446C9848447C9AF
:10AF5000858448C9868449C98A844AC98D844BC975
:10AF60008F844CC990844DC991844EC992844FC935
:10AF7000938450C9948451C9958452C9968453C905
:10AF8000988454C99A8455C99B8456C99D8457C9CD
:10AF90009E8458C99F8459C9A0845AC9A2845BC998
:10AFA000A3845CC9A4845DC9A5845EC9A6845FC965
:10AFB000A78460C9A88461C9A98462C9AA8463C935
:10AFC000AB8464C9AC8465C9AD8466C9AE8467C905
:10AFD000B08468C9B18469C9B3846AC9B5846BC9CE
:10AFE000B6846CC9B7846DC9BB846EC9BC846FC993
:10AFF000BE8470C9C08471C9C28472C9C38473C954
:10B00000C58474C9C68475C9C78476C9C88477C91C
:10B01000CB8478C9CC8479C9CE847AC9CF847BC9E2
:10B02000D2847CC9D4847DC9D5847EC9D78480C9A3
:10B03000D88481C9D98482C9DA8483C9DB8484C96C
:10B04000DC8485C9DE8486C9E18487C9E28488C935
:10B05000E48489C9E7848AC9E8848BC9E9848CC9F6
:10B06000EA848DC9EB848EC9ED848FC9EE8490C9C2
:10B07000EF8491C9F18492C9F28493C9F38494C98D
:10B08000F48495C9F58496C9F68497C9F78498C95C
:10B09000F88499C9F9849AC9FA849BC9FB849CC92C
:10B0A000FD849DC9FE849EC900859FC90185A0C9F4
:10B0B0000285A1C91E4FA2C96365A3C95168A4C96D
:10B0C000D355A5C9274EA6C91464A7C99A9AA8C979
:10B0D0006B62A9C9C25AAAC95F74ABC97282ACC9F2
:10B0E000A96DADC9EE68AEC9E750AFC98E83B0C9CE
:10B0F0000278B1C94067B2C93952B3C9996CB4C9B1
:10B10000B17EB5C9BB50B6C96555B7C95E71B8C97E
:10B110005B7BB9C95266BAC9CA73BBC9EB82BCC9E9
:10B120004967BDC9715CBEC92052BFC97D71C0C924
:10B130006B88C1C9EA95C2C95596C3C9C564C4C95B
:10B14000618DC5C9B381C6C98455C7C9556CC8C905
:10B150004762C9C92E7FCAC99258CBC9244FCCC9EE
:10B160004655CDC94F8DCEC94C66CFC90A4ED0C900
:10B170001A5CD1C9F388D2C9A268D3C94E63D4C9B5
:10B180000D7AD5C9E770D6C98D82D7C9FA52D8C908
:10B19000F697D9C9115CDAC9E854DBC9B590DCC9A6
:10B1A000CD7EDDC96259DEC94A8DDFC9C786E0C9D7
:10B1B0000C82E1C90D82E2C9668DE3C94464E4C929
:10B1C000045CE5C95161E6C9896DE7C93E79E8C902
:10B1D000BE8BE9C93778EAC93375EBC97B54ECC932
:10B1E000384FEDC9AB8EEEC9F16DEFC9205AF0C9E9
:10B1F000C57EF1C95E79F2C9886CF3C9A15BF4C957
:10B20000765AF5C91A75F6C9BE80F7C94E61F8C9F4
:10B21000176EF9C9F058FAC91F75FBC92575FCC925
:10B220007272FDC94753FEC9F37E40CA038541CA05
:10B23000048542CA058543CA068544CA078545CAAE
:10B24000088546CA098547CA0A8548CA0B8549CA7E
:10B250000D854ACA0E854BCA0F854CCA10854DCA4A
:10B2600012854ECA14854FCA158550CA168551CA13
:10B27000188552CA198553CA1B8554CA1C8555CADC
:10B280001D8556CA1E8557CA208558CA228559CAA7
:10B2900023855ACA24855BCA25855CCA26855DCA72
:10B2A00027855ECA28855FCA298560CA2A8561CA42
:10B2B0002D8562CA2E8563CA2F8564CA308565CA0A
:10B2C000318566CA328567CA338568CA348569CADA
:10B2D00035856ACA36856BCA3E856CCA3F856DCA9C
:10B2E00040856ECA41856FCA428570CA448571CA5D
:10B2F000458572CA468573CA478574CA4B8575CA27
:10B300004C8576CA4D8577CA4E8578CA4F8579CAED
:10B3100050857ACA51857BCA52857CCA53857DCABD
:10B3200054857ECA558580CA578581CA588582CA88
:10B330005A8583CA5B8584CA5C8585CA5D8586CA51
:10B340005F8587CA608588CA618589CA62858ACA1D
:10B3500063858BCA65858CCA66858DCA67858ECAEA
:10B3600069858FCA6A8590CA6B8591CA6C8592CAB5
:10B370006D8593CA6E8594CA6F8595CA708596CA85
:10B38000718597CA738598CA758599CA76859ACA50
:10B3900077859BCA78859CCA7C859DCA7D859ECA17
:10B3A0007F859FCA8085A0CA8185A1CA0177A2CA6C
:10B3B000DB76A3CA6952A4CADC80A5CA2357A6CAF1
:10B3C000085EA7CA3159A8CAEE72A9CABD65AACA41
:10B3D0007F6EABCAD78BACCA385CADCA7186AECAB9
:10B3E0004153AFCAF377B0CAFE62B1CAF665B2CABA
:10B3F000C04EB3CADF98B4CA8086B5CA9E5BB6CACF
:10B40000C68BB7CAF253B8CAE277B9CA7F4FBACA75
:10B410004E5CBBCA769ABCCACB59BDCA0F5FBECAC6
:10B420003A79BFCAEB58C0CA164EC1CAFF67C2CA32
:10B430008B4EC3CAED62C4CA938AC5CA1D90C6CAE0
:10B44000BF52C7CA2F66C8CADC55C9CA6C56CACA19
:10B450000290CBCAD54ECCCA8D4FCDCACA91CECAA6
:10B460007099CFCA0F6CD0CA025ED1CA4360D2CAEB
:10B47000A45BD3CAC689D4CAD58BD5CA3665D6CA09
:10B480004B62D7CA9699D8CA885BD9CAFF5BDACA19
:10B490008863DBCA2E55DCCAD753DDCA2676DECADE
:10B4A0007D51DFCA2C85E0CAA267E1CAB368E2CA4F
:10B4B0008A6BE3CA9262E4CA938FE5CAD453E6CAA0
:10B4C0001282E7CAD16DE8CA8F75E9CA664EEACA28
:10B4D0004E8DEBCA705BECCA9F71EDCAAF85EECAA8
:10B4E0009166EFCAD966F0CA727FF1CA0087F2CAC4
:10B4F000CD9EF3CA209FF4CA5E5CF5CA2F67F6CAD8
:10B50000F08FF7CA1168F8CA5F67F9CA0D62FACA04
:10B51000D67AFBCA8558FCCAB65EFDCA7065FECAFB
:10B52000316F40CB828541CB838542CB868543CB2F
:10B53000888544CB898545CB8A8546CB8B8547CB8F
:10B540008C8548CB8D8549CB8E854ACB90854BCB5E
:10B5500091854CCB92854DCB93854ECB94854FCB2B
:10B56000958550CB968551CB978552CB988553CBFB
:10B57000998554CB9A8555CB9D8556CB9E8557CBC7
:10B580009F8558CBA08559CBA1855ACBA2855BCB93
:10B59000A3855CCBA5855DCBA6855ECBA7855FCB60
:10B5A000A98560CBAB8561CBAC8562CBAD8563CB28
:10B5B000B18564CBB28565CBB38566CBB48567CBEB
:10B5C000B58568CBB68569CBB8856ACBBA856BCBB8
:10B5D000BB856CCBBC856DCBBD856ECBBE856FCB83
:10B5E000BF8570CBC08571CBC28572CBC38573CB51
:10B5F000C48574CBC58575CBC68576CBC78577CB1F
:10B60000C88578CBCA8579CBCB857ACBCC857BCBEB
:10B61000CD857CCBCE857DCBD1857ECBD28580CBB5
:10B62000D48581CBD68582CBD78583CBD88584CB77
:10B63000D98585CBDA8586CBDB8587CBDD8588CB45
:10B64000DE8589CBDF858ACBE0858BCBE1858CCB12
:10B65000E2858DCBE3858ECBE5858FCBE68590CBE0
:10B66000E78591CBE88592CBEA8593CBEB8594CBAC
:10B67000EC8595CBED8596CBEE8597CBEF8598CB7A
:10B68000F08599CBF1859ACBF2859BCBF3859CCB4A
:10B69000F4859DCBF5859ECBF6859FCBF785A0CB1A
:10B6A000F885A1CB5560A2CB3752A3CB0D80A4CB9C
:10B6B0005464A5CB7088A6CB2975A7CB055EA8CB13
:10B6C0001368A9CBF462AACB1C97ABCBCC53ACCB01
:10B6D0003D72ADCB018CAECB346CAFCB6177B0CBD0
:10B6E0000E7AB1CB2E54B2CBAC77B3CB7A98B4CB25
:10B6F0001C82B5CBF48BB6CB5578B7CB1467B8CBDF
:10B70000C170B9CBAF65BACB9564BBCB3656BCCB59
:10B710001D60BDCBC179BECBF853BFCB1D4EC0CB96
:10B720007B6BC1CB8680C2CBFA5BC3CBE355C4CB6A
:10B73000DB56C5CB3A4FC6CB3C4FC7CB7299C8CB73
:10B74000F35DC9CB7E67CACB3880CBCB0260CCCB54
:10B750008298CDCB0190CECB8B5BCFCBBC8BD0CBAB
:10B76000F58BD1CB1C64D2CB5882D3CBDE64D4CB47
:10B77000FD55D5CBCF82D6CB6591D7CBD74FD8CB84
:10B78000207DD9CB1F90DACB9F7CDBCBF350DCCB79
:10B790005158DDCBAF6EDECBBF5BDFCBC98BE0CBCF
:10B7A0008380E1CB7891E2CB9C84E3CB977BE4CBA5
:10B7B0007D86E5CB8B96E6CB8F96E7CBE57EE8CB17
:10B7C000D39AE9CB8E78EACB815CEBCB577AECCB82
:10B7D0004290EDCBA796EECB5F79EFCB595BF0CBE8
:10B7E0005F63F1CB0B7BF2CBD184F3CBAD68F4CBB1
:10B7F0000655F5CB297FF6CB1074F7CB227DF8CB1D
:10B800000195F9CB4062FACB4C58FBCBD64EFCCB22
:10B81000835BFDCB7959FECB545840CCF98541CCA4
:10B82000FA8542CCFC8543CCFD8544CCFE8545CCD5
:10B83000008646CC018647CC028648CC038649CC9C
:10B8400004864ACC06864BCC07864CCC08864DCC69
:10B8500009864ECC0A864FCC0B8650CC0C8651CC38
:10B860000D8652CC0E8653CC0F8654CC108655CC08
:10B87000128656CC138657CC148658CC158659CCD4
:10B8800017865ACC18865BCC19865CCC1A865DCCA0
:10B890001B865ECC1C865FCC1D8660CC1E8661CC70
:10B8A0001F8662CC208663CC218664CC228665CC40
:10B8B000238666CC248667CC258668CC268669CC10
:10B8C00028866ACC2A866BCC2B866CCC2C866DCCD9
:10B8D0002D866ECC2E866FCC2F8670CC308671CCA8
:10B8E000318672CC328673CC338674CC348675CC78
:10B8F000358676CC368677CC378678CC398679CC47
:10B900003A867ACC3B867BCC3D867CCC3E867DCC11
:10B910003F867ECC408680CC418681CC428682CCDC
:10B92000438683CC448684CC458685CC468686CCAB
:10B93000478687CC488688CC498689CC4A868ACC7B
:10B940004B868BCC4C868CCC52868DCC53868ECC41
:10B9500055868FCC568690CC578691CC588692CC03
:10B96000598693CC5B8694CC5C8695CC5D8696CCD0
:10B970005F8697CC608698CC618699CC63869ACC9A
:10B9800064869BCC65869CCC66869DCC67869ECC67
:10B9900068869FCC6986A0CC6A86A1CC6D73A2CC48
:10B9A0001E63A3CC4B8EA4CC0F8EA5CCCE80A6CC90
:10B9B000D482A7CCAC62A8CCF053A9CCF06CAACCB2
:10B9C0005E91ABCC2A59ACCC0160ADCC706CAECCE6
:10B9D0004D57AFCC4A64B0CC2A8DB1CC2B76B2CCCB
:10B9E000E96EB3CC5B57B4CC806AB5CCF075B6CCFD
:10B9F0006D6FB7CC2D8CB8CC088CB9CC6657BACC4F
:10BA0000EF6BBBCC9288BCCCB378BDCCA263BECC70
:10BA1000F953BFCCAD70C0CC646CC1CC5858C2CC0B
:10BA20002A64C3CC0258C4CCE068C5CC9B81C6CC88
:10BA30001055C7CCD67CC8CC1850C9CCBA8ECACC4D
:10BA4000CC6DCBCC9F8DCCCCEB70CDCC8F63CECCE2
:10BA50009B6DCFCCD46ED0CCE67ED1CC0484D2CC3E
:10BA60004368D3CC0390D4CCD86DD5CC7696D6CCC5
:10BA7000A88BD7CC5759D8CC7972D9CCE485DACCFD
:10BA80007E81DBCCBC75DCCC8A8ADDCCAF68DECCB9
:10BA90005452DFCC228EE0CC1195E1CCD063E2CCC5
:10BAA0009898E3CC448EE4CC7C55E5CC534FE6CC5F
:10BAB000FF66E7CC8F56E8CCD560E9CC956DEACC33
:10BAC0004352EBCC495CECCC2959EDCCFB6DEECC70
:10BAD0006B58EFCC3075F0CC1C75F1CC6C60F2CCAF
:10BAE0001482F3CC4681F4CC1163F5CC6167F6CCBB
:10BAF000E28FF7CC3A77F8CCF38DF9CC348DFACCD1
:10BB0000C194FBCC165EFCCC8553FDCC2C54FECCF2
:10BB1000C37040CD6D8641CD6F8642CD708643CDDA
:10BB2000728644CD738645CD748646CD758647CDE5
:10BB3000768648CD778649CD78864ACD83864BCDAB
:10BB400084864CCD85864DCD86864ECD87864FCD5D
:10BB5000888650CD898651CD8E8652CD8F8653CD25
:10BB6000908654CD918655CD928656CD948657CDEC
:10BB7000968658CD978659CD98865ACD99865BCDB5
:10BB80009A865CCD9B865DCD9E865ECD9F865FCD81
:10BB9000A08660CDA18661CDA28662CDA58663CD4B
:10BBA000A68664CDAB8665CDAD8666CDAE8667CD07
:10BBB000B28668CDB38669CDB7866ACDB8866BCDBF
:10BBC000B9866CCDBB866DCDBC866ECDBD866FCD86
:10BBD000BE8670CDBF8671CDC18672CDC28673CD53
:10BBE000C38674CDC58675CDC88676CDCC8677CD17
:10BBF000CD8678CDD28679CDD3867ACDD5867BCDCC
:10BC0000D6867CCDD7867DCDDA867ECDDC8680CD8E
:10BC1000DD8681CDE08682CDE18683CDE28684CD4E
:10BC2000E38685CDE58686CDE68687CDE78688CD19
:10BC3000E88689CDEA868ACDEB868BCDEC868CCDE5
:10BC4000EF868DCDF5868ECDF6868FCDF78690CD9D
:10BC5000FA8691CDFB8692CDFC8693CDFD8694CD60
:10BC6000FF8695CD018796CD048797CD058798CD22
:10BC7000068799CD0B879ACD0C879BCD0E879CCDDF
:10BC80000F879DCD10879ECD11879FCD1487A0CDA6
:10BC90001687A1CD406CA2CDF75EA3CD5C50A4CD9C
:10BCA000AD4EA5CDAD5EA6CD3A63A7CD4782A8CD5A
:10BCB0001A90A9CD5068AACD6E91ABCDB377ACCD1B
:10BCC0000C54ADCDDC94AECD645FAFCDE57AB0CD94
:10BCD0007668B1CD4563B2CD527BB3CDDF7EB4CDB6
:10BCE000DB75B5CD7750B6CD9562B7CD3459B8CDAB
:10BCF0000F90B9CDF851BACDC379BBCD817ABCCD07
:10BD0000FE56BDCD925FBECD1490BFCD826DC0CD2D
:10BD1000605CC1CD1F57C2CD1054C3CD5451C4CDAA
:10BD20004D6EC5CDE256C6CDA863C7CD9398C8CD9C
:10BD30007F81C9CD1587CACD2A89CBCD0090CCCDC6
:10BD40001E54CDCD6F5CCECDC081CFCDD662D0CDCF
:10BD50005862D1CD3181D2CD359ED3CD4096D4CD50
:10BD60006E9AD5CD7C9AD6CD2D69D7CDA559D8CD93
:10BD7000D362D9CD3E55DACD1663DBCDC754DCCDC9
:10BD8000D986DDCD3C6DDECD035ADFCDE674E0CD46
:10BD90009C88E1CD6A6BE2CD1659E3CD4C8CE4CDA5
:10BDA0002F5FE5CD7E6EE6CDA973E7CD7D98E8CD1A
:10BDB000384EE9CDF770EACD8C5BEBCD9778ECCDC2
:10BDC0003D63EDCD5A66EECD9676EFCDCB60F0CDEE
:10BDD0009B5BF1CD495AF2CD074EF3CD5581F4CDA1
:10BDE0006A6CF5CD8B73F6CDA14EF7CD8967F8CD92
:10BDF000517FF9CD805FFACDFA65FBCD1B67FCCD95
:10BE0000D85FFDCD8459FECD015A40CE198741CE71
:10BE10001B8742CE1D8743CE1F8744CE208745CE49
:10BE2000248746CE268747CE278748CE288749CE07
:10BE30002A874ACE2B874BCE2C874CCE2D874DCED2
:10BE40002F874ECE30874FCE328750CE338751CE9C
:10BE5000358752CE368753CE388754CE398755CE64
:10BE60003A8756CE3C8757CE3D8758CE408759CE2D
:10BE700041875ACE42875BCE43875CCE44875DCEF6
:10BE800045875ECE46875FCE4A8760CE4B8761CEC0
:10BE90004D8762CE4F8763CE508764CE518765CE83
:10BEA000528766CE548767CE558768CE568769CE4F
:10BEB00058876ACE5A876BCE5B876CCE5C876DCE17
:10BEC0005D876ECE5E876FCE5F8770CE618771CEE5
:10BED000628772CE668773CE678774CE688775CEA9
:10BEE000698776CE6A8777CE6B8778CE6C8779CE76
:10BEF0006D877ACE6F877BCE71877CCE72877DCE41
:10BF000073877ECE758780CE778781CE788782CE05
:10BF1000798783CE7A8784CE7F8785CE808786CEC9
:10BF2000818787CE848788CE868789CE87878ACE89
:10BF300089878BCE8A878CCE8C878DCE8E878ECE4E
:10BF40008F878FCE908790CE918791CE928792CE19
:10BF5000948793CE958794CE968795CE988796CEE4
:10BF6000998797CE9A8798CE9B8799CE9C879ACEB1
:10BF70009D879BCE9E879CCEA0879DCEA1879ECE7F
:10BF8000A2879FCEA387A0CEA487A1CECD5DA2CE4F
:10BF9000AE5FA3CE7153A4CEE697A5CEDD8FA6CE1D
:10BFA0004568A7CEF456A8CE2F55A9CEDF60AACEFD
:10BFB0003A4EABCE4D6FACCEF47EADCEC782AECE98
:10BFC0000E84AFCED459B0CE1F4FB1CE2A4FB2CED1
:10BFD0003E5CB3CEAC7EB4CE2A67B5CE1A85B6CE63
:10BFE0007354B7CE4F75B8CEC380B9CE8255BACE92
:10BFF0004F9BBBCE4D4FBCCE2D6EBDCE138CBECE57
:10C00000095CBFCE7061C0CE6B53C1CE1F76C2CE6D
:10C01000296EC3CE8A86C4CE8765C5CEFB95C6CEB3
:10C02000B97EC7CE3B54C8CE337AC9CE0A7DCACEBC
:10C03000EE95CBCEE155CCCEC17FCDCEEE74CECE3B
:10C040001D63CFCE1787D0CEA16DD1CE9D7AD2CE33
:10C050001162D3CEA165D4CE6753D5CEE163D6CEDF
:10C06000836CD7CEEB5DD8CE5C54D9CEA894DACE13
:10C070004C4EDBCE616CDCCEEC8BDDCE4B5CDECE91
:10C08000E065DFCE9C82E0CEA768E1CE3E54E2CEF2
:10C090003454E3CECB6BE4CE666BE5CE944EE6CE65
:10C0A0004263E7CE4853E8CE1E82E9CE0D4FEACE7A
:10C0B000AE4FEBCE5E57ECCE0A62EDCEFE96EECEE4
:10C0C0006466EFCE6972F0CEFF52F1CEA152F2CE8D
:10C0D0009F60F3CEEF8BF4CE1466F5CE9971F6CE59
:10C0E0009067F7CE7F89F8CE5278F9CEFD77FACEF9
:10C0F0007066FBCE3B56FCCE3854FDCE2195FECE6D
:10C100007A7240CFA58741CFA68742CFA78743CF7A
:10C11000A98744CFAA8745CFAE8746CFB08747CF00
:10C12000B18748CFB28749CFB4874ACFB6874BCFC4
:10C13000B7874CCFB8874DCFB9874ECFBB874FCF8E
:10C14000BC8750CFBE8751CFBF8752CFC18753CF57
:10C15000C28754CFC38755CFC48756CFC58757CF23
:10C16000C78758CFC88759CFC9875ACFCC875BCFED
:10C17000CD875CCFCE875DCFCF875ECFD0875FCFB7
:10C18000D48760CFD58761CFD68762CFD78763CF7B
:10C19000D88764CFD98765CFDA8766CFDC8767CF4A
:10C1A000DD8768CFDE8769CFDF876ACFE1876BCF16
:10C1B000E2876CCFE3876DCFE4876ECFE6876FCFE2
:10C1C000E78770CFE88771CFE98772CFEB8773CFAE
:10C1D000EC8774CFED8775CFEF8776CFF08777CF79
:10C1E000F18778CFF28779CFF3877ACFF4877BCF47
:10C1F000F5877CCFF6877DCFF7877ECFF88780CF16
:10C20000FA8781CFFB8782CFFC8783CFFD8784CFDE
:10C21000FF8785CF008886CF018887CF028888CFA7
:10C22000048889CF05888ACF06888BCF07888CCF72
:10C2300008888DCF09888ECF0B888FCF0C8890CF40
:10C240000D8891CF0E8892CF0F8893CF108894CF0E
:10C25000118895CF128896CF148897CF178898CFDA
:10C26000188899CF19889ACF1A889BCF1C889CCFA1
:10C270001D889DCF1E889ECF1F889FCF2088A0CF6E
:10C280002388A1CF007AA2CF6F60A3CF0C5EA4CF8A
:10C290008960A5CF9D81A6CF1559A7CFDC60A8CF17
:10C2A0008471A9CFEF70AACFAA6EABCF506CACCF80
:10C2B0008072ADCF846AAECFAD88AFCF2D5EB0CFE8
:10C2C000604EB1CFB35AB2CF9C55B3CFE394B4CF45
:10C2D000176DB5CFFB7CB6CF9996B7CF0F62B8CFAD
:10C2E000C67EB9CF8E77BACF7E86BBCF2353BCCF65
:10C2F0001E97BDCF968FBECF8766BFCFE15CC0CF04
:10C30000A04FC1CFED72C2CF0B4EC3CFA653C4CF47
:10C310000F59C5CF1354C6CF8063C7CF2895C8CF58
:10C320004851C9CFD94ECACF9C9CCBCFA47ECCCF8D
:10C33000B854CDCF248DCECF5488CFCF3782D0CF35
:10C34000F295D1CF8E6DD2CF265FD3CFCC5AD4CF3A
:10C350003E66D5CF6996D6CFB073D7CF2E73D8CFE0
:10C36000BF53D9CF7A81DACF8599DBCFA17FDCCFDC
:10C37000AA5BDDCF7796DECF5096DFCFBF7EE0CFD2
:10C38000F876E1CFA253E2CF7695E3CF9999E4CF47
:10C39000B17BE5CF4489E6CF586EE7CF614EE8CF59
:10C3A000D47FE9CF6579EACFE68BEBCFF360ECCFB2
:10C3B000CD54EDCFAB4EEECF7998EFCFF75DF0CF08
:10C3C000616AF1CFCF50F2CF1154F3CF618CF4CF2B
:10C3D0002784F5CF5D78F6CF0497F7CF4A52F8CF90
:10C3E000EE54F9CFA356FACF0095FBCF886DFCCF62
:10C3F000B55BFDCFC66DFECF536640D0248841D0DB
:10C40000258842D0268843D0278844D0288845D024
:10C41000298846D02A8847D02B8848D02C8849D0F4
:10C420002D884AD02E884BD02F884CD030884DD0C4
:10C4300031884ED033884FD0348850D0358851D091
:10C44000368852D0378853D0388854D03A8855D05F
:10C450003B8856D03D8857D03E8858D03F8859D029
:10C4600041885AD042885BD043885CD046885DD0F2
:10C4700047885ED048885FD0498860D04A8861D0BC
:10C480004B8862D04E8863D04F8864D0508865D086
:10C49000518866D0528867D0538868D0558869D053
:10C4A00056886AD058886BD05A886CD05B886DD01B
:10C4B0005C886ED05D886FD05E8870D05F8871D0E8
:10C4C000608872D0668873D0678874D06A8875D0A7
:10C4D0006D8876D06F8877D0718878D0738879D05E
:10C4E00074887AD075887BD076887CD078887DD027
:10C4F00079887ED07A8880D07B8881D07C8882D0F1
:10C50000808883D0838884D0868885D0878886D0A9
:10C51000898887D08A8888D08C8889D08E888AD06C
:10C520008F888BD090888CD091888DD093888ED036
:10C5300094888FD0958890D0978891D0988892D001
:10C54000998893D09A8894D09B8895D09D8896D0CE
:10C550009E8897D09F8898D0A08899D0A1889AD09B
:10C56000A3889BD0A5889CD0A6889DD0A7889ED064
:10C57000A8889FD0A988A0D0AA88A1D00F5CA2D0FB
:10C580005D5BA3D02168A4D09680A5D07855A6D0B5
:10C59000117BA7D04865A8D05469A9D09B4EAAD0DA
:10C5A000476BABD04E87ACD08B97ADD04F53AED04E
:10C5B0001F63AFD03A64B0D0AA90B1D09C65B2D01E
:10C5C000C180B3D0108CB4D09951B5D0B068B6D07A
:10C5D0007853B7D0F987B8D0C861B9D0C46CBAD095
:10C5E000FB6CBBD0228CBCD0515CBDD0AA85BED028
:10C5F000AF82BFD00C95C0D0236BC1D09B8FC2D06F
:10C60000B065C3D0FB5FC4D0C35FC5D0E14FC6D017
:10C610004588C7D01F66C8D06581C9D02973CAD0E4
:10C62000FA60CBD07451CCD01152CDD08B57CED034
:10C63000625FCFD0A290D0D04C88D1D09291D2D08E
:10C64000785ED3D04F67D4D02760D5D0D359D6D019
:10C650004451D7D0F651D8D0F880D9D00853DAD089
:10C66000796CDBD0C496DCD08A71DDD0114FDED07E
:10C67000EE4FDFD09E7FE0D03D67E1D0C555E2D0E0
:10C680000895E3D0C079E4D09688E5D0E37EE6D083
:10C690009F58E7D00C62E8D00097E9D05A86EAD0DC
:10C6A0001856EBD07B98ECD0905FEDD0B88BEED0E5
:10C6B000C484EFD05791F0D0D953F1D0ED65F2D0CA
:10C6C0008F5EF3D05C75F4D06460F5D06E7DF6D0EB
:10C6D0007F5AF7D0EA7EF8D0ED7EF9D0698FFAD094
:10C6E000A755FBD0A35BFCD0AC60FDD0CB65FED0E2
:10C6F000847340D1AC8841D1AE8842D1AF8843D158
:10C70000B08844D1B28845D1B38846D1B48847D1E6
:10C71000B58848D1B68849D1B8884AD1B9884BD1B3
:10C72000BA884CD1BB884DD1BD884ED1BE884FD17F
:10C73000BF8850D1C08851D1C38852D1C48853D149
:10C74000C78854D1C88855D1CA8856D1CB8857D10B
:10C75000CC8858D1CD8859D1CF885AD1D0885BD1D7
:10C76000D1885CD1D3885DD1D6885ED1D7885FD19E
:10C77000DA8860D1DB8861D1DC8862D1DD8863D161
:10C78000DE8864D1E08865D1E18866D1E68867D12A
:10C79000E78868D1E98869D1EA886AD1EB886BD1EA
:10C7A000EC886CD1ED886DD1EE886ED1EF886FD1B9
:10C7B000F28870D1F58871D1F68872D1F78873D17B
:10C7C000FA8874D1FB8875D1FD8876D1FF8877D13E
:10C7D000008978D1018979D103897AD104897BD103
:10C7E00005897CD106897DD107897ED1088980D1D0
:10C7F000098981D10B8982D10C8983D10D8984D19A
:10C800000E8985D10F8986D1118987D1148988D164
:10C81000158989D116898AD117898BD118898CD12C
:10C820001C898DD11D898ED11E898FD11F8990D1F0
:10C83000208991D1228992D1238993D1248994D1BD
:10C84000268995D1278996D1288997D1298998D188
:10C850002C8999D12D899AD12E899BD12F899CD150
:10C8600031899DD132899ED133899FD13589A0D11B
:10C870003789A1D10990A2D16376A3D12977A4D118
:10C88000DA7EA5D17497A6D19B85A7D1665BA8D186
:10C89000747AA9D1EA96AAD14088ABD1CB52ACD157
:10C8A0008F71ADD1AA5FAED1EC65AFD1E28BB0D1C3
:10C8B000FB5BB1D16F9AB2D1E15DB3D1896BB4D1D9
:10C8C0005B6CB5D1AD8BB6D1AF8BB7D10A90B8D177
:10C8D000C58FB9D18B53BAD1BC62BBD1269EBCD116
:10C8E0002D9EBDD14054BED12B4EBFD1BD82C0D1F3
:10C8F0005972C1D19C86C2D1165DC3D15988C4D1A9
:10C90000AF6DC5D1C596C6D1D154C7D19A4EC8D145
:10C91000B68BC9D10971CAD1BD54CBD10996CCD13E
:10C92000DF70CDD1F96DCED1D076CFD1254ED0D11B
:10C930001478D1D11287D2D1A95CD3D1F65ED4D1EB
:10C94000008AD5D19C98D6D10E96D7D18E70D8D1E9
:10C95000BF6CD9D14459DAD1A963DBD13C77DCD1A2
:10C960004D88DDD1146FDED17382DFD13058E0D134
:10C97000D571E1D18C53E2D11A78E3D1C196E4D1DB
:10C980000155E5D1665FE6D13071E7D1B45BE8D1FE
:10C990001A8CE9D18C9AEAD1836BEBD12E59ECD168
:10C9A0002F9EEDD1E779EED16867EFD16C62F0D1BF
:10C9B0006F4FF1D1A175F2D18A7FF3D10B6DF4D114
:10C9C0003396F5D1276CF6D1F04EF7D1D275F8D168
:10C9D0007B51F9D13768FAD13E6FFBD18090FCD101
:10C9E0007081FDD19659FED1767440D2388941D2FA
:10C9F000398942D23A8943D23B8944D23C8945D2D3
:10CA00003D8946D23E8947D23F8948D2408949D2A2
:10CA100042894AD243894BD245894CD246894DD26C
:10CA200047894ED248894FD2498950D24A8951D23A
:10CA30004B8952D24C8953D24D8954D24E8955D20A
:10CA40004F8956D2508957D2518958D2528959D2DA
:10CA500053895AD254895BD255895CD256895DD2AA
:10CA600057895ED258895FD2598960D25A8961D27A
:10CA70005B8962D25C8963D25D8964D2608965D248
:10CA8000618966D2628967D2638968D2648969D212
:10CA900065896AD267896BD268896CD269896DD2DF
:10CAA0006A896ED26B896FD26C8970D26D8971D2AE
:10CAB0006E8972D26F8973D2708974D2718975D27E
:10CAC000728976D2738977D2748978D2758979D24E
:10CAD00076897AD277897BD278897CD279897DD21E
:10CAE0007A897ED27C8980D27D8981D27E8982D2E8
:10CAF000808983D2828984D2848985D2858986D2AD
:10CB0000878987D2888988D2898989D28A898AD275
:10CB10008B898BD28C898CD28D898DD28E898ED245
:10CB20008F898FD2908990D2918991D2928992D215
:10CB3000938993D2948994D2958995D2968996D2E5
:10CB4000978997D2988998D2998999D29A899AD2B5
:10CB50009B899BD29C899CD29D899DD29E899ED285
:10CB60009F899FD2A089A0D2A189A1D24764A2D2D5
:10CB7000275CA3D26590A4D2917AA5D2238CA6D2A9
:10CB8000DA59A7D2AC54A8D20082A9D26F83AAD214
:10CB90008189ABD20080ACD23069ADD24E56AED2D4
:10CBA0003680AFD23772B0D2CE91B1D2B651B2D2B6
:10CBB0005F4EB3D27598B4D29663B5D21A4EB6D240
:10CBC000F653B7D2F366B8D24B81B9D21C59BAD258
:10CBD000B26DBBD2004EBCD2F958BDD23B53BED2CF
:10CBE000D663BFD2F194C0D29D4FC1D20A4FC2D2F8
:10CBF0006388C3D29098C4D23759C5D25790C6D251
:10CC0000FB79C7D2EA4EC8D2F080C9D29175CAD298
:10CC1000826CCBD29C5BCCD2E859CDD25D5FCED2B8
:10CC20000569CFD28186D0D21A50D1D2F25DD2D24C
:10CC3000594ED3D2E377D4D2E54ED5D27A82D6D22A
:10CC40009162D7D21366D8D29190D9D2795CDAD2D8
:10CC5000BF4EDBD2795FDCD2C681DDD23890DED226
:10CC60008480DFD2AB75E0D2A64EE1D2D488E2D286
:10CC70000F61E3D2C56BE4D2C65FE5D2494EE6D27E
:10CC8000CA76E7D2A26EE8D2E38BE9D2AE8BEAD2C3
:10CC90000A8CEBD2D18BECD2025FEDD2FC7FEED2CC
:10CCA000CC7FEFD2CE7EF0D23583F1D26B83F2D23D
:10CCB000E056F3D2B76BF4D2F397F5D23496F6D2AE
:10CCC000FB59F7D21F54F8D2F694F9D2EB6DFAD291
:10CCD000C55BFBD26E99FCD2395CFDD2155FFED2EA
:10CCE000909640D3A28941D3A38942D3A48943D348
:10CCF000A58944D3A68945D3A78946D3A88947D314
:10CD0000A98948D3AA8949D3AB894AD3AC894BD3E3
:10CD1000AD894CD3AE894DD3AF894ED3B0894FD3B3
:10CD2000B18950D3B28951D3B38952D3B48953D383
:10CD3000B58954D3B68955D3B78956D3B88957D353
:10CD4000B98958D3BA8959D3BB895AD3BC895BD323
:10CD5000BD895CD3BE895DD3BF895ED3C0895FD3F3
:10CD6000C38960D3CD8961D3D38962D3D48963D396
:10CD7000D58964D3D78965D3D88966D3D98967D350
:10CD8000DB8968D3DD8969D3DF896AD3E0896BD316
:10CD9000E1896CD3E2896DD3E4896ED3E7896FD3DF
:10CDA000E88970D3E98971D3EA8972D3EC8973D3A6
:10CDB000ED8974D3EE8975D3F08976D3F18977D371
:10CDC000F28978D3F48979D3F5897AD3F6897BD33C
:10CDD000F7897CD3F8897DD3F9897ED3FA8980D30A
:10CDE000FB8981D3FC8982D3FD8983D3FE8984D3D7
:10CDF000FF8985D3018A86D3028A87D3038A88D3A1
:10CE0000048A89D3058A8AD3068A8BD3088A8CD36D
:10CE1000098A8DD30A8A8ED30B8A8FD30C8A90D33A
:10CE20000D8A91D30E8A92D30F8A93D3108A94D30A
:10CE3000118A95D3128A96D3138A97D3148A98D3DA
:10CE4000158A99D3168A9AD3178A9BD3188A9CD3AA
:10CE5000198A9DD31A8A9ED31B8A9FD31C8AA0D37A
:10CE60001D8AA1D37053A2D3F182A3D3316AA4D374
:10CE7000745AA5D3709EA6D3945EA7D3287FA8D357
:10CE8000B983A9D32484AAD32584ABD36783ACD335
:10CE90004787ADD3CE8FAED3628DAFD3C876B0D334
:10CEA000715FB1D39698B2D36C78B3D32066B4D304
:10CEB000DF54B5D3E562B6D3634FB7D3C381B8D3DC
:10CEC000C875B9D3B85EBAD3CD96BBD30A8EBCD3DE
:10CED000F986BDD38F54BED3F36CBFD38C6DC0D352
:10CEE000386CC1D37F60C2D3C752C3D32875C4D3B3
:10CEF0007D5EC5D3184FC6D3A060C7D3E75FC8D344
:10CF0000245CC9D33175CAD3AE90CBD3C094CCD3F3
:10CF1000B972CDD3B96CCED3386ECFD34991D0D3BB
:10CF20000967D1D3CB53D2D3F353D3D3514FD4D3F7
:10CF3000C991D5D3F18BD6D3C853D7D37C5ED8D380
:10CF4000C28FD9D3E46DDAD38E4EDBD3C276DCD375
:10CF50008669DDD35E86DED31A61DFD30682E0D335
:10CF6000594FE1D3DE4FE2D33E90E3D37C9CE4D330
:10CF70000961E5D31D6EE6D3146EE7D38596E8D339
:10CF8000884EE9D3315AEAD3E896EBD30E4EECD370
:10CF90007F5CEDD3B979EED3875BEFD3ED8BF0D324
:10CFA000BD7FF1D38973F2D3DF57F3D38B82F4D3F0
:10CFB000C190F5D30154F6D34790F7D3BB55F8D3BE
:10CFC000EA5CF9D3A15FFAD30861FBD3326BFCD3DF
:10CFD000F172FDD3B280FED3898A40D41E8A41D437
:10CFE0001F8A42D4208A43D4218A44D4228A45D439
:10CFF000238A46D4248A47D4258A48D4268A49D409
:10D00000278A4AD4288A4BD4298A4CD42A8A4DD4D8
:10D010002B8A4ED42C8A4FD42D8A50D42E8A51D4A8
:10D020002F8A52D4308A53D4318A54D4328A55D478
:10D03000338A56D4348A57D4358A58D4368A59D448
:10D04000378A5AD4388A5BD4398A5CD43A8A5DD418
:10D050003B8A5ED43C8A5FD43D8A60D43F8A61D4E7
:10D06000408A62D4418A63D4428A64D4438A65D4B4
:10D07000448A66D4458A67D4468A68D4478A69D484
:10D08000498A6AD44A8A6BD44B8A6CD44C8A6DD450
:10D090004D8A6ED44E8A6FD44F8A70D4508A71D420
:10D0A000518A72D4528A73D4538A74D4548A75D4F0
:10D0B000558A76D4568A77D4578A78D4588A79D4C0
:10D0C000598A7AD45A8A7BD45B8A7CD45C8A7DD490
:10D0D0005D8A7ED45E8A80D45F8A81D4608A82D45D
:10D0E000618A83D4628A84D4638A85D4648A86D42C
:10D0F000658A87D4668A88D4678A89D4688A8AD4FC
:10D10000698A8BD46A8A8CD46B8A8DD46C8A8ED4CB
:10D110006D8A8FD46E8A90D46F8A91D4708A92D49B
:10D12000718A93D4728A94D4738A95D4748A96D46B
:10D13000758A97D4768A98D4778A99D4788A9AD43B
:10D140007A8A9BD47B8A9CD47C8A9DD47D8A9ED407
:10D150007E8A9FD47F8AA0D4808AA1D4746DA2D401
:10D16000D35BA3D4D588A4D48498A5D46B8CA6D43F
:10D170006D9AA7D4339EA8D40A6EA9D4A451AAD478
:10D180004351ABD4A357ACD48188ADD49F53AED414
:10D19000F463AFD4958FB0D4ED56B1D45854B2D413
:10D1A0000657B3D43F73B4D4906EB5D4187FB6D4B9
:10D1B000DC8FB7D4D182B8D43F61B9D42860BAD457
:10D1C0006296BBD4F066BCD4A67EBDD48A8DBED494
:10D1D000C38DBFD4A594C0D4B35CC1D4A47CC2D445
:10D1E0000867C3D4A660C4D40596C5D41880C6D435
:10D1F000914EC7D4E790C8D40053C9D46896CAD416
:10D200004151CBD4D08FCCD47485CDD45D91CED4C4
:10D210005566CFD4F597D0D4555BD1D41D53D2D415
:10D220003878D3D44267D4D43D68D5D4C954D6D441
:10D230007E70D7D4B05BD8D47D8FD9D48D51DAD459
:10D240002857DBD4B154DCD41265DDD48266DED439
:10D250005E8DDFD4438DE0D40F81E1D46C84E2D4C1
:10D260006D90E3D4DF7CE4D4FF51E5D4FB85E6D4B4
:10D27000A367E7D4E965E8D4A16FE9D4A486EAD42A
:10D28000818EEBD46A56ECD42090EDD48276EED425
:10D290007670EFD4E571F0D4238DF1D4E962F2D445
:10D2A0001952F3D4FD6CF4D43C8DF5D40E60F6D451
:10D2B0009E58F7D48E61F8D4FE66F9D4608DFAD406
:10D2C0004E62FBD4B355FCD4236EFDD42D67FED43F
:10D2D000678F40D5818A41D5828A42D5838A43D5DA
:10D2E000848A44D5858A45D5868A46D5878A47D596
:10D2F000888A48D58B8A49D58C8A4AD58D8A4BD560
:10D300008E8A4CD58F8A4DD5908A4ED5918A4FD52D
:10D31000928A50D5948A51D5958A52D5968A53D5FA
:10D32000978A54D5988A55D5998A56D59A8A57D5C9
:10D330009B8A58D59C8A59D59D8A5AD59E8A5BD599
:10D340009F8A5CD5A08A5DD5A18A5ED5A28A5FD569
:10D35000A38A60D5A48A61D5A58A62D5A68A63D539
:10D36000A78A64D5A88A65D5A98A66D5AA8A67D509
:10D37000AB8A68D5AC8A69D5AD8A6AD5AE8A6BD5D9
:10D38000AF8A6CD5B08A6DD5B18A6ED5B28A6FD5A9
:10D39000B38A70D5B48A71D5B58A72D5B68A73D579
:10D3A000B78A74D5B88A75D5B98A76D5BA8A77D549
:10D3B000BB8A78D5BC8A79D5BD8A7AD5BE8A7BD519
:10D3C000BF8A7CD5C08A7DD5C18A7ED5C28A80D5E8
:10D3D000C38A81D5C48A82D5C58A83D5C68A84D5B5
:10D3E000C78A85D5C88A86D5C98A87D5CA8A88D585
:10D3F000CB8A89D5CC8A8AD5CD8A8BD5CE8A8CD555
:10D40000CF8A8DD5D08A8ED5D18A8FD5D28A90D524
:10D41000D38A91D5D48A92D5D58A93D5D68A94D5F4
:10D42000D78A95D5D88A96D5D98A97D5DA8A98D5C4
:10D43000DB8A99D5DC8A9AD5DD8A9BD5DE8A9CD594
:10D44000DF8A9DD5E08A9ED5E18A9FD5E28AA0D564
:10D45000E38AA1D5E194A2D5F895A3D52877A4D5E0
:10D460000568A5D5A869A6D58B54A7D54D4EA8D5D6
:10D47000B870A9D5C88BAAD55864ABD58B65ACD587
:10D48000855BADD5847AAED53A50AFD5E85BB0D5E3
:10D49000BB77B1D5E16BB2D5798AB3D5987CB4D5D9
:10D4A000BE6CB5D5CF76B6D5A965B7D5978FB8D5AB
:10D4B0002D5DB9D5555CBAD53886BBD50868BCD5C5
:10D4C0006053BDD51862BED5D97ABFD55B6EC0D5C5
:10D4D000FD7EC1D51F6AC2D5E07AC3D5705FC4D5C1
:10D4E000336FC5D5205FC6D58C63C7D5A86DC8D5A9
:10D4F0005667C9D5084ECAD5105ECBD5268DCCD57A
:10D50000D74ECDD5C080CED53476CFD59C96D0D54C
:10D51000DB62D1D52D66D2D57E62D3D5BC6CD4D595
:10D52000758DD5D56771D6D5697FD7D54651D8D5F4
:10D530008780D9D5EC53DAD56E90DBD59862DCD5EF
:10D54000F254DDD5F086DED5998FDFD50580E0D5A4
:10D550001795E1D51785E2D5D98FE3D5596DE4D577
:10D56000CD73E5D59F65E6D51F77E7D50475E8D57A
:10D570002778E9D5FB81EAD51E8DEBD58894ECD5CB
:10D58000A64FEDD59567EED5B975EFD5CA8BF0D519
:10D590000797F1D52F63F2D54795F3D53596F4D596
:10D5A000B884F5D52363F6D54177F7D5815FF8D5F3
:10D5B000F072F9D5894EFAD51460FBD57465FCD5A7
:10D5C000EF62FDD5636BFED53F6540D6E48A41D658
:10D5D000E58A42D6E68A43D6E78A44D6E88A45D623
:10D5E000E98A46D6EA8A47D6EB8A48D6EC8A49D6F3
:10D5F000ED8A4AD6EE8A4BD6EF8A4CD6F08A4DD6C3
:10D60000F18A4ED6F28A4FD6F38A50D6F48A51D692
:10D61000F58A52D6F68A53D6F78A54D6F88A55D662
:10D62000F98A56D6FA8A57D6FB8A58D6FC8A59D632
:10D63000FD8A5AD6FE8A5BD6FF8A5CD6008B5DD601
:10D64000018B5ED6028B5FD6038B60D6048B61D6CE
:10D65000058B62D6068B63D6088B64D6098B65D69C
:10D660000A8B66D60B8B67D60C8B68D60D8B69D66A
:10D670000E8B6AD60F8B6BD6108B6CD6118B6DD63A
:10D68000128B6ED6138B6FD6148B70D6158B71D60A
:10D69000168B72D6178B73D6188B74D6198B75D6DA
:10D6A0001A8B76D61B8B77D61C8B78D61D8B79D6AA
:10D6B0001E8B7AD61F8B7BD6208B7CD6218B7DD67A
:10D6C000228B7ED6238B80D6248B81D6258B82D647
:10D6D000278B83D6288B84D6298B85D62A8B86D612
:10D6E0002B8B87D62C8B88D62D8B89D62E8B8AD6E2
:10D6F0002F8B8BD6308B8CD6318B8DD6328B8ED6B2
:10D70000338B8FD6348B90D6358B91D6368B92D681
:10D71000378B93D6388B94D6398B95D63A8B96D651
:10D720003B8B97D63C8B98D63D8B99D63E8B9AD621
:10D730003F8B9BD6408B9CD6418B9DD6428B9ED6F1
:10D74000438B9FD6448BA0D6458BA1D6275EA2D60D
:10D75000C775A3D6D190A4D6C18BA5D69D82A6D6D7
:10D760009D67A7D62F65A8D63154A9D61887AAD603
:10D77000E577ABD6A280ACD60281ADD6416CAED6F1
:10D780004B4EAFD6C77EB0D64C80B1D6F476B2D66B
:10D790000D69B3D6966BB4D66762B5D63C50B6D693
:10D7A000844FB7D64057B8D60763B9D6626BBAD69E
:10D7B000BE8DBBD6EA53BCD6E865BDD6B87EBED614
:10D7C000D75FBFD61A63C0D6B763C1D6F381C2D6BE
:10D7D000F481C3D66E7FC4D61C5EC5D6D95CC6D6CE
:10D7E0003652C7D67A66C8D6E979C9D61A7ACAD661
:10D7F000288DCBD69970CCD6D475CDD6DE6ECED64C
:10D80000BB6CCFD6927AD0D62D4ED1D6C576D2D695
:10D81000E05FD3D69F94D4D67788D5D6C87ED6D6A7
:10D82000CD79D7D6BF80D8D6CD91D9D6F24EDAD61B
:10D83000174FDBD61F82DCD66854DDD6DE5DDED620
:10D84000326DDFD6CC8BE0D6A57CE1D6748FE2D6E4
:10D850009880E3D61A5EE4D69254E5D6B176E6D641
:10D86000995BE7D63C66E8D6A49AE9D6E073EAD697
:10D870002A68EBD6DB86ECD63167EDD62A73EED676
:10D88000F88BEFD6DB8BF0D61090F1D6F97AF2D682
:10D89000DB70F3D66E71F4D6C462F5D6A977F6D6EE
:10D8A0003156F7D63B4EF8D65784F9D6F167FAD6FB
:10D8B000A952FBD6C086FCD62E8DFDD6F894FED696
:10D8C000517B40D7468B41D7478B42D7488B43D7B4
:10D8D000498B44D74A8B45D74B8B46D74C8B47D780
:10D8E0004D8B48D74E8B49D74F8B4AD7508B4BD750
:10D8F000518B4CD7528B4DD7538B4ED7548B4FD720
:10D90000558B50D7568B51D7578B52D7588B53D7EF
:10D91000598B54D75A8B55D75B8B56D75C8B57D7BF
:10D920005D8B58D75E8B59D75F8B5AD7608B5BD78F
:10D93000618B5CD7628B5DD7638B5ED7648B5FD75F
:10D94000658B60D7678B61D7688B62D7698B63D72C
:10D950006A8B64D76B8B65D76D8B66D76E8B67D7F9
:10D960006F8B68D7708B69D7718B6AD7728B6BD7C7
:10D97000738B6CD7748B6DD7758B6ED7768B6FD797
:10D98000778B70D7788B71D7798B72D77A8B73D767
:10D990007B8B74D77C8B75D77D8B76D77E8B77D737
:10D9A0007F8B78D7808B79D7818B7AD7828B7BD707
:10D9B000838B7CD7848B7DD7858B7ED7868B80D7D6
:10D9C000878B81D7888B82D7898B83D78A8B84D7A3
:10D9D0008B8B85D78C8B86D78D8B87D78E8B88D773
:10D9E0008F8B89D7908B8AD7918B8BD7928B8CD743
:10D9F000938B8DD7948B8ED7958B8FD7968B90D713
:10DA0000978B91D7988B92D7998B93D79A8B94D7E2
:10DA10009B8B95D79C8B96D79D8B97D79E8B98D7B2
:10DA20009F8B99D7AC8B9AD7B18B9BD7BB8B9CD74D
:10DA3000C78B9DD7D08B9ED7EA8B9FD7098CA0D759
:10DA40001E8CA1D74F4FA2D7E86CA3D75D79A4D77E
:10DA50007B9AA5D79362A6D72A72A7D7FD62A8D7CB
:10DA6000134EA9D71678AAD76C8FABD7B064ACD7B2
:10DA70005A8DADD7C67BAED76968AFD7845EB0D7B5
:10DA8000C588B1D78659B2D79E64B3D7EE58B4D7FC
:10DA9000B672B5D70E69B6D72595B7D7FD8FB8D76B
:10DAA000588DB9D76057BAD7007FBBD7068CBCD783
:10DAB000C651BDD74963BED7D962BFD75353C0D76C
:10DAC0004C68C1D72274C2D70183C3D74C91C4D745
:10DAD0004455C5D74077C6D77C70C7D74A6DC8D7DD
:10DAE0007951C9D7A854CAD7448DCBD7FF59CCD7C1
:10DAF000CB6ECDD7C46DCED75C5BCFD72B7DD0D7C7
:10DB0000D44ED1D77D7CD2D7D36ED3D7505BD4D768
:10DB1000EA81D5D70D6ED6D7575BD7D7039BD8D719
:10DB2000D568D9D72A8EDAD7975BDBD7FC7EDCD7CE
:10DB30003B60DDD7B57EDED7B990DFD7708DE0D7FB
:10DB40004F59E1D7CD63E2D7DF79E3D7B38DE4D77F
:10DB50005253E5D7CF65E6D75679E7D7C58BE8D7D7
:10DB60003B96E9D7C47EEAD7BB94EBD7827EECD74D
:10DB70003456EDD78991EED70067EFD76A7FF0D79B
:10DB80000A5CF1D77590F2D72866F3D7E65DF4D733
:10DB9000504FF5D7DE67F6D75A50F7D75C4FF8D716
:10DBA0005057F9D7A75E40D8388C41D8398C42D825
:10DBB0003A8C43D83B8C44D83C8C45D83D8C46D8D5
:10DBC0003E8C47D83F8C48D8408C49D8428C4AD8A4
:10DBD000438C4BD8448C4CD8458C4DD8488C4ED86F
:10DBE0004A8C4FD84B8C50D84D8C51D84E8C52D833
:10DBF0004F8C53D8508C54D8518C55D8528C56D801
:10DC0000538C57D8548C58D8568C59D8578C5AD8CE
:10DC1000588C5BD8598C5CD85B8C5DD85C8C5ED89A
:10DC20005D8C5FD85E8C60D85F8C61D8608C62D868
:10DC3000638C63D8648C64D8658C65D8668C66D830
:10DC4000678C67D8688C68D8698C69D86C8C6AD8FE
:10DC50006D8C6BD86E8C6CD86F8C6DD8708C6ED8C8
:10DC6000718C6FD8728C70D8748C71D8758C72D896
:10DC7000768C73D8778C74D87B8C75D87C8C76D85E
:10DC80007D8C77D87E8C78D87F8C79D8808C7AD828
:10DC9000818C7BD8838C7CD8848C7DD8868C7ED8F4
:10DCA000878C80D8888C81D88B8C82D88D8C83D8B7
:10DCB0008E8C84D88F8C85D8908C86D8918C87D880
:10DCC000928C88D8938C89D8958C8AD8968C8BD84E
:10DCD000978C8CD8998C8DD89A8C8ED89B8C8FD819
:10DCE0009C8C90D89D8C91D89E8C92D89F8C93D8E8
:10DCF000A08C94D8A18C95D8A28C96D8A38C97D8B8
:10DD0000A48C98D8A58C99D8A68C9AD8A78C9BD887
:10DD1000A88C9CD8A98C9DD8AA8C9ED8AB8C9FD857
:10DD2000AC8CA0D8AD8CA1D88D4EA2D80C4EA3D867
:10DD30004051A4D8104EA5D8FF5EA6D84553A7D809
:10DD4000154EA8D8984EA9D81E4EAAD8329BABD84B
:10DD50006C5BACD86956ADD8284EAED8BA79AFD87E
:10DD60003F4EB0D81553B1D8474EB2D82D59B3D87D
:10DD70003B72B4D86E53B5D8106CB6D8DF56B7D84E
:10DD8000E480B8D89799B9D8D36BBAD87E77BBD886
:10DD9000179FBCD8364EBDD89F4EBED8109FBFD857
:10DDA0005C4EC0D8694EC1D8934EC2D88882C3D8C1
:10DDB0005B5BC4D86C55C5D80F56C6D8C44EC7D8FF
:10DDC0008D53C8D89D53C9D8A353CAD8A553CBD80F
:10DDD000AE53CCD86597CDD85D8DCED81A53CFD859
:10DDE000F553D0D82653D1D82E53D2D83E53D3D8BA
:10DDF0005C8DD4D86653D5D86353D6D80252D7D8C1
:10DE00000852D8D80E52D9D82D52DAD83352DBD88E
:10DE10003F52DCD84052DDD84C52DED85E52DFD8BB
:10DE20006152E0D85C52E1D8AF84E2D87D52E3D8A9
:10DE30008252E4D88152E5D89052E6D89352E7D87E
:10DE40008251E8D8547FE9D8BB4EEAD8C34EEBD80C
:10DE5000C94EECD8C24EEDD8E84EEED8E14EEFD820
:10DE6000EB4EF0D8DE4EF1D81B4FF2D8F34EF3D87C
:10DE7000224FF4D8644FF5D8F54EF6D8254FF7D891
:10DE8000274FF8D8094FF9D82B4FFAD85E4FFBD857
:10DE9000674FFCD83865FDD85A4FFED85D4F40D942
:10DEA000AE8C41D9AF8C42D9B08C43D9B18C44D916
:10DEB000B28C45D9B38C46D9B48C47D9B58C48D9E6
:10DEC000B68C49D9B78C4AD9B88C4BD9B98C4CD9B6
:10DED000BA8C4DD9BB8C4ED9BC8C4FD9BD8C50D986
:10DEE000BE8C51D9BF8C52D9C08C53D9C18C54D956
:10DEF000C28C55D9C38C56D9C48C57D9C58C58D926
:10DF0000C68C59D9C78C5AD9C88C5BD9C98C5CD9F5
:10DF1000CA8C5DD9CB8C5ED9CC8C5FD9CD8C60D9C5
:10DF2000CE8C61D9CF8C62D9D08C63D9D18C64D995
:10DF3000D28C65D9D38C66D9D48C67D9D58C68D965
:10DF4000D68C69D9D78C6AD9D88C6BD9D98C6CD935
:10DF5000DA8C6DD9DB8C6ED9DC8C6FD9DD8C70D905
:10DF6000DE8C71D9DF8C72D9E08C73D9E18C74D9D5
:10DF7000E28C75D9E38C76D9E48C77D9E58C78D9A5
:10DF8000E68C79D9E78C7AD9E88C7BD9E98C7CD975
:10DF9000EA8C7DD9EB8C7ED9EC8C80D9ED8C81D943
:10DFA000EE8C82D9EF8C83D9F08C84D9F18C85D911
:10DFB000F28C86D9F38C87D9F48C88D9F58C89D9E1
:10DFC000F68C8AD9F78C8BD9F88C8CD9F98C8DD9B1
:10DFD000FA8C8ED9FB8C8FD9FC8C90D9FD8C91D981
:10DFE000FE8C92D9FF8C93D9008D94D9018D95D94F
:10DFF000028D96D9038D97D9048D98D9058D99D91D
:10E00000068D9AD9078D9BD9088D9CD9098D9DD9EC
:10E010000A8D9ED90B8D9FD90C8DA0D90D8DA1D9BC
:10E020005F4FA2D9574FA3D9324FA4D93D4FA5D99D
:10E03000764FA6D9744FA7D9914FA8D9894FA9D99E
:10E04000834FAAD98F4FABD97E4FACD97B4FADD977
:10E05000AA4FAED97C4FAFD9AC4FB0D9944FB1D9FC
:10E06000E64FB2D9E84FB3D9EA4FB4D9C54FB5D9C5
:10E07000DA4FB6D9E34FB7D9DC4FB8D9D14FB9D9B8
:10E08000DF4FBAD9F84FBBD92950BCD94C50BDD9B4
:10E09000F34FBED92C50BFD90F50C0D92E50C1D983
:10E0A0002D50C2D9FE4FC3D91C50C4D90C50C5D96C
:10E0B0002550C6D92850C7D97E50C8D94350C9D990
:10E0C0005550CAD94850CBD94E50CCD96C50CDD927
:10E0D0007B50CED9A550CFD9A750D0D9A950D1D9EE
:10E0E000BA50D2D9D650D3D90651D4D9ED50D5D9BA
:10E0F000EC50D6D9E650D7D9EE50D8D90751D9D956
:10E100000B51DAD9DD4EDBD93D6CDCD9584FDDD966
:10E11000654FDED9CE4FDFD9A09FE0D9466CE1D95B
:10E12000747CE2D96E51E3D9FD5DE4D9C99EE5D98D
:10E130009899E6D98151E7D91459E8D9F952E9D922
:10E140000D53EAD9078AEBD91053ECD9EB51EDD92D
:10E150001959EED95551EFD9A04EF0D95651F1D9F0
:10E16000B34EF2D96E88F3D9A488F4D9B54EF5D957
:10E170001481F6D9D288F7D98079F8D9345BF9D9E6
:10E180000388FAD9B87FFBD9AB51FCD9B151FDD97D
:10E19000BD51FED9BC5140DA0E8D41DA0F8D42DA05
:10E1A000108D43DA118D44DA128D45DA138D46DA7B
:10E1B000148D47DA158D48DA168D49DA178D4ADA4B
:10E1C000188D4BDA198D4CDA1A8D4DDA1B8D4EDA1B
:10E1D0001C8D4FDA208D50DA518D51DA528D52DA82
:10E1E000578D53DA5F8D54DA658D55DA688D56DABE
:10E1F000698D57DA6A8D58DA6C8D59DA6E8D5ADA74
:10E200006F8D5BDA718D5CDA728D5DDA788D5EDA36
:10E21000798D5FDA7A8D60DA7B8D61DA7C8D62DAF6
:10E220007D8D63DA7E8D64DA7F8D65DA808D66DAC6
:10E23000828D67DA838D68DA868D69DA878D6ADA8E
:10E24000888D6BDA898D6CDA8C8D6DDA8D8D6EDA56
:10E250008E8D6FDA8F8D70DA908D71DA928D72DA21
:10E26000938D73DA958D74DA968D75DA978D76DAEB
:10E27000988D77DA998D78DA9A8D79DA9B8D7ADABA
:10E280009C8D7BDA9D8D7CDA9E8D7DDAA08D7EDA89
:10E29000A18D80DAA28D81DAA48D82DAA58D83DA50
:10E2A000A68D84DAA78D85DAA88D86DAA98D87DA1E
:10E2B000AA8D88DAAB8D89DAAC8D8ADAAD8D8BDAEE
:10E2C000AE8D8CDAAF8D8DDAB08D8EDAB28D8FDABD
:10E2D000B68D90DAB78D91DAB98D92DABB8D93DA7B
:10E2E000BD8D94DAC08D95DAC18D96DAC28D97DA3C
:10E2F000C58D98DAC78D99DAC88D9ADAC98D9BDAFF
:10E30000CA8D9CDACD8D9DDAD08D9EDAD28D9FDAC2
:10E31000D38DA0DAD48DA1DAC751A2DA9651A3DA4F
:10E32000A251A4DAA551A5DAA08BA6DAA68BA7DAAA
:10E33000A78BA8DAAA8BA9DAB48BAADAB58BABDAE9
:10E34000B78BACDAC28BADDAC38BAEDACB8BAFDA7C
:10E35000CF8BB0DACE8BB1DAD28BB2DAD38BB3DA21
:10E36000D48BB4DAD68BB5DAD88BB6DAD98BB7DAE8
:10E37000DC8BB8DADF8BB9DAE08BBADAE48BBBDAA4
:10E38000E88BBCDAE98BBDDAEE8BBEDAF08BBFDA54
:10E39000F38BC0DAF68BC1DAF98BC2DAFC8BC3DA05
:10E3A000FF8BC4DA008CC5DA028CC6DA048CC7DABB
:10E3B000078CC8DA0C8CC9DA0F8CCADA118CCBDA6C
:10E3C000128CCCDA148CCDDA158CCEDA168CCFDA2E
:10E3D000198CD0DA1B8CD1DA188CD2DA1D8CD3DAF6
:10E3E0001F8CD4DA208CD5DA218CD6DA258CD7DABA
:10E3F000278CD8DA2A8CD9DA2B8CDADA2E8CDBDA75
:10E400002F8CDCDA328CDDDA338CDEDA358CDFDA35
:10E41000368CE0DA6953E1DA7A53E2DA1D96E3DA10
:10E420002296E4DA2196E5DA3196E6DA2A96E7DAF8
:10E430003D96E8DA3C96E9DA4296EADA4996EBDA72
:10E440005496ECDA5F96EDDA6796EEDA6C96EFDAD0
:10E450007296F0DA7496F1DA8896F2DA8D96F3DA3B
:10E460009796F4DAB096F5DA9790F6DA9B90F7DAA9
:10E470009D90F8DA9990F9DAAC90FADAA190FBDA8B
:10E48000B490FCDAB390FDDAB690FEDABA9040DBD5
:10E49000D58D41DBD88D42DBD98D43DBDC8D44DB70
:10E4A000E08D45DBE18D46DBE28D47DBE58D48DB2A
:10E4B000E68D49DBE78D4ADBE98D4BDBED8D4CDBEF
:10E4C000EE8D4DDBF08D4EDBF18D4FDBF28D50DBB1
:10E4D000F48D51DBF68D52DBFC8D53DBFE8D54DB6E
:10E4E000FF8D55DB008E56DB018E57DB028E58DB2D
:10E4F000038E59DB048E5ADB068E5BDB078E5CDBFA
:10E50000088E5DDB0B8E5EDB0D8E5FDB0E8E60DBBF
:10E51000108E61DB118E62DB128E63DB138E64DB87
:10E52000158E65DB168E66DB178E67DB188E68DB53
:10E53000198E69DB1A8E6ADB1B8E6BDB1C8E6CDB23
:10E54000208E6DDB218E6EDB248E6FDB258E70DBE3
:10E55000268E71DB278E72DB288E73DB2B8E74DBAD
:10E560002D8E75DB308E76DB328E77DB338E78DB6B
:10E57000348E79DB368E7ADB378E7BDB388E7CDB34
:10E580003B8E7DDB3C8E7EDB3E8E80DB3F8E81DBF7
:10E59000438E82DB458E83DB468E84DB4C8E85DBAF
:10E5A0004D8E86DB4E8E87DB4F8E88DB508E89DB6F
:10E5B000538E8ADB548E8BDB558E8CDB568E8DDB37
:10E5C000578E8EDB588E8FDB5A8E90DB5B8E91DB05
:10E5D0005C8E92DB5D8E93DB5E8E94DB5F8E95DBD3
:10E5E000608E96DB618E97DB628E98DB638E99DBA3
:10E5F000648E9ADB658E9BDB678E9CDB688E9DDB71
:10E600006A8E9EDB6B8E9FDB6E8EA0DB718EA1DB34
:10E61000B890A2DBB090A3DBCF90A4DBC590A5DBC4
:10E62000BE90A6DBD090A7DBC490A8DBC790A9DB87
:10E63000D390AADBE690ABDBE290ACDBDC90ADDB09
:10E64000D790AEDBDB90AFDBEB90B0DBEF90B1DBD4
:10E65000FE90B2DB0491B3DB2291B4DB1E91B5DBFB
:10E660002391B6DB3191B7DB2F91B8DB3991B9DB60
:10E670004391BADB4691BBDB0D52BCDB4259BDDB9B
:10E68000A252BEDBAC52BFDBAD52C0DBBE52C1DB1F
:10E69000FF54C2DBD052C3DBD652C4DBF052C5DB21
:10E6A000DF53C6DBEE71C7DBCD77C8DBF45EC9DBB9
:10E6B000F551CADBFC51CBDB2F9BCCDBB653CDDB5A
:10E6C000015FCEDB5A75CFDBEF5DD0DB4C57D1DB82
:10E6D000A957D2DBA157D3DB7E58D4DBBC58D5DB9E
:10E6E000C558D6DBD158D7DB2957D8DB2C57D9DB17
:10E6F0002A57DADB3357DBDB3957DCDB2E57DDDB20
:10E700002F57DEDB5C57DFDB3B57E0DB4257E1DBBB
:10E710006957E2DB8557E3DB6B57E4DB8657E5DBC4
:10E720007C57E6DB7B57E7DB6857E8DB6D57E9DBB7
:10E730007657EADB7357EBDBAD57ECDBA457EDDB29
:10E740008C57EEDBB257EFDBCF57F0DBA757F1DB8F
:10E75000B457F2DB9357F3DBA057F4DBD557F5DB67
:10E76000D857F6DBDA57F7DBD957F8DBD257F9DBA6
:10E77000B857FADBF457FBDBEF57FCDBF857FDDB50
:10E78000E457FEDBDD5740DC738E41DC758E42DCE6
:10E79000778E43DC788E44DC798E45DC7A8E46DCDD
:10E7A0007B8E47DC7D8E48DC7E8E49DC808E4ADCA9
:10E7B000828E4BDC838E4CDC848E4DDC868E4EDC70
:10E7C000888E4FDC898E50DC8A8E51DC8B8E52DC39
:10E7D0008C8E53DC8D8E54DC8E8E55DC918E56DC07
:10E7E000928E57DC938E58DC958E59DC968E5ADCCF
:10E7F000978E5BDC988E5CDC998E5DDC9A8E5EDC9D
:10E800009B8E5FDC9D8E60DC9F8E61DCA08E62DC67
:10E81000A18E63DCA28E64DCA38E65DCA48E66DC34
:10E82000A58E67DCA68E68DCA78E69DCA88E6ADC04
:10E83000A98E6BDCAA8E6CDCAD8E6DDCAE8E6EDCD0
:10E84000B08E6FDCB18E70DCB38E71DCB48E72DC96
:10E85000B58E73DCB68E74DCB78E75DCB88E76DC64
:10E86000B98E77DCBB8E78DCBC8E79DCBD8E7ADC31
:10E87000BE8E7BDCBF8E7CDCC08E7DDCC18E7EDC00
:10E88000C28E80DCC38E81DCC48E82DCC58E83DCCC
:10E89000C68E84DCC78E85DCC88E86DCC98E87DC9C
:10E8A000CA8E88DCCB8E89DCCC8E8ADCCD8E8BDC6C
:10E8B000CF8E8CDCD08E8DDCD18E8EDCD28E8FDC38
:10E8C000D38E90DCD48E91DCD58E92DCD68E93DC08
:10E8D000D78E94DCD88E95DCD98E96DCDA8E97DCD8
:10E8E000DB8E98DCDC8E99DCDD8E9ADCDE8E9BDCA8
:10E8F000DF8E9CDCE08E9DDCE18E9EDCE28E9FDC78
:10E90000E38EA0DCE48EA1DC0B58A2DC0D58A3DC66
:10E91000FD57A4DCED57A5DC0058A6DC1E58A7DC8B
:10E920001958A8DC4458A9DC2058AADC6558ABDC8F
:10E930006C58ACDC8158ADDC8958AEDC9A58AFDC41
:10E940008058B0DCA899B1DC199FB2DCFF61B3DC60
:10E950007982B4DC7D82B5DC7F82B6DC8F82B7DC65
:10E960008A82B8DCA882B9DC8482BADC8E82BBDC05
:10E970009182BCDC9782BDDC9982BEDCAB82BFDCBD
:10E98000B882C0DCBE82C1DCB082C2DCC882C3DC1B
:10E99000CA82C4DCE382C5DC9882C6DCB782C7DCED
:10E9A000AE82C8DCCB82C9DCCC82CADCC182CBDCC3
:10E9B000A982CCDCB482CDDCA182CEDCAA82CFDC01
:10E9C0009F82D0DCC482D1DCCE82D2DCA482D3DCB4
:10E9D000E182D4DC0983D5DCF782D6DCE482D7DCA3
:10E9E0000F83D8DC0783D9DCDC82DADCF482DBDC61
:10E9F000D282DCDCD882DDDC0C83DEDCFB82DFDC77
:10EA0000D382E0DC1183E1DC1A83E2DC0683E3DC01
:10EA10001483E4DC1583E5DCE082E6DCD582E7DC08
:10EA20001C83E8DC5183E9DC5B83EADC5C83EBDCA0
:10EA30000883ECDC9283EDDC3C83EEDC3483EFDC9A
:10EA40003183F0DC9B83F1DC5E83F2DC2F83F3DC2B
:10EA50004F83F4DC4783F5DC4383F6DC5F83F7DC2C
:10EA60004083F8DC1783F9DC6083FADC2D83FBDC60
:10EA70003A83FCDC3383FDDC6683FEDC658340DDAA
:10EA8000E58E41DDE68E42DDE78E43DDE88E44DD36
:10EA9000E98E45DDEA8E46DDEB8E47DDEC8E48DD06
:10EAA000ED8E49DDEE8E4ADDEF8E4BDDF08E4CDDD6
:10EAB000F18E4DDDF28E4EDDF38E4FDDF48E50DDA6
:10EAC000F58E51DDF68E52DDF78E53DDF88E54DD76
:10EAD000F98E55DDFA8E56DDFB8E57DDFC8E58DD46
:10EAE000FD8E59DDFE8E5ADDFF8E5BDD008F5CDD15
:10EAF000018F5DDD028F5EDD038F5FDD048F60DDE2
:10EB0000058F61DD068F62DD078F63DD088F64DDB1
:10EB1000098F65DD0A8F66DD0B8F67DD0C8F68DD81
:10EB20000D8F69DD0E8F6ADD0F8F6BDD108F6CDD51
:10EB3000118F6DDD128F6EDD138F6FDD148F70DD21
:10EB4000158F71DD168F72DD178F73DD188F74DDF1
:10EB5000198F75DD1A8F76DD1B8F77DD1C8F78DDC1
:10EB60001D8F79DD1E8F7ADD1F8F7BDD208F7CDD91
:10EB7000218F7DDD228F7EDD238F80DD248F81DD5F
:10EB8000258F82DD268F83DD278F84DD288F85DD2D
:10EB9000298F86DD2A8F87DD2B8F88DD2C8F89DDFD
:10EBA0002D8F8ADD2E8F8BDD2F8F8CDD308F8DDDCD
:10EBB000318F8EDD328F8FDD338F90DD348F91DD9D
:10EBC000358F92DD368F93DD378F94DD388F95DD6D
:10EBD000398F96DD3A8F97DD3B8F98DD3C8F99DD3D
:10EBE0003D8F9ADD3E8F9BDD3F8F9CDD408F9DDD0D
:10EBF000418F9EDD428F9FDD438FA0DD448FA1DDDD
:10EC00006883A2DD1B83A3DD6983A4DD6C83A5DD9E
:10EC10006A83A6DD6D83A7DD6E83A8DDB083A9DDE1
:10EC20007883AADDB383ABDDB483ACDDA083ADDD37
:10EC3000AA83AEDD9383AFDD9C83B0DD8583B1DD38
:10EC40007C83B2DDB683B3DDA983B4DD7D83B5DD1E
:10EC5000B883B6DD7B83B7DD9883B8DD9E83B9DDED
:10EC6000A883BADDBA83BBDDBC83BCDDC183BDDD57
:10EC70000184BEDDE583BFDDD883C0DD0758C1DD7B
:10EC80001884C2DD0B84C3DDDD83C4DDFD83C5DDF7
:10EC9000D683C6DD1C84C7DD3884C8DD1184C9DD98
:10ECA0000684CADDD483CBDDDF83CCDD0F84CDDDEC
:10ECB0000384CEDDF883CFDDF983D0DDEA83D1DDB7
:10ECC000C583D2DDC083D3DD2684D4DDF083D5DDDA
:10ECD000E183D6DD5C84D7DD5184D8DD5A84D9DD6B
:10ECE0005984DADD7384DBDD8784DCDD8884DDDD57
:10ECF0007A84DEDD8984DFDD7884E0DD3C84E1DD5B
:10ED00004684E2DD6984E3DD7684E4DD8C84E5DD40
:10ED10008E84E6DD3184E7DD6D84E8DDC184E9DDE4
:10ED2000CD84EADDD084EBDDE684ECDDBD84EDDD71
:10ED3000D384EEDDCA84EFDDBF84F0DDBA84F1DD7B
:10ED4000E084F2DDA184F3DDB984F4DDB484F5DD83
:10ED50009784F6DDE584F7DDE384F8DD0C85F9DDE5
:10ED60000D75FADD3885FBDDF084FCDD3985FDDDD0
:10ED70001F85FEDD3A8540DE458F41DE468F42DE4F
:10ED8000478F43DE488F44DE498F45DE4A8F46DE9B
:10ED90004B8F47DE4C8F48DE4D8F49DE4E8F4ADE6B
:10EDA0004F8F4BDE508F4CDE518F4DDE528F4EDE3B
:10EDB000538F4FDE548F50DE558F51DE568F52DE0B
:10EDC000578F53DE588F54DE598F55DE5A8F56DEDB
:10EDD0005B8F57DE5C8F58DE5D8F59DE5E8F5ADEAB
:10EDE0005F8F5BDE608F5CDE618F5DDE628F5EDE7B
:10EDF000638F5FDE648F60DE658F61DE6A8F62DE47
:10EE0000808F63DE8C8F64DE928F65DE9D8F66DE81
:10EE1000A08F67DEA18F68DEA28F69DEA48F6ADE15
:10EE2000A58F6BDEA68F6CDEA78F6DDEAA8F6EDEE0
:10EE3000AC8F6FDEAD8F70DEAE8F71DEAF8F72DEA6
:10EE4000B28F73DEB38F74DEB48F75DEB58F76DE6E
:10EE5000B78F77DEB88F78DEBA8F79DEBB8F7ADE38
:10EE6000BC8F7BDEBF8F7CDEC08F7DDEC38F7EDEFE
:10EE7000C68F80DEC98F81DECA8F82DECB8F83DEB4
:10EE8000CC8F84DECD8F85DECF8F86DED28F87DE7E
:10EE9000D68F88DED78F89DEDA8F8ADEE08F8BDE31
:10EEA000E18F8CDEE38F8DDEE78F8EDEEC8F8FDEE1
:10EEB000EF8F90DEF18F91DEF28F92DEF48F93DE92
:10EEC000F58F94DEF68F95DEFA8F96DEFB8F97DE58
:10EED000FC8F98DEFE8F99DEFF8F9ADE07909BDE17
:10EEE00008909CDE0C909DDE0E909EDE13909FDEBF
:10EEF0001590A0DE1890A1DE5685A2DE3B85A3DE2C
:10EF0000FF84A4DEFC84A5DE5985A6DE4885A7DE45
:10EF10006885A8DE6485A9DE5E85AADE7A85ABDE1B
:10EF2000A277ACDE4385ADDE7285AEDE7B85AFDEDB
:10EF3000A485B0DEA885B1DE8785B2DE8F85B3DE1D
:10EF40007985B4DEAE85B5DE9C85B6DE8585B7DE17
:10EF5000B985B8DEB785B9DEB085BADED385BBDE4C
:10EF6000C185BCDEDC85BDDEFF85BEDE2786BFDE5B
:10EF70000586C0DE2986C1DE1686C2DE3C86C3DE7B
:10EF8000FE5EC4DE085FC5DE3C59C6DE4159C7DE01
:10EF90003780C8DE5559C9DE5A59CADE5859CBDE0A
:10EFA0000F53CCDE225CCDDE255CCEDE2C5CCFDECA
:10EFB000345CD0DE4C62D1DE6A62D2DE9F62D3DE88
:10EFC000BB62D4DECA62D5DEDA62D6DED762D7DEB5
:10EFD000EE62D8DE2263D9DEF662DADE3963DBDE8A
:10EFE0004B63DCDE4363DDDEAD63DEDEF663DFDE76
:10EFF0007163E0DE7A63E1DE8E63E2DEB463E3DE5A
:10F000006D63E4DEAC63E5DE8A63E6DE6963E7DE5A
:10F01000AE63E8DEBC63E9DEF263EADEF863EBDEF2
:10F02000E063ECDEFF63EDDEC463EEDEDE63EFDEA5
:10F03000CE63F0DE5264F1DEC663F2DEBE63F3DE61
:10F040004564F4DE4164F5DE0B64F6DE1B64F7DE36
:10F050002064F8DE0C64F9DE2664FADE2164FBDE4F
:10F060005E64FCDE8464FDDE6D64FEDE966440DF7B
:10F07000199041DF1C9042DF239043DF249044DF4E
:10F08000259045DF279046DF289047DF299048DF0D
:10F090002A9049DF2B904ADF2C904BDF30904CDFD9
:10F0A00031904DDF32904EDF33904FDF349050DFA0
:10F0B000379051DF399052DF3A9053DF3D9054DF63
:10F0C0003F9055DF409056DF439057DF459058DF23
:10F0D000469059DF48905ADF49905BDF4A905CDFE9
:10F0E0004B905DDF4C905EDF4E905FDF549060DFB1
:10F0F000559061DF569062DF599063DF5A9064DF6C
:10F100005C9065DF5D9066DF5E9067DF5F9068DF33
:10F11000609069DF61906ADF64906BDF66906CDFFE
:10F1200067906DDF69906EDF6A906FDF6B9070DFC4
:10F130006C9071DF6F9072DF709073DF719074DF8D
:10F14000729075DF739076DF769077DF779078DF57
:10F15000789079DF79907ADF7A907BDF7B907CDF23
:10F160007C907DDF7E907EDF819080DF849081DFE8
:10F17000859082DF869083DF879084DF899085DFAA
:10F180008A9086DF8C9087DF8D9088DF8E9089DF74
:10F190008F908ADF90908BDF92908CDF94908DDF40
:10F1A00096908EDF98908FDF9A9090DF9C9091DF01
:10F1B0009E9092DF9F9093DFA09094DFA49095DFC4
:10F1C000A59096DFA79097DFA89098DFA99099DF88
:10F1D000AB909ADFAD909BDFB2909CDFB7909DDF44
:10F1E000BC909EDFBD909FDFBF90A0DFC090A1DFED
:10F1F0007A64A2DFB764A3DFB864A4DF9964A5DFF3
:10F20000BA64A6DFC064A7DFD064A8DFD764A9DF33
:10F21000E464AADFE264ABDF0965ACDF2565ADDF3E
:10F220002E65AEDF0B5FAFDFD25FB0DF1975B1DFE8
:10F23000115FB2DF5F53B3DFF153B4DFFD53B5DFCE
:10F24000E953B6DFE853B7DFFB53B8DF1254B9DF39
:10F250001654BADF0654BBDF4B54BCDF5254BDDF3B
:10F260005354BEDF5454BFDF5654C0DF4354C1DF94
:10F270002154C2DF5754C3DF5954C4DF2354C5DFC0
:10F280003254C6DF8254C7DF9454C8DF7754C9DFD5
:10F290007154CADF6454CBDF9A54CCDF9B54CDDF6A
:10F2A0008454CEDF7654CFDF6654D0DF9D54D1DF57
:10F2B000D054D2DFAD54D3DFC254D4DFB454D5DF41
:10F2C000D254D6DFA754D7DFA654D8DFD354D9DF22
:10F2D000D454DADF7254DBDFA354DCDFD554DDDF36
:10F2E000BB54DEDFBF54DFDFCC54E0DFD954E1DFB5
:10F2F000DA54E2DFDC54E3DFA954E4DFAA54E5DFAB
:10F30000A454E6DFDD54E7DFCF54E8DFDE54E9DF65
:10F310001B55EADFE754EBDF2055ECDFFD54EDDF52
:10F320001455EEDFF354EFDF2255F0DF2355F1DF04
:10F330000F55F2DF1155F3DF2755F4DF2A55F5DFBE
:10F340006755F6DF8F55F7DFB555F8DF4955F9DF1B
:10F350006D55FADF4155FBDF5555FCDF3F55FDDFAD
:10F360005055FEDF3C5540E0C29041E0C39042E082
:10F37000C69043E0C89044E0C99045E0CB9046E099
:10F38000CC9047E0CD9048E0D29049E0D4904AE05C
:10F39000D5904BE0D6904CE0D8904DE0D9904EE01F
:10F3A000DA904FE0DE9050E0DF9051E0E09052E0E4
:10F3B000E39053E0E49054E0E59055E0E99056E0A6
:10F3C000EA9057E0EC9058E0EE9059E0F0905AE067
:10F3D000F1905BE0F2905CE0F3905DE0F5905EE030
:10F3E000F6905FE0F79060E0F99061E0FA9062E0FB
:10F3F000FB9063E0FC9064E0FF9065E0009166E0C4
:10F40000019167E0039168E0059169E006916AE087
:10F4100007916BE008916CE009916DE00A916EE054
:10F420000B916FE00C9170E00D9171E00E9172E024
:10F430000F9173E0109174E0119175E0129176E0F4
:10F44000139177E0149178E0159179E016917AE0C4
:10F4500017917BE018917CE01A917DE01B917EE092
:10F460001C9180E01D9181E01F9182E0209183E05A
:10F47000219184E0249185E0259186E0269187E022
:10F48000279188E0289189E029918AE02A918BE0F0
:10F490002B918CE02C918DE02D918EE02E918FE0C0
:10F4A000309190E0329191E0339192E0349193E089
:10F4B000359194E0369195E0379196E0389197E058
:10F4C0003A9198E03B9199E03C919AE03D919BE024
:10F4D0003E919CE03F919DE040919EE041919FE0F4
:10F4E0004291A0E04491A1E03755A2E05655A3E037
:10F4F0007555A4E07655A5E07755A6E03355A7E00D
:10F500003055A8E05C55A9E08B55AAE0D255ABE098
:10F510008355ACE0B155ADE0B955AEE08855AFE0EC
:10F520008155B0E09F55B1E07E55B2E0D655B3E0CD
:10F530009155B4E07B55B5E0DF55B6E0BD55B7E079
:10F54000BE55B8E09455B9E09955BAE0EA55BBE02C
:10F55000F755BCE0C955BDE01F56BEE0D155BFE030
:10F56000EB55C0E0EC55C1E0D455C2E0E655C3E030
:10F57000DD55C4E0C455C5E0EF55C6E0E555C7E02C
:10F58000F255C8E0F355C9E0CC55CAE0CD55CBE003
:10F59000E855CCE0F555CDE0E455CEE0948FCFE0D2
:10F5A0001E56D0E00856D1E00C56D2E00156D3E00A
:10F5B0002456D4E02356D5E0FE55D6E00056D7E0D9
:10F5C0002756D8E02D56D9E05856DAE03956DBE018
:10F5D0005756DCE02C56DDE04D56DEE06256DFE0AB
:10F5E0005956E0E05C56E1E04C56E2E05456E3E068
:10F5F0008656E4E06456E5E07156E6E06B56E7E0D7
:10F600007B56E8E07C56E9E08556EAE09356EBE06D
:10F61000AF56ECE0D456EDE0D756EEE0DD56EFE025
:10F62000E156F0E0F556F1E0EB56F2E0F956F3E082
:10F63000FF56F4E00457F5E00A57F6E00957F7E003
:10F640001C57F8E00F5EF9E0195EFAE0145EFBE08B
:10F65000115EFCE0315EFDE03B5EFEE03C5E40E1C1
:10F66000459141E1479142E1489143E1519144E1A3
:10F67000539145E1549146E1559147E1569148E156
:10F68000589149E159914AE15B914BE15C914CE120
:10F690005F914DE160914EE166914FE1679150E1DC
:10F6A000689151E16B9152E16D9153E1739154E195
:10F6B0007A9155E17B9156E17C9157E1809158E137
:10F6C000819159E182915AE183915BE184915CE1FE
:10F6D00086915DE188915EE18A915FE18E9160E1C2
:10F6E0008F9161E1939162E1949163E1959164E17D
:10F6F000969165E1979166E1989167E1999168E14A
:10F700009C9169E19D916AE19E916BE19F916CE111
:10F71000A0916DE1A1916EE1A4916FE1A59170E1DD
:10F72000A69171E1A79172E1A89173E1A99174E1A9
:10F73000AB9175E1AC9176E1B09177E1B19178E16F
:10F74000B29179E1B3917AE1B6917BE1B7917CE135
:10F75000B8917DE1B9917EE1BB9180E1BC9181E1FD
:10F76000BD9182E1BE9183E1BF9184E1C09185E1C9
:10F77000C19186E1C29187E1C39188E1C49189E199
:10F78000C5918AE1C6918BE1C8918CE1CB918DE165
:10F79000D0918EE1D2918FE1D39190E1D49191E11A
:10F7A000D59192E1D69193E1D79194E1D89195E1E9
:10F7B000D99196E1DA9197E1DB9198E1DD9199E1B8
:10F7C000DE919AE1DF919BE1E0919CE1E1919DE185
:10F7D000E2919EE1E3919FE1E491A0E1E591A1E155
:10F7E000375EA2E1445EA3E1545EA4E15B5EA5E165
:10F7F0005E5EA6E1615EA7E18C5CA8E17A5CA9E1AE
:10F800008D5CAAE1905CABE1965CACE1885CADE11B
:10F81000985CAEE1995CAFE1915CB0E19A5CB1E1DA
:10F820009C5CB2E1B55CB3E1A25CB4E1BD5CB5E166
:10F83000AC5CB6E1AB5CB7E1B15CB8E1A35CB9E14B
:10F84000C15CBAE1B75CBBE1C45CBCE1D25CBDE1C8
:10F85000E45CBEE1CB5CBFE1E55CC0E1025DC1E11F
:10F86000035DC2E1275DC3E1265DC4E12E5DC5E114
:10F87000245DC6E11E5DC7E1065DC8E11B5DC9E10F
:10F88000585DCAE13E5DCBE1345DCCE13D5DCDE14B
:10F890006C5DCEE15B5DCFE16F5DD0E15D5DD1E19F
:10F8A0006B5DD2E14B5DD3E14A5DD4E1695DD5E1A9
:10F8B000745DD6E1825DD7E1995DD8E19D5DD9E1C6
:10F8C000738CDAE1B75DDBE1C55DDCE1735FDDE13F
:10F8D000775FDEE1825FDFE1875FE0E1895FE1E1A1
:10F8E0008C5FE2E1955FE3E1995FE4E19C5FE5E134
:10F8F000A85FE6E1AD5FE7E1B55FE8E1BC5FE9E1A4
:10F900006288EAE1615FEBE1AD72ECE1B072EDE1DA
:10F91000B472EEE1B772EFE1B872F0E1C372F1E1F7
:10F92000C172F2E1CE72F3E1CD72F4E1D272F5E18F
:10F93000E872F6E1EF72F7E1E972F8E1F272F9E1EB
:10F94000F472FAE1F772FBE10173FCE1F372FDE19D
:10F950000373FEE1FA7240E2E69141E2E79142E28E
:10F96000E89143E2E99144E2EA9145E2EB9146E213
:10F97000EC9147E2ED9148E2EE9149E2EF914AE2E3
:10F98000F0914BE2F1914CE2F2914DE2F3914EE2B3
:10F99000F4914FE2F59150E2F69151E2F79152E283
:10F9A000F89153E2F99154E2FA9155E2FB9156E253
:10F9B000FC9157E2FD9158E2FE9159E2FF915AE223
:10F9C00000925BE201925CE202925DE203925EE2EF
:10F9D00004925FE2059260E2069261E2079262E2BF
:10F9E000089263E2099264E20A9265E20B9266E28F
:10F9F0000C9267E20D9268E20E9269E20F926AE25F
:10FA000010926BE211926CE212926DE213926EE22E
:10FA100014926FE2159270E2169271E2179272E2FE
:10FA2000189273E2199274E21A9275E21B9276E2CE
:10FA30001C9277E21D9278E21E9279E21F927AE29E
:10FA400020927BE221927CE222927DE223927EE26E
:10FA5000249280E2259281E2269282E2279283E23A
:10FA6000289284E2299285E22A9286E22B9287E20A
:10FA70002C9288E22D9289E22E928AE22F928BE2DA
:10FA800030928CE231928DE232928EE233928FE2AA
:10FA9000349290E2359291E2369292E2379293E27A
:10FAA000389294E2399295E23A9296E23B9297E24A
:10FAB0003C9298E23D9299E23E929AE23F929BE21A
:10FAC00040929CE241929DE242929EE243929FE2EA
:10FAD0004492A0E24592A1E2FB72A2E21773A3E274
:10FAE0001373A4E22173A5E20A73A6E21E73A7E2D0
:10FAF0001D73A8E21573A9E22273AAE23973ABE27F
:10FB00002573ACE22C73ADE23873AEE23173AFE231
:10FB10005073B0E24D73B1E25773B2E26073B3E277
:10FB20006C73B4E26F73B5E27E73B6E21B82B7E228
:10FB30002559B8E2E798B9E22459BAE20259BBE282
:10FB40006399BCE26799BDE26899BEE26999BFE238
:10FB50006A99C0E26B99C1E26C99C2E27499C3E2FE
:10FB60007799C4E27D99C5E28099C6E28499C7E29B
:10FB70008799C8E28A99C9E28D99CAE29099CBE245
:10FB80009199CCE29399CDE29499CEE29599CFE206
:10FB9000805ED0E2915ED1E28B5ED2E2965ED3E2ED
:10FBA000A55ED4E2A05ED5E2B95ED6E2B55ED7E24C
:10FBB000BE5ED8E2B35ED9E2538DDAE2D25EDBE21A
:10FBC000D15EDCE2DB5EDDE2E85EDEE2EA5EDFE241
:10FBD000BA81E0E2C45FE1E2C95FE2E2D65FE3E25C
:10FBE000CF5FE4E20360E5E2EE5FE6E20460E7E2B5
:10FBF000E15FE8E2E45FE9E2FE5FEAE20560EBE292
:10FC00000660ECE2EA5FEDE2ED5FEEE2F85FEFE264
:10FC10001960F0E23560F1E22660F2E21B60F3E287
:10FC20000F60F4E20D60F5E22960F6E22B60F7E286
:10FC30000A60F8E23F60F9E22160FAE27860FBE2F4
:10FC40007960FCE27B60FDE27A60FEE2426040E3C4
:10FC5000469241E3479242E3489243E3499244E3A8
:10FC60004A9245E34B9246E34C9247E34D9248E378
:10FC70004E9249E34F924AE350924BE351924CE348
:10FC800052924DE353924EE354924FE3559250E318
:10FC9000569251E3579252E3589253E3599254E3E8
:10FCA0005A9255E35B9256E35C9257E35D9258E3B8
:10FCB0005E9259E35F925AE360925BE361925CE388
:10FCC00062925DE363925EE364925FE3659260E358
:10FCD000669261E3679262E3689263E3699264E328
:10FCE0006A9265E36B9266E36C9267E36D9268E3F8
:10FCF0006E9269E36F926AE370926BE371926CE3C8
:10FD000072926DE373926EE375926FE3769270E395
:10FD1000779271E3789272E3799273E37A9274E363
:10FD20007B9275E37C9276E37D9277E37E9278E333
:10FD30007F9279E380927AE381927BE382927CE303
:10FD400083927DE384927EE3859280E3869281E3D1
:10FD5000879282E3889283E3899284E38A9285E39F
:10FD60008B9286E38C9287E38D9288E38F9289E36E
:10FD700090928AE391928BE392928CE393928DE33B
:10FD800094928EE395928FE3969290E3979291E30B
:10FD9000989292E3999293E39A9294E39B9295E3DB
:10FDA0009C9296E39D9297E39E9298E39F9299E3AB
:10FDB000A0929AE3A1929BE3A2929CE3A3929DE37B
:10FDC000A4929EE3A5929FE3A692A0E3A792A1E34B
:10FDD0006A60A2E37D60A3E39660A4E39A60A5E372
:10FDE000AD60A6E39D60A7E38360A8E39260A9E30A
:10FDF0008C60AAE39B60ABE3EC60ACE3BB60ADE37B
:10FE0000B160AEE3DD60AFE3D860B0E3C660B1E3FC
:10FE1000DA60B2E3B460B3E32061B4E32661B5E332
:10FE20001561B6E32361B7E3F460B8E30061B9E3B9
:10FE30000E61BAE32B61BBE34A61BCE37561BDE3CC
:10FE4000AC61BEE39461BFE3A761C0E3B761C1E306
:10FE5000D461C2E3F561C3E3DD5FC4E3B396C5E3F8
:10FE6000E995C6E3EB95C7E3F195C8E3F395C9E3DC
:10FE7000F595CAE3F695CBE3FC95CCE3FE95CDE38F
:10FE80000396CEE30496CFE30696D0E30896D1E33B
:10FE90000A96D2E30B96D3E30C96D4E30D96D5E302
:10FEA0000F96D6E31296D7E31596D8E31696D9E3C4
:10FEB0001796DAE31996DBE31A96DCE32C4EDDE3C2
:10FEC0003F72DEE31562DFE3356CE0E3546CE1E39F
:10FED0005C6CE2E34A6CE3E3A36CE4E3856CE5E38A
:10FEE000906CE6E3946CE7E38C6CE8E3686CE9E320
:10FEF000696CEAE3746CEBE3766CECE3866CEDE33F
:10FF0000A96CEEE3D06CEFE3D46CF0E3AD6CF1E3FD
:10FF1000F76CF2E3F86CF3E3F16CF4E3D76CF5E320
:10FF2000B26CF6E3E06CF7E3D66CF8E3FA6CF9E355
:10FF3000EB6CFAE3EE6CFBE3B16CFCE3D36CFDE33A
:10FF4000EF6CFEE3FE6C40E4A89241E4A99242E427
:10FF5000AA9243E4AB9244E4AC9245E4AD9246E409
:10FF6000AF9247E4B09248E4B19249E4B2924AE4D5
:10FF7000B3924BE4B4924CE4B5924DE4B6924EE4A5
:10FF8000B7924FE4B89250E4B99251E4BA9252E475
:10FF9000BB9253E4BC9254E4BD9255E4BE9256E445
:10FFA000BF9257E4C09258E4C19259E4C2925AE415
:10FFB000C3925BE4C4925CE4C5925DE4C6925EE4E5
:10FFC000C7925FE4C99260E4CA9261E4CB9262E4B2
:10FFD000CC9263E4CD9264E4CE9265E4CF9266E481
:10FFE000D09267E4D19268E4D29269E4D3926AE451
:10FFF000D4926BE4D5926CE4D6926DE4D7926EE421
:020000040803EF
:10000000D8926FE4D99270E4DA9271E4DB9272E4F0
:10001000DC9273E4DD9274E4DE9275E4DF9276E4C0
:10002000E09277E4E19278E4E29279E4E3927AE490
:10003000E4927BE4E5927CE4E6927DE4E7927EE460
:10004000E89280E4E99281E4EA9282E4EB9283E42C
:10005000EC9284E4ED9285E4EE9286E4EF9287E4FC
:10006000F09288E4F19289E4F2928AE4F3928BE4CC
:10007000F4928CE4F5928DE4F6928EE4F7928FE49C
:10008000F89290E4F99291E4FA9292E4FB9293E46C
:10009000FC9294E4FD9295E4FE9296E4FF9297E43C
:1000A000009398E4019399E402939AE403939BE408
:1000B00004939CE405939DE406939EE407939FE4D8
:1000C0000893A0E40993A1E4396DA2E4276DA3E4A9
:1000D0000C6DA4E4436DA5E4486DA6E4076DA7E4A8
:1000E000046DA8E4196DA9E40E6DAAE42B6DABE4D0
:1000F0004D6DACE42E6DADE4356DAEE41A6DAFE43C
:100100004F6DB0E4526DB1E4546DB2E4336DB3E4BD
:10011000916DB4E46F6DB5E49E6DB6E4A06DB7E487
:100120005E6DB8E4936DB9E4946DBAE45C6DBBE4C4
:10013000606DBCE47C6DBDE4636DBEE41A6EBFE42B
:10014000C76DC0E4C56DC1E4DE6DC2E40E6EC3E4EC
:10015000BF6DC4E4E06DC5E4116EC6E4E66DC7E4AE
:10016000DD6DC8E4D96DC9E4166ECAE4AB6DCBE4AD
:100170000C6ECCE4AE6DCDE42B6ECEE46E6ECFE4AF
:100180004E6ED0E46B6ED1E4B26ED2E45F6ED3E417
:10019000866ED4E4536ED5E4546ED6E4326ED7E462
:1001A000256ED8E4446ED9E4DF6EDAE4B16EDBE4A8
:1001B000986EDCE4E06EDDE42D6FDEE4E26EDFE4F9
:1001C000A56EE0E4A76EE1E4BD6EE2E4BB6EE3E49D
:1001D000B76EE4E4D76EE5E4B46EE6E4CF6EE7E430
:1001E0008F6EE8E4C26EE9E49F6EEAE4626FEBE4CE
:1001F000466FECE4476FEDE4246FEEE4156FEFE437
:10020000F96EF0E42F6FF1E4366FF2E44B6FF3E434
:10021000746FF4E42A6FF5E4096FF6E4296FF7E4EC
:10022000896FF8E48D6FF9E48C6FFAE4786FFBE482
:10023000726FFCE47C6FFDE47A6FFEE4D16F40E501
:100240000A9341E50B9342E50C9343E50D9344E596
:100250000E9345E50F9346E5109347E5119348E566
:10026000129349E513934AE514934BE515934CE536
:1002700016934DE517934EE518934FE5199350E506
:100280001A9351E51B9352E51C9353E51D9354E5D6
:100290001E9355E51F9356E5209357E5219358E5A6
:1002A000229359E523935AE524935BE525935CE576
:1002B00026935DE527935EE528935FE5299360E546
:1002C0002A9361E52B9362E52C9363E52D9364E516
:1002D0002E9365E52F9366E5309367E5319368E5E6
:1002E000329369E533936AE534936BE535936CE5B6
:1002F00036936DE537936EE538936FE5399370E586
:100300003A9371E53B9372E53C9373E53D9374E555
:100310003F9375E5409376E5419377E5429378E521
:10032000439379E544937AE545937BE546937CE5F1
:1003300047937DE548937EE5499380E54A9381E5BF
:100340004B9382E54C9383E54D9384E54E9385E58D
:100350004F9386E5509387E5519388E5529389E55D
:1003600053938AE554938BE555938CE556938DE52D
:1003700057938EE558938FE5599390E55A9391E5FD
:100380005B9392E55C9393E55D9394E55E9395E5CD
:100390005F9396E5609397E5619398E5629399E59D
:1003A00063939AE564939BE565939CE566939DE56D
:1003B00067939EE568939FE56993A0E56B93A1E53C
:1003C000C96FA2E5A76FA3E5B96FA4E5B66FA5E570
:1003D000C26FA6E5E16FA7E5EE6FA8E5DE6FA9E5C0
:1003E000E06FAAE5EF6FABE51A70ACE52370ADE501
:1003F0001B70AEE53970AFE53570B0E54F70B1E513
:100400005E70B2E5805BB3E5845BB4E5955BB5E512
:10041000935BB6E5A55BB7E5B85BB8E52F75B9E5C5
:100420009E9ABAE53464BBE5E45BBCE5EE5BBDE5F2
:100430003089BEE5F05BBFE5478EC0E5078BC1E5BF
:10044000B68FC2E5D38FC3E5D58FC4E5E58FC5E58B
:10045000EE8FC6E5E48FC7E5E98FC8E5E68FC9E50D
:10046000F38FCAE5E88FCBE50590CCE50490CDE5A8
:100470000B90CEE52690CFE51190D0E50D90D1E51B
:100480001690D2E52190D3E53590D4E53690D5E5A8
:100490002D90D6E52F90D7E54490D8E55190D9E539
:1004A0005290DAE55090DBE56890DCE55890DDE5A8
:1004B0006290DEE55B90DFE5B966E0E57490E1E52A
:1004C0007D90E2E58290E3E58890E4E58390E5E5C0
:1004D0008B90E6E5505FE7E5575FE8E5565FE9E5B5
:1004E000585FEAE53B5CEBE5AB54ECE5505CEDE5D1
:1004F000595CEEE5715BEFE5635CF0E5665CF1E5A8
:10050000BC7FF2E52A5FF3E5295FF4E52D5FF5E5B1
:100510007482F6E53C5FF7E53B9BF8E56E5CF9E538
:100520008159FAE58359FBE58D59FCE5A959FDE5AB
:10053000AA59FEE5A35940E66C9341E66D9342E665
:100540006E9343E66F9344E6709345E6719346E6F7
:10055000729347E6739348E6749349E675934AE6C7
:1005600076934BE677934CE678934DE679934EE697
:100570007A934FE67B9350E67C9351E67D9352E667
:100580007E9353E67F9354E6809355E6819356E637
:10059000829357E6839358E6849359E685935AE607
:1005A00086935BE687935CE688935DE689935EE6D7
:1005B0008A935FE68B9360E68C9361E68D9362E6A7
:1005C0008E9363E6909364E6919365E6929366E674
:1005D000939367E6949368E6959369E696936AE643
:1005E00097936BE698936CE699936DE69A936EE613
:1005F0009B936FE69C9370E69D9371E69E9372E6E3
:100600009F9373E6A09374E6A19375E6A29376E6B2
:10061000A39377E6A49378E6A59379E6A6937AE682
:10062000A7937BE6A8937CE6A9937DE6AA937EE652
:10063000AB9380E6AC9381E6AD9382E6AE9383E61E
:10064000AF9384E6B09385E6B19386E6B29387E6EE
:10065000B39388E6B49389E6B5938AE6B6938BE6BE
:10066000B7938CE6B8938DE6B9938EE6BA938FE68E
:10067000BB9390E6BC9391E6BD9392E6BE9393E65E
:10068000BF9394E6C09395E6C19396E6C29397E62E
:10069000C39398E6C49399E6C5939AE6C6939BE6FE
:1006A000C7939CE6C8939DE6C9939EE6CB939FE6CD
:1006B000CC93A0E6CD93A1E69759A2E6CA59A3E64A
:1006C000AB59A4E69E59A5E6A459A6E6D259A7E6D9
:1006D000B259A8E6AF59A9E6D759AAE6BE59ABE682
:1006E000055AACE6065AADE6DD59AEE6085AAFE665
:1006F000E359B0E6D859B1E6F959B2E60C5AB3E677
:10070000095AB4E6325AB5E6345AB6E6115AB7E693
:10071000235AB8E6135AB9E6405ABAE6675ABBE616
:100720004A5ABCE6555ABDE63C5ABEE6625ABFE696
:10073000755AC0E6EC80C1E6AA5AC2E69B5AC3E6E7
:10074000775AC4E67A5AC5E6BE5AC6E6EB5AC7E6F9
:10075000B25AC8E6D25AC9E6D45ACAE6B85ACBE663
:10076000E05ACCE6E35ACDE6F15ACEE6D65ACFE6C9
:10077000E65AD0E6D85AD1E6DC5AD2E6095BD3E68F
:10078000175BD4E6165BD5E6325BD6E6375BD7E679
:10079000405BD8E6155CD9E61C5CDAE65A5BDBE622
:1007A000655BDCE6735BDDE6515BDEE6535BDFE653
:1007B000625BE0E6759AE1E6779AE2E6789AE3E62C
:1007C0007A9AE4E67F9AE5E67D9AE6E6809AE7E69D
:1007D000819AE8E6859AE9E6889AEAE68A9AEBE65B
:1007E000909AECE6929AEDE6939AEEE6969AEFE608
:1007F000989AF0E69B9AF1E69C9AF2E69D9AF3E6C7
:100800009F9AF4E6A09AF5E6A29AF6E6A39AF7E68E
:10081000A59AF8E6A79AF9E69F7EFAE6A17EFBE69E
:10082000A37EFCE6A57EFDE6A87EFEE6A97E40E767
:10083000CE9341E7CF9342E7D09343E7D19344E788
:10084000D29345E7D39346E7D49347E7D59348E758
:10085000D79349E7D8934AE7D9934BE7DA934CE724
:10086000DB934DE7DC934EE7DD934FE7DE9350E7F4
:10087000DF9351E7E09352E7E19353E7E29354E7C4
:10088000E39355E7E49356E7E59357E7E69358E794
:10089000E79359E7E8935AE7E9935BE7EA935CE764
:1008A000EB935DE7EC935EE7ED935FE7EE9360E734
:1008B000EF9361E7F09362E7F19363E7F29364E704
:1008C000F39365E7F49366E7F59367E7F69368E7D4
:1008D000F79369E7F8936AE7F9936BE7FA936CE7A4
:1008E000FB936DE7FC936EE7FD936FE7FE9370E774
:1008F000FF9371E7009472E7019473E7029474E741
:10090000039475E7049476E7059477E7069478E70F
:10091000079479E708947AE709947BE70A947CE7DF
:100920000B947DE70C947EE70D9480E70E9481E7AD
:100930000F9482E7109483E7119484E7129485E77B
:10094000139486E7149487E7159488E7169489E74B
:1009500017948AE718948BE719948CE71A948DE71B
:100960001B948EE71C948FE71D9490E71E9491E7EB
:100970001F9492E7209493E7219494E7229495E7BB
:10098000239496E7249497E7259498E7269499E78B
:1009900027949AE728949BE729949CE72A949DE75B
:1009A0002B949EE72C949FE72D94A0E72E94A1E72B
:1009B000AD7EA2E7B07EA3E7BE7EA4E7C07EA5E73A
:1009C000C17EA6E7C27EA7E7C97EA8E7CB7EA9E7DE
:1009D000CC7EAAE7D07EABE7D47EACE7D77EADE78E
:1009E000DB7EAEE7E07EAFE7E17EB0E7E87EB1E731
:1009F000EB7EB2E7EE7EB3E7EF7EB4E7F17EB5E7DC
:100A0000F27EB6E70D7FB7E7F67EB8E7FA7EB9E784
:100A1000FB7EBAE7FE7EBBE7017FBCE7027FBDE756
:100A2000037FBEE7077FBFE7087FC0E70B7FC1E713
:100A30000C7FC2E70F7FC3E7117FC4E7127FC5E7D2
:100A4000177FC6E7197FC7E71C7FC8E71B7FC9E789
:100A50001F7FCAE7217FCBE7227FCCE7237FCDE74B
:100A6000247FCEE7257FCFE7267FD0E7277FD1E71A
:100A70002A7FD2E72B7FD3E72C7FD4E72D7FD5E7E2
:100A80002F7FD6E7307FD7E7317FD8E7327FD9E7AE
:100A9000337FDAE7357FDBE77A5EDCE77F75DDE71A
:100AA000DB5DDEE73E75DFE79590E0E78E73E1E71B
:100AB0009173E2E7AE73E3E7A273E4E79F73E5E7C0
:100AC000CF73E6E7C273E7E7D173E8E7B773E9E707
:100AD000B373EAE7C073EBE7C973ECE7C873EDE7FC
:100AE000E573EEE7D973EFE77C98F0E70A74F1E776
:100AF000E973F2E7E773F3E7DE73F4E7BA73F5E758
:100B0000F273F6E70F74F7E72A74F8E75B74F9E716
:100B10002674FAE72574FBE72874FCE73074FDE7D8
:100B20002E74FEE72C7440E82F9441E8309442E89C
:100B3000319443E8329444E8339445E8349446E8E9
:100B4000359447E8369448E8379449E838944AE8B9
:100B500039944BE83A944CE83B944DE83C944EE889
:100B60003D944FE83F9450E8409451E8419452E856
:100B7000429453E8439454E8449455E8459456E825
:100B8000469457E8479458E8489459E849945AE8F5
:100B90004A945BE84B945CE84C945DE84D945EE8C5
:100BA0004E945FE84F9460E8509461E8519462E895
:100BB000529463E8539464E8549465E8559466E865
:100BC000569467E8579468E8589469E859946AE835
:100BD0005A946BE85B946CE85C946DE85D946EE805
:100BE0005E946FE85F9470E8609471E8619472E8D5
:100BF000629473E8639474E8649475E8659476E8A5
:100C0000669477E8679478E8689479E869947AE874
:100C10006A947BE86C947CE86D947DE86E947EE841
:100C20006F9480E8709481E8719482E8729483E80C
:100C3000739484E8749485E8759486E8769487E8DC
:100C4000779488E8789489E879948AE87A948BE8AC
:100C50007B948CE87C948DE87D948EE87E948FE87C
:100C60007F9490E8809491E8819492E8829493E84C
:100C7000839494E8849495E8919496E8969497E800
:100C8000989498E8C79499E8CF949AE8D3949BE80D
:100C9000D4949CE8DA949DE8E6949EE8FB949FE85F
:100CA0001C95A0E82095A1E81B74A2E81A74A3E89B
:100CB0004174A4E85C74A5E85774A6E85574A7E8E5
:100CC0005974A8E87774A9E86D74AAE87E74ABE853
:100CD0009C74ACE88E74ADE88074AEE88174AFE8C3
:100CE0008774B0E88B74B1E89E74B2E8A874B3E876
:100CF000A974B4E89074B5E8A774B6E8D274B7E8FC
:100D0000BA74B8E8EA97B9E8EB97BAE8EC97BBE8A9
:100D10004C67BCE85367BDE85E67BEE84867BFE85C
:100D20006967C0E8A567C1E88767C2E86A67C3E882
:100D30007367C4E89867C5E8A767C6E87567C7E83A
:100D4000A867C8E89E67C9E8AD67CAE88B67CBE8C3
:100D50007767CCE87C67CDE8F067CEE80968CFE834
:100D6000D867D0E80A68D1E8E967D2E8B067D3E885
:100D70000C68D4E8D967D5E8B567D6E8DA67D7E86C
:100D8000B367D8E8DD67D9E80068DAE8C367DBE86D
:100D9000B867DCE8E267DDE80E68DEE8C167DFE837
:100DA000FD67E0E83268E1E83368E2E86068E3E8BC
:100DB0006168E4E84E68E5E86268E6E84468E7E808
:100DC0006468E8E88368E9E81D68EAE85568EBE8E4
:100DD0006668ECE84168EDE86768EEE84068EFE8CF
:100DE0003E68F0E84A68F1E84968F2E82968F3E803
:100DF000B568F4E88F68F5E87468F6E87768F7E8AE
:100E00009368F8E86B68F9E8C268FAE86E69FBE88D
:100E1000FC68FCE81F69FDE82069FEE8F96840E924
:100E2000279541E9339542E93D9543E9439544E9E6
:100E3000489545E94B9546E9559547E95A9548E95E
:100E4000609549E96E954AE974954BE975954CE9C9
:100E500077954DE978954EE979954FE97A9550E97E
:100E60007B9551E97C9552E97D9553E97E9554E94E
:100E7000809555E9819556E9829557E9839558E91A
:100E8000849559E985955AE986955BE987955CE9EA
:100E900088955DE989955EE98A955FE98B9560E9BA
:100EA0008C9561E98D9562E98E9563E98F9564E98A
:100EB000909565E9919566E9929567E9939568E95A
:100EC000949569E995956AE996956BE997956CE92A
:100ED00098956DE999956EE99A956FE99B9570E9FA
:100EE0009C9571E99D9572E99E9573E99F9574E9CA
:100EF000A09575E9A19576E9A29577E9A39578E99A
:100F0000A49579E9A5957AE9A6957BE9A7957CE969
:100F1000A8957DE9A9957EE9AA9580E9AB9581E937
:100F2000AC9582E9AD9583E9AE9584E9AF9585E905
:100F3000B09586E9B19587E9B29588E9B39589E9D5
:100F4000B4958AE9B5958BE9B6958CE9B7958DE9A5
:100F5000B8958EE9B9958FE9BA9590E9BB9591E975
:100F6000BC9592E9BD9593E9BE9594E9BF9595E945
:100F7000C09596E9C19597E9C29598E9C39599E915
:100F8000C4959AE9C5959BE9C6959CE9C7959DE9E5
:100F9000C8959EE9C9959FE9CA95A0E9CB95A1E9B5
:100FA0002469A2E9F068A3E90B69A4E90169A5E94C
:100FB0005769A6E9E368A7E91069A8E97169A9E991
:100FC0003969AAE96069ABE94269ACE95D69ADE9F3
:100FD0008469AEE96B69AFE98069B0E99869B1E904
:100FE0007869B2E93469B3E9CC69B4E98769B5E9EC
:100FF0008869B6E9CE69B7E98969B8E96669B9E986
:101000006369BAE97969BBE99B69BCE9A769BDE98C
:10101000BB69BEE9AB69BFE9AD69C0E9D469C1E9A3
:10102000B169C2E9C169C3E9CA69C4E9DF69C5E94F
:101030009569C6E9E069C7E98D69C8E9FF69C9E949
:101040002F6ACAE9ED69CBE9176ACCE9186ACDE9DC
:10105000656ACEE9F269CFE9446AD0E93E6AD1E92E
:10106000A06AD2E9506AD3E95B6AD4E9356AD5E966
:101070008E6AD6E9796AD7E93D6AD8E9286AD9E95A
:10108000586ADAE97C6ADBE9916ADCE9906ADDE9B1
:10109000A96ADEE9976ADFE9AB6AE0E93773E1E95B
:1010A0005273E2E9816BE3E9826BE4E9876BE5E97E
:1010B000846BE6E9926BE7E9936BE8E98D6BE9E90C
:1010C0009A6BEAE99B6BEBE9A16BECE9AA6BEDE9A2
:1010D0006B8FEEE96D8FEFE9718FF0E9728FF1E9B7
:1010E000738FF2E9758FF3E9768FF4E9788FF5E97C
:1010F000778FF6E9798FF7E97A8FF8E97C8FF9E94C
:101100007E8FFAE9818FFBE9828FFCE9848FFDE90C
:10111000878FFEE98B8F40EACC9541EACD9542EA74
:10112000CE9543EACF9544EAD09545EAD19546EA73
:10113000D29547EAD39548EAD49549EAD5954AEA43
:10114000D6954BEAD7954CEAD8954DEAD9954EEA13
:10115000DA954FEADB9550EADC9551EADD9552EAE3
:10116000DE9553EADF9554EAE09555EAE19556EAB3
:10117000E29557EAE39558EAE49559EAE5955AEA83
:10118000E6955BEAE7955CEAEC955DEAFF955EEA39
:1011900007965FEA139660EA189661EA1B9662EA80
:1011A0001E9663EA209664EA239665EA249666EA28
:1011B000259667EA269668EA279669EA28966AEAF3
:1011C00029966BEA2B966CEA2C966DEA2D966EEAC0
:1011D0002F966FEA309670EA379671EA389672EA7F
:1011E000399673EA3A9674EA3E9675EA419676EA3B
:1011F000439677EA4A9678EA4E9679EA4F967AEAE3
:1012000051967BEA52967CEA53967DEA56967EEAA0
:10121000579680EA589681EA599682EA5A9683EA66
:101220005C9684EA5D9685EA5E9686EA609687EA31
:10123000639688EA659689EA66968AEA6B968BEAEF
:101240006D968CEA6E968DEA6F968EEA70968FEAAE
:10125000719690EA739691EA789692EA799693EA73
:101260007A9694EA7B9695EA7C9696EA7D9697EA3A
:101270007E9698EA7F9699EA80969AEA81969BEA0A
:1012800082969CEA83969DEA84969EEA87969FEAD8
:101290008996A0EA8A96A1EA8D8FA2EA8E8FA3EAA8
:1012A0008F8FA4EA988FA5EA9A8FA6EACE8EA7EA36
:1012B0000B62A8EA1762A9EA1B62AAEA1F62ABEAFC
:1012C0002262ACEA2162ADEA2562AEEA2462AFEAAC
:1012D0002C62B0EAE781B1EAEF74B2EAF474B3EADF
:1012E000FF74B4EA0F75B5EA1175B6EA1375B7EA7B
:1012F0003465B8EAEE65B9EAEF65BAEAF065BBEACB
:101300000A66BCEA1966BDEA7267BEEA0366BFEA0E
:101310001566C0EA0066C1EA8570C2EAF766C3EAEC
:101320001D66C4EA3466C5EA3166C6EA3666C7EAAF
:101330003566C8EA0680C9EA5F66CAEA5466CBEA3F
:101340004166CCEA4F66CDEA5666CEEA6166CFEAE0
:101350005766D0EA7766D1EA8466D2EA8C66D3EA29
:10136000A766D4EA9D66D5EABE66D6EADB66D7EA0A
:10137000DC66D8EAE666D9EAE966DAEA328DDBEAC3
:10138000338DDCEA368DDDEA3B8DDEEA3D8DDFEA2A
:10139000408DE0EA458DE1EA468DE2EA488DE3EAD8
:1013A000498DE4EA478DE5EA4D8DE6EA558DE7EA99
:1013B000598DE8EAC789E9EACA89EAEACB89EBEA02
:1013C000CC89ECEACE89EDEACF89EEEAD089EFEA62
:1013D000D189F0EA6E72F1EA9F72F2EA5D72F3EA85
:1013E0006672F4EA6F72F5EA7E72F6EA7F72F7EAE5
:1013F0008472F8EA8B72F9EA8D72FAEA8F72FBEA6C
:101400009272FCEA0863FDEA3263FEEAB06340EBE5
:101410008C9641EB8E9642EB919643EB929644EB81
:10142000939645EB959646EB969647EB9A9648EB46
:101430009B9649EB9D964AEB9E964BEB9F964CEB09
:10144000A0964DEBA1964EEBA2964FEBA39650EBD8
:10145000A49651EBA59652EBA69653EBA89654EBA7
:10146000A99655EBAA9656EBAB9657EBAC9658EB74
:10147000AD9659EBAE965AEBAF965BEBB1965CEB43
:10148000B2965DEBB4965EEBB5965FEBB79660EB0C
:10149000B89661EBBA9662EBBB9663EBBF9664EBD2
:1014A000C29665EBC39666EBC89667EBCA9668EB87
:1014B000CB9669EBD0966AEBD1966BEBD3966CEB3F
:1014C000D4966DEBD6966EEBD7966FEBD89670EB05
:1014D000D99671EBDA9672EBDB9673EBDC9674EBD4
:1014E000DD9675EBDE9676EBDF9677EBE19678EBA3
:1014F000E29679EBE3967AEBE4967BEBE5967CEB70
:10150000E6967DEBE7967EEBEB9680EBEC9681EB37
:10151000ED9682EBEE9683EBF09684EBF19685EBFD
:10152000F29686EBF49687EBF59688EBF89689EBC6
:10153000FA968AEBFB968BEBFC968CEBFD968DEB8B
:10154000FF968EEB02978FEB039790EB059791EB4D
:101550000A9792EB0B9793EB0C9794EB109795EB04
:10156000119796EB129797EB149798EB159799EBC9
:1015700017979AEB18979BEB19979CEB1A979DEB93
:101580001B979EEB1D979FEB1F97A0EB2097A1EB5E
:101590003F64A2EBD864A3EB0480A4EBEA6BA5EB59
:1015A000F36BA6EBFD6BA7EBF56BA8EBF96BA9EB67
:1015B000056CAAEB076CABEB066CACEB0D6CADEB02
:1015C000156CAEEB186CAFEB196CB0EB1A6CB1EBA1
:1015D000216CB2EB296CB3EB246CB4EB2A6CB5EB49
:1015E000326CB6EB3565B7EB5565B8EB6B65B9EBAF
:1015F0004D72BAEB5272BBEB5672BCEB3072BDEB64
:101600006286BEEB1652BFEB9F80C0EB9C80C1EBA5
:101610009380C2EBBC80C3EB0A67C4EBBD80C5EB13
:10162000B180C6EBAB80C7EBAD80C8EBB480C9EB33
:10163000B780CAEBE780CBEBE880CCEBE980CDEB61
:10164000EA80CEEBDB80CFEBC280D0EBC480D1EB65
:10165000D980D2EBCD80D3EBD780D4EB1067D5EB1C
:10166000DD80D6EBEB80D7EBF180D8EBF480D9EBC3
:10167000ED80DAEB0D81DBEB0E81DCEBF280DDEB54
:10168000FC80DEEB1567DFEB1281E0EB5A8CE1EBBF
:101690003681E2EB1E81E3EB2C81E4EB1881E5EB74
:1016A0003281E6EB4881E7EB4C81E8EB5381E9EBD3
:1016B0007481EAEB5981EBEB5A81ECEB7181EDEB34
:1016C0006081EEEB6981EFEB7C81F0EB7D81F1EBEA
:1016D0006D81F2EB6781F3EB4D58F4EBB55AF5EB06
:1016E0008881F6EB8281F7EB9181F8EBD56EF9EB0F
:1016F000A381FAEBAA81FBEBCC81FCEB2667FDEB27
:10170000CA81FEEBBB8140EC219741EC229742EC71
:10171000239743EC249744EC259745EC269746EC19
:10172000279747EC289748EC299749EC2B974AECE8
:101730002C974BEC2E974CEC2F974DEC31974EECB1
:1017400033974FEC349750EC359751EC369752EC79
:10175000379753EC3A9754EC3B9755EC3C9756EC43
:101760003D9757EC3F9758EC409759EC41975AEC0E
:1017700042975BEC43975CEC44975DEC45975EECDD
:1017800046975FEC479760EC489761EC499762ECAD
:101790004A9763EC4B9764EC4C9765EC4D9766EC7D
:1017A0004E9767EC4F9768EC509769EC51976AEC4D
:1017B00054976BEC55976CEC57976DEC58976EEC13
:1017C0005A976FEC5C9770EC5D9771EC5F9772ECD9
:1017D000639773EC649774EC669775EC679776EC97
:1017E000689777EC6A9778EC6B9779EC6C977AEC62
:1017F0006D977BEC6E977CEC6F977DEC70977EEC31
:10180000719780EC729781EC759782EC779783ECF7
:10181000789784EC799785EC7A9786EC7B9787ECC0
:101820007D9788EC7E9789EC7F978AEC80978BEC8C
:1018300081978CEC82978DEC83978EEC84978FEC5C
:10184000869790EC879791EC889792EC899793EC28
:101850008A9794EC8C9795EC8E9796EC8F9797ECF3
:10186000909798EC939799EC95979AEC96979BECB8
:1018700097979CEC99979DEC9A979EEC9B979FEC81
:101880009C97A0EC9D97A1ECC181A2ECA681A3EC52
:10189000246BA4EC376BA5EC396BA6EC436BA7EC7F
:1018A000466BA8EC596BA9ECD198AAECD298ABEC9A
:1018B000D398ACECD598ADECD998AEECDA98AFEC07
:1018C000B36BB0EC405FB1ECC26BB2ECF389B3EC3C
:1018D0009065B4EC519FB5EC9365B6ECBC65B7EC84
:1018E000C665B8ECC465B9ECC365BAECCC65BBECB5
:1018F000CE65BCECD265BDECD665BEEC8070BFECAD
:101900009C70C0EC9670C1EC9D70C2ECBB70C3ECD7
:10191000C070C4ECB770C5ECAB70C6ECB170C7EC6E
:10192000E870C8ECCA70C9EC1071CAEC1371CBEC4A
:101930001671CCEC2F71CDEC3171CEEC7371CFEC14
:101940005C71D0EC6871D1EC4571D2EC7271D3EC62
:101950004A71D4EC7871D5EC7A71D6EC9871D7ECE9
:10196000B371D8ECB571D9ECA871DAECA071DBECED
:10197000E071DCECD471DDECE771DEECF971DFECE9
:101980001D72E0EC2872E1EC6C70E2EC1871E3EC93
:101990006671E4ECB971E5EC3E62E6EC3D62E7ECC1
:1019A0004362E8EC4862E9EC4962EAEC3B79EBEC33
:1019B0004079ECEC4679EDEC4979EEEC5B79EFECB3
:1019C0005C79F0EC5379F1EC5A79F2EC6279F3EC52
:1019D0005779F4EC6079F5EC6F79F6EC6779F7EC10
:1019E0007A79F8EC8579F9EC8A79FAEC9A79FBEC5A
:1019F000A779FCECB379FDECD15FFEECD05F40ED54
:101A00009E9741ED9F9742EDA19743EDA29744ED3C
:101A1000A49745EDA59746EDA69747EDA79748ED06
:101A2000A89749EDA9974AEDAA974BEDAC974CEDD5
:101A3000AE974DEDB0974EEDB1974FEDB39750ED9A
:101A4000B59751EDB69752EDB79753EDB89754ED62
:101A5000B99755EDBA9756EDBB9757EDBC9758ED32
:101A6000BD9759EDBE975AEDBF975BEDC0975CED02
:101A7000C1975DEDC2975EEDC3975FEDC49760EDD2
:101A8000C59761EDC69762EDC79763EDC89764EDA2
:101A9000C99765EDCA9766EDCB9767EDCC9768ED72
:101AA000CD9769EDCE976AEDCF976BEDD0976CED42
:101AB000D1976DEDD2976EEDD3976FEDD49770ED12
:101AC000D59771EDD69772EDD79773EDD89774EDE2
:101AD000D99775EDDA9776EDDB9777EDDC9778EDB2
:101AE000DD9779EDDE977AEDDF977BEDE0977CED82
:101AF000E1977DEDE2977EEDE39780EDE49781ED50
:101B0000E59782EDE89783EDEE9784EDEF9785ED0D
:101B1000F09786EDF19787EDF29788EDF49789EDD0
:101B2000F7978AEDF8978BEDF9978CEDFA978DED95
:101B3000FB978EEDFC978FEDFD9790EDFE9791ED65
:101B4000FF9792ED009893ED019894ED029895ED32
:101B5000039896ED049897ED059898ED069899ED01
:101B600007989AED08989BED09989CED0A989DEDD1
:101B70000B989EED0C989FED0D98A0ED0E98A1EDA1
:101B80003C60A2ED5D60A3ED5A60A4ED6760A5ED39
:101B90004160A6ED5960A7ED6360A8EDAB60A9EDCB
:101BA0000661AAED0D61ABED5D61ACEDA961ADED36
:101BB0009D61AEEDCB61AFEDD161B0ED0662B1EDEF
:101BC0008080B2ED7F80B3ED936CB4EDF66CB5ED33
:101BD000FC6DB6EDF677B7EDF877B8ED0078B9EDB6
:101BE0000978BAED1778BBED1878BCED1178BDED2A
:101BF000AB65BEED2D78BFED1C78C0ED1D78C1ED55
:101C00003978C2ED3A78C3ED3B78C4ED1F78C5ED65
:101C10003C78C6ED2578C7ED2C78C8ED2378C9ED62
:101C20002978CAED4E78CBED6D78CCED5678CDEDB8
:101C30005778CEED2678CFED5078D0ED4778D1EDBE
:101C40004C78D2ED6A78D3ED9B78D4ED9378D5EDCE
:101C50009A78D6ED8778D7ED9C78D8EDA178D9ED34
:101C6000A378DAEDB278DBEDB978DCEDA578DDEDBF
:101C7000D478DEEDD978DFEDC978E0EDEC78E1EDF0
:101C8000F278E2ED0579E3EDF478E4ED1379E5ED32
:101C90002479E6ED1E79E7ED3479E8ED9B9FE9EDD7
:101CA000F99EEAEDFB9EEBEDFC9EECEDF176EDEDA1
:101CB0000477EEED0D77EFEDF976F0ED0777F1EDC6
:101CC0000877F2ED1A77F3ED2277F4ED1977F5ED59
:101CD0002D77F6ED2677F7ED3577F8ED3877F9EDD6
:101CE0005077FAED5177FBED4777FCED4377FDED4B
:101CF0005A77FEED687740EE0F9841EE109842EE6D
:101D0000119843EE129844EE139845EE149846EE5F
:101D1000159847EE169848EE179849EE18984AEE2F
:101D200019984BEE1A984CEE1B984DEE1C984EEEFF
:101D30001D984FEE1E9850EE1F9851EE209852EECF
:101D4000219853EE229854EE239855EE249856EE9F
:101D5000259857EE269858EE279859EE28985AEE6F
:101D600029985BEE2A985CEE2B985DEE2C985EEE3F
:101D70002D985FEE2E9860EE2F9861EE309862EE0F
:101D8000319863EE329864EE339865EE349866EEDF
:101D9000359867EE369868EE379869EE38986AEEAF
:101DA00039986BEE3A986CEE3B986DEE3C986EEE7F
:101DB0003D986FEE3E9870EE3F9871EE409872EE4F
:101DC000419873EE429874EE439875EE449876EE1F
:101DD000459877EE469878EE479879EE48987AEEEF
:101DE00049987BEE4A987CEE4B987DEE4C987EEEBF
:101DF0004D9880EE4E9881EE4F9882EE509883EE8B
:101E0000519884EE529885EE539886EE549887EE5A
:101E1000559888EE569889EE57988AEE58988BEE2A
:101E200059988CEE5A988DEE5B988EEE5C988FEEFA
:101E30005D9890EE5E9891EE5F9892EE609893EECA
:101E4000619894EE629895EE639896EE649897EE9A
:101E5000659898EE669899EE67989AEE68989BEE6A
:101E600069989CEE6A989DEE6B989EEE6C989FEE3A
:101E70006D98A0EE6E98A1EE6277A2EE6577A3EE64
:101E80007F77A4EE8D77A5EE7D77A6EE8077A7EE1F
:101E90008C77A8EE9177A9EE9F77AAEEA077ABEEAC
:101EA000B077ACEEB577ADEEBD77AEEE3A75AFEE8E
:101EB0004075B0EE4E75B1EE4B75B2EE4875B3EEAF
:101EC0005B75B4EE7275B5EE7975B6EE8375B7EEE7
:101ED000587FB8EE617FB9EE5F7FBAEE488ABBEEFD
:101EE000687FBCEE747FBDEE717FBEEE797FBFEE82
:101EF000817FC0EE7E7FC1EECD76C2EEE576C3EE89
:101F00003288C4EE8594C5EE8694C6EE8794C7EEFB
:101F10008B94C8EE8A94C9EE8C94CAEE8D94CBEE65
:101F20008F94CCEE9094CDEE9494CEEE9794CFEE29
:101F30009594D0EE9A94D1EE9B94D2EE9C94D3EEED
:101F4000A394D4EEA494D5EEAB94D6EEAA94D7EE97
:101F5000AD94D8EEAC94D9EEAF94DAEEB094DBEE5B
:101F6000B294DCEEB494DDEEB694DEEEB794DFEE20
:101F7000B894E0EEB994E1EEBA94E2EEBC94E3EEEC
:101F8000BD94E4EEBF94E5EEC494E6EEC894E7EEAB
:101F9000C994E8EECA94E9EECB94EAEECC94EBEE69
:101FA000CD94ECEECE94EDEED094EEEED194EFEE37
:101FB000D294F0EED594F1EED694F2EED794F3EEFF
:101FC000D994F4EED894F5EEDB94F6EEDE94F7EEC9
:101FD000DF94F8EEE094F9EEE294FAEEE494FBEE8E
:101FE000E594FCEEE794FDEEE894FEEEEA9440EF13
:101FF0006F9841EF709842EF719843EF729844EFF9
:10200000739845EF749846EF8B9847EF8E9848EF9A
:10201000929849EF95984AEF99984BEFA3984CEF17
:10202000A8984DEFA9984EEFAA984FEFAB9850EFB4
:10203000AC9851EFAD9852EFAE9853EFAF9854EF84
:10204000B09855EFB19856EFB29857EFB39858EF54
:10205000B49859EFB5985AEFB6985BEFB7985CEF24
:10206000B8985DEFB9985EEFBA985FEFBB9860EFF4
:10207000BC9861EFBD9862EFBE9863EFBF9864EFC4
:10208000C09865EFC19866EFC29867EFC39868EF94
:10209000C49869EFC5986AEFC6986BEFC7986CEF64
:1020A000C8986DEFC9986EEFCA986FEFCB9870EF34
:1020B000CC9871EFCD9872EFCF9873EFD09874EF02
:1020C000D49875EFD69876EFD79877EFDB9878EFBE
:1020D000DC9879EFDD987AEFE0987BEFE1987CEF80
:1020E000E2987DEFE3987EEFE49880EFE59881EF4A
:1020F000E69882EFE99883EFEA9884EFEB9885EF12
:10210000EC9886EFED9887EFEE9888EFEF9889EFDF
:10211000F0988AEFF1988BEFF2988CEFF3988DEFAF
:10212000F4988EEFF5988FEFF69890EFF79891EF7F
:10213000F89892EFF99893EFFA9894EFFB9895EF4F
:10214000FC9896EFFD9897EFFE9898EFFF9899EF1F
:1021500000999AEF01999BEF02999CEF03999DEFEB
:1021600004999EEF05999FEF0699A0EF0799A1EFBB
:10217000E994A2EFEB94A3EFEE94A4EFEF94A5EF14
:10218000F394A6EFF494A7EFF594A8EFF794A9EFD2
:10219000F994AAEFFC94ABEFFD94ACEFFF94ADEF94
:1021A0000395AEEF0295AFEF0695B0EF0795B1EF4F
:1021B0000995B2EF0A95B3EF0D95B4EF0E95B5EF13
:1021C0000F95B6EF1295B7EF1395B8EF1495B9EFD9
:1021D0001595BAEF1695BBEF1895BCEF1B95BDEFA3
:1021E0001D95BEEF1E95BFEF1F95C0EF2295C1EF65
:1021F0002A95C2EF2B95C3EF2995C4EF2C95C5EF17
:102200003195C6EF3295C7EF3495C8EF3695C9EFD3
:102210003795CAEF3895CBEF3C95CCEF3E95CDEF97
:102220003F95CEEF4295CFEF3595D0EF4495D1EF66
:102230004595D2EF4695D3EF4995D4EF4C95D5EF20
:102240004E95D6EF4F95D7EF5295D8EF5395D9EFDE
:102250005495DAEF5695DBEF5795DCEF5895DDEFA7
:102260005995DEEF5B95DFEF5E95E0EF5F95E1EF6F
:102270005D95E2EF6195E3EF6295E4EF6495E5EF3C
:102280006595E6EF6695E7EF6795E8EF6895E9EF06
:102290006995EAEF6A95EBEF6B95ECEF6C95EDEFD6
:1022A0006F95EEEF7195EFEF7295F0EF7395F1EF9B
:1022B0003A95F2EFE777F3EFEC77F4EFC996F5EFA5
:1022C000D579F6EFED79F7EFE379F8EFEB79F9EF00
:1022D000067AFAEF475DFBEF037AFCEF027AFDEF37
:1022E0001E7AFEEF147A40F0089941F0099942F005
:1022F0000A9943F00B9944F00C9945F00E9946F079
:102300000F9947F0119948F0129949F013994AF042
:1023100014994BF015994CF016994DF017994EF011
:1023200018994FF0199950F01A9951F01B9952F0E1
:102330001C9953F01D9954F01E9955F01F9956F0B1
:10234000209957F0219958F0229959F023995AF081
:1023500024995BF025995CF026995DF027995EF051
:1023600028995FF0299960F02A9961F02B9962F021
:102370002C9963F02D9964F02F9965F0309966F0EF
:10238000319967F0329968F0339969F034996AF0BD
:1023900035996BF036996CF037996DF038996EF08D
:1023A00039996FF03A9970F03B9971F03C9972F05D
:1023B0003D9973F03E9974F03F9975F0409976F02D
:1023C000419977F0429978F0439979F044997AF0FD
:1023D00045997BF046997CF047997DF048997EF0CD
:1023E000499980F04A9981F04B9982F04C9983F099
:1023F0004D9984F04E9985F04F9986F0509987F069
:10240000519988F0529989F053998AF056998BF036
:1024100057998CF058998DF059998EF05A998FF000
:102420005B9990F05C9991F05D9992F05E9993F0D0
:102430005F9994F0609995F0619996F0629997F0A0
:10244000649998F0669999F073999AF078999BF04D
:1024500079999CF07B999DF07E999EF082999FF0EE
:102460008399A0F08999A1F0397AA2F0377AA3F084
:10247000517AA4F0CF9EA5F0A599A6F0707AA7F0A6
:102480008876A8F08E76A9F09376AAF09976ABF0CC
:10249000A476ACF0DE74ADF0E074AEF02C75AFF065
:1024A000209EB0F0229EB1F0289EB2F0299EB3F09B
:1024B0002A9EB4F02B9EB5F02C9EB6F0329EB7F05B
:1024C000319EB8F0369EB9F0389EBAF0379EBBF018
:1024D000399EBCF03A9EBDF03E9EBEF0419EBFF0DC
:1024E000429EC0F0449EC1F0469EC2F0479EC3F09B
:1024F000489EC4F0499EC5F04B9EC6F04C9EC7F066
:102500004E9EC8F0519EC9F0559ECAF0579ECBF022
:102510005A9ECCF05B9ECDF05C9ECEF05E9ECFF0DE
:10252000639ED0F0669ED1F0679ED2F0689ED3F095
:10253000699ED4F06A9ED5F06B9ED6F06C9ED7F063
:10254000719ED8F06D9ED9F0739EDAF09275DBF033
:102550009475DCF09675DDF0A075DEF09D75DFF00A
:10256000AC75E0F0A375E1F0B375E2F0B475E3F09B
:10257000B875E4F0C475E5F0B175E6F0B075E7F054
:10258000C375E8F0C275E9F0D675EAF0CD75EBF0E9
:10259000E375ECF0E875EDF0E675EEF0E475EFF05C
:1025A000EB75F0F0E775F1F00376F2F0F175F3F00A
:1025B000FC75F4F0FF75F5F01076F6F00076F7F0A4
:1025C0000576F8F00C76F9F01776FAF00A76FBF05B
:1025D0002576FCF01876FDF01576FEF0197640F1C0
:1025E0008C9941F18E9942F19A9943F19B9944F16A
:1025F0009C9945F19D9946F19E9947F19F9948F123
:10260000A09949F1A1994AF1A2994BF1A3994CF1F2
:10261000A4994DF1A6994EF1A7994FF1A99950F1BE
:10262000AA9951F1AB9952F1AC9953F1AD9954F18A
:10263000AE9955F1AF9956F1B09957F1B19958F15A
:10264000B29959F1B3995AF1B4995BF1B5995CF12A
:10265000B6995DF1B7995EF1B8995FF1B99960F1FA
:10266000BA9961F1BB9962F1BC9963F1BD9964F1CA
:10267000BE9965F1BF9966F1C09967F1C19968F19A
:10268000C29969F1C3996AF1C4996BF1C5996CF16A
:10269000C6996DF1C7996EF1C8996FF1C99970F13A
:1026A000CA9971F1CB9972F1CC9973F1CD9974F10A
:1026B000CE9975F1CF9976F1D09977F1D19978F1DA
:1026C000D29979F1D3997AF1D4997BF1D5997CF1AA
:1026D000D6997DF1D7997EF1D89980F1D99981F178
:1026E000DA9982F1DB9983F1DC9984F1DD9985F146
:1026F000DE9986F1DF9987F1E09988F1E19989F116
:10270000E2998AF1E3998BF1E4998CF1E5998DF1E5
:10271000E6998EF1E7998FF1E89990F1E99991F1B5
:10272000EA9992F1EB9993F1EC9994F1ED9995F185
:10273000EE9996F1EF9997F1F09998F1F19999F155
:10274000F2999AF1F3999BF1F4999CF1F5999DF125
:10275000F6999EF1F7999FF1F899A0F1F999A1F1F5
:102760001B76A2F13C76A3F12276A4F12076A5F1A6
:102770004076A6F12D76A7F13076A8F13F76A9F143
:102780003576AAF14376ABF13E76ACF13376ADF116
:102790004D76AEF15E76AFF15476B0F15C76B1F184
:1027A0005676B2F16B76B3F16F76B4F1CA7FB5F1BC
:1027B000E67AB6F1787AB7F1797AB8F1807AB9F138
:1027C000867ABAF1887ABBF1957ABCF1A67ABDF126
:1027D000A07ABEF1AC7ABFF1A87AC0F1AD7AC1F1AE
:1027E000B37AC2F16488C3F16988C4F17288C5F113
:1027F0007D88C6F17F88C7F18288C8F1A288C9F1B7
:10280000C688CAF1B788CBF1BC88CCF1C988CDF1B4
:10281000E288CEF1CE88CFF1E388D0F1E588D1F11E
:10282000F188D2F11A89D3F1FC88D4F1E888D5F186
:10283000FE88D6F1F088D7F12189D8F11989D9F12C
:102840001389DAF11B89DBF10A89DCF13489DDF1C6
:102850002B89DEF13689DFF14189E0F16689E1F10A
:102860007B89E2F18B75E3F1E580E4F1B276E5F185
:10287000B476E6F1DC77E7F11280E8F11480E9F153
:102880001680EAF11C80EBF12080ECF12280EDF162
:102890002580EEF12680EFF12780F0F12980F1F11B
:1028A0002880F2F13180F3F10B80F4F13580F5F1FD
:1028B0004380F6F14680F7F14D80F8F15280F9F14E
:1028C0006980FAF17180FBF18389FCF17898FDF160
:1028D0008098FEF1839840F2FA9941F2FB9942F216
:1028E000FC9943F2FD9944F2FE9945F2FF9946F2B4
:1028F000009A47F2019A48F2029A49F2039A4AF280
:10290000049A4BF2059A4CF2069A4DF2079A4EF24F
:10291000089A4FF2099A50F20A9A51F20B9A52F21F
:102920000C9A53F20D9A54F20E9A55F20F9A56F2EF
:10293000109A57F2119A58F2129A59F2139A5AF2BF
:10294000149A5BF2159A5CF2169A5DF2179A5EF28F
:10295000189A5FF2199A60F21A9A61F21B9A62F25F
:102960001C9A63F21D9A64F21E9A65F21F9A66F22F
:10297000209A67F2219A68F2229A69F2239A6AF2FF
:10298000249A6BF2259A6CF2269A6DF2279A6EF2CF
:10299000289A6FF2299A70F22A9A71F22B9A72F29F
:1029A0002C9A73F22D9A74F22E9A75F22F9A76F26F
:1029B000309A77F2319A78F2329A79F2339A7AF23F
:1029C000349A7BF2359A7CF2369A7DF2379A7EF20F
:1029D000389A80F2399A81F23A9A82F23B9A83F2DB
:1029E0003C9A84F23D9A85F23E9A86F23F9A87F2AB
:1029F000409A88F2419A89F2429A8AF2439A8BF27B
:102A0000449A8CF2459A8DF2469A8EF2479A8FF24A
:102A1000489A90F2499A91F24A9A92F24B9A93F21A
:102A20004C9A94F24D9A95F24E9A96F24F9A97F2EA
:102A3000509A98F2519A99F2529A9AF2539A9BF2BA
:102A4000549A9CF2559A9DF2569A9EF2579A9FF28A
:102A5000589AA0F2599AA1F28998A2F28C98A3F2FE
:102A60008D98A4F28F98A5F29498A6F29A98A7F25E
:102A70009B98A8F29E98A9F29F98AAF2A198ABF20F
:102A8000A298ACF2A598ADF2A698AEF24D86AFF240
:102A90005486B0F26C86B1F26E86B2F27F86B3F2E3
:102AA0007A86B4F27C86B5F27B86B6F2A886B7F257
:102AB0008D86B8F28B86B9F2AC86BAF29D86BBF2EF
:102AC000A786BCF2A386BDF2AA86BEF29386BFF2A9
:102AD000A986C0F2B686C1F2C486C2F2B586C3F238
:102AE000CE86C4F2B086C5F2BA86C6F2B186C7F207
:102AF000AF86C8F2C986C9F2CF86CAF2B486CBF2D5
:102B0000E986CCF2F186CDF2F286CEF2ED86CFF2F6
:102B1000F386D0F2D086D1F21387D2F2DE86D3F2DA
:102B2000F486D4F2DF86D5F2D886D6F2D186D7F2F3
:102B30000387D8F20787D9F2F886DAF20887DBF242
:102B40000A87DCF20D87DDF20987DEF22387DFF2E8
:102B50003B87E0F21E87E1F22587E2F22E87E3F25F
:102B60001A87E4F23E87E5F24887E6F23487E7F217
:102B70003187E8F22987E9F23787EAF23F87EBF2FB
:102B80008287ECF22287EDF27D87EEF27E87EFF20C
:102B90007B87F0F26087F1F27087F2F24C87F3F2F4
:102BA0006E87F4F28B87F5F25387F6F26387F7F2BC
:102BB0007C87F8F26487F9F25987FAF26587FBF2AD
:102BC0009387FCF2AF87FDF2A887FEF2D28740F32D
:102BD0005A9A41F35B9A42F35C9A43F35D9A44F349
:102BE0005E9A45F35F9A46F3609A47F3619A48F319
:102BF000629A49F3639A4AF3649A4BF3659A4CF3E9
:102C0000669A4DF3679A4EF3689A4FF3699A50F3B8
:102C10006A9A51F36B9A52F3729A53F3839A54F36C
:102C2000899A55F38D9A56F38E9A57F3949A58F3DE
:102C3000959A59F3999A5AF3A69A5BF3A99A5CF379
:102C4000AA9A5DF3AB9A5EF3AC9A5FF3AD9A60F328
:102C5000AE9A61F3AF9A62F3B29A63F3B39A64F3F4
:102C6000B49A65F3B59A66F3B99A67F3BB9A68F3B9
:102C7000BD9A69F3BE9A6AF3BF9A6BF3C39A6CF379
:102C8000C49A6DF3C69A6EF3C79A6FF3C89A70F33D
:102C9000C99A71F3CA9A72F3CD9A73F3CE9A74F308
:102CA000CF9A75F3D09A76F3D29A77F3D49A78F3D1
:102CB000D59A79F3D69A7AF3D79A7BF3D99A7CF39B
:102CC000DA9A7DF3DB9A7EF3DC9A80F3DD9A81F366
:102CD000DE9A82F3E09A83F3E29A84F3E39A85F32F
:102CE000E49A86F3E59A87F3E79A88F3E89A89F3FA
:102CF000E99A8AF3EA9A8BF3EC9A8CF3EE9A8DF3C5
:102D0000F09A8EF3F19A8FF3F29A90F3F39A91F38B
:102D1000F49A92F3F59A93F3F69A94F3F79A95F35B
:102D2000F89A96F3FA9A97F3FC9A98F3FD9A99F326
:102D3000FE9A9AF3FF9A9BF3009B9CF3019B9DF3F1
:102D4000029B9EF3049B9FF3059BA0F3069BA1F3BC
:102D5000C687A2F38887A3F38587A4F3AD87A5F37D
:102D60009787A6F38387A7F3AB87A8F3E587A9F333
:102D7000AC87AAF3B587ABF3B387ACF3CB87ADF3DE
:102D8000D387AEF3BD87AFF3D187B0F3C087B1F37C
:102D9000CA87B2F3DB87B3F3EA87B4F3E087B5F30E
:102DA000EE87B6F31688B7F31388B8F3FE87B9F346
:102DB0000A88BAF31B88BBF32188BCF33988BDF3BA
:102DC0003C88BEF3367FBFF3427FC0F3447FC1F33C
:102DD000457FC2F31082C3F3FA7AC4F3FD7AC5F3D8
:102DE000087BC6F3037BC7F3047BC8F3157BC9F3E9
:102DF0000A7BCAF32B7BCBF30F7BCCF3477BCDF362
:102E0000387BCEF32A7BCFF3197BD0F32E7BD1F323
:102E1000317BD2F3207BD3F3257BD4F3247BD5F312
:102E2000337BD6F33E7BD7F31E7BD8F3587BD9F3A5
:102E30005A7BDAF3457BDBF3757BDCF34C7BDDF30C
:102E40005D7BDEF3607BDFF36E7BE0F37B7BE1F3A6
:102E5000627BE2F3727BE3F3717BE4F3907BE5F357
:102E6000A67BE6F3A77BE7F3B87BE8F3AC7BE9F35B
:102E70009D7BEAF3A87BEBF3857BECF3AA7BEDF378
:102E80009C7BEEF3A27BEFF3AB7BF0F3B47BF1F32F
:102E9000D17BF2F3C17BF3F3CC7BF4F3DD7BF5F371
:102EA000DA7BF6F3E57BF7F3E67BF8F3EA7BF9F3FD
:102EB0000C7CFAF3FE7BFBF3FC7BFCF30F7CFDF355
:102EC000167CFEF30B7C40F4079B41F4099B42F413
:102ED0000A9B43F40B9B44F40C9B45F40D9B46F476
:102EE0000E9B47F4109B48F4119B49F4129B4AF443
:102EF000149B4BF4159B4CF4169B4DF4179B4EF40E
:102F0000189B4FF4199B50F41A9B51F41B9B52F4DD
:102F10001C9B53F41D9B54F41E9B55F4209B56F4AC
:102F2000219B57F4229B58F4249B59F4259B5AF477
:102F3000269B5BF4279B5CF4289B5DF4299B5EF445
:102F40002A9B5FF42B9B60F42C9B61F42D9B62F415
:102F50002E9B63F4309B64F4319B65F4339B66F4E1
:102F6000349B67F4359B68F4369B69F4379B6AF4AD
:102F7000389B6BF4399B6CF43A9B6DF43D9B6EF47B
:102F80003E9B6FF43F9B70F4409B71F4469B72F440
:102F90004A9B73F44B9B74F44C9B75F44E9B76F4F4
:102FA000509B77F4529B78F4539B79F4559B7AF4B9
:102FB000569B7BF4579B7CF4589B7DF4599B7EF485
:102FC0005A9B80F45B9B81F45C9B82F45D9B83F451
:102FD0005E9B84F45F9B85F4609B86F4619B87F421
:102FE000629B88F4639B89F4649B8AF4659B8BF4F1
:102FF000669B8CF4679B8DF4689B8EF4699B8FF4C1
:103000006A9B90F46B9B91F46C9B92F46D9B93F490
:103010006E9B94F46F9B95F4709B96F4719B97F460
:10302000729B98F4739B99F4749B9AF4759B9BF430
:10303000769B9CF4779B9DF4789B9EF4799B9FF400
:103040007A9BA0F47B9BA1F41F7CA2F42A7CA3F4BE
:10305000267CA4F4387CA5F4417CA6F4407CA7F43B
:10306000FE81A8F40182A9F40282AAF40482ABF4DE
:10307000EC81ACF44488ADF42182AEF42282AFF44A
:103080002382B0F42D82B1F42F82B2F42882B3F4FB
:103090002B82B4F43882B5F43B82B6F43382B7F4B1
:1030A0003482B8F43E82B9F44482BAF44982BBF463
:1030B0004B82BCF44F82BDF45A82BEF45F82BFF4EF
:1030C0006882C0F47E88C1F48588C2F48888C3F41D
:1030D000D888C4F4DF88C5F45E89C6F49D7FC7F440
:1030E0009F7FC8F4A77FC9F4AF7FCAF4B07FCBF449
:1030F000B27FCCF47C7CCDF44965CEF4917CCFF4E6
:103100009D7CD0F49C7CD1F49E7CD2F4A27CD3F440
:10311000B27CD4F4BC7CD5F4BD7CD6F4C17CD7F4AD
:10312000C77CD8F4CC7CD9F4CD7CDAF4C87CDBF451
:10313000C57CDCF4D77CDDF4E87CDEF46E82DFF461
:10314000A866E0F4BF7FE1F4CE7FE2F4D57FE3F43C
:10315000E57FE4F4E17FE5F4E67FE6F4E97FE7F478
:10316000EE7FE8F4F37FE9F4F87CEAF4777DEBF4A2
:10317000A67DECF4AE7DEDF4477EEEF49B7EEFF49D
:10318000B89EF0F4B49EF1F4738DF2F4848DF3F4F0
:10319000948DF4F4918DF5F4B18DF6F4678DF7F418
:1031A0006D8DF8F4478CF9F4498CFAF44A91FBF4EC
:1031B0005091FCF44E91FDF44F91FEF4649140F572
:1031C0007C9B41F57D9B42F57E9B43F57F9B44F5BF
:1031D000809B45F5819B46F5829B47F5839B48F58F
:1031E000849B49F5859B4AF5869B4BF5879B4CF55F
:1031F000889B4DF5899B4EF58A9B4FF58B9B50F52F
:103200008C9B51F58D9B52F58E9B53F58F9B54F5FE
:10321000909B55F5919B56F5929B57F5939B58F5CE
:10322000949B59F5959B5AF5969B5BF5979B5CF59E
:10323000989B5DF5999B5EF59A9B5FF59B9B60F56E
:103240009C9B61F59D9B62F59E9B63F59F9B64F53E
:10325000A09B65F5A19B66F5A29B67F5A39B68F50E
:10326000A49B69F5A59B6AF5A69B6BF5A79B6CF5DE
:10327000A89B6DF5A99B6EF5AA9B6FF5AB9B70F5AE
:10328000AC9B71F5AD9B72F5AE9B73F5AF9B74F57E
:10329000B09B75F5B19B76F5B29B77F5B39B78F54E
:1032A000B49B79F5B59B7AF5B69B7BF5B79B7CF51E
:1032B000B89B7DF5B99B7EF5BA9B80F5BB9B81F5EC
:1032C000BC9B82F5BD9B83F5BE9B84F5BF9B85F5BA
:1032D000C09B86F5C19B87F5C29B88F5C39B89F58A
:1032E000C49B8AF5C59B8BF5C69B8CF5C79B8DF55A
:1032F000C89B8EF5C99B8FF5CA9B90F5CB9B91F52A
:10330000CC9B92F5CD9B93F5CE9B94F5CF9B95F5F9
:10331000D09B96F5D19B97F5D29B98F5D39B99F5C9
:10332000D49B9AF5D59B9BF5D69B9CF5D79B9DF599
:10333000D89B9EF5D99B9FF5DA9BA0F5DB9BA1F569
:103340006291A2F56191A3F57091A4F56991A5F53B
:103350006F91A6F57D91A7F57E91A8F57291A9F5DB
:103360007491AAF57991ABF58C91ACF58591ADF599
:103370009091AEF58D91AFF59191B0F5A291B1F527
:10338000A391B2F5AA91B3F5AD91B4F5AE91B5F5AF
:10339000AF91B6F5B591B7F5B491B8F5BA91B9F565
:1033A000558CBAF57E9EBBF5B88DBCF5EB8DBDF5A1
:1033B000058EBEF5598EBFF5698EC0F5B58DC1F588
:1033C000BF8DC2F5BC8DC3F5BA8DC4F5C48DC5F5EE
:1033D000D68DC6F5D78DC7F5DA8DC8F5DE8DC9F562
:1033E000CE8DCAF5CF8DCBF5DB8DCCF5C68DCDF569
:1033F000EC8DCEF5F78DCFF5F88DD0F5E38DD1F5C9
:10340000F98DD2F5FB8DD3F5E48DD4F5098ED5F584
:10341000FD8DD6F5148ED7F51D8ED8F51F8ED9F5F6
:103420002C8EDAF52E8EDBF5238EDCF52F8EDDF576
:103430003A8EDEF5408EDFF5398EE0F5358EE1F51A
:103440003D8EE2F5318EE3F5498EE4F5418EE5F5EA
:10345000428EE6F5518EE7F5528EE8F54A8EE9F593
:10346000708EEAF5768EEBF57C8EECF56F8EEDF5D1
:10347000748EEEF5858EEFF58F8EF0F5948EF1F566
:10348000908EF2F59C8EF3F59E8EF4F5788CF5F522
:10349000828CF6F58A8CF7F5858CF8F5988CF9F521
:1034A000948CFAF59B65FBF5D689FCF5DE89FDF574
:1034B000DA89FEF5DC8940F6DC9B41F6DD9B42F6BD
:1034C000DE9B43F6DF9B44F6E09B45F6E19B46F628
:1034D000E29B47F6E39B48F6E49B49F6E59B4AF6F8
:1034E000E69B4BF6E79B4CF6E89B4DF6E99B4EF6C8
:1034F000EA9B4FF6EB9B50F6EC9B51F6ED9B52F698
:10350000EE9B53F6EF9B54F6F09B55F6F19B56F667
:10351000F29B57F6F39B58F6F49B59F6F59B5AF637
:10352000F69B5BF6F79B5CF6F89B5DF6F99B5EF607
:10353000FA9B5FF6FB9B60F6FC9B61F6FD9B62F6D7
:10354000FE9B63F6FF9B64F6009C65F6019C66F6A5
:10355000029C67F6039C68F6049C69F6059C6AF673
:10356000069C6BF6079C6CF6089C6DF6099C6EF643
:103570000A9C6FF60B9C70F60C9C71F60D9C72F613
:103580000E9C73F60F9C74F6109C75F6119C76F6E3
:10359000129C77F6139C78F6149C79F6159C7AF6B3
:1035A000169C7BF6179C7CF6189C7DF6199C7EF683
:1035B0001A9C80F61B9C81F61C9C82F61D9C83F64F
:1035C0001E9C84F61F9C85F6209C86F6219C87F61F
:1035D000229C88F6239C89F6249C8AF6259C8BF6EF
:1035E000269C8CF6279C8DF6289C8EF6299C8FF6BF
:1035F0002A9C90F62B9C91F62C9C92F62D9C93F68F
:103600002E9C94F62F9C95F6309C96F6319C97F65E
:10361000329C98F6339C99F6349C9AF6359C9BF62E
:10362000369C9CF6379C9DF6389C9EF6399C9FF6FE
:103630003A9CA0F63B9CA1F6E589A2F6EB89A3F69D
:10364000EF89A4F63E8AA5F6268BA6F65397A7F631
:10365000E996A8F6F396A9F6EF96AAF60697ABF6C2
:103660000197ACF60897ADF60F97AEF60E97AFF64A
:103670002A97B0F62D97B1F63097B2F63E97B3F68B
:10368000809FB4F6839FB5F6859FB6F6869FB7F602
:10369000879FB8F6889FB9F6899FBAF68A9FBBF6CE
:1036A0008C9FBCF6FE9EBDF60B9FBEF60D9FBFF62F
:1036B000B996C0F6BC96C1F6BD96C2F6CE96C3F6D4
:1036C000D296C4F6BF77C5F6E096C6F68E92C7F6D8
:1036D000AE92C8F6C892C9F63E93CAF66A93CBF684
:1036E000CA93CCF68F93CDF63E94CEF66B94CFF67C
:1036F0007F9CD0F6829CD1F6859CD2F6869CD3F630
:10370000879CD4F6889CD5F6237AD6F68B9CD7F680
:103710008E9CD8F6909CD9F6919CDAF6929CDBF6BA
:10372000949CDCF6959CDDF69A9CDEF69B9CDFF67D
:103730009E9CE0F69F9CE1F6A09CE2F6A19CE3F63D
:10374000A29CE4F6A39CE5F6A59CE6F6A69CE7F60B
:10375000A79CE8F6A89CE9F6A99CEAF6AB9CEBF6D8
:10376000AD9CECF6AE9CEDF6B09CEEF6B19CEFF69F
:10377000B29CF0F6B39CF1F6B49CF2F6B59CF3F66D
:10378000B69CF4F6B79CF5F6BA9CF6F6BB9CF7F639
:10379000BC9CF8F6BD9CF9F6C49CFAF6C59CFBF6F9
:1037A000C69CFCF6C79CFDF6CA9CFEF6CB9C40F777
:1037B0003C9C41F73D9C42F73E9C43F73F9C44F7BD
:1037C000409C45F7419C46F7429C47F7439C48F78D
:1037D000449C49F7459C4AF7469C4BF7479C4CF75D
:1037E000489C4DF7499C4EF74A9C4FF74B9C50F72D
:1037F0004C9C51F74D9C52F74E9C53F74F9C54F7FD
:10380000509C55F7519C56F7529C57F7539C58F7CC
:10381000549C59F7559C5AF7569C5BF7579C5CF79C
:10382000589C5DF7599C5EF75A9C5FF75B9C60F76C
:103830005C9C61F75D9C62F75E9C63F75F9C64F73C
:10384000609C65F7619C66F7629C67F7639C68F70C
:10385000649C69F7659C6AF7669C6BF7679C6CF7DC
:10386000689C6DF7699C6EF76A9C6FF76B9C70F7AC
:103870006C9C71F76D9C72F76E9C73F76F9C74F77C
:10388000709C75F7719C76F7729C77F7739C78F74C
:10389000749C79F7759C7AF7769C7BF7779C7CF71C
:1038A000789C7DF7799C7EF77A9C80F77B9C81F7EA
:1038B0007D9C82F77E9C83F7809C84F7839C85F7B0
:1038C000849C86F7899C87F78A9C88F78C9C89F76B
:1038D0008F9C8AF7939C8BF7969C8CF7979C8DF71F
:1038E000989C8EF7999C8FF79D9C90F7AA9C91F7D6
:1038F000AC9C92F7AF9C93F7B99C94F7BE9C95F75C
:10390000BF9C96F7C09C97F7C19C98F7C29C99F70B
:10391000C89C9AF7C99C9BF7D19C9CF7D29C9DF7B9
:10392000DA9C9EF7DB9C9FF7E09CA0F7E19CA1F757
:10393000CC9CA2F7CD9CA3F7CE9CA4F7CF9CA5F777
:10394000D09CA6F7D39CA7F7D49CA8F7D59CA9F741
:10395000D79CAAF7D89CABF7D99CACF7DC9CADF709
:10396000DD9CAEF7DF9CAFF7E29CB0F77C97B1F738
:103970008597B2F79197B3F79297B4F79497B5F705
:10398000AF97B6F7AB97B7F7A397B8F7B297B9F772
:10399000B497BAF7B19ABBF7B09ABCF7B79ABDF72C
:1039A000589EBEF7B69ABFF7BA9AC0F7BC9AC1F74D
:1039B000C19AC2F7C09AC3F7C59AC4F7C29AC5F7AD
:1039C000CB9AC6F7CC9AC7F7D19AC8F7459BC9F7E7
:1039D000439BCAF7479BCBF7499BCCF7489BCDF756
:1039E0004D9BCEF7519BCFF7E898D0F70D99D1F7C3
:1039F0002E99D2F75599D3F75499D4F7DF9AD5F782
:103A0000E19AD6F7E69AD7F7EF9AD8F7EB9AD9F773
:103A1000FB9ADAF7ED9ADBF7F99ADCF7089BDDF70A
:103A20000F9BDEF7139BDFF71F9BE0F7239BE1F76C
:103A3000BD9EE2F7BE9EE3F73B7EE4F7829EE5F78C
:103A4000879EE6F7889EE7F78B9EE8F7929EE9F758
:103A5000D693EAF79D9EEBF79F9EECF7DB9EEDF782
:103A6000DC9EEEF7DD9EEFF7E09EF0F7DF9EF1F7CC
:103A7000E29EF2F7E99EF3F7E79EF4F7E59EF5F78D
:103A8000EA9EF6F7EF9EF7F7229FF8F72C9FF9F7DB
:103A90002F9FFAF7399FFBF7379FFCF73D9FFDF704
:103AA0003E9FFEF7449F40F8E39C41F8E49C42F8B7
:103AB000E59C43F8E69C44F8E79C45F8E89C46F80A
:103AC000E99C47F8EA9C48F8EB9C49F8EC9C4AF8DA
:103AD000ED9C4BF8EE9C4CF8EF9C4DF8F09C4EF8AA
:103AE000F19C4FF8F29C50F8F39C51F8F49C52F87A
:103AF000F59C53F8F69C54F8F79C55F8F89C56F84A
:103B0000F99C57F8FA9C58F8FB9C59F8FC9C5AF819
:103B1000FD9C5BF8FE9C5CF8FF9C5DF8009D5EF8E8
:103B2000019D5FF8029D60F8039D61F8049D62F8B5
:103B3000059D63F8069D64F8079D65F8089D66F885
:103B4000099D67F80A9D68F80B9D69F80C9D6AF855
:103B50000D9D6BF80E9D6CF80F9D6DF8109D6EF825
:103B6000119D6FF8129D70F8139D71F8149D72F8F5
:103B7000159D73F8169D74F8179D75F8189D76F8C5
:103B8000199D77F81A9D78F81B9D79F81C9D7AF895
:103B90001D9D7BF81E9D7CF81F9D7DF8209D7EF865
:103BA000219D80F8229D81F8239D82F8249D83F831
:103BB000259D84F8269D85F8279D86F8289D87F801
:103BC000299D88F82A9D89F82B9D8AF82C9D8BF8D1
:103BD0002D9D8CF82E9D8DF82F9D8EF8309D8FF8A1
:103BE000319D90F8329D91F8339D92F8349D93F871
:103BF000359D94F8369D95F8379D96F8389D97F841
:103C0000399D98F83A9D99F83B9D9AF83C9D9BF810
:103C10003D9D9CF83E9D9DF83F9D9EF8409D9FF8E0
:103C2000419DA0F8429D40F9439D41F9449D42F9D0
:103C3000459D43F9469D44F9479D45F9489D46F900
:103C4000499D47F94A9D48F94B9D49F94C9D4AF9D0
:103C50004D9D4BF94E9D4CF94F9D4DF9509D4EF9A0
:103C6000519D4FF9529D50F9539D51F9549D52F970
:103C7000559D53F9569D54F9579D55F9589D56F940
:103C8000599D57F95A9D58F95B9D59F95C9D5AF910
:103C90005D9D5BF95E9D5CF95F9D5DF9609D5EF9E0
:103CA000619D5FF9629D60F9639D61F9649D62F9B0
:103CB000659D63F9669D64F9679D65F9689D66F980
:103CC000699D67F96A9D68F96B9D69F96C9D6AF950
:103CD0006D9D6BF96E9D6CF96F9D6DF9709D6EF920
:103CE000719D6FF9729D70F9739D71F9749D72F9F0
:103CF000759D73F9769D74F9779D75F9789D76F9C0
:103D0000799D77F97A9D78F97B9D79F97C9D7AF98F
:103D10007D9D7BF97E9D7CF97F9D7DF9809D7EF95F
:103D2000819D80F9829D81F9839D82F9849D83F92B
:103D3000859D84F9869D85F9879D86F9889D87F9FB
:103D4000899D88F98A9D89F98B9D8AF98C9D8BF9CB
:103D50008D9D8CF98E9D8DF98F9D8EF9909D8FF99B
:103D6000919D90F9929D91F9939D92F9949D93F96B
:103D7000959D94F9969D95F9979D96F9989D97F93B
:103D8000999D98F99A9D99F99B9D9AF99C9D9BF90B
:103D90009D9D9CF99E9D9DF99F9D9EF9A09D9FF9DB
:103DA000A19DA0F9A29D40FAA39D41FAA49D42FACB
:103DB000A59D43FAA69D44FAA79D45FAA89D46FAFB
:103DC000A99D47FAAA9D48FAAB9D49FAAC9D4AFACB
:103DD000AD9D4BFAAE9D4CFAAF9D4DFAB09D4EFA9B
:103DE000B19D4FFAB29D50FAB39D51FAB49D52FA6B
:103DF000B59D53FAB69D54FAB79D55FAB89D56FA3B
:103E0000B99D57FABA9D58FABB9D59FABC9D5AFA0A
:103E1000BD9D5BFABE9D5CFABF9D5DFAC09D5EFADA
:103E2000C19D5FFAC29D60FAC39D61FAC49D62FAAA
:103E3000C59D63FAC69D64FAC79D65FAC89D66FA7A
:103E4000C99D67FACA9D68FACB9D69FACC9D6AFA4A
:103E5000CD9D6BFACE9D6CFACF9D6DFAD09D6EFA1A
:103E6000D19D6FFAD29D70FAD39D71FAD49D72FAEA
:103E7000D59D73FAD69D74FAD79D75FAD89D76FABA
:103E8000D99D77FADA9D78FADB9D79FADC9D7AFA8A
:103E9000DD9D7BFADE9D7CFADF9D7DFAE09D7EFA5A
:103EA000E19D80FAE29D81FAE39D82FAE49D83FA26
:103EB000E59D84FAE69D85FAE79D86FAE89D87FAF6
:103EC000E99D88FAEA9D89FAEB9D8AFAEC9D8BFAC6
:103ED000ED9D8CFAEE9D8DFAEF9D8EFAF09D8FFA96
:103EE000F19D90FAF29D91FAF39D92FAF49D93FA66
:103EF000F59D94FAF69D95FAF79D96FAF89D97FA36
:103F0000F99D98FAFA9D99FAFB9D9AFAFC9D9BFA05
:103F1000FD9D9CFAFE9D9DFAFF9D9EFA009E9FFAD4
:103F2000019EA0FA029E40FB039E41FB049E42FBC1
:103F3000059E43FB069E44FB079E45FB089E46FBF1
:103F4000099E47FB0A9E48FB0B9E49FB0C9E4AFBC1
:103F50000D9E4BFB0E9E4CFB0F9E4DFB109E4EFB91
:103F6000119E4FFB129E50FB139E51FB149E52FB61
:103F7000159E53FB169E54FB179E55FB189E56FB31
:103F8000199E57FB1A9E58FB1B9E59FB1C9E5AFB01
:103F90001D9E5BFB1E9E5CFB249E5DFB279E5EFBC5
:103FA0002E9E5FFB309E60FB349E61FB3B9E62FB5E
:103FB0003C9E63FB409E64FB4D9E65FB509E66FBF2
:103FC000529E67FB539E68FB549E69FB569E6AFB9C
:103FD000599E6BFB5D9E6CFB5F9E6DFB609E6EFB56
:103FE000619E6FFB629E70FB659E71FB6E9E72FB15
:103FF0006F9E73FB729E74FB749E75FB759E76FBC1
:10400000769E77FB779E78FB789E79FB799E7AFB8C
:104010007A9E7BFB7B9E7CFB7C9E7DFB7D9E7EFB5C
:10402000809E80FB819E81FB839E82FB849E83FB1E
:10403000859E84FB869E85FB899E86FB8A9E87FBE8
:104040008C9E88FB8D9E89FB8E9E8AFB8F9E8BFBB0
:10405000909E8CFB919E8DFB949E8EFB959E8FFB7C
:10406000969E90FB979E91FB989E92FB999E93FB48
:104070009A9E94FB9B9E95FB9C9E96FB9E9E97FB17
:10408000A09E98FBA19E99FBA29E9AFBA39E9BFBE0
:10409000A49E9CFBA59E9DFBA79E9EFBA89E9FFBAE
:1040A000A99EA0FBAA9E40FCAB9E41FCAC9E42FC9C
:1040B000AD9E43FCAE9E44FCAF9E45FCB09E46FCCC
:1040C000B19E47FCB29E48FCB39E49FCB59E4AFC9B
:1040D000B69E4BFCB79E4CFCB99E4DFCBA9E4EFC66
:1040E000BC9E4FFCBF9E50FCC09E51FCC19E52FC2A
:1040F000C29E53FCC39E54FCC59E55FCC69E56FCF6
:10410000C79E57FCC89E58FCCA9E59FCCB9E5AFCC1
:10411000CC9E5BFCD09E5CFCD29E5DFCD39E5EFC84
:10412000D59E5FFCD69E60FCD79E61FCD99E62FC4A
:10413000DA9E63FCDE9E64FCE19E65FCE39E66FC09
:10414000E49E67FCE69E68FCE89E69FCEB9E6AFCC8
:10415000EC9E6BFCED9E6CFCEE9E6DFCF09E6EFC8E
:10416000F19E6FFCF29E70FCF39E71FCF49E72FC5B
:10417000F59E73FCF69E74FCF79E75FCF89E76FC2B
:10418000FA9E77FCFD9E78FCFF9E79FC009F7AFCEE
:10419000019F7BFC029F7CFC039F7DFC049F7EFCB7
:1041A000059F80FC069F81FC079F82FC089F83FC83
:1041B000099F84FC0A9F85FC0C9F86FC0F9F87FC4F
:1041C000119F88FC129F89FC149F8AFC159F8BFC11
:1041D000169F8CFC189F8DFC1A9F8EFC1B9F8FFCDA
:1041E0001C9F90FC1D9F91FC1E9F92FC1F9F93FCA7
:1041F000219F94FC239F95FC249F96FC259F97FC70
:10420000269F98FC279F99FC289F9AFC299F9BFC3E
:104210002A9F9CFC2B9F9DFC2D9F9EFC2E9F9FFC0C
:10422000309FA0FC319F40FD329F41FD339F42FDF6
:10423000349F43FD359F44FD369F45FD389F46FD25
:104240003A9F47FD3C9F48FD3F9F49FD409F4AFDE7
:10425000419F4BFD429F4CFD439F4DFD459F4EFDB1
:10426000469F4FFD479F50FD489F51FD499F52FD7E
:104270004A9F53FD4B9F54FD4C9F55FD4D9F56FD4E
:104280004E9F57FD4F9F58FD529F59FD539F5AFD1A
:10429000549F5BFD559F5CFD569F5DFD579F5EFDE6
:1042A000589F5FFD599F60FD5A9F61FD5B9F62FDB6
:1042B0005C9F63FD5D9F64FD5E9F65FD5F9F66FD86
:1042C000609F67FD619F68FD629F69FD639F6AFD56
:1042D000649F6BFD659F6CFD669F6DFD679F6EFD26
:1042E000689F6FFD699F70FD6A9F71FD6B9F72FDF6
:1042F0006C9F73FD6D9F74FD6E9F75FD6F9F76FDC6
:10430000709F77FD719F78FD729F79FD739F7AFD95
:10431000749F7BFD759F7CFD769F7DFD779F7EFD65
:10432000789F80FD799F81FD7A9F82FD7B9F83FD31
:104330007C9F84FD7D9F85FD7E9F86FD819F87FDFF
:10434000829F88FD8D9F89FD8E9F8AFD8F9F8BFDAB
:10435000909F8CFD919F8DFD929F8EFD939F8FFD71
:10436000949F90FD959F91FD969F92FD979F93FD41
:10437000989F94FD9C9F95FD9D9F96FD9E9F97FD08
:10438000A19F98FDA29F99FDA39F9AFDA49F9BFDCD
:10439000A59F9CFD2CF99DFD79F99EFD95F99FFD4A
:1043A000E7F9A0FDF1F940FE0CFA41FE0DFA42FEDC
:1043B0000EFA43FE0FFA44FE11FA45FE13FA46FECA
:1043C00014FA47FE18FA48FE1FFA49FE20FA4AFE80
:1043D00021FA4BFE23FA4CFE24FA4DFE27FA4EFE3C
:1043E00028FA4FFE29FA0000000061006200630015
:1043F0006400650066006700680069006A006B0081
:104400006C006D006E006F00700071007200730030
:104410007400750076007700780079007A00A100BA
:10442000A200A300A500AC00AF00E000E100E200A4
:10443000E300E400E500E600E700E800E900EA0048
:10444000EB00EC00ED00EE00EF00F000F100F200F8
:10445000F300F400F500F600F800F900FA00FB00A4
:10446000FC00FD00FE00FF00010103010501070142
:1044700009010B010D010F011101130115011701B4
:1044800019011B011D011F01210123012501270124
:1044900029012B012D012F01310133013501370194
:1044A0003A013C013E0140014201440146014801FC
:1044B0004B014D014F015101530155015701590164
:1044C0005B015D015F0161016301650167016901D4
:1044D0006B016D016F0171017301750177017A0143
:1044E0007C017E019201B103B203B303B403B503AF
:1044F000B603B703B803B903BA03BB03BC03BD03D8
:10450000BE03BF03C003C103C303C403C503C60383
:10451000C703C803C903CA03300431043204330497
:104520003404350436043704380439043A043B04AF
:104530003C043D043E043F0440044104420443045F
:104540004404450446044704480449044A044B040F
:104550004C044D044E044F045104520453045404BB
:10456000550456045704580459045A045B045C0467
:104570005E045F0470217121722173217421752101
:1045800076217721782179217A217B217C217D2157
:104590007E217F2141FF42FF43FF44FF45FF46FF4D
:1045A00047FF48FF49FF4AFF4BFF4CFF4DFF4EFFBF
:1045B0004FFF50FF51FF52FF53FF54FF55FF56FF6F
:1045C00057FF58FF59FF5AFF0000410042004300C7
:1045D0004400450046004700480049004A004B009F
:1045E0004C004D004E004F0050005100520053004F
:1045F0005400550056005700580059005A00210039
:10460000E0FFE1FFE5FFE2FFE3FFC000C100C20001
:10461000C300C400C500C600C700C800C900CA0066
:10462000CB00CC00CD00CE00CF00D000D100D20016
:10463000D300D400D500D600D800D900DA00DB00C2
:10464000DC00DD00DE00780100010201040106014A
:1046500008010A010C010E011001120114011601DA
:1046600018011A011C011E0120012201240126014A
:1046700028012A012C012E013001320134013601BA
:1046800039013B013D013F01410143014501470122
:104690004A014C014E01500152015401560158018A
:1046A0005A015C015E0160016201640166016801FA
:1046B0006A016C016E017001720174017601790169
:1046C0007B017D0191019103920393039403950370
:1046D00096039703980399039A039B039C039D03F6
:1046E0009E039F03A003A103A303A403A503A603A2
:1046F000A703A803A903AA031004110412041304B6
:104700001404150416041704180419041A041B04CD
:104710001C041D041E041F0420042104220423047D
:104720002404250426042704280429042A042B042D
:104730002C042D042E042F04010402040304040499
:10474000050406040704080409040A040B040C0405
:104750000E040F046021612162216321642165211F
:1047600066216721682169216A216B216C216D21F5
:104770006E216F2121FF22FF23FF24FF25FF26FF4B
:1047800027FF28FF29FF2AFF2BFF2CFF2DFF2EFFDD
:104790002FFF30FF31FF32FF33FF34FF35FF36FF8D
:1047A00037FF38FF39FF3AFF00003E20486F73742F
:1047B000204C69627261727920496E697469616C1A
:1047C000697A65640D0A003E204465766963652058
:1047D0004174746163686564200D0A003E2044657D
:1047E0007669636520446973636F6E6E6563746593
:1047F000640D0A003E20456E756D65726174696FC7
:104800006E20636F6D706C65746564200D0A003EE8
:1048100020486967682073706565642064657669FF
:1048200063652064657465637465640D0A003E20E9
:1048300046756C6C20737065656420646576696389
:10484000652064657465637465640D0A003E204CE0
:104850006F77207370656564206465766963652091
:1048600064657465637465640D0A003E2044657672
:10487000696365206661756C74200D0A003E204DE9
:104880006173732073746F72616765206465766904
:10489000636520636F6E6E65637465640D0A003E28
:1048A000204849442064657669636520636F6E6EB5
:1048B00065637465640D0A003E2053697A65206F54
:1048C0006620746865206469736B20696E204D42B0
:1048D000797465733A200D0A003E204C554E2041F4
:1048E0007661696C61626C6520696E207468652010
:1048F0006465766963653A0D0A003E204578706C00
:104900006F72696E67206469736B20666C6173688F
:10491000202E2E2E0D0A003E2054686520646973F7
:104920006B2069732077726974652070726F74658B
:10493000637465640D0A003E20554E5245434F5640
:1049400045524544204552524F52205354415445FC
:104950000D0A00004040404040404040404141413D
:104960004141404040404040404040404040404045
:10497000404040400502020202020202020202021C
:1049800002020202202020202020202020200202DB
:10499000020202020290909090909010101010105D
:1049A0001010101010101010101010101010100215
:1049B0000202020202888888888888080808080895
:1049C000080808080808080808080808080808026D
:1049D0000202024054490308CAB1BCE43A2025301F
:1049E00034642D253032642D253032642025303258
:1049F000643A253032643A253032640AC5A8B6C814
:104A00003A20252E3266207070620AB5E7B5BCC226
:104A1000CA3A20252E34662075732F636D0D0A0067
:104A2000404A03080000002000010000DC6B000881
:104A3000404B03080001002048920000EC6B000886
:104A40000000000000000000000000000000000066
:104A5000000A0D000100010000000000000000003D
:104A60000000000000000000000000000000000046
:104A70000001020304010203040607080900000004
:104A80000000000000000000000000000000000026
:104A90000000000000000000000000000000000016
:104AA000E13D0008953D00085537000859380008D9
:104AB00000030000014900082B2F0008E730000820
:104AC000740000200000000000000000754A00088B
:104AD000A1490008A54900086D4B0008B549000828
:104AE000214B0008ED4900082D4A0008A3490008A1
:104AF0006D490008F94A0008494B0008954B000829
:104B0000654A0008CD4B0008F54A0008C549000871
:104B1000BD4B000800000000000000000000000085
:104B20000000000000000000000000000000000085
:104B30000000000000000000000000000000000075
:040000050800018965
:00000001FF
