:020000040800F2
:10000000489300209D010008F51A0008A91900086E
:10001000F11A0008BF0E0008AD67000800000000DC
:10002000000000000000000000000000A120000807
:10003000A517000800000000E11B000815220008B9
:10004000B7010008B7010008B7010008B7010008B0
:10005000B7010008B7010008B7010008B7010008A0
:10006000B7010008B7010008B7010008B701000890
:10007000B7010008B7010008B7010008B701000880
:10008000B7010008B7010008B7010008B701000870
:10009000B7010008B7010008B7010008B701000860
:1000A000B7010008B7010008B7010008B701000850
:1000B0003D24000845240008B7010008B7010008E6
:1000C000B7010008B7010008B7010008B701000830
:1000D000B70100087D270008B7010008B701000834
:1000E000B7010008B7010008B7010008B701000810
:1000F000B7010008B7010008B7010008B701000800
:10010000B7010008B7010008B7010008B7010008EF
:10011000B7010008B7010008B7010008B7010008DF
:10012000B7010008B7010008B7010008B7010008CF
:10013000B7010008B7010008B7010008B7010008BF
:10014000B7010008B7010008B7010008B7010008AF
:10015000B7010008B7010008B7010008012900082D
:10016000B7010008B7010008B7010008B70100088F
:10017000B7010008991B0008B7010008B701000883
:10018000B7010008B7010008DFF80CD000F064FBED
:100190000048004725910008489300200648804702
:1001A00006480047FEE7FEE7FEE7FEE7FEE7FEE75C
:1001B000FEE7FEE7FEE7FEE7992200088901000856
:1001C00040EA01039B0703D009E008C9121F08C0D9
:1001D000042AFAD203E011F8013B00F8013B521E59
:1001E000F9D27047D2B201E000F8012B491EFBD2D0
:1001F00070470022F6E710B513460A460446194632
:10020000FFF7F0FF204610BD421C10F8011B00292B
:10021000FBD1801A704710B5002200E0521C835CAD
:100220008C5CA34201D1002BF8D1D8B2E1B2401AC4
:1002300010BD034611F8012B00F8012B002AF9D15B
:10024000184670470246C9B200E0401C0378002BF4
:10025000FBD102E003788B4203D0401E9042F9D2DA
:100260000020704770B5064606F064FB046805463A
:100270000A220021304600F0C7F82C6070BD00F063
:10028000004230F000400AD0C10D01F56071C0F3AA
:10029000160042EA0151C20840071143704700208E
:1002A0000146704701F0004330B421F0004150EAAC
:1002B000010206D00A0DA2F56072C1F31301002AF3
:1002C00002DC30BC00207047440F44EAC104C10086
:1002D000E01830BC00EBC25000F0CEB830B50B4691
:1002E000014600202022012409E021FA02F59D4266
:1002F00005D303FA02F5491B04FA02F52844151E3A
:10030000A2F10102F1DC30BD2DE9F05F05460020CD
:1003100092469B4688460646814640241BE0284676
:1003200041464746224600F0B8FA53465A46C01A9C
:10033000914110D311461846224600F09FFA2D1A1B
:1003400067EB01084F4622460120002100F096FA93
:1003500017EB00094E41201EA4F10104DFDC4846E2
:1003600031462A464346BDE8F09F00000FB4002303
:1003700000B589B00CA900910B996FF00042CB60D9
:100380001E4B06931E4B07930423CDE901321D4AF1
:10039000089202466B46002000F044FB09B05DF86D
:1003A00014FB70B586B006464FF0FF300091CDE9E2
:1003B0000101002015460C4604903246694604A807
:1003C000FFF7D4FF02460498211825B108B108466A
:1003D00000E020462860049800280DD0002A02DDA5
:1003E0000098884208D0081B0094CDE901043246E9
:1003F000694604A8FFF7BAFF06B070BD5D0C00089F
:100400007B0C0008E90800082DE9F04791460F46EB
:1004100080460446002614F8015B2DB100F060FA16
:100420000068405DC007F6D12B2D02D02D2D18D0CD
:10043000641E4A463946204600F030FC27B1396830
:10044000A14201D1C7F8008071054FF002040BD51D
:100450004042002803DD06F06DFA0460A007BDE805
:10046000F08746F48066E4E70028F8DA06F062FADE
:1004700004606FF00040F2E70029A8BF7047401CFD
:10048000490008BF20F00100704710B4B0FA80FCAA
:1004900000FA0CF050EA010404BF10BC704749B1E7
:1004A000CCF1200421FA04F411FA0CF118BF012157
:1004B00021430843A3EB0C01CB1D4FEA00614FEA37
:1004C000102042BF002010BC704700EBC350104406
:1004D0000029A4BF10BC7047401C490008BF20F091
:1004E000010010BC70472DE9FE4F804681EA0300F1
:1004F000C00F0C46009021F0004123F00045B8EBFE
:100500000200A94105D24046214690461C460B46B2
:10051000024623F00040104347D0270DC7F30A00DE
:10052000C3F30A510290401A019040286BDAC3F3DA
:10053000130040F4801B0098924620B10023D2EBB8
:10054000030A63EB0B0B01985946C0F14002504679
:1005500000F094F906460D4650465946019A00F0BF
:10056000ACF910EB08006141002487EA115284EADB
:10057000E7731A4340D0009A62B3019A012A4FEA06
:10058000075215DC001B61EB02014FF0004202EA4A
:100590000752CDE90042001C41F5801132462B463E
:1005A00000F0DAFB03B0BDE8F08F40462146F9E7E2
:1005B000001B61EB0201001C41F5801300185B4138
:1005C0002018A2F5001747EB030140EAD570B619D1
:1005D0006D4111E06D084FEA360645EAC0754FEAF5
:1005E0000752001B61EB0201001C41F58011490814
:1005F0004FEA30000019514132462B4603B0BDE8A6
:10060000F04F00F09ABB0098012240000023D0EB8D
:10061000020263EBE073009821464FEAE074B8EB06
:10062000000061EB0401E9E783F000435BE781F040
:10063000004158E72DE9FE4F81EA030404F000442D
:1006400021F0004100944FF0000B23F0004350EAEA
:1006500001045ED052EA03045BD0C3F30A54C1F331
:100660000A552C44A4F2F3340194A0FB0254C1F3C4
:10067000130141F48011C3F3130343F4801301FB0E
:10068000024400FB034E840A970A44EA815447EA75
:100690008357A4FB076802958D0A05FB07854FEA7F
:1006A000932C04FB0C542705029D4FEA065847EA99
:1006B0001637B5EB08056EEB070C870E920E47EA6E
:1006C000811742EA8312A7FB0201B6EB0B0164EB30
:1006D00000042B0D43EA0C335E1844EB1C50DA4641
:1006E0005146E7FB0201C5F313044FEA0B3343EA1B
:1006F00014534FEA0432019C43EA0603A4F10C04AC
:100700000294009CCDE900B400F026FB03B0BDE8E4
:10071000F08F00200146F9E72DE9F04D81EA03044E
:1007200004F0004B21F0004514464FF0000A23F07E
:10073000004150EA050220D054EA01021DD0C5F361
:100740000A570246C5F31303C1F31300C1F30A5657
:1007500040F4801543F48013A7EB0608101BD6461F
:1007600008F2FD3873EB050002D308F1010801E03F
:1007700092185B41B8F1000F03DA00200146BDE892
:10078000F08D00204FF48011064684460EE0171BC2
:1007900073EB050705D3121B63EB050306434CEA15
:1007A000010C49084FEA300092185B4150EA0107FA
:1007B000EDD152EA030012D082EA040083EA050177
:1007C000084305D0101BAB4106D20122002306E0EE
:1007D00000224FF0004302E06FF0010253101AEBC9
:1007E00006004CEB085110EB0A0041EB0B01BDE891
:1007F000F04D00F0A2BAC1F30A52C1F3130140F266
:10080000FF3341F480119A4202DA0020014670471A
:1008100040F233439A42A2F2334202DC524200F0E9
:100820003CB800F02BB8000030B5041E71F1000494
:1008300004DB4FF00044404264EB0101141E73F1ED
:10084000000405DB1C464FF00043524263EB0403F7
:10085000994208BF904230BD064C074D06E0E06863
:1008600040F0010394E8070098471034AC42F6D3F7
:10087000FFF78EFCD4460308F4460308202A04DB65
:10088000203A00FA02F1002070479140C2F12003A3
:1008900020FA03F3194390407047202A04DB203AE2
:1008A00021FA02F00021704721FA02F3D040C2F190
:1008B00020029140084319467047202A06DBCB17D7
:1008C000203A41FA02F043EAE07306E041FA02F30B
:1008D000D040C2F120029140084319467047000001
:1008E000004870478846030810B50446FFF7F8FF34
:1008F0000068005D00F0010010BD00002DE9FF4F11
:10090000087883B09946FF2805D0491C2D2804D0CB
:100910000024002008E000200BE00124F9E700EBB0
:10092000800003EB4000491C0B78FF2BF7D104B18A
:10093000404200230293147819461D462D2C01D005
:100940002B2C04D1521C2D2C13D000240294AA4627
:100950001478FF2C0FD00A25A3FB057801FB058135
:100960004FF0000C03FB0C11521CE3194AEB010180
:10097000EEE70124EAE7814453EA010002D019F5C9
:10098000C87F06DA03980021C0E9001107B0BDE86E
:10099000F08F0025AE4E2F46DFF8B882184600F0E3
:1009A00037FACDE90001B9F1000002DAC9F100041B
:1009B00000E004460023A74A1AEB030B42EB045A5B
:1009C00012E0E00707D02A46334638464146FFF793
:1009D00031FE074688462A46334610461946FFF739
:1009E00029FE05460E466410002CEAD1DDE900011F
:1009F000B9F1000F5A46534606DAFFF78DFE3A4624
:100A00004346FFF789FE05E0FFF714FE3A464346EA
:100A1000FFF710FE029A0AB181F00041039AC2E981
:100A20000001B3E72DE9FF4F1F468DB0D7E901461E
:100A30004FF0FF382E2045464FF000090B90B96962
:100A40006D1C0E988847396A824688470028F6D17F
:100A5000BAF1FF3F0AD024F4D064002E11DDBAF1C0
:100A60002B0F08D0BAF12D0F0BD102E0404611B088
:100A70008DE744F48064B9696D1C0E9888478246FE
:100A8000761E6946600501D52D2000E02B208DF8EB
:100A9000000001F1010B0DF1200809E0B9696D1C9E
:100AA0000E98884782460F9844F40074761E0560BD
:100AB000002E02DDBAF1300FF0D00B998A453ED1FD
:100AC00044F0800406E00F99681CA9F1010944F480
:100AD00000740860B9696D1C761E0E9888478246BE
:100AE0003028F0D02BE00B998A4505D1200603D49D
:100AF00044F08004761E18E0504606F01BF808B358
:100B00000DF11301761E44F400748B4508D2AAF14E
:100B100030000BF8010B200607D5A9F1010003E016
:100B2000200602D409F101008146A00502D50F99E3
:100B3000681C0860B9696D1C0E9888478246002EB3
:100B4000D1DC53E0002E51DDBAF1650F02D0BAF1CD
:100B5000450F4BD1A00549D5B9696D1C24F44074EB
:100B6000761E0E9888478246002E0CDD2B2804D076
:100B7000BAF12D0F07D144F48074B9696D1C0E9839
:100B800088478246761EE00501D52D2100E02B2105
:100B900008F8011BCDF82C8021E00DF12901761E0B
:100BA00044F4007488450CD2AAF1300010F0FF0024
:100BB00088F8000002D10B99884509D908F101088D
:100BC00006E0E00501D5244801E042F20F708146BD
:100BD000B9696D1C0E98884782460F980560002EF3
:100BE00004DD504605F0A6FF0028D6D1F9690E981D
:100BF0008847FF208BF8000088F80000002006904E
:100C000007904B466A4608A906A8FFF777FEA0059D
:100C100002D46FF001002AE714F0240F0AD0E00795
:100C200014D1DDE906123868031D3B600068C0E995
:100C300000120BE0DDE90601FFF734FB0146E00797
:100C400004D13868021D3A600068016028460EE74A
:100C5000000014400000F03FF1D8FFFF426842B1AD
:100C6000016811F8013B23B1521EC0E90012184679
:100C700070470121C160881E704742685AB1C3683D
:100C8000016843B983688B4205D0491E521CC0E9F4
:100C90000012002070474FF0FF3070472DE9F05FE1
:100CA00082460078002715468B460AF10104B946B2
:100CB000302801D09DB113E014F8010B01277828EA
:100CC00003D0582801D045B10AE00DB1102D07D14D
:100CD0000027102514F8010B02E0082500E00A2582
:100CE0000026B0460EE005FB080005FB06F10127D3
:100CF00001EB10461FFA80F8B6F5803F00D3B946E5
:100D000014F8010B294600F075F80028EBDABBF166
:100D1000000F05D00FB1641E00E05446CBF8004030
:100D2000B9F1000F06D005F005FE02210160C81ED2
:100D3000BDE8F09F48EA0640FAE710B5141E73F1CB
:100D4000000408DA401C41F1000192185B411A438B
:100D500001D120F0010010BD2DE9F04D92469B46D7
:100D600011B1B1FA81F202E0B0FA80F2203290467D
:100D7000FFF784FD04460F4640EA0A0041EA0B01F2
:100D800053465A46084313D0114653EA010019D07E
:100D9000C8F140025046FFF780FD05460E4650461A
:100DA00059464246FFF76AFD084305D0012004E09A
:100DB00020463946BDE8F08D0020054346EAE0763E
:100DC0002C4337430A986305E40AA0EB080000228D
:100DD000FD0A44EA47540A3002D500200146E9E7FB
:100DE000010510196941DDE9084500196941BDE8AF
:100DF000F04DA2E73A2800D2303820F02002412AF4
:100E000001D3A2F13700884201D34FF0FF30704781
:100E10000EB540F2334202920022CDE90022134681
:100E2000FFF79AFF03B000BD70B505460C460848B1
:100E30000560204600F00EF800BF05480068002855
:100E4000FBD100214FF0804001F023FB70BD00007A
:100E5000DC0000203EB5044600214FF0804001F048
:100E600018FB00220121880701F07BFB022C02D134
:100E70000B20019004E0012C02D142F6DF600190CA
:100E80000520ADF800000020ADF80800ADF8020024
:100E900069464FF0804001F0B7FB0121880701F05F
:100EA000F5FA0121880701F0E5FA012211469007C1
:100EB00001F057FB0121880701F0EBFA3EBD00BFAE
:100EC000FEE72DE9F04305460E464FF6FF7448F263
:100ED000050817E015F8010B00F0A5FD814684EA2E
:100EE000092408270BE004F4004018B188EA440004
:100EF00084B203E04FF6FF7000EA44047F1E002F27
:100F0000F1D100BF301EA6F10106E3D1204600F06A
:100F100077FDBDE8F08300002DE9F04F91B0044665
:100F20000D460026E07C5E2847D1207E5E2844D115
:100F3000601D08F069F9074604F1090008F059F945
:100F4000109004F10B0008F054F90F9004F10D001B
:100F500008F04FF9804604F10F0008F04AF9814685
:100F600004F1110008F045F9824604200E9000209B
:100F70000A900B900C900D9004F114010AA80E9A9F
:100F8000FFF71EF94FF0060B00200690079008901F
:100F900009905A4604F1190106A8FFF711F906A8AD
:100FA0000AA98DE88007CDE9041006A12846DDE9ED
:100FB0000F3205F095FC86B200BF304611B0BDE897
:100FC000F08F0000253032642F253032642F253019
:100FD000346420253032643A253032643A25303288
:100FE000642C25732C25730030B5ADF2F44D002030
:100FF0001090119012906D48016810914068119006
:1010000000208DF848006A48006880B96948008867
:1010100001280CD110A96848FFF70BF910A800F0BF
:10102000D3FE6649088008460088401C0880634853
:101030000388614A62A1664805F052FC5F48038854
:101040005D4A64A113A805F04BFCB0A9002007F08D
:10105000BDFA044634B1214663A005F031FC0DF21F
:10106000F44D30BD66A11DA807F09AFB0446052C7F
:101070000DD163A007F0F7F9044694B1214662A0B0
:1010800005F01EFC0021084607F0A0FAE7E744B18E
:10109000214663A005F014FC0021084607F096FAEB
:1010A000DDE70122002113A807F0C8F8122213A9D6
:1010B00026A807F0A5FA0446002C6AD13D4800880E
:1010C000012866D13A48006880B920225AA108A8B0
:1010D000FFF776F808A8FFF797F805461CAB2A46F5
:1010E00008A926A807F022FC044600BF26A82999D3
:1010F00007F0E2F804465848B0F90000072813DD6D
:1011000040216846FFF775F869462848401FFFF7F9
:1011100003FF0546002D06DD1CAB2A46694626A8BE
:1011200007F004FC044600BF7CB93CA001680F91A5
:101130001CAB02220FA926A807F0F8FB04461CB935
:10114000234946A005F0BCFB00BF26A807F0A4F881
:1011500017480068401C1649086008460068B0F54A
:10116000967F01D3002008600122114613A807F0E2
:1011700065F8044644B9012213A926A807F040FAED
:1011800010B926A807F088F80021084607F01EFAD3
:1011900065E70F493AA005F093FB26A807F07CF815
:1011A0000021084607F012FA00BF58E7352000205A
:1011B00018000020E200002022110020160000206C
:1011C0005325732D253033642E63737600000000A1
:1011D0002B1100202F6373762F5325732D25303369
:1011E000642E637376000000B9D2D4D8CEC4BCFE9E
:1011F000CFB5CDB3CAA7B0DC20282564290D0A00DD
:101200002F63737600000000B4B4BDA8637376C486
:10121000BFC2BCCAA7B0DC20282564290D0A000083
:10122000B4F2BFAA637376C4BFC2BCCAA7B0DC2045
:10123000282564290D0A00005365727669636520CC
:101240004461746154696D652C544F432C436F6E37
:1012500064310D0A00000000E8000020706167653D
:1012600031342E74302E7478743D222573CEC4BC74
:10127000FED0B4C8EBB3C9B9A622FFFFFF0000003F
:101280007061676531342E74302E7478743D222578
:1012900073CEC4BCFED0B4C8EBCAA7B0DC22FFFF3B
:1012A000FF00000010B5ADF5976D00200190029091
:1012B00003905149087051480168019140680290BB
:1012C00000208DF80C004E48006880B94D48008819
:1012D00001280CD101A94C48FEF7ABFF01A800F092
:1012E00029FE4A49088008460088401C0880474873
:1012F0000388454A46A14A4805F0F2FA4348038864
:10130000414A48A104A805F0EBFAA1A9002007F082
:101310005DF9044634B1214647A005F0D1FA0DF538
:10132000976D10BD4AA10EA807F03AFA0446052CA5
:101330000DD147A007F097F8044694B1214646A086
:1013400005F0BEFA0021084607F040F9E7E744B18E
:10135000214647A005F0B4FA0021084607F036F907
:10136000DDE7122204A917A807F04AF90446002C69
:1013700035D124480088012831D117A81A9906F0E0
:101380009BFF04464048B0F90000072809DD3E48AD
:10139000B0F90000C21F0DAB184917A807F0C6FA34
:1013A00004467CB931A0016800910DAB0222694668
:1013B00017A807F0BBFA04461CB9194933A005F079
:1013C0007FFA00BF0E480068401C0D4908600846BF
:1013D0000068B0F5967F06D30020086003E010494E
:1013E00033A005F06DFA17A806F056FF0021084655
:1013F00007F0ECF800BF92E7100000203520002035
:101400000C00002004000020001100201400002027
:101410005325732D253033642E747874000000003A
:10142000091100202F7478742F5325732D25303324
:10143000642E747874000000B9D2D4D8CEC4BCFE37
:10144000CFB5CDB3CAA7B0DC20282564290D0A008A
:101450002F74787400000000B4B4BDA8747874C40C
:10146000BFC2BCCAA7B0DC20282564290D0A000031
:10147000B4F2BFAA747874C4BFC2BCCAA7B0DC20DF
:10148000282564290D0A0000E800002070616765C6
:1014900031342E74302E7478743D222573CEC4BC42
:1014A000FED0B4C8EBB3C9B9A622FFFFFF0000000D
:1014B0007061676531342E74302E7478743D222546
:1014C00073CEC4BCFED0B4C8EBCAA7B0DC22FFFF09
:1014D000FF0000000246094B9A4201D2084801E091
:1014E0000648103801F000531BB1064B0B40C36097
:1014F00002E0044B0B408360704700001064024020
:10150000006002407D0F7D0F21B1026842F00102B0
:10151000026003E0026822F00102026070470000EE
:10152000016821F0010101600021016041608160DA
:10153000C1600161212141614A49884204D13D21B4
:10154000484A103A91608CE046491831884205D1EA
:101550004FF47461434A103A916082E0414930315E
:10156000884205D14FF474113E4A103A916078E0F8
:101570003C494831884205D14FF07461394A103AEC
:1015800091606EE037496031884204D13649354A6E
:10159000103AD16065E033497831884204D133494B
:1015A000304A103AD1605CE02E499031884204D133
:1015B0002F492C4A103AD16053E02A49A831884279
:1015C00005D14FF03D51274A103AD16049E02949F1
:1015D000884204D13D21274A083A116041E025495B
:1015E0001831884205D14FF47461224A083A1160DB
:1015F00037E020493031884205D14FF474111D4A3B
:10160000083A11602DE01B494831884205D14FF05E
:101610007461184A083A116023E016496031884223
:1016200004D11149134A121F11601AE0114978318F
:10163000884204D10D490F4A121F116011E00D4973
:101640009031884204D10A490A4A121F116008E009
:101650000849A831884204D14FF03D51054A121F74
:1016600011607047106002403D000020400F0020D4
:1016700000003D2010640240014600200A6802F08C
:1016800001020AB1012000E00020704701464868CD
:1016900080B2704730B503460A46002000240B4D47
:1016A000AB4201D20A4901E00849103902F0005565
:1016B0000DB14C6800E00C68064D2C4004EA0205B0
:1016C0000DB1012000E0002030BD00001064024098
:1016D000006002407D0F7D0F10B500220268134BA1
:1016E0001A40CC680B6823434C6923438C6923431D
:1016F000CC6923430C6A23434C6A23438C6A2343FB
:101700004C6B23438C6B23431A430260426922F0E3
:101710000702D1E90B3423431A4342610B6943604A
:101720004B6883608B68C36010BD00003F801CF075
:1017300010B500F039FA00F023FE00F0E1FD10BD15
:1017400070B505460C46FF2C16DA2246294611488C
:10175000FEF736FD00211048FFF7D6FE00BF0E4809
:10176000FFF78AFF0028FAD121460B4800F018F84D
:1017700001210948FFF7C8FE09E008490648FFF7BC
:1017800089FF20B105490448FFF7A4FE00E0F4E713
:1017900000BF70BD2F210020A06402400000202067
:1017A000416070477047000008B50F480F4B104A62
:1017B000002100900F4801F0BBFE13E00C490D48DA
:1017C00002F024FF00F042F90B480078012809D10B
:1017D0000A4804F0A3FE002007490870FF210748CB
:1017E000FEF707FDEAE700008C0000206000002003
:1017F000AC1F0020001A0020E7000020302000204D
:10180000F0B50A4600210023002400BF3DE0012579
:1018100005FA01F3156805EA03049C4234D1056812
:101820004F000326BE40B543056015794E00B54014
:101830000668354305601579012D02D01579022D12
:1018400016D185684F000326BE40B54385605579A3
:101850004E00B540866835438560456801268E4058
:10186000B5434560456896798E40B6B235434560CC
:10187000C5684F000326BE40B543C560D5794E000C
:10188000B540C6683543C560491C1029BFD3F0BDBB
:10189000F0B5002300244D07ED0E02FA05F3CE103B
:1018A00000F1200555F826504E07F70E0F26BE40D2
:1018B000B543CF1000F1200646F82750CE1000F1B6
:1018C000200555F8265045EA0304CE1000F1200506
:1018D00045F82640F0BD41837047018370470146BB
:1018E0004869806880B2704708B50146D1F8CC00DD
:1018F000006800900098C0F3414008BD024602F223
:101900009B30405C7047024602F5547050F821004D
:10191000704770B504460E4600250021C4F8101328
:1019200000BF0BE0002104F5457040F825103C3065
:1019300040F825103C304155681CC5B20F2DF1DB35
:101940000821A4F8B2133146204603F04BFE20468E
:1019500003F052FA204603F011F90121204603F06A
:10196000ADFE204603F0A3F9204603F09EFA0020C6
:1019700070BD0146D1F81003704710B504462046EB
:1019800003F00FFE002010BD70B504460D46002187
:1019900004F29B304155113000EB4510416129465E
:1019A000204603F0ADFC70BD09A100200BE00A56F3
:1019B000124B9A8000BF114A128802F04002002A9E
:1019C000F9D0421CD0B22A28F1D300BFFEE70000B4
:1019D0000D0A456E74657220486172644661756CCB
:1019E000745F48616E646C65722C20537973746502
:1019F0006D2048616C742E0D0A000000001001403B
:101A000010B50246002000210AE001238B4013405C
:101A10002BB1C1F10F040123A3409BB21843491C11
:101A20001029F2DB10BD10B50246002000210AE0AB
:101A300001238B4013402BB1C1F107040123A340C4
:101A4000DBB21843491C0829F2DB10BD10B5094868
:101A5000007800B910BD0848007800B1FAE700200E
:101A6000044908704FF400510448FFF736FF00BFE7
:101A7000F0E70000F4000020F50000200010024014
:101A800010B54FF400510548FFF725FF0120044928
:101A9000087014200349087010BD000000100240B7
:101AA000F4000020F50000201CB50121102000F0FA
:101AB00099F84FF46040009001208DF80400032055
:101AC0008DF8050069460948FFF79AFE4FF400516A
:101AD0000648FFF702FF4FF480410448FFF7FDFE80
:101AE0004FF400410148FFF7F8FE1CBD0010024012
:101AF00000BFFEE77047000070B5002100230F22F1
:101B0000C4781CB3174C246804F4E064C4F5E064A2
:101B1000C4F30721C1F10404E3B20A4144789C40B4
:101B2000E1B28478144021430C07210E0E4C057855
:101B30006155047804F01F050124AC4005786D114F
:101B4000AD0005F1E025C5F8004109E0047804F096
:101B50001F050124AC40054D0678761145F8264056
:101B600070BD00000CED00E000E400E080E100E06A
:101B700002490143024A1160704700000000FA0563
:101B80000CED00E0024A0A400243024B1A60704723
:101B900080FFFF1F08ED00E010B5024802F09CFB3B
:101BA00010BD0000001A0020002004E00B4921F8BD
:101BB0001000411C88B2B0F57A7FF7DB002009E005
:101BC000C0F57A718AB200F57A71044B23F81120BE
:101BD000411C88B2B0F57A7FF2DB7047A423002065
:101BE0007047000029B1064A12680243044B1A608C
:101BF00004E0034A12688243014B1A6070470000F8
:101C00003038024029B1064A12680243044B1A6078
:101C100004E0034A12688243014B1A6070470000D7
:101C20004038024029B1064A12680243044B1A6048
:101C300004E0034A12688243014B1A6070470000B7
:101C40002038024029B1064A12680243044B1A6048
:101C500004E0034A12688243014B1A607047000097
:101C60004438024029B1064A12680243044B1A6004
:101C700004E0034A12688243014B1A607047000077
:101C800024380240F0B5002100220024022500265D
:101C90000223324F3F6807F00C0121B1042905D01F
:101CA000082937D105E02E4F076036E02D4F076039
:101CB00033E02A4F3F1F3F68C7F38056274F3F1F2F
:101CC0003F6807F03F036EB1264FB7FBF3F7DFF82D
:101CD0008CC0ACF1040CDCF800C0CCF3881C07FB12
:101CE0000CF40CE01E4FB7FBF3F7DFF870C0ACF15B
:101CF000040CDCF800C0CCF3881C07FB0CF4174F75
:101D00003F1F3F68C7F301477F1C7D00B4FBF5F719
:101D1000076002E0124F076000BF00BF0F4F3F682F
:101D200007F0F0010909104F7A5C0768D740476057
:101D30000A4F3F6807F4E051890A0B4F7A5C476805
:101D4000D7408760054F3F6807F46041490B064F55
:101D50007A5C4768D740C760F0BD00000838024091
:101D60000024F40000127A002D0000200FB410B5FA
:101D7000A2B025A80190802102A8019B249A04F01A
:101D8000C3FD044600200190002C03DD214602A87B
:101D900000F004F822B010BC5DF814FB10B5024648
:101DA000002000BF0AE0135C064CA38000BF054B77
:101DB0001B8803F04003002BF9D0401C8842F2D36B
:101DC00010BD0000001001402DE9F043ADF5297D64
:101DD00080464FF000091CA9002006F0F7FB0446DE
:101DE00044B121463DA004F06BFD00200DF5297D96
:101DF000BDE8F0833FA113A806F0D2FC0446052CF1
:101E000013D13CA006F02FFB04464CB121463BA069
:101E100004F056FD0021084606F0D8FB0020E5E757
:101E200034A113A806F0BCFC0446CDF844D0202011
:101E30001290002C47D13BE09DF8340000F01000D8
:101E400000B135E01198007808B1119801E00DF16A
:101E5000350005462E212846FEF7F4F9074637B32C
:101E60002CA13846FEF7D7F908BB287853281ED195
:101E70002846FEF7C9F90E2819D3687A2D2816D1FD
:101E8000D5F801000890D5F80500099000208DF8DC
:101E9000280005F10A00FEF7E5F90646414608A8C4
:101EA000FEF7B9F918B94E4501DD1FFA86F900BFF2
:101EB0000BA913A806F0B0FC041E08D19DF835004C
:101EC0000028B9D103E0214614A004F0F9FC002158
:101ED000084606F07BFB484688E70000B9D2D4D814
:101EE000B4E6B4A2C9E8B1B8CAA7B0DC202825641A
:101EF000290A00002F63737600000000B4B4BDA867
:101F0000637376C4BFC2BCCAA7B0DC20282564298D
:101F10000A0000002E63737600000000B4F2BFAA2E
:101F2000637376C4BFC2BCCAA7B0DC20282564296D
:101F30000A0000002DE9F043ADF5297D80464FF001
:101F400000091CA9002006F041FB044644B12146CB
:101F50003DA004F0B5FC00200DF5297DBDE8F0831F
:101F60003FA113A806F01CFC0446052C13D13CA08D
:101F700006F079FA04464CB121463BA004F0A0FCDF
:101F80000021084606F022FB0020E5E734A113A853
:101F900006F006FC0446CDF844D020201290002C18
:101FA00047D13BE09DF8340000F0100000B135E06F
:101FB0001198007808B1119801E00DF1350005463F
:101FC0002E212846FEF73EF9074637B32CA13846A6
:101FD000FEF721F908BB287853281ED12846FEF7C2
:101FE00013F90E2819D3687A2D2816D1D5F80100D7
:101FF0000890D5F80500099000208DF8280005F11B
:102000000A00FEF72FF90646414608A8FEF703F935
:1020100018B94E4501DD1FFA86F900BF0BA913A8B8
:1020200006F0FAFB041E08D19DF835000028B9D14E
:1020300003E0214614A004F043FC0021084606F00A
:10204000C5FA484688E70000B9D2D4D8B4E6B4A2AD
:10205000C9E8B1B8CAA7B0DC20282564290A000065
:102060002F74787400000000B4B4BDA8747874C4F0
:10207000BFC2BCCAA7B0DC20282564290A00000022
:102080002E74787400000000B4F2BFAA747874C48F
:10209000BFC2BCCAA7B0DC20282564290A00000002
:1020A0007047000010B5ADF5167D1148006810B9F5
:1020B0000DF5167D10BD0F4803880F4A0FA1684625
:1020C00004F00EFC09A9002006F080FA044624B1B1
:1020D00021460FA004F0F4FBEAE70122114668460E
:1020E00006F0ACF80021084606F070FA00BFDFE702
:1020F0001800002016000020221100202F637376A4
:102100002F5325732D253033642E63737600000022
:10211000B9D2D4D8CEC4BCFECFB5CDB3CAA7B0DC3B
:1021200020282564290D0A000CB50020019000909C
:102130003448006840F480303249086000BF3148BC
:10214000006800F4003000900198401C0190009855
:1021500018B90198B0F5A04FF1D12A48006800F4F1
:10216000003010B10120009001E0002000900098A4
:10217000012846D123484030006840F08050214972
:10218000403108602048006840F480401E490860E3
:102190001C48083000681B49083108600846006880
:1021A00040F4004008600846006840F4A050086011
:1021B0001648091F0860081F006840F08070091F5A
:1021C000086000BF0F48006800F000700028F9D0D8
:1021D00040F205600E4908600A480830006820F0A7
:1021E00003000849083108600846006840F0020012
:1021F000086000BF03480830006800F00C000828A1
:10220000F8D10CBD0038024000700040085440076F
:10221000003C024010B500F001F810BD10B519489F
:10222000006840B117480068401E1649086010B9A0
:10223000012015490870002408E004EB4401134A0A
:1022400002EB810005F025F8601CC4B2042CF4DB1D
:102250000F480068401C0E490860084600686FF08F
:102260000041884202D100200949086009480078ED
:10227000401CC0B2074908700A2801DB0020087022
:1022800010BD000020000020240000204411002088
:10229000280000202C00002010B51548006840F4EC
:1022A0007000134908601348006840F001001149AC
:1022B000086000200F49083108600E4800680E4988
:1022C00008400C4908600D48091D0860081F006897
:1022D00020F48020091F0860002006490C310860A6
:1022E000FFF722FF4FF0006001498039086010BD00
:1022F00088ED00E000380240FFFFF6FE10300024B9
:1023000000B58FB001218805FFF76CFC1948FFF775
:1023100007F900BF1748FFF7AFF90028FAD14FF0CF
:1023200040600090144801901448029040200390AF
:102330004FF4FA600490002005904FF480600690FE
:1023400040000790800008904011099000020A9018
:1023500000200B9003200C9000200D900E906946F9
:102360000448FFF7B9F901210248FFF7CDF80FB093
:1023700000BD00007064024040000140A423002022
:1023800000B58BB001210846FFF75CFC012110204D
:10239000FFF728FC4FF48040099002208DF82800B8
:1023A00003208DF8290000208DF82A0001208DF8E7
:1023B0002B0009A91F48FFF723FA01220E211D480F
:1023C000FFF766FAA720ADF818000020ADF81A0054
:1023D0004FF4FA7007900020ADF820008DF822002D
:1023E00006A9154800F010F96020ADF8040001209E
:1023F000ADF80600002003900220ADF8100001A9FE
:102400000D4800F0B7F808210B4800F0EFF8012163
:10241000094800F02FF801221103074800F087F85F
:102420000121054800F035F80121034800F070F85B
:102430000BB000BD001002400000014010B502F0DA
:1024400073FB10BD10B50121084800F079F860B1A8
:102450000121064800F01AF805480078002804DD3C
:1024600003480078401E0249087010BD0004004077
:10247000F500002021B1028842F08002028004E0D1
:1024800002884FF67F731A4002807047CA43028267
:10249000704721B1028842F00102028004E0028804
:1024A0004FF6FE731A400280704700001FB50121ED
:1024B0000220FFF7A7FB40F2E73002905320ADF86F
:1024C00004000020ADF80600ADF80C0001A90F488B
:1024D00000F09AF8012211460C4800F042F8012160
:1024E0000A48FFF7D6FF4FF4A060FFF741FB1D201D
:1024F0008DF8000001208DF801008DF802008DF8A4
:1025000003006846FFF7F8FA1FBD00000004004012
:1025100031B1B0F8442042F40042A0F8442005E074
:10252000B0F84420C2F30E02A0F8442070471AB15C
:1025300083890B43838102E083898B4383817047C6
:1025400030B50246002000230024158A05EA010365
:10255000958905EA010413B10CB1012000E00020C7
:1025600030BD1AB183890B43838102E083898B4399
:102570008381704770B5002200230024058C4EF63D
:10258000FF7635400584038C8488828B48F6FF757E
:102590002A404FF6FF452A400D884FF6FF7606EA9F
:1025A00005252A434DF6FF752B408D8906EA053532
:1025B0002B434D8806EA05352B430A4DA84202D02D
:1025C000094DA84208D14BF6FF752C400D8A4FF6F5
:1025D000FF7606EA85152C43848082838D68056426
:1025E000038470BD00000140000401400A46002140
:1025F000818B4FF2FF7319404FF6FF7303EA0223FA
:10260000194381837047000000220288184B9842CA
:102610000ED0184B98420BD0B0F1804F08D0164B1B
:10262000984205D0154B984202D0154B984204D1E0
:102630004FF68F731A404B881A43124B984207D0BB
:10264000114B984204D04FF6FF431A400B891A43AE
:1026500002804B68C3620B880385054B984202D009
:10266000044B984201D18B7A038601238382704701
:102670000000014000040140000400400008004048
:10268000000C0040001000400014004000B589B06C
:1026900008210806FFF776FA4FF4A060FFF768FA02
:1026A00025208DF8200001208DF8210000208DF8D4
:1026B000220001208DF8230008A8FFF71DFA012150
:1026C0000920FFF78FFA01211020FFF7BBFA2948F4
:1026D00000F0B0F902A800F0D6FA684600F08EF9D2
:1026E00002208DF81C008DF81D0000208DF81E00C2
:1026F00001208DF81F004002069006A91E48FFF732
:102700007FF8072209211C48FFF7C2F84FF48060C8
:10271000069006A91848FFF773F807220A21164801
:10272000FFF7B6F86946134800F058F94FF4E13066
:1027300002900020ADF80C00ADF80E00ADF81000CE
:10274000ADF814000C20ADF8120002A9094800F001
:1027500027FA012240F22551064800F0FCF940F228
:102760002661044800F02BF90121024800F04CF9E1
:1027700009B000BD001001400000024010B540F259
:1027800025511D4800F0BDF950B31B4880881B49F6
:102790001B4A126888541A480068401C184908608F
:1027A0000846006802280FD308460068801E1349B7
:1027B000085C232808D112480068401E085C2A28BB
:1027C00002D101200F4908700D480068642802D921
:1027D00000200B49086040F22551074800F0EFF84F
:1027E00040F22771044800F08CF920B140F22771C3
:1027F000014800F0E4F810BD001001404023002023
:10280000F0000020EC00002000B58FB00121880509
:10281000FFF7E8F91848FEF783FE00BF1648FEF7F9
:102820002BFF0028FAD14FF0206000901348019050
:102830001348029000200390FF2004900020059090
:102840004FF48060069000200790089009904FF4A4
:1028500080300A9000200B9003200C9000200D90F7
:102860000E9069460448FEF737FF01210248FEF743
:102870004BFE0FB000BD000028640240041401406C
:102880003020002000B58FB001218805FFF7AAF99C
:102890001848FEF745FE00BF1648FEF7EDFE00287B
:1028A000FAD14FF020600090134801901348029035
:1028B00040200390FF200490002005904FF480609A
:1028C000069000200790089009904FF480300A90FD
:1028D00000200B9003200C9000200D900E90694674
:1028E0000448FEF7F9FE01210248FEF70DFE0FB085
:1028F00000BD0000A0640240041401402F2100200C
:1029000010B540F22441234800F0FBF858B340F2E0
:102910002441204800F053F81E4800F0ABF900B203
:102920001D49088000211D48FEF7EEFD1C491B488B
:10293000FEF7D0FD1948FEF7A9FEC0F1FF0000B276
:10294000154908800846B0F90000002802DD012082
:1029500014490870FF211148FEF722FF01210F489A
:10296000FEF7D2FD14E040F226610A4800F0C9F8F3
:1029700070B140F22661074800F021F80A49074883
:102980007830FEF7A7FD002104487830FEF708FFF5
:1029900010BD000000140140E8000020286402403F
:1029A000400F0010E700002000003D2001F40072FD
:1029B000B2F5007F00D100BFCA430280704710B556
:1029C0000022002340F66A14A14200D100BF0A127F
:1029D00001249440A3B2DC43048010BD10B502462C
:1029E0000020108A20F470600B884C8823438C8868
:1029F0002343CC8823431843108210BD002101805B
:102A000041808180C180704721B1828942F40052A7
:102A1000828104E082894DF6FF731A4082817047FB
:102A20001AB1838A0B43838202E0838A8B438382B9
:102A30007047000010B504462548844208D10121A2
:102A40001020FFF70FF900211020FFF70BF93EE0EF
:102A50002048844209D101214804FFF7E3F800210E
:102A60004FF40030FFF7DEF831E01B48844209D113
:102A700001218804FFF7D6F800214FF48020FFF7EA
:102A8000D1F824E01548844209D10121C804FFF798
:102A9000C9F800214FF40020FFF7C4F817E01048F0
:102AA000844209D101210805FFF7BCF800214FF449
:102AB0008010FFF7B7F80AE00A48844207D10121E5
:102AC0002020FFF7CFF800212020FFF7CBF810BD22
:102AD000001001400044004000480040004C00400D
:102AE000005000400014014002460020B1F5007F74
:102AF00000D100BF13880B400BB1012000E0002083
:102B0000704770B50246002400230025002040F6DF
:102B10006A16B14200D100BFC1F3421501F01F0394
:102B2000012606FA03F3012D02D19689334006E00F
:102B3000022D02D1168A334001E0968A33400C12EE
:102B4000012606FA04F41688344013B10CB10120B2
:102B500000E0002070BDF0B50346002400260025EB
:102B6000002040F66A17B94200D100BF1846C1F3F1
:102B7000421401F01F06012707FA06F5012C01D1C6
:102B80000C3004E0022C01D1103000E014301AB1F6
:102B900007682F43076002E00768AF430760F0BD96
:102BA0002DE9FF4705460E460024A14600BFA0467A
:102BB000B08900B100BF2C8A24F44054F08804434B
:102BC0002C82AC8941F20C608443B088318908437F
:102BD000718908430443AC81AC8A24F44074B08901
:102BE0000443AC826846FFF74DF82048854202D086
:102BF0001F48854202D1DDF80C9001E0DDF8089015
:102C0000A88900F4004040B109EBC90000EB0910AD
:102C100031684900B0FBF1F707E009EBC90000EBB0
:102C2000091031688900B0FBF1F76420B7FBF0F0C0
:102C300004012009642101FB1078A88900F40040F8
:102C400040B1322000EBC800B0FBF1F000F007000B
:102C5000044308E0322000EB08106421B0FBF1F0DF
:102C600000F00F0004432C81BDE8FF8700100140F5
:102C70000014014001468888C0F308007047C1F382
:102C80000802828070474FF4165101600021818054
:102C9000C18001810C21418100218181704770B583
:102CA00005460E46284600F0BEF904464FF6FF7072
:102CB000844205D046F4004105F28C5020F81410EF
:102CC000E0B270BD2DE9F04105460E4617461C46A0
:102CD000012105F56B7000EB4410817005F56B70F8
:102CE00000EB4410C66005F56B7000EB4410076103
:102CF00005F56B7000EB4410007E30B9002105F53E
:102D00006B7000EB4410017205E0022105F56B7059
:102D100000EB4410017221462846FEF735FE0020E4
:102D2000BDE8F0812DE9F04105460E4617461C46E8
:102D3000002105F56B7000EB4410817005F56B7098
:102D400000EB4410C66005F56B7000EB44100761A2
:102D500005F56B7000EB4410407E28B905F56B70EB
:102D600000EB4410017205E0022105F56B7000EBE9
:102D70004410017221462846FEF706FE0020BDE8F9
:102D8000F0812DE9F04105460C4616461F4602210A
:102D90002175012161750021E1822683618306F09E
:102DA0008000802805D105F56B7000EB4710017697
:102DB00005E0002105F56B7000EB4710417600231C
:102DC0001A462146284600F02BF8BDE8F08101465E
:102DD0000122C1F81023002070472DE9F04105467B
:102DE0000E4617461C46012105F56B7000EB44109A
:102DF0008170022105F56B7000EB4410017205F53E
:102E00006B7000EB4410C66005F56B7000EB44106E
:102E1000076121462846FEF7B7FD0020BDE8F08196
:102E20002DE9F04180460C4615461E460127E07804
:102E3000012802D0022820D108E032462946204647
:102E400001F0D9FC0220E070012717E0207F0D2857
:102E500005D10120E0700021217700270CE0207FC0
:102E60000B2803D10120E070022705E0207F0C2809
:102E700002D10120E070032700E000BF00BF384608
:102E8000BDE8F0812DE9F04105460F4616461C4687
:102E9000002105F56B7000EB4410817005F56B7037
:102EA00000EB4410C76005F56B7000EB4410066141
:102EB0002EB9012105F56B7000EB4410417605F544
:102EC0006B7000EB4410407E30B9002105F56B704B
:102ED00000EB4410017205E0022105F56B7000EB78
:102EE0004410017221462846FEF74EFD0020BDE841
:102EF000F08170B505460E461446002105F56B704D
:102F000000EB44108170032105F56B7000EB441059
:102F1000017205F56B7000EB4410C660082105F5E1
:102F20006B7000EB4410016121462846FEF72CFD32
:102F3000C0B270BD0246022106E0002302F28C50AE
:102F400020F81130481CC1B20829F6DB0020704778
:102F500070B505460C46002020706070A0700120FE
:102F6000E070012121774021A171002084F8200028
:102F70000121212001552179284600F023F86179AB
:102F8000284600F01FF8002070BD01460022C1F85D
:102F900010230020704770B504460D46052D01D062
:102FA000042D06D1D4F88010486C80470A20207088
:102FB00007E0062D05D10A202070D4F8801008689B
:102FC000804770BD0246082909DA02F28C5030F8B9
:102FD0001100C0F30E0302F28C5020F811300020D3
:102FE00070472DE9F04780460C4616461D46DDE940
:102FF000089746F08001217506216175E58205F488
:103000007F40B0F5407F03D140F20941218301E0C8
:103010000021218367833B464A4621464046FFF70D
:10302000FFFEBDE8F0870246002100BF0AE002F281
:103030008C5030F8110000F4004008B90846704781
:10304000481CC1B20829F2DB4FF6FF70F7E710B554
:1030500002460B88147823440B801378981810BD0F
:103060002DE9FC4104460D461646002704F58870FC
:103070004FF4007300222946CDE900062046FFF7F1
:10308000B0FFB0F1000814D106E004F58870C05D0F
:103090000949C855781C87B2B742F6DB04F5887336
:1030A00005F1500205F13E0105F13400009601F0F2
:1030B000B5F94046BDE8FC81001800202DE9FC412F
:1030C00004460D46164604F588704FF480730022BE
:1030D0002946CDE900062046FFF783FF071E06D1EB
:1030E000324604F5887105F1220001F025FA3846D0
:1030F000BDE8FC812DE9FC470446884615461E467E
:103100000A9F04F5887045F4407300224146CDE9DA
:1031100000072046FFF765FFB0F1000905D13A46E8
:10312000314604F5887001F056FA4846BDE8FC8740
:103130002DE9F04106460C464FF00008002500211D
:10314000A174207F0C2876D2DFE800F0FD060F3D49
:10315000466576919AC0D7ED627904F11401304644
:10316000FFF7C7FE02212177EEE061793046FEF7D6
:10317000C5FB0546012D1FD1207D00F08007608B27
:1031800058B141F2883072490880802F02D1032162
:1031900021770CE00521217709E032206C49088075
:1031A000802F02D10921217701E0072121773046C4
:1031B000FEF795FB208205E0032D03D10B2121773B
:1031C0000521A174C0E02379A2893046A168FFF7E8
:1031D00004FE04212177B7E021793046FEF78EFB0B
:1031E0000546012D01D109212177042D02D16078F6
:1031F00020700FE0032D02D10B2121770AE0304629
:10320000FEF76DFB218A401A51490988884201D98D
:103210000B21217798E00121627906F56B7000EBB4
:10322000421041766379A2893046A168FFF72AFEF1
:103230000621217788E086E061793046FEF75EFB63
:103240000546012D02D1072121770FE0042D04D17D
:10325000607820700C21217708E0022D02D1052131
:10326000217703E0032D01D10B2121776CE0237935
:10327000002211463046FFF7B0FD0821217763E0B8
:1032800021793046FEF73AFB0546012D04D16078DE
:1032900020700D21217718E0032D02D10B21217719
:1032A00013E03046FEF71BFB218A401A28490988A3
:1032B000884202D90B21217707E0042D05D16078DF
:1032C00020700421A1744FF003083DE0617906F5F8
:1032D0006B7000EB4110407E80F00101627906F5D1
:1032E0006B7000EB42104176637900221146304644
:1032F000FFF7C8FD0A21217726E061793046FEF705
:10330000FDFA0546012D04D1607820700D2121774A
:1033100008E0022D02D10921217703E0032D01D11C
:103320000B21217710E0A07B401CC1B2A1730229C0
:1033300002DC0121217705E00821A174607820706A
:103340004FF0020800E000BF00BF4046BDE8F0813A
:103350008400002070B592B005460C460126A07886
:103360000A287AD2DFE800F00528375D667A97B43C
:10337000D1DB082221462846FFF7A0FED8B994F8F1
:103380002910A1712846FEF7F8FA0120A070A07953
:103390000021CDE90010617900231A46284600F08B
:1033A00069FFA0790021CDE90010217900231A4698
:1033B000284600F05FFFB5E0122221462846FFF7BD
:1033C0007DFE38B9D4F88000C16904F12200884735
:1033D0000220A070A6E001222146284601F0E5F96E
:1033E000F0B9022001F0BCFB0120A41CA077D4F8A6
:1033F0007E10086A80470320207000200090019012
:10340000A27FA1780346284600F034FF00200090F8
:103410000190A27FA41E61790346284600F02AFF8E
:1034200080E0092221462846FFF71AFE08B9042049
:10343000A07077E0E28E21462846FFF711FE58B9CA
:10344000D4F8800004F1500204F13E01436A04F113
:10345000340098470520A07064E062E094F83000E2
:1034600088B1FF20009094F8302002AB2146284616
:10347000FFF740FE70B9D4F88000816A02A888473F
:103480000620A07006E0D4F88000816A27A0884753
:103490000620A07046E094F8310088B1FF2000902B
:1034A00094F8312002AB21462846FFF723FE70B97D
:1034B000D4F88000C16A02A888470720A07006E0FF
:1034C000D4F88000C16A19A088470720A07029E0BD
:1034D00094F8320088B1FF20009094F8322002ABBB
:1034E00021462846FFF706FE70B9D4F88000016B2C
:1034F00002A888470820A07006E0D4F88000016B7D
:103500000AA088470820A0700CE094F839202146D2
:10351000284601F05DF908B90920A07002E00026F4
:1035200000E000BF00BF304612B070BD4E2F41001A
:103530002DE9F04106460F4614461D46DDF8188079
:10354000304601F0AFFA002001F094FA21463046EF
:10355000FFF7FEFCE567C4F8808039463046FEF789
:10356000D8F9D4F8801008688047304601F084FA12
:10357000BDE8F08170B505460C4621212175FF217B
:1035800061750021E1822183618300231A4621466F
:103590002846FFF745FC70BD2DE9F04105460E4673
:1035A0001446012714B1012C12D108E01048037809
:1035B000C27831462846FFF7E4FB074609E00C488D
:1035C0004378827831462846FFF7DBFB074600E068
:1035D00000BF00BF07480068401C06490860084655
:1035E0000068042800D904273846BDE8F0810000AF
:1035F000E41100204000002010B502460020002306
:10360000014C237010BD0000D41100202DE9F041C1
:1036100005460F46002601242846FEF7AAF920B3E6
:10362000154801782846FEF76EF906460D2E01D0A2
:1036300002241CE0114800681149884216D10F4845
:10364000406810494968884211D10C48007B08B98C
:1036500000240CE00948007B012801D1012406E088
:103660000648007B022802D1022400E0022406481A
:10367000C4732046BDE8F081E4110020C41100208D
:1036800055534253A4110020D4110020012812D117
:103690000D490978491C0C4A1170114609780A290C
:1036A00005DA0621094A11700121D1700AE00A21C8
:1036B000064A117006E0022803D10A21034A11705C
:1036C00000E000BF704700005C000020D411002023
:1036D00070B505460C46A1212175FE2161750021BA
:1036E000E1822183012161830123034A2146284687
:1036F000FFF796FB70BD0000EC1100202DE9F047AC
:1037000081460F463E46012403254FF000084846F7
:10371000FEF72FF9002878D05E4800780B2875D284
:10372000DFE800F0060D1E5566798A999E44B000C8
:10373000484600F05FFA012056490870A5E0394676
:103740004846FFF717FF044614B902205149087094
:10375000032C04D102204F4948700920087094E0DE
:1037600039464846FFF7B4FF0446BCB94A48007AD8
:10377000494981F80802084690F8080200280ADD45
:103780004648007838B9012044490870D6F88010BE
:10379000086C804779E003203E490870032C04D16F
:1037A00003203C494870092008706EE073790022BC
:1037B00039464846FFF7E5FA04463CB90020364949
:1037C00081F8080233484078324908705DE0484685
:1037D00000F086FC05463DB904202E490870002003
:1037E0002F490870002402E02846FFF74FFF4CE005
:1037F000484600F097FB05464DB90520254908705D
:10380000002027490870002404E03FE03CE02846FF
:10381000FFF73CFF39E0484600F09CFA05463DB909
:1038200008201C49087000201D490870002402E08F
:103830002846FFF72BFF28E0484600F0E1FB05464D
:103840002DB91448407813490870002402E0284636
:10385000FFF71CFF19E03946484600F023F814E052
:10386000D6F88010C86B804700F0FF08B8F1000F51
:1038700003D108200749087003E0B8F1010F00D117
:10388000062402E0042400E000BF00BF2046BDE89B
:10389000F0870000D4110020E41100207000002007
:1038A0005C0000202DE9F047804689460024404610
:1038B000FEF75FF800287DD0C548007909287AD244
:1038C000DFE800F079051251A3FDFCFBFA00C148C6
:1038D00043781F22C0494046FFF724FA0120BC4923
:1038E00048710220087170E1BA4841784046FEF7FD
:1038F00005F80446012C26D10020B84908600220B2
:10390000B3494871B448007B00F08007B248806832
:10391000A8B1B1488068B2490860AD488068B14933
:10392000086008460068B0490860802F03D1032072
:10393000A749087116E00420A549087112E0052086
:10394000A34908710EE0022C04D1A1484079A04996
:10395000087107E0042C05D10120A4490870082053
:103960009B49087131E19B4801784046FDF7C6FF4D
:103970000446012C03D09648407903283AD0002011
:10398000964908600320924948719248808894497A
:103990000968884219D28F48037882889148016863
:1039A0004046FFF78FF98B4880888D490968081ACF
:1039B0008B4901E00AE107E108608648808889496F
:1039C00009680844874908601EE08548006818B9FE
:1039D00005207F49087117E07E48037880480088F9
:1039E00082B2804801684046FFF76CF900207C49AC
:1039F000086009E0042C07D100207C4908700720EA
:103A00007349087105204871DFE0724841784046EB
:103A1000FDF774FF0446012C3BD100206F4908607C
:103A200004206B4948716B48C0886D490968884219
:103A30001AD268484378C2886A4801684046FFF74E
:103A400071F968480068684908606248C08865493B
:103A500009680844634908605E48C088604909688D
:103A6000081A5F49086042E05D48006818B90520FF
:103A7000574908713BE0574843785948008882B25B
:103A8000584801684046FFF74DF900205449086046
:103A90002DE0022C21D1534800685349096888421F
:103AA00012D04C484378C288C088DFF838C1DCF8AF
:103AB00000C0ACEB000103E074E059E037E017E030
:103AC0004046FFF72FF912E042484378C288454844
:103AD00001684046FFF726F909E0042C07D10120D0
:103AE0004249087008203A490871052048716CE085
:103AF0000520374948713E4888603F2088810D265F
:103B000004E000203A498855701EC6B2002EF8D154
:103B10000020374908702F4803782D483F228168DC
:103B20004046FFF7CFF80620294908714DE02948A3
:103B300001784046FDF7E2FE0446012C0FD100203B
:103B40002649086005202249487108468078087097
:103B500049464046FFF75AFD1D49C87307E0042C4B
:103B600005D10020214908700720194908712CE06F
:103B7000002249464046FFF70FFD054665B91B4840
:103B80000078022803D108201149087109E0104883
:103B900040790F49087104E0042D02D102200C493C
:103BA000C87312E0012249464046FFF7F5FC05467E
:103BB00025B9074840790649087104E0042D02D16F
:103BC00002200349C87300E000BF00BFBDE8F087D2
:103BD000D4110020E4110020A41100204000002096
:103BE00044000020480000204C000020500000202D
:103BF000C411002010B504462046FDF7BAFE48B1B6
:103C000007480849086008484860002048730120B8
:103C10000649C8700020064908600649087010BDB2
:103C200055534243A411002050403020D4110020AD
:103C3000400000205C00002070B504460D4610488E
:103C4000407860B10E484178204601F0FCF90C48FC
:103C500041782046FFF7B6F9002009494870084826
:103C6000007860B106480178204601F0ECF904487C
:103C700001782046FFF7A6F900200149087070BDC1
:103C8000E41100207CB506460D462C4694F843000E
:103C9000082856D194F84500502852D194F8520083
:103CA00000F0800038B194F852002949C870B4F887
:103CB0005400888006E094F8520025498870B4F8D2
:103CC0005400C88094F85A0000F0800038B194F88D
:103CD0005A001F49C870B4F85C00888006E094F868
:103CE0005A001B498870B4F85C00C8801848817875
:103CF0003046FEF7D4FF164948700846C178304672
:103D0000FEF7CDFF124908700846C0880221CDE9B0
:103D100000102120035D94F820200D4841783046A2
:103D200000F02EFB0A4880880221CDE900102120F6
:103D3000035D94F8202006480178304600F020FB0F
:103D400003E0D4F88010086C804700207CBD0000A0
:103D5000E411002070B5054603262846FDF709FE4C
:103D6000002855D02B48C078012802D002284DD118
:103D700027E03F2028498860802008730A20887344
:103D800026482449886005208870102405E0002119
:103D900021480F300155601EC4B2002CF7D11A2003
:103DA0001D49C8733F211C484174C1740120194941
:103DB0000871072008700320C8730220C87003260A
:103DC00025E01448C07B80B91448807800F080005A
:103DD00018B101201249087302E00020104908734D
:103DE00001200C49C87000260FE00A48C07B01285A
:103DF00003D10849C870012607E00648C07B0228A5
:103E000003D101200349C870022600E000BF00BFB3
:103E1000304670BDD4110020A411002000140020F1
:103E2000F0130020FFB581B007460E461D46032063
:103E3000394908703846FDF79CFD002867D037489F
:103E4000C078012802D002285FD139E0344885606B
:103E50008020334908730A20887330488660102414
:103E600005E000212E480F300155601EC4B2002C21
:103E7000F7D128202A49C8739DF80F1028484174AB
:103E80009DF80E1081749DF80D10C1749DF80C10F2
:103E90000175C5F34F2000909DF8011020488175F1
:103EA0009DF80010C17501201C4908710720087099
:103EB0000320C8730220C87003201749087025E04A
:103EC0001648C07B50B93846FDF753FD30B101208C
:103ED0001249C87000201049087015E00F48C07BD7
:103EE000012807D13846FDF744FD18B101200B49E0
:103EF000C87009E00948C07B022805D101200749A4
:103F0000C87002200449087000E000BF00BF0248EA
:103F1000007805B0F0BD000071000020D411002031
:103F2000A411002070B5054603262846FDF721FDA3
:103F300000285AD02E48C078012802D0022852D139
:103F400023E008202B498860802008730A208873AA
:103F500029482749886004208870102405E0002142
:103F600024480F300155601EC4B2002CF7D1252023
:103F70002049C87301201E490871072008700320DA
:103F8000C8730220C87003262EE01948C07BC8B948
:103F9000194800781949C870174840788870164841
:103FA000807848701448C0780870134881791348A5
:103FB00041721148C0791149087201200C49C8703A
:103FC00000260FE00A48C07B012803D10849C870C9
:103FD000012607E00648C07B022803D101200449DE
:103FE000C870022600E000BF00BF304670BD000070
:103FF000D4110020A411002000140020F013002090
:1040000070B5054603262846FDF7B3FC00285DD0B1
:104010002F48C078012802D0022855D12BE03F203C
:104020002C498860802008730A2088732A48284910
:10403000886008468078487006208870102405E063
:10404000002124480F300155601EC4B2002CF7D166
:1040500003202049C87300211E4801743F21C17408
:1040600001201B490871072008700320C873022033
:10407000C870032629E01648C07BA0B9164801780D
:104080001648C171144841781448817112488178EA
:10409000124841711048C0781049087101200C493C
:1040A000C87000260FE00A48C07B012803D10849E8
:1040B000C870012607E00648C07B022803D1012012
:1040C0000349C870022600E000BF00BF304670BD43
:1040D000D4110020A411002000140020F0130020AF
:1040E00070B5054603262846FDF743FC002846D058
:1040F0002448C078012802D002283ED124E00020C4
:104100002149886008730620887320481D4988600B
:104110003F20888103208870102405E000211A4880
:104120000F300155601EC4B2002CF7D10020164993
:10413000C873012013490871072008700320C87351
:104140000220C870032619E00E48C07B20B9012068
:104150000C49C87000260FE00A48C07B012803D133
:104160000849C870012607E00648C07B022803D131
:1041700001200449C870022600E000BF00BF30469D
:1041800070BD0000D4110020A4110020C411002033
:104190002DE9FF4182B007460E461D464FF0030849
:1041A0003846FDF7E6FB00285BD03048C078012890
:1041B00002D0022853D138E02D48856000202C49D8
:1041C00008730A20887329488660102405E00021BE
:1041D00027480F300155601EC4B2002CF7D12A20A9
:1041E0002349C8739DF81310214841749DF812109B
:1041F00081749DF81110C1749DF810100175C5F3FC
:104200004F2001909DF80510194881759DF8041004
:10421000C175012015490871072008700320C87373
:104220000220C8704FF003081AE01048C07B28B97C
:1042300001200E49C8704FF000080FE00B48C07B0A
:10424000012802D10949C87008E00848C07B02284B
:1042500004D101200549C8704FF0020800E000BFFA
:1042600000BF404606B0BDE8F0810000D411002038
:10427000A41100202DE9F04704460D4617461E46BE
:10428000DDE9089827B104F56B7000EB4510077065
:1042900004F56B7000EB4510C088404508D0B8F1BC
:1042A000000F05D004F56B7000EB4510A0F80680F8
:1042B00004F56B7000EB4510C078B04205D026B114
:1042C00004F56B7000EB4510C6702946204600F0DF
:1042D000FBFE0020BDE8F08738B50546002400202D
:1042E0000090284601F01BF9002847D0284601F02D
:1042F00020F90090009808B9002038BD0098C0F35C
:10430000C00018B1284602F0D3F804430098C0F367
:10431000001018B1284602F018F804430098C0F3C2
:10432000401018B1284601F052FE04430098C0F333
:10433000806018B1284601F071FF04430098C0F373
:10434000406018B1284601F01AFA04430098C0F3FF
:10435000006018B1284601F0D1FE04430098C0F374
:10436000407018B1284601F0D1F904430098C0F319
:10437000405018B1284601F0DFF904432046BCE75D
:104380002DE9F04704460D4617461E46DDE908892B
:1043900004F28C5010F8150000F07F0104F56B70EA
:1043A00000EB4510417004F28C5010F81500C0F37A
:1043B000C01104F56B7000EB4510817004F56B7053
:1043C00000EB4510077004F56B7000EB451080F8AA
:1043D000058004F56B7000EB4510A0F8069004F51D
:1043E0006B7000EB4510C670002104F56B7000EB9C
:1043F0004510017604F56B7000EB451041762EB93F
:10440000012104F56B7000EB45100171294620462F
:1044100000F05AFE0020BDE8F08700002DE9F04FC3
:1044200085B00646894692461D462C460027B8466A
:1044300000BF2878307068787070A978E87801EB50
:10444000002070802879307168797071A879B07116
:10445000E879F071287A30720E98092864DD092015
:104460000090307902285ADCBB4653E0694620466A
:10447000FEF7EDFD0446607804284BD1A07847B2E2
:1044800007EBC70000EB090BE078032842DA21466E
:1044900002A800F08DF84FF000089DF80C000228EB
:1044A00038DC32E069462046FEF7D1FD04466078EC
:1044B00005282AD10AEB071000EBC80001901C4820
:1044C0000078B84206D01A490F7002A9584600F089
:1044D0006FF80CE02179607901EB0020154909881B
:1044E000884200DA15E002A9584600F061F821463A
:1044F000019800F04DF82179607901EB00200D4919
:10450000088008F101004FFA80F89DF80C00404542
:10451000C8DC00BF7088BDF800108842A6DC00200F
:10452000044908800249087005B0BDE8F08F00001A
:10453000880000208600002010B50B7803704B78AF
:1045400043708C78CB7804EB032343800B790371A1
:104550004B7943718B798371CB79C371082A16DD4E
:104560000C7A4B7A04EB032303818C7ACB7A04EB2D
:10457000032343810C7B4B7B04EB032383818B7BE5
:104580008373CB7BC3730B7C03744B7C437410BD70
:104590000A7802704A7842708A788270CA78C2704B
:1045A0000B794A7903EB022282808A798271704703
:1045B0000A7802704A7842708A788270CA78C2702B
:1045C0000A7902714A7942718A798271CA79C27113
:1045D0000A7A0272704730B513464578032D14D11C
:1045E0000578AD1E9D4202DC0578AD1E00E01D463B
:1045F000ACB2801C002204E0855C0D70491C951C47
:10460000AAB2A242F8DB00250D7030BD3EB50546CA
:104610000C46022002902846FDF7ABF930B920780D
:1046200020B12078022801D00220207020780B28A9
:1046300075D2DFE800F006109CB44D687B87598C7A
:104640008D002846FDF795F920B1012020706420E7
:1046500000F086FAA4E0D4F8801088688047002132
:104660002846FEF71CFB607180212846FEF717FBE9
:1046700020712846FDF781F948BBD4F88010C8683E
:1046800080472846FDF730F9C1B2212001550420AA
:1046900020702122105DD4F8802091698847A0798C
:1046A0000021CDE900102120035D94F8202021791C
:1046B0002846FFF765FEA0790021CDE900102120F2
:1046C000035D94F8202061792846FFF759FE67E0E2
:1046D00021462846FEF73EFE28B9D4F88010486BE4
:1046E0008047082020705BE0D4F88010886B8047FA
:1046F000012807D1E06F214602682846904708B993
:10470000052020704CE0E06F2146826828469047E3
:1047100002909DF8080018B90620207005E03EE0E0
:104720009DF808102046FEF736FC39E0E06F214680
:10473000C2682846904702909DF808102046FEF770
:104740002AFC2DE021462846FEF7F2FC28E027E06F
:1047500021462846FEF7FCFBD4F8801048688047C5
:10476000E06F04F1200142682846904718E0D4F831
:1047700080100869804721462846FEF7E9FBD4F8F7
:10478000801048688047E06F04F1200142682846A5
:1047900090472846FEF7CEFB0020207000E000BFC7
:1047A00000BF3EBD01460020704770B506460C466E
:1047B00015460021217505216175E58200212183BF
:1047C000618300231A4621463046FEF729FB70BD5F
:1047D00070B506460C461546002121750921617504
:1047E000E58200212183618300231A462146304659
:1047F000FEF716FB70BD10B50346187858700720F9
:10480000187099609A8101241C77002010BD000067
:104810002DE9F04106460C461746254668790828DA
:1048200003D1064802F04CF805E06879032802D16C
:10483000034802F045F8BDE8F08100003145030867
:10484000534503087047704710B5024802F038F826
:1048500010BD00007B44030810B5024802F030F898
:1048600010BD00009044030810B502A002F028F823
:1048700010BD00003E20446576696365206E6F744C
:1048800020737570706F727465642E0D0A000000DD
:1048900010B504461CB90A4802F012F80EE0012CCB
:1048A00003D1084802F00CF808E0022C03D10648B6
:1048B00002F006F802E0054802F002F810BD000020
:1048C000C3440308E2440308014503081F450308E5
:1048D00070B504462546298903A001F0F1FF6989D6
:1048E00005A001F0EDFF70BD3E20564944203A205E
:1048F00025303458680D0A003E20504944203A20A3
:1049000025303458680D0A0010B5024801F0D8FF70
:1049100010BD0000A844030810B50848007858B935
:1049200001200649087006A001F0CAFF0AA001F0A4
:10493000C7FF11A001F0C4FF10BD0000D40000208B
:104940003E20555342204F5447204853204D534357
:1049500020486F73740D0A003E2055534220486F63
:104960007374206C696272617279207374617274FD
:1049700065642E0D0A00000020202020205553429F
:1049800020486F7374204C696272617279207632AC
:104990002E312E300D0A00000020704710B504465D
:1049A000214602A001F08CFF10BD00003E204D61A9
:1049B0006E756661637475726572203A2025737234
:1049C0000D0A000010B502A001F07AFF10BD000032
:1049D0003E204F76657263757272656E74206465F1
:1049E0007465637465642E0D0A00000010B50446FA
:1049F000214602A001F064FF10BD00003E2050726D
:104A00006F64756374203A2025730D0A000000005E
:104A100010B502A001F054FF10BD00003E20555318
:104A200042485F5553525F526573657444657669B9
:104A30006365200D0A00000010B50446214602A05F
:104A400001F03EFF10BD00003E2053657269616CAD
:104A5000204E756D626572203A2025730D0A0000A4
:104A600010B5024801F02CFF10BD0000EB45030813
:104A7000012070477047704738B504464FF4C06056
:104A8000FDF776F84D208DF8000001208DF801002B
:104A900000208DF8020001208DF803006846FDF724
:104AA0002BF838BD1CB5044601210220FDF79AF809
:104AB0004FF44040009003208DF8050002208DF84F
:104AC000040069460948FCF79BFE0C220E210748AA
:104AD000FCF7DEFE0C220F210448FCF7D9FE012171
:104AE0004807FDF77FF800F003F81CBD0004024002
:104AF00008B500214FF00060FDF744F84FF4A060C6
:104B0000FDF736F81C208DF8000001208DF801001B
:104B10008DF802008DF803006846FCF7EDFF0121D7
:104B20000846FDF76FF808BD10B501218807FDF7AD
:104B300007FD88B101218807FDF7A8FC0748006838
:104B400028B106480068401E0449086004E00021BE
:104B50004FF08040FDF79DFC10BD0000DC00002000
:104B600010B5044601212046FCF75EF910BD10B5D2
:104B7000044602212046FCF757F910BD3EB5044615
:104B800000250020029001900090207A012843D156
:104B9000E068806B0190019820F480300190607A89
:104BA00028B1019820F4801000F580100190019840
:104BB000E168886300200290E068C0680290029873
:104BC00020F040000290029820F4801000F5801040
:104BD0000290029820F480000290029820F40030A5
:104BE0000290029820F4002002900298E168C860C8
:104BF000204600F0C9F8E078012843D1009820F061
:104C00001E000A300090009820F020002030009014
:104C10000098E168886035E0E068C068029002981A
:104C200020F04000403002900298E168C8602046C1
:104C300000F0AAF800200190019820F4803000F5DF
:104C400080300190019820F4802000F580200190B0
:104C5000019820F4002000F500200190019820F434
:104C6000001000F500100190607A28B1019820F43E
:104C7000801000F5801001900198E168886314208D
:104C8000FFF76EFFE07801280FD1E06880680090A0
:104C9000009820F01E000A300090009820F02000BC
:104CA000203000900098E168886028463EBDFEB53F
:104CB0000446002600250020029001900090204626
:104CC000FFF7D8FE0021D4F80C010160207A0128FA
:104CD00003D1204600F00FFC03E00121204600F044
:104CE0000AFC204600F05DFC6069006800900098B6
:104CF00020F004000090009960690160E07A00BB38
:104D00004FF40070E168486202986FF30F0000F5FD
:104D100000700290029880B200F1807002900298B8
:104D2000E168886201986FF30F0000F54070019010
:104D3000019880B200F1807001900198E168C1F89B
:104D400000011021204600F021F9204600F0F8F87B
:104D500000250DE04FF0FF3104F1900050F82500E0
:104D60008160002104F1900050F82500C1606D1CA5
:104D70002078A842EED80121204600F04EF82046C7
:104D800000F0A4F83046FEBDF8B504460026002524
:104D90000020009000BF0320FFF7E9FEE0680069F3
:104DA0000090681C05461349884201D90020F8BDCF
:104DB0000098C00F0028EED00025009820F00100D8
:104DC000401C00900098E168086100BFE06800693D
:104DD0000090681C05460749884200D904E0009805
:104DE00000F001000028F1D100BF0320FFF7BFFE53
:104DF0003046DCE7400D030008B5014600200022E4
:104E00000092009A22F00102521C0092CA68926835
:104E1000009B9A43CB689A6008BD38B505460C469E
:104E20000020009021462846FFF725FE284600F086
:104E300088FB00900098C0F3003058B9012C09D1CC
:104E4000009820F4805000F5805000900099D5F82B
:104E5000CC0001600098C0F3003040B13CB900982C
:104E600020F4805000900099D5F8CC000160C82053
:104E7000FFF776FE38BD08B500210091491EC268D3
:104E800051606FF08041C2685161009921F000418A
:104E900001F100410091009921F4006101F50061E8
:104EA00000910099C268916108BD08B501460020D3
:104EB00000220092009A22F00102521C0092CA685D
:104EC0009268009B1A43CB689A6008BD38B50446C7
:104ED000002500200090E1688861401EE16848617B
:104EE0002046FFF7C8FFE07820B9009820F01000B6
:104EF00010300090009820F0807000F180700090D9
:104F0000009820F0007000F100700090009820F0F0
:104F1000005000F100500090009820F00800083088
:104F20000090009820F4001000F500100090E06858
:104F30008069009988430843E1688861284638BD44
:104F4000F8B504460025002600200090009820F0C7
:104F50001000103000900098E168086100BFE06820
:104F600000690090701C06460749884200D904E099
:104F70000098C0F300100028F1D100BF0320FFF714
:104F8000F6FD2846F8BD0000400D0300F8B50446C4
:104F90000D460026002700200090009820F02000F9
:104FA00020300090009865F38A1000900098E16826
:104FB000086100BFE06800690090781C0746074957
:104FC000884200D904E00098C0F340100028F1D1D5
:104FD00000BF0320FFF7CBFD3046F8BD400D0300B6
:104FE0000146C868406900F0010070471CB50246E0
:104FF000002000230093009B23F0004303F10043B3
:1050000000930124009B64F3DC43009302F19003BE
:1050100053F82130009C1C6102F1900353F82130B9
:105020001B680193019B23F0004303F100430193AC
:10503000019B23F08043019302F1900353F8213048
:10504000019C1C601CBD10B586B0024600200023E8
:105050000393019302F1900353F821301B680093EE
:10506000009B23F0004303F100430093009B23F0D7
:10507000804303F180430093009BC3F3814323B13A
:10508000009BC3F38143022B0BD1D368DB6A0393EC
:10509000039BC3F307437BB9009B23F000430093BA
:1050A0000AE053691B690193019BC3F307431BB9D2
:1050B000009B23F00043009302F1900353F821304A
:1050C000009C1C6006B010BD3FB5024600200023C6
:1050D0000024029403940194441E009402F190046D
:1050E00054F82140009DA56000240394D478012C3D
:1050F00004D1039C24F00404241D039402F56B7472
:1051000004EB4114647934B1012C6AD0022C03D031
:10511000032C38D138E000BF039C24F00104641C48
:105120000394039C24F0080408340394039C24F0A3
:10513000800480340394039C24F4806404F5806428
:105140000394039C24F010041034039402F56B7450
:1051500004EB4114A47834B1039C24F4807404F566
:10516000807403940FE0039C24F0400440340394C3
:1051700002F56B7404EB4114247924B1039C24F0F0
:105180002004203403944EE0039C24F00104641CAA
:105190000394039C24F0100410340394039C24F023
:1051A000080408340394039C24F08004803403949E
:1051B000039C24F4806404F580640394039C24F429
:1051C000007404F50074039402F56B7404EB41144D
:1051D000A4782CB1039C24F4807404F580740394A7
:1051E00021E0039C24F00104641C0394039C24F438
:1051F000007404F500740394039C24F0200420340C
:10520000039402F56B7404EB4114A47854B1039C2D
:1052100024F0800480340394039C24F4807404F507
:105220008074039400BF00BF02F1900454F8214041
:10523000039DE560012404FA01F35469A4691C4349
:105240005569AC61029C24F0007404F1007402946E
:10525000D468A469029D2C43D568AC6100240194F4
:1052600002F56B7404EB41142578019C65F39C54A2
:10527000019402F56B7404EB41146578019C65F3AD
:10528000CE24019402F56B7404EB4114A578019CC3
:1052900065F3CF34019402F56B7404EB4114E478A8
:1052A000022C01D1012500E00025019C65F3514449
:1052B000019402F56B7404EB41146579019C65F36C
:1052C0009344019402F56B7404EB4114E588019C4E
:1052D00065F30A04019402F56B7404EB41146479DC
:1052E000032C05D1019C24F0005404F100540194D6
:1052F00002F1900454F82140019D256004B030BDB6
:105300002DE9F04388B004460D464FF00009C84629
:105310004FF48077002006900790009004F56B70A2
:1053200000EB4510006910B304F56B7000EB4510FD
:10533000016904F56B7000EB4510C0880144491EFB
:1053400004F56B7000EB4510C088B1FBF0F086B23D
:10535000BE420DDD3E4604F56B7000EB4510C18882
:10536000714304F56B7000EB4510016100E001260C
:1053700004F56B7000EB4510807850B104F56B704C
:1053800000EB4510C188714304F56B7000EB4510CC
:10539000016104F56B7000EB45100169069861F33B
:1053A00012000690069866F3DC40069004F56B70D8
:1053B00000EB4510017A069861F35E70069004F1E7
:1053C000900050F8250006990161E078012809D184
:1053D00004F56B7000EB4510C16804F1900050F8C3
:1053E0002500416104F1900050F825000068079005
:1053F000204600F08CF8079960F35D7107910798DB
:1054000020F0004000F100400790079820F0804015
:10541000079004F1900050F8250007990160E078AA
:10542000002864D104F56B7000EB451080780028EB
:105430005DD104F56B7000EB45100069002856D073
:1054400004F56B7000EB4510407930B1012821D094
:10545000022803D0032839D11BE000BFE068C06AEE
:10546000039004F56B7000EB45100069C01CC0F39D
:105470008F08039880B240450ADA009820F0200097
:1054800020300090E068806900990843E1688861F5
:105490001DE000BF60690069019004F56B7000EBCE
:1054A00045100069C01CC0F38F08019880B24045C8
:1054B0000BDA009820F0806000F180600090E068D6
:1054C000806900990843E168886100E000BF00BF7F
:1054D00004F56B7000EB4510008A83B204F56B7025
:1054E00000EB45102A46C168204600F0F7FF484609
:1054F00008B0BDE8F08308B5426912680092009ACE
:1055000061F301020092009B4269136008BD0146ED
:105510004869806800F0010080F00100704700B524
:1055200002461046FFF75CFD012800D100BD0020B7
:10553000FCE701460020CA685069CA6892691040B9
:10554000704708B50146D1F8CC000068009000987B
:1055500020F004000090009820F0020000900098D5
:1055600020F008000090009820F0200000900098A3
:1055700008BD0146486940697047F0B503460024FC
:10558000D01CC71700EB9777BD10D3F8D06000BFD1
:1055900003E030680860641C091DAC42F9D308467A
:1055A000F0BD38B504462046FFF7CBFF00900098C9
:1055B00020F4807000F5807000900099D4F8CC0041
:1055C00001600A20FFF7CCFA009820F48070009068
:1055D0000099D4F8CC0001601420FFF7C1FA012033
:1055E00038BD000070B502460C460023002000259F
:1055F000D5700125957040259580012C0CD14FF078
:10560000A0430125D57208251570042555709D15F8
:10561000D580022515720EE06CB9274B0025D57296
:105620000C251570062555704FF4A065D580022510
:1056300015720125D570D36003F500651561002151
:1056400010E003F5106505EB411602F1180545F869
:10565000216003F5306505EB411602F1540545F86C
:105660002160491C55788D42EBD803F58065556162
:105670004035C2F8CC50002108E003F5A06505EBE9
:10568000411602F1900545F82160491C15788D42BC
:10569000F3D8002108E003F5805505EB013602F14F
:1056A000D00545F82160491C15788D42F3D803F5E3
:1056B0006065C2F80C5170BD00000440F8B50446A6
:1056C0000D460026E068C0680090009820F0005069
:1056D0000090009820F080400090012D06D10098A5
:1056E00020F0005000F10050009006E02DB9009825
:1056F00020F0804000F1804000900098E168C86090
:105700003220FFF72DFA3046F8BD000038B50446C8
:10571000002000900748006881682046884700986C
:1057200020F0005000F1005000900098E1684861BE
:10573000012038BD800000200CB50146D1F8900052
:1057400000680090009820F0004000F100400090B8
:10575000009820F0804000F180400090009AD1F83D
:105760009000026000200190019820F4001000F5E4
:10577000001001900198CA68506101200CBD7CB5F1
:105780000546002400262846FFF7F3FE019000BFDF
:105790001BE0019880B20121A1400840A0B105F1B1
:1057A000900050F82400006800900098C0F3C030CA
:1057B00028B12146284600F00DF8064304E02146B2
:1057C000284600F01CFA0643641C2878A042E0D862
:1057D00030467CBD70B586B005460C4605F190009C
:1057E00050F82460B0680590F0680490DDE904107A
:1057F0000840059005F1900050F8240000680390DF
:10580000002004900598C0F38000D0B100200190E2
:10581000019820F00400001D01900198B06005F18E
:10582000900050F82400C0680190019820F0020018
:10583000801C019005F1900050F824000199C1608E
:1058400073E00598C0F3401048B100200190019822
:1058500020F02000203001900198B06065E00598AC
:10586000C0F3C00078B305F1900050F82400C06880
:105870000190019820F00200801C019005F1900039
:1058800050F824000199C160052105F563700155A8
:1058900000200190019820F0100010300190019834
:1058A000B06000200190019820F0080008300190BD
:1058B0000198B060059820F010000590E1B22846EC
:1058C000FFF7C1FB31E0FFE70598C0F3802060B32C
:1058D00005F1900050F82400C0680190019820F074
:1058E0000200801C019005F1900050F824000199FD
:1058F000C160E1B22846FFF7A6FB002001900198A5
:1059000020F01000103001900198B060082105F5DA
:105910006370015500200190019820F4806000F52B
:10592000806001900198B06000BF0598C0F34020EE
:10593000F8B105F1900050F82400C068019001987A
:1059400020F00200801C019005F1900050F8240026
:105950000199C160E1B22846FFF775FB0020019074
:10596000019820F4007000F5007001900198B0607B
:1059700042E1059800F00100002871D0E878012884
:1059800012D105F1900050F824000069029005F54D
:105990006B7000EB441000690299C1F31201411AC7
:1059A00005F5547040F82410012105F56370015588
:1059B0000021783840F8241000200190019820F050
:1059C0000100401C01900198B0600398C0F3814031
:1059D00020B10398C0F3814002282AD105F190003C
:1059E00050F82400C0680190019820F00200801C4B
:1059F000019005F1900050F824000199C160E1B2D6
:105A00002846FFF720FB00200190019820F01000AD
:105A1000103001900198B06005F56B7000EB4410F8
:105A2000007E80F0010105F56B7000EB44100176FB
:105A3000E2E00398C0F38140032899D1039820F055
:105A4000005000F10050039005F1900050F8240040
:105A500003990160012105F29B300155CCE0FFE77D
:105A60000598C0F34000002851D005F1900050F88F
:105A70002400C0680190019820F00200019005F117
:105A8000900050F824000199C16005F56370005D35
:105A9000012804D1012105F29B3001552DE005F5C7
:105AA0006370005D052804D1042105F29B30015587
:105AB00023E005F56370005D062804D005F56370EA
:105AC000005D082808D1002105F5457040F8241034
:105AD00003218730015510E00398C0F3814003286B
:105AE0000BD105F56B7000EB4410007E80F00101D6
:105AF00005F56B7000EB44100176002001900198D1
:105B000020F00200801C01900198B06074E00598BC
:105B1000C0F3C01040B305F1900050F82400C068F5
:105B20000190019820F00200801C019005F1900086
:105B300050F824000199C16005F5457050F8241013
:105B4000491C40F82410062178300155E1B228465E
:105B5000FFF779FA00200190019820F08000803052
:105B600001900198B06047E00598C0F30010E8B3D9
:105B70000398C0F38140032815D105F1900050F837
:105B80002400C0680190019820F00200801C019060
:105B900005F1900050F824000199C160E1B2284657
:105BA000FFF751FA18E00398C0F3814020B1039841
:105BB000C0F3814002280FD1039820F0004000F18B
:105BC00000400390039820F08040039005F190007E
:105BD00050F8240003990160032105F56370015515
:105BE00000200190019820F0100000E004E0103047
:105BF00001900198B06000BF012006B070BD7FB574
:105C000005460C4605F1900050F82460B0680390FA
:105C1000F0680290DDE902100840039005F1900061
:105C200050F82400006801900398C0F38000D0B1C0
:105C300000200090009820F00400001D00900098C3
:105C4000B06005F1900050F82400C0680090009802
:105C500020F00200801C009005F1900050F8240014
:105C60000099C160B0E10398C0F3401048B1002032
:105C70000090009820F02000203000900098B06044
:105C8000A2E10398C0F34020F8B105F1900050F86C
:105C90002400C0680090009820F00200801C009052
:105CA00005F1900050F824000099C160E1B2284647
:105CB000FFF7C9F900200090009820F4007000F56B
:105CC000007000900098B0607EE1039800F0010041
:105CD00038B3002105F5457040F8241005F1900017
:105CE00050F82400C0680090009820F00200801C4A
:105CF000009005F1900050F824000099C160E1B2D5
:105D00002846FFF7A0F900200090009820F001003D
:105D1000401C00900098B060012105F563700155AA
:105D200052E10398C0F3C00010B300200090009827
:105D300020F00800083000900098B06005F1900055
:105D400050F82400C0680090009820F00200801CE9
:105D5000009005F1900050F824000099C160E1B274
:105D60002846FFF770F9052105F5637001552BE111
:105D70000398C0F3001038B3002105F5457040F8D2
:105D8000241005F1900050F82400C068009000989D
:105D900020F00200801C009005F1900050F82400D3
:105DA0000099C160E1B22846FFF74DF9002000904C
:105DB000009820F01000103000900098B06003218F
:105DC00005F563700155FFE00398C0F3C01040B3C0
:105DD00005F1900050F82400C0680090009820F071
:105DE0000200801C009005F1900050F824000099FA
:105DF000C160E1B22846FFF726F905F5457050F875
:105E00002410491C40F82410062178300155002048
:105E10000090009820F08000803000900098B060E2
:105E2000D2E00398C0F3801038B3002105F5457027
:105E300040F8241005F1900050F82400C06800904C
:105E4000009820F00200801C009005F1900050F8AE
:105E500024000099C160E1B22846FFF7F4F8002061
:105E60000090009820F04000403000900098B06012
:105E7000042105F563700155A6E00398C0F3802066
:105E800060B305F1900050F82400C06800900098BD
:105E900020F00200801C009005F1900050F82400D2
:105EA0000099C160E1B22846FFF7CDF800200090CC
:105EB000009820F01000103000900098B060082189
:105EC00005F56370015500200090009820F4806073
:105ED00000F5806000900098B06075E00398C0F312
:105EE0004000002870D005F1900050F82400C068F0
:105EF0000090009820F00200009005F1900050F80A
:105F000024000099C16005F56370005D012815D17A
:105F1000012105F29B3001550198C0F38140022810
:105F200048D105F56B7000EB4410407E80F0010114
:105F300005F56B7000EB441041763BE005F56370AE
:105F4000005D032804D1022105F29B30015531E0A8
:105F500005F56370005D04280FD105F56B7000EB4B
:105F600044100079012803D1E1B22846FFF73EF83A
:105F7000022105F29B3001551CE005F56370005DC0
:105F8000052804D1042105F29B30015512E005F5E6
:105F90006370005D06280DD105F5457050F82400AA
:105FA000032807D1032105F29B30015500218738D2
:105FB00040F8241000200090009820F00200801C7F
:105FC00000900098B06000BF012004B070BD7FB5A4
:105FD0000446E068C06A00900198C0F3C30104F56C
:105FE0006B7000EB41100069C01CC0F38F0673E0BA
:105FF0004FF6FF71009801EA80050198C0F3C301D4
:1060000004F56B7000EB41100069A84215D20198AD
:10601000C0F3C30104F56B7000EB4110008A85B238
:1060200000200390039820F0200020300390E068C7
:10603000806903998843E16888610198C0F3C301CE
:1060400004F56B7000EB41100069C01CC0F38F06B3
:106050000198C0F3C302C0F3C30304F56B7000EBF7
:1060600043102B46C168204600F038FA0198C0F36F
:10607000C30104F56B7000EB4110C0684119019831
:10608000C0F3C30204F56B7000EB4210C1600198CD
:10609000C0F3C30104F56B7000EB41100069411BB4
:1060A0000198C0F3C30204F56B7000EB421001616C
:1060B0000198C0F3C30104F56B7000EB4110406917
:1060C00041190198C0F3C30204F56B7000EB421054
:1060D0004161E068C06A0090009880B2B0420ADD79
:1060E0000198C0F3C30104F56B7000EB4110006927
:1060F00000287FF47DAF012004B070BDFEB50446DA
:10610000002600250020009002900190D4F8CC00D9
:1061100000680290D4F8CC0000680190019820F04B
:1061200004000190019820F002000190019820F0F5
:1061300008000190019820F0200001900298C0F31F
:10614000400058B1019820F00200801C01903248B4
:10615000006841682046884745F001050298C0F371
:10616000C000002842D0019820F0080008300190BB
:106170000298C0F38000002838D0274800684168A2
:10618000204688470298C0F34140022804D0029874
:10619000C0F34140012828D160690068009002984E
:1061A000C0F34140022811D141F270716069416031
:1061B000009800F00300022818D0207A022803D1AA
:1061C00002212046FFF797F901260FE04BF68031B8
:1061D00060694160009800F00300012806D00121A9
:1061E0002046FFF788F9012600E001260298C0F357
:1061F000401030B1019820F020002030019045F08F
:10620000010516B12046FFF7CCF90199D4F8CC006E
:1062100001602846FEBD000080000020FEB5044657
:106220006069006900900198C0F3C30104F56B70C8
:1062300000EB41100069C01CC0F38F0674E04FF6FC
:10624000FF71009801EA80050198C0F3C30104F5CD
:106250006B7000EB41100069A84216D20198C0F3A0
:10626000C30104F56B7000EB4110008A85B2002079
:106270000290029820F0806000F180600290E06857
:10628000806902998843E16888610198C0F3C3017D
:1062900004F56B7000EB41100069C01CC0F38F0661
:1062A0000198C0F3C302C0F3C30304F56B7000EBA5
:1062B00043102B46C168204600F010F90198C0F346
:1062C000C30104F56B7000EB4110C06841190198DF
:1062D000C0F3C30204F56B7000EB4210C16001987B
:1062E000C0F3C30104F56B7000EB41100069411B62
:1062F0000198C0F3C30204F56B7000EB421001611A
:106300000198C0F3C30104F56B7000EB41104069C4
:1063100041190198C0F3C30204F56B7000EB421001
:106320004161606900690090009880B2B0420ADD66
:106330000198C0F3C30104F56B7000EB41100069D4
:1063400000287FF47CAF0120FEBD30B585B0044647
:10635000002000900390039820F01000103003906C
:10636000E068806903998843E1688861E068006AB1
:106370000490049800F00F00009004F190009DF844
:10638000001050F82100006801900498C0F34340C9
:10639000022806D0032878D0052877D0072873D1A3
:1063A00075E00498C0F30A10002869DD04F56B70ED
:1063B0009DF8001000EB4110C068002860D00498E0
:1063C000C0F30A1204F56B709DF8003000EB431027
:1063D000C1682046FFF7D1F8049800F00F0104F5DA
:1063E0006B7000EB4110C0680499C1F30A110144BD
:1063F000049800F00F0204F56B7000EB4210C160CE
:10640000049800F00F0104F56B7000EB4110406937
:106410000499C1F30A110144049800F00F0204F535
:106420006B7000EB4210416104F56B709DF8001039
:1064300000EB4110456904F554709DF8001040F8D8
:10644000215004F190009DF8001050F821000069DF
:1064500002900298C0F3C940002811DD019820F095
:10646000004000F100400190019820F08040019030
:1064700004F190009DF80020019950F8220001607D
:1064800006E002E002E0FFE700BF00BF00BF00BF80
:1064900000BF039820F0100010300390E06880697E
:1064A00003990843E1688861012005B030BD000010
:1064B00038B504460020009007480068016820466F
:1064C0008847009820F00800083000900098E168A4
:1064D0004861012038BD0000800000202DE9F04116
:1064E00004460026E078B0B900270020DD1C4FEA02
:1064F000E57805EB98784FEAA80704F1D00555F840
:1065000022C000BF04E00D68CCF80050401C091DFB
:10651000B842F8D300BF3046BDE8F0812DE9F04124
:10652000054600242846F9F76FFE1FFA80F8B0E010
:10653000201D404500DDADE0285D88287ED1601C2F
:10654000285C6728FAD1A01C285C9628F6D1E01CAC
:106550002F5C201D285C40EA0727384645F6B432F8
:10656000B91A97422CD00CDCA0F56C50A0F1B30006
:1065700000283ED0012845D0A0F6FF7000287CD12D
:1065800049E0A1F58041033911B101297DD10BE02A
:1065900000204249086001204149088041A000F0E4
:1065A0008FF9201D84B271E0002046490860012067
:1065B0004549088045A000F083F9201D84B265E0BC
:1065C00037480088012805D100203549088047A0B8
:1065D00000F076F93C480088012807D100203A49AC
:1065E0000880FBF75FFD49A000F06AF9201D84B226
:1065F0004CE001204D490880201D84B24CA000F0E1
:106600005FF943E0002049490880201D84B24FA073
:1066100000F056F93AE028191F21FAF752FC064615
:1066200028191F30504908600846006800884F4903
:10663000088008460088B04220D100E027E0FBF740
:106640001FFA4BA000F03CF938480088012807D118
:106650004E480078401C4D490870281902F020FF70
:106660000F480088012801D1FAF71CFE164800885F
:10667000012806D1FAF7B8FC03E006E044A000F0D8
:106680001FF904F1200084B200E000BF00BF601CCD
:1066900084B24DE700BFBDE8F08100000C0000208F
:1066A000040000207061676531342E74312E7478D7
:1066B000743D22C6F4D3C3747874CFC2D4D822FFF9
:1066C000FFFF000018000020E200002070616765F5
:1066D00031342E74312E7478743D22C6F4D3C34302
:1066E0005356CFC2D4D822FFFFFF00007061676508
:1066F00031342E74312E7478743D22CDA3D6B97402
:106700007874CFC2D4D822FFFFFF000070616765A4
:1067100031342E74312E7478743D22CDA3D6B94312
:106720005356CFC2D4D822FFFFFF0000E000002064
:106730007061676531342E74312E7478743D22C6D1
:10674000F4B6AFB4F2D3A122FFFFFF00706167651A
:1067500031342E74312E7478743D22CDA3D6B9B461
:10676000F2D3A122FFFFFF0008000020020000205A
:106770007061676531342E74312E7478743D22BC9B
:10678000ECD1E9D5FDC8B722FFFFFF00E6000020ED
:106790007061676531342E74312E7478743D22BC7B
:1067A000ECD1E9B4EDCEF322FFFFFF0000BFFEE71E
:1067B00000B587B04FF4A060FBF7DAF947208DF8F9
:1067C000000001208DF8010000208DF8020001205A
:1067D0008DF803006846FBF78FF93748FCF72AF974
:1067E00001210420FBF7FEF901212020FBF72AFA02
:1067F000082206213148FBF74BF8082207212F48D1
:10680000FBF746F84020059002208DF818008DF81F
:10681000190000208DF81A0001208DF81B0005A931
:106820002648FAF7EDFF8020059002208DF8180029
:1068300005A92248FAF7E4FF4FF416500190002012
:10684000ADF80800ADF80A00ADF80C00ADF8100086
:106850000C20ADF80E0001A91748FCF7A1F90121A1
:106860001548FCF7D1F840211348FCF79FF80122A6
:1068700040F224411048FCF76EF9002240F2255105
:106880000D48FCF768F9002240F227710A48FCF72E
:1068900062F9002240F226610748FCF75CF9012208
:1068A00080210548FCF7BCF8012240210248FCF792
:1068B000B7F807B000BD0000001401400008024016
:1068C0000FB4054B10B503A9044A029800F03AF939
:1068D00010BC5DF814FB0000018D0008F8000020DA
:1068E0000FB4084B10B504A902AA039800F02AF9C6
:1068F000044602A9002000F0C7FC204610BC5DF849
:1069000014FB0000897200087CB5044600201D4677
:10691000164600290BD0491ECDE90041044B6A46BA
:106920002946304600F00EF9009A002111707CBD16
:106930007372000800487047FC000020000000004F
:1069400030B583B0044600F017F89FED090B0546FB
:106950008DED000B002221466846F9F722FD2846FE
:1069600000F020F89DED000B03B030BD00000000EA
:1069700000000000000000000148006870470000AF
:10698000FC00002002E008C8121F08C1002AFAD14A
:1069900070477047002001E001C1121F002AFBD19F
:1069A000704700000149086070470000FC000020AB
:1069B0002DE9FF5F82B00021DDE90430020DDDF832
:1069C00040B0034318D044F61050A2F2FF324243C5
:1069D0001514119801281FD0A5EB0B00401C5FEA8D
:1069E000000A4FF000064E4FDFF83891B04650468F
:1069F00015D5CAF1000413E0119801244AA3012817
:106A000001D16FEA0B010298119AC0E90031C0E987
:106A1000024206B0BDE8F09FCBF10000DFE704467C
:106A20000021404A491842EB0450CDE9001012E021
:106A3000E00707D032463B4640464946F9F7FAFDA3
:106A40008046894632463B4610461946F9F7F2FD24
:106A500006460F466410002CEAD1DDE90401DDE9A9
:106A60000023BAF1000F06DAF9F7E4FD42464B467F
:106A7000F9F7E0FD05E0F9F74FFE42464B46F9F71E
:106A80004BFE04460E460022284BF9F7CDFE03D8F4
:106A90004FF0FF30014607E00022254B20463146EB
:106AA000F9F721FDF9F7A7FE102409E0002C0ADB15
:106AB0000A220023F9F728FC039B30321A55641E82
:106AC00050EA0102F2D1641C039AC4F11103144488
:106AD000119A012A03D0012208430DD10AE008438C
:106AE00004D000204FF0110B119072E7A3EB0B05BF
:106AF0006D1E0DE05B4504DD4FF0000205F1010560
:106B000004E003DA4FF00002A5F10105002AECD001
:106B100002981199C0E90231C0E9004579E7000007
:106B2000000014400000F03F300000000000F0437F
:106B30000000E03F30380A2801D2012070470020D1
:106B4000704700002DE9FF4F95B09B4689460646E9
:106B500000250FE2252877D100242746F84A012195
:106B6000059400E0044316F8013F203B01FA03F0CE
:106B70001042F7D130782A2811D06FF02F033078E7
:106B8000A0F13002092A16D8059A44F0020402EB5B
:106B9000820203EB42021044761C0590EFE759F89D
:106BA000042B0592002A03DA504244F40054059065
:106BB00044F00204761C30782E2816D116F8010F06
:106BC00044F004042A280DD06FF02F023078A0F191
:106BD0003003092B09D807EB870302EB4303C718DF
:106BE000761CF3E759F8047B761C30786C280FD0BC
:106BF00006DC4C2817D068280DD06A2814D104E090
:106C0000742810D07A280FD10DE044F400140AE063
:106C100044F4801401E044F440147278824202D1BA
:106C200004F58014761C761C307866280BD013DCB3
:106C3000582877D009DC002875D04528F6D046289A
:106C4000F4D047281AD19DE118E0632835D0642894
:106C500079D0652812D195E1702873D008DC6728B7
:106C6000F1D069286FD06E280DD06F2806D1B5E01D
:106C700073282CD0752875D0782874D05A46179967
:106C800090476D1C75E1C4F30250022809D0032817
:106C90000DD0D9F8001004280DD00D6009F10409B9
:106CA00067E1D9F80010EA17C1E90052F6E7D9F810
:106CB00000100D80F2E70D70F0E719F8041B8DF855
:106CC000001000208DF80100EA46012003E059F889
:106CD00004AB4FF0FF3061074FF0000102D40DE02C
:106CE00008F101018846B9420FDA8045F8DB1AF84D
:106CF00008100029F4D108E008F10101884681421A
:106D0000FADB1AF808100029F6D105985B46A0EBCB
:106D1000080721463846179A00F094FA284400EBF9
:106D2000080507E04DE029E10DE01AF8010B5A468D
:106D300017999047B8F10108F7D25B4621463846CB
:106D4000179A13E142E00A220092C4F302524FF074
:106D5000000A022A08D059F804CB032A4FEAEC7142
:106D60000AD00DE029E02AE009F1070121F007022D
:106D7000F2E802C1914609E00FFA8CFC4FEAEC718F
:106D8000042A03D14FFA8CFC4FEAEC71002907DA90
:106D90000A460021DCF1000C61EB02012D2202E029
:106DA000220504D52B228DF80420012203E0E207FE
:106DB00001D02022F7E7904659E00A2102E0102294
:106DC0000DE010214FF0000A00910BE010224FF06F
:106DD000000A44F004040827009203E008224FF060
:106DE000000A0092C4F30252022A05D059F804CBDB
:106DF0000021032A08D009E009F1070121F0070268
:106E0000F2E802C1914605E01FFA8CFC042A01D188
:106E10000CF0FF0C4FF00008220728D5702806D090
:106E2000009B83F0100353EA0A0305D00EE04022D2
:106E30008DF80420012208E05CEA010206D030222D
:106E40008DF804208DF8050002229046009B83F007
:106E5000080353EA0A030AD15CEA010201D162077E
:106E600005D530228DF804204FF001087F1E5828E8
:106E700004D034A003900EA802900DE036A0F9E7EC
:106E800053466046009AF9F73FFA84460398825CBD
:106E90000298401E029002705CEA0100F0D1029854
:106EA00006A9081A00F1200A600702D524F48034EC
:106EB00000E00127574502DDA7EB0A0000E00020B3
:106EC00000EB0A01009005984144401A0590E00348
:106ED00006D45B462146179A059800F0B3F905449D
:106EE000002706E001A85A46C05D179990476D1C1F
:106EF0007F1C4745F6DBE0030CD55B462146179A1D
:106F0000059800F09FF9054404E030205A4617998F
:106F100090476D1C0099481E00900029F5DC08E0A0
:106F2000029802995A460078491C02911799904795
:106F30006D1CBAF10001AAF1010AF1DC65E1000063
:106F4000092801003031323334353637383961623F
:106F50006364656600000000303132333435363703
:106F600038394142434445460000000000F058F9DA
:106F70000544761C307800287FF4ECAD19B0284623
:106F8000BDE8F08F620700D4062709F1070222F05E
:106F9000070CFCE80223E14603F000485FEA080C16
:106FA00002D00FF2702C0DE05FEA045C02D50FF204
:106FB000682C07E05FEAC47C02D00FF2602C01E08D
:106FC000AFF2700C4FF0FF3823F00043CDF850C003
:106FD00065280CD006DC452809D046281DD0472856
:106FE0003DD13DE0662818D067287ED138E00021E9
:106FF000112F01DB112000E0781CCDE9000106A96A
:107000000EA8FFF7D5FCDDE90F010E9A03910021D0
:10701000009207F1010A04914DE04FF00040009703
:10702000CDE9011006A90EA8FFF7C2FCDDE90F02A9
:1070300003920E9B11990022DDF80CA0009304929C
:1070400011B9791C00EB010AB7EB0A0004D4C0F1B6
:10705000FF3007F1010A0490AAEB0700019044E019
:10706000012F00DA01270021112F01DD112000E09E
:107070003846CDE9000106A90EA8FFF799FCDDE925
:107080000F010E9A0391002104910092BA46210744
:107090000CD40399514500DA8A46BAF1010F05DD97
:1070A000009AAAF10101515C302908D0B84202DAF5
:1070B00010F1040F06DA0121CDE9011015E0AAF163
:1070C0000101E9E7002805DC049901440491AAEBD9
:1070D000000102E0411C514500DD8A460499401A36
:1070E000401C01904FF000400290200704D401980A
:1070F000504501DBCDF8048000208DF84F00029848
:107100000DF14F07B0F1004F25D02B200E900298C3
:107110004FF0020800280CDA404202902D200E9019
:1071200007E00A210298F9F7D9F83031029007F800
:10713000011DB8F10001A8F10108F2DC0298002855
:10714000EFD1791E0E980870307800F0200040F0E2
:10715000450007F8020D12A8C01B00F1070814989B
:10716000007800B1012000EB0A01019801EBE07109
:1071700005984144401A401E0590E00306D45B4642
:107180002146179A059800F05DF805441498007898
:1071900018B15A46179990476D1CE00324D55B46F9
:1071A0002146179A059800F04DF805441CE0049814
:1071B000002807DBDDE90301884203DD0098405C1D
:1071C000179901E0179930205A469047049805F125
:1071D0000105401C04900198401E019004D12E200E
:1071E0005A46179990476D1CBAF10001AAF1010A9D
:1071F000DDDC05E017F8010B5A46179990476D1C26
:10720000B8F10001A8F10108F4DC5B462146179AA9
:107210000598ABE62D0000002B00000020000000C8
:107220002DE9F041044600251E461746880404D483
:1072300005E039462020B0476D1C641EF9D528466C
:10724000BDE8F0812DE9F041044600251E46904638
:10725000C80301D5302700E02027880404D505E0C5
:1072600041463846B0476D1C641EF9D52846BDE836
:10727000F0814A68002A06D00A68531C0B6010701F
:107280004868401E486070470A68531C0B601070C5
:107290007047416851B14168491E416031B90121CF
:1072A00041700178012901D1816841607047000077
:1072B00070B504460D46607801232A4604F1340176
:1072C00000F040FF08B1032070BD94F8321294F82A
:1072D000330241EA00204AF65521884201D00220BB
:1072E000F2E794F86D00010694F86C0041EA004161
:1072F00094F86B0041EA002094F86A10084320F0EB
:107300007F400E49884201D10020DDE794F88900D2
:10731000010694F8880041EA004194F8870041EAA8
:10732000002094F88610084320F07F4003498842EB
:1073300001D10020C8E70120C6E700004641540003
:10734000024600E0521C107818B192F90000884201
:10735000F8D192F90000704730B502460B46002084
:107360000446014621E001EB41001D4D55F8200087
:10737000C8B101EB410055F820001568A84213D1AF
:1073800001EB4100164D05EB800040689568A8426E
:107390000AD101EB4100124D05EB80000089D58830
:1073A000A84201D103E0641C491C0329DBD300BFC0
:1073B000032906D10CB9022B01D1002030BD1220C7
:1073C000FCE743B901EB4100054D05EB8000408926
:1073D000B0F5807F01D11020F0E70020EEE700003B
:1073E000801100202DE9F74F88B0089800680190BF
:1073F000019890F9000030380790079809280AD8BA
:10740000019840783A2806D10198801C019008998B
:107410000198086001E000200790002109980160B0
:107420000798032803D30B200BB0BDE8F08FD34996
:10743000079851F820400CB90C20F5E70998046032
:10744000207878B1607800F0ADFE804608F0010049
:1074500040B90A9820B108F0040008B10A20E3E717
:107460000020E1E70020207007986070607800F04D
:1074700031FE804608F0010008B10320D4E70A98E5
:1074800020B108F0040008B10A20CDE74FF0000950
:1074900049462046FFF70CFF054600BF012D21D1CC
:1074A0004FF0000BBBF1000F03D0ABF1010000F077
:1074B000FF0B4FF4DF7000EB0B1104F134000F18D9
:1074C000387978B1F87A0106B87A41EA0041787AD9
:1074D00041EA0020397A40EA010949462046FFF78F
:1074E000E7FE0546032D01D101209DE70DB10D20DA
:1074F0009AE73F20015D94F8400041EA0020B0F592
:10750000007F01D00D208FE74A20015D94F84B00E9
:1075100041EA002ABAF1000F0ED194F85B0001068F
:1075200094F85A0041EA004194F8590041EA0020D9
:1075300094F8581040EA010AC4F81CA04420065DE3
:10754000E670012E03D0022E01D00D206CE70AFB5D
:1075500006FA4120005D0646A07016B1701E30404C
:1075600008B10D2060E74520015D94F8460041EA2E
:1075700000202081207A00F00F0008B10D2053E791
:107580004720015D94F8480041EA002006900698E3
:1075900070B994F85700010694F8560041EA00418A
:1075A00094F8550041EA002094F8541008430690DE
:1075B0004220015D94F8430041EA002002900298C5
:1075C00008B90D2030E702985044218900EB1110D2
:1075D0000590DDE90501814201D20D2024E7DDE9B6
:1075E0000510401AA178B0FBF1F00490049808B996
:1075F0000D2019E7012540F6F6710498884200D362
:1076000002254FF6F6710498884200D303250498AA
:10761000801CA061C4F820900298484460620598DC
:107620004844E062032D16D1208908B10D20FBE605
:1076300094F86300010694F8620041EA004194F86E
:10764000610041EA002094F860100843A062A0693C
:107650008000039014E0208908B90D20E4E6606AF8
:107660005044A062022D02D1A069400007E0207EB4
:1076700000F00100A16901EB410100EB5100039012
:10768000E169039800F2FF10B1EB502F01D20D20F9
:10769000CAE64FF0FF3020610020E060032D5CD18E
:1076A000607194F8641094F8650041EA0020484441
:1076B00060616078012304F13401626900F042FDE9
:1076C000F0BB94F8321294F8330241EA00204AF6F3
:1076D0005521884241D13720005D01063620005DEA
:1076E00041EA00413520005D41EA002094F8341061
:1076F00008432349884230D194F81B02010694F8CC
:107700001A0241EA004194F8190241EA002094F873
:10771000181208431B4988421FD194F8230201061E
:1077200094F8220241EA004194F8210241EA002043
:1077300094F820120843E06094F81F02010600E06C
:107740000BE094F81E0241EA004194F81D0241EA60
:10775000002094F81C120843206125700A48008814
:10776000401C80B208490880E0800020206320711E
:10777000204600F00BF8002056E6000074110020AF
:1077800052526141727241613E00002010B50146C3
:1077900000200DE000EB4002074B53F822208A4204
:1077A00005D1002200EB4003034C44F82320401C89
:1077B0000328EFD310BD0000801100200246891E6F
:1077C0009069801E884201D8002070479378D06A63
:1077D00001FB0300F9E700002DE9F04705460C46E0
:1077E000207820F04000401E00EB800101EBC00635
:1077F00000274FF0010800BF1A48C05D205C1949FE
:10780000C95D2144497840EA0129B8F1000F10D040
:10781000484601F0CFF98046FF2E07D23146761C4C
:1078200035F8110001F0C6F9404508D00020BDE848
:10783000F0874FF6FF70814501D00020F7E7781CF4
:1078400007460D28D8D3207800F0400038B1B8F1B1
:10785000000F04D035F8160008B10020E7E701203A
:10786000E5E70000889700082DE9F04704468946BF
:10787000B9F1000F06D1E76817B1A069B84211D875
:1078800001270FE04946204601F0B1FA0646022ED4
:1078900002D20120BDE8F087A069B04201D930468C
:1078A000F8E74F463D4600BF6D1CA069A84204D8CA
:1078B0000225BD4201D90020ECE72946204601F00F
:1078C00096FA064606B909E0701C08B1012E01D1EE
:1078D0003046DFE7BD42E7D10020DBE700BF6FF0B5
:1078E00070422946204601F00BFD8046B8F1000F9A
:1078F00008D1B9F1000F05D02A464946204601F0CB
:10790000FFFC8046B8F1000F09D1E5602069401CFA
:1079100068B12069401E20610120607107E0B8F164
:10792000010F02D14FF0FF3000E00120054628464C
:10793000B0E700002DE9F34F83B08146049800685A
:10794000019002E00198401C0190019800782F28D6
:10795000F8D0019800785C28F4D0D9F81CA0002554
:107960002F4600BF38467F1C0199085684B2202C50
:1079700003DB2F2C01D05C2C00D132E0FF2D03D390
:10798000062005B0BDE8F08FE4B2812C13DBE0B235
:10799000FE2810DC38467F1C01990E5C402E01DB6E
:1079A0007E2E05DD802E01DBFE2E01DD0620E8E7C0
:1079B00006EB042084B20121204601F0BDF8044604
:1079C0000CB90620DDE7802C06DA214671A0FFF70E
:1079D000B7FC08B10620D4E728466D1C2AF81040F1
:1079E000C0E700BF0198C11904980160202C01DA9A
:1079F000042000E00020804608E0681E3AF81040AD
:107A0000202C02D02E2C00D002E06D1E002DF4D1CF
:107A100000BF0DB90620B4E700202AF815000B229C
:107A20002021D9F8180001F0C1FB002700E07F1CDD
:107A30003AF817002028FAD03AF817002E28F6D086
:107A40000FB148F0030800E06D1E25B1681E3AF83A
:107A500010002E28F8D10020064602904FF0080BA7
:107A600000BF38467F1C3AF8104004B963E0202C70
:107A700003D02E2C04D1AF4202D048F00308F0E727
:107A80000298584501D2AF4214D1BBF10B0F02D17D
:107A900048F003084FE0AF4201D048F00308AF427E
:107AA00000D948E02F46082002904FF00B0BB0069B
:107AB000060ED6E7802C09DB204601F07BF800217A
:107AC000009001F039F8044648F00208FF2C11DD5F
:107AD000ABF101000299884204D848F00308CDF8C0
:107AE00008B0BEE72212D9F818300298411C029162
:107AF0001A5419E024B1214629A0FFF721FC18B13E
:107B00005F2448F003080FE0412C04DB5A2C02DC10
:107B100046F0020608E0612C06DB7A2C04DC46F015
:107B20000106A4F1200084B2D9F818300298411C53
:107B300002911C5495E700BFD9F818000078E52899
:107B400003D10520D9F818100870BBF1080F01D136
:107B5000B006060E06F00C000C2803D006F0030059
:107B6000032801D148F0020808F0020058B906F0D5
:107B70000300012801D148F0100806F00C00042889
:107B800001D148F00808D9F8180080F80B800020CF
:107B9000F7E60000222A3A3C3E3F7C7F00000000CE
:107BA0002B2C3B3D5B5D000030B50246531E1A4650
:107BB000032B1BD202EB42030D4C04EB83035989C8
:107BC000B1F5807F00D1002109B14B1E99B202EBC3
:107BD0004203074C04EB8303598129B9002302EBCC
:107BE0004204034D45F82430002000E0022030BD5F
:107BF000801100202DE9F04104460E460021204668
:107C000000F019FA0546EDB9002700BF2169206888
:107C100001F0D6FA054605B113E060690078E52861
:107C200002D06069007820B9781C0746B04201D1C3
:107C300007E000270121204600F076F80546002DD8
:107C4000E4D000BF2846BDE8F0812DE9F0470446A6
:107C50000021204600F0EFF9074617B13846BDE88D
:107C6000F0874FF0FF09CA4600BF2169206801F084
:107C7000A7FA074607B154E065692E780EB90427C4
:107C80004FE0E87A00F03F08E52E05D008F0080044
:107C900028B1B8F10F0F02D04FF0FF093AE0B8F168
:107CA0000F0F1CD1E069A0B306F0400030B195F889
:107CB0000DA026F04006B146E08820844E450AD14A
:107CC000687B504507D12946E069FFF785FD10B173
:107CD000A9F1010000E0FF2000F0FF091AE0B9F16E
:107CE000000F05D1284601F097FC504500D118E05F
:107CF0004FF0FF094FF6FF702084A069C07A00F0B2
:107D0000010030B90B222846A16901F02FFA00B911
:107D100007E0FFE70021204600F006F80746002FA5
:107D2000A3D000BF38469AE72DE9F04104468846C3
:107D300000BFE088401C86B20EB1206910B9042053
:107D4000BDE8F08106F00F0000286DD12069401CCD
:107D50002061E06828B920680089B04264DC042012
:107D6000EEE720688078401E00EA161000285BD1FC
:107D7000E168206801F03BF80546012D01D802209A
:107D8000DEE7681C08B90120DAE720688069A842AC
:107D900044D8B8F1000F01D10420D1E7E168206890
:107DA000FFF762FD05460DB90720C9E7012D01D196
:107DB0000220C5E7681C08B90120C1E7206801F06E
:107DC0009FFC08B10120BBE7216801F134004FF4AA
:107DD0000072002101F0EAF929462068FFF7EEFC65
:107DE0002168086300270FE00120216808712068DE
:107DF00001F086FC08B10120A2E72068006B401C5E
:107E000021680863781CC7B220688078B842EBDC30
:107E10002068006BC01B2168086300BFE56029462D
:107E20002068FFF7CBFC2061E6802068343006F044
:107E30000F0100EB41106061002081E72DE9F05F48
:107E400004468A464FF0FF09CB4604274EE02169DD
:107E5000206801F0B5F9074607B14AE06669357850
:107E60000DB9042745E0F07A00F03F08E52D09D070
:107E70002E2D07D0B8F1080F01D1012000E000201D
:107E8000504502D04FF0FF0929E0B8F10F0F1AD189
:107E900005F0400030B196F80DB025F04005A94638
:107EA000E08820844D450AD1707B584507D1314682
:107EB000E06901F0EBF910B1A9F1010000E0FF2049
:107EC00000F0FF090BE0B9F1000F04D1304601F0DA
:107ED000A3FB584502D04FF6FF70208409E0002133
:107EE0002046FFF721FF074607B102E0206900287E
:107EF000ADD100BF0FB1002020613846BDE8F09F32
:107F00002DE9FE4F0446D4F81880D4F81C900C22BA
:107F10004146684601F03DF900BF9DF80B0000F0B6
:107F2000010028B3002088F80B00E06101260DE075
:107F300033464A466946404600F0FAFE2046FFF7BF
:107F400084FE054605B103E0701C86B2642EEFDBAB
:107F500000BF642E02D10720BDE8FE8F042D01D0A2
:107F60002846F9E79DF80B0088F80B00C4F81C9030
:107F70009DF80B0000F0020070B1002601E0701CBB
:107F800086B239F816000028F9D106F119000D2142
:107F900090FBF1F087B200E0012739462046FFF759
:107FA00029FE05465DBB781E80B2071E27D0E088FB
:107FB000C01B81B2204600F03EF80546FDB9A0691D
:107FC00001F02AFB824600BF2169206801F0F8F821
:107FD000054605B112E0FAB253466169E06900F066
:107FE00005FE01202168087100212046FFF79CFE54
:107FF00005461DB9781E80B2071EE5D100BFC5B980
:108000002169206801F0DCF8054695B9202200219D
:10801000606901F0CBF80B22D4E9050101F0B9F851
:10802000A069C07A00F01800616908730120216816
:108030000871284690E72DE9F04104460E46E68097
:10804000A568012D03D020688069A84202D80220CB
:10805000BDE8F0812DB920680078032801D120689F
:10806000856A65B9E56020680089B04201DC0220BC
:10807000EEE72068806A00EB1610206120E020689F
:108080008078070112E02946206800F0B0FE05461E
:10809000681C08B90120DBE7022D03D32068806942
:1080A000A84201D80220D3E7F01B86B2BE42EADA2A
:1080B000E56029462068FFF781FB00EB1610206180
:1080C0002068343006F00F0100EB411060610020A1
:1080D000BEE7000070B50446012534B90548F9F73C
:1080E00048FC08B125F0010500E000BF00BF2846AC
:1080F00070BD0000001A002010B50346F3B901243A
:1081000031B1012906D0022909D0032911D10BE090
:10811000002410E00A480068106000240BE04FF4CF
:1081200000701080002406E04FF4007010600024FE
:1081300001E0042400BF00BF204610BD0420FCE77E
:10814000F01300202DE9F0470546884691461E466B
:10815000EDB900271148F9F70CFC98B100BF730284
:108160004A4641460D48FBF75DFE07460C490B4861
:10817000FBF798FB0948F9F7FCFB00B901E0032F76
:10818000EDD000BF0FB9002400E0012401E0042479
:1081900000BF00BF2046BDE8F0870000001A0020A5
:1081A000AC1F00200146012009B9002000E000BFFB
:1081B00000BF70472DE9F0470546884691461E46A8
:1081C000EDB900271148F9F7D4FB98B100BF73024D
:1081D0004A4641460D48FBF7DBFF07460C490B4872
:1081E000FBF760FB0948F9F7C4FB00B901E0032F76
:1081F000EDD000BF0FB9002400E0012401E0042409
:1082000000BF00BF2046BDE8F0870000001A002034
:10821000AC1F0020002100E0491C032906D201EB1D
:108220004100054A52F820000028F5D1032901D069
:10823000012070470020FCE780110020F7B5ADF564
:108240000C7D0F461446012283A98CA8FFF7CAF8BB
:108250000646EEB980A88990CDF828D283A88C99DB
:1082600000F004FD064600BF96B9889D0DB90626AC
:108270000EE004F0270407EA0400E97AA14308436A
:10828000E872012083990871839801F0D5F90646B8
:1082900030460DF50F7DF0BD70B50446204600F068
:1082A000EDFA05461DB9606AFFF77EFC05460DB97B
:1082B00000202060284670BD2DE9F04704460E4698
:1082C000204601F046FA8246BAF1000F02D050462D
:1082D000BDE8F087A07900F0800008B10220F7E740
:1082E000E068B04204D2A07900F0020000B9E6686C
:1082F000D4F808904FF00008C4F80880002E77D01A
:10830000206880784702B9F1000F11D0701EB0FBD1
:10831000F7F1A9F10100B0FBF7F0814208D3A9F110
:108320000100791E8843A060A068361A656918E0CC
:108330002569ADB900212068FFF796FA0546012DA1
:1083400005D1A07940F08000A0710220C0E7681C30
:1083500028B9A07940F08000A0710120B8E725611C
:108360006561002D44D029E0A07900F0020038B109
:1083700029462068FFF778FA054635B93E461FE0E2
:108380002946206800F033FD0546681C28B9A0790D
:1083900040F08000A07101209AE7012D03D92068E8
:1083A0008069A84205D8A07940F08000A071022021
:1083B0008EE76561A0683844A060F61BBE42D3D842
:1083C00000BFA0683044A060C6F3080068B1294629
:1083D0002068FFF7F3F98046B8F1000F06D1A079C5
:1083E00040F08000A071022072E701E008EB5628FF
:1083F0002089C0F3080050B3A069404527D0A07978
:1084000000F0400090B121684878012304F1280170
:10841000A269FFF7CFFE28B1A07940F08000A071DB
:10842000012055E7A07920F04000A071216848782C
:108430000123424604F12801FFF784FE28B1A07908
:1084400040F08000A071012042E7C4F81880D4E910
:108450000201884205D9A068E060A07940F02000C0
:10846000A071504634E72DE9F147ADF50D7D00F0E0
:1084700031FD0646012284A98DA8FEF7B3FF05460B
:10848000002D6FD181A88A9001A88B9084A88D9926
:1084900000F0ECFB054605B9082500BF042DF0D11E
:1084A00000218498FFF7E0F90746002507B9072562
:1084B000012F00D10225781C00B901251DB984982F
:1084C00001F01EF90546002D5BD139468498FFF76F
:1084D00075F98146849800F134044FF4007200214C
:1084E000204600F063FE0B222021204600F05EFEB5
:1084F0002E2020701020E072A675310AE175310C33
:108500002176310E61763946204601F07DF8202231
:10851000214604F1200000F03CFE2E2084F82100CA
:10852000DDF818A284980078032804D18498806A22
:10853000504500D1AA46514604F1200001F064F8EC
:10854000849890F8028018E08498C0F8309009F17F
:108550000109012084990871849801F0D1F8054639
:108560000DB10DE02DE04FF400720021204600F027
:108570001DFEA8F1010000F0FF08B8F1000FE3D1E3
:1085800000BF1DB984A8FFF7BBFC054625B13946DD
:10859000849800F050FF14E0899C1020E072A675CA
:1085A000310AE175310C2176310E6176394620466B
:1085B00001F02AF8012084990871849801F03CF8B0
:1085C000054628460DF50E7DBDE8F08770B50446DA
:1085D0000D46032C01DB0B2070BD084850F82460C9
:1085E00026B13046FFF7D2F8002030700DB10020E0
:1085F0002870024840F824500020EDE77411002054
:108600002DE9F743ADF50C7D0546164625B9092041
:108610000DF50F7DBDE8F0830020286006F01F06F1
:1086200026F0010283A98DA8FEF7DCFE0746002F85
:1086300072D180A88990CDF828D283A88D9900F0B6
:1086400015FB0746889C6FB90CB906270AE026F08F
:10865000010008B1012000E00020014683A8FEF7D8
:108660007BFE074606F01C00002856D077B1042F89
:1086700008D1FFF7CFFD18B183A8FFF741FC00E058
:108680001220074646F00806889C09E0E07A00F0D0
:10869000110008B1072703E006F0040000B1082725
:1086A000002F38D106F00800A8B300F013FC804674
:1086B00084F80E804FEA1821E1734FEA18412174C3
:1086C0004FEA186161740020E07220770021617721
:1086D000A177E1772146839800F014FD81460021BF
:1086E000204600F091FF012083990871B9F1000F35
:1086F00011D08398D0F830804946839800F09BFED3
:10870000074647B9A9F101008399C860414683989B
:1087100000F056FD07460FE040E06FB9E07A00F048
:10872000100008B1042707E006F0020020B1E07A4B
:1087300000F0010000B10727B7B906F0080008B142
:1087400046F020068398006BE8612C6226F0010059
:1087500008B1012000E00020014683A800F064FC7D
:108760006862686A00B90227C7B9AE71214683986A
:1087700000F0C8FC2861E07F0106A07F41EA0041CB
:10878000607F41EA0020217F0843E8600020A86064
:10879000A861839828608398C088A880384637E706
:1087A00073B5ADF5047D04461CB909200DF5067DB1
:1087B00070BD0022214685A8FEF714FE05462668F6
:1087C00035BB81A8A06101A8E0612046859900F031
:1087D0004DFA0546ADB9606958B16069C07A00F0DC
:1087E000100028B13046616900F08CFCA06000E008
:1087F000052535B9F088A08000212046FFF71BFC35
:108800000546042D00D1052525B10020206001E09A
:10881000002020602846C9E770B5ADF5047D044608
:108820000E46204600F095FF05461DBB2EB90021DF
:108830002046FFF700FC05461CE081A8A06101A8C6
:10884000E06100212046FFF7F9FA0546042D02D128
:108850000020206100256DB93146204600F03EFB26
:1088600000212046FFF760FA0546042D02D10020C2
:108870002061002528460DF5047D70BD2DE9F041ED
:108880000446204600F065FF0746002F4CD1A07932
:1088900000F02000002847D0A07900F0400078B117
:1088A00021684878012304F12801A269FFF782FCBE
:1088B00010B10120BDE8F081A07920F04000A07146
:1088C000E169206800F07CFC0746002F2CD1256A66
:1088D000E87A40F02000E872207B2877A089010A1E
:1088E0006977E068010CA977E068010EE97728460E
:1088F000216900F089FE00F0EDFA0646AE75310AF6
:10890000E975310C2976310E69760020A8740021B2
:10891000E974A07920F02000A0710120216808717D
:10892000206800F089FE07463846C3E72DE9FF4F6F
:1089300083B0044615469B46049801900020CBF86E
:108940000000204600F005FF0290029818B102983E
:1089500007B0BDE8F08FA07900F0800008B10220D8
:10896000F6E7A07900F0020008B90720F0E7E06818
:108970002844E168884200D20025CDE02089C0F378
:108980000800002877D120688078401EA16800EA9E
:10899000512000F0FF0ABAF1000F2AD1A06858B99F
:1089A000D4F81080B8F1000F0BD100212068FEF739
:1089B0005BFF8046206104E061692068FEF754FF98
:1089C0008046B8F1000F00D1A9E0B8F1010F05D140
:1089D000A07940F08000A0710220B9E708F1010001
:1089E00028B9A07940F08000A0710120B0E7C4F858
:1089F0001480A07900F0400090B1216848780123EC
:108A000004F12801A269FFF7D5FB28B1A07940F055
:108A10008000A07101209BE7A07920F04000A071A8
:108A200061692068FEF7CAFE06462EB9A07940F0BB
:108A30008000A07102208BE756444FEA5529B9F116
:108A4000000F2FD00AEB090021688978884203D9EA
:108A500020688078A0EB0A0909F0FF0321684878B4
:108A600032460199FFF7A6FB30B1A07940F08000B3
:108A7000A07101206CE72CE0A069801B48450ED254
:108A8000A069801B019A02EB40214FF4007204F1AF
:108A9000280000F07EFBA07920F04000A0714FEA92
:108AA00049272DE0A069B04212D0D4E902018842E2
:108AB0000ED2216848780123324604F12801FFF7DD
:108AC00041FB28B1A07940F08000A07101203FE770
:108AD000A6612089C0F30800C0F50077AF4200D935
:108AE0002F462189C1F3080204F1280150183A46A3
:108AF000019900F04EFBA07940F04000A07100BF4A
:108B0000019838440190A0683844A060DBF8000068
:108B10003844CBF80000ED1B002D7FF42FAF00BFD1
:108B2000D4E90201884201D9A068E060A07940F050
:108B30002000A07100200BE72DE9F04102460F460E
:108B4000802A01DA10462FE01FB1184B45F220565B
:108B500002E0174B45F220560025102416E0A6EB44
:108B6000050C0CEBDC7805EB68014FEA410C33F89F
:108B70001CC0944500D10BE04FEA410C33F81CC0F7
:108B8000944501DA0D4600E00E46641E002CE6D145
:108B900000BF34B14FF0010C0CEB410C33F81CC09A
:108BA00001E04FF0000C6046BDE8F0811AEC0108CE
:108BB000969700080246002100E0491C094830F859
:108BC000110020B1074830F811009042F5D1054856
:108BD00030F8110018B1044830F811007047104601
:108BE000FCE700009E4003087E420308F0B50446FF
:108BF0001D464D730F27CF7200270F738F76BC462B
:108C000081F81BC0571E07EB870C0CEBC70600272B
:108C100038463B4600BF4FF6FF77B84203D0374691
:108C2000761C34F81700DFF840C01CF803C001F8C8
:108C30000C000712DFF830C01CF803C08C448CF81D
:108C4000017008B94FF6FF705F1C3B460D2FE2D351
:108C50004FF6FF77B84202D034F816700FB942F0E1
:108C600040020A70F0BD0000889700082DE9F3412A
:108C70000446019800782F2803D0019800785C28DA
:108C800002D10198401C01900020A060019890F949
:108C90000000202807D200212046FFF7CCF9054626
:108CA0000020606129E000BF01A92046FEF742FED6
:108CB000054605B120E02046FEF7C7FF0546A0693E
:108CC000C67A45B1042D00D016E000BF06F00400BE
:108CD00000B9052510E006F0040000B10CE067695A
:108CE000F87A00F0100008B9052505E0394620683B
:108CF00000F008FAA060D7E700BF2846BDE8FC8175
:108D000070B504460D4640210748F9F74FFEE1B221
:108D10000648F9F7B4FF00BF40210448F9F7E4FE24
:108D20000028F9D0204670BD001001400014014019
:108D30002DE9FC4707468A4690461C460B225146C1
:108D4000384600F026FA052C0BDD00BF601000EB62
:108D5000C43138F8022B881884B2B8F80000002813
:108D6000F4D1072600BF2046E11704EB1171091169
:108D7000A4EB0111303101F0FF09B9F1390F03DD26
:108D800009F1070000F0FF093046761E0DF800904B
:108D90002046E11704EB1171C1F30F14002CE2D14E
:108DA0007E200DF8060000250BE0785D812807DBAA
:108DB000785DFE2804DC701EA84200D106E06D1C20
:108DC0006D1CB54202D2785D2028EED100BF00BFF5
:108DD000082E04D23046761C1DF8000000E020204A
:108DE00029466D1C7854082DF2D3BDE8FC872DE987
:108DF000F04105460C46022C02D3A869A04202D8D5
:108E00000120BDE8F0812878012804D002282CD068
:108E100003285AD13DE0274607EB5707686A00EB65
:108E20005721284600F0CCF900B14EE0C7F3080105
:108E300005F1340010F801807F1C686A00EB5721AF
:108E4000284600F0BDF900B13FE0C7F3080105F185
:108E50003400405C48EA002804F0010010B14FEAF9
:108E60001810CEE7C8F30B00CBE7686A00EB1421BB
:108E7000284600F0A5F900B127E040F2FF1000EA13
:108E8000440105F134000E183078717840EA012071
:108E9000B7E7686A00EBD411284600F091F900B1F9
:108EA00013E040F2FF1000EA840105F134000E18CF
:108EB000F0780006B17840EA0140717840EA01207C
:108EC0003178084320F070409BE700BF4FF0FF303F
:108ED00097E7000000487047000021422DE9FC5F41
:108EE00081460F4607F10908D9F81000002854D030
:108EF000D9F81440207B0190002516E0605D46B251
:108F0000202E00D113E0052E01D16FF01A06019832
:108F100000F0080030B1412E04DB5A2E02DC06F1CD
:108F2000200046B208F8016B6D1C082DE6D300BF87
:108F3000207A20281AD02E2008F8010B082512E0EC
:108F4000605D46B2202E00D10FE0019800F01000C5
:108F500030B1412E04DB5A2E02DC06F1200046B26D
:108F600008F8016B6D1C0B2DEAD300BFE07A387254
:108F7000E07F0106A07F41EA0041607F41EA0020D6
:108F8000217F08433860217E607E41EA0020B8805E
:108F9000A17DE07D41EA0020F880002088F80000F3
:108FA000B869E8B3F869D8B3D7F818B00025D9F88C
:108FB000100088B3B9F820004FF6FF7188422BD01B
:108FC000D9F81C0000901FE000215046FFF7B4FDC7
:108FD0008246BAF1000F01D100251CE0BAF1FF0F63
:108FE00006DD4FEA2A2042B228466D1C0BF800200D
:108FF000F869401EA84201D800250CE04FFA8AF219
:1090000028466D1C0BF80020009830F8021BB1F1C7
:10901000000A0090D8D100BF00200BF8050000E046
:1090200000E000BFBDE8FC9F30B502460B460021C2
:109030001BE001EB4100324C54F820001468A042C0
:1090400012D101EB41002E4C04EB80004068946883
:10905000A04209D101EB4100294C04EB80000089BA
:10906000D488A04200D102E0491C0329E1D300BF0B
:10907000032927D1002100E0491C032906D201EB76
:1090800041001F4C54F820000028F5D1032901D1DC
:10909000002030BD01EB4104194D106845F8240053
:1090A00001EB410405EB840490686060D08801EB1B
:1090B000410405EB84042081002001EB410405EB11
:1090C0008404608143B101EB41000D4C04EB80004E
:1090D000408908B10020DCE713B14FF4807006E04E
:1090E00001EB4100064C04EB80004089401C01EB81
:1090F0004104034D05EB84046081481CC9E700006E
:109100008011002010B502468C7ECB7E44EA0320FD
:109110001378032B05D10C7D4B7D44EA032340EAF1
:10912000034010BD10B5F8F7BFFCF9F7BFF9F9F728
:10913000A9FBF9F769FBFDF73BFBF9F7A7FAF8F78D
:10914000F7FA0748008881B20648F8F7F9FA0020D4
:109150000549087002490880F8F726FB002010BD79
:10916000E800002030200020E7000020F0B5034692
:109170001C460D46002000BF161EA2F1010207D0BA
:1091800014F8017B15F801CBA7EB0C06301EF3D0C9
:10919000F0BD70B503460C4603E014F8015B03F81C
:1091A000015B151EA2F10102F7D170BD30B5034677
:1091B00001E003F8011B141EA2F10102F9D130BD38
:1091C00070B504460D46206BA84210D0204600F032
:1091D00097FA08B1012070BD607801232A4604F196
:1091E0003401FEF7AFFF08B10120F4E7256300204A
:1091F000F1E70146487830380A78303A02EB8202CB
:1092000000EB4200C0B270470146087830384FF496
:109210007A7210FB02F24878303800EBC00303EB9F
:10922000001002EB80028878303800EB800002EBFF
:109230004002C8783038104480B2704730B52DED08
:10924000028B85B005460C460020019002900390E9
:1092500004900F2C00DD0F242246294601A8F6F7C2
:10926000AFFF002001A9085501A8FDF769FBB0EE8A
:10927000408AF0EE608A51EC180BF7F713F800EE15
:10928000100A05B0BDEC028B30BD0000F0B50346FE
:10929000087800F03F00401E00EB800707EBC0029B
:1092A0000025012600BF1548405D085C134F7F5D17
:1092B0000F447F7840EA07244EB1FF2A01D30020F3
:1092C000F0BD26461046521C23F8104005E04FF62C
:1092D000FF70844201D00020F2E7681C05460D288B
:1092E000E1D3087800F0400030B1FF2A01D300201C
:1092F000E6E7002023F812000120E1E78897000844
:109300002DE9F04705460E461746022E02D3A869FE
:10931000B04202D84FF002088AE02878012804D031
:10932000022841D003287DD154E0B14609EB590908
:10933000686A00EB59212846FFF742FF8046B8F1E2
:10934000000F00D071E0C9F3080105F134000C18DA
:1093500006F0010020B1F9B2207861F31F1000E09F
:109360003846207009F1010901202871686A00EB74
:1093700059212846FFF724FF8046B8F1000F00D09E
:1093800053E0C9F3080105F134000C1806F00100A0
:1093900010B1C7F3071005E0207800F0F000C7F324
:1093A00003210843207040E0686A00EB162128463C
:1093B000FFF706FF8046B8F1000F00D035E040F21D
:1093C000FF1000EA460105F134000C182770380A36
:1093D00060702AE0686A00EBD6112846FFF7F0FEBD
:1093E0008046B8F1000F00D01FE040F2FF1000EA05
:1093F000860105F134000C18E0780006A17840EAF7
:109400000140617840EA01202178084300F0704073
:1094100007432770380A6070380CA070380EE0706F
:1094200003E0FFE74FF0020800BF00BF01202871F2
:109430004046BDE8F0872DE9F04104460E46022E75
:1094400002D3A069B04201D8022725E000271FE01F
:1094500031462046FFF7CBFC054605B91BE0012D40
:1094600001D1022717E0681C08B9012713E0002288
:1094700031462046FFF744FF074607B10BE020695D
:10948000401C20B12069401C2061012060712E46E3
:10949000A069B042DCD800BF3846BDE8F0810000CA
:1094A00070B52DED048B88B00446E07C5E286ED14B
:1094B000207E5E286BD1601DFFF7A6FE364908802E
:1094C00004F10900FFF795FE3349887004F10B00A1
:1094D000FFF78FFE3049C87004F10D00FFF789FED9
:1094E0002D49087104F10F00FFF783FE2A494871E6
:1094F00004F11100FFF77DFE2749887104252946F4
:1095000004F11400FFF79AFE234880ED020A0626B4
:10951000314604F11900FFF791FE1F4880ED030A60
:109520001EA0F8F723FC1C4890ED030A10EE101A59
:109530000846F6F7A4FE41EC180B174890ED020A16
:1095400010EE101A0846F6F79AFE41EC190B8DED55
:10955000068B8DED049B104880790F4949790E4A9E
:109560001279CDE9002102900B48C37882780188F6
:109570001448F8F7FBFB14480078012803D113A026
:10958000FDF79EF902E019A0FDF79AF900BF08B0B7
:10959000BDEC048B70BD0000302300200D0A2D2D82
:1095A0002D2D2D2D2D2D2D2D2D2D2D2D2D2D2D2DEB
:1095B0002D2D2D2D2D2D2D2D2D2D2D2D2D2D0D0A1E
:1095C000000000008C460308E6000020706167651B
:1095D00031342E74322E7478743D22CAD7B4CEB48E
:1095E000F2D3A1B3C9B9A622FFFFFF00706167657E
:1095F00031342E74322E7478743D22B4F2D3A1B378
:10960000C9B9A622FFFFFF0081760B0AC3760A0CB8
:1096100002750B0E4375704730B5014600200B22D2
:1096200000BF431003EBC01411F8015B6319D8B2FB
:10963000531E1A1EF5D130BD70B50446204600F009
:109640005FF80546002D59D1207803284FD1607965
:1096500000284CD0002020634FF40072002104F158
:109660003400FFF7A3FD552184F83212AA2184F8B3
:109670003312522084F834005221352001556121E3
:1096800036200155412137200155722184F81812E6
:1096900084F81912412184F81A12612184F81B12EE
:1096A000217C84F81C12208A010A84F81D1220698A
:1096B000010C84F81E122069010E84F81F12217B10
:1096C00084F82012A089010A84F82112E068010CB4
:1096D00084F82212E068010E84F8231260780123D6
:1096E00004F134016269FEF765FD00206071607865
:1096F00000221146FEF700FD00B10125284670BD8D
:1097000070B50446207910B3256B607801232A4692
:1097100004F13401FEF74EFD08B1012070BD0020B8
:109720002071606AA84212D8E169606A0844A842C0
:109730000DD9E67809E0E0690544607801232A46FE
:1097400004F13401FEF736FD761E022EF3D200201E
:10975000E4E770B505462C464CB1206838B1206866
:10976000007820B12068C088A188884201D00920F3
:1097700070BD21684878FEF715FD00F0010008B1C2
:109780000320F5E70020F3E701030507090E101297
:109790001416181C1E00A400E8A1A700ECA1A80044
:1097A000A7A1B000E3A1B100C0A1B700A4A1D70058
:1097B000C1A1E000A4A8E100A2A8E800A8A8E900CF
:1097C000A6A8EA00BAA8EC00ACA8ED00AAA8F2008E
:1097D000B0A8F300AEA8F700C2A1F900B4A8FA003F
:1097E000B2A8FC00B9A80101A1A81301A5A81B01FA
:1097F000A7A82B01A9A84401BDA84801BEA84D01F6
:10980000ADA86B01B1A8CE01A3A8D001ABA8D2012D
:10981000AFA8D401B3A8D601B5A8D801B6A8DA017B
:10982000B7A8DC01B8A85102BBA86102C0A8C70252
:10983000A6A1C902A5A1CA0240A8CB0241A8D9028B
:1098400042A89103A1A69203A2A69303A3A6940300
:10985000A4A69503A5A69603A6A69703A7A6980374
:10986000A8A69903A9A69A03AAA69B03ABA69C0344
:10987000ACA69D03ADA69E03AEA69F03AFA6A00314
:10988000B0A6A103B1A6A303B2A6A403B3A6A503E1
:10989000B4A6A603B5A6A703B6A6A803B7A6A903B0
:1098A000B8A6B103C1A6B203C2A6B303C3A6B4034C
:1098B000C4A6B503C5A6B603C6A6B703C7A6B80314
:1098C000C8A6B903C9A6BA03CAA6BB03CBA6BC03E4
:1098D000CCA6BD03CDA6BE03CEA6BF03CFA6C003B4
:1098E000D0A6C103D1A6C303D2A6C403D3A6C50381
:1098F000D4A6C603D5A6C703D6A6C803D7A6C90350
:10990000D8A60104A7A71004A1A71104A2A71204B6
:10991000A3A71304A4A71404A5A71504A6A71604B7
:10992000A8A71704A9A71804AAA71904ABA71A0483
:10993000ACA71B04ADA71C04AEA71D04AFA71E0453
:10994000B0A71F04B1A72004B2A72104B3A7220423
:10995000B4A72304B5A72404B6A72504B7A72604F3
:10996000B8A72704B9A72804BAA72904BBA72A04C3
:10997000BCA72B04BDA72C04BEA72D04BFA72E0493
:10998000C0A72F04C1A73004D1A73104D2A7320445
:10999000D3A73304D4A73404D5A73504D6A73604F7
:1099A000D8A73704D9A73804DAA73904DBA73A04C3
:1099B000DCA73B04DDA73C04DEA73D04DFA73E0493
:1099C000E0A73F04E1A74004E2A74104E3A7420463
:1099D000E4A74304E5A74404E6A74504E7A7460433
:1099E000E8A74704E9A74804EAA74904EBA74A0403
:1099F000ECA74B04EDA74C04EEA74D04EFA74E04D3
:109A0000F0A74F04F1A75104D7A710205CA9132099
:109A100043A81420AAA1152044A81620ACA1182000
:109A2000AEA11920AFA11C20B0A11D20B1A12520FD
:109A300045A82620ADA13020EBA13220E4A133209F
:109A4000E5A1352046A83B20F9A1AC2080000321E8
:109A5000E6A1052147A8092148A81621EDA1212149
:109A600059A96021F1A26121F2A26221F3A263212E
:109A7000F4A26421F5A26521F6A26621F7A267216E
:109A8000F8A26821F9A26921FAA26A21FBA26B213E
:109A9000FCA27021A1A27121A2A27221A3A2732112
:109AA000A4A27421A5A27521A6A27621A7A277213E
:109AB000A8A27821A9A27921AAA29021FBA1912193
:109AC000FCA19221FAA19321FDA1962149A89721F9
:109AD0004AA898214BA899214CA80822CAA10F2274
:109AE000C7A11122C6A115224DA81A22CCA11D2260
:109AF000D8A11E22DEA11F224EA82022CFA1232200
:109B00004FA82522CEA12722C4A12822C5A12922FF
:109B1000C9A12A22C8A12B22D2A12E22D3A134224C
:109B2000E0A13522DFA13622C3A13722CBA13D22FD
:109B3000D7A14822D6A14C22D5A1522250A86022FA
:109B4000D9A16122D4A16422DCA16522DDA1662213
:109B500051A8672252A86E22DAA16F22DBA19522BA
:109B600092A89922D1A1A522CDA1BF2253A8122348
:109B7000D0A16024D9A26124DAA26224DBA26324EA
:109B8000DCA26424DDA26524DEA26624DFA26724B1
:109B9000E0A26824E1A26924E2A27424C5A275248B
:109BA000C6A27624C7A27724C8A27824C9A27924A1
:109BB000CAA27A24CBA27B24CCA27C24CDA27D2471
:109BC000CEA27E24CFA27F24D0A28024D1A2812441
:109BD000D2A28224D3A28324D4A28424D5A2852411
:109BE000D6A28624D7A28724D8A28824B1A2892409
:109BF000B2A28A24B3A28B24B4A28C24B5A28D2451
:109C0000B6A28E24B7A28F24B8A29024B9A2912420
:109C1000BAA29224BBA29324BCA29424BDA29524F0
:109C2000BEA29624BFA29724C0A29824C1A29924C0
:109C3000C2A29A24C3A29B24C4A20025A4A90125E0
:109C4000A5A90225A6A90325A7A90425A8A9052534
:109C5000A9A90625AAA90725ABA90825ACA9092504
:109C6000ADA90A25AEA90B25AFA90C25B0A90D25D4
:109C7000B1A90E25B2A90F25B3A91025B4A91125A4
:109C8000B5A91225B6A91325B7A91425B8A9152574
:109C9000B9A91625BAA91725BBA91825BCA9192544
:109CA000BDA91A25BEA91B25BFA91C25C0A91D2514
:109CB000C1A91E25C2A91F25C3A92025C4A92125E4
:109CC000C5A92225C6A92325C7A92425C8A92525B4
:109CD000C9A92625CAA92725CBA92825CCA9292584
:109CE000CDA92A25CEA92B25CFA92C25D0A92D2554
:109CF000D1A92E25D2A92F25D3A93025D4A9312524
:109D0000D5A93225D6A93325D7A93425D8A93525F3
:109D1000D9A93625DAA93725DBA93825DCA93925C3
:109D2000DDA93A25DEA93B25DFA93C25E0A93D2593
:109D3000E1A93E25E2A93F25E3A94025E4A9412563
:109D4000E5A94225E6A94325E7A94425E8A9452533
:109D5000E9A94625EAA94725EBA94825ECA9492503
:109D6000EDA94A25EEA94B25EFA9502554A8512568
:109D700055A8522556A8532557A8542558A8552507
:109D800059A856255AA857255BA858255CA85925D7
:109D90005DA85A255EA85B255FA85C2560A85D25A7
:109DA00061A85E2562A85F2563A8602564A8612577
:109DB00065A8622566A8632567A8642568A8652547
:109DC00069A866256AA867256BA868256CA8692517
:109DD0006DA86A256EA86B256FA86C2570A86D25E7
:109DE00071A86E2572A86F2573A8702574A87125B7
:109DF00075A8722576A8732577A8812578A882256D
:109E000079A883257AA884257BA885257CA8862522
:109E10007DA887257EA8882580A8892581A88A25F0
:109E200082A88B2583A88C2584A88D2585A88E25BE
:109E300086A88F2587A8932588A8942589A8952585
:109E40008AA8A025F6A1A125F5A1B225F8A1B325E0
:109E5000F7A1BC258BA8BD258CA8C625F4A1C725D4
:109E6000F3A1CB25F0A1CE25F2A1CF25F1A1E225CA
:109E70008DA8E3258EA8E4258FA8E52590A80526C2
:109E8000EFA10626EEA1092691A84026E2A14226CE
:109E9000E1A10030A1A10130A2A10230A3A10330B1
:109EA000A8A10530A9A1063065A9073096A90830F8
:109EB000B4A10930B5A10A30B6A10B30B7A10C305E
:109EC000B8A10D30B9A10E30BAA10F30BBA110302E
:109ED000BEA11130BFA1123093A81330FEA11430DF
:109EE000B2A11530B3A11630BCA11730BDA11D30F1
:109EF00094A81E3095A8213040A9223041A92330D2
:109F000042A9243043A9253044A9263045A9273049
:109F100046A9283047A9293048A94130A1A4423098
:109F2000A2A44330A3A44430A4A44530A5A4463041
:109F3000A6A44730A7A44830A8A44930A9A44A3011
:109F4000AAA44B30ABA44C30ACA44D30ADA44E30E1
:109F5000AEA44F30AFA45030B0A45130B1A45230B1
:109F6000B2A45330B3A45430B4A45530B5A4563081
:109F7000B6A45730B7A45830B8A45930B9A45A3051
:109F8000BAA45B30BBA45C30BCA45D30BDA45E3021
:109F9000BEA45F30BFA46030C0A46130C1A46230F1
:109FA000C2A46330C3A46430C4A46530C5A46630C1
:109FB000C6A46730C7A46830C8A46930C9A46A3091
:109FC000CAA46B30CBA46C30CCA46D30CDA46E3061
:109FD000CEA46F30CFA47030D0A47130D1A4723031
:109FE000D2A47330D3A47430D4A47530D5A4763001
:109FF000D6A47730D7A47830D8A47930D9A47A30D1
:10A00000DAA47B30DBA47C30DCA47D30DDA47E30A0
:10A01000DEA47F30DFA48030E0A48130E1A4823070
:10A02000E2A48330E3A48430E4A48530E5A4863040
:10A03000E6A48730E7A48830E8A48930E9A48A3010
:10A04000EAA48B30EBA48C30ECA48D30EDA48E30E0
:10A05000EEA48F30EFA49030F0A49130F1A49230B0
:10A06000F2A49330F3A49B3061A99C3062A99D3087
:10A0700066A99E3067A9A130A1A5A230A2A5A330F0
:10A08000A3A5A430A4A5A530A5A5A630A6A5A73054
:10A09000A7A5A830A8A5A930A9A5AA30AAA5AB3024
:10A0A000ABA5AC30ACA5AD30ADA5AE30AEA5AF30F4
:10A0B000AFA5B030B0A5B130B1A5B230B2A5B330C4
:10A0C000B3A5B430B4A5B530B5A5B630B6A5B73094
:10A0D000B7A5B830B8A5B930B9A5BA30BAA5BB3064
:10A0E000BBA5BC30BCA5BD30BDA5BE30BEA5BF3034
:10A0F000BFA5C030C0A5C130C1A5C230C2A5C33004
:10A10000C3A5C430C4A5C530C5A5C630C6A5C730D3
:10A11000C7A5C830C8A5C930C9A5CA30CAA5CB30A3
:10A12000CBA5CC30CCA5CD30CDA5CE30CEA5CF3073
:10A13000CFA5D030D0A5D130D1A5D230D2A5D33043
:10A14000D3A5D430D4A5D530D5A5D630D6A5D73013
:10A15000D7A5D830D8A5D930D9A5DA30DAA5DB30E3
:10A16000DBA5DC30DCA5DD30DDA5DE30DEA5DF30B3
:10A17000DFA5E030E0A5E130E1A5E230E2A5E33083
:10A18000E3A5E430E4A5E530E5A5E630E6A5E73053
:10A19000E7A5E830E8A5E930E9A5EA30EAA5EB3023
:10A1A000EBA5EC30ECA5ED30EDA5EE30EEA5EF30F3
:10A1B000EFA5F030F0A5F130F1A5F230F2A5F330C3
:10A1C000F3A5F430F4A5F530F5A5F630F6A5FC308E
:10A1D00060A9FD3063A9FE3064A90531C5A8063128
:10A1E000C6A80731C7A80831C8A80931C9A80A31CB
:10A1F000CAA80B31CBA80C31CCA80D31CDA80E319B
:10A20000CEA80F31CFA81031D0A81131D1A812316A
:10A21000D2A81331D3A81431D4A81531D5A816313A
:10A22000D6A81731D7A81831D8A81931D9A81A310A
:10A23000DAA81B31DBA81C31DCA81D31DDA81E31DA
:10A24000DEA81F31DFA82031E0A82131E1A82231AA
:10A25000E2A82331E3A82431E4A82531E5A826317A
:10A26000E6A82731E7A82831E8A82931E9A8203253
:10A27000E5A22132E6A22232E7A22332E8A224326A
:10A28000E9A22532EAA22632EBA22732ECA228323A
:10A29000EDA22932EEA231325AA9A33249A98E3356
:10A2A0004AA98F334BA99C334CA99D334DA99E33AA
:10A2B0004EA9A1334FA9C43350A9CE3351A9D133EC
:10A2C00052A9D23353A9D53354A9004EBBD2014E63
:10A2D000A1B6024E4081034EDFC6044E4181054EB9
:10A2E0004281064E4381074EF2CD084EC9D5094E34
:10A2F000FDC80A4ECFC90B4EC2CF0C4EA2D80D4E90
:10A30000BBB20E4EEBD30F4E4481104EA4D8114E6B
:10A31000F3B3124E4581134EA8D7144ED2C7154E33
:10A32000A7D8164EC0CA174E4681184EF0C7194E10
:10A33000FBB11A4EB5D21B4ED4B41C4EABB61D4E5B
:10A34000BFCB1E4EA9D81F4E4781204E4881214EBB
:10A350004981224EAAB6234E4A81244EBDC1254EC4
:10A36000CFD1264E4B81274EA5C9284EADD8294EB8
:10A370004C812A4EF6B82B4EBED12C4EDCE32D4E2E
:10A38000D0D62E4E4D812F4E4E81304EE1B7314EFC
:10A390004F81324EAEB4334E5081344ED9C1354E1A
:10A3A0005181364EBCD8374E5281384EE8CD394EA9
:10A3B000A4B53A4EAACE3B4EF7D63C4E53813D4E05
:10A3C000F6C03E4ED9BE3F4EAFD8404E5481414EAE
:10A3D0005581424E5681434ECBC4444E5781454E23
:10A3E000C3BE464E5881474EB1D8484EB4C3494EBD
:10A3F000E5D24A4E59814B4EAED64C4EDACE4D4E3A
:10A40000A7D54E4EF5BA4F4EA6B7504ED6C0514EB8
:10A410005A81524EB9C6534ED2C5544EC7C7554E37
:10A420005B81564ED4B9574E5C81584ECBB3594ED2
:10A43000D2D25A4E5D815B4E5E815C4EBFD85D4E7E
:10A44000C5BE5E4EF2C65F4EB2D2604EB0CF614E18
:10A45000E7CF624E5F81634E6081644E6181654EDD
:10A460006281664EE9CA674E6381684E6481694EB7
:10A47000C0D86A4E65816B4E66816C4E67816D4EA9
:10A4800068816E4E69816F4E6A81704EF2C2714E64
:10A49000D2C2724E6B81734EE9C8744E6C81754E98
:10A4A0006D81764E6E81774E6F81784E7081794ED8
:10A4B00071817A4E72817B4E73817C4E74817D4EA8
:10A4C00075817E4EACC77F4E7681804E7781814EFE
:10A4D0007881824E7981834E7A81844E7B81854E4C
:10A4E0007C81864ECBC1874E7D81884EE8D3894ED4
:10A4F000F9D58A4E7E818B4EC2CA8C4EFEB68D4EE9
:10A50000A1D88E4EDAD38F4EF7BF904E8081914EF8
:10A51000C6D4924EA5BB934EC1D8944EE5CE954E6F
:10A52000AEBE964E8181974E8281984EA8D8994EA4
:10A5300083819A4EC7D19B4EA9D09C4E84819D4E5B
:10A5400085819E4E86819F4EBDD8A04EEFD9A14EEB
:10A55000F6CDA24EBABFA34E8781A44EBBBDA54E79
:10A56000A5BAA64EE0D2A74EFAB2A84EE0BAA94EBE
:10A57000B6C4AA4E8881AB4EEDCFAC4EA9BEAD4E4F
:10A58000A4CDAE4EC1C1AF4E8981B04E8A81B14ECD
:10A590008B81B24ED7C7B34EF1D9B44E8C81B54E34
:10A5A000F4D9B64E8D81B74E8E81B84E8F81B94E9B
:10A5B0009081BA4ECBC8BB4EE9D8BC4E9181BD4EFE
:10A5C0009281BE4E9381BF4EDAD2C04EB2CAC14E06
:10A5D000CAC8C24EECD8C34EEAD8C44EC6D8C54E7F
:10A5E000F6BDC64ECDC6C74EF0B3C84E9481C94E17
:10A5F000EBD8CA4EF1BDCB4EE9BDCC4E9581CD4EC8
:10A60000D4C8CE4ED3B4CF4E9681D04E9781D14E82
:10A61000D8C2D24E9881D34ED6B2D44ED0D7D54ED2
:10A62000CBCAD64EFBCBD74ECCD5D84EB6B8D94E2A
:10A63000C9CFDA4E9981DB4E9A81DC4E9B81DD4E8B
:10A64000DAD9DE4EF0D8DF4EAAC7E04E9C81E14E4B
:10A65000EED8E24E9D81E34EFAB4E44EEEC1E54EF3
:10A66000D4D2E64E9E81E74E9F81E84EEDD8E94E6A
:10A67000A081EA4EC7D2EB4EEFD8EC4EC7C3ED4EE9
:10A68000A181EE4EA281EF4EA381F04EF6D1F14EA4
:10A69000A481F24ED9D6F34EF2D8F44EA581F54EF0
:10A6A000F5D8F64EFEBCF74EDBBCF84EA681F94E4F
:10A6B000A781FA4EA881FB4ECEC8FC4EA981FD4E63
:10A6C000DDB7FE4EAA81FF4EC2B7004FAB81014FEE
:10A6D000F3C6024FAC81034FAD81044FAE81054FED
:10A6E000AF81064FB081074FB181084FB281094F4A
:10A6F000F8D80A4FC1D20B4FB3810C4FB4810D4F24
:10A70000E9CE0E4FBFBC0F4FFCB7104FA5B7114F8E
:10A71000DDD0124FB581134FB681144FB781154F5D
:10A72000B881164FB981174FDAD6184FC5D3194FD4
:10A73000EFBB1A4FE1BB1B4FF1D81C4FBA811D4F25
:10A74000BB811E4FA1C91F4FB0CE204FABB4214FCC
:10A75000BC81224FF3D8234FBD81244FCBC9254F55
:10A76000F6D8264FD7C2274FF7D8284FBE81294F9A
:10A77000BF812A4FB1CE2B4FF9D82C4FC0812D4F1E
:10A78000C1812E4FC2812F4FAEB2304FC0B9314F71
:10A79000C381324FA3D9334FC481344FE9B0354F11
:10A7A000C581364FE6C1374FC681384FECC9394FA6
:10A7B000C7813A4FC5CB3B4FC8813C4FC6CB3D4FBD
:10A7C000A4D93E4FC9813F4FCA81404FCB81414FF1
:10A7D000CC81424FCD81434FE8B5444FCE81454FA8
:10A7E000CF81464FABB5474FD081484FD181494FBC
:10A7F000D2814A4FD3814B4FD4814C4FD5814D4F9D
:10A80000BBCE4E4FCDB54F4FA1D7504FF4D7514F80
:10A81000D3D3524FD681534FE5CC544FD781554FA8
:10A82000CEBA564FD881574FA2D9584FDCD9594F7D
:10A83000E0D35A4FFDD85B4FF0B75C4FF7D75D4F71
:10A84000FED85E4FFAD85F4FA1D9604FE3C4614F85
:10A85000D981624FDA81634FB6D3644FF4D8654F24
:10A86000DDD9664FDB81674FFBD8684FDC81694FCC
:10A87000E5C56A4FDD816B4FDE816C4FD0C06D4FF7
:10A88000DF816E4FE0816F4FF0D1704FDBB0714FC1
:10A89000E181724FE281734FD1BC744FA6D9754FDD
:10A8A000E381764FA5D9774FE481784FE581794FE1
:10A8B000E6817A4FE7817B4FACD97C4FAED97D4F93
:10A8C000E8817E4FABD97F4FB9CA804FE981814F74
:10A8D000EA81824FEB81834FA9D9844FB6D6854F49
:10A8E000EC81864FED81874FEE81884FDEB3894F33
:10A8F000A8D98A4FEF818B4FFDC08C4FF0818D4FCF
:10A90000CCCA8E4FF1818F4FAAD9904FF281914FCF
:10A91000A7D9924FF381934FF481944FB0D9954FBB
:10A92000F581964FF681974FB1B6984FF781994FC1
:10A93000F8819A4FF9819B4FA9B99C4FFA819D4F9D
:10A94000C0D29E4FFB819F4FFC81A04FC0CFA14F33
:10A95000FD81A24FFE81A34FC2C2A44F4082A54FEA
:10A96000C4BDA64FECD5A74FE0B2A84FC8C7A94FAA
:10A97000EBBFAA4FADD9AB4F4182AC4FAFD9AD4F72
:10A980004282AE4FEACEAF4FEEBAB04F4382B14FE4
:10A990004482B24F4582B34F4682B44F4782B54F8F
:10A9A000D6C7B64F4882B74F4982B84F4A82B94F8F
:10A9B0004B82BA4F4C82BB4F4D82BC4F4E82BD4F33
:10A9C0004F82BE4F5082BF4FE3B1C04F5182C14F43
:10A9D0005282C24F5382C34FD9B4C44FEDB6C54F54
:10A9E000B4D9C64F5482C74F5582C84F5682C94FFB
:10A9F0005782CA4FA1BFCB4F5882CC4F5982CD4FFF
:10AA00005A82CE4FDED9CF4FCEC7D04FFEC0D14FE6
:10AA1000B8D9D24F5B82D34F5C82D44F5D82D54F81
:10AA20005E82D64F5F82D74FD7CBD84FFDB7D94F75
:10AA30006082DA4FB5D9DB4F6182DC4FB7D9DD4F89
:10AA4000A3B1DE4FE1D3DF4FB9D9E04F6282E14FCE
:10AA5000C5D0E24F6382E34FB6D9E44F6482E54F3D
:10AA60006582E64FB1D9E74F6682E84FB2D9E94F28
:10AA7000A9C1EA4FB3D9EB4F6782EC4F6882ED4F23
:10AA8000F3BCEE4FDED0EF4FA9B8F04F6982F14F23
:10AA9000E3BEF24F6A82F34FBDD9F44F6B82F54F9C
:10AAA0006C82F64F6D82F74F6E82F84FBAD9F94F2C
:10AAB0006F82FA4FB3B0FB4F7082FC4F7182FD4F33
:10AAC0007282FE4FC2D9FF4F7382005074820150D0
:10AAD0007582025076820350778204507882055046
:10AAE000798206507A8207507B8208507C82095016
:10AAF0007D820A507E820B5080820C50C4D90D504A
:10AB0000B6B10E5081820F50BFD9105082821150C1
:10AB100083821250B9B5135084821450F3BE15507D
:10AB2000858216508682175087821850C8CC1950DB
:10AB3000F2BA1A50D0D21B5088821C50C3D91D5073
:10AB400089821E508A821F50E8BD20508B8221507E
:10AB5000ABB322508C8223508D8224508E8225509C
:10AB6000C5D92650EBBE27508F822850C6D9295010
:10AB7000BBD92A50DFC42B5090822C50BED92D5007
:10AB8000C1D92E50C0D92F5091823050928231506D
:10AB9000938232509482335095823450968235504D
:10ABA0009782365098823750998238509A8239501D
:10ABB0009B823A50AED53B509C823C50B5D63D501E
:10ABC0009D823E50E3C73F509E8240509F8241503D
:10ABD000A0824250A1824350C8D94450A28245501D
:10ABE000A3824650A4824750D9BC4850CAD9495084
:10ABF000A5824A50A6824B50A7824C50BCD94D50DA
:10AC0000A8824E50CBD94F50ABC65050A98251505C
:10AC1000AA825250AB825350AC825450AD825550F0
:10AC2000C9D95650AE825750AF825850B082595051
:10AC3000B1825A50F6D75B50B2825C50A3CD5D50C2
:10AC4000B3825E50B4825F50B5826050B68261506C
:10AC5000B7826250B8826350B9826450BA8265503C
:10AC6000A1BD6650BB826750BC826850BD826950EE
:10AC7000BE826A50BF826B50C0826C50CCD96D507E
:10AC8000C1826E50C2826F50C3827050C4827150B4
:10AC9000C5827250C6827350C7827450C882755084
:10ACA000C9827650BCC57750B5CD7850CA827950EC
:10ACB000CB827A50CC827B50CDD97C50CD827D50D6
:10ACC000CE827E50C7D97F50A5B38050FEBF815041
:10ACD000CF828250D0828350D1828450D2828550DC
:10ACE000B5B88650D3828750D4828850FCC0895032
:10ACF000D5828A50D6828B50D7828C50D8828D5084
:10AD0000F8B08E50D9828F50DA829050DB82915009
:10AD1000DC829250DD829350DE829450DF82955027
:10AD2000E0829650E1829750E2829850E3829950F7
:10AD3000E4829A50E5829B50E6829C50E7829D50C7
:10AD4000E8829E50E9829F50EA82A050EB82A15097
:10AD5000EC82A250ED82A350F6B4A450EE82A5502E
:10AD6000CED9A650EF82A750CFD9A850A2B4A950EF
:10AD7000D0D9AA50F082AB50F182AC50DFB4AD50C4
:10AD8000F282AE50F382AF50F482B050F582B150EF
:10AD9000F682B250C1B0B350F782B450F882B550C9
:10ADA000F982B650FA82B750FB82B850FC82B95093
:10ADB000FD82BA50D1D9BB50B5C9BC50FE82BD503E
:10ADC0004083BE504183BF504283C0504383C15033
:10ADD0004483C2504583C3504683C4504783C55003
:10ADE0004883C6504983C7504A83C8504B83C950D3
:10ADF0004C83CA504D83CB504E83CC504F83CD50A3
:10AE00005083CE505183CF50F1CFD0505283D15088
:10AE10005383D2505483D3505583D4505683D55046
:10AE20005783D650D2D9D7505883D8505983D95048
:10AE30005A83DA50C5C1DB505B83DC505C83DD5044
:10AE40005D83DE505E83DF505F83E0506083E150BE
:10AE50006183E2506283E3506383E4506483E5508E
:10AE60006583E650D6D9E750AEC9E8506683E9500D
:10AE70006783EA506883EB506983EC50D5D9ED5075
:10AE8000D4D9EE50D7D9EF506A83F0506B83F1508C
:10AE90006C83F2506D83F350DBCBF4506E83F5502E
:10AEA000A9BDF6506F83F7507083F8507183F95045
:10AEB0007283FA507383FB50A7C6FC507483FD5015
:10AEC0007583FE507683FF5077830051788301515C
:10AED000798302517A8303517B8304517C8305512A
:10AEE0007D830651D3D90751D8D908517E830951A2
:10AEF00080830A5181830B51D9D90C5182830D5122
:10AF000083830E5184830F518583105186831151A1
:10AF100087831251E5C813518883145189831551D1
:10AF20008A8316518B8317518C8318518D83195145
:10AF30008E831A518F831B5190831C5191831D5115
:10AF400092831E5193831F519483205195832151E5
:10AF5000DCC0225196832351978324519883255135
:10AF6000998326519A8327519B8328519C83295189
:10AF70009D832A519E832B519F832C51A0832D5159
:10AF8000A1832E51A2832F51A3833051A483315129
:10AF9000A5833251A6833351A7833451A8833551F9
:10AFA000A9833651AA833751AB833851AC833951C9
:10AFB000AD833A51AE833B51AF833C51B0833D5199
:10AFC000B1833E51B2833F51F9B64051A3D84151AC
:10AFD000CAD44251B3834351AAD44451D6D0455127
:10AFE000E4B34651D7D54751B4834851C8CF4951EE
:10AFF000E2B94A51B5834B51CBBF4C51B6834D5149
:10B00000E2C34E51B7834F51B8835051B983515168
:10B01000D2B65251BA835351BB835451C3CD55510B
:10B02000EED95651F0D95751BC835851BD8359516F
:10B03000BE835A51B3B55B51BF835C51B5B65D5108
:10B04000C0835E51C1835F51C2836051C38361512C
:10B05000C4836251A4BE6351C5836451C6836551E4
:10B06000EBC86651C7836751C8836851ABC8695143
:10B07000C9836A51CA836B51CBB06C51ABB96D5166
:10B08000F9C16E51E2D96F51CB837051BCC071517F
:10B09000B2B97251CC837351D8B97451CBD07551B8
:10B0A000F8B17651E4C67751DFBE7851E4B57951F5
:10B0B000C8D77A51CD837B51F8D17C51E6BC7D5104
:10B0C000DECA7E51CE837F51CF838051BDBC81517A
:10B0D000E6D98251E7D88351D0838451D1838551F9
:10B0E000DAC48651D2838751D3838851D4B8895129
:10B0F000BDC88A51D4838B51D5838C51E1B28D5117
:10B10000D9D48E51D6838F51D7839051D883915102
:10B11000D9839251B0C39351DA839451DB83955113
:10B12000E1C39651A2DA9751DFC89851DC83995157
:10B13000B4D09A51DD839B51FCBE9C51A9C59D5151
:10B14000DE839E51DF839F51E083A051DAB9A15184
:10B15000E183A251A3DAA351E283A451A9D4A5515A
:10B16000A4DAA651E383A751E483A851E583A9514A
:10B17000E683AA51E783AB51FBD9AC51ACB6AD51D4
:10B18000E883AE51E983AF51EBB7B051F9B1B1519A
:10B19000FCD9B251E5B3B351F6BEB451EA83B5510F
:10B1A000F6BFB651B1D2B751E4C0B851EB83B95133
:10B1B000EC83BA51ED83BB51B3B6BC51FED9BD513E
:10B1C000FDD9BE51EE83BF51EF83C051BBBEC1510B
:10B1D000F083C251F183C351F283C451E0C6C5511B
:10B1E000F383C651BCD7C751A1DAC851F483C95102
:10B1F000B9C1CA51F583CB51F2B5CC51E8C1CD519B
:10B20000F683CE51F783CF51F5BCD051F883D1519D
:10B21000D5B4D251F983D351FA83D451FB83D5519C
:10B22000FC83D651FD83D751FE83D8514084D95138
:10B230004184DA514284DB51DDC1DC514384DD516C
:10B24000FDC4DE514484DF514584E051B8BCE15176
:10B25000B2B7E2514684E3514784E451EFB7E55178
:10B260004884E6514984E7514A84E8514B84E951C6
:10B270004C84EA514D84EB51ECD9EC514E84ED51A4
:10B28000BEC6EE514F84EF51ADBFF051CBBBF15173
:10B290005084F2515184F351CAB5F4515284F5519E
:10B2A000C9DBF651D7D0F7515384F851B9CDF951D4
:10B2B000BCB0FA51F6B3FB51F7BBFC51CADBFD51F0
:10B2C000AFBAFE515484FF51E4D40052B6B50152D6
:10B2D000F3B50252D6D80352D0C804525584055251
:10B2E00056840652D6B70752D0C70852D7D809524B
:10B2F00057840A52AFBF0B5258840C5259840D52D6
:10B30000BBDB0E52D8D80F525A8410525B841152B4
:10B31000CCD01252AEBB13525C8414525D841552D1
:10B320005E841652BEEB1752D0C11852F5C11952A5
:10B33000F2D41A52D5B81B52B4B41C525F841D52B9
:10B34000F5B31E5260841F5261842052BEC921523F
:10B35000628422526384235264842452D0C52552CD
:10B36000658426526684275267842852D9C529529B
:10B37000FBC02A5268842B52F0B12C5269842D52A2
:10B38000D9D82E52CEB92F526A843052BDB531521F
:10B390006B8432526C843352DAD834526D84355215
:10B3A0006E843652C6D63752A2CB3852AFC8395205
:10B3B000B2C93A52CCB43B52CCBF3C526F843D52DE
:10B3C000F4B93E5270843F52DBD84052DCD841522F
:10B3D000E7B64252C1BC4352EACC44527184455252
:10B3E0007284465273844752748448527584495219
:10B3F00076844A52F7CF4B5277844C52DDD84D5267
:10B40000B0C74E5278844F5279845052D0B95152BD
:10B41000A3BD52527A8453527B845452DECC55528F
:10B420007C845652CAC657527D8458527E845952E3
:10B4300080845A5281845B5282845C52E0D85D528F
:10B4400083845E52DED85F52848460528584615268
:10B45000DFD862528684635287846452888465523E
:10B46000FEB0665289846752E7BE68528A84695288
:10B47000A3CA6A52F4BC6B528B846C528C846D529A
:10B480008D846E528E846F52B1B870528F84715217
:10B4900090847252EEB873529184745292847552B1
:10B4A0009384765294847752958478529684795214
:10B4B00097847A5298847B5299847C529A847D52E4
:10B4C000E2D87E529B847F52CBBD80529C848152B5
:10B4D000E4D88252E3D883529D8484529E8485525C
:10B4E0009F848652A0848752A1848852FCC58952C9
:10B4F000A2848A52A3848B52A4848C52A5848D5238
:10B50000A6848E52A7848F52A8849052E5D8915277
:10B51000A9849252AA849352E6D89452AB8495524D
:10B52000AC849652AD849752AE849852AF849952AF
:10B53000B0849A52B1849B52A6C19C52B2849D524F
:10B54000B0C89E52ECB09F52A6B9A052D3BCA15233
:10B55000F1CEA252BDDBA352D3C1A452B384A552F3
:10B56000B484A652B584A752B684A852AFB6A952E5
:10B57000FAD6AA52ACC5AB52D9BDAC52BEDBAD5265
:10B58000BFDBAE52B784AF52B884B052B984B15267
:10B59000F8C0B252A2BEB352CDC0B452BA84B552B2
:10B5A000BB84B652BC84B752BD84B852BE84B95273
:10B5B000BF84BA52C084BB52C184BC52C284BD5243
:10B5C000C384BE52C0DBBF52C6CAC052C484C1527B
:10B5D000C584C252C684C352AAB2C452C784C552DB
:10B5E000C884C652C984C752C2D3C852CA84C95279
:10B5F000E3C3CA52CB84CB52ABD1CC52CC84CD5214
:10B60000CD84CE52CE84CF52CF84D052C2DBD15221
:10B61000D084D252D5C0D352D184D452D284D55200
:10B62000D384D652C3DBD752D484D852B1BFD952B7
:10B63000D584DA52D684DB52D784DC52D884DD52EA
:10B64000D984DE52DA84DF52BCC4E052DB84E1529A
:10B65000DC84E252DD84E352DE84E452DAC7E55250
:10B66000DF84E652E084E752E184E852E284E95262
:10B67000E384EA52E484EB52E584EC52E684ED5232
:10B68000E784EE52E884EF52E984F052C4DBF152D1
:10B69000EA84F252EB84F352EC84F452ED84F552D6
:10B6A000EE84F652EF84F752F084F852F184F952A6
:10B6B000E8D9FA52D7C9FB52F284FC52F384FD5206
:10B6C000F484FE52B4B9FF52F0CE0053C8D40153F3
:10B6D000F5840253F6840353F7840453F884055326
:10B6E000FCB00653D2B40753F9840853D9D0095398
:10B6F000FA840A53FB840B53FC840C53FD840D53D2
:10B70000E9D90E53FE840F53CBDE1053EBD91153FE
:10B710004085125341851353428514534385155375
:10B72000B0D81653AFBB1753B1B118534485195352
:10B73000D7B31A53CED81B5345851C5346851D538A
:10B74000D1D41E5347851F5348852053B3BD215381
:10B75000EFBF225349852353BBCF24534A8525533A
:10B760004B852653D0D827534C8528534D852953D4
:10B770004E852A53CBB72B534F852C5350852D53D1
:10B7800051852E53D1D82F53528530535385315381
:10B790005485325355853353568534535785355325
:10B7A00058853653598537535A8538535B853953F5
:10B7B000A5C63A53F8C73B53BDD23C535C853D53B5
:10B7C0005D853E53D2D83F53E4C440535E85415318
:10B7D000AECA42535F854353A7C744536085455360
:10B7E000A6D8465361854753FDC94853E7CE495310
:10B7F000DCBB4A53EBB04B5362854C5363854D53CE
:10B8000064854E53AABB4F53ADD0505365855153F9
:10B81000B0B15253E4D75353BFD7545366855553F1
:10B82000A5B55653F4C25753CFC4585367855953DF
:10B8300068855A53A9B25B5369855C53B7B25D53AF
:10B840006A855E53E5B15F53B2DF6053BCD5615387
:10B85000A8BF6253ACC26353D5D86453B1C2655319
:10B860006B856653D4D86753D4CE68536C856953BF
:10B87000E0DA6A536D856B53C0CE6C536E856D53A1
:10B880006F856E53B4D86F53AEC37053A1D3715349
:10B89000A3CE725370857353B4BC7453B4C875533C
:10B8A000D1C2765371857753EDBE7853B6D07953B4
:10B8B00072857A53E1DA7B5373857C5374857D53AB
:10B8C00075857E5376857F53E4C780537785815392
:10B8D00078858253A7B3835379858453F2B6855311
:10B8E000FCCC8653FAC087537A8588537B8589536D
:10B8F000F7C08A537C858B53B9D18C53E1D18D53DA
:10B90000C7D88E537D858F537E8590538085915304
:10B91000818592538285935383859453848595536F
:10B92000DEB296538585975386859853E5C0995323
:10B9300087859A53F1BA9B5388859C5389859D537B
:10B94000C8D89E538A859F53ADD4A0538B85A153ED
:10B950008C85A253E1CFA353C9D8A4538D85A55399
:10B96000CAD8A653C3CFA7538E85A853F8B3A953FB
:10B97000C7BEAA538F85AB539085AC539185AD5309
:10B980009285AE53CBD8AF539385B0539485B153C2
:10B990009585B2539685B3539785B4539885B5531F
:10B9A0009985B653CCDBB7539A85B8539B85B95369
:10B9B0009C85BA539D85BB53A5C8BC539E85BD537A
:10B9C0009F85BE53A085BF53D8CFC053A185C15317
:10B9D000FEC8C253CEB2C353A285C453A385C55378
:10B9E000A485C653A585C753A685C853D6D3C953C6
:10B9F000E6B2CA53B0BCCB53D1D3CC53ABCBCD53AF
:10BA0000B4B7CE53A785CF53A885D053A985D153BA
:10BA1000A2B7D253AA85D353AB85D453E5CAD55325
:10BA2000AC85D653A1C8D753DCCAD853E4B1D95397
:10BA3000F0D0DA53AD85DB53D1C5DC53AE85DD5391
:10BA4000AF85DE53B085DF53C5DBE053FEB5E15370
:10BA5000B185E253B285E353DABFE453C5B9E55388
:10BA6000E4BEE653EDC1E753B385E853B6DFE953CF
:10BA7000B5DFEA53BBD6EB53D0BDEC53D9D5ED536C
:10BA8000C8B0EE53A3B6EF53C9BFF053A8CCF153DF
:10BA9000B3DFF253B7CAF353D2D3F453B485F5539B
:10BAA000CFD8F653B6D2F753C5BAF853BECBF95335
:10BAB000BECCFA53B585FB53B7DFFC53F0B5FD534D
:10BAC000B4DFFE53B685FF53B7850054B8850154E3
:10BAD000F5D30254B9850354D4B30454F7B80554CC
:10BAE000BA850654BADF0754BB850854CFBA095447
:10BAF000AABC0A54F5B50B54BC850C54ACCD0D54FE
:10BB0000FBC30E54F3BA0F54F4C01054C2CD1154F9
:10BB1000F2CF1254B8DF1354C5CF1454BD85155459
:10BB2000C0C21654B9DF1754F0C21854BE85195458
:10BB3000BF851A54C0851B54FDBE1C54C1851D54BD
:10BB4000DFC11E54CCCD1F54F7D22054CDB72154A1
:10BB5000C1DF2254C2852354C4DF2454C385255435
:10BB6000C4852654F1B72754C9B02854D6B62954F1
:10BB7000D4B72A54C5852B54ACBA2C54FDCC2D54C3
:10BB8000D4BF2E54B1CB2F54F4C63054C685315493
:10BB9000A8D63254C5DF3354C7853454E2CE355469
:10BBA000B3B33654C8853754C9853854FCCE39549C
:10BBB000B5B43A54CA853B54C7CE3C54F0BA3D5450
:10BBC000CB853E54E1CE3F54CC854054BDD1415449
:10BBD000CD854254CE854354C0DF4454CF8545546F
:10BBE000D0854654F4B44754D1854854CAB3495417
:10BBF000D2854A54E6B84B54BBDF4C54D3854D54E0
:10BC0000D4854E54D5854F54D6855054C5C451540F
:10BC1000D7855254BCDF5354BDDF5454BEDF555456
:10BC2000BBC55654BFDF5754C2DF5854B1D4595422
:10BC3000C3DF5A54D8855B54BAC75C54D8CE5D5420
:10BC4000D9855E54DA855F54DB856054DC856154A8
:10BC5000DD856254D8C46354DE856454CADF6554FC
:10BC6000DF856654CFDF6754E0856854DCD66954BD
:10BC7000E1856A54E2856B54E3856C54E4856D5428
:10BC8000E5856E54E6856F54E7857054E8857154F8
:10BC9000C9DF7254DADF7354B6CE7454E985755433
:10BCA000C7BA7654CEDF7754C8DF7854DEC57954EE
:10BCB000EA857A54EB857B54EBC97C54F4BA7D5405
:10BCC000FCC37E54EC857F54ED858054D7BE8154EF
:10BCD000EE858254C6DF8354EF858454CDDF8554CE
:10BCE000F0858654D8C58754F1858854F2858954E7
:10BCF000F3858A54F4858B54A6D58C54CDBA8D54D3
:10BD0000F5858E54CCBE8F54BDD39054C0B8915499
:10BD1000F6859254E4D69354F7859454C7DF95542E
:10BD2000BEB99654A7BF9754F8859854F98599548D
:10BD3000FCC19A54CBDF9B54CCDF9C54FA859D54B4
:10BD4000D0DF9E54FB859F54FC85A054FD85A154F3
:10BD5000FE85A2544086A354DBDFA454E5DFA5543E
:10BD60004186A654D7DFA754D6DFA854C9D7A95413
:10BD7000E3DFAA54E4DFAB54EBE5AC54A7D2AD54F7
:10BD8000D2DFAE544286AF54A9BFB0544386B154FB
:10BD9000DBD4B2544486B354C8BFB454D4DFB554D2
:10BDA0004586B6544686B7544786B854CCCFB95466
:10BDB0004886BA544986BB54DDDFBC544A86BD541C
:10BDC000CAD1BE544B86BF54DEDFC054A7B0C154A5
:10BDD000B7C6C254D3DFC3544C86C454E5BAC55465
:10BDE0004D86C654DFB6C754DBCDC854FEB9C9541E
:10BDF000D5D4CA544E86CB544F86CC54DFDFCD54B5
:10BE0000ECCFCE54A5B0CF54E7DFD054D1DFD1541E
:10BE1000C6D1D254D5DFD354D8DFD454D9DFD554CA
:10BE2000DCDFD6545086D754A9BBD8545186D95498
:10BE3000E0DFDA54E1DFDB545286DC54E2DFDD542C
:10BE4000E6DFDE54E8DFDF54B4D3E0545386E15438
:10BE50005486E2545586E3545686E4545786E55496
:10BE6000E7B8E654B6C5E754EADFE854DAC9E9545E
:10BE7000A8C1EA54C4C4EB545886EC545986ED5416
:10BE8000DEBFEE54F8CFEF545A86F0545B86F1547F
:10BE90005C86F254DCD5F354EEDFF4545D86F55441
:10BEA0005E86F6545F86F7546086F8546186F954CE
:10BEB0006286FA54B8B2FB546386FC54DFBAFD5470
:10BEC000ECDFFE546486FF54C1DB005565860155E6
:10BED000E4D1025566860355678604556886055584
:10BEE00069860655F4CB0755BDB408556A860955D1
:10BEF000A6B00A556B860B556C860C556D860D5594
:10BF00006E860E556F860F55F1DF1055C6CC115554
:10BF1000F2DF12557086135571861455EDDF1555F5
:10BF20007286165573861755748618557586195579
:10BF300076861A5577861B55E9DF1C5578861D5580
:10BF400079861E557A861F557B862055EBDF215555
:10BF50007C862255EFDF2355F0DF2455BDBB2555E8
:10BF60007D8626557E862755F3DF28558086295500
:10BF700081862A55F4DF2B5582862C55A3BB2D557F
:10BF800083862E55DBCA2F55A8CE3055A7E03155F4
:10BF9000AAB3325584863355A6E034558586355587
:10BFA0008686365587863755A1E0385588863955B7
:10BFB00089863A558A863B558B863C55FEDF3D5532
:10BFC0008C863E55D9CD3F55FCDF40558D86415579
:10BFD000FADF42558E864355D0BF4455C4D74555E8
:10BFE0008F864655CCC94755908648559186495508
:10BFF000F8DF4A55A1B04B5592864C5593864D5566
:10C0000094864E5595864F5596865055FDDF515571
:10C010009786525598865355998654559A86555504
:10C02000FBDF5655A2E057559B8658559C865955BF
:10C030009D865A559E865B559F865C55A8E05D554A
:10C04000A0865E55A1865F55A2866055A386615580
:10C05000C8B76255A4866355A5866455A1C66555C3
:10C06000B6C96655B2C06755F5DF6855A6866955ED
:10C07000A7866A55BEC56B55A8866C55C4D86D5544
:10C08000F9DF6E55F6C46F55A9867055AA867155AD
:10C09000AB867255AC867355AD867455AE867555B4
:10C0A000A3E07655A4E07755A5E07855A5D079555D
:10C0B000AF867A55B0867B55B4E07C55E4CC7D558F
:10C0C000B1867E55B1E07F55B2868055A6BF8155B9
:10C0D000AFE08255B9CE8355ABE08455C6C98555CE
:10C0E000B3868655B4868755AEC08855AEE089556F
:10C0F000EDBA8A55B0BA8B55A9E08C55B5868D55E9
:10C10000B6868E55B7868F55F6DF9055B886915511
:10C11000B3E09255B9869355BA869455B8E09555D3
:10C12000BB869655BC869755BD869855ADB4995536
:10C13000B9E09A55BE869B55BF869C55B2CF9D559A
:10C14000C8BA9E55C0869F55B0E0A055C186A1557E
:10C15000C286A255C386A355C486A455C586A555D7
:10C16000C686A655C786A755FAD0A855C886A9552C
:10C17000C986AA55CA86AB55CB86AC55CC86AD557B
:10C18000CD86AE55CE86AF55CF86B055D086B1554B
:10C19000ACE0B255D186B355FBD4B455D286B55573
:10C1A000F7DFB655D386B755E7C5B855D486B95528
:10C1B000ADE0BA55D586BB55F7D3BC55D686BD552F
:10C1C000B6E0BE55B7E0BF55D786C055D886C15535
:10C1D000D986C255DA86C355DB86C455C4E0C55539
:10C1E000E1D0C655DC86C755DD86C855DE86C95503
:10C1F000BCE0CA55DF86CB55E086CC55C9E0CD55AD
:10C20000CAE0CE55E186CF55E286D055E386D155BA
:10C21000BEE0D255AAE0D355A4C9D455C1E0D55546
:10C22000E486D655B2E0D755E586D855E686D95589
:10C23000E786DA55E886DB55E986DC55C8CADD5560
:10C24000C3E0DE55EA86DF55B5E0E055EB86E15503
:10C25000CBCEE255EC86E355C3CBE455CDE0E555B6
:10C26000C6E0E655C2E0E755ED86E855CBE0E95576
:10C27000EE86EA55BAE0EB55BFE0EC55C0E0ED556F
:10C28000EF86EE55F086EF55C5E0F055F186F15595
:10C29000F286F255C7E0F355C8E0F455F386F5553C
:10C2A000CCE0F655F486F755BBE0F855F586F95520
:10C2B000F686FA55F786FB55F886FC55F986FD5546
:10C2C000D4CBFE55D5E0FF55FA860056D6E0015690
:10C2D000D2E00256FB860356FC860456FD860556C0
:10C2E000FE8606564087075641870856D0E0095615
:10C2F000CEBC0A5642870B5643870C56D1E00D56EA
:10C3000044870E56C2B80F56C5D8105645871156E9
:10C31000468712564787135648871456498715563D
:10C320004A8716564B8717564C871856EAD0195627
:10C330004D871A564E871B56EFC21C564F871D5607
:10C3400050871E56CFE01F56BDE02056518721561C
:10C350005287225653872356D4E02456D3E02556DD
:10C360005487265655872756D7E02856568729568C
:10C3700057872A5658872B5659872C56DCE02D565E
:10C38000D8E02E565A872F565B8730565C87315639
:10C39000F6D63256B0B333565D873456ECD73556A1
:10C3A0005E873656BBCB37565F873856608739561F
:10C3B000DAE03A5661873B56FBCE3C5662873D56E3
:10C3C00063873E5664873F56D9BA405665874156C3
:10C3D000668742566787435668874456698745563D
:10C3E0006A8746566B8747566C8748566D8749560D
:10C3F0006E874A566F874B5670874C56E1E04D5614
:10C40000DDE04E56ADD24F56718750567287515669
:10C41000738752567487535675875456E2E05556C3
:10C420007687565677875756DBE05856D9E05956E7
:10C43000DFE05A5678875B5679875C56E0E05D56B8
:10C440007A875E567B875F567C8760567D8761560C
:10C450007E876256DEE0635680876456E4E0655668
:10C46000818766568287675683876856F7C66956FE
:10C47000ACD86A56EBD46B56E6E06C56C9CA6D561A
:10C4800084876E5685876F56868770568787715664
:10C49000E5E0725688877356898774568A87755681
:10C4A0008B877656C1B877568C8778568D877956A4
:10C4B0008E877A568F877B56E7E07C56E8E07D567C
:10C4C00090877E5691877F569287805693878156B4
:10C4D0009487825695878356968784569787855684
:10C4E000E9E08656E3E0875698878856998789560B
:10C4F0009A878A569B878B569C878C569D878D562C
:10C500009E878E56BFBA8F56E7CC90569F8791561E
:10C51000A0879256A1879356EAE09456A287955633
:10C52000A3879656A4879756A5879856A6879956A7
:10C53000A7879A56A8879B56A9879C56AA879D5677
:10C54000AB879E56AC879F56AD87A056AE87A15647
:10C55000AF87A256B087A356F9CFA456B187A55688
:10C56000B287A656B387A756B487A856B587A956EB
:10C57000B687AA56B787AB56B887AC56B987AD56BB
:10C58000BA87AE56BB87AF56EBE0B056BC87B15604
:10C59000BD87B256BE87B356BF87B456C087B5565F
:10C5A000C187B656C287B756C2C8B856C387B956F0
:10C5B000C487BA56C587BB56C687BC56C0BDBD56D4
:10C5C000C787BE56C887BF56C987C056CA87C156D7
:10C5D000CB87C256CC87C356CD87C456CE87C556A7
:10C5E000CF87C656D087C756D187C856D287C95677
:10C5F000D387CA56D2C4CB56D487CC56D587CD560E
:10C60000D687CE56D787CF56D887D056D987D1561A
:10C61000DA87D256DB87D356DC87D456ECE0D55682
:10C62000DD87D656DE87D756EDE0D856DF87D95658
:10C63000E087DA56F4C7DB56C4CBDC56E187DD561B
:10C64000EEE0DE56D8BBDF56B6D8E056F2D2E15661
:10C65000EFE0E256C5CDE356E287E456DAB6E5569A
:10C66000E387E656E487E756E587E856E687E95626
:10C67000E787EA56E887EB56F1E0EC56E987ED5696
:10C68000B0D4EE56EA87EF56EB87F056A7C0F156C6
:10C69000D1B4F256EC87F356ED87F456A7CEF55693
:10C6A000F0E0F656EE87F756EF87F856F087F95622
:10C6B000F2E0FA56CCB9FB56F187FC56F287FD56EC
:10C6C000FAB9FE56BCCDFF56F3E00057F387015789
:10C6D000F4870257F5870357D4C60457F4E005578B
:10C6E000F6870657B2D40757F7870857A6C80957E1
:10C6F000F6E00A57F5E00B57F8870C57F9870D5706
:10C70000FA870E57FB870F57FC871057FD87115785
:10C71000FE8712574088135741881457428815578F
:10C72000438816574488175745881857468819571D
:10C7300047881A5748881B5749881C57F7E01D57E8
:10C740004A881E574B881F57C1CD20574C88215708
:10C750004D8822574E882357A5CA24574F882557FE
:10C76000508826575188275752882857DAD4295796
:10C77000D7DB2A57D9DB2B5753882C57D8DB2D57BB
:10C78000E7B92E57DCDB2F57DDDB3057D8B53157F3
:10C790005488325755883357DADB34575688355723
:10C7A0005788365758883757598838575A883957CD
:10C7B000DBDB3A57A1B33B57DFDB3C575B883D5788
:10C7C0005C883E57F8BB3F575D884057B7D6415706
:10C7D0005E884257E0DB43575F884457608845577F
:10C7E0006188465762884757F9BE4857638849575A
:10C7F00064884A57BBB74B5765884C57D0DB4D57B9
:10C80000AECC4E57B2BF4F57B5BB5057F8D7515764
:10C81000D3BF52576688535767885457688855570F
:10C82000698856576A885757E9BF58576B885957D0
:10C830006C885A57E1BC5B57B3CC5C57DEDB5D5765
:10C84000D3B05E57EBCE5F57D8B76057B9D76157B3
:10C85000C2C662576D8863576E886457A4C0655717
:10C860006F886657B9CC675770886857E7DB695798
:10C87000E1DB6A57BAC66B57E3DB6C5771886D57BB
:10C88000E8DB6E5772886F57F7C57057738871571A
:10C890007488725775887357EADB745776887557B2
:10C8A00077887657E9DB7757C0BF7857788879570C
:10C8B00079887A577A887B57E6DB7C57E5DB7D57AA
:10C8C0007B887E577C887F577D8880577E888157FC
:10C8D00080888257B9B48357ACC08457A2C28557A9
:10C8E000E2DB8657E4DB875781888857828889573F
:10C8F00083888A5784888B57CDD08C57EDDB8D5732
:10C9000085888E5786888F57878890578888915753
:10C9100089889257DDC09357F2DB94578A889557E0
:10C920008B8896578C8897578D8898578E889957FB
:10C930008F889A5790889B57E2B69C5791889D574D
:10C9400092889E5793889F579488A057F3DBA157EE
:10C95000D2DBA257B8B9A357ABD4A457ECDBA55789
:10C960009588A657D1BFA757F0DBA8579688A95737
:10C97000D1DBAA579788AB57E6B5AC579888AD5727
:10C98000EBDBAE57E5BFAF579988B0579A88B157E0
:10C990009B88B257EEDBB3579C88B457F1DBB55791
:10C9A0009D88B6579E88B7579F88B857F9DBB95707
:10C9B000A088BA57A188BB57A288BC57A388BD5787
:10C9C000A488BE57A588BF57A688C057A788C15757
:10C9D000A888C257A1B9C357A3B0C457A988C557DF
:10C9E000AA88C657AB88C757AC88C857AD88C957FF
:10C9F000AE88CA57AF88CB57F1C2CC57B088CD5755
:10CA0000B188CE57C7B3CF57EFDBD057B288D157D5
:10CA1000B388D257F8DBD357B488D457D2C6D5578A
:10CA2000F4DBD657B588D757B688D857F5DBD95732
:10CA3000F7DBDA57F6DBDB57B788DC57B888DD570A
:10CA4000FEDBDE57B988DF57F2D3E057BAB2E157C1
:10CA5000BA88E257BB88E357BC88E457FDDBE5574B
:10CA6000BD88E657BE88E757BF88E857C088E957B2
:10CA7000C188EA57C288EB57C388EC57C488ED5782
:10CA8000A4DCEE57C588EF57FBDBF057C688F1579B
:10CA9000C788F257C888F357C988F457FADBF557A7
:10CAA000CA88F657CB88F757CC88F857FCDBF9577C
:10CAB000E0C5FA57F9BBFB57CD88FC57CE88FD5728
:10CAC000A3DCFE57CF88FF57D0880058A5DC01585B
:10CAD000D1880258C3CC0358D2880458D38805584B
:10CAE000D4880658D1B60758C0DD0858D5880958EB
:10CAF000D6880A58D7880B58A1DC0C58D8880D580E
:10CB0000A2DC0E58D9880F58DA881058DB881158E3
:10CB1000B5C71258DC881358DD881458DE881558BC
:10CB2000E9B61658DF881758E0881858E188195870
:10CB3000A7DC1A58E2881B58E3881C58E4881D5863
:10CB4000E5881E58A6DC1F58E6882058A9DC215825
:10CB5000A4B12258E7882358E8882458CCB5255832
:10CB6000E9882658EA882758EB882858EC882958FD
:10CB7000ED882A58B0BF2B58EE882C58EF882D58D6
:10CB8000F0882E58F1882F58F2883058DFD131586C
:10CB9000F3883258F4883358F5883458F688355875
:10CBA000C2B63658F7883758F8883858F98839584F
:10CBB000FA883A58FB883B58FC883C58FD883D5819
:10CBC000FE883E5840893F58418940584289415823
:10CBD000438942584489435845894458A8DC4558FC
:10CBE0004689465847894758488948584989495885
:10CBF0004A894A584B894B584C894C58FACB4D5866
:10CC0000F3EB4E584D894F584E8950584F89515823
:10CC1000DCCB52585089535851895458FECB555843
:10CC2000528956585389575854895858C1CC595825
:10CC300055895A5856895B5857895C5858895D58A8
:10CC400059895E58FBC85F585A8960585B8961589A
:10CC50005C8962585D8963585E8964585F8965584C
:10CC6000AADC665860896758618968586289695882
:10CC700063896A5864896B58EECC6C58ABDC6D588C
:10CC800065896E5866896F586789705868897158C8
:10CC9000698972586A8973586B8974586C89755898
:10CCA0006D8976586E8977586F8978587089795868
:10CCB00071897A5872897B5873897C5874897D5838
:10CCC00075897E58D3DB7F5876898058AFDC8158D0
:10CCD000ACDC825877898358B3BE845878898558EC
:10CCE000FBCA8658798987587A8988587B898958F8
:10CCF000ADDC8A587C898B587D898C587E898D580B
:10CD000080898E5881898F5882899058838991585B
:10CD100084899258CAC99358B9C49458858995583A
:10CD20008689965887899758888998588989995803
:10CD3000BDC79A58AEDC9B588A899C588B899D58F0
:10CD40008C899E58F6D49F58E6D0A0588D89A1585A
:10CD50008E89A2588F89A3589089A4589189A55883
:10CD60009289A6589389A7589489A858ABC4A95802
:10CD7000D5B6AA589589AB589689AC589789AD58BD
:10CD80009889AE589989AF589A89B0589B89B158FB
:10CD90009C89B2589D89B3589E89B4589F89B558CB
:10CDA000A089B658A189B758A289B858A389B9589B
:10CDB000A489BA58A589BB58A689BC58D4DBBD58EC
:10CDC000A789BE58A889BF58A989C058AA89C1583F
:10CDD000DAB1C258AB89C358AC89C458AD89C558BB
:10CDE000D5DBC658AE89C758AF89C858B089C9586D
:10CDF000B189CA58B289CB58B389CC58B489CD58B7
:10CE0000B589CE58B689CF58B789D058B889D15886
:10CE1000D6DBD258B989D358BA89D458BB89D558EA
:10CE2000BEBAD658BC89D758BD89D858BE89D958FA
:10CE3000BF89DA58C089DB58C189DC58C289DD58FE
:10CE4000C389DE58C489DF58C589E058C689E158CE
:10CE5000C789E258C889E358C989E458C0C8E55869
:10CE6000CA89E658CB89E758CC89E858CD89E95872
:10CE7000CE89EA58CF89EB58BFCAEC58C9C8ED58DB
:10CE8000D089EE58B3D7EF58D189F058F9C9F15885
:10CE9000D289F258D389F358C7BFF458D489F558CA
:10CEA000D589F658F8BAF758D689F858D789F95875
:10CEB000BCD2FA58D889FB58D989FC58DA89FD5870
:10CEC000DB89FE58DC89FF58DD890059DE8901596C
:10CED000DF890259BAE20359E0890459A6B4055919
:10CEE000E1890659E2890759B8B10859E389095916
:10CEF000E4890A59E5890B59E6890C59E7890D59E6
:10CF0000B4B80E59E8890F59C4CF1059E98911599D
:10CF1000EA891259EB891359EC891459E7D9155943
:10CF2000A6CF1659E2CD1759ED891859EE8919592E
:10CF3000EDD91A59E0B61B59EF891C59B9D21D59C0
:10CF4000F0891E59F1891F59BBB92059F28921591D
:10CF5000F3892259F4892359F5892459B9E22559CD
:10CF6000B7E22659F6892759F3B42859F789295980
:10CF7000ECCC2A59ABCC2B59F2B72C59F8892D5946
:10CF8000B2D82E59EBD12F59BBBA3059F989315942
:10CF9000A7CA3259FA893359FB893459B7CD355963
:10CFA000FC893659FD893759C4D23859E4BF3959FB
:10CFB000D0BC3A59E1B63B59FE893C59C5DE3D59D2
:10CFC000408A3E59418A3F59428A4059438A4159D1
:10CFD000C6DE4259BCDB4359448A4459D9D145592C
:10CFE000458A4659468A4759E6C64859CEC44959E2
:10CFF000EEB74A59478A4B59DCB74C59488A4D59C4
:10D00000498A4E59FCBF4F59E0D750594A8A515965
:10D01000F5C652594B8A53594C8A5459BCB155598B
:10D02000C8DE5659B1BD5759D7CC5859CADE5959DF
:10D030004D8A5A59C9DE5B594E8A5C594F8A5D59EF
:10D04000508A5E59518A5F59528A6059ECB56159CC
:10D05000538A6259DDC96359548A6459558A65599E
:10D06000C2B06659568A6759578A6859588A6959A9
:10D07000598A6A595A8A6B595B8A6C595C8A6D590C
:10D080005D8A6E595E8A6F595F8A7059608A7159DC
:10D09000618A7259628A7359AEC57459ABC57559A4
:10D0A000638A7659CCC47759648A7859E9BC79592E
:10D0B000FDCB7A59658A7B59668A7C59678A7D5986
:10D0C000C3BA7E59688A7F59698A80596A8A8159A8
:10D0D000F9E58259E7C88359FAE58459FDCD8559A8
:10D0E0006B8A8659B1D78759BEB88859E8C2895921
:10D0F0006C8A8A59D1C88B596D8A8C596E8A8D5920
:10D10000FBE58E596F8A8F59708A9059718A9159AF
:10D11000728A9259CAB69359CBBC9459738A95595D
:10D12000748A9659FDD19759A1E69859758A9959EB
:10D13000EEC39A59768A9B59778A9C59788A9D5969
:10D14000798A9E59A4E69F597A8AA0597B8AA15967
:10D150007C8AA2597D8AA359FEE5A459A5E6A55962
:10D16000D7CDA6597E8AA759808AA859C1B7A9598F
:10D17000FCE5AA59FDE5AB59A3E6AC59818AAD5946
:10D18000828AAE59DDC4AF59A8E6B059838AB15935
:10D19000848AB259A7E6B359858AB459868AB559A3
:10D1A000878AB659888AB759898AB8598A8AB959F3
:10D1B000C3C3BA598B8ABB59DEC6BC598C8ABD59C8
:10D1C0008D8ABE59AAE6BF598E8AC0598F8AC15925
:10D1D000908AC259918AC359928AC459938AC5596F
:10D1E000948AC659B7C4C759958AC859968AC959E5
:10D1F000978ACA59A2E6CB59BCCACC59988ACD594C
:10D20000998ACE599A8ACF599B8AD059E3BDD15970
:10D21000C3B9D259A6E6D359D5D0D459AFCED55932
:10D220009C8AD6599D8AD759A9E6D859B0E6D959CA
:10D230009E8ADA59A6D2DB599F8ADC59AABDDD59EC
:10D24000ADE6DE59A08ADF59A18AE059A28AE159E8
:10D25000A38AE259A48AE359AFE6E459A58AE559BD
:10D26000D1C0E659A68AE759A78AE859CCD2E9592C
:10D27000A88AEA59A98AEB59AA8AEC59A7BCED59A0
:10D28000AB8AEE59AC8AEF59AD8AF059AE8AF159A2
:10D29000AF8AF259B08AF359B18AF459B28AF55972
:10D2A000B38AF659B48AF759B58AF859B68AF95942
:10D2B000B1E6FA59B78AFB59F6D2FC59B88AFD593A
:10D2C000B98AFE59BA8AFF59CBD7005ABB8A015A8C
:10D2D000FECD025ABC8A035ADECD045AA6C2055AB4
:10D2E000ABE6065AACE6075ABFBD085AAEE6095A85
:10D2F000B3E60A5ABD8A0B5ABE8A0C5AB2E60D5AD8
:10D30000BF8A0E5AC08A0F5AC18A105AC28A115A4D
:10D31000B6E6125AC38A135AB8E6145AC48A155A82
:10D32000C58A165AC68A175AC78A185AEFC4195A94
:10D33000C88A1A5AC98A1B5ACA8A1C5AC8C41D5A92
:10D34000CB8A1E5ACC8A1F5AEABE205AEFC9215AEC
:10D35000CD8A225ACE8A235AB7E6245ACF8A255A32
:10D36000F0B6265AD08A275AD18A285AD28A295A00
:10D37000E4C32A5AD38A2B5AD48A2C5AD58A2D5AD6
:10D38000D68A2E5AD78A2F5AD88A305AD98A315AF1
:10D39000E9D3325AB4E6335ADA8A345AB5E6355A02
:10D3A000DB8A365AA2C8375ADC8A385ADD8A395A9B
:10D3B000DE8A3A5ADF8A3B5AE08A3C5ABDE63D5A39
:10D3C000E18A3E5AE28A3F5AE38A405AB9E6415A14
:10D3D000E48A425AE58A435AE68A445AE78A455A19
:10D3E000E88A465AC5C6475AE98A485AEA8A495AD3
:10D3F000F1CD4A5ABBE64B5AEB8A4C5AEC8A4D5A4D
:10D40000ED8A4E5AEE8A4F5AEF8A505AF08A515A94
:10D41000F18A525AF28A535AF38A545AF48A555A64
:10D42000BCE6565AF58A575AF68A585AF78A595A14
:10D43000F88A5A5AE9BB5B5AF98A5C5AFA8A5D5AE9
:10D44000FB8A5E5AFC8A5F5AFD8A605AFE8A615ADC
:10D45000408B625ABEE6635A418B645A428B655ACE
:10D46000438B665A448B675ABAE6685A458B695AA9
:10D47000468B6A5AB7C06B5A478B6C5A488B6D5AA9
:10D48000498B6E5A4A8B6F5A4B8B705A4C8B715A20
:10D490004D8B725A4E8B735A4F8B745AA4D3755A54
:10D4A000BFE6765AF4C9775AC3E6785A508B795A50
:10D4B000518B7A5AC4E67B5A528B7C5A538B7D5AD5
:10D4C000548B7E5A558B7F5AF6D0805A568B815A90
:10D4D000578B825A588B835A598B845A5A8B855A48
:10D4E0005B8B865A5C8B875A5D8B885A5E8B895A18
:10D4F0005F8B8A5A608B8B5A618B8C5A628B8D5AE8
:10D50000638B8E5A648B8F5A658B905A668B915AB7
:10D51000678B925ABDC3935A688B945A698B955AFC
:10D520006A8B965A6B8B975A6C8B985A6D8B995A5B
:10D530006E8B9A5AC4C39B5AC2E69C5A6F8B9D5AF3
:10D54000708B9E5A718B9F5A728BA05A738BA15A03
:10D55000748BA25A758BA35A768BA45A778BA55AD3
:10D56000788BA65A798BA75A7A8BA85A7B8BA95AA3
:10D570007C8BAA5AC1E6AB5A7D8BAC5A7E8BAD5AD6
:10D58000808BAE5A818BAF5A828BB05A838BB15A43
:10D59000848BB25AC7E6B35AB1CFB45A858BB55A09
:10D5A000F4EBB65A868BB75A878BB85ACAE6B95A83
:10D5B000888BBA5A898BBB5A8A8BBC5A8B8BBD5AC3
:10D5C0008C8BBE5AC5E6BF5A8D8BC05A8E8BC15A02
:10D5D000DEBCC25AA9C9C35A8F8BC45A908BC55A94
:10D5E000918BC65A928BC75A938BC85A948BC95A3F
:10D5F000B5BCCA5A958BCB5A968BCC5AD3CFCD5A41
:10D60000978BCE5A988BCF5A998BD05A9A8BD15AE6
:10D610009B8BD25AC8E6D35A9C8BD45AC9E6D55AAA
:10D620009D8BD65ACEE6D75A9E8BD85AD0E6D95A79
:10D630009F8BDA5AA08BDB5AA18BDC5AD1E6DD5ADC
:10D64000A28BDE5AA38BDF5AA48BE05ACBE6E15AB9
:10D65000D5B5E25AA58BE35ACCE6E45AA68BE55A37
:10D66000A78BE65ACFE6E75AA88BE85AA98BE95A66
:10D67000DBC4EA5AAA8BEB5AC6E6EC5AAB8BED5ADE
:10D68000AC8BEE5AAD8BEF5AAE8BF05AAF8BF15A92
:10D69000CDE6F25AB08BF35AB18BF45AB28BF55AED
:10D6A000B38BF65AB48BF75AB58BF85AB68BF95A36
:10D6B000B78BFA5AB88BFB5AB98BFC5ABA8BFD5A06
:10D6C000BB8BFE5ABC8BFF5ABD8B005BBE8B015BD4
:10D6D000BF8B025BC08B035BC18B045BC28B055BA2
:10D6E000C38B065BC48B075BC58B085BC68B095B72
:10D6F000D2E60A5BC78B0B5BC88B0C5BC98B0D5BDF
:10D70000CA8B0E5BCB8B0F5BCC8B105BCD8B115B15
:10D71000CE8B125BCF8B135BD08B145BD18B155BE5
:10D72000D28B165BD4E6175BD3E6185BD38B195B01
:10D73000D48B1A5BD58B1B5BD68B1C5BD78B1D5B8D
:10D74000D88B1E5BD98B1F5BDA8B205BDB8B215B5D
:10D75000DC8B225BDD8B235BDE8B245BDF8B255B2D
:10D76000E08B265BE18B275BE28B285BE38B295BFD
:10D77000E48B2A5BE58B2B5BE68B2C5BE78B2D5BCD
:10D78000E88B2E5BE98B2F5BEA8B305BEB8B315B9D
:10D79000EC8B325BD5E6335BED8B345BF8D9355BD4
:10D7A000EE8B365BEF8B375BD6E6385BF08B395B05
:10D7B000F18B3A5BF28B3B5BF38B3C5BF48B3D5B19
:10D7C000F58B3E5BF68B3F5BF78B405BD7E6415BAF
:10D7D000F88B425BF98B435BFA8B445BFB8B455BBD
:10D7E000FC8B465BFD8B475BFE8B485B408C495B4B
:10D7F000418C4A5B428C4B5B438C4C5B448C4D5B55
:10D80000458C4E5B468C4F5B478C505BD3D7515B4E
:10D81000DDE6525B488C535BDEE6545BD7BF555B5D
:10D82000D0D4565B498C575BD6D7585BE6B4595B6E
:10D83000EFCB5A5BDAE65B5BC3D85C5BCED75D5B54
:10D84000A2D05E5B4A8C5F5BCFC3605B4B8C615B3D
:10D850004C8C625BDFE6635BBEBC645BC2B9655B3C
:10D86000DBE6665BA7D1675B4D8C685B4E8C695BC2
:10D87000A2BA6A5BCFC26B5B4F8C6C5BABD86D5B43
:10D88000508C6E5B518C6F5B528C705BEBCA715B22
:10D89000EEE5725B538C735BDCE6745B548C755BFA
:10D8A000F5B7765B558C775B568C785B578C795BDC
:10D8B000588C7A5BE6C87B5B598C7C5B5A8C7D5BB1
:10D8C000F5C47E5B5B8C7F5B5C8C805BB2E5815BCF
:10D8D000FEC4825B5D8C835BFCCB845BB3E5855BC4
:10D8E000ACD5865B5E8C875BEED3885BD8CA895BE0
:10D8F000B2B08A5B5F8C8B5BCECB8C5BEACD8D5BF1
:10D90000608C8E5B618C8F5BEABA905B628C915B02
:10D91000638C925B648C935BB5E5945B658C955BE3
:10D92000B4E5965B668C975BDAD7985BD9B9995B5F
:10D93000E6D69A5BA8B69B5BF0CD9C5BCBD29D5B99
:10D94000A6B19E5BB5CA9F5B678CA05BE8B3A15B89
:10D95000F3C9A25BCDBFA35BFBD0A45BD2CAA55B1E
:10D96000B6E5A65BC2BBA75B688CA85B698CA95BAC
:10D970006A8CAA5BDCCFAB5BACB9AC5B6B8CAD5B90
:10D980006C8CAE5B6D8CAF5B6E8CB05BD7D4B15BD7
:10D990006F8CB25B708CB35BA6BAB45BE7D1B55B3E
:10D9A000FCCFB65BD2BCB75B718CB85BB7E5B95B3B
:10D9B000DDC8BA5B728CBB5B738CBC5B748CBD5B6B
:10D9C000EDBFBE5BF6B1BF5BDECBC05B758CC15BF0
:10D9D000768CC25BC5BCC35B778CC45BC4BCC55BC7
:10D9E000FAD2C65BDCC3C75BDCBFC85B788CC95BA3
:10D9F000798CCA5B7A8CCB5B7B8CCC5BBBB8CD5B08
:10DA00007C8CCE5B7D8CCF5B7E8CD05BC2C3D15BCC
:10DA1000808CD25BAEBAD35BA2D4D45B818CD55B55
:10DA2000828CD65B838CD75B848CD85B858CD95BEE
:10DA3000868CDA5B878CDB5B888CDC5B898CDD5BBE
:10DA4000DEC7DE5BAFC4DF5BECB2E05B8A8CE15B20
:10DA5000D1B9E25B8B8CE35B8C8CE45BBBE5E55B73
:10DA6000C8C1E65B8D8CE75B8E8CE85BAFD5E95B6C
:10DA70008F8CEA5B908CEB5B918CEC5B928CED5B1A
:10DA8000938CEE5BBCE5EF5B948CF05BBEE5F15BE9
:10DA9000958CF25B968CF35B978CF45B988CF55BC2
:10DAA000998CF65B9A8CF75B9B8CF85BE7B4F95B1F
:10DAB000D4B6FA5BC2CBFB5BB0D1FC5BBCB5FD5B03
:10DAC0009C8CFE5B9D8CFF5BD9CA005C9E8C015CCC
:10DAD000E2B7025C9F8C035CA08C045CE4C9055C2B
:10DAE000A18C065CABBD075CA28C085CA38C095CB6
:10DAF000BECE0A5CF0D70B5CA48C0C5CA58C0D5CD4
:10DB0000A68C0E5CA78C0F5CA1D0105CA88C115C5D
:10DB1000D9C9125CA98C135CAA8C145CFBB6155C89
:10DB2000D8E6165CE2BC175CAB8C185CBEB3195C23
:10DB3000AC8C1A5CD0C91B5CAD8C1C5CD9E61D5C3E
:10DB4000A2B31E5CAE8C1F5CAF8C205CB08C215CE1
:10DB5000B18C225CCCDE235CB28C245CC8D3255C07
:10DB6000CDDE265CB38C275CA2D2285CB48C295C09
:10DB7000B58C2A5CB68C2B5CB78C2C5CCEDE2D5C15
:10DB8000B88C2E5CB98C2F5CBA8C305CBB8C315C51
:10DB9000CDBE325CBC8C335CBD8C345CCFDE355C7E
:10DBA000BE8C365CBF8C375CC08C385CACCA395CD0
:10DBB000FCD23A5CDFB33B5CEAE53C5CE1C43D5C33
:10DBC000A1BE3E5CB2CE3F5CF2C4405CD6BE415CBE
:10DBD000A8C6425CE3B2435CC18C445CC28C455C29
:10DBE000D3BE465CC38C475CC48C485CFCC7495CB4
:10DBF000EBCC4A5CECBD4B5CDDCE4C5CC58C4D5C2B
:10DC0000C68C4E5CBACA4F5CC1C6505CECE5515C38
:10DC1000BCD0525CC78C535CC88C545CC98C555CBE
:10DC2000B9D5565CCA8C575CCB8C585CCC8C595C93
:10DC3000EDE55A5CCD8C5B5CCE8C5C5CCF8C5D5C26
:10DC4000D08C5E5CF4CA5F5CD18C605CC0CD615CE2
:10DC5000C5C2625CD28C635CEFE5645CD38C655CAE
:10DC6000C4C2665CF0E5675CD48C685CD58C695C8A
:10DC7000D68C6A5CD78C6B5CD88C6C5CD98C6D5CF8
:10DC8000DA8C6E5CF8E56F5CCDCD705CDB8C715C22
:10DC9000BDC9725CDC8C735CDD8C745CDE8C755C85
:10DCA000DF8C765CE08C775CE18C785CE28C795C74
:10DCB000D9D27A5CA8E17B5CE38C7C5CE48C7D5CF3
:10DCC000E58C7E5CE68C7F5CECD3805CE78C815CD1
:10DCD000EACB825CF1C6835CE88C845CE98C855C71
:10DCE000EA8C865CEB8C875CEC8C885CACE1895CB4
:10DCF000ED8C8A5CEE8C8B5CEF8C8C5CA7E18D5C90
:10DD0000A9E18E5CF08C8F5CF18C905CAAE1915C57
:10DD1000AFE1925CF28C935CF38C945CEDB2955C19
:10DD2000F48C965CABE1975CDAB8985CADE1995CF9
:10DD3000AEE19A5CB0E19B5CBAB59C5CB1E19D5CE4
:10DD4000F58C9E5CF68C9F5CF78CA05CF88CA15CDB
:10DD5000F98CA25CB3E1A35CB8E1A45CFA8CA55C8D
:10DD6000FB8CA65CFC8CA75CFD8CA85CFE8CA95C83
:10DD7000D2D1AA5C408DAB5CB6E1AC5CB5E1AD5CE8
:10DD8000EBC1AE5C418DAF5C428DB05C438DB15C4C
:10DD9000B7E1B25C448DB35CC0D4B45C458DB55C76
:10DDA000B2E1B65C468DB75CBAE1B85CB6B0B95CBE
:10DDB000478DBA5C488DBB5C498DBC5C4A8DBD5CAF
:10DDC000B4E1BE5C4B8DBF5CF9BFC05C4C8DC15CE7
:10DDD000B9E1C25C4D8DC35C4E8DC45CBBE1C55CDA
:10DDE0004F8DC65C508DC75C518DC85C528DC95C2F
:10DDF000538DCA5C548DCB5CBEE1CC5C558DCD5C43
:10DE0000568DCE5C578DCF5C588DD05C598DD15CD2
:10DE10005A8DD25CBCE1D35C5B8DD45C5C8DD55CEF
:10DE20005D8DD65C5E8DD75C5F8DD85C608DD95C76
:10DE3000C5D6DA5C618DDB5C628DDC5C638DDD5C9C
:10DE4000648DDE5C658DDF5C668DE05C678DE15C1A
:10DE5000BFCFE25C688DE35C698DE45CBDE1E55CAD
:10DE6000BFE1E65CCDC2E75C6A8DE85CEBB6E95CDD
:10DE70006B8DEA5CF8D3EB5C6C8DEC5C6D8DED5CCE
:10DE8000CDC7EE5C6E8DEF5C6F8DF05CE5B7F15C3D
:10DE9000708DF25C718DF35C728DF45C738DF55C4A
:10DEA000748DF65C758DF75C768DF85C778DF95C1A
:10DEB000788DFA5C798DFB5CFEBEFC5C7A8DFD5C36
:10DEC0007B8DFE5C7C8DFF5C7D8D005D7E8D015DBC
:10DED000808D025DC0E1035DC1E1045D818D055D62
:10DEE000828D065DC7E1075DE7B3085D838D095D3F
:10DEF000848D0A5D858D0B5D868D0C5D878D0D5D36
:10DF0000888D0E5DE9C60F5D898D105D8A8D115D6E
:10DF10008B8D125D8C8D135D8D8D145DDEB4155D62
:10DF20008E8D165DC2D1175D8F8D185D908D195D38
:10DF3000918D1A5D928D1B5DC8E11C5D938D1D5DF9
:10DF4000948D1E5DC6E11F5D958D205D968D215DD2
:10DF5000978D225D988D235D998D245DC5E1255DAA
:10DF60009A8D265DC3E1275DC2E1285D9B8D295D09
:10DF7000C0B12A5D9C8D2B5D9D8D2C5D9E8D2D5D90
:10DF8000B8D52E5DC4E12F5D9F8D305DA08D315DD4
:10DF9000A18D325DA28D335DA38D345DCBE1355D06
:10DFA000A48D365DA58D375DA68D385DA78D395D55
:10DFB000A88D3A5DA98D3B5DAA8D3C5DAB8D3D5D25
:10DFC000CCE13E5DCAE13F5DAC8D405DAD8D415D14
:10DFD000AE8D425DAF8D435DB08D445DB18D455DCD
:10DFE000B28D465DB38D475DFAEF485DB48D495DF6
:10DFF000B58D4A5DD3E14B5DD2E14C5DB6C74D5D59
:10E00000B68D4E5DB78D4F5DB88D505DB98D515D4C
:10E01000BA8D525DBB8D535DBC8D545DBD8D555D1C
:10E02000BE8D565DBF8D575DC08D585DC9E1595D90
:10E03000C18D5A5DC28D5B5DCEE15C5DC38D5D5D62
:10E04000D0E15E5DC48D5F5DC58D605DC68D615D37
:10E05000C78D625DC88D635DC98D645DCA8D655D68
:10E06000CB8D665DCC8D675DCD8D685DCE8D695D38
:10E07000D4E16A5DCF8D6B5DD1E16C5DCDE16D5D0D
:10E08000D08D6E5DD18D6F5DCFE1705DD28D715D94
:10E09000D38D725DD48D735DD58D745DD5E1755D65
:10E0A000D68D765DD78D775DD88D785DD98D795D8C
:10E0B000DA8D7A5DDB8D7B5DDC8D7C5DDD8D7D5D5C
:10E0C000DE8D7E5DDF8D7F5DE08D805DE18D815D2C
:10E0D000E28D825DD6E1835DE38D845DE48D855DB7
:10E0E000E58D865DE68D875DE78D885DE88D895DD0
:10E0F000E98D8A5DEA8D8B5DEB8D8C5DEC8D8D5DA0
:10E10000ED8D8E5DEE8D8F5DEF8D905DF08D915D6F
:10E11000F18D925DF28D935DF38D945DF48D955D3F
:10E12000F58D965DF68D975DF78D985DF88D995D0F
:10E13000D7E19A5DF98D9B5DFA8D9C5DFB8D9D5DB0
:10E14000D8E19E5DFC8D9F5DFD8DA05DFE8DA15D86
:10E15000408EA25D418EA35D428EA45D438EA55D7F
:10E16000448EA65D458EA75D468EA85D478EA95D4F
:10E17000488EAA5D498EAB5D4A8EAC5D4B8EAD5D1F
:10E180004C8EAE5D4D8EAF5D4E8EB05D4F8EB15DEF
:10E19000508EB25D518EB35D528EB45D538EB55DBF
:10E1A000548EB65D558EB75DDAE1B85D568EB95DB9
:10E1B000578EBA5D588EBB5D598EBC5D5A8EBD5D63
:10E1C0005B8EBE5D5C8EBF5D5D8EC05D5E8EC15D33
:10E1D0005F8EC25D608EC35D618EC45D628EC55D03
:10E1E000DBE1C65D638EC75D648EC85D658EC95D0B
:10E1F000668ECA5D678ECB5D688ECC5D698ECD5DA7
:10E20000A1CECE5D6A8ECF5D6B8ED05D6C8ED15D02
:10E210006D8ED25D6E8ED35D6F8ED45D708ED55D4A
:10E22000718ED65D728ED75D738ED85D748ED95D1A
:10E23000758EDA5D768EDB5DDDE7DC5D778EDD5D2C
:10E24000A8B4DE5DDDD6DF5D788EE05D798EE15DC0
:10E25000B2D1E25DB2B3E35D7A8EE45D7B8EE55DC3
:10E26000A4B9E65DF3D7E75DC9C7E85DDEBEE95D49
:10E27000AEB9EA5D7C8EEB5DD7CEEC5D7D8EED5D5B
:10E280007E8EEE5DEEB2EF5DCFDBF05D808EF15DF8
:10E29000BABCF25DD1D2F35DC8CBF45DCDB0F55D13
:10E2A000818EF65D828EF75DEFCFF85D838EF95D2E
:10E2B000848EFA5D858EFB5D868EFC5D878EFD5DAE
:10E2C000E3D9FE5DEDBDFF5D888E005E898E015E47
:10E2D000D2B1025ED0CA035EBCB2045E8A8E055E15
:10E2E000A7CB065EABB7075E8B8E085EA6CA095E3B
:10E2F0008C8E0A5E8D8E0B5E8E8E0C5EA3CF0D5EB5
:10E300008F8E0E5E908E0F5EF8E0105ECAD5115EA5
:10E31000FBE0125E918E135E928E145EFAE0155E43
:10E32000C1C5165EFBCC175E938E185EB1C1195E37
:10E33000F9E01A5EE3D61B5EAFB21C5EC4D61D5E6A
:10E34000DBB51E5E948E1F5E958E205E968E215EDE
:10E35000978E225E988E235E998E245E9A8E255E1D
:10E360009B8E265EF8B4275EA1D6285E9C8E295E21
:10E370009D8E2A5E9E8E2B5E9F8E2C5EA08E2D5EC5
:10E38000AFCF2E5EEFB02F5EA18E305EA28E315EDB
:10E39000FCE0325EA38E335EA48E345EA58E355EC5
:10E3A000A68E365EA78E375EA1E1385EA3B3395ED6
:10E3B000A88E3A5EA98E3B5EFDE03C5EFEE03D5ECF
:10E3C000B1C33E5EAA8E3F5EAB8E405EAC8E415EB8
:10E3D000AD8E425EDDC3435EAE8E445EA2E1455E1D
:10E3E000F9B7465EAF8E475EB08E485EB18E495E2D
:10E3F000B28E4A5EB38E4B5EB48E4C5ECFBB4D5E2A
:10E40000B58E4E5EB68E4F5EB78E505EB88E515E44
:10E41000B98E525EBA8E535EBB8E545EA3E1555EDA
:10E42000BBC4565EBC8E575EBD8E585EBE8E595EB6
:10E43000BF8E5A5EC08E5B5EA4E15C5EC18E5D5E87
:10E44000C28E5E5EA5E15F5EC38E605EC48E615E5D
:10E45000A6E1625EB1B4635EC58E645EC68E655E23
:10E46000C78E665EC88E675EC98E685ECA8E695E3C
:10E47000CB8E6A5ECC8E6B5ECD8E6C5ECE8E6D5E0C
:10E48000CF8E6E5ED08E6F5ED18E705ED28E715EDC
:10E49000D38E725EC9B8735EBDC6745EEAC4755E23
:10E4A000D48E765EA2B2775ED58E785ED2D0795E5B
:10E4B000D68E7A5EDBE77B5EC3BB7C5ED7D37D5EA8
:10E4C000C4D37E5ED78E7F5EE3B9805ECFE2815E8D
:10E4D000D88E825ED98E835EDA8E845EAFD7855EFB
:10E4E000DB8E865EECC7875ED3B1885EDC8E895E8C
:10E4F000DD8E8A5EB2B48B5ED1E28C5EDE8E8D5E86
:10E50000DF8E8E5EE08E8F5EF2D0905EAEC2915E48
:10E51000D0E2925EE18E935EE2BF945EA6D3955EFA
:10E52000D7B5965ED2E2975EEAB5985EE28E995EC6
:10E53000EDC39A5EFDB89B5EE38E9C5EAEB89D5EB9
:10E54000E48E9E5ED3C59F5ECFB7A05ED4E2A15E8F
:10E55000E58EA25EE68EA35EE78EA45EE88EA55EE3
:10E56000D3E2A65EC8B6A75EF9D7A85EE98EA95E1B
:10E57000EA8EAA5EEB8EAB5EEC8EAC5EED8EAD5E8F
:10E58000A5CDAE5EEE8EAF5EEF8EB05EF08EB15E6C
:10E59000F18EB25EF28EB35ED8E2B45EF38EB55EFB
:10E5A000D6E2B65EFCCAB75EB5BFB85EB9D3B95E97
:10E5B000D5E2BA5EF48EBB5EF58EBC5EF68EBD5EB5
:10E5C000F78EBE5ED7E2BF5EF88EC05EF98EC15E8A
:10E5D000FA8EC25EFB8EC35EFC8EC45EFD8EC55E8F
:10E5E000FE8EC65E408FC75E418FC85E428FC95E99
:10E5F000AEC1CA5EC8C0CB5E438FCC5E448FCD5ED9
:10E60000458FCE5E468FCF5E478FD05E488FD15EFE
:10E61000DBE2D25EDAE2D35EAAC0D45E498FD55E79
:10E620004A8FD65ECEC1D75E4B8FD85E4C8FD95EF7
:10E630004D8FDA5E4E8FDB5EDCE2DC5E4F8FDD5E9F
:10E64000508FDE5E518FDF5E528FE05E538FE15E52
:10E65000548FE25E558FE35E568FE45E578FE55E22
:10E66000588FE65E598FE75E5A8FE85EDDE2E95E1D
:10E670005B8FEA5EDEE2EB5E5C8FEC5E5D8FED5EF3
:10E680005E8FEE5E5F8FEF5E608FF05E618FF15E9A
:10E69000628FF25E638FF35E648FF45EC8DBF55EBB
:10E6A000658FF65ED3D1F75EA2CDF85E668FF95E18
:10E6B000678FFA5EA8BDFB5E688FFC5E698FFD5EAA
:10E6C0006A8FFE5EC3DEFF5EA5D8005FAABF015F52
:10E6D000CDDB025FECD2035FFAC6045FAAC5055F1B
:10E6E0006B8F065F6C8F075F6D8F085FC4DE095FFD
:10E6F0006E8F0A5FD7B10B5FAEDF0C5F6F8F0D5F60
:10E70000708F0E5F718F0F5FBDCA105F728F115FC8
:10E71000B1DF125F738F135FADB9145F748F155F34
:10E72000FDD2165F758F175FA5B8185FEBBA195F3A
:10E73000768F1A5F778F1B5FDAB31C5F788F1D5F50
:10E74000798F1E5F7A8F1F5FDCB5205FC5D5215F93
:10E750007B8F225F7C8F235F7D8F245F7E8F255F81
:10E76000D6C3265FD2CF275FA1BB285F808F295FEA
:10E77000F3E52A5FF2E52B5F818F2C5F828F2D5F9F
:10E78000F4E52E5F838F2F5FE4CD305F848F315FA0
:10E79000F5C8325F858F335F868F345F878F355F33
:10E7A000888F365F898F375F8A8F385F8B8F395FAD
:10E7B000AFB53A5FBFC73B5F8C8F3C5FF6E53D5F0F
:10E7C0008D8F3E5F8E8F3F5F8F8F405FB0EC415FDC
:10E7D000908F425F918F435F928F445F938F455F2D
:10E7E000948F465F958F475F968F485F978F495FFD
:10E7F000988F4A5F998F4B5F9A8F4C5F9B8F4D5FCD
:10E800009C8F4E5F9D8F4F5F9E8F505FE6E5515FFF
:10E810009F8F525FE9B9535FB1B5545FA08F555FC9
:10E82000BCC2565FE8E5575FE7E5585FE9E5595F29
:10E83000A18F5A5FA28F5B5FA38F5C5FA48F5D5F28
:10E84000CDD25E5FA58F5F5FA68F605FA78F615F90
:10E85000EAE1625FCED0635FA88F645FAECD655F93
:10E86000A98F665FE5D1675FAA8F685FAB8F695F2D
:10E87000CAB26A5FEBB16B5FAC8F6C5FF2B16D5F78
:10E88000EDC56E5FAD8F6F5FAE8F705FC3D5715F8B
:10E89000B0D3725FAF8F735FDCE1745FB08F755F71
:10E8A000B18F765FB28F775FDDE1785FB38F795F8D
:10E8B000DBD27A5FB48F7B5FB9B37C5FCBB17D5F16
:10E8C000B58F7E5FB68F7F5FB78F805FF9CD815F39
:10E8D000F7D5825FDEE1835FB88F845FB6BE855F68
:10E8E000FDB4865FB98F875FDFE1885FDCBA895F3F
:10E8F000E0E18A5FB2BB8B5FC9C28C5FE1E18D5FF3
:10E90000BA8F8E5FBB8F8F5FBC8F905FECD0915FB3
:10E91000BD8F925FBDCD935FBE8F945FBF8F955FBC
:10E92000E2E1965FC08F975FC3B5985FC7C5995FF7
:10E93000E3E19A5FC18F9B5FC28F9C5FE4E19D5FC3
:10E94000C38F9E5FC48F9F5FC58FA05FC68FA15F7F
:10E95000F9D3A25FC78FA35FC88FA45FC98FA55FDC
:10E96000CA8FA65FCB8FA75FCC8FA85FE5E1A95FB9
:10E97000CD8FAA5FADD1AB5FCE8FAC5FCF8FAD5FD8
:10E98000E6E1AE5FA2CEAF5FD08FB05FD18FB15F57
:10E99000D28FB25FD38FB35FD48FB45FD58FB55FA3
:10E9A000E7E1B65FD68FB75FC2B5B85FD78FB95F03
:10E9B000D88FBA5FD98FBB5FDA8FBC5FE8E1BD5FEC
:10E9C000D5BBBE5FDB8FBF5FDC8FC05FDD8FC15FFC
:10E9D000DE8FC25FDF8FC35FC4D0C45FE0E2C55F7C
:10E9E000D8B1C65FE4D2C75FE08FC85FE18FC95F6F
:10E9F000E1E2CA5FE28FCB5FE38FCC5FC9BCCD5F42
:10EA0000CCC8CE5FE48FCF5FE3E2D05FFEECD15F96
:10EA1000FDECD25FAFDFD35FE58FD45FE68FD55FCC
:10EA2000E78FD65FE2E2D75FBED6D85FFCCDD95F75
:10EA3000A6C3DA5FE88FDB5FE98FDC5FEA8FDD5F1B
:10EA4000C3E3DE5FEB8FDF5FEC8FE05FD2D6E15F89
:10EA5000E7E2E25FED8FE35FEE8FE45FE8E2E55F20
:10EA6000EF8FE65FF08FE75FC7D3E85FF18FE95F75
:10EA7000F28FEA5FECE2EB5FECBFEC5FF38FED5FF0
:10EA8000EDE2EE5FE5E2EF5FF48FF05FF58FF15FAF
:10EA9000C0B3F25FF68FF35FF78FF45FF88FF55F27
:10EAA000EEC4F65FF98FF75FFA8FF85FEEE2F95F79
:10EAB000FB8FFA5FFC8FFB5FC3D0FC5FFD8FFD5FB8
:10EAC000F6BAFE5FE9E2FF5FDEB70060B3BB01604C
:10EAD000ACCC0260CBCB0360E4E20460E6E205600C
:10EAE000EAE20660EBE20760FE8F08604090096092
:10EAF00041900A60F7E20B6042900C6043900D6019
:10EB0000F4E20E60F5D40F60F3E2106044901160FF
:10EB100045901260ADC5136046901460FAD515603B
:10EB2000C2C51660C0B2176047901860489019605F
:10EB3000EFE21A6049901B60F2E21C60AFC11D60F9
:10EB4000BCCB1E604A901F604B902060A1B5216035
:10EB5000F9E222604C9023604D9024604E90256035
:10EB6000B1BC2660F1E22760D4D02860B9D4296016
:10EB7000F5E22A60D6B92B60F6E22C604F902D604A
:10EB800050902E6051902F60D3C73060529031600A
:10EB90005390326054903360559034605690356095
:10EBA000F0E236605790376058903860599039607D
:10EBB0005A903A605B903B60DCD73C60A1ED3D60D1
:10EBC0005C903E605D903F60F8E240605E90416026
:10EBD000A5ED4260FEE24360D1CA44605F904560AB
:10EBE00060904660619047606290486063904960C1
:10EBF00064904A6065904B60B5C14C6066904D6012
:10EC0000D0BB4E6067904F6068905060D6BF516037
:10EC100069905260E3BA53606A9054606B9055609B
:10EC2000A1CB56606C9057606D9058606E905960A3
:10EC3000A6ED5A60A3ED5B606F905C6070905D60C4
:10EC4000A2ED5E6071905F60729060607390616031
:10EC500074906260D6BB6360A7ED6460F4D06560B9
:10EC60007590666076906760A4ED6860DEBA696052
:10EC7000F7B66A60A1E36B60B2B66C60F1CC6D6010
:10EC8000A7B96E6077906F60A2CF7060A1C7716006
:10EC90007890726079907360D2BF74607A9075607A
:10ECA0007B907660F1B677607C907860FAE279606C
:10ECB000FBE27A60FDE27B60FCE27C60D5C47D60B3
:10ECC000A2E37E607D907F60C1D380607E90816092
:10ECD0008090826081908360A7E38460C4C7856070
:10ECE0008290866083908760849088608590896038
:10ECF000A4CF8A6086908B6087908C60A9E38D603A
:10ED0000B7BA8E6088908F60899090608A90916089
:10ED10008B909260A8E393608C909460DABB9560CE
:10ED20008D909660A3E397608E9098608F90996025
:10ED300090909A60A4E39B60AAE39C6091909D6090
:10ED4000A6E39E6092909F60F2CEA060C6D3A160C1
:10ED50009390A2609490A360BCBBA4609590A560C2
:10ED60009690A660C3D4A7609790A860FAC4A960E3
:10ED70009890AA609990AB60A8EDAC60FCD0AD60B3
:10ED8000A5E3AE609A90AF60F5C3B0609B90B160B0
:10ED9000ADE3B260AFB1B3609C90B460B2E3B56074
:10EDA0009D90B6609E90B7609F90B860C2BCB960FD
:10EDB000A090BA60A190BB60ACE3BC60BFB5BD6081
:10EDC000A290BE60A390BF60A490C060A590C160F7
:10EDD000A690C260A790C360A890C460A990C560C7
:10EDE000E9C7C660B0E3C760AA90C860AB90C960CD
:10EDF000AC90CA60AABECB60EFCDCC60AD90CD60C8
:10EE0000AE90CE60AF90CF60B090D060B190D16046
:10EE1000F3BBD260B290D360B390D460B490D560AD
:10EE2000E8CCD660B590D760B690D860AFE3D96033
:10EE3000B790DA60B1E3DB60B890DC60A7CFDD604B
:10EE4000AEE3DE60B990DF60A9CEE060DDBBE160DB
:10EE5000BA90E260BB90E360BC90E460BD90E56076
:10EE6000BE90E660EBB5E760E5BEE860D2B2E9606F
:10EE7000CDB3EA60BF90EB60B9B1EC60ABE3ED609D
:10EE8000D1B2EE60ACB5EF60DFB9F060E8B6F1602A
:10EE9000C090F260C190F360EBCFF460B7E3F5602F
:10EEA000C290F660CCBBF760C390F860C490F96084
:10EEB000C7C8FA60CAD0FB60C590FC60C690FD6010
:10EEC000C790FE60C890FF60C9900061B8E301611F
:10EED000EEB30261CA900361CB900461CC900561EE
:10EEE000CD900661A9ED0761CE900861FAD3096162
:10EEF000E4D30A61CF900B61D0900C61D1900D6189
:10EF0000AAED0E61B9E30F61E2D21061D2901161F6
:10EF1000D3901261D4901361D5901461D69015618D
:10EF2000B5E31661D7901761D8901861D99019612F
:10EF3000DA901A61DED31B61DB901C61DC901D61ED
:10EF4000DD901E61DE901F61D0B82061B3E32161C6
:10EF5000DF902261E0902361B6E32461DFB7256191
:10EF6000E1902661B4E32761A2C02861E2902961A3
:10EF7000E3902A61E4902B61BAE32C61E5902D6166
:10EF8000E6902E61E7902F61E8903061E990316161
:10EF9000EA903261EB903361EC903461ED90356131
:10EFA000EE903661EF903761F0903861F190396101
:10EFB000F2903A61F3903B61F4903C61F5903D61D1
:10EFC000F6903E61F7903F61B8D44061F89041619E
:10EFD000F9904261FA904361FB904461FC90456175
:10EFE000FD904661FE90476140914861C8B4496117
:10EFF00041914A61BBE34B6142914C61C5BB4D619C
:10F0000043914E61F7C94F614491506145915161FF
:10F01000E5C95261469153614791546148915561E8
:10F02000BDC45661499157614A9158614B915961EC
:10F030004C915A614D915B614E915C614F915D6164
:10F04000ABED5E6150915F61519160615291616180
:10F0500053916261FDC26361549164615591656130
:10F060005691666157916761DBBB6861AEBF6961AC
:10F0700058916A6159916B615A916C615B916D61B4
:10F080005C916E615D916F615E917061BFCE7161E7
:10F090005F91726160917361619174616291756158
:10F0A000BCE3766163917761B6BF78616491796101
:10F0B00065917A6166917B6167917C6168917D6100
:10F0C00069917E616A917F616B9180616C918161D0
:10F0D0006D9182616E9183616F91846170918561A0
:10F0E0007191866172918761739188617491896170
:10F0F00075918A6176918B61EFB18C6177918D61A9
:10F1000078918E61F7D48F61799190617A91916154
:10F110007B9192617C9193617D919461BEE3956155
:10F120007E919661809197618191986182919961B8
:10F1300083919A6184919B6185919C6186919D6187
:10F14000ADED9E6187919F618891A0618991A161D8
:10F150008A91A2618B91A3618C91A4618D91A5612B
:10F160008E91A6618F91A761BFE3A861A9BAA96139
:10F17000ACEDAA619091AB619191AC61BDE3AD61E1
:10F180009291AE619391AF619491B0619591B161AB
:10F190009691B2619791B3619891B4619991B5617B
:10F1A0009A91B6619B91B761C0E3B8619C91B961D6
:10F1B0009D91BA619E91BB619F91BC61A091BD611F
:10F1C000A191BE61B6BABF61A291C061A391C161B4
:10F1D000A491C261AEB6C361A591C461A691C56197
:10F1E000A791C661A891C761A991C861B8D0C9614A
:10F1F000AA91CA61C3B0CB61AEEDCC61AB91CD61D8
:10F20000AC91CE61AD91CF61AE91D061AF91D16142
:10F21000AFEDD261C1C0D361B091D461C1E3D5611A
:10F22000B191D661B291D761B391D861B491D961EE
:10F23000B591DA61B691DB61B791DC61B891DD61BE
:10F24000B991DE61BA91DF61BB91E061BC91E1618E
:10F25000BD91E261BE91E361BF91E461C091E5615E
:10F26000C191E661B3C5E761C291E861C391E9610B
:10F27000C491EA61C591EB61C691EC61C791ED6102
:10F28000C891EE61C991EF61CA91F061CB91F161D2
:10F29000CC91F261CD91F361CE91F461CF91F561A2
:10F2A000C2E3F661D091F761D191F861D291F96131
:10F2B000D391FA61D491FB61D591FC61D691FD6146
:10F2C000D791FE61D891FF61B2DC0062D9910162F1
:10F2D000DA910262DB910362DC910462DD910562E6
:10F2E000DE910662B0ED0762DF910862EAB809625A
:10F2F000E0910A62ECCE0B62A7EA0C62E7D00D62E5
:10F30000F9CA0E62D6C80F62B7CF1062C9B31162D4
:10F31000D2CE1262E4BD1362E1911462E2911562F1
:10F32000DEE31662F2BB1762A8EA1862BDD5196265
:10F33000E3911A62DDC61B62A9EA1C62E4911D62B8
:10F34000E5911E62E6911F62AAEA2062E7912162BE
:10F35000ACEA2262ABEA2362E8912462AEEA25625B
:10F36000ADEA2662E9912762EA912862EB9129626F
:10F37000EC912A62D8BD2B62ED912C62AFEA2D622E
:10F38000EE912E62BEC22F62EF913062F091316237
:10F39000F1913262F2913362C1B43462F7B43562F2
:10F3A000F3913662F4913762A7BB3862F591396206
:10F3B000F6913A62F7913B62F8913C62F9913D62B5
:10F3C000E6EC3E62E5EC3F62BFB74062F9CB4162DA
:10F3D000E2B14262FA914362E7EC4462FB9145621A
:10F3E000FC914662FD914762C8C94862E8EC4962F7
:10F3F000E9EC4A62FE914B62D6CA4C62D0DE4D62A5
:10F40000C5B24E62FAD44F6240925062419251624C
:10F41000CBC65262C7B05362F2B45462D3C85562CD
:10F42000429256624392576244925862D0CD5962DA
:10F4300045925A6246925B62B8BF5C6247925D62D7
:10F4400048925E6249925F624A9260624B92616248
:10F450004C9262624D926362DBBF64624E9265625F
:10F460004F926662A4C76762B4D6686250926962BE
:10F47000A9C06A62D1DE6B62A8C96C62EFD16D620D
:10F48000A4C56E62E7B06F62B6B37062C5C8716240
:10F490005192726252927362E2B0746253927562D8
:10F4A00054927662F6B77762559278625692796294
:10F4B000FAC57A6257927B6258927C62F3B67D629B
:10F4C00059927E62D2D57F62D0B38062BCBC816229
:10F4D0005A9282625B9283625C928462ADB385626F
:10F4E0005D9286625E9287625F92886260928962B4
:10F4F000F1BE8A62D1B08B6261928C6262928D623F
:10F5000063928E6264928F6265929062669291625B
:10F51000D6D29262E3CA9362A5D79462679295624B
:10F52000B6CD9662B6B69762B9BF9862DBD59962DE
:10F5300068929A62A7B89B62D7C59C6269929D62E5
:10F540006A929E626B929F62D2DEA062D9BFA16274
:10F55000D5C2A262C0C7A3626C92A462A4BBA5621A
:10F56000A8B1A6626D92A7626E92A862EAC5A9626E
:10F570006F92AA627092AB62FBC5AC62A7CCAD621F
:10F580007192AE627292AF627392B0627492B16223
:10F59000A7B1B2627592B3627692B4627792B562A5
:10F5A000D6B5B6627892B7627992B8627A92B96249
:10F5B000A8C4BA627B92BB62D3DEBC62BAD1BD6220
:10F5C000E9B3BE627C92BF62F2C3C0627D92C16247
:10F5D0007E92C262F7B7C3628092C462F4D6C562FB
:10F5E000A3B5C662F0B2C762B4C4C862E9C4C96256
:10F5F000ADC0CA62D4DECB628192CC62E8B0CD628B
:10F60000C4C5CE62E0C1CF628292D062D5B9D16268
:10F610008392D262DCBED362D8CDD462CEB0D56242
:10F620008492D662CFCDD762D6DED862D0BED96200
:10F63000BED7DA62D5DEDB62D0D5DC62DDB0DD625A
:10F640008592DE628692DF62E2C4E0628792E162C6
:10F650008892E262A3C2E362F0BCE4628992E5624E
:10F66000B5D3E662B9C0E762A1C5E862A6B2E962B5
:10F67000F1D4EA628A92EB628B92EC62A8C0ED62EE
:10F68000C3CAEE62D7DEEF62FCD5F0628C92F16203
:10F69000B0B9F2628D92F362ADC8F462A9CBF562A3
:10F6A0008E92F662D9DEF762BDBFF8628F92F96280
:10F6B0009092FA629192FB629292FC62B4C6FD62F1
:10F6C000A7D7FE62B0CAFF62C3C40063939201630E
:10F6D000D6B30263D2B9036394920463959205632F
:10F6E0009692066397920763B8D60863FCEA0963AB
:10F6F000B4B00A6398920B6399920C639A920D636B
:10F700009B920E63E6BF0F639C9210639D92116300
:10F71000F4CC12639E9213639F921463A0921563BC
:10F72000A1921663DACD1763A2921863A3921963AC
:10F73000A4921A63BFD61B63CEC21C63A5921D633D
:10F74000CECE1E63A2CC1F63AED02063D3C4216390
:10F75000B2B52263D8DE2363F5D52463B7BC256335
:10F76000D3BB2663A6922763A7922863A4B029631C
:10F77000A8922A63B2C52B63ECB42C63A9922D63C3
:10F78000AA922E63AB922F63F1D53063AC923163B2
:10F79000AD923263FDEA3363AE923463AF92356368
:10F7A000B0923663B1923763B2923863B3923963E1
:10F7B000DADE3A63A6CD3B63B4923C63B5923D6317
:10F7C000ECCD3E63B6923F63B7924063B89241631B
:10F7D000B9924263E6CE4363DCDE4463BA9245638A
:10F7E000B1CD4663A6C04763BB924863BC924963F0
:10F7F000BDD74A63BD924B63DBDE4C63C6B04D633D
:10F80000B4BA4E63D3C94F63F3C45063E8BE5163C7
:10F81000BE925263BF925363C0925463C1925563C8
:10F82000B6B25663C2925763C3925863C492596387
:10F83000C5925A63C6925B63C7925C63C8925D636C
:10F84000C9925E63CCC05F63F0CB6063CA926163B0
:10F85000F1BC6263BBBB6363B7B56463CB926563A2
:10F86000CC926663CD926763F5C56863CE92696397
:10F87000E6DE6A63CF926B63D0926C63D1926D6364
:10F88000E3DE6E63DDBE6F63D2927063D392716309
:10F89000DFDE7263D4927363D5927463D69275631C
:10F8A000D7927663B7B47763DDBD7863D892796316
:10F8B000D9927A63E0DE7B63EDC47C63DA927D6388
:10F8C000DB927E63DC927F63DD928063C6CF8163CF
:10F8D000DE928263E0B58363DF928463E0928563A6
:10F8E000E1928663E2928763DEB68863DACA89634F
:10F8F000F4B58A63E5DE8B63E3928C63C6D58D63D2
:10F90000E4928E63E1DE8F63CDCC9063FEC691639B
:10F91000E5929263C5C59363E6929463E79295631B
:10F92000E8929663B4D29763E9929863F2BE9963C2
:10F93000EA929A63EB929B63EC929C63ED929D63D7
:10F94000EE929E63EF929F63F092A063D3C2A16395
:10F95000F192A263BDCCA363B8B3A463F292A56392
:10F96000D3BDA663F392A763D8BFA863C6CDA9632E
:10F97000DAD1AA63EBB4AB63F492AC63E4DEAD63BB
:10F98000DDDEAE63E7DEAF63F592B063FEEAB1633E
:10F99000F692B263F792B363B0C2B463E2DEB563CA
:10F9A000F892B663F992B763C0D6B863A7B5B963E6
:10F9B000FA92BA63F4B2BB63FB92BC63E8DEBD6348
:10F9C000FC92BE63F2DEBF63FD92C063FE92C16330
:10F9D0004093C2634193C3634293C463EDDEC56346
:10F9E0004393C663F1DEC7634493C8634593C96319
:10F9F000E0C8CA634693CB634793CC634893CD6317
:10FA0000E1D7CE63EFDECF63E8C3D063E1CCD1634F
:10FA10004993D263E5B2D3634A93D4634B93D563DE
:10FA20004C93D663BED2D7634D93D8634E93D963BC
:10FA30004F93DA635093DB635193DC635293DD633E
:10FA40005393DE63EEDEDF635493E063EBDEE1634A
:10FA5000D5CEE2635593E363A7B4E4635693E563BD
:10FA60005793E6635893E7635993E8635A93E963BE
:10FA7000ABBFEA63BEBEEB635B93EC635C93ED6389
:10FA8000D2BDEE635D93EF635E93F0635F93F163CA
:10FA90006093F263E9DEF3636193F463AED4F563DC
:10FAA0006293F663DEDEF7636393F863EADEF9637D
:10FAB0006493FA636593FB636693FC636793FD63EA
:10FAC000BFC0FE636893FF63ECDE0064F3B20164C1
:10FAD000E9B80264A7C20364699304646A93056485
:10FAE000C1BD06646B9307646C9308646D930964ED
:10FAF0006E930A646F930B64F5DE0C64F8DE0D649C
:10FB000070930E6471930F64ABB21064A4B411646B
:10FB10007293126473931364EAB41464A6C91564EF
:10FB200074931664759317647693186477931964C5
:10FB300078931A6479931B64F6DE1C64D1CB1D6440
:10FB40007A931E64E3B81F647B932064F7DE21641C
:10FB5000FADE22647C9323647D9324647E9325647F
:10FB600080932664F9DE2764819328648293296454
:10FB700083932A64C2CC2B6484932C64E1B02D64FB
:10FB8000EEB42E6485932F6486933064879331643A
:10FB900088933264899333648A933464BAE5356414
:10FBA0008B9336648C9337648D9338648E93396469
:10FBB0008F933A64AFD03B6490933C6491933D64DF
:10FBC000EBB23E6492933F64A1EB40649393416433
:10FBD000F4DE42649493436495934464E3C94564BA
:10FBE000F3DE4664DAB04764A1D24864F7B14964F1
:10FBF00096934A64AFCC4B6497934C6498934D644E
:10FC000099934E649A934F649B9350649C93516470
:10FC10009D935264F0DE53649E935464A4CB556468
:10FC20009F935664A0935764A1935864AAD55964CE
:10FC3000A2935A64A3935B64A4935C64A5935D64EC
:10FC4000A6935E64FBDE5F64A7936064A89361641F
:10FC5000A9936264AA936364AB936464AC93656490
:10FC6000AD936664AE936764DDB46864AF93696412
:10FC7000A6C46A64B0936B64B1936C64B2936D6410
:10FC8000FDDE6E64B3936F64B4937064B593716476
:10FC9000B6937264B7937364B8937464B9937564DC
:10FCA000BA937664BB937764BC937864FEC379643B
:10FCB000A1C47A64A1DF7B64BD937C64BE937D6440
:10FCC000BF937E64C0937F64C1938064C293816458
:10FCD000C3938264CCC18364C4938464FCDE856472
:10FCE000EFBE8664C5938764B2C68864C693896490
:10FCF000C7938A64C8938B64C9938C64CA938D64D8
:10FD0000CB938E64CC938F64CD939064CE939164A7
:10FD1000C5B39264F6C89364CF939464D09395640A
:10FD2000BACB9664FEDE9764D1939864D2939964BB
:10FD3000A4DF9A64D3939B64D4939C64D5939D640D
:10FD4000D6939E64B2D79F64D793A064D893A164DE
:10FD5000D993A264DA93A364DB93A464B7B3A564D4
:10FD6000DC93A664DD93A764DE93A864DF93A964A3
:10FD7000C3C1AA64E093AB64E193AC64CBC7AD6448
:10FD8000A5B2AE64E9B4AF64E293B064ABD7B1643A
:10FD9000E393B264E493B364E593B464E693B56427
:10FDA000ECC4B664E793B764A2DFB864A3DFB964B8
:10FDB000E893BA64A5DFBB64E993BC64B3BABD64DD
:10FDC000EA93BE64EB93BF64EC93C064A6DFC164A6
:10FDD000ED93C264DEC0C364EE93C464EF93C56464
:10FDE000C3C9C664F093C764F193C864F293C9644D
:10FDF000F393CA64F493CB64F593CC64F693CD6427
:10FE0000D9B2CE64E6C7CF64F793D064A7DFD164DC
:10FE1000F893D264DCC7D364F993D464FA93D564BD
:10FE2000FB93D664FC93D764A8DFD864A2EBD964B3
:10FE3000FD93DA64FE93DB644094DC644194DD64FA
:10FE40004294DE64D3CBDF644394E0644494E16481
:10FE50004594E264AADFE3644694E464A9DFE564C0
:10FE60004794E664C1B2E7644894E8644994E9645D
:10FE70004A94EA644B94EB644C94EC644D94ED64C6
:10FE80004E94EE644F94EF645094F0645194F16496
:10FE90005294F2645394F3645494F4645594F56466
:10FEA0005694F6645794F7645894F8645994F96436
:10FEB0005A94FA645B94FB645C94FC645D94FD6406
:10FEC0005E94FE645F94FF6460940065CAC501653A
:10FED00061940265629403656394046564940565A6
:10FEE0006594066566940765679408656894096576
:10FEF000ABDF0A6569940B656A940C656B940D65BC
:10FF00006C940E656D940F656E9410656F94116519
:10FF100070941265DCD41365719414657294156540
:10FF2000739416657494176575941865C1C819653E
:10FF300076941A6577941B6578941C6579941D6591
:10FF40007A941E657B941F657C9420657D94216561
:10FF50007E9422658094236581942465829425652E
:10FF6000ACDF26658394276584942865859429658C
:10FF700086942A6587942B65F0BE2C6588942D6540
:10FF800089942E65ADDF2F65A7D630658A943165DB
:10FF90008B9432658C9433658D943465B7EA3565FE
:10FFA000B6EB3665D5CA37658E943865FCD83965A9
:10FFB000C4B83A658F943B65A5B93C6590943D659E
:10FFC00091943E65C5B73F65FED540659294416505
:10FFD00093944265949443659594446596944565DD
:10FFE000CAB946659794476598944865A7D049650E
:10FFF000CDF44A6599944B659A944C65D0B54D659E
:020000040801F1
:100000009B944E659C944F65F4C350659D945165D7
:10001000C8BE52659E9453659F945465A0945565DF
:10002000B7EB5665BDB05765A1945865A294596564
:10003000CCBD5A65A3945B65B2C15C65A4945D6553
:10004000D6B15E65A8B35F65A5946065A694616549
:10005000A7946265D2B86365A2C96465A894656512
:10006000A9946665D8B66765AA946865AB94696516
:10007000AC946A65AD946B65B8EB6C65B4BE6D65A8
:10008000AE946E65AF946F65B0947065FDCA71658E
:10009000B1947265C3C77365B2947465FBD5756519
:1000A000B3947665B4947765F3B77865B59479655C
:1000B000B6947A65B7947B65B8947C65B9947D6590
:1000C000BA947E65BB947F65BC948065BD94816560
:1000D000BE948265BF948365C0948465C194856530
:1000E000C2948665C3948765C4CE8865C4948965C7
:1000F000C5948A65C6948B65ABD58C65F3B18D6567
:10010000C7948E65C8948F65C9949065B3EC91656A
:10011000DFB09265CA949365B5EC9465CB94956510
:10012000CC949665CD949765B7B69865CE9499654D
:10013000CFC19A65CF949B65FAF59C65B1D09D655A
:10014000D0949E65D1949F65E5D5A065D294A165B4
:10015000D3CEA265D394A365D494A465EFBDA56561
:10016000E2B3A665D594A765ABB8A865D694A96592
:10017000B6D5AA65D794AB65BDEDAC65D894AD6531
:10018000CFB6AE65D994AF65B9CBB065C2D0B16515
:10019000DA94B265DB94B365DC94B465DD94B5653F
:1001A000DE94B665DF94B765E094B865E194B9650F
:1001B000BDB7BA65E294BB65E394BC65B6ECBD65BA
:1001C000A9CABE65E494BF65E594C065E694C165BF
:1001D000D4C5C265E794C365B9ECC465B8ECC56520
:1001E000C3C2C665B7ECC765E894C865E994C9653C
:1001F000EA94CA65EB94CB65FDD0CC65BAECCD65CD
:10020000EC94CE65BBECCF65E5D7D065ED94D165B8
:10021000EE94D265BCECD365EF94D465F094D565CB
:10022000F194D665BDECD765ECC6D865F294D96576
:10023000F394DA65F494DB65F594DC65F694DD659A
:10024000F794DE65F894DF65F994E065DECEE1654C
:10025000FA94E265C8BCE365FB94E465FC94E5654B
:10026000D5C8E665A9B5E765C9BEE865BCD6E96548
:10027000E7D4EA65FD94EB65FE94EC65AED1ED65DF
:10028000F1D0EE65B8EAEF65B9EAF065BAEAF16572
:10029000B5BAF2654095F3654195F4654295F5650B
:1002A0004395F665B1CAF765F5BFF8654495F965FC
:1002B0004595FA65FACDFB654695FC654795FD6564
:1002C0004895FE654995FF654A950066C0EA016656
:1002D0004B950266BAB00366BEEA04664C950566A5
:1002E0004D950666A5C007664E9508664F9509664A
:1002F00050950A66BBEA0B6651950C66FDB20D6619
:1003000052950E66F7C30F66E8BB106653951166EB
:100310005495126655951366D7D21466F4CE1566B9
:10032000BFEA16665695176657951866589519666A
:10033000BCEA1A6659951B665A951C665B951D6644
:10034000C3EA1E665C951F66C7D02066B3D32166DC
:100350005D9522665E9523665F95246660952566A9
:10036000BAB4266661952766C1C32866F2D72966A6
:1003700062952A6663952B6664952C6665952D6655
:10038000D1D52E6666952F66C7CA306667953166E9
:10039000C5EA32666895336669953466C4EA35669F
:1003A000C7EA3666C6EA37666A9538666B95396677
:1003B0006C953A666D953B666E953C66E7D63D66F4
:1003C0006F953E66D4CF3F667095406671954166E5
:1003D000CBEA426672954366CEBB4466739545662A
:1003E000749546667595476676954866779549662D
:1003F00078954A6679954B66FABD4C66CEC94D66CE
:100400007A954E667B954F66CCEA50667C95516630
:100410007D955266B9C95366FECF5466CAEA5566E1
:10042000CED45666CDEA5766CFEA58667E955966B1
:1004300080955A66EDCD5B6681955C6682955D66BA
:1004400083955E6684955F66C9EA60668595616698
:10045000CEEA62668695636687956466EECE6566CB
:1004600088956666DEBB676689956866BFB3696610
:100470008A956A668B956B668C956C668D956D66B4
:100480008E956E66D5C66F66B0BE7066FACE716622
:100490008F9572669095736691957466E7C77566D9
:1004A00092957666A7BE7766D0EA78669395796668
:1004B00094957A66C7D67B6695957C6696957D669B
:1004C00097957E66C0C17F6698958066999581668E
:1004D0009A958266DDD483669B958466D1EA8566AB
:1004E0009C9586669D958766BECF88669E95896633
:1004F0009F958A66A0958B66A1958C66D2EA8D66DB
:10050000A2958E66A3958F66A4959066A595916633
:10051000EECA9266A6959366A7959466A895956689
:10052000A9959666AFC59766B5B09866AA9599667F
:10053000AB959A66AC959B66AD959C66AE959D66AF
:10054000D4EA9E66AF959F66B095A066B195A16608
:10055000B295A266B395A366B495A466B595A56653
:10056000B695A666B795A766D3EAA866DFF4A9662E
:10057000B895AA66B995AB66BA95AC66BB95AD66FB
:10058000BC95AE66BAC4AF66BD95B066BE95B166A1
:10059000BF95B266C095B366C195B466A9B1B5669C
:1005A000C295B666C395B766C495B866C595B96673
:1005B000DFE5BA66C695BB66C795BC66C895BD66DD
:1005C000C995BE66D5EABF66CA95C066CB95C166B9
:1005D000CC95C266CD95C366CE95C466CF95C566EB
:1005E000D095C666D195C766D295C866D395C966BB
:1005F000D495CA66D595CB66D695CC66D795CD668B
:10060000D895CE66D995CF66DA95D066DB95D1665A
:10061000DC95D266DD95D366DE95D466DF95D5662A
:10062000E095D666E195D766E295D866E395D966FA
:10063000EFCADA66E495DB66D6EADC66D7EADD6601
:10064000D8C6DE66E595DF66E695E066E795E16685
:10065000E895E266E995E366EA95E466EB95E5667A
:10066000EC95E666D8EAE766ED95E866EE95E9660C
:10067000D9EAEA66EF95EB66F095EC66F195ED66E2
:10068000F295EE66F395EF66F495F066BBD4F166ED
:10069000F595F266FAC7F366B7D2F466FCB8F5666C
:1006A000F695F666F795F766C2EAF866F895F96684
:1006B000DCB2FA66F995FB66FA95FC66FCC2FD664B
:1006C000FB95FE66F8D4FF66E6CC0067EED70167BF
:1006D000FC950267FD950367FE95046740960567E4
:1006E000419606674296076743960867C2D4096732
:1006F000D0D30A67C3EB0B67F3C50C6744960D674D
:10070000FEB70E6745960F6746961067D4EB1167E4
:10071000479612674896136749961467B7CB1567D3
:10072000DEEB16674A961767CAC018674B961967BB
:100730004C961A674D961B67FBCD1C674E961D673E
:10074000AFB31E674F961F67DAC6206750962167C2
:1007500051962267529623675396246754962567CD
:1007600055962667FCEB276756962867BEC429670F
:1007700057962A67B4CE2B67A9C42C67BEB12D67E4
:10078000FDD42E6758962F67F5CA306759963167A2
:10079000ECD632675A9633675B963467D3C63567B3
:1007A000E4B636675C9637675D9638675E9639675C
:1007B0005F963A67FABB3B6760963C6761963D6718
:1007C000E0D03E6762963F6763964067B1C9416774
:1007D00064964267D3D44367A8C844676596456763
:1007E00066964667CBB8476767964867BEE849672D
:1007F000BCC94A6768964B6769964C67BBE84D670A
:100800006A964E67EEC04F67D3D05067C4B2516747
:10081000E5B452676B965367BCE854676C965567AE
:100820006D965667C8D557676E9658676F96596725
:1008300070965A6771965B6772965C67C5B65D671E
:1008400073965E67BDE85F67F8CA6067DCB861678A
:10085000F5CC62677496636775966467769665678C
:10086000B4C066677796676778966867EED1696700
:10087000BFE86A67C2E86B6779966C677A966D67BE
:10088000BCBA6E677B966F67ADB17067DCBD716790
:100890007C967267BDEA7367C3E874677D96756777
:1008A000C6E876677E967767CBE878678096796743
:1008B00081967A6782967B6783967C67CCE87D67B2
:1008C00084967E67C9CB7F67E5B080678596816730
:1008D000ABBC82678696836787968467B9B985675C
:1008E0008896866789968767C1E888678A96896748
:1008F000F7CD8A678B968B67CAE88C678C968D6775
:100900008D968E678E968F678F969067F6CE9167DD
:10091000909692679196936792969467939695674F
:10092000EDD5966794969767D6C19867C4E899679E
:1009300095969A67B6C39B6796969C67FBB99D6729
:10094000A6D69E67C8E89F679796A0679896A16706
:100950009996A267E0CAA367E6D4A4679A96A567AA
:10096000C0E8A6679B96A767C5E8A867C7E8A96718
:100970009C96AA67B9C7AB67E3B7AC679D96AD67AE
:10098000C9E8AE679E96AF67DDBFB067D2E8B167D2
:100990009F96B267A096B367D7E8B467A196B5678C
:1009A000D5E8B667DCBCB767CFBCB867DBE8B9672A
:1009B000A296BA67A396BB67A496BC67A596BD67C7
:1009C000A696BE67A796BF67A896C067A996C16797
:1009D000DEE8C267AA96C367DAE8C467FAB1C567FA
:1009E000AB96C667AC96C767AD96C867AE96C96743
:1009F000AF96CA67B096CB67B196CC67B296CD6713
:100A0000B396CE67B496CF67D8B0D067B3C4D1677A
:100A1000CCB8D267E2C6D367BEC8D467E1C8D56791
:100A2000B596D667B696D767B796D867CFE8D96731
:100A3000D4E8DA67D6E8DB67B896DC67F1B9DD673A
:100A4000D8E8DE67F5D7DF67B996E067FBC4E167F2
:100A5000BA96E267DCE8E367BB96E467BC96E567B5
:100A6000E9B2E667BD96E767BE96E867BF96E967B5
:100A7000D1E8EA67C096EB67C196EC67EDBCED671D
:100A8000C296EE67C396EF67C2BFF067CDE8F16725
:100A9000F9D6F267C496F367F8C1F467F1B2F56767
:100AA000C596F667C696F767C796F867C896F9675A
:100AB000C996FA67CA96FB67CB96FC67CC96FD672A
:100AC000DFE8FE67CD96FF67C1CA0068D9E8016814
:100AD000CE960268CF960368D0960468D1960568D2
:100AE000A4D50668D2960768EAB10868BBD509683C
:100AF000CEE80A68D0E80B68B0B60C68D3E80D6899
:100B0000D3960E68DDE80F68B8C01068D4961168F7
:100B1000F7CA1268D5961368A8CB1468D6961568DC
:100B2000D7961668DCC61768F5C01868D896196895
:100B3000D9961A68DA961B68DB961C68DC961D68E5
:100B4000E9E81E68DD961F68DE962068DF9621685A
:100B5000A3D02268E0962368E1962468E29625688F
:100B6000E3962668E4962768E5962868E69629685D
:100B7000F2E82A68EAD62B68E7962C68E8962D6892
:100B8000E9962E68EA962F68EB963068EC96316805
:100B9000ED963268E0E83368E1E83468EE9635684F
:100BA000EF963668F0963768F9D13868CBBA39686D
:100BB000F9B83A68F1963B68F2963C68F1B83D683E
:100BC000D4D43E68EFE83F68F3964068EEE84168A9
:100BD000ECE84268F0B94368D2CC4468E6E845687E
:100BE000A6CE4668F2BF4768F4964868B8B0496830
:100BF000F1E84A68F0E84B68F5964C68C0D74D6854
:100C0000F6964E68E4E84F68F7965068A9CD5168AB
:100C1000A3C95268F8965368B8BB5468DBBD5568E1
:100C2000EAE85668F9965768FA965868FB96596844
:100C3000FC965A68FD965B68FE965C6840975D6816
:100C400041975E6842975F6843976068E2E8616831
:100C5000E3E86268E5E86368B5B56468E7E8656895
:100C6000C5C76668EBE86768EDE86868B0BD6968A5
:100C7000AED76A6844976B68F8E86C6845976D680A
:100C800046976E6847976F6848977068499771688C
:100C90004A9772684B9773684C977468F5E8756863
:100CA0004D977668B0CD7768F6E878684E977968A2
:100CB0004F977A6850977B6851977C6852977D6808
:100CC00053977E6854977F685597806856978168D8
:100CD000BAC1826857978368E8E88468589785683E
:100CE000B7C38668F0B08768599788685A9789684B
:100CF0005B978A685C978B685D978C685E978D6858
:100D00005F978E6860978F68F4E890686197916844
:100D10006297926863979368F7E894686497956818
:100D20006597966866979768A3B998686797996872
:100D300068979A6869979B686A979C686B979D68A3
:100D40006C979E686D979F686E97A0686F97A16873
:100D50007097A268D2C9A3687197A4687297A568B2
:100D60007397A668CEC3A768E0CEA868E6C0A96856
:100D70007497AA687597AB687697AC687797AD68F3
:100D8000F3CBAE687897AF68DDCCB068B5D0B1680A
:100D90007997B2687A97B368E1CAB4687B97B56807
:100DA000F3E8B6687C97B7687D97B8687E97B968AE
:100DB0008097BA688197BB688297BC688397BD6843
:100DC0008497BE688597BF688697C068ECBCC16889
:100DD0008797C268F9E8C3688897C4688997C56827
:100DE0008A97C6688B97C7688C97C8688D97C968BB
:100DF000DEC3CA688E97CB68E5C6CC688F97CD688E
:100E0000F7B9CE689097CF689197D0689297D168DC
:100E10009397D268F4B0D3689497D4689597D568BF
:100E2000D8D7D6689697D7689797D868ACBCD96852
:100E30009897DA68EFC5DB689997DC689A97DD6860
:100E40009B97DE689C97DF689D97E068C4CCE1685B
:100E50009E97E2689F97E368A6E9E468A097E56833
:100E6000A197E668A297E768A397E868A497E9685E
:100E7000A597EA68A697EB68A797EC68A897ED682E
:100E8000A997EE68ADC9EF68AA97F068A2E9F16882
:100E9000E2C0F268AB97F368AC97F468AD97F56879
:100EA000C3BFF668AE97F768AF97F868B097F96870
:100EB000FEE8FA68D7B9FB68B197FC68FBE8FD6803
:100EC000B297FE68B397FF68B4970069B597016958
:100ED000A4E90269B6970369B7970469B8970569E9
:100EE000CED20669B9970769BA970869BB970969AD
:100EF000BC970A69BD970B69A3E90C69BE970D6998
:100F0000B2D60E69B5D70F69BF971069A7E9116905
:100F1000C0971269B7BD1369C1971469C297156963
:100F2000C3971669C4971769C5971869C697196951
:100F3000C7971A69C8971B69C9971C69CA971D6921
:100F4000CB971E69CC971F69FCE82069FDE82169F1
:100F5000CD972269CE972369CF972469A1E92569A6
:100F6000D0972669D1972769D2972869D39729699D
:100F7000D4972A69D5972B69D6972C69D7972D696D
:100F8000D6CD2E69D8972F69D9973069ACD23169FF
:100F9000DA973269DB973369DC973469B2E93569EE
:100FA000DD973669DE973769DF973869E0973969E9
:100FB000A9E93A69E1973B69E2973C69E3973D69A2
:100FC000AAB43E69E4973F69BBB44069E5974169BB
:100FD000E6974269ABE94369E7974469E897456951
:100FE000E9974669EA974769EB974869EC97496939
:100FF000ED974A69EE974B69EF974C69F0974D6909
:10100000F1974E69F2974F69F3975069F4975169D8
:10101000F5975269F6975369F7975469A8D05569BF
:10102000F8975669F9975769A5E95869FA97596980
:10103000FB975A69FEB35B69FC975C69FD975D6934
:10104000ACE95E69E3C05F69FE976069AAE961691E
:101050004098626941986369B9E964694298656931
:1010600043986669B8E96769449868694598696909
:1010700046986A6947986B69AEE96C6948986D69EA
:1010800049986E69FAE86F694A9870694B98716976
:10109000A8E972694C9873694D9874694E9875699E
:1010A0004F98766950987769ACBF7869B1E97969EA
:1010B000BAE97A6951987B6952987C69A5C27D69C1
:1010C00053987E6954987F6955988069AFE9816922
:1010D00056988269C5B8836957988469ADE985696E
:1010E00058988669DCD38769B4E98869B5E9896964
:1010F000B7E98A6959988B695A988C695B988D69A8
:10110000C7E98E695C988F695D9890695E9891696E
:101110005F9892696098936961989469C6C095696F
:10112000C5E996696298976963989869B0E9996981
:1011300064989A6965989B69BBE99C69F1B09D695F
:1011400066989E6967989F696898A0696998A1697F
:101150006A98A2696B98A3696C98A4696D98A5694F
:101160006E98A6696F98A769BCE9A869A5D5A96911
:101170007098AA697198AB69BEE9AC697298AD695B
:10118000BFE9AE697398AF697498B0697598B16931
:10119000C1E9B2697698B3697798B469F1C1B56964
:1011A0007898B6697998B769B6C8B8697A98B9690C
:1011B0007B98BA697C98BB69BDE9BC697D98BD69BB
:1011C0007E98BE698098BF698198C0698298C1691C
:1011D000C2E9C2698398C3698498C4698598C5695E
:1011E0008698C6698798C7698898C8698998C969BF
:1011F0008A98CA69C3E9CB698B98CC69B3E9CD6990
:101200008C98CE69B6E9CF698D98D069B1BBD169A8
:101210008E98D2698F98D3699098D469C0E9D569BE
:101220009198D6699298D7699398D8699498D96912
:101230009598DA699698DB69F7BCDC699798DD695F
:101240009898DE699998DF69C4E9E069C6E9E169BF
:101250009A98E2699B98E3699C98E4699D98E5698E
:101260009E98E6699F98E769A098E869A198E9695E
:10127000A298EA69A398EB69A498EC69A598ED692E
:10128000CAE9EE69A698EF69A798F069A898F1698C
:10129000A998F269CEE9F369AA98F469AB98F5695F
:1012A000AC98F669AD98F769AE98F869AF98F969A6
:1012B000B098FA69B198FB69B298FC69B398FD6976
:1012C000DBB2FE69B498FF69C8E9006AB598016AA3
:1012D000B698026AB798036AB898046AB998056A1A
:1012E000BA98066ABB98076ABC98086ABD98096AEA
:1012F000BE980A6AAEB70B6ABF980C6AC0980D6AAE
:10130000C1980E6AC2980F6AC398106AC498116A8D
:10131000C598126AC698136AC798146AC898156A5D
:10132000C998166ACA98176ACBE9186ACCE9196A8B
:10133000CB981A6ACC981B6ACD981C6ACE981D6A05
:10134000CF981E6AD0981F6AC1D5206AD198216AA9
:10135000A3C4226AD298236AD398246AD498256AAF
:10136000D598266AD698276AD798286AD8E9296A2C
:10137000D8982A6AE1BA2B6AD9982C6ADA982D6A29
:10138000DB982E6ADC982F6AC9E9306ADD98316AE9
:10139000A3D3326ADE98336ADF98346AE098356AFC
:1013A000D4E9366AE198376AE298386AE398396A8C
:1013B000E4983A6AE5983B6AE6983C6AE7983D6AA1
:1013C000D7E93E6AD0E93F6AE898406AE998416AFD
:1013D000EA98426AEB98436AEC98446ACFE9456A16
:1013E000ED98466AEE98476AC1C7486AEF98496A1D
:1013F000F0984A6AF1984B6AF2984C6AF3984D6AF1
:10140000F4984E6AF5984F6AF698506AD2E9516A94
:10141000F798526AF898536AF998546AFA98556A94
:10142000FB98566AFC98576AFD98586AD9E9596A38
:10143000C8B35A6AFE985B6AD3E95C6A40995D6AF0
:1014400041995E6A42995F6A4399606A4499616A08
:10145000F0CF626A4599636A4699646A4799656AFA
:10146000CDE9666A4899676A4999686A4A99696ADA
:101470004B996A6A4C996B6A4D996C6A4E996D6A80
:101480004F996E6A50996F6A5199706A5299716A50
:10149000F7B3726A5399736A5499746A5599756A65
:1014A0005699766A5799776A5899786A5999796AF4
:1014B000D6E97A6A5A997B6A5B997C6ADAE97D6A2D
:1014C0005C997E6A5D997F6A5E99806AB4CC816A14
:1014D0005F99826A6099836A6199846AADCF856AEF
:1014E0006299866A6399876A6499886A6599896A44
:1014F00066998A6A67998B6A68998C6A69998D6A14
:101500006A998E6AD5E98F6A6B99906ADCE9916A6B
:10151000DBE9926A6C99936A6D99946A6E99956AFF
:101520006F99966A7099976ADEE9986A7199996AD3
:1015300072999A6A73999B6A74999C6A75999D6A63
:1015400076999E6A77999F6A7899A06AD1E9A16A8B
:101550007999A26A7A99A36A7B99A46A7C99A56A07
:101560007D99A66A7E99A76A8099A86A8199A96AD5
:10157000DDE9AA6A8299AB6ADFE9AC6ACAC3AD6ADF
:101580008399AE6A8499AF6A8599B06A8699B16A7F
:101590008799B26A8899B36A8999B46A8A99B56A4F
:1015A0008B99B66A8C99B76A8D99B86A8E99B96A1F
:1015B0008F99BA6A9099BB6A9199BC6A9299BD6AEF
:1015C0009399BE6A9499BF6A9599C06A9699C16ABF
:1015D0009799C26A9899C36A9999C46A9A99C56A8F
:1015E0009B99C66A9C99C76A9D99C86A9E99C96A5F
:1015F0009F99CA6AA099CB6AA199CC6AA299CD6A2F
:10160000A399CE6AA499CF6AA599D06AA699D16AFE
:10161000A799D26AA899D36AA999D46AAA99D56ACE
:10162000AB99D66AAC99D76AAD99D86AAE99D96A9E
:10163000AF99DA6AB099DB6AB199DC6AB299DD6A6E
:10164000B399DE6AB499DF6AB599E06AB699E16A3E
:10165000B799E26AB899E36AB999E46ABA99E56A0E
:10166000BB99E66ABC99E76ABD99E86ABE99E96ADE
:10167000BF99EA6AC099EB6AC199EC6AC299ED6AAE
:10168000C399EE6AC499EF6AC599F06AC699F16A7E
:10169000C799F26AC899F36AC999F46ACA99F56A4E
:1016A000CB99F66ACC99F76ACD99F86ACE99F96A1E
:1016B000CF99FA6AD099FB6AD199FC6AD299FD6AEE
:1016C000D399FE6AD499FF6AD599006BD699016BBC
:1016D000D799026BD899036BD999046BDA99056B8A
:1016E000DB99066BDC99076BDD99086BDE99096B5A
:1016F000DF990A6BE0990B6BE1990C6BE2990D6B2A
:10170000E3990E6BE4990F6BE599106BE699116BF9
:10171000E799126BE899136BE999146BEA99156BC9
:10172000EB99166BEC99176BED99186BEE99196B99
:10173000EF991A6BF0991B6BF1991C6BF2991D6B69
:10174000F3991E6BF4991F6BF599206BB7C7216B4A
:10175000CEB4226BB6BB236BC0D0246BA3EC256B3D
:10176000F699266BF799276BB7C5286BF899296B03
:10177000F9992A6BFA992B6BFB992C6BFC992D6BC1
:10178000FD992E6BFE992F6B409A306B419A316B0D
:10179000429A326BFBD3336B439A346B449A356B6A
:1017A000459A366B469A376BA4EC386B479A396B7F
:1017B000A5EC3A6BDBC63B6B489A3C6B499A3D6B98
:1017C0004A9A3E6BEEBF3F6B4B9A406B4C9A416B13
:1017D0004D9A426B4E9A436BA6EC446B4F9A456B05
:1017E000509A466BA7EC476BAAD0486B519A496B4D
:1017F000B8C74A6B529A4B6B539A4C6BE8B84D6B17
:10180000549A4E6B559A4F6B569A506B579A516B30
:10181000589A526B599A536B5A9A546B5B9A556B00
:101820005C9A566B5D9A576B5E9A586B5F9A596BD0
:10183000A8EC5A6B609A5B6B619A5C6B629A5D6B09
:10184000639A5E6B649A5F6B659A606B669A616B74
:10185000679A626BB9D6636BFDD5646BCBB4656B6D
:10186000BDB2666BE4CE676BE7C6686B689A696B5E
:10187000699A6A6BE1CD6B6B6A9A6C6B6B9A6D6B54
:101880006C9A6E6B6D9A6F6B6E9A706B6F9A716BD0
:10189000709A726B719A736B729A746B739A756BA0
:1018A000749A766B759A776B769A786B779A796B70
:1018B000F5B47A6B789A7B6BC0CB7C6BDFBC7D6BAD
:1018C000799A7E6B7A9A7F6B7B9A806B7C9A816B1C
:1018D000E2E9826BE3E9836BEAD1846BE5E9856B2E
:1018E0007D9A866BF9B4876BE4E9886B7E9A896B85
:1018F000B3D18A6BE2CA8B6BD0B28C6B809A8D6B42
:10190000E8E98E6B819A8F6B829A906B839A916BC8
:10191000849A926BE6E9936BE7E9946B859A956BF1
:10192000869A966BB3D6976B879A986B889A996BC1
:10193000899A9A6BE9E99B6BEAE99C6B8A9A9D6BA1
:101940008B9A9E6B8C9A9F6B8D9AA06B8E9AA16BD3
:10195000EBE9A26B8F9AA36B909AA46B919AA56BFB
:10196000929AA66B939AA76B949AA86B959AA96B77
:10197000969AAA6BECE9AB6B979AAC6B989AAD6BA5
:10198000999AAE6B9A9AAF6B9B9AB06B9C9AB16B1B
:101990009D9AB26B9E9AB36BAFECB46BB9C5B56B45
:1019A000CEB6B66B9F9AB76BF3D2B86BA09AB96BF1
:1019B000A19ABA6BA29ABB6BA39ABC6BA49ABD6B9B
:1019C000A59ABE6BA69ABF6BEEB5C06BA79AC16B0A
:1019D000D9BBC26BB1ECC36BA89AC46BA99AC56B97
:1019E000E3D2C66BAA9AC76BAB9AC86BAC9AC96BA9
:1019F000AD9ACA6BAE9ACB6BE3CECC6BAF9ACD6B84
:101A0000B8C4CE6BB09ACF6BBFC3D06BB19AD16B59
:101A1000B29AD26BBEB6D36BB9D8D46BC8B1D56B02
:101A2000CFB1D66BD1B1D76BFEC5D86BB39AD96B9A
:101A3000D0B1DA6BB49ADB6BABC3DC6BB59ADD6B00
:101A4000B69ADE6BB79ADF6BB89AE06BB99AE16B26
:101A5000B1D5E26BBA9AE36BBB9AE46BBC9AE56BC7
:101A6000BD9AE66BBE9AE76BBF9AE86BC09AE96BCA
:101A7000C19AEA6BA4EBEB6BC1BAEC6BC29AED6B4B
:101A8000C39AEE6BC49AEF6BBACCF06BC59AF16B4C
:101A9000C69AF26BC79AF36BA5EBF46BC89AF56B19
:101AA000A7EBF66BC99AF76BCA9AF86BCB9AF96BEE
:101AB000A8EBFA6BCC9AFB6BCD9AFC6BCE9AFD6BC4
:101AC000A6EBFE6BCF9AFF6BD09A006CD19A016C9B
:101AD000D29A026CD39A036CD49A046CD59A056C92
:101AE000A9EB066CABEB076CAAEB086CD69A096CF9
:101AF000D79A0A6CD89A0B6CD99A0C6CDA9A0D6C3E
:101B0000ACEB0E6CDB9A0F6CCFCA106CB5D8116CB5
:101B1000F1C3126CDC9A136CA5C3146CF8C6156C77
:101B2000ADEB166CCAC4176CDD9A186CAEEB196C71
:101B3000AFEB1A6CB0EB1B6CD5B71C6CDE9A1D6C4E
:101B4000DF9A1E6CE09A1F6CFAB7206CE19A216C48
:101B5000B1EB226CE2C7236CE29A246CB3EB256CE8
:101B6000E39A266CA4BA276CF5D1286CB1B0296C25
:101B7000B2EB2A6CB4EB2B6CE49A2C6CE59A2D6CCE
:101B8000E69A2E6CAAB52F6CC8C2306CE8C7316CCF
:101B9000E79A326CB5EB336CE89A346CAECB356CAB
:101BA000DFE3366CE99A376CEA9A386CC0D3396C4B
:101BB000EB9A3A6CEC9A3B6CED9A3C6CEE9A3D6C6D
:101BC000DBD93E6CEF9A3F6CF09A406CA1CD416C32
:101BD000ADD6426CF3C7436CF19A446CF29A456CF3
:101BE000F39A466CE0D9476CE3BB486CF49A496CB5
:101BF000BABA4A6CE2E34B6CF59A4C6CF69A4D6CAF
:101C0000F79A4E6CF89A4F6CF99A506CABCF516CB6
:101C1000FA9A526CFB9A536CFC9A546CE0E3556C44
:101C2000C7C9566CFD9A576CB9BA586CFE9A596C74
:101C3000409B5A6C419B5B6CB4D15C6CE1E35D6C86
:101C4000EAC85E6CAFB95F6CADBD606CD8B3616C57
:101C5000DBCE626C429B636C439B646CC0CC656C56
:101C6000449B666C459B676C469B686CE8E3696CBB
:101C7000E9E36A6CF4CD6B6C479B6C6C489B6D6CB4
:101C8000499B6E6C4A9B6F6C4B9B706CADCC716CBE
:101C90004C9B726CB3BC736C4D9B746CEAE3756CBB
:101CA0004E9B766CEBE3776C4F9B786C509B796C1A
:101CB000DAD07A6C519B7B6C529B7C6C539B7D6C15
:101CC000FBC67E6CDAB77F6C549B806C559B816C35
:101CD000DFC7826CCAD2836CD6CE846C569B856C6F
:101CE000E4E3866CECE3876C579B886CF2C9896CE3
:101CF000C1B38A6C589B8B6C599B8C6CE7E38D6CE1
:101D00005A9B8E6C5B9B8F6CE3C6906CE5E3916C89
:101D10005C9B926C5D9B936CB3ED946CE6E3956C6D
:101D20005E9B966C5F9B976C609B986C619B996CBB
:101D3000B3C99A6C629B9B6CE6C59C6C639B9D6C63
:101D4000649B9E6C659B9F6CB5B9A06C669BA16CF7
:101D5000BBC3A26C679BA36CE3E3A46CBDC5A56C7D
:101D6000A4C1A66CD9C2A76CD7B2A86C689BA96C99
:101D7000EDE3AA6CA6BBAB6CADC4AC6C699BAD6C5F
:101D8000F0E3AE6CDABEAF6C6A9BB06C6B9BB16C6F
:101D9000FBE3B26CF5E3B36CD3BAB46C6C9BB56C7B
:101DA0006D9BB66C6E9BB76C6F9BB86CD0B7B96C03
:101DB000CDD3BA6C709BBB6CCED6BC6CD3D5BD6C8E
:101DC000C1B9BE6CB4D5BF6CD8D1C06C719BC16CAD
:101DD000729BC26C739BC36C749BC46CB9D0C56C92
:101DE000F6C7C66C759BC76C769BC86C779BC96C35
:101DF000AAC8CA6CB4B2CB6C789BCC6CDAC3CD6C7D
:101E0000799BCE6C7A9BCF6C7B9BD06CEEE3D16CD4
:101E10007C9BD26C7D9BD36CFCE3D46CEFE3D56CE4
:101E2000A8B7D66CF7E3D76CF4E3D86C7E9BD96C7B
:101E3000809BDA6C819BDB6CBAB7DC6C829BDD6CBF
:101E4000839BDE6CA2C5DF6C849BE06CF6E3E16CE7
:101E5000DDC5E26CA8B2E36CFCC6E46C859BE56C66
:101E6000E0C4E66C869BE76C879BE86CA2D7E96CC4
:101E7000889BEA6CE1C0EB6CF9E3EC6C899BED6C40
:101E80008A9BEE6CFAE3EF6CFDE3F06CA9CCF16C8D
:101E9000F3E3F26C8B9BF36CBED3F46C8C9BF56C10
:101EA000C3B1F66CB4EDF76CF1E3F86CF2E3F96CE6
:101EB0008D9BFA6CF8E3FB6CBAD0FC6CC3C6FD6C6E
:101EC000F3D4FE6CFEE3FF6C8E9B006D8F9B016D67
:101ED000E0BD026D909B036D919B046DA7E4056DC1
:101EE000929B066D939B076DA6E4086D949B096D0C
:101EF000959B0A6D969B0B6DF3D10C6DA3E40D6D54
:101F0000979B0E6DA9E40F6D989B106D999B116DB9
:101F10009A9B126DF7C8136D9B9B146D9C9B156D5E
:101F20009D9B166D9E9B176DB4CF186D9F9B196D71
:101F3000A8E41A6DAEE41B6DE5C21C6DA09B1D6D7F
:101F4000A19B1E6DB4B61F6DA29B206DA39B216D3E
:101F5000A49B226DA59B236DA69B246DA79B256D3D
:101F6000F2BD266DA89B276DA2E4286DA99B296D63
:101F7000AA9B2A6DE9BA2B6DAAE42C6DAB9B2D6D43
:101F8000AC9B2E6DACE42F6DAD9B306DAE9B316D77
:101F9000FDB6326DDED6336DB2E4346DAF9B356D78
:101FA000ADE4366DB09B376DB19B386DB29B396D2A
:101FB000A1E43A6DB39B3B6DEEBB3C6DDDCD3D6D59
:101FC000A2C73E6DC9C53F6DB49B406DB59B416DC9
:101FD000F7C1426DB69B436DA4E4446DB79B456D5C
:101FE000B3C7466DACBD476DBDBD486DA5E4496D39
:101FF000B89B4A6DC7D74B6DE2B24C6DB99B4D6D26
:10200000ABE44E6DC3BC4F6DAFE4506DBA9B516DE8
:10201000EBBB526DB0E4536DA8C5546DB1E4556D82
:10202000BB9B566DBC9B576DBD9B586DBE9B596D40
:10203000E3D55A6DA3BF5B6DBF9B5C6DBAE45D6D6C
:10204000C09B5E6DB7E45F6DC19B606DBBE4616D6D
:10205000C29B626DC39B636DBDE4646DC49B656D83
:10206000C59B666DD6C6676DC69B686DC79B696D5F
:10207000C6BA6A6DCBC06B6DC89B6C6DC99B6D6D2C
:10208000CA9B6E6DA1B86F6DB4E4706DCB9B716D22
:10209000CC9B726DCD9B736DCE9B746DA1D4756D11
:1020A000CF9B766DD09B776DA3BA786DFEBD796DB1
:1020B000D19B7A6DD29B7B6DD39B7C6DBCE47D6D97
:1020C000D49B7E6DD59B7F6DD69B806DD79B816D9C
:1020D000D89B826DBFCD836DD99B846DDA9B856D56
:1020E000F9C4866DDB9B876DDC9B886DFBCF896DAA
:1020F000E6C98A6DDD9B8B6DDE9B8C6DBFD38D6DCC
:10210000DF9B8E6DD1CF8F6DE09B906DE19B916DCC
:10211000B3E4926DE29B936DB8E4946DB9E4956D70
:10212000E9CC966DE39B976DE49B986DE59B996D6B
:10213000E69B9A6DE79B9B6DCECC9C6DE89B9D6D5D
:10214000D4C09E6DB5E49F6DB0C1A06DB6E4A16D25
:10215000D0CEA26DE99BA36DC1BBA46DD3B5A56D17
:10216000EA9BA66DF3C8A76DA7BDA86DC7D5A96DDD
:10217000ACC9AA6DA2B8AB6DCAE4AC6DEB9BAD6DFA
:10218000EC9BAE6DCCE4AF6DC4D1B06DED9BB16D89
:10219000EE9BB26DBAD2B36DEF9BB46DF09BB56D93
:1021A000ADBAB66DF19BB76DF29BB86DD4BAB96D8F
:1021B000F39BBA6DF49BBB6DF59BBC6DF69BBD6D3F
:1021C000F79BBE6DF89BBF6DC3E4C06DEDB5C16DEF
:1021D000F99BC26DFA9BC36DFB9BC46DCDD7C56DDA
:1021E000C0E4C66DFDCFC76DBFE4C86DFC9BC96D73
:1021F000FD9BCA6DFE9BCB6DDCC1CC6DCACCCD6D99
:10220000409CCE6D419CCF6D429CD06D439CD16D66
:10221000E7CAD26D449CD36D459CD46D469CD56D68
:10222000479CD66DD7C4D76D489CD86DD4CCD96D9A
:10223000C8E4DA6D499CDB6D4A9CDC6D4B9CDD6D1E
:10224000C7E4DE6DC1E4DF6D4C9CE06DC4E4E16D7C
:10225000ADB5E26D4D9CE36D4E9CE46DD9D3E56D5B
:102260004F9CE66DC6E4E76D509CE86D519CE96DAE
:10227000529CEA6D539CEB6DF9D2EC6DE3B4ED6DBD
:10228000549CEE6DB4BBEF6D559CF06D569CF16D9A
:10229000EEC9F26D579CF36DBEB4F46D589CF56DAC
:1022A000599CF66D5A9CF76DECBBF86D5B9CF96D13
:1022B000CDD1FA6D5C9CFB6DEDCCFC6DB5EDFD6D8B
:1022C0005D9CFE6D5E9CFF6D5F9C006E609C016E70
:1022D000619C026E629C036E639C046E649C056E3E
:1022E000E5C7066E659C076E669C086E679C096E66
:1022F000689C0A6EA8D40B6E699C0C6ECBE40D6EC4
:10230000D5D70E6EC2E40F6E6A9C106EA5BD116E1D
:10231000C5E4126E6B9C136E6C9C146EE6D3156E46
:102320006D9C166EC9E4176EF8C9186E6E9C196E16
:102330006F9C1A6EBEE41B6E709C1C6E719C1D6EB1
:10234000E5D31E6E729C1F6E739C206EFEC7216EBD
:10235000C9B6226E749C236EFCD4246EB3B2256E73
:10236000D7E4266E759C276E769C286E779C296E26
:10237000C2CE2A6E789C2B6ECDE42C6E799C2D6E8D
:10238000BCCE2E6E7A9C2F6EDBB8306E7B9C316E8D
:102390007C9C326ED6E4336E7D9C346ECABF356E43
:1023A0007E9C366E809C376E819C386ECED3396EA3
:1023B000829C3A6EECC33B6E839C3C6E849C3D6E6B
:1023C000859C3E6E869C3F6E879C406E889C416ECD
:1023D000899C426E8A9C436EC8C5446ED8E4456EA3
:1023E0008B9C466E8C9C476E8D9C486E8E9C496E75
:1023F0008F9C4A6E909C4B6E919C4C6E929C4D6E45
:10240000C4CD4E6ECFE44F6E939C506E949C516E33
:10241000959C526E969C536ED4E4546ED5E4556EE2
:10242000979C566EFEBA576E989C586EE6CF596EC2
:10243000999C5A6E9A9C5B6EBFD55C6E9B9C5D6E40
:102440009C9C5E6E9D9C5F6ED2E4606E9E9C616EF5
:102450009F9C626EA09C636EA19C646EA29C656E44
:10246000A39C666EA49C676EA59C686EA69C696E14
:10247000A79C6A6EA89C6B6ED0E46C6EA99C6D6E76
:10248000AA9C6E6ECEE46F6EAB9C706EAC9C716E4F
:10249000AD9C726EAE9C736EAF9C746EB09C756E8C
:1024A000B19C766EB29C776EB39C786EB49C796E5C
:1024B000B59C7A6EB69C7B6EB79C7C6EB89C7D6E2C
:1024C000B99C7E6EE5CD7F6EAACA806EBA9C816E85
:1024D000BB9C826EBC9C836EA3C0846EBD9C856ECB
:1024E000A6BD866ED3E4876EBE9C886EBF9C896E47
:1024F000C8B88A6EC09C8B6EC19C8C6EC29C8D6E5F
:10250000C39C8E6EC49C8F6EE7E4906EB4D4916EC3
:10251000C59C926EC69C936EC79C946EC89C956E2B
:10252000C99C966ECA9C976ECB9C986EDBE4996EA4
:10253000CC9C9A6ECD9C9B6ECE9C9C6EEFC19D6E8A
:10254000CF9C9E6ED09C9F6EE9E4A06ED19CA16E44
:10255000D29CA26EE7D2A36ED39CA46ED49CA56E2F
:10256000DFE4A66ED59CA76EE0E4A86ED69CA96EAB
:10257000D79CAA6EAACFAB6ED89CAC6ED99CAD6E20
:10258000DA9CAE6EDB9CAF6EDDCBB06EDC9CB16EC8
:10259000DAE4B26ED1E4B36EDD9CB46EE5E4B56E00
:1025A000DE9CB66EDCC8B76EE3E4B86EDF9CB96E35
:1025B000E09CBA6EE7C4BB6EE2E4BC6EE19CBD6E0B
:1025C000E1E4BE6EE29CBF6EE39CC06EE49CC16E13
:1025D000FCB3C26EE8E4C36EE59CC46EE69CC56EB7
:1025E000E79CC66EE89CC76EE1B5C86EE99CC96EF3
:1025F000EA9CCA6EEB9CCB6ECCD7CC6EEC9CCD6EBD
:10260000ED9CCE6EEE9CCF6EE6E4D06EEF9CD16E6C
:10261000ACBBD26EF09CD36ED2D7D46ECFCCD56E7D
:10262000F8EBD66EF19CD76EE4E4D86EF29CD96ECE
:10263000F39CDA6EF6B9DB6EF49CDC6EF59CDD6E15
:10264000F69CDE6ECDD6DF6ED9E4E06EDCE4E16EA2
:10265000FAC2E26EDEE4E36EF79CE46ECBC2E56E96
:10266000C4C0E66ED0C2E76EF89CE86EF5B1E96EC4
:10267000B2CCEA6EF99CEB6EFA9CEC6EFB9CED6EB4
:10268000FC9CEE6EFD9CEF6EFE9CF06E409DF16E2C
:10269000419DF26E429DF36E439DF46ECEB5F56E94
:1026A000449DF66E459DF76E469DF86E479DF96E0A
:1026B000EFE4FA6E489DFB6E499DFC6E4A9DFD6EEF
:1026C0004B9DFE6E4C9DFF6E4D9D006F4E9D016FAC
:1026D0004F9D026FAFC6036F509D046F519D056FF4
:1026E000529D066FE1C6076F539D086F549D096F99
:1026F000F5E40A6F559D0B6F569D0C6F579D0D6F3E
:10270000589D0E6F599D0F6FA9C2106F5A9D116F82
:102710005B9D126F5C9D136FECC0146FDDD1156F64
:10272000EEE4166F5D9D176F5E9D186F5F9D196FCC
:10273000609D1A6F619D1B6F629D1C6F639D1D6F75
:10274000649D1E6F659D1F6F669D206FAEC4216FD7
:10275000679D226F689D236F699D246FEDE4256F4F
:102760006A9D266F6B9D276F6C9D286F6D9D296FED
:10277000F6E42A6FF4E42B6FFEC22C6F6E9D2D6F72
:10278000DDE42E6F6F9D2F6FF0E4306F709D316F21
:10279000FECA326F719D336FC4D5346F729D356F31
:1027A000739D366FF1E4376F749D386F759D396F87
:1027B000769D3A6F779D3B6F789D3C6F799D3D6F1D
:1027C0007A9D3E6FFAD13F6F7B9D406F7C9D416F3C
:1027D0007D9D426F7E9D436F809D446F819D456FBF
:1027E000829D466FEBE4476FECE4486F839D496F31
:1027F000849D4A6F859D4B6FF2E44C6F869D4D6FB3
:10280000ABCE4E6F879D4F6F889D506F899D516FE6
:102810008A9D526F8B9D536F8C9D546F8D9D556F0C
:102820008E9D566F8F9D576F909D586FCBC5596F7A
:10283000919D5A6F929D5B6F939D5C6FB1C75D6F69
:10284000949D5E6FBAC25F6F959D606F969D616F3C
:10285000979D626FEAE4636F989D646F999D656FC1
:102860009A9D666FCAC1676F9B9D686F9C9D696FDB
:102870009D9D6A6F9E9D6B6F9F9D6C6FA09D6D6F00
:10288000B6CC6E6FB1B36F6FA19D706FA29D716F6B
:10289000A39D726FFBE4736FA49D746FF3E4756F77
:1028A000A59D766FA69D776FA79D786FFAE4796FE7
:1028B000A89D7A6FFDE47B6FA99D7C6FFCE47D6F22
:1028C000AA9D7E6FAB9D7F6FAC9D806FAD9D816F2C
:1028D000AE9D826FAF9D836FB09D846FCEB3856FC9
:1028E000B19D866FB29D876FB39D886FBAB3896FB4
:1028F000F7E48A6FB49D8B6FB59D8C6FF9E48D6F93
:10290000F8E48E6FECC58F6FB69D906FB79D916F99
:10291000B89D926FB99D936FBA9D946FBB9D956F53
:10292000BC9D966FBD9D976FBE9D986FBF9D996F23
:10293000C09D9A6FC19D9B6FC29D9C6FBDC09D6FD6
:10294000C39D9E6FC49D9F6FC59DA06FC69DA16FC7
:10295000E8D4A26FC79DA36FC89DA46FC99DA56F42
:10296000CA9DA66FCB9DA76FA2E5A86FCC9DA96F4E
:10297000CD9DAA6FCE9DAB6FCF9DAC6FD09DAD6F3F
:10298000D19DAE6FD29DAF6FD39DB06FD49DB16F0F
:10299000D59DB26FD69DB36FC4B0B46FD79DB56FE0
:1029A000D89DB66FA4E5B76FD99DB86FDA9DB96FA2
:1029B000A3E5BA6FDB9DBB6FDC9DBC6FDD9DBD6F7A
:1029C000DE9DBE6FDF9DBF6FE09DC06FA4BCC16F79
:1029D000E19DC26FA5E5C36FE29DC46FE39DC56F26
:1029E000E49DC66FE59DC76FE69DC86FE79DC96F03
:1029F000A1E5CA6FE89DCB6FE99DCC6FEA9DCD6FD5
:102A0000EB9DCE6FEC9DCF6FED9DD06FEE9DD16FA6
:102A1000FEE4D26FF4B1D36FEF9DD46FF09DD56F0C
:102A2000F19DD66FF29DD76FF39DD86FF49DD96F4E
:102A3000F59DDA6FF69DDB6FF79DDC6FF89DDD6F1E
:102A4000F99DDE6FA8E5DF6FFA9DE06FA9E5E16F04
:102A5000A6E5E26FFB9DE36FFC9DE46FFD9DE56FD6
:102A6000FE9DE66F409EE76F419EE86F429EE96FD4
:102A7000439EEA6F449EEB6F459EEC6F469EED6F62
:102A8000479EEE6FA7E5EF6FAAE5F06F489EF16FE6
:102A9000499EF26F4A9EF36F4B9EF46F4C9EF56F0A
:102AA0004D9EF66F4E9EF76F4F9EF86F509EF96FDA
:102AB000519EFA6F529EFB6F539EFC6F549EFD6FAA
:102AC000559EFE6F569EFF6F579E0070589E017078
:102AD000599E02705A9E03705B9E04705C9E057046
:102AE0005D9E06705E9E07705F9E0870609E097016
:102AF000619E0A70629E0B70639E0C70649E0D70E6
:102B0000659E0E70669E0F70679E1070689E1170B5
:102B1000D9C61270699E13706A9E14706B9E1570F0
:102B20006C9E16706D9E17706E9E18706F9E197059
:102B3000709E1A70ABE51B70ADE51C70719E1D7028
:102B4000729E1E70739E1F70749E2070759E217001
:102B5000769E2270779E2370ACE52470789E257057
:102B6000799E26707A9E27707B9E28707C9E2970A5
:102B70007D9E2A707E9E2B70809E2C70819E2D7073
:102B8000829E2E70839E2F70849E3070859E317041
:102B9000869E3270879E3370889E3470899E357011
:102BA000AFE536708A9E37708B9E38708C9E397078
:102BB000AEE53A708D9E3B708E9E3C708F9E3D7050
:102BC000909E3E70919E3F70929E4070939E417089
:102BD000949E4270959E4370969E4470979E457059
:102BE000989E4670999E47709A9E48709B9E497029
:102BF0009C9E4A709D9E4B709E9E4C70E0B94D709D
:102C00009F9E4E70A09E4F70B0E55070A19E517077
:102C1000A29E5270A39E5370A49E5470A59E5570A0
:102C2000A69E5670A79E5770A89E5870A99E597070
:102C3000AA9E5A70AB9E5B70AC9E5C70AD9E5D7040
:102C4000AE9E5E70B1E55F70AF9E6070B09E6170C9
:102C5000B19E6270B29E6370B39E6470B49E6570E4
:102C6000B59E6670B69E6770B79E6870B89E6970B4
:102C7000B99E6A70BA9E6B70F0BB6C70E1EC6D70BF
:102C8000F0C36E70BB9E6F70C6B57070D2BB7170B2
:102C9000BC9E7270BD9E7370BE9E7470BF9E757038
:102CA000E9C17670EED47770C09E7870C4BE79703A
:102CB000C19E7A70C29E7B70C39E7C70C6D77D70A9
:102CC000C49E7E70D6D47F70D3B28070BEEC81700B
:102CD000C59E8270C69E8370C79E8470C89E857094
:102CE000C1EA8670C99E8770CA9E8870CB9E897023
:102CF000AFC28A70B6B48B70CC9E8C70CD9E8D7036
:102D0000CE9E8E70D7D18F70CF9E9070D09E9170D6
:102D1000D19E9270B4B39370D29E9470B2C89570E5
:102D2000BBBF9670C0EC9770D39E9870D49E99707C
:102D3000CBD69A70D59E9B70D69E9C70BFEC9D7032
:102D4000C1EC9E70D79E9F70D89EA070D99EA17036
:102D5000DA9EA270DB9EA370DC9EA470DD9EA5703F
:102D6000DE9EA670DF9EA770E09EA870E19EA9700F
:102D7000E29EAA70E39EAB70C5ECAC70E6BEAD708F
:102D8000BFCCAE70DAC5AF70BCBEB070E49EB1709F
:102D9000C6ECB270E59EB370FEB1B470E69EB5703D
:102DA000E79EB670E89EB770C4ECB870A8D5B9704D
:102DB000E3B5BA70E99EBB70C2ECBC70B6C1BD7021
:102DC000E3B3BE70EA9EBF70EB9EC070C3ECC170EF
:102DD000B8CBC270C3C0C370FECCC470EC9EC570CB
:102DE000ED9EC670EE9EC770EF9EC870D2C1C970CE
:102DF000F09ECA70C8ECCB70F19ECC70F29ECD7084
:102E0000F39ECE70F49ECF70F59ED070F69ED1707A
:102E1000F79ED270F89ED370F99ED470FA9ED5704A
:102E2000FB9ED670FC9ED770FD9ED870E6BAD97016
:102E3000D3C0DA70FE9EDB70F2D6DC70409FDD708E
:102E4000419FDE70429FDF70CCD1E070439FE17004
:102E5000449FE270459FE370469FE470BEBFE570FB
:102E6000479FE670B3B7E770D5C9E870C7ECE97063
:102E7000E2BBEA70489FEB70CCCCEC70FDBDED700E
:102E8000C8C8EE70499FEF70A9CFF0704A9FF170EB
:102E90004B9FF2704C9FF3704D9FF4704E9FF570F6
:102EA0004F9FF670509FF770E9CDF870519FF97001
:102EB000EBC5FA70529FFB70539FFC70549FFD70DE
:102EC000E9B7FE70559FFF70569F0071579F0171C3
:102ED000589F0271599F03715A9F04715B9F05713E
:102EE0005C9F06715D9F07715E9F08715F9F09710E
:102EF000C9D10A71B8BA0B71609F0C71619F0D71D5
:102F0000629F0E71639F0F71649F1071C9EC117104
:102F1000659F1271669F1371CAEC1471679F1571DA
:102F2000C0BB1671CBEC1771689F1871E2EC197178
:102F3000BAB11A71D9B71B71699F1C716A9F1D7153
:102F40006B9F1E716C9F1F716D9F20716E9F217111
:102F50006F9F2271709F2371719F2471729F2571E1
:102F6000739F2671B9BD2771749F2871759F297150
:102F7000769F2A71779F2B71789F2C71799F2D7185
:102F80007A9F2E717B9F2F71CCEC3071E6D131711D
:102F9000CDEC32717C9F33717D9F34717E9F357192
:102FA000809F3671BBC83771819F3871829F39719C
:102FB000839F3A71849F3B71859F3C71869F3D71D1
:102FC000879F3E71889F3F71899F40718A9F4171A1
:102FD0008B9F42718C9F43718D9F44718E9F457171
:102FE000D1EC46718F9F4771909F4871919F4971B5
:102FF000929F4A71D3EC4B71939F4C71CDBB4D7135
:10300000949F4E71E5BC4F71959F5071969F517181
:10301000979F5271989F5371999F54719A9F5571C0
:103020009B9F56719C9F57719D9F58719E9F597190
:103030009F9F5A71A09F5B71A19F5C71CFEC5D71E6
:10304000A29F5E71B7C95F71A39F6071A49F6171F8
:10305000A59F6271A69F6371A79F6471BAC36571D2
:10306000A89F6671E3EC6771D5D56871D0EC697182
:10307000A99F6A71AA9F6B71AB9F6C71AC9F6D71B8
:10308000AD9F6E71F3D66F71AE9F7071AF9F71710E
:10309000B09F7271D2EC7371CEEC7471B19F757187
:1030A000B29F7671B39F7771B49F7871D4EC7971C8
:1030B000B59F7A71D5EC7B71B69F7C71B79F7D719E
:1030C000BFC97E71B89F7F71B99F8071BA9F8171AE
:1030D000BB9F8271BC9F8371BD9F8471A8CF857196
:1030E000BE9F8671BF9F8771C09F8871C19F897184
:1030F000C29F8A71DCD08B71C39F8C71C49F8D710C
:10310000C59F8E71C69F8F71ACD19071C79F917111
:10311000C89F9271C99F9371CA9F9471DBC89571C2
:10312000CB9F9671CC9F9771CD9F9871D6EC99717A
:10313000F5CE9A71CE9F9B71CF9F9C71D09F9D7150
:10314000D19F9E71D29F9F71ECCAA071DAECA171E0
:10315000D39FA271D49FA371D59FA471D69FA5714F
:10316000D79FA671D89FA771D99FA871D9ECA971D3
:10317000DA9FAA71DB9FAB71DC9FAC71BEB0AD7101
:10318000DD9FAE71DE9FAF71DF9FB071E09FB171C7
:10319000E19FB271E29FB371D7ECB471E39FB57157
:1031A000D8ECB671E49FB771E59FB871E69FB9712D
:1031B000E4ECBA71E79FBB71E89FBC71E99FBD71F8
:1031C000EA9FBE71EB9FBF71EC9FC071ED9FC17113
:1031D000EE9FC271EF9FC371BCC8C471F09FC571EF
:1031E000F19FC671F29FC771F39FC871F49FC971B7
:1031F000F59FCA71F69FCB71F79FCC71F89FCD7187
:10320000F99FCE71C7C1CF71FA9FD071FB9FD17169
:10321000FC9FD271FD9FD371FE9FD471DCECD57100
:10322000E0D1D67140A0D77141A0D87142A0D97128
:1032300043A0DA7144A0DB7145A0DC7146A0DD71CA
:1032400047A0DE7148A0DF7149A0E071DBECE171BD
:103250004AA0E2714BA0E3714CA0E4714DA0E5716E
:10326000EFD4E6714EA0E771DDECE8714FA0E97193
:1032700050A0EA7151A0EB7152A0EC7153A0ED7116
:1032800054A0EE71C6DBEF7155A0F07156A0F1713C
:1032900057A0F27158A0F37159A0F4715AA0F571BA
:1032A0005BA0F6715CA0F7715DA0F8715EA0F9718A
:1032B000DEECFA715FA0FB7160A0FC7161A0FD7192
:1032C00062A0FE7163A0FF7164A0007265A001722C
:1032D00066A0027267A0037268A0047269A00572FA
:1032E0006AA00672ACB107726BA008726CA009727A
:1032F0006DA00A726EA00B726FA00C7270A00D729E
:1033000071A00E7272A00F7273A0107274A011726D
:1033100075A0127276A0137277A0147278A015723D
:1033200079A016727AA017727BA018727CA019720D
:103330007DA01A727EA01B7280A01C7281A01D72DB
:10334000DFEC1E7282A01F7283A0207284A0217203
:1033500085A0227286A0237287A0247288A025727D
:1033600089A026728AA027728BA02872E0EC2972AD
:103370008CA02A72A6D72B728DA02C72C0C52D727C
:103380008EA02E728FA02F7290A03072BCEB317283
:10339000AEB0327291A0337292A0347293A03572A3
:1033A000F4BE3672B8B83772AFD23872D6B039724E
:1033B000F9B53A7294A03B72B3D83C7295A03D72B5
:1033C000ACCB3E7296A03F72DDE3407297A0417293
:1033D00098A0427299A043729AA044729BA0457231
:1033E0009CA046729DA04772ACC64872E6B0497276
:1033F0009EA04A729FA04B72A0A04C72C6C54D728F
:10340000B9EB4E72A1A04F72A2A05072A3A051724C
:10341000A4A05272BAEB5372A5A05472A6A0557222
:10342000A7A05672BBEB5772A8A05872A9A05972F8
:10343000C0D15A72AAA05B72A3C55C72ABA05D72C8
:10344000F2EA5E72ACA05F72B2C46072ADA061724B
:10345000B5C46272CEC06372AEA06472AFA0657272
:10346000B0A06672F3EA6772C1C46872B1A06972F3
:10347000EFCE6A72B2A06B72B3A06C72B4A06D7220
:10348000B5A06E72F0EA6F72F4EA7072B6A0717253
:10349000B7A07272FCC97372B8A07472B9A07572C9
:1034A000A3C77672BAA07772BBA07872BCA07972FB
:1034B000D8CC7A72FECE7B72BDA07C72BEA07D722B
:1034C000BFA07E72F5EA7F72F6EA8072ACCF81729D
:1034D000E7C08272C0A08372C1A08472F7EA8572CD
:1034E000C2A08672C3A08772C4A08872C5A0897268
:1034F000C6A08A72BFB68B72F8EA8C72C7A08D72B2
:10350000F9EA8E72C8A08F72FAEA9072C9A091721D
:10351000CAA09272FBEA9372CBA09472CCA095726F
:10352000CDA09672CEA09772CFA09872D0A09972BB
:10353000D1A09A72D2A09B72D3A09C72D4A09D728B
:10354000D5A09E72D6A09F72F1EAA072D7A0A172F8
:10355000D8A0A272D9A0A372DAA0A472DBA0A5722F
:10356000DCA0A672DDA0A772DEA0A872DFA0A972FF
:10357000E0A0AA72E1A0AB72E2A0AC72AEC8AD72DC
:10358000EBE1AE72E3A0AF72B8B7B072ECE1B1722A
:10359000E4A0B272E5A0B372E6A0B472EDE1B57238
:1035A000E7A0B672B4D7B772EEE1B872EFE1B972C4
:1035B000CCD3BA72E8A0BB72E9A0BC72EAA0BD721B
:1035C000EBA0BE72ECA0BF72EDA0C072EEA0C17203
:1035D000F1E1C272F1BFC372F0E1C472D2B5C5723B
:1035E000EFA0C672F0A0C772F1A0C872B7B1C972DD
:1035F000F2A0CA72F3A0CB72F4A0CC72F5A0CD7287
:10360000F3E1CE72F2E1CF72F6A0D072FCBAD172C1
:10361000F7A0D272F4E1D372F8A0D472F9A0D572F7
:10362000FAA0D672FBA0D772B7B9D872FCA0D97233
:10363000D1BEDA72FDA0DB72FEA0DC7240AADD72A0
:1036400041AADE72FCC4DF7242AAE072DDBAE17206
:10365000C6BDE27243AAE37244AAE47245AAE572C7
:1036600046AAE67247AAE77248AAE872F5E1E9724B
:10367000F7E1EA7249AAEB724AAAEC72C0B6ED729F
:10368000C1CFEE72A8CAEF72F6E1F072F8D5F1720E
:10369000FCD3F272F8E1F372FCE1F472F9E1F57235
:1036A0004BAAF6724CAAF772FAE1F872EAC0F97204
:1036B0004DAAFA72FEE1FB72A1E2FC72C7C0FD7274
:1036C0004EAAFE724FAAFF7250AA007351AA01734C
:1036D000FBE1027352AA0373FDE1047353AA05735D
:1036E00054AA067355AA077356AA087357AA0973F2
:1036F00058AA0A73A5E20B7359AA0C735AAA0D7340
:103700005BAA0E73D4C10F735CAA10735DAA117308
:103710005EAA12735FAA1373A3E2147360AA1573EF
:10372000A8E21673FEB21773A2E2187361AA1973A6
:1037300062AA1A7363AA1B73CDC31C73C2B21D7332
:10374000A7E21E73A6E21F7364AA207365AA217301
:10375000A4E22273A9E2237366AA247367AA2573DD
:10376000ABE2267368AA277369AA28736AAA297329
:10377000C9D02A73EDD62B73A8C32C73ACE22D737A
:103780006BAA2E73D7CF2F736CAA30736DAA3173C7
:10379000AEE232736EAA33736FAA3473EFBA357325
:1037A00070AA367371AA3773E0E93873ADE23973E2
:1037B000AAE23A7372AA3B7373AA3C7374AA3D736C
:1037C00075AA3E73ABBB3F73B3D4407376AA417303
:1037D00077AA427378AA437379AA44737AAA457385
:1037E0007BAA46737CAA47737DAA48737EAA497355
:1037F00080AA4A7381AA4B7382AA4C7383AA4D7321
:10380000B0E24E7384AA4F7385AA5073AFE251732E
:1038100086AA5273E1E9537387AA547388AA557331
:1038200089AA56738AAA5773B1E258738BAA59733F
:103830008CAA5A738DAA5B738EAA5C738FAA5D7370
:1038400090AA5E7391AA5F7392AA6073B2E26173E9
:1038500093AA627394AA637395AA647396AA657314
:1038600097AA667398AA677399AA68739AAA6973E4
:103870009BAA6A739CAA6B739DAA6C73B3E26D7367
:10388000A1CC6E739EAA6F73B4E270739FAA71731A
:10389000A0AA727340AB737341AB747342AB757380
:1038A00043AB767344AB777345AB787346AB7973B0
:1038B00047AB7A7348AB7B7349AB7C734AAB7D7380
:1038C0004BAB7E73B5E27F734CAB80734DAB8173B2
:1038D0004EAB82734FAB837350AB8473FED0857352
:1038E00051AB867352AB8773CAC2887353AB89736B
:1038F000F1D38A7354AB8B73F5CD8C7355AB8D7349
:1039000056AB8E73E0E78F7357AB907358AB9173E0
:10391000E1E7927359AB93735AAB94735BAB9573B6
:103920005CAB9673C1BE97735DAB98735EAB9973D6
:103930005FAB9A7360AB9B73EAC29C7361AB9D7380
:1039400062AB9E7363AB9F73E4E7A07364ABA17338
:1039500065ABA273E3E7A37366ABA47367ABA57310
:1039600068ABA67369ABA7736AABA8736BABA9739B
:10397000E6CDAA736CABAB73B5C3AC736DABAD7373
:103980006EABAE73E2E7AF73B7BBB073D6CFB173B4
:103990006FABB273E1C1B373E9E7B47370ABB573E6
:1039A00071ABB67372ABB773E8E7B87373ABB97347
:1039B00074ABBA73F4E7BB73A3B2BC7375ABBD73DE
:1039C00076ABBE7377ABBF7378ABC073EAE7C173F6
:1039D00079ABC273E6E7C3737AABC4737BABC573D1
:1039E0007CABC6737DABC7737EABC873ECE7C973A2
:1039F000EBE7CA73BAC9CB7380ABCC7381ABCD7321
:103A0000E4D5CE7382ABCF73E5E7D073A9B7D1739A
:103A1000E7E7D27383ABD37384ABD47385ABD57331
:103A200086ABD67387ABD77388ABD87389ABD973A2
:103A3000EEE7DA738AABDB738BABDC738CABDD73D5
:103A40008DABDE73F3E7DF738EABE073E9D6E17322
:103A50008FABE27390ABE37391ABE47392ABE5731E
:103A6000EDE7E67393ABE773F2E7E87394ABE973C2
:103A7000F1E7EA7395ABEB7396ABEC7397ABED7331
:103A8000E0B0EE7398ABEF7399ABF0739AABF17350
:103A90009BABF273F5E7F3739CABF4739DABF573DB
:103AA0009EABF6739FABF773A0ABF87340ACF973A2
:103AB00041ACFA7342ACFB7343ACFC7344ACFD7392
:103AC00045ACFE7346ACFF7347AC007448AC017460
:103AD00049AC02744AAC0374F2C704744BAC05746D
:103AE000C5C00674EDC007744CAC08744DAC0974C5
:103AF000F0C10A74F0E70B744EAC0C744FAC0D744B
:103B000050AC0E7451AC0F74F6E71074F6CB117410
:103B100052AC127453AC137454AC147455AC157489
:103B200056AC167457AC177458AC187459AC197459
:103B30005AAC1A74A2E81B74A1E81C745BAC1D7427
:103B40005CAC1E745DAC1F745EAC20745FAC217401
:103B500060AC2274C1D7237461AC247462AC257448
:103B6000FAE72674F9E7277463AC2874FBE7297435
:103B700064AC2A74F7E72B7465AC2C74FEE72D74E3
:103B800066AC2E74FDE72F7467AC3074FCE73174BB
:103B900068AC327469AC3374D5C13474D9C7357428
:103BA000FDC53674C3C537746AAC38746BAC3974F0
:103BB0006CAC3A746DAC3B746EAC3C74EDC73D7448
:103BC0006FAC3E7470AC3F7471AC407472AC4174B5
:103BD000A3E8427473AC437474AC447475AC45741C
:103BE00076AC467477AC477478AC487479AC497459
:103BF0007AAC4A747BAC4B747CAC4C747DAC4D7429
:103C00007EAC4E7480AC4F7481AC507482AC5174F5
:103C100083AC527484AC537485AC547486AC5574C4
:103C2000A6E8567487AC5774A5E8587488AC5974E4
:103C3000A7E85A74F7BA5B74F8E75C74A4E85D749B
:103C400089AC5E74F0C85F74AAC960748AAC617490
:103C50008BAC62748CAC63748DAC64748EAC657424
:103C60008FAC667490AC677491AC687492AC6974F4
:103C700093AC6A7494AC6B7495AC6C7496AC6D74C4
:103C8000A9E86E7497AC6F7498AC7074E5B97174F0
:103C900099AC72749AAC73749BAC74749CAC75746C
:103CA0009DAC7674FED17774A8E878749EAC797474
:103CB0009FAC7A74A0AC7B7440AD7C7441AD7D74D4
:103CC00042AD7E74AAE87F7443AD8074ADE8817420
:103CD000AEE8827444AD8374A7C1847445AD857425
:103CE00046AD867447AD8774AFE8887448AD897473
:103CF00049AD8A744AAD8B74B0E88C744BAD8D7449
:103D00004CAD8E74ACE88F744DAD9074B4E8917482
:103D10004EAD92744FAD937450AD947451AD957493
:103D200052AD967453AD977454AD987455AD997463
:103D300056AD9A7457AD9B7458AD9C74ABE89D74A6
:103D400059AD9E74B1E89F745AADA0745BADA17477
:103D50005CADA2745DADA3745EADA4745FADA574DB
:103D600060ADA67461ADA774B5E8A874B2E8A97493
:103D7000B3E8AA7462ADAB7463ADAC7464ADAD74FA
:103D800065ADAE7466ADAF7467ADB07468ADB17457
:103D900069ADB2746AADB3746BADB4746CADB57427
:103DA0006DADB6746EADB7746FADB87470ADB974F7
:103DB00071ADBA74B7E8BB7472ADBC7473ADBD7449
:103DC00074ADBE7475ADBF7476ADC07477ADC1749B
:103DD00078ADC27479ADC3747AADC4747BADC5746B
:103DE0007CADC6747DADC7747EADC87480ADC9743A
:103DF00081ADCA7482ADCB7483ADCC7484ADCD7407
:103E000085ADCE7486ADCF7487ADD07488ADD174D6
:103E100089ADD274B6E8D3748AADD4748BADD57441
:103E20008CADD6748DADD7748EADD8748FADD9747A
:103E300090ADDA7491ADDB7492ADDC74CFB9DD7402
:103E400093ADDE74ACF0DF7494ADE074ADF0E1746A
:103E500095ADE274B0C6E374EAB0E474BFC8E5742B
:103E600096ADE674DFCDE77497ADE87498ADE9746C
:103E700099ADEA749AADEB749BADEC749CADED74A6
:103E80009DADEE74CDCEEF74B1EAF0749EADF174D9
:103E90009FADF274A0ADF37440AEF474B2EAF57461
:103EA00041AEF674BFC6F774C9B4F87442AEF97483
:103EB00043AEFA7444AEFB7445AEFC7446AEFD747A
:103EC00047AEFE7448AEFF74B3EA007549AE0175A3
:103ED0004AAE02754BAE03754CAE0475E7D5057559
:103EE0004DAE06754EAE07754FAE087550AE0975EE
:103EF00051AE0A7552AE0B7553AE0C7554AE0D75BE
:103F0000F9DD0E7555AE0F75B4EA107556AE117524
:103F1000B5EA127557AE1375B6EA147558AE157535
:103F200059AE16755AAE17755BAE1875CAB81975C5
:103F3000B0DF1A75F5C91B755CAE1C75F0CC1D752C
:103F40005DAE1E755EAE1F75FAC920755FAE217538
:103F500060AE227561AE237562AE247563AE2575C1
:103F6000FBC9267564AE277565AE2875C3D3297560
:103F7000A6CB2A7566AE2B75A6B82C75AEF02D753E
:103F8000C2B12E7567AE2F75B8E53075EFCC3175BF
:103F9000C9D33275D7BC3375EAC9347568AE357587
:103FA000E7B5367569AE3775D0C43875E9B539757A
:103FB0006AAE3A75AEEE3B75ADBB3C756BAE3D750A
:103FC0006CAE3E75DEE73F756DAE4075AFEE417588
:103FD0006EAE42756FAE437570AE447571AE457589
:103FE000A9B3467572AE477573AE4875B2EE4975A2
:103FF00074AE4A7575AE4B75B1EE4C75E7BD4D7537
:1040000076AE4E75B0EE4F75B7CE507577AE517532
:1040100078AE527579AE53757AAE5475CFC5557575
:104020007BAE56757CAE57757DAE58757EAE5975B4
:10403000F4C15A75CEDB5B75B3EE5C75F3D05D757C
:1040400080AE5E7581AE5F7582AE607583AE617560
:1040500084AE627585AE637586AE647587AE657530
:10406000D4C26675E8C6677588AE687589AE69752D
:104070008AAE6A75ACB76B758BAE6C758CAE6D75B0
:104080008DAE6E758EAE6F758FAE707590AE7175AC
:1040900091AE7275B4EE737592AE7475EBB37575BF
:1040A00093AE767594AE777595AE7875FBBB7975E2
:1040B000B5EE7A7596AE7B7597AE7C7598AE7D75CC
:1040C00099AE7E759AAE7F75DCE780759BAE817583
:1040D0009CAE82759DAE8375B6EE84759EAE857579
:1040E0009FAE8675AEBD8775A0AE887540AF8975E9
:1040F00041AF8A7542AF8B75E2F18C7543AF8D7518
:1041000044AF8E7545AF8F75E8CA907546AF91750F
:10411000C9D29275DAF0937547AF9475DBF0957557
:1041200048AF9675DCF09775C6C1987549AF99751B
:10413000EDB89A75CEBE9B754AAF9C754BAF9D7519
:10414000DEF09E754CAF9F75B1C5A075DDF0A17511
:10415000F1D1A2754DAFA375E0F0A475CCB0A575F3
:10416000EABDA6754EAFA7754FAFA87550AFA9753C
:1041700051AFAA7552AFAB75DFD2AC75DFF0AD753C
:1041800053AFAE75AFB4AF75E8B7B075E6F0B175C3
:10419000E5F0B275A3C6B375E1F0B475E2F0B5759C
:1041A000C3B4B67554AFB77555AFB875E3F0B9750C
:1041B000EED5BA7556AFBB7557AFBC75DBCCBD75C8
:1041C000D2BEBE75B2BCBF7558AFC07559AFC17510
:1041D0005AAFC275E8F0C375E7F0C475E4F0C57571
:1041E000A1B2C6755BAFC775A2D6C875B8D3C9757D
:1041F000B7BECA75ACC8CB755CAFCC755DAFCD75BD
:10420000EAF0CE755EAFCF755FAFD07560AFD17598
:1042100061AFD275F7D1D37562AFD475CCD6D575F1
:10422000DBBAD675E9F0D77563AFD875BBB6D9756B
:1042300064AFDA7565AFDB75B4CDDC7566AFDD757F
:1042400067AFDE75A6C6DF7568AFE07569AFE1756B
:104250006AAFE275A1C1E375EBF0E475EEF0E575C8
:104260006BAFE675EDF0E775F0F0E875ECF0E97529
:104270006CAFEA75BEBBEB75EFF0EC756DAFED752D
:104280006EAFEE756FAFEF7570AFF075B5CCF175C1
:10429000F2F0F27571AFF37572AFF475D5B3F575D1
:1042A00073AFF67574AFF77575AFF87576AFF975CE
:1042B000D4B1FA7577AFFB7578AFFC75F3F0FD7587
:1042C00079AFFE757AAFFF75F4F00076F6F00176FF
:1042D000E1B402767BAF0376F1F004767CAF05762D
:1042E000F7F006767DAF07767EAF087680AF097669
:1042F00081AF0A76FAF00B7682AF0C76F8F00D7685
:1043000083AF0E7684AF0F7685AF1076F5F0117619
:1043100086AF127687AF137688AF147689AF15769D
:10432000FDF016768AAF1776F9F01876FCF019765C
:10433000FEF01A768BAF1B76A1F11C768CAF1D7642
:104340008DAF1E768EAF1F76C1CE2076A4F121767A
:104350008FAF2276A3F1237690AF2476F6C125762F
:10436000FBF02676DDCA277691AF287692AF2976C4
:10437000F1B42A76F1B12B76B1CC2C7693AF2D76B1
:10438000A6F12E7694AF2F7695AF3076A7F13176E1
:1043900096AF327697AF3376ACF13476CED53576AC
:1043A000A9F1367698AF377699AF3876B3C83976B3
:1043B0009AAF3A769BAF3B769CAF3C76A2F13D76C6
:1043C0009DAF3E76ABF13F76A8F14076A5F1417600
:1043D0009EAF42769FAF4376AAF14476A0AF457672
:1043E00040B0467641B0477642B0487643B0497611
:1043F00044B04A7645B04B7646B04C76A9B04D767F
:10440000ADF14E7647B04F7648B0507649B0517610
:104410004AB052764BB053764CB05476AFF15576E5
:104420004DB05676B1F157764EB058764FB05976BA
:1044300050B05A7651B05B7652B05C76B0F15D7692
:1044400053B05E76AEF15F7654B0607655B061766B
:1044500056B0627657B06376A2D1647658B065766E
:1044600059B066765AB067765BB068765CB06976AC
:104470005DB06A765EB06B76B2F16C765FB06D76E9
:1044800060B06E7661B06F76B3F1707662B07176BF
:1044900063B0727664B0737665B0747666B0757624
:1044A00067B0767668B0777669B07876EFB9797666
:1044B0006AB07A766BB07B76C7B57C766CB07D7669
:1044C000D7B07E76D9B07F766DB080766EB08176CB
:1044D0006FB08276EDD4837670B08476C4B585767D
:1044E00071B08676D4BD8776CABB8876A7F0897608
:1044F00072B08A7673B08B76DEB88C7674B08D76B7
:1045000075B08E76A8F08F7676B0907677B091768B
:10451000A8B0927678B09376A9F0947679B0957633
:104520007AB09676EECD97767BB098767CB0997619
:10453000AAF09A767DB09B767EB09C7680B09D7610
:1045400081B09E7682B09F7683B0A07684B0A1764B
:1045500085B0A27686B0A37687B0A476ABF0A576B8
:1045600088B0A67689B0A7768AB0A8768BB0A976EF
:104570008CB0AA768DB0AB768EB0AC768FB0AD76BF
:1045800090B0AE76A4C6AF7691B0B07692B0B17668
:10459000E5D6B276E4F1B37693B0B476E5F1B576CC
:1045A00094B0B67695B0B77696B0B87697B0B9763F
:1045B00098B0BA7699B0BB769AB0BC769BB0BD760F
:1045C0009CB0BE769DB0BF76F3C3C0769EB0C17678
:1045D0009FB0C276DBD3C376A0B0C47640B1C576B7
:1045E000D1D6C676E8C5C77641B1C876AFD3C9760D
:1045F00042B1CA76E6D2CB7643B1CC7644B1CD7621
:10460000C1EECE76BBB0CF76B5D5D076CED1D17651
:10461000E0BCD276D0BAD37645B1D476F8BFD576A1
:1046200046B1D676C7B8D776C1B5D876CCC5D976D7
:1046300047B1DA7648B1DB76A2CADC7649B1DD76DD
:104640004AB1DE764BB1DF76CBC3E0764CB1E17692
:104650004DB1E2764EB1E3764FB1E47650B1E576F6
:10466000C2EEE67651B1E77652B1E87653B1E9761B
:1046700054B1EA7655B1EB7656B1EC7657B1ED769A
:1046800058B1EE76BFC4EF76A2B6F07659B1F176A6
:10469000ECEDF276A4C3F3765AB1F476B1D6F576A2
:1046A0005BB1F6765CB1F7765DB1F876E0CFF9767E
:1046B000EFEDFA765EB1FB765FB1FC76CEC5FD76A6
:1046C00060B1FE76DCB6FF7661B1007762B101774A
:1046D000A1CA027763B1037764B10477EDED057782
:1046E00065B1067766B10777F0ED0877F1ED0977E8
:1046F000BCC30A7767B10B77B4BF0C7768B10D778D
:10470000EEED0E7769B10F776AB110776BB1117763
:104710006CB112776DB113776EB114776FB11577F5
:1047200070B1167771B1177772B1187773B11977C5
:10473000F4ED1A77F2ED1B7774B11C7775B11D7724
:1047400076B11E7777B11F77E6D52077DFC3217763
:1047500078B12277F3ED237779B124777AB1257791
:104760007BB12677F6ED27777CB12877A3D529771B
:10477000A3D12A777DB12B777EB12C7780B12D77AD
:10478000F5ED2E7781B12F77D0C3307782B13177B5
:1047900083B1327784B1337785B1347786B1357799
:1047A000F7ED3677F4BF3777ECBE3877F8ED397729
:1047B00087B13A77F7CC3B7788B13C77DBD13D774F
:1047C00089B13E778AB13F778BB14077C5D74177C2
:1047D000F6D542778CB14377FCED44778DB14577C0
:1047E0008EB146778FB14777FBED487790B1497727
:1047F00091B14A7792B14B7793B14C7794B14D77A1
:1048000095B14E7796B14F7797B15077F9ED5177D3
:10481000FAED527798B1537799B154779AB15577A9
:104820009BB156779CB157779DB158779EB1597718
:104830009FB15A77FDED5B77A6BE5C77A0B15D773F
:1048400040B25E7741B25F7742B2607743B2617740
:10485000AFCB6277A1EE6377BDB6647744B265777C
:10486000A2EE6677C0C4677745B26877FEED6977D8
:1048700046B26A7747B26B77DEBD6C77C7B26D77A9
:1048800048B26E7749B26F774AB270774BB27177A0
:104890004CB272774DB273774EB274774FB2757770
:1048A00050B2767751B2777752B2787753B2797740
:1048B000C3B67A7754B27B7755B27C7756B27D77A0
:1048C000A5EE7E77BAD87F77A3EE8077A6EE8177C4
:1048D00057B2827758B2837759B28477E9C3857724
:1048E000F2B386775AB287775BB288775CB2897702
:1048F0005DB28A775EB28B775FB28C77A7EE8D77E9
:10490000A4EE8E77B9CF8F7760B2907761B291774E
:10491000A8EE9277F7C2937762B2947763B29577F5
:1049200064B2967765B2977766B2987767B29977EF
:1049300068B29A7769B29B776AB29C776BB29D77BF
:104940006CB29E776DB29F77A9EEA077AAEEA177A1
:104950006EB2A277ABDEA3776FB2A47770B2A57701
:10496000B3C6A67771B2A777C6C7A87772B2A97780
:10497000F5D6AA77C9B5AB7773B2AC77B2CBAD77C2
:1049800074B2AE7775B2AF7776B2B077ABEEB1777F
:1049900077B2B27778B2B377ABCDB47779B2B57777
:1049A000ACEEB6777AB2B7777BB2B8777CB2B9772C
:1049B0007DB2BA777EB2BB77B0D5BC7780B2BD7717
:1049C000ADEEBE7781B2BF77C4F6C07782B2C17751
:1049D00083B2C27784B2C37785B2C47786B2C57713
:1049E00087B2C67788B2C77789B2C8778AB2C977E3
:1049F0008BB2CA778CB2CB778DB2CC778EB2CD77B3
:104A0000C7DBCE778FB2CF7790B2D07791B2D17724
:104A100092B2D27793B2D37794B2D47795B2D57756
:104A200096B2D67797B2D777A3B4D87798B2D9771A
:104A300099B2DA779AB2DB77ACC3DC77E6F1DD774F
:104A40009BB2DE779CB2DF779DB2E0779EB2E177D2
:104A50009FB2E277B8CAE377D3D2E477A0B2E57722
:104A6000AAD6E67740B3E777F2EFE87741B3E97784
:104A7000D8BEEA7742B3EB77C3BDEC77F3EFED77BF
:104A8000CCB6EE77ABB0EF7743B3F07744B3F177C2
:104A900045B3F27746B3F377AFCAF47747B3F57708
:104AA00048B3F677B6EDF77749B3F877B7EDF9770E
:104AB0004AB3FA774BB3FB774CB3FC774DB3FD7732
:104AC000F9CEFE77AFB7FF77F3BF0078B8ED017886
:104AD000EBC20278B0C903784EB304784FB30578BF
:104AE00050B3067851B3077852B3087853B30978B6
:104AF000B9ED0A7854B30B7855B30C78F6C60D7837
:104B0000B3BF0E7856B30F7857B3107858B31178F7
:104B1000BCED1278F8C5137859B31478D0D1157854
:104B20005AB31678A9D71778BAED1878BBED19786B
:104B30005BB31A78E2D11B785CB31C78BFED1D78AB
:104B4000C0ED1E785DB31F78C4ED20785EB3217888
:104B50005FB3227860B32378C8ED247861B32578F9
:104B6000C6ED2678CEED2778E8D5287862B3297887
:104B7000C9ED2A7863B32B7864B32C78C7ED2D7810
:104B8000BEED2E7865B32F7866B33078E9C53178FD
:104B900067B3327868B3337869B33478C6C635788A
:104BA0006AB336786BB33778E9C93878D2D43978B4
:104BB000C1ED3A78C2ED3B78C3ED3C78C5ED3D7868
:104BC0006CB33E78F9C03F786DB34078A1B44178BA
:104BD0006EB342786FB3437870B3447871B345785D
:104BE000E8B9467872B34778D0ED487873B349781E
:104BF00074B34A7875B34B7876B34C78D1ED4D7871
:104C000077B34E78CAED4F7878B35078CFED5178BE
:104C100079B35278F8CE53787AB354787BB3557819
:104C2000B6CB5678CCED5778CDED58787CB3597823
:104C30007DB35A787EB35B7880B35C7881B35D785E
:104C4000F5CF5E7882B35F7883B3607884B36178A0
:104C500085B3627886B3637887B3647888B3657800
:104C600089B366788AB367788BB368788CB36978D0
:104C70008DB36A78D2ED6B78F2C16C78B2D36D786F
:104C8000CBED6E78B7C86F788EB370788FB37178CC
:104C900090B3727891B3737892B3747893B3757854
:104CA00094B3767895B37778EFBC787896B37978C3
:104CB00097B37A7898B37B7899B37C78F0C57D7890
:104CC0009AB37E789BB37F789CB380789DB38178CC
:104CD0009EB382789FB38378A0B3847840B48578FC
:104CE00041B4867842B48778D6ED887843B4897821
:104CF000EFB58A7844B48B7845B48C78B5C28D789A
:104D0000ADB08E78E9CB8F7846B4907847B491787F
:104D1000AEB1927848B49378D4ED947849B495784C
:104D20004AB496784BB49778EBCD9878E2B59978F9
:104D30004CB49A78D5ED9B78D3ED9C78D7ED9D78DF
:104D40004DB49E784EB49F78FAB5A0784FB4A17850
:104D5000D8EDA27850B4A378D9EDA47851B4A57851
:104D6000DCEDA67852B4A778CCB1A87853B4A97872
:104D700054B4AA7855B4AB7856B4AC7857B4AD787F
:104D800058B4AE7859B4AF785AB4B078F6C5B178A3
:104D9000EEBCB278DAEDB378BCCCB478EAB2B578D0
:104DA0005BB4B6785CB4B7785DB4B8785EB4B97803
:104DB000DBEDBA785FB4BB7860B4BC7861B4BD7821
:104DC00062B4BE78EBC4BF7863B4C07864B4C17811
:104DD000C5B4C27865B4C37866B4C47867B4C5781E
:104DE000F5B0C67868B4C77869B4C8786AB4C978C9
:104DF000DFEDCA78DAC0CB78E8B4CC786BB4CD7884
:104E00006CB4CE786DB4CF786EB4D078CDC5D1788F
:104E10006FB4D27870B4D37871B4D478DDEDD5782E
:104E2000C4BFD67872B4D77873B4D87874B4D9784C
:104E3000DEEDDA7875B4DB7876B4DC7877B4DD78DB
:104E400078B4DE7879B4DF787AB4E0787BB4E1784E
:104E50007CB4E2787DB4E3787EB4E47880B4E5781D
:104E600081B4E67882B4E77883B4E878A5C4E978B9
:104E700084B4EA7885B4EB7886B4EC78E0EDED782C
:104E800087B4EE7888B4EF7889B4F0788AB4F17892
:104E90008BB4F278E1EDF3788CB4F478E3EDF57847
:104EA0008DB4F6788EB4F778D7C1F8788FB4F978E6
:104EB00090B4FA78C7BBFB7891B4FC7892B4FD78D3
:104EC00093B4FE7894B4FF7895B4007996B40179E0
:104ED000B8BD027997B4037998B4047999B4057987
:104EE000E2ED06799AB407799BB408799CB4097904
:104EF0009DB40A799EB40B799FB40C79A0B40D7956
:104F000040B50E7941B50F7942B5107943B51179A5
:104F100044B5127945B51379E4ED147946B51579A0
:104F200047B5167948B5177949B518794AB5197949
:104F30004BB51A794CB51B794DB51C794EB51D7919
:104F40004FB51E79E6ED1F7950B5207951B521791D
:104F500052B5227953B5237954B52479E5ED2579F5
:104F600055B5267956B5277957B5287958B5297991
:104F700059B52A795AB52B795BB52C795CB52D7961
:104F80005DB52E795EB52F795FB5307960B5317931
:104F900061B5327962B5337963B53479E7ED357946
:104FA00064B5367965B5377966B5387967B53979D5
:104FB00068B53A79BECA3B79EAEC3C79F1C03D79F3
:104FC00069B53E79E7C93F796AB54079EBEC41793B
:104FD000EEC642796BB543796CB544796DB54579C8
:104FE0006EB54679ECEC47796FB54879EDC64979ED
:104FF000EDEC4A7970B54B7971B54C7972B54D7954
:1050000073B54E7974B54F7975B5507976B55179D8
:1050100077B5527978B55379F0EC547979B55579FB
:105020007AB55679E6D75779F3EC58797BB5597943
:105030007CB55A79F1EC5B79EEEC5C79EFEC5D795B
:10504000A3D75E79F1C95F79EECB6079F4EC617931
:105050007DB56279F2EC63797EB5647980B5657966
:10506000E9CF667981B56779F6EC6879B1C6697977
:1050700082B56A7983B56B7984B56C7985B56D79BC
:10508000C0BC6E7986B56F79F5EC707987B57179AA
:1050900088B5727989B573798AB574798BB5757964
:1050A0008CB576798DB57779BBB57879F6BB79799A
:1050B0008EB57A79F7EC7B798FB57C7990B57D796F
:1050C00091B57E7992B57F7993B58079F7D9817959
:1050D000FBBD827994B5837995B58479BBC2857916
:1050E000F8EC867996B5877997B5887998B58979F6
:1050F00099B58A79F9EC8B799AB58C799BB58D79CC
:105100009CB58E799DB58F79A3B890799EB591792C
:105110009FB59279A0B5937940B6947941B69579C7
:1051200042B6967943B6977944B6987945B6997957
:1051300046B69A79FAEC9B7947B69C7948B69D7940
:1051400049B69E794AB69F794BB6A0794CB6A179FB
:105150004DB6A2794EB6A3794FB6A47950B6A579CB
:1051600051B6A67952B6A779FBECA87953B6A979BE
:1051700054B6AA7955B6AB7956B6AC7957B6AD796F
:1051800058B6AE7959B6AF795AB6B0795BB6B1793F
:105190005CB6B2795DB6B379FCECB4795EB6B5793C
:1051A0005FB6B67960B6B77961B6B87962B6B979E3
:1051B000EDD3BA79AED8BB79EBC0BC7963B6BD7913
:1051C000DDC7BE79CCBABF7964B6C079E3D0C17906
:1051D000BDCBC27965B6C379BACDC47966B6C57997
:1051E00067B6C679D1B8C77968B6C87969B6C979DA
:1051F000FCB1CA796AB6CB79EFC7CC796BB6CD79F9
:10520000D6D6CE796CB6CF796DB6D0796EB6D17967
:10521000C6BFD279EBC3D3796FB6D47970B6D579DE
:10522000F5EFD67971B6D77972B6D879D8C3D9796E
:1052300073B6DA7974B6DB7975B6DC7976B6DD7972
:1052400077B6DE7978B6DF79E2D7E07979B6E179B9
:105250007AB6E2797BB6E379F7EFE479D3B3E5790F
:105260007CB6E679D8C7E779EDD1E8797DB6E979FA
:10527000C8D6EA797EB6EB79F8EFEC7980B6ED79AD
:10528000F6EFEE7981B6EF79FDBBF079C6B3F1792F
:1052900082B6F27983B6F37984B6F47985B6F57976
:1052A00086B6F67987B6F77988B6F879D5BDF979F3
:1052B00089B6FA798AB6FB79C6D2FC798BB6FD79C4
:1052C000E0BBFE798CB6FF798DB6007AA1CF017A6A
:1052D0008EB6027AFCEF037AFBEF047A8FB6057A7A
:1052E00090B6067AF9EF077A91B6087A92B6097AFB
:1052F00093B60A7A94B60B7ACCB30C7A95B60D7A3B
:10530000D4C90E7AB0CB0F7A96B6107A97B6117AC6
:1053100098B6127A99B6137A9AB6147AFEEF157A7D
:105320009BB6167A9CB6177ADEB0187A9DB6197AB3
:105330009EB61A7AC9D61B7A9FB61C7AA0B61D7A79
:1053400040B71E7AFDEF1F7A41B7207AEDB3217A7C
:1053500042B7227A43B7237AD5F6247A44B7257A1E
:1053600045B7267A46B7277A47B7287A48B7297AC1
:1053700049B72A7A4AB72B7A4BB72C7A4CB72D7A91
:105380004DB72E7A4EB72F7A4FB7307A50B7317A61
:1053900051B7327A52B7337AC8CE347A53B7357AA6
:1053A00054B7367A55B7377AA2F0387A56B7397A81
:1053B000A1F03A7A57B73B7ABEB53C7ADABC3D7A6F
:1053C000FCBB3E7A58B73F7AE5B8407A59B7417A84
:1053D0005AB7427A5BB7437A5CB7447A5DB7457A8D
:1053E0005EB7467AC2C4477A5FB7487A60B7497AEF
:1053F00061B74A7A62B74B7A63B74C7A64B74D7A31
:1054000065B74E7A66B74F7A67B7507A68B7517A00
:10541000A3F0527A69B7537A6AB7547A6BB7557A60
:105420006CB7567A6DB7577AEBCB587A6EB7597A14
:105430006FB75A7A70B75B7A71B75C7A72B75D7A78
:1054400073B75E7A74B75F7A75B7607A76B7617A48
:1054500077B7627A78B7637A79B7647A7AB7657A18
:105460007BB7667A7CB7677A7DB7687A7EB7697AE8
:1054700080B76A7A81B76B7A82B76C7A83B76D7AB4
:1054800084B76E7A85B76F7A86B7707AA6F0717A2C
:1054900087B7727A88B7737A89B7747AA8D1757A20
:1054A0008AB7767ABFBE777AEEC7787AB6F1797A1C
:1054B000B7F17A7AD5BF7B7A8BB77C7A8CB77D7A55
:1054C0008DB77E7A8EB77F7AA9B4807AB8F1817A67
:1054D000BBCD827A8FB7837AD4C7847AADD5857AEB
:1054E00090B7867AB9F1877A91B7887ABAF1897AD2
:1054F00092B78A7A93B78B7A94B78C7A95B78D7A6C
:10550000CFC78E7A96B78F7A97B7907A98B7917AF5
:10551000A4D2927ACFD6937A99B7947A9AB7957A99
:10552000BBF1967AD1BD977AB0B4987ABDBE997A1C
:105530009BB79A7A9CB79B7A9DB79C7ADCB49D7A8C
:10554000D1CE9E7A9EB79F7ADFBFA07ABDF1A17AB5
:105550009FB7A27AA0B7A37A40B8A47A41B8A57A37
:10556000FABFA67ABCF1A77A42B8A87ABFF1A97AA5
:1055700043B8AA7A44B8AB7A45B8AC7ABEF1AD7AF2
:10558000C0F1AE7A46B8AF7A47B8B07A48B8B17AC7
:1055900049B8B27A4AB8B37AC1F1B47A4BB8B57A9D
:1055A0004CB8B67A4DB8B77A4EB8B87A4FB8B97A1F
:1055B00050B8BA7A51B8BB7A52B8BC7A53B8BD7AEF
:1055C00054B8BE7A55B8BF7AFEC1C07A56B8C17A0F
:1055D00057B8C27A58B8C37A59B8C47A5AB8C57A93
:1055E0005BB8C67A5CB8C77A5DB8C87A5EB8C97A63
:1055F0005FB8CA7A60B8CB7AA2C1CC7A61B8CD7AEA
:1056000062B8CE7A63B8CF7A64B8D07A65B8D17A06
:1056100066B8D27A67B8D37A68B8D47A69B8D57AD6
:105620006AB8D67AFACAD77A6BB8D87A6CB8D97A07
:10563000BED5DA7A6DB8DB7A6EB8DC7A6FB8DD7A0F
:1056400070B8DE7ABABEDF7AB9BEE07AC2D5E17A46
:1056500071B8E27A72B8E37AA2BFE47A73B8E57AF5
:10566000AFCDE67AB5F1E77A74B8E87A75B8E97A39
:1056700076B8EA7A77B8EB7A78B8EC7A79B8ED7AD6
:10568000DFBDEE7A7AB8EF7ACBB6F07A7BB8F17AF2
:105690007CB8F27A7DB8F37A7EB8F47A80B8F57A7D
:1056A00081B8F67A82B8F77A83B8F87A84B8F97A4A
:1056B000F1D6FA7AC3F3FB7A85B8FC7A86B8FD7A1C
:1056C000C4F3FE7A87B8FF7ACDB8007B88B8017B37
:1056D00089B8027B8AB8037BC6F3047BC7F3057BDA
:1056E0008BB8067BCAB0077B8CB8087BC5F3097BF7
:1056F0008DB80A7BC9F30B7BF1CB0C7B8EB80D7B8D
:105700008FB80E7B90B80F7BCBF3107B91B8117BD9
:10571000A6D0127B92B8137B93B8147BCAB1157BC9
:10572000C8F3167B94B8177B95B8187B96B8197B8D
:10573000CFF31A7B97B81B7BD1B51C7B98B81D7B28
:1057400099B81E7BD7F31F7B9AB8207BD2F3217BBD
:105750009BB8227B9CB8237B9DB8247BD4F3257B0C
:10576000D3F3267BFBB7277B9EB8287BBFB1297B71
:105770009FB82A7BCEF32B7BCAF32C7BDAB52D7B2B
:10578000A0B82E7BD0F32F7B40B9307B41B9317B61
:10579000D1F3327B42B9337BD5F3347B43B9357BCC
:1057A00044B9367B45B9377B46B9387BCDF3397B75
:1057B00047B93A7BE3BC3B7B48B93C7BFDC13D7BB1
:1057C00049B93E7BD6F33F7B4AB9407B4BB9417B1D
:1057D0004CB9427B4DB9437B4EB9447B4FB9457BB5
:1057E000DAF3467B50B9477BCCF3487B51B9497B10
:1057F000C8B54A7B52B94B7BEEBD4C7BDCF34D7B8D
:1058000053B94E7B54B94F7BA4B7507BF0BF517B4B
:10581000FED6527BB2CD537B55B9547BF0B4557B49
:1058200056B9567BDFB2577B57B9587BD8F3597BB3
:1058300058B95A7BD9F35B7BB8C95C7B59B95D7B9E
:10584000DDF35E7B5AB95F7B5BB9607BDEF3617B26
:105850005CB9627BE1F3637B5DB9647B5EB9657BB8
:105860005FB9667B60B9677B61B9687B62B9697B48
:1058700063B96A7B64B96B7B65B96C7B66B96D7B18
:1058800067B96E7BDFF36F7B68B9707B69B9717B39
:10589000E3F3727BE2F3737B6AB9747B6BB9757B5C
:1058A000DBF3767B6CB9777BEABF787B6DB9797B6C
:1058B000EFB37A7B6EB97B7BE0F37C7B6FB97D7B4A
:1058C00070B97E7BA9C77F7B71B9807BF2BC817B7D
:1058D00072B9827B73B9837B74B9847B75B9857B1C
:1058E000EBF3867B76B9877B77B9887B78B9897B40
:1058F00079B98A7B7AB98B7B7BB98C7B7CB98D7BC0
:10590000BFB98E7B7DB98F7B7EB9907BE4F3917BB1
:1059100080B9927B81B9937B82B9947BADB2957B40
:10592000FEBB967B83B9977BE3CB987B84B9997B4D
:1059300085B99A7B86B99B7B87B99C7BEDF39D7B70
:10594000E9F39E7B88B99F7B89B9A07B8AB9A17B4B
:10595000DCB9A27BEEF3A37B8BB9A47B8CB9A57BCE
:105960008DB9A67BE5F3A77BE6F3A87BEAF3A97BD9
:10597000E1C2AA7BECF3AB7BEFF3AC7BE8F3AD7B4E
:10598000FDBCAE7B8EB9AF7B8FB9B07B90B9B17BDC
:10599000E4CFB27B91B9B37B92B9B47BF0F3B57B22
:1059A00093B9B67B94B9B77B95B9B87BE7F3B97B6C
:1059B00096B9BA7B97B9BB7B98B9BC7B99B9BD7BCB
:1059C0009AB9BE7B9BB9BF7B9CB9C07B9DB9C17B9B
:1059D000F2F3C27B9EB9C37B9FB9C47BA0B9C57BE0
:1059E00040BAC67BADD7C77BAAC6C87B41BAC97BC4
:1059F00042BACA7B43BACB7B44BACC7BF3F3CD7BB0
:105A000045BACE7B46BACF7B47BAD07B48BAD17B6A
:105A1000F1F3D27B49BAD37BA8C2D47B4ABAD57BF7
:105A20004BBAD67B4CBAD77B4DBAD87B4EBAD97B12
:105A3000DDB8DA7BF5F3DB7B4FBADC7B50BADD7B7C
:105A4000F4F3DE7B51BADF7B52BAE07B53BAE17BE1
:105A5000DBB4E27B54BAE37B55BAE47B56BAE57B10
:105A6000F6F3E67BF7F3E77B57BAE87B58BAE97BB6
:105A700059BAEA7BF8F3EB7B5ABAEC7B5BBAED7B65
:105A80005CBAEE7BBAC0EF7B5DBAF07B5EBAF17BAD
:105A9000E9C0F27B5FBAF37B60BAF47B61BAF57B55
:105AA00062BAF67B63BAF77BF1C5F87B64BAF97B1F
:105AB00065BAFA7B66BAFB7B67BAFC7BFBF3FD7BBE
:105AC00068BAFE7BFAF3FF7B69BA007C6ABA017C94
:105AD0006BBA027C6CBA037C6DBA047C6EBA057C2E
:105AE0006FBA067C70BA077CD8B4087C71BA097C9E
:105AF00072BA0A7C73BA0B7CFEF30C7CF9F30D7C52
:105B000074BA0E7C75BA0F7CFCF3107C76BA117CEB
:105B100077BA127C78BA137C79BA147C7ABA157C7D
:105B20007BBA167CFDF3177C7CBA187C7DBA197C95
:105B30007EBA1A7C80BA1B7C81BA1C7C82BA1D7C1E
:105B400083BA1E7C84BA1F7CA1F4207C85BA217C98
:105B500086BA227C87BA237C88BA247C89BA257CC1
:105B60008ABA267CA3F4277CC9BB287C8BBA297C03
:105B70008CBA2A7CA2F42B7C8DBA2C7C8EBA2D7C1C
:105B80008FBA2E7C90BA2F7C91BA307C92BA317C3D
:105B900093BA327C94BA337C95BA347C96BA357C0D
:105BA00097BA367C98BA377C99BA387CA4F4397C99
:105BB0009ABA3A7C9BBA3B7C9CBA3C7C9DBA3D7CB1
:105BC0009EBA3E7C9FBA3F7CBEB2407CA6F4417C2C
:105BD000A5F4427CA0BA437C40BB447C41BB457CDD
:105BE00042BB467C43BB477C44BB487C45BB497CAD
:105BF00046BB4A7C47BB4B7C48BB4C7C49BB4D7C7D
:105C0000AEBC4E7C4ABB4F7C4BBB507C4CBB517CEA
:105C10004DBB527C4EBB537C4FBB547C50BB557C20
:105C200051BB567C52BB577C53BB587C54BB597CF0
:105C300055BB5A7C56BB5B7C57BB5C7C58BB5D7CC0
:105C400059BB5E7C5ABB5F7C5BBB607C5CBB617C90
:105C50005DBB627C5EBB637C5FBB647C60BB657C60
:105C600061BB667C62BB677C63BB687C64BB697C30
:105C700065BB6A7C66BB6B7C67BB6C7C68BB6D7C00
:105C800069BB6E7C6ABB6F7C6BBB707C6CBB717CD0
:105C90006DBB727C6EBB737CD7C3747CE1D9757CA1
:105CA0006FBB767C70BB777C71BB787C72BB797C78
:105CB00073BB7A7C74BB7B7CE0C07C7CCCF47D7C49
:105CC000D1D77E7C75BB7F7C76BB807C77BB817CAB
:105CD00078BB827C79BB837C7ABB847C7BBB857CF4
:105CE0007CBB867C7DBB877C7EBB887C80BB897CC3
:105CF000DBB78A7C81BB8B7C82BB8C7C83BB8D7C3D
:105D000084BB8E7C85BB8F7C86BB907C87BB917C63
:105D1000CEF4927CA3C1937C88BB947C89BB957C98
:105D2000C9C6967C8ABB977CD6B4987CB3D5997C3F
:105D30008BBB9A7C8CBB9B7C8DBB9C7CD0F49D7C6C
:105D4000CFF49E7CD1F49F7CDACBA07C8EBBA17C6F
:105D50008FBBA27CD2F4A37C90BBA47CC1D4A57CD5
:105D6000E0D6A67C91BBA77C92BBA87C93BBA97C08
:105D700094BBAA7CE0B7AB7C95BBAC7C96BBAD7CFE
:105D800097BBAE7CB8C1AF7C98BBB07C99BBB17CF3
:105D9000BBC1B27CD3F4B37CACBEB47C9ABBB57C43
:105DA0009BBBB67C9CBBB77C9DBBB87C9EBBB97CC7
:105DB000E2B4BA7C9FBBBB7CA0BBBC7CD4F4BD7CF2
:105DC000D5F4BE7CABBEBF7C40BCC07C41BCC17CBA
:105DD000D6F4C27C42BCC37C43BCC47C44BCC57CFE
:105DE000DBF4C67C45BCC77CD7F4C87CDAF4C97C3C
:105DF00046BCCA7CFDBACB7C47BCCC7CD8F4CD7CFD
:105E0000D9F4CE7C48BCCF7C49BCD07C4ABCD17C88
:105E10004BBCD27C4CBCD37C4DBCD47C4EBCD57C22
:105E2000E2B8D67CC7CCD77CDCF4D87C4FBCD97C1C
:105E3000DAB2DA7C50BCDB7C51BCDC7CD3C3DD7CC9
:105E400052BCDE7C53BCDF7CE3D4E07CB7BFE17C9A
:105E500054BCE27C55BCE37C56BCE47C57BCE57C7E
:105E600058BCE67C59BCE77C5ABCE87CDDF4E97C94
:105E70005BBCEA7C5CBCEB7C5DBCEC7C5EBCED7C22
:105E80005FBCEE7C60BCEF7CB4C5F07C61BCF17C97
:105E900062BCF27C63BCF37C64BCF47C65BCF57CC6
:105EA00066BCF67C67BCF77C68BCF87CE9F4F97CDE
:105EB00069BCFA7C6ABCFB7CB5CFFC7C6BBCFD7C0E
:105EC0006CBCFE7C6DBCFF7C6EBC007D6FBC017D3C
:105ED00070BC027D71BC037D72BC047D73BC057D0A
:105EE00074BC067D75BC077D76BC087D77BC097DDA
:105EF00078BC0A7DC9CE0B7D79BC0C7D7ABC0D7D4A
:105F00007BBC0E7D7CBC0F7D7DBC107D7EBC117D7D
:105F100080BC127D81BC137D82BC147D83BC157D49
:105F200084BC167D85BC177D86BC187D87BC197D19
:105F300088BC1A7D89BC1B7D8ABC1C7D8BBC1D7DE9
:105F40008CBC1E7D8DBC1F7D8EBC207DD8CB217D61
:105F50008FBC227DF7CB237D90BC247D91BC257D19
:105F600092BC267D93BC277DF4BD287D94BC297D01
:105F700095BC2A7D96BC2B7DCFD72C7D97BC2D7DE3
:105F800098BC2E7D99BC2F7DDBC0307D9ABC317DC5
:105F90009BBC327D9CBC337D9DBC347D9EBC357DDD
:105FA0009FBC367DA0BC377D40BD387D41BD397D6D
:105FB00042BD3A7D43BD3B7D44BD3C7D45BD3D7DFD
:105FC00046BD3E7D47BD3F7D48BD407D49BD417DCD
:105FD0004ABD427D4BBD437D4CBD447D4DBD457D9D
:105FE0004EBD467D4FBD477D50BD487D51BD497D6D
:105FF00052BD4A7D53BD4B7D54BD4C7D55BD4D7D3D
:1060000056BD4E7D57BD4F7D58BD507D59BD517D0C
:106010005ABD527D5BBD537D5CBD547D5DBD557DDC
:106020005EBD567D5FBD577D60BD587D61BD597DAC
:1060300062BD5A7D63BD5B7D64BD5C7D65BD5D7D7C
:1060400066BD5E7D67BD5F7D68BD607D69BD617D4C
:106050006ABD627D6BBD637D6CBD647D6DBD657D1C
:106060006EBD667D6FBD677D70BD687D71BD697DEC
:1060700072BD6A7D73BD6B7D74BD6C7D75BD6D7DBC
:1060800076BD6E7DF5D06F7D77BD707D78BD717DFD
:1060900079BD727D7ABD737D7BBD747D7CBD757D60
:1060A0007DBD767D7EBD777DEAF4787D80BD797D8E
:1060B00081BD7A7D82BD7B7D83BD7C7D84BD7D7D00
:1060C00085BD7E7D86BD7F7D87BD807D88BD817DD0
:1060D00089BD827D8ABD837D8BBD847D8CBD857DA0
:1060E0008DBD867D8EBD877D8FBD887D90BD897D70
:1060F00091BD8A7D92BD8B7D93BD8C7D94BD8D7D40
:1061000095BD8E7D96BD8F7D97BD907D98BD917D0F
:1061100099BD927D9ABD937D9BBD947D9CBD957DDF
:106120009DBD967D9EBD977D9FBD987DA0BD997DAF
:1061300040BE9A7D41BE9B7D42BE9C7D43BE9D7DFF
:1061400044BE9E7D45BE9F7D46BEA07D47BEA17DCF
:1061500048BEA27D49BEA37D4ABEA47D4BBEA57D9F
:106160004CBEA67DEBF4A77D4DBEA87D4EBEA97D9D
:106170004FBEAA7D50BEAB7D51BEAC7D52BEAD7D43
:1061800053BEAE7DECF4AF7D54BEB07D55BEB17D47
:1061900056BEB27D57BEB37D58BEB47D59BEB57DE7
:1061A0005ABEB67D5BBEB77D5CBEB87D5DBEB97DB7
:1061B0005EBEBA7D5FBEBB7D60BEBC7D61BEBD7D87
:1061C00062BEBE7D63BEBF7D64BEC07D65BEC17D57
:1061D00066BEC27D67BEC37D68BEC47D69BEC57D27
:1061E0006ABEC67D6BBEC77D6CBEC87D6DBEC97DF7
:1061F0006EBECA7D6FBECB7D70BECC7D71BECD7DC7
:1062000072BECE7D73BECF7D74BED07D75BED17D96
:1062100076BED27D77BED37D78BED47D79BED57D66
:106220007ABED67D7BBED77D7CBED87D7DBED97D36
:106230007EBEDA7D80BEDB7D81BEDC7D82BEDD7D03
:1062400083BEDE7D84BEDF7D85BEE07D86BEE17DD2
:1062500087BEE27D88BEE37D89BEE47D8ABEE57DA2
:106260008BBEE67D8CBEE77D8DBEE87D8EBEE97D72
:106270008FBEEA7D90BEEB7D91BEEC7D92BEED7D42
:1062800093BEEE7D94BEEF7D95BEF07D96BEF17D12
:1062900097BEF27D98BEF37D99BEF47D9ABEF57DE2
:1062A0009BBEF67D9CBEF77D9DBEF87D9EBEF97DB2
:1062B0009FBEFA7DA0BEFB7D40BFFC7D41BFFD7D42
:1062C00042BFFE7D43BFFF7D44BF007E45BF017ED0
:1062D00046BF027E47BF037E48BF047E49BF057E9E
:1062E0004ABF067E4BBF077E4CBF087E4DBF097E6E
:1062F0004EBF0A7E4FBF0B7E50BF0C7E51BF0D7E3E
:1063000052BF0E7E53BF0F7E54BF107E55BF117E0D
:1063100056BF127E57BF137E58BF147E59BF157EDD
:106320005ABF167E5BBF177E5CBF187E5DBF197EAD
:106330005EBF1A7E5FBF1B7E60BF1C7E61BF1D7E7D
:1063400062BF1E7E63BF1F7E64BF207E65BF217E4D
:1063500066BF227E67BF237E68BF247E69BF257E1D
:106360006ABF267E6BBF277E6CBF287E6DBF297EED
:106370006EBF2A7E6FBF2B7E70BF2C7E71BF2D7EBD
:1063800072BF2E7E73BF2F7E74BF307E75BF317E8D
:1063900076BF327E77BF337E78BF347E79BF357E5D
:1063A0007ABF367E7BBF377E7CBF387E7DBF397E2D
:1063B0007EBF3A7E80BF3B7EE3F73C7E81BF3D7E61
:1063C00082BF3E7E83BF3F7E84BF407E85BF417ECD
:1063D000B1B7427E86BF437E87BF447E88BF457E7D
:1063E00089BF467E8ABF477EEDF4487E8BBF497EDB
:1063F0008CBF4A7E8DBF4B7E8EBF4C7E8FBF4D7E45
:1064000090BF4E7E91BF4F7E92BF507E93BF517E14
:1064100094BF527E95BF537E96BF547E97BF557EE4
:1064200098BF567E99BF577E9ABF587E9BBF597EB4
:106430009CBF5A7E9DBF5B7E9EBF5C7E9FBF5D7E84
:10644000A0BF5E7E40C05F7E41C0607E42C0617E74
:1064500043C0627E44C0637E45C0647E46C0657EA4
:1064600047C0667E48C0677E49C0687E4AC0697E74
:106470004BC06A7E4CC06B7E4DC06C7E4EC06D7E44
:106480004FC06E7E50C06F7E51C0707E52C0717E14
:1064900053C0727E54C0737E55C0747E56C0757EE4
:1064A00057C0767E58C0777E59C0787E5AC0797EB4
:1064B0005BC07A7E5CC07B7E5DC07C7E5EC07D7E84
:1064C0005FC07E7E60C07F7E61C0807E62C0817E54
:1064D00063C0827EEBD7837E64C0847E65C0857E88
:1064E00066C0867E67C0877E68C0887E69C0897EF8
:1064F0006AC08A7E6BC08B7E6CC08C7E6DC08D7EC8
:106500006EC08E7E6FC08F7E70C0907E71C0917E97
:1065100072C0927E73C0937E74C0947E75C0957E67
:1065200076C0967E77C0977E78C0987E79C0997E37
:106530007AC09A7E7BC09B7EEEF49C7E7CC09D7E62
:106540007DC09E7E7EC09F7EF9E6A07EC0BEA17EFD
:10655000FAE6A27EECBAA37EFBE6A47ECBCFA57EB4
:10656000FCE6A67EBCD4A77EB6BCA87EFDE6A97ECE
:10657000FEE6AA7ECDBCAB7ED2C8AC7EB3CEAD7EED
:10658000A1E7AE7E80C0AF7EBFB4B07EA2E7B17E91
:10659000B4C9B27ED9B8B37EC9C4B47E81C0B57E59
:1065A000DDD7B67EDAC2B77ED7B7B87EBDD6B97EA4
:1065B000C6CEBA7EC4B7BB7E82C0BC7E83C0BD7E61
:1065C000A6C5BE7EA3E7BF7EDFCFC07EA4E7C17EA7
:1065D000A5E7C27EA6E7C37EB7C1C47EE9D7C57E64
:1065E000F0C9C67EB8CFC77EAFD6C87ED5D6C97E25
:1065F000A7E7CA7EEDB0CB7EA8E7CC7EA9E7CD7E2B
:10660000DCC9CE7EEFD2CF7EADBED07EAAE7D17EF2
:10661000F3B0D27EDEC8D37EE1BDD47EABE7D57EBB
:10662000C6C8D67E84C0D77EACE7D87EE6BBD97E0E
:10663000F8B8DA7EA4D1DB7EADE7DC7EE7C2DD7E92
:10664000F8BEDE7ECABDDF7EB3CDE07EAEE7E17E82
:10665000AFE7E27EEEBEE37EE5D0E47E85C0E57E78
:10666000E7CBE67ED0CCE77ECCBCE87EB0E7E97E27
:10667000A8BCEA7EF7D0EB7EB1E7EC7E86C0ED7E6B
:10668000F8D0EE7EB2E7EF7EB3E7F07EC2B4F17EE3
:10669000B4E7F27EB5E7F37EFEC9F47EACCEF57EBC
:1066A000E0C3F67EB7E7F77EC1B1F87EF1B3F97EBD
:1066B00087C0FA7EB8E7FB7EB9E7FC7EDBD7FD7EBC
:1066C000C0D5FE7EBAE7FF7ECCC2007FBAD7017F7D
:1066D000BBE7027FBCE7037FBDE7047FEABC057F21
:1066E000E5C3067FC2C0077FBEE7087FBFE7097F1B
:1066F000A9BC0A7F88C00B7FC0E70C7FC1E70D7F74
:10670000B6E70E7FD0B60F7FC2E7107F89C0117F3A
:10671000C3E7127FC4E7137FBABB147FDEB5157FD2
:10672000C6C2167FE0B1177FC5E7187FB5D4197FC1
:10673000C6E71A7FBFB81B7FC8E71C7FC7E71D7F6E
:10674000ECB71E7F8AC01F7FC9E7207FF8B2217F88
:10675000CAE7227FCBE7237FCCE7247FCDE7257FE5
:10676000CEE7267FCFE7277FD0E7287FA7D3297FF3
:10677000F5CB2A7FD1E72B7FD2E72C7FD3E72D7F84
:10678000D4E72E7FC9C92F7FD5E7307FD6E7317F89
:10679000D7E7327FD8E7337FD9E7347FC9BD357F6C
:1067A000DAE7367FBEF3377F8BC0387FD7B8397FC3
:1067B0008CC03A7FB1C83B7F8DC03C7F8EC03D7F8F
:1067C0008FC03E7F90C03F7F91C0407F92C0417F8D
:1067D00093C0427FBFF3437F94C0447FC0F3457FA3
:1067E000C1F3467F95C0477F96C0487F97C0497FD9
:1067F00098C04A7F99C04B7F9AC04C7F9BC04D7F09
:106800009CC04E7F9DC04F7F9EC0507FDEB9517FA0
:10681000F8CD527F9FC0537FA0C0547FE8D8557FEA
:10682000B1BA567F40C1577FDEC2587FB7EE597F5D
:1068300041C15A7FA3B75B7F42C15C7F43C15D7F8B
:1068400044C15E7F45C15F7FB9EE607F46C1617F15
:10685000B8EE627FD5B0637F47C1647F48C1657F72
:1068600049C1667F4AC1677F4BC1687FBBEE697FC4
:10687000D6D56A7FEFD76B7F4CC16C7F4DC16D7FE2
:106880004EC16E7FC3D66F7F4FC1707F50C1717F85
:10689000BDEE727FF0CA737F51C1747FBCEE757F0D
:1068A00052C1767F53C1777F54C1787F55C1797FBC
:1068B000BEEE7A7F56C17B7F57C17C7F58C17D7FFA
:1068C00059C17E7FC0EE7F7F5AC1807F5BC1817FCF
:1068D000BFEE827F5CC1837F5DC1847F5EC1857FA7
:1068E0005FC1867F60C1877F61C1887F62C1897F08
:1068F00063C18A7FF2D18B7F64C18C7FBCC78D7FDF
:1069000065C18E7FC0C38F7F66C1907F67C1917F55
:1069100068C1927F69C1937F6AC1947FE1B8957F16
:106920006BC1967F6CC1977F6DC1987F6EC1997F57
:106930006FC19A7FE7C19B7F70C19C7F71C19D7FB2
:10694000C6F49E7FDFD09F7FC7F4A07F72C1A17F76
:10695000DBCFA27F73C1A37F74C1A47FBAC8A57F18
:1069600075C1A67F76C1A77FC8F4A87F77C1A97F2C
:1069700078C1AA7F79C1AB7F7AC1AC7F7BC1AD7F83
:106980007CC1AE7F7DC1AF7FC9F4B07FCAF4B17F57
:106990007EC1B27FCBF4B37F80C1B47F81C1B57FAC
:1069A00082C1B67F83C1B77F84C1B87FFAD9B97F6E
:1069B000FEB8BA7F85C1BB7F86C1BC7FF1E5BD7FD4
:1069C000F0D3BE7F87C1BF7FE0F4C07F88C1C17FA5
:1069D000CCCEC27F89C1C37F8AC1C47F8BC1C57F32
:1069E000E1B3C67F8CC1C77F8DC1C87F8EC1C97F0F
:1069F0008FC1CA7FB4F1CB7F90C1CC7FEED2CD7F67
:106A000091C1CE7FE1F4CF7F92C1D07F93C1D17F7E
:106A100094C1D27F95C1D37F96C1D47FE8CFD57F73
:106A2000E2F4D67F97C1D77F98C1D87FCCC7D97FF2
:106A300099C1DA7F9AC1DB7F9BC1DC7F9CC1DD7F7E
:106A40009DC1DE7F9EC1DF7FD4B5E07FE4B4E17FEE
:106A5000E4F4E27F9FC1E37FA0C1E47F40C2E57F11
:106A6000E3F4E67FE5F4E77F41C2E87F42C2E97FD5
:106A7000E6F4EA7F43C2EB7F44C2EC7F45C2ED7F80
:106A800046C2EE7FE7F4EF7F47C2F07FB2BAF17FF4
:106A9000BFB0F27F48C2F37FE8F4F47F49C2F57FCC
:106AA0004AC2F67F4BC2F77F4CC2F87F4DC2F97FD6
:106AB0004EC2FA7F4FC2FB7FADB7FC7FEDD2FD7FA8
:106AC00050C2FE7F51C2FF7F52C20080ABD2018014
:106AD000CFC0028053C20380BCBF0480A3EB0580FB
:106AE000DFD50680C8EA078054C2088055C20980F5
:106AF00056C20A8057C20B80F3F10C80F8B60D80A5
:106B0000A3CB0E8058C20F8059C21080CDC4118013
:106B10005AC21280E7F113805BC21480E8F115803D
:106B2000FBB81680E9F11780C4BA1880C5D4198063
:106B3000D2B01A805CC21B805DC21C80EAF11D804D
:106B40005EC21E805FC21F8060C22080EBF1218088
:106B500061C22280ECF1238062C2248063C225805E
:106B6000EDF12680EEF12780EFF12880F1F1298008
:106B7000F0F12A80D5C52B8064C22C8065C22D809F
:106B800066C22E8067C22F8068C2308069C23180A1
:106B9000F2F132806AC23380FAB634806BC235803B
:106BA000F4F13680AED23780C7DE3880CACB398068
:106BB0006CC23A806DC23B80DCB33C806EC23D80CB
:106BC000A2B53E806FC23F80A2B9408070C24180B2
:106BD00071C24280F4C44380F5F1448072C24580A2
:106BE00073C24680F6F1478074C2488075C24980FE
:106BF00076C24A80C4C14B80FBC14C80B0D64D8068
:106C0000F7F14E8077C24F8078C2508079C25180B0
:106C10007AC25280F8F153807BC25480AAC1558059
:106C20007CC256807DC257807EC25880B8C65980CB
:106C300080C25A80DBBE5B8081C25C8082C25D8084
:106C400083C25E8084C25F8085C2608086C26180AC
:106C500087C2628088C2638089C264808AC265807C
:106C60008BC266808CC267808DC268808EC269804C
:106C7000F9F16A80CFB46B808FC26C8090C26D8056
:106C800091C26E8092C26F8093C2708094C27180F4
:106C9000FAF1728095C2738096C2748097C2758033
:106CA00098C2768099C277809AC278809BC2798098
:106CB0009CC27A809DC27B809EC27C809FC27D8068
:106CC000A0C27E8040C37F80B2ED8080B1ED818024
:106CD00041C3828042C38380E0CB8480DED2858042
:106CE00043C38680C1CB8780D8D5888044C3898040
:106CF000E2C88A8045C38B80DFC08C80A1BC8D80B8
:106D000046C38E8047C38F8048C3908049C391801B
:106D10004AC392804BC39380C1EB94804CC395804F
:106D20004DC39680A4D097804EC39880E2D69980B8
:106D30004FC39A80C7B69B80D8B89C80C0EB9D801B
:106D4000CEB89E8050C39F80BFEBA080A6B3A18029
:106D5000C9B9A280ABD6A38051C3A480F4B7A580E3
:106D6000CAB7A68052C3A78053C3A88054C3A980C2
:106D7000E7BCAA80BEB7AB80C6EBAC8055C3AD8084
:106D8000C7EBAE80B9B0AF80CFBFB08056C3B18083
:106D9000C5EBB280FDD3B38057C3B480C8EBB580D8
:106DA00058C3B68059C3B780C9EBB8805AC3B980FD
:106DB0005BC3BA80CEB7BB805CC3BC80C2EBBD8076
:106DC000C4EBBE80F6C9BF80D7D6C080CDD5C18008
:106DD000B2D0C280CFEBC380B8CEC480D0EBC58028
:106DE0005DC3C680A8B5C7805EC3C8805FC3C980C5
:106DF00060C3CA8061C3CB8062C3CC80B3B1CD8095
:106E0000D2EBCE80A5CCCF8063C3D08064C3D180C9
:106E100065C3D28066C3D38067C3D48068C3D5807E
:106E200069C3D680D6C5D780D3EBD8806AC3D98052
:106E3000D1EBDA80DFC5DB80CEEBDC80A4CADD805D
:106E4000D5EBDE80FBB0DF806BC3E0806CC3E180FC
:106E5000FABAE2806DC3E3806EC3E480B7D8E58000
:106E6000E3F1E6806FC3E780CAEBE880CBEBE98013
:106E7000CCEBEA80CDEBEB80D6EBEC80C0E6ED808E
:106E8000D9EBEE8070C3EF80E8BFF080C8D2F1800C
:106E9000D7EBF280DCEBF380ECB8F480D8EBF58034
:106EA00071C3F680BABDF78072C3F880D8D0F9807C
:106EB00073C3FA80B7B0FB8074C3FC80DDEBFD8048
:106EC000DCC4FE8075C3FF8076C3008177C3018177
:106ED00078C30281ACD6038179C304817AC305816A
:106EE0007BC30681E0B407817CC308817DC309812F
:106EF000F6C20A81B9BC0B817EC30C8180C30D81AF
:106F0000DAEB0E81DBEB0F81E0D41081EAC6118150
:106F1000D4C41281DFEB1381A7C51481F5D9158183
:106F200081C31681B1B2178182C31881E4EB198144
:106F300083C31A81C5BD1B8184C31C8185C31D8188
:106F400086C31E81E2EB1F8187C3208188C3218114
:106F500089C322818AC323818BC324818CC3258169
:106F60008DC326818EC327818FC3288190C3298139
:106F700091C32A8192C32B8193C32C81E3EB2D8192
:106F800094C32E8195C32F81ACB8308196C33181D3
:106F9000D1CD3281E5EB338197C3348198C33581FC
:106FA00099C33681E1EB37819AC33881B3C1398106
:106FB0009BC33A819CC33B819DC33C819EC33D8161
:106FC0009FC33E81A2C63F81A0C3408140C441818E
:106FD00041C4428142C4438143C4448144C4458185
:106FE00045C44681F3CC478146C44881E6EB4981DC
:106FF00047C44A81B0C04B81B8D24C81E7EB4D8188
:1070000048C44E8149C44F814AC45081AFB85181B0
:10701000ADB852814BC45381E8EB5481BBC7558155
:10702000F3CD56814CC457814DC458814EC459810B
:10703000EAEB5A81EBEB5B814FC45C8150C45D810C
:1070400051C45E8152C45F8153C46081EDEB6181A4
:1070500054C4628155C4638156C4648157C4658138
:10706000C8D0668158C46781F2EB688159C46981D0
:10707000EEEB6A815AC46B815BC46C815CC46D8128
:10708000F1EB6E81F9C86F815DC47081FCD17181B3
:10709000ECEB72815EC473815FC47481E9EB75812E
:1070A00060C4768161C4778162C4788163C4798168
:1070B000B9B87A81D9CF7B81E5C47C81EFEB7D8142
:1070C000F0EB7E81DACC7F81C8CD8081F2B0818106
:1070D00064C48281F6EB838165C4848166C4858142
:1070E00067C4868168C4878169C48881F5EB89811A
:1070F0006AC48A81B2B28B816BC48C816CC48D816D
:107100006DC48E816EC48F81E0B890816FC491810F
:10711000F7EB928170C4938171C4948172C495819C
:1071200073C4968174C4978175C49881ECB19981B8
:1071300076C49A8177C49B81C5CC9C81A4C49D816F
:10714000A5CF9E8178C49F8179C4A0817AC4A18192
:107150007BC4A2817CC4A381F9EBA4817DC4A581F9
:107160007EC4A681A2ECA78180C4A881F2C5A981B2
:1071700081C4AA81FAEBAB8182C4AC8183C4AD81A6
:1071800084C4AE8185C4AF8186C4B08187C4B18117
:1071900088C4B28189C4B381C5C9B4818AC4B581A8
:1071A0008BC4B6818CC4B7818DC4B8818EC4B981BB
:1071B0008FC4BA81DFE2BB81FEEBBC8190C4BD818C
:1071C00091C4BE8192C4BF8193C4C081CECDC18120
:1071D000A1ECC281DBB1C381B7D3C48194C4C581A2
:1071E00095C4C681DCD2C78196C4C88197C4C981C1
:1071F00098C4CA81FDEBCB8199C4CC81FBEBCD81D6
:107200009AC4CE819BC4CF819CC4D0819DC4D181BE
:107210009EC4D2819FC4D381A0C4D48140C5D581EE
:1072200041C5D68142C5D78143C5D88144C5D981DE
:1072300045C5DA8146C5DB8147C5DC8148C5DD81AE
:1072400049C5DE814AC5DF814BC5E0814CC5E1817E
:107250004DC5E2814EC5E381BCB3E4814FC5E581F4
:1072600050C5E68151C5E781B0EAE88152C5E981A0
:1072700053C5EA81D4D7EB8154C5EC81ABF4ED81E1
:10728000F4B3EE8155C5EF8156C5F08157C5F18144
:1072900058C5F28159C5F381C1D6F481C2D6F581B2
:1072A0005AC5F6815BC5F7815CC5F8815DC5F9817A
:1072B0005EC5FA815FC5FB81E9D5FC81CABEFD814F
:1072C00060C5FE81A7F4FF8161C50082A8D201825A
:1072D000A8F40282A9F4038262C50482AAF405829A
:1072E000CBBE0682DFD3078263C5088264C50982EC
:1072F00065C50A8266C50B8267C50C82E0C90D822E
:10730000E1C90E8268C50F8269C51082C2F311827D
:107310006AC51282E6CA13826BC51482F2CC15824A
:107320006CC516826DC517826EC518826FC519822D
:1073300070C51A8271C51B82B6E21C82B4CB1D8255
:1073400072C51E82E8CE1F82DBD6208273C52182E1
:10735000ADF42282AEF42382AFF4248274C5258278
:1073600075C5268276C5278277C52882B2F4298220
:1073700078C52A82BDBA2B82B3F42C82E3B02D8269
:10738000B0F42E8279C52F82B1F43082A2BD318251
:10739000D5B232827AC53382B6F43482B7F43582FC
:1073A000E6B63682B0B23782CFCF3882B4F43982B3
:1073B000ACB43A827BC53B82B5F43C827CC53D824D
:1073C0007DC53E82B8F43F827EC5408280C5418241
:1073D00081C5428282C5438283C54482B9F4458215
:1073E00084C5468285C54782A7CD488286C5498225
:1073F000BAF44A8287C54B82BBF44C8288C54D8261
:1074000089C54E828AC54F82BCF450828BC5518299
:107410008CC552828DC553828EC554828FC55582CC
:1074200090C5568291C5578292C55882D2CB598257
:1074300093C55A82BDF45B8294C55C8295C55D821A
:1074400096C55E8297C55F82BEF4608298C56182F0
:1074500099C562829AC563829BC564829CC5658218
:107460009DC566829EC567829FC56882BFF469829A
:10747000A0C56A8240C66B8241C66C8242C66D82DC
:1074800043C66E82DEF46F82BCC17082E8BC71823A
:1074900044C67282ABC97382DED17482F5E575820F
:1074A00045C6768246C6778247C6788248C67982C4
:1074B000B3DC7A82D5D27B8249C67C824AC67D8281
:1074C000B4DC7E82ACB07F82B5DC80824BC6818228
:1074D0004CC68282DABD83824DC68482B9DC858245
:1074E0004EC686824FC6878250C68882C2D889829D
:1074F00051C68A82B7DC8B82F3D38C8252C68D82CE
:10750000D6C98E82BADC8F82B6DC908253C6918255
:10751000BBDC9282A2C3938254C6948255C69582E4
:1075200056C6968257C69782BCDC9882C5DC998283
:10753000BDDC9A8258C69B8259C69C82DFCE9D8252
:10754000A5D69E825AC69F82CFDCA0825BC6A1824E
:10755000CDDCA2825CC6A3825DC6A482D2DCA582F9
:10756000E6BDA682ABC2A7825EC6A882B8DCA982AD
:10757000CBDCAA82CEDCAB82BEDCAC82D2B7AD82E1
:10758000C5B0AE82C7DCAF82BED0B082C1DCB182F2
:10759000A8BBB2825FC6B382BCB7B482CCDCB58272
:1075A00060C6B68261C6B782C6DCB882BFDCB9826B
:1075B000DBC7BA8262C6BB8263C6BC8264C6BD82B8
:1075C000BFD1BE82C0DCBF8265C6C08266C6C18232
:1075D000CADCC28267C6C38268C6C482D0DCC582E8
:1075E00069C6C6826AC6C782ADCEC882C2DCC982FD
:1075F0006BC6CA82C3DCCB82C8DCCC82C9DCCD823C
:10760000D4B2CE82D1DCCF82D5CBD0826CC6D1822F
:10761000B7D4D282DBDCD382DFDCD482A6CCD582A5
:10762000E6DCD6826DC6D782E7C3D882DCDCD9829D
:107630006EC6DA826FC6DB82C1BFDC82D9DCDD8236
:1076400070C6DE82FAB0DF82B6B9E082E5DCE182A4
:10765000D3DCE28271C6E382C4DCE482D6DCE5825C
:10766000F4C8E682E0BFE78272C6E88273C6E982A8
:1076700074C6EA8275C6EB82BBC9EC8276C6ED821F
:1076800077C6EE8278C6EF82BDB1F08279C6F1820C
:10769000A2D3F2827AC6F3827BC6F482DADCF58268
:1076A0007CC6F6827DC6F782D5DCF8827EC6F9827A
:1076B000BBC6FA8280C6FB82DEDCFC8281C6FD820C
:1076C00082C6FE8283C6FF8284C6008385C601838C
:1076D000C2D70283AFC30383B6B70483D1C7058380
:1076E000A9C30683E2DC0783D8DC0883EBDC0983CB
:1076F000D4DC0A8386C60B8387C60C83DDDC0D834E
:1077000088C60E83A5BE0F83D7DC108389C611837C
:10771000E0DC12838AC613838BC61483E3DC1583F3
:10772000E4DC16838CC61783F8DC18838DC61983B6
:107730008EC61A83E1DC1B83A2DD1C83E7DC1D837C
:107740008FC61E8390C61F8391C6208392C6218355
:1077500093C6228394C6238395C6248396C6258325
:1077600097C6268398C62783EBBC2883C4B4298395
:1077700099C62A839AC62B83A3C32C83E7B22D8391
:10778000FADC2E839BC62F83F2DC30839CC63183C8
:10779000EFDC32839DC63383FCDC3483EEDC35833F
:1077A000F0D23683E8B237839EC63883D7C8398390
:1077B000E3C83A83FBDC3B839FC63C83EDDC3D831F
:1077C000A0C63E8340C73F8341C74083F7DC418367
:1077D00042C7428343C74383F5DC448344C74583A0
:1077E00045C74683A3BE4783F4DC488346C7498325
:1077F000DDB24A8347C74B8348C74C8349C74D8393
:107800004AC74E834BC74F83F3DC5083F6BC51838A
:10781000E8DC5283C4BB53834CC75483F3C0558305
:107820004DC756834EC757834FC7588350C7598398
:1078300051C75A83D4BC5B83E9DC5C83EADC5D839B
:1078400052C75E83F1DC5F83F6DC6083F9DC618321
:10785000B4B5628353C76383D9C86483E7BB6583C8
:10786000FEDC6683FDDC6783ABD36883A1DD6983BF
:10787000A3DD6A83A5DD6B83F1D26C83A4DD6D8308
:10788000A6DD6E83A7DD6F83A9D2708354C7718391
:1078900055C7728356C7738357C7748358C7758398
:1078A00059C776835AC77783C9BA7883A9DD7983A4
:1078B0005BC77A835CC77B83B6DD7C83B1DD7D8368
:1078C000B4DD7E835DC77F835EC780835FC78183AE
:1078D00060C7828361C7838362C7848363C78583EC
:1078E000B0DD8683CEC6878364C7888365C78983F6
:1078F000F2C08A8366C78B8367C78C8368C78D8312
:1079000069C78E83AFC98F836AC790836BC7918322
:107910006CC79283ECDC9383AEDD94836DC7958353
:107920006EC796836FC7978370C79883B7DD9983B7
:1079300071C79A8372C79B83F0DC9C83AFDD9D8304
:1079400073C79E83B8DD9F8374C7A083ACDDA1831A
:1079500075C7A28376C7A38377C7A48378C7A58397
:1079600079C7A6837AC7A7837BC7A883B9DDA98314
:10797000B3DDAA83ADDDAB83AAC4AC837CC7AD8382
:107980007DC7AE837EC7AF8380C7B083A8DDB183D8
:10799000B3C0B283ABC1B383AADDB483ABDDB5831F
:1079A00081C7B683B2DDB783F1BBB883B5DDB983D8
:1079B000A8D3BA83BADDBB8382C7BC83BBDDBD83DA
:1079C000A7C3BE8383C7BF8384C7C083D2DDC183FF
:1079D000BCDDC28385C7C38386C7C48387C7C5830D
:1079E000D1DDC68388C7C783BDB9C88389C7C983AA
:1079F0008AC7CA83D5BECB838BC7CC83FABECD835F
:107A00008CC7CE838DC7CF83CABAD0838EC7D183AC
:107A10008FC7D28390C7D38391C7D483CADDD58360
:107A200092C7D683C5DDD78393C7D883BFDDD983FB
:107A300094C7DA8395C7DB8396C7DC83CBB2DD833B
:107A4000C3DDDE8397C7DF83CBDDE083A4B2E183B0
:107A5000D5DDE28398C7E38399C7E4839AC7E583BA
:107A6000BEDDE6839BC7E7839CC7E8839DC7E983A8
:107A7000D0C6EA83D0DDEB839EC7EC839FC7ED833E
:107A8000A0C7EE8340C8EF8341C8F083D4DDF18303
:107A9000E2C1F283C6B7F38342C8F48343C8F583D7
:107AA00044C8F68345C8F78346C8F883CEDDF9831A
:107AB000CFDDFA8347C8FB8348C8FC8349C8FD83F0
:107AC000C4DDFE834AC8FF834BC800844CC80184D0
:107AD000BDDD02844DC80384CDDD0484D1CC058492
:107AE0004EC80684C9DD07844FC8088450C809847D
:107AF00051C80A8452C80B84C2DD0C84C8C30D84EB
:107B0000BCC60E84AECE0F84CCDD108453C8118465
:107B1000C8DD128454C8138455C8148456C815840B
:107B200057C8168458C8178459C81884C1DD1984E9
:107B30005AC81A845BC81B845CC81C84C6DD1D84BB
:107B4000DCC21E845DC81F845EC820845FC8218497
:107B500060C8228461C8238462C82484A9D3258490
:107B6000AAD32684D3DD2784F4CF2884F8C82984B7
:107B700063C82A8464C82B8465C82C8466C82D8495
:107B800067C82E8468C82F8469C830846AC8318465
:107B9000E6DD32846BC833846CC834846DC83584A8
:107BA0006EC836846FC8378470C83884C7DD39849E
:107BB00071C83A8472C83B8473C83C84E0DD3D845C
:107BC000E4C23E8474C83F8475C8408476C841844A
:107BD00077C8428478C8438479C844847AC8458485
:107BE0007BC84684E1DD47847CC848847DC84984DD
:107BF0007EC84A8480C84B8481C84C8482C84D8426
:107C000083C84E8484C84F8485C8508486C85184F4
:107C1000D7DD528487C8538488C8548489C8558462
:107C20008AC856848BC85784F8D658848CC859841F
:107C3000D9DD5A84D8DD5B84F0B85C84D6DD5D8400
:107C40008DC85E848EC85F848FC8608490C861844C
:107C5000CFC6628491C86384ADB6648492C86584DB
:107C600093C8668494C8678495C8688496C86984F4
:107C7000E2DD6A8497C86B84F9BA6C84E1D46D84C0
:107C8000E7DD6E8498C86F8499C870849AC871843F
:107C9000D0B472849BC87384DADD74849CC8758404
:107CA000FBBF7684E3DD77849DC87884DFDD79844B
:107CB0009EC87A84DDDD7B849FC87C84A0C87D84D7
:107CC00040C97E8441C97F8442C9808443C981847C
:107CD00044C98284D9B5838445C9848446C98584CE
:107CE00047C9868448C98784DBDD8884DCDD8984D4
:107CF000DEDD8A8449C98B84AFBD8C84E4DD8D844C
:107D00004AC98E84E5DD8F844BC990844CC9918427
:107D10004DC992844EC993844FC9948450C99584A7
:107D200051C9968452C99784F5DD988453C99984C2
:107D3000C9C39A8454C99B8455C99C84E2CB9D8451
:107D400056C99E8457C99F8458C9A08459C9A18423
:107D5000F2DDA2845AC9A3845BC9A4845CC9A5844A
:107D60005DC9A6845EC9A7845FC9A88460C9A984C7
:107D700061C9AA8462C9AB8463C9AC8464C9AD8497
:107D800065C9AE8466C9AF84E1D8B08467C9B184DF
:107D900068C9B284D1C6B38469C9B484F4DDB5843A
:107DA0006AC9B6846BC9B7846CC9B884F4D5B98480
:107DB000F3DDBA84F0DDBB846DC9BC846EC9BD84BB
:107DC000ECDDBE846FC9BF84EFDDC08470C9C1849F
:107DD000E8DDC28471C9C38472C9C484EED0C5848D
:107DE00073C9C68474C9C78475C9C88476C9C9846F
:107DF000D8C8CA84EEDDCB8477C9CC8478C9CD8459
:107E0000E9DDCE8479C9CF847AC9D084EADDD18412
:107E1000F2CBD2847BC9D384EDDDD4847CC9D584F4
:107E20007DC9D684CDB1D7847EC9D88480C9D98490
:107E300081C9DA8482C9DB8483C9DC8484C9DD8496
:107E4000B6C0DE8485C9DF84BBBCE084F1DDE1849B
:107E500086C9E28487C9E384F7DDE48488C9E584C0
:107E6000F6DDE684EBDDE78489C9E8848AC9E98424
:107E70008BC9EA848CC9EB848DC9EC84EEC5ED8492
:107E80008EC9EE848FC9EF8490C9F084FBDDF18444
:107E900091C9F28492C9F38493C9F48494C9F58496
:107EA00095C9F68496C9F78497C9F88498C9F98466
:107EB00099C9FA849AC9FB849BC9FC84A4DEFD8419
:107EC0009CC9FE849DC9FF84A3DE00859EC90185EF
:107ED0009FC90285A0C9038540CA048541CA05859A
:107EE00042CA068543CA078544CA088545CA09852A
:107EF00046CA0A8547CA0B8548CA0C85F8DD0D8538
:107F000049CA0E854ACA0F854BCA10854CCA1185CD
:107F1000EFC312854DCA1385FBC214854ECA158561
:107F20004FCA168550CA1785E1D5188551CA1985DB
:107F300052CA1A85B5CE1B8553CA1C8554CA1D85E5
:107F400055CA1E8556CA1F85FDDD208557CA218565
:107F5000CCB2228558CA238559CA24855ACA258598
:107F60005BCA26855CCA27855DCA28855ECA2985C5
:107F70005FCA2A8560CA2B85E8C42C85DFCA2D8597
:107F800061CA2E8562CA2F8563CA308564CA31856D
:107F900065CA328566CA338567CA348568CA35853D
:107FA00069CA36856ACA3785BEC73885FADD39851C
:107FB000FCDD3A85FEDD3B85A2DE3C85AAB03D8531
:107FC000CEB13E856BCA3F856CCA40856DCA41857E
:107FD0006ECA42856FCA4385ACDE448570CA45854A
:107FE00071CA468572CA478573CA4885A6DE498527
:107FF000B6BD4A85EFC84B8574CA4C8575CA4D8598
:1080000076CA4E8577CA4F8578CA508579CA518518
:108010007ACA52857BCA53857CCA54857DCA5585E8
:108020007ECA5685A1DE578580CA588581CA598582
:10803000A5DE5A8582CA5B8583CA5C8584CA5D8554
:1080400085CA5E85A9DE5F8586CA608587CA618527
:1080500088CA628589CA63858ACA6485A8DE6585FF
:108060008BCA66858CCA67858DCA6885A7DE6985D7
:108070008ECA6A858FCA6B8590CA6C8591CA6D85D8
:1080800092CA6E8593CA6F8594CA708595CA7185A8
:1080900096CA7285ADDE738597CA7485CCD4758512
:1080A00098CA768599CA77859ACA78859BCA798550
:1080B000B3DE7A85AADE7B85AEDE7C859CCA7D85B3
:1080C0009DCA7E85D9C07F859ECA80859FCA8185CD
:1080D000A0CA828540CB838541CB8485A1B18585AB
:1080E000B6DE868542CB8785B1DE888543CB898520
:1080F00044CB8A8545CB8B8546CB8C8547CB8D85FC
:1081000048CB8E8549CB8F85B2DE90854ACB918551
:108110004BCB92854CCB93854DCB94854ECB95859F
:108120004FCB968550CB978551CB988552CB99856F
:1081300053CB9A8554CB9B85A6D19C85B5DE9D8576
:1081400055CB9E8556CB9F8557CBA08558CBA18517
:1081500059CBA2855ACBA3855BCBA485AFDEA58581
:108160005CCBA6855DCBA7855ECBA885B0DEA98557
:108170005FCBAA85BDD0AB8560CBAC8561CBAD852F
:1081800062CBAE85B4DEAF85EDCAB085B9DEB18510
:1081900063CBB28564CBB38565CBB48566CBB5853F
:1081A00067CBB68568CBB785B8DEB88569CBB985AE
:1081B000B7DEBA856ACBBB856BCBBC856CCBBD8586
:1081C0006DCBBE856ECBBF856FCBC08570CBC185B7
:1081D000BBDEC28571CBC38572CBC48573CBC5852D
:1081E00074CBC68575CBC78576CBC88577CBC9855B
:1081F000E5BDCA8578CBCB8579CBCC857ACBCD85CF
:108200007BCBCE857CCBCF85D8B2D085EAC3D18558
:108210007DCBD2857ECBD385BADED48580CBD58588
:10822000BAC5D68581CBD78582CBD88583CBD98576
:1082300084CBDA8585CBDB8586CBDC85BCDEDD8532
:1082400087CBDE8588CBDF8589CBE0858ACBE1854E
:108250008BCBE2858CCBE3858DCBE485D9CCE585D2
:108260008ECBE6858FCBE78590CBE88591CBE985F2
:10827000AAB7EA8592CBEB8593CBEC8594CBED85C1
:1082800095CBEE8596CBEF8597CBF08598CBF18596
:1082900099CBF2859ACBF3859BCBF4859CCBF58566
:1082A0009DCBF6859ECBF7859FCBF885A0CBF98536
:1082B00040CCFA8541CCFB85E5D4FC8542CCFD85DC
:1082C00043CCFE8544CCFF85BDDE008645CC0186CF
:1082D00046CC028647CC038648CC048649CC05862A
:1082E000BFDE06864ACC07864BCC08864CCC098676
:1082F0004DCC0A864ECC0B864FCC0C8650CC0D86CE
:1083000051CC0E8652CC0F8653CC108654CC11869D
:10831000A2C4128655CC138656CC148657CC15862B
:1083200058CC1686C1DE178659CC18865ACC1986C9
:108330005BCC1A865CCC1B865DCC1C865ECC1D8615
:108340005FCC1E8660CC1F8661CC208662CC2186E5
:1083500063CC228664CC238665CC248666CC2586B5
:1083600067CC268668CC2786BEDE288669CC29861F
:10837000C0DE2A866ACC2B866BCC2C866CCC2D86F4
:108380006DCC2E866ECC2F866FCC308670CC31862D
:1083900071CC328672CC338673CC348674CC3586FD
:1083A00075CC368676CC378677CC3886BAD5398682
:1083B00078CC3A8679CC3B867ACC3C86C2DE3D8648
:1083C0007BCC3E867CCC3F867DCC40867ECC418675
:1083D00080CC428681CC438682CC448683CC458641
:1083E00084CC468685CC478686CC488687CC498611
:1083F00088CC4A8689CC4B868ACC4C868BCC4D86E1
:10840000AEF24E86A2BB4F86B2C25086B0C5518630
:10841000C7C252868CCC53868DCC5486AFF255861B
:108420008ECC56868FCC578690CC588691CC598668
:1084300092CC5A86E9D05B8693CC5C8694CC5D86E0
:1084400095CC5E86DDD35F8696CC608697CC6186C0
:1084500098CC6286BDEB638699CC64869ACC65869F
:108460009BCC66869CCC67869DCC68869ECC6986B4
:108470009FCC6A86A0CC6B86E6B36C86B0F26D8624
:1084800040CD6E86B1F26F8641CD708642CD718649
:10849000ADCA728643CD738644CD748645CD75864C
:1084A00046CD768647CD778648CD788649CD798684
:1084B000E7BA7A86B3F27B86B5F27C86B4F27D8623
:1084C000E4CB7E86BACF7F86B2F28086B4CA81863C
:1084D000CFD28286ECC283864ACD84864BCD8586F8
:1084E0004CCD86864DCD87864ECD88864FCD8986EC
:1084F00050CD8A86C3CE8B86B8F28C86F6B08D8638
:10850000B7F28E8651CD8F8652CD908653CD91860F
:1085100054CD928655CD9386BEF2948656CD9586DF
:10852000CFB2968657CD978658CD988659CD9986E5
:108530005ACD9A865BCD9B865CCD9C86C1D19D86AB
:10854000BAF29E865DCD9F865ECDA0865FCDA18668
:1085500060CDA28661CDA386BCF2A486E9D4A586AF
:1085600062CDA68663CDA786BBF2A886B6F2A986A1
:10857000BFF2AA86BDF2AB8664CDAC86B9F2AD86F9
:1085800065CDAE8666CDAF86C7F2B086C4F2B18641
:10859000C6F2B28667CDB38668CDB486CAF2B58618
:1085A000C2F2B686C0F2B78669CDB8866ACDB98602
:1085B0006BCDBA86C5F2BB866CCDBC866DCDBD8653
:1085C0006ECDBE866FCDBF8670CDC086FBD6C18610
:1085D00071CDC28672CDC38673CDC486C1F2C58605
:1085E00074CDC686F9C7C786DFC9C88675CDC9866A
:1085F000C8F2CA86C6B9CB86B0B5CC8676CDCD8654
:1086000077CDCE86C3F2CF86C9F2D086D0F2D1869E
:10861000D6F2D28678CDD38679CDD486D7BBD5860F
:108620007ACDD6867BCDD7867CCDD886D5F2D98635
:10863000DCCDDA867DCDDB86EBD6DC867ECDDD86B5
:1086400080CDDE86D2F2DF86D4F2E08681CDE1866F
:1086500082CDE28683CDE38684CDE486F2B8E586DA
:1086600085CDE68686CDE78687CDE88688CDE98606
:10867000CBF2EA8689CDEB868ACDEC868BCDED8672
:10868000CEF2EE86F9C2EF868CCDF086DDD5F1868E
:10869000CCF2F286CDF2F386CFF2F486D3F2F586F1
:1086A0008DCDF6868ECDF7868FCDF886D9F2F986F8
:1086B000BCD3FA8690CDFB8691CDFC8692CDFD860B
:1086C00093CDFE86EAB6FF8694CD0087F1CA018776
:1086D00095CD0287E4B70387D7F2048796CD058747
:1086E00097CD068798CD0787D8F20887DAF20987F1
:1086F000DDF20A87DBF20B8799CD0C879ACD0D87C7
:10870000DCF20E879BCD0F879CCD10879DCD118706
:108710009ECD1287D1D11387D1F214879FCD1587B3
:10872000C9CD1687A0CD1787CFCE1887A9D61987B0
:1087300040CE1A87E3F21B8741CE1C87DBC31D871F
:1087400042CE1E87E0F21F8743CE208744CE21878A
:10875000AFC02287ECF22387DEF2248745CE25873F
:10876000E1F2268746CE278747CE288748CE29873D
:10877000E8F22A8749CE2B874ACE2C874BCE2D870D
:108780004CCE2E87E2F22F874DCE30874ECE3187EA
:10879000E7F232874FCE338750CE3487E6F2358703
:1087A00051CE368752CE3787E9F2388753CE398794
:1087B00054CE3A8755CE3B87DFF23C8756CE3D8775
:1087C00057CE3E87E4F23F87EAF2408758CE418792
:1087D00059CE42875ACE43875BCE44875CCE4587CD
:1087E0005DCE46875ECE4787ACD34887E5F24987A2
:1087F000F5B24A875FCE4B8760CE4C87F2F24D8749
:1088000061CE4E87ABD04F8762CE508763CE518703
:1088100064CE528765CE5387F5F2548766CE55876E
:1088200067CE568768CE5787C8BB588769CE5987A9
:10883000F9F25A876ACE5B876BCE5C876CCE5D8718
:108840006DCE5E876ECE5F876FCE6087F0F26187F8
:1088500070CE628771CE6387F6F26487F8F265871F
:10886000FAF2668772CE678773CE688774CE69879F
:1088700075CE6A8776CE6B8777CE6C8778CE6D871C
:1088800079CE6E87F3F26F877ACE7087F1F27187B7
:108890007BCE72877CCE73877DCE7487FBBA75875B
:1088A0007ECE7687FBB5778780CE788781CE798735
:1088B00082CE7A8783CE7B87EFF27C87F7F27D8743
:1088C000EDF27E87EEF27F8784CE808785CE81872A
:1088D00086CE8287EBF28387A6F3848787CE85874F
:1088E000A3F3868788CE878789CE8887A2F3898776
:1088F0008ACE8A878BCE8B87F4F28C878CCE8D873D
:10890000DAC88E878DCE8F878ECE90878FCE918757
:1089100090CE928791CE9387FBF2948792CE9587E3
:1089200093CE968794CE9787A5F3988795CE99870F
:1089300096CE9A8797CE9B8798CE9C8799CE9D8717
:108940009ACE9E879BCE9F87F8C3A0879CCEA18797
:108950009DCEA2879ECEA3879FCEA487A0CEA587BB
:1089600040CFA68741CFA78742CFA887FDF2A9872E
:1089700043CFAA8744CFAB87A7F3AC87A9F3AD87D2
:10898000A4F3AE8745CFAF87FCF2B08746CFB1875F
:1089900047CFB28748CFB387ABF3B48749CFB5870A
:1089A000AAF3B6874ACFB7874BCFB8874CCFB987E2
:1089B0004DCFBA87DDC2BB874ECFBC874FCFBD87B7
:1089C000AEF3BE8750CFBF8751CFC087B0F3C1870A
:1089D00052CFC28753CFC38754CFC48755CFC587E3
:1089E00056CFC687A1F3C78757CFC88758CFC98747
:1089F00059CFCA87B1F3CB87ACF3CC875ACFCD8799
:108A00005BCFCE875CCFCF875DCFD0875ECFD1875E
:108A1000AFF3D287FEF2D387ADF3D4875FCFD5878C
:108A200060CFD68761CFD78762CFD88763CFD9870A
:108A300064CFDA8765CFDB87B2F3DC8766CFDD876B
:108A400067CFDE8768CFDF8769CFE087B4F3E18740
:108A50006ACFE2876BCFE3876CCFE4876DCFE58782
:108A6000A8F3E6876ECFE7876FCFE88770CFE987F7
:108A700071CFEA87B3F3EB8772CFEC8773CFED87C3
:108A800074CFEE87B5F3EF8775CFF08776CFF18798
:108A900077CFF28778CFF38779CFF4877ACFF587CE
:108AA0007BCFF6877CCFF7877DCFF8877ECFF9879E
:108AB000B7D0FA8780CFFB8781CFFC8782CFFD8735
:108AC00083CFFE87B8F3FF8784CF008885CF0188E6
:108AD00086CF028887CF0388F9D9048888CF058894
:108AE00089CF06888ACF07888BCF08888CCF0988E2
:108AF0008DCF0A88B9F30B888ECF0C888FCF0D8865
:108B000090CF0E8891CF0F8892CF108893CF118885
:108B100094CF128895CF1388B7F3148896CF158811
:108B2000E4C81688B6F3178897CF188898CF1988A5
:108B300099CF1A889ACF1B88BAF31C889BCF1D88BF
:108B40009CCF1E889DCF1F889ECF20889FCF2188D5
:108B5000BBF32288C0B42388A0CF248840D02588C6
:108B600041D0268842D0278843D0288844D02988FD
:108B700045D02A8846D02B8847D02C8848D02D88CD
:108B800049D02E884AD02F884BD030884CD031889D
:108B90004DD03288C3EE33884ED034884FD03588DC
:108BA00050D0368851D0378852D0388853D0398841
:108BB000BCF33A8854D03B8855D03C88BDF33D88FF
:108BC00056D03E8857D03F8858D04088AAD1418897
:108BD00059D042885AD043885BD04488ACF4458849
:108BE000C6D046885CD047885DD048885ED049882A
:108BF0005FD04A8860D04B8861D04C88D0D04D88F7
:108C0000DCD14E8862D04F8863D0508864D05188C0
:108C100065D0528866D0538867D05488CECF5588A7
:108C200068D0568869D05788D6BD58886AD0598888
:108C3000C3D15A886BD05B886CD05C886DD05D885E
:108C40006ED05E886FD05F8870D0608871D0618888
:108C5000E2BA6288E9E16388C2D26488C2F16588B9
:108C6000B9B2668872D0678873D06888EDB16988B8
:108C7000C3F16A8874D06B88C0C96C88C4B36D882E
:108C800075D06E88F2D96F8876D07088A5CB718840
:108C900077D07288C4F1738878D0748879D0758859
:108CA0007AD076887BD07788D4D678887CD079883B
:108CB0007DD07A887ED07B8880D07C8881D07D886A
:108CC000C5F17E88C0F47F88C6F1808882D0818813
:108CD000ACD48288C7F1838883D08488C0B085886B
:108CE000C1F4868884D0878885D08888C2F4898832
:108CF00086D08A8887D08B88FCB48C8888D08D8871
:108D0000DBC58E8889D08F888AD090888BD0918857
:108D10008CD09288BBCC93888DD094888ED0958847
:108D20008FD09688E4D0978890D0988891D09988F1
:108D300092D09A8893D09B8894D09C88E0CD9D88CF
:108D400095D09E8896D09F8897D0A08898D0A188EB
:108D500099D0A288C8F1A3889AD0A488F3D9A5880D
:108D60009BD0A6889CD0A7889DD0A8889ED0A98893
:108D70009FD0AA88A0D0AB88BBB1AC8840D1AD88C9
:108D8000AECFAE8841D1AF8842D1B08843D1B1884F
:108D9000A4B8B28844D1B38845D1B48846D1B58847
:108DA00047D1B68848D1B788CAF1B88849D1B988BF
:108DB0004AD1BA884BD1BB884CD1BC88CBF1BD8895
:108DC0004DD1BE884ED1BF884FD1C08850D1C18807
:108DD000C3B2C288D1C1C38851D1C48852D1C58819
:108DE000B0D7C688C9F1C78853D1C88854D1C988BB
:108DF000CCF1CA8855D1CB8856D1CC8857D1CD88F3
:108E000058D1CE88CEF1CF8859D1D0885AD1D188C7
:108E10005BD1D288F6D9D3885CD1D488E1D2D58809
:108E2000A3D4D6885DD1D7885ED1D888C3F4D98839
:108E3000B9C8DA885FD1DB8860D1DC8861D1DD8890
:108E400062D1DE8863D1DF88C4F4E08864D1E18830
:108E500065D1E288CDF1E388CFF1E488E3BFE5880E
:108E6000D0F1E68866D1E78867D1E888D4F1E9884F
:108E700068D1EA8869D1EB886AD1EC886BD1ED883A
:108E80006CD1EE886DD1EF886ED1F088D6F1F18883
:108E9000D1F1F2886FD1F388D1C9F488E1C5F588A2
:108EA00070D1F68871D1F78872D1F888E3C2F98859
:108EB000FCB9FA8873D1FB8874D1FC88D3F1FD88A2
:108EC00075D1FE88D5F1FF8876D1008977D10189E7
:108ED00078D10289D3B9038979D104897AD10589F6
:108EE0007BD106897CD107897DD108897ED109890A
:108EF00080D10A89DBF10B8981D10C8982D10D895E
:108F000083D10E8984D10F8985D11089D6BA118970
:108F100086D11289FDB01389D9F1148987D11589B9
:108F200088D1168989D117898AD118898BD1198955
:108F3000D8F11A89D2F11B89DAF11C898CD11D89EB
:108F40008DD11E898ED11F898FD1208990D1218901
:108F5000D7F1228991D1238992D1248993D125896E
:108F6000ECC8268994D1278995D1288996D1298959
:108F700097D12A89CACD2B89DDF12C8998D12D89E9
:108F800099D12E899AD12F899BD13089BDE531891C
:108F90009CD132899DD133899ED13489DCF13589C8
:108FA0009FD13689DEF13789A0D1388940D23989FD
:108FB00041D23A8942D23B8943D23C8944D23D894D
:108FC00045D23E8946D23F8947D2408948D241891D
:108FD000DFF1428949D243894AD24489E5CF4589A4
:108FE0004BD246894CD247894DD248894ED24989C5
:108FF0004FD24A8950D24B8951D24C8952D24D8995
:1090000053D24E8954D24F8955D2508956D2518964
:1090100057D2528958D2538959D254895AD2558934
:109020005BD256895CD257895DD258895ED2598904
:109030005FD25A8960D25B8961D25C8962D25D89D4
:1090400063D25E89C5F45F89F3BD608964D26189AA
:1090500065D2628966D2638967D2648968D265897C
:1090600069D26689E0F167896AD268896BD26989B9
:109070006CD26A896DD26B896ED26C896FD26D8920
:1090800070D26E8971D26F8972D2708973D27189F0
:1090900074D2728975D2738976D2748977D27589C0
:1090A00078D2768979D277897AD278897BD2798990
:1090B0007CD27A897DD27B89E1F17C897ED27D89DF
:1090C00080D27E8981D27F89F7CE808982D28189C0
:1090D000AAD2828983D28389FBF1848984D285894B
:1090E00085D28689B2B8878986D2888987D28989CC
:1090F00088D28A8989D28B898AD28C898BD28D89B0
:109100008CD28E898DD28F898ED290898FD291897F
:1091100090D2928991D2938992D2948993D295894F
:1091200094D2968995D2978996D2988997D299891F
:1091300098D29A8999D29B899AD29C899BD29D89EF
:109140009CD29E899DD29F899ED2A0899FD2A189BF
:10915000A0D2A28940D3A38941D3A48942D3A589AF
:1091600043D3A68944D3A78945D3A88946D3A989DF
:1091700047D3AA8948D3AB8949D3AC894AD3AD89AF
:109180004BD3AE894CD3AF894DD3B0894ED3B1897F
:109190004FD3B28950D3B38951D3B48952D3B5894F
:1091A00053D3B68954D3B78955D3B88956D3B9891F
:1091B00057D3BA8958D3BB8959D3BC895AD3BD89EF
:1091C0005BD3BE895CD3BF895DD3C0895ED3C189BF
:1091D000FBBCC289DBB9C3895FD3C489E6B9C58941
:1091E000D9C3C689D3CAC789E8EAC889C0C0C989B2
:1091F000F5BECA89E9EACB89EAEACC89EBEACD89EE
:1092000060D3CE89ECEACF89EDEAD089EEEAD18944
:10921000EFEAD289C7BDD38961D3D48962D3D58916
:1092200063D3D689FBF5D78964D3D88965D3D98927
:1092300066D3DA89FDF5DB8967D3DC89FEF5DD8944
:1092400068D3DE89FCF5DF8969D3E0896AD3E189D7
:109250006BD3E2896CD3E389E2BDE4896DD3E58900
:10926000A1F6E689A5B4E7896ED3E8896FD3E989C9
:1092700070D3EA8971D3EB89A2F6EC8972D3ED89B8
:1092800073D3EE8974D3EF89A3F6F08975D3F1898E
:1092900076D3F28977D3F389B2ECF48978D3F58960
:1092A00079D3F6897AD3F7897BD3F8897CD3F98986
:1092B0007DD3FA897ED3FB8980D3FC8981D3FD8954
:1092C00082D3FE8983D3FF8984D3008AD4D1018AD3
:1092D00085D3028A86D3038A87D3048A88D3058AF2
:1092E00089D3068A8AD3078AEAD9088A8BD3098A5E
:1092F0008CD30A8A8DD30B8A8ED30C8A8FD30D8A96
:1093000090D30E8A91D30F8A92D3108A93D3118A65
:1093100094D3128A95D3138A96D3148A97D3158A35
:1093200098D3168A99D3178A9AD3188A9BD3198A05
:109330009CD31A8A9DD31B8A9ED31C8A9FD31D8AD5
:10934000A0D31E8A40D41F8A41D4208A42D4218AC5
:1093500043D4228A44D4238A45D4248A46D4258AF5
:1093600047D4268A48D4278A49D4288A4AD4298AC5
:109370004BD42A8A4CD42B8A4DD42C8A4ED42D8A95
:109380004FD42E8A50D42F8A51D4308A52D4318A65
:1093900053D4328A54D4338A55D4348A56D4358A35
:1093A00057D4368A58D4378A59D4388A5AD4398A05
:1093B0005BD43A8A5CD43B8A5DD43C8A5ED43D8AD5
:1093C0005FD43E8AA4F63F8A60D4408A61D4418A41
:1093D00062D4428A63D4438A64D4448A65D4458A79
:1093E00066D4468A67D4478A68D4488ABAEE498ADE
:1093F00069D44A8A6AD44B8A6BD44C8A6CD44D8A1D
:109400006DD44E8A6ED44F8A6FD4508A70D4518AEC
:1094100071D4528A72D4538A73D4548A74D4558ABC
:1094200075D4568A76D4578A77D4588A78D4598A8C
:1094300079D45A8A7AD45B8A7BD45C8A7CD45D8A5C
:109440007DD45E8A7ED45F8A80D4608A81D4618A2A
:1094500082D4628A83D4638A84D4648A85D4658AF8
:1094600086D4668A87D4678A88D4688A89D4698AC8
:109470008AD46A8A8BD46B8A8CD46C8A8DD46D8A98
:109480008ED46E8A8FD46F8A90D4708A91D4718A68
:1094900092D4728A93D4738A94D4748A95D4758A38
:1094A00096D4768A97D4778A98D4788A99D4798A08
:1094B000B2D57A8A9AD47B8A9BD47C8A9CD47D8AC2
:1094C0009DD47E8A9ED47F8A9FD4808AA0D4818AAC
:1094D00040D5828A41D5838A42D5848A43D5858AFC
:1094E00044D5868A45D5878A46D5888A47D5898ACC
:1094F000FED38A8ADCCC8B8A48D58C8A49D58D8A62
:109500004AD58E8A4BD58F8A4CD5908A4DD5918A73
:109510004ED5928A4FD5938AC4CA948A50D5958ADB
:1095200051D5968A52D5978A53D5988A54D5998A17
:1095300055D59A8A56D59B8A57D59C8A58D59D8AE7
:1095400059D59E8A5AD59F8A5BD5A08A5CD5A18AB7
:109550005DD5A28A5ED5A38A5FD5A48A60D5A58A87
:1095600061D5A68A62D5A78A63D5A88A64D5A98A57
:1095700065D5AA8A66D5AB8A67D5AC8A68D5AD8A27
:1095800069D5AE8A6AD5AF8A6BD5B08A6CD5B18AF7
:109590006DD5B28A6ED5B38A6FD5B48A70D5B58AC7
:1095A00071D5B68A72D5B78A73D5B88A74D5B98A97
:1095B00075D5BA8A76D5BB8A77D5BC8A78D5BD8A67
:1095C00079D5BE8A7AD5BF8A7BD5C08A7CD5C18A37
:1095D0007DD5C28A7ED5C38A80D5C48A81D5C58A05
:1095E00082D5C68A83D5C78A84D5C88A85D5C98AD3
:1095F00086D5CA8A87D5CB8A88D5CC8A89D5CD8AA3
:109600008AD5CE8A8BD5CF8A8CD5D08A8DD5D18A72
:109610008ED5D28A8FD5D38A90D5D48A91D5D58A42
:1096200092D5D68A93D5D78A94D5D88A95D5D98A12
:1096300096D5DA8A97D5DB8A98D5DC8A99D5DD8AE2
:109640009AD5DE8A9BD5DF8A9CD5E08A9DD5E18AB2
:109650009ED5E28A9FD5E38AA0D5E48A40D6E58AE2
:1096600041D6E68A42D6E78A43D6E88A44D6E98AD2
:1096700045D6EA8A46D6EB8A47D6EC8A48D6ED8AA2
:1096800049D6EE8A4AD6EF8A4BD6F08A4CD6F18A72
:109690004DD6F28A4ED6F38A4FD6F48A50D6F58A42
:1096A00051D6F68A52D6F78A53D6F88A54D6F98A12
:1096B00055D6FA8A56D6FB8A57D6FC8A58D6FD8AE2
:1096C00059D6FE8A5AD6FF8A5BD6008B5CD6018BB0
:1096D0005DD6028B5ED6038B5FD6048B60D6058B7E
:1096E00061D6068B62D6078BC0E5088B63D6098BE3
:1096F00064D60A8B65D60B8B66D60C8B67D60D8B22
:1097000068D60E8B69D60F8B6AD6108B6BD6118BF1
:109710006CD6128B6DD6138B6ED6148B6FD6158BC1
:1097200070D6168B71D6178B72D6188B73D6198B91
:1097300074D61A8B75D61B8B76D61C8B77D61D8B61
:1097400078D61E8B79D61F8B7AD6208B7BD6218B31
:109750007CD6228B7DD6238B7ED6248B80D6258B00
:1097600081D6268BA5F6278B82D6288B83D6298B8C
:1097700084D62A8B85D62B8B86D62C8B87D62D8BA1
:1097800088D62E8B89D62F8B8AD6308B8BD6318B71
:109790008CD6328B8DD6338B8ED6348B8FD6358B41
:1097A00090D6368B91D6378B92D6388B93D6398B11
:1097B00094D63A8B95D63B8B96D63C8B97D63D8BE1
:1097C00098D63E8B99D63F8B9AD6408B9BD6418BB1
:1097D0009CD6428B9DD6438B9ED6448B9FD6458B81
:1097E000A0D6468B40D7478B41D7488B42D7498B71
:1097F00043D74A8B44D74B8B45D74C8B46D74D8BA1
:1098000047D74E8B48D74F8B49D7508B4AD7518B70
:109810004BD7528B4CD7538B4DD7548B4ED7558B40
:109820004FD7568B50D7578B51D7588B52D7598B10
:1098300053D75A8B54D75B8B55D75C8B56D75D8BE0
:1098400057D75E8B58D75F8B59D7608B5AD7618BB0
:109850005BD7628B5CD7638B5DD7648B5ED7658B80
:109860005FD7668BAFBE678B60D7688B61D7698B1C
:1098700062D76A8B63D76B8B64D76C8BA9C66D8BF1
:1098800065D76E8B66D76F8B67D7708B68D7718BF8
:1098900069D7728B6AD7738B6BD7748B6CD7758BC8
:1098A0006DD7768B6ED7778B6FD7788B70D7798B98
:1098B00071D77A8B72D77B8B73D77C8B74D77D8B68
:1098C00075D77E8B76D77F8B77D7808B78D7818B38
:1098D00079D7828B7AD7838B7BD7848B7CD7858B08
:1098E0007DD7868B7ED7878B80D7888B81D7898BD6
:1098F00082D78A8B83D78B8B84D78C8B85D78D8BA4
:1099000086D78E8B87D78F8B88D7908B89D7918B73
:109910008AD7928B8BD7938B8CD7948B8DD7958B43
:109920008ED7968B8FD7978B90D7988B91D7998B13
:1099300092D79A8B93D79B8B94D79C8B95D79D8BE3
:1099400096D79E8B97D79F8B98D7A08BA5DAA18BA4
:10995000C6BCA28BA9B6A38BBCB8A48BCFC8A58B61
:10996000A5BCA68BA6DAA78BA7DAA88BD6CCA98B29
:10997000C3C8AA8BA8DAAB8BFDC6AC8B99D7AD8BCD
:10998000B5D1AE8BE9D2AF8BB6D1B08BC7BCB18BA2
:109990009AD7B28BB2BDB38BE4BBB48BA9DAB58BCB
:1099A000AADAB68BC8D1B78BABDAB88BEDD0B98B4E
:1099B000EFB6BA8BDBC2BB8B9BD7BC8BCFCBBD8B3F
:1099C000EDB7BE8BE8C9BF8BC3B7C08BF7BEC18BE9
:1099D000A4D6C28BACDAC38BADDAC48BC0C6C58B40
:1099E000E7D7C68BB6CAC78B9CD7C88BA9D5C98BFE
:1099F000DFCBCA8BEFD5CB8BAEDACC8BDFD6CD8B62
:109A0000CAB4CE8BB0DACF8BAFDAD08B9DD7D18BE7
:109A1000EBD2D28BB1DAD38BB2DAD48BB3DAD58B6B
:109A2000D4CAD68BB4DAD78BABCAD88BB5DAD98B7C
:109A3000B6DADA8BCFB3DB8BEFD6DC8BB7DADD8B24
:109A4000B0BBDE8BAEB5DF8BB8DAE08BB9DAE18B79
:109A5000EEB9E28BAFD1E38BE8D2E48BBADAE58BD7
:109A6000C3B8E68BEACFE78BEFB2E88BBBDAE98BC2
:109A7000BCDAEA8B9ED7EB8BEBBDEC8BDCCEED8BAF
:109A8000EFD3EE8BBDDAEF8BF3CEF08BBEDAF18B3A
:109A9000D5D3F28BE5BBF38BBFDAF48BB5CBF58B6B
:109AA000D0CBF68BC0DAF78BEBC7F88BEED6F98B01
:109AB000C1DAFA8BB5C5FB8BC1B6FC8BC2DAFD8B64
:109AC000CCB7FE8BCEBFFF8BC3DA008CC4DA018C1F
:109AD000ADCB028CC5DA038CF7B5048CC6DA058CE5
:109AE000C2C1068CBBD7078CC7DA088CB8CC098CEE
:109AF0009FD70A8CEAD20B8CB1C40C8CC8DA0D8CBF
:109B0000FDB50E8CD1BB0F8CC9DA108CB3D0118C83
:109B1000CADA128CCBDA138CBDCE148CCCDA158C4D
:109B2000CDDA168CCEDA178CF7B2188CD1DA198C04
:109B3000CFDA1A8CE8D11B8CD0DA1C8CD5C31D8CE3
:109B4000D2DA1E8CA0D71F8CD3DA208CD4DA218CE9
:109B5000D5DA228CBBD0238CA5D2248CF9B0258CED
:109B6000D6DA268CABC7278CD7DA288CF7BD298CA0
:109B7000A1C32A8CD8DA2B8CD9DA2C8CFDC32D8C7E
:109B8000B7CC2E8CDADA2F8CDBDA308CBEC0318C7D
:109B9000D7C6328CDCDA338CDDDA348CB4C7358C42
:109BA000DEDA368CDFDA378CC8B9388C40D8398C9D
:109BB00041D83A8C42D83B8C43D83C8C44D83D8C1D
:109BC00045D83E8C46D83F8C47D8408C48D8418CED
:109BD000EDBB428C49D8438C4AD8448C4BD8458C39
:109BE0004CD8468CB9B6478CF8F4488C4DD8498C83
:109BF000F9F44A8C4ED84B8C4FD84C8CE3CD4D8C1D
:109C000050D84E8C51D84F8C52D8508C53D8518C40
:109C100054D8528C55D8538C56D8548C57D8558C10
:109C2000B9F5568C58D8578C59D8588C5AD8598C65
:109C30005BD85A8CE0EB5B8C5CD85C8C5DD85D8C1F
:109C40005ED85E8C5FD85F8C60D8608C61D8618C88
:109C5000F3CF628CBFBB638C62D8648C63D8658C95
:109C600064D8668C65D8678C66D8688C67D8698C30
:109C700068D86A8CC0BA6B8CA5D46C8C69D86D8C92
:109C80006AD86E8C6BD86F8C6CD8708C6DD8718CD8
:109C90006ED8728C6FD8738CD9E1748C70D8758C37
:109CA00071D8768C72D8778C73D8788CF4F5798CDF
:109CB000AAB17A8CF2B27B8C74D87C8C75D87D8CEE
:109CC00076D87E8C77D87F8C78D8808C79D8818C28
:109CD0007AD8828CF5F5838C7BD8848C7CD8858C63
:109CE000F7F5868C7DD8878C7ED8888C80D8898C37
:109CF000D1BA8A8CF6F58B8C81D88C8CB2C38D8CC2
:109D000082D88E8C83D88F8C84D8908C85D8918C77
:109D100086D8928C87D8938C88D8948CF9F5958CBA
:109D200089D8968C8AD8978C8BD8988CF8F5998C92
:109D30008CD89A8C8DD89B8C8ED89C8C8FD89D8CEF
:109D400090D89E8C91D89F8C92D8A08C93D8A18CBF
:109D500094D8A28C95D8A38C96D8A48C97D8A58C8F
:109D600098D8A68C99D8A78C9AD8A88C9BD8A98C5F
:109D70009CD8AA8C9DD8AB8C9ED8AC8C9FD8AD8C2F
:109D8000A0D8AE8C40D9AF8C41D9B08C42D9B18C1F
:109D900043D9B28C44D9B38C45D9B48C46D9B58C4F
:109DA00047D9B68C48D9B78C49D9B88C4AD9B98C1F
:109DB0004BD9BA8C4CD9BB8C4DD9BC8C4ED9BD8CEF
:109DC0004FD9BE8C50D9BF8C51D9C08C52D9C18CBF
:109DD00053D9C28C54D9C38C55D9C48C56D9C58C8F
:109DE00057D9C68C58D9C78C59D9C88C5AD9C98C5F
:109DF0005BD9CA8C5CD9CB8C5DD9CC8C5ED9CD8C2F
:109E00005FD9CE8C60D9CF8C61D9D08C62D9D18CFE
:109E100063D9D28C64D9D38C65D9D48C66D9D58CCE
:109E200067D9D68C68D9D78C69D9D88C6AD9D98C9E
:109E30006BD9DA8C6CD9DB8C6DD9DC8C6ED9DD8C6E
:109E40006FD9DE8C70D9DF8C71D9E08C72D9E18C3E
:109E500073D9E28C74D9E38C75D9E48C76D9E58C0E
:109E600077D9E68C78D9E78C79D9E88C7AD9E98CDE
:109E70007BD9EA8C7CD9EB8C7DD9EC8C7ED9ED8CAE
:109E800080D9EE8C81D9EF8C82D9F08C83D9F18C7A
:109E900084D9F28C85D9F38C86D9F48C87D9F58C4A
:109EA00088D9F68C89D9F78C8AD9F88C8BD9F98C1A
:109EB0008CD9FA8C8DD9FB8C8ED9FC8C8FD9FD8CEA
:109EC00090D9FE8C91D9FF8C92D9008D93D9018DB8
:109ED00094D9028D95D9038D96D9048D97D9058D86
:109EE00098D9068D99D9078D9AD9088D9BD9098D56
:109EF0009CD90A8D9DD90B8D9ED90C8D9FD90D8D26
:109F0000A0D90E8D40DA0F8D41DA108D42DA118D15
:109F100043DA128D44DA138D45DA148D46DA158D45
:109F200047DA168D48DA178D49DA188D4ADA198D15
:109F30004BDA1A8D4CDA1B8D4DDA1C8D4EDA1D8DE5
:109F4000B4B11E8DEAD51F8DBAB8208D4FDA218DA0
:109F5000B1B9228DC6B2238DF0D4248DCDCF258DFD
:109F6000DCB0268DCBD5278DF5BB288DCAD6298DA3
:109F7000B7B72A8DB0CC2B8DB6C62C8DE1B12D8D07
:109F8000BAB92E8DFCD62F8DE1B9308DA1B7318DA8
:109F9000FABC328DDAEA338DDBEA348DF9CC358DBB
:109FA000F3B9368DDCEA378DFBB4388DB3C3398D08
:109FB000D1B73A8DD8BA3B8DDDEA3C8DF4D43D8DD6
:109FC000DEEA3E8DD6BC3F8DDFBB408DDFEA418DA2
:109FD000DEC1428DB8C2438DDFD4448DCAD7458DD2
:109FE000E0EA468DE1EA478DE4EA488DE2EA498DF0
:109FF000E3EA4A8DDEC94B8DB3B84C8DC4B64D8DA6
:10A00000E5EA4E8DEACA4F8DCDC9508DCDB4518D44
:10A0100050DA528D51DA538DD9E2548DE2C5558D07
:10A02000E6EA568DB5C0578D52DA588DB8D7598D9E
:10A03000E7EA5A8DACD75B8DFCC85C8DD3D85D8DBB
:10A04000CDD85E8DDED45F8D53DA608DF9D4618D0D
:10A05000C4C9628DAED3638DD3B8648DE0B3658D12
:10A0600054DA668DE2C9678DF6F4688D55DA698D2C
:10A0700056DA6A8D57DA6B8DD5BA6C8D58DA6D8DDC
:10A08000F7F46E8D59DA6F8D5ADA708DDFD7718DD6
:10A090005BDA728D5CDA738DF1F4748DB0B8758D06
:10A0A000D4D5768DCFB8778DF0C6788D5DDA798D81
:10A0B0005EDA7A8D5FDA7B8D60DA7C8D61DA7D8D98
:10A0C00062DA7E8D63DA7F8D64DA808D65DA818D68
:10A0D000C3B3828D66DA838D67DA848DF2F4858D61
:10A0E000ACB3868D68DA878D69DA888D6ADA898DF6
:10A0F0006BDA8A8DBDD48B8DF7C78C8D6CDA8D8D24
:10A100006DDA8E8D6EDA8F8D6FDA908D70DA918DBB
:10A11000F4F4928D71DA938D72DA948DF3F4958D57
:10A1200073DA968D74DA978D75DA988D76DA998D63
:10A1300077DA9A8D78DA9B8D79DA9C8D7ADA9D8D33
:10A140007BDA9E8D7CDA9F8DCBCCA08D7DDAA18DC4
:10A150007EDAA28D80DAA38DA4C8A48D81DAA58DC4
:10A1600082DAA68D83DAA78D84DAA88D85DAA98DA7
:10A1700086DAAA8D87DAAB8D88DAAC8D89DAAD8D77
:10A180008ADAAE8D8BDAAF8D8CDAB08D8DDAB18D47
:10A19000F5F4B28D8EDAB38DE3D7B48DBFC5B58D2E
:10A1A000C0F5B68D8FDAB78D90DAB88DBBF5B98D65
:10A1B00091DABA8DC3F5BB8D92DABC8DC2F5BD8D37
:10A1C00093DABE8DBAD6BF8DC1F5C08D94DAC18D3C
:10A1D00095DAC28D96DAC38DBED4C48DC4F5C58D13
:10A1E00097DAC68DCCF5C78D98DAC88D99DAC98D06
:10A1F0009ADACA8D9BDACB8DCFB0CC8DF8B5CD8DE8
:10A200009CDACE8DC9F5CF8DCAF5D08D9DDAD18D72
:10A21000DCC5D28D9EDAD38D9FDAD48DA0DAD58DB0
:10A2200040DBD68DC5F5D78DC6F5D88D41DBD98DF0
:10A2300042DBDA8DC7F5DB8DCBF5DC8D43DBDD8DC5
:10A24000E0BEDE8DC8F5DF8DFAB8E08D44DBE18D30
:10A2500045DBE28D46DBE38DD0F5E48DD3F5E58D6E
:10A2600047DBE68D48DBE78D49DBE88DE7BFE98D0D
:10A270004ADBEA8DF2B9EB8DBCF5EC8DCDF5ED8DB9
:10A280004BDBEE8D4CDBEF8DB7C2F08D4DDBF18DEE
:10A290004EDBF28D4FDBF38DF8CCF48D50DBF58D7A
:10A2A000F9BCF68D51DBF78DCEF5F88DCFF5F98D34
:10A2B000D1F5FA8DE5B6FB8DD2F5FC8D52DBFD8D27
:10A2C000D5F5FE8D53DBFF8D54DB008E55DB018E03
:10A2D00056DB028E57DB038E58DB048E59DB058E6E
:10A2E000BDF5068E5ADB078E5BDB088E5CDB098EC4
:10A2F000D4F50A8EBBD30B8E5DDB0C8EECB30D8ECA
:10A300005EDB0E8E5FDB0F8EA4CC108E60DB118EB9
:10A3100061DB128E62DB138E63DB148ED6F5158E35
:10A3200064DB168E65DB178E66DB188E67DB198E95
:10A3300068DB1A8E69DB1B8E6ADB1C8E6BDB1D8E65
:10A34000D7F51E8EE1BE1F8ED8F5208E6CDB218ED8
:10A350006DDB228EDFCC238EDBF5248E6EDB258E2B
:10A360006FDB268E70DB278E71DB288E72DB298EE9
:10A37000C8B22A8ED9D72B8E73DB2C8ED9F52D8EB1
:10A3800074DB2E8EDAF52F8EDCF5308E75DB318E98
:10A39000E2F5328E76DB338E77DB348E78DB358EEA
:10A3A000E0F5368E79DB378E7ADB388E7BDB398EC3
:10A3B000DFF53A8EDDF53B8E7CDB3C8E7DDB3D8E22
:10A3C000E1F53E8E7EDB3F8E80DB408EDEF5418EFA
:10A3D000E4F5428EE5F5438E81DB448EE3CC458E79
:10A3E00082DB468E83DB478EBFE5488EB8B5498E4B
:10A3F000E3F54A8EE8F54B8EA3CC4C8E84DB4D8E74
:10A4000085DB4E8E86DB4F8E87DB508E88DB518E50
:10A41000E6F5528EE7F5538E89DB548E8ADB558E36
:10A420008BDB568E8CDB578E8DDB588E8EDB598EF8
:10A43000BEF55A8E8FDB5B8E90DB5C8E91DB5D8E82
:10A4400092DB5E8E93DB5F8E94DB608E95DB618E9C
:10A4500096DB628E97DB638E98DB648E99DB658E6C
:10A460009ADB668EC4B1678E9BDB688E9CDB698E3F
:10A47000BFF56A8E9DDB6B8E9EDB6C8EC5B56D8ED7
:10A48000E4B26E8E9FDB6F8EECF5708EE9F5718E07
:10A49000A0DB728ED7B6738E40DC748EEDF5758EB0
:10A4A00041DC768EEAF5778E42DC788E43DC798E5D
:10A4B00044DC7A8E45DC7B8E46DC7C8EEBF57D8E33
:10A4C00047DC7E8E48DC7F8EDAB4808E49DC818E5C
:10A4D000EAD4828E4ADC838E4BDC848E4CDC858E03
:10A4E000EEF5868E4DDC878EF9B3888E4EDC898E34
:10A4F0004FDC8A8E50DC8B8E51DC8C8E52DC8D8E44
:10A5000053DC8E8E54DC8F8EEFF5908EF1F5918EAC
:10A5100055DC928E56DC938E57DC948EF0F5958E3A
:10A5200058DC968E59DC978E5ADC988E5BDC998EBF
:10A530005CDC9A8E5DDC9B8E5EDC9C8EF2F59D8EE3
:10A540005FDC9E8EF3F59F8E60DCA08E61DCA18EB9
:10A5500062DCA28E63DCA38E64DCA48E65DCA58E37
:10A5600066DCA68E67DCA78E68DCA88E69DCA98E07
:10A570006ADCAA8E6BDCAB8EEDC9AC8EAAB9AD8E4F
:10A580006CDCAE8E6DDCAF8EFBC7B08E6EDCB18E38
:10A590006FDCB28EE3B6B38E70DCB48E71DCB58E38
:10A5A00072DCB68E73DCB78E74DCB88E75DCB98E57
:10A5B00076DCBA8EC9CCBB8E77DCBC8E78DCBD8EE7
:10A5C00079DCBE8E7ADCBF8E7BDCC08E7CDCC18EFB
:10A5D0007DDCC28E7EDCC38E80DCC48E81DCC58EC9
:10A5E00082DCC68E83DCC78E84DCC88E85DCC98E97
:10A5F00086DCCA8E87DCCB8E88DCCC8E89DCCD8E67
:10A600008ADCCE8EA6EACF8E8BDCD08E8CDCD18E0F
:10A610008DDCD28E8EDCD38E8FDCD48E90DCD58E0A
:10A6200091DCD68E92DCD78E93DCD88E94DCD98EDA
:10A6300095DCDA8E96DCDB8E97DCDC8E98DCDD8EAA
:10A6400099DCDE8E9ADCDF8E9BDCE08E9CDCE18E7A
:10A650009DDCE28E9EDCE38E9FDCE48EA0DCE58E4A
:10A6600040DDE68E41DDE78E42DDE88E43DDE98E9A
:10A6700044DDEA8E45DDEB8E46DDEC8E47DDED8E6A
:10A6800048DDEE8E49DDEF8E4ADDF08E4BDDF18E3A
:10A690004CDDF28E4DDDF38E4EDDF48E4FDDF58E0A
:10A6A00050DDF68E51DDF78E52DDF88E53DDF98EDA
:10A6B00054DDFA8E55DDFB8E56DDFC8E57DDFD8EAA
:10A6C00058DDFE8E59DDFF8E5ADD008F5BDD018F78
:10A6D0005CDD028F5DDD038F5EDD048F5FDD058F46
:10A6E00060DD068F61DD078F62DD088F63DD098F16
:10A6F00064DD0A8F65DD0B8F66DD0C8F67DD0D8FE6
:10A7000068DD0E8F69DD0F8F6ADD108F6BDD118FB5
:10A710006CDD128F6DDD138F6EDD148F6FDD158F85
:10A7200070DD168F71DD178F72DD188F73DD198F55
:10A7300074DD1A8F75DD1B8F76DD1C8F77DD1D8F25
:10A7400078DD1E8F79DD1F8F7ADD208F7BDD218FF5
:10A750007CDD228F7DDD238F7EDD248F80DD258FC4
:10A7600081DD268F82DD278F83DD288F84DD298F91
:10A7700085DD2A8F86DD2B8F87DD2C8F88DD2D8F61
:10A7800089DD2E8F8ADD2F8F8BDD308F8CDD318F31
:10A790008DDD328F8EDD338F8FDD348F90DD358F01
:10A7A00091DD368F92DD378F93DD388F94DD398FD1
:10A7B00095DD3A8F96DD3B8F97DD3C8F98DD3D8FA1
:10A7C00099DD3E8F9ADD3F8F9BDD408F9CDD418F71
:10A7D0009DDD428F9EDD438F9FDD448FA0DD458F41
:10A7E00040DE468F41DE478F42DE488F43DE498F91
:10A7F00044DE4A8F45DE4B8F46DE4C8F47DE4D8F61
:10A8000048DE4E8F49DE4F8F4ADE508F4BDE518F30
:10A810004CDE528F4DDE538F4EDE548F4FDE558F00
:10A8200050DE568F51DE578F52DE588F53DE598FD0
:10A8300054DE5A8F55DE5B8F56DE5C8F57DE5D8FA0
:10A8400058DE5E8F59DE5F8F5ADE608F5BDE618F70
:10A850005CDE628F5DDE638F5EDE648F5FDE658F40
:10A8600060DE668FB5B3678FFED4688FECB9698FF1
:10A87000F9D06A8F61DE6B8FEDE96C8FAAD76D8F8F
:10A88000EEE96E8FD6C26F8FEDC8708FE4BA718F0C
:10A89000EFE9728FF0E9738FF1E9748FE1D6758F6C
:10A8A000F2E9768FF3E9778FF5E9788FF4E9798F1C
:10A8B000F6E97A8FF7E97B8FE1C77C8FF8E97D8F26
:10A8C000D8D47E8FF9E97F8FCEBD808F62DE818FF5
:10A8D000FAE9828FFBE9838FCFBD848FFCE9858FF6
:10A8E000A8B8868FBEC1878FFDE9888FB2B1898FE6
:10A8F000D4BB8A8FF5B98B8FFEE98C8F63DE8D8F89
:10A90000A1EA8E8FA2EA8F8FA3EA908FF8B7918F7A
:10A91000ADBC928F64DE938FE4CA948FCEE0958FA6
:10A92000AFD4968FBDCF978FB7D5988FA4EA998F64
:10A93000DED59A8FA5EA9B8FC1D09C8FBCB99D8F25
:10A9400065DE9E8FC7B49F8FD9B1A08F66DEA18FC1
:10A9500067DEA28F68DEA38FB1C0A48F69DEA58FEA
:10A960006ADEA68F6BDEA78F6CDEA88FE6B1A98F9B
:10A97000E7B1AA8F6DDEAB8FE8B1AC8F6EDEAD8F25
:10A980006FDEAE8F70DEAF8F71DEB08FBDB3B18F73
:10A99000E8C8B28F72DEB38F73DEB48F74DEB58F0A
:10A9A00075DEB68FC1E5B78F76DEB88F77DEB98FEB
:10A9B000DFB1BA8F78DEBB8F79DEBC8F7ADEBD8FD8
:10A9C000C9C1BE8FEFB4BF8F7BDEC08F7CDEC18F6D
:10A9D000A8C7C28FD8D3C38F7DDEC48FF9C6C58FF9
:10A9E000B8D1C68F7EDEC78FFDB9C88FF5C2C98FBB
:10A9F00080DECA8F81DECB8F82DECC8F83DECD8F6F
:10AA000084DECE8FADD3CF8F85DED08FCBD4D18FE8
:10AA1000FCBDD28F86DED38FC2E5D48FB5B7D58F7C
:10AA2000C3E5D68F87DED78F88DED88FB9BBD98FA5
:10AA3000E2D5DA8F89DEDB8FF8BDDC8FB6D4DD8F0F
:10AA4000A5CEDE8FACC1DF8FD9B3E08F8ADEE18F78
:10AA50008BDEE28FF6CCE38F8CDEE48FC6E5E58FEC
:10AA6000C4E5E68FC8E5E78F8DDEE88FCAE5E98F9C
:10AA7000C7E5EA8FCFB5EB8FC8C6EC8F8EDEED8FC2
:10AA8000FCB5EE8FC5E5EF8F8FDEF08FF6CAF18F44
:10AA900090DEF28F91DEF38FC9E5F48F92DEF58FB1
:10AAA00093DEF68F94DEF78FD4C3F88FC5B1F98F9C
:10AAB000A3BCFA8F95DEFB8F96DEFC8F97DEFD8FB1
:10AAC000B7D7FE8F98DEFF8F99DE0090CBCD019037
:10AAD000CDCB0290CACA0390D3CC0490CCE50590AC
:10AAE000CBE50690E6C407909ADE08909BDE0990BD
:10AAF000A1D10A90B7D10B90CDE50C909CDE0D90C2
:10AB0000D0E50E909DDE0F90B8CD1090F0D611904C
:10AB1000CFE51290DDB513909EDE1490BECD15905A
:10AB20009FDE1690D1E51790BAB61890A0DE199066
:10AB300040DF1A90A8CD1B90E4B91C9041DF1D9016
:10AB4000C5CA1E90D1B31F90D9CB2090ECD42190D0
:10AB5000D2E52290EAB7239042DF249043DF25908C
:10AB600044DF2690CEE5279045DF289046DF2990E8
:10AB700047DF2A9048DF2B9049DF2C904ADF2D9049
:10AB8000D5E52E90FEB42F90D6E530904BDF319076
:10AB90004CDF32904DDF33904EDF34904FDF3590F5
:10ABA000D3E53690D4E5379050DF3890DDD2399038
:10ABB00051DF3A9052DF3B90DFC23C90C6B13D90EE
:10ABC00053DF3E90E2D33F9054DF409055DF4190F9
:10ABD000DDB64290ECCB439056DF4490D7E54590EC
:10ABE00057DF469058DF4790F6D3489059DF499099
:10ABF0005ADF4A905BDF4B905CDF4C905DDF4D90FD
:10AC0000E9B14E905EDF4F90F4B65090DAE5519086
:10AC1000D8E55290D9E55390C0B554905FDF559078
:10AC200060DF569061DF5790C5D25890DCE55990AF
:10AC300062DF5A9063DF5B90DEE55C9064DF5D90DD
:10AC400065DF5E9066DF5F9067DF609068DF619030
:10AC500069DF6290DDE56390B2C764906ADF65905A
:10AC6000A3D266906BDF67906CDF6890DBE569903C
:10AC70006DDF6A906EDF6B906FDF6C9070DF6D90B0
:10AC8000E2D46E90DAD56F9071DF709072DF7190C0
:10AC900073DF729074DF739075DF7490E0E57590E8
:10ACA000F1D7769076DF779077DF789078DF7990BC
:10ACB00079DF7A907ADF7B907BDF7C907CDF7D9000
:10ACC000E1E57E907DDF7F90DCB18090FBD18190CB
:10ACD0007EDF8290E2E58390E4E5849080DF8590DA
:10ACE00081DF869082DF879083DF8890E3E589901B
:10ACF00084DF8A9085DF8B90E5E58C9086DF8D90F0
:10AD000087DF8E9088DF8F9089DF90908ADF919027
:10AD1000D8D292908BDF9390CBB594908CDF9590A6
:10AD2000DFE796908DDF9790F5DA98908EDF999017
:10AD3000F8DA9A908FDF9B90F6DA9C9090DF9D90E6
:10AD4000F7DA9E9091DF9F9092DFA09093DFA19021
:10AD5000FADAA290CFD0A390C7C4A49094DFA590B4
:10AD600095DFA690EEB0A79096DFA89097DFA99008
:10AD700098DFAA90B0D0AB9099DFAC90F9DAAD90A3
:10AD80009ADFAE90CAD3AF90AABAB090A2DBB190CE
:10AD9000F1C7B2909BDFB390FCDAB490FBDAB590C8
:10ADA000DBC9B690FDDAB7909CDFB890A1DBB99013
:10ADB000DED7BA90FEDABB90DAC1BC909DDFBD90C1
:10ADC0009EDFBE90A5DBBF909FDFC090A0DFC1904B
:10ADD000F4D3C29040E0C39041E0C490A7DBC5909B
:10ADE000A4DBC69042E0C790A8DBC89043E0C990BE
:10ADF00044E0CA90BCBDCB9045E0CC9046E0CD90FD
:10AE000047E0CE90C9C0CF90A3DBD090A6DBD19015
:10AE1000A3D6D29048E0D390A9DBD49049E0D59056
:10AE20004AE0D6904BE0D790ADDBD8904CE0D9907B
:10AE30004DE0DA904EE0DB90AEDBDC90ACDBDD90F9
:10AE4000C2BADE904FE0DF9050E0E09051E0E19038
:10AE5000A4BFE290ABDBE39052E0E49053E0E590D6
:10AE600054E0E690AADBE790C7D4E890BFB2E9903F
:10AE700055E0EA9056E0EB90AFDBEC9057E0ED90B8
:10AE8000F9B9EE9058E0EF90B0DBF09059E0F19016
:10AE90005AE0F2905BE0F3905CE0F490BBB3F59085
:10AEA0005DE0F6905EE0F7905FE0F890A6B5F9906F
:10AEB00060E0FA9061E0FB9062E0FC9063E0FD905E
:10AEC000BCB6FE90B1DBFF9064E0009165E00191BB
:10AED00066E00291F5B6039167E00491B2DB05915B
:10AEE00068E0069169E007916AE008916BE00991DA
:10AEF0006CE00A916DE00B916EE00C916FE00D91AA
:10AF000070E00E9171E00F9172E0109173E0119179
:10AF100074E0129175E0139176E0149177E0159149
:10AF200078E0169179E017917AE018917BE0199119
:10AF3000C9B11A917CE01B917DE01C917EE01D91CE
:10AF400080E01E91B4DB1F9181E0209182E021918D
:10AF500083E02291B3DB2391B5DB249184E025913A
:10AF600085E0269186E0279187E0289188E0299165
:10AF700089E02A918AE02B918BE02C918CE02D9135
:10AF80008DE02E918EE02F91B7DB30918FE03191E3
:10AF9000B6DB329190E0339191E0349192E03591BB
:10AFA00093E0369194E0379195E0389196E03991AD
:10AFB000B8DB3A9197E03B9198E03C9199E03D9164
:10AFC0009AE03E919BE03F919CE040919DE0419151
:10AFD0009EE042919FE04391B9DB4491A0E045910E
:10AFE00040E14691BADB479141E1489142E1499104
:10AFF000CFD34A91FAF44B91F5C74C91C3D74D91F9
:10B00000E4C54E91FCF44F91FDF45091FBF4519145
:10B0100043E15291C6BE539144E1549145E15591AB
:10B0200046E1569147E15791EFD0589148E1599147
:10B0300049E15A91D3B75B914AE15C914BE15D9153
:10B04000CDD45E91AACC5F914CE160914DE16191CC
:10B05000A2F56291A1F56391A8BA6491FEF465919D
:10B06000D6CB66914EE167914FE1689150E16991CD
:10B07000A4F56A91D2C06B9151E16C91EAB36D91E4
:10B0800052E16E91AACD6F91A5F57091A3F57191E2
:10B09000B4BD7291A8F5739153E17491A9F57591BE
:10B0A000CDBD7691B8C37791E1BF7891E1CB79912D
:10B0B000AAF57A9154E17B9155E17C9156E17D911D
:10B0C000A6F57E91A7F57F91F0C4809157E181911B
:10B0D00058E1829159E183915AE184915BE1859134
:10B0E000ACF586915CE18791BCB488915DE1899172
:10B0F000EDD78A915EE18B91D7B48C91ABF58D91B0
:10B10000AEF58E915FE18F9160E19091ADF59191F7
:10B11000AFF59291D1D0939161E1949162E19591D3
:10B1200063E1969164E1979165E1989166E1999167
:10B1300067E19A91D1C39B91A9C89C9168E19D91C7
:10B1400069E19E916AE19F916BE1A0916CE1A1910F
:10B150006DE1A291B0F5A391B1F5A4916EE1A59135
:10B160006FE1A69170E1A79171E1A89172E1A991B7
:10B1700073E1AA91B2F5AB9174E1AC9175E1AD9137
:10B18000B3F5AE91B4F5AF91B5F5B09176E1B1916B
:10B1900077E1B29178E1B39179E1B491B7F5B591E6
:10B1A000B6F5B6917AE1B7917BE1B8917CE1B991BE
:10B1B0007DE1BA91B8F5BB917EE1BC9180E1BD9192
:10B1C00081E1BE9182E1BF9183E1C09184E1C191AF
:10B1D00085E1C29186E1C39187E1C49188E1C5917F
:10B1E00089E1C6918AE1C791C9B2C8918BE1C99141
:10B1F000D4D3CA91CDCACB918CE1CC91EFC0CD9183
:10B20000D8D6CE91B0D2CF91BFC1D0918DE1D1919E
:10B21000F0BDD2918EE1D3918FE1D49190E1D5919F
:10B2200091E1D69192E1D79193E1D89194E1D991AE
:10B2300095E1DA9196E1DB9197E1DC91AAB8DD9195
:10B2400098E1DE9199E1DF919AE1E0919BE1E19152
:10B250009CE1E2919DE1E3919EE1E4919FE1E59122
:10B26000A0E1E69140E2E79141E2E89142E2E99112
:10B2700043E2EA9144E2EB9145E2EC9146E2ED9142
:10B2800047E2EE9148E2EF9149E2F0914AE2F19112
:10B290004BE2F2914CE2F3914DE2F4914EE2F591E2
:10B2A0004FE2F69150E2F79151E2F89152E2F991B2
:10B2B00053E2FA9154E2FB9155E2FC9156E2FD9182
:10B2C00057E2FE9158E2FF9159E200925AE2019250
:10B2D0005BE202925CE203925DE204925EE205921E
:10B2E0005FE2069260E2079261E2089262E20992EE
:10B2F00063E20A9264E20B9265E20C9266E20D92BE
:10B3000067E20E9268E20F9269E210926AE211928D
:10B310006BE212926CE213926DE214926EE215925D
:10B320006FE2169270E2179271E2189272E219922D
:10B3300073E21A9274E21B9275E21C9276E21D92FD
:10B3400077E21E9278E21F9279E220927AE22192CD
:10B350007BE222927CE223927DE224927EE225929D
:10B3600080E2269281E2279282E2289283E2299269
:10B3700084E22A9285E22B9286E22C9287E22D9239
:10B3800088E22E9289E22F928AE230928BE2319209
:10B390008CE232928DE233928EE234928FE23592D9
:10B3A00090E2369291E2379292E2389293E23992A9
:10B3B00094E23A9295E23B9296E23C9297E23D9279
:10B3C00098E23E9299E23F929AE240929BE2419249
:10B3D0009CE242929DE243929EE244929FE2459219
:10B3E000A0E2469240E3479241E3489242E3499209
:10B3F00043E34A9244E34B9245E34C9246E34D9239
:10B4000047E34E9248E34F9249E350924AE3519208
:10B410004BE352924CE353924DE354924EE35592D8
:10B420004FE3569250E3579251E3589252E35992A8
:10B4300053E35A9254E35B9255E35C9256E35D9278
:10B4400057E35E9258E35F9259E360925AE3619248
:10B450005BE362925CE363925DE364925EE3659218
:10B460005FE3669260E3679261E3689262E36992E8
:10B4700063E36A9264E36B9265E36C9266E36D92B8
:10B4800067E36E9268E36F9269E370926AE3719288
:10B490006BE372926CE373926DE37492F8BC7592F5
:10B4A0006EE376926FE3779270E3789271E379922C
:10B4B00072E37A9273E37B9274E37C9275E37D92FC
:10B4C00076E37E9277E37F9278E3809279E38192CC
:10B4D0007AE382927BE383927CE384927DE385929C
:10B4E0007EE3869280E3879281E3889282E3899269
:10B4F00083E38A9284E38B9285E38C9286E38D9238
:10B5000087E38E92C6F68F9288E3909289E39192B8
:10B510008AE392928BE393928CE394928DE39592DB
:10B520008EE396928FE3979290E3989291E39992AB
:10B5300092E39A9293E39B9294E39C9295E39D927B
:10B5400096E39E9297E39F9298E3A09299E3A1924B
:10B550009AE3A2929BE3A3929CE3A4929DE3A5921B
:10B560009EE3A6929FE3A792A0E3A89240E4A9924B
:10B5700041E4AA9242E4AB9243E4AC9244E4AD923B
:10B5800045E4AE92C7F6AF9246E4B09247E4B1927A
:10B5900048E4B29249E4B3924AE4B4924BE4B592DF
:10B5A0004CE4B6924DE4B7924EE4B8924FE4B992AF
:10B5B00050E4BA9251E4BB9252E4BC9253E4BD927F
:10B5C00054E4BE9255E4BF9256E4C09257E4C1924F
:10B5D00058E4C29259E4C3925AE4C4925BE4C5921F
:10B5E0005CE4C6925DE4C7925EE4C892C8F6C99274
:10B5F0005FE4CA9260E4CB9261E4CC9262E4CD92C3
:10B6000063E4CE9264E4CF9265E4D09266E4D19292
:10B6100067E4D29268E4D39269E4D4926AE4D59262
:10B620006BE4D6926CE4D7926DE4D8926EE4D99232
:10B630006FE4DA9270E4DB9271E4DC9272E4DD9202
:10B6400073E4DE9274E4DF9275E4E09276E4E192D2
:10B6500077E4E29278E4E39279E4E4927AE4E592A2
:10B660007BE4E6927CE4E7927DE4E8927EE4E99272
:10B6700080E4EA9281E4EB9282E4EC9283E4ED923E
:10B6800084E4EE9285E4EF9286E4F09287E4F1920E
:10B6900088E4F29289E4F3928AE4F4928BE4F592DE
:10B6A0008CE4F6928DE4F7928EE4F8928FE4F992AE
:10B6B00090E4FA9291E4FB9292E4FC9293E4FD927E
:10B6C00094E4FE9295E4FF9296E4009397E401934C
:10B6D00098E4029399E403939AE404939BE405931A
:10B6E0009CE406939DE407939EE408939FE40993EA
:10B6F000A0E40A9340E50B9341E50C9342E50D93DA
:10B7000043E50E9344E50F9345E5109346E5119309
:10B7100047E5129348E5139349E514934AE51593D9
:10B720004BE516934CE517934DE518934EE51993A9
:10B730004FE51A9350E51B9351E51C9352E51D9379
:10B7400053E51E9354E51F9355E5209356E5219349
:10B7500057E5229358E5239359E524935AE5259319
:10B760005BE526935CE527935DE528935EE52993E9
:10B770005FE52A9360E52B9361E52C9362E52D93B9
:10B7800063E52E9364E52F9365E5309366E5319389
:10B7900067E5329368E5339369E534936AE5359359
:10B7A0006BE536936CE537936DE538936EE5399329
:10B7B0006FE53A9370E53B9371E53C9372E53D93F9
:10B7C00073E53E93C9F63F9374E5409375E5419365
:10B7D00076E5429377E5439378E5449379E545939D
:10B7E0007AE546937BE547937CE548937DE549936D
:10B7F0007EE54A9380E54B9381E54C9382E54D933A
:10B8000083E54E9384E54F9385E5509386E5519308
:10B8100087E5529388E5539389E554938AE55593D8
:10B820008BE556938CE557938DE558938EE55993A8
:10B830008FE55A9390E55B9391E55C9392E55D9378
:10B8400093E55E9394E55F9395E5609396E5619348
:10B8500097E5629398E5639399E564939AE5659318
:10B860009BE566939CE567939DE568939EE56993E8
:10B870009FE56A93CAF66B93A0E56C9340E66D93DF
:10B8800041E66E9342E66F9343E6709344E671930C
:10B8900045E6729346E6739347E6749348E67593DC
:10B8A00049E676934AE677934BE678934CE67993AC
:10B8B0004DE67A934EE67B934FE67C9350E67D937C
:10B8C00051E67E9352E67F9353E6809354E681934C
:10B8D00055E6829356E6839357E6849358E685931C
:10B8E00059E686935AE687935BE688935CE68993EC
:10B8F0005DE68A935EE68B935FE68C9360E68D93BC
:10B9000061E68E9362E68F93CCF6909363E6919313
:10B9100064E6929365E6939366E6949367E695935F
:10B9200068E6969369E697936AE698936BE699932F
:10B930006CE69A936DE69B936EE69C936FE69D93FF
:10B9400070E69E9371E69F9372E6A09373E6A193CF
:10B9500074E6A29375E6A39376E6A49377E6A5939F
:10B9600078E6A69379E6A7937AE6A8937BE6A9936F
:10B970007CE6AA937DE6AB937EE6AC9380E6AD933E
:10B9800081E6AE9382E6AF9383E6B09384E6B1930B
:10B9900085E6B29386E6B39387E6B49388E6B593DB
:10B9A00089E6B6938AE6B7938BE6B8938CE6B993AB
:10B9B0008DE6BA938EE6BB938FE6BC9390E6BD937B
:10B9C00091E6BE9392E6BF9393E6C09394E6C1934B
:10B9D00095E6C29396E6C39397E6C49398E6C5931B
:10B9E00099E6C6939AE6C7939BE6C8939CE6C993EB
:10B9F0009DE6CA93CBF6CB939EE6CC939FE6CD9380
:10BA0000A0E6CE9340E7CF9341E7D09342E7D193AE
:10BA100043E7D29344E7D39345E7D49346E7D593DE
:10BA200047E7D693E9F7D79348E7D89349E7D993FF
:10BA30004AE7DA934BE7DB934CE7DC934DE7DD9382
:10BA40004EE7DE934FE7DF9350E7E09351E7E19352
:10BA500052E7E29353E7E39354E7E49355E7E59322
:10BA600056E7E69357E7E79358E7E89359E7E993F2
:10BA70005AE7EA935BE7EB935CE7EC935DE7ED93C2
:10BA80005EE7EE935FE7EF9360E7F09361E7F19392
:10BA900062E7F29363E7F39364E7F49365E7F59362
:10BAA00066E7F69367E7F79368E7F89369E7F99332
:10BAB0006AE7FA936BE7FB936CE7FC936DE7FD9302
:10BAC0006EE7FE936FE7FF9370E7009471E70194D0
:10BAD00072E7029473E7039474E7049475E705949E
:10BAE00076E7069477E7079478E7089479E709946E
:10BAF0007AE70A947BE70B947CE70C947DE70D943E
:10BB00007EE70E9480E70F9481E7109482E711940A
:10BB100083E7129484E7139485E7149486E71594D9
:10BB200087E7169488E7179489E718948AE71994A9
:10BB30008BE71A948CE71B948DE71C948EE71D9479
:10BB40008FE71E9490E71F9491E7209492E7219449
:10BB500093E7229494E7239495E7249496E7259419
:10BB600097E7269498E7279499E728949AE72994E9
:10BB70009BE72A949CE72B949DE72C949EE72D94B9
:10BB80009FE72E94A0E72F9440E8309441E8319449
:10BB900042E8329443E8339444E8349445E83594D9
:10BBA00046E8369447E8379448E8389449E83994A9
:10BBB0004AE83A944BE83B944CE83C944DE83D9479
:10BBC0004EE83E94CDF63F944FE8409450E84194BF
:10BBD00051E8429452E8439453E8449454E845941D
:10BBE00055E8469456E8479457E8489458E84994ED
:10BBF00059E84A945AE84B945BE84C945CE84D94BD
:10BC00005DE84E945EE84F945FE8509460E851948C
:10BC100061E8529462E8539463E8549464E855945C
:10BC200065E8569466E8579467E8589468E859942C
:10BC300069E85A946AE85B946BE85C946CE85D94FC
:10BC40006DE85E946EE85F946FE8609470E86194CC
:10BC500071E8629472E8639473E8649474E865949C
:10BC600075E8669476E8679477E8689478E869946C
:10BC700079E86A947AE86B94CEF66C947BE86D94DC
:10BC80007CE86E947DE86F947EE8709480E871940F
:10BC900081E8729482E8739483E8749484E87594DC
:10BCA00085E8769486E8779487E8789488E87994AC
:10BCB00089E87A948AE87B948BE87C948CE87D947C
:10BCC0008DE87E948EE87F948FE8809490E881944C
:10BCD00091E8829492E8839493E8849494E885941C
:10BCE000C4EE8694C5EE8794C6EE8894EBD589940D
:10BCF000A4B68A94C8EE8B94C7EE8C94C9EE8D944A
:10BD0000CAEE8E94A5C78F94CBEE9094CCEE91940E
:10BD100095E89294B0B79394F6B59494CDEE95943B
:10BD2000CFEE969496E89794CEEE989497E89994EF
:10BD3000C6B89A94D0EE9B94D1EE9C94D2EE9D948A
:10BD4000DBB69E94AEB39F94D3D6A094C6C4A19400
:10BD5000B5B1A294D6B8A394D3EEA494D4EEA5948E
:10BD6000BFD4A694D5C7A794FBBEA894D9CEA99456
:10BD7000B3B9AA94D6EEAB94D5EEAC94D8EEAD940C
:10BD8000D7EEAE94A5C5AF94D9EEB094DAEEB194E7
:10BD9000AEC7B294DBEEB394AFC7B494DCEEB59407
:10BDA000A7B2B694DDEEB794DEEEB894DFEEB994A8
:10BDB000E0EEBA94E1EEBB94EAD7BC94E2EEBD9417
:10BDC000E3EEBE94D8BCBF94E4EEC094CBD3C19450
:10BDD000FACCC294ACB2C394E5C1C494E5EEC59468
:10BDE000A6C7C694ADC3C79498E8C894E6EEC994B4
:10BDF000E7EECA94E8EECB94E9EECC94EAEECD946B
:10BE0000EBEECE94ECEECF9499E8D094EDEED19495
:10BE1000EEEED294EFEED3949AE8D4949BE8D594C6
:10BE2000F0EED694F1EED794F2EED894F4EED994E5
:10BE3000F3EEDA949CE8DB94F5EEDC94ADCDDD9482
:10BE4000C1C2DE94F6EEDF94F7EEE094F8EEE194F2
:10BE5000A1D5E294F9EEE394B3CFE494FAEEE5943D
:10BE6000FBEEE6949DE8E794FCEEE894FDEEE994A1
:10BE7000A1EFEA94FEEEEB94A2EFEC94F5B8ED940A
:10BE8000FAC3EE94A3EFEF94A4EFF094C2BDF19443
:10BE9000BFD2F294F9B2F394A5EFF494A6EFF5941F
:10BEA000A7EFF694F8D2F794A8EFF894FDD6F9949A
:10BEB000A9EFFA94CCC6FB949EE8FC94AAEFFD94FB
:10BEC000ABEFFE94B4C1FF94ACEF0095FACF0195AF
:10BED000F8CB0295AEEF0395ADEF0495FAB3059557
:10BEE000F8B90695AFEF0795B0EF0895E2D0099540
:10BEF000B1EF0A95B2EF0B95E6B70C95BFD00D9553
:10BF0000B3EF0E95B4EF0F95B5EF1095F1C81195FD
:10BF1000E0CC1295B6EF1395B7EF1495B8EF1595E1
:10BF2000B9EF1695BAEF1795E0D51895BBEF1995AF
:10BF3000EDB41A95AAC31B95BCEF1C959FE81D95FF
:10BF4000BDEF1E95BEEF1F95BFEF2095A0E8219590
:10BF5000FDCE2295C0EF2395E0C22495B8B4259577
:10BF6000B6D72695F5BD279540E92895C7CF2995E1
:10BF7000C3EF2A95C1EF2B95C2EF2C95C4EF2D95F9
:10BF8000A7B62E95FCBC2F95E2BE3095CCC331955B
:10BF9000C5EF3295C6EF339541E93495C7EF359536
:10BFA000CFEF3695C8EF3795C9EF3895CAEF399579
:10BFB000C2C73A95F1EF3B95CDB63C95CBEF3D9599
:10BFC00042E93E95CCEF3F95CDEF4095C6B6419501
:10BFD000BEC34295CEEF439543E94495D0EF4595D6
:10BFE000D1EF4695D2EF4795F2D5489544E949956A
:10BFF000D3EF4A95F7C44B9545E94C95D4EF4D9551
:10C00000F8C44E95D5EF4F95D6EF5095E4B85195BD
:10C01000F7B05295D7EF5395D8EF5495D9EF559582
:10C0200046E95695DAEF5795DBEF5895DCEF5995D1
:10C03000DDEF5A9547E95B95DEEF5C95B5BE5D9502
:10C04000E1EF5E95DFEF5F95E0EF609548E9619580
:10C05000E2EF6295E3EF6395CDC16495E4EF6595FA
:10C06000E5EF6695E6EF6795E7EF6895E8EF699588
:10C07000E9EF6A95EAEF6B95EBEF6C95ECEF6D9558
:10C08000D8C06E9549E96F95EDEF7095ADC171958A
:10C09000EEEF7295EFEF7395F0EF74954AE97595B1
:10C0A0004BE97695E2CF77954CE978954DE979950E
:10C0B0004EE97A954FE97B9550E97C9551E97D955C
:10C0C00052E97E9553E97F95A4B3809554E9819513
:10C0D00055E9829556E9839557E9849558E9859500
:10C0E00059E986955AE987955BE988955CE98995D0
:10C0F0005DE98A955EE98B955FE98C9560E98D95A0
:10C1000061E98E9562E98F9563E9909564E991956F
:10C1100065E9929566E9939567E9949568E995953F
:10C1200069E996956AE997956BE998956CE999950F
:10C130006DE99A956EE99B956FE99C9570E99D95DF
:10C1400071E99E9572E99F9573E9A09574E9A195AF
:10C1500075E9A29576E9A39577E9A49578E9A5957F
:10C1600079E9A6957AE9A7957BE9A8957CE9A9954F
:10C170007DE9AA957EE9AB9580E9AC9581E9AD951D
:10C1800082E9AE9583E9AF9584E9B09585E9B195EB
:10C1900086E9B29587E9B39588E9B49589E9B595BB
:10C1A0008AE9B6958BE9B7958CE9B8958DE9B9958B
:10C1B0008EE9BA958FE9BB9590E9BC9591E9BD955B
:10C1C00092E9BE9593E9BF9594E9C09595E9C1952B
:10C1D00096E9C29597E9C39598E9C49599E9C595FB
:10C1E0009AE9C6959BE9C7959CE9C8959DE9C995CB
:10C1F0009EE9CA959FE9CB95A0E9CC9540EACD95FB
:10C2000041EACE9542EACF9543EAD09544EAD195EA
:10C2100045EAD29546EAD39547EAD49548EAD595BA
:10C2200049EAD6954AEAD7954BEAD8954CEAD9958A
:10C230004DEADA954EEADB954FEADC9550EADD955A
:10C2400051EADE9552EADF9553EAE09554EAE1952A
:10C2500055EAE29556EAE39557EAE49558EAE595FA
:10C2600059EAE6955AEAE7955BEAE895C5C3E99588
:10C27000C5E3EA95C1C9EB95C6E3EC955CEAED959B
:10C28000D5B1EE95CACEEF95B3B4F095F2C8F1955D
:10C29000C7E3F295D0CFF395C8E3F495E4BCF595E8
:10C2A000C9E3F695CAE3F795C6C3F895A2D5F99503
:10C2B000D6C4FA95EBB9FB95C5CEFC95CBE3FD95BD
:10C2C000F6C3FE95CCE3FF955DEA0096A7B701960D
:10C2D000F3B80296D2BA0396CDE30496CEE3059660
:10C2E000C4D40696CFE307965EEA0896D0E3099693
:10C2F000CBD10A96D1E30B96D2E30C96D3E30D96FD
:10C30000D4E30E96D6D10F96D5E31096FBB21196D4
:10C31000BBC01296D6E313965FEA1496ABC015968F
:10C32000D7E31696D8E31796D9E3189660EA1996DC
:10C33000DAE31A96DBE31B9661EA1C96B7B81D9602
:10C34000E2DA1E9662EA1F96D3B6209663EA219639
:10C35000E4DA2296E3DA239664EA249665EA2596DF
:10C3600066EA269667EA279668EA289669EA299691
:10C370006AEA2A96E6DA2B966BEA2C966CEA2D96F8
:10C380006DEA2E96EEC82F966EEA30966FEA3196D9
:10C39000E5DA3296C0B73396F4D13496F5D23596B5
:10C3A000F3D53696D7BD379670EA389671EA399646
:10C3B00072EA3A9673EA3B96E8D73C96E8DA3D96FD
:10C3C000E7DA3E9674EA3F96A2B04096D3CD419606
:10C3D00075EA4296E9DA439676EA4496BDB8459600
:10C3E000CABC4696BDC24796A4C24896C2B34996F7
:10C3F000EADA4A9677EA4B96AAC24C96B0C44D96B2
:10C40000B5BD4E9678EA4F9679EA5096DECF5196B2
:10C410007AEA52967BEA53967CEA5496EBDA559682
:10C42000C2C956967DEA57967EEA589680EA599692
:10C4300081EA5A9682EA5B96DDB15C9683EA5D9664
:10C4400084EA5E9685EA5F96ECDA609686EA619603
:10C45000B8B66296BAD4639687EA6496FDB36596D9
:10C4600088EA669689EA6796EDDA6896C9D469968D
:10C47000D5CF6A96E3C56B968AEA6C96EEDA6D962E
:10C480008BEA6E968CEA6F968DEA70968EEA7196BC
:10C490008FEA7296EFDA739690EA7496F0DA7596F0
:10C4A000EAC17696D5CC7796DDCF789691EA7996E3
:10C4B00092EA7A9693EA7B9694EA7C9695EA7D9640
:10C4C00096EA7E9697EA7F9698EA809699EA819610
:10C4D0009AEA82969BEA83969CEA84969DEA8596E0
:10C4E000E7D38696A1C287969EEA8896F1DA899666
:10C4F0009FEA8A96A0EA8B96E5CB8C9640EB8D96C8
:10C50000F2DA8E9641EB8F96E6CB9096FED291961C
:10C5100042EB929643EB939644EB9496F4B895963F
:10C5200045EB969646EB9796F3DA9896AFB09996C8
:10C53000B6CF9A9647EB9B9648EB9C96CFD59D96A7
:10C5400049EB9E964AEB9F964BEBA0964CEBA1963F
:10C550004DEBA2964EEBA3964FEBA49650EBA5960F
:10C5600051EBA69652EBA796EDCBA89653EBA99666
:10C5700054EBAA9655EBAB9656EBAC9657EBAD96B3
:10C5800058EBAE9659EBAF965AEBB096F4DAB196FB
:10C590005BEBB2965CEBB396C4E3B4965DEBB596F9
:10C5A0005EEBB696A5C1B7965FEBB89660EBB99611
:10C5B000BFF6BA9661EBBB9662EBBC96C0F6BD9631
:10C5C000C1F6BE96D1C4BF9663EBC096B8C8C196FB
:10C5D000E3D1C29664EBC39665EBC496DBD0C596F7
:10C5E000C5D1C696AFBCC796CDB9C89666EBC996FD
:10C5F000F4EFCA9667EBCB9668EBCC96C6B4CD96B3
:10C60000BAD3CE96C2F6CF96FBB3D09669EBD1964D
:10C610006AEBD296C3F6D3966BEBD4966CEBD596B9
:10C62000F1B5D6966DEBD7966EEBD8966FEBD996A3
:10C6300070EBDA9671EBDB9672EBDC9673EBDD96C2
:10C6400074EBDE9675EBDF9676EBE096C5F6E19639
:10C6500077EBE29678EBE39679EBE4967AEBE59666
:10C660007BEBE6967CEBE7967DEBE896EAD3E996E2
:10C67000A7F6EA96A9D1EB967EEBEC9680EBED96C9
:10C6800081EBEE9682EBEF96A9F6F09683EBF196AE
:10C6900084EBF29685EBF396A8F6F49686EBF59686
:10C6A00087EBF696E3C1F796D7C0F89688EBF99634
:10C6B000A2B1FA9689EBFB968AEBFC968BEBFD9682
:10C6C0008CEBFE96EDCEFF968DEB0097E8D00197B0
:10C6D000ABF602978EEB03978FEB0497F6CF059797
:10C6E00090EB0697AAF60797F0D50897ACF609974E
:10C6F000B9C30A9791EB0B9792EB0C9793EB0D97BD
:10C70000F4BB0E97AEF60F97ADF6109794EB11971A
:10C7100095EB129796EB1397DEC4149797EB15974A
:10C7200098EB1697D8C1179799EB18979AEB19972A
:10C730009BEB1A979CEB1B979DEB1C97AACB1D9725
:10C740009EEB1E97BCCF1F979FEB2097A0EB2197E6
:10C7500040EC229741EC239742EC249743EC259739
:10C7600044EC269745EC279746EC289747EC299709
:10C7700048EC2A97AFF62B9749EC2C974AEC2D976B
:10C78000B0F62E974BEC2F974CEC3097B1F63197D3
:10C790004DEC3297B6C233974EEC34974FEC359749
:10C7A00050EC369751EC379752EC3897D4B0399714
:10C7B000F9C53A9753EC3B9754EC3C9755EC3D97B1
:10C7C00056EC3E97B2F63F9757EC409758EC41979E
:10C7D00059EC42975AEC43975BEC44975CEC4597D5
:10C7E0005DEC46975EEC47975FEC489760EC4997A5
:10C7F00061EC4A9762EC4B9763EC4C9764EC4D9775
:10C8000065EC4E9766EC4F9767EC509768EC519744
:10C8100069EC5297E0C75397A6F654976AEC559780
:10C820006BEC5697B8BE57976CEC58976DEC5997D0
:10C83000B2BE5A976EEC5B97E5B55C976FEC5D976F
:10C8400070EC5E97C7B75F9771EC6097BFBF619759
:10C85000D2C36297E6C3639772EC649773EC6597F3
:10C86000CCD8669774EC679775EC689776EC699707
:10C87000EFB86A9777EC6B9778EC6C9779EC6D97DB
:10C880007AEC6E977BEC6F977CEC70977DEC7197F0
:10C890007EEC729780EC7397F9BD7497A5D175976C
:10C8A00081EC7697D0B0779782EC789783EC799784
:10C8B00084EC7A9785EC7B9786EC7C97B0F77D9734
:10C8C00087EC7E9788EC7F9789EC80978AEC81973C
:10C8D0008BEC82978CEC83978DEC84978EEC85970C
:10C8E000B1F786978FEC879790EC889791EC8997B2
:10C8F00092EC8A9793EC8B97ACD08C9794EC8D97B5
:10C90000B0B08E9795EC8F9796EC909797EC9197A7
:10C91000B2F79297B3F7939798EC9497B4F79597EB
:10C9200099EC96979AEC97979BEC9897CAC799972A
:10C930009CEC9A979DEC9B979EEC9C979FEC9D9707
:10C94000A0EC9E9740ED9F9741EDA097CFBEA19799
:10C9500042EDA29743EDA397B7F7A49744EDA597AF
:10C9600045EDA69746EDA79747EDA89748EDA997FF
:10C9700049EDAA974AEDAB97B6F7AC974BEDAD975B
:10C98000DEB1AE974CEDAF97B5F7B0974DEDB197DF
:10C990004EEDB297B8F7B3974FEDB497B9F7B59797
:10C9A00050EDB69751EDB79752EDB89753EDB99753
:10C9B00054EDBA9755EDBB9756EDBC9757EDBD9723
:10C9C00058EDBE9759EDBF975AEDC0975BEDC197F3
:10C9D0005CEDC2975DEDC3975EEDC4975FEDC597C3
:10C9E00060EDC69761EDC79762EDC89763EDC99793
:10C9F00064EDCA9765EDCB9766EDCC9767EDCD9763
:10CA000068EDCE9769EDCF976AEDD0976BEDD19732
:10CA10006CEDD2976DEDD3976EEDD4976FEDD59702
:10CA200070EDD69771EDD79772EDD89773EDD997D2
:10CA300074EDDA9775EDDB9776EDDC9777EDDD97A2
:10CA400078EDDE9779EDDF977AEDE0977BEDE19772
:10CA50007CEDE2977DEDE3977EEDE49780EDE59741
:10CA600081EDE697A4CEE797CDC8E89782EDE997E8
:10CA7000ABBAEA97B8E8EB97B9E8EC97BAE8ED9764
:10CA8000C2BEEE9783EDEF9784EDF09785EDF197B9
:10CA900086EDF29787EDF397F4D2F49788EDF5974A
:10CAA000CFD4F697D8C9F79789EDF8978AEDF9971B
:10CAB0008BEDFA978CEDFB978DEDFC978EEDFD9746
:10CAC0008FEDFE9790EDFF9791ED009892ED019814
:10CAD00093ED029894ED039895ED049896ED0598E2
:10CAE00097ED069898ED079899ED08989AED0998B2
:10CAF0009BED0A989CED0B989DED0C989EED0D9882
:10CB00009FED0E98A0ED0F9840EE109841EE119811
:10CB100042EE129843EE139844EE149845EE1598A1
:10CB200046EE169847EE179848EE189849EE199871
:10CB30004AEE1A984BEE1B984CEE1C984DEE1D9841
:10CB40004EEE1E984FEE1F9850EE209851EE219811
:10CB500052EE229853EE239854EE249855EE2598E1
:10CB600056EE269857EE279858EE289859EE2998B1
:10CB70005AEE2A985BEE2B985CEE2C985DEE2D9881
:10CB80005EEE2E985FEE2F9860EE309861EE319851
:10CB900062EE329863EE339864EE349865EE359821
:10CBA00066EE369867EE379868EE389869EE3998F1
:10CBB0006AEE3A986BEE3B986CEE3C986DEE3D98C1
:10CBC0006EEE3E986FEE3F9870EE409871EE419891
:10CBD00072EE429873EE439874EE449875EE459861
:10CBE00076EE469877EE479878EE489879EE499831
:10CBF0007AEE4A987BEE4B987CEE4C987DEE4D9801
:10CC00007EEE4E9880EE4F9881EE509882EE5198CD
:10CC100083EE529884EE539885EE549886EE55989C
:10CC200087EE569888EE579889EE58988AEE59986C
:10CC30008BEE5A988CEE5B988DEE5C988EEE5D983C
:10CC40008FEE5E9890EE5F9891EE609892EE61980C
:10CC500093EE629894EE639895EE649896EE6598DC
:10CC600097EE669898EE679899EE68989AEE6998AC
:10CC70009BEE6A989CEE6B989DEE6C989EEE6D987C
:10CC80009FEE6E98A0EE6F9840EF709841EF71980C
:10CC900042EF729843EF739844EF749845EF75989C
:10CCA000B3D27698A5B67798EAC77898FCF17998C8
:10CCB000EECF7A98B3CB7B98EBD07C98EFE77D985A
:10CCC000E7CD7E98CBB97F98D9B68098FDF1819851
:10CCD000E4B08298CCCB8398FEF18498A4D4859854
:10CCE000ADC28698ECC18798C4C68898B1BE8998B1
:10CCF000A1F28A98D5BC8B9846EF8C98A2F28D98B9
:10CD0000A3F28E9847EF8F98A4F29098C3D291988F
:10CD1000B5C6929848EF9398C7CD9498A5F2959888
:10CD200049EF9698B1D39798C5BF9898E2CC999857
:10CD30004AEF9A98A6F29B98A7F29C98D5D19D9815
:10CD4000EEB69E98A8F29F98A9F2A098DFB5A19898
:10CD5000AAF2A298ABF2A3984BEFA498FCB2A598C4
:10CD6000ACF2A698ADF2A798A7C8A8984CEFA998DE
:10CD70004DEFAA984EEFAB984FEFAC9850EFAD98AF
:10CD800051EFAE9852EFAF9853EFB09854EFB1987F
:10CD900055EFB29856EFB39857EFB49858EFB5984F
:10CDA00059EFB6985AEFB7985BEFB8985CEFB9981F
:10CDB0005DEFBA985EEFBB985FEFBC9860EFBD98EF
:10CDC00061EFBE9862EFBF9863EFC09864EFC198BF
:10CDD00065EFC29866EFC39867EFC49868EFC5988F
:10CDE00069EFC6986AEFC7986BEFC8986CEFC9985F
:10CDF0006DEFCA986EEFCB986FEFCC9870EFCD982F
:10CE000071EFCE98E7B7CF9872EFD09873EFD198C3
:10CE1000A9ECD298AAECD398ABECD49874EFD5983F
:10CE2000ACECD69875EFD79876EFD898AEC6D9986F
:10CE3000ADECDA98AEECDB9877EFDC9878EFDD9824
:10CE400079EFDE98C9B7DF98B3CAE0987AEFE19836
:10CE50007BEFE2987CEFE3987DEFE4987EEFE59836
:10CE600080EFE69881EFE798B8E2E898CFF7E99885
:10CE700082EFEA9883EFEB9884EFEC9885EFED98DA
:10CE800086EFEE9887EFEF9888EFF09889EFF198AA
:10CE90008AEFF2988BEFF3988CEFF4988DEFF5987A
:10CEA0008EEFF6988FEFF79890EFF89891EFF9984A
:10CEB00092EFFA9893EFFB9894EFFC9895EFFD981A
:10CEC00096EFFE9897EFFF9898EF009999EF0199E8
:10CED0009AEF02999BEF03999CEF04999DEF0599B6
:10CEE0009EEF06999FEF0799A0EF089940F00999E6
:10CEF00041F00A9942F00B9943F00C9944F00D99D6
:10CF0000D0F70E9945F00F9946F01099CDB21199CE
:10CF100047F0129948F0139949F014994AF015997D
:10CF20004BF016994CF017994DF018994EF019994D
:10CF30004FF01A9950F01B9951F01C9952F01D991D
:10CF400053F01E9954F01F9955F0209956F02199ED
:10CF500057F0229958F0239959F024995AF02599BD
:10CF60005BF026995CF027995DF028995EF029998D
:10CF70005FF02A9960F02B9961F02C9962F02D995D
:10CF800063F02E99D1F72F9964F0309965F03199BB
:10CF900066F0329967F0339968F0349969F0359901
:10CFA0006AF036996BF037996CF038996DF03999D1
:10CFB0006EF03A996FF03B9970F03C9971F03D99A1
:10CFC00072F03E9973F03F9974F0409975F0419971
:10CFD00076F0429977F0439978F0449979F0459941
:10CFE0007AF046997BF047997CF048997DF0499911
:10CFF0007EF04A9980F04B9981F04C9982F04D99DE
:10D0000083F04E9984F04F9985F0509986F05199AC
:10D0100087F0529988F0539989F05499D3F755992C
:10D02000D2F756998AF057998BF058998CF0599904
:10D030008DF05A998EF05B998FF05C9990F05D9924
:10D0400091F05E9992F05F9993F0609994F06199F4
:10D0500095F0629996F06399BBE2649997F06599AF
:10D06000A2BC669998F06799BCE26899BDE269999B
:10D07000BEE26A99BFE26B99C0E26C99C1E26D9918
:10D08000B9B76E99FBD26F99A4BD7099CECA719948
:10D09000A5B17299C7CB739999F07499C2E2759949
:10D0A000FCB67699C4C87799C3E278999AF07999D1
:10D0B0009BF07A99C8BD7B999CF07C99FDB17D99D4
:10D0C000C4E27E999DF07F99F6B68099C5E2819978
:10D0D000D9C482999EF083999FF08499C6E285997C
:10D0E000DACF8699DDB98799C7E28899A1C0899975
:10D0F000A0F08A99C8E28B99F6B28C9940F18D998B
:10D10000C9E28E9941F18F99F3C19099CAE2919940
:10D11000CBE29299F8C29399CCE29499CDE2959999
:10D12000CEE29699D7CA9799B8D89899E5D999999E
:10D13000E3CF9A9942F19B9943F19C9944F19D99CF
:10D1400045F19E9946F19F9947F1A09948F1A1991F
:10D1500049F1A2994AF1A3994BF1A4994CF1A599EF
:10D16000A5F0A6994DF1A7994EF1A899B0DCA9991F
:10D170004FF1AA9950F1AB9951F1AC9952F1AD9997
:10D1800053F1AE9954F1AF9955F1B09956F1B19967
:10D1900057F1B29958F1B39959F1B4995AF1B59937
:10D1A0005BF1B6995CF1B7995DF1B8995EF1B99907
:10D1B0005FF1BA9960F1BB9961F1BC9962F1BD99D7
:10D1C00063F1BE9964F1BF9965F1C09966F1C199A7
:10D1D00067F1C29968F1C39969F1C4996AF1C59977
:10D1E0006BF1C6996CF1C7996DF1C8996EF1C99947
:10D1F0006FF1CA9970F1CB9971F1CC9972F1CD9917
:10D2000073F1CE9974F1CF9975F1D09976F1D199E6
:10D2100077F1D29978F1D39979F1D4997AF1D599B6
:10D220007BF1D6997CF1D7997DF1D8997EF1D99986
:10D2300080F1DA9981F1DB9982F1DC9983F1DD9952
:10D2400084F1DE9985F1DF9986F1E09987F1E19922
:10D2500088F1E29989F1E3998AF1E4998BF1E599F2
:10D260008CF1E6998DF1E7998EF1E8998FF1E999C2
:10D2700090F1EA9991F1EB9992F1EC9993F1ED9992
:10D2800094F1EE9995F1EF9996F1F09997F1F19962
:10D2900098F1F29999F1F3999AF1F4999BF1F59932
:10D2A0009CF1F6999DF1F7999EF1F8999FF1F99902
:10D2B000A0F1FA9940F2FB9941F2FC9942F2FD99F2
:10D2C00043F2FE9944F2FF9945F2009A46F2019A20
:10D2D00047F2029A48F2039A49F2049A4AF2059AEE
:10D2E0004BF2069A4CF2079A4DF2089A4EF2099ABE
:10D2F0004FF20A9A50F20B9A51F20C9A52F20D9A8E
:10D3000053F20E9A54F20F9A55F2109A56F2119A5D
:10D3100057F2129A58F2139A59F2149A5AF2159A2D
:10D320005BF2169A5CF2179A5DF2189A5EF2199AFD
:10D330005FF21A9A60F21B9A61F21C9A62F21D9ACD
:10D3400063F21E9A64F21F9A65F2209A66F2219A9D
:10D3500067F2229A68F2239A69F2249A6AF2259A6D
:10D360006BF2269A6CF2279A6DF2289A6EF2299A3D
:10D370006FF22A9A70F22B9A71F22C9A72F22D9A0D
:10D3800073F22E9A74F22F9A75F2309A76F2319ADD
:10D3900077F2329A78F2339A79F2349A7AF2359AAD
:10D3A0007BF2369A7CF2379A7DF2389A7EF2399A7D
:10D3B00080F23A9A81F23B9A82F23C9A83F23D9A49
:10D3C00084F23E9A85F23F9A86F2409A87F2419A19
:10D3D00088F2429A89F2439A8AF2449A8BF2459AE9
:10D3E0008CF2469A8DF2479A8EF2489A8FF2499AB9
:10D3F00090F24A9A91F24B9A92F24C9A93F24D9A89
:10D4000094F24E9A95F24F9A96F2509A97F2519A58
:10D4100098F2529A99F2539A9AF2549A9BF2559A28
:10D420009CF2569A9DF2579A9EF2589A9FF2599AF8
:10D43000A0F25A9A40F35B9A41F35C9A42F35D9AE8
:10D4400043F35E9A44F35F9A45F3609A46F3619A18
:10D4500047F3629A48F3639A49F3649A4AF3659AE8
:10D460004BF3669A4CF3679A4DF3689A4EF3699AB8
:10D470004FF36A9A50F36B9A51F36C9AEDC26D9A1E
:10D48000A6D46E9AD4CD6F9AB1D1709ADBB3719A4B
:10D49000FDC7729A52F3739AB5B2749ABFC2759A65
:10D4A000E0E6769ABBCA779AE1E6789AE2E6799A5C
:10D4B000D4BE7A9AE3E67B9AA4D77C9AD5CD7D9A9E
:10D4C000E5E67E9ADDBC7F9AE4E6809AE6E6819AFC
:10D4D000E7E6829AEEC2839A53F3849ABEBD859A98
:10D4E000E8E6869AE6C2879AA7BA889AE9E6899A10
:10D4F00054F38A9AEAE68B9AD2B38C9AE9D18D9A40
:10D5000055F38E9A56F38F9AA5BF909AEBE6919AAF
:10D51000EFC6929AECE6939AEDE6949A57F3959AB1
:10D5200058F3969AEEE6979AADC6989AEFE6999ACE
:10D5300059F39A9AA7C99B9AF0E69C9AF1E69D9AAC
:10D54000F2E69E9AB9E59F9AF3E6A09AF4E6A19ACC
:10D55000E2C2A29AF5E6A39AF6E6A49AE8D6A59ABC
:10D56000F7E6A69A5AF3A79AF8E6A89AC7B9A99A2D
:10D570005BF3AA9A5CF3AB9A5DF3AC9A5EF3AD9A57
:10D580005FF3AE9A60F3AF9A61F3B09ABBF7B19ACA
:10D59000BAF7B29A62F3B39A63F3B49A64F3B59AA2
:10D5A00065F3B69ABEF7B79ABCF7B89AA1BAB99A1A
:10D5B00066F3BA9ABFF7BB9A67F3BC9AC0F7BD9AF5
:10D5C00068F3BE9A69F3BF9A6AF3C09AC2F7C19A28
:10D5D000C1F7C29AC4F7C39A6BF3C49A6CF3C59AA5
:10D5E000C3F7C69A6DF3C79A6EF3C89A6FF3C99AD8
:10D5F00070F3CA9A71F3CB9AC5F7CC9AC6F7CD9A55
:10D6000072F3CE9A73F3CF9A74F3D09A75F3D19ADA
:10D61000C7F7D29A76F3D39AE8CBD49A77F3D59A10
:10D6200078F3D69A79F3D79A7AF3D89ADFB8D99A59
:10D630007BF3DA9A7CF3DB9A7DF3DC9A7EF3DD9A56
:10D6400080F3DE9A81F3DF9AD4F7E09A82F3E19ACD
:10D65000D5F7E29A83F3E39A84F3E49A85F3E59AA3
:10D6600086F3E69AD6F7E79A87F3E89A88F3E99A79
:10D6700089F3EA9A8AF3EB9AD8F7EC9A8BF3ED9A4E
:10D68000DAF7EE9A8CF3EF9AD7F7F09A8DF3F19AD6
:10D690008EF3F29A8FF3F39A90F3F49A91F3F59A4A
:10D6A00092F3F69A93F3F79A94F3F89A95F3F99A1A
:10D6B000DBF7FA9A96F3FB9AD9F7FC9A97F3FD9A5F
:10D6C00098F3FE9A99F3FF9A9AF3009B9BF3019BC0
:10D6D0009CF3029B9DF3039BD7D7049B9EF3059B72
:10D6E0009FF3069BA0F3079B40F4089BDCF7099B84
:10D6F00041F40A9B42F40B9B43F40C9B44F40D9BB6
:10D7000045F40E9B46F40F9BDDF7109B47F4119BED
:10D7100048F4129B49F4139BDEF7149B4AF4159BC3
:10D720004BF4169B4CF4179B4DF4189B4EF4199B2D
:10D730004FF41A9B50F41B9B51F41C9B52F41D9BFD
:10D7400053F41E9B54F41F9BDFF7209B55F4219B41
:10D7500056F4229B57F4239BE0F7249B58F4259B17
:10D7600059F4269B5AF4279B5BF4289B5CF4299B75
:10D770005DF42A9B5EF42B9B5FF42C9B60F42D9B45
:10D7800061F42E9B62F42F9BCBDB309B63F4319BC7
:10D7900064F4329BAAD8339B65F4349B66F4359BC2
:10D7A00067F4369B68F4379B69F4389B6AF4399BBD
:10D7B0006BF43A9B6CF43B9BF7E53C9BEDB93D9BCE
:10D7C0006DF43E9B6EF43F9B6FF4409B70F4419B65
:10D7D000FDBF429BEABB439BC9F7449BC7C6459B21
:10D7E000C8F7469B71F4479BCAF7489BCCF7499B07
:10D7F000CBF74A9B72F44B9B73F44C9B74F44D9B98
:10D80000CDF74E9B75F44F9BBACE509B76F4519B4F
:10D81000CEF7529B77F4539B78F4549BA7C4559B47
:10D8200079F4569B7AF4579B7BF4589B7CF4599B74
:10D830007DF45A9B7EF45B9B80F45C9B81F45D9B42
:10D8400082F45E9B83F45F9B84F4609B85F4619B10
:10D8500086F4629B87F4639B88F4649B89F4659BE0
:10D860008AF4669B8BF4679B8CF4689B8DF4699BB0
:10D870008EF46A9B8FF46B9B90F46C9B91F46D9B80
:10D8800092F46E9B93F46F9B94F4709B95F4719B50
:10D8900096F4729B97F4739B98F4749B99F4759B20
:10D8A0009AF4769B9BF4779B9CF4789B9DF4799BF0
:10D8B0009EF47A9B9FF47B9BA0F47C9B40F57D9B20
:10D8C00041F57E9B42F57F9B43F5809B44F5819B10
:10D8D00045F5829B46F5839B47F5849B48F5859BE0
:10D8E00049F5869B4AF5879B4BF5889B4CF5899BB0
:10D8F0004DF58A9B4EF58B9B4FF58C9B50F58D9B80
:10D9000051F58E9B52F58F9B53F5909B54F5919B4F
:10D9100055F5929B56F5939B57F5949B58F5959B1F
:10D9200059F5969B5AF5979B5BF5989B5CF5999BEF
:10D930005DF59A9B5EF59B9B5FF59C9B60F59D9BBF
:10D9400061F59E9B62F59F9B63F5A09B64F5A19B8F
:10D9500065F5A29B66F5A39B67F5A49B68F5A59B5F
:10D9600069F5A69B6AF5A79B6BF5A89B6CF5A99B2F
:10D970006DF5AA9B6EF5AB9B6FF5AC9B70F5AD9BFF
:10D9800071F5AE9B72F5AF9B73F5B09B74F5B19BCF
:10D9900075F5B29B76F5B39B77F5B49B78F5B59B9F
:10D9A00079F5B69B7AF5B79B7BF5B89B7CF5B99B6F
:10D9B0007DF5BA9B7EF5BB9B80F5BC9B81F5BD9B3D
:10D9C00082F5BE9B83F5BF9B84F5C09B85F5C19B0B
:10D9D00086F5C29B87F5C39B88F5C49B89F5C59BDB
:10D9E0008AF5C69B8BF5C79B8CF5C89B8DF5C99BAB
:10D9F0008EF5CA9B8FF5CB9B90F5CC9B91F5CD9B7B
:10DA000092F5CE9B93F5CF9B94F5D09B95F5D19B4A
:10DA100096F5D29B97F5D39B98F5D49B99F5D59B1A
:10DA20009AF5D69B9BF5D79B9CF5D89B9DF5D99BEA
:10DA30009EF5DA9B9FF5DB9BA0F5DC9B40F6DD9B1A
:10DA400041F6DE9B42F6DF9B43F6E09B44F6E19B0A
:10DA500045F6E29B46F6E39B47F6E49B48F6E59BDA
:10DA600049F6E69B4AF6E79B4BF6E89B4CF6E99BAA
:10DA70004DF6EA9B4EF6EB9B4FF6EC9B50F6ED9B7A
:10DA800051F6EE9B52F6EF9B53F6F09B54F6F19B4A
:10DA900055F6F29B56F6F39B57F6F49B58F6F59B1A
:10DAA00059F6F69B5AF6F79B5BF6F89B5CF6F99BEA
:10DAB0005DF6FA9B5EF6FB9B5FF6FC9B60F6FD9BBA
:10DAC00061F6FE9B62F6FF9B63F6009C64F6019C88
:10DAD00065F6029C66F6039C67F6049C68F6059C56
:10DAE00069F6069C6AF6079C6BF6089C6CF6099C26
:10DAF0006DF60A9C6EF60B9C6FF60C9C70F60D9CF6
:10DB000071F60E9C72F60F9C73F6109C74F6119CC5
:10DB100075F6129C76F6139C77F6149C78F6159C95
:10DB200079F6169C7AF6179C7BF6189C7CF6199C65
:10DB30007DF61A9C7EF61B9C80F61C9C81F61D9C33
:10DB400082F61E9C83F61F9C84F6209C85F6219C01
:10DB500086F6229C87F6239C88F6249C89F6259CD1
:10DB60008AF6269C8BF6279C8CF6289C8DF6299CA1
:10DB70008EF62A9C8FF62B9C90F62C9C91F62D9C71
:10DB800092F62E9C93F62F9C94F6309C95F6319C41
:10DB900096F6329C97F6339C98F6349C99F6359C11
:10DBA0009AF6369C9BF6379C9CF6389C9DF6399CE1
:10DBB0009EF63A9C9FF63B9CA0F63C9C40F73D9C11
:10DBC00041F73E9C42F73F9C43F7409C44F7419C01
:10DBD00045F7429C46F7439C47F7449C48F7459CD1
:10DBE00049F7469C4AF7479C4BF7489C4CF7499CA1
:10DBF0004DF74A9C4EF74B9C4FF74C9C50F74D9C71
:10DC000051F74E9C52F74F9C53F7509C54F7519C40
:10DC100055F7529C56F7539C57F7549C58F7559C10
:10DC200059F7569C5AF7579C5BF7589C5CF7599CE0
:10DC30005DF75A9C5EF75B9C5FF75C9C60F75D9CB0
:10DC400061F75E9C62F75F9C63F7609C64F7619C80
:10DC500065F7629C66F7639C67F7649C68F7659C50
:10DC600069F7669C6AF7679C6BF7689C6CF7699C20
:10DC70006DF76A9C6EF76B9C6FF76C9C70F76D9CF0
:10DC800071F76E9C72F76F9C73F7709C74F7719CC0
:10DC900075F7729C76F7739C77F7749C78F7759C90
:10DCA00079F7769C7AF7779C7BF7789C7CF7799C60
:10DCB0007DF77A9C7EF77B9C80F77C9CE3D37D9CF0
:10DCC00081F77E9C82F77F9CCFF6809C83F7819CB6
:10DCD000B3C2829CD0F6839C84F7849C85F7859C94
:10DCE000D1F6869CD2F6879CD3F6889CD4F6899C84
:10DCF00086F78A9C87F78B9CD6F68C9C88F78D9C40
:10DD0000ABB18E9CD7F68F9C89F7909CD8F6919CEE
:10DD1000D9F6929CDAF6939C8AF7949CDBF6959C54
:10DD2000DCF6969C8BF7979C8CF7989C8DF7999CCA
:10DD30008EF79A9CDDF69B9CDEF69C9CCACF9D9C40
:10DD40008FF79E9CDFF69F9CE0F6A09CE1F6A19CDD
:10DD5000E2F6A29CE3F6A39CE4F6A49CF0C0A59C8A
:10DD6000E5F6A69CE6F6A79CE7F6A89CE8F6A99C33
:10DD7000E9F6AA9C90F7AB9CEAF6AC9C91F7AD9CB7
:10DD8000EBF6AE9CECF6AF9C92F7B09CEDF6B19C36
:10DD9000EEF6B29CEFF6B39CF0F6B49CF1F6B59CAF
:10DDA000F2F6B69CF3F6B79CF4F6B89CA8BEB99C04
:10DDB00093F7BA9CF5F6BB9CF6F6BC9CF7F6BD9CB7
:10DDC000F8F6BE9C94F7BF9C95F7C09C96F7C19C53
:10DDD00097F7C29C98F7C39CFAC8C49CF9F6C59CF7
:10DDE000FAF6C69CFBF6C79CFCF6C89C99F7C99C42
:10DDF0009AF7CA9CFDF6CB9CFEF6CC9CA1F7CD9C75
:10DE0000A2F7CE9CA3F7CF9CA4F7D09CA5F7D19CFA
:10DE10009BF7D29C9CF7D39CA6F7D49CA7F7D59CE4
:10DE2000A8F7D69CEEB1D79CA9F7D89CAAF7D99CA5
:10DE3000ABF7DA9C9DF7DB9C9EF7DC9CACF7DD9C96
:10DE4000ADF7DE9CDBC1DF9CAEF7E09C9FF7E19C69
:10DE5000A0F7E29CAFF7E39C40F8E49C41F8E59C16
:10DE600042F8E69C43F8E79C44F8E89C45F8E99CB6
:10DE700046F8EA9C47F8EB9C48F8EC9C49F8ED9C86
:10DE80004AF8EE9C4BF8EF9C4CF8F09C4DF8F19C56
:10DE90004EF8F29C4FF8F39C50F8F49C51F8F59C26
:10DEA00052F8F69C53F8F79C54F8F89C55F8F99CF6
:10DEB00056F8FA9C57F8FB9C58F8FC9C59F8FD9CC6
:10DEC0005AF8FE9C5BF8FF9C5CF8009D5DF8019D94
:10DED0005EF8029D5FF8039D60F8049D61F8059D62
:10DEE00062F8069D63F8079D64F8089D65F8099D32
:10DEF00066F80A9D67F80B9D68F80C9D69F80D9D02
:10DF00006AF80E9D6BF80F9D6CF8109D6DF8119DD1
:10DF10006EF8129D6FF8139D70F8149D71F8159DA1
:10DF200072F8169D73F8179D74F8189D75F8199D71
:10DF300076F81A9D77F81B9D78F81C9D79F81D9D41
:10DF40007AF81E9D7BF81F9D7CF8209D7DF8219D11
:10DF50007EF8229D80F8239D81F8249D82F8259DDE
:10DF600083F8269D84F8279D85F8289D86F8299DAD
:10DF700087F82A9D88F82B9D89F82C9D8AF82D9D7D
:10DF80008BF82E9D8CF82F9D8DF8309D8EF8319D4D
:10DF90008FF8329D90F8339D91F8349D92F8359D1D
:10DFA00093F8369D94F8379D95F8389D96F8399DED
:10DFB00097F83A9D98F83B9D99F83C9D9AF83D9DBD
:10DFC0009BF83E9D9CF83F9D9DF8409D9EF8419D8D
:10DFD0009FF8429DA0F8439D40F9449D41F9459D1D
:10DFE00042F9469D43F9479D44F9489D45F9499DAD
:10DFF00046F94A9D47F94B9D48F94C9D49F94D9D7D
:10E000004AF94E9D4BF94F9D4CF9509D4DF9519D4C
:10E010004EF9529D4FF9539D50F9549D51F9559D1C
:10E0200052F9569D53F9579D54F9589D55F9599DEC
:10E0300056F95A9D57F95B9D58F95C9D59F95D9DBC
:10E040005AF95E9D5BF95F9D5CF9609D5DF9619D8C
:10E050005EF9629D5FF9639D60F9649D61F9659D5C
:10E0600062F9669D63F9679D64F9689D65F9699D2C
:10E0700066F96A9D67F96B9D68F96C9D69F96D9DFC
:10E080006AF96E9D6BF96F9D6CF9709D6DF9719DCC
:10E090006EF9729D6FF9739D70F9749D71F9759D9C
:10E0A00072F9769D73F9779D74F9789D75F9799D6C
:10E0B00076F97A9D77F97B9D78F97C9D79F97D9D3C
:10E0C0007AF97E9D7BF97F9D7CF9809D7DF9819D0C
:10E0D0007EF9829D80F9839D81F9849D82F9859DD9
:10E0E00083F9869D84F9879D85F9889D86F9899DA8
:10E0F00087F98A9D88F98B9D89F98C9D8AF98D9D78
:10E100008BF98E9D8CF98F9D8DF9909D8EF9919D47
:10E110008FF9929D90F9939D91F9949D92F9959D17
:10E1200093F9969D94F9979D95F9989D96F9999DE7
:10E1300097F99A9D98F99B9D99F99C9D9AF99D9DB7
:10E140009BF99E9D9CF99F9D9DF9A09D9EF9A19D87
:10E150009FF9A29DA0F9A39D40FAA49D41FAA59D17
:10E1600042FAA69D43FAA79D44FAA89D45FAA99DA7
:10E1700046FAAA9D47FAAB9D48FAAC9D49FAAD9D77
:10E180004AFAAE9D4BFAAF9D4CFAB09D4DFAB19D47
:10E190004EFAB29D4FFAB39D50FAB49D51FAB59D17
:10E1A00052FAB69D53FAB79D54FAB89D55FAB99DE7
:10E1B00056FABA9D57FABB9D58FABC9D59FABD9DB7
:10E1C0005AFABE9D5BFABF9D5CFAC09D5DFAC19D87
:10E1D0005EFAC29D5FFAC39D60FAC49D61FAC59D57
:10E1E00062FAC69D63FAC79D64FAC89D65FAC99D27
:10E1F00066FACA9D67FACB9D68FACC9D69FACD9DF7
:10E200006AFACE9D6BFACF9D6CFAD09D6DFAD19DC6
:10E210006EFAD29D6FFAD39D70FAD49D71FAD59D96
:10E2200072FAD69D73FAD79D74FAD89D75FAD99D66
:10E2300076FADA9D77FADB9D78FADC9D79FADD9D36
:10E240007AFADE9D7BFADF9D7CFAE09D7DFAE19D06
:10E250007EFAE29D80FAE39D81FAE49D82FAE59DD3
:10E2600083FAE69D84FAE79D85FAE89D86FAE99DA2
:10E2700087FAEA9D88FAEB9D89FAEC9D8AFAED9D72
:10E280008BFAEE9D8CFAEF9D8DFAF09D8EFAF19D42
:10E290008FFAF29D90FAF39D91FAF49D92FAF59D12
:10E2A00093FAF69D94FAF79D95FAF89D96FAF99DE2
:10E2B00097FAFA9D98FAFB9D99FAFC9D9AFAFD9DB2
:10E2C0009BFAFE9D9CFAFF9D9DFA009E9EFA019E80
:10E2D0009FFA029EA0FA039E40FB049E41FB059E0E
:10E2E00042FB069E43FB079E44FB089E45FB099E9E
:10E2F00046FB0A9E47FB0B9E48FB0C9E49FB0D9E6E
:10E300004AFB0E9E4BFB0F9E4CFB109E4DFB119E3D
:10E310004EFB129E4FFB139E50FB149E51FB159E0D
:10E3200052FB169E53FB179E54FB189E55FB199EDD
:10E3300056FB1A9E57FB1B9E58FB1C9E59FB1D9EAD
:10E340005AFB1E9E5BFB1F9EF1C4209EAFF0219ED8
:10E35000A6BC229EB0F0239EF9C3249E5CFB259EA2
:10E36000B8C5269EBBD1279E5DFB289EB1F0299E95
:10E37000B2F02A9EB3F02B9EB4F02C9EB5F02D9EE9
:10E38000BCD12E9E5EFB2F9EECD1309E5FFB319E5A
:10E39000B7F0329EB6F0339EA7D4349E60FB359E14
:10E3A000D2CD369EB8F0379EBAF0389EB9F0399E7D
:10E3B000BBF03A9EBCF03B9E61FB3C9E62FB3D9EE7
:10E3C000EBB83E9EBDF03F9EE8BA409E63FB419E87
:10E3D000BEF0429EBFF0439EE9BE449EC0F0459E03
:10E3E000ECB6469EC1F0479EC2F0489EC3F0499EDF
:10E3F000C4F04A9EB5C84B9EC5F04C9EC6F04D9EDB
:10E4000064FB4E9EC7F04F9EF4C5509E65FB519E27
:10E41000C8F0529E66FB539E67FB549E68FB559E58
:10E42000C9F0569E69FB579ECAF0589EBDF7599E8B
:10E430006AFB5A9ECBF05B9ECCF05C9ECDF05D9E5D
:10E440006BFB5E9ECEF05F9E6CFB609E6DFB619EE3
:10E450006EFB629E6FFB639ECFF0649ED7BA659E93
:10E4600070FB669ED0F0679ED1F0689ED2F0699EE8
:10E47000D3F06A9ED4F06B9ED5F06C9ED6F06D9E64
:10E48000D8F06E9E71FB6F9E72FB709EA5D3719E3D
:10E49000D7F0729E73FB739ED9F0749E74FB759EC9
:10E4A00075FB769E76FB779E77FB789E78FB799E50
:10E4B00079FB7A9E7AFB7B9E7BFB7C9E7CFB7D9E20
:10E4C0007DFB7E9EBAF57F9EB9C2809E7EFB819EBB
:10E4D00080FB829EE4F7839E81FB849E82FB859E67
:10E4E00083FB869E84FB879EE5F7889EE6F7899EE0
:10E4F00085FB8A9E86FB8B9EE7F78C9E87FB8D9E15
:10E5000088FB8E9E89FB8F9E8AFB909E8BFB919E43
:10E510008CFB929EE8F7939EB4C2949E8DFB959ED1
:10E520008EFB969E8FFB979E90FB989E91FB999EEB
:10E5300092FB9A9E93FB9B9E94FB9C9E95FB9D9EBB
:10E54000EAF79E9E96FB9F9EEBF7A09E97FBA19EEF
:10E5500098FBA29E99FBA39E9AFBA49E9BFBA59E63
:10E560009CFBA69EF3C2A79E9DFBA89E9EFBA99E18
:10E570009FFBAA9EA0FBAB9E40FCAC9E41FCAD9EC7
:10E5800042FCAE9E43FCAF9E44FCB09E45FCB19E57
:10E5900046FCB29E47FCB39E48FCB49EF0F4B59E88
:10E5A00049FCB69E4AFCB79E4BFCB89EEFF4B99E60
:10E5B0004CFCBA9E4DFCBB9EE9C2BC9E4EFCBD9E6F
:10E5C000E1F7BE9EE2F7BF9E4FFCC09E50FCC19E8D
:10E5D00051FCC29E52FCC39E53FCC49EC6BBC59E4A
:10E5E00054FCC69E55FCC79E56FCC89E57FCC99E4F
:10E5F000E4D9CA9E58FCCB9E59FCCC9E5AFCCD9EB9
:10E60000F2CACE9EE8C0CF9EA4F0D09E5BFCD19E05
:10E61000DABAD29E5CFCD39E5DFCD49EADC7D59E7B
:10E620005EFCD69E5FFCD79E60FCD89EACC4D99E93
:10E6300061FCDA9E62FCDB9EECF7DC9EEDF7DD9E72
:10E64000EEF7DE9E63FCDF9EF0F7E09EEFF7E19EC3
:10E6500064FCE29EF1F7E39E65FCE49E66FCE59EA9
:10E66000F4F7E69E67FCE79EF3F7E89E68FCE99EF8
:10E67000F2F7EA9EF5F7EB9E69FCEC9E6AFCED9ED4
:10E680006BFCEE9E6CFCEF9EF6F7F09E6DFCF19E2F
:10E690006EFCF29E6FFCF39E70FCF49E71FCF59E86
:10E6A00072FCF69E73FCF79E74FCF89E75FCF99E56
:10E6B000E9EDFA9E76FCFB9EEAEDFC9EEBEDFD9EFD
:10E6C00077FCFE9EBCF6FF9E78FC009F79FC019FC4
:10E6D0007AFC029F7BFC039F7CFC049F7DFC059FD2
:10E6E0007EFC069F80FC079F81FC089F82FC099F9F
:10E6F00083FC0A9F84FC0B9FBDF60C9F85FC0D9F3D
:10E70000BEF60E9FA6B60F9F86FC109FBED8119F27
:10E7100087FC129F88FC139FC4B9149F89FC159F26
:10E720008AFC169F8BFC179FBBD8189F8CFC199FE7
:10E73000B1DC1A9F8DFC1B9F8EFC1C9F8FFC1D9FC4
:10E7400090FC1E9F91FC1F9F92FC209FF3CA219F6B
:10E7500093FC229FF7F7239F94FC249F95FC259F11
:10E7600096FC269F97FC279F98FC289F99FC299F41
:10E770009AFC2A9F9BFC2B9F9CFC2C9FF8F72D9FBB
:10E780009DFC2E9F9EFC2F9FF9F7309F9FFC319F91
:10E79000A0FC329F40FD339F41FD349F42FD359FD9
:10E7A00043FD369F44FD379FFBF7389F45FD399F5A
:10E7B000FAF73A9F46FD3B9FC7B13C9F47FD3D9FFF
:10E7C000FCF73E9FFDF73F9F48FD409F49FD419F5D
:10E7D0004AFD429F4BFD439F4CFD449FFEF7459FE2
:10E7E0004DFD469F4EFD479F4FFD489F50FD499F61
:10E7F00051FD4A9F52FD4B9F53FD4C9F54FD4D9F31
:10E8000055FD4E9F56FD4F9F57FD509FEBC6519FA4
:10E81000B4EC529F58FD539F59FD549F5AFD559F8C
:10E820005BFD569F5CFD579F5DFD589F5EFD599FA8
:10E830005FFD5A9F60FD5B9F61FD5C9F62FD5D9F78
:10E8400063FD5E9F64FD5F9F65FD609F66FD619F48
:10E8500067FD629F68FD639F69FD649F6AFD659F18
:10E860006BFD669F6CFD679F6DFD689F6EFD699FE8
:10E870006FFD6A9F70FD6B9F71FD6C9F72FD6D9FB8
:10E8800073FD6E9F74FD6F9F75FD709F76FD719F88
:10E8900077FD729F78FD739F79FD749F7AFD759F58
:10E8A0007BFD769F7CFD779F7DFD789F7EFD799F28
:10E8B00080FD7A9F81FD7B9F82FD7C9F83FD7D9FF4
:10E8C00084FD7E9F85FD7F9FDDB3809FB3F6819F92
:10E8D00086FD829F87FD839FB4F6849FE4C1859F58
:10E8E000B5F6869FB6F6879FB7F6889FB8F6899FDC
:10E8F000B9F68A9FBAF68B9FA3C88C9FBBF68D9FF3
:10E9000088FD8E9F89FD8F9F8AFD909F8BFD919F33
:10E910008CFD929F8DFD939F8EFD949F8FFD959F03
:10E9200090FD969F91FD979F92FD989F93FD999FD3
:10E93000FAC19A9FA8B99B9FE8ED9C9F94FD9D9F6B
:10E9400095FD9E9F96FD9F9FEAB9A09FDFD9A19F4D
:10E9500097FDA29F98FDA39F99FDA49F9AFDA59F57
:10E960009BFD2CF99CFD79F99DFD95F99EFDE7F93C
:10E970009FFDF1F9A0FD0CFA40FE0DFA41FE0EFAE2
:10E9800042FE0FFA43FE11FA44FE13FA45FE14FA52
:10E9900046FE18FA47FE1FFA48FE20FA49FE21FA01
:10E9A0004AFE23FA4BFE24FA4CFE27FA4DFE28FAC3
:10E9B0004EFE29FA4FFE30FE55A931FEF2A633FE77
:10E9C000F4A634FEF5A635FEE0A636FEE1A637FE37
:10E9D000F0A638FEF1A639FEE2A63AFEE3A63BFE1B
:10E9E000EEA63CFEEFA63DFEE6A63EFEE7A63FFEF7
:10E9F000E4A640FEE5A641FEE8A642FEE9A643FEE7
:10EA0000EAA644FEEBA649FE68A94AFE69A94BFEA8
:10EA10006AA94CFE6BA94DFE6CA94EFE6DA94FFE76
:10EA20006EA950FE6FA951FE70A952FE71A954FE45
:10EA300072A955FE73A956FE74A957FE75A959FE11
:10EA400076A95AFE77A95BFE78A95CFE79A95DFEDE
:10EA50007AA95EFE7BA95FFE7CA960FE7DA961FEAE
:10EA60007EA962FE80A963FE81A964FE82A965FE7B
:10EA700083A966FE84A968FE85A969FE86A96AFE47
:10EA800087A96BFE88A901FFA1A302FFA2A303FF30
:10EA9000A3A304FFE7A105FFA5A306FFA6A307FF05
:10EAA000A7A308FFA8A309FFA9A30AFFAAA30BFF16
:10EAB000ABA30CFFACA30DFFADA30EFFAEA30FFFE6
:10EAC000AFA310FFB0A311FFB1A312FFB2A313FFB6
:10EAD000B3A314FFB4A315FFB5A316FFB6A317FF86
:10EAE000B7A318FFB8A319FFB9A31AFFBAA31BFF56
:10EAF000BBA31CFFBCA31DFFBDA31EFFBEA31FFF26
:10EB0000BFA320FFC0A321FFC1A322FFC2A323FFF5
:10EB1000C3A324FFC4A325FFC5A326FFC6A327FFC5
:10EB2000C7A328FFC8A329FFC9A32AFFCAA32BFF95
:10EB3000CBA32CFFCCA32DFFCDA32EFFCEA32FFF65
:10EB4000CFA330FFD0A331FFD1A332FFD2A333FF35
:10EB5000D3A334FFD4A335FFD5A336FFD6A337FF05
:10EB6000D7A338FFD8A339FFD9A33AFFDAA33BFFD5
:10EB7000DBA33CFFDCA33DFFDDA33EFFDEA33FFFA5
:10EB8000DFA340FFE0A341FFE1A342FFE2A343FF75
:10EB9000E3A344FFE4A345FFE5A346FFE6A347FF45
:10EBA000E7A348FFE8A349FFE9A34AFFEAA34BFF15
:10EBB000EBA34CFFECA34DFFEDA34EFFEEA34FFFE5
:10EBC000EFA350FFF0A351FFF1A352FFF2A353FFB5
:10EBD000F3A354FFF4A355FFF5A356FFF6A357FF85
:10EBE000F7A358FFF8A359FFF9A35AFFFAA35BFF55
:10EBF000FBA35CFFFCA35DFFFDA35EFFABA1E0FFF9
:10EC0000E9A1E1FFEAA1E2FF56A9E3FFFEA3E4FFC9
:10EC100057A9E5FFA4A3000000008000AC204081BC
:10EC2000024E4181044E4281054E4381064E44818D
:10EC30000F4E4581124E4681174E47811F4E488127
:10EC4000204E4981214E4A81234E4B81264E4C81D4
:10EC5000294E4D812E4E4E812F4E4F81314E508187
:10EC6000334E5181354E5281374E53813C4E548143
:10EC7000404E5581414E5681424E5781444E5881F7
:10EC8000464E59814A4E5A81514E5B81554E5C81A8
:10EC9000574E5D815A4E5E815B4E5F81624E608150
:10ECA000634E6181644E6281654E6381674E64810B
:10ECB000684E65816A4E66816B4E67816C4E6881D5
:10ECC0006D4E69816E4E6A816F4E6B81724E6C81A2
:10ECD000744E6D81754E6E81764E6F81774E708168
:10ECE000784E7181794E72817A4E73817B4E748138
:10ECF0007C4E75817D4E76817F4E7781804E788106
:10ED0000814E7981824E7A81834E7B81844E7C81D3
:10ED1000854E7D81874E7E818A4E8081904E818195
:10ED2000964E8281974E8381994E84819C4E858137
:10ED30009D4E86819E4E8781A34E8881AA4E8981F1
:10ED4000AF4E8A81B04E8B81B14E8C81B44E8D8195
:10ED5000B64E8E81B74E8F81B84E9081B94E91815B
:10ED6000BC4E9281BD4E9381BE4E9481C84E95811A
:10ED7000CC4E9681CF4E9781D04E9881D24E9981BC
:10ED8000DA4E9A81DB4E9B81DC4E9C81E04E9D8168
:10ED9000E24E9E81E64E9F81E74EA081E94EA18121
:10EDA000ED4EA281EE4EA381EF4EA481F14EA581DE
:10EDB000F44EA681F84EA781F94EA881FA4EA9819A
:10EDC000FC4EAA81FE4EAB81004FAC81024FAD815B
:10EDD000034FAE81044FAF81054FB081064FB18123
:10EDE000074FB281084FB3810B4FB4810C4FB581EF
:10EDF000124FB681134FB781144FB881154FB981A7
:10EE0000164FBA811C4FBB811D4FBC81214FBD8164
:10EE1000234FBE81284FBF81294FC0812C4FC18114
:10EE20002D4FC2812E4FC381314FC481334FC581D5
:10EE3000354FC681374FC781394FC8813B4FC98194
:10EE40003E4FCA813F4FCB81404FCC81414FCD8156
:10EE5000424FCE81444FCF81454FD081474FD18122
:10EE6000484FD281494FD3814A4FD4814B4FD581EE
:10EE70004C4FD681524FD781544FD881564FD981AC
:10EE8000614FDA81624FDB81664FDC81684FDD8143
:10EE90006A4FDE816B4FDF816D4FE0816E4FE18104
:10EEA000714FE281724FE381754FE481774FE581C5
:10EEB000784FE681794FE7817A4FE8817D4FE9818C
:10EEC000804FEA81814FEB81824FEC81854FED814C
:10EED000864FEE81874FEF818A4FF0818C4FF18111
:10EEE0008E4FF281904FF381924FF481934FF581D1
:10EEF000954FF681964FF781984FF881994FF98198
:10EF00009A4FFA819C4FFB819E4FFC819F4FFD8160
:10EF1000A14FFE81A24F4082A44F4182AB4F42825B
:10EF2000AD4F4382B04F4482B14F4582B24F4682CB
:10EF3000B34F4782B44F4882B64F4982B74F4A8297
:10EF4000B84F4B82B94F4C82BA4F4D82BB4F4E8265
:10EF5000BC4F4F82BD4F5082BE4F5182C04F528234
:10EF6000C14F5382C24F5482C64F5582C74F5682FB
:10EF7000C84F5782C94F5882CB4F5982CC4F5A82C3
:10EF8000CD4F5B82D24F5C82D34F5D82D44F5E8285
:10EF9000D54F5F82D64F6082D94F6182DB4F62824C
:10EFA000E04F6382E24F6482E44F6582E54F668200
:10EFB000E74F6782EB4F6882EC4F6982F04F6A82BD
:10EFC000F24F6B82F44F6C82F54F6D82F64F6E827A
:10EFD000F74F6F82F94F7082FB4F7182FC4F728244
:10EFE000FD4F7382FF4F748200507582015076820C
:10EFF00002507782035078820450798205507A82D9
:10F0000006507B8207507C8208507D8209507E82A8
:10F010000A5080820B5081820E508282105083826F
:10F020001150848213508582155086821650878233
:10F03000175088821B5089821D508A821E508B82F5
:10F0400020508C8222508D8223508E8224508F82B9
:10F05000275090822B5091822F5092823050938271
:10F060003150948232509582335096823450978238
:10F07000355098823650998237509A8238509B8208
:10F0800039509C823B509D823D509E823F509F82D2
:10F090004050A0824150A1824250A2824450A3829B
:10F0A0004550A4824650A5824950A6824A50A78264
:10F0B0004B50A8824D50A9825050AA825150AB8229
:10F0C0005250AC825350AD825450AE825650AF82F3
:10F0D0005750B0825850B1825950B2825B50B382BF
:10F0E0005D50B4825E50B5825F50B6826050B78288
:10F0F0006150B8826250B9826350BA826450BB8258
:10F100006650BC826750BD826850BE826950BF8223
:10F110006A50C0826B50C1826D50C2826E50C382F1
:10F120006F50C4827050C5827150C6827250C782BF
:10F130007350C8827450C9827550CA827850CB828D
:10F140007950CC827A50CD827C50CE827D50CF8255
:10F150008150D0828250D1828350D2828450D38217
:10F160008650D4828750D5828950D6828A50D782E1
:10F170008B50D8828C50D9828E50DA828F50DB82AD
:10F180009050DC829150DD829250DE829350DF827B
:10F190009450E0829550E1829650E2829750E3824B
:10F1A0009850E4829950E5829A50E6829B50E7821B
:10F1B0009C50E8829D50E9829E50EA829F50EB82EB
:10F1C000A050EC82A150ED82A250EE82A450EF82BA
:10F1D000A650F082AA50F182AB50F282AD50F38279
:10F1E000AE50F482AF50F582B050F682B150F78243
:10F1F000B350F882B450F982B550FA82B650FB820F
:10F20000B750FC82B850FD82B950FE82BC5040839A
:10F21000BD504183BE504283BF504383C05044839E
:10F22000C1504583C2504683C3504783C45048836E
:10F23000C5504983C6504A83C7504B83C8504C833E
:10F24000C9504D83CA504E83CB504F83CC5050830E
:10F25000CD505183CE505283D0505383D1505483DC
:10F26000D2505583D3505683D4505783D5505883AA
:10F27000D7505983D8505A83D9505B83DB505C8375
:10F28000DC505D83DD505E83DE505F83DF50608342
:10F29000E0506183E1506283E2506383E350648312
:10F2A000E4506583E5506683E8506783E9506883DE
:10F2B000EA506983EB506A83EF506B83F0506C83A4
:10F2C000F1506D83F2506E83F4506F83F65070836B
:10F2D000F7507183F8507283F9507383FA50748336
:10F2E000FC507583FD507683FE507783FF50788302
:10F2F0000051798301517A8302517B8303517C83CE
:10F3000004517D8305517E83085180830951818397
:10F310000A5182830C5183830D5184830E5185835E
:10F320000F5186831051878311518883135189832C
:10F3300014518A8315518B8316518C8317518D83F9
:10F3400018518E8319518F831A5190831B519183C9
:10F350001C5192831D5193831E5194831F51958399
:10F360002051968322519783235198832451998366
:10F3700025519A8326519B8327519C8328519D8335
:10F3800029519E832A519F832B51A0832C51A18305
:10F390002D51A2832E51A3832F51A4833051A583D5
:10F3A0003151A6833251A7833351A8833451A983A5
:10F3B0003551AA833651AB833751AC833851AD8375
:10F3C0003951AE833A51AF833B51B0833C51B18345
:10F3D0003D51B2833E51B3834251B4834751B5830B
:10F3E0004A51B6834C51B7834E51B8834F51B983BC
:10F3F0005051BA835251BB835351BC835751BD8383
:10F400005851BE835951BF835B51C0835D51C18345
:10F410005E51C2835F51C3836051C4836151C58310
:10F420006351C6836451C7836651C8836751C983DA
:10F430006951CA836A51CB836F51CC837251CD839A
:10F440007A51CE837E51CF837F51D0838351D18334
:10F450008451D2838651D3838751D4838A51D583F3
:10F460008B51D6838E51D7838F51D8839051D983B6
:10F470009151DA839351DB839451DC839851DD837E
:10F480009A51DE839D51DF839E51E0839F51E1833A
:10F49000A151E283A351E383A651E483A751E583FD
:10F4A000A851E683A951E783AA51E883AD51E983C6
:10F4B000AE51EA83B451EB83B851EC83B951ED837B
:10F4C000BA51EE83BE51EF83BF51F083C151F18336
:10F4D000C251F283C351F383C551F483C851F583FC
:10F4E000CA51F683CD51F783CE51F883D051F983B9
:10F4F000D251FA83D351FB83D451FC83D551FD8380
:10F50000D651FE83D7514084D8514184D951428489
:10F51000DA514384DC514484DE514584DF51468412
:10F52000E2514784E3514884E5514984E6514A84D5
:10F53000E7514B84E8514C84E9514D84EA514E84A3
:10F54000EC514F84EE515084F1515184F251528468
:10F55000F4515384F7515484FE5155840452568417
:10F5600005525784095258840B5259840C525A84BC
:10F570000F525B8410525C8413525D8414525E847B
:10F5800015525F841C5260841E5261841F52628433
:10F5900021526384225264842352658425526684F6
:10F5A00026526784275268842A5269842C526A84BE
:10F5B0002F526B8431526C8432526D8434526E847B
:10F5C00035526F843C5270843E527184445272842E
:10F5D00045527384465274844752758448527684E7
:10F5E000495277844B5278844E5279844F527A84B0
:10F5F00052527B8453527C8455527D8457527E8470
:10F6000058528084595281845A5282845B52838436
:10F610005D5284845F5285846052868462528784FE
:10F62000635288846452898466528A8468528B84C7
:10F630006B528C846C528D846D528E846E528F848A
:10F640007052908471529184735292847452938454
:10F650007552948476529584775296847852978422
:10F66000795298847A5299847B529A847C529B84F2
:10F670007E529C8480529D8483529E8484529F84B7
:10F680008552A0848652A1848752A2848952A38481
:10F690008A52A4848B52A5848C52A6848D52A7844E
:10F6A0008E52A8848F52A9849152AA849252AB841C
:10F6B0009452AC849552AD849652AE849752AF84E6
:10F6C0009852B0849952B1849A52B2849C52B384B5
:10F6D000A452B484A552B584A652B684A752B78466
:10F6E000AE52B884AF52B984B052BA84B452BB841B
:10F6F000B552BC84B652BD84B752BE84B852BF84E2
:10F70000B952C084BA52C184BB52C284BC52C384B1
:10F71000BD52C484C052C584C152C684C252C7847B
:10F72000C452C884C552C984C652CA84C852CB8444
:10F73000CA52CC84CC52CD84CD52CE84CE52CF840A
:10F74000CF52D084D152D184D352D284D452D384D4
:10F75000D552D484D752D584D952D684DA52D7849C
:10F76000DB52D884DC52D984DD52DA84DE52DB8469
:10F77000E052DC84E152DD84E252DE84E352DF8435
:10F78000E552E084E652E184E752E284E852E38401
:10F79000E952E484EA52E584EB52E684EC52E784D1
:10F7A000ED52E884EE52E984EF52EA84F152EB84A0
:10F7B000F252EC84F352ED84F452EE84F552EF846D
:10F7C000F652F084F752F184F852F284FB52F3843B
:10F7D000FC52F484FD52F5840153F6840253F784FD
:10F7E0000353F8840453F9840753FA840953FB84C0
:10F7F0000A53FC840B53FD840C53FE840E53408546
:10F800001153418512534285135343851453448544
:10F81000185345851B5346851C5347851E53488501
:10F820001F53498522534A8524534B8525534C85C4
:10F8300027534D8528534E8529534F852B5350858B
:10F840002C5351852D5352852F5353853053548556
:10F850003153558532535685335357853453588524
:10F860003553598536535A8537535B8538535C85F4
:10F870003C535D853D535E8540535F8542536085B3
:10F8800044536185465362854B5363854C5364856D
:10F890004D53658550536685545367855853688525
:10F8A000595369855B536A855D536B8565536C85D8
:10F8B00068536D856A536E856C536F856D53708583
:10F8C0007253718576537285795373857B53748532
:10F8D0007C5375857D5376857E53778580537885F7
:10F8E0008153798583537A8587537B8588537C85BB
:10F8F0008A537D858E537E858F5380859053818575
:10F90000915382859253838593538485945385853F
:10F910009653868597538785995388859B53898508
:10F920009C538A859E538B85A0538C85A1538D85CE
:10F93000A4538E85A7538F85AA539085AB53918589
:10F94000AC539285AD539385AF539485B053958551
:10F95000B1539685B2539785B3539885B45399851F
:10F96000B5539A85B7539B85B8539C85B9539D85EC
:10F97000BA539E85BC539F85BD53A085BE53A185B8
:10F98000C053A285C353A385C453A485C553A5857D
:10F99000C653A685C753A785CE53A885CF53A9853F
:10F9A000D053AA85D253AB85D353AC85D553AD85FF
:10F9B000DA53AE85DC53AF85DD53B085DE53B185B8
:10F9C000E153B285E253B385E753B485F453B5856B
:10F9D000FA53B685FE53B785FF53B8850054B985F1
:10F9E0000254BA850554BB850754BC850B54BD85AC
:10F9F0001454BE851854BF851954C0851A54C18546
:10FA00001C54C2852254C3852454C4852554C585FD
:10FA10002A54C6853054C7853354C8853654C985A1
:10FA20003754CA853A54CB853D54CC853F54CD8557
:10FA30004154CE854254CF854454D0854554D18518
:10FA40004754D2854954D3854C54D4854D54D585DB
:10FA50004E54D6854F54D7855154D8855A54D9859C
:10FA60005D54DA855E54DB855F54DC856054DD854A
:10FA70006154DE856354DF856554E0856754E18514
:10FA80006954E2856A54E3856B54E4856C54E585DA
:10FA90006D54E6856E54E7856F54E8857054E985AA
:10FAA0007454EA857954EB857A54EC857E54ED855F
:10FAB0007F54EE858154EF858354F0858554F1851C
:10FAC0008754F2858854F3858954F4858A54F585E2
:10FAD0008D54F6859154F7859354F8859754F9859C
:10FAE0009854FA859C54FB859E54FC859F54FD8553
:10FAF000A054FE85A1544086A2544186A554428656
:10FB0000AE544386B0544486B2544586B5544686B6
:10FB1000B6544786B7544886B9544986BA544A867B
:10FB2000BC544B86BE544C86C3544D86C5544E8639
:10FB3000CA544F86CB545086D6545186D8545286D8
:10FB4000DB545386E0545486E1545586E25456867D
:10FB5000E3545786E4545886EB545986EC545A863D
:10FB6000EF545B86F0545C86F1545D86F4545E86F7
:10FB7000F5545F86F6546086F7546186F8546286C1
:10FB8000F9546386FB546486FE5465860055668688
:10FB900002556786035568860455698605556A8649
:10FBA00008556B860A556C860B556D860C556E860E
:10FBB0000D556F860E5570861255718613557286D7
:10FBC000155573861655748617557586185576869D
:10FBD000195577861A5578861C5579861D557A866B
:10FBE0001E557B861F557C8621557D8625557E8634
:10FBF0002655808628558186295582862B558386F1
:10FC00002D558486325585863455868635558786AA
:10FC1000365588863855898639558A863A558B8671
:10FC20003B558C863D558D8640558E8642558F8638
:10FC30004555908647559186485592864B559386F3
:10FC40004C5594864D5595864E5596864F559786BC
:10FC5000515598865255998653559A8654559B8688
:10FC600057559C8658559D8659559E865A559F8650
:10FC70005B55A0865D55A1865E55A2865F55A3861D
:10FC80006055A4866255A5866355A6866855A786E5
:10FC90006955A8866B55A9866F55AA867055AB869F
:10FCA0007155AC867255AD867355AE867455AF8668
:10FCB0007955B0867A55B1867D55B2867F55B38623
:10FCC0008555B4868655B5868C55B6868D55B786CE
:10FCD0008E55B8869055B9869255BA869355BB868F
:10FCE0009555BC869655BD869755BE869A55BF8656
:10FCF0009B55C0869E55C186A055C286A155C38618
:10FD0000A255C486A355C586A455C686A555C786E3
:10FD1000A655C886A855C986A955CA86AA55CB86B0
:10FD2000AB55CC86AC55CD86AD55CE86AE55CF867F
:10FD3000AF55D086B055D186B255D286B455D3864C
:10FD4000B655D486B855D586BA55D686BC55D7860D
:10FD5000BF55D886C055D986C155DA86C255DB86CF
:10FD6000C355DC86C655DD86C755DE86C855DF8699
:10FD7000CA55E086CB55E186CE55E286CF55E3865F
:10FD8000D055E486D555E586D755E686D855E7861D
:10FD9000D955E886DA55E986DB55EA86DE55EB86E5
:10FDA000E055EC86E255ED86E755EE86E955EF869F
:10FDB000ED55F086EE55F186F055F286F155F38655
:10FDC000F455F486F655F586F855F686F955F78616
:10FDD000FA55F886FB55F986FC55FA86FF55FB86E1
:10FDE0000256FC860356FD860456FE86055640875D
:10FDF00006564187075642870A5643870B56448763
:10FE00000D56458710564687115647871256488724
:10FE10001356498714564A8715564B8716564C87F2
:10FE200017564D8719564E871A564F871C565087BE
:10FE30001D56518720565287215653872256548784
:10FE40002556558726565687285657872956588748
:10FE50002A5659872B565A872E565B872F565C8712
:10FE600030565D8733565E8735565F8737566087D5
:10FE7000385661873A5662873C5663873D56648799
:10FE80003E56658740566687415667874256688763
:10FE90004356698744566A8745566B8746566C8732
:10FEA00047566D8748566E8749566F874A56708702
:10FEB0004B5671874F5672875056738751567487C9
:10FEC0005256758753567687555677875656788794
:10FED0005A5679875B567A875D567B875E567C8754
:10FEE0005F567D8760567E8761568087635681871F
:10FEF0006556828766568387675684876D568587E1
:10FF00006E5686876F5687877056888772568987A0
:10FF100073568A8774568B8775568C8777568D876C
:10FF200078568E8779568F877A5690877D56918737
:10FF30007E5692877F569387805694878156958701
:10FF400082569687835697878456988787569987CF
:10FF500088569A8789569B878A569C878B569D8799
:10FF60008C569E878D569F879056A0879156A18765
:10FF70009256A2879456A3879556A4879656A5872E
:10FF80009756A6879856A7879956A8879A56A987FD
:10FF90009B56AA879C56AB879D56AC879E56AD87CD
:10FFA0009F56AE87A056AF87A156B087A256B1879D
:10FFB000A456B287A556B387A656B487A756B58769
:10FFC000A856B687A956B787AA56B887AB56B98739
:10FFD000AC56BA87AD56BB87AE56BC87B056BD8708
:10FFE000B156BE87B256BF87B356C087B456C187D5
:10FFF000B556C287B656C387B856C487B956C587A3
:020000040802F0
:10000000BA56C687BB56C787BD56C887BE56C9876E
:10001000BF56CA87C056CB87C156CC87C256CD873C
:10002000C356CE87C456CF87C556D087C656D1870C
:10003000C756D287C856D387C956D487CB56D587DB
:10004000CC56D687CD56D787CE56D887CF56D987A8
:10005000D056DA87D156DB87D256DC87D356DD8778
:10006000D556DE87D656DF87D856E087D956E18742
:10007000DC56E287E356E387E556E487E656E587F4
:10008000E756E687E856E787E956E887EA56E987BC
:10009000EC56EA87EE56EB87EF56EC87F256ED8783
:1000A000F356EE87F656EF87F756F087F856F18746
:1000B000FB56F287FC56F3870057F4870157F58704
:1000C0000257F6870557F7870757F8870B57F987C1
:1000D0000C57FA870D57FB870E57FC870F57FD8784
:1000E0001057FE871157408812574188135742888E
:1000F000145743881557448816574588175746881C
:1001000018574788195748881A5749881B574A88EB
:100110001D574B881E574C8820574D8821574E88B5
:1001200022574F8824575088255751882657528880
:10013000275753882B57548831575588325756883C
:1001400034575788355758883657598837575A88FB
:1001500038575B883C575C883D575D883F575E88C1
:1001600041575F8843576088445761884557628884
:100170004657638848576488495765884B5766884F
:1001800052576788535768885457698855576A8803
:1001900056576B8858576C8859576D8862576E88C8
:1001A00063576F8865577088675771886C57728876
:1001B0006E57738870577488715775887257768830
:1001C00074577788755778887857798879577A88F7
:1001D0007A577B887D577C887E577D887F577E88BD
:1001E000805780888157818887578288885783887D
:1001F000895784888A5785888D5786888E5787883F
:100200008F5788889057898891578A8894578B8808
:1002100095578C8896578D8897578E8898578F88D2
:10022000995790889A5791889C5792889D579388A0
:100230009E5794889F579588A5579688A857978862
:10024000AA579888AC579988AF579A88B0579B8817
:10025000B1579C88B3579D88B5579E88B6579F88DD
:10026000B757A088B957A188BA57A288BB57A388A7
:10027000BC57A488BD57A588BE57A688BF57A78876
:10028000C057A888C157A988C457AA88C557AB8842
:10029000C657AC88C757AD88C857AE88C957AF880E
:1002A000CA57B088CC57B188CD57B288D057B388D9
:1002B000D157B488D357B588D657B688D757B7889B
:1002C000DB57B888DC57B988DE57BA88E157BB8856
:1002D000E257BC88E357BD88E557BE88E657BF881C
:1002E000E757C088E857C188E957C288EA57C388EA
:1002F000EB57C488EC57C588EE57C688F057C788B7
:10030000F157C888F257C988F357CA88F557CB8880
:10031000F657CC88F757CD88FB57CE88FC57CF8847
:10032000FE57D088FF57D1880158D2880358D38808
:100330000458D4880558D5880858D6880958D788CD
:100340000A58D8880C58D9880E58DA880F58DB8894
:100350001058DC881258DD881358DE881458DF885E
:100360001658E0881758E1881858E2881A58E38828
:100370001B58E4881C58E5881D58E6881F58E788F4
:100380002258E8882358E9882558EA882658EB88B7
:100390002758EC882858ED882958EE882B58EF8884
:1003A0002C58F0882D58F1882E58F2882F58F38851
:1003B0003158F4883258F5883358F6883458F7881D
:1003C0003658F8883758F9883858FA883958FB88E9
:1003D0003A58FC883B58FD883C58FE883D58408977
:1003E0003E5841893F584289405843894158448981
:1003F000425845894358468945584789465848894F
:100400004758498948584A8949584B894A584C891C
:100410004B584D894E584E894F584F8950585089E6
:1004200052585189535852895558538956585489AE
:1004300057585589595856895A5857895B58588979
:100440005C5859895D585A895F585B8960585C8946
:1004500061585D8962585E8963585F896458608914
:1004600066586189675862896858638969586489E0
:100470006A5865896D5866896E5867896F586889AA
:100480007058698971586A8972586B8973586C8978
:1004900074586D8975586E8976586F897758708948
:1004A00078587189795872897A5873897B58748918
:1004B0007C5875897D5876897F58778982587889E4
:1004C0008458798986587A8987587B8988587C89A5
:1004D0008A587D898B587E898C5880898D5881896E
:1004E0008E5882898F58838990588489915885893C
:1004F0009458868995588789965888899758898904
:1005000098588A899B588B899C588C899D588D89CD
:10051000A0588E89A1588F89A2589089A358918993
:10052000A4589289A5589389A6589489A758958963
:10053000AA589689AB589789AC589889AD5899892B
:10054000AE589A89AF589B89B0589C89B1589D89FB
:10055000B2589E89B3589F89B458A089B558A189CB
:10056000B658A289B758A389B858A489B958A5899B
:10057000BA58A689BB58A789BD58A889BE58A98969
:10058000BF58AA89C058AB89C258AC89C358AD8935
:10059000C458AE89C658AF89C758B089C858B18900
:1005A000C958B289CA58B389CB58B489CC58B589CF
:1005B000CD58B689CE58B789CF58B889D058B9899F
:1005C000D258BA89D358BB89D458BC89D658BD896A
:1005D000D758BE89D858BF89D958C089DA58C18937
:1005E000DB58C289DC58C389DD58C489DE58C58907
:1005F000DF58C689E058C789E158C889E258C989D7
:10060000E358CA89E558CB89E658CC89E758CD89A3
:10061000E858CE89E958CF89EA58D089ED58D18970
:10062000EF58D289F158D389F258D489F458D58932
:10063000F558D689F758D789F858D889FA58D989FA
:10064000FB58DA89FC58DB89FD58DC89FE58DD89C6
:10065000FF58DE890059DF890159E0890359E18992
:100660000559E2890659E3890859E4890959E58958
:100670000A59E6890B59E7890C59E8890E59E98925
:100680001059EA891159EB891259EC891359ED89EE
:100690001759EE891859EF891B59F0891D59F189AD
:1006A0001E59F2892059F3892159F4892259F58973
:1006B0002359F6892659F7892859F8892C59F98937
:1006C0003059FA893259FB893359FC893559FD89EA
:1006D0003659FE893B59408A3D59418A3E59428AE2
:1006E0003F59438A4059448A4359458A4559468A65
:1006F0004659478A4A59488A4C59498A4D594A8A23
:1007000050594B8A52594C8A53594D8A59594E8ADD
:100710005B594F8A5C59508A5D59518A5E59528A99
:100720005F59538A6159548A6359558A6459568A64
:100730006659578A6759588A6859598A69595A8A2D
:100740006A595B8A6B595C8A6C595D8A6D595E8AFD
:100750006E595F8A6F59608A7059618A7159628ACD
:100760007259638A7559648A7759658A7A59668A93
:100770007B59678A7C59688A7E59698A7F596A8A57
:1007800080596B8A85596C8A89596D8A8B596E8A12
:100790008C596F8A8E59708A8F59718A9059728AD2
:1007A0009159738A9459748A9559758A9859768A99
:1007B0009A59778A9B59788A9C59798A9D597A8A5D
:1007C0009F597B8AA0597C8AA1597D8AA2597E8A29
:1007D000A659808AA759818AAC59828AAD59838AE1
:1007E000B059848AB159858AB359868AB459878A9F
:1007F000B559888AB659898AB7598A8AB8598B8A6D
:10080000BA598C8ABC598D8ABD598E8ABF598F8A34
:10081000C059908AC159918AC259928AC359938A00
:10082000C459948AC559958AC759968AC859978ACE
:10083000C959988ACC59998ACD599A8ACE599B8A96
:10084000CF599C8AD5599D8AD6599E8AD9599F8A53
:10085000DB59A08ADE59A18ADF59A28AE059A38A0E
:10086000E159A48AE259A58AE459A68AE659A78AD9
:10087000E759A88AE959A98AEA59AA8AEB59AB8AA1
:10088000ED59AC8AEE59AD8AEF59AE8AF059AF8A6C
:10089000F159B08AF259B18AF359B28AF459B38A3C
:1008A000F559B48AF659B58AF759B68AF859B78A0C
:1008B000FA59B88AFC59B98AFD59BA8AFE59BB8AD5
:1008C000005ABC8A025ABD8A0A5ABE8A0B5ABF8A8B
:1008D0000D5AC08A0E5AC18A0F5AC28A105AC38A48
:1008E000125AC48A145AC58A155AC68A165AC78A11
:1008F000175AC88A195AC98A1A5ACA8A1B5ACB8ADD
:100900001D5ACC8A1E5ACD8A215ACE8A225ACF8AA3
:10091000245AD08A265AD18A275AD28A285AD38A68
:100920002A5AD48A2B5AD58A2C5AD68A2D5AD78A33
:100930002E5AD88A2F5AD98A305ADA8A335ADB8A01
:10094000355ADC8A375ADD8A385ADE8A395ADF8AC4
:100950003A5AE08A3B5AE18A3D5AE28A3E5AE38A91
:100960003F5AE48A415AE58A425AE68A435AE78A5C
:10097000445AE88A455AE98A475AEA8A485AEB8A29
:100980004B5AEC8A4C5AED8A4D5AEE8A4E5AEF8AEF
:100990004F5AF08A505AF18A515AF28A525AF38ABF
:1009A000535AF48A545AF58A565AF68A575AF78A8D
:1009B000585AF88A595AF98A5B5AFA8A5C5AFB8A59
:1009C0005D5AFC8A5E5AFD8A5F5AFE8A605A408BE5
:1009D000615A418B635A428B645A438B655A448BEC
:1009E000665A458B685A468B695A478B6B5A488BB7
:1009F0006C5A498B6D5A4A8B6E5A4B8B6F5A4C8B83
:100A0000705A4D8B715A4E8B725A4F8B735A508B52
:100A1000785A518B795A528B7B5A538B7C5A548B10
:100A20007D5A558B7E5A568B805A578B815A588BDC
:100A3000825A598B835A5A8B845A5B8B855A5C8BAA
:100A4000865A5D8B875A5E8B885A5F8B895A608B7A
:100A50008A5A618B8B5A628B8C5A638B8D5A648B4A
:100A60008E5A658B8F5A668B905A678B915A688B1A
:100A7000935A698B945A6A8B955A6B8B965A6C8BE6
:100A8000975A6D8B985A6E8B995A6F8B9C5A708BB4
:100A90009D5A718B9E5A728B9F5A738BA05A748B7E
:100AA000A15A758BA25A768BA35A778BA45A788B4E
:100AB000A55A798BA65A7A8BA75A7B8BA85A7C8B1E
:100AC000A95A7D8BAB5A7E8BAC5A808BAD5A818BE9
:100AD000AE5A828BAF5A838BB05A848BB15A858BB6
:100AE000B45A868BB65A878BB75A888BB95A898B7A
:100AF000BA5A8A8BBB5A8B8BBC5A8C8BBD5A8D8B46
:100B0000BF5A8E8BC05A8F8BC35A908BC45A918B0D
:100B1000C55A928BC65A938BC75A948BC85A958BD9
:100B2000CA5A968BCB5A978BCD5A988BCE5A998BA3
:100B3000CF5A9A8BD05A9B8BD15A9C8BD35A9D8B70
:100B4000D55A9E8BD75A9F8BD95AA08BDA5AA18B34
:100B5000DB5AA28BDD5AA38BDE5AA48BDF5AA58BFE
:100B6000E25AA68BE45AA78BE55AA88BE75AA98BC1
:100B7000E85AAA8BEA5AAB8BEC5AAC8BED5AAD8B88
:100B8000EE5AAE8BEF5AAF8BF05AB08BF25AB18B54
:100B9000F35AB28BF45AB38BF55AB48BF65AB58B21
:100BA000F75AB68BF85AB78BF95AB88BFA5AB98BF1
:100BB000FB5ABA8BFC5ABB8BFD5ABC8BFE5ABD8BC1
:100BC000FF5ABE8B005BBF8B015BC08B025BC18B8E
:100BD000035BC28B045BC38B055BC48B065BC58B5D
:100BE000075BC68B085BC78B0A5BC88B0B5BC98B2B
:100BF0000C5BCA8B0D5BCB8B0E5BCC8B0F5BCD8BF9
:100C0000105BCE8B115BCF8B125BD08B135BD18BC8
:100C1000145BD28B155BD38B185BD48B195BD58B94
:100C20001A5BD68B1B5BD78B1C5BD88B1D5BD98B60
:100C30001E5BDA8B1F5BDB8B205BDC8B215BDD8B30
:100C4000225BDE8B235BDF8B245BE08B255BE18B00
:100C5000265BE28B275BE38B285BE48B295BE58BD0
:100C60002A5BE68B2B5BE78B2C5BE88B2D5BE98BA0
:100C70002E5BEA8B2F5BEB8B305BEC8B315BED8B70
:100C8000335BEE8B355BEF8B365BF08B385BF18B38
:100C9000395BF28B3A5BF38B3B5BF48B3C5BF58B04
:100CA0003D5BF68B3E5BF78B3F5BF88B415BF98BD3
:100CB000425BFA8B435BFB8B445BFC8B455BFD8BA0
:100CC000465BFE8B475B408C485B418C495B428CAA
:100CD0004A5B438C4B5B448C4C5B458C4D5B468C38
:100CE0004E5B478C4F5B488C525B498C565B4A8C01
:100CF0005E5B4B8C605B4C8C615B4D8C675B4E8CA0
:100D0000685B4F8C6B5B508C6D5B518C6E5B528C57
:100D10006F5B538C725B548C745B558C765B568C1A
:100D2000775B578C785B588C795B598C7B5B5A8CE2
:100D30007C5B5B8C7E5B5C8C7F5B5D8C825B5E8CAA
:100D4000865B5F8C8A5B608C8D5B618C8E5B628C5A
:100D5000905B638C915B648C925B658C945B668C1E
:100D6000965B678C9F5B688CA75B698CA85B6A8CC1
:100D7000A95B6B8CAC5B6C8CAD5B6D8CAE5B6E8C75
:100D8000AF5B6F8CB15B708CB25B718CB75B728C3C
:100D9000BA5B738CBB5B748CBC5B758CC05B768CF4
:100DA000C15B778CC35B788CC85B798CC95B7A8CB0
:100DB000CA5B7B8CCB5B7C8CCD5B7D8CCE5B7E8C75
:100DC000CF5B808CD15B818CD45B828CD55B838C38
:100DD000D65B848CD75B858CD85B868CD95B878C03
:100DE000DA5B888CDB5B898CDC5B8A8CE05B8B8CD0
:100DF000E25B8C8CE35B8D8CE65B8E8CE75B8F8C8F
:100E0000E95B908CEA5B918CEB5B928CEC5B938C56
:100E1000ED5B948CEF5B958CF15B968CF25B978C21
:100E2000F35B988CF45B998CF55B9A8CF65B9B8CEE
:100E3000F75B9C8CFD5B9D8CFE5B9E8C005C9F8CAD
:100E4000025CA08C035CA18C055CA28C075CA38C6B
:100E5000085CA48C0B5CA58C0C5CA68C0D5CA78C30
:100E60000E5CA88C105CA98C125CAA8C135CAB8CF9
:100E7000175CAC8C195CAD8C1B5CAE8C1E5CAF8CB3
:100E80001F5CB08C205CB18C215CB28C235CB38C79
:100E9000265CB48C285CB58C295CB68C2A5CB78C3B
:100EA0002B5CB88C2D5CB98C2E5CBA8C2F5CBB8C07
:100EB000305CBC8C325CBD8C335CBE8C355CBF8CD2
:100EC000365CC08C375CC18C435CC28C445CC38C88
:100ED000465CC48C475CC58C4C5CC68C4D5CC78C36
:100EE000525CC88C535CC98C545CCA8C565CCB8CED
:100EF000575CCC8C585CCD8C5A5CCE8C5B5CCF8CB8
:100F00005C5CD08C5D5CD18C5F5CD28C625CD38C81
:100F1000645CD48C675CD58C685CD68C695CD78C3F
:100F20006A5CD88C6B5CD98C6C5CDA8C6D5CDB8C0D
:100F3000705CDC8C725CDD8C735CDE8C745CDF8CD2
:100F4000755CE08C765CE18C775CE28C785CE38CA1
:100F50007B5CE48C7C5CE58C7D5CE68C7E5CE78C69
:100F6000805CE88C835CE98C845CEA8C855CEB8C2F
:100F7000865CEC8C875CED8C895CEE8C8A5CEF8CFB
:100F80008B5CF08C8E5CF18C8F5CF28C925CF38CC1
:100F9000935CF48C955CF58C9D5CF68C9E5CF78C78
:100FA0009F5CF88CA05CF98CA15CFA8CA45CFB8C37
:100FB000A55CFC8CA65CFD8CA75CFE8CA85C408DBF
:100FC000AA5C418DAE5C428DAF5C438DB05C448DBC
:100FD000B25C458DB45C468DB65C478DB95C488D7E
:100FE000BA5C498DBB5C4A8DBC5C4B8DBE5C4C8D44
:100FF000C05C4D8DC25C4E8DC35C4F8DC55C508D09
:10100000C65C518DC75C528DC85C538DC95C548DD4
:10101000CA5C558DCC5C568DCD5C578DCE5C588DA1
:10102000CF5C598DD05C5A8DD15C5B8DD35C5C8D6F
:10103000D45C5D8DD55C5E8DD65C5F8DD75C608D3C
:10104000D85C618DDA5C628DDB5C638DDC5C648D09
:10105000DD5C658DDE5C668DDF5C678DE05C688DD8
:10106000E25C698DE35C6A8DE75C6B8DE95C6C8D9D
:10107000EB5C6D8DEC5C6E8DEE5C6F8DEF5C708D5E
:10108000F15C718DF25C728DF35C738DF45C748D28
:10109000F55C758DF65C768DF75C778DF85C788DF8
:1010A000F95C798DFA5C7A8DFC5C7B8DFD5C7C8DC6
:1010B000FE5C7D8DFF5C7E8D005D808D015D818D90
:1010C000045D828D055D838D085D848D095D858D50
:1010D0000A5D868D0B5D878D0C5D888D0D5D898D1C
:1010E0000F5D8A8D105D8B8D115D8C8D125D8D8DE8
:1010F000135D8E8D155D8F8D175D908D185D918DB3
:10110000195D928D1A5D938D1C5D948D1D5D958D7D
:101110001F5D968D205D978D215D988D225D998D47
:10112000235D9A8D255D9B8D285D9C8D2A5D9D8D0F
:101130002B5D9E8D2C5D9F8D2F5DA08D305DA18DD3
:10114000315DA28D325DA38D335DA48D355DA58D9E
:10115000365DA68D375DA78D385DA88D395DA98D6B
:101160003A5DAA8D3B5DAB8D3C5DAC8D3F5DAD8D39
:10117000405DAE8D415DAF8D425DB08D435DB18D03
:10118000445DB28D455DB38D465DB48D485DB58DD2
:10119000495DB68D4D5DB78D4E5DB88D4F5DB98D96
:1011A000505DBA8D515DBB8D525DBC8D535DBD8D63
:1011B000545DBE8D555DBF8D565DC08D575DC18D33
:1011C000595DC28D5A5DC38D5C5DC48D5E5DC58DFC
:1011D0005F5DC68D605DC78D615DC88D625DC98DC7
:1011E000635DCA8D645DCB8D655DCC8D665DCD8D97
:1011F000675DCE8D685DCF8D6A5DD08D6D5DD18D63
:101200006E5DD28D705DD38D715DD48D725DD58D27
:10121000735DD68D755DD78D765DD88D775DD98DF3
:10122000785DDA8D795DDB8D7A5DDC8D7B5DDD8DC2
:101230007C5DDE8D7D5DDF8D7E5DE08D7F5DE18D92
:10124000805DE28D815DE38D835DE48D845DE58D60
:10125000855DE68D865DE78D875DE88D885DE98D2E
:10126000895DEA8D8A5DEB8D8B5DEC8D8C5DED8DFE
:101270008D5DEE8D8E5DEF8D8F5DF08D905DF18DCE
:10128000915DF28D925DF38D935DF48D945DF58D9E
:10129000955DF68D965DF78D975DF88D985DF98D6E
:1012A0009A5DFA8D9B5DFB8D9C5DFC8D9E5DFD8D39
:1012B0009F5DFE8DA05D408EA15D418EA25D428E40
:1012C000A35D438EA45D448EA55D458EA65D468ECE
:1012D000A75D478EA85D488EA95D498EAA5D4A8E9E
:1012E000AB5D4B8EAC5D4C8EAD5D4D8EAE5D4E8E6E
:1012F000AF5D4F8EB05D508EB15D518EB25D528E3E
:10130000B35D538EB45D548EB55D558EB65D568E0D
:10131000B85D578EB95D588EBA5D598EBB5D5A8ED9
:10132000BC5D5B8EBD5D5C8EBE5D5D8EBF5D5E8EA9
:10133000C05D5F8EC15D608EC25D618EC35D628E79
:10134000C45D638EC65D648EC75D658EC85D668E46
:10135000C95D678ECA5D688ECB5D698ECC5D6A8E15
:10136000CE5D6B8ECF5D6C8ED05D6D8ED15D6E8EE1
:10137000D25D6F8ED35D708ED45D718ED55D728EB1
:10138000D65D738ED75D748ED85D758ED95D768E81
:10139000DA5D778EDC5D788EDF5D798EE05D7A8E4A
:1013A000E35D7B8EE45D7C8EEA5D7D8EEC5D7E8E02
:1013B000ED5D808EF05D818EF55D828EF65D838EB3
:1013C000F85D848EF95D858EFA5D868EFB5D878E75
:1013D000FC5D888EFF5D898E005E8A8E045E8B8E3A
:1013E000075E8C8E095E8D8E0A5E8E8E0B5E8F8EF2
:1013F0000D5E908E0E5E918E125E928E135E938EB7
:10140000175E948E1E5E958E1F5E968E205E978E62
:10141000215E988E225E998E235E9A8E245E9B8E2C
:10142000255E9C8E285E9D8E295E9E8E2A5E9F8EF6
:101430002B5EA08E2C5EA18E2F5EA28E305EA38EC0
:10144000325EA48E335EA58E345EA68E355EA78E88
:10145000365EA88E395EA98E3A5EAA8E3E5EAB8E4F
:101460003F5EAC8E405EAD8E415EAE8E435EAF8E13
:10147000465EB08E475EB18E485EB28E495EB38ED8
:101480004A5EB48E4B5EB58E4D5EB68E4E5EB78EA6
:101490004F5EB88E505EB98E515EBA8E525EBB8E74
:1014A000535EBC8E565EBD8E575EBE8E585EBF8E3E
:1014B000595EC08E5A5EC18E5C5EC28E5D5EC38E0A
:1014C0005F5EC48E605EC58E635EC68E645EC78ED0
:1014D000655EC88E665EC98E675ECA8E685ECB8E9C
:1014E000695ECC8E6A5ECD8E6B5ECE8E6C5ECF8E6C
:1014F0006D5ED08E6E5ED18E6F5ED28E705ED38E3C
:10150000715ED48E755ED58E775ED68E795ED78EFF
:101510007E5ED88E815ED98E825EDA8E835EDB8EB1
:10152000855EDC8E885EDD8E895EDE8E8C5EDF8E73
:101530008D5EE08E8E5EE18E925EE28E985EE38E30
:101540009B5EE48E9D5EE58EA15EE68EA25EE78EDA
:10155000A35EE88EA45EE98EA85EEA8EA95EEB8E9D
:10156000AA5EEC8EAB5EED8EAC5EEE8EAE5EEF8E66
:10157000AF5EF08EB05EF18EB15EF28EB25EF38E33
:10158000B45EF48EBA5EF58EBB5EF68EBC5EF78EF0
:10159000BD5EF88EBF5EF98EC05EFA8EC15EFB8EB8
:1015A000C25EFC8EC35EFD8EC45EFE8EC55E408F45
:1015B000C65E418FC75E428FC85E438FCB5E448F4D
:1015C000CC5E458FCD5E468FCE5E478FCF5E488F17
:1015D000D05E498FD45E4A8FD55E4B8FD75E4C8FDD
:1015E000D85E4D8FD95E4E8FDA5E4F8FDC5E508FA6
:1015F000DD5E518FDE5E528FDF5E538FE05E548F73
:10160000E15E558FE25E568FE35E578FE45E588F42
:10161000E55E598FE65E5A8FE75E5B8FE95E5C8F11
:10162000EB5E5D8FEC5E5E8FED5E5F8FEE5E608FDA
:10163000EF5E618FF05E628FF15E638FF25E648FAA
:10164000F35E658FF55E668FF85E678FF95E688F73
:10165000FB5E698FFC5E6A8FFD5E6B8F055F6C8F32
:10166000065F6D8F075F6E8F095F6F8F0C5F708FE6
:101670000D5F718F0E5F728F105F738F125F748FAB
:10168000145F758F165F768F195F778F1A5F788F6B
:101690001C5F798F1D5F7A8F1E5F7B8F215F7C8F30
:1016A000225F7D8F235F7E8F245F808F285F818FF5
:1016B0002B5F828F2C5F838F2E5F848F305F858FAF
:1016C000325F868F335F878F345F888F355F898F76
:1016D000365F8A8F375F8B8F385F8C8F3B5F8D8F44
:1016E0003D5F8E8F3E5F8F8F3F5F908F415F918F09
:1016F000425F928F435F938F445F948F455F958FD6
:10170000465F968F475F978F485F988F495F998FA5
:101710004A5F9A8F4B5F9B8F4C5F9C8F4D5F9D8F75
:101720004E5F9E8F4F5F9F8F515FA08F545FA18F41
:10173000595FA28F5A5FA38F5B5FA48F5C5FA58FF9
:101740005E5FA68F5F5FA78F605FA88F635FA98FC3
:10175000655FAA8F675FAB8F685FAC8F6B5FAD8F84
:101760006E5FAE8F6F5FAF8F725FB08F745FB18F40
:10177000755FB28F765FB38F785FB48F7A5FB58F06
:101780007D5FB68F7E5FB78F7F5FB88F835FB98FC6
:10179000865FBA8F8D5FBB8F8E5FBC8F8F5FBD8F73
:1017A000915FBE8F935FBF8F945FC08F965FC18F35
:1017B0009A5FC28F9B5FC38F9D5FC48F9E5FC58FF3
:1017C0009F5FC68FA05FC78FA25FC88FA35FC98FBF
:1017D000A45FCA8FA55FCB8FA65FCC8FA75FCD8F8D
:1017E000A95FCE8FAB5FCF8FAC5FD08FAF5FD18F54
:1017F000B05FD28FB15FD38FB25FD48FB35FD58F1D
:10180000B45FD68FB65FD78FB85FD88FB95FD98FE7
:10181000BA5FDA8FBB5FDB8FBE5FDC8FBF5FDD8FB0
:10182000C05FDE8FC15FDF8FC25FE08FC75FE18F78
:10183000C85FE28FCA5FE38FCB5FE48FCE5FE58F37
:10184000D35FE68FD45FE78FD55FE88FDA5FE98FEC
:10185000DB5FEA8FDC5FEB8FDE5FEC8FDF5FED8FAE
:10186000E25FEE8FE35FEF8FE55FF08FE65FF18F72
:10187000E85FF28FE95FF38FEC5FF48FEF5FF58F36
:10188000F05FF68FF25FF78FF35FF88FF45FF98FF9
:10189000F65FFA8FF75FFB8FF95FFC8FFA5FFD8FC2
:1018A000FC5FFE8F076040900860419009604290A5
:1018B0000B6043900C60449010604590116046901E
:1018C0001360479017604890186049901A604A90DA
:1018D0001E604B901F604C9022604D9023604E9094
:1018E00024604F902C6050902D6051902E6052904B
:1018F0003060539031605490326055903360569010
:1019000034605790366058903760599038605A90DC
:1019100039605B903A605C903D605D903E605E90A7
:1019200040605F9044606090456061904660629066
:101930004760639048606490496065904A60669033
:101940004C6067904E6068904F60699051606A90FB
:1019500053606B9054606C9056606D9057606E90C1
:1019600058606F905B6070905C6071905E60729088
:101970005F60739060607490616075906560769050
:10198000666077906E6078907160799072607A90FE
:1019900074607B9075607C9077607D907E607E90B7
:1019A0008060809081608190826082908560839069
:1019B0008660849087608590886086908A60879032
:1019C0008B6088908E6089908F608A9090608B90F9
:1019D00091608C9093608D9095608E9097608F90C1
:1019E00098609090996091909C6092909E60939086
:1019F000A1609490A2609590A4609690A560979045
:101A0000A7609890A9609990AA609A90AE609B9008
:101A1000B0609C90B3609D90B5609E90B6609F90C2
:101A2000B760A090B960A190BA60A290BD60A39089
:101A3000BE60A490BF60A590C060A690C160A79052
:101A4000C260A890C360A990C460AA90C760AB9020
:101A5000C860AC90C960AD90CC60AE90CD60AF90E6
:101A6000CE60B090CF60B190D060B290D260B390B1
:101A7000D360B490D460B590D660B690D760B7907C
:101A8000D960B890DB60B990DE60BA90E160BB903D
:101A9000E260BC90E360BD90E460BE90E560BF9002
:101AA000EA60C090F160C190F260C290F560C390AE
:101AB000F760C490F860C590FB60C690FC60C7906A
:101AC000FD60C890FE60C990FF60CA900261CB9033
:101AD0000361CC900461CD900561CE900761CF90F9
:101AE0000A61D0900B61D1900C61D2901061D390BB
:101AF0001161D4901261D5901361D6901461D79082
:101B00001661D8901761D9901861DA901961DB904D
:101B10001B61DC901C61DD901D61DE901E61DF9019
:101B20002161E0902261E1902561E2902861E390DB
:101B30002961E4902A61E5902C61E6902D61E7909F
:101B40002E61E8902F61E9903061EA903161EB906D
:101B50003261EC903361ED903461EE903561EF903D
:101B60003661F0903761F1903861F2903961F3900D
:101B70003A61F4903B61F5903C61F6903D61F790DD
:101B80003E61F8904061F9904161FA904261FB90AA
:101B90004361FC904461FD904561FE904661409137
:101BA00047614191496142914B6143914D6144913B
:101BB0004F614591506146915261479153614891FF
:101BC0005461499156614A9157614B9158614C91CA
:101BD00059614D915A614E915B614F915C61509199
:101BE0005E6151915F615291606153916161549165
:101BF0006361559164615691656157916661589131
:101C0000696159916A615A916B615B916C615C91F8
:101C10006D615D916E615E916F615F9171616091C7
:101C20007261619173616291746163917661649193
:101C300078616591796166917A6167917B6168915C
:101C40007C6169917D616A917E616B917F616C912C
:101C500080616D9181616E9182616F9183617091FC
:101C600084617191856172918661739187617491CC
:101C700088617591896176918A6177918C6178919B
:101C80008D6179918F617A9190617B9191617C9165
:101C900092617D9193617E91956180919661819130
:101CA0009761829198618391996184919A618591FC
:101CB0009B6186919C6187919E6188919F618991CA
:101CC000A0618A91A1618B91A2618C91A3618D9198
:101CD000A4618E91A5618F91A6619091AA61919165
:101CE000AB619291AD619391AE619491AF61959129
:101CF000B0619691B1619791B2619891B3619991F8
:101D0000B4619A91B5619B91B6619C91B8619D91C6
:101D1000B9619E91BA619F91BB61A091BC61A19193
:101D2000BD61A291BF61A391C061A491C161A59160
:101D3000C361A691C461A791C561A891C661A9912B
:101D4000C761AA91C961AB91CC61AC91CD61AD91F4
:101D5000CE61AE91CF61AF91D061B091D361B191BD
:101D6000D561B291D661B391D761B491D861B59183
:101D7000D961B691DA61B791DB61B891DC61B99153
:101D8000DD61BA91DE61BB91DF61BC91E061BD9123
:101D9000E161BE91E261BF91E361C091E461C191F3
:101DA000E561C291E761C391E861C491E961C591C0
:101DB000EA61C691EB61C791EC61C891ED61C9918F
:101DC000EE61CA91EF61CB91F061CC91F161CD915F
:101DD000F261CE91F361CF91F461D091F661D1912E
:101DE000F761D291F861D391F961D491FA61D591FB
:101DF000FB61D691FC61D791FD61D891FE61D991CB
:101E00000062DA910162DB910262DC910362DD9192
:101E10000462DE910562DF910762E0910962E1915F
:101E20001362E2911462E3911962E4911C62E591FC
:101E30001D62E6911E62E7912062E8912362E991BA
:101E40002662EA912762EB912862EC912962ED917A
:101E50002B62EE912D62EF912F62F0913062F19141
:101E60003162F2913262F3913562F4913662F5910A
:101E70003862F6913962F7913A62F8913B62F991D2
:101E80003C62FA914262FB914462FC914562FD9191
:101E90004662FE914A6240924F6241925062429283
:101EA00055624392566244925762459259624692F5
:101EB0005A6247925C6248925D6249925E624A92BF
:101EC0005F624B9260624C9261624D9262624E928E
:101ED00064624F926562509268625192716252924E
:101EE00072625392746254927562559277625692FE
:101EF000786257927A6258927B6259927D625A92C6
:101F000081625B9282625C9283625D9285625E9284
:101F100086625F9287626092886261928B6262924F
:101F20008C6263928D6264928E6265928F62669219
:101F30009062679294626892996269929C626A92D6
:101F40009D626B929E626C92A3626D92A6626E928B
:101F5000A7626F92A9627092AA627192AD62729248
:101F6000AE627392AF627492B0627592B262769210
:101F7000B3627792B4627892B6627992B7627A92DB
:101F8000B8627B92BA627C92BE627D92C0627E929F
:101F9000C1628092C3628192CB628292CF6283924D
:101FA000D1628492D5628592DD628692DE628792EA
:101FB000E0628892E1628992E4628A92EA628B929C
:101FC000EB628C92F0628D92F2628E92F5628F9249
:101FD000F8629092F9629192FA629292FB62939205
:101FE00000639492036395920463969205639792BB
:101FF000066398920A6399920B639A920C639B9280
:102000000D639C920F639D9210639E9212639F9248
:102010001363A0921463A1921563A2921763A39213
:102020001863A4921963A5921C63A6922663A792D3
:102030002763A8922963A9922C63AA922D63AB927D
:102040002E63AC923063AD923163AE923363AF9244
:102050003463B0923563B1923663B2923763B39210
:102060003863B4923B63B5923C63B6923E63B792D9
:102070003F63B8924063B9924163BA924463BB92A2
:102080004763BC924863BD924A63BE925163BF925C
:102090005263C0925363C1925463C2925663C39217
:1020A0005763C4925863C5925963C6925A63C792E4
:1020B0005B63C8925C63C9925D63CA926063CB92B2
:1020C0006463CC926563CD926663CE926863CF926F
:1020D0006A63D0926B63D1926C63D2926F63D39236
:1020E0007063D4927263D5927363D6927463D792FD
:1020F0007563D8927863D9927963DA927C63DB92C4
:102100007D63DC927E63DD927F63DE928163DF928A
:102110008363E0928463E1928563E2928663E39253
:102120008B63E4928D63E5929163E6929363E79209
:102130009463E8929563E9929763EA929963EB92CC
:102140009A63EC929B63ED929C63EE929D63EF9297
:102150009E63F0929F63F192A163F292A463F39263
:10216000A663F492AB63F592AF63F692B163F79214
:10217000B263F892B563F992B663FA92B963FB92CF
:10218000BB63FC92BD63FD92BF63FE92C06340934C
:10219000C1634193C2634293C3634393C563449352
:1021A000C7634593C8634693CA634793CB63489319
:1021B000CC634993D1634A93D3634B93D4634C93D9
:1021C000D5634D93D7634E93D8634F93D9635093A0
:1021D000DA635193DB635293DC635393DD6354936F
:1021E000DF635593E2635693E4635793E563589333
:1021F000E6635993E7635A93E8635B93EB635C93FD
:10220000EC635D93EE635E93EF635F93F0636093C3
:10221000F1636193F3636293F5636393F76364938C
:10222000F9636593FA636693FB636793FC63689352
:10223000FE63699303646A9304646B9306646C930E
:1022400007646D9308646E9309646F930A647093D6
:102250000D6471930E64729311647393126474939A
:10226000156475931664769317647793186478935E
:10227000196479931A647A931D647B931F647C9329
:1022800022647D9323647E932464809325648193E8
:102290002764829328648393296484932B648593B1
:1022A0002E6486932F648793306488933164899376
:1022B00032648A9333648B9335648C9336648D9344
:1022C00037648E9338648F93396490933B64919311
:1022D0003C6492933E6493934064949342649593D8
:1022E00043649693496497934B6498934C64999391
:1022F0004D649A934E649B934F649C9350649D935A
:1023000051649E9353649F935564A0935664A19324
:102310005764A2935964A3935A64A4935B64A593EE
:102320005C64A6935D64A7935F64A8936064A993BB
:102330006164AA936264AB936364AC936464AD9389
:102340006564AE936664AF936864B0936A64B19356
:102350006B64B2936C64B3936E64B4936F64B5931F
:102360007064B6937164B7937264B8937364B993ED
:102370007464BA937564BB937664BC937764BD93BD
:102380007B64BE937C64BF937D64C0937E64C19381
:102390007F64C2938064C3938164C4938364C59350
:1023A0008664C6938864C7938964C8938A64C99312
:1023B0008B64CA938C64CB938D64CC938E64CD93E1
:1023C0008F64CE939064CF939364D0939464D193AD
:1023D0009764D2939864D3939A64D4939B64D5936F
:1023E0009C64D6939D64D7939F64D893A064D9933B
:1023F000A164DA93A264DB93A364DC93A564DD9308
:10240000A664DE93A764DF93A864E093AA64E193D3
:10241000AB64E293AF64E393B164E493B264E59395
:10242000B364E693B464E793B664E893B964E9935C
:10243000BB64EA93BD64EB93BE64EC93BF64ED931D
:10244000C164EE93C364EF93C464F093C664F193E4
:10245000C764F293C864F393C964F493CA64F593B0
:10246000CB64F693CC64F793CF64F893D164F9937B
:10247000D364FA93D464FB93D564FC93D664FD9340
:10248000D964FE93DA644094DB644194DC64429442
:10249000DD644394DF644494E0644594E1644694CD
:1024A000E3644794E5644894E7644994E8644A9493
:1024B000E9644B94EA644C94EB644D94EC644E9460
:1024C000ED644F94EE645094EF645194F064529430
:1024D000F1645394F2645494F3645594F464569400
:1024E000F5645794F6645894F7645994F8645A94D0
:1024F000F9645B94FA645C94FB645D94FC645E94A0
:10250000FD645F94FE646094FF646194016562946D
:102510000265639403656494046565940565669437
:102520000665679407656894086569940A656A9406
:102530000B656B940C656C940D656D940E656E94D3
:102540000F656F94106570941165719413657294A2
:10255000146573941565749416657594176576946F
:10256000196577941A6578941B6579941C657A943B
:102570001D657B941E657C941F657D9420657E940B
:1025800021658094226581942365829424658394D7
:1025900026658494276585942865869429658794A3
:1025A0002A6588942C6589942D658A9430658B946E
:1025B00031658C9432658D9433658E9437658F9434
:1025C0003A6590943C6591943D65929440659394EE
:1025D00041659494426595944365969444659794B7
:1025E00046659894476599944A659A944B659B947F
:1025F0004D659C944E659D9450659E9452659F9444
:102600005365A0945465A1945765A2945865A3940A
:102610005A65A4945C65A5945F65A6946065A794CB
:102620006165A8946465A9946565AA946765AB948F
:102630006865AC946965AD946A65AE946D65AF9458
:102640006E65B0946F65B1947165B2947365B3941F
:102650007565B4947665B5947865B6947965B794E4
:102660007A65B8947B65B9947C65BA947D65BB94B2
:102670007E65BC947F65BD948065BE948165BF9482
:102680008265C0948365C1948465C2948565C39452
:102690008665C4948865C5948965C6948A65C7941F
:1026A0008D65C8948E65C9948F65CA949265CB94E4
:1026B0009465CC949565CD949665CE949865CF94A9
:1026C0009A65D0949D65D1949E65D294A065D3946B
:1026D000A265D494A365D594A665D694A865D7942D
:1026E000AA65D894AC65D994AE65DA94B165DB94EB
:1026F000B265DC94B365DD94B465DE94B565DF94B2
:10270000B665E094B765E194B865E294BA65E39480
:10271000BB65E494BE65E594BF65E694C065E79447
:10272000C265E894C765E994C865EA94C965EB9405
:10273000CA65EC94CD65ED94D065EE94D165EF94C7
:10274000D365F094D465F194D565F294D865F3948B
:10275000D965F494DA65F594DB65F694DC65F79455
:10276000DD65F894DE65F994DF65FA94E165FB9424
:10277000E365FC94E465FD94EA65FE94EB654095A1
:10278000F2654195F3654295F4654395F565449589
:10279000F8654595F9654695FB654795FC6548954F
:1027A000FD654995FE654A95FF654B9501664C951B
:1027B00004664D9505664E9507664F9508665095DB
:1027C000096651950B6652950D66539510665495A2
:1027D0001166559512665695166657951766589563
:1027E000186659951A665A951B665B951C665C952A
:1027F0001E665D9521665E9522665F9523666095EF
:102800002466619526666295296663952A666495B5
:102810002B6665952C6666952E666795306668957D
:102820003266699533666A9537666B9538666C953E
:1028300039666D953A666E953B666F953D66709507
:102840003F667195406672954266739544667495CD
:102850004566759546667695476677954866789598
:10286000496679954A667A954D667B954E667C9564
:1028700050667D9551667E9558668095596681951E
:102880005B6682955C6683955D6684955E668595DC
:1028900060668695626687956366889565668995A4
:1028A00067668A9569668B956A668C956B668D9569
:1028B0006C668E956D668F95716690957266919532
:1028C00073669295756693957866949579669595F5
:1028D0007B6696957C6697957D6698957F669995BB
:1028E00080669A9581669B9583669C9585669D9585
:1028F00086669E9588669F958966A0958A66A1954D
:102900008B66A2958D66A3958E66A4958F66A59518
:102910009066A6959266A7959366A8959466A995E4
:102920009566AA959866AB959966AC959A66AD95AD
:102930009B66AE959C66AF959E66B0959F66B19579
:10294000A066B295A166B395A266B495A366B59547
:10295000A466B695A566B795A666B895A966B99515
:10296000AA66BA95AB66BB95AC66BC95AD66BD95DF
:10297000AF66BE95B066BF95B166C095B266C195AB
:10298000B366C295B566C395B666C495B766C59578
:10299000B866C695BA66C795BB66C895BC66C99544
:1029A000BD66CA95BF66CB95C066CC95C166CD9510
:1029B000C266CE95C366CF95C466D095C566D195DF
:1029C000C666D295C766D395C866D495C966D595AF
:1029D000CA66D695CB66D795CC66D895CD66D9957F
:1029E000CE66DA95CF66DB95D066DC95D166DD954F
:1029F000D266DE95D366DF95D466E095D566E1951F
:102A0000D666E295D766E395D866E495DA66E595ED
:102A1000DE66E695DF66E795E066E895E166E995AE
:102A2000E266EA95E366EB95E466EC95E566ED957E
:102A3000E766EE95E866EF95EA66F095EB66F19548
:102A4000EC66F295ED66F395EE66F495EF66F59516
:102A5000F166F695F566F795F666F895F866F995D8
:102A6000FA66FA95FB66FB95FD66FC950167FD9598
:102A70000267FE9503674096046741960567429694
:102A800006674396076744960C6745960E67469619
:102A90000F674796116748961267499613674A96DB
:102AA00016674B9618674C9619674D961A674E969F
:102AB0001C674F961E675096206751962167529665
:102AC0002267539623675496246755962567569632
:102AD00027675796296758962E67599630675A96F2
:102AE00032675B9633675C9636675D9637675E96AE
:102AF00038675F96396760963B6761963C67629678
:102B00003E6763963F67649641676596446766963D
:102B100045676796476768964A6769964B676A96FE
:102B20004D676B9652676C9654676D9655676E96B7
:102B300057676F9658677096596771965A6772967D
:102B40005B6773965D677496626775966367769642
:102B50006467779666677896676779966B677A9603
:102B60006C677B966E677C9671677D9674677E96C0
:102B70007667809678678196796782967A6783967A
:102B80007B6784967D678596806786968267879641
:102B9000836788968567899686678A9688678B9605
:102BA0008A678C968C678D968D678E968E678F96CA
:102BB0008F67909691679196926792969367939696
:102BC0009467949696679596996796969B6797965D
:102BD0009F679896A0679996A1679A96A4679B9617
:102BE000A6679C96A9679D96AC679E96AE679F96D2
:102BF000B167A096B267A196B467A296B967A3968B
:102C0000BA67A496BB67A596BC67A696BD67A7964C
:102C1000BE67A896BF67A996C067AA96C267AB961B
:102C2000C567AC96C667AD96C767AE96C867AF96E0
:102C3000C967B096CA67B196CB67B296CC67B396B0
:102C4000CD67B496CE67B596D567B696D667B79674
:102C5000D767B896DB67B996DF67BA96E167BB9628
:102C6000E367BC96E467BD96E667BE96E767BF96E6
:102C7000E867C096EA67C196EB67C296ED67C396B0
:102C8000EE67C496F267C596F567C696F667C7966F
:102C9000F767C896F867C996F967CA96FA67CB9638
:102CA000FB67CC96FC67CD96FE67CE960168CF9603
:102CB0000268D0960368D1960468D2960668D396C7
:102CC0000D68D4961068D5961268D6961468D79673
:102CD0001568D8961868D9961968DA961A68DB9636
:102CE0001B68DC961C68DD961E68DE961F68DF9602
:102CF0002068E0962268E1962368E2962468E396CD
:102D00002568E4962668E5962768E6962868E7969B
:102D10002B68E8962C68E9962D68EA962E68EB9663
:102D20002F68EC963068ED963168EE963468EF9631
:102D30003568F0963668F1963A68F2963B68F396F5
:102D40003F68F4964768F5964B68F6964D68F79697
:102D50004F68F8965268F9965668FA965768FB9647
:102D60005868FC965968FD965A68FE965B684097CD
:102D70005C6841975D6842975E6843975F684497D7
:102D80006A6845976C6846976D6847976E6848977C
:102D90006F68499770684A9771684B9772684C974B
:102DA00073684D9775684E9778684F977968509714
:102DB0007A6851977B6852977C6853977D685497DF
:102DC0007E6855977F6856978068579782685897AE
:102DD0008468599787685A9788685B9789685C9771
:102DE0008A685D978B685E978C685F978D6860973F
:102DF0008E6861979068629791686397926864970C
:102E000094686597956866979668679798686897D5
:102E1000996869979A686A979B686B979C686C97A2
:102E20009D686D979E686E979F686F97A068709772
:102E3000A1687197A3687297A4687397A56874973F
:102E4000A9687597AA687697AB687797AC68789702
:102E5000AE687997B1687A97B2687B97B4687C97C7
:102E6000B6687D97B7687E97B8688097B96881978C
:102E7000BA688297BB688397BC688497BD6885975A
:102E8000BE688697BF688797C1688897C368899727
:102E9000C4688A97C5688B97C6688C97C7688D97F2
:102EA000C8688E97CA688F97CC689097CE689197BC
:102EB000CF689297D0689397D1689497D368959785
:102EC000D4689697D6689797D7689897D96899974E
:102ED000DB689A97DC689B97DD689C97DE689D9716
:102EE000DF689E97E1689F97E268A097E468A197E2
:102EF000E568A297E668A397E768A497E868A597AE
:102F0000E968A697EA68A797EB68A897EC68A9977D
:102F1000ED68AA97EF68AB97F268AC97F368AD9746
:102F2000F468AE97F668AF97F768B097F868B1970E
:102F3000FB68B297FD68B397FE68B497FF68B597D2
:102F40000069B6970269B7970369B8970469B9979A
:102F50000669BA970769BB970869BC970969BD9765
:102F60000A69BE970C69BF970F69C0971169C1972D
:102F70001369C2971469C3971569C4971669C597F1
:102F80001769C6971869C7971969C8971A69C997C1
:102F90001B69CA971C69CB971D69CC971E69CD9791
:102FA0002169CE972269CF972369D0972569D19758
:102FB0002669D2972769D3972869D4972969D59725
:102FC0002A69D6972B69D7972C69D8972E69D997F4
:102FD0002F69DA973169DB973269DC973369DD97BE
:102FE0003569DE973669DF973769E0973869E19789
:102FF0003A69E2973B69E3973C69E4973E69E59754
:103000004069E6974169E7974369E8974469E9971A
:103010004569EA974669EB974769EC974869ED97E8
:103020004969EE974A69EF974B69F0974C69F197B8
:103030004D69F2974E69F3974F69F4975069F59788
:103040005169F6975269F7975369F8975569F99757
:103050005669FA975869FB975969FC975B69FD9720
:103060005C69FE975F69409861694198626942981E
:1030700064694398656944986769459868694698A2
:10308000696947986A6948986C6949986D694A986E
:103090006F694B9870694C9872694D9873694E9836
:1030A00074694F9875695098766951987A69529801
:1030B0007B6953987D6954987E6955987F695698C5
:1030C0008169579883695898856959988A695A9887
:1030D0008B695B988C695C988E695D988F695E9846
:1030E00090695F9891696098926961989369629814
:1030F0009669639897696498996965989A696698DA
:103100009D6967989E6968989F696998A0696A989F
:10311000A1696B98A2696C98A3696D98A4696E986F
:10312000A5696F98A6697098A9697198AA6972983B
:10313000AC697398AE697498AF697598B069769800
:10314000B2697798B3697898B5697998B6697A98C9
:10315000B8697B98B9697C98BA697D98BC697E9892
:10316000BD698098BE698198BF698298C06983985B
:10317000C2698498C3698598C4698698C569879827
:10318000C6698898C7698998C8698A98C9698B98F7
:10319000CB698C98CD698D98CF698E98D1698F98BD
:1031A000D2699098D3699198D5699298D669939885
:1031B000D7699498D8699598D9699698DA69979853
:1031C000DC699898DD699998DE699A98E1699B981D
:1031D000E2699C98E3699D98E4699E98E5699F98E7
:1031E000E669A098E769A198E869A298E969A398B7
:1031F000EA69A498EB69A598EC69A698EE69A79886
:10320000EF69A898F069A998F169AA98F369AB9851
:10321000F469AC98F569AD98F669AE98F769AF981E
:10322000F869B098F969B198FA69B298FB69B398EE
:10323000FC69B498FE69B598006AB698016AB798B7
:10324000026AB898036AB998046ABA98056ABB9882
:10325000066ABC98076ABD98086ABE98096ABF9852
:103260000B6AC0980C6AC1980D6AC2980E6AC3981E
:103270000F6AC498106AC598116AC698126AC798EE
:10328000136AC898146AC998156ACA98166ACB98BE
:10329000196ACC981A6ACD981B6ACE981C6ACF9886
:1032A0001D6AD0981E6AD198206AD298226AD39853
:1032B000236AD498246AD598256AD698266AD7981E
:1032C000276AD898296AD9982B6ADA982C6ADB98E9
:1032D0002D6ADC982E6ADD98306ADE98326ADF98B3
:1032E000336AE098346AE198366AE298376AE3987C
:1032F000386AE498396AE5983A6AE6983B6AE7984A
:103300003C6AE8983F6AE998406AEA98416AEB9813
:10331000426AEC98436AED98456AEE98466AEF98DF
:10332000486AF098496AF1984A6AF2984B6AF398A9
:103330004C6AF4984D6AF5984E6AF6984F6AF79879
:10334000516AF898526AF998536AFA98546AFB9845
:10335000556AFC98566AFD98576AFE985A6A4099D1
:103360005C6A41995D6A42995E6A43995F6A4499D1
:10337000606A4599626A4699636A4799646A48999E
:10338000666A4999676A4A99686A4B99696A4C9969
:103390006A6A4D996B6A4E996C6A4F996D6A509939
:1033A0006E6A51996F6A5299706A5399726A549908
:1033B000736A5599746A5699756A5799766A5899D5
:1033C000776A5999786A5A997A6A5B997B6A5C99A3
:1033D0007D6A5D997E6A5E997F6A5F99816A60996C
:1033E000826A6199836A6299856A6399866A649937
:1033F000876A6599886A6699896A67998A6A689905
:103400008B6A69998C6A6A998D6A6B998F6A6C99D3
:10341000926A6D99936A6E99946A6F99956A709998
:10342000966A7199986A7299996A73999A6A749965
:103430009B6A75999C6A76999D6A77999E6A789934
:103440009F6A7999A16A7A99A26A7B99A36A7C9901
:10345000A46A7D99A56A7E99A66A8099A76A8199CE
:10346000A86A8299AA6A8399AD6A8499AE6A859995
:10347000AF6A8699B06A8799B16A8899B26A899960
:10348000B36A8A99B46A8B99B56A8C99B66A8D9930
:10349000B76A8E99B86A8F99B96A9099BA6A919900
:1034A000BB6A9299BC6A9399BD6A9499BE6A9599D0
:1034B000BF6A9699C06A9799C16A9899C26A9999A0
:1034C000C36A9A99C46A9B99C56A9C99C66A9D9970
:1034D000C76A9E99C86A9F99C96AA099CA6AA19940
:1034E000CB6AA299CC6AA399CD6AA499CE6AA59910
:1034F000CF6AA699D06AA799D16AA899D26AA999E0
:10350000D36AAA99D46AAB99D56AAC99D66AAD99AF
:10351000D76AAE99D86AAF99D96AB099DA6AB1997F
:10352000DB6AB299DC6AB399DD6AB499DE6AB5994F
:10353000DF6AB699E06AB799E16AB899E26AB9991F
:10354000E36ABA99E46ABB99E56ABC99E66ABD99EF
:10355000E76ABE99E86ABF99E96AC099EA6AC199BF
:10356000EB6AC299EC6AC399ED6AC499EE6AC5998F
:10357000EF6AC699F06AC799F16AC899F26AC9995F
:10358000F36ACA99F46ACB99F56ACC99F66ACD992F
:10359000F76ACE99F86ACF99F96AD099FA6AD199FF
:1035A000FB6AD299FC6AD399FD6AD499FE6AD599CF
:1035B000FF6AD699006BD799016BD899026BD9999C
:1035C000036BDA99046BDB99056BDC99066BDD996B
:1035D000076BDE99086BDF99096BE0990A6BE1993B
:1035E0000B6BE2990C6BE3990D6BE4990E6BE5990B
:1035F0000F6BE699106BE799116BE899126BE999DB
:10360000136BEA99146BEB99156BEC99166BED99AA
:10361000176BEE99186BEF99196BF0991A6BF1997A
:103620001B6BF2991C6BF3991D6BF4991E6BF5994A
:103630001F6BF699256BF799266BF899286BF9990A
:10364000296BFA992A6BFB992B6BFC992C6BFD99D2
:103650002D6BFE992E6B409A2F6B419A306B429ADC
:10366000316B439A336B449A346B459A356B469A67
:10367000366B479A386B489A3B6B499A3C6B4A9A2F
:103680003D6B4B9A3F6B4C9A406B4D9A416B4E9AF7
:10369000426B4F9A446B509A456B519A486B529AC1
:1036A0004A6B539A4B6B549A4D6B559A4E6B569A84
:1036B0004F6B579A506B589A516B599A526B5A9A52
:1036C000536B5B9A546B5C9A556B5D9A566B5E9A22
:1036D000576B5F9A586B609A5A6B619A5B6B629AF0
:1036E0005C6B639A5D6B649A5E6B659A5F6B669ABE
:1036F000606B679A616B689A686B699A696B6A9A82
:103700006B6B6B9A6C6B6C9A6D6B6D9A6E6B6E9A41
:103710006F6B6F9A706B709A716B719A726B729A11
:10372000736B739A746B749A756B759A766B769AE1
:10373000776B779A786B789A7A6B799A7D6B7A9AAD
:103740007E6B7B9A7F6B7C9A806B7D9A856B7E9A71
:10375000886B809A8C6B819A8E6B829A8F6B839A1E
:10376000906B849A916B859A946B869A956B879AE5
:10377000976B889A986B899A996B8A9A9C6B8B9AAB
:103780009D6B8C9A9E6B8D9A9F6B8E9AA06B8F9A75
:10379000A26B909AA36B919AA46B929AA56B939A41
:1037A000A66B949AA76B959AA86B969AA96B979A11
:1037B000AB6B989AAC6B999AAD6B9A9AAE6B9B9ADD
:1037C000AF6B9C9AB06B9D9AB16B9E9AB26B9F9AAD
:1037D000B66BA09AB86BA19AB96BA29ABA6BA39A6E
:1037E000BB6BA49ABC6BA59ABD6BA69ABE6BA79A3D
:1037F000C06BA89AC36BA99AC46BAA9AC66BAB9A02
:10380000C76BAC9AC86BAD9AC96BAE9ACA6BAF9ACC
:10381000CC6BB09ACE6BB19AD06BB29AD16BB39A93
:10382000D86BB49ADA6BB59ADC6BB69ADD6BB79A43
:10383000DE6BB89ADF6BB99AE06BBA9AE26BBB9A0F
:10384000E36BBC9AE46BBD9AE56BBE9AE66BBF9ADC
:10385000E76BC09AE86BC19AE96BC29AEC6BC39AAA
:10386000ED6BC49AEE6BC59AF06BC69AF16BC79A72
:10387000F26BC89AF46BC99AF66BCA9AF76BCB9A3B
:10388000F86BCC9AFA6BCD9AFB6BCE9AFC6BCF9A05
:10389000FE6BD09AFF6BD19A006CD29A016CD39ACE
:1038A000026CD49A036CD59A046CD69A086CD79A99
:1038B000096CD89A0A6CD99A0B6CDA9A0C6CDB9A60
:1038C0000E6CDC9A126CDD9A176CDE9A1C6CDF9A17
:1038D0001D6CE09A1E6CE19A206CE29A236CE39ACC
:1038E000256CE49A2B6CE59A2C6CE69A2D6CE79A81
:1038F000316CE89A336CE99A366CEA9A376CEB9A39
:10390000396CEC9A3A6CED9A3B6CEE9A3C6CEF9AFF
:103910003E6CF09A3F6CF19A436CF29A446CF39AC5
:10392000456CF49A486CF59A4B6CF69A4C6CF79A85
:103930004D6CF89A4E6CF99A4F6CFA9A516CFB9A4E
:10394000526CFC9A536CFD9A566CFE9A586C409BD4
:10395000596C419B5A6C429B626C439B636C449BC9
:10396000656C459B666C469B676C479B6B6C489B84
:103970006C6C499B6D6C4A9B6E6C4B9B6F6C4C9B4B
:10398000716C4D9B736C4E9B756C4F9B776C509B11
:10399000786C519B7A6C529B7B6C539B7C6C549BD8
:1039A0007F6C559B806C569B846C579B876C589B97
:1039B0008A6C599B8B6C5A9B8D6C5B9B8E6C5C9B51
:1039C000916C5D9B926C5E9B956C5F9B966C609B13
:1039D000976C619B986C629B9A6C639B9C6C649BDC
:1039E0009D6C659B9E6C669BA06C679BA26C689BA4
:1039F000A86C699BAC6C6A9BAF6C6B9BB06C6C9B4E
:103A0000B46C6D9BB56C6E9BB66C6F9BB76C709B0A
:103A1000BA6C719BC06C729BC16C739BC26C749BC3
:103A2000C36C759BC66C769BC76C779BC86C789B88
:103A3000CB6C799BCD6C7A9BCE6C7B9BCF6C7C9B4B
:103A4000D16C7D9BD26C7E9BD86C809BD96C819B0A
:103A5000DA6C829BDC6C839BDD6C849BDF6C859BCA
:103A6000E46C869BE66C879BE76C889BE96C899B82
:103A7000EC6C8A9BED6C8B9BF26C8C9BF46C8D9B3D
:103A8000F96C8E9BFF6C8F9B006D909B026D919BE0
:103A9000036D929B056D939B066D949B086D959BA2
:103AA000096D969B0A6D979B0D6D989B0F6D999B69
:103AB000106D9A9B116D9B9B136D9C9B146D9D9B30
:103AC000156D9E9B166D9F9B186DA09B1C6DA19BF9
:103AD0001D6DA29B1F6DA39B206DA49B216DA59BBB
:103AE000226DA69B236DA79B246DA89B266DA99B89
:103AF000286DAA9B296DAB9B2C6DAC9B2D6DAD9B4E
:103B00002F6DAE9B306DAF9B346DB09B366DB19B0E
:103B1000376DB29B386DB39B3A6DB49B3F6DB59BCF
:103B2000406DB69B426DB79B446DB89B496DB99B88
:103B30004C6DBA9B506DBB9B556DBC9B566DBD9B30
:103B4000576DBE9B586DBF9B5B6DC09B5D6DC19BF0
:103B50005F6DC29B616DC39B626DC49B646DC59BB1
:103B6000656DC69B676DC79B686DC89B6B6DC99B78
:103B70006C6DCA9B6D6DCB9B706DCC9B716DCD9B3D
:103B8000726DCE9B736DCF9B756DD09B766DD19B07
:103B9000796DD29B7A6DD39B7B6DD49B7D6DD59BCC
:103BA0007E6DD69B7F6DD79B806DD89B816DD99B99
:103BB000836DDA9B846DDB9B866DDC9B876DDD9B63
:103BC0008A6DDE9B8B6DDF9B8D6DE09B8F6DE19B26
:103BD000906DE29B926DE39B966DE49B976DE59BE8
:103BE000986DE69B996DE79B9A6DE89B9C6DE99BB0
:103BF000A26DEA9BA56DEB9BAC6DEC9BAD6DED9B57
:103C0000B06DEE9BB16DEF9BB36DF09BB46DF19B0E
:103C1000B66DF29BB76DF39BB96DF49BBA6DF59BD6
:103C2000BB6DF69BBC6DF79BBD6DF89BBE6DF99BA4
:103C3000C16DFA9BC26DFB9BC36DFC9BC86DFD9B68
:103C4000C96DFE9BCA6D409CCD6D419CCE6D429C62
:103C5000CF6D439CD06D449CD26D459CD36D469CEA
:103C6000D46D479CD56D489CD76D499CDA6D4A9CB4
:103C7000DB6D4B9CDC6D4C9CDF6D4D9CE26D4E9C76
:103C8000E36D4F9CE56D509CE76D519CE86D529C37
:103C9000E96D539CEA6D549CED6D559CEF6D569CFF
:103CA000F06D579CF26D589CF46D599CF56D5A9CC3
:103CB000F66D5B9CF86D5C9CFA6D5D9CFD6D5E9C89
:103CC000FE6D5F9CFF6D609C006E619C016E629C4E
:103CD000026E639C036E649C046E659C066E669C1B
:103CE000076E679C086E689C096E699C0B6E6A9CE7
:103CF0000F6E6B9C126E6C9C136E6D9C156E6E9CA1
:103D0000186E6F9C196E709C1B6E719C1C6E729C61
:103D10001E6E739C1F6E749C226E759C266E769C24
:103D2000276E779C286E789C2A6E799C2C6E7A9CE4
:103D30002E6E7B9C306E7C9C316E7D9C336E7E9CA7
:103D4000356E809C366E819C376E829C396E839C6A
:103D50003B6E849C3C6E859C3D6E869C3E6E879C33
:103D60003F6E889C406E899C416E8A9C426E8B9C03
:103D7000456E8C9C466E8D9C476E8E9C486E8F9CCB
:103D8000496E909C4A6E919C4B6E929C4C6E939C9B
:103D90004F6E949C506E959C516E969C526E979C63
:103DA000556E989C576E999C596E9A9C5A6E9B9C26
:103DB0005C6E9C9C5D6E9D9C5E6E9E9C606E9F9CEE
:103DC000616EA09C626EA19C636EA29C646EA39CBB
:103DD000656EA49C666EA59C676EA69C686EA79C8B
:103DE000696EA89C6A6EA99C6C6EAA9C6D6EAB9C59
:103DF0006F6EAC9C706EAD9C716EAE9C726EAF9C23
:103E0000736EB09C746EB19C756EB29C766EB39CF2
:103E1000776EB49C786EB59C796EB69C7A6EB79CC2
:103E20007B6EB89C7C6EB99C7D6EBA9C806EBB9C90
:103E3000816EBC9C826EBD9C846EBE9C876EBF9C56
:103E4000886EC09C8A6EC19C8B6EC29C8C6EC39C1B
:103E50008D6EC49C8E6EC59C916EC69C926EC79CE6
:103E6000936EC89C946EC99C956ECA9C966ECB9CB2
:103E7000976ECC9C996ECD9C9A6ECE9C9B6ECF9C7F
:103E80009D6ED09C9E6ED19CA06ED29CA16ED39C48
:103E9000A36ED49CA46ED59CA66ED69CA86ED79C0F
:103EA000A96ED89CAB6ED99CAC6EDA9CAD6EDB9CD7
:103EB000AE6EDC9CB06EDD9CB36EDE9CB56EDF9C9E
:103EC000B86EE09CB96EE19CBC6EE29CBE6EE39C59
:103ED000BF6EE49CC06EE59CC36EE69CC46EE79C1E
:103EE000C56EE89CC66EE99CC86EEA9CC96EEB9CE8
:103EF000CA6EEC9CCC6EED9CCD6EEE9CCE6EEF9CB3
:103F0000D06EF09CD26EF19CD66EF29CD86EF39C73
:103F1000D96EF49CDB6EF59CDC6EF69CDD6EF79C36
:103F2000E36EF89CE76EF99CEA6EFA9CEB6EFB9CE4
:103F3000EC6EFC9CED6EFD9CEE6EFE9CEF6E409D6B
:103F4000F06E419DF16E429DF26E439DF36E449D75
:103F5000F56E459DF66E469DF76E479DF86E489D41
:103F6000FA6E499DFB6E4A9DFC6E4B9DFD6E4C9D0D
:103F7000FE6E4D9DFF6E4E9D006F4F9D016F509DDB
:103F8000036F519D046F529D056F539D076F549DA4
:103F9000086F559D0A6F569D0B6F579D0C6F589D6E
:103FA0000D6F599D0E6F5A9D106F5B9D116F5C9D3B
:103FB000126F5D9D166F5E9D176F5F9D186F609D00
:103FC000196F619D1A6F629D1B6F639D1C6F649DCD
:103FD0001D6F659D1E6F669D1F6F679D216F689D9C
:103FE000226F699D236F6A9D256F6B9D266F6C9D67
:103FF000276F6D9D286F6E9D2C6F6F9D2E6F709D2E
:10400000306F719D326F729D346F739D356F749DEB
:10401000376F759D386F769D396F779D3A6F789DB4
:104020003B6F799D3C6F7A9D3D6F7B9D3F6F7C9D83
:10403000406F7D9D416F7E9D426F809D436F819D4E
:10404000446F829D456F839D486F849D496F859D18
:104050004A6F869D4C6F879D4E6F889D4F6F899DDF
:10406000506F8A9D516F8B9D526F8C9D536F8D9DAC
:10407000546F8E9D556F8F9D566F909D576F919D7C
:10408000596F929D5A6F939D5B6F949D5D6F959D47
:104090005F6F969D606F979D616F989D636F999D0F
:1040A000646F9A9D656F9B9D676F9C9D686F9D9DDA
:1040B000696F9E9D6A6F9F9D6B6FA09D6C6FA19DA8
:1040C0006F6FA29D706FA39D716FA49D736FA59D6F
:1040D000756FA69D766FA79D776FA89D796FA99D37
:1040E0007B6FAA9D7D6FAB9D7E6FAC9D7F6FAD9DFD
:1040F000806FAE9D816FAF9D826FB09D836FB19DCC
:10410000856FB29D866FB39D876FB49D8A6FB59D95
:104110008B6FB69D8F6FB79D906FB89D916FB99D56
:10412000926FBA9D936FBB9D946FBC9D956FBD9D23
:10413000966FBE9D976FBF9D986FC09D996FC19DF3
:104140009A6FC29D9B6FC39D9D6FC49D9E6FC59DC1
:104150009F6FC69DA06FC79DA26FC89DA36FC99D8D
:10416000A46FCA9DA56FCB9DA66FCC9DA86FCD9D5A
:10417000A96FCE9DAA6FCF9DAB6FD09DAC6FD19D27
:10418000AD6FD29DAE6FD39DAF6FD49DB06FD59DF7
:10419000B16FD69DB26FD79DB46FD89DB56FD99DC5
:1041A000B76FDA9DB86FDB9DBA6FDC9DBB6FDD9D8D
:1041B000BC6FDE9DBD6FDF9DBE6FE09DBF6FE19D5B
:1041C000C16FE29DC36FE39DC46FE49DC56FE59D24
:1041D000C66FE69DC76FE79DC86FE89DCA6FE99DF2
:1041E000CB6FEA9DCC6FEB9DCD6FEC9DCE6FED9DBF
:1041F000CF6FEE9DD06FEF9DD36FF09DD46FF19D8B
:10420000D56FF29DD66FF39DD76FF49DD86FF59D56
:10421000D96FF69DDA6FF79DDB6FF89DDC6FF99D26
:10422000DD6FFA9DDF6FFB9DE26FFC9DE36FFD9DEF
:10423000E46FFE9DE56F409EE66F419EE76F429EF4
:10424000E86F439EE96F449EEA6F459EEB6F469E82
:10425000EC6F479EED6F489EF06F499EF16F4A9E4E
:10426000F26F4B9EF36F4C9EF46F4D9EF56F4E9E1A
:10427000F66F4F9EF76F509EF86F519EF96F529EEA
:10428000FA6F539EFB6F549EFC6F559EFD6F569EBA
:10429000FE6F579EFF6F589E0070599E01705A9E88
:1042A00002705B9E03705C9E04705D9E05705E9E56
:1042B00006705F9E0770609E0870619E0970629E26
:1042C0000A70639E0B70649E0C70659E0D70669EF6
:1042D0000E70679E0F70689E1070699E12706A9EC5
:1042E00013706B9E14706C9E15706D9E16706E9E92
:1042F00017706F9E1870709E1970719E1C70729E60
:104300001D70739E1E70749E1F70759E2070769E29
:104310002170779E2270789E2470799E25707A9EF7
:1043200026707B9E27707C9E28707D9E29707E9EC5
:104330002A70809E2B70819E2C70829E2D70839E91
:104340002E70849E2F70859E3070869E3170879E61
:104350003270889E3370899E34708A9E36708B9E30
:1043600037708C9E38708D9E3A708E9E3B708F9EFB
:104370003C70909E3D70919E3E70929E3F70939EC9
:104380004070949E4170959E4270969E4370979E99
:104390004470989E4570999E46709A9E47709B9E69
:1043A00048709C9E49709D9E4A709E9E4B709F9E39
:1043B0004D70A09E4E70A19E5070A29E5170A39E03
:1043C0005270A49E5370A59E5470A69E5570A79ED1
:1043D0005670A89E5770A99E5870AA9E5970AB9EA1
:1043E0005A70AC9E5B70AD9E5C70AE9E5D70AF9E71
:1043F0005F70B09E6070B19E6170B29E6270B39E3D
:104400006370B49E6470B59E6570B69E6670B79E0C
:104410006770B89E6870B99E6970BA9E6A70BB9EDC
:104420006E70BC9E7170BD9E7270BE9E7370BF9E9A
:104430007470C09E7770C19E7970C29E7A70C39E60
:104440007B70C49E7D70C59E8170C69E8270C79E23
:104450008370C89E8470C99E8670CA9E8770CB9EEA
:104460008870CC9E8B70CD9E8C70CE9E8D70CF9EB2
:104470008F70D09E9070D19E9170D29E9370D39E7B
:104480009770D49E9870D59E9A70D69E9B70D79E3A
:104490009E70D89E9F70D99EA070DA9EA170DB9E00
:1044A000A270DC9EA370DD9EA470DE9EA570DF9ED0
:1044B000A670E09EA770E19EA870E29EA970E39EA0
:1044C000AA70E49EB070E59EB270E69EB470E79E5E
:1044D000B570E89EB670E99EBA70EA9EBE70EB9E1B
:1044E000BF70EC9EC470ED9EC570EE9EC670EF9ED0
:1044F000C770F09EC970F19ECB70F29ECC70F39E97
:10450000CD70F49ECE70F59ECF70F69ED070F79E63
:10451000D170F89ED270F99ED370FA9ED470FB9E33
:10452000D570FC9ED670FD9ED770FE9EDA70409FBF
:10453000DC70419FDD70429FDE70439FE070449FBE
:10454000E170459FE270469FE370479FE570489F8A
:10455000EA70499FEE704A9FF0704B9FF1704C9F3C
:10456000F2704D9FF3704E9FF4704F9FF570509F07
:10457000F670519FF870529FFA70539FFB70549FD2
:10458000FC70559FFE70569FFF70579F0071589F9B
:104590000171599F02715A9F03715B9F04715C9F67
:1045A00005715D9F06715E9F07715F9F0871609F37
:1045B0000B71619F0C71629F0D71639F0E71649FFF
:1045C0000F71659F1171669F1271679F1471689FCB
:1045D0001771699F1B716A9F1C716B9F1D716C9F86
:1045E0001E716D9F1F716E9F20716F9F2171709F53
:1045F0002271719F2371729F2471739F2571749F23
:104600002771759F2871769F2971779F2A71789FEE
:104610002B71799F2C717A9F2D717B9F2E717C9FBE
:1046200032717D9F33717E9F3471809F3571819F80
:104630003771829F3871839F3971849F3A71859F4A
:104640003B71869F3C71879F3D71889F3E71899F1A
:104650003F718A9F40718B9F41718C9F42718D9FEA
:1046600043718E9F44718F9F4671909F4771919FB8
:104670004871929F4971939F4B71949F4D71959F83
:104680004F71969F5071979F5171989F5271999F4A
:1046900053719A9F54719B9F55719C9F56719D9F1A
:1046A00057719E9F58719F9F5971A09F5A71A19FEA
:1046B0005B71A29F5D71A39F5F71A49F6071A59FB5
:1046C0006171A69F6271A79F6371A89F6571A99F81
:1046D0006971AA9F6A71AB9F6B71AC9F6C71AD9F42
:1046E0006D71AE9F6F71AF9F7071B09F7171B19F0F
:1046F0007471B29F7571B39F7671B49F7771B59FD6
:104700007971B69F7B71B79F7C71B89F7E71B99F9D
:104710007F71BA9F8071BB9F8171BC9F8271BD9F69
:104720008371BE9F8571BF9F8671C09F8771C19F36
:104730008871C29F8971C39F8B71C49F8C71C59F03
:104740008D71C69F8E71C79F9071C89F9171C99FCF
:104750009271CA9F9371CB9F9571CC9F9671CD9F9B
:104760009771CE9F9A71CF9F9B71D09F9C71D19F63
:104770009D71D29F9E71D39FA171D49FA271D59F2D
:10478000A371D69FA471D79FA571D89FA671D99FF9
:10479000A771DA9FA971DB9FAA71DC9FAB71DD9FC6
:1047A000AD71DE9FAE71DF9FAF71E09FB071E19F91
:1047B000B171E29FB271E39FB471E49FB671E59F5E
:1047C000B771E69FB871E79FBA71E89FBB71E99F27
:1047D000BC71EA9FBD71EB9FBE71EC9FBF71ED9FF5
:1047E000C071EE9FC171EF9FC271F09FC471F19FC4
:1047F000C571F29FC671F39FC771F49FC871F59F91
:10480000C971F69FCA71F79FCB71F89FCC71F99F60
:10481000CD71FA9FCF71FB9FD071FC9FD171FD9F2D
:10482000D271FE9FD37140A0D67141A0D77142A032
:10483000D87143A0D97144A0DA7145A0DB7146A0BC
:10484000DC7147A0DD7148A0DE7149A0DF714AA08C
:10485000E1714BA0E2714CA0E3714DA0E4714EA058
:10486000E6714FA0E87150A0E97151A0EA7152A021
:10487000EB7153A0EC7154A0ED7155A0EF7156A0EF
:10488000F07157A0F17158A0F27159A0F3715AA0BC
:10489000F4715BA0F5715CA0F6715DA0F7715EA08C
:1048A000F8715FA0FA7160A0FB7161A0FC7162A059
:1048B000FD7163A0FE7164A0FF7165A0007266A027
:1048C000017267A0027268A0037269A004726AA0F4
:1048D00005726BA007726CA008726DA009726EA0C1
:1048E0000A726FA00B7270A00C7271A00D7272A090
:1048F0000E7273A00F7274A0107275A0117276A060
:10490000127277A0137278A0147279A015727AA02F
:1049100016727BA017727CA018727DA019727EA0FF
:104920001A7280A01B7281A01C7282A01E7283A0CA
:104930001F7284A0207285A0217286A0227287A097
:10494000237288A0247289A025728AA026728BA067
:1049500027728CA029728DA02B728EA02D728FA031
:104960002E7290A02F7291A0327292A0337293A0F7
:10497000347294A03A7295A03C7296A03E7297A0B1
:10498000407298A0417299A042729AA043729BA073
:1049900044729CA045729DA046729EA049729FA041
:1049A0004A72A0A04B72A1A04E72A2A04F72A3A007
:1049B0005072A4A05172A5A05372A6A05472A7A0D1
:1049C0005572A8A05772A9A05872AAA05A72ABA09B
:1049D0005C72ACA05E72ADA06072AEA06372AFA05C
:1049E0006472B0A06572B1A06872B2A06A72B3A01E
:1049F0006B72B4A06C72B5A06D72B6A07072B7A0E5
:104A00007172B8A07372B9A07472BAA07672BBA0AA
:104A10007772BCA07872BDA07B72BEA07C72BFA072
:104A20007D72C0A08272C1A08372C2A08572C3A031
:104A30008672C4A08772C5A08872C6A08972C7A0FA
:104A40008C72C8A08E72C9A09072CAA09172CBA0BD
:104A50009372CCA09472CDA09572CEA09672CFA086
:104A60009772D0A09872D1A09972D2A09A72D3A056
:104A70009B72D4A09C72D5A09D72D6A09E72D7A026
:104A8000A072D8A0A172D9A0A272DAA0A372DBA0F2
:104A9000A472DCA0A572DDA0A672DEA0A772DFA0C2
:104AA000A872E0A0A972E1A0AA72E2A0AB72E3A092
:104AB000AE72E4A0B172E5A0B272E6A0B372E7A054
:104AC000B572E8A0BA72E9A0BB72EAA0BC72EBA012
:104AD000BD72ECA0BE72EDA0BF72EEA0C072EFA0DE
:104AE000C572F0A0C672F1A0C772F2A0C972F3A09D
:104AF000CA72F4A0CB72F5A0CC72F6A0CF72F7A068
:104B0000D172F8A0D372F9A0D472FAA0D572FBA02A
:104B1000D672FCA0D872FDA0DA72FEA0DB72A1A151
:104B20000030A2A10130A3A10230A4A1B700A5A129
:104B3000C902A6A1C702A7A1A800A8A10330A9A1E4
:104B40000530AAA11420ABA15EFFACA11620ADA137
:104B50002620AEA11820AFA11920B0A11C20B1A120
:104B60001D20B2A11430B3A11530B4A10830B5A1F5
:104B70000930B6A10A30B7A10B30B8A10C30B9A1E9
:104B80000D30BAA10E30BBA10F30BCA11630BDA1B3
:104B90001730BEA11030BFA11130C0A1B100C1A11A
:104BA000D700C2A1F700C3A13622C4A12722C5A104
:104BB0002822C6A11122C7A10F22C8A12A22C9A159
:104BC0002922CAA10822CBA13722CCA11A22CDA129
:104BD000A522CEA12522CFA12022D0A11223D1A18E
:104BE0009922D2A12B22D3A12E22D4A16122D5A118
:104BF0004C22D6A14822D7A13D22D8A11D22D9A15D
:104C00006022DAA16E22DBA16F22DCA16422DDA189
:104C10006522DEA11E22DFA13522E0A13422E1A11E
:104C20004226E2A14026E3A1B000E4A13220E5A1A2
:104C30003320E6A10321E7A104FFE8A1A400E9A134
:104C4000E0FFEAA1E1FFEBA13020ECA1A700EDA17C
:104C50001621EEA10626EFA10526F0A1CB25F1A194
:104C6000CF25F2A1CE25F3A1C725F4A1C625F5A134
:104C7000A125F6A1A025F7A1B325F8A1B225F9A198
:104C80003B20FAA19221FBA19021FCA19121FDA141
:104C90009321FEA11330A1A27021A2A27121A3A28F
:104CA0007221A4A27321A5A27421A6A27521A7A294
:104CB0007621A8A27721A9A27821AAA27921B1A25E
:104CC0008824B2A28924B3A28A24B4A28B24B5A2D8
:104CD0008C24B6A28D24B7A28E24B8A28F24B9A2A8
:104CE0009024BAA29124BBA29224BCA29324BDA278
:104CF0009424BEA29524BFA29624C0A29724C1A248
:104D00009824C2A29924C3A29A24C4A29B24C5A217
:104D10007424C6A27524C7A27624C8A27724C9A287
:104D20007824CAA27924CBA27A24CCA27B24CDA257
:104D30007C24CEA27D24CFA27E24D0A27F24D1A227
:104D40008024D2A28124D3A28224D4A28324D5A2F7
:104D50008424D6A28524D7A28624D8A28724D9A2C7
:104D60006024DAA26124DBA26224DCA26324DDA237
:104D70006424DEA26524DFA26624E0A26724E1A207
:104D80006824E2A26924E5A22032E6A22132E7A249
:104D90002232E8A22332E9A22432EAA22532EBA28F
:104DA0002632ECA22732EDA22832EEA22932F1A25D
:104DB0006021F2A26121F3A26221F4A26321F5A293
:104DC0006421F6A26521F7A26621F8A26721F9A263
:104DD0006821FAA26921FBA26A21FCA26B21A1A38E
:104DE00001FFA2A302FFA3A303FFA4A3E5FFA5A3C2
:104DF00005FFA6A306FFA7A307FFA8A308FFA9A373
:104E000009FFAAA30AFFABA30BFFACA30CFFADA342
:104E10000DFFAEA30EFFAFA30FFFB0A310FFB1A312
:104E200011FFB2A312FFB3A313FFB4A314FFB5A3E2
:104E300015FFB6A316FFB7A317FFB8A318FFB9A3B2
:104E400019FFBAA31AFFBBA31BFFBCA31CFFBDA382
:104E50001DFFBEA31EFFBFA31FFFC0A320FFC1A352
:104E600021FFC2A322FFC3A323FFC4A324FFC5A322
:104E700025FFC6A326FFC7A327FFC8A328FFC9A3F2
:104E800029FFCAA32AFFCBA32BFFCCA32CFFCDA3C2
:104E90002DFFCEA32EFFCFA32FFFD0A330FFD1A392
:104EA00031FFD2A332FFD3A333FFD4A334FFD5A362
:104EB00035FFD6A336FFD7A337FFD8A338FFD9A332
:104EC00039FFDAA33AFFDBA33BFFDCA33CFFDDA302
:104ED0003DFFDEA33EFFDFA33FFFE0A340FFE1A3D2
:104EE00041FFE2A342FFE3A343FFE4A344FFE5A3A2
:104EF00045FFE6A346FFE7A347FFE8A348FFE9A372
:104F000049FFEAA34AFFEBA34BFFECA34CFFEDA341
:104F10004DFFEEA34EFFEFA34FFFF0A350FFF1A311
:104F200051FFF2A352FFF3A353FFF4A354FFF5A3E1
:104F300055FFF6A356FFF7A357FFF8A358FFF9A3B1
:104F400059FFFAA35AFFFBA35BFFFCA35CFFFDA381
:104F50005DFFFEA3E3FFA1A44130A2A44230A3A4BD
:104F60004330A4A44430A5A44530A6A44630A7A449
:104F70004730A8A44830A9A44930AAA44A30ABA419
:104F80004B30ACA44C30ADA44D30AEA44E30AFA4E9
:104F90004F30B0A45030B1A45130B2A45230B3A4B9
:104FA0005330B4A45430B5A45530B6A45630B7A489
:104FB0005730B8A45830B9A45930BAA45A30BBA459
:104FC0005B30BCA45C30BDA45D30BEA45E30BFA429
:104FD0005F30C0A46030C1A46130C2A46230C3A4F9
:104FE0006330C4A46430C5A46530C6A46630C7A4C9
:104FF0006730C8A46830C9A46930CAA46A30CBA499
:105000006B30CCA46C30CDA46D30CEA46E30CFA468
:105010006F30D0A47030D1A47130D2A47230D3A438
:105020007330D4A47430D5A47530D6A47630D7A408
:105030007730D8A47830D9A47930DAA47A30DBA4D8
:105040007B30DCA47C30DDA47D30DEA47E30DFA4A8
:105050007F30E0A48030E1A48130E2A48230E3A478
:105060008330E4A48430E5A48530E6A48630E7A448
:105070008730E8A48830E9A48930EAA48A30EBA418
:105080008B30ECA48C30EDA48D30EEA48E30EFA4E8
:105090008F30F0A49030F1A49130F2A49230F3A4B8
:1050A0009330A1A5A130A2A5A230A3A5A330A4A5A9
:1050B000A430A5A5A530A6A5A630A7A5A730A8A56C
:1050C000A830A9A5A930AAA5AA30ABA5AB30ACA53C
:1050D000AC30ADA5AD30AEA5AE30AFA5AF30B0A50C
:1050E000B030B1A5B130B2A5B230B3A5B330B4A5DC
:1050F000B430B5A5B530B6A5B630B7A5B730B8A5AC
:10510000B830B9A5B930BAA5BA30BBA5BB30BCA57B
:10511000BC30BDA5BD30BEA5BE30BFA5BF30C0A54B
:10512000C030C1A5C130C2A5C230C3A5C330C4A51B
:10513000C430C5A5C530C6A5C630C7A5C730C8A5EB
:10514000C830C9A5C930CAA5CA30CBA5CB30CCA5BB
:10515000CC30CDA5CD30CEA5CE30CFA5CF30D0A58B
:10516000D030D1A5D130D2A5D230D3A5D330D4A55B
:10517000D430D5A5D530D6A5D630D7A5D730D8A52B
:10518000D830D9A5D930DAA5DA30DBA5DB30DCA5FB
:10519000DC30DDA5DD30DEA5DE30DFA5DF30E0A5CB
:1051A000E030E1A5E130E2A5E230E3A5E330E4A59B
:1051B000E430E5A5E530E6A5E630E7A5E730E8A56B
:1051C000E830E9A5E930EAA5EA30EBA5EB30ECA53B
:1051D000EC30EDA5ED30EEA5EE30EFA5EF30F0A50B
:1051E000F030F1A5F130F2A5F230F3A5F330F4A5DB
:1051F000F430F5A5F530F6A5F630A1A69103A2A6E8
:105200009203A3A69303A4A69403A5A69503A6A61A
:105210009603A7A69703A8A69803A9A69903AAA6EA
:105220009A03ABA69B03ACA69C03ADA69D03AEA6BA
:105230009E03AFA69F03B0A6A003B1A6A103B2A68A
:10524000A303B3A6A403B4A6A503B5A6A603B6A656
:10525000A703B7A6A803B8A6A903C1A6B103C2A60F
:10526000B203C3A6B303C4A6B403C5A6B503C6A6BA
:10527000B603C7A6B703C8A6B803C9A6B903CAA68A
:10528000BA03CBA6BB03CCA6BC03CDA6BD03CEA65A
:10529000BE03CFA6BF03D0A6C003D1A6C103D2A62A
:1052A000C303D3A6C403D4A6C503D5A6C603D6A6F6
:1052B000C703D7A6C803D8A6C903E0A635FEE1A652
:1052C00036FEE2A639FEE3A63AFEE4A63FFEE5A6D8
:1052D00040FEE6A63DFEE7A63EFEE8A641FEE9A6A4
:1052E00042FEEAA643FEEBA644FEEEA63BFEEFA678
:1052F0003CFEF0A637FEF1A638FEF2A631FEF4A67B
:1053000033FEF5A634FEA1A71004A2A71104A3A79B
:105310001204A4A71304A5A71404A6A71504A7A7FD
:105320000104A8A71604A9A71704AAA71804ABA7E5
:105330001904ACA71A04ADA71B04AEA71C04AFA7A1
:105340001D04B0A71E04B1A71F04B2A72004B3A771
:105350002104B4A72204B5A72304B6A72404B7A741
:105360002504B8A72604B9A72704BAA72804BBA711
:105370002904BCA72A04BDA72B04BEA72C04BFA7E1
:105380002D04C0A72E04C1A72F04D1A73004D2A793
:105390003104D3A73204D4A73304D5A73404D6A745
:1053A0003504D7A75104D8A73604D9A73704DAA7FC
:1053B0003804DBA73904DCA73A04DDA73B04DEA7E9
:1053C0003C04DFA73D04E0A73E04E1A73F04E2A7B9
:1053D0004004E3A74104E4A74204E5A74304E6A789
:1053E0004404E7A74504E8A74604E9A74704EAA759
:1053F0004804EBA74904ECA74A04EDA74B04EEA729
:105400004C04EFA74D04F0A74E04F1A74F0440A8A9
:10541000CA0241A8CB0242A8D90243A8132044A83B
:10542000152045A8252046A8352047A8052148A8CD
:10543000092149A896214AA897214BA898214CA850
:1054400099214DA815224EA81F224FA8232250A80B
:10545000522251A8662252A8672253A8BF2254A8FC
:10546000502555A8512556A8522557A8532558A868
:10547000542559A855255AA856255BA857255CA838
:1054800058255DA859255EA85A255FA85B2560A808
:105490005C2561A85D2562A85E2563A85F2564A8D8
:1054A000602565A8612566A8622567A8632568A8A8
:1054B000642569A865256AA866256BA867256CA878
:1054C00068256DA869256EA86A256FA86B2570A848
:1054D0006C2571A86D2572A86E2573A86F2574A818
:1054E000702575A8712576A8722577A8732578A8E8
:1054F000812579A882257AA883257BA884257CA884
:1055000085257DA886257EA8872580A8882581A851
:10551000892582A88A2583A88B2584A88C2585A81F
:105520008D2586A88E2587A88F2588A8932589A8EC
:1055300094258AA895258BA8BC258CA8BD258DA867
:10554000E2258EA8E3258FA8E42590A8E52591A85B
:10555000092692A8952293A8123094A81D3095A8E8
:105560001E30A1A80101A2A8E100A3A8CE01A4A811
:10557000E000A5A81301A6A8E900A7A81B01A8A8F8
:10558000E800A9A82B01AAA8ED00ABA8D001ACA8FF
:10559000EC00ADA84D01AEA8F300AFA8D201B0A8B1
:1055A000F200B1A86B01B2A8FA00B3A8D401B4A864
:1055B000F900B5A8D601B6A8D801B7A8DA01B8A8ED
:1055C000DC01B9A8FC00BAA8EA00BBA85102BDA83A
:1055D0004401BEA84801C0A86102C5A80531C6A8FB
:1055E0000631C7A80731C8A80831C9A80931CAA817
:1055F0000A31CBA80B31CCA80C31CDA80D31CEA8E7
:105600000E31CFA80F31D0A81031D1A81131D2A8B6
:105610001231D3A81331D4A81431D5A81531D6A886
:105620001631D7A81731D8A81831D9A81931DAA856
:105630001A31DBA81B31DCA81C31DDA81D31DEA826
:105640001E31DFA81F31E0A82031E1A82131E2A8F6
:105650002231E3A82331E4A82431E5A82531E6A8C6
:105660002631E7A82731E8A82831E9A8293140A93F
:10567000213041A9223042A9233043A9243044A932
:10568000253045A9263046A9273047A9283048A902
:10569000293049A9A3324AA98E334BA98F334CA98B
:1056A0009C334DA99D334EA99E334FA9A13350A9D8
:1056B000C43351A9CE3352A9D13353A9D23354A9FB
:1056C000D53355A930FE56A9E2FF57A9E4FF59A9E1
:1056D00021215AA931325CA9102060A9FC3061A9AE
:1056E0009B3062A99C3063A9FD3064A9FE3065A996
:1056F000063066A99D3067A99E3068A949FE69A950
:105700004AFE6AA94BFE6BA94CFE6CA94DFE6DA921
:105710004EFE6EA94FFE6FA950FE70A951FE71A9F1
:1057200052FE72A954FE73A955FE74A956FE75A9BE
:1057300057FE76A959FE77A95AFE78A95BFE79A98A
:105740005CFE7AA95DFE7BA95EFE7CA95FFE7DA959
:1057500060FE7EA961FE80A962FE81A963FE82A926
:1057600064FE83A965FE84A966FE85A968FE86A9F4
:1057700069FE87A96AFE88A96BFE96A90730A4A9CD
:105780000025A5A90125A6A90225A7A90325A8A941
:105790000425A9A90525AAA90625ABA90725ACA911
:1057A0000825ADA90925AEA90A25AFA90B25B0A9E1
:1057B0000C25B1A90D25B2A90E25B3A90F25B4A9B1
:1057C0001025B5A91125B6A91225B7A91325B8A981
:1057D0001425B9A91525BAA91625BBA91725BCA951
:1057E0001825BDA91925BEA91A25BFA91B25C0A921
:1057F0001C25C1A91D25C2A91E25C3A91F25C4A9F1
:105800002025C5A92125C6A92225C7A92325C8A9C0
:105810002425C9A92525CAA92625CBA92725CCA990
:105820002825CDA92925CEA92A25CFA92B25D0A960
:105830002C25D1A92D25D2A92E25D3A92F25D4A930
:105840003025D5A93125D6A93225D7A93325D8A900
:105850003425D9A93525DAA93625DBA93725DCA9D0
:105860003825DDA93925DEA93A25DFA93B25E0A9A0
:105870003C25E1A93D25E2A93E25E3A93F25E4A970
:105880004025E5A94125E6A94225E7A94325E8A940
:105890004425E9A94525EAA94625EBA94725ECA910
:1058A0004825EDA94925EEA94A25EFA94B2540AA8F
:1058B000DC7241AADD7242AADF7243AAE27244AAF4
:1058C000E37245AAE47246AAE57247AAE67248AABC
:1058D000E77249AAEA724AAAEB724BAAF5724CAA7D
:1058E000F6724DAAF9724EAAFD724FAAFE7250AA24
:1058F000FF7251AA007352AA027353AA047354AAE6
:10590000057355AA067356AA077357AA087358AAAF
:10591000097359AA0B735AAA0C735BAA0D735CAA7C
:105920000F735DAA10735EAA11735FAA127360AA47
:10593000147361AA187362AA197363AA1A7364AA0A
:105940001F7365AA207366AA237367AA247368AAC3
:10595000267369AA27736AAA28736BAA2D736CAA87
:105960002F736DAA30736EAA32736FAA337370AA45
:10597000357371AA367372AA3A7373AA3B7374AA09
:105980003C7375AA3D7376AA407377AA417378AACF
:10599000427379AA43737AAA44737BAA45737CAA9B
:1059A00046737DAA47737EAA487380AA497381AA69
:1059B0004A7382AA4B7383AA4C7384AA4E7385AA36
:1059C0004F7386AA517387AA537388AA547389AAFE
:1059D00055738AAA56738BAA58738CAA59738DAAC9
:1059E0005A738EAA5B738FAA5C7390AA5D7391AA97
:1059F0005E7392AA5F7393AA617394AA627395AA65
:105A0000637396AA647397AA657398AA667399AA32
:105A100067739AAA68739BAA69739CAA6A739DAA02
:105A20006B739EAA6E739FAA7073A0AA717340AB2A
:105A3000727341AB737342AB747343AB757344AB16
:105A4000767345AB777346AB787347AB797348ABE6
:105A50007A7349AB7B734AAB7C734BAB7D734CABB6
:105A60007F734DAB80734EAB81734FAB827350AB82
:105A7000837351AB857352AB867353AB887354AB4E
:105A80008A7355AB8C7356AB8D7357AB8F7358AB12
:105A9000907359AB92735AAB93735BAB94735CABDB
:105AA00095735DAB97735EAB98735FAB997360ABA7
:105AB0009A7361AB9C7362AB9D7363AB9E7364AB73
:105AC000A07365ABA17366ABA37367ABA47368AB3C
:105AD000A57369ABA6736AABA7736BABA8736CAB0A
:105AE000AA736DABAC736EABAD736FABB17370ABD0
:105AF000B47371ABB57372ABB67373ABB87374AB8D
:105B0000B97375ABBC7376ABBD7377ABBE7378AB53
:105B1000BF7379ABC1737AABC3737BABC4737CAB1C
:105B2000C5737DABC6737EABC77380ABCB7381ABE4
:105B3000CC7382ABCE7383ABD27384ABD37385ABA0
:105B4000D47386ABD57387ABD67388ABD77389AB69
:105B5000D8738AABDA738BABDB738CABDC738DAB36
:105B6000DD738EABDF738FABE17390ABE27391AB00
:105B7000E37392ABE47393ABE67394ABE87395ABCA
:105B8000EA7396ABEB7397ABEC7398ABEE7399AB90
:105B9000EF739AABF0739BABF1739CABF3739DAB5C
:105BA000F4739EABF5739FABF673A0ABF77340AC89
:105BB000F87341ACF97342ACFA7343ACFB7344AC79
:105BC000FC7345ACFD7346ACFE7347ACFF7348AC49
:105BD000007449AC01744AAC02744BAC04744CAC14
:105BE00007744DAC08744EAC0B744FAC0C7450ACD5
:105BF0000D7451AC0E7452AC117453AC127454AC9D
:105C0000137455AC147456AC157457AC167458AC68
:105C1000177459AC18745AAC19745BAC1C745CAC36
:105C20001D745DAC1E745EAC1F745FAC207460AC00
:105C3000217461AC237462AC247463AC277464ACCB
:105C4000297465AC2B7466AC2D7467AC2F7468AC8A
:105C5000317469AC32746AAC37746BAC38746CAC48
:105C600039746DAC3A746EAC3B746FAC3D7470AC0F
:105C70003E7471AC3F7472AC407473AC427474ACDB
:105C8000437475AC447476AC457477AC467478ACA8
:105C9000477479AC48747AAC49747BAC4A747CAC78
:105CA0004B747DAC4C747EAC4D7480AC4E7481AC46
:105CB0004F7482AC507483AC517484AC527485AC14
:105CC000537486AC547487AC567488AC587489ACE1
:105CD0005D748AAC60748BAC61748CAC62748DAC96
:105CE00063748EAC64748FAC657490AC667491AC64
:105CF000677492AC687493AC697494AC6A7495AC34
:105D00006B7496AC6C7497AC6E7498AC6F7499AC01
:105D100071749AAC72749BAC73749CAC74749DACCB
:105D200075749EAC78749FAC7974A0AC7A7440ADF5
:105D30007B7441AD7C7442AD7D7443AD7F7444ADE2
:105D4000827445AD847446AD857447AD867448ADA4
:105D5000887449AD89744AAD8A744BAD8C744CAD6E
:105D60008D744DAD8F744EAD91744FAD927450AD36
:105D7000937451AD947452AD957453AD967454AD03
:105D8000977455AD987456AD997457AD9A7458ADD3
:105D90009B7459AD9D745AAD9F745BADA0745CAD9E
:105DA000A1745DADA2745EADA3745FADA47460AD6B
:105DB000A57461ADA67462ADAA7463ADAB7464AD35
:105DC000AC7465ADAD7466ADAE7467ADAF7468ADFF
:105DD000B07469ADB1746AADB2746BADB3746CADCF
:105DE000B4746DADB5746EADB6746FADB77470AD9F
:105DF000B87471ADB97472ADBB7473ADBC7474AD6D
:105E0000BD7475ADBE7476ADBF7477ADC07478AD3A
:105E1000C17479ADC2747AADC3747BADC4747CAD0A
:105E2000C5747DADC6747EADC77480ADC87481ADD8
:105E3000C97482ADCA7483ADCB7484ADCC7485ADA6
:105E4000CD7486ADCE7487ADCF7488ADD07489AD76
:105E5000D1748AADD3748BADD4748CADD5748DAD43
:105E6000D6748EADD7748FADD87490ADD97491AD12
:105E7000DA7492ADDB7493ADDD7494ADDF7495ADDF
:105E8000E17496ADE57497ADE77498ADE87499AD9B
:105E9000E9749AADEA749BADEB749CADEC749DAD66
:105EA000ED749EADF0749FADF174A0ADF27440AE90
:105EB000F37441AEF57442AEF87443AEF97444AE77
:105EC000FA7445AEFB7446AEFC7447AEFD7448AE42
:105ED000FE7449AE00754AAE01754BAE02754CAE0C
:105EE00003754DAE05754EAE06754FAE077550AED7
:105EF000087551AE097552AE0A7553AE0B7554AEA6
:105F00000C7555AE0E7556AE107557AE127558AE6F
:105F1000147559AE15755AAE16755BAE17755CAE35
:105F20001B755DAE1D755EAE1E755FAE207560AEF5
:105F3000217561AE227562AE237563AE247564AEC1
:105F4000267565AE277566AE2A7567AE2E7568AE86
:105F5000347569AE36756AAE39756BAE3C756CAE2C
:105F60003D756DAE3F756EAE41756FAE427570AEEC
:105F7000437571AE447572AE467573AE477574AEB7
:105F8000497575AE4A7576AE4D7577AE507578AE7B
:105F9000517579AE52757AAE53757BAE55757CAE40
:105FA00056757DAE57757EAE587580AE5D7581AE07
:105FB0005E7582AE5F7583AE607584AE617585AEC9
:105FC000627586AE637587AE647588AE677589AE97
:105FD00068758AAE69758BAE6B758CAE6C758DAE5F
:105FE0006D758EAE6E758FAE6F7590AE707591AE2D
:105FF000717592AE737593AE757594AE767595AEF8
:10600000777596AE7A7597AE7B7598AE7C7599AEBE
:106010007D759AAE7E759BAE80759CAE81759DAE8A
:1060200082759EAE84759FAE8575A0AE877540AFB4
:10603000887541AF897542AF8A7543AF8C7544AF9F
:106040008D7545AF8E7546AF907547AF937548AF68
:10605000957549AF98754AAF9B754BAF9C754CAF22
:106060009E754DAFA2754EAFA6754FAFA77550AFD9
:10607000A87551AFA97552AFAA7553AFAD7554AF9E
:10608000B67555AFB77556AFBA7557AFBB7558AF44
:10609000BF7559AFC0755AAFC1755BAFC6755CAF00
:1060A000CB755DAFCC755EAFCE755FAFCF7560AFB2
:1060B000D07561AFD17562AFD37563AFD77564AF7B
:1060C000D97565AFDA7566AFDC7567AFDD7568AF3A
:1060D000DF7569AFE0756AAFE1756BAFE5756CAF01
:1060E000E9756DAFEC756EAFED756FAFEE7570AFB6
:1060F000EF7571AFF27572AFF37573AFF57574AF7D
:10610000F67575AFF77576AFF87577AFFA7578AF46
:10611000FB7579AFFD757AAFFE757BAF02767CAF0C
:1061200004767DAF06767EAF077680AF087681AFC6
:10613000097682AF0B7683AF0D7684AF0E7685AF8E
:106140000F7686AF117687AF127688AF137689AF58
:1061500014768AAF16768BAF1A768CAF1C768DAF1D
:106160001D768EAF1E768FAF217690AF237691AFDE
:10617000277692AF287693AF2C7694AF2E7695AF94
:106180002F7696AF317697AF327698AF367699AF55
:1061900037769AAF39769BAF3A769CAF3B769DAF18
:1061A0003D769EAF41769FAF4276A0AF447640B039
:1061B000457641B0467642B0477643B0487644B023
:1061C000497645B04A7646B04B7647B04E7648B0F1
:1061D0004F7649B050764AB051764BB052764CB0BB
:1061E00053764DB055764EB057764FB0587650B086
:1061F000597651B05A7652B05B7653B05D7654B052
:106200005F7655B0607656B0617657B0627658B01A
:10621000647659B065765AB066765BB067765CB0E6
:1062200068765DB069765EB06A765FB06C7660B0B5
:106230006D7661B06E7662B0707663B0717664B080
:10624000727665B0737666B0747667B0757668B04E
:10625000767669B077766AB079766BB07A766CB01C
:106260007C766DB07F766EB080766FB0817670B0E0
:10627000837671B0857672B0897673B08A7674B0A1
:106280008C7675B08D7676B08F7677B0907678B064
:10629000927679B094767AB095767BB097767CB02A
:1062A00098767DB09A767EB09B7680B09C7681B0F1
:1062B0009D7682B09E7683B09F7684B0A07685B0BE
:1062C000A17686B0A27687B0A37688B0A57689B08D
:1062D000A6768AB0A7768BB0A8768CB0A9768DB05A
:1062E000AA768EB0AB768FB0AC7690B0AD7691B02A
:1062F000AF7692B0B07693B0B37694B0B57695B0F1
:10630000B67696B0B77697B0B87698B0B97699B0B9
:10631000BA769AB0BB769BB0BC769CB0BD769DB089
:10632000BE769EB0C0769FB0C176A0B0C376A1B055
:106330004A55A2B03F96A3B0C357A4B02863A5B0F6
:10634000CE54A6B00955A7B0C054A8B09176A9B054
:106350004C76AAB03C85ABB0EE77ACB07E82ADB0E7
:106360008D78AEB03172AFB09896B0B08D97B1B0B5
:10637000286CB2B0895BB3B0FA4FB4B00963B5B062
:106380009766B6B0B85CB7B0FA80B8B04868B9B034
:10639000AE80BAB00266BBB0CE76BCB0F951BDB02B
:1063A0005665BEB0AC71BFB0F17FC0B08488C1B0DB
:1063B000B250C2B06559C3B0CA61C4B0B36FC5B002
:1063C000AD82C6B04C63C7B05262C8B0ED53C9B01D
:1063D0002754CAB0067BCBB06B51CCB0A475CDB0FE
:1063E000F45DCEB0D462CFB0CB8DD0B07697D1B0C3
:1063F0008A62D2B01980D3B05D57D4B03897D5B087
:10640000627FD6B03872D7B07D76D8B0CF67D9B0BA
:106410007E76DAB04664DBB0704FDCB0258DDDB03F
:10642000DC62DEB0177ADFB09165E0B0ED73E1B009
:106430002C64E2B07362E3B02C82E4B08198E5B0E2
:106440007F67E6B04872E7B06E62E8B0CC62E9B050
:10645000344FEAB0E374EBB04A53ECB09E52EDB067
:10646000CA7EEEB0A690EFB02E5EF0B08668F1B0B6
:106470009C69F2B08081F3B0D17EF4B0D268F5B0FF
:10648000C578F6B08C86F7B05195F8B08D50F9B05C
:10649000248CFAB0DE82FBB0DE80FCB00553FDB088
:1064A0001289FEB0655240B1C47641B1C77642B19F
:1064B000C97643B1CB7644B1CC7645B1D37646B1FB
:1064C000D57647B1D97648B1DA7649B1DC764AB1AA
:1064D000DD764BB1DE764CB1E0764DB1E1764EB172
:1064E000E2764FB1E37650B1E47651B1E67652B13F
:1064F000E77653B1E87654B1E97655B1EA7656B10C
:10650000EB7657B1EC7658B1ED7659B1F0765AB1D9
:10651000F3765BB1F5765CB1F6765DB1F7765EB198
:10652000FA765FB1FB7660B1FD7661B1FF7662B15C
:10653000007763B1027764B1037765B1057766B11F
:10654000067767B10A7768B10C7769B10E776AB1DF
:106550000F776BB110776CB111776DB112776EB1A7
:1065600013776FB1147770B1157771B1167772B177
:10657000177773B1187774B11B7775B11C7776B143
:106580001D7777B11E7778B1217779B123777AB10A
:1065900024777BB125777CB127777DB12A777EB1CF
:1065A0002B7780B12C7781B12E7782B1307783B190
:1065B000317784B1327785B1337786B1347787B15B
:1065C000397788B13B7789B13D778AB13E778BB116
:1065D0003F778CB142778DB144778EB145778FB1DB
:1065E000467790B1487791B1497792B14A7793B1A4
:1065F0004B7794B14C7795B14D7796B14E7797B173
:106600004F7798B1527799B153779AB154779BB13C
:1066100055779CB156779DB157779EB158779FB10A
:106620005977A0B15C77A1B18485A2B1F996A3B1E5
:10663000DD4FA4B12158A5B17199A6B19D5BA7B159
:10664000B162A8B1A562A9B1B466AAB1798CABB1A7
:106650008D9CACB10672ADB16F67AEB19178AFB140
:10666000B260B0B15153B1B11753B2B1888FB3B169
:10667000CC80B4B11D8DB5B1A194B6B10D50B7B1F8
:10668000C872B8B10759B9B1EB60BAB11971BBB1F1
:10669000AB88BCB15459BDB1EF82BEB12C67BFB15C
:1066A000287BC0B1295DC1B1F77EC2B12D75C3B1E0
:1066B000F56CC4B1668EC5B1F88FC6B13C90C7B158
:1066C0003B9FC8B1D46BC9B11991CAB1147BCBB18E
:1066D0007C5FCCB1A778CDB1D684CEB13D85CFB1AA
:1066E000D56BD0B1D96BD1B1D66BD2B1015ED3B17C
:1066F000875ED4B1F975D5B1ED95D6B15D65D7B1E9
:106700000A5FD8B1C55FD9B19F8FDAB1C158DBB18B
:10671000C281DCB17F90DDB15B96DEB1AD97DFB1B8
:10672000B98FE0B1167FE1B12C8DE2B14162E3B1E6
:10673000BF4FE4B1D853E5B15E53E6B1A88FE7B1DE
:10674000A98FE8B1AB8FE9B14D90EAB10768EBB121
:106750006A5FECB19881EDB16888EEB1D69CEFB17B
:106760008B61F0B12B52F1B12A76F2B16C5FF3B1CB
:106770008C65F4B1D26FF5B1E86EF6B1BE5BF7B1DE
:106780004864F8B17551F9B1B051FAB1C467FBB1C1
:10679000194EFCB1C979FDB17C99FEB1B37040B21C
:1067A0005D7741B25E7742B25F7743B2607744B2C1
:1067B000647745B2677746B2697747B26A7748B27D
:1067C0006D7749B26E774AB26F774BB270774CB241
:1067D00071774DB272774EB273774FB2747750B211
:1067E000757751B2767752B2777753B2787754B2E1
:1067F0007A7755B27B7756B27C7757B2817758B2A9
:10680000827759B283775AB286775BB287775CB268
:1068100088775DB289775EB28A775FB28B7760B234
:106820008F7761B2907762B2937763B2947764B2F4
:10683000957765B2967766B2977767B2987768B2C0
:10684000997769B29A776AB29B776BB29C776CB290
:106850009D776DB29E776EB2A1776FB2A37770B25B
:10686000A47771B2A67772B2A87773B2AB7774B21D
:10687000AD7775B2AE7776B2AF7777B2B17778B2DF
:10688000B27779B2B4777AB2B6777BB2B7777CB2A7
:10689000B8777DB2B9777EB2BA7780B2BC7781B271
:1068A000BE7782B2C07783B2C17784B2C27785B235
:1068B000C37786B2C47787B2C57788B2C67789B204
:1068C000C7778AB2C8778BB2C9778CB2CA778DB2D4
:1068D000CB778EB2CC778FB2CE7790B2CF7791B2A2
:1068E000D07792B2D17793B2D27794B2D37795B270
:1068F000D47796B2D57797B2D67798B2D87799B23F
:10690000D9779AB2DA779BB2DD779CB2DE779DB207
:10691000DF779EB2E0779FB2E177A0B2E477A1B2D1
:10692000C575A2B2765EA3B2BB73A4B2E083A5B272
:10693000AD64A6B2E862A7B2B594A8B2E26CA9B2FF
:106940005A53AAB2C352ABB20F64ACB2C294ADB246
:10695000947BAEB22F4FAFB21B5EB0B23682B1B2F3
:106960001681B2B28A81B3B2246EB4B2CA6CB5B227
:10697000739AB6B25563B7B25C53B8B2FA54B9B2AF
:106980006588BAB2E057BBB20D4EBCB2035EBDB271
:10699000656BBEB23F7CBFB2E890C0B21660C1B2B8
:1069A000E664C2B21C73C3B2C188C4B25067C5B238
:1069B0004D62C6B2228DC7B26C77C8B2298EC9B2F9
:1069C000C791CAB2695FCBB2DC83CCB22185CDB2AC
:1069D0001099CEB2C253CFB29586D0B28B6BD1B2E2
:1069E000ED60D2B2E860D3B27F70D4B2CD82D5B2BE
:1069F0003182D6B2D34ED7B2A76CD8B2CF85D9B236
:106A0000CD64DAB2D97CDBB2FD69DCB2F966DDB205
:106A10004983DEB29553DFB2567BE0B2A74FE1B2B5
:106A20008C51E2B24B6DE3B2425CE4B26D8EE5B2E2
:106A3000D263E6B2C953E7B22C83E8B23683E9B237
:106A4000E567EAB2B478EBB23D64ECB2DF5BEDB27D
:106A5000945CEEB2EE5DEFB2E78BF0B2C662F1B2DB
:106A6000F467F2B27A8CF3B20064F4B2BA63F5B2AE
:106A70004987F6B28B99F7B2178CF8B2207FF9B23A
:106A8000F294FAB2A74EFBB21096FCB2A498FDB2F3
:106A90000C66FEB2167340B3E67741B3E87742B3B3
:106AA000EA7743B3EF7744B3F07745B3F17746B372
:106AB000F27747B3F47748B3F57749B3F7774AB33A
:106AC000F9774BB3FA774CB3FB774DB3FC774EB302
:106AD00003784FB3047850B3057851B3067852B3B6
:106AE000077853B3087854B30A7855B30B7856B384
:106AF0000E7857B30F7858B3107859B313785AB348
:106B000015785BB319785CB31B785DB31E785EB300
:106B100020785FB3217860B3227861B3247862B3C0
:106B2000287863B32A7864B32B7865B32E7866B37C
:106B30002F7867B3317868B3327869B333786AB342
:106B400035786BB336786CB33D786DB33F786EB300
:106B500041786FB3427870B3437871B3447872B3BD
:106B6000467873B3487874B3497875B34A7876B386
:106B70004B7877B34D7878B34F7879B351787AB34F
:106B800053787BB354787CB358787DB359787EB30F
:106B90005A7880B35B7881B35C7882B35E7883B3D4
:106BA0005F7884B3607885B3617886B3627887B3A1
:106BB000637888B3647889B365788AB366788BB371
:106BC00067788CB368788DB369788EB36F788FB33C
:106BD000707890B3717891B3727892B3737893B3FD
:106BE000747894B3757895B3767896B3787897B3CC
:106BF000797898B37A7899B37B789AB37D789BB398
:106C00007E789CB37F789DB380789EB381789FB364
:106C10008278A0B38378A1B33A57A2B31D5CA3B323
:106C2000385EA4B37F95A5B37F50A6B3A080A7B369
:106C30008253A8B35E65A9B34575AAB33155ABB30A
:106C40002150ACB3858DADB38462AEB39E94AFB327
:106C50001D67B0B33256B1B36E6FB2B3E25DB3B37A
:106C60003554B4B39270B5B3668FB6B36F62B7B331
:106C7000A464B8B3A363B9B37B5FBAB3886FBBB383
:106C8000F490BCB3E381BDB3B08FBEB3185CBFB3A7
:106C90006866C0B3F15FC1B3896CC2B34896C3B331
:106CA000818DC4B36C88C5B39164C6B3F079C7B3A2
:106CB000CE57C8B3596AC9B31062CAB34854CBB3EC
:106CC000584ECCB30B7ACDB3E960CEB3846FCFB35B
:106CD000DA8BD0B37F62D1B31E90D2B38B9AD3B389
:106CE000E479D4B30354D5B3F475D6B30163D7B301
:106CF0001953D8B3606CD9B3DF8FDAB31B5FDBB342
:106D0000709ADCB33B80DDB37F9FDEB3884FDFB387
:106D10003A5CE0B3648DE1B3C57FE2B3A565E3B34C
:106D2000BD70E4B34551E5B3B251E6B36B86E7B34A
:106D3000075DE8B3A05BE9B3BD62EAB36C91EBB366
:106D40007475ECB30C8EEDB3207AEEB30161EFB342
:106D5000797BF0B3C74EF1B3F87EF2B38577F3B326
:106D6000114EF4B3ED81F5B31D52F6B3FA51F7B3FA
:106D7000716AF8B3A853F9B3878EFAB30495FBB3DD
:106D8000CF96FCB3C16EFDB36496FEB35A6940B4AE
:106D9000847841B4857842B4867843B4887844B422
:106DA0008A7845B48B7846B48F7847B4907848B4E5
:106DB000927849B494784AB495784BB496784CB4A8
:106DC00099784DB49D784EB49E784FB4A07850B465
:106DD000A27851B4A47852B4A67853B4A87854B425
:106DE000A97855B4AA7856B4AB7857B4AC7858B4EF
:106DF000AD7859B4AE785AB4AF785BB4B5785CB4BA
:106E0000B6785DB4B7785EB4B8785FB4BA7860B479
:106E1000BB7861B4BC7862B4BD7863B4BF7864B445
:106E2000C07865B4C27866B4C37867B4C47868B40F
:106E3000C67869B4C7786AB4C8786BB4CC786CB4D7
:106E4000CD786DB4CE786EB4CF786FB4D17870B49D
:106E5000D27871B4D37872B4D67873B4D77874B466
:106E6000D87875B4DA7876B4DB7877B4DC7878B42F
:106E7000DD7879B4DE787AB4DF787BB4E0787CB4FE
:106E8000E1787DB4E2787EB4E37880B4E47881B4CC
:106E9000E57882B4E67883B4E77884B4E97885B499
:106EA000EA7886B4EB7887B4ED7888B4EE7889B464
:106EB000EF788AB4F0788BB4F1788CB4F3788DB431
:106EC000F5788EB4F6788FB4F87890B4F97891B4F8
:106ED000FB7892B4FC7893B4FD7894B4FE7895B4C2
:106EE000FF7896B4007997B4027998B4037999B48D
:106EF00004799AB406799BB407799CB408799DB457
:106F000009799EB40A799FB40B79A0B40C79A1B425
:106F10004078A2B4A850A3B4D777A4B41064A5B4A1
:106F2000E689A6B40459A7B4E363A8B4DD5DA9B4A7
:106F30007F7AAAB43D69ABB4204FACB43982ADB40A
:106F40009855AEB4324EAFB4AE75B0B4977AB1B412
:106F5000625EB2B48A5EB3B4EF95B4B41B52B5B4FA
:106F60003954B6B48A70B7B47663B8B42495B9B45A
:106F70008257BAB42566BBB43F69BCB48791BDB42F
:106F80000755BEB4F36DBFB4AF7EC0B42288C1B4A0
:106F90003362C2B4F07EC3B4B575C4B42883C5B43B
:106FA000C178C6B4CC96C7B49E8FC8B44861C9B482
:106FB000F774CAB4CD8BCBB4646BCCB43A52CDB4B5
:106FC000508DCEB4216BCFB46A80D0B47184D1B46B
:106FD000F156D2B40653D3B4CE4ED4B41B4ED5B46E
:106FE000D151D6B4977CD7B48B91D8B4077CD9B49F
:106FF000C34FDAB47F8EDBB4E17BDCB49C7ADDB4C2
:107000006764DEB4145DDFB4AC50E0B40681E1B473
:107010000176E2B4B97CE3B4EC6DE4B4E07FE5B4AE
:107020005167E6B4585BE7B4F85BE8B4CB78E9B4F1
:10703000AE64EAB41364EBB4AA63ECB42B63EDB4AE
:107040001995EEB42D64EFB4BE8FF0B4547BF1B457
:107050002976F2B45362F3B42759F4B44654F5B424
:10706000796BF6B4A350F7B43462F8B4265EF9B481
:10707000866BFAB4E34EFBB4378DFCB48B88FDB459
:10708000855FFEB42E9040B50D7941B50E7942B5BD
:107090000F7943B5107944B5117945B5127946B5E4
:1070A000147947B5157948B5167949B517794AB5B0
:1070B00018794BB519794CB51A794DB51B794EB580
:1070C0001C794FB51D7950B51F7951B5207952B54E
:1070D000217953B5227954B5237955B5257956B51B
:1070E000267957B5277958B5287959B529795AB5E8
:1070F0002A795BB52B795CB52C795DB52D795EB5B8
:107100002E795FB52F7960B5307961B5317962B587
:10711000327963B5337964B5357965B5367966B555
:10712000377967B5387968B5397969B53D796AB520
:107130003F796BB542796CB543796DB544796EB5DD
:1071400045796FB5477970B54A7971B54B7972B5A4
:107150004C7973B54D7974B54E7975B54F7976B56F
:10716000507977B5517978B5527979B554797AB53E
:1071700055797BB558797CB559797DB561797EB5FE
:10718000637980B5647981B5667982B5697983B5AB
:107190006A7984B56B7985B56C7986B56E7987B572
:1071A000707988B5717989B572798AB573798BB53B
:1071B00074798CB575798DB576798EB579798FB509
:1071C0007B7990B57C7991B57D7992B57E7993B5CF
:1071D0007F7994B5827995B5837996B5867997B597
:1071E000877998B5887999B589799AB58B799BB55E
:1071F0008C799CB58D799DB58E799EB590799FB52A
:107200009179A0B59279A1B52060A2B53D80A3B5D2
:10721000C562A4B5394EA5B55553A6B5F890A7B526
:10722000B863A8B5C680A9B5E665AAB52E6CABB59E
:10723000464FACB5EE60ADB5E16DAEB5DE8BAFB52A
:10724000395FB0B5CB86B1B5535FB2B52163B3B585
:107250005A51B4B56183B5B56368B6B50052B7B5D8
:107260006363B8B5488EB9B51250BAB59B5CBBB56F
:107270007779BCB5FC5BBDB53052BEB53B7ABFB5C6
:10728000BC60C0B55390C1B5D776C2B5B75FC3B5C2
:10729000975FC4B58476C5B56C8EC6B56F70C7B53B
:1072A0007B76C8B5497BC9B5AA77CAB5F351CBB5CA
:1072B0009390CCB52458CDB54E4FCEB5F46ECFB526
:1072C000EA8FD0B54C65D1B51B7BD2B5C472D3B5AE
:1072D000A46DD4B5DF7FD5B5E15AD6B5B562D7B5C3
:1072E000955ED8B53057D9B58284DAB52C7BDBB53D
:1072F0001D5EDCB51F5FDDB51290DEB5147FDFB516
:10730000A098E0B58263E1B5C76EE2B59878E3B5C1
:10731000B970E4B57851E5B55B97E6B5AB57E7B51D
:107320003575E8B5434FE9B53875EAB5975EEBB505
:10733000E660ECB56059EDB5C06DEEB5BF6BEFB56D
:107340008978F0B5FC53F1B5D596F2B5CB51F3B5CC
:107350000152F4B58963F5B50A54F6B59394F7B5BF
:10736000038CF8B5CC8DF9B53972FAB59F78FBB5B9
:107370007687FCB5ED8FFDB50D8CFEB5E05340B6BC
:10738000937941B6947942B6957943B6967944B6E5
:10739000977945B6987946B6997947B69B7948B6B4
:1073A0009C7949B69D794AB69E794BB69F794CB681
:1073B000A0794DB6A1794EB6A2794FB6A37950B651
:1073C000A47951B6A57952B6A67953B6A87954B620
:1073D000A97955B6AA7956B6AB7957B6AC7958B6ED
:1073E000AD7959B6AE795AB6AF795BB6B0795CB6BD
:1073F000B1795DB6B2795EB6B4795FB6B57960B68B
:10740000B67961B6B77962B6B87963B6BC7964B655
:10741000BF7965B6C27966B6C47967B6C57968B60C
:10742000C77969B6C8796AB6CA796BB6CC796CB6D1
:10743000CE796DB6CF796EB6D0796FB6D37970B696
:10744000D47971B6D67972B6D77973B6D97974B65C
:10745000DA7975B6DB7976B6DC7977B6DD7978B628
:10746000DE7979B6E0797AB6E1797BB6E2797CB6F5
:10747000E5797DB6E8797EB6EA7980B6EC7981B6B1
:10748000EE7982B6F17983B6F27984B6F37985B66E
:10749000F47986B6F57987B6F67988B6F77989B63C
:1074A000F9798AB6FA798BB6FC798CB6FE798DB605
:1074B000FF798EB6017A8FB6047A90B6057A91B6C6
:1074C000077A92B6087A93B6097A94B60A7A95B68C
:1074D0000C7A96B60F7A97B6107A98B6117A99B652
:1074E000127A9AB6137A9BB6157A9CB6167A9DB61E
:1074F000187A9EB6197A9FB61B7AA0B61C7AA1B6E6
:10750000014EA2B6EF76A3B6EE53A4B68994A5B603
:107510007698A6B60E9FA7B62D95A8B69A5BA9B683
:10752000A28BAAB6224EABB61C4EACB6AC51ADB6D1
:107530006384AEB6C261AFB6A852B0B60B68B1B63E
:10754000974FB2B66B60B3B6BB51B4B61E6DB5B64D
:107550005C51B6B69662B7B69765B8B66196B9B6DD
:10756000468CBAB61790BBB6D875BCB6FD90BDB602
:107570006377BEB6D26BBFB68A72C0B6EC72C1B6C4
:10758000FB8BC2B63558C3B67977C4B64C8DC5B639
:107590005C67C6B64095C7B69A80C8B6A65EC9B63F
:1075A000216ECAB69259CBB6EF7ACCB6ED77CDB68E
:1075B0003B95CEB6B56BCFB6AD65D0B60E7FD1B626
:1075C0000658D2B65151D3B61F96D4B6F95BD5B68C
:1075D000A958D6B62854D7B6728ED8B66665D9B62D
:1075E0007F98DAB6E456DBB69D94DCB6FE76DDB65F
:1075F0004190DEB68763DFB6C654E0B61A59E1B6ED
:107600003A59E2B69B57E3B6B28EE4B63567E5B6B3
:10761000FA8DE6B63582E7B64152E8B6F060E9B6D3
:107620001558EAB6FE86EBB6E85CECB6459EEDB6BC
:10763000C44FEEB69D98EFB6B98BF0B6255AF1B6A9
:107640007660F2B68453F3B67C62F4B64F90F5B62A
:107650000291F6B67F99F7B66960F8B60C80F9B674
:107660003F51FAB63380FBB6145CFCB67599FDB693
:10767000316DFEB68C4E40B71D7A41B71F7A42B7C6
:10768000217A43B7227A44B7247A45B7257A46B798
:10769000267A47B7277A48B7287A49B7297A4AB766
:1076A0002A7A4BB72B7A4CB72C7A4DB72D7A4EB736
:1076B0002E7A4FB72F7A50B7307A51B7317A52B706
:1076C000327A53B7347A54B7357A55B7367A56B7D3
:1076D000387A57B73A7A58B73E7A59B7407A5AB794
:1076E000417A5BB7427A5CB7437A5DB7447A5EB75A
:1076F000457A5FB7477A60B7487A61B7497A62B727
:107700004A7A63B74B7A64B74C7A65B74D7A66B7F5
:107710004E7A67B74F7A68B7507A69B7527A6AB7C4
:10772000537A6BB7547A6CB7557A6DB7567A6EB791
:10773000587A6FB7597A70B75A7A71B75B7A72B75D
:107740005C7A73B75D7A74B75E7A75B75F7A76B72D
:10775000607A77B7617A78B7627A79B7637A7AB7FD
:10776000647A7BB7657A7CB7667A7DB7677A7EB7CD
:10777000687A80B7697A81B76A7A82B76B7A83B799
:107780006C7A84B76D7A85B76E7A86B76F7A87B769
:10779000717A88B7727A89B7737A8AB7757A8BB734
:1077A0007B7A8CB77C7A8DB77D7A8EB77E7A8FB7ED
:1077B000827A90B7857A91B7877A92B7897A93B7A8
:1077C0008A7A94B78B7A95B78C7A96B78E7A97B770
:1077D0008F7A98B7907A99B7937A9AB7947A9BB739
:1077E000997A9CB79A7A9DB79B7A9EB79E7A9FB7F3
:1077F000A17AA0B7A27AA1B7308DA2B7D153A3B70F
:107800005A7FA4B74F7BA5B7104FA6B74F4EA7B767
:107810000096A8B7D56CA9B7D073AAB7E985ABB75E
:10782000065EACB76A75ADB7FB7FAEB70A6AAFB795
:10783000FE77B0B79294B1B7417EB2B7E151B3B71A
:10784000E670B4B7CD53B5B7D48FB6B70383B7B727
:10785000298DB8B7AF72B9B76D99BAB7DB6CBBB742
:107860004A57BCB7B382BDB7B965BEB7AA80BFB728
:107870003F62C0B73296C1B7A859C2B7FF4EC3B76F
:10788000BF8BC4B7BA7EC5B73E65C6B7F283C7B76C
:107890005E97C8B76155C9B7DE98CAB7A580CBB7A0
:1078A0002A53CCB7FD8BCDB72054CEB7BA80CFB713
:1078B0009F5ED0B7B86CD1B7398DD2B7AC82D3B791
:1078C0005A91D4B72954D5B71B6CD6B70652D7B73F
:1078D000B77ED8B75F57D9B71A71DAB77E6CDBB706
:1078E000897CDCB74B59DDB7FD4EDEB7FF5FDFB7F4
:1078F0002461E0B7AA7CE1B7304EE2B7015CE3B7A0
:10790000AB67E4B70287E5B7F05CE6B70B95E7B77E
:10791000CE98E8B7AF75E9B7FD70EAB72290EBB73C
:10792000AF51ECB71D7FEDB7BD8BEEB74959EFB73F
:10793000E451F0B75B4FF1B72654F2B72B59F3B7C8
:107940007765F4B7A480F5B7755BF6B77662F7B7DD
:10795000C262F8B7908FF9B7455EFAB71F6CFBB7F4
:10796000267BFCB70F4FFDB7D84FFEB70D6740B869
:10797000A37A41B8A47A42B8A77A43B8A97A44B89E
:10798000AA7A45B8AB7A46B8AE7A47B8AF7A48B863
:10799000B07A49B8B17A4AB8B27A4BB8B47A4CB82E
:1079A000B57A4DB8B67A4EB8B77A4FB8B87A50B8FB
:1079B000B97A51B8BA7A52B8BB7A53B8BC7A54B8CB
:1079C000BD7A55B8BE7A56B8C07A57B8C17A58B899
:1079D000C27A59B8C37A5AB8C47A5BB8C57A5CB867
:1079E000C67A5DB8C77A5EB8C87A5FB8C97A60B837
:1079F000CA7A61B8CC7A62B8CD7A63B8CE7A64B804
:107A0000CF7A65B8D07A66B8D17A67B8D27A68B8D2
:107A1000D37A69B8D47A6AB8D57A6BB8D77A6CB8A1
:107A2000D87A6DB8DA7A6EB8DB7A6FB8DC7A70B86B
:107A3000DD7A71B8E17A72B8E27A73B8E47A74B830
:107A4000E77A75B8E87A76B8E97A77B8EA7A78B8F2
:107A5000EB7A79B8EC7A7AB8EE7A7BB8F07A7CB8BF
:107A6000F17A7DB8F27A7EB8F37A80B8F47A81B888
:107A7000F57A82B8F67A83B8F77A84B8F87A85B856
:107A8000FB7A86B8FC7A87B8FE7A88B8007B89B81A
:107A9000017B8AB8027B8BB8057B8CB8077B8DB8DD
:107AA000097B8EB80C7B8FB80D7B90B80E7B91B89C
:107AB000107B92B8127B93B8137B94B8167B95B861
:107AC000177B96B8187B97B81A7B98B81C7B99B827
:107AD0001D7B9AB81F7B9BB8217B9CB8227B9DB8ED
:107AE000237B9EB8277B9FB8297BA0B82D7BA1B8AC
:107AF0006E6DA2B8AA6DA3B88F79A4B8B188A5B8E5
:107B0000175FA6B82B75A7B89A62A8B8858FA9B8D1
:107B1000EF4FAAB8DC91ABB8A765ACB82F81ADB870
:107B20005181AEB89C5EAFB85081B0B8748DB1B819
:107B30006F52B2B88689B3B84B8DB4B80D59B5B889
:107B40008550B6B8D84EB7B81C96B8B83672B9B822
:107B50007981BAB81F8DBBB8CC5BBCB8A38BBDB85C
:107B60004496BEB88759BFB81A7FC0B89054C1B800
:107B70007656C2B80E56C3B8E58BC4B83965C5B8D9
:107B80008269C6B89994C7B8D676C8B8896EC9B89C
:107B9000725ECAB81875CBB84667CCB8D167CDB895
:107BA000FF7ACEB89D80CFB8768DD0B81F61D1B89E
:107BB000C679D2B86265D3B8638DD4B88851D5B8C8
:107BC0001A52D6B8A294D7B8387FD8B89B80D9B803
:107BD000B27EDAB8975CDBB82F6EDCB86067DDB8D0
:107BE000D97BDEB88B76DFB8D89AE0B88F81E1B860
:107BF000947FE2B8D57CE3B81E64E4B85095E5B84C
:107C00003F7AE6B84A54E7B8E554E8B84C6BE9B8AF
:107C10000164EAB80862EBB83D9EECB8F380EDB8B9
:107C20009975EEB87252EFB86997F0B85B84F1B805
:107C30003C68F2B8E486F3B80196F4B89496F5B8C7
:107C4000EC94F6B82A4EF7B80454F8B8D97EF9B8CF
:107C50003968FAB8DF8DFBB81580FCB8F466FDB85A
:107C60009A5EFEB8B97F40B92F7B41B9307B42B9EB
:107C7000327B43B9347B44B9357B45B9367B46B951
:107C8000377B47B9397B48B93B7B49B93D7B4AB91A
:107C90003F7B4BB9407B4CB9417B4DB9427B4EB9E0
:107CA000437B4FB9447B50B9467B51B9487B52B9AD
:107CB0004A7B53B94D7B54B94E7B55B9537B56B96A
:107CC000557B57B9577B58B9597B59B95C7B5AB921
:107CD0005E7B5BB95F7B5CB9617B5DB9637B5EB9E1
:107CE000647B5FB9657B60B9667B61B9677B62B9AC
:107CF000687B63B9697B64B96A7B65B96B7B66B97C
:107D00006C7B67B96D7B68B96F7B69B9707B6AB949
:107D1000737B6BB9747B6CB9767B6DB9787B6EB90C
:107D20007A7B6FB97C7B70B97D7B71B97F7B72B9CF
:107D3000817B73B9827B74B9837B75B9847B76B997
:107D4000867B77B9877B78B9887B79B9897B7AB963
:107D50008A7B7BB98B7B7CB98C7B7DB98E7B7EB932
:107D60008F7B80B9917B81B9927B82B9937B83B9F8
:107D7000967B84B9987B85B9997B86B99A7B87B9BC
:107D80009B7B88B99E7B89B99F7B8AB9A07B8BB985
:107D9000A37B8CB9A47B8DB9A57B8EB9AE7B8FB943
:107DA000AF7B90B9B07B91B9B27B92B9B37B93B9F9
:107DB000B57B94B9B67B95B9B77B96B9B97B97B9C2
:107DC000BA7B98B9BB7B99B9BC7B9AB9BD7B9BB98F
:107DD000BE7B9CB9BF7B9DB9C07B9EB9C27B9FB95E
:107DE000C37BA0B9C47BA1B9C257A2B93F80A3B9D4
:107DF0009768A4B9E55DA5B93B65A6B99F52A7B937
:107E00006D60A8B99A9FA9B99B4FAAB9AC8EABB9BE
:107E10006C51ACB9AB5BADB9135FAEB9E95DAFB94D
:107E20005E6CB0B9F162B1B9218DB2B97151B3B91B
:107E3000A994B4B9FE52B5B99F6CB6B9DF82B7B98F
:107E4000D772B8B9A257B9B98467BAB92D8DBBB981
:107E50001F59BCB99C8FBDB9C783BEB99554BFB972
:107E60008D7BC0B9304FC1B9BD6CC2B9645BC3B9B9
:107E7000D159C4B9139FC5B9E453C6B9CA86C7B9A5
:107E8000A89AC8B9378CC9B9A180CAB94565CBB918
:107E90007E98CCB9FA56CDB9C796CEB92E52CFB985
:107EA000DC74D0B95052D1B9E15BD2B90263D3B915
:107EB0000289D4B9564ED5B9D062D6B92A60D7B99D
:107EC000FA68D8B97351D9B9985BDAB9A051DBB95E
:107ED000C289DCB9A17BDDB98699DEB9507FDFB9F3
:107EE000EF60E0B94C70E1B92F8DE2B94951E3B9C7
:107EF0007F5EE4B91B90E5B97074E6B9C489E7B94F
:107F00002D57E8B94578E9B9525FEAB99F9FEBB9B7
:107F1000FA95ECB9688FEDB93C9BEEB9E18BEFB9FE
:107F20007876F0B94268F1B9DC67F2B9EA8DF3B955
:107F3000358DF4B93D52F5B98A8FF6B9DA6EF7B9D5
:107F4000CD68F8B90595F9B9ED90FAB9FD56FBB9C8
:107F50009C67FCB9F988FDB9C78FFEB9C85440BA0F
:107F6000C57B41BAC87B42BAC97B43BACA7B44BA13
:107F7000CB7B45BACD7B46BACE7B47BACF7B48BADE
:107F8000D07B49BAD27B4ABAD47B4BBAD57B4CBAA8
:107F9000D67B4DBAD77B4EBAD87B4FBADB7B50BA73
:107FA000DC7B51BADE7B52BADF7B53BAE07B54BA3A
:107FB000E27B55BAE37B56BAE47B57BAE77B58BA03
:107FC000E87B59BAE97B5ABAEB7B5BBAEC7B5CBACB
:107FD000ED7B5DBAEF7B5EBAF07B5FBAF27B60BA95
:107FE000F37B61BAF47B62BAF57B63BAF67B64BA61
:107FF000F87B65BAF97B66BAFA7B67BAFB7B68BA2D
:10800000FD7B69BAFF7B6ABA007C6BBA017C6CBAF3
:10801000027C6DBA037C6EBA047C6FBA057C70BAC0
:10802000067C71BA087C72BA097C73BA0A7C74BA8D
:108030000D7C75BA0E7C76BA107C77BA117C78BA52
:10804000127C79BA137C7ABA147C7BBA157C7CBA20
:10805000177C7DBA187C7EBA197C80BA1A7C81BAEA
:108060001B7C82BA1C7C83BA1D7C84BA1E7C85BAB8
:10807000207C86BA217C87BA227C88BA237C89BA84
:10808000247C8ABA257C8BBA287C8CBA297C8DBA50
:108090002B7C8EBA2C7C8FBA2D7C90BA2E7C91BA18
:1080A0002F7C92BA307C93BA317C94BA327C95BAE8
:1080B000337C96BA347C97BA357C98BA367C99BAB8
:1080C000377C9ABA397C9BBA3A7C9CBA3B7C9DBA85
:1080D0003C7C9EBA3D7C9FBA3E7CA0BA427CA1BA51
:1080E000B89AA2BA695BA3BA776DA4BA266CA5BA8E
:1080F000A54EA6BAB35BA7BA879AA8BA6391A9BAE4
:10810000A861AABAAF90ABBAE997ACBA2B54ADBA92
:10811000B56DAEBAD25BAFBAFD51B0BA8A55B1BA3D
:10812000557FB2BAF07FB3BABC64B4BA4D63B5BA86
:10813000F165B6BABE61B7BA8D60B8BA0A71B9BA9C
:10814000576CBABA496CBBBA2F59BCBA6D67BDBA85
:108150002A82BEBAD558BFBA8E56C0BA6A8CC1BA86
:10816000EB6BC2BADD90C3BA7D59C4BA1780C5BAE9
:10817000F753C6BA696DC7BA7554C8BA9D55C9BA1E
:108180007783CABACF83CBBA3868CCBABE79CDBAB6
:108190008C54CEBA554FCFBA0854D0BAD276D1BA91
:1081A000898CD2BA0296D3BAB36CD4BAB86DD5BAA8
:1081B0006B8DD6BA1089D7BA649ED8BA3A8DD9BA1F
:1081C0003F56DABAD19EDBBAD575DCBA885FDDBA24
:1081D000E072DEBA6860DFBAFC54E0BAA84EE1BAD9
:1081E0002A6AE2BA6188E3BA5260E4BA708FE5BAEB
:1081F000C454E6BAD870E7BA7986E8BA3F9EE9BABD
:108200002A6DEABA8F5BEBBA185FECBAA27EEDBAC0
:108210008955EEBAAF4FEFBA3473F0BA3C54F1BAA5
:108220009A53F2BA1950F3BA0E54F4BA7C54F5BA10
:108230004E4EF6BAFD5FF7BA5A74F8BAF658F9BA64
:108240006B84FABAE180FBBA7487FCBAD072FDBACB
:10825000CA7CFEBA566E40BB437C41BB447C42BBE9
:10826000457C43BB467C44BB477C45BB487C46BB06
:10827000497C47BB4A7C48BB4B7C49BB4C7C4ABBD6
:108280004E7C4BBB4F7C4CBB507C4DBB517C4EBBA2
:10829000527C4FBB537C50BB547C51BB557C52BB72
:1082A000567C53BB577C54BB587C55BB597C56BB42
:1082B0005A7C57BB5B7C58BB5C7C59BB5D7C5ABB12
:1082C0005E7C5BBB5F7C5CBB607C5DBB617C5EBBE2
:1082D000627C5FBB637C60BB647C61BB657C62BBB2
:1082E000667C63BB677C64BB687C65BB697C66BB82
:1082F0006A7C67BB6B7C68BB6C7C69BB6D7C6ABB52
:108300006E7C6BBB6F7C6CBB707C6DBB717C6EBB21
:10831000727C6FBB757C70BB767C71BB777C72BBEB
:10832000787C73BB797C74BB7A7C75BB7E7C76BBB6
:108330007F7C77BB807C78BB817C79BB827C7ABB7D
:10834000837C7BBB847C7CBB857C7DBB867C7EBB4D
:10835000877C80BB887C81BB8A7C82BB8B7C83BB17
:108360008C7C84BB8D7C85BB8E7C86BB8F7C87BBE5
:10837000907C88BB937C89BB947C8ABB967C8BBBAE
:10838000997C8CBB9A7C8DBB9B7C8EBBA07C8FBB6D
:10839000A17C90BBA37C91BBA67C92BBA77C93BB2A
:1083A000A87C94BBA97C95BBAB7C96BBAC7C97BBF3
:1083B000AD7C98BBAF7C99BBB07C9ABBB47C9BBBBB
:1083C000B57C9CBBB67C9DBBB77C9EBBB87C9FBB81
:1083D000BA7CA0BBBB7CA1BB275FA2BB4E86A3BB64
:1083E0002C55A4BBA462A5BB924EA6BBAA6CA7BB8E
:1083F0003762A8BBB182A9BBD754AABB4E53ABBB53
:108400003E73ACBBD16EADBB3B75AEBB1252AFBBC6
:108410001653B0BBDD8BB1BBD069B2BB8A5FB3BBB7
:108420000060B4BBEE6DB5BB4F57B6BB226BB7BB9C
:10843000AF73B8BB5368B9BBD88FBABB137FBBBB94
:108440006263BCBBA360BDBB2455BEBBEA75BFBBAA
:10845000628CC0BB1571C1BBA36DC2BBA65BC3BBA5
:108460007B5EC4BB5283C5BB4C61C6BBC49EC7BB4D
:10847000FA78C8BB5787C9BB277CCABB8776CBBBFA
:10848000F051CCBBF660CDBB4C71CEBB4366CFBBCD
:108490004C5ED0BB4D60D1BB0E8CD2BB7070D3BBD9
:1084A0002563D4BB898FD5BBBD5FD6BB6260D7BB0C
:1084B000D486D8BBDE56D9BBC16BDABB9460DBBBBC
:1084C0006761DCBB4953DDBBE060DEBB6666DFBBDA
:1084D0003F8DE0BBFD79E1BB1A4FE2BBE970E3BB26
:1084E000476CE4BBB38BE5BBF28BE6BBD87EE7BB46
:1084F0006483E8BB0F66E9BB5A5AEABB429BEBBBFD
:10850000516DECBBF76DEDBB418CEEBB3B6DEFBB32
:10851000194FF0BB6B70F1BBB783F2BB1662F3BBB4
:10852000D160F4BB0D97F5BB278DF6BB7879F7BB0F
:10853000FB51F8BB3E57F9BBFA57FABB3A67FBBB96
:108540007875FCBB3D7AFDBBEF79FEBB957B40BCEB
:10855000BF7C41BCC07C42BCC27C43BCC37C44BC2D
:10856000C47C45BCC67C46BCC97C47BCCB7C48BCF3
:10857000CE7C49BCCF7C4ABCD07C4BBCD17C4CBCB3
:10858000D27C4DBCD37C4EBCD47C4FBCD87C50BC80
:10859000DA7C51BCDB7C52BCDD7C53BCDE7C54BC41
:1085A000E17C55BCE27C56BCE37C57BCE47C58BC07
:1085B000E57C59BCE67C5ABCE77C5BBCE97C5CBCD6
:1085C000EA7C5DBCEB7C5EBCEC7C5FBCED7C60BCA3
:1085D000EE7C61BCF07C62BCF17C63BCF27C64BC70
:1085E000F37C65BCF47C66BCF57C67BCF67C68BC3F
:1085F000F77C69BCF97C6ABCFA7C6BBCFC7C6CBC0B
:10860000FD7C6DBCFE7C6EBCFF7C6FBC007D70BCD5
:10861000017D71BC027D72BC037D73BC047D74BCA2
:10862000057D75BC067D76BC077D77BC087D78BC72
:10863000097D79BC0B7D7ABC0C7D7BBC0D7D7CBC3F
:108640000E7D7DBC0F7D7EBC107D80BC117D81BC0C
:10865000127D82BC137D83BC147D84BC157D85BCDA
:10866000167D86BC177D87BC187D88BC197D89BCAA
:108670001A7D8ABC1B7D8BBC1C7D8CBC1D7D8DBC7A
:108680001E7D8EBC1F7D8FBC217D90BC237D91BC47
:10869000247D92BC257D93BC267D94BC287D95BC11
:1086A000297D96BC2A7D97BC2C7D98BC2D7D99BCDC
:1086B0002E7D9ABC307D9BBC317D9CBC327D9DBCA7
:1086C000337D9EBC347D9FBC357DA0BC367DA1BC76
:1086D0008C80A2BC6599A3BCF98FA4BCC06FA5BC5B
:1086E000A58BA6BC219EA7BCEC59A8BCE97EA9BC61
:1086F000097FAABC0954ABBC8167ACBCD868ADBCCF
:10870000918FAEBC4D7CAFBCC696B0BCCA53B1BC59
:108710002560B2BCBE75B3BC726CB4BC7353B5BC3F
:10872000C95AB6BCA77EB7BC2463B8BCE051B9BC7B
:108730000A81BABCF15DBBBCDF84BCBC8062BDBC3D
:108740008051BEBC635BBFBC0E4FC0BC6D79C1BC69
:108750004252C2BCB860C3BC4E6DC4BCC45BC5BC95
:10876000C25BC6BCA18BC7BCB08BC8BCE265C9BC30
:10877000CC5FCABC4596CBBC9359CCBCE77ECDBC84
:10878000AA7ECEBC0956CFBCB767D0BC3959D1BC84
:10879000734FD2BCB65BD3BCA052D4BC5A83D5BCF9
:1087A0008A98D6BC3E8DD7BC3275D8BCBE94D9BC95
:1087B0004750DABC3C7ADBBCF74EDCBCB667DDBCAC
:1087C0007E9ADEBCC15ADFBC7C6BE0BCD176E1BCDA
:1087D0005A57E2BC165CE3BC3A7BE4BCF495E5BCBA
:1087E0004E71E6BC7C51E7BCA980E8BC7082E9BC54
:1087F0007859EABC047FEBBC2783ECBCC068EDBCB5
:10880000EC67EEBCB178EFBC7778F0BCE362F1BC0A
:108810006163F2BC807BF3BCED4FF4BC6A52F5BCE3
:10882000CF51F6BC5083F7BCDB69F8BC7492F9BC3D
:10883000F58DFABC318DFBBCC189FCBC2E95FDBC0D
:10884000AD7BFEBCF64E40BD377D41BD387D42BD9F
:10885000397D43BD3A7D44BD3B7D45BD3C7D46BD34
:108860003D7D47BD3E7D48BD3F7D49BD407D4ABD04
:10887000417D4BBD427D4CBD437D4DBD447D4EBDD4
:10888000457D4FBD467D50BD477D51BD487D52BDA4
:10889000497D53BD4A7D54BD4B7D55BD4C7D56BD74
:1088A0004D7D57BD4E7D58BD4F7D59BD507D5ABD44
:1088B000517D5BBD527D5CBD537D5DBD547D5EBD14
:1088C000557D5FBD567D60BD577D61BD587D62BDE4
:1088D000597D63BD5A7D64BD5B7D65BD5C7D66BDB4
:1088E0005D7D67BD5E7D68BD5F7D69BD607D6ABD84
:1088F000617D6BBD627D6CBD637D6DBD647D6EBD54
:10890000657D6FBD667D70BD677D71BD687D72BD23
:10891000697D73BD6A7D74BD6B7D75BD6C7D76BDF3
:108920006D7D77BD6F7D78BD707D79BD717D7ABDC0
:10893000727D7BBD737D7CBD747D7DBD757D7EBD8F
:10894000767D80BD787D81BD797D82BD7A7D83BD58
:108950007B7D84BD7C7D85BD7D7D86BD7E7D87BD27
:108960007F7D88BD807D89BD817D8ABD827D8BBDF7
:10897000837D8CBD847D8DBD857D8EBD867D8FBDC7
:10898000877D90BD887D91BD897D92BD8A7D93BD97
:108990008B7D94BD8C7D95BD8D7D96BD8E7D97BD67
:1089A0008F7D98BD907D99BD917D9ABD927D9BBD37
:1089B000937D9CBD947D9DBD957D9EBD967D9FBD07
:1089C000977DA0BD987DA1BD6550A2BD3082A3BD9D
:1089D0005152A4BD6F99A5BD106EA6BD856EA7BDF1
:1089E000A76DA8BDFA5EA9BDF550AABDDC59ABBD07
:1089F000065CACBD466DADBD5F6CAEBD8675AFBDF2
:108A00008B84B0BD6868B1BD5659B2BDB28BB3BDE1
:108A10002053B4BD7191B5BD4D96B6BD4985B7BD66
:108A20001269B8BD0179B9BD2671BABDF680BBBD6A
:108A3000A44EBCBDCA90BDBD476DBEBD849ABFBD2E
:108A4000075AC0BDBC56C1BD0564C2BDF094C3BDCC
:108A5000EB77C4BDA54FC5BD1A81C6BDE172C7BDC8
:108A6000D289C8BD7A99C9BD347FCABDDE7ECBBD6F
:108A70007F52CCBD5965CDBD7591CEBD7F8FCFBD29
:108A8000838FD0BDEB53D1BD967AD2BDED63D3BDFC
:108A9000A563D4BD8676D5BDF879D6BD5788D7BD38
:108AA0003696D8BD2A62D9BDAB52DABD8282DBBD13
:108AB0005468DCBD7067DDBD7763DEBD6B77DFBDFD
:108AC000ED7AE0BD016DE1BDD37EE2BDE389E3BD9A
:108AD000D059E4BD1262E5BDC985E6BDA582E7BDFA
:108AE0004C75E8BD1F50E9BDCB4EEABDA575EBBD89
:108AF000EB8BECBD4A5CEDBDFE5DEEBD4B7BEFBD8F
:108B0000A465F0BDD191F1BDCA4EF2BD256DF3BD96
:108B10005F89F4BD277DF5BD2695F6BDC54EF7BD31
:108B2000288CF8BDDB8FF9BD7397FABD4B66FBBD92
:108B30008179FCBDD18FFDBDEC70FEBD786D40BE6E
:108B4000997D41BE9A7D42BE9B7D43BE9C7D44BEC5
:108B50009D7D45BE9E7D46BE9F7D47BEA07D48BE95
:108B6000A17D49BEA27D4ABEA37D4BBEA47D4CBE65
:108B7000A57D4DBEA77D4EBEA87D4FBEA97D50BE32
:108B8000AA7D51BEAB7D52BEAC7D53BEAD7D54BE01
:108B9000AF7D55BEB07D56BEB17D57BEB27D58BECD
:108BA000B37D59BEB47D5ABEB57D5BBEB67D5CBE9D
:108BB000B77D5DBEB87D5EBEB97D5FBEBA7D60BE6D
:108BC000BB7D61BEBC7D62BEBD7D63BEBE7D64BE3D
:108BD000BF7D65BEC07D66BEC17D67BEC27D68BE0D
:108BE000C37D69BEC47D6ABEC57D6BBEC67D6CBEDD
:108BF000C77D6DBEC87D6EBEC97D6FBECA7D70BEAD
:108C0000CB7D71BECC7D72BECD7D73BECE7D74BE7C
:108C1000CF7D75BED07D76BED17D77BED27D78BE4C
:108C2000D37D79BED47D7ABED57D7BBED67D7CBE1C
:108C3000D77D7DBED87D7EBED97D80BEDA7D81BEEA
:108C4000DB7D82BEDC7D83BEDD7D84BEDE7D85BEB8
:108C5000DF7D86BEE07D87BEE17D88BEE27D89BE88
:108C6000E37D8ABEE47D8BBEE57D8CBEE67D8DBE58
:108C7000E77D8EBEE87D8FBEE97D90BEEA7D91BE28
:108C8000EB7D92BEEC7D93BEED7D94BEEE7D95BEF8
:108C9000EF7D96BEF07D97BEF17D98BEF27D99BEC8
:108CA000F37D9ABEF47D9BBEF57D9CBEF67D9DBE98
:108CB000F77D9EBEF87D9FBEF97DA0BEFA7DA1BE68
:108CC0003D5CA2BEB252A3BE4683A4BE6251A5BE05
:108CD0000E83A6BE5B77A7BE7666A8BEB89CA9BE6B
:108CE000AC4EAABECA60ABBEBE7CACBEB37CADBE51
:108CF000CF7EAEBE954EAFBE668BB0BE6F66B1BEC8
:108D00008898B2BE5997B3BE8358B4BE6C65B5BEE1
:108D10005C95B6BE845FB7BEC975B8BE5697B9BE7E
:108D2000DF7ABABEDE7ABBBEC051BCBEAF70BDBE7C
:108D3000987ABEBEEA63BFBE767AC0BEA07EC1BED0
:108D40009673C2BEED97C3BE454EC4BE7870C5BE15
:108D50005D4EC6BE5291C7BEA953C8BE5165C9BEBD
:108D6000E765CABEFC81CBBE0582CCBE8E54CDBEAB
:108D7000315CCEBE9A75CFBEA097D0BED862D1BEB0
:108D8000D972D2BEBD75D3BE455CD4BE799AD5BE6C
:108D9000CA83D6BE405CD7BE8054D8BEE977D9BE60
:108DA0003E4EDABEAE6CDBBE5A80DCBED262DDBEA9
:108DB0006E63DEBEE85DDFBE7751E0BEDD8DE1BEF5
:108DC0001E8EE2BE2F95E3BEF14FE4BEE553E5BE35
:108DD000E760E6BEAC70E7BE6752E8BE5063E9BE2E
:108DE000439EEABE1F5AEBBE2650ECBE3777EDBE5F
:108DF0007753EEBEE27EEFBE8564F0BE2B65F1BE1A
:108E00008962F2BE9863F3BE1450F4BE3572F5BEAB
:108E1000C989F6BEB351F7BEC08BF8BEDD7EF9BE80
:108E20004757FABECC83FBBEA794FCBE9B51FDBE48
:108E30001B54FEBEFB5C40BFFB7D41BFFC7D42BFBF
:108E4000FD7D43BFFE7D44BFFF7D45BF007E46BF25
:108E5000017E47BF027E48BF037E49BF047E4ABFF2
:108E6000057E4BBF067E4CBF077E4DBF087E4EBFC2
:108E7000097E4FBF0A7E50BF0B7E51BF0C7E52BF92
:108E80000D7E53BF0E7E54BF0F7E55BF107E56BF62
:108E9000117E57BF127E58BF137E59BF147E5ABF32
:108EA000157E5BBF167E5CBF177E5DBF187E5EBF02
:108EB000197E5FBF1A7E60BF1B7E61BF1C7E62BFD2
:108EC0001D7E63BF1E7E64BF1F7E65BF207E66BFA2
:108ED000217E67BF227E68BF237E69BF247E6ABF72
:108EE000257E6BBF267E6CBF277E6DBF287E6EBF42
:108EF000297E6FBF2A7E70BF2B7E71BF2C7E72BF12
:108F00002D7E73BF2E7E74BF2F7E75BF307E76BFE1
:108F1000317E77BF327E78BF337E79BF347E7ABFB1
:108F2000357E7BBF367E7CBF377E7DBF387E7EBF81
:108F3000397E80BF3A7E81BF3C7E82BF3D7E83BF4B
:108F40003E7E84BF3F7E85BF407E86BF427E87BF18
:108F5000437E88BF447E89BF457E8ABF467E8BBFE5
:108F6000487E8CBF497E8DBF4A7E8EBF4B7E8FBFB1
:108F70004C7E90BF4D7E91BF4E7E92BF4F7E93BF81
:108F8000507E94BF517E95BF527E96BF537E97BF51
:108F9000547E98BF557E99BF567E9ABF577E9BBF21
:108FA000587E9CBF597E9DBF5A7E9EBF5B7E9FBFF1
:108FB0005C7EA0BF5D7EA1BFCA4FA2BFE37AA3BF04
:108FC0005A6DA4BFE190A5BF8F9AA6BF8055A7BFD9
:108FD0009654A8BF6153A9BFAF54AABF005FABBFEF
:108FE000E963ACBF7769ADBFEF51AEBF6861AFBF9A
:108FF0000A52B0BF2A58B1BFD852B2BF4E57B3BF02
:109000000D78B4BF0B77B5BFB75EB6BF7761B7BF9A
:10901000E07CB8BF5B62B9BF9762BABFA24EBBBF6C
:109020009570BCBF0380BDBFF762BEBFE470BFBF19
:109030006097C0BF7757C1BFDB82C2BFEF67C3BFB6
:10904000F568C4BFD578C5BF9798C6BFD179C7BFEB
:10905000F358C8BFB354C9BFEF53CABF346ECBBFB8
:109060004B51CCBF3B52CDBFA25BCEBFFE8BCFBF1F
:10907000AF80D0BF4355D1BFA657D2BF7360D3BF17
:109080005157D4BF2D54D5BF7A7AD6BF5060D7BFC1
:10909000545BD8BFA763D9BFA062DABFE353DBBF7D
:1090A0006362DCBFC75BDDBFAF67DEBFED54DFBF10
:1090B0009F7AE0BFE682E1BF7791E2BF935EE3BFB4
:1090C000E488E4BF3859E5BFAE57E6BF0E63E7BF9B
:1090D000E88DE8BFEF80E9BF5757EABF777BEBBF6A
:1090E000A94FECBFEB5FEDBFBD5BEEBF3E6BEFBFCB
:1090F0002153F0BF507BF1BFC272F2BF4668F3BF8D
:10910000FF77F4BF3677F5BFF765F6BFB551F7BF08
:109110008F4EF8BFD476F9BFBF5CFABFA57AFBBF0C
:109120007584FCBF4E59FDBF419BFEBF805040C0BF
:109130005E7E41C05F7E42C0607E43C0617E44C0AF
:10914000627E45C0637E46C0647E47C0657E48C07F
:10915000667E49C0677E4AC0687E4BC0697E4CC04F
:109160006A7E4DC06B7E4EC06C7E4FC06D7E50C01F
:109170006E7E51C06F7E52C0707E53C0717E54C0EF
:10918000727E55C0737E56C0747E57C0757E58C0BF
:10919000767E59C0777E5AC0787E5BC0797E5CC08F
:1091A0007A7E5DC07B7E5EC07C7E5FC07D7E60C05F
:1091B0007E7E61C07F7E62C0807E63C0817E64C02F
:1091C000837E65C0847E66C0857E67C0867E68C0FB
:1091D000877E69C0887E6AC0897E6BC08A7E6CC0CB
:1091E0008B7E6DC08C7E6EC08D7E6FC08E7E70C09B
:1091F0008F7E71C0907E72C0917E73C0927E74C06B
:10920000937E75C0947E76C0957E77C0967E78C03A
:10921000977E79C0987E7AC0997E7BC09A7E7CC00A
:109220009C7E7DC09D7E7EC09E7E80C0AE7E81C0C5
:10923000B47E82C0BB7E83C0BC7E84C0D67E85C027
:10924000E47E86C0EC7E87C0F97E88C00A7F89C034
:10925000107F8AC01E7F8BC0377F8CC0397F8DC046
:109260003B7F8EC03C7F8FC03D7F90C03E7F91C0D2
:109270003F7F92C0407F93C0417F94C0437F95C0A1
:10928000467F96C0477F97C0487F98C0497F99C066
:109290004A7F9AC04B7F9BC04C7F9CC04D7F9DC036
:1092A0004E7F9EC04F7F9FC0527FA0C0537FA1C002
:1092B0008899A2C02761A3C0836EA4C06457A5C0CB
:1092C0000666A6C04663A7C0F056A8C0EC62A9C057
:1092D0006962AAC0D35EABC01496ACC08357ADC060
:1092E000C962AEC08755AFC02187B0C04A81B1C046
:1092F000A38FB2C06655B3C0B183B4C06567B5C0B3
:10930000568DB6C0DD84B7C06A5AB8C00F68B9C000
:10931000E662BAC0EE7BBBC01196BCC07051BDC046
:109320009C6FBEC0308CBFC0FD63C0C0C889C1C0C7
:10933000D261C2C0067FC3C0C270C4C0E56EC5C0E2
:109340000574C6C09469C7C0FC72C8C0CA5EC9C0F3
:10935000CE90CAC01767CBC06A6DCCC05E63CDC06B
:10936000B352CEC06272CFC00180D0C06C4FD1C0AA
:10937000E559D2C06A91D3C0D970D4C09D6DD5C013
:10938000D252D6C0504ED7C0F796D8C06D95D9C02E
:109390007E85DAC0CA78DBC02F7DDCC02151DDC0FC
:1093A0009257DEC0C264DFC08B80E0C07B7CE1C02E
:1093B000EA6CE2C0F168E3C05E69E4C0B751E5C0A1
:1093C0009853E6C0A868E7C08172E8C0CE9EE9C0A5
:1093D000F17BEAC0F872EBC0BB79ECC0136FEDC053
:1093E0000674EEC04E67EFC0CC91F0C0A49CF1C0F3
:1093F0003C79F2C08983F3C05483F4C00F54F5C0A4
:109400001768F6C03D4EF7C08953F8C0B152F9C095
:109410003E78FAC08653FBC02952FCC08850FDC07C
:109420008B4FFEC0D04F40C1567F41C1597F42C1D2
:109430005B7F43C15C7F44C15D7F45C15E7F46C1A8
:10944000607F47C1637F48C1647F49C1657F4AC16E
:10945000667F4BC1677F4CC16B7F4DC16C7F4EC136
:109460006D7F4FC16F7F50C1707F51C1737F52C1FB
:10947000757F53C1767F54C1777F55C1787F56C1C0
:109480007A7F57C17B7F58C17C7F59C17D7F5AC18C
:109490007F7F5BC1807F5CC1827F5DC1837F5EC156
:1094A000847F5FC1857F60C1867F61C1877F62C124
:1094B000887F63C1897F64C18B7F65C18D7F66C1F1
:1094C0008F7F67C1907F68C1917F69C1927F6AC1B8
:1094D000937F6BC1957F6CC1967F6DC1977F6EC185
:1094E000987F6FC1997F70C19B7F71C19C7F72C152
:1094F000A07F73C1A27F74C1A37F75C1A57F76C110
:10950000A67F77C1A87F78C1A97F79C1AA7F7AC1D8
:10951000AB7F7BC1AC7F7CC1AD7F7DC1AE7F7EC1A7
:10952000B17F80C1B37F81C1B47F82C1B57F83C168
:10953000B67F84C1B77F85C1BA7F86C1BB7F87C133
:10954000BE7F88C1C07F89C1C27F8AC1C37F8BC1F2
:10955000C47F8CC1C67F8DC1C77F8EC1C87F8FC1BC
:10956000C97F90C1CB7F91C1CD7F92C1CF7F93C185
:10957000D07F94C1D17F95C1D27F96C1D37F97C14F
:10958000D67F98C1D77F99C1D97F9AC1DA7F9BC115
:10959000DB7F9CC1DC7F9DC1DD7F9EC1DE7F9FC1E3
:1095A000E27FA0C1E37FA1C1E275A2C1CB7AA3C1D2
:1095B000927CA4C1A56CA5C1B696A6C19B52A7C1B9
:1095C0008374A8C1E954A9C1E94FAAC15480ABC1B1
:1095D000B283ACC1DE8FADC17095AEC1C95EAFC103
:1095E0001C60B0C19F6DB1C1185EB2C15B65B3C1F3
:1095F0003881B4C1FE94B5C14B60B6C1BC70B7C16F
:10960000C37EB8C1AE7CB9C1C951BAC18168BBC102
:10961000B17CBCC16F82BDC1244EBEC1868FBFC1AB
:10962000CF91C0C17E66C1C1AE4EC2C1058CC3C15F
:10963000A964C4C14A80C5C1DA50C6C19775C7C103
:10964000CE71C8C1E55BC9C1BD8FCAC1666FCBC150
:10965000864ECCC18264CDC16395CEC1D65ECFC1EA
:109660009965D0C11752D1C1C288D2C1C870D3C1C7
:10967000A352D4C10E73D5C13374D6C19767D7C175
:10968000F778D8C11697D9C1344EDAC1BB90DBC187
:10969000DE9CDCC1CB6DDDC1DB51DEC1418DDFC1A4
:1096A0001D54E0C1CE62E1C1B273E2C1F183E3C1F6
:1096B000F696E4C1849FE5C1C394E6C1364FE7C185
:1096C0009A7FE8C1CC51E9C17570EAC17596EBC1CA
:1096D000AD5CECC18698EDC1E653EEC1E44EEFC13E
:1096E0009C6EF0C10974F1C1B469F2C16B78F3C129
:1096F0008F99F4C15975F5C11852F6C12476F7C196
:10970000416DF8C1F367F9C16D51FAC1999FFBC171
:109710004B80FCC19954FDC13C7BFEC1BF7A40C265
:10972000E47F41C2E77F42C2E87F43C2EA7F44C28E
:10973000EB7F45C2EC7F46C2ED7F47C2EF7F48C258
:10974000F27F49C2F47F4AC2F57F4BC2F67F4CC21A
:10975000F77F4DC2F87F4EC2F97F4FC2FA7F50C2E9
:10976000FD7F51C2FE7F52C2FF7F53C2028054C2AE
:10977000078055C2088056C2098057C20A8058C265
:109780000E8059C20F805AC211805BC213805CC226
:109790001A805DC21B805EC21D805FC21E8060C2D7
:1097A0001F8061C2218062C2238063C2248064C2A0
:1097B0002B8065C22C8066C22D8067C22E8068C255
:1097C0002F8069C230806AC232806BC234806CC222
:1097D00039806DC23A806EC23C806FC23E8070C2DA
:1097E000408071C2418072C2448073C2458074C29D
:1097F000478075C2488076C2498077C24E8078C261
:109800004F8079C250807AC251807BC253807CC223
:1098100055807DC256807EC2578080C2598081C2E9
:109820005B8082C25C8083C25D8084C25E8085C2B0
:109830005F8086C2608087C2618088C2628089C280
:1098400063808AC264808BC265808CC266808DC250
:1098500067808EC268808FC26B8090C26C8091C21C
:109860006D8092C26E8093C26F8094C2708095C2E8
:10987000728096C2738097C2748098C2758099C2B4
:1098800076809AC277809BC278809CC279809DC284
:109890007A809EC27B809FC27C80A0C27D80A1C254
:1098A0008696A2C28457A3C2E262A4C24796A5C20A
:1098B0007C69A6C2045AA7C20264A8C2D37BA9C20B
:1098C0000F6FAAC24B96ABC2A682ACC26253ADC2A6
:1098D0008598AEC2905EAFC28970B0C2B363B1C2A8
:1098E0006453B2C24F86B3C2819CB4C2939EB5C2C8
:1098F0008C78B6C23297B7C2EF8DB8C2428DB9C26A
:109900007F9EBAC25E6FBBC28479BCC2555FBDC2C6
:109910004696BEC22E62BFC2749AC0C21554C1C25E
:10992000DD94C2C2A34FC3C2C565C4C2655CC5C2D3
:10993000615CC6C2157FC7C25186C8C22F6CC9C23E
:109940008B5FCAC28773CBC2E46ECCC2FF7ECDC22E
:10995000E65CCEC21B63CFC26A5BD0C2E66ED1C2E8
:109960007553D2C2714ED3C2A063D4C26575D5C23D
:10997000A162D6C26E8FD7C2264FD8C2D14ED9C2ED
:10998000A66CDAC2B67EDBC2BA8BDCC21D84DDC235
:10999000BA87DEC2577FDFC23B90E0C22395E1C2A7
:1099A000A97BE2C2A19AE3C2F888E4C23D84E5C281
:1099B0001B6DE6C2869AE7C2DC7EE8C28859E9C21E
:1099C000BB9EEAC29B73EBC20178ECC28286EDC2F9
:1099D0006C9AEEC2829AEFC21B56F0C21754F1C2C3
:1099E000CB57F2C2704EF3C2A69EF4C25653F5C2D4
:1099F000C88FF6C20981F7C29277F8C29299F9C26C
:109A0000EE86FAC2E16EFBC21385FCC2FC66FDC2A3
:109A10006261FEC22B6F40C37E8041C3818042C31E
:109A2000828043C3858044C3888045C38A8046C3FF
:109A30008D8047C38E8048C38F8049C390804AC3BE
:109A400091804BC392804CC394804DC395804EC38C
:109A500097804FC3998050C39E8051C3A38052C347
:109A6000A68053C3A78054C3A88055C3AC8056C3F7
:109A7000B08057C3B38058C3B58059C3B6805AC3AA
:109A8000B8805BC3B9805CC3BB805DC3C5805EC367
:109A9000C7805FC3C88060C3C98061C3CA8062C316
:109AA000CB8063C3CF8064C3D08065C3D18066C3DD
:109AB000D28067C3D38068C3D48069C3D5806AC3AA
:109AC000D8806BC3DF806CC3E0806DC3E2806EC35F
:109AD000E3806FC3E68070C3EE8071C3F58072C30C
:109AE000F78073C3F98074C3FB8075C3FE8076C3AF
:109AF000FF8077C3008178C3018179C303817AC372
:109B000004817BC305817CC307817DC308817EC33B
:109B10000B8180C30C8181C3158182C3178183C3EC
:109B2000198184C31B8185C31C8186C31D8187C3A2
:109B30001F8188C3208189C321818AC322818BC36D
:109B400023818CC324818DC325818EC326818FC33D
:109B5000278190C3288191C3298192C32A8193C30D
:109B60002B8194C32D8195C32E8196C3308197C3D9
:109B7000338198C3348199C335819AC337819BC39C
:109B800039819CC33A819DC33B819EC33C819FC365
:109B90003D81A0C33F81A1C3298CA2C39282A3C3EC
:109BA0002B83A4C3F276A5C3136CA6C3D95FA7C346
:109BB000BD83A8C32B73A9C30583AAC31A95ABC3DE
:109BC000DB6BACC3DB77ADC3C694AEC36F53AFC31F
:109BD0000283B0C39251B1C33D5EB2C38C8CB3C398
:109BE000388DB4C3484EB5C3AB73B6C39A67B7C319
:109BF0008568B8C37691B9C30997BAC36471BBC30A
:109C0000A16CBCC30977BDC3925ABEC34195BFC303
:109C1000CF6BC0C38E7FC1C32766C2C3D05BC3C333
:109C2000B959C4C39A5AC5C3E895C6C3F795C7C303
:109C3000EC4EC8C30C84C9C39984CAC3AC6ACBC3F5
:109C4000DF76CCC33095CDC31B73CEC3A668CFC31C
:109C50005F5BD0C32F77D1C39A91D2C36197D3C32F
:109C6000DC7CD4C3F78FD5C31C8CD6C3255FD7C388
:109C7000737CD8C3D879D9C3C589DAC3CC6CDBC3AC
:109C80001C87DCC3C65BDDC3425EDEC3C968DFC3BD
:109C90002077E0C3F57EE1C39551E2C34D51E3C3A4
:109CA000C952E4C3295AE5C3057FE6C36297E7C3F7
:109CB000D782E8C3CF63E9C38477EAC3D085EBC317
:109CC000D279ECC33A6EEDC3995EEEC39959EFC3F6
:109CD0001185F0C36D70F1C3116CF2C3BF62F3C3A1
:109CE000BF76F4C34F65F5C3AF60F6C3FD95F7C308
:109CF0000E66F8C39F87F9C3239EFAC3ED94FBC396
:109D00000D54FCC37D54FDC32C8CFEC3786440C449
:109D1000408141C4418142C4428143C4438144C41F
:109D2000448145C4458146C4478147C4498148C4EC
:109D30004D8149C44E814AC44F814BC452814CC4A9
:109D400056814DC457814EC458814FC45B8150C465
:109D50005C8151C45D8152C45E8153C45F8154C42F
:109D6000618155C4628156C4638157C4648158C4FB
:109D7000668159C468815AC46A815BC46B815CC4C2
:109D80006C815DC46F815EC472815FC4738160C485
:109D9000758161C4768162C4778163C4788164C44B
:109DA000818165C4838166C4848167C4858168C4F8
:109DB000868169C487816AC489816BC48B816CC4C4
:109DC0008C816DC48D816EC48E816FC4908170C48E
:109DD000928171C4938172C4948173C4958174C457
:109DE000968175C4978176C4998177C49A8178C425
:109DF0009E8179C49F817AC4A0817BC4A1817CC4E7
:109E0000A2817DC4A4817EC4A58180C4A78181C4B0
:109E1000A98182C4AB8183C4AC8184C4AD8185C473
:109E2000AE8186C4AF8187C4B08188C4B18189C442
:109E3000B2818AC4B4818BC4B5818CC4B6818DC40F
:109E4000B7818EC4B8818FC4B98190C4BC8191C4DC
:109E5000BD8192C4BE8193C4BF8194C4C48195C4A2
:109E6000C58196C4C78197C4C88198C4C98199C463
:109E7000CB819AC4CD819BC4CE819CC4CF819DC42B
:109E8000D0819EC4D1819FC4D281A0C4D381A1C4FA
:109E90007964A2C41186A3C4216AA4C49C81A5C408
:109EA000E878A6C46964A7C4549BA8C4B962A9C4CD
:109EB0002B67AAC4AB83ABC4A858ACC4D89EADC4AE
:109EC000AB6CAEC4206FAFC4DE5BB0C44C96B1C403
:109ED0000B8CB2C45F72B3C4D067B4C4C762B5C4DC
:109EE0006172B6C4A94EB7C4C659B8C4CD6BB9C463
:109EF0009358BAC4AE66BBC4555EBCC4DF52BDC481
:109F00005561BEC42867BFC4EE76C0C46677C1C4BD
:109F10006772C2C4467AC3C4FF62C4C4EA54C5C4EB
:109F20005054C6C4A094C7C4A390C8C41C5AC9C482
:109F3000B37ECAC4166CCBC4434ECCC47659CDC4D0
:109F40001080CEC44859CFC45753D0C43775D1C43C
:109F5000BE96D2C4CA56D3C42063D4C41181D5C41A
:109F60007C60D6C4F995D7C4D66DD8C46254D9C420
:109F70008199DAC48551DBC4E95ADCC4FD80DDC4B3
:109F8000AE59DEC41397DFC42A50E0C4E56CE1C4C7
:109F90003C5CE2C4DF62E3C4604FE4C43F53E5C409
:109FA0007B81E6C40690E7C4BA6EE8C42B85E9C499
:109FB000C862EAC4745EEBC4BE78ECC4B564EDC498
:109FC0007B63EEC4F55FEFC4185AF0C47F91F1C40F
:109FD0001F9EF2C43F5CF3C44F63F4C44280F5C4D7
:109FE0007D5BF6C46E55F7C44A95F8C44D95F9C427
:109FF000856DFAC4A860FBC4E067FCC4DE72FDC4D2
:10A00000DD51FEC4815B40C5D48141C5D58142C5C7
:10A01000D68143C5D78144C5D88145C5D98146C5B8
:10A02000DA8147C5DB8148C5DC8149C5DD814AC588
:10A03000DE814BC5DF814CC5E0814DC5E1814EC558
:10A04000E2814FC5E48150C5E58151C5E68152C525
:10A05000E88153C5E98154C5EB8155C5EE8156C5EC
:10A06000EF8157C5F08158C5F18159C5F2815AC5B4
:10A07000F5815BC5F6815CC5F7815DC5F8815EC57C
:10A08000F9815FC5FA8160C5FD8161C5FF8162C547
:10A09000038263C5078264C5088265C5098266C5F7
:10A0A0000A8267C50B8268C50E8269C50F826AC5C0
:10A0B00011826BC513826CC515826DC516826EC583
:10A0C00017826FC5188270C5198271C51A8272C550
:10A0D0001D8273C5208274C5248275C5258276C50C
:10A0E000268277C5278278C5298279C52E827AC5CE
:10A0F00032827BC53A827CC53C827DC53D827EC56D
:10A100003F8280C5408281C5418282C5428283C52B
:10A11000438284C5458285C5468286C5488287C5F7
:10A120004A8288C54C8289C54D828AC54E828BC5BC
:10A1300050828CC551828DC552828EC553828FC587
:10A14000548290C5558291C5568292C5578293C557
:10A15000598294C55B8295C55C8296C55D8297C520
:10A160005E8298C5608299C561829AC562829BC5EC
:10A1700063829CC564829DC565829EC566829FC5BB
:10A180006782A0C56982A1C5E762A2C5DE6CA3C5CE
:10A190005B72A4C56D62A5C5AE94A6C5BD7EA7C5FC
:10A1A0001381A8C5536DA9C59C51AAC5045FABC551
:10A1B0007459ACC5AA52ADC51260AEC57359AFC5CE
:10A1C0009666B0C55086B1C59F75B2C52A63B3C542
:10A1D000E661B4C5EF7CB5C5FA8BB6C5E654B7C524
:10A1E000276BB8C5259EB9C5B46BBAC5D585BBC5A7
:10A1F0005554BCC57650BDC5A46CBEC56A55BFC517
:10A20000B48DC0C52C72C1C5155EC2C51560C3C56D
:10A210003674C4C5CD62C5C59263C6C54C72C7C588
:10A22000985FC8C5436EC9C53E6DCAC50065CBC53C
:10A23000586FCCC5D876CDC5D078CEC5FC76CFC505
:10A240005475D0C52452D1C5DB53D2C5534ED3C5A6
:10A250009E5ED4C5C165D5C52A80D6C5D680D7C572
:10A260009B62D8C58654D9C52852DAC5AE70DBC505
:10A270008D88DCC5D18DDDC5E16CDEC57854DFC5C8
:10A28000DA80E0C5F957E1C5F488E2C5548DE3C52D
:10A290006A96E4C54D91E5C5694FE6C59B6CE7C577
:10A2A000B755E8C5C676E9C53078EAC5A862EBC5FA
:10A2B000F970ECC58E6FEDC56D5FEEC5EC84EFC532
:10A2C000DA68F0C57C78F1C5F77BF2C5A881F3C5E3
:10A2D0000B67F4C54F9EF5C56763F6C5B078F7C543
:10A2E0006F57F8C51278F9C53997FAC57962FBC579
:10A2F000AB62FCC58852FDC53574FEC5D76B40C640
:10A300006A8241C66B8242C66C8243C66D8244C675
:10A31000718245C6758246C6768247C6778248C630
:10A32000788249C67B824AC67C824BC680824CC6F4
:10A3300081824DC683824EC685824FC6868250C6B4
:10A34000878251C6898252C68C8253C6908254C677
:10A35000938255C6948256C6958257C6968258C631
:10A360009A8259C69B825AC69E825BC6A0825CC6F0
:10A37000A2825DC6A3825EC6A7825FC6B28260C6A5
:10A38000B58261C6B68262C6BA8263C6BB8264C643
:10A39000BC8265C6BF8266C6C08267C6C28268C606
:10A3A000C38269C6C5826AC6C6826BC6C9826CC6CC
:10A3B000D0826DC6D6826EC6D9826FC6DA8270C66A
:10A3C000DD8271C6E28272C6E78273C6E88274C615
:10A3D000E98275C6EA8276C6EC8277C6ED8278C6D7
:10A3E000EE8279C6F0827AC6F2827BC6F3827CC6A0
:10A3F000F5827DC6F6827EC6F88280C6FA8281C664
:10A40000FC8282C6FD8283C6FE8284C6FF8285C628
:10A41000008386C60A8387C60B8388C60D8389C6D8
:10A4200010838AC612838BC613838CC616838DC68F
:10A4300018838EC619838FC61D8390C61E8391C64E
:10A440001F8392C6208393C6218394C6228395C618
:10A45000238396C6248397C6258398C6268399C6E8
:10A4600029839AC62A839BC62E839CC630839DC6A9
:10A4700032839EC637839FC63B83A0C63D83A1C659
:10A480006455A2C63E81A3C6B275A4C6AE76A5C663
:10A490003953A6C6DE75A7C6FB50A8C6415CA9C63F
:10A4A0006C8BAAC6C77BABC64F50ACC64772ADC655
:10A4B000979AAEC6D898AFC6026FB0C6E274B1C65E
:10A4C0006879B2C68764B3C6A577B4C6FC62B5C660
:10A4D0009198B6C62B8DB7C6C154B8C65880B9C6B8
:10A4E000524EBAC66A57BBC6F982BCC60D84BDC6F9
:10A4F000735EBEC6ED51BFC6F674C0C6C48BC1C67E
:10A500004F5CC2C66157C3C6FC6CC4C68798C5C63B
:10A51000465AC6C63478C7C6449BC8C6EB8FC9C660
:10A52000957CCAC65652CBC65162CCC6FA94CDC6EB
:10A53000C64ECEC68683CFC66184D0C6E983D1C657
:10A54000B284D2C6D457D3C63467D4C60357D5C64F
:10A550006E66D6C6666DD7C6318CD8C6DD66D9C6DE
:10A560001170DAC61F67DBC63A6BDCC61668DDC63B
:10A570001A62DEC6BB59DFC6034EE0C6C451E1C64F
:10A58000066FE2C6D267E3C68F6CE4C67651E5C6B5
:10A59000CB68E6C64759E7C6676BE8C66675E9C685
:10A5A0000E5DEAC61081EBC6509FECC6D765EDC6BE
:10A5B0004879EEC64179EFC6919AF0C6778DF1C61B
:10A5C000825CF2C65E4EF3C6014FF4C62F54F5C648
:10A5D0005159F6C60C78F7C66856F8C6146CF9C619
:10A5E000C48FFAC6035FFBC67D6CFCC6E36CFDC678
:10A5F000AB8BFEC6906340C73E8341C73F8342C7D3
:10A60000418343C7428344C7448345C7458346C704
:10A61000488347C74A8348C74B8349C74C834AC7C7
:10A620004D834BC74E834CC753834DC755834EC78D
:10A6300056834FC7578350C7588351C7598352C752
:10A640005D8353C7628354C7708355C7718356C7F0
:10A65000728357C7738358C7748359C775835AC7A2
:10A6600076835BC779835CC77A835DC77E835EC769
:10A670007F835FC7808360C7818361C7828362C72E
:10A68000838363C7848364C7878365C7888366C7FA
:10A690008A8367C78B8368C78C8369C78D836AC7C2
:10A6A0008F836BC790836CC791836DC794836EC78C
:10A6B00095836FC7968370C7978371C7998372C755
:10A6C0009A8373C79D8374C79F8375C7A18376C719
:10A6D000A28377C7A38378C7A48379C7A5837AC7E2
:10A6E000A6837BC7A7837CC7AC837DC7AD837EC7AA
:10A6F000AE8380C7AF8381C7B58382C7BB8383C75F
:10A70000BE8384C7BF8385C7C28386C7C38387C709
:10A71000C48388C7C68389C7C8838AC7C9838BC7D0
:10A72000CB838CC7CD838DC7CE838EC7D0838FC795
:10A73000D18390C7D28391C7D38392C7D58393C760
:10A74000D78394C7D98395C7DA8396C7DB8397C726
:10A75000DE8398C7E28399C7E3839AC7E4839BC7E4
:10A76000E6839CC7E7839DC7E8839EC7EB839FC7AB
:10A77000EC83A0C7ED83A1C77060A2C73D6DA3C7DE
:10A780007572A4C76662A5C78E94A6C7C594A7C7ED
:10A790004353A8C7C18FA9C77E7BAAC7DF4EABC7EB
:10A7A000268CACC77E4EADC7D49EAEC7B194AFC7A2
:10A7B000B394B0C74D52B1C75C6FB2C76390B3C713
:10A7C000456DB4C7348CB5C71158B6C74C5DB7C713
:10A7D000206BB8C7496BB9C7AA67BAC75B54BBC778
:10A7E0005481BCC78C7FBDC79958BEC73785BFC7CA
:10A7F0003A5FC0C7A262C1C7476AC2C73995C3C71B
:10A800007265C4C78460C5C76568C6C7A777C7C770
:10A81000544EC8C7A84FC9C7E75DCAC79897CBC7EA
:10A82000AC64CCC7D87FCDC7ED5CCEC7CF4FCFC708
:10A830008D7AD0C70752D1C70483D2C7144ED3C76D
:10A840002F60D4C7837AD5C7A694D6C7B54FD7C7CC
:10A85000B24ED8C7E679D9C73474DAC7E452DBC739
:10A86000B982DCC7D264DDC7BD79DEC7DD5BDFC777
:10A87000816CE0C75297E1C77B8FE2C7226CE3C7C8
:10A880003E50E4C77F53E5C7056EE6C7CE64E7C711
:10A890007466E8C7306CE9C7C560EAC77798EBC74C
:10A8A000F78BECC7865EEDC73C74EEC7777AEFC7CF
:10A8B000CB79F0C7184EF1C7B190F2C70374F3C754
:10A8C000426CF4C7DA56F5C74B91F6C7C56CF7C7AB
:10A8D0008B8DF8C73A53F9C7C686FAC7F266FBC72D
:10A8E000AF8EFCC7485CFDC7719AFEC7206E40C89A
:10A8F000EE8341C8EF8342C8F38343C8F48344C85E
:10A90000F58345C8F68346C8F78347C8FA8348C825
:10A91000FB8349C8FC834AC8FE834BC8FF834CC8ED
:10A9200000844DC802844EC805844FC8078450C8AF
:10A93000088451C8098452C80A8453C8108454C872
:10A94000128455C8138456C8148457C8158458C82F
:10A95000168459C817845AC819845BC81A845CC8FD
:10A960001B845DC81E845EC81F845FC8208460C8C5
:10A97000218461C8228462C8238463C8298464C88E
:10A980002A8465C82B8466C82C8467C82D8468C84F
:10A990002E8469C82F846AC830846BC832846CC81E
:10A9A00033846DC834846EC835846FC8368470C8EB
:10A9B000378471C8398472C83A8473C83B8474C8B8
:10A9C0003E8475C83F8476C8408477C8418478C87F
:10A9D000428479C843847AC844847BC845847CC84F
:10A9E00047847DC848847EC8498480C84A8481C819
:10A9F0004B8482C84C8483C84D8484C84E8485C8E7
:10AA00004F8486C8508487C8528488C8538489C8B4
:10AA100054848AC855848BC856848CC858848DC881
:10AA20005D848EC85E848FC85F8490C8608491C83E
:10AA3000628492C8648493C8658494C8668495C807
:10AA4000678496C8688497C86A8498C86E8499C8D1
:10AA50006F849AC870849BC872849CC874849DC893
:10AA600077849EC879849FC87B84A0C87C84A1C851
:10AA7000D653A2C8365AA3C88B9FA4C8A38DA5C815
:10AA8000BB53A6C80857A7C8A798A8C84367A9C8B2
:10AA90009B91AAC8C96CABC86851ACC8CA75ADC88F
:10AAA000F362AEC8AC72AFC83852B0C89D52B1C8DC
:10AAB0003A7FB2C89470B3C83876B4C87453B5C876
:10AAC0004A9EB6C8B769B7C86E78B8C8C096B9C844
:10AAD000D988BAC8A47FBBC83671BCC8C371BDC809
:10AAE0008951BEC8D367BFC8E474C0C8E458C1C8A0
:10AAF0001865C2C8B756C3C8A98BC4C87699C5C85B
:10AB00007062C6C8D57EC7C8F960C8C8ED70C9C82C
:10AB1000EC58CAC8C14ECBC8BA4ECCC8CD5FCDC860
:10AB2000E797CEC8FB4ECFC8A48BD0C80352D1C87C
:10AB30008A59D2C8AB7ED3C85462D4C8CD4ED5C8CA
:10AB4000E565D6C80E62D7C83883D8C8C984D9C8C5
:10AB50006383DAC88D87DBC89471DCC8B66EDDC844
:10AB6000B95BDEC8D27EDFC89751E0C8C963E1C8CF
:10AB7000D467E2C88980E3C83983E4C81588E5C88A
:10AB80001251E6C87A5BE7C88259E8C8B18FE9C8B4
:10AB9000734EEAC85D6CEBC86551ECC82589EDC8F9
:10ABA0006F8FEEC82E96EFC84A85F0C85E74F1C864
:10ABB0001095F2C8F095F3C8A66DF4C8E582F5C803
:10ABC000315FF6C89264F7C8126DF8C82884F9C8D6
:10ABD0006E81FAC8C39CFBC85E58FCC85B8DFDC87B
:10ABE000094EFEC8C15340C97D8441C97E8442C913
:10ABF0007F8443C9808444C9818445C9838446C90C
:10AC0000848447C9858448C9868449C98A844AC9D5
:10AC10008D844BC98F844CC990844DC991844EC991
:10AC200092844FC9938450C9948451C9958452C960
:10AC3000968453C9988454C99A8455C99B8456C92B
:10AC40009D8457C99E8458C99F8459C9A0845AC9F4
:10AC5000A2845BC9A3845CC9A4845DC9A5845EC9C0
:10AC6000A6845FC9A78460C9A88461C9A98462C990
:10AC7000AA8463C9AB8464C9AC8465C9AD8466C960
:10AC8000AE8467C9B08468C9B18469C9B3846AC92C
:10AC9000B5846BC9B6846CC9B7846DC9BB846EC9F1
:10ACA000BC846FC9BE8470C9C08471C9C28472C9B2
:10ACB000C38473C9C58474C9C68475C9C78476C979
:10ACC000C88477C9CB8478C9CC8479C9CE847AC941
:10ACD000CF847BC9D2847CC9D4847DC9D5847EC904
:10ACE000D78480C9D88481C9D98482C9DA8483C9C8
:10ACF000DB8484C9DC8485C9DE8486C9E18487C994
:10AD0000E28488C9E48489C9E7848AC9E8848BC954
:10AD1000E9848CC9EA848DC9EB848EC9ED848FC91E
:10AD2000EE8490C9EF8491C9F18492C9F28493C9E9
:10AD3000F38494C9F48495C9F58496C9F68497C9B7
:10AD4000F78498C9F88499C9F9849AC9FA849BC987
:10AD5000FB849CC9FD849DC9FE849EC900859FC952
:10AD60000185A0C90285A1C91E4FA2C96365A3C9F7
:10AD70005168A4C9D355A5C9274EA6C91464A7C94B
:10AD80009A9AA8C96B62A9C9C25AAAC95F74ABC909
:10AD90007282ACC9A96DADC9EE68AEC9E750AFC942
:10ADA0008E83B0C90278B1C94067B2C93952B3C9FC
:10ADB000996CB4C9B17EB5C9BB50B6C96555B7C9A0
:10ADC0005E71B8C95B7BB9C95266BAC9CA73BBC9DF
:10ADD000EB82BCC94967BDC9715CBEC92052BFC9FD
:10ADE0007D71C0C96B88C1C9EA95C2C95596C3C9EE
:10ADF000C564C4C9618DC5C9B381C6C98455C7C9F5
:10AE0000556CC8C94762C9C92E7FCAC99258CBC9F7
:10AE1000244FCCC94655CDC94F8DCEC94C66CFC93C
:10AE20000A4ED0C91A5CD1C9F388D2C9A268D3C965
:10AE30004E63D4C90D7AD5C9E770D6C98D82D7C9FA
:10AE4000FA52D8C9F697D9C9115CDAC9E854DBC9F6
:10AE5000B590DCC9CD7EDDC96259DEC94A8DDFC936
:10AE6000C786E0C90C82E1C90D82E2C9668DE3C9DB
:10AE70004464E4C9045CE5C95161E6C9896DE7C968
:10AE80003E79E8C9BE8BE9C93778EAC93375EBC9A1
:10AE90007B54ECC9384FEDC9AB8EEEC9F16DEFC9EB
:10AEA000205AF0C9C57EF1C95E79F2C9886CF3C930
:10AEB000A15BF4C9765AF5C91A75F6C9BE80F7C9FF
:10AEC0004E61F8C9176EF9C9F058FAC91F75FBC968
:10AED0002575FCC97272FDC94753FEC9F37E40CA8D
:10AEE000038541CA048542CA058543CA068544CA0A
:10AEF000078545CA088546CA098547CA0A8548CADA
:10AF00000B8549CA0D854ACA0E854BCA0F854CCAA6
:10AF100010854DCA12854ECA14854FCA158550CA70
:10AF2000168551CA188552CA198553CA1B8554CA39
:10AF30001C8555CA1D8556CA1E8557CA208558CA04
:10AF4000228559CA23855ACA24855BCA25855CCACD
:10AF500026855DCA27855ECA28855FCA298560CA9D
:10AF60002A8561CA2D8562CA2E8563CA2F8564CA67
:10AF7000308565CA318566CA328567CA338568CA35
:10AF8000348569CA35856ACA36856BCA3E856CCAFE
:10AF90003F856DCA40856ECA41856FCA428570CAB9
:10AFA000448571CA458572CA468573CA478574CA85
:10AFB0004B8575CA4C8576CA4D8577CA4E8578CA49
:10AFC0004F8579CA50857ACA51857BCA52857CCA19
:10AFD00053857DCA54857ECA558580CA578581CAE6
:10AFE000588582CA5A8583CA5B8584CA5C8585CAAE
:10AFF0005D8586CA5F8587CA608588CA618589CA7A
:10B0000062858ACA63858BCA65858CCA66858DCA46
:10B0100067858ECA69858FCA6A8590CA6B8591CA11
:10B020006C8592CA6D8593CA6E8594CA6F8595CAE0
:10B03000708596CA718597CA738598CA758599CAAD
:10B0400076859ACA77859BCA78859CCA7C859DCA75
:10B050007D859ECA7F859FCA8085A0CA8185A1CA39
:10B060000177A2CADB76A3CA6952A4CADC80A5CA4A
:10B070002357A6CA085EA7CA3159A8CAEE72A9CA40
:10B08000BD65AACA7F6EABCAD78BACCA385CADCAE5
:10B090007186AECA4153AFCAF377B0CAFE62B1CA75
:10B0A000F665B2CAC04EB3CADF98B4CA8086B5CAC4
:10B0B0009E5BB6CAC68BB7CAF253B8CAE277B9CAA2
:10B0C0007F4FBACA4E5CBBCA769ABCCACB59BDCABE
:10B0D0000F5FBECA3A79BFCAEB58C0CA164EC1CA82
:10B0E000FF67C2CA8B4EC3CAED62C4CA938AC5CA7F
:10B0F0001D90C6CABF52C7CA2F66C8CADC55C9CA86
:10B100006C56CACA0290CBCAD54ECCCA8D4FCDCA96
:10B11000CA91CECA7099CFCA0F6CD0CA025ED1CA8A
:10B120004360D2CAA45BD3CAC689D4CAD58BD5CA58
:10B130003665D6CA4B62D7CA9699D8CA885BD9CA2F
:10B14000FF5BDACA8863DBCA2E55DCCAD753DDCA77
:10B150002676DECA7D51DFCA2C85E0CAA267E1CA25
:10B16000B368E2CA8A6BE3CA9262E4CA938FE5CA03
:10B17000D453E6CA1282E7CAD16DE8CA8F75E9CA0C
:10B18000664EEACA4E8DEBCA705BECCA9F71EDCA7F
:10B19000AF85EECA9166EFCAD966F0CA727FF1CA6E
:10B1A0000087F2CACD9EF3CA209FF4CA5E5CF5CA3E
:10B1B0002F67F6CAF08FF7CA1168F8CA5F67F9CA35
:10B1C0000D62FACAD67AFBCA8558FCCAB65EFDCAB9
:10B1D0007065FECA316F40CB828541CB838542CBFF
:10B1E000868543CB888544CB898545CB8A8546CBEC
:10B1F0008B8547CB8C8548CB8D8549CB8E854ACBBB
:10B2000090854BCB91854CCB92854DCB93854ECB86
:10B2100094854FCB958550CB968551CB978552CB56
:10B22000988553CB998554CB9A8555CB9D8556CB24
:10B230009E8557CB9F8558CBA08559CBA1855ACBEE
:10B24000A2855BCBA3855CCBA5855DCBA6855ECBBC
:10B25000A7855FCBA98560CBAB8561CBAC8562CB85
:10B26000AD8563CBB18564CBB28565CBB38566CB49
:10B27000B48567CBB58568CBB68569CBB8856ACB15
:10B28000BA856BCBBB856CCBBC856DCBBD856ECBDE
:10B29000BE856FCBBF8570CBC08571CBC28572CBAD
:10B2A000C38573CBC48574CBC58575CBC68576CB7A
:10B2B000C78577CBC88578CBCA8579CBCB857ACB48
:10B2C000CC857BCBCD857CCBCE857DCBD1857ECB14
:10B2D000D28580CBD48581CBD68582CBD78583CBD5
:10B2E000D88584CBD98585CBDA8586CBDB8587CBA2
:10B2F000DD8588CBDE8589CBDF858ACBE0858BCB6E
:10B30000E1858CCBE2858DCBE3858ECBE5858FCB3C
:10B31000E68590CBE78591CBE88592CBEA8593CB08
:10B32000EB8594CBEC8595CBED8596CBEE8597CBD5
:10B33000EF8598CBF08599CBF1859ACBF2859BCBA5
:10B34000F3859CCBF4859DCBF5859ECBF6859FCB75
:10B35000F785A0CBF885A1CB5560A2CB3752A3CB04
:10B360000D80A4CB5464A5CB7088A6CB2975A7CB40
:10B37000055EA8CB1368A9CBF462AACB1C97ABCB14
:10B38000CC53ACCB3D72ADCB018CAECB346CAFCBE0
:10B390006177B0CB0E7AB1CB2E54B2CBAC77B3CBB6
:10B3A0007A98B4CB1C82B5CBF48BB6CB5578B7CB9F
:10B3B0001467B8CBC170B9CBAF65BACB9564BBCBC2
:10B3C0003656BCCB1D60BDCBC179BECBF853BFCBCD
:10B3D0001D4EC0CB7B6BC1CB8680C2CBFA5BC3CB8F
:10B3E000E355C4CBDB56C5CB3A4FC6CB3C4FC7CB9E
:10B3F0007299C8CBF35DC9CB7E67CACB3880CBCB03
:10B400000260CCCB8298CDCB0190CECB8B5BCFCBE7
:10B41000BC8BD0CBF58BD1CB1C64D2CB5882D3CB99
:10B42000DE64D4CBFD55D5CBCF82D6CB6591D7CBBF
:10B43000D74FD8CB207DD9CB1F90DACB9F7CDBCBED
:10B44000F350DCCB5158DDCBAF6EDECBBF5BDFCB37
:10B45000C98BE0CB8380E1CB7891E2CB9C84E3CBBA
:10B46000977BE4CB7D86E5CB8B96E6CB8F96E7CBBF
:10B47000E57EE8CBD39AE9CB8E78EACB815CEBCB47
:10B48000577AECCB4290EDCBA796EECB5F79EFCB22
:10B49000595BF0CB5F63F1CB0B7BF2CBD184F3CB69
:10B4A000AD68F4CB0655F5CB297FF6CB1074F7CBFE
:10B4B000227DF8CB0195F9CB4062FACB4C58FBCBFF
:10B4C000D64EFCCB835BFDCB7959FECB545840CC98
:10B4D000F98541CCFA8542CCFC8543CCFD8544CC32
:10B4E000FE8545CC008646CC018647CC028648CCFA
:10B4F000038649CC04864ACC06864BCC07864CCCC6
:10B5000008864DCC09864ECC0A864FCC0B8650CC93
:10B510000C8651CC0D8652CC0E8653CC0F8654CC63
:10B52000108655CC128656CC138657CC148658CC30
:10B53000158659CC17865ACC18865BCC19865CCCFC
:10B540001A865DCC1B865ECC1C865FCC1D8660CCCB
:10B550001E8661CC1F8662CC208663CC218664CC9B
:10B56000228665CC238666CC248667CC258668CC6B
:10B57000268669CC28866ACC2A866BCC2B866CCC36
:10B580002C866DCC2D866ECC2E866FCC2F8670CC03
:10B59000308671CC318672CC328673CC338674CCD3
:10B5A000348675CC358676CC368677CC378678CCA3
:10B5B000398679CC3A867ACC3B867BCC3D867CCC6E
:10B5C0003E867DCC3F867ECC408680CC418681CC39
:10B5D000428682CC438683CC448684CC458685CC07
:10B5E000468686CC478687CC488688CC498689CCD7
:10B5F0004A868ACC4B868BCC4C868CCC52868DCCA2
:10B6000053868ECC55868FCC568690CC578691CC5F
:10B61000588692CC598693CC5B8694CC5C8695CC2C
:10B620005D8696CC5F8697CC608698CC618699CCF7
:10B6300063869ACC64869BCC65869CCC66869DCCC2
:10B6400067869ECC68869FCC6986A0CC6A86A1CC92
:10B650006D73A2CC1E63A3CC4B8EA4CC0F8EA5CC55
:10B66000CE80A6CCD482A7CCAC62A8CCF053A9CC17
:10B67000F06CAACC5E91ABCC2A59ACCC0160ADCCBD
:10B68000706CAECC4D57AFCC4A64B0CC2A8DB1CCE7
:10B690002B76B2CCE96EB3CC5B57B4CC806AB5CC18
:10B6A000F075B6CC6D6FB7CC2D8CB8CC088CB9CCFE
:10B6B0006657BACCEF6BBBCC9288BCCCB378BDCC10
:10B6C000A263BECCF953BFCCAD70C0CC646CC1CC0E
:10B6D0005858C2CC2A64C3CC0258C4CCE068C5CC4C
:10B6E0009B81C6CC1055C7CCD67CC8CC1850C9CCD1
:10B6F000BA8ECACCCC6DCBCC9F8DCCCCEB70CDCCE4
:10B700008F63CECC9B6DCFCCD46ED0CCE67ED1CC2B
:10B710000484D2CC4368D3CC0390D4CCD86DD5CCA0
:10B720007696D6CCA88BD7CC5759D8CC7972D9CCB1
:10B73000E485DACC7E81DBCCBC75DCCC8A8ADDCCBE
:10B74000AF68DECC5452DFCC228EE0CC1195E1CC38
:10B75000D063E2CC9898E3CC448EE4CC7C55E5CC25
:10B76000534FE6CCFF66E7CC8F56E8CCD560E9CCEA
:10B77000956DEACC4352EBCC495CECCC2959EDCC2D
:10B78000FB6DEECC6B58EFCC3075F0CC1C75F1CC6A
:10B790006C60F2CC1482F3CC4681F4CC1163F5CC0E
:10B7A0006167F6CCE28FF7CC3A77F8CCF38DF9CC21
:10B7B000348DFACCC194FBCC165EFCCC8553FDCC09
:10B7C0002C54FECCC37040CD6D8641CD6F8642CDEA
:10B7D000708643CD728644CD738645CD748646CD42
:10B7E000758647CD768648CD778649CD78864ACD11
:10B7F00083864BCD84864CCD85864DCD86864ECDB9
:10B8000087864FCD888650CD898651CD8E8652CD84
:10B810008F8653CD908654CD918655CD928656CD48
:10B82000948657CD968658CD978659CD98865ACD11
:10B8300099865BCD9A865CCD9B865DCD9E865ECDDE
:10B840009F865FCDA08660CDA18661CDA28662CDA8
:10B85000A58663CDA68664CDAB8665CDAD8666CD67
:10B86000AE8667CDB28668CDB38669CDB7866ACD20
:10B87000B8866BCDB9866CCDBB866DCDBC866ECDE2
:10B88000BD866FCDBE8670CDBF8671CDC18672CDAF
:10B89000C28673CDC38674CDC58675CDC88676CD78
:10B8A000CC8677CDCD8678CDD28679CDD3867ACD2C
:10B8B000D5867BCDD6867CCDD7867DCDDA867ECDEE
:10B8C000DC8680CDDD8681CDE08682CDE18683CDAC
:10B8D000E28684CDE38685CDE58686CDE68687CD76
:10B8E000E78688CDE88689CDEA868ACDEB868BCD42
:10B8F000EC868CCDEF868DCDF5868ECDF6868FCD00
:10B90000F78690CDFA8691CDFB8692CDFC8693CDBD
:10B91000FD8694CDFF8695CD018796CD048797CD82
:10B92000058798CD068799CD0B879ACD0C879BCD3F
:10B930000E879CCD0F879DCD10879ECD11879FCD03
:10B940001487A0CD1687A1CD406CA2CDF75EA3CD04
:10B950005C50A4CDAD4EA5CDAD5EA6CD3A63A7CDCE
:10B960004782A8CD1A90A9CD5068AACD6E91ABCDD3
:10B97000B377ACCD0C54ADCDDC94AECD645FAFCD20
:10B98000E57AB0CD7668B1CD4563B2CD527BB3CD0B
:10B99000DF7EB4CDDB75B5CD7750B6CD9562B7CD32
:10B9A0003459B8CD0F90B9CDF851BACDC379BBCDCC
:10B9B000817ABCCDFE56BDCD925FBECD1490BFCD79
:10B9C000826DC0CD605CC1CD1F57C2CD1054C3CDB8
:10B9D0005451C4CD4D6EC5CDE256C6CDA863C7CD7A
:10B9E0009398C8CD7F81C9CD1587CACD2A89CBCD83
:10B9F0000090CCCD1E54CDCD6F5CCECDC081CFCDCF
:10BA0000D662D0CD5862D1CD3181D2CD359ED3CD45
:10BA10004096D4CD6E9AD5CD7C9AD6CD2D69D7CD12
:10BA2000A559D8CDD362D9CD3E55DACD1663DBCD3D
:10BA3000C754DCCDD986DDCD3C6DDECD035ADFCDDC
:10BA4000E674E0CD9C88E1CD6A6BE2CD1659E3CD7A
:10BA50004C8CE4CD2F5FE5CD7E6EE6CDA973E7CDAE
:10BA60007D98E8CD384EE9CDF770EACD8C5BEBCD13
:10BA70009778ECCD3D63EDCD5A66EECD9676EFCD61
:10BA8000CB60F0CD9B5BF1CD495AF2CD074EF3CDA3
:10BA90005581F4CD6A6CF5CD8B73F6CDA14EF7CD03
:10BAA0008967F8CD517FF9CD805FFACDFA65FBCD7E
:10BAB0001B67FCCDD85FFDCD8459FECD015A40CE29
:10BAC000198741CE1B8742CE1D8743CE1F8744CEA8
:10BAD000208745CE248746CE268747CE278748CE67
:10BAE000288749CE2A874ACE2B874BCE2C874CCE2F
:10BAF0002D874DCE2F874ECE30874FCE328750CEFA
:10BB0000338751CE358752CE368753CE388754CEC1
:10BB1000398755CE3A8756CE3C8757CE3D8758CE8B
:10BB2000408759CE41875ACE42875BCE43875CCE51
:10BB300044875DCE45875ECE46875FCE4A8760CE1E
:10BB40004B8761CE4D8762CE4F8763CE508764CEE0
:10BB5000518765CE528766CE548767CE558768CEAB
:10BB6000568769CE58876ACE5A876BCE5B876CCE74
:10BB70005C876DCE5D876ECE5E876FCE5F8770CE41
:10BB8000618771CE628772CE668773CE678774CE07
:10BB9000688775CE698776CE6A8777CE6B8778CED1
:10BBA0006C8779CE6D877ACE6F877BCE71877CCE9E
:10BBB00072877DCE73877ECE758780CE778781CE64
:10BBC000788782CE798783CE7A8784CE7F8785CE29
:10BBD000808786CE818787CE848788CE868789CEE8
:10BBE00087878ACE89878BCE8A878CCE8C878DCEAD
:10BBF0008E878ECE8F878FCE908790CE918791CE75
:10BC0000928792CE948793CE958794CE968795CE41
:10BC1000988796CE998797CE9A8798CE9B8799CE0C
:10BC20009C879ACE9D879BCE9E879CCEA0879DCEDB
:10BC3000A1879ECEA2879FCEA387A0CEA487A1CEA8
:10BC4000CD5DA2CEAE5FA3CE7153A4CEE697A5CEB6
:10BC5000DD8FA6CE4568A7CEF456A8CE2F55A9CE27
:10BC6000DF60AACE3A4EABCE4D6FACCEF47EADCEF9
:10BC7000C782AECE0E84AFCED459B0CE1F4FB1CE58
:10BC80002A4FB2CE3E5CB3CEAC7EB4CE2A67B5CEE0
:10BC90001A85B6CE7354B7CE4F75B8CEC380B9CE21
:10BCA0008255BACE4F9BBBCE4D4FBCCE2D6EBDCE76
:10BCB000138CBECE095CBFCE7061C0CE6B53C1CEBB
:10BCC0001F76C2CE296EC3CE8A86C4CE8765C5CE06
:10BCD000FB95C6CEB97EC7CE3B54C8CE337AC9CE0B
:10BCE0000A7DCACEEE95CBCEE155CCCEC17FCDCE6E
:10BCF000EE74CECE1D63CFCE1787D0CEA16DD1CE40
:10BD00009D7AD2CE1162D3CEA165D4CE6753D5CE63
:10BD1000E163D6CE836CD7CEEB5DD8CE5C54D9CE62
:10BD2000A894DACE4C4EDBCE616CDCCEEC8BDDCE53
:10BD30004B5CDECEE065DFCE9C82E0CEA768E1CE34
:10BD40003E54E2CE3454E3CECB6BE4CE666BE5CE0C
:10BD5000944EE6CE4263E7CE4853E8CE1E82E9CE4B
:10BD60000D4FEACEAE4FEBCE5E57ECCE0A62EDCE73
:10BD7000FE96EECE6466EFCE6972F0CEFF52F1CE43
:10BD8000A152F2CE9F60F3CEEF8BF4CE1466F5CEC7
:10BD90009971F6CE9067F7CE7F89F8CE5278F9CEBA
:10BDA000FD77FACE7066FBCE3B56FCCE3854FDCE06
:10BDB0002195FECE7A7240CFA58741CFA68742CF8C
:10BDC000A78743CFA98744CFAA8745CFAE8746CF61
:10BDD000B08747CFB18748CFB28749CFB4874ACF22
:10BDE000B6874BCFB7874CCFB8874DCFB9874ECFEB
:10BDF000BB874FCFBC8750CFBE8751CFBF8752CFB5
:10BE0000C18753CFC28754CFC38755CFC48756CF7E
:10BE1000C58757CFC78758CFC88759CFC9875ACF4B
:10BE2000CC875BCFCD875CCFCE875DCFCF875ECF12
:10BE3000D0875FCFD48760CFD58761CFD68762CFD9
:10BE4000D78763CFD88764CFD98765CFDA8766CFA6
:10BE5000DC8767CFDD8768CFDE8769CFDF876ACF72
:10BE6000E1876BCFE2876CCFE3876DCFE4876ECF3E
:10BE7000E6876FCFE78770CFE88771CFE98772CF0A
:10BE8000EB8773CFEC8774CFED8775CFEF8776CFD5
:10BE9000F08777CFF18778CFF28779CFF3877ACFA2
:10BEA000F4877BCFF5877CCFF6877DCFF7877ECF72
:10BEB000F88780CFFA8781CFFB8782CFFC8783CF3B
:10BEC000FD8784CFFF8785CF008886CF018887CF05
:10BED000028888CF048889CF05888ACF06888BCFCF
:10BEE00007888CCF08888DCF09888ECF0B888FCF9D
:10BEF0000C8890CF0D8891CF0E8892CF0F8893CF6A
:10BF0000108894CF118895CF128896CF148897CF38
:10BF1000178898CF188899CF19889ACF1A889BCFFD
:10BF20001C889CCF1D889DCF1E889ECF1F889FCFC9
:10BF30002088A0CF2388A1CF007AA2CF6F60A3CFA3
:10BF40000C5EA4CF8960A5CF9D81A6CF1559A7CF40
:10BF5000DC60A8CF8471A9CFEF70AACFAA6EABCF57
:10BF6000506CACCF8072ADCF846AAECFAD88AFCF0E
:10BF70002D5EB0CF604EB1CFB35AB2CF9C55B3CF88
:10BF8000E394B4CF176DB5CFFB7CB6CF9996B7CFFE
:10BF90000F62B8CFC67EB9CF8E77BACF7E86BBCFC1
:10BFA0002353BCCF1E97BDCF968FBECF8766BFCF22
:10BFB000E15CC0CFA04FC1CFED72C2CF0B4EC3CF5B
:10BFC000A653C4CF0F59C5CF1354C6CF8063C7CF74
:10BFD0002895C8CF4851C9CFD94ECACF9C9CCBCF4A
:10BFE000A47ECCCFB854CDCF248DCECF5488CFCF24
:10BFF0003782D0CFF295D1CF8E6DD2CF265FD3CFFF
:10C00000CC5AD4CF3E66D5CF6996D6CFB073D7CFB2
:10C010002E73D8CFBF53D9CF7A81DACF8599DBCFB2
:10C02000A17FDCCFAA5BDDCF7796DECF5096DFCF46
:10C03000BF7EE0CFF876E1CFA253E2CF7695E3CF93
:10C040009999E4CFB17BE5CF4489E6CF586EE7CF2D
:10C05000614EE8CFD47FE9CF6579EACFE68BEBCFAD
:10C06000F360ECCFCD54EDCFAB4EEECF7998EFCF60
:10C07000F75DF0CF616AF1CFCF50F2CF1154F3CF1B
:10C08000618CF4CF2784F5CF5D78F6CF0497F7CF96
:10C090004A52F8CFEE54F9CFA356FACF0095FBCF12
:10C0A000886DFCCFB55BFDCFC66DFECF536640D02B
:10C0B000248841D0258842D0268843D0278844D080
:10C0C000288845D0298846D02A8847D02B8848D050
:10C0D0002C8849D02D884AD02E884BD02F884CD020
:10C0E00030884DD031884ED033884FD0348850D0EE
:10C0F000358851D0368852D0378853D0388854D0BC
:10C100003A8855D03B8856D03D8857D03E8858D085
:10C110003F8859D041885AD042885BD043885CD050
:10C1200046885DD047885ED048885FD0498860D017
:10C130004A8861D04B8862D04E8863D04F8864D0E3
:10C14000508865D0518866D0528867D0538868D0AF
:10C15000558869D056886AD058886BD05A886CD078
:10C160005B886DD05C886ED05D886FD05E8870D043
:10C170005F8871D0608872D0668873D0678874D009
:10C180006A8875D06D8876D06F8877D0718878D0BE
:10C19000738879D074887AD075887BD076887CD083
:10C1A00078887DD079887ED07A8880D07B8881D04D
:10C1B0007C8882D0808883D0838884D0868885D00C
:10C1C000878886D0898887D08A8888D08C8889D0CB
:10C1D0008E888AD08F888BD090888CD091888DD093
:10C1E00093888ED094888FD0958890D0978891D05E
:10C1F000988892D0998893D09A8894D09B8895D02B
:10C200009D8896D09E8897D09F8898D0A08899D0F6
:10C21000A1889AD0A3889BD0A5889CD0A6889DD0C1
:10C22000A7889ED0A8889FD0A988A0D0AA88A1D08E
:10C230000F5CA2D05D5BA3D02168A4D09680A5D06E
:10C240007855A6D0117BA7D04865A8D05469A9D04D
:10C250009B4EAAD0476BABD04E87ACD08B97ADD05E
:10C260004F53AED01F63AFD03A64B0D0AA90B1D0D4
:10C270009C65B2D0C180B3D0108CB4D09951B5D0E8
:10C28000B068B6D07853B7D0F987B8D0C861B9D004
:10C29000C46CBAD0FB6CBBD0228CBCD0515CBDD07E
:10C2A000AA85BED0AF82BFD00C95C0D0236BC1D0C1
:10C2B0009B8FC2D0B065C3D0FB5FC4D0C35FC5D075
:10C2C000E14FC6D04588C7D01F66C8D06581C9D0A8
:10C2D0002973CAD0FA60CBD07451CCD01152CDD0D2
:10C2E0008B57CED0625FCFD0A290D0D04C88D1D027
:10C2F0009291D2D0785ED3D04F67D4D02760D5D07A
:10C30000D359D6D04451D7D0F651D8D0F880D9D00F
:10C310000853DAD0796CDBD0C496DCD08A71DDD0DA
:10C32000114FDED0EE4FDFD09E7FE0D03D67E1D0F1
:10C33000C555E2D00895E3D0C079E4D09688E5D021
:10C34000E37EE6D09F58E7D00C62E8D00097E9D0B2
:10C350005A86EAD01856EBD07B98ECD0905FEDD09F
:10C36000B88BEED0C484EFD05791F0D0D953F1D030
:10C37000ED65F2D08F5EF3D05C75F4D06460F5D0DB
:10C380006E7DF6D07F5AF7D0EA7EF8D0ED7EF9D0F8
:10C39000698FFAD0A755FBD0A35BFCD0AC60FDD071
:10C3A000CB65FED0847340D1AC8841D1AE8842D1F8
:10C3B000AF8843D1B08844D1B28845D1B38846D143
:10C3C000B48847D1B58848D1B68849D1B8884AD110
:10C3D000B9884BD1BA884CD1BB884DD1BD884ED1DC
:10C3E000BE884FD1BF8850D1C08851D1C38852D1A7
:10C3F000C48853D1C78854D1C88855D1CA8856D16A
:10C40000CB8857D1CC8858D1CD8859D1CF885AD133
:10C41000D0885BD1D1885CD1D3885DD1D6885ED1FC
:10C42000D7885FD1DA8860D1DB8861D1DC8862D1BE
:10C43000DD8863D1DE8864D1E08865D1E18866D18A
:10C44000E68867D1E78868D1E98869D1EA886AD146
:10C45000EB886BD1EC886CD1ED886DD1EE886ED114
:10C46000EF886FD1F28870D1F58871D1F68872D1DA
:10C47000F78873D1FA8874D1FB8875D1FD8876D19D
:10C48000FF8877D1008978D1018979D103897AD160
:10C4900004897BD105897CD106897DD107897ED12C
:10C4A000088980D1098981D10B8982D10C8983D1F6
:10C4B0000D8984D10E8985D10F8986D1118987D1C3
:10C4C000148988D1158989D116898AD117898BD188
:10C4D00018898CD11C898DD11D898ED11E898FD14F
:10C4E0001F8990D1208991D1228992D1238993D11A
:10C4F000248994D1268995D1278996D1288997D1E5
:10C50000298998D12C8999D12D899AD12E899BD1AD
:10C510002F899CD131899DD132899ED133899FD178
:10C520003589A0D13789A1D10990A2D16376A3D151
:10C530002977A4D1DA7EA5D17497A6D19B85A7D1FE
:10C54000665BA8D1747AA9D1EA96AAD14088ABD10A
:10C55000CB52ACD18F71ADD1AA5FAED1EC65AFD16A
:10C56000E28BB0D1FB5BB1D16F9AB2D1E15DB3D1B7
:10C57000896BB4D15B6CB5D1AD8BB6D1AF8BB7D174
:10C580000A90B8D1C58FB9D18B53BAD1BC62BBD197
:10C59000269EBCD12D9EBDD14054BED12B4EBFD1C5
:10C5A000BD82C0D15972C1D19C86C2D1165DC3D1A2
:10C5B0005988C4D1AF6DC5D1C596C6D1D154C7D1A4
:10C5C0009A4EC8D1B68BC9D10971CAD1BD54CBD14D
:10C5D0000996CCD1DF70CDD1F96DCED1D076CFD147
:10C5E000254ED0D11478D1D11287D2D1A95CD3D124
:10C5F000F65ED4D1008AD5D19C98D6D10E96D7D1EB
:10C600008E70D8D1BF6CD9D14459DAD1A963DBD1AE
:10C610003C77DCD14D88DDD1146FDED17382DFD160
:10C620003058E0D1D571E1D18C53E2D11A78E3D101
:10C63000C196E4D10155E5D1665FE6D13071E7D10D
:10C64000B45BE8D11A8CE9D18C9AEAD1836BEBD137
:10C650002E59ECD12F9EEDD1E779EED16867EFD15D
:10C660006C62F0D16F4FF1D1A175F2D18A7FF3D115
:10C670000B6DF4D13396F5D1276CF6D1F04EF7D18E
:10C68000D275F8D17B51F9D13768FAD13E6FFBD121
:10C690008090FCD17081FDD19659FED1767440D244
:10C6A000388941D2398942D23A8943D23B8944D22E
:10C6B0003C8945D23D8946D23E8947D23F8948D2FE
:10C6C000408949D242894AD243894BD245894CD2CA
:10C6D00046894DD247894ED248894FD2498950D296
:10C6E0004A8951D24B8952D24C8953D24D8954D266
:10C6F0004E8955D24F8956D2508957D2518958D236
:10C70000528959D253895AD254895BD255895CD205
:10C7100056895DD257895ED258895FD2598960D2D5
:10C720005A8961D25B8962D25C8963D25D8964D2A5
:10C73000608965D2618966D2628967D2638968D26D
:10C74000648969D265896AD267896BD268896CD23B
:10C7500069896DD26A896ED26B896FD26C8970D209
:10C760006D8971D26E8972D26F8973D2708974D2D9
:10C77000718975D2728976D2738977D2748978D2A9
:10C78000758979D276897AD277897BD278897CD279
:10C7900079897DD27A897ED27C8980D27D8981D245
:10C7A0007E8982D2808983D2828984D2848985D20B
:10C7B000858986D2878987D2888988D2898989D2D2
:10C7C0008A898AD28B898BD28C898CD28D898DD2A1
:10C7D0008E898ED28F898FD2908990D2918991D271
:10C7E000928992D2938993D2948994D2958995D241
:10C7F000968996D2978997D2988998D2998999D211
:10C800009A899AD29B899BD29C899CD29D899DD2E0
:10C810009E899ED29F899FD2A089A0D2A189A1D2B0
:10C820004764A2D2275CA3D26590A4D2917AA5D204
:10C83000238CA6D2DA59A7D2AC54A8D20082A9D2AE
:10C840006F83AAD28189ABD20080ACD23069ADD2DD
:10C850004E56AED23680AFD23772B0D2CE91B1D270
:10C86000B651B2D25F4EB3D27598B4D29663B5D2F8
:10C870001A4EB6D2F653B7D2F366B8D24B81B9D2BC
:10C880001C59BAD2B26DBBD2004EBCD2F958BDD23F
:10C890003B53BED2D663BFD2F194C0D29D4FC1D21A
:10C8A0000A4FC2D26388C3D29098C4D23759C5D236
:10C8B0005790C6D2FB79C7D2EA4EC8D2F080C9D20F
:10C8C0009175CAD2826CCBD29C5BCCD2E859CDD2C6
:10C8D0005D5FCED20569CFD28186D0D21A50D1D237
:10C8E000F25DD2D2594ED3D2E377D4D2E54ED5D22F
:10C8F0007A82D6D29162D7D21366D8D29190D9D209
:10C90000795CDAD2BF4EDBD2795FDCD2C681DDD270
:10C910003890DED28480DFD2AB75E0D2A64EE1D271
:10C92000D488E2D20F61E3D2C56BE4D2C65FE5D210
:10C93000494EE6D2CA76E7D2A26EE8D2E38BE9D2BC
:10C94000AE8BEAD20A8CEBD2D18BECD2025FEDD265
:10C95000FC7FEED2CC7FEFD2CE7EF0D23583F1D207
:10C960006B83F2D2E056F3D2B76BF4D2F397F5D2E1
:10C970003496F6D2FB59F7D21F54F8D2F694F9D276
:10C98000EB6DFAD2C55BFBD26E99FCD2395CFDD25D
:10C99000155FFED2909640D3A28941D3A38942D39A
:10C9A000A48943D3A58944D3A68945D3A78946D36F
:10C9B000A88947D3A98948D3AA8949D3AB894AD33F
:10C9C000AC894BD3AD894CD3AE894DD3AF894ED30F
:10C9D000B0894FD3B18950D3B28951D3B38952D3DF
:10C9E000B48953D3B58954D3B68955D3B78956D3AF
:10C9F000B88957D3B98958D3BA8959D3BB895AD37F
:10CA0000BC895BD3BD895CD3BE895DD3BF895ED34E
:10CA1000C0895FD3C38960D3CD8961D3D38962D301
:10CA2000D48963D3D58964D3D78965D3D88966D3AC
:10CA3000D98967D3DB8968D3DD8969D3DF896AD374
:10CA4000E0896BD3E1896CD3E2896DD3E4896ED33D
:10CA5000E7896FD3E88970D3E98971D3EA8972D302
:10CA6000EC8973D3ED8974D3EE8975D3F08976D3CD
:10CA7000F18977D3F28978D3F48979D3F5897AD398
:10CA8000F6897BD3F7897CD3F8897DD3F9897ED366
:10CA9000FA8980D3FB8981D3FC8982D3FD8983D332
:10CAA000FE8984D3FF8985D3018A86D3028A87D3FE
:10CAB000038A88D3048A89D3058A8AD3068A8BD3CA
:10CAC000088A8CD3098A8DD30A8A8ED30B8A8FD396
:10CAD0000C8A90D30D8A91D30E8A92D30F8A93D366
:10CAE000108A94D3118A95D3128A96D3138A97D336
:10CAF000148A98D3158A99D3168A9AD3178A9BD306
:10CB0000188A9CD3198A9DD31A8A9ED31B8A9FD3D5
:10CB10001C8AA0D31D8AA1D37053A2D3F182A3D3C0
:10CB2000316AA4D3745AA5D3709EA6D3945EA7D3BA
:10CB3000287FA8D3B983A9D32484AAD32584ABD3CF
:10CB40006783ACD34787ADD3CE8FAED3628DAFD3DF
:10CB5000C876B0D3715FB1D39698B2D36C78B3D3A3
:10CB60002066B4D3DF54B5D3E562B6D3634FB7D3F1
:10CB7000C381B8D3C875B9D3B85EBAD3CD96BBD389
:10CB80000A8EBCD3F986BDD38F54BED3F36CBFD30A
:10CB90008C6DC0D3386CC1D37F60C2D3C752C3D3AE
:10CBA0002875C4D37D5EC5D3184FC6D3A060C7D344
:10CBB000E75FC8D3245CC9D33175CAD3AE90CBD359
:10CBC000C094CCD3B972CDD3B96CCED3386ECFD399
:10CBD0004991D0D30967D1D3CB53D2D3F353D3D315
:10CBE000514FD4D3C991D5D3F18BD6D3C853D7D312
:10CBF0007C5ED8D3C28FD9D3E46DDAD38E4EDBD32B
:10CC0000C276DCD38669DDD35E86DED31A61DFD3DC
:10CC10000682E0D3594FE1D3DE4FE2D33E90E3D317
:10CC20007C9CE4D30961E5D31D6EE6D3146EE7D393
:10CC30008596E8D3884EE9D3315AEAD3E896EBD308
:10CC40000E4EECD37F5CEDD3B979EED3875BEFD397
:10CC5000ED8BF0D3BD7FF1D38973F2D3DF57F3D3DC
:10CC60008B82F4D3C190F5D30154F6D34790F7D318
:10CC7000BB55F8D3EA5CF9D3A15FFAD30861FBD3C3
:10CC8000326BFCD3F172FDD3B280FED3898A40D4DB
:10CC90001E8A41D41F8A42D4208A43D4218A44D494
:10CCA000228A45D4238A46D4248A47D4258A48D464
:10CCB000268A49D4278A4AD4288A4BD4298A4CD434
:10CCC0002A8A4DD42B8A4ED42C8A4FD42D8A50D404
:10CCD0002E8A51D42F8A52D4308A53D4318A54D4D4
:10CCE000328A55D4338A56D4348A57D4358A58D4A4
:10CCF000368A59D4378A5AD4388A5BD4398A5CD474
:10CD00003A8A5DD43B8A5ED43C8A5FD43D8A60D443
:10CD10003F8A61D4408A62D4418A63D4428A64D40F
:10CD2000438A65D4448A66D4458A67D4468A68D4DF
:10CD3000478A69D4498A6AD44A8A6BD44B8A6CD4AC
:10CD40004C8A6DD44D8A6ED44E8A6FD44F8A70D47B
:10CD5000508A71D4518A72D4528A73D4538A74D44B
:10CD6000548A75D4558A76D4568A77D4578A78D41B
:10CD7000588A79D4598A7AD45A8A7BD45B8A7CD4EB
:10CD80005C8A7DD45D8A7ED45E8A80D45F8A81D4B9
:10CD9000608A82D4618A83D4628A84D4638A85D487
:10CDA000648A86D4658A87D4668A88D4678A89D457
:10CDB000688A8AD4698A8BD46A8A8CD46B8A8DD427
:10CDC0006C8A8ED46D8A8FD46E8A90D46F8A91D4F7
:10CDD000708A92D4718A93D4728A94D4738A95D4C7
:10CDE000748A96D4758A97D4768A98D4778A99D497
:10CDF000788A9AD47A8A9BD47B8A9CD47C8A9DD464
:10CE00007D8A9ED47E8A9FD47F8AA0D4808AA1D432
:10CE1000746DA2D4D35BA3D4D588A4D48498A5D4AC
:10CE20006B8CA6D46D9AA7D4339EA8D40A6EA9D4CD
:10CE3000A451AAD44351ABD4A357ACD48188ADD468
:10CE40009F53AED4F463AFD4958FB0D4ED56B1D424
:10CE50005854B2D40657B3D43F73B4D4906EB5D4FB
:10CE6000187FB6D4DC8FB7D4D182B8D43F61B9D49F
:10CE70002860BAD46296BBD4F066BCD4A67EBDD47A
:10CE80008A8DBED4C38DBFD4A594C0D4B35CC1D4A5
:10CE9000A47CC2D40867C3D4A660C4D40596C5D404
:10CEA0001880C6D4914EC7D4E790C8D40053C9D4D3
:10CEB0006896CAD44151CBD4D08FCCD47485CDD40C
:10CEC0005D91CED45566CFD4F597D0D4555BD1D4EF
:10CED0001D53D2D43878D3D44267D4D43D68D5D446
:10CEE000C954D6D47E70D7D4B05BD8D47D8FD9D472
:10CEF0008D51DAD42857DBD4B154DCD41265DDD49B
:10CF00008266DED45E8DDFD4438DE0D40F81E1D420
:10CF10006C84E2D46D90E3D4DF7CE4D4FF51E5D49B
:10CF2000FB85E6D4A367E7D4E965E8D4A16FE9D42B
:10CF3000A486EAD4818EEBD46A56ECD42090EDD44A
:10CF40008276EED47670EFD4E571F0D4238DF1D4EF
:10CF5000E962F2D41952F3D4FD6CF4D43C8DF5D4CB
:10CF60000E60F6D49E58F7D48E61F8D4FE66F9D4DC
:10CF7000608DFAD44E62FBD4B355FCD4236EFDD43D
:10CF80002D67FED4678F40D5818A41D5828A42D5EC
:10CF9000838A43D5848A44D5858A45D5868A46D5F1
:10CFA000878A47D5888A48D58B8A49D58C8A4AD5BD
:10CFB0008D8A4BD58E8A4CD58F8A4DD5908A4ED589
:10CFC000918A4FD5928A50D5948A51D5958A52D557
:10CFD000968A53D5978A54D5988A55D5998A56D525
:10CFE0009A8A57D59B8A58D59C8A59D59D8A5AD5F5
:10CFF0009E8A5BD59F8A5CD5A08A5DD5A18A5ED5C5
:10D00000A28A5FD5A38A60D5A48A61D5A58A62D594
:10D01000A68A63D5A78A64D5A88A65D5A98A66D564
:10D02000AA8A67D5AB8A68D5AC8A69D5AD8A6AD534
:10D03000AE8A6BD5AF8A6CD5B08A6DD5B18A6ED504
:10D04000B28A6FD5B38A70D5B48A71D5B58A72D5D4
:10D05000B68A73D5B78A74D5B88A75D5B98A76D5A4
:10D06000BA8A77D5BB8A78D5BC8A79D5BD8A7AD574
:10D07000BE8A7BD5BF8A7CD5C08A7DD5C18A7ED544
:10D08000C28A80D5C38A81D5C48A82D5C58A83D510
:10D09000C68A84D5C78A85D5C88A86D5C98A87D5E0
:10D0A000CA8A88D5CB8A89D5CC8A8AD5CD8A8BD5B0
:10D0B000CE8A8CD5CF8A8DD5D08A8ED5D18A8FD580
:10D0C000D28A90D5D38A91D5D48A92D5D58A93D550
:10D0D000D68A94D5D78A95D5D88A96D5D98A97D520
:10D0E000DA8A98D5DB8A99D5DC8A9AD5DD8A9BD5F0
:10D0F000DE8A9CD5DF8A9DD5E08A9ED5E18A9FD5C0
:10D10000E28AA0D5E38AA1D5E194A2D5F895A3D56A
:10D110002877A4D50568A5D5A869A6D58B54A7D529
:10D120004D4EA8D5B870A9D5C88BAAD55864ABD533
:10D130008B65ACD5855BADD5847AAED53A50AFD58D
:10D14000E85BB0D5BB77B1D5E16BB2D5798AB3D501
:10D15000987CB4D5BE6CB5D5CF76B6D5A965B7D514
:10D16000978FB8D52D5DB9D5555CBAD53886BBD566
:10D170000868BCD56053BDD51862BED5D97ABFD575
:10D180005B6EC0D5FD7EC1D51F6AC2D5E07AC3D51E
:10D19000705FC4D5336FC5D5205FC6D58C63C7D546
:10D1A000A86DC8D55667C9D5084ECAD5105ECBD56F
:10D1B000268DCCD5D74ECDD5C080CED53476CFD523
:10D1C0009C96D0D5DB62D1D52D66D2D57E62D3D5E3
:10D1D000BC6CD4D5758DD5D56771D6D5697FD7D5BB
:10D1E0004651D8D58780D9D5EC53DAD56E90DBD5AA
:10D1F0009862DCD5F254DDD5F086DED5998FDFD587
:10D200000580E0D51795E1D51785E2D5D98FE3D50F
:10D21000596DE4D5CD73E5D59F65E6D51F77E7D584
:10D220000475E8D52778E9D5FB81EAD51E8DEBD5C5
:10D230008894ECD5A64FEDD59567EED5B975EFD5A9
:10D24000CA8BF0D50797F1D52F63F2D54795F3D563
:10D250003596F4D5B884F5D52363F6D54177F7D55F
:10D26000815FF8D5F072F9D5894EFAD51460FBD5F7
:10D270007465FCD5EF62FDD5636BFED53F6540D686
:10D28000E48A41D6E58A42D6E68A43D6E78A44D67E
:10D29000E88A45D6E98A46D6EA8A47D6EB8A48D64E
:10D2A000EC8A49D6ED8A4AD6EE8A4BD6EF8A4CD61E
:10D2B000F08A4DD6F18A4ED6F28A4FD6F38A50D6EE
:10D2C000F48A51D6F58A52D6F68A53D6F78A54D6BE
:10D2D000F88A55D6F98A56D6FA8A57D6FB8A58D68E
:10D2E000FC8A59D6FD8A5AD6FE8A5BD6FF8A5CD65E
:10D2F000008B5DD6018B5ED6028B5FD6038B60D62A
:10D30000048B61D6058B62D6068B63D6088B64D6F8
:10D31000098B65D60A8B66D60B8B67D60C8B68D6C5
:10D320000D8B69D60E8B6AD60F8B6BD6108B6CD695
:10D33000118B6DD6128B6ED6138B6FD6148B70D665
:10D34000158B71D6168B72D6178B73D6188B74D635
:10D35000198B75D61A8B76D61B8B77D61C8B78D605
:10D360001D8B79D61E8B7AD61F8B7BD6208B7CD6D5
:10D37000218B7DD6228B7ED6238B80D6248B81D6A3
:10D38000258B82D6278B83D6288B84D6298B85D66E
:10D390002A8B86D62B8B87D62C8B88D62D8B89D63D
:10D3A0002E8B8AD62F8B8BD6308B8CD6318B8DD60D
:10D3B000328B8ED6338B8FD6348B90D6358B91D6DD
:10D3C000368B92D6378B93D6388B94D6398B95D6AD
:10D3D0003A8B96D63B8B97D63C8B98D63D8B99D67D
:10D3E0003E8B9AD63F8B9BD6408B9CD6418B9DD64D
:10D3F000428B9ED6438B9FD6448BA0D6458BA1D61D
:10D40000275EA2D6C775A3D6D190A4D6C18BA5D6C8
:10D410009D82A6D69D67A7D62F65A8D63154A9D6DA
:10D420001887AAD6E577ABD6A280ACD60281ADD656
:10D43000416CAED64B4EAFD6C77EB0D64C80B1D67F
:10D44000F476B2D60D69B3D6966BB4D66762B5D60C
:10D450003C50B6D6844FB7D64057B8D60763B9D636
:10D46000626BBAD6BE8DBBD6EA53BCD6E865BDD6D4
:10D47000B87EBED6D75FBFD61A63C0D6B763C1D653
:10D48000F381C2D6F481C3D66E7FC4D61C5EC5D6E6
:10D49000D95CC6D63652C7D67A66C8D6E979C9D617
:10D4A0001A7ACAD6288DCBD69970CCD6D475CDD65B
:10D4B000DE6ECED6BB6CCFD6927AD0D62D4ED1D6DC
:10D4C000C576D2D6E05FD3D69F94D4D67788D5D60A
:10D4D000C87ED6D6CD79D7D6BF80D8D6CD91D9D66D
:10D4E000F24EDAD6174FDBD61F82DCD66854DDD673
:10D4F000DE5DDED6326DDFD6CC8BE0D6A57CE1D604
:10D50000748FE2D69880E3D61A5EE4D69254E5D6BC
:10D51000B176E6D6995BE7D63C66E8D6A49AE9D61A
:10D52000E073EAD62A68EBD6DB86ECD63167EDD617
:10D530002A73EED6F88BEFD6DB8BF0D61090F1D6AF
:10D54000F97AF2D6DB70F3D66E71F4D6C462F5D6F2
:10D55000A977F6D63156F7D63B4EF8D65784F9D68A
:10D56000F167FAD6A952FBD6C086FCD62E8DFDD621
:10D57000F894FED6517B40D7468B41D7478B42D794
:10D58000488B43D7498B44D74A8B45D74B8B46D7DB
:10D590004C8B47D74D8B48D74E8B49D74F8B4AD7AB
:10D5A000508B4BD7518B4CD7528B4DD7538B4ED77B
:10D5B000548B4FD7558B50D7568B51D7578B52D74B
:10D5C000588B53D7598B54D75A8B55D75B8B56D71B
:10D5D0005C8B57D75D8B58D75E8B59D75F8B5AD7EB
:10D5E000608B5BD7618B5CD7628B5DD7638B5ED7BB
:10D5F000648B5FD7658B60D7678B61D7688B62D789
:10D60000698B63D76A8B64D76B8B65D76D8B66D755
:10D610006E8B67D76F8B68D7708B69D7718B6AD722
:10D62000728B6BD7738B6CD7748B6DD7758B6ED7F2
:10D63000768B6FD7778B70D7788B71D7798B72D7C2
:10D640007A8B73D77B8B74D77C8B75D77D8B76D792
:10D650007E8B77D77F8B78D7808B79D7818B7AD762
:10D66000828B7BD7838B7CD7848B7DD7858B7ED732
:10D67000868B80D7878B81D7888B82D7898B83D7FE
:10D680008A8B84D78B8B85D78C8B86D78D8B87D7CE
:10D690008E8B88D78F8B89D7908B8AD7918B8BD79E
:10D6A000928B8CD7938B8DD7948B8ED7958B8FD76E
:10D6B000968B90D7978B91D7988B92D7998B93D73E
:10D6C0009A8B94D79B8B95D79C8B96D79D8B97D70E
:10D6D0009E8B98D79F8B99D7AC8B9AD7B18B9BD7C2
:10D6E000BB8B9CD7C78B9DD7D08B9ED7EA8B9FD700
:10D6F000098CA0D71E8CA1D74F4FA2D7E86CA3D717
:10D700005D79A4D77B9AA5D79362A6D72A72A7D7AB
:10D71000FD62A8D7134EA9D71678AAD76C8FABD7BE
:10D72000B064ACD75A8DADD7C67BAED76968AFD7DA
:10D73000845EB0D7C588B1D78659B2D79E64B3D7B7
:10D74000EE58B4D7B672B5D70E69B6D72595B7D708
:10D75000FD8FB8D7588DB9D76057BAD7007FBBD7E0
:10D76000068CBCD7C651BDD74963BED7D962BFD7D7
:10D770005353C0D74C68C1D72274C2D70183C3D7D3
:10D780004C91C4D74455C5D74077C6D77C70C7D70E
:10D790004A6DC8D77951C9D7A854CAD7448DCBD7B9
:10D7A000FF59CCD7CB6ECDD7C46DCED75C5BCFD76E
:10D7B0002B7DD0D7D44ED1D77D7CD2D7D36ED3D7C3
:10D7C000505BD4D7EA81D5D70D6ED6D7575BD7D764
:10D7D000039BD8D7D568D9D72A8EDAD7975BDBD702
:10D7E000FC7EDCD73B60DDD7B57EDED7B990DFD7D6
:10D7F000708DE0D74F59E1D7CD63E2D7DF79E3D71A
:10D80000B38DE4D75253E5D7CF65E6D75679E7D73E
:10D81000C58BE8D73B96E9D7C47EEAD7BB94EBD754
:10D82000827EECD73456EDD78991EED70067EFD7DB
:10D830006A7FF0D70A5CF1D77590F2D72866F3D7E4
:10D84000E65DF4D7504FF5D7DE67F6D75A50F7D7D5
:10D850005C4FF8D75057F9D7A75E40D8388C41D8DD
:10D86000398C42D83A8C43D83B8C44D83C8C45D830
:10D870003D8C46D83E8C47D83F8C48D8408C49D800
:10D88000428C4AD8438C4BD8448C4CD8458C4DD8CC
:10D89000488C4ED84A8C4FD84B8C50D84D8C51D890
:10D8A0004E8C52D84F8C53D8508C54D8518C55D85C
:10D8B000528C56D8538C57D8548C58D8568C59D82B
:10D8C000578C5AD8588C5BD8598C5CD85B8C5DD8F7
:10D8D0005C8C5ED85D8C5FD85E8C60D85F8C61D8C4
:10D8E000608C62D8638C63D8648C64D8658C65D88E
:10D8F000668C66D8678C67D8688C68D8698C69D85C
:10D900006C8C6AD86D8C6BD86E8C6CD86F8C6DD823
:10D91000708C6ED8718C6FD8728C70D8748C71D8F2
:10D92000758C72D8768C73D8778C74D87B8C75D8BC
:10D930007C8C76D87D8C77D87E8C78D87F8C79D883
:10D94000808C7AD8818C7BD8838C7CD8848C7DD851
:10D95000868C7ED8878C80D8888C81D88B8C82D816
:10D960008D8C83D88E8C84D88F8C85D8908C86D8DB
:10D97000918C87D8928C88D8938C89D8958C8AD8AA
:10D98000968C8BD8978C8CD8998C8DD89A8C8ED875
:10D990009B8C8FD89C8C90D89D8C91D89E8C92D843
:10D9A0009F8C93D8A08C94D8A18C95D8A28C96D813
:10D9B000A38C97D8A48C98D8A58C99D8A68C9AD8E3
:10D9C000A78C9BD8A88C9CD8A98C9DD8AA8C9ED8B3
:10D9D000AB8C9FD8AC8CA0D8AD8CA1D88D4EA2D8E2
:10D9E0000C4EA3D84051A4D8104EA5D8FF5EA6D89F
:10D9F0004553A7D8154EA8D8984EA9D81E4EAAD8D8
:10DA0000329BABD86C5BACD86956ADD8284EAED83B
:10DA1000BA79AFD83F4EB0D81553B1D8474EB2D827
:10DA20002D59B3D83B72B4D86E53B5D8106CB6D854
:10DA3000DF56B7D8E480B8D89799B9D8D36BBAD89D
:10DA40007E77BBD8179FBCD8364EBDD89F4EBED868
:10DA5000109FBFD85C4EC0D8694EC1D8934EC2D873
:10DA60008882C3D85B5BC4D86C55C5D80F56C6D85E
:10DA7000C44EC7D88D53C8D89D53C9D8A353CAD84C
:10DA8000A553CBD8AE53CCD86597CDD85D8DCED825
:10DA90001A53CFD8F553D0D82653D1D82E53D2D835
:10DAA0003E53D3D85C8DD4D86653D5D86353D6D8DB
:10DAB0000252D7D80852D8D80E52D9D82D52DAD817
:10DAC0003352DBD83F52DCD84052DDD84C52DED83E
:10DAD0005E52DFD86152E0D85C52E1D8AF84E2D820
:10DAE0007D52E3D88252E4D88152E5D89052E6D8EC
:10DAF0009352E7D88251E8D8547FE9D8BB4EEAD890
:10DB0000C34EEBD8C94EECD8C24EEDD8E84EEED895
:10DB1000E14EEFD8EB4EF0D8DE4EF1D81B4FF2D8E5
:10DB2000F34EF3D8224FF4D8644FF5D8F54EF6D81B
:10DB3000254FF7D8274FF8D8094FF9D82B4FFAD8E7
:10DB40005E4FFBD8674FFCD83865FDD85A4FFED8DA
:10DB50005D4F40D9AE8C41D9AF8C42D9B08C43D9FE
:10DB6000B18C44D9B28C45D9B38C46D9B48C47D941
:10DB7000B58C48D9B68C49D9B78C4AD9B88C4BD911
:10DB8000B98C4CD9BA8C4DD9BB8C4ED9BC8C4FD9E1
:10DB9000BD8C50D9BE8C51D9BF8C52D9C08C53D9B1
:10DBA000C18C54D9C28C55D9C38C56D9C48C57D981
:10DBB000C58C58D9C68C59D9C78C5AD9C88C5BD951
:10DBC000C98C5CD9CA8C5DD9CB8C5ED9CC8C5FD921
:10DBD000CD8C60D9CE8C61D9CF8C62D9D08C63D9F1
:10DBE000D18C64D9D28C65D9D38C66D9D48C67D9C1
:10DBF000D58C68D9D68C69D9D78C6AD9D88C6BD991
:10DC0000D98C6CD9DA8C6DD9DB8C6ED9DC8C6FD960
:10DC1000DD8C70D9DE8C71D9DF8C72D9E08C73D930
:10DC2000E18C74D9E28C75D9E38C76D9E48C77D900
:10DC3000E58C78D9E68C79D9E78C7AD9E88C7BD9D0
:10DC4000E98C7CD9EA8C7DD9EB8C7ED9EC8C80D99F
:10DC5000ED8C81D9EE8C82D9EF8C83D9F08C84D96C
:10DC6000F18C85D9F28C86D9F38C87D9F48C88D93C
:10DC7000F58C89D9F68C8AD9F78C8BD9F88C8CD90C
:10DC8000F98C8DD9FA8C8ED9FB8C8FD9FC8C90D9DC
:10DC9000FD8C91D9FE8C92D9FF8C93D9008D94D9AB
:10DCA000018D95D9028D96D9038D97D9048D98D978
:10DCB000058D99D9068D9AD9078D9BD9088D9CD948
:10DCC000098D9DD90A8D9ED90B8D9FD90C8DA0D918
:10DCD0000D8DA1D95F4FA2D9574FA3D9324FA4D9E7
:10DCE0003D4FA5D9764FA6D9744FA7D9914FA8D942
:10DCF000894FA9D9834FAAD98F4FABD97E4FACD9C1
:10DD00007B4FADD9AA4FAED97C4FAFD9AC4FB0D96C
:10DD1000944FB1D9E64FB2D9E84FB3D9EA4FB4D94D
:10DD2000C54FB5D9DA4FB6D9E34FB7D9DC4FB8D91B
:10DD3000D14FB9D9DF4FBAD9F84FBBD92950BCD987
:10DD40004C50BDD9F34FBED92C50BFD90F50C0D9BC
:10DD50002E50C1D92D50C2D9FE4FC3D91C50C4D9A1
:10DD60000C50C5D92550C6D92850C7D97E50C8D91E
:10DD70004350C9D95550CAD94850CBD94E50CCD9A7
:10DD80006C50CDD97B50CED9A550CFD9A750D0D982
:10DD9000A950D1D9BA50D2D9D650D3D90651D4D955
:10DDA000ED50D5D9EC50D6D9E650D7D9EE50D8D9C8
:10DDB0000751D9D90B51DAD9DD4EDBD93D6CDCD90D
:10DDC000584FDDD9654FDED9CE4FDFD9A09FE0D9BE
:10DDD000466CE1D9747CE2D96E51E3D9FD5DE4D99A
:10DDE000C99EE5D99899E6D98151E7D91459E8D95E
:10DDF000F952E9D90D53EAD9078AEBD91053ECD976
:10DE0000EB51EDD91959EED95551EFD9A04EF0D9B2
:10DE10005651F1D9B34EF2D96E88F3D9A488F4D90A
:10DE2000B54EF5D91481F6D9D288F7D98079F8D9C9
:10DE3000345BF9D90388FAD9B87FFBD9AB51FCD947
:10DE4000B151FDD9BD51FED9BC5140DA0E8D41DA38
:10DE50000F8D42DA108D43DA118D44DA128D45DAD6
:10DE6000138D46DA148D47DA158D48DA168D49DAA6
:10DE7000178D4ADA188D4BDA198D4CDA1A8D4DDA76
:10DE80001B8D4EDA1C8D4FDA208D50DA518D51DA10
:10DE9000528D52DA578D53DA5F8D54DA658D55DA2B
:10DEA000688D56DA698D57DA6A8D58DA6C8D59DAD1
:10DEB0006E8D5ADA6F8D5BDA718D5CDA728D5DDA98
:10DEC000788D5EDA798D5FDA7A8D60DA7B8D61DA52
:10DED0007C8D62DA7D8D63DA7E8D64DA7F8D65DA22
:10DEE000808D66DA828D67DA838D68DA868D69DAED
:10DEF000878D6ADA888D6BDA898D6CDA8C8D6DDAB4
:10DF00008D8D6EDA8E8D6FDA8F8D70DA908D71DA7D
:10DF1000928D72DA938D73DA958D74DA968D75DA47
:10DF2000978D76DA988D77DA998D78DA9A8D79DA15
:10DF30009B8D7ADA9C8D7BDA9D8D7CDA9E8D7DDAE5
:10DF4000A08D7EDAA18D80DAA28D81DAA48D82DAAD
:10DF5000A58D83DAA68D84DAA78D85DAA88D86DA79
:10DF6000A98D87DAAA8D88DAAB8D89DAAC8D8ADA49
:10DF7000AD8D8BDAAE8D8CDAAF8D8DDAB08D8EDA19
:10DF8000B28D8FDAB68D90DAB78D91DAB98D92DADB
:10DF9000BB8D93DABD8D94DAC08D95DAC18D96DA9A
:10DFA000C28D97DAC58D98DAC78D99DAC88D9ADA5D
:10DFB000C98D9BDACA8D9CDACD8D9DDAD08D9EDA23
:10DFC000D28D9FDAD38DA0DAD48DA1DAC751A2DA2F
:10DFD0009651A3DAA251A4DAA551A5DAA08BA6DA4C
:10DFE000A68BA7DAA78BA8DAAA8BA9DAB48BAADA50
:10DFF000B58BABDAB78BACDAC28BADDAC38BAEDAEA
:10E00000CB8BAFDACF8BB0DACE8BB1DAD28BB2DA80
:10E01000D38BB3DAD48BB4DAD68BB5DAD88BB6DA45
:10E02000D98BB7DADC8BB8DADF8BB9DAE08BBADA06
:10E03000E48BBBDAE88BBCDAE98BBDDAEE8BBEDAB7
:10E04000F08BBFDAF38BC0DAF68BC1DAF98BC2DA68
:10E05000FC8BC3DAFF8BC4DA008CC5DA028CC6DA1B
:10E06000048CC7DA078CC8DA0C8CC9DA0F8CCADAD0
:10E07000118CCBDA128CCCDA148CCDDA158CCEDA8A
:10E08000168CCFDA198CD0DA1B8CD1DA188CD2DA54
:10E090001D8CD3DA1F8CD4DA208CD5DA218CD6DA19
:10E0A000258CD7DA278CD8DA2A8CD9DA2B8CDADAD5
:10E0B0002E8CDBDA2F8CDCDA328CDDDA338CDEDA94
:10E0C000358CDFDA368CE0DA6953E1DA7A53E2DA5A
:10E0D0001D96E3DA2296E4DA2196E5DA3196E6DA5D
:10E0E0002A96E7DA3D96E8DA3C96E9DA4296EADAE9
:10E0F0004996EBDA5496ECDA5F96EDDA6796EEDA4B
:10E100006C96EFDA7296F0DA7496F1DA8896F2DAB3
:10E110008D96F3DA9796F4DAB096F5DA9790F6DA08
:10E120009B90F7DA9D90F8DA9990F9DAAC90FADAE8
:10E13000A190FBDAB490FCDAB390FDDAB690FEDA87
:10E14000BA9040DBD58D41DBD88D42DBD98D43DBE6
:10E15000DC8D44DBE08D45DBE18D46DBE28D47DB8A
:10E16000E58D48DBE68D49DBE78D4ADBE98D4BDB4E
:10E17000ED8D4CDBEE8D4DDBF08D4EDBF18D4FDB0D
:10E18000F28D50DBF48D51DBF68D52DBFC8D53DBD1
:10E19000FE8D54DBFF8D55DB008E56DB018E57DB89
:10E1A000028E58DB038E59DB048E5ADB068E5BDB56
:10E1B000078E5CDB088E5DDB0B8E5EDB0D8E5FDB1E
:10E1C0000E8E60DB108E61DB118E62DB128E63DBE4
:10E1D000138E64DB158E65DB168E66DB178E67DBB0
:10E1E000188E68DB198E69DB1A8E6ADB1B8E6BDB7F
:10E1F0001C8E6CDB208E6DDB218E6EDB248E6FDB44
:10E20000258E70DB268E71DB278E72DB288E73DB0A
:10E210002B8E74DB2D8E75DB308E76DB328E77DBCA
:10E22000338E78DB348E79DB368E7ADB378E7BDB90
:10E23000388E7CDB3B8E7DDB3C8E7EDB3E8E80DB56
:10E240003F8E81DB438E82DB458E83DB468E84DB13
:10E250004C8E85DB4D8E86DB4E8E87DB4F8E88DBCA
:10E26000508E89DB538E8ADB548E8BDB558E8CDB94
:10E27000568E8DDB578E8EDB588E8FDB5A8E90DB61
:10E280005B8E91DB5C8E92DB5D8E93DB5E8E94DB2E
:10E290005F8E95DB608E96DB618E97DB628E98DBFE
:10E2A000638E99DB648E9ADB658E9BDB678E9CDBCD
:10E2B000688E9DDB6A8E9EDB6B8E9FDB6E8EA0DB95
:10E2C000718EA1DBB890A2DBB090A3DBCF90A4DB72
:10E2D000C590A5DBBE90A6DBD090A7DBC490A8DBE1
:10E2E000C790A9DBD390AADBE690ABDBE290ACDB76
:10E2F000DC90ADDBD790AEDBDB90AFDBEB90B0DB3F
:10E30000EF90B1DBFE90B2DB0491B3DB2291B4DB82
:10E310001E91B5DB2391B6DB3191B7DB2F91B8DBD2
:10E320003991B9DB4391BADB4691BBDB0D52BCDBC3
:10E330004259BDDBA252BEDBAC52BFDBAD52C0DBEB
:10E34000BE52C1DBFF54C2DBD052C3DBD652C4DBAA
:10E35000F052C5DBDF53C6DBEE71C7DBCD77C8DB20
:10E36000F45EC9DBF551CADBFC51CBDB2F9BCCDB68
:10E37000B653CDDB015FCEDB5A75CFDBEF5DD0DB73
:10E380004C57D1DBA957D2DBA157D3DB7E58D4DB66
:10E39000BC58D5DBC558D6DBD158D7DB2957D8DBDD
:10E3A0002C57D9DB2A57DADB3357DBDB3957DCDB79
:10E3B0002E57DDDB2F57DEDB5C57DFDB3B57E0DB27
:10E3C0004257E1DB6957E2DB8557E3DB6B57E4DB60
:10E3D0008657E5DB7C57E6DB7B57E7DB6857E8DBF6
:10E3E0006D57E9DB7657EADB7357EBDBAD57ECDBB8
:10E3F000A457EDDB8C57EEDBB257EFDBCF57F0DBEA
:10E40000A757F1DBB457F2DB9357F3DBA057F4DBEC
:10E41000D557F5DBD857F6DBDA57F7DBD957F8DBFA
:10E42000D257F9DBB857FADBF457FBDBEF57FCDBCD
:10E43000F857FDDBE457FEDBDD5740DC738E41DC33
:10E44000758E42DC778E43DC788E44DC798E45DC39
:10E450007A8E46DC7B8E47DC7D8E48DC7E8E49DC06
:10E46000808E4ADC828E4BDC838E4CDC848E4DDCCD
:10E47000868E4EDC888E4FDC898E50DC8A8E51DC95
:10E480008B8E52DC8C8E53DC8D8E54DC8E8E55DC64
:10E49000918E56DC928E57DC938E58DC958E59DC2B
:10E4A000968E5ADC978E5BDC988E5CDC998E5DDCF8
:10E4B0009A8E5EDC9B8E5FDC9D8E60DC9F8E61DCC5
:10E4C000A08E62DCA18E63DCA28E64DCA38E65DC90
:10E4D000A48E66DCA58E67DCA68E68DCA78E69DC60
:10E4E000A88E6ADCA98E6BDCAA8E6CDCAD8E6DDC2E
:10E4F000AE8E6EDCB08E6FDCB18E70DCB38E71DCF4
:10E50000B48E72DCB58E73DCB68E74DCB78E75DCBF
:10E51000B88E76DCB98E77DCBB8E78DCBC8E79DC8D
:10E52000BD8E7ADCBE8E7BDCBF8E7CDCC08E7DDC5B
:10E53000C18E7EDCC28E80DCC38E81DCC48E82DC28
:10E54000C58E83DCC68E84DCC78E85DCC88E86DCF7
:10E55000C98E87DCCA8E88DCCB8E89DCCC8E8ADCC7
:10E56000CD8E8BDCCF8E8CDCD08E8DDCD18E8EDC94
:10E57000D28E8FDCD38E90DCD48E91DCD58E92DC63
:10E58000D68E93DCD78E94DCD88E95DCD98E96DC33
:10E59000DA8E97DCDB8E98DCDC8E99DCDD8E9ADC03
:10E5A000DE8E9BDCDF8E9CDCE08E9DDCE18E9EDCD3
:10E5B000E28E9FDCE38EA0DCE48EA1DC0B58A2DCB3
:10E5C0000D58A3DCFD57A4DCED57A5DC0058A6DCF4
:10E5D0001E58A7DC1958A8DC4458A9DC2058AADC2E
:10E5E0006558ABDC6C58ACDC8158ADDC8958AEDCCE
:10E5F0009A58AFDC8058B0DCA899B1DC199FB2DC26
:10E60000FF61B3DC7982B4DC7D82B5DC7F82B6DC6D
:10E610008F82B7DC8A82B8DCA882B9DC8482BADC5B
:10E620008E82BBDC9182BCDC9782BDDC9982BEDC31
:10E63000AB82BFDCB882C0DCBE82C1DCB082C2DC8F
:10E64000C882C3DCCA82C4DCE382C5DC9882C6DC33
:10E65000B782C7DCAE82C8DCCB82C9DCCC82CADC24
:10E66000C182CBDCA982CCDCB482CDDCA182CEDC41
:10E67000AA82CFDC9F82D0DCC482D1DCCE82D2DC05
:10E68000A482D3DCE182D4DC0983D5DCF782D6DC3A
:10E69000E482D7DC0F83D8DC0783D9DCDC82DADCC8
:10E6A000F482DBDCD282DCDCD882DDDC0C83DEDCD5
:10E6B000FB82DFDCD382E0DC1183E1DC1A83E2DC65
:10E6C0000683E3DC1483E4DC1583E5DCE082E6DC2E
:10E6D000D582E7DC1C83E8DC5183E9DC5B83EADC80
:10E6E0005C83EBDC0883ECDC9283EDDC3C83EEDCCA
:10E6F0003483EFDC3183F0DC9B83F1DC5E83F2DC7E
:10E700002F83F3DC4F83F4DC4783F5DC4383F6DCB3
:10E710005F83F7DC4083F8DC1783F9DC6083FADC85
:10E720002D83FBDC3A83FCDC3383FDDC6683FEDC7B
:10E73000658340DDE58E41DDE68E42DDE78E43DD1B
:10E74000E88E44DDE98E45DDEA8E46DDEB8E47DD61
:10E75000EC8E48DDED8E49DDEE8E4ADDEF8E4BDD31
:10E76000F08E4CDDF18E4DDDF28E4EDDF38E4FDD01
:10E77000F48E50DDF58E51DDF68E52DDF78E53DDD1
:10E78000F88E54DDF98E55DDFA8E56DDFB8E57DDA1
:10E79000FC8E58DDFD8E59DDFE8E5ADDFF8E5BDD71
:10E7A000008F5CDD018F5DDD028F5EDD038F5FDD3D
:10E7B000048F60DD058F61DD068F62DD078F63DD0D
:10E7C000088F64DD098F65DD0A8F66DD0B8F67DDDD
:10E7D0000C8F68DD0D8F69DD0E8F6ADD0F8F6BDDAD
:10E7E000108F6CDD118F6DDD128F6EDD138F6FDD7D
:10E7F000148F70DD158F71DD168F72DD178F73DD4D
:10E80000188F74DD198F75DD1A8F76DD1B8F77DD1C
:10E810001C8F78DD1D8F79DD1E8F7ADD1F8F7BDDEC
:10E82000208F7CDD218F7DDD228F7EDD238F80DDBB
:10E83000248F81DD258F82DD268F83DD278F84DD88
:10E84000288F85DD298F86DD2A8F87DD2B8F88DD58
:10E850002C8F89DD2D8F8ADD2E8F8BDD2F8F8CDD28
:10E86000308F8DDD318F8EDD328F8FDD338F90DDF8
:10E87000348F91DD358F92DD368F93DD378F94DDC8
:10E88000388F95DD398F96DD3A8F97DD3B8F98DD98
:10E890003C8F99DD3D8F9ADD3E8F9BDD3F8F9CDD68
:10E8A000408F9DDD418F9EDD428F9FDD438FA0DD38
:10E8B000448FA1DD6883A2DD1B83A3DD6983A4DD12
:10E8C0006C83A5DD6A83A6DD6D83A7DD6E83A8DD7D
:10E8D000B083A9DD7883AADDB383ABDDB483ACDD7F
:10E8E000A083ADDDAA83AEDD9383AFDD9C83B0DD75
:10E8F0008583B1DD7C83B2DDB683B3DDA983B4DD6E
:10E900007D83B5DDB883B6DD7B83B7DD9883B8DD65
:10E910009E83B9DDA883BADDBA83BBDDBC83BCDDD1
:10E92000C183BDDD0184BEDDE583BFDDD883C0DDED
:10E930000758C1DD1884C2DD0B84C3DDDD83C4DD6F
:10E94000FD83C5DDD683C6DD1C84C7DD3884C8DD04
:10E950001184C9DD0684CADDD483CBDDDF83CCDD41
:10E960000F84CDDD0384CEDDF883CFDDF983D0DDE8
:10E97000EA83D1DDC583D2DDC083D3DD2684D4DD37
:10E98000F083D5DDE183D6DD5C84D7DD5184D8DD2D
:10E990005A84D9DD5984DADD7384DBDD8784DCDDDC
:10E9A0008884DDDD7A84DEDD8984DFDD7884E0DD66
:10E9B0003C84E1DD4684E2DD6984E3DD7684E4DDE8
:10E9C0008C84E5DD8E84E6DD3184E7DD6D84E8DD71
:10E9D000C184E9DDCD84EADDD084EBDDE684ECDDC5
:10E9E000BD84EDDDD384EEDDCA84EFDDBF84F0DDD0
:10E9F000BA84F1DDE084F2DDA184F3DDB984F4DDD5
:10EA0000B484F5DD9784F6DDE584F7DDE384F8DD95
:10EA10000C85F9DD0D75FADD3885FBDDF084FCDD54
:10EA20003985FDDD1F85FEDD3A8540DE458F41DEFF
:10EA3000468F42DE478F43DE488F44DE498F45DEF6
:10EA40004A8F46DE4B8F47DE4C8F48DE4D8F49DEC6
:10EA50004E8F4ADE4F8F4BDE508F4CDE518F4DDE96
:10EA6000528F4EDE538F4FDE548F50DE558F51DE66
:10EA7000568F52DE578F53DE588F54DE598F55DE36
:10EA80005A8F56DE5B8F57DE5C8F58DE5D8F59DE06
:10EA90005E8F5ADE5F8F5BDE608F5CDE618F5DDED6
:10EAA000628F5EDE638F5FDE648F60DE658F61DEA6
:10EAB0006A8F62DE808F63DE8C8F64DE928F65DE0C
:10EAC0009D8F66DEA08F67DEA18F68DEA28F69DE74
:10EAD000A48F6ADEA58F6BDEA68F6CDEA78F6DDE3E
:10EAE000AA8F6EDEAC8F6FDEAD8F70DEAE8F71DE03
:10EAF000AF8F72DEB28F73DEB38F74DEB48F75DECC
:10EB0000B58F76DEB78F77DEB88F78DEBA8F79DE95
:10EB1000BB8F7ADEBC8F7BDEBF8F7CDEC08F7DDE5D
:10EB2000C38F7EDEC68F80DEC98F81DECA8F82DE14
:10EB3000CB8F83DECC8F84DECD8F85DECF8F86DEDC
:10EB4000D28F87DED68F88DED78F89DEDA8F8ADE96
:10EB5000E08F8BDEE18F8CDEE38F8DDEE78F8EDE44
:10EB6000EC8F8FDEEF8F90DEF18F91DEF28F92DEF1
:10EB7000F48F93DEF58F94DEF68F95DEFA8F96DEB6
:10EB8000FB8F97DEFC8F98DEFE8F99DEFF8F9ADE7B
:10EB900007909BDE08909CDE0C909DDE0E909EDE22
:10EBA00013909FDE1590A0DE1890A1DE5685A2DEA0
:10EBB0003B85A3DEFF84A4DEFC84A5DE5985A6DEAA
:10EBC0004885A7DE6885A8DE6485A9DE5E85AADEA5
:10EBD0007A85ABDEA277ACDE4385ADDE7285AEDE34
:10EBE0007B85AFDEA485B0DEA885B1DE8785B2DE89
:10EBF0008F85B3DE7985B4DEAE85B5DE9C85B6DE65
:10EC00008585B7DEB985B8DEB785B9DEB085BADEF1
:10EC1000D385BBDEC185BCDEDC85BDDEFF85BEDE07
:10EC20002786BFDE0586C0DE2986C1DE1686C2DEE7
:10EC30003C86C3DEFE5EC4DE085FC5DE3C59C6DE30
:10EC40004159C7DE3780C8DE5559C9DE5A59CADE78
:10EC50005859CBDE0F53CCDE225CCDDE255CCEDEF8
:10EC60002C5CCFDE345CD0DE4C62D1DE6A62D2DE58
:10EC70009F62D3DEBB62D4DECA62D5DEDA62D6DE44
:10EC8000D762D7DEEE62D8DE2263D9DEF662DADE44
:10EC90003963DBDE4B63DCDE4363DDDEAD63DEDE8A
:10ECA000F663DFDE7163E0DE7A63E1DE8E63E2DE6F
:10ECB000B463E3DE6D63E4DEAC63E5DE8A63E6DE67
:10ECC0006963E7DEAE63E8DEBC63E9DEF263EADED9
:10ECD000F863EBDEE063ECDEFF63EDDEC463EEDEE3
:10ECE000DE63EFDECE63F0DE5264F1DEC663F2DE99
:10ECF000BE63F3DE4564F4DE4164F5DE0B64F6DEEC
:10ED00001B64F7DE2064F8DE0C64F9DE2664FADEAC
:10ED10002164FBDE5E64FCDE8464FDDE6D64FEDE89
:10ED2000966440DF199041DF1C9042DF239043DF5F
:10ED3000249044DF259045DF279046DF289047DF69
:10ED4000299048DF2A9049DF2B904ADF2C904BDF37
:10ED500030904CDF31904DDF32904EDF33904FDFFB
:10ED6000349050DF379051DF399052DF3A9053DFC3
:10ED70003D9054DF3F9055DF409056DF439057DF82
:10ED8000459058DF469059DF48905ADF49905BDF45
:10ED90004A905CDF4B905DDF4C905EDF4E905FDF12
:10EDA000549060DF559061DF569062DF599063DFC9
:10EDB0005A9064DF5C9065DF5D9066DF5E9067DF90
:10EDC0005F9068DF609069DF61906ADF64906BDF5D
:10EDD00066906CDF67906DDF69906EDF6A906FDF21
:10EDE0006B9070DF6C9071DF6F9072DF709073DFEB
:10EDF000719074DF729075DF739076DF769077DFB5
:10EE0000779078DF789079DF79907ADF7A907BDF7E
:10EE10007B907CDF7C907DDF7E907EDF819080DF49
:10EE2000849081DF859082DF869083DF879084DF06
:10EE3000899085DF8A9086DF8C9087DF8D9088DFD0
:10EE40008E9089DF8F908ADF90908BDF92908CDF9D
:10EE500094908DDF96908EDF98908FDF9A9090DF60
:10EE60009C9091DF9E9092DF9F9093DFA09094DF23
:10EE7000A49095DFA59096DFA79097DFA89098DFE4
:10EE8000A99099DFAB909ADFAD909BDFB2909CDFA9
:10EE9000B7909DDFBC909EDFBD909FDFBF90A0DF4D
:10EEA000C090A1DF7A64A2DFB764A3DFB864A4DFF7
:10EEB0009964A5DFBA64A6DFC064A7DFD064A8DFC9
:10EEC000D764A9DFE464AADFE264ABDF0965ACDFE5
:10EED0002565ADDF2E65AEDF0B5FAFDFD25FB0DF44
:10EEE0001975B1DF115FB2DF5F53B3DFF153B4DFE8
:10EEF000FD53B5DFE953B6DFE853B7DFFB53B8DFA7
:10EF00001254B9DF1654BADF0654BBDF4B54BCDFD2
:10EF10005254BDDF5354BEDF5454BFDF5654C0DFDC
:10EF20004354C1DF2154C2DF5754C3DF5954C4DFF7
:10EF30002354C5DF3254C6DF8254C7DF9454C8DF80
:10EF40007754C9DF7154CADF6454CBDF9A54CCDFE5
:10EF50009B54CDDF8454CEDF7654CFDF6654D0DFB0
:10EF60009D54D1DFD054D2DFAD54D3DFC254D4DFAF
:10EF7000B454D5DFD254D6DFA754D7DFA654D8DF98
:10EF8000D354D9DFD454DADF7254DBDFA354DCDF8F
:10EF9000D554DDDFBB54DEDFBF54DFDFCC54E0DF10
:10EFA000D954E1DFDA54E2DFDC54E3DFA954E4DFD3
:10EFB000AA54E5DFA454E6DFDD54E7DFCF54E8DFF1
:10EFC000DE54E9DF1B55EADFE754EBDF2055ECDFC9
:10EFD000FD54EDDF1455EEDFF354EFDF2255F0DF83
:10EFE0002355F1DF0F55F2DF1155F3DF2755F4DF1D
:10EFF0002A55F5DF6755F6DF8F55F7DFB555F8DF92
:10F000004955F9DF6D55FADF4155FBDF5555FCDFFA
:10F010003F55FDDF5055FEDF3C5540E0C29041E0DA
:10F02000C39042E0C69043E0C89044E0C99045E0F8
:10F03000CB9046E0CC9047E0CD9048E0D29049E0BC
:10F04000D4904AE0D5904BE0D6904CE0D8904DE07B
:10F05000D9904EE0DA904FE0DE9050E0DF9051E042
:10F06000E09052E0E39053E0E49054E0E59055E006
:10F07000E99056E0EA9057E0EC9058E0EE9059E0C5
:10F08000F0905AE0F1905BE0F2905CE0F3905DE08C
:10F09000F5905EE0F6905FE0F79060E0F99061E057
:10F0A000FA9062E0FB9063E0FC9064E0FF9065E022
:10F0B000009166E0019167E0039168E0059169E0E5
:10F0C00006916AE007916BE008916CE009916DE0B0
:10F0D0000A916EE00B916FE00C9170E00D9171E080
:10F0E0000E9172E00F9173E0109174E0119175E050
:10F0F000129176E0139177E0149178E0159179E020
:10F1000016917AE017917BE018917CE01A917DE0EE
:10F110001B917EE01C9180E01D9181E01F9182E0B7
:10F12000209183E0219184E0249185E0259186E07F
:10F13000269187E0279188E0289189E029918AE04B
:10F140002A918BE02B918CE02C918DE02D918EE01B
:10F150002E918FE0309190E0329191E0339192E0E6
:10F16000349193E0359194E0369195E0379196E0B3
:10F17000389197E03A9198E03B9199E03C919AE080
:10F180003D919BE03E919CE03F919DE040919EE04F
:10F1900041919FE04291A0E04491A1E03755A2E067
:10F1A0005655A3E07555A4E07655A5E07755A6E041
:10F1B0003355A7E03055A8E05C55A9E08B55AAE08F
:10F1C000D255ABE08355ACE0B155ADE0B955AEE0FA
:10F1D0008855AFE08155B0E09F55B1E07E55B2E073
:10F1E000D655B3E09155B4E07B55B5E0DF55B6E0B8
:10F1F000BD55B7E0BE55B8E09455B9E09955BAE0B1
:10F20000EA55BBE0F755BCE0C955BDE01F56BEE06E
:10F21000D155BFE0EB55C0E0EC55C1E0D455C2E09C
:10F22000E655C3E0DD55C4E0C455C5E0EF55C6E082
:10F23000E555C7E0F255C8E0F355C9E0CC55CAE042
:10F24000CD55CBE0E855CCE0F555CDE0E455CEE02A
:10F25000948FCFE01E56D0E00856D1E00C56D2E095
:10F260000156D3E02456D4E02356D5E0FE55D6E02F
:10F270000056D7E02756D8E02D56D9E05856DAE0A8
:10F280003956DBE05756DCE02C56DDE04D56DEE02B
:10F290006256DFE05956E0E05C56E1E04C56E2E0B1
:10F2A0005456E3E08656E4E06456E5E07156E6E045
:10F2B0006B56E7E07B56E8E07C56E9E08556EAE0ED
:10F2C0009356EBE0AF56ECE0D456EDE0D756EEE0C7
:10F2D000DD56EFE0E156F0E0F556F1E0EB56F2E0F6
:10F2E000F956F3E0FF56F4E00457F5E00A57F6E06C
:10F2F0000957F7E01C57F8E00F5EF9E0195EFAE0F5
:10F30000145EFBE0115EFCE0315EFDE03B5EFEE082
:10F310003C5E40E1459141E1479142E1489143E142
:10F32000519144E1539145E1549146E1559147E1B2
:10F33000569148E1589149E159914AE15B914BE17D
:10F340005C914CE15F914DE160914EE166914FE13E
:10F35000679150E1689151E16B9152E16D9153E1F8
:10F36000739154E17A9155E17B9156E17C9157E19B
:10F37000809158E1819159E182915AE183915BE159
:10F3800084915CE186915DE188915EE18A915FE123
:10F390008E9160E18F9161E1939162E1949163E1DB
:10F3A000959164E1969165E1979166E1989167E1A5
:10F3B000999168E19C9169E19D916AE19E916BE16F
:10F3C0009F916CE1A0916DE1A1916EE1A4916FE13B
:10F3D000A59170E1A69171E1A79172E1A89173E105
:10F3E000A99174E1AB9175E1AC9176E1B09177E1CF
:10F3F000B19178E1B29179E1B3917AE1B6917BE193
:10F40000B7917CE1B8917DE1B9917EE1BB9180E15A
:10F41000BC9181E1BD9182E1BE9183E1BF9184E124
:10F42000C09185E1C19186E1C29187E1C39188E1F4
:10F43000C49189E1C5918AE1C6918BE1C8918CE1C3
:10F44000CB918DE1D0918EE1D2918FE1D39190E17A
:10F45000D49191E1D59192E1D69193E1D79194E144
:10F46000D89195E1D99196E1DA9197E1DB9198E114
:10F47000DD9199E1DE919AE1DF919BE1E0919CE1E0
:10F48000E1919DE1E2919EE1E3919FE1E491A0E1B0
:10F49000E591A1E1375EA2E1445EA3E1545EA4E1FF
:10F4A0005B5EA5E15E5EA6E1615EA7E18C5CA8E122
:10F4B0007A5CA9E18D5CAAE1905CABE1965CACE181
:10F4C000885CADE1985CAEE1995CAFE1915CB0E144
:10F4D0009A5CB1E19C5CB2E1B55CB3E1A25CB4E1E1
:10F4E000BD5CB5E1AC5CB6E1AB5CB7E1B15CB8E189
:10F4F000A35CB9E1C15CBAE1B75CBBE1C45CBCE14F
:10F50000D25CBDE1E45CBEE1CB5CBFE1E55CC0E1A7
:10F51000025DC1E1035DC2E1275DC3E1265DC4E197
:10F520002E5DC5E1245DC6E11E5DC7E1065DC8E153
:10F530001B5DC9E1585DCAE13E5DCBE1345DCCE1C4
:10F540003D5DCDE16C5DCEE15B5DCFE16F5DD0E116
:10F550005D5DD1E16B5DD2E14B5DD3E14A5DD4E10C
:10F56000695DD5E1745DD6E1825DD7E1995DD8E151
:10F570009D5DD9E1738CDAE1B75DDBE1C55DDCE16E
:10F58000735FDDE1775FDEE1825FDFE1875FE0E10E
:10F59000895FE1E18C5FE2E1955FE3E1995FE4E19E
:10F5A0009C5FE5E1A85FE6E1AD5FE7E1B55FE8E11B
:10F5B000BC5FE9E16288EAE1615FEBE1AD72ECE139
:10F5C000B072EDE1B472EEE1B772EFE1B872F0E162
:10F5D000C372F1E1C172F2E1CE72F3E1CD72F4E1F6
:10F5E000D272F5E1E872F6E1EF72F7E1E972F8E163
:10F5F000F272F9E1F472FAE1F772FBE10173FCE1F6
:10F60000F372FDE10373FEE1FA7240E2E69141E23A
:10F61000E79142E2E89143E2E99144E2EA9145E26E
:10F62000EB9146E2EC9147E2ED9148E2EE9149E23E
:10F63000EF914AE2F0914BE2F1914CE2F2914DE20E
:10F64000F3914EE2F4914FE2F59150E2F69151E2DE
:10F65000F79152E2F89153E2F99154E2FA9155E2AE
:10F66000FB9156E2FC9157E2FD9158E2FE9159E27E
:10F67000FF915AE200925BE201925CE202925DE24B
:10F6800003925EE204925FE2059260E2069261E21A
:10F69000079262E2089263E2099264E20A9265E2EA
:10F6A0000B9266E20C9267E20D9268E20E9269E2BA
:10F6B0000F926AE210926BE211926CE212926DE28A
:10F6C00013926EE214926FE2159270E2169271E25A
:10F6D000179272E2189273E2199274E21A9275E22A
:10F6E0001B9276E21C9277E21D9278E21E9279E2FA
:10F6F0001F927AE220927BE221927CE222927DE2CA
:10F7000023927EE2249280E2259281E2269282E296
:10F71000279283E2289284E2299285E22A9286E265
:10F720002B9287E22C9288E22D9289E22E928AE235
:10F730002F928BE230928CE231928DE232928EE205
:10F7400033928FE2349290E2359291E2369292E2D5
:10F75000379293E2389294E2399295E23A9296E2A5
:10F760003B9297E23C9298E23D9299E23E929AE275
:10F770003F929BE240929CE241929DE242929EE245
:10F7800043929FE24492A0E24592A1E2FB72A2E280
:10F790001773A3E21373A4E22173A5E20A73A6E22E
:10F7A0001E73A7E21D73A8E21573A9E22273AAE2F1
:10F7B0003973ABE22573ACE22C73ADE23873AEE281
:10F7C0003173AFE25073B0E24D73B1E25773B2E2FE
:10F7D0006073B3E26C73B4E26F73B5E27E73B6E24A
:10F7E0001B82B7E22559B8E2E798B9E22459BAE298
:10F7F0000259BBE26399BCE26799BDE26899BEE237
:10F800006999BFE26A99C0E26B99C1E26C99C2E260
:10F810007499C3E27799C4E27D99C5E28099C6E202
:10F820008499C7E28799C8E28A99C9E28D99CAE2A8
:10F830009099CBE29199CCE29399CDE29499CEE262
:10F840009599CFE2805ED0E2915ED1E28B5ED2E20A
:10F85000965ED3E2A55ED4E2A05ED5E2B95ED6E2C2
:10F86000B55ED7E2BE5ED8E2B35ED9E2538DDAE28E
:10F87000D25EDBE2D15EDCE2DB5EDDE2E85EDEE2B0
:10F88000EA5EDFE2BA81E0E2C45FE1E2C95FE2E2A0
:10F89000D65FE3E2CF5FE4E20360E5E2EE5FE6E23B
:10F8A0000460E7E2E15FE8E2E45FE9E2FE5FEAE2EA
:10F8B0000560EBE20660ECE2EA5FEDE2ED5FEEE2AE
:10F8C000F85FEFE21960F0E23560F1E22660F2E203
:10F8D0001B60F3E20F60F4E20D60F5E22960F6E2EE
:10F8E0002B60F7E20A60F8E23F60F9E22160FAE299
:10F8F0007860FBE27960FCE27B60FDE27A60FEE228
:10F90000426040E3469241E3479242E3489243E338
:10F91000499244E34A9245E34B9246E34C9247E3D3
:10F920004D9248E34E9249E34F924AE350924BE3A3
:10F9300051924CE352924DE353924EE354924FE373
:10F94000559250E3569251E3579252E3589253E343
:10F95000599254E35A9255E35B9256E35C9257E313
:10F960005D9258E35E9259E35F925AE360925BE3E3
:10F9700061925CE362925DE363925EE364925FE3B3
:10F98000659260E3669261E3679262E3689263E383
:10F99000699264E36A9265E36B9266E36C9267E353
:10F9A0006D9268E36E9269E36F926AE370926BE323
:10F9B00071926CE372926DE373926EE375926FE3F2
:10F9C000769270E3779271E3789272E3799273E3BF
:10F9D0007A9274E37B9275E37C9276E37D9277E38F
:10F9E0007E9278E37F9279E380927AE381927BE35F
:10F9F00082927CE383927DE384927EE3859280E32E
:10FA0000869281E3879282E3889283E3899284E3FA
:10FA10008A9285E38B9286E38C9287E38D9288E3CA
:10FA20008F9289E390928AE391928BE392928CE396
:10FA300093928DE394928EE395928FE3969290E366
:10FA4000979291E3989292E3999293E39A9294E336
:10FA50009B9295E39C9296E39D9297E39E9298E306
:10FA60009F9299E3A0929AE3A1929BE3A2929CE3D6
:10FA7000A3929DE3A4929EE3A5929FE3A692A0E3A6
:10FA8000A792A1E36A60A2E37D60A3E39660A4E38A
:10FA90009A60A5E3AD60A6E39D60A7E38360A8E359
:10FAA0009260A9E38C60AAE39B60ABE3EC60ACE3FB
:10FAB000BB60ADE3B160AEE3DD60AFE3D860B0E35F
:10FAC000C660B1E3DA60B2E3B460B3E32061B4E3EB
:10FAD0002661B5E31561B6E32361B7E3F460B8E3EB
:10FAE0000061B9E30E61BAE32B61BBE34A61BCE399
:10FAF0007561BDE3AC61BEE39461BFE3A761C0E3A0
:10FB0000B761C1E3D461C2E3F561C3E3DD5FC4E380
:10FB1000B396C5E3E995C6E3EB95C7E3F195C8E372
:10FB2000F395C9E3F595CAE3F695CBE3FC95CCE3F1
:10FB3000FE95CDE30396CEE30496CFE30696D0E39D
:10FB40000896D1E30A96D2E30B96D3E30C96D4E35E
:10FB50000D96D5E30F96D6E31296D7E31596D8E324
:10FB60001696D9E31796DAE31996DBE31A96DCE3E7
:10FB70002C4EDDE33F72DEE31562DFE3356CE0E33C
:10FB8000546CE1E35C6CE2E34A6CE3E3A36CE4E312
:10FB9000856CE5E3906CE6E3946CE7E38C6CE8E35A
:10FBA000686CE9E3696CEAE3746CEBE3766CECE3B4
:10FBB000866CEDE3A96CEEE3D06CEFE3D46CF0E37C
:10FBC000AD6CF1E3F76CF2E3F86CF3E3F16CF4E3A2
:10FBD000D76CF5E3B26CF6E3E06CF7E3D66CF8E3D0
:10FBE000FA6CF9E3EB6CFAE3EE6CFBE3B16CFCE36B
:10FBF000D36CFDE3EF6CFEE3FE6C40E4A89241E4BD
:10FC0000A99242E4AA9243E4AB9244E4AC9245E464
:10FC1000AD9246E4AF9247E4B09248E4B19249E431
:10FC2000B2924AE4B3924BE4B4924CE4B5924DE400
:10FC3000B6924EE4B7924FE4B89250E4B99251E4D0
:10FC4000BA9252E4BB9253E4BC9254E4BD9255E4A0
:10FC5000BE9256E4BF9257E4C09258E4C19259E470
:10FC6000C2925AE4C3925BE4C4925CE4C5925DE440
:10FC7000C6925EE4C7925FE4C99260E4CA9261E40E
:10FC8000CB9262E4CC9263E4CD9264E4CE9265E4DC
:10FC9000CF9266E4D09267E4D19268E4D29269E4AC
:10FCA000D3926AE4D4926BE4D5926CE4D6926DE47C
:10FCB000D7926EE4D8926FE4D99270E4DA9271E44C
:10FCC000DB9272E4DC9273E4DD9274E4DE9275E41C
:10FCD000DF9276E4E09277E4E19278E4E29279E4EC
:10FCE000E3927AE4E4927BE4E5927CE4E6927DE4BC
:10FCF000E7927EE4E89280E4E99281E4EA9282E489
:10FD0000EB9283E4EC9284E4ED9285E4EE9286E457
:10FD1000EF9287E4F09288E4F19289E4F2928AE427
:10FD2000F3928BE4F4928CE4F5928DE4F6928EE4F7
:10FD3000F7928FE4F89290E4F99291E4FA9292E4C7
:10FD4000FB9293E4FC9294E4FD9295E4FE9296E497
:10FD5000FF9297E4009398E4019399E402939AE464
:10FD600003939BE404939CE405939DE406939EE433
:10FD700007939FE40893A0E40993A1E4396DA2E4FA
:10FD8000276DA3E40C6DA4E4436DA5E4486DA6E4DF
:10FD9000076DA7E4046DA8E4196DA9E40E6DAAE44B
:10FDA0002B6DABE44D6DACE42E6DADE4356DAEE482
:10FDB0001A6DAFE44F6DB0E4526DB1E4546DB2E42E
:10FDC000336DB3E4916DB4E46F6DB5E49E6DB6E44C
:10FDD000A06DB7E45E6DB8E4936DB9E4946DBAE4D8
:10FDE0005C6DBBE4606DBCE47C6DBDE4636DBEE442
:10FDF0001A6EBFE4C76DC0E4C56DC1E4DE6DC2E438
:10FE00000E6EC3E4BF6DC4E4E06DC5E4116EC6E4DC
:10FE1000E66DC7E4DD6DC8E4D96DC9E4166ECAE4C9
:10FE2000AB6DCBE40C6ECCE4AE6DCDE42B6ECEE4CA
:10FE30006E6ECFE44E6ED0E46B6ED1E4B26ED2E45F
:10FE40005F6ED3E4866ED4E4536ED5E4546ED6E48C
:10FE5000326ED7E4256ED8E4446ED9E4DF6EDAE47E
:10FE6000B16EDBE4986EDCE4E06EDDE42D6FDEE481
:10FE7000E26EDFE4A56EE0E4A76EE1E4BD6EE2E4CD
:10FE8000BB6EE3E4B76EE4E4D76EE5E4B46EE6E49B
:10FE9000CF6EE7E48F6EE8E4C26EE9E49F6EEAE4B9
:10FEA000626FEBE4466FECE4476FEDE4246FEEE441
:10FEB000156FEFE4F96EF0E42F6FF1E4366FF2E4C2
:10FEC0004B6FF3E4746FF4E42A6FF5E4096FF6E422
:10FED000296FF7E4896FF8E48D6FF9E48C6FFAE429
:10FEE000786FFBE4726FFCE47C6FFDE47A6FFEE4F4
:10FEF000D16F40E50A9341E50B9342E50C9343E54E
:10FF00000D9344E50E9345E50F9346E5109347E5C1
:10FF1000119348E5129349E513934AE514934BE591
:10FF200015934CE516934DE517934EE518934FE561
:10FF3000199350E51A9351E51B9352E51C9353E531
:10FF40001D9354E51E9355E51F9356E5209357E501
:10FF5000219358E5229359E523935AE524935BE5D1
:10FF600025935CE526935DE527935EE528935FE5A1
:10FF7000299360E52A9361E52B9362E52C9363E571
:10FF80002D9364E52E9365E52F9366E5309367E541
:10FF9000319368E5329369E533936AE534936BE511
:10FFA00035936CE536936DE537936EE538936FE5E1
:10FFB000399370E53A9371E53B9372E53C9373E5B1
:10FFC0003D9374E53F9375E5409376E5419377E57E
:10FFD000429378E5439379E544937AE545937BE54D
:10FFE00046937CE547937DE548937EE5499380E51C
:10FFF0004A9381E54B9382E54C9383E54D9384E5E9
:020000040803EF
:100000004E9385E54F9386E5509387E5519388E5B8
:10001000529389E553938AE554938BE555938CE588
:1000200056938DE557938EE558938FE5599390E558
:100030005A9391E55B9392E55C9393E55D9394E528
:100040005E9395E55F9396E5609397E5619398E5F8
:10005000629399E563939AE564939BE565939CE5C8
:1000600066939DE567939EE568939FE56993A0E598
:100070006B93A1E5C96FA2E5A76FA3E5B96FA4E5EE
:10008000B66FA5E5C26FA6E5E16FA7E5EE6FA8E53F
:10009000DE6FA9E5E06FAAE5EF6FABE51A70ACE59E
:1000A0002370ADE51B70AEE53970AFE53570B0E596
:1000B0004F70B1E55E70B2E5805BB3E5845BB4E59B
:1000C000955BB5E5935BB6E5A55BB7E5B85BB8E5D1
:1000D0002F75B9E59E9ABAE53464BBE5E45BBCE5EF
:1000E000EE5BBDE53089BEE5F05BBFE5478EC0E560
:1000F000078BC1E5B68FC2E5D38FC3E5D58FC4E5C5
:10010000E58FC5E5EE8FC6E5E48FC7E5E98FC8E565
:10011000E68FC9E5F38FCAE5E88FCBE50590CCE51E
:100120000490CDE50B90CEE52690CFE51190D0E57B
:100130000D90D1E51690D2E52190D3E53590D4E528
:100140003690D5E52D90D6E52F90D7E54490D8E5AB
:100150005190D9E55290DAE55090DBE56890DCE506
:100160005890DDE56290DEE55B90DFE5B966E0E59D
:100170007490E1E57D90E2E58290E3E58890E4E526
:100180008390E5E58B90E6E5505FE7E5575FE8E5AE
:10019000565FE9E5585FEAE53B5CEBE5AB54ECE51F
:1001A000505CEDE5595CEEE5715BEFE5635CF0E515
:1001B000665CF1E5BC7FF2E52A5FF3E5295FF4E5D3
:1001C0002D5FF5E57482F6E53C5FF7E53B9BF8E5CE
:1001D0006E5CF9E58159FAE58359FBE58D59FCE53B
:1001E000A959FDE5AA59FEE5A35940E66C9341E6FD
:1001F0006D9342E66E9343E66F9344E6709345E653
:10020000719346E6729347E6739348E6749349E622
:1002100075934AE676934BE677934CE678934DE6F2
:1002200079934EE67A934FE67B9350E67C9351E6C2
:100230007D9352E67E9353E67F9354E6809355E692
:10024000819356E6829357E6839358E6849359E662
:1002500085935AE686935BE687935CE688935DE632
:1002600089935EE68A935FE68B9360E68C9361E602
:100270008D9362E68E9363E6909364E6919365E6D0
:10028000929366E6939367E6949368E6959369E69E
:1002900096936AE697936BE698936CE699936DE66E
:1002A0009A936EE69B936FE69C9370E69D9371E63E
:1002B0009E9372E69F9373E6A09374E6A19375E60E
:1002C000A29376E6A39377E6A49378E6A59379E6DE
:1002D000A6937AE6A7937BE6A8937CE6A9937DE6AE
:1002E000AA937EE6AB9380E6AC9381E6AD9382E67B
:1002F000AE9383E6AF9384E6B09385E6B19386E64A
:10030000B29387E6B39388E6B49389E6B5938AE619
:10031000B6938BE6B7938CE6B8938DE6B9938EE6E9
:10032000BA938FE6BB9390E6BC9391E6BD9392E6B9
:10033000BE9393E6BF9394E6C09395E6C19396E689
:10034000C29397E6C39398E6C49399E6C5939AE659
:10035000C6939BE6C7939CE6C8939DE6C9939EE629
:10036000CB939FE6CC93A0E6CD93A1E69759A2E666
:10037000CA59A3E6AB59A4E69E59A5E6A459A6E638
:10038000D259A7E6B259A8E6AF59A9E6D759AAE6C5
:10039000BE59ABE6055AACE6065AADE6DD59AEE607
:1003A000085AAFE6E359B0E6D859B1E6F959B2E6D2
:1003B0000C5AB3E6095AB4E6325AB5E6345AB6E6F0
:1003C000115AB7E6235AB8E6135AB9E6405ABAE6C4
:1003D000675ABBE64A5ABCE6555ABDE63C5ABEE6E9
:1003E000625ABFE6755AC0E6EC80C1E6AA5AC2E678
:1003F0009B5AC3E6775AC4E67A5AC5E6BE5AC6E6A1
:10040000EB5AC7E6B25AC8E6D25AC9E6D45ACAE687
:10041000B85ACBE6E05ACCE6E35ACDE6F15ACEE63E
:10042000D65ACFE6E65AD0E6D85AD1E6DC5AD2E61A
:10043000095BD3E6175BD4E6165BD5E6325BD6E6FE
:10044000375BD7E6405BD8E6155CD9E61C5CDAE69C
:100450005A5BDBE6655BDCE6735BDDE6515BDEE6A3
:10046000535BDFE6625BE0E6759AE1E6779AE2E6E7
:10047000789AE3E67A9AE4E67F9AE5E67D9AE6E6FC
:10048000809AE7E6819AE8E6859AE9E6889AEAE6BC
:100490008A9AEBE6909AECE6929AEDE6939AEEE66B
:1004A000969AEFE6989AF0E69B9AF1E69C9AF2E625
:1004B0009D9AF3E69F9AF4E6A09AF5E6A29AF6E6EC
:1004C000A39AF7E6A59AF8E6A79AF9E69F7EFAE6D8
:1004D000A17EFBE6A37EFCE6A57EFDE6A87EFEE609
:1004E000A97E40E7CE9341E7CF9342E7D09343E71D
:1004F000D19344E7D29345E7D39346E7D49347E7B4
:10050000D59348E7D79349E7D8934AE7D9934BE780
:10051000DA934CE7DB934DE7DC934EE7DD934FE74F
:10052000DE9350E7DF9351E7E09352E7E19353E71F
:10053000E29354E7E39355E7E49356E7E59357E7EF
:10054000E69358E7E79359E7E8935AE7E9935BE7BF
:10055000EA935CE7EB935DE7EC935EE7ED935FE78F
:10056000EE9360E7EF9361E7F09362E7F19363E75F
:10057000F29364E7F39365E7F49366E7F59367E72F
:10058000F69368E7F79369E7F8936AE7F9936BE7FF
:10059000FA936CE7FB936DE7FC936EE7FD936FE7CF
:1005A000FE9370E7FF9371E7009472E7019473E79D
:1005B000029474E7039475E7049476E7059477E76B
:1005C000069478E7079479E708947AE709947BE73B
:1005D0000A947CE70B947DE70C947EE70D9480E70A
:1005E0000E9481E70F9482E7109483E7119484E7D7
:1005F000129485E7139486E7149487E7159488E7A7
:10060000169489E717948AE718948BE719948CE776
:100610001A948DE71B948EE71C948FE71D9490E746
:100620001E9491E71F9492E7209493E7219494E716
:10063000229495E7239496E7249497E7259498E7E6
:10064000269499E727949AE728949BE729949CE7B6
:100650002A949DE72B949EE72C949FE72D94A0E786
:100660002E94A1E7AD7EA2E7B07EA3E7BE7EA4E70D
:10067000C07EA5E7C17EA6E7C27EA7E7C97EA8E740
:10068000CB7EA9E7CC7EAAE7D07EABE7D47EACE7F1
:10069000D77EADE7DB7EAEE7E07EAFE7E17EB0E799
:1006A000E87EB1E7EB7EB2E7EE7EB3E7EF7EB4E73C
:1006B000F17EB5E7F27EB6E70D7FB7E7F67EB8E7E5
:1006C000FA7EB9E7FB7EBAE7FE7EBBE7017FBCE7B7
:1006D000027FBDE7037FBEE7077FBFE7087FC0E774
:1006E0000B7FC1E70C7FC2E70F7FC3E7117FC4E731
:1006F000127FC5E7177FC6E7197FC7E71C7FC8E7EA
:100700001B7FC9E71F7FCAE7217FCBE7227FCCE7AA
:10071000237FCDE7247FCEE7257FCFE7267FD0E775
:10072000277FD1E72A7FD2E72B7FD3E72C7FD4E73F
:100730002D7FD5E72F7FD6E7307FD7E7317FD8E70A
:10074000327FD9E7337FDAE7357FDBE77A5EDCE7B4
:100750007F75DDE7DB5DDEE73E75DFE79590E0E77F
:100760008E73E1E79173E2E7AE73E3E7A273E4E728
:100770009F73E5E7CF73E6E7C273E7E7D173E8E776
:10078000B773E9E7B373EAE7C073EBE7C973ECE764
:10079000C873EDE7E573EEE7D973EFE77C98F0E710
:1007A0000A74F1E7E973F2E7E773F3E7DE73F4E75E
:1007B000BA73F5E7F273F6E70F74F7E72A74F8E710
:1007C0005B74F9E72674FAE72574FBE72874FCE705
:1007D0003074FDE72E74FEE72C7440E82F9441E856
:1007E000309442E8319443E8329444E8339445E845
:1007F000349446E8359447E8369448E8379449E815
:1008000038944AE839944BE83A944CE83B944DE8E4
:100810003C944EE83D944FE83F9450E8409451E8B2
:10082000419452E8429453E8439454E8449455E880
:10083000459456E8469457E8479458E8489459E850
:1008400049945AE84A945BE84B945CE84C945DE820
:100850004D945EE84E945FE84F9460E8509461E8F0
:10086000519462E8529463E8539464E8549465E8C0
:10087000559466E8569467E8579468E8589469E890
:1008800059946AE85A946BE85B946CE85C946DE860
:100890005D946EE85E946FE85F9470E8609471E830
:1008A000619472E8629473E8639474E8649475E800
:1008B000659476E8669477E8679478E8689479E8D0
:1008C00069947AE86A947BE86C947CE86D947DE89E
:1008D0006E947EE86F9480E8709481E8719482E869
:1008E000729483E8739484E8749485E8759486E838
:1008F000769487E8779488E8789489E879948AE808
:100900007A948BE87B948CE87C948DE87D948EE8D7
:100910007E948FE87F9490E8809491E8819492E8A7
:10092000829493E8839494E8849495E8919496E86B
:10093000969497E8989498E8C79499E8CF949AE8A1
:10094000D3949BE8D4949CE8DA949DE8E6949EE8DE
:10095000FB949FE81C95A0E82095A1E81B74A2E8F1
:100960001A74A3E84174A4E85C74A5E85774A6E877
:100970005574A7E85974A8E87774A9E86D74AAE8D3
:100980007E74ABE89C74ACE88E74ADE88074AEE81D
:100990008174AFE88774B0E88B74B1E89E74B2E8F4
:1009A000A874B3E8A974B4E89074B5E8A774B6E87D
:1009B000D274B7E8BA74B8E8EA97B9E8EB97BAE83E
:1009C000EC97BBE84C67BCE85367BDE85E67BEE8E0
:1009D0004867BFE86967C0E8A567C1E88767C2E8FC
:1009E0006A67C3E87367C4E89867C5E8A767C6E89D
:1009F0007567C7E8A867C8E89E67C9E8AD67CAE831
:100A00008B67CBE87767CCE87C67CDE8F067CEE80A
:100A10000968CFE8D867D0E80A68D1E8E967D2E882
:100A2000B067D3E80C68D4E8D967D5E8B567D6E8ED
:100A3000DA67D7E8B367D8E8DD67D9E80068DAE8AD
:100A4000C367DBE8B867DCE8E267DDE80E68DEE88C
:100A5000C167DFE8FD67E0E83268E1E83368E2E8B3
:100A60006068E3E86168E4E84E68E5E86268E6E843
:100A70004468E7E86468E8E88368E9E81D68EAE84C
:100A80005568EBE86668ECE84168EDE86768EEE811
:100A90004068EFE83E68F0E84A68F1E84968F2E843
:100AA0002968F3E8B568F4E88F68F5E87468F6E853
:100AB0007768F7E89368F8E86B68F9E8C268FAE8DD
:100AC0006E69FBE8FC68FCE81F69FDE82069FEE848
:100AD000F96840E9279541E9339542E93D9543E9B5
:100AE000439544E9489545E94B9546E9559547E9CD
:100AF0005A9548E9609549E96E954AE974954BE93C
:100B000075954CE977954DE978954EE979954FE9DA
:100B10007A9550E97B9551E97C9552E97D9553E9A9
:100B20007E9554E9809555E9819556E9829557E976
:100B3000839558E9849559E985955AE986955BE945
:100B400087955CE988955DE989955EE98A955FE915
:100B50008B9560E98C9561E98D9562E98E9563E9E5
:100B60008F9564E9909565E9919566E9929567E9B5
:100B7000939568E9949569E995956AE996956BE985
:100B800097956CE998956DE999956EE99A956FE955
:100B90009B9570E99C9571E99D9572E99E9573E925
:100BA0009F9574E9A09575E9A19576E9A29577E9F5
:100BB000A39578E9A49579E9A5957AE9A6957BE9C5
:100BC000A7957CE9A8957DE9A9957EE9AA9580E994
:100BD000AB9581E9AC9582E9AD9583E9AE9584E961
:100BE000AF9585E9B09586E9B19587E9B29588E931
:100BF000B39589E9B4958AE9B5958BE9B6958CE901
:100C0000B7958DE9B8958EE9B9958FE9BA9590E9D0
:100C1000BB9591E9BC9592E9BD9593E9BE9594E9A0
:100C2000BF9595E9C09596E9C19597E9C29598E970
:100C3000C39599E9C4959AE9C5959BE9C6959CE940
:100C4000C7959DE9C8959EE9C9959FE9CA95A0E910
:100C5000CB95A1E92469A2E9F068A3E90B69A4E9AD
:100C60000169A5E95769A6E9E368A7E91069A8E958
:100C70007169A9E93969AAE96069ABE94269ACE936
:100C80005D69ADE98469AEE96B69AFE98069B0E996
:100C90009869B1E97869B2E93469B3E9CC69B4E932
:100CA0008769B5E98869B6E9CE69B7E98969B8E9BC
:100CB0006669B9E96369BAE97969BBE99B69BCE925
:100CC000A769BDE9BB69BEE9AB69BFE9AD69C0E928
:100CD000D469C1E9B169C2E9C169C3E9CA69C4E9B2
:100CE000DF69C5E99569C6E9E069C7E98D69C8E9C1
:100CF000FF69C9E92F6ACAE9ED69CBE9176ACCE94E
:100D0000186ACDE9656ACEE9F269CFE9446AD0E9AB
:100D10003E6AD1E9A06AD2E9506AD3E95B6AD4E9B4
:100D2000356AD5E98E6AD6E9796AD7E93D6AD8E9A4
:100D3000286AD9E9586ADAE97C6ADBE9916ADCE970
:100D4000906ADDE9A96ADEE9976ADFE9AB6AE0E962
:100D50003773E1E95273E2E9816BE3E9826BE4E91D
:100D6000876BE5E9846BE6E9926BE7E9936BE8E969
:100D70008D6BE9E99A6BEAE99B6BEBE9A16BECE916
:100D8000AA6BEDE96B8FEEE96D8FEFE9718FF0E9FA
:100D9000728FF1E9738FF2E9758FF3E9768FF4E9D9
:100DA000788FF5E9778FF6E9798FF7E97A8FF8E9A7
:100DB0007C8FF9E97E8FFAE9818FFBE9828FFCE96C
:100DC000848FFDE9878FFEE98B8F40EACC9541EA5D
:100DD000CD9542EACE9543EACF9544EAD09545EACF
:100DE000D19546EAD29547EAD39548EAD49549EA9F
:100DF000D5954AEAD6954BEAD7954CEAD8954DEA6F
:100E0000D9954EEADA954FEADB9550EADC9551EA3E
:100E1000DD9552EADE9553EADF9554EAE09555EA0E
:100E2000E19556EAE29557EAE39558EAE49559EADE
:100E3000E5955AEAE6955BEAE7955CEAEC955DEAAA
:100E4000FF955EEA07965FEA139660EA189661EAF4
:100E50001B9662EA1E9663EA209664EA239665EA88
:100E6000249666EA259667EA269668EA279669EA4E
:100E700028966AEA29966BEA2B966CEA2C966DEA1C
:100E80002D966EEA2F966FEA309670EA379671EAE1
:100E9000389672EA399673EA3A9674EA3E9675EA9B
:100EA000419676EA439677EA4A9678EA4E9679EA48
:100EB0004F967AEA51967BEA52967CEA53967DEAFF
:100EC00056967EEA579680EA589681EA599682EAC3
:100ED0005A9683EA5C9684EA5D9685EA5E9686EA8F
:100EE000609687EA639688EA659689EA66968AEA52
:100EF0006B968BEA6D968CEA6E968DEA6F968EEA0B
:100F000070968FEA719690EA739691EA789692EAD3
:100F1000799693EA7A9694EA7B9695EA7C9696EA95
:100F20007D9697EA7E9698EA7F9699EA80969AEA65
:100F300081969BEA82969CEA83969DEA84969EEA35
:100F400087969FEA8996A0EA8A96A1EA8D8FA2EAFF
:100F50008E8FA3EA8F8FA4EA988FA5EA9A8FA6EACC
:100F6000CE8EA7EA0B62A8EA1762A9EA1B62AAEA78
:100F70001F62ABEA2262ACEA2162ADEA2562AEEA08
:100F80002462AFEA2C62B0EAE781B1EAEF74B2EA18
:100F9000F474B3EAFF74B4EA0F75B5EA1175B6EAF2
:100FA0001375B7EA3465B8EAEE65B9EAEF65BAEAEF
:100FB000F065BBEA0A66BCEA1966BDEA7267BEEA7A
:100FC0000366BFEA1566C0EA0066C1EA8570C2EA38
:100FD000F766C3EA1D66C4EA3466C5EA3166C6EA46
:100FE0003666C7EA3566C8EA0680C9EA5F66CAEAB5
:100FF0005466CBEA4166CCEA4F66CDEA5666CEEA45
:101000006166CFEA5766D0EA7766D1EA8466D2EAAB
:101010008C66D3EAA766D4EA9D66D5EABE66D6EAB0
:10102000DB66D7EADC66D8EAE666D9EAE966DAEA98
:10103000328DDBEA338DDCEA368DDDEA3B8DDEEA8C
:101040003D8DDFEA408DE0EA458DE1EA468DE2EA3A
:10105000488DE3EA498DE4EA478DE5EA4D8DE6EAFD
:10106000558DE7EA598DE8EAC789E9EACA89EAEACB
:10107000CB89EBEACC89ECEACE89EDEACF89EEEABE
:10108000D089EFEAD189F0EA6E72F1EA9F72F2EA52
:101090005D72F3EA6672F4EA6F72F5EA7E72F6EA5E
:1010A0007F72F7EA8472F8EA8B72F9EA8D72FAEAD3
:1010B0008F72FBEA9272FCEA0863FDEA3263FEEA91
:1010C000B06340EB8C9641EB8E9642EB919643EBEE
:1010D000929644EB939645EB959646EB969647EBA6
:1010E0009A9648EB9B9649EB9D964AEB9E964BEB66
:1010F0009F964CEBA0964DEBA1964EEBA2964FEB34
:10110000A39650EBA49651EBA59652EBA69653EB03
:10111000A89654EBA99655EBAA9656EBAB9657EBCF
:10112000AC9658EBAD9659EBAE965AEBAF965BEB9F
:10113000B1965CEBB2965DEBB4965EEBB5965FEB69
:10114000B79660EBB89661EBBA9662EBBB9663EB31
:10115000BF9664EBC29665EBC39666EBC89667EBE9
:10116000CA9668EBCB9669EBD0966AEBD1966BEB9F
:10117000D3966CEBD4966DEBD6966EEBD7966FEB61
:10118000D89670EBD99671EBDA9672EBDB9673EB2F
:10119000DC9674EBDD9675EBDE9676EBDF9677EBFF
:1011A000E19678EBE29679EBE3967AEBE4967BEBCB
:1011B000E5967CEBE6967DEBE7967EEBEB9680EB97
:1011C000EC9681EBED9682EBEE9683EBF09684EB5A
:1011D000F19685EBF29686EBF49687EBF59688EB25
:1011E000F89689EBFA968AEBFB968BEBFC968CEBE8
:1011F000FD968DEBFF968EEB02978FEB039790EBAE
:10120000059791EB0A9792EB0B9793EB0C9794EB66
:10121000109795EB119796EB129797EB149798EB25
:10122000159799EB17979AEB18979BEB19979CEBEF
:101230001A979DEB1B979EEB1D979FEB1F97A0EBBB
:101240002097A1EB3F64A2EBD864A3EB0480A4EB4E
:10125000EA6BA5EBF36BA6EBFD6BA7EBF56BA8EBCD
:10126000F96BA9EB056CAAEB076CABEB066CACEB6E
:101270000D6CADEB156CAEEB186CAFEB196CB0EB05
:101280001A6CB1EB216CB2EB296CB3EB246CB4EBB0
:101290002A6CB5EB326CB6EB3565B7EB5565B8EB40
:1012A0006B65B9EB4D72BAEB5272BBEB5672BCEB8D
:1012B0003072BDEB6286BEEB1652BFEB9F80C0EB77
:1012C0009C80C1EB9380C2EBBC80C3EB0A67C4EB8C
:1012D000BD80C5EBB180C6EBAB80C7EBAD80C8EB82
:1012E000B480C9EBB780CAEBE780CBEBE880CCEBEE
:1012F000E980CDEBEA80CEEBDB80CFEBC280D0EB98
:10130000C480D1EBD980D2EBCD80D3EBD780D4EBA6
:101310001067D5EBDD80D6EBEB80D7EBF180D8EB17
:10132000F480D9EBED80DAEB0D81DBEB0E81DCEBA9
:10133000F280DDEBFC80DEEB1567DFEB1281E0EB8A
:101340005A8CE1EB3681E2EB1E81E3EB2C81E4EB7E
:101350001881E5EB3281E6EB4881E7EB4C81E8EB65
:101360005381E9EB7481EAEB5981EBEB5A81ECEBA9
:101370007181EDEB6081EEEB6981EFEB7C81F0EB4D
:101380007D81F1EB6D81F2EB6781F3EB4D58F4EB6E
:10139000B55AF5EB8881F6EB8281F7EB9181F8EB9A
:1013A000D56EF9EBA381FAEBAA81FBEBCC81FCEBC8
:1013B0002667FDEBCA81FEEBBB8140EC219741EC37
:1013C000229742EC239743EC249744EC259745EC75
:1013D000269746EC279747EC289748EC299749EC45
:1013E0002B974AEC2C974BEC2E974CEC2F974DEC0F
:1013F00031974EEC33974FEC349750EC359751ECD6
:10140000369752EC379753EC3A9754EC3B9755ECA0
:101410003C9756EC3D9757EC3F9758EC409759EC6A
:1014200041975AEC42975BEC43975CEC44975DEC38
:1014300045975EEC46975FEC479760EC489761EC08
:10144000499762EC4A9763EC4B9764EC4C9765ECD8
:101450004D9766EC4E9767EC4F9768EC509769ECA8
:1014600051976AEC54976BEC55976CEC57976DEC71
:1014700058976EEC5A976FEC5C9770EC5D9771EC37
:101480005F9772EC639773EC649774EC669775ECF6
:10149000679776EC689777EC6A9778EC6B9779ECBE
:1014A0006C977AEC6D977BEC6E977CEC6F977DEC8C
:1014B00070977EEC719780EC729781EC759782EC57
:1014C000779783EC789784EC799785EC7A9786EC1C
:1014D0007B9787EC7D9788EC7E9789EC7F978AECE9
:1014E00080978BEC81978CEC82978DEC83978EECB8
:1014F00084978FEC869790EC879791EC889792EC85
:10150000899793EC8A9794EC8C9795EC8E9796EC50
:101510008F9797EC909798EC939799EC95979AEC16
:1015200096979BEC97979CEC99979DEC9A979EECDD
:101530009B979FEC9C97A0EC9D97A1ECC181A2EC9E
:10154000A681A3EC246BA4EC376BA5EC396BA6EC5D
:10155000436BA7EC466BA8EC596BA9ECD198AAECAD
:10156000D298ABECD398ACECD598ADECD998AEEC66
:10157000DA98AFECB36BB0EC405FB1ECC26BB2EC9D
:10158000F389B3EC9065B4EC519FB5EC9365B6EC80
:10159000BC65B7ECC665B8ECC465B9ECC365BAEC1C
:1015A000CC65BBECCE65BCECD265BDECD665BEECC3
:1015B0008070BFEC9C70C0EC9670C1EC9D70C2EC6A
:1015C000BB70C3ECC070C4ECB770C5ECAB70C6ECBC
:1015D000B170C7ECE870C8ECCA70C9EC1071CAEC05
:1015E0001371CBEC1671CCEC2F71CDEC3171CEECCC
:1015F0007371CFEC5C71D0EC6871D1EC4571D2ECB9
:101600007271D3EC4A71D4EC7871D5EC7A71D6EC66
:101610009871D7ECB371D8ECB571D9ECA871DAEC4C
:10162000A071DBECE071DCECD471DDECE771DEEC99
:10163000F971DFEC1D72E0EC2872E1EC6C70E2EC09
:101640001871E3EC6671E4ECB971E5EC3E62E6EC2E
:101650003D62E7EC4362E8EC4862E9EC4962EAEC9F
:101660003B79EBEC4079ECEC4679EDEC4979EEEC2A
:101670005B79EFEC5C79F0EC5379F1EC5A79F2ECB0
:101680006279F3EC5779F4EC6079F5EC6F79F6EC6C
:101690006779F7EC7A79F8EC8579F9EC8A79FAECE4
:1016A0009A79FBECA779FCECB379FDECD15FFEEC09
:1016B000D05F40ED9E9741ED9F9742EDA19743ED9E
:1016C000A29744EDA49745EDA59746EDA69747ED63
:1016D000A79748EDA89749EDA9974AEDAA974BED32
:1016E000AC974CEDAE974DEDB0974EEDB1974FEDF9
:1016F000B39750EDB59751EDB69752EDB79753EDBF
:10170000B89754EDB99755EDBA9756EDBB9757ED8D
:10171000BC9758EDBD9759EDBE975AEDBF975BED5D
:10172000C0975CEDC1975DEDC2975EEDC3975FED2D
:10173000C49760EDC59761EDC69762EDC79763EDFD
:10174000C89764EDC99765EDCA9766EDCB9767EDCD
:10175000CC9768EDCD9769EDCE976AEDCF976BED9D
:10176000D0976CEDD1976DEDD2976EEDD3976FED6D
:10177000D49770EDD59771EDD69772EDD79773ED3D
:10178000D89774EDD99775EDDA9776EDDB9777ED0D
:10179000DC9778EDDD9779EDDE977AEDDF977BEDDD
:1017A000E0977CEDE1977DEDE2977EEDE39780EDAC
:1017B000E49781EDE59782EDE89783EDEE9784ED70
:1017C000EF9785EDF09786EDF19787EDF29788ED2D
:1017D000F49789EDF7978AEDF8978BEDF9978CEDF3
:1017E000FA978DEDFB978EEDFC978FEDFD9790EDC1
:1017F000FE9791EDFF9792ED009893ED019894ED8F
:10180000029895ED039896ED049897ED059898ED5C
:10181000069899ED07989AED08989BED09989CED2C
:101820000A989DED0B989EED0C989FED0D98A0EDFC
:101830000E98A1ED3C60A2ED5D60A3ED5A60A4EDB1
:101840006760A5ED4160A6ED5960A7ED6360A8ED66
:10185000AB60A9ED0661AAED0D61ABED5D61ACED8C
:10186000A961ADED9D61AEEDCB61AFEDD161B0EDA4
:101870000662B1ED8080B2ED7F80B3ED936CB4ED84
:10188000F66CB5EDFC6DB6EDF677B7EDF877B8ED23
:101890000078B9ED0978BAED1778BBED1878BCED92
:1018A0001178BDEDAB65BEED2D78BFED1C78C0EDB8
:1018B0001D78C1ED3978C2ED3A78C3ED3B78C4EDBF
:1018C0001F78C5ED3C78C6ED2578C7ED2C78C8EDBE
:1018D0002378C9ED2978CAED4E78CBED6D78CCED43
:1018E0005678CDED5778CEED2678CFED5078D0ED07
:1018F0004778D1ED4C78D2ED6A78D3ED9B78D4ED72
:101900009378D5ED9A78D6ED8778D7ED9C78D8ED99
:10191000A178D9EDA378DAEDB278DBEDB978DCED1A
:10192000A578DDEDD478DEEDD978DFEDC978E0ED8E
:10193000EC78E1EDF278E2ED0579E3EDF478E4EDB1
:101940001379E5ED2479E6ED1E79E7ED3479E8EDDC
:101950009B9FE9EDF99EEAEDFB9EEBEDFC9EECED25
:10196000F176EDED0477EEED0D77EFEDF976F0ED34
:101970000777F1ED0877F2ED1A77F3ED2277F4EDC2
:101980001977F5ED2D77F6ED2677F7ED3577F8ED4C
:101990003877F9ED5077FAED5177FBED4777FCEDAD
:1019A0004377FDED5A77FEED687740EE0F9841EEF4
:1019B000109842EE119843EE129844EE139845EEBB
:1019C000149846EE159847EE169848EE179849EE8B
:1019D00018984AEE19984BEE1A984CEE1B984DEE5B
:1019E0001C984EEE1D984FEE1E9850EE1F9851EE2B
:1019F000209852EE219853EE229854EE239855EEFB
:101A0000249856EE259857EE269858EE279859EECA
:101A100028985AEE29985BEE2A985CEE2B985DEE9A
:101A20002C985EEE2D985FEE2E9860EE2F9861EE6A
:101A3000309862EE319863EE329864EE339865EE3A
:101A4000349866EE359867EE369868EE379869EE0A
:101A500038986AEE39986BEE3A986CEE3B986DEEDA
:101A60003C986EEE3D986FEE3E9870EE3F9871EEAA
:101A7000409872EE419873EE429874EE439875EE7A
:101A8000449876EE459877EE469878EE479879EE4A
:101A900048987AEE49987BEE4A987CEE4B987DEE1A
:101AA0004C987EEE4D9880EE4E9881EE4F9882EEE7
:101AB000509883EE519884EE529885EE539886EEB6
:101AC000549887EE559888EE569889EE57988AEE86
:101AD00058988BEE59988CEE5A988DEE5B988EEE56
:101AE0005C988FEE5D9890EE5E9891EE5F9892EE26
:101AF000609893EE619894EE629895EE639896EEF6
:101B0000649897EE659898EE669899EE67989AEEC5
:101B100068989BEE69989CEE6A989DEE6B989EEE95
:101B20006C989FEE6D98A0EE6E98A1EE6277A2EE93
:101B30006577A3EE7F77A4EE8D77A5EE7D77A6EE91
:101B40008077A7EE8C77A8EE9177A9EE9F77AAEE23
:101B5000A077ABEEB077ACEEB577ADEEBD77AEEE7D
:101B60003A75AFEE4075B0EE4E75B1EE4B75B2EE14
:101B70004875B3EE5B75B4EE7275B5EE7975B6EE79
:101B80008375B7EE587FB8EE617FB9EE5F7FBAEE2E
:101B9000488ABBEE687FBCEE747FBDEE717FBEEEFF
:101BA000797FBFEE817FC0EE7E7FC1EECD76C2EE43
:101BB000E576C3EE3288C4EE8594C5EE8694C6EE13
:101BC0008794C7EE8B94C8EE8A94C9EE8C94CAEEC3
:101BD0008D94CBEE8F94CCEE9094CDEE9494CEEE8B
:101BE0009794CFEE9594D0EE9A94D1EE9B94D2EE4A
:101BF0009C94D3EEA394D4EEA494D5EEAB94D6EEFD
:101C0000AA94D7EEAD94D8EEAC94D9EEAF94DAEEB8
:101C1000B094DBEEB294DCEEB494DDEEB694DEEE7E
:101C2000B794DFEEB894E0EEB994E1EEBA94E2EE48
:101C3000BC94E3EEBD94E4EEBF94E5EEC494E6EE0E
:101C4000C894E7EEC994E8EECA94E9EECB94EAEEC4
:101C5000CC94EBEECD94ECEECE94EDEED094EEEE93
:101C6000D194EFEED294F0EED594F1EED694F2EE5C
:101C7000D794F3EED994F4EED894F5EEDB94F6EE27
:101C8000DE94F7EEDF94F8EEE094F9EEE294FAEEEB
:101C9000E494FBEEE594FCEEE794FDEEE894FEEEB2
:101CA000EA9440EF6F9841EF709842EF719843EFDC
:101CB000729844EF739845EF749846EF8B9847EF0E
:101CC0008E9848EF929849EF95984AEF99984BEF84
:101CD000A3984CEFA8984DEFA9984EEFAA984FEF14
:101CE000AB9850EFAC9851EFAD9852EFAE9853EFE0
:101CF000AF9854EFB09855EFB19856EFB29857EFB0
:101D0000B39858EFB49859EFB5985AEFB6985BEF7F
:101D1000B7985CEFB8985DEFB9985EEFBA985FEF4F
:101D2000BB9860EFBC9861EFBD9862EFBE9863EF1F
:101D3000BF9864EFC09865EFC19866EFC29867EFEF
:101D4000C39868EFC49869EFC5986AEFC6986BEFBF
:101D5000C7986CEFC8986DEFC9986EEFCA986FEF8F
:101D6000CB9870EFCC9871EFCD9872EFCF9873EF5E
:101D7000D09874EFD49875EFD69876EFD79877EF20
:101D8000DB9878EFDC9879EFDD987AEFE0987BEFDD
:101D9000E1987CEFE2987DEFE3987EEFE49880EFA6
:101DA000E59881EFE69882EFE99883EFEA9884EF6F
:101DB000EB9885EFEC9886EFED9887EFEE9888EF3B
:101DC000EF9889EFF0988AEFF1988BEFF2988CEF0B
:101DD000F3988DEFF4988EEFF5988FEFF69890EFDB
:101DE000F79891EFF89892EFF99893EFFA9894EFAB
:101DF000FB9895EFFC9896EFFD9897EFFE9898EF7B
:101E0000FF9899EF00999AEF01999BEF02999CEF47
:101E100003999DEF04999EEF05999FEF0699A0EF16
:101E20000799A1EFE994A2EFEB94A3EFEE94A4EF4E
:101E3000EF94A5EFF394A6EFF494A7EFF594A8EF31
:101E4000F794A9EFF994AAEFFC94ABEFFD94ACEFF3
:101E5000FF94ADEF0395AEEF0295AFEF0695B0EFAF
:101E60000795B1EF0995B2EF0A95B3EF0D95B4EF71
:101E70000E95B5EF0F95B6EF1295B7EF1395B8EF36
:101E80001495B9EF1595BAEF1695BBEF1895BCEF01
:101E90001B95BDEF1D95BEEF1E95BFEF1F95C0EFC3
:101EA0002295C1EF2A95C2EF2B95C3EF2995C4EF78
:101EB0002C95C5EF3195C6EF3295C7EF3495C8EF35
:101EC0003695C9EF3795CAEF3895CBEF3C95CCEFF7
:101ED0003E95CDEF3F95CEEF4295CFEF3595D0EFC4
:101EE0004495D1EF4595D2EF4695D3EF4995D4EF80
:101EF0004C95D5EF4E95D6EF4F95D7EF5295D8EF3D
:101F00005395D9EF5495DAEF5695DBEF5795DCEF03
:101F10005895DDEF5995DEEF5B95DFEF5E95E0EFCD
:101F20005F95E1EF5D95E2EF6195E3EF6295E4EF98
:101F30006495E5EF6595E6EF6695E7EF6795E8EF61
:101F40006895E9EF6995EAEF6A95EBEF6B95ECEF31
:101F50006C95EDEF6F95EEEF7195EFEF7295F0EFF9
:101F60007395F1EF3A95F2EFE777F3EFEC77F4EF53
:101F7000C996F5EFD579F6EFED79F7EFE379F8EF5C
:101F8000EB79F9EF067AFAEF475DFBEF037AFCEFA6
:101F9000027AFDEF1E7AFEEF147A40F0089941F0C4
:101FA000099942F00A9943F00B9944F00C9945F0D5
:101FB0000E9946F00F9947F0119948F0129949F09F
:101FC00013994AF014994BF015994CF016994DF06D
:101FD00017994EF018994FF0199950F01A9951F03D
:101FE0001B9952F01C9953F01D9954F01E9955F00D
:101FF0001F9956F0209957F0219958F0229959F0DD
:1020000023995AF024995BF025995CF026995DF0AC
:1020100027995EF028995FF0299960F02A9961F07C
:102020002B9962F02C9963F02D9964F02F9965F04B
:10203000309966F0319967F0329968F0339969F018
:1020400034996AF035996BF036996CF037996DF0E8
:1020500038996EF039996FF03A9970F03B9971F0B8
:102060003C9972F03D9973F03E9974F03F9975F088
:10207000409976F0419977F0429978F0439979F058
:1020800044997AF045997BF046997CF047997DF028
:1020900048997EF0499980F04A9981F04B9982F0F5
:1020A0004C9983F04D9984F04E9985F04F9986F0C4
:1020B000509987F0519988F0529989F053998AF094
:1020C00056998BF057998CF058998DF059998EF05C
:1020D0005A998FF05B9990F05C9991F05D9992F02C
:1020E0005E9993F05F9994F0609995F0619996F0FC
:1020F000629997F0649998F0669999F073999AF0BB
:1021000078999BF079999CF07B999DF07E999EF04F
:1021100082999FF08399A0F08999A1F0397AA2F071
:10212000377AA3F0517AA4F0CF9EA5F0A599A6F036
:10213000707AA7F08876A8F08E76A9F09376AAF048
:102140009976ABF0A476ACF0DE74ADF0E074AEF04E
:102150002C75AFF0209EB0F0229EB1F0289EB2F018
:10216000299EB3F02A9EB4F02B9EB5F02C9EB6F0BB
:10217000329EB7F0319EB8F0369EB9F0389EBAF074
:10218000379EBBF0399EBCF03A9EBDF03E9EBEF03D
:10219000419EBFF0429EC0F0449EC1F0469EC2F0F8
:1021A000479EC3F0489EC4F0499EC5F04B9EC6F0C2
:1021B0004C9EC7F04E9EC8F0519EC9F0559ECAF085
:1021C000579ECBF05A9ECCF05B9ECDF05C9ECEF03D
:1021D0005E9ECFF0639ED0F0669ED1F0679ED2F0F7
:1021E000689ED3F0699ED4F06A9ED5F06B9ED6F0BF
:1021F0006C9ED7F0719ED8F06D9ED9F0739EDAF088
:102200009275DBF09475DCF09675DDF0A075DEF06C
:102210009D75DFF0AC75E0F0A375E1F0B375E2F009
:10222000B475E3F0B875E4F0C475E5F0B175E6F0A7
:10223000B075E7F0C375E8F0C275E9F0D675EAF05D
:10224000CD75EBF0E375ECF0E875EDF0E675EEF0CA
:10225000E475EFF0EB75F0F0E775F1F00376F2F06E
:10226000F175F3F0FC75F4F0FF75F5F01076F6F00B
:102270000076F7F00576F8F00C76F9F01776FAF0BC
:102280000A76FBF02576FCF01876FDF01576FEF068
:10229000197640F18C9941F18E9942F19A9943F166
:1022A0009B9944F19C9945F19D9946F19E9947F17E
:1022B0009F9948F1A09949F1A1994AF1A2994BF14E
:1022C000A3994CF1A4994DF1A6994EF1A7994FF11C
:1022D000A99950F1AA9951F1AB9952F1AC9953F1E6
:1022E000AD9954F1AE9955F1AF9956F1B09957F1B6
:1022F000B19958F1B29959F1B3995AF1B4995BF186
:10230000B5995CF1B6995DF1B7995EF1B8995FF155
:10231000B99960F1BA9961F1BB9962F1BC9963F125
:10232000BD9964F1BE9965F1BF9966F1C09967F1F5
:10233000C19968F1C29969F1C3996AF1C4996BF1C5
:10234000C5996CF1C6996DF1C7996EF1C8996FF195
:10235000C99970F1CA9971F1CB9972F1CC9973F165
:10236000CD9974F1CE9975F1CF9976F1D09977F135
:10237000D19978F1D29979F1D3997AF1D4997BF105
:10238000D5997CF1D6997DF1D7997EF1D89980F1D4
:10239000D99981F1DA9982F1DB9983F1DC9984F1A1
:1023A000DD9985F1DE9986F1DF9987F1E09988F171
:1023B000E19989F1E2998AF1E3998BF1E4998CF141
:1023C000E5998DF1E6998EF1E7998FF1E89990F111
:1023D000E99991F1EA9992F1EB9993F1EC9994F1E1
:1023E000ED9995F1EE9996F1EF9997F1F09998F1B1
:1023F000F19999F1F2999AF1F3999BF1F4999CF181
:10240000F5999DF1F6999EF1F7999FF1F899A0F150
:10241000F999A1F11B76A2F13C76A3F12276A4F101
:102420002076A5F14076A6F12D76A7F13076A8F1B9
:102430003F76A9F13576AAF14376ABF13E76ACF161
:102440003376ADF14D76AEF15E76AFF15476B0F104
:102450005C76B1F15676B2F16B76B3F16F76B4F18A
:10246000CA7FB5F1E67AB6F1787AB7F1797AB8F140
:10247000807AB9F1867ABAF1887ABBF1957ABCF1A3
:10248000A67ABDF1A07ABEF1AC7ABFF1A87AC0F10C
:10249000AD7AC1F1B37AC2F16488C3F16988C4F13D
:1024A0007288C5F17D88C6F17F88C7F18288C8F13E
:1024B000A288C9F1C688CAF1B788CBF1BC88CCF133
:1024C000C988CDF1E288CEF1CE88CFF1E388D0F192
:1024D000E588D1F1F188D2F11A89D3F1FC88D4F1E1
:1024E000E888D5F1FE88D6F1F088D7F12189D8F1B6
:1024F0001989D9F11389DAF11B89DBF10A89DCF139
:102500003489DDF12B89DEF13689DFF14189E0F193
:102510006689E1F17B89E2F18B75E3F1E580E4F115
:10252000B276E5F1B476E6F1DC77E7F11280E8F116
:102530001480E9F11680EAF11C80EBF12080ECF1C7
:102540002280EDF12580EEF12680EFF12780F0F179
:102550002980F1F12880F2F13180F3F10B80F4F160
:102560003580F5F14380F6F14680F7F14D80F8F1C2
:102570005280F9F16980FAF17180FBF18389FCF1F5
:102580007898FDF18098FEF1839840F2FA9941F233
:10259000FB9942F2FC9943F2FD9944F2FE9945F20F
:1025A000FF9946F2009A47F2019A48F2029A49F2DC
:1025B000039A4AF2049A4BF2059A4CF2069A4DF2AB
:1025C000079A4EF2089A4FF2099A50F20A9A51F27B
:1025D0000B9A52F20C9A53F20D9A54F20E9A55F24B
:1025E0000F9A56F2109A57F2119A58F2129A59F21B
:1025F000139A5AF2149A5BF2159A5CF2169A5DF2EB
:10260000179A5EF2189A5FF2199A60F21A9A61F2BA
:102610001B9A62F21C9A63F21D9A64F21E9A65F28A
:102620001F9A66F2209A67F2219A68F2229A69F25A
:10263000239A6AF2249A6BF2259A6CF2269A6DF22A
:10264000279A6EF2289A6FF2299A70F22A9A71F2FA
:102650002B9A72F22C9A73F22D9A74F22E9A75F2CA
:102660002F9A76F2309A77F2319A78F2329A79F29A
:10267000339A7AF2349A7BF2359A7CF2369A7DF26A
:10268000379A7EF2389A80F2399A81F23A9A82F237
:102690003B9A83F23C9A84F23D9A85F23E9A86F206
:1026A0003F9A87F2409A88F2419A89F2429A8AF2D6
:1026B000439A8BF2449A8CF2459A8DF2469A8EF2A6
:1026C000479A8FF2489A90F2499A91F24A9A92F276
:1026D0004B9A93F24C9A94F24D9A95F24E9A96F246
:1026E0004F9A97F2509A98F2519A99F2529A9AF216
:1026F000539A9BF2549A9CF2559A9DF2569A9EF2E6
:10270000579A9FF2589AA0F2599AA1F28998A2F288
:102710008C98A3F28D98A4F28F98A5F29498A6F2C3
:102720009A98A7F29B98A8F29E98A9F29F98AAF26D
:10273000A198ABF2A298ACF2A598ADF2A698AEF231
:102740004D86AFF25486B0F26C86B1F26E86B2F26C
:102750007F86B3F27A86B4F27C86B5F27B86B6F2D7
:10276000A886B7F28D86B8F28B86B9F2AC86BAF23B
:102770009D86BBF2A786BCF2A386BDF2AA86BEF2F6
:102780009386BFF2A986C0F2B686C1F2C486C2F2B1
:10279000B586C3F2CE86C4F2B086C5F2BA86C6F25A
:1027A000B186C7F2AF86C8F2C986C9F2CF86CAF22F
:1027B000B486CBF2E986CCF2F186CDF2F286CEF287
:1027C000ED86CFF2F386D0F2D086D1F21387D2F223
:1027D000DE86D3F2F486D4F2DF86D5F2D886D6F23E
:1027E000D186D7F20387D8F20787D9F2F886DAF2D2
:1027F0000887DBF20A87DCF20D87DDF20987DEF25B
:102800002387DFF23B87E0F21E87E1F22587E2F2C1
:102810002E87E3F21A87E4F23E87E5F24887E6F274
:102820003487E7F23187E8F22987E9F23787EAF25D
:102830003F87EBF28287ECF22287EDF27D87EEF2A2
:102840007E87EFF27B87F0F26087F1F27087F2F219
:102850004C87F3F26E87F4F28B87F5F25387F6F22A
:102860006387F7F27C87F8F26487F9F25987FAF206
:102870006587FBF29387FCF2AF87FDF2A887FEF233
:10288000D28740F35A9A41F35B9A42F35C9A43F33E
:102890005D9A44F35E9A45F35F9A46F3609A47F374
:1028A000619A48F3629A49F3639A4AF3649A4BF344
:1028B000659A4CF3669A4DF3679A4EF3689A4FF314
:1028C000699A50F36A9A51F36B9A52F3729A53F3DE
:1028D000839A54F3899A55F38D9A56F38E9A57F347
:1028E000949A58F3959A59F3999A5AF3A69A5BF3E6
:1028F000A99A5CF3AA9A5DF3AB9A5EF3AC9A5FF384
:10290000AD9A60F3AE9A61F3AF9A62F3B29A63F351
:10291000B39A64F3B49A65F3B59A66F3B99A67F318
:10292000BB9A68F3BD9A69F3BE9A6AF3BF9A6BF3D8
:10293000C39A6CF3C49A6DF3C69A6EF3C79A6FF399
:10294000C89A70F3C99A71F3CA9A72F3CD9A73F365
:10295000CE9A74F3CF9A75F3D09A76F3D29A77F32E
:10296000D49A78F3D59A79F3D69A7AF3D79A7BF3F7
:10297000D99A7CF3DA9A7DF3DB9A7EF3DC9A80F3C2
:10298000DD9A81F3DE9A82F3E09A83F3E29A84F38C
:10299000E39A85F3E49A86F3E59A87F3E79A88F356
:1029A000E89A89F3E99A8AF3EA9A8BF3EC9A8CF322
:1029B000EE9A8DF3F09A8EF3F19A8FF3F29A90F3E8
:1029C000F39A91F3F49A92F3F59A93F3F69A94F3B7
:1029D000F79A95F3F89A96F3FA9A97F3FC9A98F384
:1029E000FD9A99F3FE9A9AF3FF9A9BF3009B9CF34E
:1029F000019B9DF3029B9EF3049B9FF3059BA0F319
:102A0000069BA1F3C687A2F38887A3F38587A4F367
:102A1000AD87A5F39787A6F38387A7F3AB87A8F3C2
:102A2000E587A9F3AC87AAF3B587ABF3B387ACF31B
:102A3000CB87ADF3D387AEF3BD87AFF3D187B0F3C8
:102A4000C087B1F3CA87B2F3DB87B3F3EA87B4F385
:102A5000E087B5F3EE87B6F31688B7F31388B8F3BB
:102A6000FE87B9F30A88BAF31B88BBF32188BCF34D
:102A70003988BDF33C88BEF3367FBFF3427FC0F395
:102A8000447FC1F3457FC2F31082C3F3FA7AC4F3E3
:102A9000FD7AC5F3087BC6F3037BC7F3047BC8F359
:102AA000157BC9F30A7BCAF32B7BCBF30F7BCCF3EB
:102AB000477BCDF3387BCEF32A7BCFF3197BD0F362
:102AC0002E7BD1F3317BD2F3207BD3F3257BD4F360
:102AD000247BD5F3337BD6F33E7BD7F31E7BD8F331
:102AE000587BD9F35A7BDAF3457BDBF3757BDCF358
:102AF0004C7BDDF35D7BDEF3607BDFF36E7BE0F32D
:102B00007B7BE1F3627BE2F3727BE3F3717BE4F3C3
:102B1000907BE5F3A67BE6F3A77BE7F3B87BE8F3CE
:102B2000AC7BE9F39D7BEAF3A87BEBF3857BECF3CD
:102B3000AA7BEDF39C7BEEF3A27BEFF3AB7BF0F390
:102B4000B47BF1F3D17BF2F3C17BF3F3CC7BF4F3F1
:102B5000DD7BF5F3DA7BF6F3E57BF7F3E67BF8F361
:102B6000EA7BF9F30C7CFAF3FE7BFBF3FC7BFCF3D2
:102B70000F7CFDF3167CFEF30B7C40F4079B41F4C5
:102B8000099B42F40A9B43F40B9B44F40C9B45F4D1
:102B90000D9B46F40E9B47F4109B48F4119B49F49F
:102BA000129B4AF4149B4BF4159B4CF4169B4DF46A
:102BB000179B4EF4189B4FF4199B50F41A9B51F439
:102BC0001B9B52F41C9B53F41D9B54F41E9B55F409
:102BD000209B56F4219B57F4229B58F4249B59F4D4
:102BE000259B5AF4269B5BF4279B5CF4289B5DF4A1
:102BF000299B5EF42A9B5FF42B9B60F42C9B61F471
:102C00002D9B62F42E9B63F4309B64F4319B65F43E
:102C1000339B66F4349B67F4359B68F4369B69F408
:102C2000379B6AF4389B6BF4399B6CF43A9B6DF4D8
:102C30003D9B6EF43E9B6FF43F9B70F4409B71F4A0
:102C4000469B72F44A9B73F44B9B74F44C9B75F453
:102C50004E9B76F4509B77F4529B78F4539B79F417
:102C6000559B7AF4569B7BF4579B7CF4589B7DF4E0
:102C7000599B7EF45A9B80F45B9B81F45C9B82F4AD
:102C80005D9B83F45E9B84F45F9B85F4609B86F47C
:102C9000619B87F4629B88F4639B89F4649B8AF44C
:102CA000659B8BF4669B8CF4679B8DF4689B8EF41C
:102CB000699B8FF46A9B90F46B9B91F46C9B92F4EC
:102CC0006D9B93F46E9B94F46F9B95F4709B96F4BC
:102CD000719B97F4729B98F4739B99F4749B9AF48C
:102CE000759B9BF4769B9CF4779B9DF4789B9EF45C
:102CF000799B9FF47A9BA0F47B9BA1F41F7CA2F4A8
:102D00002A7CA3F4267CA4F4387CA5F4417CA6F4A8
:102D1000407CA7F4FE81A8F40182A9F40282AAF4FF
:102D20000482ABF4EC81ACF44488ADF42182AEF4BF
:102D30002282AFF42382B0F42D82B1F42F82B2F458
:102D40002882B3F42B82B4F43882B5F43B82B6F413
:102D50003382B7F43482B8F43E82B9F44482BAF4D0
:102D60004982BBF44B82BCF44F82BDF45A82BEF45C
:102D70005F82BFF46882C0F47E88C1F48588C2F4A3
:102D80008888C3F4D888C4F4DF88C5F45E89C6F4A3
:102D90009D7FC7F49F7FC8F4A77FC9F4AF7FCAF4B3
:102DA000B07FCBF4B27FCCF47C7CCDF44965CEF41B
:102DB000917CCFF49D7CD0F49C7CD1F49E7CD2F4A9
:102DC000A27CD3F4B27CD4F4BC7CD5F4BD7CD6F424
:102DD000C17CD7F4C77CD8F4CC7CD9F4CD7CDAF4B0
:102DE000C87CDBF4C57CDCF4D77CDDF4E87CDEF465
:102DF0006E82DFF4A866E0F4BF7FE1F4CE7FE2F4F8
:102E0000D57FE3F4E57FE4F4E17FE5F4E67FE6F4E3
:102E1000E97FE7F4EE7FE8F4F37FE9F4F87CEAF485
:102E2000777DEBF4A67DECF4AE7DEDF4477EEEF419
:102E30009B7EEFF4B89EF0F4B49EF1F4738DF2F43F
:102E4000848DF3F4948DF4F4918DF5F4B18DF6F452
:102E5000678DF7F46D8DF8F4478CF9F4498CFAF42A
:102E60004A91FBF45091FCF44E91FDF44F91FEF425
:102E7000649140F57C9B41F57D9B42F57E9B43F53B
:102E80007F9B44F5809B45F5819B46F5829B47F5EA
:102E9000839B48F5849B49F5859B4AF5869B4BF5BA
:102EA000879B4CF5889B4DF5899B4EF58A9B4FF58A
:102EB0008B9B50F58C9B51F58D9B52F58E9B53F55A
:102EC0008F9B54F5909B55F5919B56F5929B57F52A
:102ED000939B58F5949B59F5959B5AF5969B5BF5FA
:102EE000979B5CF5989B5DF5999B5EF59A9B5FF5CA
:102EF0009B9B60F59C9B61F59D9B62F59E9B63F59A
:102F00009F9B64F5A09B65F5A19B66F5A29B67F569
:102F1000A39B68F5A49B69F5A59B6AF5A69B6BF539
:102F2000A79B6CF5A89B6DF5A99B6EF5AA9B6FF509
:102F3000AB9B70F5AC9B71F5AD9B72F5AE9B73F5D9
:102F4000AF9B74F5B09B75F5B19B76F5B29B77F5A9
:102F5000B39B78F5B49B79F5B59B7AF5B69B7BF579
:102F6000B79B7CF5B89B7DF5B99B7EF5BA9B80F548
:102F7000BB9B81F5BC9B82F5BD9B83F5BE9B84F515
:102F8000BF9B85F5C09B86F5C19B87F5C29B88F5E5
:102F9000C39B89F5C49B8AF5C59B8BF5C69B8CF5B5
:102FA000C79B8DF5C89B8EF5C99B8FF5CA9B90F585
:102FB000CB9B91F5CC9B92F5CD9B93F5CE9B94F555
:102FC000CF9B95F5D09B96F5D19B97F5D29B98F525
:102FD000D39B99F5D49B9AF5D59B9BF5D69B9CF5F5
:102FE000D79B9DF5D89B9EF5D99B9FF5DA9BA0F5C5
:102FF000DB9BA1F56291A2F56191A3F57091A4F517
:103000006991A5F56F91A6F57D91A7F57E91A8F53B
:103010007291A9F57491AAF57991ABF58C91ACF503
:103020008591ADF59091AEF58D91AFF59191B0F59B
:10303000A291B1F5A391B2F5AA91B3F5AD91B4F512
:10304000AE91B5F5AF91B6F5B591B7F5B491B8F5C8
:10305000BA91B9F5558CBAF57E9EBBF5B88DBCF525
:10306000EB8DBDF5058EBEF5598EBFF5698EC0F5A9
:10307000B58DC1F5BF8DC2F5BC8DC3F5BA8DC4F554
:10308000C48DC5F5D68DC6F5D78DC7F5DA8DC8F5D3
:10309000DE8DC9F5CE8DCAF5CF8DCBF5DB8DCCF5A8
:1030A000C68DCDF5EC8DCEF5F78DCFF5F88DD0F53D
:1030B000E38DD1F5F98DD2F5FB8DD3F5E48DD4F503
:1030C000098ED5F5FD8DD6F5148ED7F51D8ED8F564
:1030D0001F8ED9F52C8EDAF52E8EDBF5238EDCF5DE
:1030E0002F8EDDF53A8EDEF5408EDFF5398EE0F578
:1030F000358EE1F53D8EE2F5318EE3F5498EE4F54E
:10310000418EE5F5428EE6F5518EE7F5528EE8F5F3
:103110004A8EE9F5708EEAF5768EEBF57C8EECF54D
:103120006F8EEDF5748EEEF5858EEFF58F8EF0F5E2
:10313000948EF1F5908EF2F59C8EF3F59E8EF4F55B
:10314000788CF5F5828CF6F58A8CF7F5858CF8F598
:10315000988CF9F5948CFAF59B65FBF5D689FCF50E
:10316000DE89FDF5DA89FEF5DC8940F6DC9B41F667
:10317000DD9B42F6DE9B43F6DF9B44F6E09B45F683
:10318000E19B46F6E29B47F6E39B48F6E49B49F653
:10319000E59B4AF6E69B4BF6E79B4CF6E89B4DF623
:1031A000E99B4EF6EA9B4FF6EB9B50F6EC9B51F6F3
:1031B000ED9B52F6EE9B53F6EF9B54F6F09B55F6C3
:1031C000F19B56F6F29B57F6F39B58F6F49B59F693
:1031D000F59B5AF6F69B5BF6F79B5CF6F89B5DF663
:1031E000F99B5EF6FA9B5FF6FB9B60F6FC9B61F633
:1031F000FD9B62F6FE9B63F6FF9B64F6009C65F602
:10320000019C66F6029C67F6039C68F6049C69F6CE
:10321000059C6AF6069C6BF6079C6CF6089C6DF69E
:10322000099C6EF60A9C6FF60B9C70F60C9C71F66E
:103230000D9C72F60E9C73F60F9C74F6109C75F63E
:10324000119C76F6129C77F6139C78F6149C79F60E
:10325000159C7AF6169C7BF6179C7CF6189C7DF6DE
:10326000199C7EF61A9C80F61B9C81F61C9C82F6AB
:103270001D9C83F61E9C84F61F9C85F6209C86F67A
:10328000219C87F6229C88F6239C89F6249C8AF64A
:10329000259C8BF6269C8CF6279C8DF6289C8EF61A
:1032A000299C8FF62A9C90F62B9C91F62C9C92F6EA
:1032B0002D9C93F62E9C94F62F9C95F6309C96F6BA
:1032C000319C97F6329C98F6339C99F6349C9AF68A
:1032D000359C9BF6369C9CF6379C9DF6389C9EF65A
:1032E000399C9FF63A9CA0F63B9CA1F6E589A2F694
:1032F000EB89A3F6EF89A4F63E8AA5F6268BA6F6FF
:103300005397A7F6E996A8F6F396A9F6EF96AAF6CC
:103310000697ABF60197ACF60897ADF60F97AEF6A9
:103320000E97AFF62A97B0F62D97B1F63097B2F612
:103330003E97B3F6809FB4F6839FB5F6859FB6F6A9
:10334000869FB7F6879FB8F6889FB9F6899FBAF629
:103350008A9FBBF68C9FBCF6FE9EBDF60B9FBEF609
:103360000D9FBFF6B996C0F6BC96C1F6BD96C2F6E3
:10337000CE96C3F6D296C4F6BF77C5F6E096C6F6EB
:103380008E92C7F6AE92C8F6C892C9F63E93CAF6B8
:103390006A93CBF6CA93CCF68F93CDF63E94CEF6D5
:1033A0006B94CFF67F9CD0F6829CD1F6859CD2F6AA
:1033B000869CD3F6879CD4F6889CD5F6237AD6F6DD
:1033C0008B9CD7F68E9CD8F6909CD9F6919CDAF619
:1033D000929CDBF6949CDCF6959CDDF69A9CDEF6DE
:1033E0009B9CDFF69E9CE0F69F9CE1F6A09CE2F69B
:1033F000A19CE3F6A29CE4F6A39CE5F6A59CE6F668
:10340000A69CE7F6A79CE8F6A89CE9F6A99CEAF634
:10341000AB9CEBF6AD9CECF6AE9CEDF6B09CEEF6FC
:10342000B19CEFF6B29CF0F6B39CF1F6B49CF2F6C8
:10343000B59CF3F6B69CF4F6B79CF5F6BA9CF6F696
:10344000BB9CF7F6BC9CF8F6BD9CF9F6C49CFAF65A
:10345000C59CFBF6C69CFCF6C79CFDF6CA9CFEF616
:10346000CB9C40F73C9C41F73D9C42F73E9C43F788
:103470003F9C44F7409C45F7419C46F7429C47F7E8
:10348000439C48F7449C49F7459C4AF7469C4BF7B8
:10349000479C4CF7489C4DF7499C4EF74A9C4FF788
:1034A0004B9C50F74C9C51F74D9C52F74E9C53F758
:1034B0004F9C54F7509C55F7519C56F7529C57F728
:1034C000539C58F7549C59F7559C5AF7569C5BF7F8
:1034D000579C5CF7589C5DF7599C5EF75A9C5FF7C8
:1034E0005B9C60F75C9C61F75D9C62F75E9C63F798
:1034F0005F9C64F7609C65F7619C66F7629C67F768
:10350000639C68F7649C69F7659C6AF7669C6BF737
:10351000679C6CF7689C6DF7699C6EF76A9C6FF707
:103520006B9C70F76C9C71F76D9C72F76E9C73F7D7
:103530006F9C74F7709C75F7719C76F7729C77F7A7
:10354000739C78F7749C79F7759C7AF7769C7BF777
:10355000779C7CF7789C7DF7799C7EF77A9C80F746
:103560007B9C81F77D9C82F77E9C83F7809C84F70F
:10357000839C85F7849C86F7899C87F78A9C88F7CB
:103580008C9C89F78F9C8AF7939C8BF7969C8CF781
:10359000979C8DF7989C8EF7999C8FF79D9C90F740
:1035A000AA9C91F7AC9C92F7AF9C93F7B99C94F7C7
:1035B000BE9C95F7BF9C96F7C09C97F7C19C98F767
:1035C000C29C99F7C89C9AF7C99C9BF7D19C9CF721
:1035D000D29C9DF7DA9C9EF7DB9C9FF7E09CA0F7BE
:1035E000E19CA1F7CC9CA2F7CD9CA3F7CE9CA4F7BD
:1035F000CF9CA5F7D09CA6F7D39CA7F7D49CA8F79F
:10360000D59CA9F7D79CAAF7D89CABF7D99CACF767
:10361000DC9CADF7DD9CAEF7DF9CAFF7E29CB0F72A
:103620007C97B1F78597B2F79197B3F79297B4F774
:103630009497B5F7AF97B6F7AB97B7F7A397B8F7E7
:10364000B297B9F7B497BAF7B19ABBF7B09ABCF78B
:10365000B79ABDF7589EBEF7B69ABFF7BA9AC0F7A9
:10366000BC9AC1F7C19AC2F7C09AC3F7C59AC4F70A
:10367000C29AC5F7CB9AC6F7CC9AC7F7D19AC8F7C2
:10368000459BC9F7439BCAF7479BCBF7499BCCF7B0
:10369000489BCDF74D9BCEF7519BCFF7E898D0F7DD
:1036A0000D99D1F72E99D2F75599D3F75499D4F7AC
:1036B000DF9AD5F7E19AD6F7E69AD7F7EF9AD8F7D7
:1036C000EB9AD9F7FB9ADAF7ED9ADBF7F99ADCF780
:1036D000089BDDF70F9BDEF7139BDFF71F9BE0F7DF
:1036E000239BE1F7BD9EE2F7BE9EE3F73B7EE4F746
:1036F000829EE5F7879EE6F7889EE7F78B9EE8F7C0
:10370000929EE9F7D693EAF79D9EEBF79F9EECF722
:10371000DB9EEDF7DC9EEEF7DD9EEFF7E09EF0F727
:10372000DF9EF1F7E29EF2F7E99EF3F7E79EF4F7EA
:10373000E59EF5F7EA9EF6F7EF9EF7F7229FF8F77A
:103740002C9FF9F72F9FFAF7399FFBF7379FFCF76C
:103750003D9FFDF73E9FFEF7449F40F8E39C41F8F4
:10376000E49C42F8E59C43F8E69C44F8E79C45F865
:10377000E89C46F8E99C47F8EA9C48F8EB9C49F835
:10378000EC9C4AF8ED9C4BF8EE9C4CF8EF9C4DF805
:10379000F09C4EF8F19C4FF8F29C50F8F39C51F8D5
:1037A000F49C52F8F59C53F8F69C54F8F79C55F8A5
:1037B000F89C56F8F99C57F8FA9C58F8FB9C59F875
:1037C000FC9C5AF8FD9C5BF8FE9C5CF8FF9C5DF845
:1037D000009D5EF8019D5FF8029D60F8039D61F811
:1037E000049D62F8059D63F8069D64F8079D65F8E1
:1037F000089D66F8099D67F80A9D68F80B9D69F8B1
:103800000C9D6AF80D9D6BF80E9D6CF80F9D6DF880
:10381000109D6EF8119D6FF8129D70F8139D71F850
:10382000149D72F8159D73F8169D74F8179D75F820
:10383000189D76F8199D77F81A9D78F81B9D79F8F0
:103840001C9D7AF81D9D7BF81E9D7CF81F9D7DF8C0
:10385000209D7EF8219D80F8229D81F8239D82F88D
:10386000249D83F8259D84F8269D85F8279D86F85C
:10387000289D87F8299D88F82A9D89F82B9D8AF82C
:103880002C9D8BF82D9D8CF82E9D8DF82F9D8EF8FC
:10389000309D8FF8319D90F8329D91F8339D92F8CC
:1038A000349D93F8359D94F8369D95F8379D96F89C
:1038B000389D97F8399D98F83A9D99F83B9D9AF86C
:1038C0003C9D9BF83D9D9CF83E9D9DF83F9D9EF83C
:1038D000409D9FF8419DA0F8429D40F9439D41F9CC
:1038E000449D42F9459D43F9469D44F9479D45F95C
:1038F000489D46F9499D47F94A9D48F94B9D49F92C
:103900004C9D4AF94D9D4BF94E9D4CF94F9D4DF9FB
:10391000509D4EF9519D4FF9529D50F9539D51F9CB
:10392000549D52F9559D53F9569D54F9579D55F99B
:10393000589D56F9599D57F95A9D58F95B9D59F96B
:103940005C9D5AF95D9D5BF95E9D5CF95F9D5DF93B
:10395000609D5EF9619D5FF9629D60F9639D61F90B
:10396000649D62F9659D63F9669D64F9679D65F9DB
:10397000689D66F9699D67F96A9D68F96B9D69F9AB
:103980006C9D6AF96D9D6BF96E9D6CF96F9D6DF97B
:10399000709D6EF9719D6FF9729D70F9739D71F94B
:1039A000749D72F9759D73F9769D74F9779D75F91B
:1039B000789D76F9799D77F97A9D78F97B9D79F9EB
:1039C0007C9D7AF97D9D7BF97E9D7CF97F9D7DF9BB
:1039D000809D7EF9819D80F9829D81F9839D82F988
:1039E000849D83F9859D84F9869D85F9879D86F957
:1039F000889D87F9899D88F98A9D89F98B9D8AF927
:103A00008C9D8BF98D9D8CF98E9D8DF98F9D8EF9F6
:103A1000909D8FF9919D90F9929D91F9939D92F9C6
:103A2000949D93F9959D94F9969D95F9979D96F996
:103A3000989D97F9999D98F99A9D99F99B9D9AF966
:103A40009C9D9BF99D9D9CF99E9D9DF99F9D9EF936
:103A5000A09D9FF9A19DA0F9A29D40FAA39D41FAC6
:103A6000A49D42FAA59D43FAA69D44FAA79D45FA56
:103A7000A89D46FAA99D47FAAA9D48FAAB9D49FA26
:103A8000AC9D4AFAAD9D4BFAAE9D4CFAAF9D4DFAF6
:103A9000B09D4EFAB19D4FFAB29D50FAB39D51FAC6
:103AA000B49D52FAB59D53FAB69D54FAB79D55FA96
:103AB000B89D56FAB99D57FABA9D58FABB9D59FA66
:103AC000BC9D5AFABD9D5BFABE9D5CFABF9D5DFA36
:103AD000C09D5EFAC19D5FFAC29D60FAC39D61FA06
:103AE000C49D62FAC59D63FAC69D64FAC79D65FAD6
:103AF000C89D66FAC99D67FACA9D68FACB9D69FAA6
:103B0000CC9D6AFACD9D6BFACE9D6CFACF9D6DFA75
:103B1000D09D6EFAD19D6FFAD29D70FAD39D71FA45
:103B2000D49D72FAD59D73FAD69D74FAD79D75FA15
:103B3000D89D76FAD99D77FADA9D78FADB9D79FAE5
:103B4000DC9D7AFADD9D7BFADE9D7CFADF9D7DFAB5
:103B5000E09D7EFAE19D80FAE29D81FAE39D82FA82
:103B6000E49D83FAE59D84FAE69D85FAE79D86FA51
:103B7000E89D87FAE99D88FAEA9D89FAEB9D8AFA21
:103B8000EC9D8BFAED9D8CFAEE9D8DFAEF9D8EFAF1
:103B9000F09D8FFAF19D90FAF29D91FAF39D92FAC1
:103BA000F49D93FAF59D94FAF69D95FAF79D96FA91
:103BB000F89D97FAF99D98FAFA9D99FAFB9D9AFA61
:103BC000FC9D9BFAFD9D9CFAFE9D9DFAFF9D9EFA31
:103BD000009E9FFA019EA0FA029E40FB039E41FBBD
:103BE000049E42FB059E43FB069E44FB079E45FB4D
:103BF000089E46FB099E47FB0A9E48FB0B9E49FB1D
:103C00000C9E4AFB0D9E4BFB0E9E4CFB0F9E4DFBEC
:103C1000109E4EFB119E4FFB129E50FB139E51FBBC
:103C2000149E52FB159E53FB169E54FB179E55FB8C
:103C3000189E56FB199E57FB1A9E58FB1B9E59FB5C
:103C40001C9E5AFB1D9E5BFB1E9E5CFB249E5DFB27
:103C5000279E5EFB2E9E5FFB309E60FB349E61FBC9
:103C60003B9E62FB3C9E63FB409E64FB4D9E65FB5E
:103C7000509E66FB529E67FB539E68FB549E69FBF9
:103C8000569E6AFB599E6BFB5D9E6CFB5F9E6DFBB7
:103C9000609E6EFB619E6FFB629E70FB659E71FB7A
:103CA0006E9E72FB6F9E73FB729E74FB749E75FB1F
:103CB000759E76FB769E77FB779E78FB789E79FBE8
:103CC000799E7AFB7A9E7BFB7B9E7CFB7C9E7DFBB8
:103CD0007D9E7EFB809E80FB819E81FB839E82FB7E
:103CE000849E83FB859E84FB869E85FB899E86FB46
:103CF0008A9E87FB8C9E88FB8D9E89FB8E9E8AFB0D
:103D00008F9E8BFB909E8CFB919E8DFB949E8EFBD9
:103D1000959E8FFB969E90FB979E91FB989E92FBA3
:103D2000999E93FB9A9E94FB9B9E95FB9C9E96FB73
:103D30009E9E97FBA09E98FBA19E99FBA29E9AFB3C
:103D4000A39E9BFBA49E9CFBA59E9DFBA79E9EFB0A
:103D5000A89E9FFBA99EA0FBAA9E40FCAB9E41FC97
:103D6000AC9E42FCAD9E43FCAE9E44FCAF9E45FC27
:103D7000B09E46FCB19E47FCB29E48FCB39E49FCF7
:103D8000B59E4AFCB69E4BFCB79E4CFCB99E4DFCC2
:103D9000BA9E4EFCBC9E4FFCBF9E50FCC09E51FC88
:103DA000C19E52FCC29E53FCC39E54FCC59E55FC52
:103DB000C69E56FCC79E57FCC89E58FCCA9E59FC1E
:103DC000CB9E5AFCCC9E5BFCD09E5CFCD29E5DFCE4
:103DD000D39E5EFCD59E5FFCD69E60FCD79E61FCA8
:103DE000D99E62FCDA9E63FCDE9E64FCE19E65FC6B
:103DF000E39E66FCE49E67FCE69E68FCE89E69FC28
:103E0000EB9E6AFCEC9E6BFCED9E6CFCEE9E6DFCEA
:103E1000F09E6EFCF19E6FFCF29E70FCF39E71FCB6
:103E2000F49E72FCF59E73FCF69E74FCF79E75FC86
:103E3000F89E76FCFA9E77FCFD9E78FCFF9E79FC4E
:103E4000009F7AFC019F7BFC029F7CFC039F7DFC12
:103E5000049F7EFC059F80FC069F81FC079F82FCDF
:103E6000089F83FC099F84FC0A9F85FC0C9F86FCAD
:103E70000F9F87FC119F88FC129F89FC149F8AFC6E
:103E8000159F8BFC169F8CFC189F8DFC1A9F8EFC37
:103E90001B9F8FFC1C9F90FC1D9F91FC1E9F92FC02
:103EA0001F9F93FC219F94FC239F95FC249F96FCCD
:103EB000259F97FC269F98FC279F99FC289F9AFC9A
:103EC000299F9BFC2A9F9CFC2B9F9DFC2D9F9EFC69
:103ED0002E9F9FFC309FA0FC319F40FD329F41FDF3
:103EE000339F42FD349F43FD359F44FD369F45FD82
:103EF000389F46FD3A9F47FD3C9F48FD3F9F49FD47
:103F0000409F4AFD419F4BFD429F4CFD439F4DFD0D
:103F1000459F4EFD469F4FFD479F50FD489F51FDD9
:103F2000499F52FD4A9F53FD4B9F54FD4C9F55FDA9
:103F30004D9F56FD4E9F57FD4F9F58FD529F59FD77
:103F4000539F5AFD549F5BFD559F5CFD569F5DFD41
:103F5000579F5EFD589F5FFD599F60FD5A9F61FD11
:103F60005B9F62FD5C9F63FD5D9F64FD5E9F65FDE1
:103F70005F9F66FD609F67FD619F68FD629F69FDB1
:103F8000639F6AFD649F6BFD659F6CFD669F6DFD81
:103F9000679F6EFD689F6FFD699F70FD6A9F71FD51
:103FA0006B9F72FD6C9F73FD6D9F74FD6E9F75FD21
:103FB0006F9F76FD709F77FD719F78FD729F79FDF1
:103FC000739F7AFD749F7BFD759F7CFD769F7DFDC1
:103FD000779F7EFD789F80FD799F81FD7A9F82FD8E
:103FE0007B9F83FD7C9F84FD7D9F85FD7E9F86FD5D
:103FF000819F87FD829F88FD8D9F89FD8E9F8AFD11
:104000008F9F8BFD909F8CFD919F8DFD929F8EFDCC
:10401000939F8FFD949F90FD959F91FD969F92FD9C
:10402000979F93FD989F94FD9C9F95FD9D9F96FD66
:104030009E9F97FDA19F98FDA29F99FDA39F9AFD2A
:10404000A49F9BFDA59F9CFD2CF99DFD79F99EFDEC
:1040500095F99FFDE7F9A0FDF1F940FE0CFA41FE4C
:104060000DFA42FE0EFA43FE0FFA44FE11FA45FE27
:1040700013FA46FE14FA47FE18FA48FE1FFA49FEE4
:1040800020FA4AFE21FA4BFE23FA4CFE24FA4DFE9A
:1040900027FA4EFE28FA4FFE29FA000000006100C0
:1040A00062006300640065006600670068006900E4
:1040B0006A006B006C006D006E006F007000710094
:1040C0007200730074007500760077007800790044
:1040D0007A00A100A200A300A500AC00AF00E000A0
:1040E000E100E200E300E400E500E600E700E800AC
:1040F000E900EA00EB00EC00ED00EE00EF00F0005C
:10410000F100F200F300F400F500F600F800F90009
:10411000FA00FB00FC00FD00FE00FF0001010301AE
:104120000501070109010B010D010F011101130127
:104130001501170119011B011D011F012101230197
:104140002501270129012B012D012F013101330107
:10415000350137013A013C013E0140014201440171
:10416000460148014B014D014F01510153015501D9
:10417000570159015B015D015F0161016301650147
:10418000670169016B016D016F01710173017501B7
:1041900077017A017C017E019201B103B203B3037E
:1041A000B403B503B603B703B803B903BA03BB033B
:1041B000BC03BD03BE03BF03C003C103C303C403E9
:1041C000C503C603C703C803C903CA0330043104C7
:1041D0003204330434043504360437043804390413
:1041E0003A043B043C043D043E043F0440044104C3
:1041F0004204430444044504460447044804490473
:104200004A044B044C044D044E044F045104520420
:1042100053045404550456045704580459045A04CA
:104220005B045C045E045F047021712172217321C0
:104230007421752176217721782179217A217B21BA
:104240007C217D217E217F2141FF42FF43FF44FFEE
:1042500045FF46FF47FF48FF49FF4AFF4BFF4CFF22
:104260004DFF4EFF4FFF50FF51FF52FF53FF54FFD2
:1042700055FF56FF57FF58FF59FF5AFF00004100F6
:104280004200430044004500460047004800490002
:104290004A004B004C004D004E004F0050005100B2
:1042A0005200530054005500560057005800590062
:1042B0005A002100E0FFE1FFE5FFE2FFE3FFC0005D
:1042C000C100C200C300C400C500C600C700C800CA
:1042D000C900CA00CB00CC00CD00CE00CF00D0007A
:1042E000D100D200D300D400D500D600D800D90028
:1042F000DA00DB00DC00DD00DE00780100010201F5
:104300000401060108010A010C010E01100112014D
:104310001401160118011A011C011E0120012201BD
:104320002401260128012A012C012E01300132012D
:104330003401360139013B013D013F014101430197
:10434000450147014A014C014E01500152015401FF
:10435000560158015A015C015E016001620164016D
:10436000660168016A016C016E01700172017401DD
:10437000760179017B017D01910191039203930301
:104380009403950396039703980399039A039B0359
:104390009C039D039E039F03A003A103A303A40307
:1043A000A503A603A703A803A903AA0310041104E5
:1043B0001204130414041504160417041804190431
:1043C0001A041B041C041D041E041F0420042104E1
:1043D0002204230424042504260427042804290491
:1043E0002A042B042C042D042E042F04010402049F
:1043F00003040404050406040704080409040A0469
:104400000B040C040E040F0460216121622163215E
:104410006421652166216721682169216A216B2158
:104420006C216D216E216F2121FF22FF23FF24FFCC
:1044300025FF26FF27FF28FF29FF2AFF2BFF2CFF40
:104440002DFF2EFF2FFF30FF31FF32FF33FF34FFF0
:1044500035FF36FF37FF38FF39FF3AFF00003E20B7
:10446000486F7374204C69627261727920496E6979
:104470007469616C697A65640D0A003E2044657652
:10448000696365204174746163686564200D0A0086
:104490003E2044657669636520446973636F6E6E80
:1044A00065637465640D0A003E20456E756D657226
:1044B0006174696F6E20636F6D706C6574656420E4
:1044C0000D0A003E204869676820737065656420A6
:1044D0006465766963652064657465637465640DFD
:1044E0000A003E2046756C6C20737065656420641C
:1044F00065766963652064657465637465640D0A37
:10450000003E204C6F77207370656564206465768B
:104510006963652064657465637465640D0A003EB3
:1045200020446576696365206661756C74200D0AA8
:10453000003E204D6173732073746F726167652054
:1045400064657669636520636F6E6E656374656428
:104550000D0A003E20484944206465766963652061
:10456000636F6E6E65637465640D0A003E20536967
:104570007A65206F6620746865206469736B2069B2
:104580006E204D42797465733A200D0A003E204C2E
:10459000554E20417661696C61626C6520696E20C0
:1045A000746865206465766963653A0D0A003E208B
:1045B0004578706C6F72696E67206469736B2066F2
:1045C0006C617368202E2E2E0D0A003E2054686503
:1045D000206469736B206973207772697465207039
:1045E000726F7465637465640D0A003E20554E5207
:1045F00045434F5645524544204552524F52205351
:10460000544154450D0A0000404040404040404065
:104610004041414141414040404040404040404095
:104620004040404040404040050202020202020277
:10463000020202020202020220202020202020206A
:1046400020200202020202020290909090909010AC
:10465000101010101010101010101010101010105A
:1046600010101002020202020288888888888808D6
:1046700008080808080808080808080808080808BA
:10468000080808020202024008460308CAB1BCE456
:104690003A20253034642D253032642D25303264A3
:1046A00020253032643A253032643A253032640AAB
:1046B000C5A8B6C83A20252E3266207070620AB5A9
:1046C000E7B5BCC2CA3A20252E34662075732F6325
:1046D0006D0D0A00F44603080000002000010000F0
:1046E00084690008F4470308000100204892000094
:1046F00094690008000000000000000000000000B5
:1047000000000000000A0D00010001000000000090
:104710000000000000000000000000000000000099
:104720000000000000010203040102030406070860
:104730000900000000000000000000000000000070
:104740000000000000000000000000000000000069
:1047500000000000853C0008393C0008F9350008DD
:10476000FD36000800030000A5470008CF2D000813
:104770008B2F0008740000200000000000000000E3
:10478000194900084548000849480008114A00082E
:1047900059480008C549000891480008D148000858
:1047A00047480008114800089D490008ED490008E5
:1047B000394A000809490008714A00089949000867
:1047C00069480008614A000800000000000000007D
:1047D00000000000000000000000000000000000D9
:1047E00000000000000000000000000000000000C9
:0447F00000000000C5
:040000050800018965
:00000001FF
