:020000040800F2
:10000000089300209D010008CD1A000881190008FE
:10001000C91A000863120008D96300080000000034
:10002000000000000000000000000000811E000829
:100030007D17000800000000B91B0008711F0008B0
:10004000B7010008B7010008B7010008B7010008B0
:10005000B7010008B7010008B7010008B7010008A0
:10006000B7010008B7010008B7010008B701000890
:10007000B7010008B7010008B7010008B701000880
:10008000B7010008B7010008B7010008B701000870
:10009000B7010008B7010008B7010008B701000860
:1000A000B7010008B7010008B7010008B701000850
:1000B00099210008A1210008B7010008B701000834
:1000C000B7010008B7010008B7010008B701000830
:1000D000B7010008D9240008B7010008B7010008DB
:1000E000B7010008B7010008B7010008B701000810
:1000F000B7010008B7010008B7010008B701000800
:10010000B7010008B7010008B7010008B7010008EF
:10011000B7010008B7010008B7010008B7010008DF
:10012000B7010008B7010008B7010008B7010008CF
:10013000B7010008B7010008B7010008B7010008BF
:10014000B7010008B7010008B7010008B7010008AF
:10015000B7010008B7010008B70100085D260008D4
:10016000B7010008B7010008B7010008B70100088F
:10017000B7010008711B0008B7010008B7010008AB
:10018000B7010008B7010008DFF80CD000F012FC3E
:1001900000480047858B00080893002006488047E8
:1001A00006480047FEE7FEE7FEE7FEE7FEE7FEE75C
:1001B000FEE7FEE7FEE7FEE7F51F000889010008FD
:1001C00040EA01039B0703D009E008C9121F08C0D9
:1001D000042AFAD203E011F8013B00F8013B521E59
:1001E000F9D27047D2B201E000F8012B491EFBD2D0
:1001F00070470022F6E710B513460A460446194632
:10020000FFF7F0FF204610BD10B5002200E0521CA1
:10021000835C8C5CA34201D1002BF8D1D8B2E1B24F
:10022000401A10BD0246C9B200E0401C0378002B02
:10023000FBD102E003788B4203D0401E9042F9D2FA
:10024000002070470FB400B58DB010A909900B9035
:1002500000914FF0FF300A9000200C900548069066
:10026000054807906A4609A80F9900F037F90DB0C4
:100270005DF814FBF9040008170500082DE9FF5F7D
:100280001D464FF0FF3BD5E9014691465F464FF0D2
:100290000008A9697F1C01988847296A8246884717
:1002A0000028F6D1BAF1FF3F0CD024F4C064002E30
:1002B00019DD600614D5BAF12B0F09D0BAF12D0F54
:1002C0000ED103E0584604B0BDE8F09F44F48064CA
:1002D000A9697F1C01988847761E8246002E02DDA0
:1002E000BAF1300F03D0B9F1000F26D032E0A9697E
:1002F000761E44F400747F1C019888478246002EC5
:1003000005DDBAF1780F06D0BAF1580F03D0B9F174
:10031000000F10D01EE0B9F1000F02D0B9F1100F9C
:1003200018D1A969761E24F400747F1C01988847AF
:100330008246102002E0082000E00A20814609E001
:1003400008FB0908A969761E44F400747F1C019813
:1003500088478246002E05DD4946504600F0AAF83F
:100360000028EDDAE96901988847A00502D46FF00A
:100370000100A8E7E00725D1600613D5600502D586
:10038000C8F1000000E0404629680A1D2A6009689B
:10039000220501D5087015E0220701D5088011E07B
:1003A00008600FE02868011D29600068210502D55A
:1003B00080F8008006E0210702D5A0F8008001E067
:1003C000C0F8008038467EE700F0004230F0004080
:1003D0000AD0C10D01F56071C0F3160042EA015167
:1003E000C20840071143704700200146704701F0E2
:1003F000004330B421F0004150EA010206D00A0D5A
:10040000A2F56072C1F31301002A02DC30BC0020A7
:100410007047440F44EAC104C100E01830BC00EB4F
:10042000C25000F0D7B830B50B460146002020225C
:10043000012409E021FA02F59D4205D303FA02F5F1
:10044000491B04FA02F52844151EA2F10102F1DC51
:1004500030BD2DE9F05F0546002092469B46884658
:100460000646814640241BE0284641464746224630
:1004700000F0C1FA53465A46C01A914110D31146B2
:100480001846224600F0A8FA2D1A67EB01084F46DD
:1004900022460120002100F09FFA17EB00094E418F
:1004A000201EA4F10104DFDC484631462A464346BB
:1004B000BDE8F09F3A2800D2303820F02002412ACF
:1004C00001D3A2F13700884201D34FF0FF307047CB
:1004D000026811441378016018467047D1600449DE
:1004E00051610449116200211161114600F0AABA5C
:1004F000D10400083B0A0008426842B1016811F8C3
:10050000013B23B1521EC0E9001218467047012179
:10051000C160881E704742685AB1C368016843B918
:1005200083688B4205D0491E521CC0E9001200208E
:1005300070474FF0FF3070470FB4002300B589B00B
:100540000CA900910B996FF00042CB601E4B0693F3
:100550001E4B07930423CDE901321D4A089202463F
:100560006B46002000F098FC09B05DF814FB70B5F4
:1005700086B006464FF0FF300091CDE90101002022
:1005800015460C4604903246694604A8FFF7D4FF8E
:1005900002460498211825B108B1084600E020461B
:1005A0002860049800280DD0002A02DD00988842B7
:1005B00008D0081B0094CDE901043246694604A81E
:1005C000FFF7BAFF06B070BDF90400081705000870
:1005D0003B0A00080029A8BF7047401C490008BF1B
:1005E00020F00100704710B4B0FA80FC00FA0CF063
:1005F00050EA010404BF10BC704749B1CCF120049B
:1006000021FA04F411FA0CF118BF01212143084327
:10061000A3EB0C01CB1D4FEA00614FEA102042BF53
:10062000002010BC704700EBC35010440029A4BF49
:1006300010BC7047401C490008BF20F0010010BCEE
:1006400070472DE9FE4F804681EA0300C00F0C463B
:10065000009021F0004123F00045B8EB0200A941D1
:1006600005D24046214690461C460B46024623F0E2
:100670000040104347D0270DC7F30A00C3F30A51C7
:100680000290401A019040286BDAC3F3130040F443
:10069000801B0098924620B10023D2EB030A63EB43
:1006A0000B0B01985946C0F14002504600F094F9F6
:1006B00006460D4650465946019A00F0ACF910EB3B
:1006C00008006141002487EA115284EAE7731A4363
:1006D00040D0009A62B3019A012A4FEA075215DC12
:1006E000001B61EB02014FF0004202EA0752CDE924
:1006F0000042001C41F5801132462B4600F0F7FC09
:1007000003B0BDE8F08F40462146F9E7001B61EBDE
:100710000201001C41F5801300185B412018A2F56E
:10072000001747EB030140EAD570B6196D4111E09F
:100730006D084FEA360645EAC0754FEA0752001BBE
:1007400061EB0201001C41F5801149084FEA3000BD
:100750000019514132462B4603B0BDE8F04F00F07E
:10076000B7BC0098012240000023D0EB020263EBEB
:10077000E073009821464FEAE074B8EB000061EBAB
:100780000401E9E783F000435BE781F0004158E7AB
:100790002DE9FE4F81EA030404F0004421F00041FA
:1007A00000944FF0000B23F0004350EA01045ED0A8
:1007B00052EA03045BD0C3F30A54C1F30A552C4434
:1007C000A4F2F3340194A0FB0254C1F3130141F4E9
:1007D0008011C3F3130343F4801301FB024400FBB5
:1007E000034E840A970A44EA815447EA8357A4FBDC
:1007F000076802958D0A05FB07854FEA932C04FBD9
:100800000C542705029D4FEA065847EA1637B5EB08
:1008100008056EEB070C870E920E47EA811742EA35
:100820008312A7FB0201B6EB0B0164EB00042B0D56
:1008300043EA0C335E1844EB1C50DA465146E7FBA2
:100840000201C5F313044FEA0B3343EA14534FEA92
:100850000432019C43EA0603A4F10C040294009CB8
:10086000CDE900B400F043FC03B0BDE8F08F0020F8
:100870000146F9E72DE9F04D81EA030404F0004B4D
:1008800021F0004514464FF0000A23F0004150EAE1
:10089000050220D054EA01021DD0C5F30A570246D2
:1008A000C5F31303C1F31300C1F30A5640F48015D6
:1008B00043F48013A7EB0608101BD64608F2FD3858
:1008C00073EB050002D308F1010801E092185B41C7
:1008D000B8F1000F03DA00200146BDE8F08D0020DA
:1008E0004FF48011064684460EE0171B73EB050794
:1008F00005D3121B63EB050306434CEA010C4908C0
:100900004FEA300092185B4150EA0107EDD152EAFC
:10091000030012D082EA040083EA0501084305D0EF
:10092000101BAB4106D20122002306E000224FF04B
:10093000004302E06FF0010253101AEB06004CEB8B
:10094000085110EB0A0041EB0B01BDE8F04D00F03F
:10095000BFBBC1F30A52C1F3130140F2FF3341F4AC
:1009600080119A4202DA00200146704740F2334378
:100970009A42A2F2334202DC524200F03CB800F04C
:100980002BB8000030B5041E71F1000404DB4FF0F9
:100990000044404264EB0101141E73F1000405DBC6
:1009A0001C464FF00043524263EB0403994208BFD8
:1009B000904230BD064C074D06E0E06840F0010370
:1009C00094E8070098471034AC42F6D3FFF7E0FBF9
:1009D000F040030810410308202A04DB203A00FA03
:1009E00002F1002070479140C2F1200320FA03F386
:1009F000194390407047202A04DB203A21FA02F084
:100A00000021704721FA02F3D040C2F12002914048
:100A1000084319467047202A06DBCB17203A41FAD3
:100A200002F043EAE07306E041FA02F3D040C2F17B
:100A300020029140084319467047C0B24FF4F0516C
:100A400000F0A4BB2DE9F34F8BB04FF0000801F18B
:100A50000C000C464FF0010B46460DF1080A0190C0
:100A60006269012101989047051E2DD0252D2CD0BB
:100A7000216A8847C0B16269012101989047216AC3
:100A800088470028F7D1411E62690198904700E02D
:100A9000761CA1690B988847216A88470028F7D1FE
:100AA000E1690B988847DBE7A1690B9888470746FF
:100AB000A84201D1761CD3E7E1690B9888477F1CD7
:100AC00002D1B8F1000F6FD046E1002762693D46C0
:100AD0003946019890472A2804D16269012101987A
:100AE00090470125DFF884926269012101989047BF
:100AF000A0F130010A290AD24F45E5DC07EB870156
:100B000000EB4107303FDFD445F01005ECE7E90684
:100B100001D46FF000476C280AD04C2814D0682804
:100B200015D06A280DD074281CD07A281AD01DE060
:100B300062690121019890476C2802D045F00405B4
:100B400014E045F002050DE045F020050AE0626979
:100B5000012101989047682802D045F0080505E07A
:100B600045F400656269012101989047C4E9015785
:100B700065283DD019DC58287AD00CDC452837D0C0
:100B800004DC252826D0412831D131E046282FD059
:100B900047282CD12CE05B2877D0612828D0632807
:100BA0007CD0642823D15AE0D0E06F2848D008DCFC
:100BB00066281DD067281BD0692821D06E2816D141
:100BC00027E0702845D0732868D0752847D078284A
:100BD0000DD14DE0A1690B988847054625283FF4C3
:100BE00069AFE1690B9888476D1C3FF46AAFB3E0C9
:100BF00023466A466FF001000B9900F04DF99EE024
:100C000045F040006060A80723464FF0000236D44C
:100C10003EE0E8077FF447AF2068011D21600068CF
:100C2000290501D506701BE7290701D5068017E7BE
:100C3000A90703D5F117C0E9006111E706600FE7C6
:100C400045F040006060A80723464FF0080216D424
:100C50001EE040F60E0125EA0100606016E045F056
:100C600040006060A80723464FF00A0207D40FE057
:100C700045F040006060A80708D5234610226FF0B9
:100C800001000B99AFF3008059E007E023461022E2
:100C90006FF001000B99FFF7F1FA50E04FF00009F7
:100CA0004F464B46632802D05B2806D040E0E8065A
:100CB00001D40120A06001273AE062690121019876
:100CC00090475E2805D14FF00109626949460198B5
:100CD0009047216939B900210A46534643F821203B
:100CE000491C0829FADBB0B3216969B9C11700EBC7
:100CF000D16253110AEB830122F01F02821A0120F4
:100D00000B68904003430B60626901210198904792
:100D10005D28E8D1B9F1000F09D00020514651F803
:100D20002020D24341F82020401C0828F7DB02ABEA
:100D3000224600976FF001000B99AFF30080002866
:100D40000CDA401C08D1BBF1000F05D04FF0FF308A
:100D50000DB0BDE8F08FFFE74046F9E7E90701D1A4
:100D600008F1010806444FF0000B79E6CCCCCC0C1E
:100D70002DE9FF4F087883B09946FF2805D0491C1C
:100D80002D2804D00024002008E000200BE00124DE
:100D9000F9E700EB800003EB4000491C0B78FF2BC8
:100DA000F7D104B1404200230293147819461D463E
:100DB0002D2C01D02B2C04D1521C2D2C13D000240F
:100DC0000294AA461478FF2C0FD00A25A3FB0578BD
:100DD00001FB05814FF0000C03FB0C11521CE319C1
:100DE0004AEB0101EEE70124EAE7814453EA0100FE
:100DF00002D019F5C87F06DA03980021C0E9001176
:100E000007B0BDE8F08F0025AE4E2F46DFF8B88260
:100E1000184600F0CFF9CDE90001B9F1000002DA7F
:100E2000C9F1000400E004460023A74A1AEB030BB3
:100E300042EB045A12E0E00707D02A463346384610
:100E40004146FFF7A5FC074688462A46334610462A
:100E50001946FFF79DFC05460E466410002CEAD1AA
:100E6000DDE90001B9F1000F5A46534606DAFFF7F3
:100E700001FD3A464346FFF7FDFC05E0FFF788FC1D
:100E80003A464346FFF784FC029A0AB181F00041DA
:100E9000039AC2E90001B3E72DE9FF4F1F468DB069
:100EA000D7E901464FF0FF382E2045464FF00009A4
:100EB0000B90B9696D1C0E988847396A824688473D
:100EC0000028F6D1BAF1FF3F0AD024F4D064002EF6
:100ED00011DDBAF12B0F08D0BAF12D0F0BD102E0C2
:100EE000404611B08DE744F48064B9696D1C0E98DA
:100EF00088478246761E6946600501D52D2000E0B0
:100F00002B208DF8000001F1010B0DF1200809E004
:100F1000B9696D1C0E98884782460F9844F4007496
:100F2000761E0560002E02DDBAF1300FF0D00B996D
:100F30008A453ED144F0800406E00F99681CA9F16F
:100F4000010944F400740860B9696D1C761E0E989E
:100F5000884782463028F0D02BE00B998A4505D18E
:100F6000200603D444F08004761E18E0504605F0B5
:100F7000F1FB08B30DF11301761E44F400748B45A8
:100F800008D2AAF130000BF8010B200607D5A9F111
:100F9000010003E0200602D409F101008146A0050A
:100FA00002D50F99681C0860B9696D1C0E988847B6
:100FB0008246002ED1DC53E0002E51DDBAF1650FE0
:100FC00002D0BAF1450F4BD1A00549D5B9696D1CC6
:100FD00024F44074761E0E9888478246002E0CDD5D
:100FE0002B2804D0BAF12D0F07D144F48074B969CD
:100FF0006D1C0E9888478246761EE00501D52D218E
:1010000000E02B2108F8011BCDF82C8021E00DF128
:101010002901761E44F4007488450CD2AAF13000F0
:1010200010F0FF0088F8000002D10B99884509D91B
:1010300008F1010806E0E00501D5244801E042F28C
:101040000F708146B9696D1C0E98884782460F98CB
:101050000560002E04DD504605F07CFB0028D6D14B
:10106000F9690E988847FF208BF8000088F8000087
:101070000020069007904B466A4608A906A8FFF78D
:1010800077FEA00502D46FF001002AE714F0240FC8
:101090000AD0E00714D1DDE906123868031D3B6071
:1010A0000068C0E900120BE0DDE90601FFF79FF9D7
:1010B0000146E00704D13868021D3A60006801600B
:1010C00028460EE7000014400000F03FF1D8FFFF73
:1010D00010B5141E73F1000408DA401C41F1000140
:1010E00092185B411A4301D120F0010010BD2DE997
:1010F000F04D92469B4611B1B1FA81F202E0B0FA8E
:1011000080F220329046FFF767FC04460F4640EA23
:101110000A0041EA0B0153465A46084313D01146D0
:1011200053EA010019D0C8F140025046FFF763FCB2
:1011300005460E46504659464246FFF74DFC0843C9
:1011400005D0012004E020463946BDE8F08D00209E
:10115000054346EAE0762C4337430A986305E40AE0
:10116000A0EB08000022FD0A44EA47540A3002D5E9
:1011700000200146E9E7010510196941DDE908454C
:1011800000196941BDE8F04DA2E700007F2801D9B0
:10119000002208E0064A02EB5002C007127800D194
:1011A000120902F00F020120904008407047000031
:1011B000674003080EB540F2334202920022CDE9A7
:1011C00000221346FFF793FF03B000BD70B505463C
:1011D0000C4608480560204600F00EF800BF0548A0
:1011E00000680028FBD100214FF0804000F0FFFF95
:1011F00070BD0000D40000203EB5044600214FF031
:10120000804000F0F4FF00220121880701F057F828
:10121000022C02D10B20019004E0012C02D142F6F5
:10122000DF6001900520ADF800000020ADF8080057
:10123000ADF8020069464FF0804001F093F80121BB
:10124000880700F0D1FF0121880700F0C1FF0122CB
:101250001146900701F033F80121880700F0C7FF1D
:101260003EBD00BFFEE72DE9F04305460E464FF6B2
:10127000FF7448F2050817E015F8010B00F0BFFBFA
:10128000814684EA092408270BE004F4004018B1E1
:1012900088EA440084B203E04FF6FF7000EA440499
:1012A0007F1E002FF1D100BF301EA6F10106E3D151
:1012B000204600F091FBBDE8F083000010B5ADF5CD
:1012C000916D0020524908705248006898B9524800
:1012D000008801280FD100F063FD504908700846CE
:1012E0000078002804DD08460078401C087002E001
:1012F00001204A4908704948027849A14A4805F046
:1013000005F995A9002006F091FE044634B1214666
:1013100046A005F0EBF80DF5916D10BD49A102A8AE
:1013200006F06EFF044644B1214647A005F0DEF802
:101330000021084606F07AFEEDE712223A490BA892
:1013400006F08EFE0446002C3CD13348008801286C
:1013500038D10BA80E9906F091FD04464048B0F92B
:101360000000072809DD3E48B0F90000C21F01ABAC
:101370003C490BA807F00AF8044684B93AA0016872
:10138000009101AB022269460BA806F0FFFF04465C
:1013900024B92248017835A005F0A8F800BF1D48FF
:1013A0000068401C1B49086008460068B0F5967F3D
:1013B0000DD31A480078401C1849087000201549C0
:1013C000086004E01548017832A005F08FF80BA8FA
:1013D00006F044FD0021084606F028FE95A90020ED
:1013E00006F024FE044617A102A806F009FF0446F1
:1013F00001220D490BA806F033FE04460BA806F0A7
:101400002DFD0021084606F011FE00BF83E7000015
:10141000100000200C000020040000201300002019
:1014200025642E7478740000F8100020B9D2D4D846
:10143000CEC4BCFECFB5CDB3CAA7B0DC202825648E
:10144000290D0A002F000000B4F2BFAAB8F9C4BFEA
:10145000C2BCCAA7B0DC20282564290D0A00000000
:10146000DE000020F91F00200D0A00007061676592
:1014700031372E74302E7478743D2225642E7478A2
:1014800074CEC4BCFED0B4C8EBB3C9B9A622FFFF6A
:10149000FF00000025642E74787420CEC4BCFED0FA
:1014A000B4C8EBCAA7B0DC0D0A0000000246094B25
:1014B0009A4201D2084801E00648103801F0005372
:1014C0001BB1064B0B40C36002E0044B0B40836032
:1014D0007047000010640240006002407D0F7D0FE5
:1014E00021B1026842F00102026003E0026822F0CA
:1014F0000102026070470000016821F001010160F3
:101500000021016041608160C16001612121416170
:101510004A49884204D13D21484A103A91608CE002
:1015200046491831884205D14FF47461434A103A54
:10153000916082E041493031884205D14FF4741105
:101540003E4A103A916078E03C494831884205D1E2
:101550004FF07461394A103A91606EE0374960315A
:10156000884204D13649354A103AD16065E03349A2
:101570007831884204D13349304A103AD1605CE076
:101580002E499031884204D12F492C4A103AD1601B
:1015900053E02A49A831884205D14FF03D51274AEE
:1015A000103AD16049E02949884204D13D21274AB7
:1015B000083A116041E025491831884205D14FF4BD
:1015C0007461224A083A116037E02049303188427C
:1015D00005D14FF474111D4A083A11602DE01B49E2
:1015E0004831884205D14FF07461184A083A1160B9
:1015F00023E016496031884204D11149134A121F71
:1016000011601AE011497831884204D10D490F4A1E
:10161000121F116011E00D499031884204D10A492E
:101620000A4A121F116008E00849A831884204D113
:101630004FF03D51054A121F116070471060024083
:101640003D000020400F002000003D2010640240BB
:10165000014600200A6802F001020AB1012000E000
:10166000002070470146486880B2704730B5034695
:101670000A46002000240B4DAB4201D20A4901E08A
:101680000849103902F000550DB14C6800E00C68B3
:10169000064D2C4004EA02050DB1012000E00020B7
:1016A00030BD000010640240006002407D0F7D0FDD
:1016B00010B500220268134B1A40CC680B68234314
:1016C0004C6923438C692343CC6923430C6A23432D
:1016D0004C6A23438C6A23434C6B23438C6B234318
:1016E0001A430260426922F00702D1E90B34234316
:1016F0001A4342610B6943604B6883608B68C36027
:1017000010BD00003F801CF010B500F039FA00F069
:10171000E5FC00F0A3FC10BD70B505460C46FF2C9F
:1017200016DA224629461148FEF74AFD00211048E4
:10173000FFF7D6FE00BF0E48FFF78AFF0028FAD158
:1017400021460B4800F018F801210948FFF7C8FEB0
:1017500009E008490648FFF789FF20B10549044818
:10176000FFF7A4FE00E0F4E700BF70BDF320002007
:10177000A0640240000020204160704770470000D4
:1017800008B50F480F4B104A002100900F4801F098
:101790007DFD13E00C490D4802F0E6FD00F042F932
:1017A0000B480078012809D10A4804F065FD0020A3
:1017B00007490870FF210748FEF71BFDEAE7000014
:1017C0008400002058000020701F0020C419002051
:1017D000DD000020F41F0020F0B50A4600210023A0
:1017E000002400BF3DE0012505FA01F3156805EA74
:1017F00003049C4234D105684F000326BE40B54324
:10180000056015794E00B5400668354305601579C9
:10181000012D02D01579022D16D185684F000326BF
:10182000BE40B543856055794E00B5408668354366
:101830008560456801268E40B543456045689679C8
:101840008E40B6B235434560C5684F000326BE40A2
:10185000B543C560D5794E00B540C6683543C5600F
:10186000491C1029BFD3F0BDF0B5002300244D075B
:10187000ED0E02FA05F3CE1000F1200555F82650C2
:101880004E07F70E0F26BE40B543CF1000F12006DD
:1018900046F82750CE1000F1200555F8265045EAAD
:1018A0000304CE1000F1200545F82640F0BD418329
:1018B00070470183704701464869806880B270476D
:1018C00008B50146D1F8CC00006800900098C0F33C
:1018D000414008BD024602F29B30405C7047024620
:1018E00002F5547050F82100704770B504460E465A
:1018F00000250021C4F8101300BF0BE0002104F5FF
:10190000457040F825103C3040F825103C304155DA
:10191000681CC5B20F2DF1DB0821A4F8B2133146C3
:10192000204603F00DFD204603F014F9204602F096
:10193000D3FF0121204603F06FFD204603F065F838
:10194000204603F060F9002070BD0146D1F8100375
:10195000704710B50446204603F0D1FC002010BDAE
:1019600070B504460D46002104F29B3041551130FC
:1019700000EB451041612946204603F06FFB70BD26
:1019800009A100200BE00A56124B9A8000BF114AB1
:10199000128802F04002002AF9D0421CD0B22A2854
:1019A000F1D300BFFEE700000D0A456E746572209A
:1019B000486172644661756C745F48616E646C6501
:1019C000722C2053797374656D2048616C742E0DF0
:1019D0000A0000000010014010B50246002000215E
:1019E0000AE001238B4013402BB1C1F10F04012306
:1019F000A3409BB21843491C1029F2DB10BD10B55F
:101A00000246002000210AE001238B4013402BB145
:101A1000C1F107040123A340DBB21843491C082984
:101A2000F2DB10BD10B50948007800B910BD0848B8
:101A3000007800B1FAE70020044908704FF4005123
:101A40000448FFF736FF00BFF0E70000EC0000207D
:101A5000ED0000200010024010B54FF40051054881
:101A6000FFF725FF0120044908701420034908707E
:101A700010BD000000100240EC000020ED0000202E
:101A80001CB50121102000F099F84FF4604000903F
:101A900001208DF8040003208DF8050069460948EF
:101AA000FFF79AFE4FF400510648FFF702FF4FF48C
:101AB00080410448FFF7FDFE4FF400410148FFF765
:101AC000F8FE1CBD0010024000BFFEE7704700009A
:101AD00070B5002100230F22C4781CB3174C246872
:101AE00004F4E064C4F5E064C4F30721C1F1040424
:101AF000E3B20A4144789C40E1B284781440214327
:101B00000C07210E0E4C05786155047804F01F0572
:101B10000124AC4005786D11AD0005F1E025C5F854
:101B2000004109E0047804F01F050124AC40054D94
:101B30000678761145F8264070BD00000CED00E0F7
:101B400000E400E080E100E002490143024A116044
:101B5000704700000000FA050CED00E0024A0A4060
:101B60000243024B1A60704780FFFF1F08ED00E040
:101B700010B5024802F05EFA10BD0000C419002042
:101B8000002004E00B4921F81000411C88B2B0F598
:101B90007A7FF7DB002009E0C0F57A718AB200F5A0
:101BA0007A71044B23F81120411C88B2B0F57A7F7A
:101BB000F2DB7047682300207047000029B1064A15
:101BC00012680243044B1A6004E0034A126882431D
:101BD000014B1A60704700003038024029B1064AB4
:101BE00012680243044B1A6004E0034A12688243FD
:101BF000014B1A60704700004038024029B1064A84
:101C000012680243044B1A6004E0034A12688243DC
:101C1000014B1A60704700002038024029B1064A83
:101C200012680243044B1A6004E0034A12688243BC
:101C3000014B1A60704700004438024029B1064A3F
:101C400012680243044B1A6004E0034A126882439C
:101C5000014B1A607047000024380240F0B50021A3
:101C600000220024022500260223324F3F6807F09D
:101C70000C0121B1042905D0082937D105E02E4FE8
:101C8000076036E02D4F076033E02A4F3F1F3F6863
:101C9000C7F38056274F3F1F3F6807F03F036EB1E1
:101CA000264FB7FBF3F7DFF88CC0ACF1040CDCF87F
:101CB00000C0CCF3881C07FB0CF40CE01E4FB7FBF4
:101CC000F3F7DFF870C0ACF1040CDCF800C0CCF323
:101CD000881C07FB0CF4174F3F1F3F68C7F30147F1
:101CE0007F1C7D00B4FBF5F7076002E0124F076030
:101CF00000BF00BF0F4F3F6807F0F0010909104F08
:101D00007A5C0768D74047600A4F3F6807F4E051A4
:101D1000890A0B4F7A5C4768D7408760054F3F6858
:101D200007F46041490B064F7A5C4768D740C760AB
:101D3000F0BD0000083802400024F40000127A00D0
:101D4000250000200FB410B5A2B025A80190802175
:101D500002A8019B249A04F0EDFB044600200190A8
:101D6000002C03DD214602A800F004F822B010BCCC
:101D70005DF814FB10B50246002000BF0AE0135CBA
:101D8000064CA38000BF054B1B8803F04003002BCB
:101D9000F9D0401C8842F2D310BD00000010014071
:101DA00070B5ADF5207D002613A9002006F03EF9A0
:101DB00004463CB1214622A004F098FB00200DF51A
:101DC000207D70BD24A10AA806F01AFA044664BB5F
:101DD00020E09DF8100000F0100000B11AE02E2164
:101DE0000DF11100FEF71EFA054695B11BA128461C
:101DF000FEF70AFA68B901AA1AA10DF11100FEF75F
:101E000021FA012804D10198B04201DD0198C6B23F
:101E100000BF00BF02A90AA806F02EFA041E08D1CE
:101E20009DF811000028D4D103E021460FA004F052
:101E30005DFB0021084606F0F9F83046BFE70000D8
:101E4000B9D2D4D8B4E6B4A2C9E8B1B8CAA7B0DC54
:101E500020282564290A00002F0000002E747874C1
:101E60000000000025642E7478740000B4F2BFAA4C
:101E7000C4BFC2BCCAA7B0DC20282564290A000060
:101E8000704700000CB500200190009034480068B5
:101E900040F480303249086000BF3148006800F4E7
:101EA000003000900198401C0190009818B90198EA
:101EB000B0F5A04FF1D12A48006800F4003010B10D
:101EC0000120009001E0002000900098012846D1F8
:101ED00023484030006840F080502149403108607C
:101EE0002048006840F480401E4908601C480830C3
:101EF00000681B49083108600846006840F400404B
:101F000008600846006840F4A05008601648091FA1
:101F10000860081F006840F08070091F086000BF5B
:101F20000F48006800F000700028F9D040F205600A
:101F30000E4908600A480830006820F0030008498C
:101F4000083108600846006840F00200086000BFE1
:101F500003480830006800F00C000828F8D10CBDD8
:101F6000003802400070004008544007003C024026
:101F700010B500F001F810BD10B51948006840B167
:101F800017480068401E1649086010B9012015491D
:101F90000870002408E004EB4401134A02EB8100BE
:101FA00004F087FF601CC4B2042CF4DB0F48006807
:101FB000401C0E490860084600686FF000418842E6
:101FC00002D100200949086009480078401CC0B2CD
:101FD000074908700A2801DB0020087010BD0000C6
:101FE000180000201C000020081100202000002004
:101FF0002400002010B51548006840F47000134913
:1020000008601348006840F0010011490860002092
:102010000F49083108600E4800680E4908400C4915
:1020200008600D48091D0860081F006820F4802022
:10203000091F0860002006490C310860FFF722FFE5
:102040004FF0006001498039086010BD88ED00E064
:1020500000380240FFFFF6FE1030002400B58FB0BC
:1020600001218805FFF7AAFD1948FFF745FA00BFCF
:102070001748FFF7EDFA0028FAD14FF040600090C2
:102080001448019014480290402003904FF4FA60E5
:102090000490002005904FF4806006904000079067
:1020A000800008904011099000020A9000200B90D7
:1020B00003200C9000200D900E9069460448FFF715
:1020C000F7FA01210248FFF70BFA0FB000BD00003C
:1020D00070640240400001406823002000B58BB0CE
:1020E00001210846FFF79AFD01211020FFF766FD48
:1020F0004FF48040099002208DF8280003208DF8CD
:10210000290000208DF82A0001208DF82B0009A954
:102110001F48FFF761FB01220E211D48FFF7A4FBBA
:10212000A720ADF818000020ADF81A004FF4FA709F
:1021300007900020ADF820008DF8220006A9154870
:1021400000F010F96020ADF804000120ADF80600A1
:10215000002003900220ADF8100001A90D4800F006
:10216000B7F808210B4800F0EFF80121094800F00A
:102170002FF801221103074800F087F801210548D4
:1021800000F035F80121034800F070F80BB000BDF5
:10219000001002400000014010B502F073FB10BDBA
:1021A00010B50121084800F079F860B10121064816
:1021B00000F01AF805480078002804DD034800788C
:1021C000401E0249087010BD00040040ED000020D0
:1021D00021B1028842F08002028004E002884FF6BA
:1021E0007F731A4002807047CA430282704721B150
:1021F000028842F00102028004E002884FF6FE737A
:102200001A400280704700001FB501210220FFF72D
:10221000E5FC40F2E73002905320ADF804000020C6
:10222000ADF80600ADF80C0001A90F4800F09AF8CF
:10223000012211460C4800F042F801210A48FFF73C
:10224000D6FF4FF4A060FFF77FFC1D208DF8000043
:1022500001208DF801008DF802008DF8030068461A
:10226000FFF736FC1FBD00000004004031B1B0F89C
:10227000442042F40042A0F8442005E0B0F8442095
:10228000C2F30E02A0F8442070471AB183890B43B1
:10229000838102E083898B438381704730B5024696
:1022A000002000230024158A05EA0103958905EA28
:1022B000010413B10CB1012000E0002030BD1AB1BF
:1022C00083890B43838102E083898B438381704739
:1022D00070B5002200230024058C4EF6FF763540B1
:1022E0000584038C8488828B48F6FF752A404FF65C
:1022F000FF452A400D884FF6FF7606EA05252A435A
:102300004DF6FF752B408D8906EA05352B434D8828
:1023100006EA05352B430A4DA84202D0094DA842D2
:1023200008D14BF6FF752C400D8A4FF6FF7606EA72
:1023300085152C43848082838D680564038470BD79
:1023400000000140000401400A460021818B4FF249
:10235000FF7319404FF6FF7303EA02231943818389
:102360007047000000220288184B98420ED0184B8C
:1023700098420BD0B0F1804F08D0164B984205D050
:10238000154B984202D0154B984204D14FF68F73EB
:102390001A404B881A43124B984207D0114B98426F
:1023A00004D04FF6FF431A400B891A4302804B6852
:1023B000C3620B880385054B984202D0044B9842B8
:1023C00001D18B7A0386012383827047000001408C
:1023D000000401400004004000080040000C0040E0
:1023E000001000400014004000B589B00821080624
:1023F000FFF7B4FB4FF4A060FFF7A6FB25208DF894
:10240000200001208DF8210000208DF822000120FD
:102410008DF8230008A8FFF75BFB01210920FFF7D7
:10242000CDFB01211020FFF7F9FB294800F0B0F99E
:1024300002A800F0D6FA684600F08EF902208DF866
:102440001C008DF81D0000208DF81E0001208DF865
:102450001F004002069006A91E48FFF7BDF907229B
:1024600009211C48FFF700FA4FF48060069006A986
:102470001848FFF7B1F907220A211648FFF7F4F9C7
:102480006946134800F058F94FF4E13002900020FB
:10249000ADF80C00ADF80E00ADF81000ADF814006A
:1024A0000C20ADF8120002A9094800F027FA012219
:1024B00040F22551064800F0FCF940F2266104483C
:1024C00000F02BF90121024800F04CF909B000BDE1
:1024D000001001400000024010B540F225511D4897
:1024E00000F0BDF950B31B4880881B491B4A126895
:1024F00088541A480068401C18490860084600685B
:1025000002280FD308460068801E1349085C232860
:1025100008D112480068401E085C2A2802D1012018
:102520000F4908700D480068642802D900200B4943
:10253000086040F22551074800F0EFF840F227719B
:10254000044800F08CF920B140F22771014800F0F6
:10255000E4F810BD0010014004230020E800002032
:10256000E400002000B58FB001218805FFF726FBAD
:102570001848FEF7C1FF00BF1648FFF769F80028AA
:10258000FAD14FF020600090134801901348029058
:1025900000200390FF200490002005904FF48060FD
:1025A000069000200790089009904FF480300A9020
:1025B00000200B9003200C9000200D900E90694697
:1025C0000448FFF775F801210248FEF789FF0FB0B4
:1025D00000BD00002864024004140140F41F0020E4
:1025E00000B58FB001218805FFF7E8FA1848FEF71B
:1025F00083FF00BF1648FFF72BF80028FAD14FF0F1
:1026000020600090134801901348029040200390EE
:10261000FF200490002005904FF480600690002079
:102620000790089009904FF480300A9000200B909A
:1026300003200C9000200D900E9069460448FFF78F
:1026400037F801210248FEF74BFF0FB000BD000034
:10265000A064024004140140F320002010B540F2B1
:102660002441234800F0FBF858B340F224412048AD
:1026700000F053F81E4800F0ABF900B21D49088085
:1026800000211D48FEF72CFF1C491B48FEF70EFFDA
:102690001948FEF7E7FFC0F1FF0000B215490880B6
:1026A0000846B0F90000002802DD01201449087036
:1026B000FF211148FFF760F801210F48FEF710FFD6
:1026C00014E040F226610A4800F0C9F870B140F207
:1026D0002661074800F021F80A4907487830FEF7DC
:1026E000E5FE002104487830FFF746F810BD0000F1
:1026F00000140140DE00002028640240400F00105A
:10270000DD00002000003D2001F40072B2F5007FE2
:1027100000D100BFCA430280704710B500220023D9
:1027200040F66A14A14200D100BF0A12012494406D
:10273000A3B2DC43048010BD10B502460020108A0D
:1027400020F470600B884C8823438C882343CC880A
:1027500023431843108210BD0021018041808180F5
:10276000C180704721B1828942F40052828104E025
:1027700082894DF6FF731A40828170471AB1838AAD
:102780000B43838202E0838A8B438382704700007D
:1027900010B504462548844208D101211020FFF7D6
:1027A0004DFA00211020FFF749FA3EE0204884420C
:1027B00009D101214804FFF721FA00214FF400302C
:1027C000FFF71CFA31E01B48844209D1012188043B
:1027D000FFF714FA00214FF48020FFF70FFA24E0EE
:1027E0001548844209D10121C804FFF707FA0021E6
:1027F0004FF40020FFF702FA17E01048844209D195
:1028000001210805FFF7FAF900214FF48010FFF7C6
:10281000F5F90AE00A48844207D101212020FFF798
:102820000DFA00212020FFF709FA10BD0010014029
:102830000044004000480040004C00400050004070
:102840000014014002460020B1F5007F00D100BF16
:1028500013880B400BB1012000E00020704770B5D9
:102860000246002400230025002040F66A16B142EB
:1028700000D100BFC1F3421501F01F03012606FA83
:1028800003F3012D02D19689334006E0022D02D1D7
:10289000168A334001E0968A33400C12012606FA6C
:1028A00004F41688344013B10CB1012000E000207C
:1028B00070BDF0B50346002400260025002040F638
:1028C0006A17B94200D100BF1846C1F3421401F0A3
:1028D0001F06012707FA06F5012C01D10C3004E090
:1028E000022C01D1103000E014301AB107682F43D8
:1028F000076002E00768AF430760F0BD2DE9FF47BE
:1029000005460E460024A14600BFA046B08900B18E
:1029100000BF2C8A24F44054F08804432C82AC89F4
:1029200041F20C608443B0883189084371890843BF
:102930000443AC81AC8A24F44074B0890443AC8273
:102940006846FFF78BF92048854202D01F48854230
:1029500002D1DDF80C9001E0DDF80890A88900F4C0
:10296000004040B109EBC90000EB09103168490093
:10297000B0FBF1F707E009EBC90000EB0910316883
:102980008900B0FBF1F76420B7FBF0F004012009E7
:10299000642101FB1078A88900F4004040B1322086
:1029A00000EBC800B0FBF1F000F00700044308E0C2
:1029B000322000EB08106421B0FBF1F000F00F00B2
:1029C00004432C81BDE8FF87001001400014014042
:1029D00001468888C0F308007047C1F3080282806E
:1029E00070474FF41651016000218180C180018140
:1029F0000C21418100218181704770B505460E464A
:102A0000284600F0BEF904464FF6FF70844205D018
:102A100046F4004105F28C5020F81410E0B270BD6D
:102A20002DE9F04105460E4617461C46012105F5E5
:102A30006B7000EB4410817005F56B7000EB441077
:102A4000C66005F56B7000EB4410076105F56B700F
:102A500000EB4410007E30B9002105F56B7000EBEF
:102A60004410017205E0022105F56B7000EB441083
:102A7000017221462846FEF773FF0020BDE8F08171
:102A80002DE9F04105460E4617461C46002105F586
:102A90006B7000EB4410817005F56B7000EB441017
:102AA000C66005F56B7000EB4410076105F56B70AF
:102AB00000EB4410407E28B905F56B7000EB441024
:102AC000017205E0022105F56B7000EB4410017204
:102AD00021462846FEF744FF0020BDE8F0812DE99D
:102AE000F04105460C4616461F460221217501217C
:102AF00061750021E1822683618306F080008028D1
:102B000005D105F56B7000EB4710017605E000215B
:102B100005F56B7000EB4710417600231A462146FD
:102B2000284600F02BF8BDE8F08101460122C1F8EB
:102B30001023002070472DE9F04105460E46174648
:102B40001C46012105F56B7000EB441081700221D9
:102B500005F56B7000EB4410017205F56B7000EB2E
:102B60004410C66005F56B7000EB44100761214608
:102B70002846FEF7F5FE0020BDE8F0812DE9F04182
:102B800080460C4615461E460127E078012802D0F3
:102B9000022820D108E032462946204601F0D9FC1F
:102BA0000220E070012717E0207F0D2805D10120C9
:102BB000E0700021217700270CE0207F0B2803D153
:102BC0000120E070022705E0207F0C2802D10120BF
:102BD000E070032700E000BF00BF3846BDE8F08189
:102BE0002DE9F04105460F4616461C46002105F525
:102BF0006B7000EB4410817005F56B7000EB4410B6
:102C0000C76005F56B7000EB441006612EB9012119
:102C100005F56B7000EB4410417605F56B7000EB29
:102C20004410407E30B9002105F56B7000EB441074
:102C3000017205E0022105F56B7000EB4410017292
:102C400021462846FEF78CFE0020BDE8F08170B5D5
:102C500005460E461446002105F56B7000EB441046
:102C60008170032105F56B7000EB4410017205F5CE
:102C70006B7000EB4410C660082105F56B7000EB2B
:102C80004410016121462846FEF76AFEC0B270BDBD
:102C90000246022106E0002302F28C5020F8113097
:102CA000481CC1B20829F6DB0020704770B5054604
:102CB0000C46002020706070A0700120E07001219F
:102CC00021774021A171002084F8200001212120DA
:102CD00001552179284600F023F86179284600F053
:102CE0001FF8002070BD01460022C1F8102300200B
:102CF000704770B504460D46052D01D0042D06D150
:102D0000D4F88010486C80470A20207007E0062D18
:102D100005D10A202070D4F880100868804770BD63
:102D20000246082909DA02F28C5030F81100C0F38B
:102D30000E0302F28C5020F81130002070472DE96C
:102D4000F04780460C4616461D46DDE9089746F0DA
:102D50008001217506216175E58205F47F40B0F59B
:102D6000407F03D140F20941218301E0002121830A
:102D700067833B464A4621464046FFF7FFFEBDE8D3
:102D8000F0870246002100BF0AE002F28C5030F8C2
:102D9000110000F4004008B908467047481CC1B251
:102DA0000829F2DB4FF6FF70F7E710B502460B88F3
:102DB000147823440B801378981810BD2DE9FC413A
:102DC00004460D461646002704F588704FF400733C
:102DD00000222946CDE900062046FFF7B0FFB0F1FA
:102DE000000814D106E004F58870C05D0949C85593
:102DF000781C87B2B742F6DB04F5887305F1500200
:102E000005F13E0105F13400009601F0B5F94046A8
:102E1000BDE8FC81C41700202DE9FC4104460D46A5
:102E2000164604F588704FF4807300222946CDE9D8
:102E300000062046FFF783FF071E06D1324604F541
:102E4000887105F1220001F025FA3846BDE8FC81C1
:102E50002DE9FC470446884615461E460A9F04F5A0
:102E6000887045F4407300224146CDE900072046B2
:102E7000FFF765FFB0F1000905D13A46314604F588
:102E8000887001F056FA4846BDE8FC872DE9F0410C
:102E900006460C464FF0000800250021A174207F53
:102EA0000C2876D2DFE800F0FD060F3D46657691EE
:102EB0009AC0D7ED627904F114013046FFF7C7FEDE
:102EC00002212177EEE061793046FEF703FD0546E9
:102ED000012D1FD1207D00F08007608B58B141F299
:102EE000883072490880802F02D1032121770CE0BD
:102EF0000521217709E032206C490880802F02D11A
:102F00000921217701E0072121773046FEF7D3FC24
:102F1000208205E0032D03D10B2121770521A17427
:102F2000C0E02379A2893046A168FFF704FE04219E
:102F30002177B7E021793046FEF7CCFC0546012D1C
:102F400001D109212177042D02D1607820700FE092
:102F5000032D02D10B2121770AE03046FEF7ABFCAE
:102F6000218A401A51490988884201D90B212177C9
:102F700098E00121627906F56B7000EB4210417612
:102F80006379A2893046A168FFF72AFE06212177DE
:102F900088E086E061793046FEF79CFC0546012D0D
:102FA00002D1072121770FE0042D04D16078207031
:102FB0000C21217708E0022D02D10521217703E0C1
:102FC000032D01D10B2121776CE0237900221146DA
:102FD0003046FFF7B0FD0821217763E021793046C4
:102FE000FEF778FC0546012D04D1607820700D2194
:102FF000217718E0032D02D10B21217713E0304611
:10300000FEF759FC218A401A28490988884202D9CA
:103010000B21217707E0042D05D160782070042171
:10302000A1744FF003083DE0617906F56B7000EB89
:103030004110407E80F00101627906F56B7000EB73
:10304000421041766379002211463046FFF7C8FDF1
:103050000A21217726E061793046FEF73BFC0546E0
:10306000012D04D1607820700D21217708E0022D18
:1030700002D10921217703E0032D01D10B21217712
:1030800010E0A07B401CC1B2A173022902DC012127
:10309000217705E00821A174607820704FF00208C4
:1030A00000E000BF00BF4046BDE8F0817C0000208A
:1030B00070B592B005460C460126A0780A287AD24F
:1030C000DFE800F00528375D667A97B4D1DB082287
:1030D00021462846FFF7A0FED8B994F82910A1711F
:1030E0002846FEF736FC0120A070A0790021CDE92A
:1030F0000010617900231A46284600F069FFA07984
:103100000021CDE90010217900231A46284600F05D
:103110005FFFB5E0122221462846FFF77DFE38B951
:10312000D4F88000C16904F1220088470220A07011
:10313000A6E001222146284601F0E5F9F0B9022077
:1031400001F0BCFB0120A41CA077D4F87E10086A13
:10315000804703202070002000900190A27FA1787A
:103160000346284600F034FF002000900190A27F23
:10317000A41E61790346284600F02AFF80E0092258
:1031800021462846FFF71AFE08B90420A07077E010
:10319000E28E21462846FFF711FE58B9D4F8800088
:1031A00004F1500204F13E01436A04F134009847EF
:1031B0000520A07064E062E094F8300088B1FF2040
:1031C000009094F8302002AB21462846FFF740FEDD
:1031D00070B9D4F88000816A02A888470620A070E0
:1031E00006E0D4F88000816A27A088470620A070F6
:1031F00046E094F8310088B1FF20009094F8312027
:1032000002AB21462846FFF723FE70B9D4F88000B0
:10321000C16A02A888470720A07006E0D4F88000A1
:10322000C16A19A088470720A07029E094F83200ED
:1032300088B1FF20009094F8322002AB2146284646
:10324000FFF706FE70B9D4F88000016B02A888472A
:103250000820A07006E0D4F88000016B0AA088471F
:103260000820A0700CE094F839202146284601F08F
:103270005DF908B90920A07002E0002600E000BF57
:1032800000BF304612B070BD4E2F41002DE9F04115
:1032900006460F4614461D46DDF81880304601F0FC
:1032A000AFFA002001F094FA21463046FFF7FEFC09
:1032B000E567C4F8808039463046FEF716FBD4F83F
:1032C000801008688047304601F084FABDE8F0813C
:1032D00070B505460C4621212175FF21617500213D
:1032E000E1822183618300231A4621462846FFF7A5
:1032F00045FC70BD2DE9F04105460E4614460127F8
:1033000014B1012C12D108E010480378C27831467C
:103310002846FFF7E4FB074609E00C48437882782B
:1033200031462846FFF7DBFB074600E000BF00BF41
:1033300007480068401C06490860084600680428E1
:1033400000D904273846BDE8F0810000A81100200C
:103350003800002010B5024600200023014C2370E5
:1033600010BD0000981100202DE9F04105460F46E0
:10337000002601242846FEF7E8FA20B31548017814
:103380002846FEF7ACFA06460D2E01D002241CE0BA
:10339000114800681149884216D10F484068104909
:1033A0004968884211D10C48007B08B900240CE020
:1033B0000948007B012801D1012406E00648007B72
:1033C000022802D1022400E002240648C4732046E9
:1033D000BDE8F081A8110020881100205553425308
:1033E0006811002098110020012812D10D49097898
:1033F000491C0C4A1170114609780A2905DA062180
:10340000094A11700121D1700AE00A21064A11709F
:1034100006E0022803D10A21034A117000E000BF30
:1034200070470000540000209811002070B5054638
:103430000C46A1212175FE2161750021E1822183C5
:10344000012161830123034A21462846FFF796FBA9
:1034500070BD0000B01100202DE9F04781460F46F5
:103460003E46012403254FF000084846FEF76DFA5A
:10347000002878D05E4800780B2875D2DFE800F08D
:10348000060D1E5566798A999E44B000484600F0A4
:103490005FFA012056490870A5E039464846FFF713
:1034A00017FF044614B9022051490870032C04D1B7
:1034B00002204F4948700920087094E03946484678
:1034C000FFF7B4FF0446BCB94A48007A494981F87D
:1034D0000802084690F8080200280ADD46480078ED
:1034E00038B9012044490870D6F88010086C80472C
:1034F00079E003203E490870032C04D103203C49A5
:103500004870092008706EE07379002239464846F9
:10351000FFF7E5FA04463CB90020364981F8080275
:1035200033484078324908705DE0484600F086FC38
:1035300005463DB904202E49087000202F49087027
:10354000002402E02846FFF74FFF4CE0484600F019
:1035500097FB05464DB905202549087000202749ED
:103560000870002404E03FE03CE02846FFF73CFF01
:1035700039E0484600F09CFA05463DB908201C4950
:10358000087000201D490870002402E02846FFF75B
:103590002BFF28E0484600F0E1FB05462DB9144812
:1035A000407813490870002402E02846FFF71CFF0A
:1035B00019E03946484600F023F814E0D6F88010A8
:1035C000C86B804700F0FF08B8F1000F03D1082056
:1035D0000749087003E0B8F1010F00D1062402E0AA
:1035E000042400E000BF00BF2046BDE8F0870000D3
:1035F00098110020A811002068000020540000202D
:103600002DE9F0478046894600244046FEF79DF9A3
:1036100000287DD0C548007909287AD2DFE800F07B
:1036200079051251A3FDFCFBFA00C14843781F2223
:10363000C0494046FFF724FA0120BC4948710220E6
:10364000087170E1BA4841784046FEF743F90446F4
:10365000012C26D10020B84908600220B3494871E6
:10366000B448007B00F08007B2488068A8B1B14838
:103670008068B2490860AD488068B1490860084672
:103680000068B0490860802F03D10320A749087162
:1036900016E00420A549087112E00520A34908712D
:1036A0000EE0022C04D1A1484079A049087107E03E
:1036B000042C05D10120A449087008209B490871F9
:1036C00031E19B4801784046FEF704F90446012C9D
:1036D00003D09648407903283AD0002096490860E4
:1036E0000320924948719248808894490968884229
:1036F00019D28F4803788288914801684046FFF7C5
:103700008FF98B4880888D490968081A8B4901E038
:103710000AE107E108608648808889490968084409
:10372000874908601EE08548006818B905207F4970
:10373000087117E07E4803788048008882B280488C
:1037400001684046FFF76CF900207C49086009E0F9
:10375000042C07D100207C490870072073490871A8
:1037600005204871DFE0724841784046FEF7B2F824
:103770000446012C3BD100206F49086004206B49AE
:1037800048716B48C0886D49096888421AD26848F8
:103790004378C2886A4801684046FFF771F9684873
:1037A0000068684908606248C0886549096808443B
:1037B000634908605E48C08860490968081A5F4923
:1037C000086042E05D48006818B905205749087153
:1037D0003BE0574843785948008882B2584801680E
:1037E0004046FFF74DF90020544908602DE0022CB7
:1037F00021D15348006853490968884212D04C4887
:103800004378C288C088DFF838C1DCF800C0ACEB70
:10381000000103E074E059E037E017E04046FFF7AD
:103820002FF912E042484378C28845480168404673
:10383000FFF726F909E0042C07D10120424908705E
:1038400008203A490871052048716CE00520374985
:1038500048713E4888603F2088810D2604E00020A2
:103860003A498855701EC6B2002EF8D1002037495B
:1038700008702F4803782D483F2281684046FFF7A3
:10388000CFF80620294908714DE0294801784046C3
:10389000FEF720F80446012C0FD1002026490860CD
:1038A00005202249487108468078087049464046FC
:1038B000FFF75AFD1D49C87307E0042C05D100200D
:1038C000214908700720194908712CE00022494657
:1038D0004046FFF70FFD054665B91B4800780228F2
:1038E00003D108201149087109E0104840790F49B7
:1038F000087104E0042D02D102200C49C87312E0C3
:10390000012249464046FFF7F5FC054625B9074820
:1039100040790649087104E0042D02D102200349D0
:10392000C87300E000BF00BFBDE8F0879811002019
:10393000A811002068110020380000203C00002061
:103940004000002044000020480000208811002092
:1039500010B504462046FDF7F8FF48B1074808496E
:103960000860084848600020487301200649C87074
:103970000020064908600649087010BD55534243AF
:10398000681100205040302098110020380000209D
:103990005400002070B504460D461048407860B1D0
:1039A0000E484178204601F0FCF90C484178204649
:1039B000FFF7B6F90020094948700848007860B15F
:1039C00006480178204601F0ECF9044801782046C9
:1039D000FFF7A6F900200149087070BDA81100206A
:1039E0007CB506460D462C4694F84300082856D16F
:1039F00094F84500502852D194F8520000F080000D
:103A000038B194F852002949C870B4F8540088803D
:103A100006E094F8520025498870B4F85400C88034
:103A200094F85A0000F0800038B194F85A001F4909
:103A3000C870B4F85C00888006E094F85A001B490E
:103A40008870B4F85C00C880184881783046FEF76A
:103A5000D4FF164948700846C1783046FEF7CDFFBE
:103A6000124908700846C0880221CDE900102120C3
:103A7000035D94F820200D484178304600F02EFB7D
:103A80000A4880880221CDE900102120035D94F8C6
:103A9000202006480178304600F020FB03E0D4F8EF
:103AA0008010086C804700207CBD0000A811002019
:103AB00070B5054603262846FDF747FF002855D078
:103AC0002B48C078012802D002284DD127E03F20A2
:103AD00028498860802008730A2088732648244972
:103AE000886005208870102405E0002121480F30EF
:103AF0000155601EC4B2002CF7D11A201D49C873AD
:103B00003F211C484174C1740120194908710720E4
:103B100008700320C8730220C870032625E01448EB
:103B2000C07B80B91448807800F0800018B1012073
:103B30001249087302E000201049087301200C4963
:103B4000C87000260FE00A48C07B012803D108494D
:103B5000C870012607E00648C07B022803D1012077
:103B60000349C870022600E000BF00BF304670BDA8
:103B70009811002068110020C4130020B413002005
:103B8000FFB581B007460E461D460320394908702F
:103B90003846FDF7DAFE002867D03748C07801289C
:103BA00002D002285FD139E0344885608020334953
:103BB00008730A20887330488660102405E00021CD
:103BC0002E480F300155601EC4B2002CF7D12820BA
:103BD0002A49C8739DF80F10284841749DF80E10AB
:103BE00081749DF80D10C1749DF80C100175C5F31A
:103BF0004F2000909DF80110204881759DF800101D
:103C0000C17501201C490871072008700320C87382
:103C10000220C87003201749087025E01648C07BB1
:103C200050B93846FDF791FE30B101201249C870F5
:103C300000201049087015E00F48C07B012807D10B
:103C40003846FDF782FE18B101200B49C87009E023
:103C50000948C07B022805D101200749C87002200D
:103C60000449087000E000BF00BF0248007805B0BA
:103C7000F0BD0000690000209811002068110020AC
:103C800070B5054603262846FDF75FFE00285AD08A
:103C90002E48C078012802D0022852D123E0082003
:103CA0002B498860802008730A2088732948274997
:103CB000886004208870102405E0002124480F301B
:103CC0000155601EC4B2002CF7D125202049C873CD
:103CD00001201E490871072008700320C8730220C4
:103CE000C87003262EE01948C07BC8B9194800786F
:103CF0001949C8701748407888701648807848700D
:103D00001448C078087013488179134841721148EB
:103D1000C0791149087201200C49C87000260FE0D3
:103D20000A48C07B012803D10849C870012607E072
:103D30000648C07B022803D101200449C87002262E
:103D400000E000BF00BF304670BD000098110020A9
:103D500068110020C4130020B413002070B505467C
:103D600003262846FDF7F1FD00285DD02F48C078D6
:103D7000012802D0022855D12BE03F202C49886031
:103D8000802008730A2088732A48284988600846DA
:103D90008078487006208870102405E000212448AF
:103DA0000F300155601EC4B2002CF7D1032020490A
:103DB000C87300211E4801743F21C17401201B49B2
:103DC0000871072008700320C8730220C8700326FA
:103DD00029E01648C07BA0B9164801781648C17181
:103DE0001448417814488171124881781248417111
:103DF0001048C0781049087101200C49C87000268D
:103E00000FE00A48C07B012803D10849C870012689
:103E100007E00648C07B022803D101200349C8708F
:103E2000022600E000BF00BF304670BD98110020A0
:103E300068110020C4130020B413002070B505469B
:103E400003262846FDF781FD002846D02448C07887
:103E5000012802D002283ED124E0002021498860B8
:103E600008730620887320481D4988603F20888198
:103E700003208870102405E000211A480F300155F6
:103E8000601EC4B2002CF7D100201649C87301206F
:103E900013490871072008700320C8730220C870F6
:103EA000032619E00E48C07B20B901200C49C870D8
:103EB00000260FE00A48C07B012803D10849C870DA
:103EC000012607E00648C07B022803D101200449EF
:103ED000C870022600E000BF00BF304670BD000081
:103EE0009811002068110020881100202DE9FF4161
:103EF00082B007460E461D464FF003083846FDF7D0
:103F000024FD00285BD03048C078012802D0022868
:103F100053D138E02D48856000202C4908730A20D1
:103F2000887329488660102405E0002127480F3057
:103F30000155601EC4B2002CF7D12A202349C87352
:103F40009DF81310214841749DF8121081749DF85A
:103F50001110C1749DF810100175C5F34F20019028
:103F60009DF80510194881759DF80410C175012050
:103F700015490871072008700320C8730220C87013
:103F80004FF003081AE01048C07B28B901200E4901
:103F9000C8704FF000080FE00B48C07B012802D129
:103FA0000949C87008E00848C07B022804D10120F4
:103FB0000549C8704FF0020800E000BF00BF40464E
:103FC00006B0BDE8F08100009811002068110020C3
:103FD0002DE9F04704460D4617461E46DDE90898D0
:103FE00027B104F56B7000EB4510077004F56B709A
:103FF00000EB4510C088404508D0B8F1000F05D04F
:1040000004F56B7000EB4510A0F8068004F56B70AA
:1040100000EB4510C078B04205D026B104F56B70B6
:1040200000EB4510C6702946204600F0FBFE00203C
:10403000BDE8F08738B505460024002000902846EA
:1040400001F01BF9002847D0284601F020F9009024
:10405000009808B9002038BD0098C0F3C00018B11E
:10406000284602F0D3F804430098C0F3001018B1BA
:10407000284602F018F804430098C0F3401018B125
:10408000284601F052FE04430098C0F3806018B146
:10409000284601F071FF04430098C0F3406018B156
:1040A000284601F01AFA04430098C0F3006018B1E2
:1040B000284601F0D1FE04430098C0F3407018B1C7
:1040C000284601F0D1F904430098C0F3405018B1DC
:1040D000284601F0DFF904432046BCE72DE9F0470C
:1040E00004460D4617461E46DDE9088904F28C5049
:1040F00010F8150000F07F0104F56B7000EB45101F
:10410000417004F28C5010F81500C0F3C01104F592
:104110006B7000EB4510817004F56B7000EB45107F
:10412000077004F56B7000EB451080F8058004F50E
:104130006B7000EB4510A0F8069004F56B7000EB77
:104140004510C670002104F56B7000EB4510017638
:1041500004F56B7000EB451041762EB9012104F592
:104160006B7000EB451001712946204600F05AFEA5
:104170000020BDE8F08700002DE9F04F85B006462D
:10418000894692461D462C460027B84600BF28782F
:10419000307068787070A978E87801EB0020708042
:1041A0002879307168797071A879B071E879F07107
:1041B000287A30720E98092864DD09200090307941
:1041C00002285ADCBB4653E069462046FEF7EDFD67
:1041D0000446607804284BD1A07847B207EBC700AB
:1041E00000EB090BE078032842DA214602A800F030
:1041F0008DF84FF000089DF80C00022838DC32E002
:1042000069462046FEF7D1FD0446607805282AD18C
:104210000AEB071000EBC80001901C480078B84278
:1042200006D01A490F7002A9584600F06FF80CE04A
:104230002179607901EB002015490988884200DA6C
:1042400015E002A9584600F061F82146019800F0F7
:104250004DF82179607901EB00200D49088008F1C3
:1042600001004FFA80F89DF80C004045C8DC00BF03
:104270007088BDF800108842A6DC00200449088040
:104280000249087005B0BDE8F08F000080000020F2
:104290007E00002010B50B7803704B7843708C784B
:1042A000CB7804EB032343800B7903714B79437183
:1042B0008B798371CB79C371082A16DD0C7A4B7A1E
:1042C00004EB032303818C7ACB7A04EB0323438131
:1042D0000C7B4B7B04EB032383818B7B8373CB7B36
:1042E000C3730B7C03744B7C437410BD0A7802705B
:1042F0004A7842708A788270CA78C2700B794A799B
:1043000003EB022282808A79827170470A780270F8
:104310004A7842708A788270CA78C2700A790271CB
:104320004A7942718A798271CA79C2710A7A0272B3
:10433000704730B513464578032D14D10578AD1E6E
:104340009D4202DC0578AD1E00E01D46ACB2801C2B
:10435000002204E0855C0D70491C951CAAB2A242A3
:10436000F8DB00250D7030BD3EB505460C46022039
:1043700002902846FDF7E9FA30B9207820B120787C
:10438000022801D00220207020780B2875D2DFE8A7
:1043900000F006109CB44D687B87598C8D00284630
:1043A000FDF7D3FA20B101202070642000F086FAD6
:1043B000A4E0D4F880108868804700212846FEF7E2
:1043C0001CFB607180212846FEF717FB20712846F0
:1043D000FDF7BFFA48BBD4F88010C868804728466C
:1043E000FDF76EFAC1B22120015504202070212270
:1043F000105DD4F8802091698847A0790021CDE92B
:1044000000102120035D94F8202021792846FFF731
:1044100065FEA0790021CDE900102120035D94F80C
:10442000202061792846FFF759FE67E0214628469B
:10443000FEF73EFE28B9D4F88010486B804708206C
:1044400020705BE0D4F88010886B8047012807D18A
:10445000E06F214602682846904708B90520207081
:104460004CE0E06F214682682846904702909DF814
:10447000080018B90620207005E03EE09DF80810FD
:104480002046FEF736FC39E0E06F2146C268284638
:10449000904702909DF808102046FEF72AFC2DE078
:1044A00021462846FEF7F2FC28E027E02146284670
:1044B000FEF7FCFBD4F8801048688047E06F04F1F9
:1044C000200142682846904718E0D4F88010086917
:1044D000804721462846FEF7E9FBD4F8801048685B
:1044E0008047E06F04F12001426828469047284643
:1044F000FEF7CEFB0020207000E000BF00BF3EBDF5
:1045000001460020704770B506460C46154600214E
:10451000217505216175E5820021218361830023D6
:104520001A4621463046FEF729FB70BD70B5064697
:104530000C4615460021217509216175E58200218F
:104540002183618300231A4621463046FEF716FB7D
:1045500070BD10B503461878587007201870996020
:104560009A8101241C77002010BD00002DE9F04144
:1045700006460C46174625466879082803D10648A2
:1045800001F0B4FF05E06879032802D1034801F087
:10459000ADFFBDE8F0810000913F0308B33F030881
:1045A0007047704710B5024801F0A0FF10BD000031
:1045B000DB3E030810B5024801F098FF10BD000073
:1045C000F03E030810B502A001F090FF10BD0000FE
:1045D0003E20446576696365206E6F742073757044
:1045E000706F727465642E0D0A00000010B50446E9
:1045F0001CB90A4801F07AFF0EE0012C03D10848EB
:1046000001F074FF08E0022C03D1064801F06EFFB0
:1046100002E0054801F06AFF10BD0000233F0308D7
:10462000423F0308613F03087F3F030870B504461B
:104630002546298903A001F059FF698905A001F0E9
:1046400055FF70BD3E20564944203A20253034584D
:10465000680D0A003E20504944203A202530345845
:10466000680D0A0010B5024801F040FF10BD0000BF
:10467000083F030810B50848007858B901200649DA
:10468000087006A001F032FF0AA001F02FFF11A070
:1046900001F02CFF10BD0000CC0000203E2055533F
:1046A00042204F5447204853204D534320486F73B6
:1046B000740D0A003E2055534220486F7374206CDD
:1046C00069627261727920737461727465642E0D0F
:1046D0000A000000202020202055534220486F73FC
:1046E00074204C6962726172792076322E312E30DC
:1046F0000D0A00000020704710B50446214602A0B4
:1047000001F0F4FE10BD00003E204D616E75666143
:10471000637475726572203A202573720D0A000069
:1047200010B502A001F0E2FE10BD00003E204F7661
:10473000657263757272656E742064657465637406
:1047400065642E0D0A00000010B50446214602A043
:1047500001F0CCFE10BD00003E2050726F64756306
:1047600074203A2025730D0A0000000010B502A045
:1047700001F0BCFE10BD00003E20555342485F557D
:1047800053525F5265736574446576696365200DA5
:104790000A00000010B50446214602A001F0A6FE62
:1047A00010BD00003E2053657269616C204E756D2E
:1047B000626572203A2025730D0A000010B5024888
:1047C00001F094FE10BD00004B400308012070472B
:1047D0007047704738B504464FF4C060FDF7B4F930
:1047E0004D208DF8000001208DF8010000208DF88B
:1047F000020001208DF803006846FDF769F938BD15
:104800001CB5044601210220FDF7D8F94FF44040C1
:10481000009003208DF8050002208DF80400694601
:104820000948FCF7D9FF0C220E210748FDF71CF8B8
:104830000C220F210448FDF717F801214807FDF766
:10484000BDF900F003F81CBD0004024008B50021CA
:104850004FF00060FDF782F94FF4A060FDF774F9A6
:104860001C208DF8000001208DF801008DF8020059
:104870008DF803006846FDF72BF901210846FDF786
:10488000ADF908BD10B501218807FDF707FD88B116
:1048900001218807FDF7A8FC0748006828B10648F1
:1048A0000068401E0449086004E000214FF0804089
:1048B000FDF79DFC10BD0000D400002010B504469B
:1048C00001212046FCF782FC10BD10B504460221F0
:1048D0002046FCF77BFC10BD3EB5044600250020B9
:1048E000029001900090207A012843D1E068806B0B
:1048F0000190019820F480300190607A28B10198ED
:1049000020F4801000F5801001900198E168886320
:1049100000200290E068C0680290029820F04000F9
:104920000290029820F4801000F580100290029806
:1049300020F480000290029820F400300290029847
:1049400020F4002002900298E168C860204600F040
:10495000C9F8E078012843D1009820F01E000A3001
:104960000090009820F02000203000900098E1682E
:10497000886035E0E068C0680290029820F040004E
:10498000403002900298E168C860204600F0AAF822
:1049900000200190019820F4803000F580300190D3
:1049A000019820F4802000F580200190019820F4E7
:1049B000002000F500200190019820F4001000F57F
:1049C00000100190607A28B1019820F4801000F561
:1049D000801001900198E16888631420FFF76EFF52
:1049E000E07801280FD1E06880680090009820F0FE
:1049F0001E000A300090009820F020002030009027
:104A00000098E168886028463EBDFEB50446002651
:104A1000002500200290019000902046FFF7D8FE6C
:104A20000021D4F80C010160207A012803D120462E
:104A300000F00FFC03E00121204600F00AFC2046B4
:104A400000F05DFC606900680090009820F00400B0
:104A50000090009960690160E07A00BB4FF400703B
:104A6000E168486202986FF30F0000F50070029051
:104A7000029880B200F1807002900298E16888622A
:104A800001986FF30F0000F540700190019880B21B
:104A900000F1807001900198E168C1F800011021D7
:104AA000204600F021F9204600F0F8F800250DE03E
:104AB0004FF0FF3104F1900050F825008160002193
:104AC00004F1900050F82500C1606D1C2078A842C8
:104AD000EED80121204600F04EF8204600F0A4F860
:104AE0003046FEBDF8B504460026002500200090A3
:104AF00000BF0320FFF7E9FEE06800690090681C32
:104B000005461349884201D90020F8BD0098C00F1E
:104B10000028EED00025009820F00100401C0090F5
:104B20000098E168086100BFE06800690090681CB7
:104B300005460749884200D904E0009800F00100CA
:104B40000028F1D100BF0320FFF7BFFE3046DCE7AD
:104B5000400D030008B50146002000220092009A93
:104B600022F00102521C0092CA689268009B9A438C
:104B7000CB689A6008BD38B505460C460020009009
:104B800021462846FFF725FE284600F088FB0090C6
:104B90000098C0F3003058B9012C09D1009820F4D6
:104BA000805000F5805000900099D5F8CC0001604D
:104BB0000098C0F3003040B13CB9009820F4805018
:104BC00000900099D5F8CC000160C820FFF776FE70
:104BD00038BD08B500210091491EC26851606FF0D0
:104BE0008041C2685161009921F0004101F100410A
:104BF0000091009921F4006101F500610091009994
:104C0000C268916108BD08B50146002000220092EB
:104C1000009A22F00102521C0092CA689268009B1E
:104C20001A43CB689A6008BD38B5044600250020B9
:104C30000090E1688861401EE16848612046FFF706
:104C4000C8FFE07820B9009820F0100010300090E4
:104C5000009820F0807000F180700090009820F0A3
:104C6000007000F100700090009820F0005000F1FA
:104C700000500090009820F0080008300090009844
:104C800020F4001000F500100090E06880690099A1
:104C900088430843E1688861284638BDF8B5044672
:104CA0000025002600200090009820F01000103011
:104CB00000900098E168086100BFE068006900901A
:104CC000701C06460749884200D904E00098C0F3EA
:104CD00000100028F1D100BF0320FFF7F6FD2846A1
:104CE000F8BD0000400D0300F8B504460D4600264F
:104CF000002700200090009820F020002030009035
:104D0000009865F38A1000900098E168086100BF80
:104D1000E06800690090781C07460749884200D97E
:104D200004E00098C0F340100028F1D100BF032038
:104D3000FFF7CBFD3046F8BD400D03000146C868C3
:104D4000406900F0010070471CB5024600200023B6
:104D50000093009B23F0004303F1004300930124E0
:104D6000009B64F3DC43009302F1900353F821307D
:104D7000009C1C6102F1900353F821301B680193E1
:104D8000019B23F0004303F100430193019B23F0B7
:104D90008043019302F1900353F82130019C1C6081
:104DA0001CBD10B586B0024600200023039301937A
:104DB00002F1900353F821301B680093009B23F00D
:104DC000004303F100430093009B23F0804303F171
:104DD00080430093009BC3F3814323B1009BC3F343
:104DE0008143022B0BD1D368DB6A0393039BC3F38C
:104DF00007437BB9009B23F0004300930AE053690B
:104E00001B690193019BC3F307431BB9009B23F06C
:104E10000043009302F1900353F82130009C1C6082
:104E200006B010BD3FB502460020002300240294C6
:104E300003940194441E009402F1900454F821401C
:104E4000009DA56000240394D478012C04D1039C18
:104E500024F00404241D039402F56B7404EB411444
:104E6000647934B1012C6AD0022C03D0032C38D1E0
:104E700038E000BF039C24F00104641C0394039CED
:104E800024F0080408340394039C24F08004803444
:104E90000394039C24F4806404F580640394039CCD
:104EA00024F010041034039402F56B7404EB4114E5
:104EB000A47834B1039C24F4807404F580740394C2
:104EC0000FE0039C24F040044034039402F56B741B
:104ED00004EB4114247924B1039C24F020042034F1
:104EE00003944EE0039C24F00104641C0394039C8F
:104EF00024F0100410340394039C24F008040834B4
:104F00000394039C24F0800480340394039C24F4D1
:104F1000806404F580640394039C24F4007404F515
:104F20000074039402F56B7404EB4114A4782CB163
:104F3000039C24F4807404F58074039421E0039CA2
:104F400024F00104641C0394039C24F4007404F50D
:104F500000740394039C24F020042034039402F58D
:104F60006B7404EB4114A47854B1039C24F08004C6
:104F700080340394039C24F4807404F580740394B7
:104F800000BF00BF02F1900454F82140039DE5608A
:104F9000012404FA01F35469A4691C435569AC6106
:104FA000029C24F0007404F100740294D468A46993
:104FB000029D2C43D568AC610024019402F56B740A
:104FC00004EB41142578019C65F39C54019402F58F
:104FD0006B7404EB41146578019C65F3CE24019455
:104FE00002F56B7404EB4114A578019C65F3CF3492
:104FF000019402F56B7404EB4114E478022C01D1A6
:10500000012500E00025019C65F35144019402F55F
:105010006B7404EB41146579019C65F3934401942E
:1050200002F56B7404EB4114E588019C65F30A04F6
:10503000019402F56B7404EB41146479032C05D1DF
:10504000019C24F0005404F10054019402F19004F6
:1050500054F82140019D256004B030BD2DE9F04396
:1050600088B004460D464FF00009C8464FF48077DB
:10507000002006900790009004F56B7000EB45103F
:10508000006910B304F56B7000EB4510016904F57D
:105090006B7000EB4510C0880144491E04F56B702D
:1050A00000EB4510C088B1FBF0F086B2BE420DDDCA
:1050B0003E4604F56B7000EB4510C188714304F562
:1050C0006B7000EB4510016100E0012604F56B7088
:1050D00000EB4510807850B104F56B7000EB451083
:1050E000C188714304F56B7000EB4510016104F554
:1050F0006B7000EB45100169069861F31200069091
:10510000069866F3DC40069004F56B7000EB4510E2
:10511000017A069861F35E70069004F1900050F8F1
:10512000250006990161E078012809D104F56B702A
:1051300000EB4510C16804F1900050F82500416172
:1051400004F1900050F8250000680790204600F018
:105150008CF8079960F35D710791079820F0004083
:1051600000F100400790079820F08040079004F17C
:10517000900050F8250007990160E078002864D17C
:1051800004F56B7000EB4510807800285DD104F5C4
:105190006B7000EB45100069002856D004F56B7069
:1051A00000EB4510407930B1012821D0022803D00E
:1051B000032839D11BE000BFE068C06A039004F502
:1051C0006B7000EB45100069C01CC0F38F0803989A
:1051D00080B240450ADA009820F02000203000908C
:1051E000E068806900990843E16888611DE000BFBC
:1051F00060690069019004F56B7000EB451000696F
:10520000C01CC0F38F08019880B240450BDA0098AB
:1052100020F0806000F180600090E0688069009973
:105220000843E168886100E000BF00BF04F56B70CF
:1052300000EB4510008A83B204F56B7000EB45105B
:105240002A46C168204600F0F7FF484608B0BDE88E
:10525000F08308B5426912680092009A61F3010276
:105260000092009B4269136008BD0146486980684E
:1052700000F0010080F00100704700B502461046C2
:10528000FFF75CFD012800D100BD0020FCE70146CE
:105290000020CA685069CA6892691040704708B512
:1052A0000146D1F8CC0000680090009820F004007E
:1052B0000090009820F002000090009820F0080074
:1052C0000090009820F020000090009808BD014652
:1052D000486940697047F0B503460024D01CC717E1
:1052E00000EB9777BD10D3F8D06000BF03E03068C3
:1052F0000860641C091DAC42F9D30846F0BD38B5FE
:1053000004462046FFF7CBFF0090009820F4807001
:1053100000F5807000900099D4F8CC0001600A205C
:10532000FFF7CCFA009820F4807000900099D4F830
:10533000CC0001601420FFF7C1FA012038BD000045
:1053400070B502460C46002300200025D5700125CB
:10535000957040259580012C0CD14FF0A04301257C
:10536000D57208251570042555709D15D580022528
:1053700015720EE06CB9274B0025D5720C251570FF
:10538000062555704FF4A065D580022515720125BC
:10539000D570D36003F500651561002110E003F5B9
:1053A000106505EB411602F1180545F8216003F57B
:1053B000306505EB411602F1540545F82160491CA2
:1053C00055788D42EBD803F5806555614035C2F8BC
:1053D000CC50002108E003F5A06505EB411602F171
:1053E000900545F82160491C15788D42F3D80021BD
:1053F00008E003F5805505EB013602F1D00545F8CC
:105400002160491C15788D42F3D803F56065C2F818
:105410000C5170BD00000440F8B504460D4600264E
:10542000E068C0680090009820F00050009000985C
:1054300020F080400090012D06D1009820F000500F
:1054400000F10050009006E02DB9009820F0804057
:1054500000F1804000900098E168C8603220FFF7BA
:105460002DFA3046F8BD000038B504460020009003
:1054700007480068816820468847009820F000505F
:1054800000F1005000900098E1684861012038BDAB
:10549000780000200CB50146D1F89000006800901B
:1054A000009820F0004000F100400090009820F0AB
:1054B000804000F180400090009AD1F89000026096
:1054C00000200190019820F4001000F500100190D8
:1054D0000198CA68506101200CBD7CB505460024C6
:1054E00000262846FFF7F3FE019000BF1BE001985D
:1054F00080B20121A1400840A0B105F1900050F810
:105500002400006800900098C0F3C03028B1214604
:10551000284600F00DF8064304E02146284600F036
:105520001CFA0643641C2878A042E0D830467CBDB3
:1055300070B586B005460C4605F1900050F8246021
:10554000B0680590F0680490DDE90410084005900B
:1055500005F1900050F824000068039000200490AA
:105560000598C0F38000D0B100200190019820F090
:105570000400001D01900198B06005F1900050F802
:105580002400C0680190019820F00200801C019066
:1055900005F1900050F824000199C16073E005986E
:1055A000C0F3401048B100200190019820F0200085
:1055B000203001900198B06065E00598C0F3C0000C
:1055C00078B305F1900050F82400C068019001986C
:1055D00020F00200801C019005F1900050F824009A
:1055E0000199C160052105F5637001550020019006
:1055F000019820F01000103001900198B060002058
:105600000190019820F00800083001900198B060E6
:10561000059820F010000590E1B22846FFF7C1FB85
:1056200031E0FFE70598C0F3802060B305F19000FA
:1056300050F82400C0680190019820F00200801CFE
:10564000019005F1900050F824000199C160E1B289
:105650002846FFF7A6FB00200190019820F01000DB
:10566000103001900198B060082105F56370015574
:1056700000200190019820F4806000F58060019086
:105680000198B06000BF0598C0F34020F8B105F163
:10569000900050F82400C0680190019820F00200AA
:1056A000801C019005F1900050F824000199C16020
:1056B000E1B22846FFF775FB00200190019820F425
:1056C000007000F5007001900198B06042E105980B
:1056D00000F00100002871D0E878012812D105F10E
:1056E000900050F824000069029005F56B7000EB03
:1056F000441000690299C1F31201411A05F5547072
:1057000040F82410012105F5637001550021783817
:1057100040F8241000200190019820F00100401C66
:1057200001900198B0600398C0F3814020B10398C4
:10573000C0F3814002282AD105F1900050F82400DE
:10574000C0680190019820F00200801C019005F1D2
:10575000900050F824000199C160E1B22846FFF79B
:1057600020FB00200190019820F0100010300190E3
:105770000198B06005F56B7000EB4410007E80F07E
:10578000010105F56B7000EB44100176E2E003982F
:10579000C0F38140032899D1039820F0005000F114
:1057A0000050039005F1900050F824000399016027
:1057B000012105F29B300155CCE0FFE70598C0F3CD
:1057C0004000002851D005F1900050F82400C06836
:1057D0000190019820F00200019005F1900050F82E
:1057E00024000199C16005F56370005D012804D1B2
:1057F000012105F29B3001552DE005F56370005D38
:10580000052804D1042105F29B30015523E005F55C
:105810006370005D062804D005F56370005D0828FC
:1058200008D1002105F5457040F824100321873088
:10583000015510E00398C0F3814003280BD105F512
:105840006B7000EB4410007E80F0010105F56B7079
:1058500000EB4410017600200190019820F0020036
:10586000801C01900198B06074E00598C0F3C010EE
:1058700040B305F1900050F82400C06801900198F1
:1058800020F00200801C019005F1900050F82400E7
:105890000199C16005F5457050F82410491C40F885
:1058A0002410062178300155E1B22846FFF779FA35
:1058B00000200190019820F0800080300190019834
:1058C000B06047E00598C0F30010E8B30398C0F358
:1058D0008140032815D105F1900050F82400C068DC
:1058E0000190019820F00200801C019005F19000C9
:1058F00050F824000199C160E1B22846FFF751FA3F
:1059000018E00398C0F3814020B10398C0F38140B0
:1059100002280FD1039820F0004000F100400390CE
:10592000039820F08040039005F1900050F8240087
:1059300003990160032105F5637001550020019072
:10594000019820F0100000E004E010300190019870
:10595000B06000BF012006B070BD7FB505460C46A3
:1059600005F1900050F82460B0680390F068029050
:10597000DDE902100840039005F1900050F8240082
:10598000006801900398C0F38000D0B1002000901F
:10599000009820F00400001D00900098B06005F110
:1059A000900050F82400C0680090009820F0020099
:1059B000801C009005F1900050F824000099C1600F
:1059C000B0E10398C0F3401048B100200090009867
:1059D00020F02000203000900098B060A2E10398F1
:1059E000C0F34020F8B105F1900050F82400C068E1
:1059F0000090009820F00200801C009005F19000BB
:105A000050F824000099C160E1B22846FFF7C9F9B7
:105A100000200090009820F4007000F500700090C5
:105A20000098B0607EE1039800F0010038B30021D7
:105A300005F5457040F8241005F1900050F8240059
:105A4000C0680090009820F00200801C009005F1D2
:105A5000900050F824000099C160E1B22846FFF799
:105A6000A0F900200090009820F00100401C009058
:105A70000098B060012105F56370015552E103986B
:105A8000C0F3C00010B300200090009820F0080080
:105A9000083000900098B06005F1900050F82400A4
:105AA000C0680090009820F00200801C009005F172
:105AB000900050F824000099C160E1B22846FFF739
:105AC00070F9052105F5637001552BE10398C0F3CA
:105AD000001038B3002105F5457040F8241005F199
:105AE000900050F82400C0680090009820F0020058
:105AF000801C009005F1900050F824000099C160CE
:105B0000E1B22846FFF74DF900200090009820F000
:105B10001000103000900098B060032105F563700C
:105B20000155FFE00398C0F3C01040B305F19000A9
:105B300050F82400C0680090009820F00200801CFB
:105B4000009005F1900050F824000099C160E1B286
:105B50002846FFF726F905F5457050F82410491C32
:105B600040F824100621783001550020009000985C
:105B700020F08000803000900098B060D2E0039860
:105B8000C0F3801038B3002105F5457040F82410AB
:105B900005F1900050F82400C0680090009820F0B3
:105BA0000200801C009005F1900050F8240000993C
:105BB000C160E1B22846FFF7F4F800200090009899
:105BC00020F04000403000900098B060042105F5BE
:105BD00063700155A6E00398C0F3802060B305F11F
:105BE000900050F82400C0680090009820F0020057
:105BF000801C009005F1900050F824000099C160CD
:105C0000E1B22846FFF7CDF800200090009820F080
:105C10001000103000900098B060082105F5637006
:105C2000015500200090009820F4806000F580600D
:105C300000900098B06075E00398C0F34000002821
:105C400070D005F1900050F82400C06800900098D2
:105C500020F00200009005F1900050F82400009917
:105C6000C16005F56370005D012815D1012105F2C1
:105C70009B3001550198C0F38140022848D105F5B9
:105C80006B7000EB4410407E80F0010105F56B70F5
:105C900000EB441041763BE005F56370005D03289E
:105CA00004D1022105F29B30015531E005F5637006
:105CB000005D04280FD105F56B7000EB44100079EE
:105CC000012803D1E1B22846FFF73EF8022105F290
:105CD0009B3001551CE005F56370005D052804D17B
:105CE000042105F29B30015512E005F56370005D5B
:105CF00006280DD105F5457050F82400032807D17A
:105D0000032105F29B3001550021873840F824100B
:105D100000200090009820F00200801C0090009865
:105D2000B06000BF012004B070BD7FB50446E068DC
:105D3000C06A00900198C0F3C30104F56B7000EBDA
:105D400041100069C01CC0F38F0673E04FF6FF716D
:105D5000009801EA80050198C0F3C30104F56B7057
:105D600000EB41100069A84215D20198C0F3C301AD
:105D700004F56B7000EB4110008A85B2002003909F
:105D8000039820F0200020300390E0688069039998
:105D90008843E16888610198C0F3C30104F56B7022
:105DA00000EB41100069C01CC0F38F060198C0F3DE
:105DB000C302C0F3C30304F56B7000EB43102B4622
:105DC000C168204600F038FA0198C0F3C30104F519
:105DD0006B7000EB4110C06841190198C0F3C30219
:105DE00004F56B7000EB4210C1600198C0F3C30171
:105DF00004F56B7000EB41100069411B0198C0F382
:105E0000C30204F56B7000EB421001610198C0F30E
:105E1000C30104F56B7000EB411040694119019812
:105E2000C0F3C30204F56B7000EB42104161E068FF
:105E3000C06A0090009880B2B0420ADD0198C0F3B9
:105E4000C30104F56B7000EB4110006900287FF47A
:105E50007DAF012004B070BDFEB5044600260025CC
:105E60000020009002900190D4F8CC0000680290CD
:105E7000D4F8CC0000680190019820F00400019053
:105E8000019820F002000190019820F00800019094
:105E9000019820F0200001900298C0F3400058B112
:105EA000019820F00200801C01903248006841688F
:105EB0002046884745F001050298C0F3C00000283D
:105EC00042D0019820F00800083001900298C0F3F9
:105ED0008000002838D0274800684168204688475D
:105EE0000298C0F34140022804D00298C0F3414018
:105EF000012828D16069006800900298C0F34140F1
:105F0000022811D141F2707160694160009800F07F
:105F10000300022818D0207A022803D1022120464B
:105F2000FFF797F901260FE04BF680316069416079
:105F3000009800F00300012806D001212046FFF759
:105F400088F9012600E001260298C0F3401030B124
:105F5000019820F020002030019045F0010516B195
:105F60002046FFF7CCF90199D4F8CC00016028460F
:105F7000FEBD000078000020FEB50446606900699F
:105F800000900198C0F3C30104F56B7000EB411061
:105F90000069C01CC0F38F0674E04FF6FF710098D3
:105FA00001EA80050198C0F3C30104F56B7000EBB2
:105FB00041100069A84216D20198C0F3C30104F54C
:105FC0006B7000EB4110008A85B2002002900298AD
:105FD00020F0806000F180600290E06880690299A2
:105FE0008843E16888610198C0F3C30104F56B70D0
:105FF00000EB41100069C01CC0F38F060198C0F38C
:10600000C302C0F3C30304F56B7000EB43102B46CF
:10601000C168204600F010F90198C0F3C30104F5EF
:106020006B7000EB4110C06841190198C0F3C302C6
:1060300004F56B7000EB4210C1600198C0F3C3011E
:1060400004F56B7000EB41100069411B0198C0F32F
:10605000C30204F56B7000EB421001610198C0F3BC
:10606000C30104F56B7000EB4110406941190198C0
:10607000C0F3C30204F56B7000EB4210416160692C
:1060800000690090009880B2B0420ADD0198C0F328
:10609000C30104F56B7000EB4110006900287FF428
:1060A0007CAF0120FEBD30B585B0044600200090D5
:1060B0000390039820F0100010300390E06880698E
:1060C00003998843E1688861E068006A0490049855
:1060D00000F00F00009004F190009DF8001050F8BF
:1060E0002100006801900498C0F34340022806D0C4
:1060F000032878D0052877D0072873D175E0049855
:10610000C0F30A10002869DD04F56B709DF80010DB
:1061100000EB4110C068002860D00498C0F30A1258
:1061200004F56B709DF8003000EB4310C168204609
:10613000FFF7D1F8049800F00F0104F56B7000EB45
:106140004110C0680499C1F30A110144049800F099
:106150000F0204F56B7000EB4210C160049800F070
:106160000F0104F56B7000EB411040690499C1F315
:106170000A110144049800F00F0204F56B7000EB63
:106180004210416104F56B709DF8001000EB411066
:10619000456904F554709DF8001040F8215004F151
:1061A00090009DF8001050F82100006902900298BC
:1061B000C0F3C940002811DD019820F0004000F133
:1061C00000400190019820F08040019004F190007F
:1061D0009DF80020019950F82200016006E002E0DD
:1061E00002E0FFE700BF00BF00BF00BF00BF039891
:1061F00020F0100010300390E06880690399084394
:10620000E1688861012005B030BD000038B5044662
:1062100000200090074800680168204688470098E1
:1062200020F00800083000900098E16848610120E3
:1062300038BD0000780000202DE9F041044600261A
:10624000E078B0B900270020DD1C4FEAE57805EBC7
:1062500098784FEAA80704F1D00555F822C000BF8E
:1062600004E00D68CCF80050401C091DB842F8D37A
:1062700000BF3046BDE8F08170B50446207888281C
:106280006DD1607867286AD1A078962867D1E678C2
:10629000207940EA062644F6B231701A8E421CD0AC
:1062A00008DCA6F56C50A0F1B30000284AD0012804
:1062B00053D14BE0A0F58050023850B1A0F580409A
:1062C0000338002849D12749086001202649088061
:1062D00044E000202449088040E02448B0F9000050
:1062E000811E2348FAF7BFFF05462048B0F9000099
:1062F000801E1F4908441F4908600846006800883E
:106300001D49088018480088012817D108460088D0
:10631000A84213D119A000F0E9F8FAF7CFFFFBF774
:106320009BFB1D48008801280BD11C480078401CAD
:106330001A4908700E4802F0E3FD02E018A000F0D0
:10634000D5F80BE001201449088007E0002012492D
:1063500008801AA000F0CAF800E000BF00BF0120CA
:1063600070BD00000C00002004000020DE000020B2
:10637000F41F002008000020020000207061676503
:1063800031372E74312E7478743D22BCECD1E9D5AE
:10639000FDC8B722FFFFFF00D8000020DC0000206E
:1063A0007061676531372E74312E7478743D22BC6C
:1063B000ECD1E9B4EDCEF322FFFFFF007061676519
:1063C00031372E74322E7478743D22CDA3D6B9B4F1
:1063D000F2D3A122FFFFFF0000BFFEE700B587B0A8
:1063E0004FF4A060FBF7B0FB47208DF800000120C0
:1063F0008DF8010000208DF8020001208DF80300C7
:106400006846FBF765FB3748FCF7C2F90121042019
:10641000FBF7D4FB01212020FBF700FC082206211A
:106420003148FBF721FA082207212F48FBF71CFA15
:106430004020059002208DF818008DF819000020EA
:106440008DF81A0001208DF81B0005A92648FBF7DE
:10645000C3F98020059002208DF8180005A9224874
:10646000FBF7BAF94FF4165001900020ADF8080080
:10647000ADF80A00ADF80C00ADF810000C20ADF836
:106480000E0001A91748FCF739FA01211548FCF75D
:1064900069F940211348FCF737F9012240F2244101
:1064A0001048FCF706FA002240F225510D48FCF78F
:1064B00000FA002240F227710A48FCF7FAF900229C
:1064C00040F226610748FCF7F4F9012280210548D3
:1064D000FCF754F9012240210248FCF74FF907B0BC
:1064E00000BD000000140140000802400FB4054B3D
:1064F00010B503A9044A029800F034F910BC5DF805
:1065000014FB000061870008F00000200FB4084B66
:1065100010B504A902AA039800F024F9044602A9C0
:10652000002000F0C1FC204610BC5DF814FB000008
:10653000A96E00087CB5044600201D4616460029B9
:106540000BD0491ECDE90041044B6A46294630462E
:1065500000F008F9009A002111707CBD936E0008CC
:1065600030B583B0044600F017F89FED090B0546DF
:106570008DED000B002221466846F9F7F8FF28460A
:1065800000F020F89DED000B03B030BD00000000CE
:106590000000000000000000014800687047000093
:1065A000F400002002E008C8121F08C1002AFAD136
:1065B00070477047002001E001C1121F002AFBD183
:1065C000704700000149086070470000F400002097
:1065D0002DE9FF5F82B00021DDE90430020DDDF816
:1065E00040B0034318D044F61050A2F2FF324243A9
:1065F0001514119801281FD0A5EB0B00401C5FEA71
:10660000000A4FF000064E4FDFF83891B046504672
:1066100015D5CAF1000413E0119801244AA30128FA
:1066200001D16FEA0B010298119AC0E90031C0E96B
:10663000024206B0BDE8F09FCBF10000DFE7044660
:106640000021404A491842EB0450CDE9001012E005
:10665000E00707D032463B4640464946FAF798F8ED
:106660008046894632463B4610461946FAF790F86E
:1066700006460F466410002CEAD1DDE90401DDE98D
:106680000023BAF1000F06DAFAF782F842464B46C9
:10669000FAF77EF805E0FAF7EDF842464B46FAF7CE
:1066A000E9F804460E460022284BFAF76BF903D8A6
:1066B0004FF0FF30014607E00022254B20463146CF
:1066C000F9F7BFFFFAF745F9102409E0002C0ADBBF
:1066D0000A220023F9F7BDFE039B30321A55641ECF
:1066E00050EA0102F2D1641C039AC4F1110314446C
:1066F000119A012A03D0012208430DD10AE0084370
:1067000004D000204FF0110B119072E7A3EB0B05A2
:106710006D1E0DE05B4504DD4FF0000205F1010543
:1067200004E003DA4FF00002A5F10105002AECD0E5
:1067300002981199C0E90231C0E9004579E70000EB
:10674000000014400000F03F300000000000F04363
:106750000000E03F30380A2801D2012070470020B5
:10676000704700002DE9FF4F95B09B4689460646CD
:1067700000250FE2252877D100242746F84A012179
:10678000059400E0044316F8013F203B01FA03F0B2
:106790001042F7D130782A2811D06FF02F033078CB
:1067A000A0F13002092A16D8059A44F0020402EB3F
:1067B000820203EB42021044761C0590EFE759F881
:1067C000042B0592002A03DA504244F40054059049
:1067D00044F00204761C30782E2816D116F8010FEA
:1067E00044F004042A280DD06FF02F023078A0F175
:1067F0003003092B09D807EB870302EB4303C718C3
:10680000761CF3E759F8047B761C30786C280FD09F
:1068100006DC4C2817D068280DD06A2814D104E073
:10682000742810D07A280FD10DE044F400140AE047
:1068300044F4801401E044F440147278824202D19E
:1068400004F58014761C761C307866280BD013DC97
:10685000582877D009DC002875D04528F6D046287E
:10686000F4D047281AD19DE118E0632835D0642878
:1068700079D0652812D195E1702873D008DC67289B
:10688000F1D069286FD06E280DD06F2806D1B5E001
:1068900073282CD0752875D0782874D05A4617994B
:1068A00090476D1C75E1C4F30250022809D00328FB
:1068B0000DD0D9F8001004280DD00D6009F104099D
:1068C00067E1D9F80010EA17C1E90052F6E7D9F8F4
:1068D00000100D80F2E70D70F0E719F8041B8DF839
:1068E000001000208DF80100EA46012003E059F86D
:1068F00004AB4FF0FF3061074FF0000102D40DE010
:1069000008F101018846B9420FDA8045F8DB1AF830
:1069100008100029F4D108E008F1010188468142FD
:10692000FADB1AF808100029F6D105985B46A0EBAF
:10693000080721463846179A00F094FA284400EBDD
:10694000080507E04DE029E10DE01AF8010B5A4671
:1069500017999047B8F10108F7D25B4621463846AF
:10696000179A13E142E00A220092C4F302524FF058
:10697000000A022A08D059F804CB032A4FEAEC7126
:106980000AD00DE029E02AE009F1070121F0070211
:10699000F2E802C1914609E00FFA8CFC4FEAEC7173
:1069A000042A03D14FFA8CFC4FEAEC71002907DA74
:1069B0000A460021DCF1000C61EB02012D2202E00D
:1069C000220504D52B228DF80420012203E0E207E2
:1069D00001D02022F7E7904659E00A2102E0102278
:1069E0000DE010214FF0000A00910BE010224FF053
:1069F000000A44F004040827009203E008224FF044
:106A0000000A0092C4F30252022A05D059F804CBBE
:106A10000021032A08D009E009F1070121F007024B
:106A2000F2E802C1914605E01FFA8CFC042A01D16C
:106A30000CF0FF0C4FF00008220728D5702806D074
:106A4000009B83F0100353EA0A0305D00EE04022B6
:106A50008DF80420012208E05CEA010206D0302211
:106A60008DF804208DF8050002229046009B83F0EB
:106A7000080353EA0A030AD15CEA010201D1620762
:106A800005D530228DF804204FF001087F1E5828CC
:106A900004D034A003900EA802900DE036A0F9E7D0
:106AA00053466046009AF9F7D4FC84460398825C0A
:106AB0000298401E029002705CEA0100F0D1029838
:106AC00006A9081A00F1200A600702D524F48034D0
:106AD00000E00127574502DDA7EB0A0000E0002097
:106AE00000EB0A01009005984144401A0590E0032C
:106AF00006D45B462146179A059800F0B3F9054481
:106B0000002706E001A85A46C05D179990476D1C02
:106B10007F1C4745F6DBE0030CD55B462146179A00
:106B2000059800F09FF9054404E030205A46179973
:106B300090476D1C0099481E00900029F5DC08E084
:106B4000029802995A460078491C02911799904779
:106B50006D1CBAF10001AAF1010AF1DC65E1000047
:106B60000928010030313233343536373839616223
:106B700063646566000000003031323334353637E7
:106B800038394142434445460000000000F058F9BE
:106B90000544761C307800287FF4ECAD19B0284607
:106BA000BDE8F08F620700D4062709F1070222F042
:106BB000070CFCE80223E14603F000485FEA080CFA
:106BC00002D00FF2702C0DE05FEA045C02D50FF2E8
:106BD000682C07E05FEAC47C02D00FF2602C01E071
:106BE000AFF2700C4FF0FF3823F00043CDF850C0E7
:106BF00065280CD006DC452809D046281DD047283A
:106C00003DD13DE0662818D067287ED138E00021CC
:106C1000112F01DB112000E0781CCDE9000106A94D
:106C20000EA8FFF7D5FCDDE90F010E9A03910021B4
:106C3000009207F1010A04914DE04FF000400097E7
:106C4000CDE9011006A90EA8FFF7C2FCDDE90F028D
:106C500003920E9B11990022DDF80CA00093049280
:106C600011B9791C00EB010AB7EB0A0004D4C0F19A
:106C7000FF3007F1010A0490AAEB0700019044E0FD
:106C8000012F00DA01270021112F01DD112000E082
:106C90003846CDE9000106A90EA8FFF799FCDDE909
:106CA0000F010E9A0391002104910092BA46210728
:106CB0000CD40399514500DA8A46BAF1010F05DD7B
:106CC000009AAAF10101515C302908D0B84202DAD9
:106CD00010F1040F06DA0121CDE9011015E0AAF147
:106CE0000101E9E7002805DC049901440491AAEBBD
:106CF000000102E0411C514500DD8A460499401A1A
:106D0000401C01904FF000400290200704D40198ED
:106D1000504501DBCDF8048000208DF84F0002982B
:106D20000DF14F07B0F1004F25D02B200E900298A7
:106D30004FF0020800280CDA404202902D200E90FD
:106D400007E00A210298F9F76EFB3031029007F84C
:106D5000011DB8F10001A8F10108F2DC0298002839
:106D6000EFD1791E0E980870307800F0200040F0C6
:106D7000450007F8020D12A8C01B00F1070814987F
:106D8000007800B1012000EB0A01019801EBE071ED
:106D900005984144401A401E0590E00306D45B4626
:106DA0002146179A059800F05DF80544149800787C
:106DB00018B15A46179990476D1CE00324D55B46DD
:106DC0002146179A059800F04DF805441CE00498F8
:106DD000002807DBDDE90301884203DD0098405C01
:106DE000179901E0179930205A469047049805F109
:106DF0000105401C04900198401E019004D12E20F2
:106E00005A46179990476D1CBAF10001AAF1010A80
:106E1000DDDC05E017F8010B5A46179990476D1C09
:106E2000B8F10001A8F10108F4DC5B462146179A8D
:106E30000598ABE62D0000002B00000020000000AC
:106E40002DE9F041044600251E461746880404D467
:106E500005E039462020B0476D1C641EF9D5284650
:106E6000BDE8F0812DE9F041044600251E4690461C
:106E7000C80301D5302700E02027880404D505E0A9
:106E800041463846B0476D1C641EF9D52846BDE81A
:106E9000F0814A68002A06D00A68531C0B60107003
:106EA0004868401E486070470A68531C0B601070A9
:106EB0007047416851B14168491E416031B90121B3
:106EC00041700178012901D181684160704700005B
:106ED00070B504460D46607801232A4604F134015A
:106EE00000F040FF08B1032070BD94F8321294F80E
:106EF000330241EA00204AF65521884201D002209F
:106F0000F2E794F86D00010694F86C0041EA004144
:106F100094F86B0041EA002094F86A10084320F0CE
:106F20007F400E49884201D10020DDE794F88900B6
:106F3000010694F8880041EA004194F8870041EA8C
:106F4000002094F88610084320F07F4003498842CF
:106F500001D10020C8E70120C6E7000046415400E7
:106F6000024600E0521C107818B192F900008842E5
:106F7000F8D192F90000704730B502460B46002068
:106F80000446014621E001EB41001D4D55F820006B
:106F9000C8B101EB410055F820001568A84213D193
:106FA00001EB4100164D05EB800040689568A84252
:106FB0000AD101EB4100124D05EB80000089D58814
:106FC000A84201D103E0641C491C0329DBD300BFA4
:106FD000032906D10CB9022B01D1002030BD1220AB
:106FE000FCE743B901EB4100054D05EB800040890A
:106FF000B0F5807F01D11020F0E70020EEE700001F
:10700000441100202DE9F74F88B0089800680190DE
:10701000019890F9000030380790079809280AD89D
:10702000019840783A2806D10198801C019008996F
:107030000198086001E00020079000210998016094
:107040000798032803D30B200BB0BDE8F08FD3497A
:10705000079851F820400CB90C20F5E70998046016
:10706000207878B1607800F0ADFE804608F001002D
:1070700040B90A9820B108F0040008B10A20E3E7FB
:107080000020E1E70020207007986070607800F031
:1070900031FE804608F0010008B10320D4E70A98C9
:1070A00020B108F0040008B10A20CDE74FF0000934
:1070B00049462046FFF70CFF054600BF012D21D1B0
:1070C0004FF0000BBBF1000F03D0ABF1010000F05B
:1070D000FF0B4FF4DF7000EB0B1104F134000F18BD
:1070E000387978B1F87A0106B87A41EA0041787ABD
:1070F00041EA0020397A40EA010949462046FFF773
:10710000E7FE0546032D01D101209DE70DB10D20BD
:107110009AE73F20015D94F8400041EA0020B0F575
:10712000007F01D00D208FE74A20015D94F84B00CD
:1071300041EA002ABAF1000F0ED194F85B00010673
:1071400094F85A0041EA004194F8590041EA0020BD
:1071500094F8581040EA010AC4F81CA04420065DC7
:10716000E670012E03D0022E01D00D206CE70AFB41
:1071700006FA4120005D0646A07016B1701E304030
:1071800008B10D2060E74520015D94F8460041EA12
:1071900000202081207A00F00F0008B10D2053E775
:1071A0004720015D94F8480041EA002006900698C7
:1071B00070B994F85700010694F8560041EA00416E
:1071C00094F8550041EA002094F8541008430690C2
:1071D0004220015D94F8430041EA002002900298A9
:1071E00008B90D2030E702985044218900EB1110B6
:1071F0000590DDE90501814201D20D2024E7DDE99A
:107200000510401AA178B0FBF1F00490049808B979
:107210000D2019E7012540F6F6710498884200D345
:1072200002254FF6F6710498884200D3032504988E
:10723000801CA061C4F820900298484460620598C0
:107240004844E062032D16D1208908B10D20FBE6E9
:1072500094F86300010694F8620041EA004194F852
:10726000610041EA002094F860100843A062A06920
:107270008000039014E0208908B90D20E4E6606ADC
:107280005044A062022D02D1A069400007E0207E98
:1072900000F00100A16901EB410100EB51000390F6
:1072A000E169039800F2FF10B1EB502F01D20D20DD
:1072B000CAE64FF0FF3020610020E060032D5CD172
:1072C000607194F8641094F8650041EA0020484425
:1072D00060616078012304F13401626900F042FDCD
:1072E000F0BB94F8321294F8330241EA00204AF6D7
:1072F0005521884241D13720005D01063620005DCE
:1073000041EA00413520005D41EA002094F8341044
:1073100008432349884230D194F81B02010694F8AF
:107320001A0241EA004194F8190241EA002094F857
:10733000181208431B4988421FD194F82302010602
:1073400094F8220241EA004194F8210241EA002027
:1073500094F820120843E06094F81F02010600E050
:107360000BE094F81E0241EA004194F81D0241EA44
:10737000002094F81C120843206125700A480088F8
:10738000401C80B208490880E08000202063207102
:10739000204600F00BF8002056E6000038110020CF
:1073A00052526141727241613600002010B50146AF
:1073B00000200DE000EB4002074B53F822208A42E8
:1073C00005D1002200EB4003034C44F82320401C6D
:1073D0000328EFD310BD0000441100200246891E8F
:1073E0009069801E884201D8002070479378D06A47
:1073F00001FB0300F9E700002DE9F04705460C46C4
:10740000207820F04000401E00EB800101EBC00618
:1074100000274FF0010800BF1A48C05D205C1949E1
:10742000C95D2144497840EA0129B8F1000F10D024
:10743000484601F0EFF88046FF2E07D23146761C11
:1074400035F8110001F0E6F8404508D00020BDE80D
:10745000F0874FF6FF70814501D00020F7E7781CD8
:1074600007460D28D8D3207800F0400038B1B8F195
:10747000000F04D035F8160008B10020E7E701201E
:10748000E5E70000E89100082DE9F0470446894649
:10749000B9F1000F06D1E76817B1A069B84211D859
:1074A00001270FE04946204601F0D1F90646022E99
:1074B00002D20120BDE8F087A069B04201D9304670
:1074C000F8E74F463D4600BF6D1CA069A84204D8AE
:1074D0000225BD4201D90020ECE72946204601F0F3
:1074E000B6F9064606B909E0701C08B1012E01D1B3
:1074F0003046DFE7BD42E7D10020DBE700BF6FF099
:1075000070422946204601F02BFC8046B8F1000F5E
:1075100008D1B9F1000F05D02A464946204601F0AE
:107520001FFC8046B8F1000F09D1E5602069401CBE
:1075300068B12069401E20610120607107E0B8F148
:10754000010F02D14FF0FF3000E001200546284630
:10755000B0E700002DE9F34F83B08146049800683E
:10756000019002E00198401C0190019800782F28BA
:10757000F8D0019800785C28F4D0D9F81CA0002538
:107580002F4600BF38467F1C0199085684B2202C34
:1075900003DB2F2C01D05C2C00D132E0FF2D03D374
:1075A000062005B0BDE8F08FE4B2812C13DBE0B219
:1075B000FE2810DC38467F1C01990E5C402E01DB52
:1075C0007E2E05DD802E01DBFE2E01DD0620E8E7A4
:1075D00006EB042084B20121204600F0DDFF0446C2
:1075E0000CB90620DDE7802C06DA214671A0FFF7F2
:1075F000B7FC08B10620D4E728466D1C2AF81040D5
:10760000C0E700BF0198C11904980160202C01DA7D
:10761000042000E00020804608E0681E3AF8104090
:10762000202C02D02E2C00D002E06D1E002DF4D1B3
:1076300000BF0DB90620B4E700202AF815000B2280
:107640002021D9F8180001F0E1FA002700E07F1CA2
:107650003AF817002028FAD03AF817002E28F6D06A
:107660000FB148F0030800E06D1E25B1681E3AF81E
:1076700010002E28F8D10020064602904FF0080B8B
:1076800000BF38467F1C3AF8104004B963E0202C54
:1076900003D02E2C04D1AF4202D048F00308F0E70B
:1076A0000298584501D2AF4214D1BBF10B0F02D161
:1076B00048F003084FE0AF4201D048F00308AF4262
:1076C00000D948E02F46082002904FF00B0BB0067F
:1076D000060ED6E7802C09DB204600F09BFF002138
:1076E000009000F059FF044648F00208FF2C11DD1D
:1076F000ABF101000299884204D848F00308CDF8A4
:1077000008B0BEE72212D9F818300298411C029145
:107710001A5419E024B1214629A0FFF721FC18B121
:107720005F2448F003080FE0412C04DB5A2C02DCF4
:1077300046F0020608E0612C06DB7A2C04DC46F0F9
:107740000106A4F1200084B2D9F818300298411C37
:1077500002911C5495E700BFD9F818000078E5287D
:1077600003D10520D9F818100870BBF1080F01D11A
:10777000B006060E06F00C000C2803D006F003003D
:10778000032801D148F0020808F0020058B906F0B9
:107790000300012801D148F0100806F00C0004286D
:1077A00001D148F00808D9F8180080F80B800020B3
:1077B000F7E60000222A3A3C3E3F7C7F00000000B2
:1077C0002B2C3B3D5B5D000030B50246531E1A4634
:1077D000032B1BD202EB42030D4C04EB83035989AC
:1077E000B1F5807F00D1002109B14B1E99B202EBA7
:1077F0004203074C04EB8303598129B9002302EBB0
:107800004204034D45F82430002000E0022030BD42
:10781000441100202DE9F04104460E460021204687
:1078200000F019FA0546EDB9002700BF216920686C
:1078300001F0F6F9054605B113E060690078E52826
:1078400002D06069007820B9781C0746B04201D1A7
:1078500007E000270121204600F076F80546002DBC
:10786000E4D000BF2846BDE8F0812DE9F04704468A
:107870000021204600F0EFF9074617B13846BDE871
:10788000F0874FF0FF09CA4600BF2169206801F068
:10789000C7F9074607B154E065692E780EB9042789
:1078A0004FE0E87A00F03F08E52E05D008F0080028
:1078B00028B1B8F10F0F02D04FF0FF093AE0B8F14C
:1078C0000F0F1CD1E069A0B306F0400030B195F86D
:1078D0000DA026F04006B146E08820844E450AD12E
:1078E000687B504507D12946E069FFF785FD10B157
:1078F000A9F1010000E0FF2000F0FF091AE0B9F152
:10790000000F05D1284601F0B7FB504500D118E023
:107910004FF0FF094FF6FF702084A069C07A00F095
:10792000010030B90B222846A16901F04FF900B9D6
:1079300007E0FFE70021204600F006F80746002F89
:10794000A3D000BF38469AE72DE9F04104468846A7
:1079500000BFE088401C86B20EB1206910B9042037
:10796000BDE8F08106F00F0000286DD12069401CB1
:107970002061E06828B920680089B04264DC0420F6
:10798000EEE720688078401E00EA161000285BD1E0
:10799000E168206800F05BFF0546012D01D8022058
:1079A000DEE7681C08B90120DAE720688069A84290
:1079B00044D8B8F1000F01D10420D1E7E168206874
:1079C000FFF762FD05460DB90720C9E7012D01D17A
:1079D0000220C5E7681C08B90120C1E7206801F052
:1079E000BFFB08B10120BBE7216801F134004FF46F
:1079F0000072002101F00AF929462068FFF7EEFC29
:107A00002168086300270FE00120216808712068C1
:107A100001F0A6FB08B10120A2E72068006B401C22
:107A200021680863781CC7B220688078B842EBDC14
:107A30002068006BC01B2168086300BFE560294611
:107A40002068FFF7CBFC2061E6802068343006F028
:107A50000F0100EB41106061002081E72DE9F05F2C
:107A600004468A464FF0FF09CB4604274EE02169C1
:107A7000206801F0D5F8074607B14AE06669357815
:107A80000DB9042745E0F07A00F03F08E52D09D054
:107A90002E2D07D0B8F1080F01D1012000E0002001
:107AA000504502D04FF0FF0929E0B8F10F0F1AD16D
:107AB00005F0400030B196F80DB025F04005A9461C
:107AC000E08820844D450AD1707B584507D1314666
:107AD000E06901F00BF910B1A9F1010000E0FF200D
:107AE00000F0FF090BE0B9F1000F04D1304601F0BE
:107AF000C3FA584502D04FF6FF70208409E00021F8
:107B00002046FFF721FF074607B102E02069002861
:107B1000ADD100BF0FB1002020613846BDE8F09F15
:107B20002DE9FE4F0446D4F81880D4F81C900C229E
:107B30004146684601F05DF800BF9DF80B0000F07B
:107B4000010028B3002088F80B00E06101260DE059
:107B500033464A466946404600F01AFE2046FFF783
:107B600084FE054605B103E0701C86B2642EEFDB8F
:107B700000BF642E02D10720BDE8FE8F042D01D086
:107B80002846F9E79DF80B0088F80B00C4F81C9014
:107B90009DF80B0000F0020070B1002601E0701C9F
:107BA00086B239F816000028F9D106F119000D2126
:107BB00090FBF1F087B200E0012739462046FFF73D
:107BC00029FE05465DBB781E80B2071E27D0E088DF
:107BD000C01B81B2204600F03EF80546FDB9A06901
:107BE00001F04AFA824600BF2169206801F018F8C6
:107BF000054605B112E0FAB253466169E06900F04A
:107C000025FD01202168087100212046FFF79CFE18
:107C100005461DB9781E80B2071EE5D100BFC5B963
:107C20002169206800F0FCFF054695B9202200215B
:107C3000606900F0EBFF0B22D4E9050100F0D9FFE9
:107C4000A069C07A00F018006169087301202168FA
:107C50000871284690E72DE9F04104460E46E6807B
:107C6000A568012D03D020688069A84202D80220AF
:107C7000BDE8F0812DB920680078032801D1206883
:107C8000856A65B9E56020680089B04201DC0220A0
:107C9000EEE72068806A00EB1610206120E0206883
:107CA0008078070112E02946206800F0D0FD0546E3
:107CB000681C08B90120DBE7022D03D32068806926
:107CC000A84201D80220D3E7F01B86B2BE42EADA0E
:107CD000E56029462068FFF781FB00EB1610206164
:107CE0002068343006F00F0100EB41106061002085
:107CF000BEE7000070B50446012534B90548F9F720
:107D000024FE08B125F0010500E000BF00BF2846B1
:107D100070BD0000C419002010B50346F3B901245A
:107D200031B1012906D0022909D0032911D10BE074
:107D3000002410E00A480068106000240BE04FF4B3
:107D400000701080002406E04FF4007010600024E2
:107D500001E0042400BF00BF204610BD0420FCE762
:107D6000B41300202DE9F0470546884691461E468B
:107D7000EDB900271148F9F7E8FD98B100BF73028B
:107D80004A4641460D48FBF7FBFE07460C490B48A7
:107D9000FBF736FC0948F9F7D8FD00B901E0032FDD
:107DA000EDD000BF0FB9002400E0012401E004245D
:107DB00000BF00BF2046BDE8F0870000C4190020C6
:107DC000701F00200146012009B9002000E000BF1B
:107DD00000BF70472DE9F0470546884691461E468C
:107DE000EDB900271148F9F7B0FD98B100BF730253
:107DF0004A4641460D48FCF779F807460C490B48BE
:107E0000FBF7FEFB0948F9F7A0FD00B901E0032FDD
:107E1000EDD000BF0FB9002400E0012401E00424EC
:107E200000BF00BF2046BDE8F0870000C419002055
:107E3000701F0020002100E0491C032906D201EB3D
:107E40004100054A52F820000028F5D1032901D04D
:107E5000012070470020FCE74411002070B5044663
:107E6000204600F03BFA05461DB9606AFFF7ACFCFE
:107E700005460DB900202060284670BD2DE9F04769
:107E800004460E46204601F094F98246BAF1000FEE
:107E900002D05046BDE8F087A07900F0800008B11C
:107EA0000220F7E7E068B04204D2A07900F00200B7
:107EB00000B9E668D4F808904FF00008C4F80880CC
:107EC000002E77D0206880784702B9F1000F11D0DA
:107ED000701EB0FBF7F1A9F10100B0FBF7F0814291
:107EE00008D3A9F10100791E8843A060A068361A62
:107EF000656918E02569ADB900212068FFF7C4FA6B
:107F00000546012D05D1A07940F08000A071022026
:107F1000C0E7681C28B9A07940F08000A07101205A
:107F2000B8E725616561002D44D029E0A07900F013
:107F3000020038B129462068FFF7A6FA054635B990
:107F40003E461FE02946206800F081FC0546681C7B
:107F500028B9A07940F08000A07101209AE7012D96
:107F600003D920688069A84205D8A07940F0800034
:107F7000A07102208EE76561A0683844A060F61BFE
:107F8000BE42D3D800BFA0683044A060C6F308004A
:107F900068B129462068FFF721FA8046B8F1000F42
:107FA00006D1A07940F08000A071022072E701E0C4
:107FB00008EB56282089C0F3080050B3A06940455B
:107FC00027D0A07900F0400090B1216848780123C3
:107FD00004F12801A269FFF7FDFE28B1A07940F065
:107FE0008000A071012055E7A07920F04000A07129
:107FF000216848780123424604F12801FFF7B2FEC8
:1080000028B1A07940F08000A071012042E7C4F8B7
:108010001880D4E90201884205D9A068E060A079FF
:1080200040F02000A071504634E7000070B50446CF
:108030000D46032C01DB0B2070BD084850F824606E
:1080400026B13046FFF7B2F9002030700DB10020A4
:108050002870024840F824500020EDE73811002035
:108060002DE9F743ADF50C7D0546164625B90920E7
:108070000DF50F7DBDE8F0830020286006F01F0697
:1080800026F0010283A98DA8FEF7BCFF0746002F4A
:1080900072D180A88990CDF828D283A88D9900F05C
:1080A00015FB0746889C6FB90CB906270AE026F035
:1080B000010008B1012000E00020014683A8FEF77E
:1080C0005BFF074606F01C00002856D077B1042F4E
:1080D00008D1FFF7AFFE18B183A8FFF721FD00E03C
:1080E0001220074646F00806889C09E0E07A00F076
:1080F000110008B1072703E006F0040000B10827CB
:10810000002F38D106F00800A8B300F013FC804619
:1081100084F80E804FEA1821E1734FEA1841217468
:108120004FEA186161740020E072207700216177C6
:10813000A177E1772146839800F014FD8146002164
:10814000204600F091FF012083990871B9F1000FDA
:1081500011D08398D0F830804946839800F09BFE78
:10816000074647B9A9F101008399C8604146839841
:1081700000F056FD07460FE040E06FB9E07A00F0EE
:10818000100008B1042707E006F0020020B1E07AF1
:1081900000F0010000B10727B7B906F0080008B1E8
:1081A00046F020068398006BE8612C6226F00100FF
:1081B00008B1012000E00020014683A800F064FC23
:1081C0006862686A00B90227C7B9AE712146839810
:1081D00000F0C8FC2861E07F0106A07F41EA004171
:1081E000607F41EA0020217F0843E8600020A8600A
:1081F000A861839828608398C088A880384637E7AC
:1082000073B5ADF5047D04461CB909200DF5067D56
:1082100070BD0022214685A8FEF7F4FE05462668BB
:1082200035BB81A8A06101A8E0612046859900F0D6
:108230004DFA0546ADB9606958B16069C07A00F081
:10824000100028B13046616900F08CFCA06000E0AD
:10825000052535B9F088A08000212046FFF7FBFCFA
:108260000546042D00D1052525B10020206001E040
:10827000002020602846C9E770B5ADF5047D0446AE
:108280000E46204600F095FF05461DBB2EB9002185
:108290002046FFF7E0FC05461CE081A8A06101A88C
:1082A000E06100212046FFF7D9FB0546042D02D1ED
:1082B0000020206100256DB93146204600F03EFBCC
:1082C00000212046FFF740FB0546042D02D1002087
:1082D0002061002528460DF5047D70BD2DE9F04193
:1082E0000446204600F065FF0746002F4CD1A079D8
:1082F00000F02000002847D0A07900F0400078B1BD
:1083000021684878012304F12801A269FFF762FD82
:1083100010B10120BDE8F081A07920F04000A071EB
:10832000E169206800F07CFC0746002F2CD1256A0B
:10833000E87A40F02000E872207B2877A089010AC3
:108340006977E068010CA977E068010EE9772846B3
:10835000216900F089FE00F0EDFA0646AE75310A9B
:10836000E975310C2976310E69760020A874002158
:10837000E974A07920F02000A07101202168087123
:10838000206800F089FE07463846C3E72DE9FF4F15
:1083900083B0044615469B46049801900020CBF814
:1083A0000000204600F005FF0290029818B10298E4
:1083B00007B0BDE8F08FA07900F0800008B102207E
:1083C000F6E7A07900F0020008B90720F0E7E068BE
:1083D0002844E168884200D20025CDE02089C0F31E
:1083E0000800002877D120688078401EA16800EA44
:1083F000512000F0FF0ABAF1000F2AD1A06858B945
:10840000D4F81080B8F1000F0BD100212068FFF7DD
:108410003BF88046206104E061692068FFF734F88A
:108420008046B8F1000F00D1A9E0B8F1010F05D1E5
:10843000A07940F08000A0710220B9E708F10100A6
:1084400028B9A07940F08000A0710120B0E7C4F8FD
:108450001480A07900F0400090B121684878012391
:1084600004F12801A269FFF7B5FC28B1A07940F01A
:108470008000A07101209BE7A07920F04000A0714E
:1084800061692068FEF7AAFF06462EB9A07940F080
:108490008000A07102208BE756444FEA5529B9F1BC
:1084A000000F2FD00AEB090021688978884203D990
:1084B00020688078A0EB0A0909F0FF03216848785A
:1084C00032460199FFF786FC30B1A07940F0800078
:1084D000A07101206CE72CE0A069801B48450ED2FA
:1084E000A069801B019A02EB40214FF4007204F155
:1084F000280000F07EFBA07920F04000A0714FEA38
:1085000049272DE0A069B04212D0D4E90201884287
:108510000ED2216848780123324604F12801FFF782
:1085200021FC28B1A07940F08000A07101203FE734
:10853000A6612089C0F30800C0F50077AF4200D9DA
:108540002F462189C1F3080204F1280150183A4648
:10855000019900F04EFBA07940F04000A07100BFEF
:10856000019838440190A0683844A060DBF800000E
:108570003844CBF80000ED1B002D7FF42FAF00BF77
:10858000D4E90201884201D9A068E060A07940F0F6
:108590002000A07100200BE72DE9F04102460F46B4
:1085A000802A01DA10462FE01FB1184B45F2205601
:1085B00002E0174B45F220560025102416E0A6EBEA
:1085C000050C0CEBDC7805EB68014FEA410C33F845
:1085D0001CC0944500D10BE04FEA410C33F81CC09D
:1085E000944501DA0D4600E00E46641E002CE6D1EB
:1085F00000BF34B14FF0010C0CEB410C33F81CC040
:1086000001E04FF0000C6046BDE8F0817AE6010819
:10861000F69100080246002100E0491C094830F8A4
:10862000110020B1074830F811009042F5D10548FB
:1086300030F8110018B1044830F8110070471046A6
:10864000FCE70000FE3A0308DE3C0308F0B50446F0
:108650001D464D730F27CF7200270F738F76BC46D0
:1086600081F81BC0571E07EB870C0CEBC7060027D1
:1086700038463B4600BF4FF6FF77B84203D0374637
:10868000761C34F81700DFF840C01CF803C001F86E
:108690000C000712DFF830C01CF803C08C448CF8C3
:1086A000017008B94FF6FF705F1C3B460D2FE2D3F7
:1086B0004FF6FF77B84202D034F816700FB942F087
:1086C00040020A70F0BD0000E89100082DE9F34176
:1086D0000446019800782F2803D0019800785C2880
:1086E00002D10198401C01900020A060019890F9EF
:1086F0000000202807D200212046FFF7ACFA0546EB
:108700000020606129E000BF01A92046FEF722FF9A
:10871000054605B120E02046FFF7A7F80546A06909
:10872000C67A45B1042D00D016E000BF06F0040063
:1087300000B9052510E006F0040000B10CE06769FF
:10874000F87A00F0100008B9052505E039462068E0
:1087500000F008FAA060D7E700BF2846BDE8FC811A
:1087600070B504460D4640210748F9F7CDFFE1B248
:108770000648FAF732F900BF40210448FAF762F8D8
:108780000028F9D0204670BD0010014000140140BF
:108790002DE9FC4707468A4690461C460B22514667
:1087A000384600F026FA052C0BDD00BF601000EB08
:1087B000C43138F8022B881884B2B8F800000028B9
:1087C000F4D1072600BF2046E11704EB117109110F
:1087D000A4EB0111303101F0FF09B9F1390F03DDCC
:1087E00009F1070000F0FF093046761E0DF80090F1
:1087F0002046E11704EB1171C1F30F14002CE2D1F4
:108800007E200DF8060000250BE0785D812807DB4F
:10881000785DFE2804DC701EA84200D106E06D1CC5
:108820006D1CB54202D2785D2028EED100BF00BF9A
:10883000082E04D23046761C1DF8000000E02020EF
:1088400029466D1C7854082DF2D3BDE8FC872DE92C
:10885000F04105460C46022C02D3A869A04202D87A
:108860000120BDE8F0812878012804D002282CD00E
:1088700003285AD13DE0274607EB5707686A00EB0B
:108880005721284600F0CCF900B14EE0C7F30801AB
:1088900005F1340010F801807F1C686A00EB572155
:1088A000284600F0BDF900B13FE0C7F3080105F12B
:1088B0003400405C48EA002804F0010010B14FEA9F
:1088C0001810CEE7C8F30B00CBE7686A00EB142161
:1088D000284600F0A5F900B127E040F2FF1000EAB9
:1088E000440105F134000E183078717840EA012017
:1088F000B7E7686A00EBD411284600F091F900B19F
:1089000013E040F2FF1000EA840105F134000E1874
:10891000F0780006B17840EA0140717840EA012021
:108920003178084320F070409BE700BF4FF0FF30E4
:1089300097E7000000487047000021422DE9FC5FE6
:1089400081460F4607F10908D9F81000002854D0D5
:10895000D9F81440207B0190002516E0605D46B2F6
:10896000202E00D113E0052E01D16FF01A060198D8
:1089700000F0080030B1412E04DB5A2E02DC06F173
:10898000200046B208F8016B6D1C082DE6D300BF2D
:10899000207A20281AD02E2008F8010B082512E092
:1089A000605D46B2202E00D10FE0019800F010006B
:1089B00030B1412E04DB5A2E02DC06F1200046B213
:1089C00008F8016B6D1C0B2DEAD300BFE07A3872FA
:1089D000E07F0106A07F41EA0041607F41EA00207C
:1089E000217F08433860217E607E41EA0020B88004
:1089F000A17DE07D41EA0020F880002088F8000099
:108A0000B869E8B3F869D8B3D7F818B00025D9F831
:108A1000100088B3B9F820004FF6FF7188422BD0C0
:108A2000D9F81C0000901FE000215046FFF7B4FD6C
:108A30008246BAF1000F01D100251CE0BAF1FF0F08
:108A400006DD4FEA2A2042B228466D1C0BF80020B2
:108A5000F869401EA84201D800250CE04FFA8AF2BE
:108A600028466D1C0BF80020009830F8021BB1F16D
:108A7000000A0090D8D100BF00200BF8050000E0EC
:108A800000E000BFBDE8FC9F30B502460B46002168
:108A90001BE001EB4100324C54F820001468A04266
:108AA00012D101EB41002E4C04EB80004068946829
:108AB000A04209D101EB4100294C04EB8000008960
:108AC000D488A04200D102E0491C0329E1D300BFB1
:108AD000032927D1002100E0491C032906D201EB1C
:108AE00041001F4C54F820000028F5D1032901D182
:108AF000002030BD01EB4104194D106845F82400F9
:108B000001EB410405EB840490686060D08801EBC0
:108B1000410405EB84042081002001EB410405EBB6
:108B20008404608143B101EB41000D4C04EB8000F3
:108B3000408908B10020DCE713B14FF4807006E0F3
:108B400001EB4100064C04EB80004089401C01EB26
:108B50004104034D05EB84046081481CC9E7000013
:108B60004411002010B502468C7ECB7E44EA0320DF
:108B70001378032B05D10C7D4B7D44EA032340EA97
:108B8000034010BD10B5F8F77BFFF9F73DFBF9F78F
:108B900027FDF9F7E7FCFDF721FCF9F725FCF8F7CD
:108BA000B3FD0748008881B20648F8F7B5FD0020FC
:108BB0000549087002490880F8F7E2FD002010BD61
:108BC000DE000020F41F0020DD000020F0B5034689
:108BD0001C460D46002000BF161EA2F1010207D060
:108BE00014F8017B15F801CBA7EB0C06301EF3D06F
:108BF000F0BD70B503460C4603E014F8015B03F8C2
:108C0000015B151EA2F10102F7D170BD30B503461C
:108C100001E003F8011B141EA2F10102F9D130BDDD
:108C200070B504460D46206BA84210D0204600F0D7
:108C300097FA08B1012070BD607801232A4604F13B
:108C40003401FFF78FF808B10120F4E72563002015
:108C5000F1E70146487830380A78303A02EB820270
:108C600000EB4200C0B270470146087830384FF43C
:108C70007A7210FB02F24878303800EBC00303EB45
:108C8000001002EB80028878303800EB800002EBA5
:108C90004002C8783038104480B2704730B52DEDAE
:108CA000028B85B005460C4600200190029003908F
:108CB00004900F2C00DD0F242246294601A8F7F767
:108CC0007FFA002001A9085501A8FDF749FCB0EE84
:108CD000408AF0EE608A51EC180BF7F788FB00EE43
:108CE000100A05B0BDEC028B30BD0000F0B50346A4
:108CF000087800F03F00401E00EB800707EBC00241
:108D00000025012600BF1548405D085C134F7F5DBC
:108D10000F447F7840EA07244EB1FF2A01D3002098
:108D2000F0BD26461046521C23F8104005E04FF6D1
:108D3000FF70844201D00020F2E7681C05460D2830
:108D4000E1D3087800F0400030B1FF2A01D30020C1
:108D5000E6E7002023F812000120E1E7E89100088F
:108D60002DE9F04705460E461746022E02D3A869A4
:108D7000B04202D84FF002088AE02878012804D0D7
:108D8000022841D003287DD154E0B14609EB5909AE
:108D9000686A00EB59212846FFF742FF8046B8F188
:108DA000000F00D071E0C9F3080105F134000C1880
:108DB00006F0010020B1F9B2207861F31F1000E045
:108DC0003846207009F1010901202871686A00EB1A
:108DD00059212846FFF724FF8046B8F1000F00D044
:108DE00053E0C9F3080105F134000C1806F0010046
:108DF00010B1C7F3071005E0207800F0F000C7F3CA
:108E000003210843207040E0686A00EB16212846E1
:108E1000FFF706FF8046B8F1000F00D035E040F2C2
:108E2000FF1000EA460105F134000C182770380ADB
:108E300060702AE0686A00EBD6112846FFF7F0FE62
:108E40008046B8F1000F00D01FE040F2FF1000EAAA
:108E5000860105F134000C18E0780006A17840EA9C
:108E60000140617840EA01202178084300F0704019
:108E700007432770380A6070380CA070380EE07015
:108E800003E0FFE74FF0020800BF00BF0120287198
:108E90004046BDE8F0872DE9F04104460E46022E1B
:108EA00002D3A069B04201D8022725E000271FE0C5
:108EB00031462046FFF7CBFC054605B91BE0012DE6
:108EC00001D1022717E0681C08B9012713E000222E
:108ED00031462046FFF744FF074607B10BE0206903
:108EE000401C20B12069401C2061012060712E4689
:108EF000A069B042DCD800BF3846BDE8F081000070
:108F000070B52DED048B88B00446E07C5E286ED1F0
:108F1000207E5E286BD1601DFFF7A6FE36490880D3
:108F200004F10900FFF795FE3349887004F10B0046
:108F3000FFF78FFE3049C87004F10D00FFF789FE7E
:108F40002D49087104F10F00FFF783FE2A4948718B
:108F500004F11100FFF77DFE274988710425294699
:108F600004F11400FFF79AFE234880ED020A06265A
:108F7000314604F11900FFF791FE1F4880ED030A06
:108F80001EA0F8F7DFFE1C4890ED030A10EE101A41
:108F90000846F7F719FA41EC180B174890ED020A4A
:108FA00010EE101A0846F7F70FFA41EC190B8DED89
:108FB000068B8DED049B104880790F4949790E4A44
:108FC0001279CDE9002102900B48C378827801889C
:108FD0001448F8F7B7FE14480078012803D113A00D
:108FE000FDF784FA02E019A0FDF780FA00BF08B08F
:108FF000BDEC048B70BD0000F42200200D0A2D2D65
:109000002D2D2D2D2D2D2D2D2D2D2D2D2D2D2D2D90
:109010002D2D2D2D2D2D2D2D2D2D2D2D2D2D0D0AC3
:1090200000000000A8400308DC00002070616765B4
:1090300031372E74322E7478743D22CAD7B4CEB430
:10904000F2D3A1B3C9B9A622FFFFFF007061676523
:1090500031372E74322E7478743D22B4F2D3A1B31A
:10906000C9B9A622FFFFFF0081760B0AC3760A0C5E
:1090700002750B0E4375704730B5014600200B2278
:1090800000BF431003EBC01411F8015B6319D8B2A1
:10909000531E1A1EF5D130BD70B50446204600F0AF
:1090A0005FF80546002D59D1207803284FD160790B
:1090B00000284CD0002020634FF40072002104F1FE
:1090C0003400FFF7A3FD552184F83212AA2184F859
:1090D0003312522084F83400522135200155612189
:1090E00036200155412137200155722184F818128C
:1090F00084F81912412184F81A12612184F81B1294
:10910000217C84F81C12208A010A84F81D1220692F
:10911000010C84F81E122069010E84F81F12217BB5
:1091200084F82012A089010A84F82112E068010C59
:1091300084F82212E068010E84F82312607801237B
:1091400004F134016269FEF745FE00206071607829
:1091500000221146FEF7E0FD00B10125284670BD52
:1091600070B50446207910B3256B607801232A4638
:1091700004F13401FEF72EFE08B1012070BD00207D
:109180002071606AA84212D8E169606A0844A84266
:109190000DD9E67809E0E0690544607801232A46A4
:1091A00004F13401FEF716FE761E022EF3D20020E3
:1091B000E4E770B505462C464CB1206838B120680C
:1091C000007820B12068C088A188884201D0092099
:1091D00070BD21684878FEF7F5FD00F0010008B188
:1091E0000320F5E70020F3E701030507090E10123D
:1091F0001416181C1E00A400E8A1A700ECA1A800EA
:10920000A7A1B000E3A1B100C0A1B700A4A1D700FD
:10921000C1A1E000A4A8E100A2A8E800A8A8E90074
:10922000A6A8EA00BAA8EC00ACA8ED00AAA8F20033
:10923000B0A8F300AEA8F700C2A1F900B4A8FA00E4
:10924000B2A8FC00B9A80101A1A81301A5A81B019F
:10925000A7A82B01A9A84401BDA84801BEA84D019B
:10926000ADA86B01B1A8CE01A3A8D001ABA8D201D3
:10927000AFA8D401B3A8D601B5A8D801B6A8DA0121
:10928000B7A8DC01B8A85102BBA86102C0A8C702F8
:10929000A6A1C902A5A1CA0240A8CB0241A8D90231
:1092A00042A89103A1A69203A2A69303A3A69403A6
:1092B000A4A69503A5A69603A6A69703A7A698031A
:1092C000A8A69903A9A69A03AAA69B03ABA69C03EA
:1092D000ACA69D03ADA69E03AEA69F03AFA6A003BA
:1092E000B0A6A103B1A6A303B2A6A403B3A6A50387
:1092F000B4A6A603B5A6A703B6A6A803B7A6A90356
:10930000B8A6B103C1A6B203C2A6B303C3A6B403F1
:10931000C4A6B503C5A6B603C6A6B703C7A6B803B9
:10932000C8A6B903C9A6BA03CAA6BB03CBA6BC0389
:10933000CCA6BD03CDA6BE03CEA6BF03CFA6C00359
:10934000D0A6C103D1A6C303D2A6C403D3A6C50326
:10935000D4A6C603D5A6C703D6A6C803D7A6C903F5
:10936000D8A60104A7A71004A1A71104A2A712045C
:10937000A3A71304A4A71404A5A71504A6A716045D
:10938000A8A71704A9A71804AAA71904ABA71A0429
:10939000ACA71B04ADA71C04AEA71D04AFA71E04F9
:1093A000B0A71F04B1A72004B2A72104B3A72204C9
:1093B000B4A72304B5A72404B6A72504B7A7260499
:1093C000B8A72704B9A72804BAA72904BBA72A0469
:1093D000BCA72B04BDA72C04BEA72D04BFA72E0439
:1093E000C0A72F04C1A73004D1A73104D2A73204EB
:1093F000D3A73304D4A73404D5A73504D6A736049D
:10940000D8A73704D9A73804DAA73904DBA73A0468
:10941000DCA73B04DDA73C04DEA73D04DFA73E0438
:10942000E0A73F04E1A74004E2A74104E3A7420408
:10943000E4A74304E5A74404E6A74504E7A74604D8
:10944000E8A74704E9A74804EAA74904EBA74A04A8
:10945000ECA74B04EDA74C04EEA74D04EFA74E0478
:10946000F0A74F04F1A75104D7A710205CA913203F
:1094700043A81420AAA1152044A81620ACA11820A6
:10948000AEA11920AFA11C20B0A11D20B1A12520A3
:1094900045A82620ADA13020EBA13220E4A1332045
:1094A000E5A1352046A83B20F9A1AC20800003218E
:1094B000E6A1052147A8092148A81621EDA12121EF
:1094C00059A96021F1A26121F2A26221F3A26321D4
:1094D000F4A26421F5A26521F6A26621F7A2672114
:1094E000F8A26821F9A26921FAA26A21FBA26B21E4
:1094F000FCA27021A1A27121A2A27221A3A27321B8
:10950000A4A27421A5A27521A6A27621A7A27721E3
:10951000A8A27821A9A27921AAA29021FBA1912138
:10952000FCA19221FAA19321FDA1962149A897219E
:109530004AA898214BA899214CA80822CAA10F2219
:10954000C7A11122C6A115224DA81A22CCA11D2205
:10955000D8A11E22DEA11F224EA82022CFA12322A5
:109560004FA82522CEA12722C4A12822C5A12922A5
:10957000C9A12A22C8A12B22D2A12E22D3A13422F2
:10958000E0A13522DFA13622C3A13722CBA13D22A3
:10959000D7A14822D6A14C22D5A1522250A86022A0
:1095A000D9A16122D4A16422DCA16522DDA16622B9
:1095B00051A8672252A86E22DAA16F22DBA1952260
:1095C00092A89922D1A1A522CDA1BF2253A81223EE
:1095D000D0A16024D9A26124DAA26224DBA2632490
:1095E000DCA26424DDA26524DEA26624DFA2672457
:1095F000E0A26824E1A26924E2A27424C5A2752431
:10960000C6A27624C7A27724C8A27824C9A2792446
:10961000CAA27A24CBA27B24CCA27C24CDA27D2416
:10962000CEA27E24CFA27F24D0A28024D1A28124E6
:10963000D2A28224D3A28324D4A28424D5A28524B6
:10964000D6A28624D7A28724D8A28824B1A28924AE
:10965000B2A28A24B3A28B24B4A28C24B5A28D24F6
:10966000B6A28E24B7A28F24B8A29024B9A29124C6
:10967000BAA29224BBA29324BCA29424BDA2952496
:10968000BEA29624BFA29724C0A29824C1A2992466
:10969000C2A29A24C3A29B24C4A20025A4A9012586
:1096A000A5A90225A6A90325A7A90425A8A90525DA
:1096B000A9A90625AAA90725ABA90825ACA90925AA
:1096C000ADA90A25AEA90B25AFA90C25B0A90D257A
:1096D000B1A90E25B2A90F25B3A91025B4A911254A
:1096E000B5A91225B6A91325B7A91425B8A915251A
:1096F000B9A91625BAA91725BBA91825BCA91925EA
:10970000BDA91A25BEA91B25BFA91C25C0A91D25B9
:10971000C1A91E25C2A91F25C3A92025C4A9212589
:10972000C5A92225C6A92325C7A92425C8A9252559
:10973000C9A92625CAA92725CBA92825CCA9292529
:10974000CDA92A25CEA92B25CFA92C25D0A92D25F9
:10975000D1A92E25D2A92F25D3A93025D4A93125C9
:10976000D5A93225D6A93325D7A93425D8A9352599
:10977000D9A93625DAA93725DBA93825DCA9392569
:10978000DDA93A25DEA93B25DFA93C25E0A93D2539
:10979000E1A93E25E2A93F25E3A94025E4A9412509
:1097A000E5A94225E6A94325E7A94425E8A94525D9
:1097B000E9A94625EAA94725EBA94825ECA94925A9
:1097C000EDA94A25EEA94B25EFA9502554A851250E
:1097D00055A8522556A8532557A8542558A85525AD
:1097E00059A856255AA857255BA858255CA859257D
:1097F0005DA85A255EA85B255FA85C2560A85D254D
:1098000061A85E2562A85F2563A8602564A861251C
:1098100065A8622566A8632567A8642568A86525EC
:1098200069A866256AA867256BA868256CA86925BC
:109830006DA86A256EA86B256FA86C2570A86D258C
:1098400071A86E2572A86F2573A8702574A871255C
:1098500075A8722576A8732577A8812578A8822512
:1098600079A883257AA884257BA885257CA88625C8
:109870007DA887257EA8882580A8892581A88A2596
:1098800082A88B2583A88C2584A88D2585A88E2564
:1098900086A88F2587A8932588A8942589A895252B
:1098A0008AA8A025F6A1A125F5A1B225F8A1B32586
:1098B000F7A1BC258BA8BD258CA8C625F4A1C7257A
:1098C000F3A1CB25F0A1CE25F2A1CF25F1A1E22570
:1098D0008DA8E3258EA8E4258FA8E52590A8052668
:1098E000EFA10626EEA1092691A84026E2A1422674
:1098F000E1A10030A1A10130A2A10230A3A1033057
:10990000A8A10530A9A1063065A9073096A908309D
:10991000B4A10930B5A10A30B6A10B30B7A10C3003
:10992000B8A10D30B9A10E30BAA10F30BBA11030D3
:10993000BEA11130BFA1123093A81330FEA1143084
:10994000B2A11530B3A11630BCA11730BDA11D3096
:1099500094A81E3095A8213040A9223041A9233077
:1099600042A9243043A9253044A9263045A92730EF
:1099700046A9283047A9293048A94130A1A442303E
:10998000A2A44330A3A44430A4A44530A5A44630E7
:10999000A6A44730A7A44830A8A44930A9A44A30B7
:1099A000AAA44B30ABA44C30ACA44D30ADA44E3087
:1099B000AEA44F30AFA45030B0A45130B1A4523057
:1099C000B2A45330B3A45430B4A45530B5A4563027
:1099D000B6A45730B7A45830B8A45930B9A45A30F7
:1099E000BAA45B30BBA45C30BCA45D30BDA45E30C7
:1099F000BEA45F30BFA46030C0A46130C1A4623097
:109A0000C2A46330C3A46430C4A46530C5A4663066
:109A1000C6A46730C7A46830C8A46930C9A46A3036
:109A2000CAA46B30CBA46C30CCA46D30CDA46E3006
:109A3000CEA46F30CFA47030D0A47130D1A47230D6
:109A4000D2A47330D3A47430D4A47530D5A47630A6
:109A5000D6A47730D7A47830D8A47930D9A47A3076
:109A6000DAA47B30DBA47C30DCA47D30DDA47E3046
:109A7000DEA47F30DFA48030E0A48130E1A4823016
:109A8000E2A48330E3A48430E4A48530E5A48630E6
:109A9000E6A48730E7A48830E8A48930E9A48A30B6
:109AA000EAA48B30EBA48C30ECA48D30EDA48E3086
:109AB000EEA48F30EFA49030F0A49130F1A4923056
:109AC000F2A49330F3A49B3061A99C3062A99D302D
:109AD00066A99E3067A9A130A1A5A230A2A5A33096
:109AE000A3A5A430A4A5A530A5A5A630A6A5A730FA
:109AF000A7A5A830A8A5A930A9A5AA30AAA5AB30CA
:109B0000ABA5AC30ACA5AD30ADA5AE30AEA5AF3099
:109B1000AFA5B030B0A5B130B1A5B230B2A5B33069
:109B2000B3A5B430B4A5B530B5A5B630B6A5B73039
:109B3000B7A5B830B8A5B930B9A5BA30BAA5BB3009
:109B4000BBA5BC30BCA5BD30BDA5BE30BEA5BF30D9
:109B5000BFA5C030C0A5C130C1A5C230C2A5C330A9
:109B6000C3A5C430C4A5C530C5A5C630C6A5C73079
:109B7000C7A5C830C8A5C930C9A5CA30CAA5CB3049
:109B8000CBA5CC30CCA5CD30CDA5CE30CEA5CF3019
:109B9000CFA5D030D0A5D130D1A5D230D2A5D330E9
:109BA000D3A5D430D4A5D530D5A5D630D6A5D730B9
:109BB000D7A5D830D8A5D930D9A5DA30DAA5DB3089
:109BC000DBA5DC30DCA5DD30DDA5DE30DEA5DF3059
:109BD000DFA5E030E0A5E130E1A5E230E2A5E33029
:109BE000E3A5E430E4A5E530E5A5E630E6A5E730F9
:109BF000E7A5E830E8A5E930E9A5EA30EAA5EB30C9
:109C0000EBA5EC30ECA5ED30EDA5EE30EEA5EF3098
:109C1000EFA5F030F0A5F130F1A5F230F2A5F33068
:109C2000F3A5F430F4A5F530F5A5F630F6A5FC3033
:109C300060A9FD3063A9FE3064A90531C5A80631CD
:109C4000C6A80731C7A80831C8A80931C9A80A3170
:109C5000CAA80B31CBA80C31CCA80D31CDA80E3140
:109C6000CEA80F31CFA81031D0A81131D1A8123110
:109C7000D2A81331D3A81431D4A81531D5A81631E0
:109C8000D6A81731D7A81831D8A81931D9A81A31B0
:109C9000DAA81B31DBA81C31DCA81D31DDA81E3180
:109CA000DEA81F31DFA82031E0A82131E1A8223150
:109CB000E2A82331E3A82431E4A82531E5A8263120
:109CC000E6A82731E7A82831E8A82931E9A82032F9
:109CD000E5A22132E6A22232E7A22332E8A2243210
:109CE000E9A22532EAA22632EBA22732ECA22832E0
:109CF000EDA22932EEA231325AA9A33249A98E33FC
:109D00004AA98F334BA99C334CA99D334DA99E334F
:109D10004EA9A1334FA9C43350A9CE3351A9D13391
:109D200052A9D23353A9D53354A9004EBBD2014E08
:109D3000A1B6024E4081034EDFC6044E4181054E5E
:109D40004281064E4381074EF2CD084EC9D5094ED9
:109D5000FDC80A4ECFC90B4EC2CF0C4EA2D80D4E35
:109D6000BBB20E4EEBD30F4E4481104EA4D8114E11
:109D7000F3B3124E4581134EA8D7144ED2C7154ED9
:109D8000A7D8164EC0CA174E4681184EF0C7194EB6
:109D9000FBB11A4EB5D21B4ED4B41C4EABB61D4E01
:109DA000BFCB1E4EA9D81F4E4781204E4881214E61
:109DB0004981224EAAB6234E4A81244EBDC1254E6A
:109DC000CFD1264E4B81274EA5C9284EADD8294E5E
:109DD0004C812A4EF6B82B4EBED12C4EDCE32D4ED4
:109DE000D0D62E4E4D812F4E4E81304EE1B7314EA2
:109DF0004F81324EAEB4334E5081344ED9C1354EC0
:109E00005181364EBCD8374E5281384EE8CD394E4E
:109E1000A4B53A4EAACE3B4EF7D63C4E53813D4EAA
:109E2000F6C03E4ED9BE3F4EAFD8404E5481414E53
:109E30005581424E5681434ECBC4444E5781454EC8
:109E4000C3BE464E5881474EB1D8484EB4C3494E62
:109E5000E5D24A4E59814B4EAED64C4EDACE4D4EDF
:109E6000A7D54E4EF5BA4F4EA6B7504ED6C0514E5E
:109E70005A81524EB9C6534ED2C5544EC7C7554EDD
:109E80005B81564ED4B9574E5C81584ECBB3594E78
:109E9000D2D25A4E5D815B4E5E815C4EBFD85D4E24
:109EA000C5BE5E4EF2C65F4EB2D2604EB0CF614EBE
:109EB000E7CF624E5F81634E6081644E6181654E83
:109EC0006281664EE9CA674E6381684E6481694E5D
:109ED000C0D86A4E65816B4E66816C4E67816D4E4F
:109EE00068816E4E69816F4E6A81704EF2C2714E0A
:109EF000D2C2724E6B81734EE9C8744E6C81754E3E
:109F00006D81764E6E81774E6F81784E7081794E7D
:109F100071817A4E72817B4E73817C4E74817D4E4D
:109F200075817E4EACC77F4E7681804E7781814EA3
:109F30007881824E7981834E7A81844E7B81854EF1
:109F40007C81864ECBC1874E7D81884EE8D3894E79
:109F5000F9D58A4E7E818B4EC2CA8C4EFEB68D4E8E
:109F6000A1D88E4EDAD38F4EF7BF904E8081914E9E
:109F7000C6D4924EA5BB934EC1D8944EE5CE954E15
:109F8000AEBE964E8181974E8281984EA8D8994E4A
:109F900083819A4EC7D19B4EA9D09C4E84819D4E01
:109FA00085819E4E86819F4EBDD8A04EEFD9A14E91
:109FB000F6CDA24EBABFA34E8781A44EBBBDA54E1F
:109FC000A5BAA64EE0D2A74EFAB2A84EE0BAA94E64
:109FD000B6C4AA4E8881AB4EEDCFAC4EA9BEAD4EF5
:109FE000A4CDAE4EC1C1AF4E8981B04E8A81B14E73
:109FF0008B81B24ED7C7B34EF1D9B44E8C81B54EDA
:10A00000F4D9B64E8D81B74E8E81B84E8F81B94E40
:10A010009081BA4ECBC8BB4EE9D8BC4E9181BD4EA3
:10A020009281BE4E9381BF4EDAD2C04EB2CAC14EAB
:10A03000CAC8C24EECD8C34EEAD8C44EC6D8C54E24
:10A04000F6BDC64ECDC6C74EF0B3C84E9481C94EBC
:10A05000EBD8CA4EF1BDCB4EE9BDCC4E9581CD4E6D
:10A06000D4C8CE4ED3B4CF4E9681D04E9781D14E28
:10A07000D8C2D24E9881D34ED6B2D44ED0D7D54E78
:10A08000CBCAD64EFBCBD74ECCD5D84EB6B8D94ED0
:10A09000C9CFDA4E9981DB4E9A81DC4E9B81DD4E31
:10A0A000DAD9DE4EF0D8DF4EAAC7E04E9C81E14EF1
:10A0B000EED8E24E9D81E34EFAB4E44EEEC1E54E99
:10A0C000D4D2E64E9E81E74E9F81E84EEDD8E94E10
:10A0D000A081EA4EC7D2EB4EEFD8EC4EC7C3ED4E8F
:10A0E000A181EE4EA281EF4EA381F04EF6D1F14E4A
:10A0F000A481F24ED9D6F34EF2D8F44EA581F54E96
:10A10000F5D8F64EFEBCF74EDBBCF84EA681F94EF4
:10A11000A781FA4EA881FB4ECEC8FC4EA981FD4E08
:10A12000DDB7FE4EAA81FF4EC2B7004FAB81014F93
:10A13000F3C6024FAC81034FAD81044FAE81054F92
:10A14000AF81064FB081074FB181084FB281094FEF
:10A15000F8D80A4FC1D20B4FB3810C4FB4810D4FC9
:10A16000E9CE0E4FBFBC0F4FFCB7104FA5B7114F34
:10A17000DDD0124FB581134FB681144FB781154F03
:10A18000B881164FB981174FDAD6184FC5D3194F7A
:10A19000EFBB1A4FE1BB1B4FF1D81C4FBA811D4FCB
:10A1A000BB811E4FA1C91F4FB0CE204FABB4214F72
:10A1B000BC81224FF3D8234FBD81244FCBC9254FFB
:10A1C000F6D8264FD7C2274FF7D8284FBE81294F40
:10A1D000BF812A4FB1CE2B4FF9D82C4FC0812D4FC4
:10A1E000C1812E4FC2812F4FAEB2304FC0B9314F17
:10A1F000C381324FA3D9334FC481344FE9B0354FB7
:10A20000C581364FE6C1374FC681384FECC9394F4B
:10A21000C7813A4FC5CB3B4FC8813C4FC6CB3D4F62
:10A22000A4D93E4FC9813F4FCA81404FCB81414F96
:10A23000CC81424FCD81434FE8B5444FCE81454F4D
:10A24000CF81464FABB5474FD081484FD181494F61
:10A25000D2814A4FD3814B4FD4814C4FD5814D4F42
:10A26000BBCE4E4FCDB54F4FA1D7504FF4D7514F26
:10A27000D3D3524FD681534FE5CC544FD781554F4E
:10A28000CEBA564FD881574FA2D9584FDCD9594F23
:10A29000E0D35A4FFDD85B4FF0B75C4FF7D75D4F17
:10A2A000FED85E4FFAD85F4FA1D9604FE3C4614F2B
:10A2B000D981624FDA81634FB6D3644FF4D8654FCA
:10A2C000DDD9664FDB81674FFBD8684FDC81694F72
:10A2D000E5C56A4FDD816B4FDE816C4FD0C06D4F9D
:10A2E000DF816E4FE0816F4FF0D1704FDBB0714F67
:10A2F000E181724FE281734FD1BC744FA6D9754F83
:10A30000E381764FA5D9774FE481784FE581794F86
:10A31000E6817A4FE7817B4FACD97C4FAED97D4F38
:10A32000E8817E4FABD97F4FB9CA804FE981814F19
:10A33000EA81824FEB81834FA9D9844FB6D6854FEE
:10A34000EC81864FED81874FEE81884FDEB3894FD8
:10A35000A8D98A4FEF818B4FFDC08C4FF0818D4F74
:10A36000CCCA8E4FF1818F4FAAD9904FF281914F75
:10A37000A7D9924FF381934FF481944FB0D9954F61
:10A38000F581964FF681974FB1B6984FF781994F67
:10A39000F8819A4FF9819B4FA9B99C4FFA819D4F43
:10A3A000C0D29E4FFB819F4FFC81A04FC0CFA14FD9
:10A3B000FD81A24FFE81A34FC2C2A44F4082A54F90
:10A3C000C4BDA64FECD5A74FE0B2A84FC8C7A94F50
:10A3D000EBBFAA4FADD9AB4F4182AC4FAFD9AD4F18
:10A3E0004282AE4FEACEAF4FEEBAB04F4382B14F8A
:10A3F0004482B24F4582B34F4682B44F4782B54F35
:10A40000D6C7B64F4882B74F4982B84F4A82B94F34
:10A410004B82BA4F4C82BB4F4D82BC4F4E82BD4FD8
:10A420004F82BE4F5082BF4FE3B1C04F5182C14FE8
:10A430005282C24F5382C34FD9B4C44FEDB6C54FF9
:10A44000B4D9C64F5482C74F5582C84F5682C94FA0
:10A450005782CA4FA1BFCB4F5882CC4F5982CD4FA4
:10A460005A82CE4FDED9CF4FCEC7D04FFEC0D14F8C
:10A47000B8D9D24F5B82D34F5C82D44F5D82D54F27
:10A480005E82D64F5F82D74FD7CBD84FFDB7D94F1B
:10A490006082DA4FB5D9DB4F6182DC4FB7D9DD4F2F
:10A4A000A3B1DE4FE1D3DF4FB9D9E04F6282E14F74
:10A4B000C5D0E24F6382E34FB6D9E44F6482E54FE3
:10A4C0006582E64FB1D9E74F6682E84FB2D9E94FCE
:10A4D000A9C1EA4FB3D9EB4F6782EC4F6882ED4FC9
:10A4E000F3BCEE4FDED0EF4FA9B8F04F6982F14FC9
:10A4F000E3BEF24F6A82F34FBDD9F44F6B82F54F42
:10A500006C82F64F6D82F74F6E82F84FBAD9F94FD1
:10A510006F82FA4FB3B0FB4F7082FC4F7182FD4FD8
:10A520007282FE4FC2D9FF4F738200507482015075
:10A5300075820250768203507782045078820550EB
:10A54000798206507A8207507B8208507C820950BB
:10A550007D820A507E820B5080820C50C4D90D50EF
:10A56000B6B10E5081820F50BFD910508282115067
:10A5700083821250B9B5135084821450F3BE155023
:10A58000858216508682175087821850C8CC195081
:10A59000F2BA1A50D0D21B5088821C50C3D91D5019
:10A5A00089821E508A821F50E8BD20508B82215024
:10A5B000ABB322508C8223508D8224508E82255042
:10A5C000C5D92650EBBE27508F822850C6D92950B6
:10A5D000BBD92A50DFC42B5090822C50BED92D50AD
:10A5E000C1D92E50C0D92F50918230509282315013
:10A5F00093823250948233509582345096823550F3
:10A600009782365098823750998238509A823950C2
:10A610009B823A50AED53B509C823C50B5D63D50C3
:10A620009D823E50E3C73F509E8240509F824150E2
:10A63000A0824250A1824350C8D94450A2824550C2
:10A64000A3824650A4824750D9BC4850CAD9495029
:10A65000A5824A50A6824B50A7824C50BCD94D507F
:10A66000A8824E50CBD94F50ABC65050A982515002
:10A67000AA825250AB825350AC825450AD82555096
:10A68000C9D95650AE825750AF825850B0825950F7
:10A69000B1825A50F6D75B50B2825C50A3CD5D5068
:10A6A000B3825E50B4825F50B5826050B682615012
:10A6B000B7826250B8826350B9826450BA826550E2
:10A6C000A1BD6650BB826750BC826850BD82695094
:10A6D000BE826A50BF826B50C0826C50CCD96D5024
:10A6E000C1826E50C2826F50C3827050C48271505A
:10A6F000C5827250C6827350C7827450C88275502A
:10A70000C9827650BCC57750B5CD7850CA82795091
:10A71000CB827A50CC827B50CDD97C50CD827D507B
:10A72000CE827E50C7D97F50A5B38050FEBF8150E6
:10A73000CF828250D0828350D1828450D282855081
:10A74000B5B88650D3828750D4828850FCC08950D7
:10A75000D5828A50D6828B50D7828C50D8828D5029
:10A76000F8B08E50D9828F50DA829050DB829150AF
:10A77000DC829250DD829350DE829450DF829550CD
:10A78000E0829650E1829750E2829850E38299509D
:10A79000E4829A50E5829B50E6829C50E7829D506D
:10A7A000E8829E50E9829F50EA82A050EB82A1503D
:10A7B000EC82A250ED82A350F6B4A450EE82A550D4
:10A7C000CED9A650EF82A750CFD9A850A2B4A95095
:10A7D000D0D9AA50F082AB50F182AC50DFB4AD506A
:10A7E000F282AE50F382AF50F482B050F582B15095
:10A7F000F682B250C1B0B350F782B450F882B5506F
:10A80000F982B650FA82B750FB82B850FC82B95038
:10A81000FD82BA50D1D9BB50B5C9BC50FE82BD50E3
:10A820004083BE504183BF504283C0504383C150D8
:10A830004483C2504583C3504683C4504783C550A8
:10A840004883C6504983C7504A83C8504B83C95078
:10A850004C83CA504D83CB504E83CC504F83CD5048
:10A860005083CE505183CF50F1CFD0505283D1502E
:10A870005383D2505483D3505583D4505683D550EC
:10A880005783D650D2D9D7505883D8505983D950EE
:10A890005A83DA50C5C1DB505B83DC505C83DD50EA
:10A8A0005D83DE505E83DF505F83E0506083E15064
:10A8B0006183E2506283E3506383E4506483E55034
:10A8C0006583E650D6D9E750AEC9E8506683E950B3
:10A8D0006783EA506883EB506983EC50D5D9ED501B
:10A8E000D4D9EE50D7D9EF506A83F0506B83F15032
:10A8F0006C83F2506D83F350DBCBF4506E83F550D4
:10A90000A9BDF6506F83F7507083F8507183F950EA
:10A910007283FA507383FB50A7C6FC507483FD50BA
:10A920007583FE507683FF50778300517883015101
:10A93000798302517A8303517B8304517C830551CF
:10A940007D830651D3D90751D8D908517E83095147
:10A9500080830A5181830B51D9D90C5182830D51C7
:10A9600083830E5184830F51858310518683115147
:10A9700087831251E5C81351888314518983155177
:10A980008A8316518B8317518C8318518D831951EB
:10A990008E831A518F831B5190831C5191831D51BB
:10A9A00092831E5193831F5194832051958321518B
:10A9B000DCC02251968323519783245198832551DB
:10A9C000998326519A8327519B8328519C8329512F
:10A9D0009D832A519E832B519F832C51A0832D51FF
:10A9E000A1832E51A2832F51A3833051A4833151CF
:10A9F000A5833251A6833351A7833451A88335519F
:10AA0000A9833651AA833751AB833851AC8339516E
:10AA1000AD833A51AE833B51AF833C51B0833D513E
:10AA2000B1833E51B2833F51F9B64051A3D8415151
:10AA3000CAD44251B3834351AAD44451D6D04551CC
:10AA4000E4B34651D7D54751B4834851C8CF495193
:10AA5000E2B94A51B5834B51CBBF4C51B6834D51EE
:10AA6000E2C34E51B7834F51B8835051B98351510E
:10AA7000D2B65251BA835351BB835451C3CD5551B1
:10AA8000EED95651F0D95751BC835851BD83595115
:10AA9000BE835A51B3B55B51BF835C51B5B65D51AE
:10AAA000C0835E51C1835F51C2836051C3836151D2
:10AAB000C4836251A4BE6351C5836451C68365518A
:10AAC000EBC86651C7836751C8836851ABC86951E9
:10AAD000C9836A51CA836B51CBB06C51ABB96D510C
:10AAE000F9C16E51E2D96F51CB837051BCC0715125
:10AAF000B2B97251CC837351D8B97451CBD075515E
:10AB0000F8B17651E4C67751DFBE7851E4B579519A
:10AB1000C8D77A51CD837B51F8D17C51E6BC7D51A9
:10AB2000DECA7E51CE837F51CF838051BDBC81511F
:10AB3000E6D98251E7D88351D0838451D18385519E
:10AB4000DAC48651D2838751D3838851D4B88951CE
:10AB5000BDC88A51D4838B51D5838C51E1B28D51BC
:10AB6000D9D48E51D6838F51D7839051D8839151A8
:10AB7000D9839251B0C39351DA839451DB839551B9
:10AB8000E1C39651A2DA9751DFC89851DC839951FD
:10AB9000B4D09A51DD839B51FCBE9C51A9C59D51F7
:10ABA000DE839E51DF839F51E083A051DAB9A1512A
:10ABB000E183A251A3DAA351E283A451A9D4A55100
:10ABC000A4DAA651E383A751E483A851E583A951F0
:10ABD000E683AA51E783AB51FBD9AC51ACB6AD517A
:10ABE000E883AE51E983AF51EBB7B051F9B1B15140
:10ABF000FCD9B251E5B3B351F6BEB451EA83B551B5
:10AC0000F6BFB651B1D2B751E4C0B851EB83B951D8
:10AC1000EC83BA51ED83BB51B3B6BC51FED9BD51E3
:10AC2000FDD9BE51EE83BF51EF83C051BBBEC151B0
:10AC3000F083C251F183C351F283C451E0C6C551C0
:10AC4000F383C651BCD7C751A1DAC851F483C951A7
:10AC5000B9C1CA51F583CB51F2B5CC51E8C1CD5140
:10AC6000F683CE51F783CF51F5BCD051F883D15143
:10AC7000D5B4D251F983D351FA83D451FB83D55142
:10AC8000FC83D651FD83D751FE83D8514084D951DE
:10AC90004184DA514284DB51DDC1DC514384DD5112
:10ACA000FDC4DE514484DF514584E051B8BCE1511C
:10ACB000B2B7E2514684E3514784E451EFB7E5511E
:10ACC0004884E6514984E7514A84E8514B84E9516C
:10ACD0004C84EA514D84EB51ECD9EC514E84ED514A
:10ACE000BEC6EE514F84EF51ADBFF051CBBBF15119
:10ACF0005084F2515184F351CAB5F4515284F55144
:10AD0000C9DBF651D7D0F7515384F851B9CDF95179
:10AD1000BCB0FA51F6B3FB51F7BBFC51CADBFD5195
:10AD2000AFBAFE515484FF51E4D40052B6B501527B
:10AD3000F3B50252D6D80352D0C8045255840552F6
:10AD400056840652D6B70752D0C70852D7D80952F0
:10AD500057840A52AFBF0B5258840C5259840D527B
:10AD6000BBDB0E52D8D80F525A8410525B8411525A
:10AD7000CCD01252AEBB13525C8414525D84155277
:10AD80005E841652BEEB1752D0C11852F5C119524B
:10AD9000F2D41A52D5B81B52B4B41C525F841D525F
:10ADA000F5B31E5260841F5261842052BEC92152E5
:10ADB000628422526384235264842452D0C5255273
:10ADC000658426526684275267842852D9C5295241
:10ADD000FBC02A5268842B52F0B12C5269842D5248
:10ADE000D9D82E52CEB92F526A843052BDB53152C5
:10ADF0006B8432526C843352DAD834526D843552BB
:10AE00006E843652C6D63752A2CB3852AFC83952AA
:10AE1000B2C93A52CCB43B52CCBF3C526F843D5283
:10AE2000F4B93E5270843F52DBD84052DCD84152D4
:10AE3000E7B64252C1BC4352EACC445271844552F7
:10AE400072844652738447527484485275844952BE
:10AE500076844A52F7CF4B5277844C52DDD84D520C
:10AE6000B0C74E5278844F5279845052D0B9515263
:10AE7000A3BD52527A8453527B845452DECC555235
:10AE80007C845652CAC657527D8458527E84595289
:10AE900080845A5281845B5282845C52E0D85D5235
:10AEA00083845E52DED85F5284846052858461520E
:10AEB000DFD86252868463528784645288846552E4
:10AEC000FEB0665289846752E7BE68528A8469522E
:10AED000A3CA6A52F4BC6B528B846C528C846D5240
:10AEE0008D846E528E846F52B1B870528F847152BD
:10AEF00090847252EEB87352918474529284755257
:10AF000093847652948477529584785296847952B9
:10AF100097847A5298847B5299847C529A847D5289
:10AF2000E2D87E529B847F52CBBD80529C8481525A
:10AF3000E4D88252E3D883529D8484529E84855201
:10AF40009F848652A0848752A1848852FCC589526E
:10AF5000A2848A52A3848B52A4848C52A5848D52DD
:10AF6000A6848E52A7848F52A8849052E5D891521D
:10AF7000A9849252AA849352E6D89452AB849552F3
:10AF8000AC849652AD849752AE849852AF84995255
:10AF9000B0849A52B1849B52A6C19C52B2849D52F5
:10AFA000B0C89E52ECB09F52A6B9A052D3BCA152D9
:10AFB000F1CEA252BDDBA352D3C1A452B384A55299
:10AFC000B484A652B584A752B684A852AFB6A9528B
:10AFD000FAD6AA52ACC5AB52D9BDAC52BEDBAD520B
:10AFE000BFDBAE52B784AF52B884B052B984B1520D
:10AFF000F8C0B252A2BEB352CDC0B452BA84B55258
:10B00000BB84B652BC84B752BD84B852BE84B95218
:10B01000BF84BA52C084BB52C184BC52C284BD52E8
:10B02000C384BE52C0DBBF52C6CAC052C484C15220
:10B03000C584C252C684C352AAB2C452C784C55280
:10B04000C884C652C984C752C2D3C852CA84C9521E
:10B05000E3C3CA52CB84CB52ABD1CC52CC84CD52B9
:10B06000CD84CE52CE84CF52CF84D052C2DBD152C7
:10B07000D084D252D5C0D352D184D452D284D552A6
:10B08000D384D652C3DBD752D484D852B1BFD9525D
:10B09000D584DA52D684DB52D784DC52D884DD5290
:10B0A000D984DE52DA84DF52BCC4E052DB84E15240
:10B0B000DC84E252DD84E352DE84E452DAC7E552F6
:10B0C000DF84E652E084E752E184E852E284E95208
:10B0D000E384EA52E484EB52E584EC52E684ED52D8
:10B0E000E784EE52E884EF52E984F052C4DBF15277
:10B0F000EA84F252EB84F352EC84F452ED84F5527C
:10B10000EE84F652EF84F752F084F852F184F9524B
:10B11000E8D9FA52D7C9FB52F284FC52F384FD52AB
:10B12000F484FE52B4B9FF52F0CE0053C8D4015398
:10B13000F5840253F6840353F7840453F8840553CB
:10B14000FCB00653D2B40753F9840853D9D009533D
:10B15000FA840A53FB840B53FC840C53FD840D5377
:10B16000E9D90E53FE840F53CBDE1053EBD91153A4
:10B17000408512534185135342851453438515531B
:10B18000B0D81653AFBB1753B1B1185344851953F8
:10B19000D7B31A53CED81B5345851C5346851D5330
:10B1A000D1D41E5347851F5348852053B3BD215327
:10B1B000EFBF225349852353BBCF24534A852553E0
:10B1C0004B852653D0D827534C8528534D8529537A
:10B1D0004E852A53CBB72B534F852C5350852D5377
:10B1E00051852E53D1D82F53528530535385315327
:10B1F00054853253558533535685345357853553CB
:10B2000058853653598537535A8538535B8539539A
:10B21000A5C63A53F8C73B53BDD23C535C853D535A
:10B220005D853E53D2D83F53E4C440535E854153BD
:10B23000AECA42535F854353A7C744536085455305
:10B24000A6D8465361854753FDC94853E7CE4953B5
:10B25000DCBB4A53EBB04B5362854C5363854D5373
:10B2600064854E53AABB4F53ADD05053658551539F
:10B27000B0B15253E4D75353BFD754536685555397
:10B28000A5B55653F4C25753CFC458536785595385
:10B2900068855A53A9B25B5369855C53B7B25D5355
:10B2A0006A855E53E5B15F53B2DF6053BCD561532D
:10B2B000A8BF6253ACC26353D5D86453B1C26553BF
:10B2C0006B856653D4D86753D4CE68536C85695365
:10B2D000E0DA6A536D856B53C0CE6C536E856D5347
:10B2E0006F856E53B4D86F53AEC37053A1D37153EF
:10B2F000A3CE725370857353B4BC7453B4C87553E2
:10B30000D1C2765371857753EDBE7853B6D0795359
:10B3100072857A53E1DA7B5373857C5374857D5350
:10B3200075857E5376857F53E4C780537785815337
:10B3300078858253A7B3835379858453F2B68553B6
:10B34000FCCC8653FAC087537A8588537B85895312
:10B35000F7C08A537C858B53B9D18C53E1D18D537F
:10B36000C7D88E537D858F537E85905380859153AA
:10B370008185925382859353838594538485955315
:10B38000DEB296538585975386859853E5C09953C9
:10B3900087859A53F1BA9B5388859C5389859D5321
:10B3A000C8D89E538A859F53ADD4A0538B85A15393
:10B3B0008C85A253E1CFA353C9D8A4538D85A5533F
:10B3C000CAD8A653C3CFA7538E85A853F8B3A953A1
:10B3D000C7BEAA538F85AB539085AC539185AD53AF
:10B3E0009285AE53CBD8AF539385B0539485B15368
:10B3F0009585B2539685B3539785B4539885B553C5
:10B400009985B653CCDBB7539A85B8539B85B9530E
:10B410009C85BA539D85BB53A5C8BC539E85BD531F
:10B420009F85BE53A085BF53D8CFC053A185C153BC
:10B43000FEC8C253CEB2C353A285C453A385C5531D
:10B44000A485C653A585C753A685C853D6D3C9536B
:10B45000E6B2CA53B0BCCB53D1D3CC53ABCBCD5354
:10B46000B4B7CE53A785CF53A885D053A985D15360
:10B47000A2B7D253AA85D353AB85D453E5CAD553CB
:10B48000AC85D653A1C8D753DCCAD853E4B1D9533D
:10B49000F0D0DA53AD85DB53D1C5DC53AE85DD5337
:10B4A000AF85DE53B085DF53C5DBE053FEB5E15316
:10B4B000B185E253B285E353DABFE453C5B9E5532E
:10B4C000E4BEE653EDC1E753B385E853B6DFE95375
:10B4D000B5DFEA53BBD6EB53D0BDEC53D9D5ED5312
:10B4E000C8B0EE53A3B6EF53C9BFF053A8CCF15385
:10B4F000B3DFF253B7CAF353D2D3F453B485F55341
:10B50000CFD8F653B6D2F753C5BAF853BECBF953DA
:10B51000BECCFA53B585FB53B7DFFC53F0B5FD53F2
:10B52000B4DFFE53B685FF53B7850054B885015488
:10B53000F5D30254B9850354D4B30454F7B8055471
:10B54000BA850654BADF0754BB850854CFBA0954EC
:10B55000AABC0A54F5B50B54BC850C54ACCD0D54A3
:10B56000FBC30E54F3BA0F54F4C01054C2CD11549F
:10B57000F2CF1254B8DF1354C5CF1454BD851554FF
:10B58000C0C21654B9DF1754F0C21854BE851954FE
:10B59000BF851A54C0851B54FDBE1C54C1851D5463
:10B5A000DFC11E54CCCD1F54F7D22054CDB7215447
:10B5B000C1DF2254C2852354C4DF2454C3852554DB
:10B5C000C4852654F1B72754C9B02854D6B6295497
:10B5D000D4B72A54C5852B54ACBA2C54FDCC2D5469
:10B5E000D4BF2E54B1CB2F54F4C63054C685315439
:10B5F000A8D63254C5DF3354C7853454E2CE35540F
:10B60000B3B33654C8853754C9853854FCCE395441
:10B61000B5B43A54CA853B54C7CE3C54F0BA3D54F5
:10B62000CB853E54E1CE3F54CC854054BDD14154EE
:10B63000CD854254CE854354C0DF4454CF85455414
:10B64000D0854654F4B44754D1854854CAB34954BC
:10B65000D2854A54E6B84B54BBDF4C54D3854D5485
:10B66000D4854E54D5854F54D6855054C5C45154B5
:10B67000D7855254BCDF5354BDDF5454BEDF5554FC
:10B68000BBC55654BFDF5754C2DF5854B1D45954C8
:10B69000C3DF5A54D8855B54BAC75C54D8CE5D54C6
:10B6A000D9855E54DA855F54DB856054DC8561544E
:10B6B000DD856254D8C46354DE856454CADF6554A2
:10B6C000DF856654CFDF6754E0856854DCD6695463
:10B6D000E1856A54E2856B54E3856C54E4856D54CE
:10B6E000E5856E54E6856F54E7857054E88571549E
:10B6F000C9DF7254DADF7354B6CE7454E9857554D9
:10B70000C7BA7654CEDF7754C8DF7854DEC5795493
:10B71000EA857A54EB857B54EBC97C54F4BA7D54AA
:10B72000FCC37E54EC857F54ED858054D7BE815494
:10B73000EE858254C6DF8354EF858454CDDF855473
:10B74000F0858654D8C58754F1858854F28589548C
:10B75000F3858A54F4858B54A6D58C54CDBA8D5478
:10B76000F5858E54CCBE8F54BDD39054C0B891543F
:10B77000F6859254E4D69354F7859454C7DF9554D4
:10B78000BEB99654A7BF9754F8859854F985995433
:10B79000FCC19A54CBDF9B54CCDF9C54FA859D545A
:10B7A000D0DF9E54FB859F54FC85A054FD85A15499
:10B7B000FE85A2544086A354DBDFA454E5DFA554E4
:10B7C0004186A654D7DFA754D6DFA854C9D7A954B9
:10B7D000E3DFAA54E4DFAB54EBE5AC54A7D2AD549D
:10B7E000D2DFAE544286AF54A9BFB0544386B154A1
:10B7F000DBD4B2544486B354C8BFB454D4DFB55478
:10B800004586B6544686B7544786B854CCCFB9540B
:10B810004886BA544986BB54DDDFBC544A86BD54C1
:10B82000CAD1BE544B86BF54DEDFC054A7B0C1544A
:10B83000B7C6C254D3DFC3544C86C454E5BAC5540A
:10B840004D86C654DFB6C754DBCDC854FEB9C954C3
:10B85000D5D4CA544E86CB544F86CC54DFDFCD545A
:10B86000ECCFCE54A5B0CF54E7DFD054D1DFD154C4
:10B87000C6D1D254D5DFD354D8DFD454D9DFD55470
:10B88000DCDFD6545086D754A9BBD8545186D9543E
:10B89000E0DFDA54E1DFDB545286DC54E2DFDD54D2
:10B8A000E6DFDE54E8DFDF54B4D3E0545386E154DE
:10B8B0005486E2545586E3545686E4545786E5543C
:10B8C000E7B8E654B6C5E754EADFE854DAC9E95404
:10B8D000A8C1EA54C4C4EB545886EC545986ED54BC
:10B8E000DEBFEE54F8CFEF545A86F0545B86F15425
:10B8F0005C86F254DCD5F354EEDFF4545D86F554E7
:10B900005E86F6545F86F7546086F8546186F95473
:10B910006286FA54B8B2FB546386FC54DFBAFD5415
:10B92000ECDFFE546486FF54C1DB0055658601558B
:10B93000E4D1025566860355678604556886055529
:10B9400069860655F4CB0755BDB408556A86095576
:10B95000A6B00A556B860B556C860C556D860D5539
:10B960006E860E556F860F55F1DF1055C6CC1155FA
:10B97000F2DF12557086135571861455EDDF15559B
:10B98000728616557386175574861855758619551F
:10B9900076861A5577861B55E9DF1C5578861D5526
:10B9A00079861E557A861F557B862055EBDF2155FB
:10B9B0007C862255EFDF2355F0DF2455BDBB25558E
:10B9C0007D8626557E862755F3DF285580862955A6
:10B9D00081862A55F4DF2B5582862C55A3BB2D5525
:10B9E00083862E55DBCA2F55A8CE3055A7E031559A
:10B9F000AAB3325584863355A6E03455858635552D
:10BA00008686365587863755A1E03855888639555C
:10BA100089863A558A863B558B863C55FEDF3D55D7
:10BA20008C863E55D9CD3F55FCDF40558D8641551E
:10BA3000FADF42558E864355D0BF4455C4D745558D
:10BA40008F864655CCC947559086485591864955AD
:10BA5000F8DF4A55A1B04B5592864C5593864D550B
:10BA600094864E5595864F5596865055FDDF515517
:10BA70009786525598865355998654559A865555AA
:10BA8000FBDF5655A2E057559B8658559C86595565
:10BA90009D865A559E865B559F865C55A8E05D55F0
:10BAA000A0865E55A1865F55A2866055A386615526
:10BAB000C8B76255A4866355A5866455A1C6655569
:10BAC000B6C96655B2C06755F5DF6855A686695593
:10BAD000A7866A55BEC56B55A8866C55C4D86D55EA
:10BAE000F9DF6E55F6C46F55A9867055AA86715553
:10BAF000AB867255AC867355AD867455AE8675555A
:10BB0000A3E07655A4E07755A5E07855A5D0795502
:10BB1000AF867A55B0867B55B4E07C55E4CC7D5534
:10BB2000B1867E55B1E07F55B2868055A6BF81555E
:10BB3000AFE08255B9CE8355ABE08455C6C9855573
:10BB4000B3868655B4868755AEC08855AEE0895514
:10BB5000EDBA8A55B0BA8B55A9E08C55B5868D558E
:10BB6000B6868E55B7868F55F6DF9055B8869155B7
:10BB7000B3E09255B9869355BA869455B8E0955579
:10BB8000BB869655BC869755BD869855ADB49955DC
:10BB9000B9E09A55BE869B55BF869C55B2CF9D5540
:10BBA000C8BA9E55C0869F55B0E0A055C186A15524
:10BBB000C286A255C386A355C486A455C586A5557D
:10BBC000C686A655C786A755FAD0A855C886A955D2
:10BBD000C986AA55CA86AB55CB86AC55CC86AD5521
:10BBE000CD86AE55CE86AF55CF86B055D086B155F1
:10BBF000ACE0B255D186B355FBD4B455D286B55519
:10BC0000F7DFB655D386B755E7C5B855D486B955CD
:10BC1000ADE0BA55D586BB55F7D3BC55D686BD55D4
:10BC2000B6E0BE55B7E0BF55D786C055D886C155DA
:10BC3000D986C255DA86C355DB86C455C4E0C555DE
:10BC4000E1D0C655DC86C755DD86C855DE86C955A8
:10BC5000BCE0CA55DF86CB55E086CC55C9E0CD5552
:10BC6000CAE0CE55E186CF55E286D055E386D15560
:10BC7000BEE0D255AAE0D355A4C9D455C1E0D555EC
:10BC8000E486D655B2E0D755E586D855E686D9552F
:10BC9000E786DA55E886DB55E986DC55C8CADD5506
:10BCA000C3E0DE55EA86DF55B5E0E055EB86E155A9
:10BCB000CBCEE255EC86E355C3CBE455CDE0E5555C
:10BCC000C6E0E655C2E0E755ED86E855CBE0E9551C
:10BCD000EE86EA55BAE0EB55BFE0EC55C0E0ED5515
:10BCE000EF86EE55F086EF55C5E0F055F186F1553B
:10BCF000F286F255C7E0F355C8E0F455F386F555E2
:10BD0000CCE0F655F486F755BBE0F855F586F955C5
:10BD1000F686FA55F786FB55F886FC55F986FD55EB
:10BD2000D4CBFE55D5E0FF55FA860056D6E0015635
:10BD3000D2E00256FB860356FC860456FD86055665
:10BD4000FE8606564087075641870856D0E00956BA
:10BD5000CEBC0A5642870B5643870C56D1E00D568F
:10BD600044870E56C2B80F56C5D81056458711568F
:10BD700046871256478713564887145649871556E3
:10BD80004A8716564B8717564C871856EAD01956CD
:10BD90004D871A564E871B56EFC21C564F871D56AD
:10BDA00050871E56CFE01F56BDE0205651872156C2
:10BDB0005287225653872356D4E02456D3E0255683
:10BDC0005487265655872756D7E028565687295632
:10BDD00057872A5658872B5659872C56DCE02D5604
:10BDE000D8E02E565A872F565B8730565C873156DF
:10BDF000F6D63256B0B333565D873456ECD7355647
:10BE00005E873656BBCB37565F87385660873956C4
:10BE1000DAE03A5661873B56FBCE3C5662873D5688
:10BE200063873E5664873F56D9BA40566587415668
:10BE300066874256678743566887445669874556E2
:10BE40006A8746566B8747566C8748566D874956B2
:10BE50006E874A566F874B5670874C56E1E04D56B9
:10BE6000DDE04E56ADD24F5671875056728751560F
:10BE7000738752567487535675875456E2E0555669
:10BE80007687565677875756DBE05856D9E059568D
:10BE9000DFE05A5678875B5679875C56E0E05D565E
:10BEA0007A875E567B875F567C8760567D876156B2
:10BEB0007E876256DEE0635680876456E4E065560E
:10BEC000818766568287675683876856F7C66956A4
:10BED000ACD86A56EBD46B56E6E06C56C9CA6D56C0
:10BEE00084876E5685876F5686877056878771560A
:10BEF000E5E0725688877356898774568A87755627
:10BF00008B877656C1B877568C8778568D87795649
:10BF10008E877A568F877B56E7E07C56E8E07D5621
:10BF200090877E5691877F56928780569387815659
:10BF30009487825695878356968784569787855629
:10BF4000E9E08656E3E087569887885699878956B0
:10BF50009A878A569B878B569C878C569D878D56D1
:10BF60009E878E56BFBA8F56E7CC90569F879156C4
:10BF7000A0879256A1879356EAE09456A2879556D9
:10BF8000A3879656A4879756A5879856A68799564D
:10BF9000A7879A56A8879B56A9879C56AA879D561D
:10BFA000AB879E56AC879F56AD87A056AE87A156ED
:10BFB000AF87A256B087A356F9CFA456B187A5562E
:10BFC000B287A656B387A756B487A856B587A95691
:10BFD000B687AA56B787AB56B887AC56B987AD5661
:10BFE000BA87AE56BB87AF56EBE0B056BC87B156AA
:10BFF000BD87B256BE87B356BF87B456C087B55605
:10C00000C187B656C287B756C2C8B856C387B95695
:10C01000C487BA56C587BB56C687BC56C0BDBD5679
:10C02000C787BE56C887BF56C987C056CA87C1567C
:10C03000CB87C256CC87C356CD87C456CE87C5564C
:10C04000CF87C656D087C756D187C856D287C9561C
:10C05000D387CA56D2C4CB56D487CC56D587CD56B3
:10C06000D687CE56D787CF56D887D056D987D156C0
:10C07000DA87D256DB87D356DC87D456ECE0D55628
:10C08000DD87D656DE87D756EDE0D856DF87D956FE
:10C09000E087DA56F4C7DB56C4CBDC56E187DD56C1
:10C0A000EEE0DE56D8BBDF56B6D8E056F2D2E15607
:10C0B000EFE0E256C5CDE356E287E456DAB6E55640
:10C0C000E387E656E487E756E587E856E687E956CC
:10C0D000E787EA56E887EB56F1E0EC56E987ED563C
:10C0E000B0D4EE56EA87EF56EB87F056A7C0F1566C
:10C0F000D1B4F256EC87F356ED87F456A7CEF55639
:10C10000F0E0F656EE87F756EF87F856F087F956C7
:10C11000F2E0FA56CCB9FB56F187FC56F287FD5691
:10C12000FAB9FE56BCCDFF56F3E00057F38701572E
:10C13000F4870257F5870357D4C60457F4E0055730
:10C14000F6870657B2D40757F7870857A6C8095786
:10C15000F6E00A57F5E00B57F8870C57F9870D57AB
:10C16000FA870E57FB870F57FC871057FD8711572B
:10C17000FE87125740881357418814574288155735
:10C1800043881657448817574588185746881957C3
:10C1900047881A5748881B5749881C57F7E01D578E
:10C1A0004A881E574B881F57C1CD20574C882157AE
:10C1B0004D8822574E882357A5CA24574F882557A4
:10C1C000508826575188275752882857DAD429573C
:10C1D000D7DB2A57D9DB2B5753882C57D8DB2D5761
:10C1E000E7B92E57DCDB2F57DDDB3057D8B5315799
:10C1F0005488325755883357DADB345756883557C9
:10C200005788365758883757598838575A88395772
:10C21000DBDB3A57A1B33B57DFDB3C575B883D572D
:10C220005C883E57F8BB3F575D884057B7D64157AB
:10C230005E884257E0DB43575F8844576088455724
:10C240006188465762884757F9BE485763884957FF
:10C2500064884A57BBB74B5765884C57D0DB4D575E
:10C26000AECC4E57B2BF4F57B5BB5057F8D751570A
:10C27000D3BF5257668853576788545768885557B5
:10C28000698856576A885757E9BF58576B88595776
:10C290006C885A57E1BC5B57B3CC5C57DEDB5D570B
:10C2A000D3B05E57EBCE5F57D8B76057B9D7615759
:10C2B000C2C662576D8863576E886457A4C06557BD
:10C2C0006F886657B9CC675770886857E7DB69573E
:10C2D000E1DB6A57BAC66B57E3DB6C5771886D5761
:10C2E000E8DB6E5772886F57F7C5705773887157C0
:10C2F0007488725775887357EADB74577688755758
:10C3000077887657E9DB7757C0BF785778887957B1
:10C3100079887A577A887B57E6DB7C57E5DB7D574F
:10C320007B887E577C887F577D8880577E888157A1
:10C3300080888257B9B48357ACC08457A2C285574E
:10C34000E2DB8657E4DB87578188885782888957E4
:10C3500083888A5784888B57CDD08C57EDDB8D57D7
:10C3600085888E5786888F578788905788889157F9
:10C3700089889257DDC09357F2DB94578A88955786
:10C380008B8896578C8897578D8898578E889957A1
:10C390008F889A5790889B57E2B69C5791889D57F3
:10C3A00092889E5793889F579488A057F3DBA15794
:10C3B000D2DBA257B8B9A357ABD4A457ECDBA5572F
:10C3C0009588A657D1BFA757F0DBA8579688A957DD
:10C3D000D1DBAA579788AB57E6B5AC579888AD57CD
:10C3E000EBDBAE57E5BFAF579988B0579A88B15786
:10C3F0009B88B257EEDBB3579C88B457F1DBB55737
:10C400009D88B6579E88B7579F88B857F9DBB957AC
:10C41000A088BA57A188BB57A288BC57A388BD572C
:10C42000A488BE57A588BF57A688C057A788C157FC
:10C43000A888C257A1B9C357A3B0C457A988C55784
:10C44000AA88C657AB88C757AC88C857AD88C957A4
:10C45000AE88CA57AF88CB57F1C2CC57B088CD57FA
:10C46000B188CE57C7B3CF57EFDBD057B288D1577B
:10C47000B388D257F8DBD357B488D457D2C6D55730
:10C48000F4DBD657B588D757B688D857F5DBD957D8
:10C49000F7DBDA57F6DBDB57B788DC57B888DD57B0
:10C4A000FEDBDE57B988DF57F2D3E057BAB2E15767
:10C4B000BA88E257BB88E357BC88E457FDDBE557F1
:10C4C000BD88E657BE88E757BF88E857C088E95758
:10C4D000C188EA57C288EB57C388EC57C488ED5728
:10C4E000A4DCEE57C588EF57FBDBF057C688F15741
:10C4F000C788F257C888F357C988F457FADBF5574D
:10C50000CA88F657CB88F757CC88F857FCDBF95721
:10C51000E0C5FA57F9BBFB57CD88FC57CE88FD57CD
:10C52000A3DCFE57CF88FF57D0880058A5DC015800
:10C53000D1880258C3CC0358D2880458D3880558F0
:10C54000D4880658D1B60758C0DD0858D588095890
:10C55000D6880A58D7880B58A1DC0C58D8880D58B3
:10C56000A2DC0E58D9880F58DA881058DB88115889
:10C57000B5C71258DC881358DD881458DE88155862
:10C58000E9B61658DF881758E0881858E188195816
:10C59000A7DC1A58E2881B58E3881C58E4881D5809
:10C5A000E5881E58A6DC1F58E6882058A9DC2158CB
:10C5B000A4B12258E7882358E8882458CCB52558D8
:10C5C000E9882658EA882758EB882858EC882958A3
:10C5D000ED882A58B0BF2B58EE882C58EF882D587C
:10C5E000F0882E58F1882F58F2883058DFD1315812
:10C5F000F3883258F4883358F5883458F68835581B
:10C60000C2B63658F7883758F8883858F9883958F4
:10C61000FA883A58FB883B58FC883C58FD883D58BE
:10C62000FE883E5840893F584189405842894158C8
:10C63000438942584489435845894458A8DC4558A1
:10C64000468946584789475848894858498949582A
:10C650004A894A584B894B584C894C58FACB4D580B
:10C66000F3EB4E584D894F584E8950584F895158C9
:10C67000DCCB52585089535851895458FECB5558E9
:10C68000528956585389575854895858C1CC5958CB
:10C6900055895A5856895B5857895C5858895D584E
:10C6A00059895E58FBC85F585A8960585B89615840
:10C6B0005C8962585D8963585E8964585F896558F2
:10C6C000AADC665860896758618968586289695828
:10C6D00063896A5864896B58EECC6C58ABDC6D5832
:10C6E00065896E5866896F5867897058688971586E
:10C6F000698972586A8973586B8974586C8975583E
:10C700006D8976586E8977586F897858708979580D
:10C7100071897A5872897B5873897C5874897D58DD
:10C7200075897E58D3DB7F5876898058AFDC815875
:10C73000ACDC825877898358B3BE84587889855891
:10C74000FBCA8658798987587A8988587B8989589D
:10C75000ADDC8A587C898B587D898C587E898D58B0
:10C7600080898E5881898F58828990588389915801
:10C7700084899258CAC99358B9C4945885899558E0
:10C7800086899658878997588889985889899958A9
:10C79000BDC79A58AEDC9B588A899C588B899D5896
:10C7A0008C899E58F6D49F58E6D0A0588D89A15800
:10C7B0008E89A2588F89A3589089A4589189A55829
:10C7C0009289A6589389A7589489A858ABC4A958A8
:10C7D000D5B6AA589589AB589689AC589789AD5863
:10C7E0009889AE589989AF589A89B0589B89B158A1
:10C7F0009C89B2589D89B3589E89B4589F89B55871
:10C80000A089B658A189B758A289B858A389B95840
:10C81000A489BA58A589BB58A689BC58D4DBBD5891
:10C82000A789BE58A889BF58A989C058AA89C158E4
:10C83000DAB1C258AB89C358AC89C458AD89C55860
:10C84000D5DBC658AE89C758AF89C858B089C95812
:10C85000B189CA58B289CB58B389CC58B489CD585C
:10C86000B589CE58B689CF58B789D058B889D1582C
:10C87000D6DBD258B989D358BA89D458BB89D55890
:10C88000BEBAD658BC89D758BD89D858BE89D958A0
:10C89000BF89DA58C089DB58C189DC58C289DD58A4
:10C8A000C389DE58C489DF58C589E058C689E15874
:10C8B000C789E258C889E358C989E458C0C8E5580F
:10C8C000CA89E658CB89E758CC89E858CD89E95818
:10C8D000CE89EA58CF89EB58BFCAEC58C9C8ED5881
:10C8E000D089EE58B3D7EF58D189F058F9C9F1582B
:10C8F000D289F258D389F358C7BFF458D489F55870
:10C90000D589F658F8BAF758D689F858D789F9581A
:10C91000BCD2FA58D889FB58D989FC58DA89FD5815
:10C92000DB89FE58DC89FF58DD890059DE89015911
:10C93000DF890259BAE20359E0890459A6B40559BE
:10C94000E1890659E2890759B8B10859E3890959BB
:10C95000E4890A59E5890B59E6890C59E7890D598B
:10C96000B4B80E59E8890F59C4CF1059E989115943
:10C97000EA891259EB891359EC891459E7D91559E9
:10C98000A6CF1659E2CD1759ED891859EE891959D4
:10C99000EDD91A59E0B61B59EF891C59B9D21D5966
:10C9A000F0891E59F1891F59BBB92059F2892159C3
:10C9B000F3892259F4892359F5892459B9E2255973
:10C9C000B7E22659F6892759F3B42859F789295926
:10C9D000ECCC2A59ABCC2B59F2B72C59F8892D59EC
:10C9E000B2D82E59EBD12F59BBBA3059F9893159E8
:10C9F000A7CA3259FA893359FB893459B7CD355909
:10CA0000FC893659FD893759C4D23859E4BF3959A0
:10CA1000D0BC3A59E1B63B59FE893C59C5DE3D5977
:10CA2000408A3E59418A3F59428A4059438A415976
:10CA3000C6DE4259BCDB4359448A4459D9D14559D1
:10CA4000458A4659468A4759E6C64859CEC4495987
:10CA5000EEB74A59478A4B59DCB74C59488A4D5969
:10CA6000498A4E59FCBF4F59E0D750594A8A51590B
:10CA7000F5C652594B8A53594C8A5459BCB1555931
:10CA8000C8DE5659B1BD5759D7CC5859CADE595985
:10CA90004D8A5A59C9DE5B594E8A5C594F8A5D5995
:10CAA000508A5E59518A5F59528A6059ECB5615972
:10CAB000538A6259DDC96359548A6459558A655944
:10CAC000C2B06659568A6759578A6859588A69594F
:10CAD000598A6A595A8A6B595B8A6C595C8A6D59B2
:10CAE0005D8A6E595E8A6F595F8A7059608A715982
:10CAF000618A7259628A7359AEC57459ABC575594A
:10CB0000638A7659CCC47759648A7859E9BC7959D3
:10CB1000FDCB7A59658A7B59668A7C59678A7D592B
:10CB2000C3BA7E59688A7F59698A80596A8A81594D
:10CB3000F9E58259E7C88359FAE58459FDCD85594D
:10CB40006B8A8659B1D78759BEB88859E8C28959C6
:10CB50006C8A8A59D1C88B596D8A8C596E8A8D59C5
:10CB6000FBE58E596F8A8F59708A9059718A915955
:10CB7000728A9259CAB69359CBBC9459738A955903
:10CB8000748A9659FDD19759A1E69859758A995991
:10CB9000EEC39A59768A9B59778A9C59788A9D590F
:10CBA000798A9E59A4E69F597A8AA0597B8AA1590D
:10CBB0007C8AA2597D8AA359FEE5A459A5E6A55908
:10CBC000D7CDA6597E8AA759808AA859C1B7A95935
:10CBD000FCE5AA59FDE5AB59A3E6AC59818AAD59EC
:10CBE000828AAE59DDC4AF59A8E6B059838AB159DB
:10CBF000848AB259A7E6B359858AB459868AB55949
:10CC0000878AB659888AB759898AB8598A8AB95998
:10CC1000C3C3BA598B8ABB59DEC6BC598C8ABD596D
:10CC20008D8ABE59AAE6BF598E8AC0598F8AC159CA
:10CC3000908AC259918AC359928AC459938AC55914
:10CC4000948AC659B7C4C759958AC859968AC9598A
:10CC5000978ACA59A2E6CB59BCCACC59988ACD59F1
:10CC6000998ACE599A8ACF599B8AD059E3BDD15916
:10CC7000C3B9D259A6E6D359D5D0D459AFCED559D8
:10CC80009C8AD6599D8AD759A9E6D859B0E6D95970
:10CC90009E8ADA59A6D2DB599F8ADC59AABDDD5992
:10CCA000ADE6DE59A08ADF59A18AE059A28AE1598E
:10CCB000A38AE259A48AE359AFE6E459A58AE55963
:10CCC000D1C0E659A68AE759A78AE859CCD2E959D2
:10CCD000A88AEA59A98AEB59AA8AEC59A7BCED5946
:10CCE000AB8AEE59AC8AEF59AD8AF059AE8AF15948
:10CCF000AF8AF259B08AF359B18AF459B28AF55918
:10CD0000B38AF659B48AF759B58AF859B68AF959E7
:10CD1000B1E6FA59B78AFB59F6D2FC59B88AFD59DF
:10CD2000B98AFE59BA8AFF59CBD7005ABB8A015A31
:10CD3000FECD025ABC8A035ADECD045AA6C2055A59
:10CD4000ABE6065AACE6075ABFBD085AAEE6095A2A
:10CD5000B3E60A5ABD8A0B5ABE8A0C5AB2E60D5A7D
:10CD6000BF8A0E5AC08A0F5AC18A105AC28A115AF3
:10CD7000B6E6125AC38A135AB8E6145AC48A155A28
:10CD8000C58A165AC68A175AC78A185AEFC4195A3A
:10CD9000C88A1A5AC98A1B5ACA8A1C5AC8C41D5A38
:10CDA000CB8A1E5ACC8A1F5AEABE205AEFC9215A92
:10CDB000CD8A225ACE8A235AB7E6245ACF8A255AD8
:10CDC000F0B6265AD08A275AD18A285AD28A295AA6
:10CDD000E4C32A5AD38A2B5AD48A2C5AD58A2D5A7C
:10CDE000D68A2E5AD78A2F5AD88A305AD98A315A97
:10CDF000E9D3325AB4E6335ADA8A345AB5E6355AA8
:10CE0000DB8A365AA2C8375ADC8A385ADD8A395A40
:10CE1000DE8A3A5ADF8A3B5AE08A3C5ABDE63D5ADE
:10CE2000E18A3E5AE28A3F5AE38A405AB9E6415AB9
:10CE3000E48A425AE58A435AE68A445AE78A455ABE
:10CE4000E88A465AC5C6475AE98A485AEA8A495A78
:10CE5000F1CD4A5ABBE64B5AEB8A4C5AEC8A4D5AF2
:10CE6000ED8A4E5AEE8A4F5AEF8A505AF08A515A3A
:10CE7000F18A525AF28A535AF38A545AF48A555A0A
:10CE8000BCE6565AF58A575AF68A585AF78A595ABA
:10CE9000F88A5A5AE9BB5B5AF98A5C5AFA8A5D5A8F
:10CEA000FB8A5E5AFC8A5F5AFD8A605AFE8A615A82
:10CEB000408B625ABEE6635A418B645A428B655A74
:10CEC000438B665A448B675ABAE6685A458B695A4F
:10CED000468B6A5AB7C06B5A478B6C5A488B6D5A4F
:10CEE000498B6E5A4A8B6F5A4B8B705A4C8B715AC6
:10CEF0004D8B725A4E8B735A4F8B745AA4D3755AFA
:10CF0000BFE6765AF4C9775AC3E6785A508B795AF5
:10CF1000518B7A5AC4E67B5A528B7C5A538B7D5A7A
:10CF2000548B7E5A558B7F5AF6D0805A568B815A35
:10CF3000578B825A588B835A598B845A5A8B855AED
:10CF40005B8B865A5C8B875A5D8B885A5E8B895ABD
:10CF50005F8B8A5A608B8B5A618B8C5A628B8D5A8D
:10CF6000638B8E5A648B8F5A658B905A668B915A5D
:10CF7000678B925ABDC3935A688B945A698B955AA2
:10CF80006A8B965A6B8B975A6C8B985A6D8B995A01
:10CF90006E8B9A5AC4C39B5AC2E69C5A6F8B9D5A99
:10CFA000708B9E5A718B9F5A728BA05A738BA15AA9
:10CFB000748BA25A758BA35A768BA45A778BA55A79
:10CFC000788BA65A798BA75A7A8BA85A7B8BA95A49
:10CFD0007C8BAA5AC1E6AB5A7D8BAC5A7E8BAD5A7C
:10CFE000808BAE5A818BAF5A828BB05A838BB15AE9
:10CFF000848BB25AC7E6B35AB1CFB45A858BB55AAF
:10D00000F4EBB65A868BB75A878BB85ACAE6B95A28
:10D01000888BBA5A898BBB5A8A8BBC5A8B8BBD5A68
:10D020008C8BBE5AC5E6BF5A8D8BC05A8E8BC15AA7
:10D03000DEBCC25AA9C9C35A8F8BC45A908BC55A39
:10D04000918BC65A928BC75A938BC85A948BC95AE4
:10D05000B5BCCA5A958BCB5A968BCC5AD3CFCD5AE6
:10D06000978BCE5A988BCF5A998BD05A9A8BD15A8C
:10D070009B8BD25AC8E6D35A9C8BD45AC9E6D55A50
:10D080009D8BD65ACEE6D75A9E8BD85AD0E6D95A1F
:10D090009F8BDA5AA08BDB5AA18BDC5AD1E6DD5A82
:10D0A000A28BDE5AA38BDF5AA48BE05ACBE6E15A5F
:10D0B000D5B5E25AA58BE35ACCE6E45AA68BE55ADD
:10D0C000A78BE65ACFE6E75AA88BE85AA98BE95A0C
:10D0D000DBC4EA5AAA8BEB5AC6E6EC5AAB8BED5A84
:10D0E000AC8BEE5AAD8BEF5AAE8BF05AAF8BF15A38
:10D0F000CDE6F25AB08BF35AB18BF45AB28BF55A93
:10D10000B38BF65AB48BF75AB58BF85AB68BF95ADB
:10D11000B78BFA5AB88BFB5AB98BFC5ABA8BFD5AAB
:10D12000BB8BFE5ABC8BFF5ABD8B005BBE8B015B79
:10D13000BF8B025BC08B035BC18B045BC28B055B47
:10D14000C38B065BC48B075BC58B085BC68B095B17
:10D15000D2E60A5BC78B0B5BC88B0C5BC98B0D5B84
:10D16000CA8B0E5BCB8B0F5BCC8B105BCD8B115BBB
:10D17000CE8B125BCF8B135BD08B145BD18B155B8B
:10D18000D28B165BD4E6175BD3E6185BD38B195BA7
:10D19000D48B1A5BD58B1B5BD68B1C5BD78B1D5B33
:10D1A000D88B1E5BD98B1F5BDA8B205BDB8B215B03
:10D1B000DC8B225BDD8B235BDE8B245BDF8B255BD3
:10D1C000E08B265BE18B275BE28B285BE38B295BA3
:10D1D000E48B2A5BE58B2B5BE68B2C5BE78B2D5B73
:10D1E000E88B2E5BE98B2F5BEA8B305BEB8B315B43
:10D1F000EC8B325BD5E6335BED8B345BF8D9355B7A
:10D20000EE8B365BEF8B375BD6E6385BF08B395BAA
:10D21000F18B3A5BF28B3B5BF38B3C5BF48B3D5BBE
:10D22000F58B3E5BF68B3F5BF78B405BD7E6415B54
:10D23000F88B425BF98B435BFA8B445BFB8B455B62
:10D24000FC8B465BFD8B475BFE8B485B408C495BF0
:10D25000418C4A5B428C4B5B438C4C5B448C4D5BFA
:10D26000458C4E5B468C4F5B478C505BD3D7515BF4
:10D27000DDE6525B488C535BDEE6545BD7BF555B03
:10D28000D0D4565B498C575BD6D7585BE6B4595B14
:10D29000EFCB5A5BDAE65B5BC3D85C5BCED75D5BFA
:10D2A000A2D05E5B4A8C5F5BCFC3605B4B8C615BE3
:10D2B0004C8C625BDFE6635BBEBC645BC2B9655BE2
:10D2C000DBE6665BA7D1675B4D8C685B4E8C695B68
:10D2D000A2BA6A5BCFC26B5B4F8C6C5BABD86D5BE9
:10D2E000508C6E5B518C6F5B528C705BEBCA715BC8
:10D2F000EEE5725B538C735BDCE6745B548C755BA0
:10D30000F5B7765B558C775B568C785B578C795B81
:10D31000588C7A5BE6C87B5B598C7C5B5A8C7D5B56
:10D32000F5C47E5B5B8C7F5B5C8C805BB2E5815B74
:10D33000FEC4825B5D8C835BFCCB845BB3E5855B69
:10D34000ACD5865B5E8C875BEED3885BD8CA895B85
:10D35000B2B08A5B5F8C8B5BCECB8C5BEACD8D5B96
:10D36000608C8E5B618C8F5BEABA905B628C915BA8
:10D37000638C925B648C935BB5E5945B658C955B89
:10D38000B4E5965B668C975BDAD7985BD9B9995B05
:10D39000E6D69A5BA8B69B5BF0CD9C5BCBD29D5B3F
:10D3A000A6B19E5BB5CA9F5B678CA05BE8B3A15B2F
:10D3B000F3C9A25BCDBFA35BFBD0A45BD2CAA55BC4
:10D3C000B6E5A65BC2BBA75B688CA85B698CA95B52
:10D3D0006A8CAA5BDCCFAB5BACB9AC5B6B8CAD5B36
:10D3E0006C8CAE5B6D8CAF5B6E8CB05BD7D4B15B7D
:10D3F0006F8CB25B708CB35BA6BAB45BE7D1B55BE4
:10D40000FCCFB65BD2BCB75B718CB85BB7E5B95BE0
:10D41000DDC8BA5B728CBB5B738CBC5B748CBD5B10
:10D42000EDBFBE5BF6B1BF5BDECBC05B758CC15B95
:10D43000768CC25BC5BCC35B778CC45BC4BCC55B6C
:10D44000FAD2C65BDCC3C75BDCBFC85B788CC95B48
:10D45000798CCA5B7A8CCB5B7B8CCC5BBBB8CD5BAD
:10D460007C8CCE5B7D8CCF5B7E8CD05BC2C3D15B72
:10D47000808CD25BAEBAD35BA2D4D45B818CD55BFB
:10D48000828CD65B838CD75B848CD85B858CD95B94
:10D49000868CDA5B878CDB5B888CDC5B898CDD5B64
:10D4A000DEC7DE5BAFC4DF5BECB2E05B8A8CE15BC6
:10D4B000D1B9E25B8B8CE35B8C8CE45BBBE5E55B19
:10D4C000C8C1E65B8D8CE75B8E8CE85BAFD5E95B12
:10D4D0008F8CEA5B908CEB5B918CEC5B928CED5BC0
:10D4E000938CEE5BBCE5EF5B948CF05BBEE5F15B8F
:10D4F000958CF25B968CF35B978CF45B988CF55B68
:10D50000998CF65B9A8CF75B9B8CF85BE7B4F95BC4
:10D51000D4B6FA5BC2CBFB5BB0D1FC5BBCB5FD5BA8
:10D520009C8CFE5B9D8CFF5BD9CA005C9E8C015C71
:10D53000E2B7025C9F8C035CA08C045CE4C9055CD0
:10D54000A18C065CABBD075CA28C085CA38C095C5B
:10D55000BECE0A5CF0D70B5CA48C0C5CA58C0D5C79
:10D56000A68C0E5CA78C0F5CA1D0105CA88C115C03
:10D57000D9C9125CA98C135CAA8C145CFBB6155C2F
:10D58000D8E6165CE2BC175CAB8C185CBEB3195CC9
:10D59000AC8C1A5CD0C91B5CAD8C1C5CD9E61D5CE4
:10D5A000A2B31E5CAE8C1F5CAF8C205CB08C215C87
:10D5B000B18C225CCCDE235CB28C245CC8D3255CAD
:10D5C000CDDE265CB38C275CA2D2285CB48C295CAF
:10D5D000B58C2A5CB68C2B5CB78C2C5CCEDE2D5CBB
:10D5E000B88C2E5CB98C2F5CBA8C305CBB8C315CF7
:10D5F000CDBE325CBC8C335CBD8C345CCFDE355C24
:10D60000BE8C365CBF8C375CC08C385CACCA395C75
:10D61000FCD23A5CDFB33B5CEAE53C5CE1C43D5CD8
:10D62000A1BE3E5CB2CE3F5CF2C4405CD6BE415C63
:10D63000A8C6425CE3B2435CC18C445CC28C455CCE
:10D64000D3BE465CC38C475CC48C485CFCC7495C59
:10D65000EBCC4A5CECBD4B5CDDCE4C5CC58C4D5CD0
:10D66000C68C4E5CBACA4F5CC1C6505CECE5515CDE
:10D67000BCD0525CC78C535CC88C545CC98C555C64
:10D68000B9D5565CCA8C575CCB8C585CCC8C595C39
:10D69000EDE55A5CCD8C5B5CCE8C5C5CCF8C5D5CCC
:10D6A000D08C5E5CF4CA5F5CD18C605CC0CD615C88
:10D6B000C5C2625CD28C635CEFE5645CD38C655C54
:10D6C000C4C2665CF0E5675CD48C685CD58C695C30
:10D6D000D68C6A5CD78C6B5CD88C6C5CD98C6D5C9E
:10D6E000DA8C6E5CF8E56F5CCDCD705CDB8C715CC8
:10D6F000BDC9725CDC8C735CDD8C745CDE8C755C2B
:10D70000DF8C765CE08C775CE18C785CE28C795C19
:10D71000D9D27A5CA8E17B5CE38C7C5CE48C7D5C98
:10D72000E58C7E5CE68C7F5CECD3805CE78C815C76
:10D73000EACB825CF1C6835CE88C845CE98C855C16
:10D74000EA8C865CEB8C875CEC8C885CACE1895C59
:10D75000ED8C8A5CEE8C8B5CEF8C8C5CA7E18D5C35
:10D76000A9E18E5CF08C8F5CF18C905CAAE1915CFD
:10D77000AFE1925CF28C935CF38C945CEDB2955CBF
:10D78000F48C965CABE1975CDAB8985CADE1995C9F
:10D79000AEE19A5CB0E19B5CBAB59C5CB1E19D5C8A
:10D7A000F58C9E5CF68C9F5CF78CA05CF88CA15C81
:10D7B000F98CA25CB3E1A35CB8E1A45CFA8CA55C33
:10D7C000FB8CA65CFC8CA75CFD8CA85CFE8CA95C29
:10D7D000D2D1AA5C408DAB5CB6E1AC5CB5E1AD5C8E
:10D7E000EBC1AE5C418DAF5C428DB05C438DB15CF2
:10D7F000B7E1B25C448DB35CC0D4B45C458DB55C1C
:10D80000B2E1B65C468DB75CBAE1B85CB6B0B95C63
:10D81000478DBA5C488DBB5C498DBC5C4A8DBD5C54
:10D82000B4E1BE5C4B8DBF5CF9BFC05C4C8DC15C8C
:10D83000B9E1C25C4D8DC35C4E8DC45CBBE1C55C7F
:10D840004F8DC65C508DC75C518DC85C528DC95CD4
:10D85000538DCA5C548DCB5CBEE1CC5C558DCD5CE8
:10D86000568DCE5C578DCF5C588DD05C598DD15C78
:10D870005A8DD25CBCE1D35C5B8DD45C5C8DD55C95
:10D880005D8DD65C5E8DD75C5F8DD85C608DD95C1C
:10D89000C5D6DA5C618DDB5C628DDC5C638DDD5C42
:10D8A000648DDE5C658DDF5C668DE05C678DE15CC0
:10D8B000BFCFE25C688DE35C698DE45CBDE1E55C53
:10D8C000BFE1E65CCDC2E75C6A8DE85CEBB6E95C83
:10D8D0006B8DEA5CF8D3EB5C6C8DEC5C6D8DED5C74
:10D8E000CDC7EE5C6E8DEF5C6F8DF05CE5B7F15CE3
:10D8F000708DF25C718DF35C728DF45C738DF55CF0
:10D90000748DF65C758DF75C768DF85C778DF95CBF
:10D91000788DFA5C798DFB5CFEBEFC5C7A8DFD5CDB
:10D920007B8DFE5C7C8DFF5C7D8D005D7E8D015D61
:10D93000808D025DC0E1035DC1E1045D818D055D07
:10D94000828D065DC7E1075DE7B3085D838D095DE4
:10D95000848D0A5D858D0B5D868D0C5D878D0D5DDB
:10D96000888D0E5DE9C60F5D898D105D8A8D115D14
:10D970008B8D125D8C8D135D8D8D145DDEB4155D08
:10D980008E8D165DC2D1175D8F8D185D908D195DDE
:10D99000918D1A5D928D1B5DC8E11C5D938D1D5D9F
:10D9A000948D1E5DC6E11F5D958D205D968D215D78
:10D9B000978D225D988D235D998D245DC5E1255D50
:10D9C0009A8D265DC3E1275DC2E1285D9B8D295DAF
:10D9D000C0B12A5D9C8D2B5D9D8D2C5D9E8D2D5D36
:10D9E000B8D52E5DC4E12F5D9F8D305DA08D315D7A
:10D9F000A18D325DA28D335DA38D345DCBE1355DAC
:10DA0000A48D365DA58D375DA68D385DA78D395DFA
:10DA1000A88D3A5DA98D3B5DAA8D3C5DAB8D3D5DCA
:10DA2000CCE13E5DCAE13F5DAC8D405DAD8D415DB9
:10DA3000AE8D425DAF8D435DB08D445DB18D455D72
:10DA4000B28D465DB38D475DFAEF485DB48D495D9B
:10DA5000B58D4A5DD3E14B5DD2E14C5DB6C74D5DFE
:10DA6000B68D4E5DB78D4F5DB88D505DB98D515DF2
:10DA7000BA8D525DBB8D535DBC8D545DBD8D555DC2
:10DA8000BE8D565DBF8D575DC08D585DC9E1595D36
:10DA9000C18D5A5DC28D5B5DCEE15C5DC38D5D5D08
:10DAA000D0E15E5DC48D5F5DC58D605DC68D615DDD
:10DAB000C78D625DC88D635DC98D645DCA8D655D0E
:10DAC000CB8D665DCC8D675DCD8D685DCE8D695DDE
:10DAD000D4E16A5DCF8D6B5DD1E16C5DCDE16D5DB3
:10DAE000D08D6E5DD18D6F5DCFE1705DD28D715D3A
:10DAF000D38D725DD48D735DD58D745DD5E1755D0B
:10DB0000D68D765DD78D775DD88D785DD98D795D31
:10DB1000DA8D7A5DDB8D7B5DDC8D7C5DDD8D7D5D01
:10DB2000DE8D7E5DDF8D7F5DE08D805DE18D815DD1
:10DB3000E28D825DD6E1835DE38D845DE48D855D5C
:10DB4000E58D865DE68D875DE78D885DE88D895D75
:10DB5000E98D8A5DEA8D8B5DEB8D8C5DEC8D8D5D45
:10DB6000ED8D8E5DEE8D8F5DEF8D905DF08D915D15
:10DB7000F18D925DF28D935DF38D945DF48D955DE5
:10DB8000F58D965DF68D975DF78D985DF88D995DB5
:10DB9000D7E19A5DF98D9B5DFA8D9C5DFB8D9D5D56
:10DBA000D8E19E5DFC8D9F5DFD8DA05DFE8DA15D2C
:10DBB000408EA25D418EA35D428EA45D438EA55D25
:10DBC000448EA65D458EA75D468EA85D478EA95DF5
:10DBD000488EAA5D498EAB5D4A8EAC5D4B8EAD5DC5
:10DBE0004C8EAE5D4D8EAF5D4E8EB05D4F8EB15D95
:10DBF000508EB25D518EB35D528EB45D538EB55D65
:10DC0000548EB65D558EB75DDAE1B85D568EB95D5E
:10DC1000578EBA5D588EBB5D598EBC5D5A8EBD5D08
:10DC20005B8EBE5D5C8EBF5D5D8EC05D5E8EC15DD8
:10DC30005F8EC25D608EC35D618EC45D628EC55DA8
:10DC4000DBE1C65D638EC75D648EC85D658EC95DB0
:10DC5000668ECA5D678ECB5D688ECC5D698ECD5D4C
:10DC6000A1CECE5D6A8ECF5D6B8ED05D6C8ED15DA8
:10DC70006D8ED25D6E8ED35D6F8ED45D708ED55DF0
:10DC8000718ED65D728ED75D738ED85D748ED95DC0
:10DC9000758EDA5D768EDB5DDDE7DC5D778EDD5DD2
:10DCA000A8B4DE5DDDD6DF5D788EE05D798EE15D66
:10DCB000B2D1E25DB2B3E35D7A8EE45D7B8EE55D69
:10DCC000A4B9E65DF3D7E75DC9C7E85DDEBEE95DEF
:10DCD000AEB9EA5D7C8EEB5DD7CEEC5D7D8EED5D01
:10DCE0007E8EEE5DEEB2EF5DCFDBF05D808EF15D9E
:10DCF000BABCF25DD1D2F35DC8CBF45DCDB0F55DB9
:10DD0000818EF65D828EF75DEFCFF85D838EF95DD3
:10DD1000848EFA5D858EFB5D868EFC5D878EFD5D53
:10DD2000E3D9FE5DEDBDFF5D888E005E898E015EEC
:10DD3000D2B1025ED0CA035EBCB2045E8A8E055EBA
:10DD4000A7CB065EABB7075E8B8E085EA6CA095EE0
:10DD50008C8E0A5E8D8E0B5E8E8E0C5EA3CF0D5E5A
:10DD60008F8E0E5E908E0F5EF8E0105ECAD5115E4B
:10DD7000FBE0125E918E135E928E145EFAE0155EE9
:10DD8000C1C5165EFBCC175E938E185EB1C1195EDD
:10DD9000F9E01A5EE3D61B5EAFB21C5EC4D61D5E10
:10DDA000DBB51E5E948E1F5E958E205E968E215E84
:10DDB000978E225E988E235E998E245E9A8E255EC3
:10DDC0009B8E265EF8B4275EA1D6285E9C8E295EC7
:10DDD0009D8E2A5E9E8E2B5E9F8E2C5EA08E2D5E6B
:10DDE000AFCF2E5EEFB02F5EA18E305EA28E315E81
:10DDF000FCE0325EA38E335EA48E345EA58E355E6B
:10DE0000A68E365EA78E375EA1E1385EA3B3395E7B
:10DE1000A88E3A5EA98E3B5EFDE03C5EFEE03D5E74
:10DE2000B1C33E5EAA8E3F5EAB8E405EAC8E415E5D
:10DE3000AD8E425EDDC3435EAE8E445EA2E1455EC2
:10DE4000F9B7465EAF8E475EB08E485EB18E495ED2
:10DE5000B28E4A5EB38E4B5EB48E4C5ECFBB4D5ECF
:10DE6000B58E4E5EB68E4F5EB78E505EB88E515EEA
:10DE7000B98E525EBA8E535EBB8E545EA3E1555E80
:10DE8000BBC4565EBC8E575EBD8E585EBE8E595E5C
:10DE9000BF8E5A5EC08E5B5EA4E15C5EC18E5D5E2D
:10DEA000C28E5E5EA5E15F5EC38E605EC48E615E03
:10DEB000A6E1625EB1B4635EC58E645EC68E655EC9
:10DEC000C78E665EC88E675EC98E685ECA8E695EE2
:10DED000CB8E6A5ECC8E6B5ECD8E6C5ECE8E6D5EB2
:10DEE000CF8E6E5ED08E6F5ED18E705ED28E715E82
:10DEF000D38E725EC9B8735EBDC6745EEAC4755EC9
:10DF0000D48E765EA2B2775ED58E785ED2D0795E00
:10DF1000D68E7A5EDBE77B5EC3BB7C5ED7D37D5E4D
:10DF2000C4D37E5ED78E7F5EE3B9805ECFE2815E32
:10DF3000D88E825ED98E835EDA8E845EAFD7855EA0
:10DF4000DB8E865EECC7875ED3B1885EDC8E895E31
:10DF5000DD8E8A5EB2B48B5ED1E28C5EDE8E8D5E2B
:10DF6000DF8E8E5EE08E8F5EF2D0905EAEC2915EEE
:10DF7000D0E2925EE18E935EE2BF945EA6D3955EA0
:10DF8000D7B5965ED2E2975EEAB5985EE28E995E6C
:10DF9000EDC39A5EFDB89B5EE38E9C5EAEB89D5E5F
:10DFA000E48E9E5ED3C59F5ECFB7A05ED4E2A15E35
:10DFB000E58EA25EE68EA35EE78EA45EE88EA55E89
:10DFC000D3E2A65EC8B6A75EF9D7A85EE98EA95EC1
:10DFD000EA8EAA5EEB8EAB5EEC8EAC5EED8EAD5E35
:10DFE000A5CDAE5EEE8EAF5EEF8EB05EF08EB15E12
:10DFF000F18EB25EF28EB35ED8E2B45EF38EB55EA1
:10E00000D6E2B65EFCCAB75EB5BFB85EB9D3B95E3C
:10E01000D5E2BA5EF48EBB5EF58EBC5EF68EBD5E5A
:10E02000F78EBE5ED7E2BF5EF88EC05EF98EC15E2F
:10E03000FA8EC25EFB8EC35EFC8EC45EFD8EC55E34
:10E04000FE8EC65E408FC75E418FC85E428FC95E3E
:10E05000AEC1CA5EC8C0CB5E438FCC5E448FCD5E7E
:10E06000458FCE5E468FCF5E478FD05E488FD15EA4
:10E07000DBE2D25EDAE2D35EAAC0D45E498FD55E1F
:10E080004A8FD65ECEC1D75E4B8FD85E4C8FD95E9D
:10E090004D8FDA5E4E8FDB5EDCE2DC5E4F8FDD5E45
:10E0A000508FDE5E518FDF5E528FE05E538FE15EF8
:10E0B000548FE25E558FE35E568FE45E578FE55EC8
:10E0C000588FE65E598FE75E5A8FE85EDDE2E95EC3
:10E0D0005B8FEA5EDEE2EB5E5C8FEC5E5D8FED5E99
:10E0E0005E8FEE5E5F8FEF5E608FF05E618FF15E40
:10E0F000628FF25E638FF35E648FF45EC8DBF55E61
:10E10000658FF65ED3D1F75EA2CDF85E668FF95EBD
:10E11000678FFA5EA8BDFB5E688FFC5E698FFD5E4F
:10E120006A8FFE5EC3DEFF5EA5D8005FAABF015FF7
:10E13000CDDB025FECD2035FFAC6045FAAC5055FC0
:10E140006B8F065F6C8F075F6D8F085FC4DE095FA2
:10E150006E8F0A5FD7B10B5FAEDF0C5F6F8F0D5F05
:10E16000708F0E5F718F0F5FBDCA105F728F115F6E
:10E17000B1DF125F738F135FADB9145F748F155FDA
:10E18000FDD2165F758F175FA5B8185FEBBA195FE0
:10E19000768F1A5F778F1B5FDAB31C5F788F1D5FF6
:10E1A000798F1E5F7A8F1F5FDCB5205FC5D5215F39
:10E1B0007B8F225F7C8F235F7D8F245F7E8F255F27
:10E1C000D6C3265FD2CF275FA1BB285F808F295F90
:10E1D000F3E52A5FF2E52B5F818F2C5F828F2D5F45
:10E1E000F4E52E5F838F2F5FE4CD305F848F315F46
:10E1F000F5C8325F858F335F868F345F878F355FD9
:10E20000888F365F898F375F8A8F385F8B8F395F52
:10E21000AFB53A5FBFC73B5F8C8F3C5FF6E53D5FB4
:10E220008D8F3E5F8E8F3F5F8F8F405FB0EC415F81
:10E23000908F425F918F435F928F445F938F455FD2
:10E24000948F465F958F475F968F485F978F495FA2
:10E25000988F4A5F998F4B5F9A8F4C5F9B8F4D5F72
:10E260009C8F4E5F9D8F4F5F9E8F505FE6E5515FA5
:10E270009F8F525FE9B9535FB1B5545FA08F555F6F
:10E28000BCC2565FE8E5575FE7E5585FE9E5595FCF
:10E29000A18F5A5FA28F5B5FA38F5C5FA48F5D5FCE
:10E2A000CDD25E5FA58F5F5FA68F605FA78F615F36
:10E2B000EAE1625FCED0635FA88F645FAECD655F39
:10E2C000A98F665FE5D1675FAA8F685FAB8F695FD3
:10E2D000CAB26A5FEBB16B5FAC8F6C5FF2B16D5F1E
:10E2E000EDC56E5FAD8F6F5FAE8F705FC3D5715F31
:10E2F000B0D3725FAF8F735FDCE1745FB08F755F17
:10E30000B18F765FB28F775FDDE1785FB38F795F32
:10E31000DBD27A5FB48F7B5FB9B37C5FCBB17D5FBB
:10E32000B58F7E5FB68F7F5FB78F805FF9CD815FDE
:10E33000F7D5825FDEE1835FB88F845FB6BE855F0D
:10E34000FDB4865FB98F875FDFE1885FDCBA895FE4
:10E35000E0E18A5FB2BB8B5FC9C28C5FE1E18D5F98
:10E36000BA8F8E5FBB8F8F5FBC8F905FECD0915F59
:10E37000BD8F925FBDCD935FBE8F945FBF8F955F62
:10E38000E2E1965FC08F975FC3B5985FC7C5995F9D
:10E39000E3E19A5FC18F9B5FC28F9C5FE4E19D5F69
:10E3A000C38F9E5FC48F9F5FC58FA05FC68FA15F25
:10E3B000F9D3A25FC78FA35FC88FA45FC98FA55F82
:10E3C000CA8FA65FCB8FA75FCC8FA85FE5E1A95F5F
:10E3D000CD8FAA5FADD1AB5FCE8FAC5FCF8FAD5F7E
:10E3E000E6E1AE5FA2CEAF5FD08FB05FD18FB15FFD
:10E3F000D28FB25FD38FB35FD48FB45FD58FB55F49
:10E40000E7E1B65FD68FB75FC2B5B85FD78FB95FA8
:10E41000D88FBA5FD98FBB5FDA8FBC5FE8E1BD5F91
:10E42000D5BBBE5FDB8FBF5FDC8FC05FDD8FC15FA1
:10E43000DE8FC25FDF8FC35FC4D0C45FE0E2C55F21
:10E44000D8B1C65FE4D2C75FE08FC85FE18FC95F14
:10E45000E1E2CA5FE28FCB5FE38FCC5FC9BCCD5FE7
:10E46000CCC8CE5FE48FCF5FE3E2D05FFEECD15F3C
:10E47000FDECD25FAFDFD35FE58FD45FE68FD55F72
:10E48000E78FD65FE2E2D75FBED6D85FFCCDD95F1B
:10E49000A6C3DA5FE88FDB5FE98FDC5FEA8FDD5FC1
:10E4A000C3E3DE5FEB8FDF5FEC8FE05FD2D6E15F2F
:10E4B000E7E2E25FED8FE35FEE8FE45FE8E2E55FC6
:10E4C000EF8FE65FF08FE75FC7D3E85FF18FE95F1B
:10E4D000F28FEA5FECE2EB5FECBFEC5FF38FED5F96
:10E4E000EDE2EE5FE5E2EF5FF48FF05FF58FF15F55
:10E4F000C0B3F25FF68FF35FF78FF45FF88FF55FCD
:10E50000EEC4F65FF98FF75FFA8FF85FEEE2F95F1E
:10E51000FB8FFA5FFC8FFB5FC3D0FC5FFD8FFD5F5D
:10E52000F6BAFE5FE9E2FF5FDEB70060B3BB0160F1
:10E53000ACCC0260CBCB0360E4E20460E6E20560B1
:10E54000EAE20660EBE20760FE8F08604090096037
:10E5500041900A60F7E20B6042900C6043900D60BE
:10E56000F4E20E60F5D40F60F3E2106044901160A5
:10E5700045901260ADC5136046901460FAD51560E1
:10E58000C2C51660C0B21760479018604890196005
:10E59000EFE21A6049901B60F2E21C60AFC11D609F
:10E5A000BCCB1E604A901F604B902060A1B52160DB
:10E5B000F9E222604C9023604D9024604E902560DB
:10E5C000B1BC2660F1E22760D4D02860B9D42960BC
:10E5D000F5E22A60D6B92B60F6E22C604F902D60F0
:10E5E00050902E6051902F60D3C7306052903160B0
:10E5F000539032605490336055903460569035603B
:10E60000F0E2366057903760589038605990396022
:10E610005A903A605B903B60DCD73C60A1ED3D6076
:10E620005C903E605D903F60F8E240605E904160CB
:10E63000A5ED4260FEE24360D1CA44605F90456050
:10E640006090466061904760629048606390496066
:10E6500064904A6065904B60B5C14C6066904D60B7
:10E66000D0BB4E6067904F6068905060D6BF5160DD
:10E6700069905260E3BA53606A9054606B90556041
:10E68000A1CB56606C9057606D9058606E90596049
:10E69000A6ED5A60A3ED5B606F905C6070905D606A
:10E6A000A2ED5E6071905F607290606073906160D7
:10E6B00074906260D6BB6360A7ED6460F4D065605F
:10E6C0007590666076906760A4ED6860DEBA6960F8
:10E6D000F7B66A60A1E36B60B2B66C60F1CC6D60B6
:10E6E000A7B96E6077906F60A2CF7060A1C77160AC
:10E6F0007890726079907360D2BF74607A90756020
:10E700007B907660F1B677607C907860FAE2796011
:10E71000FBE27A60FDE27B60FCE27C60D5C47D6058
:10E72000A2E37E607D907F60C1D380607E90816037
:10E730008090826081908360A7E38460C4C7856015
:10E7400082908660839087608490886085908960DD
:10E75000A4CF8A6086908B6087908C60A9E38D60DF
:10E76000B7BA8E6088908F60899090608A9091602F
:10E770008B909260A8E393608C909460DABB956074
:10E780008D909660A3E397608E9098608F909960CB
:10E7900090909A60A4E39B60AAE39C6091909D6036
:10E7A000A6E39E6092909F60F2CEA060C6D3A16067
:10E7B0009390A2609490A360BCBBA4609590A56068
:10E7C0009690A660C3D4A7609790A860FAC4A96089
:10E7D0009890AA609990AB60A8EDAC60FCD0AD6059
:10E7E000A5E3AE609A90AF60F5C3B0609B90B16056
:10E7F000ADE3B260AFB1B3609C90B460B2E3B5601A
:10E800009D90B6609E90B7609F90B860C2BCB960A2
:10E81000A090BA60A190BB60ACE3BC60BFB5BD6026
:10E82000A290BE60A390BF60A490C060A590C1609C
:10E83000A690C260A790C360A890C460A990C5606C
:10E84000E9C7C660B0E3C760AA90C860AB90C96072
:10E85000AC90CA60AABECB60EFCDCC60AD90CD606D
:10E86000AE90CE60AF90CF60B090D060B190D160EC
:10E87000F3BBD260B290D360B390D460B490D56053
:10E88000E8CCD660B590D760B690D860AFE3D960D9
:10E89000B790DA60B1E3DB60B890DC60A7CFDD60F1
:10E8A000AEE3DE60B990DF60A9CEE060DDBBE16081
:10E8B000BA90E260BB90E360BC90E460BD90E5601C
:10E8C000BE90E660EBB5E760E5BEE860D2B2E96015
:10E8D000CDB3EA60BF90EB60B9B1EC60ABE3ED6043
:10E8E000D1B2EE60ACB5EF60DFB9F060E8B6F160D0
:10E8F000C090F260C190F360EBCFF460B7E3F560D5
:10E90000C290F660CCBBF760C390F860C490F96029
:10E91000C7C8FA60CAD0FB60C590FC60C690FD60B5
:10E92000C790FE60C890FF60C9900061B8E30161C4
:10E93000EEB30261CA900361CB900461CC90056193
:10E94000CD900661A9ED0761CE900861FAD3096107
:10E95000E4D30A61CF900B61D0900C61D1900D612E
:10E96000AAED0E61B9E30F61E2D21061D29011619C
:10E97000D3901261D4901361D5901461D690156133
:10E98000B5E31661D7901761D8901861D9901961D5
:10E99000DA901A61DED31B61DB901C61DC901D6193
:10E9A000DD901E61DE901F61D0B82061B3E321616C
:10E9B000DF902261E0902361B6E32461DFB7256137
:10E9C000E1902661B4E32761A2C02861E290296149
:10E9D000E3902A61E4902B61BAE32C61E5902D610C
:10E9E000E6902E61E7902F61E8903061E990316107
:10E9F000EA903261EB903361EC903461ED903561D7
:10EA0000EE903661EF903761F0903861F1903961A6
:10EA1000F2903A61F3903B61F4903C61F5903D6176
:10EA2000F6903E61F7903F61B8D44061F890416143
:10EA3000F9904261FA904361FB904461FC9045611A
:10EA4000FD904661FE90476140914861C8B44961BC
:10EA500041914A61BBE34B6142914C61C5BB4D6141
:10EA600043914E61F7C94F614491506145915161A5
:10EA7000E5C952614691536147915461489155618E
:10EA8000BDC45661499157614A9158614B91596192
:10EA90004C915A614D915B614E915C614F915D610A
:10EAA000ABED5E6150915F61519160615291616126
:10EAB00053916261FDC263615491646155916561D6
:10EAC0005691666157916761DBBB6861AEBF696152
:10EAD00058916A6159916B615A916C615B916D615A
:10EAE0005C916E615D916F615E917061BFCE71618D
:10EAF0005F917261609173616191746162917561FE
:10EB0000BCE3766163917761B6BF786164917961A6
:10EB100065917A6166917B6167917C6168917D61A5
:10EB200069917E616A917F616B9180616C91816175
:10EB30006D9182616E9183616F9184617091856145
:10EB40007191866172918761739188617491896115
:10EB500075918A6176918B61EFB18C6177918D614E
:10EB600078918E61F7D48F61799190617A919161FA
:10EB70007B9192617C9193617D919461BEE39561FB
:10EB80007E9196618091976181919861829199615E
:10EB900083919A6184919B6185919C6186919D612D
:10EBA000ADED9E6187919F618891A0618991A1617E
:10EBB0008A91A2618B91A3618C91A4618D91A561D1
:10EBC0008E91A6618F91A761BFE3A861A9BAA961DF
:10EBD000ACEDAA619091AB619191AC61BDE3AD6187
:10EBE0009291AE619391AF619491B0619591B16151
:10EBF0009691B2619791B3619891B4619991B56121
:10EC00009A91B6619B91B761C0E3B8619C91B9617B
:10EC10009D91BA619E91BB619F91BC61A091BD61C4
:10EC2000A191BE61B6BABF61A291C061A391C16159
:10EC3000A491C261AEB6C361A591C461A691C5613C
:10EC4000A791C661A891C761A991C861B8D0C961EF
:10EC5000AA91CA61C3B0CB61AEEDCC61AB91CD617D
:10EC6000AC91CE61AD91CF61AE91D061AF91D161E8
:10EC7000AFEDD261C1C0D361B091D461C1E3D561C0
:10EC8000B191D661B291D761B391D861B491D96194
:10EC9000B591DA61B691DB61B791DC61B891DD6164
:10ECA000B991DE61BA91DF61BB91E061BC91E16134
:10ECB000BD91E261BE91E361BF91E461C091E56104
:10ECC000C191E661B3C5E761C291E861C391E961B1
:10ECD000C491EA61C591EB61C691EC61C791ED61A8
:10ECE000C891EE61C991EF61CA91F061CB91F16178
:10ECF000CC91F261CD91F361CE91F461CF91F56148
:10ED0000C2E3F661D091F761D191F861D291F961D6
:10ED1000D391FA61D491FB61D591FC61D691FD61EB
:10ED2000D791FE61D891FF61B2DC0062D991016296
:10ED3000DA910262DB910362DC910462DD9105628B
:10ED4000DE910662B0ED0762DF910862EAB80962FF
:10ED5000E0910A62ECCE0B62A7EA0C62E7D00D628A
:10ED6000F9CA0E62D6C80F62B7CF1062C9B311627A
:10ED7000D2CE1262E4BD1362E1911462E291156297
:10ED8000DEE31662F2BB1762A8EA1862BDD519620B
:10ED9000E3911A62DDC61B62A9EA1C62E4911D625E
:10EDA000E5911E62E6911F62AAEA2062E791216264
:10EDB000ACEA2262ABEA2362E8912462AEEA256201
:10EDC000ADEA2662E9912762EA912862EB91296215
:10EDD000EC912A62D8BD2B62ED912C62AFEA2D62D4
:10EDE000EE912E62BEC22F62EF913062F0913162DD
:10EDF000F1913262F2913362C1B43462F7B4356298
:10EE0000F3913662F4913762A7BB3862F5913962AB
:10EE1000F6913A62F7913B62F8913C62F9913D625A
:10EE2000E6EC3E62E5EC3F62BFB74062F9CB41627F
:10EE3000E2B14262FA914362E7EC4462FB914562BF
:10EE4000FC914662FD914762C8C94862E8EC49629C
:10EE5000E9EC4A62FE914B62D6CA4C62D0DE4D624A
:10EE6000C5B24E62FAD44F624092506241925162F2
:10EE7000CBC65262C7B05362F2B45462D3C8556273
:10EE8000429256624392576244925862D0CD596280
:10EE900045925A6246925B62B8BF5C6247925D627D
:10EEA00048925E6249925F624A9260624B926162EE
:10EEB0004C9262624D926362DBBF64624E92656205
:10EEC0004F926662A4C76762B4D668625092696264
:10EED000A9C06A62D1DE6B62A8C96C62EFD16D62B3
:10EEE000A4C56E62E7B06F62B6B37062C5C87162E6
:10EEF0005192726252927362E2B07462539275627E
:10EF000054927662F6B77762559278625692796239
:10EF1000FAC57A6257927B6258927C62F3B67D6240
:10EF200059927E62D2D57F62D0B38062BCBC8162CE
:10EF30005A9282625B9283625C928462ADB3856214
:10EF40005D9286625E9287625F9288626092896259
:10EF5000F1BE8A62D1B08B6261928C6262928D62E4
:10EF600063928E6264928F62659290626692916201
:10EF7000D6D29262E3CA9362A5D7946267929562F1
:10EF8000B6CD9662B6B69762B9BF9862DBD5996284
:10EF900068929A62A7B89B62D7C59C6269929D628B
:10EFA0006A929E626B929F62D2DEA062D9BFA1621A
:10EFB000D5C2A262C0C7A3626C92A462A4BBA562C0
:10EFC000A8B1A6626D92A7626E92A862EAC5A96214
:10EFD0006F92AA627092AB62FBC5AC62A7CCAD62C5
:10EFE0007192AE627292AF627392B0627492B162C9
:10EFF000A7B1B2627592B3627692B4627792B5624B
:10F00000D6B5B6627892B7627992B8627A92B962EE
:10F01000A8C4BA627B92BB62D3DEBC62BAD1BD62C5
:10F02000E9B3BE627C92BF62F2C3C0627D92C162EC
:10F030007E92C262F7B7C3628092C462F4D6C562A0
:10F04000A3B5C662F0B2C762B4C4C862E9C4C962FB
:10F05000ADC0CA62D4DECB628192CC62E8B0CD6230
:10F06000C4C5CE62E0C1CF628292D062D5B9D1620E
:10F070008392D262DCBED362D8CDD462CEB0D562E8
:10F080008492D662CFCDD762D6DED862D0BED962A6
:10F09000BED7DA62D5DEDB62D0D5DC62DDB0DD6200
:10F0A0008592DE628692DF62E2C4E0628792E1626C
:10F0B0008892E262A3C2E362F0BCE4628992E562F4
:10F0C000B5D3E662B9C0E762A1C5E862A6B2E9625B
:10F0D000F1D4EA628A92EB628B92EC62A8C0ED6294
:10F0E000C3CAEE62D7DEEF62FCD5F0628C92F162A9
:10F0F000B0B9F2628D92F362ADC8F462A9CBF56249
:10F100008E92F662D9DEF762BDBFF8628F92F96225
:10F110009092FA629192FB629292FC62B4C6FD6296
:10F12000A7D7FE62B0CAFF62C3C4006393920163B3
:10F13000D6B30263D2B903639492046395920563D4
:10F140009692066397920763B8D60863FCEA096350
:10F15000B4B00A6398920B6399920C639A920D6310
:10F160009B920E63E6BF0F639C9210639D921163A6
:10F17000F4CC12639E9213639F921463A092156362
:10F18000A1921663DACD1763A2921863A392196352
:10F19000A4921A63BFD61B63CEC21C63A5921D63E3
:10F1A000CECE1E63A2CC1F63AED02063D3C4216336
:10F1B000B2B52263D8DE2363F5D52463B7BC2563DB
:10F1C000D3BB2663A6922763A7922863A4B02963C2
:10F1D000A8922A63B2C52B63ECB42C63A9922D6369
:10F1E000AA922E63AB922F63F1D53063AC92316358
:10F1F000AD923263FDEA3363AE923463AF9235630E
:10F20000B0923663B1923763B2923863B392396386
:10F21000DADE3A63A6CD3B63B4923C63B5923D63BC
:10F22000ECCD3E63B6923F63B7924063B8924163C0
:10F23000B9924263E6CE4363DCDE4463BA9245632F
:10F24000B1CD4663A6C04763BB924863BC92496395
:10F25000BDD74A63BD924B63DBDE4C63C6B04D63E2
:10F26000B4BA4E63D3C94F63F3C45063E8BE51636D
:10F27000BE925263BF925363C0925463C19255636E
:10F28000B6B25663C2925763C3925863C49259632D
:10F29000C5925A63C6925B63C7925C63C8925D6312
:10F2A000C9925E63CCC05F63F0CB6063CA92616356
:10F2B000F1BC6263BBBB6363B7B56463CB92656348
:10F2C000CC926663CD926763F5C56863CE9269633D
:10F2D000E6DE6A63CF926B63D0926C63D1926D630A
:10F2E000E3DE6E63DDBE6F63D2927063D3927163AF
:10F2F000DFDE7263D4927363D5927463D6927563C2
:10F30000D7927663B7B47763DDBD7863D8927963BB
:10F31000D9927A63E0DE7B63EDC47C63DA927D632D
:10F32000DB927E63DC927F63DD928063C6CF816374
:10F33000DE928263E0B58363DF928463E09285634B
:10F34000E1928663E2928763DEB68863DACA8963F4
:10F35000F4B58A63E5DE8B63E3928C63C6D58D6377
:10F36000E4928E63E1DE8F63CDCC9063FEC6916341
:10F37000E5929263C5C59363E6929463E7929563C1
:10F38000E8929663B4D29763E9929863F2BE996368
:10F39000EA929A63EB929B63EC929C63ED929D637D
:10F3A000EE929E63EF929F63F092A063D3C2A1633B
:10F3B000F192A263BDCCA363B8B3A463F292A56338
:10F3C000D3BDA663F392A763D8BFA863C6CDA963D4
:10F3D000DAD1AA63EBB4AB63F492AC63E4DEAD6361
:10F3E000DDDEAE63E7DEAF63F592B063FEEAB163E4
:10F3F000F692B263F792B363B0C2B463E2DEB56370
:10F40000F892B663F992B763C0D6B863A7B5B9638B
:10F41000FA92BA63F4B2BB63FB92BC63E8DEBD63ED
:10F42000FC92BE63F2DEBF63FD92C063FE92C163D5
:10F430004093C2634193C3634293C463EDDEC563EB
:10F440004393C663F1DEC7634493C8634593C963BE
:10F45000E0C8CA634693CB634793CC634893CD63BC
:10F46000E1D7CE63EFDECF63E8C3D063E1CCD163F5
:10F470004993D263E5B2D3634A93D4634B93D56384
:10F480004C93D663BED2D7634D93D8634E93D96362
:10F490004F93DA635093DB635193DC635293DD63E4
:10F4A0005393DE63EEDEDF635493E063EBDEE163F0
:10F4B000D5CEE2635593E363A7B4E4635693E56363
:10F4C0005793E6635893E7635993E8635A93E96364
:10F4D000ABBFEA63BEBEEB635B93EC635C93ED632F
:10F4E000D2BDEE635D93EF635E93F0635F93F16370
:10F4F0006093F263E9DEF3636193F463AED4F56382
:10F500006293F663DEDEF7636393F863EADEF96322
:10F510006493FA636593FB636693FC636793FD638F
:10F52000BFC0FE636893FF63ECDE0064F3B2016466
:10F53000E9B80264A7C20364699304646A9305642A
:10F54000C1BD06646B9307646C9308646D93096492
:10F550006E930A646F930B64F5DE0C64F8DE0D6441
:10F5600070930E6471930F64ABB21064A4B4116411
:10F570007293126473931364EAB41464A6C9156495
:10F58000749316647593176476931864779319646B
:10F5900078931A6479931B64F6DE1C64D1CB1D64E6
:10F5A0007A931E64E3B81F647B932064F7DE2164C2
:10F5B000FADE22647C9323647D9324647E93256425
:10F5C00080932664F9DE27648193286482932964FA
:10F5D00083932A64C2CC2B6484932C64E1B02D64A1
:10F5E000EEB42E6485932F648693306487933164E0
:10F5F00088933264899333648A933464BAE53564BA
:10F600008B9336648C9337648D9338648E9339640E
:10F610008F933A64AFD03B6490933C6491933D6484
:10F62000EBB23E6492933F64A1EB406493934164D8
:10F63000F4DE42649493436495934464E3C945645F
:10F64000F3DE4664DAB04764A1D24864F7B1496496
:10F6500096934A64AFCC4B6497934C6498934D64F3
:10F6600099934E649A934F649B9350649C93516416
:10F670009D935264F0DE53649E935464A4CB55640E
:10F680009F935664A0935764A1935864AAD5596474
:10F69000A2935A64A3935B64A4935C64A5935D6492
:10F6A000A6935E64FBDE5F64A7936064A8936164C5
:10F6B000A9936264AA936364AB936464AC93656436
:10F6C000AD936664AE936764DDB46864AF936964B8
:10F6D000A6C46A64B0936B64B1936C64B2936D64B6
:10F6E000FDDE6E64B3936F64B4937064B59371641C
:10F6F000B6937264B7937364B8937464B993756482
:10F70000BA937664BB937764BC937864FEC37964E0
:10F71000A1C47A64A1DF7B64BD937C64BE937D64E5
:10F72000BF937E64C0937F64C1938064C2938164FD
:10F73000C3938264CCC18364C4938464FCDE856417
:10F74000EFBE8664C5938764B2C68864C693896435
:10F75000C7938A64C8938B64C9938C64CA938D647D
:10F76000CB938E64CC938F64CD939064CE9391644D
:10F77000C5B39264F6C89364CF939464D0939564B0
:10F78000BACB9664FEDE9764D1939864D293996461
:10F79000A4DF9A64D3939B64D4939C64D5939D64B3
:10F7A000D6939E64B2D79F64D793A064D893A16484
:10F7B000D993A264DA93A364DB93A464B7B3A5647A
:10F7C000DC93A664DD93A764DE93A864DF93A96449
:10F7D000C3C1AA64E093AB64E193AC64CBC7AD64EE
:10F7E000A5B2AE64E9B4AF64E293B064ABD7B164E0
:10F7F000E393B264E493B364E593B464E693B564CD
:10F80000ECC4B664E793B764A2DFB864A3DFB9645D
:10F81000E893BA64A5DFBB64E993BC64B3BABD6482
:10F82000EA93BE64EB93BF64EC93C064A6DFC1644B
:10F83000ED93C264DEC0C364EE93C464EF93C56409
:10F84000C3C9C664F093C764F193C864F293C964F2
:10F85000F393CA64F493CB64F593CC64F693CD64CC
:10F86000D9B2CE64E6C7CF64F793D064A7DFD16482
:10F87000F893D264DCC7D364F993D464FA93D56463
:10F88000FB93D664FC93D764A8DFD864A2EBD96459
:10F89000FD93DA64FE93DB644094DC644194DD64A0
:10F8A0004294DE64D3CBDF644394E0644494E16427
:10F8B0004594E264AADFE3644694E464A9DFE56466
:10F8C0004794E664C1B2E7644894E8644994E96403
:10F8D0004A94EA644B94EB644C94EC644D94ED646C
:10F8E0004E94EE644F94EF645094F0645194F1643C
:10F8F0005294F2645394F3645494F4645594F5640C
:10F900005694F6645794F7645894F8645994F964DB
:10F910005A94FA645B94FB645C94FC645D94FD64AB
:10F920005E94FE645F94FF6460940065CAC50165DF
:10F93000619402656294036563940465649405654B
:10F94000659406656694076567940865689409651B
:10F95000ABDF0A6569940B656A940C656B940D6561
:10F960006C940E656D940F656E9410656F941165BF
:10F9700070941265DCD413657194146572941565E6
:10F98000739416657494176575941865C1C81965E4
:10F9900076941A6577941B6578941C6579941D6537
:10F9A0007A941E657B941F657C9420657D94216507
:10F9B0007E942265809423658194246582942565D4
:10F9C000ACDF266583942765849428658594296532
:10F9D00086942A6587942B65F0BE2C6588942D65E6
:10F9E00089942E65ADDF2F65A7D630658A94316581
:10F9F0008B9432658C9433658D943465B7EA3565A4
:10FA0000B6EB3665D5CA37658E943865FCD839654E
:10FA1000C4B83A658F943B65A5B93C6590943D6543
:10FA200091943E65C5B73F65FED5406592944165AA
:10FA30009394426594944365959444659694456582
:10FA4000CAB946659794476598944865A7D04965B3
:10FA5000CDF44A6599944B659A944C65D0B54D6543
:10FA60009B944E659C944F65F4C350659D9451657D
:10FA7000C8BE52659E9453659F945465A094556585
:10FA8000B7EB5665BDB05765A1945865A29459650A
:10FA9000CCBD5A65A3945B65B2C15C65A4945D65F9
:10FAA000D6B15E65A8B35F65A5946065A6946165EF
:10FAB000A7946265D2B86365A2C96465A8946565B8
:10FAC000A9946665D8B66765AA946865AB946965BC
:10FAD000AC946A65AD946B65B8EB6C65B4BE6D654E
:10FAE000AE946E65AF946F65B0947065FDCA716534
:10FAF000B1947265C3C77365B2947465FBD57565BF
:10FB0000B3947665B4947765F3B77865B594796501
:10FB1000B6947A65B7947B65B8947C65B9947D6535
:10FB2000BA947E65BB947F65BC948065BD94816505
:10FB3000BE948265BF948365C0948465C1948565D5
:10FB4000C2948665C3948765C4CE8865C49489656C
:10FB5000C5948A65C6948B65ABD58C65F3B18D650C
:10FB6000C7948E65C8948F65C9949065B3EC916510
:10FB7000DFB09265CA949365B5EC9465CB949565B6
:10FB8000CC949665CD949765B7B69865CE949965F3
:10FB9000CFC19A65CF949B65FAF59C65B1D09D6500
:10FBA000D0949E65D1949F65E5D5A065D294A1655A
:10FBB000D3CEA265D394A365D494A465EFBDA56507
:10FBC000E2B3A665D594A765ABB8A865D694A96538
:10FBD000B6D5AA65D794AB65BDEDAC65D894AD65D7
:10FBE000CFB6AE65D994AF65B9CBB065C2D0B165BB
:10FBF000DA94B265DB94B365DC94B465DD94B565E5
:10FC0000DE94B665DF94B765E094B865E194B965B4
:10FC1000BDB7BA65E294BB65E394BC65B6ECBD655F
:10FC2000A9CABE65E494BF65E594C065E694C16564
:10FC3000D4C5C265E794C365B9ECC465B8ECC565C5
:10FC4000C3C2C665B7ECC765E894C865E994C965E1
:10FC5000EA94CA65EB94CB65FDD0CC65BAECCD6572
:10FC6000EC94CE65BBECCF65E5D7D065ED94D1655E
:10FC7000EE94D265BCECD365EF94D465F094D56571
:10FC8000F194D665BDECD765ECC6D865F294D9651C
:10FC9000F394DA65F494DB65F594DC65F694DD6540
:10FCA000F794DE65F894DF65F994E065DECEE165F2
:10FCB000FA94E265C8BCE365FB94E465FC94E565F1
:10FCC000D5C8E665A9B5E765C9BEE865BCD6E965EE
:10FCD000E7D4EA65FD94EB65FE94EC65AED1ED6585
:10FCE000F1D0EE65B8EAEF65B9EAF065BAEAF16518
:10FCF000B5BAF2654095F3654195F4654295F565B1
:10FD00004395F665B1CAF765F5BFF8654495F965A1
:10FD10004595FA65FACDFB654695FC654795FD6509
:10FD20004895FE654995FF654A950066C0EA0166FB
:10FD30004B950266BAB00366BEEA04664C9505664A
:10FD40004D950666A5C007664E9508664F950966EF
:10FD500050950A66BBEA0B6651950C66FDB20D66BE
:10FD600052950E66F7C30F66E8BB10665395116691
:10FD70005495126655951366D7D21466F4CE15665F
:10FD8000BFEA166656951766579518665895196610
:10FD9000BCEA1A6659951B665A951C665B951D66EA
:10FDA000C3EA1E665C951F66C7D02066B3D3216682
:10FDB0005D9522665E9523665F952466609525664F
:10FDC000BAB4266661952766C1C32866F2D729664C
:10FDD00062952A6663952B6664952C6665952D66FB
:10FDE000D1D52E6666952F66C7CA3066679531668F
:10FDF000C5EA32666895336669953466C4EA356645
:10FE0000C7EA3666C6EA37666A9538666B9539661C
:10FE10006C953A666D953B666E953C66E7D63D6699
:10FE20006F953E66D4CF3F6670954066719541668A
:10FE3000CBEA426672954366CEBB446673954566CF
:10FE400074954666759547667695486677954966D2
:10FE500078954A6679954B66FABD4C66CEC94D6673
:10FE60007A954E667B954F66CCEA50667C955166D6
:10FE70007D955266B9C95366FECF5466CAEA556687
:10FE8000CED45666CDEA5766CFEA58667E95596657
:10FE900080955A66EDCD5B6681955C6682955D6660
:10FEA00083955E6684955F66C9EA6066859561663E
:10FEB000CEEA62668695636687956466EECE656671
:10FEC00088956666DEBB676689956866BFB36966B6
:10FED0008A956A668B956B668C956C668D956D665A
:10FEE0008E956E66D5C66F66B0BE7066FACE7166C8
:10FEF0008F9572669095736691957466E7C775667F
:10FF000092957666A7BE7766D0EA7866939579660D
:10FF100094957A66C7D67B6695957C6696957D6640
:10FF200097957E66C0C17F66989580669995816633
:10FF30009A958266DDD483669B958466D1EA856650
:10FF40009C9586669D958766BECF88669E958966D8
:10FF50009F958A66A0958B66A1958C66D2EA8D6680
:10FF6000A2958E66A3958F66A4959066A5959166D9
:10FF7000EECA9266A6959366A7959466A89595662F
:10FF8000A9959666AFC59766B5B09866AA95996625
:10FF9000AB959A66AC959B66AD959C66AE959D6655
:10FFA000D4EA9E66AF959F66B095A066B195A166AE
:10FFB000B295A266B395A366B495A466B595A566F9
:10FFC000B695A666B795A766D3EAA866DFF4A966D4
:10FFD000B895AA66B995AB66BA95AC66BB95AD66A1
:10FFE000BC95AE66BAC4AF66BD95B066BE95B16647
:10FFF000BF95B266C095B366C195B466A9B1B56642
:020000040801F1
:10000000C295B666C395B766C495B866C595B96618
:10001000DFE5BA66C695BB66C795BC66C895BD6682
:10002000C995BE66D5EABF66CA95C066CB95C1665E
:10003000CC95C266CD95C366CE95C466CF95C56690
:10004000D095C666D195C766D295C866D395C96660
:10005000D495CA66D595CB66D695CC66D795CD6630
:10006000D895CE66D995CF66DA95D066DB95D16600
:10007000DC95D266DD95D366DE95D466DF95D566D0
:10008000E095D666E195D766E295D866E395D966A0
:10009000EFCADA66E495DB66D6EADC66D7EADD66A7
:1000A000D8C6DE66E595DF66E695E066E795E1662B
:1000B000E895E266E995E366EA95E466EB95E56620
:1000C000EC95E666D8EAE766ED95E866EE95E966B2
:1000D000D9EAEA66EF95EB66F095EC66F195ED6688
:1000E000F295EE66F395EF66F495F066BBD4F16693
:1000F000F595F266FAC7F366B7D2F466FCB8F56612
:10010000F695F666F795F766C2EAF866F895F96629
:10011000DCB2FA66F995FB66FA95FC66FCC2FD66F0
:10012000FB95FE66F8D4FF66E6CC0067EED7016764
:10013000FC950267FD950367FE9504674096056789
:10014000419606674296076743960867C2D40967D7
:10015000D0D30A67C3EB0B67F3C50C6744960D67F2
:10016000FEB70E6745960F6746961067D4EB11678A
:10017000479612674896136749961467B7CB156779
:10018000DEEB16674A961767CAC018674B96196761
:100190004C961A674D961B67FBCD1C674E961D67E4
:1001A000AFB31E674F961F67DAC620675096216768
:1001B0005196226752962367539624675496256773
:1001C00055962667FCEB276756962867BEC42967B5
:1001D00057962A67B4CE2B67A9C42C67BEB12D678A
:1001E000FDD42E6758962F67F5CA30675996316748
:1001F000ECD632675A9633675B963467D3C6356759
:10020000E4B636675C9637675D9638675E96396701
:100210005F963A67FABB3B6760963C6761963D67BD
:10022000E0D03E6762963F6763964067B1C9416719
:1002300064964267D3D44367A8C844676596456708
:1002400066964667CBB8476767964867BEE84967D2
:10025000BCC94A6768964B6769964C67BBE84D67AF
:100260006A964E67EEC04F67D3D05067C4B25167ED
:10027000E5B452676B965367BCE854676C96556754
:100280006D965667C8D557676E9658676F965967CB
:1002900070965A6771965B6772965C67C5B65D67C4
:1002A00073965E67BDE85F67F8CA6067DCB8616730
:1002B000F5CC626774966367759664677696656732
:1002C000B4C066677796676778966867EED16967A6
:1002D000BFE86A67C2E86B6779966C677A966D6764
:1002E000BCBA6E677B966F67ADB17067DCBD716736
:1002F0007C967267BDEA7367C3E874677D9675671D
:10030000C6E876677E967767CBE8786780967967E8
:1003100081967A6782967B6783967C67CCE87D6757
:1003200084967E67C9CB7F67E5B0806785968167D5
:10033000ABBC82678696836787968467B9B9856701
:100340008896866789968767C1E888678A968967ED
:10035000F7CD8A678B968B67CAE88C678C968D671A
:100360008D968E678E968F678F969067F6CE916783
:1003700090969267919693679296946793969567F5
:10038000EDD5966794969767D6C19867C4E8996744
:1003900095969A67B6C39B6796969C67FBB99D67CF
:1003A000A6D69E67C8E89F679796A0679896A167AC
:1003B0009996A267E0CAA367E6D4A4679A96A56750
:1003C000C0E8A6679B96A767C5E8A867C7E8A967BE
:1003D0009C96AA67B9C7AB67E3B7AC679D96AD6754
:1003E000C9E8AE679E96AF67DDBFB067D2E8B16778
:1003F0009F96B267A096B367D7E8B467A196B56732
:10040000D5E8B667DCBCB767CFBCB867DBE8B967CF
:10041000A296BA67A396BB67A496BC67A596BD676C
:10042000A696BE67A796BF67A896C067A996C1673C
:10043000DEE8C267AA96C367DAE8C467FAB1C5679F
:10044000AB96C667AC96C767AD96C867AE96C967E8
:10045000AF96CA67B096CB67B196CC67B296CD67B8
:10046000B396CE67B496CF67D8B0D067B3C4D16720
:10047000CCB8D267E2C6D367BEC8D467E1C8D56737
:10048000B596D667B696D767B796D867CFE8D967D7
:10049000D4E8DA67D6E8DB67B896DC67F1B9DD67E0
:1004A000D8E8DE67F5D7DF67B996E067FBC4E16798
:1004B000BA96E267DCE8E367BB96E467BC96E5675B
:1004C000E9B2E667BD96E767BE96E867BF96E9675B
:1004D000D1E8EA67C096EB67C196EC67EDBCED67C3
:1004E000C296EE67C396EF67C2BFF067CDE8F167CB
:1004F000F9D6F267C496F367F8C1F467F1B2F5670D
:10050000C596F667C696F767C796F867C896F967FF
:10051000C996FA67CA96FB67CB96FC67CC96FD67CF
:10052000DFE8FE67CD96FF67C1CA0068D9E80168B9
:10053000CE960268CF960368D0960468D196056877
:10054000A4D50668D2960768EAB10868BBD50968E1
:10055000CEE80A68D0E80B68B0B60C68D3E80D683E
:10056000D3960E68DDE80F68B8C01068D49611689D
:10057000F7CA1268D5961368A8CB1468D696156882
:10058000D7961668DCC61768F5C01868D89619683B
:10059000D9961A68DA961B68DB961C68DC961D688B
:1005A000E9E81E68DD961F68DE962068DF96216800
:1005B000A3D02268E0962368E1962468E296256835
:1005C000E3962668E4962768E5962868E696296803
:1005D000F2E82A68EAD62B68E7962C68E8962D6838
:1005E000E9962E68EA962F68EB963068EC963168AB
:1005F000ED963268E0E83368E1E83468EE963568F5
:10060000EF963668F0963768F9D13868CBBA396812
:10061000F9B83A68F1963B68F2963C68F1B83D68E3
:10062000D4D43E68EFE83F68F3964068EEE841684E
:10063000ECE84268F0B94368D2CC4468E6E8456823
:10064000A6CE4668F2BF4768F4964868B8B04968D5
:10065000F1E84A68F0E84B68F5964C68C0D74D68F9
:10066000F6964E68E4E84F68F7965068A9CD516851
:10067000A3C95268F8965368B8BB5468DBBD556887
:10068000EAE85668F9965768FA965868FB965968EA
:10069000FC965A68FD965B68FE965C6840975D68BC
:1006A00041975E6842975F6843976068E2E86168D7
:1006B000E3E86268E5E86368B5B56468E7E865683B
:1006C000C5C76668EBE86768EDE86868B0BD69684B
:1006D000AED76A6844976B68F8E86C6845976D68B0
:1006E00046976E6847976F68489770684997716832
:1006F0004A9772684B9773684C977468F5E8756809
:100700004D977668B0CD7768F6E878684E97796847
:100710004F977A6850977B6851977C6852977D68AD
:1007200053977E6854977F6855978068569781687D
:10073000BAC1826857978368E8E8846858978568E3
:10074000B7C38668F0B08768599788685A978968F0
:100750005B978A685C978B685D978C685E978D68FD
:100760005F978E6860978F68F4E8906861979168EA
:100770006297926863979368F7E8946864979568BE
:100780006597966866979768A3B998686797996818
:1007900068979A6869979B686A979C686B979D6849
:1007A0006C979E686D979F686E97A0686F97A16819
:1007B0007097A268D2C9A3687197A4687297A56858
:1007C0007397A668CEC3A768E0CEA868E6C0A968FC
:1007D0007497AA687597AB687697AC687797AD6899
:1007E000F3CBAE687897AF68DDCCB068B5D0B168B0
:1007F0007997B2687A97B368E1CAB4687B97B568AD
:10080000F3E8B6687C97B7687D97B8687E97B96853
:100810008097BA688197BB688297BC688397BD68E8
:100820008497BE688597BF688697C068ECBCC1682E
:100830008797C268F9E8C3688897C4688997C568CC
:100840008A97C6688B97C7688C97C8688D97C96860
:10085000DEC3CA688E97CB68E5C6CC688F97CD6833
:10086000F7B9CE689097CF689197D0689297D16882
:100870009397D268F4B0D3689497D4689597D56865
:10088000D8D7D6689697D7689797D868ACBCD968F8
:100890009897DA68EFC5DB689997DC689A97DD6806
:1008A0009B97DE689C97DF689D97E068C4CCE16801
:1008B0009E97E2689F97E368A6E9E468A097E568D9
:1008C000A197E668A297E768A397E868A497E96804
:1008D000A597EA68A697EB68A797EC68A897ED68D4
:1008E000A997EE68ADC9EF68AA97F068A2E9F16828
:1008F000E2C0F268AB97F368AC97F468AD97F5681F
:10090000C3BFF668AE97F768AF97F868B097F96815
:10091000FEE8FA68D7B9FB68B197FC68FBE8FD68A8
:10092000B297FE68B397FF68B4970069B5970169FD
:10093000A4E90269B6970369B7970469B89705698E
:10094000CED20669B9970769BA970869BB97096952
:10095000BC970A69BD970B69A3E90C69BE970D693D
:10096000B2D60E69B5D70F69BF971069A7E91169AB
:10097000C0971269B7BD1369C1971469C297156909
:10098000C3971669C4971769C5971869C6971969F7
:10099000C7971A69C8971B69C9971C69CA971D69C7
:1009A000CB971E69CC971F69FCE82069FDE8216997
:1009B000CD972269CE972369CF972469A1E925694C
:1009C000D0972669D1972769D2972869D397296943
:1009D000D4972A69D5972B69D6972C69D7972D6913
:1009E000D6CD2E69D8972F69D9973069ACD23169A5
:1009F000DA973269DB973369DC973469B2E9356994
:100A0000DD973669DE973769DF973869E09739698E
:100A1000A9E93A69E1973B69E2973C69E3973D6947
:100A2000AAB43E69E4973F69BBB44069E597416960
:100A3000E6974269ABE94369E7974469E8974569F6
:100A4000E9974669EA974769EB974869EC974969DE
:100A5000ED974A69EE974B69EF974C69F0974D69AE
:100A6000F1974E69F2974F69F3975069F49751697E
:100A7000F5975269F6975369F7975469A8D0556965
:100A8000F8975669F9975769A5E95869FA97596926
:100A9000FB975A69FEB35B69FC975C69FD975D69DA
:100AA000ACE95E69E3C05F69FE976069AAE96169C4
:100AB0004098626941986369B9E9646942986569D7
:100AC00043986669B8E967694498686945986969AF
:100AD00046986A6947986B69AEE96C6948986D6990
:100AE00049986E69FAE86F694A9870694B9871691C
:100AF000A8E972694C9873694D9874694E98756944
:100B00004F98766950987769ACBF7869B1E979698F
:100B1000BAE97A6951987B6952987C69A5C27D6966
:100B200053987E6954987F6955988069AFE98169C7
:100B300056988269C5B8836957988469ADE9856913
:100B400058988669DCD38769B4E98869B5E9896909
:100B5000B7E98A6959988B695A988C695B988D694D
:100B6000C7E98E695C988F695D9890695E98916914
:100B70005F9892696098936961989469C6C0956915
:100B8000C5E996696298976963989869B0E9996927
:100B900064989A6965989B69BBE99C69F1B09D6905
:100BA00066989E6967989F696898A0696998A16925
:100BB0006A98A2696B98A3696C98A4696D98A569F5
:100BC0006E98A6696F98A769BCE9A869A5D5A969B7
:100BD0007098AA697198AB69BEE9AC697298AD6901
:100BE000BFE9AE697398AF697498B0697598B169D7
:100BF000C1E9B2697698B3697798B469F1C1B5690A
:100C00007898B6697998B769B6C8B8697A98B969B1
:100C10007B98BA697C98BB69BDE9BC697D98BD6960
:100C20007E98BE698098BF698198C0698298C169C1
:100C3000C2E9C2698398C3698498C4698598C56903
:100C40008698C6698798C7698898C8698998C96964
:100C50008A98CA69C3E9CB698B98CC69B3E9CD6935
:100C60008C98CE69B6E9CF698D98D069B1BBD1694E
:100C70008E98D2698F98D3699098D469C0E9D56964
:100C80009198D6699298D7699398D8699498D969B8
:100C90009598DA699698DB69F7BCDC699798DD6905
:100CA0009898DE699998DF69C4E9E069C6E9E16965
:100CB0009A98E2699B98E3699C98E4699D98E56934
:100CC0009E98E6699F98E769A098E869A198E96904
:100CD000A298EA69A398EB69A498EC69A598ED69D4
:100CE000CAE9EE69A698EF69A798F069A898F16932
:100CF000A998F269CEE9F369AA98F469AB98F56905
:100D0000AC98F669AD98F769AE98F869AF98F9694B
:100D1000B098FA69B198FB69B298FC69B398FD691B
:100D2000DBB2FE69B498FF69C8E9006AB598016A48
:100D3000B698026AB798036AB898046AB998056ABF
:100D4000BA98066ABB98076ABC98086ABD98096A8F
:100D5000BE980A6AAEB70B6ABF980C6AC0980D6A53
:100D6000C1980E6AC2980F6AC398106AC498116A33
:100D7000C598126AC698136AC798146AC898156A03
:100D8000C998166ACA98176ACBE9186ACCE9196A31
:100D9000CB981A6ACC981B6ACD981C6ACE981D6AAB
:100DA000CF981E6AD0981F6AC1D5206AD198216A4F
:100DB000A3C4226AD298236AD398246AD498256A55
:100DC000D598266AD698276AD798286AD8E9296AD2
:100DD000D8982A6AE1BA2B6AD9982C6ADA982D6ACF
:100DE000DB982E6ADC982F6AC9E9306ADD98316A8F
:100DF000A3D3326ADE98336ADF98346AE098356AA2
:100E0000D4E9366AE198376AE298386AE398396A31
:100E1000E4983A6AE5983B6AE6983C6AE7983D6A46
:100E2000D7E93E6AD0E93F6AE898406AE998416AA2
:100E3000EA98426AEB98436AEC98446ACFE9456ABB
:100E4000ED98466AEE98476AC1C7486AEF98496AC2
:100E5000F0984A6AF1984B6AF2984C6AF3984D6A96
:100E6000F4984E6AF5984F6AF698506AD2E9516A3A
:100E7000F798526AF898536AF998546AFA98556A3A
:100E8000FB98566AFC98576AFD98586AD9E9596ADE
:100E9000C8B35A6AFE985B6AD3E95C6A40995D6A96
:100EA00041995E6A42995F6A4399606A4499616AAE
:100EB000F0CF626A4599636A4699646A4799656AA0
:100EC000CDE9666A4899676A4999686A4A99696A80
:100ED0004B996A6A4C996B6A4D996C6A4E996D6A26
:100EE0004F996E6A50996F6A5199706A5299716AF6
:100EF000F7B3726A5399736A5499746A5599756A0B
:100F00005699766A5799776A5899786A5999796A99
:100F1000D6E97A6A5A997B6A5B997C6ADAE97D6AD2
:100F20005C997E6A5D997F6A5E99806AB4CC816AB9
:100F30005F99826A6099836A6199846AADCF856A94
:100F40006299866A6399876A6499886A6599896AE9
:100F500066998A6A67998B6A68998C6A69998D6AB9
:100F60006A998E6AD5E98F6A6B99906ADCE9916A11
:100F7000DBE9926A6C99936A6D99946A6E99956AA5
:100F80006F99966A7099976ADEE9986A7199996A79
:100F900072999A6A73999B6A74999C6A75999D6A09
:100FA00076999E6A77999F6A7899A06AD1E9A16A31
:100FB0007999A26A7A99A36A7B99A46A7C99A56AAD
:100FC0007D99A66A7E99A76A8099A86A8199A96A7B
:100FD000DDE9AA6A8299AB6ADFE9AC6ACAC3AD6A85
:100FE0008399AE6A8499AF6A8599B06A8699B16A25
:100FF0008799B26A8899B36A8999B46A8A99B56AF5
:101000008B99B66A8C99B76A8D99B86A8E99B96AC4
:101010008F99BA6A9099BB6A9199BC6A9299BD6A94
:101020009399BE6A9499BF6A9599C06A9699C16A64
:101030009799C26A9899C36A9999C46A9A99C56A34
:101040009B99C66A9C99C76A9D99C86A9E99C96A04
:101050009F99CA6AA099CB6AA199CC6AA299CD6AD4
:10106000A399CE6AA499CF6AA599D06AA699D16AA4
:10107000A799D26AA899D36AA999D46AAA99D56A74
:10108000AB99D66AAC99D76AAD99D86AAE99D96A44
:10109000AF99DA6AB099DB6AB199DC6AB299DD6A14
:1010A000B399DE6AB499DF6AB599E06AB699E16AE4
:1010B000B799E26AB899E36AB999E46ABA99E56AB4
:1010C000BB99E66ABC99E76ABD99E86ABE99E96A84
:1010D000BF99EA6AC099EB6AC199EC6AC299ED6A54
:1010E000C399EE6AC499EF6AC599F06AC699F16A24
:1010F000C799F26AC899F36AC999F46ACA99F56AF4
:10110000CB99F66ACC99F76ACD99F86ACE99F96AC3
:10111000CF99FA6AD099FB6AD199FC6AD299FD6A93
:10112000D399FE6AD499FF6AD599006BD699016B61
:10113000D799026BD899036BD999046BDA99056B2F
:10114000DB99066BDC99076BDD99086BDE99096BFF
:10115000DF990A6BE0990B6BE1990C6BE2990D6BCF
:10116000E3990E6BE4990F6BE599106BE699116B9F
:10117000E799126BE899136BE999146BEA99156B6F
:10118000EB99166BEC99176BED99186BEE99196B3F
:10119000EF991A6BF0991B6BF1991C6BF2991D6B0F
:1011A000F3991E6BF4991F6BF599206BB7C7216BF0
:1011B000CEB4226BB6BB236BC0D0246BA3EC256BE3
:1011C000F699266BF799276BB7C5286BF899296BA9
:1011D000F9992A6BFA992B6BFB992C6BFC992D6B67
:1011E000FD992E6BFE992F6B409A306B419A316BB3
:1011F000429A326BFBD3336B439A346B449A356B10
:10120000459A366B469A376BA4EC386B479A396B24
:10121000A5EC3A6BDBC63B6B489A3C6B499A3D6B3D
:101220004A9A3E6BEEBF3F6B4B9A406B4C9A416BB8
:101230004D9A426B4E9A436BA6EC446B4F9A456BAA
:10124000509A466BA7EC476BAAD0486B519A496BF2
:10125000B8C74A6B529A4B6B539A4C6BE8B84D6BBC
:10126000549A4E6B559A4F6B569A506B579A516BD6
:10127000589A526B599A536B5A9A546B5B9A556BA6
:101280005C9A566B5D9A576B5E9A586B5F9A596B76
:10129000A8EC5A6B609A5B6B619A5C6B629A5D6BAF
:1012A000639A5E6B649A5F6B659A606B669A616B1A
:1012B000679A626BB9D6636BFDD5646BCBB4656B13
:1012C000BDB2666BE4CE676BE7C6686B689A696B04
:1012D000699A6A6BE1CD6B6B6A9A6C6B6B9A6D6BFA
:1012E0006C9A6E6B6D9A6F6B6E9A706B6F9A716B76
:1012F000709A726B719A736B729A746B739A756B46
:10130000749A766B759A776B769A786B779A796B15
:10131000F5B47A6B789A7B6BC0CB7C6BDFBC7D6B52
:10132000799A7E6B7A9A7F6B7B9A806B7C9A816BC1
:10133000E2E9826BE3E9836BEAD1846BE5E9856BD3
:101340007D9A866BF9B4876BE4E9886B7E9A896B2A
:10135000B3D18A6BE2CA8B6BD0B28C6B809A8D6BE7
:10136000E8E98E6B819A8F6B829A906B839A916B6E
:10137000849A926BE6E9936BE7E9946B859A956B97
:10138000869A966BB3D6976B879A986B889A996B67
:10139000899A9A6BE9E99B6BEAE99C6B8A9A9D6B47
:1013A0008B9A9E6B8C9A9F6B8D9AA06B8E9AA16B79
:1013B000EBE9A26B8F9AA36B909AA46B919AA56BA1
:1013C000929AA66B939AA76B949AA86B959AA96B1D
:1013D000969AAA6BECE9AB6B979AAC6B989AAD6B4B
:1013E000999AAE6B9A9AAF6B9B9AB06B9C9AB16BC1
:1013F0009D9AB26B9E9AB36BAFECB46BB9C5B56BEB
:10140000CEB6B66B9F9AB76BF3D2B86BA09AB96B96
:10141000A19ABA6BA29ABB6BA39ABC6BA49ABD6B40
:10142000A59ABE6BA69ABF6BEEB5C06BA79AC16BAF
:10143000D9BBC26BB1ECC36BA89AC46BA99AC56B3C
:10144000E3D2C66BAA9AC76BAB9AC86BAC9AC96B4E
:10145000AD9ACA6BAE9ACB6BE3CECC6BAF9ACD6B29
:10146000B8C4CE6BB09ACF6BBFC3D06BB19AD16BFF
:10147000B29AD26BBEB6D36BB9D8D46BC8B1D56BA8
:10148000CFB1D66BD1B1D76BFEC5D86BB39AD96B40
:10149000D0B1DA6BB49ADB6BABC3DC6BB59ADD6BA6
:1014A000B69ADE6BB79ADF6BB89AE06BB99AE16BCC
:1014B000B1D5E26BBA9AE36BBB9AE46BBC9AE56B6D
:1014C000BD9AE66BBE9AE76BBF9AE86BC09AE96B70
:1014D000C19AEA6BA4EBEB6BC1BAEC6BC29AED6BF1
:1014E000C39AEE6BC49AEF6BBACCF06BC59AF16BF2
:1014F000C69AF26BC79AF36BA5EBF46BC89AF56BBF
:10150000A7EBF66BC99AF76BCA9AF86BCB9AF96B93
:10151000A8EBFA6BCC9AFB6BCD9AFC6BCE9AFD6B69
:10152000A6EBFE6BCF9AFF6BD09A006CD19A016C40
:10153000D29A026CD39A036CD49A046CD59A056C37
:10154000A9EB066CABEB076CAAEB086CD69A096C9E
:10155000D79A0A6CD89A0B6CD99A0C6CDA9A0D6CE3
:10156000ACEB0E6CDB9A0F6CCFCA106CB5D8116C5B
:10157000F1C3126CDC9A136CA5C3146CF8C6156C1D
:10158000ADEB166CCAC4176CDD9A186CAEEB196C17
:10159000AFEB1A6CB0EB1B6CD5B71C6CDE9A1D6CF4
:1015A000DF9A1E6CE09A1F6CFAB7206CE19A216CEE
:1015B000B1EB226CE2C7236CE29A246CB3EB256C8E
:1015C000E39A266CA4BA276CF5D1286CB1B0296CCB
:1015D000B2EB2A6CB4EB2B6CE49A2C6CE59A2D6C74
:1015E000E69A2E6CAAB52F6CC8C2306CE8C7316C75
:1015F000E79A326CB5EB336CE89A346CAECB356C51
:10160000DFE3366CE99A376CEA9A386CC0D3396CF0
:10161000EB9A3A6CEC9A3B6CED9A3C6CEE9A3D6C12
:10162000DBD93E6CEF9A3F6CF09A406CA1CD416CD7
:10163000ADD6426CF3C7436CF19A446CF29A456C98
:10164000F39A466CE0D9476CE3BB486CF49A496C5A
:10165000BABA4A6CE2E34B6CF59A4C6CF69A4D6C54
:10166000F79A4E6CF89A4F6CF99A506CABCF516C5C
:10167000FA9A526CFB9A536CFC9A546CE0E3556CEA
:10168000C7C9566CFD9A576CB9BA586CFE9A596C1A
:10169000409B5A6C419B5B6CB4D15C6CE1E35D6C2C
:1016A000EAC85E6CAFB95F6CADBD606CD8B3616CFD
:1016B000DBCE626C429B636C439B646CC0CC656CFC
:1016C000449B666C459B676C469B686CE8E3696C61
:1016D000E9E36A6CF4CD6B6C479B6C6C489B6D6C5A
:1016E000499B6E6C4A9B6F6C4B9B706CADCC716C64
:1016F0004C9B726CB3BC736C4D9B746CEAE3756C61
:101700004E9B766CEBE3776C4F9B786C509B796CBF
:10171000DAD07A6C519B7B6C529B7C6C539B7D6CBA
:10172000FBC67E6CDAB77F6C549B806C559B816CDA
:10173000DFC7826CCAD2836CD6CE846C569B856C14
:10174000E4E3866CECE3876C579B886CF2C9896C88
:10175000C1B38A6C589B8B6C599B8C6CE7E38D6C86
:101760005A9B8E6C5B9B8F6CE3C6906CE5E3916C2F
:101770005C9B926C5D9B936CB3ED946CE6E3956C13
:101780005E9B966C5F9B976C609B986C619B996C61
:10179000B3C99A6C629B9B6CE6C59C6C639B9D6C09
:1017A000649B9E6C659B9F6CB5B9A06C669BA16C9D
:1017B000BBC3A26C679BA36CE3E3A46CBDC5A56C23
:1017C000A4C1A66CD9C2A76CD7B2A86C689BA96C3F
:1017D000EDE3AA6CA6BBAB6CADC4AC6C699BAD6C05
:1017E000F0E3AE6CDABEAF6C6A9BB06C6B9BB16C15
:1017F000FBE3B26CF5E3B36CD3BAB46C6C9BB56C21
:101800006D9BB66C6E9BB76C6F9BB86CD0B7B96CA8
:10181000CDD3BA6C709BBB6CCED6BC6CD3D5BD6C33
:10182000C1B9BE6CB4D5BF6CD8D1C06C719BC16C52
:10183000729BC26C739BC36C749BC46CB9D0C56C37
:10184000F6C7C66C759BC76C769BC86C779BC96CDA
:10185000AAC8CA6CB4B2CB6C789BCC6CDAC3CD6C22
:10186000799BCE6C7A9BCF6C7B9BD06CEEE3D16C7A
:101870007C9BD26C7D9BD36CFCE3D46CEFE3D56C8A
:10188000A8B7D66CF7E3D76CF4E3D86C7E9BD96C21
:10189000809BDA6C819BDB6CBAB7DC6C829BDD6C65
:1018A000839BDE6CA2C5DF6C849BE06CF6E3E16C8D
:1018B000DDC5E26CA8B2E36CFCC6E46C859BE56C0C
:1018C000E0C4E66C869BE76C879BE86CA2D7E96C6A
:1018D000889BEA6CE1C0EB6CF9E3EC6C899BED6CE6
:1018E0008A9BEE6CFAE3EF6CFDE3F06CA9CCF16C33
:1018F000F3E3F26C8B9BF36CBED3F46C8C9BF56CB6
:10190000C3B1F66CB4EDF76CF1E3F86CF2E3F96C8B
:101910008D9BFA6CF8E3FB6CBAD0FC6CC3C6FD6C13
:10192000F3D4FE6CFEE3FF6C8E9B006D8F9B016D0C
:10193000E0BD026D909B036D919B046DA7E4056D66
:10194000929B066D939B076DA6E4086D949B096DB1
:10195000959B0A6D969B0B6DF3D10C6DA3E40D6DF9
:10196000979B0E6DA9E40F6D989B106D999B116D5F
:101970009A9B126DF7C8136D9B9B146D9C9B156D04
:101980009D9B166D9E9B176DB4CF186D9F9B196D17
:10199000A8E41A6DAEE41B6DE5C21C6DA09B1D6D25
:1019A000A19B1E6DB4B61F6DA29B206DA39B216DE4
:1019B000A49B226DA59B236DA69B246DA79B256DE3
:1019C000F2BD266DA89B276DA2E4286DA99B296D09
:1019D000AA9B2A6DE9BA2B6DAAE42C6DAB9B2D6DE9
:1019E000AC9B2E6DACE42F6DAD9B306DAE9B316D1D
:1019F000FDB6326DDED6336DB2E4346DAF9B356D1E
:101A0000ADE4366DB09B376DB19B386DB29B396DCF
:101A1000A1E43A6DB39B3B6DEEBB3C6DDDCD3D6DFE
:101A2000A2C73E6DC9C53F6DB49B406DB59B416D6E
:101A3000F7C1426DB69B436DA4E4446DB79B456D01
:101A4000B3C7466DACBD476DBDBD486DA5E4496DDE
:101A5000B89B4A6DC7D74B6DE2B24C6DB99B4D6DCB
:101A6000ABE44E6DC3BC4F6DAFE4506DBA9B516D8E
:101A7000EBBB526DB0E4536DA8C5546DB1E4556D28
:101A8000BB9B566DBC9B576DBD9B586DBE9B596DE6
:101A9000E3D55A6DA3BF5B6DBF9B5C6DBAE45D6D12
:101AA000C09B5E6DB7E45F6DC19B606DBBE4616D13
:101AB000C29B626DC39B636DBDE4646DC49B656D29
:101AC000C59B666DD6C6676DC69B686DC79B696D05
:101AD000C6BA6A6DCBC06B6DC89B6C6DC99B6D6DD2
:101AE000CA9B6E6DA1B86F6DB4E4706DCB9B716DC8
:101AF000CC9B726DCD9B736DCE9B746DA1D4756DB7
:101B0000CF9B766DD09B776DA3BA786DFEBD796D56
:101B1000D19B7A6DD29B7B6DD39B7C6DBCE47D6D3C
:101B2000D49B7E6DD59B7F6DD69B806DD79B816D41
:101B3000D89B826DBFCD836DD99B846DDA9B856DFB
:101B4000F9C4866DDB9B876DDC9B886DFBCF896D4F
:101B5000E6C98A6DDD9B8B6DDE9B8C6DBFD38D6D71
:101B6000DF9B8E6DD1CF8F6DE09B906DE19B916D72
:101B7000B3E4926DE29B936DB8E4946DB9E4956D16
:101B8000E9CC966DE39B976DE49B986DE59B996D11
:101B9000E69B9A6DE79B9B6DCECC9C6DE89B9D6D03
:101BA000D4C09E6DB5E49F6DB0C1A06DB6E4A16DCB
:101BB000D0CEA26DE99BA36DC1BBA46DD3B5A56DBD
:101BC000EA9BA66DF3C8A76DA7BDA86DC7D5A96D83
:101BD000ACC9AA6DA2B8AB6DCAE4AC6DEB9BAD6DA0
:101BE000EC9BAE6DCCE4AF6DC4D1B06DED9BB16D2F
:101BF000EE9BB26DBAD2B36DEF9BB46DF09BB56D39
:101C0000ADBAB66DF19BB76DF29BB86DD4BAB96D34
:101C1000F39BBA6DF49BBB6DF59BBC6DF69BBD6DE4
:101C2000F79BBE6DF89BBF6DC3E4C06DEDB5C16D94
:101C3000F99BC26DFA9BC36DFB9BC46DCDD7C56D7F
:101C4000C0E4C66DFDCFC76DBFE4C86DFC9BC96D18
:101C5000FD9BCA6DFE9BCB6DDCC1CC6DCACCCD6D3E
:101C6000409CCE6D419CCF6D429CD06D439CD16D0C
:101C7000E7CAD26D449CD36D459CD46D469CD56D0E
:101C8000479CD66DD7C4D76D489CD86DD4CCD96D40
:101C9000C8E4DA6D499CDB6D4A9CDC6D4B9CDD6DC4
:101CA000C7E4DE6DC1E4DF6D4C9CE06DC4E4E16D22
:101CB000ADB5E26D4D9CE36D4E9CE46DD9D3E56D01
:101CC0004F9CE66DC6E4E76D509CE86D519CE96D54
:101CD000529CEA6D539CEB6DF9D2EC6DE3B4ED6D63
:101CE000549CEE6DB4BBEF6D559CF06D569CF16D40
:101CF000EEC9F26D579CF36DBEB4F46D589CF56D52
:101D0000599CF66D5A9CF76DECBBF86D5B9CF96DB8
:101D1000CDD1FA6D5C9CFB6DEDCCFC6DB5EDFD6D30
:101D20005D9CFE6D5E9CFF6D5F9C006E609C016E15
:101D3000619C026E629C036E639C046E649C056EE3
:101D4000E5C7066E659C076E669C086E679C096E0B
:101D5000689C0A6EA8D40B6E699C0C6ECBE40D6E69
:101D6000D5D70E6EC2E40F6E6A9C106EA5BD116EC3
:101D7000C5E4126E6B9C136E6C9C146EE6D3156EEC
:101D80006D9C166EC9E4176EF8C9186E6E9C196EBC
:101D90006F9C1A6EBEE41B6E709C1C6E719C1D6E57
:101DA000E5D31E6E729C1F6E739C206EFEC7216E63
:101DB000C9B6226E749C236EFCD4246EB3B2256E19
:101DC000D7E4266E759C276E769C286E779C296ECC
:101DD000C2CE2A6E789C2B6ECDE42C6E799C2D6E33
:101DE000BCCE2E6E7A9C2F6EDBB8306E7B9C316E33
:101DF0007C9C326ED6E4336E7D9C346ECABF356EE9
:101E00007E9C366E809C376E819C386ECED3396E48
:101E1000829C3A6EECC33B6E839C3C6E849C3D6E10
:101E2000859C3E6E869C3F6E879C406E889C416E72
:101E3000899C426E8A9C436EC8C5446ED8E4456E48
:101E40008B9C466E8C9C476E8D9C486E8E9C496E1A
:101E50008F9C4A6E909C4B6E919C4C6E929C4D6EEA
:101E6000C4CD4E6ECFE44F6E939C506E949C516ED9
:101E7000959C526E969C536ED4E4546ED5E4556E88
:101E8000979C566EFEBA576E989C586EE6CF596E68
:101E9000999C5A6E9A9C5B6EBFD55C6E9B9C5D6EE6
:101EA0009C9C5E6E9D9C5F6ED2E4606E9E9C616E9B
:101EB0009F9C626EA09C636EA19C646EA29C656EEA
:101EC000A39C666EA49C676EA59C686EA69C696EBA
:101ED000A79C6A6EA89C6B6ED0E46C6EA99C6D6E1C
:101EE000AA9C6E6ECEE46F6EAB9C706EAC9C716EF5
:101EF000AD9C726EAE9C736EAF9C746EB09C756E32
:101F0000B19C766EB29C776EB39C786EB49C796E01
:101F1000B59C7A6EB69C7B6EB79C7C6EB89C7D6ED1
:101F2000B99C7E6EE5CD7F6EAACA806EBA9C816E2A
:101F3000BB9C826EBC9C836EA3C0846EBD9C856E70
:101F4000A6BD866ED3E4876EBE9C886EBF9C896EEC
:101F5000C8B88A6EC09C8B6EC19C8C6EC29C8D6E04
:101F6000C39C8E6EC49C8F6EE7E4906EB4D4916E69
:101F7000C59C926EC69C936EC79C946EC89C956ED1
:101F8000C99C966ECA9C976ECB9C986EDBE4996E4A
:101F9000CC9C9A6ECD9C9B6ECE9C9C6EEFC19D6E30
:101FA000CF9C9E6ED09C9F6EE9E4A06ED19CA16EEA
:101FB000D29CA26EE7D2A36ED39CA46ED49CA56ED5
:101FC000DFE4A66ED59CA76EE0E4A86ED69CA96E51
:101FD000D79CAA6EAACFAB6ED89CAC6ED99CAD6EC6
:101FE000DA9CAE6EDB9CAF6EDDCBB06EDC9CB16E6E
:101FF000DAE4B26ED1E4B36EDD9CB46EE5E4B56EA6
:10200000DE9CB66EDCC8B76EE3E4B86EDF9CB96EDA
:10201000E09CBA6EE7C4BB6EE2E4BC6EE19CBD6EB0
:10202000E1E4BE6EE29CBF6EE39CC06EE49CC16EB8
:10203000FCB3C26EE8E4C36EE59CC46EE69CC56E5C
:10204000E79CC66EE89CC76EE1B5C86EE99CC96E98
:10205000EA9CCA6EEB9CCB6ECCD7CC6EEC9CCD6E62
:10206000ED9CCE6EEE9CCF6EE6E4D06EEF9CD16E12
:10207000ACBBD26EF09CD36ED2D7D46ECFCCD56E23
:10208000F8EBD66EF19CD76EE4E4D86EF29CD96E74
:10209000F39CDA6EF6B9DB6EF49CDC6EF59CDD6EBB
:1020A000F69CDE6ECDD6DF6ED9E4E06EDCE4E16E48
:1020B000FAC2E26EDEE4E36EF79CE46ECBC2E56E3C
:1020C000C4C0E66ED0C2E76EF89CE86EF5B1E96E6A
:1020D000B2CCEA6EF99CEB6EFA9CEC6EFB9CED6E5A
:1020E000FC9CEE6EFD9CEF6EFE9CF06E409DF16ED2
:1020F000419DF26E429DF36E439DF46ECEB5F56E3A
:10210000449DF66E459DF76E469DF86E479DF96EAF
:10211000EFE4FA6E489DFB6E499DFC6E4A9DFD6E94
:102120004B9DFE6E4C9DFF6E4D9D006F4E9D016F51
:102130004F9D026FAFC6036F509D046F519D056F99
:10214000529D066FE1C6076F539D086F549D096F3E
:10215000F5E40A6F559D0B6F569D0C6F579D0D6FE3
:10216000589D0E6F599D0F6FA9C2106F5A9D116F28
:102170005B9D126F5C9D136FECC0146FDDD1156F0A
:10218000EEE4166F5D9D176F5E9D186F5F9D196F72
:10219000609D1A6F619D1B6F629D1C6F639D1D6F1B
:1021A000649D1E6F659D1F6F669D206FAEC4216F7D
:1021B000679D226F689D236F699D246FEDE4256FF5
:1021C0006A9D266F6B9D276F6C9D286F6D9D296F93
:1021D000F6E42A6FF4E42B6FFEC22C6F6E9D2D6F18
:1021E000DDE42E6F6F9D2F6FF0E4306F709D316FC7
:1021F000FECA326F719D336FC4D5346F729D356FD7
:10220000739D366FF1E4376F749D386F759D396F2C
:10221000769D3A6F779D3B6F789D3C6F799D3D6FC2
:102220007A9D3E6FFAD13F6F7B9D406F7C9D416FE1
:102230007D9D426F7E9D436F809D446F819D456F64
:10224000829D466FEBE4476FECE4486F839D496FD6
:10225000849D4A6F859D4B6FF2E44C6F869D4D6F58
:10226000ABCE4E6F879D4F6F889D506F899D516F8C
:102270008A9D526F8B9D536F8C9D546F8D9D556FB2
:102280008E9D566F8F9D576F909D586FCBC5596F20
:10229000919D5A6F929D5B6F939D5C6FB1C75D6F0F
:1022A000949D5E6FBAC25F6F959D606F969D616FE2
:1022B000979D626FEAE4636F989D646F999D656F67
:1022C0009A9D666FCAC1676F9B9D686F9C9D696F81
:1022D0009D9D6A6F9E9D6B6F9F9D6C6FA09D6D6FA6
:1022E000B6CC6E6FB1B36F6FA19D706FA29D716F11
:1022F000A39D726FFBE4736FA49D746FF3E4756F1D
:10230000A59D766FA69D776FA79D786FFAE4796F8C
:10231000A89D7A6FFDE47B6FA99D7C6FFCE47D6FC7
:10232000AA9D7E6FAB9D7F6FAC9D806FAD9D816FD1
:10233000AE9D826FAF9D836FB09D846FCEB3856F6E
:10234000B19D866FB29D876FB39D886FBAB3896F59
:10235000F7E48A6FB49D8B6FB59D8C6FF9E48D6F38
:10236000F8E48E6FECC58F6FB69D906FB79D916F3F
:10237000B89D926FB99D936FBA9D946FBB9D956FF9
:10238000BC9D966FBD9D976FBE9D986FBF9D996FC9
:10239000C09D9A6FC19D9B6FC29D9C6FBDC09D6F7C
:1023A000C39D9E6FC49D9F6FC59DA06FC69DA16F6D
:1023B000E8D4A26FC79DA36FC89DA46FC99DA56FE8
:1023C000CA9DA66FCB9DA76FA2E5A86FCC9DA96FF4
:1023D000CD9DAA6FCE9DAB6FCF9DAC6FD09DAD6FE5
:1023E000D19DAE6FD29DAF6FD39DB06FD49DB16FB5
:1023F000D59DB26FD69DB36FC4B0B46FD79DB56F86
:10240000D89DB66FA4E5B76FD99DB86FDA9DB96F47
:10241000A3E5BA6FDB9DBB6FDC9DBC6FDD9DBD6F1F
:10242000DE9DBE6FDF9DBF6FE09DC06FA4BCC16F1E
:10243000E19DC26FA5E5C36FE29DC46FE39DC56FCB
:10244000E49DC66FE59DC76FE69DC86FE79DC96FA8
:10245000A1E5CA6FE89DCB6FE99DCC6FEA9DCD6F7A
:10246000EB9DCE6FEC9DCF6FED9DD06FEE9DD16F4C
:10247000FEE4D26FF4B1D36FEF9DD46FF09DD56FB2
:10248000F19DD66FF29DD76FF39DD86FF49DD96FF4
:10249000F59DDA6FF69DDB6FF79DDC6FF89DDD6FC4
:1024A000F99DDE6FA8E5DF6FFA9DE06FA9E5E16FAA
:1024B000A6E5E26FFB9DE36FFC9DE46FFD9DE56F7C
:1024C000FE9DE66F409EE76F419EE86F429EE96F7A
:1024D000439EEA6F449EEB6F459EEC6F469EED6F08
:1024E000479EEE6FA7E5EF6FAAE5F06F489EF16F8C
:1024F000499EF26F4A9EF36F4B9EF46F4C9EF56FB0
:102500004D9EF66F4E9EF76F4F9EF86F509EF96F7F
:10251000519EFA6F529EFB6F539EFC6F549EFD6F4F
:10252000559EFE6F569EFF6F579E0070589E01701D
:10253000599E02705A9E03705B9E04705C9E0570EB
:102540005D9E06705E9E07705F9E0870609E0970BB
:10255000619E0A70629E0B70639E0C70649E0D708B
:10256000659E0E70669E0F70679E1070689E11705B
:10257000D9C61270699E13706A9E14706B9E157096
:102580006C9E16706D9E17706E9E18706F9E1970FF
:10259000709E1A70ABE51B70ADE51C70719E1D70CE
:1025A000729E1E70739E1F70749E2070759E2170A7
:1025B000769E2270779E2370ACE52470789E2570FD
:1025C000799E26707A9E27707B9E28707C9E29704B
:1025D0007D9E2A707E9E2B70809E2C70819E2D7019
:1025E000829E2E70839E2F70849E3070859E3170E7
:1025F000869E3270879E3370889E3470899E3570B7
:10260000AFE536708A9E37708B9E38708C9E39701D
:10261000AEE53A708D9E3B708E9E3C708F9E3D70F5
:10262000909E3E70919E3F70929E4070939E41702E
:10263000949E4270959E4370969E4470979E4570FE
:10264000989E4670999E47709A9E48709B9E4970CE
:102650009C9E4A709D9E4B709E9E4C70E0B94D7042
:102660009F9E4E70A09E4F70B0E55070A19E51701D
:10267000A29E5270A39E5370A49E5470A59E557046
:10268000A69E5670A79E5770A89E5870A99E597016
:10269000AA9E5A70AB9E5B70AC9E5C70AD9E5D70E6
:1026A000AE9E5E70B1E55F70AF9E6070B09E61706F
:1026B000B19E6270B29E6370B39E6470B49E65708A
:1026C000B59E6670B69E6770B79E6870B89E69705A
:1026D000B99E6A70BA9E6B70F0BB6C70E1EC6D7065
:1026E000F0C36E70BB9E6F70C6B57070D2BB717058
:1026F000BC9E7270BD9E7370BE9E7470BF9E7570DE
:10270000E9C17670EED47770C09E7870C4BE7970DF
:10271000C19E7A70C29E7B70C39E7C70C6D77D704E
:10272000C49E7E70D6D47F70D3B28070BEEC8170B0
:10273000C59E8270C69E8370C79E8470C89E857039
:10274000C1EA8670C99E8770CA9E8870CB9E8970C8
:10275000AFC28A70B6B48B70CC9E8C70CD9E8D70DB
:10276000CE9E8E70D7D18F70CF9E9070D09E91707C
:10277000D19E9270B4B39370D29E9470B2C895708B
:10278000BBBF9670C0EC9770D39E9870D49E997022
:10279000CBD69A70D59E9B70D69E9C70BFEC9D70D8
:1027A000C1EC9E70D79E9F70D89EA070D99EA170DC
:1027B000DA9EA270DB9EA370DC9EA470DD9EA570E5
:1027C000DE9EA670DF9EA770E09EA870E19EA970B5
:1027D000E29EAA70E39EAB70C5ECAC70E6BEAD7035
:1027E000BFCCAE70DAC5AF70BCBEB070E49EB17045
:1027F000C6ECB270E59EB370FEB1B470E69EB570E3
:10280000E79EB670E89EB770C4ECB870A8D5B970F2
:10281000E3B5BA70E99EBB70C2ECBC70B6C1BD70C6
:10282000E3B3BE70EA9EBF70EB9EC070C3ECC17094
:10283000B8CBC270C3C0C370FECCC470EC9EC57070
:10284000ED9EC670EE9EC770EF9EC870D2C1C97073
:10285000F09ECA70C8ECCB70F19ECC70F29ECD7029
:10286000F39ECE70F49ECF70F59ED070F69ED17020
:10287000F79ED270F89ED370F99ED470FA9ED570F0
:10288000FB9ED670FC9ED770FD9ED870E6BAD970BC
:10289000D3C0DA70FE9EDB70F2D6DC70409FDD7034
:1028A000419FDE70429FDF70CCD1E070439FE170AA
:1028B000449FE270459FE370469FE470BEBFE570A1
:1028C000479FE670B3B7E770D5C9E870C7ECE97009
:1028D000E2BBEA70489FEB70CCCCEC70FDBDED70B4
:1028E000C8C8EE70499FEF70A9CFF0704A9FF17091
:1028F0004B9FF2704C9FF3704D9FF4704E9FF5709C
:102900004F9FF670509FF770E9CDF870519FF970A6
:10291000EBC5FA70529FFB70539FFC70549FFD7083
:10292000E9B7FE70559FFF70569F0071579F017168
:10293000589F0271599F03715A9F04715B9F0571E3
:102940005C9F06715D9F07715E9F08715F9F0971B3
:10295000C9D10A71B8BA0B71609F0C71619F0D717A
:10296000629F0E71639F0F71649F1071C9EC1171AA
:10297000659F1271669F1371CAEC1471679F157180
:10298000C0BB1671CBEC1771689F1871E2EC19711E
:10299000BAB11A71D9B71B71699F1C716A9F1D71F9
:1029A0006B9F1E716C9F1F716D9F20716E9F2171B7
:1029B0006F9F2271709F2371719F2471729F257187
:1029C000739F2671B9BD2771749F2871759F2971F6
:1029D000769F2A71779F2B71789F2C71799F2D712B
:1029E0007A9F2E717B9F2F71CCEC3071E6D13171C3
:1029F000CDEC32717C9F33717D9F34717E9F357138
:102A0000809F3671BBC83771819F3871829F397141
:102A1000839F3A71849F3B71859F3C71869F3D7176
:102A2000879F3E71889F3F71899F40718A9F417146
:102A30008B9F42718C9F43718D9F44718E9F457116
:102A4000D1EC46718F9F4771909F4871919F49715A
:102A5000929F4A71D3EC4B71939F4C71CDBB4D71DA
:102A6000949F4E71E5BC4F71959F5071969F517127
:102A7000979F5271989F5371999F54719A9F557166
:102A80009B9F56719C9F57719D9F58719E9F597136
:102A90009F9F5A71A09F5B71A19F5C71CFEC5D718C
:102AA000A29F5E71B7C95F71A39F6071A49F61719E
:102AB000A59F6271A69F6371A79F6471BAC3657178
:102AC000A89F6671E3EC6771D5D56871D0EC697128
:102AD000A99F6A71AA9F6B71AB9F6C71AC9F6D715E
:102AE000AD9F6E71F3D66F71AE9F7071AF9F7171B4
:102AF000B09F7271D2EC7371CEEC7471B19F75712D
:102B0000B29F7671B39F7771B49F7871D4EC79716D
:102B1000B59F7A71D5EC7B71B69F7C71B79F7D7143
:102B2000BFC97E71B89F7F71B99F8071BA9F817153
:102B3000BB9F8271BC9F8371BD9F8471A8CF85713B
:102B4000BE9F8671BF9F8771C09F8871C19F897129
:102B5000C29F8A71DCD08B71C39F8C71C49F8D71B1
:102B6000C59F8E71C69F8F71ACD19071C79F9171B7
:102B7000C89F9271C99F9371CA9F9471DBC8957168
:102B8000CB9F9671CC9F9771CD9F9871D6EC997120
:102B9000F5CE9A71CE9F9B71CF9F9C71D09F9D71F6
:102BA000D19F9E71D29F9F71ECCAA071DAECA17186
:102BB000D39FA271D49FA371D59FA471D69FA571F5
:102BC000D79FA671D89FA771D99FA871D9ECA97179
:102BD000DA9FAA71DB9FAB71DC9FAC71BEB0AD71A7
:102BE000DD9FAE71DE9FAF71DF9FB071E09FB1716D
:102BF000E19FB271E29FB371D7ECB471E39FB571FD
:102C0000D8ECB671E49FB771E59FB871E69FB971D2
:102C1000E4ECBA71E79FBB71E89FBC71E99FBD719D
:102C2000EA9FBE71EB9FBF71EC9FC071ED9FC171B8
:102C3000EE9FC271EF9FC371BCC8C471F09FC57194
:102C4000F19FC671F29FC771F39FC871F49FC9715C
:102C5000F59FCA71F69FCB71F79FCC71F89FCD712C
:102C6000F99FCE71C7C1CF71FA9FD071FB9FD1710F
:102C7000FC9FD271FD9FD371FE9FD471DCECD571A6
:102C8000E0D1D67140A0D77141A0D87142A0D971CE
:102C900043A0DA7144A0DB7145A0DC7146A0DD7170
:102CA00047A0DE7148A0DF7149A0E071DBECE17163
:102CB0004AA0E2714BA0E3714CA0E4714DA0E57114
:102CC000EFD4E6714EA0E771DDECE8714FA0E97139
:102CD00050A0EA7151A0EB7152A0EC7153A0ED71BC
:102CE00054A0EE71C6DBEF7155A0F07156A0F171E2
:102CF00057A0F27158A0F37159A0F4715AA0F57160
:102D00005BA0F6715CA0F7715DA0F8715EA0F9712F
:102D1000DEECFA715FA0FB7160A0FC7161A0FD7137
:102D200062A0FE7163A0FF7164A0007265A00172D1
:102D300066A0027267A0037268A0047269A005729F
:102D40006AA00672ACB107726BA008726CA009721F
:102D50006DA00A726EA00B726FA00C7270A00D7243
:102D600071A00E7272A00F7273A0107274A0117213
:102D700075A0127276A0137277A0147278A01572E3
:102D800079A016727AA017727BA018727CA01972B3
:102D90007DA01A727EA01B7280A01C7281A01D7281
:102DA000DFEC1E7282A01F7283A0207284A02172A9
:102DB00085A0227286A0237287A0247288A0257223
:102DC00089A026728AA027728BA02872E0EC297253
:102DD0008CA02A72A6D72B728DA02C72C0C52D7222
:102DE0008EA02E728FA02F7290A03072BCEB317229
:102DF000AEB0327291A0337292A0347293A0357249
:102E0000F4BE3672B8B83772AFD23872D6B03972F3
:102E1000F9B53A7294A03B72B3D83C7295A03D725A
:102E2000ACCB3E7296A03F72DDE3407297A0417238
:102E300098A0427299A043729AA044729BA04572D6
:102E40009CA046729DA04772ACC64872E6B049721B
:102E50009EA04A729FA04B72A0A04C72C6C54D7234
:102E6000B9EB4E72A1A04F72A2A05072A3A05172F2
:102E7000A4A05272BAEB5372A5A05472A6A05572C8
:102E8000A7A05672BBEB5772A8A05872A9A059729E
:102E9000C0D15A72AAA05B72A3C55C72ABA05D726E
:102EA000F2EA5E72ACA05F72B2C46072ADA06172F1
:102EB000B5C46272CEC06372AEA06472AFA0657218
:102EC000B0A06672F3EA6772C1C46872B1A0697299
:102ED000EFCE6A72B2A06B72B3A06C72B4A06D72C6
:102EE000B5A06E72F0EA6F72F4EA7072B6A07172F9
:102EF000B7A07272FCC97372B8A07472B9A075726F
:102F0000A3C77672BAA07772BBA07872BCA07972A0
:102F1000D8CC7A72FECE7B72BDA07C72BEA07D72D0
:102F2000BFA07E72F5EA7F72F6EA8072ACCF817242
:102F3000E7C08272C0A08372C1A08472F7EA857272
:102F4000C2A08672C3A08772C4A08872C5A089720D
:102F5000C6A08A72BFB68B72F8EA8C72C7A08D7257
:102F6000F9EA8E72C8A08F72FAEA9072C9A09172C3
:102F7000CAA09272FBEA9372CBA09472CCA0957215
:102F8000CDA09672CEA09772CFA09872D0A0997261
:102F9000D1A09A72D2A09B72D3A09C72D4A09D7231
:102FA000D5A09E72D6A09F72F1EAA072D7A0A1729E
:102FB000D8A0A272D9A0A372DAA0A472DBA0A572D5
:102FC000DCA0A672DDA0A772DEA0A872DFA0A972A5
:102FD000E0A0AA72E1A0AB72E2A0AC72AEC8AD7282
:102FE000EBE1AE72E3A0AF72B8B7B072ECE1B172D0
:102FF000E4A0B272E5A0B372E6A0B472EDE1B572DE
:10300000E7A0B672B4D7B772EEE1B872EFE1B97269
:10301000CCD3BA72E8A0BB72E9A0BC72EAA0BD72C0
:10302000EBA0BE72ECA0BF72EDA0C072EEA0C172A8
:10303000F1E1C272F1BFC372F0E1C472D2B5C572E0
:10304000EFA0C672F0A0C772F1A0C872B7B1C97282
:10305000F2A0CA72F3A0CB72F4A0CC72F5A0CD722C
:10306000F3E1CE72F2E1CF72F6A0D072FCBAD17267
:10307000F7A0D272F4E1D372F8A0D472F9A0D5729D
:10308000FAA0D672FBA0D772B7B9D872FCA0D972D9
:10309000D1BEDA72FDA0DB72FEA0DC7240AADD7246
:1030A00041AADE72FCC4DF7242AAE072DDBAE172AC
:1030B000C6BDE27243AAE37244AAE47245AAE5726D
:1030C00046AAE67247AAE77248AAE872F5E1E972F1
:1030D000F7E1EA7249AAEB724AAAEC72C0B6ED7245
:1030E000C1CFEE72A8CAEF72F6E1F072F8D5F172B4
:1030F000FCD3F272F8E1F372FCE1F472F9E1F572DB
:103100004BAAF6724CAAF772FAE1F872EAC0F972A9
:103110004DAAFA72FEE1FB72A1E2FC72C7C0FD7219
:103120004EAAFE724FAAFF7250AA007351AA0173F1
:10313000FBE1027352AA0373FDE1047353AA057302
:1031400054AA067355AA077356AA087357AA097397
:1031500058AA0A73A5E20B7359AA0C735AAA0D73E5
:103160005BAA0E73D4C10F735CAA10735DAA1173AE
:103170005EAA12735FAA1373A3E2147360AA157395
:10318000A8E21673FEB21773A2E2187361AA19734C
:1031900062AA1A7363AA1B73CDC31C73C2B21D73D8
:1031A000A7E21E73A6E21F7364AA207365AA2173A7
:1031B000A4E22273A9E2237366AA247367AA257383
:1031C000ABE2267368AA277369AA28736AAA2973CF
:1031D000C9D02A73EDD62B73A8C32C73ACE22D7320
:1031E0006BAA2E73D7CF2F736CAA30736DAA31736D
:1031F000AEE232736EAA33736FAA3473EFBA3573CB
:1032000070AA367371AA3773E0E93873ADE2397387
:10321000AAE23A7372AA3B7373AA3C7374AA3D7311
:1032200075AA3E73ABBB3F73B3D4407376AA4173A8
:1032300077AA427378AA437379AA44737AAA45732A
:103240007BAA46737CAA47737DAA48737EAA4973FA
:1032500080AA4A7381AA4B7382AA4C7383AA4D73C6
:10326000B0E24E7384AA4F7385AA5073AFE25173D4
:1032700086AA5273E1E9537387AA547388AA5573D7
:1032800089AA56738AAA5773B1E258738BAA5973E5
:103290008CAA5A738DAA5B738EAA5C738FAA5D7316
:1032A00090AA5E7391AA5F7392AA6073B2E261738F
:1032B00093AA627394AA637395AA647396AA6573BA
:1032C00097AA667398AA677399AA68739AAA69738A
:1032D0009BAA6A739CAA6B739DAA6C73B3E26D730D
:1032E000A1CC6E739EAA6F73B4E270739FAA7173C0
:1032F000A0AA727340AB737341AB747342AB757326
:1033000043AB767344AB777345AB787346AB797355
:1033100047AB7A7348AB7B7349AB7C734AAB7D7325
:103320004BAB7E73B5E27F734CAB80734DAB817357
:103330004EAB82734FAB837350AB8473FED08573F7
:1033400051AB867352AB8773CAC2887353AB897310
:10335000F1D38A7354AB8B73F5CD8C7355AB8D73EE
:1033600056AB8E73E0E78F7357AB907358AB917386
:10337000E1E7927359AB93735AAB94735BAB95735C
:103380005CAB9673C1BE97735DAB98735EAB99737C
:103390005FAB9A7360AB9B73EAC29C7361AB9D7326
:1033A00062AB9E7363AB9F73E4E7A07364ABA173DE
:1033B00065ABA273E3E7A37366ABA47367ABA573B6
:1033C00068ABA67369ABA7736AABA8736BABA97341
:1033D000E6CDAA736CABAB73B5C3AC736DABAD7319
:1033E0006EABAE73E2E7AF73B7BBB073D6CFB1735A
:1033F0006FABB273E1C1B373E9E7B47370ABB5738C
:1034000071ABB67372ABB773E8E7B87373ABB973EC
:1034100074ABBA73F4E7BB73A3B2BC7375ABBD7383
:1034200076ABBE7377ABBF7378ABC073EAE7C1739B
:1034300079ABC273E6E7C3737AABC4737BABC57376
:103440007CABC6737DABC7737EABC873ECE7C97347
:10345000EBE7CA73BAC9CB7380ABCC7381ABCD73C6
:10346000E4D5CE7382ABCF73E5E7D073A9B7D17340
:10347000E7E7D27383ABD37384ABD47385ABD573D7
:1034800086ABD67387ABD77388ABD87389ABD97348
:10349000EEE7DA738AABDB738BABDC738CABDD737B
:1034A0008DABDE73F3E7DF738EABE073E9D6E173C8
:1034B0008FABE27390ABE37391ABE47392ABE573C4
:1034C000EDE7E67393ABE773F2E7E87394ABE97368
:1034D000F1E7EA7395ABEB7396ABEC7397ABED73D7
:1034E000E0B0EE7398ABEF7399ABF0739AABF173F6
:1034F0009BABF273F5E7F3739CABF4739DABF57381
:103500009EABF6739FABF773A0ABF87340ACF97347
:1035100041ACFA7342ACFB7343ACFC7344ACFD7337
:1035200045ACFE7346ACFF7347AC007448AC017405
:1035300049AC02744AAC0374F2C704744BAC057412
:10354000C5C00674EDC007744CAC08744DAC09746A
:10355000F0C10A74F0E70B744EAC0C744FAC0D74F0
:1035600050AC0E7451AC0F74F6E71074F6CB1174B6
:1035700052AC127453AC137454AC147455AC15742F
:1035800056AC167457AC177458AC187459AC1974FF
:103590005AAC1A74A2E81B74A1E81C745BAC1D74CD
:1035A0005CAC1E745DAC1F745EAC20745FAC2174A7
:1035B00060AC2274C1D7237461AC247462AC2574EE
:1035C000FAE72674F9E7277463AC2874FBE72974DB
:1035D00064AC2A74F7E72B7465AC2C74FEE72D7489
:1035E00066AC2E74FDE72F7467AC3074FCE7317461
:1035F00068AC327469AC3374D5C13474D9C73574CE
:10360000FDC53674C3C537746AAC38746BAC397495
:103610006CAC3A746DAC3B746EAC3C74EDC73D74ED
:103620006FAC3E7470AC3F7471AC407472AC41745A
:10363000A3E8427473AC437474AC447475AC4574C1
:1036400076AC467477AC477478AC487479AC4974FE
:103650007AAC4A747BAC4B747CAC4C747DAC4D74CE
:103660007EAC4E7480AC4F7481AC507482AC51749B
:1036700083AC527484AC537485AC547486AC55746A
:10368000A6E8567487AC5774A5E8587488AC59748A
:10369000A7E85A74F7BA5B74F8E75C74A4E85D7441
:1036A00089AC5E74F0C85F74AAC960748AAC617436
:1036B0008BAC62748CAC63748DAC64748EAC6574CA
:1036C0008FAC667490AC677491AC687492AC69749A
:1036D00093AC6A7494AC6B7495AC6C7496AC6D746A
:1036E000A9E86E7497AC6F7498AC7074E5B9717496
:1036F00099AC72749AAC73749BAC74749CAC757412
:103700009DAC7674FED17774A8E878749EAC797419
:103710009FAC7A74A0AC7B7440AD7C7441AD7D7479
:1037200042AD7E74AAE87F7443AD8074ADE88174C5
:10373000AEE8827444AD8374A7C1847445AD8574CA
:1037400046AD867447AD8774AFE8887448AD897418
:1037500049AD8A744AAD8B74B0E88C744BAD8D74EE
:103760004CAD8E74ACE88F744DAD9074B4E8917428
:103770004EAD92744FAD937450AD947451AD957439
:1037800052AD967453AD977454AD987455AD997409
:1037900056AD9A7457AD9B7458AD9C74ABE89D744C
:1037A00059AD9E74B1E89F745AADA0745BADA1741D
:1037B0005CADA2745DADA3745EADA4745FADA57481
:1037C00060ADA67461ADA774B5E8A874B2E8A97439
:1037D000B3E8AA7462ADAB7463ADAC7464ADAD74A0
:1037E00065ADAE7466ADAF7467ADB07468ADB174FD
:1037F00069ADB2746AADB3746BADB4746CADB574CD
:103800006DADB6746EADB7746FADB87470ADB9749C
:1038100071ADBA74B7E8BB7472ADBC7473ADBD74EE
:1038200074ADBE7475ADBF7476ADC07477ADC17440
:1038300078ADC27479ADC3747AADC4747BADC57410
:103840007CADC6747DADC7747EADC87480ADC974DF
:1038500081ADCA7482ADCB7483ADCC7484ADCD74AC
:1038600085ADCE7486ADCF7487ADD07488ADD1747C
:1038700089ADD274B6E8D3748AADD4748BADD574E7
:103880008CADD6748DADD7748EADD8748FADD97420
:1038900090ADDA7491ADDB7492ADDC74CFB9DD74A8
:1038A00093ADDE74ACF0DF7494ADE074ADF0E17410
:1038B00095ADE274B0C6E374EAB0E474BFC8E574D1
:1038C00096ADE674DFCDE77497ADE87498ADE97412
:1038D00099ADEA749AADEB749BADEC749CADED744C
:1038E0009DADEE74CDCEEF74B1EAF0749EADF1747F
:1038F0009FADF274A0ADF37440AEF474B2EAF57407
:1039000041AEF674BFC6F774C9B4F87442AEF97428
:1039100043AEFA7444AEFB7445AEFC7446AEFD741F
:1039200047AEFE7448AEFF74B3EA007549AE017548
:103930004AAE02754BAE03754CAE0475E7D50575FE
:103940004DAE06754EAE07754FAE087550AE097593
:1039500051AE0A7552AE0B7553AE0C7554AE0D7563
:10396000F9DD0E7555AE0F75B4EA107556AE1175CA
:10397000B5EA127557AE1375B6EA147558AE1575DB
:1039800059AE16755AAE17755BAE1875CAB819756B
:10399000B0DF1A75F5C91B755CAE1C75F0CC1D75D2
:1039A0005DAE1E755EAE1F75FAC920755FAE2175DE
:1039B00060AE227561AE237562AE247563AE257567
:1039C000FBC9267564AE277565AE2875C3D3297506
:1039D000A6CB2A7566AE2B75A6B82C75AEF02D75E4
:1039E000C2B12E7567AE2F75B8E53075EFCC317565
:1039F000C9D33275D7BC3375EAC9347568AE35752D
:103A0000E7B5367569AE3775D0C43875E9B539751F
:103A10006AAE3A75AEEE3B75ADBB3C756BAE3D75AF
:103A20006CAE3E75DEE73F756DAE4075AFEE41752D
:103A30006EAE42756FAE437570AE447571AE45752E
:103A4000A9B3467572AE477573AE4875B2EE497547
:103A500074AE4A7575AE4B75B1EE4C75E7BD4D75DC
:103A600076AE4E75B0EE4F75B7CE507577AE5175D8
:103A700078AE527579AE53757AAE5475CFC555751B
:103A80007BAE56757CAE57757DAE58757EAE59755A
:103A9000F4C15A75CEDB5B75B3EE5C75F3D05D7522
:103AA00080AE5E7581AE5F7582AE607583AE617506
:103AB00084AE627585AE637586AE647587AE6575D6
:103AC000D4C26675E8C6677588AE687589AE6975D3
:103AD0008AAE6A75ACB76B758BAE6C758CAE6D7556
:103AE0008DAE6E758EAE6F758FAE707590AE717552
:103AF00091AE7275B4EE737592AE7475EBB3757565
:103B000093AE767594AE777595AE7875FBBB797587
:103B1000B5EE7A7596AE7B7597AE7C7598AE7D7571
:103B200099AE7E759AAE7F75DCE780759BAE817528
:103B30009CAE82759DAE8375B6EE84759EAE85751E
:103B40009FAE8675AEBD8775A0AE887540AF89758E
:103B500041AF8A7542AF8B75E2F18C7543AF8D75BD
:103B600044AF8E7545AF8F75E8CA907546AF9175B5
:103B7000C9D29275DAF0937547AF9475DBF09575FD
:103B800048AF9675DCF09775C6C1987549AF9975C1
:103B9000EDB89A75CEBE9B754AAF9C754BAF9D75BF
:103BA000DEF09E754CAF9F75B1C5A075DDF0A175B7
:103BB000F1D1A2754DAFA375E0F0A475CCB0A57599
:103BC000EABDA6754EAFA7754FAFA87550AFA975E2
:103BD00051AFAA7552AFAB75DFD2AC75DFF0AD75E2
:103BE00053AFAE75AFB4AF75E8B7B075E6F0B17569
:103BF000E5F0B275A3C6B375E1F0B475E2F0B57542
:103C0000C3B4B67554AFB77555AFB875E3F0B975B1
:103C1000EED5BA7556AFBB7557AFBC75DBCCBD756D
:103C2000D2BEBE75B2BCBF7558AFC07559AFC175B5
:103C30005AAFC275E8F0C375E7F0C475E4F0C57516
:103C4000A1B2C6755BAFC775A2D6C875B8D3C97522
:103C5000B7BECA75ACC8CB755CAFCC755DAFCD7562
:103C6000EAF0CE755EAFCF755FAFD07560AFD1753E
:103C700061AFD275F7D1D37562AFD475CCD6D57597
:103C8000DBBAD675E9F0D77563AFD875BBB6D97511
:103C900064AFDA7565AFDB75B4CDDC7566AFDD7525
:103CA00067AFDE75A6C6DF7568AFE07569AFE17511
:103CB0006AAFE275A1C1E375EBF0E475EEF0E5756E
:103CC0006BAFE675EDF0E775F0F0E875ECF0E975CF
:103CD0006CAFEA75BEBBEB75EFF0EC756DAFED75D3
:103CE0006EAFEE756FAFEF7570AFF075B5CCF17567
:103CF000F2F0F27571AFF37572AFF475D5B3F57577
:103D000073AFF67574AFF77575AFF87576AFF97573
:103D1000D4B1FA7577AFFB7578AFFC75F3F0FD752C
:103D200079AFFE757AAFFF75F4F00076F6F00176A4
:103D3000E1B402767BAF0376F1F004767CAF0576D2
:103D4000F7F006767DAF07767EAF087680AF09760E
:103D500081AF0A76FAF00B7682AF0C76F8F00D762A
:103D600083AF0E7684AF0F7685AF1076F5F01176BF
:103D700086AF127687AF137688AF147689AF157643
:103D8000FDF016768AAF1776F9F01876FCF0197602
:103D9000FEF01A768BAF1B76A1F11C768CAF1D76E8
:103DA0008DAF1E768EAF1F76C1CE2076A4F1217620
:103DB0008FAF2276A3F1237690AF2476F6C12576D5
:103DC000FBF02676DDCA277691AF287692AF29766A
:103DD000F1B42A76F1B12B76B1CC2C7693AF2D7657
:103DE000A6F12E7694AF2F7695AF3076A7F1317687
:103DF00096AF327697AF3376ACF13476CED5357652
:103E0000A9F1367698AF377699AF3876B3C8397658
:103E10009AAF3A769BAF3B769CAF3C76A2F13D766B
:103E20009DAF3E76ABF13F76A8F14076A5F14176A5
:103E30009EAF42769FAF4376AAF14476A0AF457617
:103E400040B0467641B0477642B0487643B04976B6
:103E500044B04A7645B04B7646B04C76A9B04D7624
:103E6000ADF14E7647B04F7648B0507649B05176B6
:103E70004AB052764BB053764CB05476AFF155768B
:103E80004DB05676B1F157764EB058764FB0597660
:103E900050B05A7651B05B7652B05C76B0F15D7638
:103EA00053B05E76AEF15F7654B0607655B0617611
:103EB00056B0627657B06376A2D1647658B0657614
:103EC00059B066765AB067765BB068765CB0697652
:103ED0005DB06A765EB06B76B2F16C765FB06D768F
:103EE00060B06E7661B06F76B3F1707662B0717665
:103EF00063B0727664B0737665B0747666B07576CA
:103F000067B0767668B0777669B07876EFB979760B
:103F10006AB07A766BB07B76C7B57C766CB07D760E
:103F2000D7B07E76D9B07F766DB080766EB0817670
:103F30006FB08276EDD4837670B08476C4B5857622
:103F400071B08676D4BD8776CABB8876A7F08976AD
:103F500072B08A7673B08B76DEB88C7674B08D765C
:103F600075B08E76A8F08F7676B0907677B0917631
:103F7000A8B0927678B09376A9F0947679B09576D9
:103F80007AB09676EECD97767BB098767CB09976BF
:103F9000AAF09A767DB09B767EB09C7680B09D76B6
:103FA00081B09E7682B09F7683B0A07684B0A176F1
:103FB00085B0A27686B0A37687B0A476ABF0A5765E
:103FC00088B0A67689B0A7768AB0A8768BB0A97695
:103FD0008CB0AA768DB0AB768EB0AC768FB0AD7665
:103FE00090B0AE76A4C6AF7691B0B07692B0B1760E
:103FF000E5D6B276E4F1B37693B0B476E5F1B57672
:1040000094B0B67695B0B77696B0B87697B0B976E4
:1040100098B0BA7699B0BB769AB0BC769BB0BD76B4
:104020009CB0BE769DB0BF76F3C3C0769EB0C1761D
:104030009FB0C276DBD3C376A0B0C47640B1C5765C
:10404000D1D6C676E8C5C77641B1C876AFD3C976B2
:1040500042B1CA76E6D2CB7643B1CC7644B1CD76C6
:10406000C1EECE76BBB0CF76B5D5D076CED1D176F7
:10407000E0BCD276D0BAD37645B1D476F8BFD57647
:1040800046B1D676C7B8D776C1B5D876CCC5D9767D
:1040900047B1DA7648B1DB76A2CADC7649B1DD7683
:1040A0004AB1DE764BB1DF76CBC3E0764CB1E17638
:1040B0004DB1E2764EB1E3764FB1E47650B1E5769C
:1040C000C2EEE67651B1E77652B1E87653B1E976C1
:1040D00054B1EA7655B1EB7656B1EC7657B1ED7640
:1040E00058B1EE76BFC4EF76A2B6F07659B1F1764C
:1040F000ECEDF276A4C3F3765AB1F476B1D6F57648
:104100005BB1F6765CB1F7765DB1F876E0CFF97623
:10411000EFEDFA765EB1FB765FB1FC76CEC5FD764B
:1041200060B1FE76DCB6FF7661B1007762B10177EF
:10413000A1CA027763B1037764B10477EDED057727
:1041400065B1067766B10777F0ED0877F1ED09778D
:10415000BCC30A7767B10B77B4BF0C7768B10D7732
:10416000EEED0E7769B10F776AB110776BB1117709
:104170006CB112776DB113776EB114776FB115779B
:1041800070B1167771B1177772B1187773B119776B
:10419000F4ED1A77F2ED1B7774B11C7775B11D77CA
:1041A00076B11E7777B11F77E6D52077DFC3217709
:1041B00078B12277F3ED237779B124777AB1257737
:1041C0007BB12677F6ED27777CB12877A3D52977C1
:1041D000A3D12A777DB12B777EB12C7780B12D7753
:1041E000F5ED2E7781B12F77D0C3307782B131775B
:1041F00083B1327784B1337785B1347786B135773F
:10420000F7ED3677F4BF3777ECBE3877F8ED3977CE
:1042100087B13A77F7CC3B7788B13C77DBD13D77F4
:1042200089B13E778AB13F778BB14077C5D7417767
:10423000F6D542778CB14377FCED44778DB1457765
:104240008EB146778FB14777FBED487790B14977CC
:1042500091B14A7792B14B7793B14C7794B14D7746
:1042600095B14E7796B14F7797B15077F9ED517779
:10427000FAED527798B1537799B154779AB155774F
:104280009BB156779CB157779DB158779EB15977BE
:104290009FB15A77FDED5B77A6BE5C77A0B15D77E5
:1042A00040B25E7741B25F7742B2607743B26177E6
:1042B000AFCB6277A1EE6377BDB6647744B2657722
:1042C000A2EE6677C0C4677745B26877FEED69777E
:1042D00046B26A7747B26B77DEBD6C77C7B26D774F
:1042E00048B26E7749B26F774AB270774BB2717746
:1042F0004CB272774DB273774EB274774FB2757716
:1043000050B2767751B2777752B2787753B27977E5
:10431000C3B67A7754B27B7755B27C7756B27D7745
:10432000A5EE7E77BAD87F77A3EE8077A6EE817769
:1043300057B2827758B2837759B28477E9C38577C9
:10434000F2B386775AB287775BB288775CB28977A7
:104350005DB28A775EB28B775FB28C77A7EE8D778E
:10436000A4EE8E77B9CF8F7760B2907761B29177F4
:10437000A8EE9277F7C2937762B2947763B295779B
:1043800064B2967765B2977766B2987767B2997795
:1043900068B29A7769B29B776AB29C776BB29D7765
:1043A0006CB29E776DB29F77A9EEA077AAEEA17747
:1043B0006EB2A277ABDEA3776FB2A47770B2A577A7
:1043C000B3C6A67771B2A777C6C7A87772B2A97726
:1043D000F5D6AA77C9B5AB7773B2AC77B2CBAD7768
:1043E00074B2AE7775B2AF7776B2B077ABEEB17725
:1043F00077B2B27778B2B377ABCDB47779B2B5771D
:10440000ACEEB6777AB2B7777BB2B8777CB2B977D1
:104410007DB2BA777EB2BB77B0D5BC7780B2BD77BC
:10442000ADEEBE7781B2BF77C4F6C07782B2C177F6
:1044300083B2C27784B2C37785B2C47786B2C577B8
:1044400087B2C67788B2C77789B2C8778AB2C97788
:104450008BB2CA778CB2CB778DB2CC778EB2CD7758
:10446000C7DBCE778FB2CF7790B2D07791B2D177CA
:1044700092B2D27793B2D37794B2D47795B2D577FC
:1044800096B2D67797B2D777A3B4D87798B2D977C0
:1044900099B2DA779AB2DB77ACC3DC77E6F1DD77F5
:1044A0009BB2DE779CB2DF779DB2E0779EB2E17778
:1044B0009FB2E277B8CAE377D3D2E477A0B2E577C8
:1044C000AAD6E67740B3E777F2EFE87741B3E9772A
:1044D000D8BEEA7742B3EB77C3BDEC77F3EFED7765
:1044E000CCB6EE77ABB0EF7743B3F07744B3F17768
:1044F00045B3F27746B3F377AFCAF47747B3F577AE
:1045000048B3F677B6EDF77749B3F877B7EDF977B3
:104510004AB3FA774BB3FB774CB3FC774DB3FD77D7
:10452000F9CEFE77AFB7FF77F3BF0078B8ED01782B
:10453000EBC20278B0C903784EB304784FB3057864
:1045400050B3067851B3077852B3087853B309785B
:10455000B9ED0A7854B30B7855B30C78F6C60D78DC
:10456000B3BF0E7856B30F7857B3107858B311789D
:10457000BCED1278F8C5137859B31478D0D11578FA
:104580005AB31678A9D71778BAED1878BBED197811
:104590005BB31A78E2D11B785CB31C78BFED1D7851
:1045A000C0ED1E785DB31F78C4ED20785EB321782E
:1045B0005FB3227860B32378C8ED247861B325789F
:1045C000C6ED2678CEED2778E8D5287862B329782D
:1045D000C9ED2A7863B32B7864B32C78C7ED2D78B6
:1045E000BEED2E7865B32F7866B33078E9C53178A3
:1045F00067B3327868B3337869B33478C6C6357830
:104600006AB336786BB33778E9C93878D2D4397859
:10461000C1ED3A78C2ED3B78C3ED3C78C5ED3D780D
:104620006CB33E78F9C03F786DB34078A1B441785F
:104630006EB342786FB3437870B3447871B3457802
:10464000E8B9467872B34778D0ED487873B34978C3
:1046500074B34A7875B34B7876B34C78D1ED4D7816
:1046600077B34E78CAED4F7878B35078CFED517864
:1046700079B35278F8CE53787AB354787BB35578BF
:10468000B6CB5678CCED5778CDED58787CB35978C9
:104690007DB35A787EB35B7880B35C7881B35D7804
:1046A000F5CF5E7882B35F7883B3607884B3617846
:1046B00085B3627886B3637887B3647888B36578A6
:1046C00089B366788AB367788BB368788CB3697876
:1046D0008DB36A78D2ED6B78F2C16C78B2D36D7815
:1046E000CBED6E78B7C86F788EB370788FB3717872
:1046F00090B3727891B3737892B3747893B37578FA
:1047000094B3767895B37778EFBC787896B3797868
:1047100097B37A7898B37B7899B37C78F0C57D7835
:104720009AB37E789BB37F789CB380789DB3817871
:104730009EB382789FB38378A0B3847840B48578A1
:1047400041B4867842B48778D6ED887843B48978C6
:10475000EFB58A7844B48B7845B48C78B5C28D783F
:10476000ADB08E78E9CB8F7846B4907847B4917825
:10477000AEB1927848B49378D4ED947849B49578F2
:104780004AB496784BB49778EBCD9878E2B599789F
:104790004CB49A78D5ED9B78D3ED9C78D7ED9D7885
:1047A0004DB49E784EB49F78FAB5A0784FB4A178F6
:1047B000D8EDA27850B4A378D9EDA47851B4A578F7
:1047C000DCEDA67852B4A778CCB1A87853B4A97818
:1047D00054B4AA7855B4AB7856B4AC7857B4AD7825
:1047E00058B4AE7859B4AF785AB4B078F6C5B17849
:1047F000EEBCB278DAEDB378BCCCB478EAB2B57876
:104800005BB4B6785CB4B7785DB4B8785EB4B978A8
:10481000DBEDBA785FB4BB7860B4BC7861B4BD78C6
:1048200062B4BE78EBC4BF7863B4C07864B4C178B6
:10483000C5B4C27865B4C37866B4C47867B4C578C3
:10484000F5B0C67868B4C77869B4C8786AB4C9786E
:10485000DFEDCA78DAC0CB78E8B4CC786BB4CD7829
:104860006CB4CE786DB4CF786EB4D078CDC5D17835
:104870006FB4D27870B4D37871B4D478DDEDD578D4
:10488000C4BFD67872B4D77873B4D87874B4D978F2
:10489000DEEDDA7875B4DB7876B4DC7877B4DD7881
:1048A00078B4DE7879B4DF787AB4E0787BB4E178F4
:1048B0007CB4E2787DB4E3787EB4E47880B4E578C3
:1048C00081B4E67882B4E77883B4E878A5C4E9785F
:1048D00084B4EA7885B4EB7886B4EC78E0EDED78D2
:1048E00087B4EE7888B4EF7889B4F0788AB4F17838
:1048F0008BB4F278E1EDF3788CB4F478E3EDF578ED
:104900008DB4F6788EB4F778D7C1F8788FB4F9788B
:1049100090B4FA78C7BBFB7891B4FC7892B4FD7878
:1049200093B4FE7894B4FF7895B4007996B4017985
:10493000B8BD027997B4037998B4047999B405792C
:10494000E2ED06799AB407799BB408799CB40979A9
:104950009DB40A799EB40B799FB40C79A0B40D79FB
:1049600040B50E7941B50F7942B5107943B511794B
:1049700044B5127945B51379E4ED147946B5157946
:1049800047B5167948B5177949B518794AB51979EF
:104990004BB51A794CB51B794DB51C794EB51D79BF
:1049A0004FB51E79E6ED1F7950B5207951B52179C3
:1049B00052B5227953B5237954B52479E5ED25799B
:1049C00055B5267956B5277957B5287958B5297937
:1049D00059B52A795AB52B795BB52C795CB52D7907
:1049E0005DB52E795EB52F795FB5307960B53179D7
:1049F00061B5327962B5337963B53479E7ED3579EC
:104A000064B5367965B5377966B5387967B539797A
:104A100068B53A79BECA3B79EAEC3C79F1C03D7998
:104A200069B53E79E7C93F796AB54079EBEC4179E0
:104A3000EEC642796BB543796CB544796DB545796D
:104A40006EB54679ECEC47796FB54879EDC6497992
:104A5000EDEC4A7970B54B7971B54C7972B54D79F9
:104A600073B54E7974B54F7975B5507976B551797E
:104A700077B5527978B55379F0EC547979B55579A1
:104A80007AB55679E6D75779F3EC58797BB55979E9
:104A90007CB55A79F1EC5B79EEEC5C79EFEC5D7901
:104AA000A3D75E79F1C95F79EECB6079F4EC6179D7
:104AB0007DB56279F2EC63797EB5647980B565790C
:104AC000E9CF667981B56779F6EC6879B1C669791D
:104AD00082B56A7983B56B7984B56C7985B56D7962
:104AE000C0BC6E7986B56F79F5EC707987B5717950
:104AF00088B5727989B573798AB574798BB575790A
:104B00008CB576798DB57779BBB57879F6BB79793F
:104B10008EB57A79F7EC7B798FB57C7990B57D7914
:104B200091B57E7992B57F7993B58079F7D98179FE
:104B3000FBBD827994B5837995B58479BBC28579BB
:104B4000F8EC867996B5877997B5887998B589799B
:104B500099B58A79F9EC8B799AB58C799BB58D7971
:104B60009CB58E799DB58F79A3B890799EB59179D2
:104B70009FB59279A0B5937940B6947941B695796D
:104B800042B6967943B6977944B6987945B69979FD
:104B900046B69A79FAEC9B7947B69C7948B69D79E6
:104BA00049B69E794AB69F794BB6A0794CB6A179A1
:104BB0004DB6A2794EB6A3794FB6A47950B6A57971
:104BC00051B6A67952B6A779FBECA87953B6A97964
:104BD00054B6AA7955B6AB7956B6AC7957B6AD7915
:104BE00058B6AE7959B6AF795AB6B0795BB6B179E5
:104BF0005CB6B2795DB6B379FCECB4795EB6B579E2
:104C00005FB6B67960B6B77961B6B87962B6B97988
:104C1000EDD3BA79AED8BB79EBC0BC7963B6BD79B8
:104C2000DDC7BE79CCBABF7964B6C079E3D0C179AB
:104C3000BDCBC27965B6C379BACDC47966B6C5793C
:104C400067B6C679D1B8C77968B6C87969B6C9797F
:104C5000FCB1CA796AB6CB79EFC7CC796BB6CD799E
:104C6000D6D6CE796CB6CF796DB6D0796EB6D1790D
:104C7000C6BFD279EBC3D3796FB6D47970B6D57984
:104C8000F5EFD67971B6D77972B6D879D8C3D97914
:104C900073B6DA7974B6DB7975B6DC7976B6DD7918
:104CA00077B6DE7978B6DF79E2D7E07979B6E1795F
:104CB0007AB6E2797BB6E379F7EFE479D3B3E579B5
:104CC0007CB6E679D8C7E779EDD1E8797DB6E979A0
:104CD000C8D6EA797EB6EB79F8EFEC7980B6ED7953
:104CE000F6EFEE7981B6EF79FDBBF079C6B3F179D5
:104CF00082B6F27983B6F37984B6F47985B6F5791C
:104D000086B6F67987B6F77988B6F879D5BDF97998
:104D100089B6FA798AB6FB79C6D2FC798BB6FD7969
:104D2000E0BBFE798CB6FF798DB6007AA1CF017A0F
:104D30008EB6027AFCEF037AFBEF047A8FB6057A1F
:104D400090B6067AF9EF077A91B6087A92B6097AA0
:104D500093B60A7A94B60B7ACCB30C7A95B60D7AE0
:104D6000D4C90E7AB0CB0F7A96B6107A97B6117A6C
:104D700098B6127A99B6137A9AB6147AFEEF157A23
:104D80009BB6167A9CB6177ADEB0187A9DB6197A59
:104D90009EB61A7AC9D61B7A9FB61C7AA0B61D7A1F
:104DA00040B71E7AFDEF1F7A41B7207AEDB3217A22
:104DB00042B7227A43B7237AD5F6247A44B7257AC4
:104DC00045B7267A46B7277A47B7287A48B7297A67
:104DD00049B72A7A4AB72B7A4BB72C7A4CB72D7A37
:104DE0004DB72E7A4EB72F7A4FB7307A50B7317A07
:104DF00051B7327A52B7337AC8CE347A53B7357A4C
:104E000054B7367A55B7377AA2F0387A56B7397A26
:104E1000A1F03A7A57B73B7ABEB53C7ADABC3D7A14
:104E2000FCBB3E7A58B73F7AE5B8407A59B7417A29
:104E30005AB7427A5BB7437A5CB7447A5DB7457A32
:104E40005EB7467AC2C4477A5FB7487A60B7497A94
:104E500061B74A7A62B74B7A63B74C7A64B74D7AD6
:104E600065B74E7A66B74F7A67B7507A68B7517AA6
:104E7000A3F0527A69B7537A6AB7547A6BB7557A06
:104E80006CB7567A6DB7577AEBCB587A6EB7597ABA
:104E90006FB75A7A70B75B7A71B75C7A72B75D7A1E
:104EA00073B75E7A74B75F7A75B7607A76B7617AEE
:104EB00077B7627A78B7637A79B7647A7AB7657ABE
:104EC0007BB7667A7CB7677A7DB7687A7EB7697A8E
:104ED00080B76A7A81B76B7A82B76C7A83B76D7A5A
:104EE00084B76E7A85B76F7A86B7707AA6F0717AD2
:104EF00087B7727A88B7737A89B7747AA8D1757AC6
:104F00008AB7767ABFBE777AEEC7787AB6F1797AC1
:104F1000B7F17A7AD5BF7B7A8BB77C7A8CB77D7AFA
:104F20008DB77E7A8EB77F7AA9B4807AB8F1817A0C
:104F3000BBCD827A8FB7837AD4C7847AADD5857A90
:104F400090B7867AB9F1877A91B7887ABAF1897A77
:104F500092B78A7A93B78B7A94B78C7A95B78D7A11
:104F6000CFC78E7A96B78F7A97B7907A98B7917A9B
:104F7000A4D2927ACFD6937A99B7947A9AB7957A3F
:104F8000BBF1967AD1BD977AB0B4987ABDBE997AC2
:104F90009BB79A7A9CB79B7A9DB79C7ADCB49D7A32
:104FA000D1CE9E7A9EB79F7ADFBFA07ABDF1A17A5B
:104FB0009FB7A27AA0B7A37A40B8A47A41B8A57ADD
:104FC000FABFA67ABCF1A77A42B8A87ABFF1A97A4B
:104FD00043B8AA7A44B8AB7A45B8AC7ABEF1AD7A98
:104FE000C0F1AE7A46B8AF7A47B8B07A48B8B17A6D
:104FF00049B8B27A4AB8B37AC1F1B47A4BB8B57A43
:105000004CB8B67A4DB8B77A4EB8B87A4FB8B97AC4
:1050100050B8BA7A51B8BB7A52B8BC7A53B8BD7A94
:1050200054B8BE7A55B8BF7AFEC1C07A56B8C17AB4
:1050300057B8C27A58B8C37A59B8C47A5AB8C57A38
:105040005BB8C67A5CB8C77A5DB8C87A5EB8C97A08
:105050005FB8CA7A60B8CB7AA2C1CC7A61B8CD7A8F
:1050600062B8CE7A63B8CF7A64B8D07A65B8D17AAC
:1050700066B8D27A67B8D37A68B8D47A69B8D57A7C
:105080006AB8D67AFACAD77A6BB8D87A6CB8D97AAD
:10509000BED5DA7A6DB8DB7A6EB8DC7A6FB8DD7AB5
:1050A00070B8DE7ABABEDF7AB9BEE07AC2D5E17AEC
:1050B00071B8E27A72B8E37AA2BFE47A73B8E57A9B
:1050C000AFCDE67AB5F1E77A74B8E87A75B8E97ADF
:1050D00076B8EA7A77B8EB7A78B8EC7A79B8ED7A7C
:1050E000DFBDEE7A7AB8EF7ACBB6F07A7BB8F17A98
:1050F0007CB8F27A7DB8F37A7EB8F47A80B8F57A23
:1051000081B8F67A82B8F77A83B8F87A84B8F97AEF
:10511000F1D6FA7AC3F3FB7A85B8FC7A86B8FD7AC1
:10512000C4F3FE7A87B8FF7ACDB8007B88B8017BDC
:1051300089B8027B8AB8037BC6F3047BC7F3057B7F
:105140008BB8067BCAB0077B8CB8087BC5F3097B9C
:105150008DB80A7BC9F30B7BF1CB0C7B8EB80D7B32
:105160008FB80E7B90B80F7BCBF3107B91B8117B7F
:10517000A6D0127B92B8137B93B8147BCAB1157B6F
:10518000C8F3167B94B8177B95B8187B96B8197B33
:10519000CFF31A7B97B81B7BD1B51C7B98B81D7BCE
:1051A00099B81E7BD7F31F7B9AB8207BD2F3217B63
:1051B0009BB8227B9CB8237B9DB8247BD4F3257BB2
:1051C000D3F3267BFBB7277B9EB8287BBFB1297B17
:1051D0009FB82A7BCEF32B7BCAF32C7BDAB52D7BD1
:1051E000A0B82E7BD0F32F7B40B9307B41B9317B07
:1051F000D1F3327B42B9337BD5F3347B43B9357B72
:1052000044B9367B45B9377B46B9387BCDF3397B1A
:1052100047B93A7BE3BC3B7B48B93C7BFDC13D7B56
:1052200049B93E7BD6F33F7B4AB9407B4BB9417BC2
:105230004CB9427B4DB9437B4EB9447B4FB9457B5A
:10524000DAF3467B50B9477BCCF3487B51B9497BB5
:10525000C8B54A7B52B94B7BEEBD4C7BDCF34D7B32
:1052600053B94E7B54B94F7BA4B7507BF0BF517BF1
:10527000FED6527BB2CD537B55B9547BF0B4557BEF
:1052800056B9567BDFB2577B57B9587BD8F3597B59
:1052900058B95A7BD9F35B7BB8C95C7B59B95D7B44
:1052A000DDF35E7B5AB95F7B5BB9607BDEF3617BCC
:1052B0005CB9627BE1F3637B5DB9647B5EB9657B5E
:1052C0005FB9667B60B9677B61B9687B62B9697BEE
:1052D00063B96A7B64B96B7B65B96C7B66B96D7BBE
:1052E00067B96E7BDFF36F7B68B9707B69B9717BDF
:1052F000E3F3727BE2F3737B6AB9747B6BB9757B02
:10530000DBF3767B6CB9777BEABF787B6DB9797B11
:10531000EFB37A7B6EB97B7BE0F37C7B6FB97D7BEF
:1053200070B97E7BA9C77F7B71B9807BF2BC817B22
:1053300072B9827B73B9837B74B9847B75B9857BC1
:10534000EBF3867B76B9877B77B9887B78B9897BE5
:1053500079B98A7B7AB98B7B7BB98C7B7CB98D7B65
:10536000BFB98E7B7DB98F7B7EB9907BE4F3917B57
:1053700080B9927B81B9937B82B9947BADB2957BE6
:10538000FEBB967B83B9977BE3CB987B84B9997BF3
:1053900085B99A7B86B99B7B87B99C7BEDF39D7B16
:1053A000E9F39E7B88B99F7B89B9A07B8AB9A17BF1
:1053B000DCB9A27BEEF3A37B8BB9A47B8CB9A57B74
:1053C0008DB9A67BE5F3A77BE6F3A87BEAF3A97B7F
:1053D000E1C2AA7BECF3AB7BEFF3AC7BE8F3AD7BF4
:1053E000FDBCAE7B8EB9AF7B8FB9B07B90B9B17B82
:1053F000E4CFB27B91B9B37B92B9B47BF0F3B57BC8
:1054000093B9B67B94B9B77B95B9B87BE7F3B97B11
:1054100096B9BA7B97B9BB7B98B9BC7B99B9BD7B70
:105420009AB9BE7B9BB9BF7B9CB9C07B9DB9C17B40
:10543000F2F3C27B9EB9C37B9FB9C47BA0B9C57B85
:1054400040BAC67BADD7C77BAAC6C87B41BAC97B69
:1054500042BACA7B43BACB7B44BACC7BF3F3CD7B55
:1054600045BACE7B46BACF7B47BAD07B48BAD17B10
:10547000F1F3D27B49BAD37BA8C2D47B4ABAD57B9D
:105480004BBAD67B4CBAD77B4DBAD87B4EBAD97BB8
:10549000DDB8DA7BF5F3DB7B4FBADC7B50BADD7B22
:1054A000F4F3DE7B51BADF7B52BAE07B53BAE17B87
:1054B000DBB4E27B54BAE37B55BAE47B56BAE57BB6
:1054C000F6F3E67BF7F3E77B57BAE87B58BAE97B5C
:1054D00059BAEA7BF8F3EB7B5ABAEC7B5BBAED7B0B
:1054E0005CBAEE7BBAC0EF7B5DBAF07B5EBAF17B53
:1054F000E9C0F27B5FBAF37B60BAF47B61BAF57BFB
:1055000062BAF67B63BAF77BF1C5F87B64BAF97BC4
:1055100065BAFA7B66BAFB7B67BAFC7BFBF3FD7B63
:1055200068BAFE7BFAF3FF7B69BA007C6ABA017C39
:105530006BBA027C6CBA037C6DBA047C6EBA057CD3
:105540006FBA067C70BA077CD8B4087C71BA097C43
:1055500072BA0A7C73BA0B7CFEF30C7CF9F30D7CF7
:1055600074BA0E7C75BA0F7CFCF3107C76BA117C91
:1055700077BA127C78BA137C79BA147C7ABA157C23
:105580007BBA167CFDF3177C7CBA187C7DBA197C3B
:105590007EBA1A7C80BA1B7C81BA1C7C82BA1D7CC4
:1055A00083BA1E7C84BA1F7CA1F4207C85BA217C3E
:1055B00086BA227C87BA237C88BA247C89BA257C67
:1055C0008ABA267CA3F4277CC9BB287C8BBA297CA9
:1055D0008CBA2A7CA2F42B7C8DBA2C7C8EBA2D7CC2
:1055E0008FBA2E7C90BA2F7C91BA307C92BA317CE3
:1055F00093BA327C94BA337C95BA347C96BA357CB3
:1056000097BA367C98BA377C99BA387CA4F4397C3E
:105610009ABA3A7C9BBA3B7C9CBA3C7C9DBA3D7C56
:105620009EBA3E7C9FBA3F7CBEB2407CA6F4417CD1
:10563000A5F4427CA0BA437C40BB447C41BB457C82
:1056400042BB467C43BB477C44BB487C45BB497C52
:1056500046BB4A7C47BB4B7C48BB4C7C49BB4D7C22
:10566000AEBC4E7C4ABB4F7C4BBB507C4CBB517C90
:105670004DBB527C4EBB537C4FBB547C50BB557CC6
:1056800051BB567C52BB577C53BB587C54BB597C96
:1056900055BB5A7C56BB5B7C57BB5C7C58BB5D7C66
:1056A00059BB5E7C5ABB5F7C5BBB607C5CBB617C36
:1056B0005DBB627C5EBB637C5FBB647C60BB657C06
:1056C00061BB667C62BB677C63BB687C64BB697CD6
:1056D00065BB6A7C66BB6B7C67BB6C7C68BB6D7CA6
:1056E00069BB6E7C6ABB6F7C6BBB707C6CBB717C76
:1056F0006DBB727C6EBB737CD7C3747CE1D9757C47
:105700006FBB767C70BB777C71BB787C72BB797C1D
:1057100073BB7A7C74BB7B7CE0C07C7CCCF47D7CEE
:10572000D1D77E7C75BB7F7C76BB807C77BB817C50
:1057300078BB827C79BB837C7ABB847C7BBB857C99
:105740007CBB867C7DBB877C7EBB887C80BB897C68
:10575000DBB78A7C81BB8B7C82BB8C7C83BB8D7CE2
:1057600084BB8E7C85BB8F7C86BB907C87BB917C09
:10577000CEF4927CA3C1937C88BB947C89BB957C3E
:10578000C9C6967C8ABB977CD6B4987CB3D5997CE5
:105790008BBB9A7C8CBB9B7C8DBB9C7CD0F49D7C12
:1057A000CFF49E7CD1F49F7CDACBA07C8EBBA17C15
:1057B0008FBBA27CD2F4A37C90BBA47CC1D4A57C7B
:1057C000E0D6A67C91BBA77C92BBA87C93BBA97CAE
:1057D00094BBAA7CE0B7AB7C95BBAC7C96BBAD7CA4
:1057E00097BBAE7CB8C1AF7C98BBB07C99BBB17C99
:1057F000BBC1B27CD3F4B37CACBEB47C9ABBB57CE9
:105800009BBBB67C9CBBB77C9DBBB87C9EBBB97C6C
:10581000E2B4BA7C9FBBBB7CA0BBBC7CD4F4BD7C97
:10582000D5F4BE7CABBEBF7C40BCC07C41BCC17C5F
:10583000D6F4C27C42BCC37C43BCC47C44BCC57CA3
:10584000DBF4C67C45BCC77CD7F4C87CDAF4C97CE1
:1058500046BCCA7CFDBACB7C47BCCC7CD8F4CD7CA2
:10586000D9F4CE7C48BCCF7C49BCD07C4ABCD17C2E
:105870004BBCD27C4CBCD37C4DBCD47C4EBCD57CC8
:10588000E2B8D67CC7CCD77CDCF4D87C4FBCD97CC2
:10589000DAB2DA7C50BCDB7C51BCDC7CD3C3DD7C6F
:1058A00052BCDE7C53BCDF7CE3D4E07CB7BFE17C40
:1058B00054BCE27C55BCE37C56BCE47C57BCE57C24
:1058C00058BCE67C59BCE77C5ABCE87CDDF4E97C3A
:1058D0005BBCEA7C5CBCEB7C5DBCEC7C5EBCED7CC8
:1058E0005FBCEE7C60BCEF7CB4C5F07C61BCF17C3D
:1058F00062BCF27C63BCF37C64BCF47C65BCF57C6C
:1059000066BCF67C67BCF77C68BCF87CE9F4F97C83
:1059100069BCFA7C6ABCFB7CB5CFFC7C6BBCFD7CB3
:105920006CBCFE7C6DBCFF7C6EBC007D6FBC017DE1
:1059300070BC027D71BC037D72BC047D73BC057DAF
:1059400074BC067D75BC077D76BC087D77BC097D7F
:1059500078BC0A7DC9CE0B7D79BC0C7D7ABC0D7DEF
:105960007BBC0E7D7CBC0F7D7DBC107D7EBC117D23
:1059700080BC127D81BC137D82BC147D83BC157DEF
:1059800084BC167D85BC177D86BC187D87BC197DBF
:1059900088BC1A7D89BC1B7D8ABC1C7D8BBC1D7D8F
:1059A0008CBC1E7D8DBC1F7D8EBC207DD8CB217D07
:1059B0008FBC227DF7CB237D90BC247D91BC257DBF
:1059C00092BC267D93BC277DF4BD287D94BC297DA7
:1059D00095BC2A7D96BC2B7DCFD72C7D97BC2D7D89
:1059E00098BC2E7D99BC2F7DDBC0307D9ABC317D6B
:1059F0009BBC327D9CBC337D9DBC347D9EBC357D83
:105A00009FBC367DA0BC377D40BD387D41BD397D12
:105A100042BD3A7D43BD3B7D44BD3C7D45BD3D7DA2
:105A200046BD3E7D47BD3F7D48BD407D49BD417D72
:105A30004ABD427D4BBD437D4CBD447D4DBD457D42
:105A40004EBD467D4FBD477D50BD487D51BD497D12
:105A500052BD4A7D53BD4B7D54BD4C7D55BD4D7DE2
:105A600056BD4E7D57BD4F7D58BD507D59BD517DB2
:105A70005ABD527D5BBD537D5CBD547D5DBD557D82
:105A80005EBD567D5FBD577D60BD587D61BD597D52
:105A900062BD5A7D63BD5B7D64BD5C7D65BD5D7D22
:105AA00066BD5E7D67BD5F7D68BD607D69BD617DF2
:105AB0006ABD627D6BBD637D6CBD647D6DBD657DC2
:105AC0006EBD667D6FBD677D70BD687D71BD697D92
:105AD00072BD6A7D73BD6B7D74BD6C7D75BD6D7D62
:105AE00076BD6E7DF5D06F7D77BD707D78BD717DA3
:105AF00079BD727D7ABD737D7BBD747D7CBD757D06
:105B00007DBD767D7EBD777DEAF4787D80BD797D33
:105B100081BD7A7D82BD7B7D83BD7C7D84BD7D7DA5
:105B200085BD7E7D86BD7F7D87BD807D88BD817D75
:105B300089BD827D8ABD837D8BBD847D8CBD857D45
:105B40008DBD867D8EBD877D8FBD887D90BD897D15
:105B500091BD8A7D92BD8B7D93BD8C7D94BD8D7DE5
:105B600095BD8E7D96BD8F7D97BD907D98BD917DB5
:105B700099BD927D9ABD937D9BBD947D9CBD957D85
:105B80009DBD967D9EBD977D9FBD987DA0BD997D55
:105B900040BE9A7D41BE9B7D42BE9C7D43BE9D7DA5
:105BA00044BE9E7D45BE9F7D46BEA07D47BEA17D75
:105BB00048BEA27D49BEA37D4ABEA47D4BBEA57D45
:105BC0004CBEA67DEBF4A77D4DBEA87D4EBEA97D43
:105BD0004FBEAA7D50BEAB7D51BEAC7D52BEAD7DE9
:105BE00053BEAE7DECF4AF7D54BEB07D55BEB17DED
:105BF00056BEB27D57BEB37D58BEB47D59BEB57D8D
:105C00005ABEB67D5BBEB77D5CBEB87D5DBEB97D5C
:105C10005EBEBA7D5FBEBB7D60BEBC7D61BEBD7D2C
:105C200062BEBE7D63BEBF7D64BEC07D65BEC17DFC
:105C300066BEC27D67BEC37D68BEC47D69BEC57DCC
:105C40006ABEC67D6BBEC77D6CBEC87D6DBEC97D9C
:105C50006EBECA7D6FBECB7D70BECC7D71BECD7D6C
:105C600072BECE7D73BECF7D74BED07D75BED17D3C
:105C700076BED27D77BED37D78BED47D79BED57D0C
:105C80007ABED67D7BBED77D7CBED87D7DBED97DDC
:105C90007EBEDA7D80BEDB7D81BEDC7D82BEDD7DA9
:105CA00083BEDE7D84BEDF7D85BEE07D86BEE17D78
:105CB00087BEE27D88BEE37D89BEE47D8ABEE57D48
:105CC0008BBEE67D8CBEE77D8DBEE87D8EBEE97D18
:105CD0008FBEEA7D90BEEB7D91BEEC7D92BEED7DE8
:105CE00093BEEE7D94BEEF7D95BEF07D96BEF17DB8
:105CF00097BEF27D98BEF37D99BEF47D9ABEF57D88
:105D00009BBEF67D9CBEF77D9DBEF87D9EBEF97D57
:105D10009FBEFA7DA0BEFB7D40BFFC7D41BFFD7DE7
:105D200042BFFE7D43BFFF7D44BF007E45BF017E75
:105D300046BF027E47BF037E48BF047E49BF057E43
:105D40004ABF067E4BBF077E4CBF087E4DBF097E13
:105D50004EBF0A7E4FBF0B7E50BF0C7E51BF0D7EE3
:105D600052BF0E7E53BF0F7E54BF107E55BF117EB3
:105D700056BF127E57BF137E58BF147E59BF157E83
:105D80005ABF167E5BBF177E5CBF187E5DBF197E53
:105D90005EBF1A7E5FBF1B7E60BF1C7E61BF1D7E23
:105DA00062BF1E7E63BF1F7E64BF207E65BF217EF3
:105DB00066BF227E67BF237E68BF247E69BF257EC3
:105DC0006ABF267E6BBF277E6CBF287E6DBF297E93
:105DD0006EBF2A7E6FBF2B7E70BF2C7E71BF2D7E63
:105DE00072BF2E7E73BF2F7E74BF307E75BF317E33
:105DF00076BF327E77BF337E78BF347E79BF357E03
:105E00007ABF367E7BBF377E7CBF387E7DBF397ED2
:105E10007EBF3A7E80BF3B7EE3F73C7E81BF3D7E06
:105E200082BF3E7E83BF3F7E84BF407E85BF417E72
:105E3000B1B7427E86BF437E87BF447E88BF457E22
:105E400089BF467E8ABF477EEDF4487E8BBF497E80
:105E50008CBF4A7E8DBF4B7E8EBF4C7E8FBF4D7EEA
:105E600090BF4E7E91BF4F7E92BF507E93BF517EBA
:105E700094BF527E95BF537E96BF547E97BF557E8A
:105E800098BF567E99BF577E9ABF587E9BBF597E5A
:105E90009CBF5A7E9DBF5B7E9EBF5C7E9FBF5D7E2A
:105EA000A0BF5E7E40C05F7E41C0607E42C0617E1A
:105EB00043C0627E44C0637E45C0647E46C0657E4A
:105EC00047C0667E48C0677E49C0687E4AC0697E1A
:105ED0004BC06A7E4CC06B7E4DC06C7E4EC06D7EEA
:105EE0004FC06E7E50C06F7E51C0707E52C0717EBA
:105EF00053C0727E54C0737E55C0747E56C0757E8A
:105F000057C0767E58C0777E59C0787E5AC0797E59
:105F10005BC07A7E5CC07B7E5DC07C7E5EC07D7E29
:105F20005FC07E7E60C07F7E61C0807E62C0817EF9
:105F300063C0827EEBD7837E64C0847E65C0857E2D
:105F400066C0867E67C0877E68C0887E69C0897E9D
:105F50006AC08A7E6BC08B7E6CC08C7E6DC08D7E6D
:105F60006EC08E7E6FC08F7E70C0907E71C0917E3D
:105F700072C0927E73C0937E74C0947E75C0957E0D
:105F800076C0967E77C0977E78C0987E79C0997EDD
:105F90007AC09A7E7BC09B7EEEF49C7E7CC09D7E08
:105FA0007DC09E7E7EC09F7EF9E6A07EC0BEA17EA3
:105FB000FAE6A27EECBAA37EFBE6A47ECBCFA57E5A
:105FC000FCE6A67EBCD4A77EB6BCA87EFDE6A97E74
:105FD000FEE6AA7ECDBCAB7ED2C8AC7EB3CEAD7E93
:105FE000A1E7AE7E80C0AF7EBFB4B07EA2E7B17E37
:105FF000B4C9B27ED9B8B37EC9C4B47E81C0B57EFF
:10600000DDD7B67EDAC2B77ED7B7B87EBDD6B97E49
:10601000C6CEBA7EC4B7BB7E82C0BC7E83C0BD7E06
:10602000A6C5BE7EA3E7BF7EDFCFC07EA4E7C17E4C
:10603000A5E7C27EA6E7C37EB7C1C47EE9D7C57E09
:10604000F0C9C67EB8CFC77EAFD6C87ED5D6C97ECA
:10605000A7E7CA7EEDB0CB7EA8E7CC7EA9E7CD7ED0
:10606000DCC9CE7EEFD2CF7EADBED07EAAE7D17E98
:10607000F3B0D27EDEC8D37EE1BDD47EABE7D57E61
:10608000C6C8D67E84C0D77EACE7D87EE6BBD97EB4
:10609000F8B8DA7EA4D1DB7EADE7DC7EE7C2DD7E38
:1060A000F8BEDE7ECABDDF7EB3CDE07EAEE7E17E28
:1060B000AFE7E27EEEBEE37EE5D0E47E85C0E57E1E
:1060C000E7CBE67ED0CCE77ECCBCE87EB0E7E97ECD
:1060D000A8BCEA7EF7D0EB7EB1E7EC7E86C0ED7E11
:1060E000F8D0EE7EB2E7EF7EB3E7F07EC2B4F17E89
:1060F000B4E7F27EB5E7F37EFEC9F47EACCEF57E62
:10610000E0C3F67EB7E7F77EC1B1F87EF1B3F97E62
:1061100087C0FA7EB8E7FB7EB9E7FC7EDBD7FD7E61
:10612000C0D5FE7EBAE7FF7ECCC2007FBAD7017F22
:10613000BBE7027FBCE7037FBDE7047FEABC057FC6
:10614000E5C3067FC2C0077FBEE7087FBFE7097FC0
:10615000A9BC0A7F88C00B7FC0E70C7FC1E70D7F19
:10616000B6E70E7FD0B60F7FC2E7107F89C0117FE0
:10617000C3E7127FC4E7137FBABB147FDEB5157F78
:10618000C6C2167FE0B1177FC5E7187FB5D4197F67
:10619000C6E71A7FBFB81B7FC8E71C7FC7E71D7F14
:1061A000ECB71E7F8AC01F7FC9E7207FF8B2217F2E
:1061B000CAE7227FCBE7237FCCE7247FCDE7257F8B
:1061C000CEE7267FCFE7277FD0E7287FA7D3297F99
:1061D000F5CB2A7FD1E72B7FD2E72C7FD3E72D7F2A
:1061E000D4E72E7FC9C92F7FD5E7307FD6E7317F2F
:1061F000D7E7327FD8E7337FD9E7347FC9BD357F12
:10620000DAE7367FBEF3377F8BC0387FD7B8397F68
:106210008CC03A7FB1C83B7F8DC03C7F8EC03D7F34
:106220008FC03E7F90C03F7F91C0407F92C0417F32
:1062300093C0427FBFF3437F94C0447FC0F3457F48
:10624000C1F3467F95C0477F96C0487F97C0497F7E
:1062500098C04A7F99C04B7F9AC04C7F9BC04D7FAE
:106260009CC04E7F9DC04F7F9EC0507FDEB9517F46
:10627000F8CD527F9FC0537FA0C0547FE8D8557F90
:10628000B1BA567F40C1577FDEC2587FB7EE597F03
:1062900041C15A7FA3B75B7F42C15C7F43C15D7F31
:1062A00044C15E7F45C15F7FB9EE607F46C1617FBB
:1062B000B8EE627FD5B0637F47C1647F48C1657F18
:1062C00049C1667F4AC1677F4BC1687FBBEE697F6A
:1062D000D6D56A7FEFD76B7F4CC16C7F4DC16D7F88
:1062E0004EC16E7FC3D66F7F4FC1707F50C1717F2B
:1062F000BDEE727FF0CA737F51C1747FBCEE757FB3
:1063000052C1767F53C1777F54C1787F55C1797F61
:10631000BEEE7A7F56C17B7F57C17C7F58C17D7F9F
:1063200059C17E7FC0EE7F7F5AC1807F5BC1817F74
:10633000BFEE827F5CC1837F5DC1847F5EC1857F4C
:106340005FC1867F60C1877F61C1887F62C1897FAD
:1063500063C18A7FF2D18B7F64C18C7FBCC78D7F84
:1063600065C18E7FC0C38F7F66C1907F67C1917FFB
:1063700068C1927F69C1937F6AC1947FE1B8957FBC
:106380006BC1967F6CC1977F6DC1987F6EC1997FFD
:106390006FC19A7FE7C19B7F70C19C7F71C19D7F58
:1063A000C6F49E7FDFD09F7FC7F4A07F72C1A17F1C
:1063B000DBCFA27F73C1A37F74C1A47FBAC8A57FBE
:1063C00075C1A67F76C1A77FC8F4A87F77C1A97FD2
:1063D00078C1AA7F79C1AB7F7AC1AC7F7BC1AD7F29
:1063E0007CC1AE7F7DC1AF7FC9F4B07FCAF4B17FFD
:1063F0007EC1B27FCBF4B37F80C1B47F81C1B57F52
:1064000082C1B67F83C1B77F84C1B87FFAD9B97F13
:10641000FEB8BA7F85C1BB7F86C1BC7FF1E5BD7F79
:10642000F0D3BE7F87C1BF7FE0F4C07F88C1C17F4A
:10643000CCCEC27F89C1C37F8AC1C47F8BC1C57FD7
:10644000E1B3C67F8CC1C77F8DC1C87F8EC1C97FB4
:106450008FC1CA7FB4F1CB7F90C1CC7FEED2CD7F0C
:1064600091C1CE7FE1F4CF7F92C1D07F93C1D17F24
:1064700094C1D27F95C1D37F96C1D47FE8CFD57F19
:10648000E2F4D67F97C1D77F98C1D87FCCC7D97F98
:1064900099C1DA7F9AC1DB7F9BC1DC7F9CC1DD7F24
:1064A0009DC1DE7F9EC1DF7FD4B5E07FE4B4E17F94
:1064B000E4F4E27F9FC1E37FA0C1E47F40C2E57FB7
:1064C000E3F4E67FE5F4E77F41C2E87F42C2E97F7B
:1064D000E6F4EA7F43C2EB7F44C2EC7F45C2ED7F26
:1064E00046C2EE7FE7F4EF7F47C2F07FB2BAF17F9A
:1064F000BFB0F27F48C2F37FE8F4F47F49C2F57F72
:106500004AC2F67F4BC2F77F4CC2F87F4DC2F97F7B
:106510004EC2FA7F4FC2FB7FADB7FC7FEDD2FD7F4D
:1065200050C2FE7F51C2FF7F52C20080ABD20180B9
:10653000CFC0028053C20380BCBF0480A3EB0580A0
:10654000DFD50680C8EA078054C2088055C209809A
:1065500056C20A8057C20B80F3F10C80F8B60D804A
:10656000A3CB0E8058C20F8059C21080CDC41180B9
:106570005AC21280E7F113805BC21480E8F11580E3
:10658000FBB81680E9F11780C4BA1880C5D4198009
:10659000D2B01A805CC21B805DC21C80EAF11D80F3
:1065A0005EC21E805FC21F8060C22080EBF121802E
:1065B00061C22280ECF1238062C2248063C2258004
:1065C000EDF12680EEF12780EFF12880F1F12980AE
:1065D000F0F12A80D5C52B8064C22C8065C22D8045
:1065E00066C22E8067C22F8068C2308069C2318047
:1065F000F2F132806AC23380FAB634806BC23580E1
:10660000F4F13680AED23780C7DE3880CACB39800D
:106610006CC23A806DC23B80DCB33C806EC23D8070
:10662000A2B53E806FC23F80A2B9408070C2418057
:1066300071C24280F4C44380F5F1448072C2458047
:1066400073C24680F6F1478074C2488075C24980A3
:1066500076C24A80C4C14B80FBC14C80B0D64D800D
:10666000F7F14E8077C24F8078C2508079C2518056
:106670007AC25280F8F153807BC25480AAC15580FF
:106680007CC256807DC257807EC25880B8C6598071
:1066900080C25A80DBBE5B8081C25C8082C25D802A
:1066A00083C25E8084C25F8085C2608086C2618052
:1066B00087C2628088C2638089C264808AC2658022
:1066C0008BC266808CC267808DC268808EC26980F2
:1066D000F9F16A80CFB46B808FC26C8090C26D80FC
:1066E00091C26E8092C26F8093C2708094C271809A
:1066F000FAF1728095C2738096C2748097C27580D9
:1067000098C2768099C277809AC278809BC279803D
:106710009CC27A809DC27B809EC27C809FC27D800D
:10672000A0C27E8040C37F80B2ED8080B1ED8180C9
:1067300041C3828042C38380E0CB8480DED28580E7
:1067400043C38680C1CB8780D8D5888044C38980E5
:10675000E2C88A8045C38B80DFC08C80A1BC8D805D
:1067600046C38E8047C38F8048C3908049C39180C1
:106770004AC392804BC39380C1EB94804CC39580F5
:106780004DC39680A4D097804EC39880E2D699805E
:106790004FC39A80C7B69B80D8B89C80C0EB9D80C1
:1067A000CEB89E8050C39F80BFEBA080A6B3A180CF
:1067B000C9B9A280ABD6A38051C3A480F4B7A58089
:1067C000CAB7A68052C3A78053C3A88054C3A98068
:1067D000E7BCAA80BEB7AB80C6EBAC8055C3AD802A
:1067E000C7EBAE80B9B0AF80CFBFB08056C3B18029
:1067F000C5EBB280FDD3B38057C3B480C8EBB5807E
:1068000058C3B68059C3B780C9EBB8805AC3B980A2
:106810005BC3BA80CEB7BB805CC3BC80C2EBBD801B
:10682000C4EBBE80F6C9BF80D7D6C080CDD5C180AD
:10683000B2D0C280CFEBC380B8CEC480D0EBC580CD
:106840005DC3C680A8B5C7805EC3C8805FC3C9806A
:1068500060C3CA8061C3CB8062C3CC80B3B1CD803A
:10686000D2EBCE80A5CCCF8063C3D08064C3D1806F
:1068700065C3D28066C3D38067C3D48068C3D58024
:1068800069C3D680D6C5D780D3EBD8806AC3D980F8
:10689000D1EBDA80DFC5DB80CEEBDC80A4CADD8003
:1068A000D5EBDE80FBB0DF806BC3E0806CC3E180A2
:1068B000FABAE2806DC3E3806EC3E480B7D8E580A6
:1068C000E3F1E6806FC3E780CAEBE880CBEBE980B9
:1068D000CCEBEA80CDEBEB80D6EBEC80C0E6ED8034
:1068E000D9EBEE8070C3EF80E8BFF080C8D2F180B2
:1068F000D7EBF280DCEBF380ECB8F480D8EBF580DA
:1069000071C3F680BABDF78072C3F880D8D0F98021
:1069100073C3FA80B7B0FB8074C3FC80DDEBFD80ED
:10692000DCC4FE8075C3FF8076C3008177C301811C
:1069300078C30281ACD6038179C304817AC305810F
:106940007BC30681E0B407817CC308817DC30981D4
:10695000F6C20A81B9BC0B817EC30C8180C30D8154
:10696000DAEB0E81DBEB0F81E0D41081EAC61181F6
:10697000D4C41281DFEB1381A7C51481F5D9158129
:1069800081C31681B1B2178182C31881E4EB1981EA
:1069900083C31A81C5BD1B8184C31C8185C31D812E
:1069A00086C31E81E2EB1F8187C3208188C32181BA
:1069B00089C322818AC323818BC324818CC325810F
:1069C0008DC326818EC327818FC3288190C32981DF
:1069D00091C32A8192C32B8193C32C81E3EB2D8138
:1069E00094C32E8195C32F81ACB8308196C3318179
:1069F000D1CD3281E5EB338197C3348198C33581A2
:106A000099C33681E1EB37819AC33881B3C13981AB
:106A10009BC33A819CC33B819DC33C819EC33D8106
:106A20009FC33E81A2C63F81A0C3408140C4418133
:106A300041C4428142C4438143C4448144C445812A
:106A400045C44681F3CC478146C44881E6EB498181
:106A500047C44A81B0C04B81B8D24C81E7EB4D812D
:106A600048C44E8149C44F814AC45081AFB8518156
:106A7000ADB852814BC45381E8EB5481BBC75581FB
:106A8000F3CD56814CC457814DC458814EC45981B1
:106A9000EAEB5A81EBEB5B814FC45C8150C45D81B2
:106AA00051C45E8152C45F8153C46081EDEB61814A
:106AB00054C4628155C4638156C4648157C46581DE
:106AC000C8D0668158C46781F2EB688159C4698176
:106AD000EEEB6A815AC46B815BC46C815CC46D81CE
:106AE000F1EB6E81F9C86F815DC47081FCD1718159
:106AF000ECEB72815EC473815FC47481E9EB7581D4
:106B000060C4768161C4778162C4788163C479810D
:106B1000B9B87A81D9CF7B81E5C47C81EFEB7D81E7
:106B2000F0EB7E81DACC7F81C8CD8081F2B08181AB
:106B300064C48281F6EB838165C4848166C48581E7
:106B400067C4868168C4878169C48881F5EB8981BF
:106B50006AC48A81B2B28B816BC48C816CC48D8112
:106B60006DC48E816EC48F81E0B890816FC49181B5
:106B7000F7EB928170C4938171C4948172C4958142
:106B800073C4968174C4978175C49881ECB199815E
:106B900076C49A8177C49B81C5CC9C81A4C49D8115
:106BA000A5CF9E8178C49F8179C4A0817AC4A18138
:106BB0007BC4A2817CC4A381F9EBA4817DC4A5819F
:106BC0007EC4A681A2ECA78180C4A881F2C5A98158
:106BD00081C4AA81FAEBAB8182C4AC8183C4AD814C
:106BE00084C4AE8185C4AF8186C4B08187C4B181BD
:106BF00088C4B28189C4B381C5C9B4818AC4B5814E
:106C00008BC4B6818CC4B7818DC4B8818EC4B98160
:106C10008FC4BA81DFE2BB81FEEBBC8190C4BD8131
:106C200091C4BE8192C4BF8193C4C081CECDC181C5
:106C3000A1ECC281DBB1C381B7D3C48194C4C58147
:106C400095C4C681DCD2C78196C4C88197C4C98166
:106C500098C4CA81FDEBCB8199C4CC81FBEBCD817B
:106C60009AC4CE819BC4CF819CC4D0819DC4D18164
:106C70009EC4D2819FC4D381A0C4D48140C5D58194
:106C800041C5D68142C5D78143C5D88144C5D98184
:106C900045C5DA8146C5DB8147C5DC8148C5DD8154
:106CA00049C5DE814AC5DF814BC5E0814CC5E18124
:106CB0004DC5E2814EC5E381BCB3E4814FC5E5819A
:106CC00050C5E68151C5E781B0EAE88152C5E98146
:106CD00053C5EA81D4D7EB8154C5EC81ABF4ED8187
:106CE000F4B3EE8155C5EF8156C5F08157C5F181EA
:106CF00058C5F28159C5F381C1D6F481C2D6F58158
:106D00005AC5F6815BC5F7815CC5F8815DC5F9811F
:106D10005EC5FA815FC5FB81E9D5FC81CABEFD81F4
:106D200060C5FE81A7F4FF8161C50082A8D20182FF
:106D3000A8F40282A9F4038262C50482AAF405823F
:106D4000CBBE0682DFD3078263C5088264C5098291
:106D500065C50A8266C50B8267C50C82E0C90D82D3
:106D6000E1C90E8268C50F8269C51082C2F3118223
:106D70006AC51282E6CA13826BC51482F2CC1582F0
:106D80006CC516826DC517826EC518826FC51982D3
:106D900070C51A8271C51B82B6E21C82B4CB1D82FB
:106DA00072C51E82E8CE1F82DBD6208273C5218287
:106DB000ADF42282AEF42382AFF4248274C525821E
:106DC00075C5268276C5278277C52882B2F42982C6
:106DD00078C52A82BDBA2B82B3F42C82E3B02D820F
:106DE000B0F42E8279C52F82B1F43082A2BD3182F7
:106DF000D5B232827AC53382B6F43482B7F43582A2
:106E0000E6B63682B0B23782CFCF3882B4F4398258
:106E1000ACB43A827BC53B82B5F43C827CC53D82F2
:106E20007DC53E82B8F43F827EC5408280C54182E6
:106E300081C5428282C5438283C54482B9F44582BA
:106E400084C5468285C54782A7CD488286C54982CA
:106E5000BAF44A8287C54B82BBF44C8288C54D8206
:106E600089C54E828AC54F82BCF450828BC551823F
:106E70008CC552828DC553828EC554828FC5558272
:106E800090C5568291C5578292C55882D2CB5982FD
:106E900093C55A82BDF45B8294C55C8295C55D82C0
:106EA00096C55E8297C55F82BEF4608298C5618296
:106EB00099C562829AC563829BC564829CC56582BE
:106EC0009DC566829EC567829FC56882BFF4698240
:106ED000A0C56A8240C66B8241C66C8242C66D8282
:106EE00043C66E82DEF46F82BCC17082E8BC7182E0
:106EF00044C67282ABC97382DED17482F5E57582B5
:106F000045C6768246C6778247C6788248C6798269
:106F1000B3DC7A82D5D27B8249C67C824AC67D8226
:106F2000B4DC7E82ACB07F82B5DC80824BC68182CD
:106F30004CC68282DABD83824DC68482B9DC8582EA
:106F40004EC686824FC6878250C68882C2D8898242
:106F500051C68A82B7DC8B82F3D38C8252C68D8273
:106F6000D6C98E82BADC8F82B6DC908253C69182FB
:106F7000BBDC9282A2C3938254C6948255C695828A
:106F800056C6968257C69782BCDC9882C5DC998229
:106F9000BDDC9A8258C69B8259C69C82DFCE9D82F8
:106FA000A5D69E825AC69F82CFDCA0825BC6A182F4
:106FB000CDDCA2825CC6A3825DC6A482D2DCA5829F
:106FC000E6BDA682ABC2A7825EC6A882B8DCA98253
:106FD000CBDCAA82CEDCAB82BEDCAC82D2B7AD8287
:106FE000C5B0AE82C7DCAF82BED0B082C1DCB18298
:106FF000A8BBB2825FC6B382BCB7B482CCDCB58218
:1070000060C6B68261C6B782C6DCB882BFDCB98210
:10701000DBC7BA8262C6BB8263C6BC8264C6BD825D
:10702000BFD1BE82C0DCBF8265C6C08266C6C182D7
:10703000CADCC28267C6C38268C6C482D0DCC5828D
:1070400069C6C6826AC6C782ADCEC882C2DCC982A2
:107050006BC6CA82C3DCCB82C8DCCC82C9DCCD82E1
:10706000D4B2CE82D1DCCF82D5CBD0826CC6D182D5
:10707000B7D4D282DBDCD382DFDCD482A6CCD5824B
:10708000E6DCD6826DC6D782E7C3D882DCDCD98243
:107090006EC6DA826FC6DB82C1BFDC82D9DCDD82DC
:1070A00070C6DE82FAB0DF82B6B9E082E5DCE1824A
:1070B000D3DCE28271C6E382C4DCE482D6DCE58202
:1070C000F4C8E682E0BFE78272C6E88273C6E9824E
:1070D00074C6EA8275C6EB82BBC9EC8276C6ED82C5
:1070E00077C6EE8278C6EF82BDB1F08279C6F182B2
:1070F000A2D3F2827AC6F3827BC6F482DADCF5820E
:107100007CC6F6827DC6F782D5DCF8827EC6F9821F
:10711000BBC6FA8280C6FB82DEDCFC8281C6FD82B1
:1071200082C6FE8283C6FF8284C6008385C6018331
:10713000C2D70283AFC30383B6B70483D1C7058325
:10714000A9C30683E2DC0783D8DC0883EBDC098370
:10715000D4DC0A8386C60B8387C60C83DDDC0D83F3
:1071600088C60E83A5BE0F83D7DC108389C6118322
:10717000E0DC12838AC613838BC61483E3DC158399
:10718000E4DC16838CC61783F8DC18838DC619835C
:107190008EC61A83E1DC1B83A2DD1C83E7DC1D8322
:1071A0008FC61E8390C61F8391C6208392C62183FB
:1071B00093C6228394C6238395C6248396C62583CB
:1071C00097C6268398C62783EBBC2883C4B429833B
:1071D00099C62A839AC62B83A3C32C83E7B22D8337
:1071E000FADC2E839BC62F83F2DC30839CC631836E
:1071F000EFDC32839DC63383FCDC3483EEDC3583E5
:10720000F0D23683E8B237839EC63883D7C8398335
:10721000E3C83A83FBDC3B839FC63C83EDDC3D83C4
:10722000A0C63E8340C73F8341C74083F7DC41830C
:1072300042C7428343C74383F5DC448344C7458345
:1072400045C74683A3BE4783F4DC488346C74983CA
:10725000DDB24A8347C74B8348C74C8349C74D8338
:107260004AC74E834BC74F83F3DC5083F6BC518330
:10727000E8DC5283C4BB53834CC75483F3C05583AB
:107280004DC756834EC757834FC7588350C759833E
:1072900051C75A83D4BC5B83E9DC5C83EADC5D8341
:1072A00052C75E83F1DC5F83F6DC6083F9DC6183C7
:1072B000B4B5628353C76383D9C86483E7BB65836E
:1072C000FEDC6683FDDC6783ABD36883A1DD698365
:1072D000A3DD6A83A5DD6B83F1D26C83A4DD6D83AE
:1072E000A6DD6E83A7DD6F83A9D2708354C7718337
:1072F00055C7728356C7738357C7748358C775833E
:1073000059C776835AC77783C9BA7883A9DD798349
:107310005BC77A835CC77B83B6DD7C83B1DD7D830D
:10732000B4DD7E835DC77F835EC780835FC7818353
:1073300060C7828361C7838362C7848363C7858391
:10734000B0DD8683CEC6878364C7888365C789839B
:10735000F2C08A8366C78B8367C78C8368C78D83B7
:1073600069C78E83AFC98F836AC790836BC79183C8
:107370006CC79283ECDC9383AEDD94836DC79583F9
:107380006EC796836FC7978370C79883B7DD99835D
:1073900071C79A8372C79B83F0DC9C83AFDD9D83AA
:1073A00073C79E83B8DD9F8374C7A083ACDDA183C0
:1073B00075C7A28376C7A38377C7A48378C7A5833D
:1073C00079C7A6837AC7A7837BC7A883B9DDA983BA
:1073D000B3DDAA83ADDDAB83AAC4AC837CC7AD8328
:1073E0007DC7AE837EC7AF8380C7B083A8DDB1837E
:1073F000B3C0B283ABC1B383AADDB483ABDDB583C5
:1074000081C7B683B2DDB783F1BBB883B5DDB9837D
:10741000A8D3BA83BADDBB8382C7BC83BBDDBD837F
:10742000A7C3BE8383C7BF8384C7C083D2DDC183A4
:10743000BCDDC28385C7C38386C7C48387C7C583B2
:10744000D1DDC68388C7C783BDB9C88389C7C9834F
:107450008AC7CA83D5BECB838BC7CC83FABECD8304
:107460008CC7CE838DC7CF83CABAD0838EC7D18352
:107470008FC7D28390C7D38391C7D483CADDD58306
:1074800092C7D683C5DDD78393C7D883BFDDD983A1
:1074900094C7DA8395C7DB8396C7DC83CBB2DD83E1
:1074A000C3DDDE8397C7DF83CBDDE083A4B2E18356
:1074B000D5DDE28398C7E38399C7E4839AC7E58360
:1074C000BEDDE6839BC7E7839CC7E8839DC7E9834E
:1074D000D0C6EA83D0DDEB839EC7EC839FC7ED83E4
:1074E000A0C7EE8340C8EF8341C8F083D4DDF183A9
:1074F000E2C1F283C6B7F38342C8F48343C8F5837D
:1075000044C8F68345C8F78346C8F883CEDDF983BF
:10751000CFDDFA8347C8FB8348C8FC8349C8FD8395
:10752000C4DDFE834AC8FF834BC800844CC8018475
:10753000BDDD02844DC80384CDDD0484D1CC058437
:107540004EC80684C9DD07844FC8088450C8098422
:1075500051C80A8452C80B84C2DD0C84C8C30D8490
:10756000BCC60E84AECE0F84CCDD108453C811840B
:10757000C8DD128454C8138455C8148456C81584B1
:1075800057C8168458C8178459C81884C1DD19848F
:107590005AC81A845BC81B845CC81C84C6DD1D8461
:1075A000DCC21E845DC81F845EC820845FC821843D
:1075B00060C8228461C8238462C82484A9D3258436
:1075C000AAD32684D3DD2784F4CF2884F8C829845D
:1075D00063C82A8464C82B8465C82C8466C82D843B
:1075E00067C82E8468C82F8469C830846AC831840B
:1075F000E6DD32846BC833846CC834846DC835844E
:107600006EC836846FC8378470C83884C7DD398443
:1076100071C83A8472C83B8473C83C84E0DD3D8401
:10762000E4C23E8474C83F8475C8408476C84184EF
:1076300077C8428478C8438479C844847AC845842A
:107640007BC84684E1DD47847CC848847DC8498482
:107650007EC84A8480C84B8481C84C8482C84D84CB
:1076600083C84E8484C84F8485C8508486C851849A
:10767000D7DD528487C8538488C8548489C8558408
:107680008AC856848BC85784F8D658848CC85984C5
:10769000D9DD5A84D8DD5B84F0B85C84D6DD5D84A6
:1076A0008DC85E848EC85F848FC8608490C86184F2
:1076B000CFC6628491C86384ADB6648492C8658481
:1076C00093C8668494C8678495C8688496C869849A
:1076D000E2DD6A8497C86B84F9BA6C84E1D46D8466
:1076E000E7DD6E8498C86F8499C870849AC87184E5
:1076F000D0B472849BC87384DADD74849CC87584AA
:10770000FBBF7684E3DD77849DC87884DFDD7984F0
:107710009EC87A84DDDD7B849FC87C84A0C87D847C
:1077200040C97E8441C97F8442C9808443C9818421
:1077300044C98284D9B5838445C9848446C9858473
:1077400047C9868448C98784DBDD8884DCDD898479
:10775000DEDD8A8449C98B84AFBD8C84E4DD8D84F1
:107760004AC98E84E5DD8F844BC990844CC99184CD
:107770004DC992844EC993844FC9948450C995844D
:1077800051C9968452C99784F5DD988453C9998468
:10779000C9C39A8454C99B8455C99C84E2CB9D84F7
:1077A00056C99E8457C99F8458C9A08459C9A184C9
:1077B000F2DDA2845AC9A3845BC9A4845CC9A584F0
:1077C0005DC9A6845EC9A7845FC9A88460C9A9846D
:1077D00061C9AA8462C9AB8463C9AC8464C9AD843D
:1077E00065C9AE8466C9AF84E1D8B08467C9B18485
:1077F00068C9B284D1C6B38469C9B484F4DDB584E0
:107800006AC9B6846BC9B7846CC9B884F4D5B98425
:10781000F3DDBA84F0DDBB846DC9BC846EC9BD8460
:10782000ECDDBE846FC9BF84EFDDC08470C9C18444
:10783000E8DDC28471C9C38472C9C484EED0C58432
:1078400073C9C68474C9C78475C9C88476C9C98414
:10785000D8C8CA84EEDDCB8477C9CC8478C9CD84FE
:10786000E9DDCE8479C9CF847AC9D084EADDD184B8
:10787000F2CBD2847BC9D384EDDDD4847CC9D5849A
:107880007DC9D684CDB1D7847EC9D88480C9D98436
:1078900081C9DA8482C9DB8483C9DC8484C9DD843C
:1078A000B6C0DE8485C9DF84BBBCE084F1DDE18441
:1078B00086C9E28487C9E384F7DDE48488C9E58466
:1078C000F6DDE684EBDDE78489C9E8848AC9E984CA
:1078D0008BC9EA848CC9EB848DC9EC84EEC5ED8438
:1078E0008EC9EE848FC9EF8490C9F084FBDDF184EA
:1078F00091C9F28492C9F38493C9F48494C9F5843C
:1079000095C9F68496C9F78497C9F88498C9F9840B
:1079100099C9FA849AC9FB849BC9FC84A4DEFD84BE
:107920009CC9FE849DC9FF84A3DE00859EC9018594
:107930009FC90285A0C9038540CA048541CA05853F
:1079400042CA068543CA078544CA088545CA0985CF
:1079500046CA0A8547CA0B8548CA0C85F8DD0D85DD
:1079600049CA0E854ACA0F854BCA10854CCA118573
:10797000EFC312854DCA1385FBC214854ECA158507
:107980004FCA168550CA1785E1D5188551CA198581
:1079900052CA1A85B5CE1B8553CA1C8554CA1D858B
:1079A00055CA1E8556CA1F85FDDD208557CA21850B
:1079B000CCB2228558CA238559CA24855ACA25853E
:1079C0005BCA26855CCA27855DCA28855ECA29856B
:1079D0005FCA2A8560CA2B85E8C42C85DFCA2D853D
:1079E00061CA2E8562CA2F8563CA308564CA318513
:1079F00065CA328566CA338567CA348568CA3585E3
:107A000069CA36856ACA3785BEC73885FADD3985C1
:107A1000FCDD3A85FEDD3B85A2DE3C85AAB03D85D6
:107A2000CEB13E856BCA3F856CCA40856DCA418523
:107A30006ECA42856FCA4385ACDE448570CA4585EF
:107A400071CA468572CA478573CA4885A6DE4985CC
:107A5000B6BD4A85EFC84B8574CA4C8575CA4D853D
:107A600076CA4E8577CA4F8578CA508579CA5185BE
:107A70007ACA52857BCA53857CCA54857DCA55858E
:107A80007ECA5685A1DE578580CA588581CA598528
:107A9000A5DE5A8582CA5B8583CA5C8584CA5D85FA
:107AA00085CA5E85A9DE5F8586CA608587CA6185CD
:107AB00088CA628589CA63858ACA6485A8DE6585A5
:107AC0008BCA66858CCA67858DCA6885A7DE69857D
:107AD0008ECA6A858FCA6B8590CA6C8591CA6D857E
:107AE00092CA6E8593CA6F8594CA708595CA71854E
:107AF00096CA7285ADDE738597CA7485CCD47585B8
:107B000098CA768599CA77859ACA78859BCA7985F5
:107B1000B3DE7A85AADE7B85AEDE7C859CCA7D8558
:107B20009DCA7E85D9C07F859ECA80859FCA818572
:107B3000A0CA828540CB838541CB8485A1B1858550
:107B4000B6DE868542CB8785B1DE888543CB8985C5
:107B500044CB8A8545CB8B8546CB8C8547CB8D85A1
:107B600048CB8E8549CB8F85B2DE90854ACB9185F7
:107B70004BCB92854CCB93854DCB94854ECB958545
:107B80004FCB968550CB978551CB988552CB998515
:107B900053CB9A8554CB9B85A6D19C85B5DE9D851C
:107BA00055CB9E8556CB9F8557CBA08558CBA185BD
:107BB00059CBA2855ACBA3855BCBA485AFDEA58527
:107BC0005CCBA6855DCBA7855ECBA885B0DEA985FD
:107BD0005FCBAA85BDD0AB8560CBAC8561CBAD85D5
:107BE00062CBAE85B4DEAF85EDCAB085B9DEB185B6
:107BF00063CBB28564CBB38565CBB48566CBB585E5
:107C000067CBB68568CBB785B8DEB88569CBB98553
:107C1000B7DEBA856ACBBB856BCBBC856CCBBD852B
:107C20006DCBBE856ECBBF856FCBC08570CBC1855C
:107C3000BBDEC28571CBC38572CBC48573CBC585D2
:107C400074CBC68575CBC78576CBC88577CBC98500
:107C5000E5BDCA8578CBCB8579CBCC857ACBCD8574
:107C60007BCBCE857CCBCF85D8B2D085EAC3D185FE
:107C70007DCBD2857ECBD385BADED48580CBD5852E
:107C8000BAC5D68581CBD78582CBD88583CBD9851C
:107C900084CBDA8585CBDB8586CBDC85BCDEDD85D8
:107CA00087CBDE8588CBDF8589CBE0858ACBE185F4
:107CB0008BCBE2858CCBE3858DCBE485D9CCE58578
:107CC0008ECBE6858FCBE78590CBE88591CBE98598
:107CD000AAB7EA8592CBEB8593CBEC8594CBED8567
:107CE00095CBEE8596CBEF8597CBF08598CBF1853C
:107CF00099CBF2859ACBF3859BCBF4859CCBF5850C
:107D00009DCBF6859ECBF7859FCBF885A0CBF985DB
:107D100040CCFA8541CCFB85E5D4FC8542CCFD8581
:107D200043CCFE8544CCFF85BDDE008645CC018674
:107D300046CC028647CC038648CC048649CC0586CF
:107D4000BFDE06864ACC07864BCC08864CCC09861B
:107D50004DCC0A864ECC0B864FCC0C8650CC0D8673
:107D600051CC0E8652CC0F8653CC108654CC118643
:107D7000A2C4128655CC138656CC148657CC1586D1
:107D800058CC1686C1DE178659CC18865ACC19866F
:107D90005BCC1A865CCC1B865DCC1C865ECC1D86BB
:107DA0005FCC1E8660CC1F8661CC208662CC21868B
:107DB00063CC228664CC238665CC248666CC25865B
:107DC00067CC268668CC2786BEDE288669CC2986C5
:107DD000C0DE2A866ACC2B866BCC2C866CCC2D869A
:107DE0006DCC2E866ECC2F866FCC308670CC3186D3
:107DF00071CC328672CC338673CC348674CC3586A3
:107E000075CC368676CC378677CC3886BAD5398627
:107E100078CC3A8679CC3B867ACC3C86C2DE3D86ED
:107E20007BCC3E867CCC3F867DCC40867ECC41861A
:107E300080CC428681CC438682CC448683CC4586E6
:107E400084CC468685CC478686CC488687CC4986B6
:107E500088CC4A8689CC4B868ACC4C868BCC4D8686
:107E6000AEF24E86A2BB4F86B2C25086B0C55186D6
:107E7000C7C252868CCC53868DCC5486AFF25586C1
:107E80008ECC56868FCC578690CC588691CC59860E
:107E900092CC5A86E9D05B8693CC5C8694CC5D8686
:107EA00095CC5E86DDD35F8696CC608697CC618666
:107EB00098CC6286BDEB638699CC64869ACC658645
:107EC0009BCC66869CCC67869DCC68869ECC69865A
:107ED0009FCC6A86A0CC6B86E6B36C86B0F26D86CA
:107EE00040CD6E86B1F26F8641CD708642CD7186EF
:107EF000ADCA728643CD738644CD748645CD7586F2
:107F000046CD768647CD778648CD788649CD798629
:107F1000E7BA7A86B3F27B86B5F27C86B4F27D86C8
:107F2000E4CB7E86BACF7F86B2F28086B4CA8186E1
:107F3000CFD28286ECC283864ACD84864BCD85869D
:107F40004CCD86864DCD87864ECD88864FCD898691
:107F500050CD8A86C3CE8B86B8F28C86F6B08D86DD
:107F6000B7F28E8651CD8F8652CD908653CD9186B5
:107F700054CD928655CD9386BEF2948656CD958685
:107F8000CFB2968657CD978658CD988659CD99868B
:107F90005ACD9A865BCD9B865CCD9C86C1D19D8651
:107FA000BAF29E865DCD9F865ECDA0865FCDA1860E
:107FB00060CDA28661CDA386BCF2A486E9D4A58655
:107FC00062CDA68663CDA786BBF2A886B6F2A98647
:107FD000BFF2AA86BDF2AB8664CDAC86B9F2AD869F
:107FE00065CDAE8666CDAF86C7F2B086C4F2B186E7
:107FF000C6F2B28667CDB38668CDB486CAF2B586BE
:10800000C2F2B686C0F2B78669CDB8866ACDB986A7
:108010006BCDBA86C5F2BB866CCDBC866DCDBD86F8
:108020006ECDBE866FCDBF8670CDC086FBD6C186B5
:1080300071CDC28672CDC38673CDC486C1F2C586AA
:1080400074CDC686F9C7C786DFC9C88675CDC9860F
:10805000C8F2CA86C6B9CB86B0B5CC8676CDCD86F9
:1080600077CDCE86C3F2CF86C9F2D086D0F2D18644
:10807000D6F2D28678CDD38679CDD486D7BBD586B5
:108080007ACDD6867BCDD7867CCDD886D5F2D986DB
:10809000DCCDDA867DCDDB86EBD6DC867ECDDD865B
:1080A00080CDDE86D2F2DF86D4F2E08681CDE18615
:1080B00082CDE28683CDE38684CDE486F2B8E58680
:1080C00085CDE68686CDE78687CDE88688CDE986AC
:1080D000CBF2EA8689CDEB868ACDEC868BCDED8618
:1080E000CEF2EE86F9C2EF868CCDF086DDD5F18634
:1080F000CCF2F286CDF2F386CFF2F486D3F2F58697
:108100008DCDF6868ECDF7868FCDF886D9F2F9869D
:10811000BCD3FA8690CDFB8691CDFC8692CDFD86B0
:1081200093CDFE86EAB6FF8694CD0087F1CA01871B
:1081300095CD0287E4B70387D7F2048796CD0587EC
:1081400097CD068798CD0787D8F20887DAF2098796
:10815000DDF20A87DBF20B8799CD0C879ACD0D876C
:10816000DCF20E879BCD0F879CCD10879DCD1187AC
:108170009ECD1287D1D11387D1F214879FCD158759
:10818000C9CD1687A0CD1787CFCE1887A9D6198756
:1081900040CE1A87E3F21B8741CE1C87DBC31D87C5
:1081A00042CE1E87E0F21F8743CE208744CE218730
:1081B000AFC02287ECF22387DEF2248745CE2587E5
:1081C000E1F2268746CE278747CE288748CE2987E3
:1081D000E8F22A8749CE2B874ACE2C874BCE2D87B3
:1081E0004CCE2E87E2F22F874DCE30874ECE318790
:1081F000E7F232874FCE338750CE3487E6F23587A9
:1082000051CE368752CE3787E9F2388753CE398739
:1082100054CE3A8755CE3B87DFF23C8756CE3D871A
:1082200057CE3E87E4F23F87EAF2408758CE418737
:1082300059CE42875ACE43875BCE44875CCE458772
:108240005DCE46875ECE4787ACD34887E5F2498747
:10825000F5B24A875FCE4B8760CE4C87F2F24D87EE
:1082600061CE4E87ABD04F8762CE508763CE5187A9
:1082700064CE528765CE5387F5F2548766CE558714
:1082800067CE568768CE5787C8BB588769CE59874F
:10829000F9F25A876ACE5B876BCE5C876CCE5D87BE
:1082A0006DCE5E876ECE5F876FCE6087F0F261879E
:1082B00070CE628771CE6387F6F26487F8F26587C5
:1082C000FAF2668772CE678773CE688774CE698745
:1082D00075CE6A8776CE6B8777CE6C8778CE6D87C2
:1082E00079CE6E87F3F26F877ACE7087F1F271875D
:1082F0007BCE72877CCE73877DCE7487FBBA758701
:108300007ECE7687FBB5778780CE788781CE7987DA
:1083100082CE7A8783CE7B87EFF27C87F7F27D87E8
:10832000EDF27E87EEF27F8784CE808785CE8187CF
:1083300086CE8287EBF28387A6F3848787CE8587F4
:10834000A3F3868788CE878789CE8887A2F389871B
:108350008ACE8A878BCE8B87F4F28C878CCE8D87E2
:10836000DAC88E878DCE8F878ECE90878FCE9187FD
:1083700090CE928791CE9387FBF2948792CE958789
:1083800093CE968794CE9787A5F3988795CE9987B5
:1083900096CE9A8797CE9B8798CE9C8799CE9D87BD
:1083A0009ACE9E879BCE9F87F8C3A0879CCEA1873D
:1083B0009DCEA2879ECEA3879FCEA487A0CEA58761
:1083C00040CFA68741CFA78742CFA887FDF2A987D4
:1083D00043CFAA8744CFAB87A7F3AC87A9F3AD8778
:1083E000A4F3AE8745CFAF87FCF2B08746CFB18705
:1083F00047CFB28748CFB387ABF3B48749CFB587B0
:10840000AAF3B6874ACFB7874BCFB8874CCFB98787
:108410004DCFBA87DDC2BB874ECFBC874FCFBD875C
:10842000AEF3BE8750CFBF8751CFC087B0F3C187AF
:1084300052CFC28753CFC38754CFC48755CFC58788
:1084400056CFC687A1F3C78757CFC88758CFC987EC
:1084500059CFCA87B1F3CB87ACF3CC875ACFCD873E
:108460005BCFCE875CCFCF875DCFD0875ECFD18704
:10847000AFF3D287FEF2D387ADF3D4875FCFD58732
:1084800060CFD68761CFD78762CFD88763CFD987B0
:1084900064CFDA8765CFDB87B2F3DC8766CFDD8711
:1084A00067CFDE8768CFDF8769CFE087B4F3E187E6
:1084B0006ACFE2876BCFE3876CCFE4876DCFE58728
:1084C000A8F3E6876ECFE7876FCFE88770CFE9879D
:1084D00071CFEA87B3F3EB8772CFEC8773CFED8769
:1084E00074CFEE87B5F3EF8775CFF08776CFF1873E
:1084F00077CFF28778CFF38779CFF4877ACFF58774
:108500007BCFF6877CCFF7877DCFF8877ECFF98743
:10851000B7D0FA8780CFFB8781CFFC8782CFFD87DA
:1085200083CFFE87B8F3FF8784CF008885CF01888B
:1085300086CF028887CF0388F9D9048888CF058839
:1085400089CF06888ACF07888BCF08888CCF098887
:108550008DCF0A88B9F30B888ECF0C888FCF0D880A
:1085600090CF0E8891CF0F8892CF108893CF11882B
:1085700094CF128895CF1388B7F3148896CF1588B7
:10858000E4C81688B6F3178897CF188898CF19884B
:1085900099CF1A889ACF1B88BAF31C889BCF1D8865
:1085A0009CCF1E889DCF1F889ECF20889FCF21887B
:1085B000BBF32288C0B42388A0CF248840D025886C
:1085C00041D0268842D0278843D0288844D02988A3
:1085D00045D02A8846D02B8847D02C8848D02D8873
:1085E00049D02E884AD02F884BD030884CD0318843
:1085F0004DD03288C3EE33884ED034884FD0358882
:1086000050D0368851D0378852D0388853D03988E6
:10861000BCF33A8854D03B8855D03C88BDF33D88A4
:1086200056D03E8857D03F8858D04088AAD141883C
:1086300059D042885AD043885BD04488ACF44588EE
:10864000C6D046885CD047885DD048885ED04988CF
:108650005FD04A8860D04B8861D04C88D0D04D889C
:10866000DCD14E8862D04F8863D0508864D0518866
:1086700065D0528866D0538867D05488CECF55884D
:1086800068D0568869D05788D6BD58886AD059882E
:10869000C3D15A886BD05B886CD05C886DD05D8804
:1086A0006ED05E886FD05F8870D0608871D061882E
:1086B000E2BA6288E9E16388C2D26488C2F165885F
:1086C000B9B2668872D0678873D06888EDB169885E
:1086D000C3F16A8874D06B88C0C96C88C4B36D88D4
:1086E00075D06E88F2D96F8876D07088A5CB7188E6
:1086F00077D07288C4F1738878D0748879D07588FF
:108700007AD076887BD07788D4D678887CD07988E0
:108710007DD07A887ED07B8880D07C8881D07D880F
:10872000C5F17E88C0F47F88C6F1808882D08188B8
:10873000ACD48288C7F1838883D08488C0B0858810
:10874000C1F4868884D0878885D08888C2F48988D7
:1087500086D08A8887D08B88FCB48C8888D08D8816
:10876000DBC58E8889D08F888AD090888BD09188FD
:108770008CD09288BBCC93888DD094888ED09588ED
:108780008FD09688E4D0978890D0988891D0998897
:1087900092D09A8893D09B8894D09C88E0CD9D8875
:1087A00095D09E8896D09F8897D0A08898D0A18891
:1087B00099D0A288C8F1A3889AD0A488F3D9A588B3
:1087C0009BD0A6889CD0A7889DD0A8889ED0A98839
:1087D0009FD0AA88A0D0AB88BBB1AC8840D1AD886F
:1087E000AECFAE8841D1AF8842D1B08843D1B188F5
:1087F000A4B8B28844D1B38845D1B48846D1B588ED
:1088000047D1B68848D1B788CAF1B88849D1B98864
:108810004AD1BA884BD1BB884CD1BC88CBF1BD883A
:108820004DD1BE884ED1BF884FD1C08850D1C188AC
:10883000C3B2C288D1C1C38851D1C48852D1C588BE
:10884000B0D7C688C9F1C78853D1C88854D1C98860
:10885000CCF1CA8855D1CB8856D1CC8857D1CD8898
:1088600058D1CE88CEF1CF8859D1D0885AD1D1886D
:108870005BD1D288F6D9D3885CD1D488E1D2D588AF
:10888000A3D4D6885DD1D7885ED1D888C3F4D988DF
:10889000B9C8DA885FD1DB8860D1DC8861D1DD8836
:1088A00062D1DE8863D1DF88C4F4E08864D1E188D6
:1088B00065D1E288CDF1E388CFF1E488E3BFE588B4
:1088C000D0F1E68866D1E78867D1E888D4F1E988F5
:1088D00068D1EA8869D1EB886AD1EC886BD1ED88E0
:1088E0006CD1EE886DD1EF886ED1F088D6F1F18829
:1088F000D1F1F2886FD1F388D1C9F488E1C5F58848
:1089000070D1F68871D1F78872D1F888E3C2F988FE
:10891000FCB9FA8873D1FB8874D1FC88D3F1FD8847
:1089200075D1FE88D5F1FF8876D1008977D101898C
:1089300078D10289D3B9038979D104897AD105899B
:108940007BD106897CD107897DD108897ED10989AF
:1089500080D10A89DBF10B8981D10C8982D10D8903
:1089600083D10E8984D10F8985D11089D6BA118916
:1089700086D11289FDB01389D9F1148987D115895F
:1089800088D1168989D117898AD118898BD11989FB
:10899000D8F11A89D2F11B89DAF11C898CD11D8991
:1089A0008DD11E898ED11F898FD1208990D12189A7
:1089B000D7F1228991D1238992D1248993D1258914
:1089C000ECC8268994D1278995D1288996D12989FF
:1089D00097D12A89CACD2B89DDF12C8998D12D898F
:1089E00099D12E899AD12F899BD13089BDE53189C2
:1089F0009CD132899DD133899ED13489DCF135896E
:108A00009FD13689DEF13789A0D1388940D23989A2
:108A100041D23A8942D23B8943D23C8944D23D89F2
:108A200045D23E8946D23F8947D2408948D24189C2
:108A3000DFF1428949D243894AD24489E5CF458949
:108A40004BD246894CD247894DD248894ED249896A
:108A50004FD24A8950D24B8951D24C8952D24D893A
:108A600053D24E8954D24F8955D2508956D251890A
:108A700057D2528958D2538959D254895AD25589DA
:108A80005BD256895CD257895DD258895ED25989AA
:108A90005FD25A8960D25B8961D25C8962D25D897A
:108AA00063D25E89C5F45F89F3BD608964D2618950
:108AB00065D2628966D2638967D2648968D2658922
:108AC00069D26689E0F167896AD268896BD269895F
:108AD0006CD26A896DD26B896ED26C896FD26D89C6
:108AE00070D26E8971D26F8972D2708973D2718996
:108AF00074D2728975D2738976D2748977D2758966
:108B000078D2768979D277897AD278897BD2798935
:108B10007CD27A897DD27B89E1F17C897ED27D8984
:108B200080D27E8981D27F89F7CE808982D2818965
:108B3000AAD2828983D28389FBF1848984D28589F0
:108B400085D28689B2B8878986D2888987D2898971
:108B500088D28A8989D28B898AD28C898BD28D8955
:108B60008CD28E898DD28F898ED290898FD2918925
:108B700090D2928991D2938992D2948993D29589F5
:108B800094D2968995D2978996D2988997D29989C5
:108B900098D29A8999D29B899AD29C899BD29D8995
:108BA0009CD29E899DD29F899ED2A0899FD2A18965
:108BB000A0D2A28940D3A38941D3A48942D3A58955
:108BC00043D3A68944D3A78945D3A88946D3A98985
:108BD00047D3AA8948D3AB8949D3AC894AD3AD8955
:108BE0004BD3AE894CD3AF894DD3B0894ED3B18925
:108BF0004FD3B28950D3B38951D3B48952D3B589F5
:108C000053D3B68954D3B78955D3B88956D3B989C4
:108C100057D3BA8958D3BB8959D3BC895AD3BD8994
:108C20005BD3BE895CD3BF895DD3C0895ED3C18964
:108C3000FBBCC289DBB9C3895FD3C489E6B9C589E6
:108C4000D9C3C689D3CAC789E8EAC889C0C0C98957
:108C5000F5BECA89E9EACB89EAEACC89EBEACD8993
:108C600060D3CE89ECEACF89EDEAD089EEEAD189EA
:108C7000EFEAD289C7BDD38961D3D48962D3D589BC
:108C800063D3D689FBF5D78964D3D88965D3D989CD
:108C900066D3DA89FDF5DB8967D3DC89FEF5DD89EA
:108CA00068D3DE89FCF5DF8969D3E0896AD3E1897D
:108CB0006BD3E2896CD3E389E2BDE4896DD3E589A6
:108CC000A1F6E689A5B4E7896ED3E8896FD3E9896F
:108CD00070D3EA8971D3EB89A2F6EC8972D3ED895E
:108CE00073D3EE8974D3EF89A3F6F08975D3F18934
:108CF00076D3F28977D3F389B2ECF48978D3F58906
:108D000079D3F6897AD3F7897BD3F8897CD3F9892B
:108D10007DD3FA897ED3FB8980D3FC8981D3FD89F9
:108D200082D3FE8983D3FF8984D3008AD4D1018A78
:108D300085D3028A86D3038A87D3048A88D3058A97
:108D400089D3068A8AD3078AEAD9088A8BD3098A03
:108D50008CD30A8A8DD30B8A8ED30C8A8FD30D8A3B
:108D600090D30E8A91D30F8A92D3108A93D3118A0B
:108D700094D3128A95D3138A96D3148A97D3158ADB
:108D800098D3168A99D3178A9AD3188A9BD3198AAB
:108D90009CD31A8A9DD31B8A9ED31C8A9FD31D8A7B
:108DA000A0D31E8A40D41F8A41D4208A42D4218A6B
:108DB00043D4228A44D4238A45D4248A46D4258A9B
:108DC00047D4268A48D4278A49D4288A4AD4298A6B
:108DD0004BD42A8A4CD42B8A4DD42C8A4ED42D8A3B
:108DE0004FD42E8A50D42F8A51D4308A52D4318A0B
:108DF00053D4328A54D4338A55D4348A56D4358ADB
:108E000057D4368A58D4378A59D4388A5AD4398AAA
:108E10005BD43A8A5CD43B8A5DD43C8A5ED43D8A7A
:108E20005FD43E8AA4F63F8A60D4408A61D4418AE6
:108E300062D4428A63D4438A64D4448A65D4458A1E
:108E400066D4468A67D4478A68D4488ABAEE498A83
:108E500069D44A8A6AD44B8A6BD44C8A6CD44D8AC2
:108E60006DD44E8A6ED44F8A6FD4508A70D4518A92
:108E700071D4528A72D4538A73D4548A74D4558A62
:108E800075D4568A76D4578A77D4588A78D4598A32
:108E900079D45A8A7AD45B8A7BD45C8A7CD45D8A02
:108EA0007DD45E8A7ED45F8A80D4608A81D4618AD0
:108EB00082D4628A83D4638A84D4648A85D4658A9E
:108EC00086D4668A87D4678A88D4688A89D4698A6E
:108ED0008AD46A8A8BD46B8A8CD46C8A8DD46D8A3E
:108EE0008ED46E8A8FD46F8A90D4708A91D4718A0E
:108EF00092D4728A93D4738A94D4748A95D4758ADE
:108F000096D4768A97D4778A98D4788A99D4798AAD
:108F1000B2D57A8A9AD47B8A9BD47C8A9CD47D8A67
:108F20009DD47E8A9ED47F8A9FD4808AA0D4818A51
:108F300040D5828A41D5838A42D5848A43D5858AA1
:108F400044D5868A45D5878A46D5888A47D5898A71
:108F5000FED38A8ADCCC8B8A48D58C8A49D58D8A07
:108F60004AD58E8A4BD58F8A4CD5908A4DD5918A19
:108F70004ED5928A4FD5938AC4CA948A50D5958A81
:108F800051D5968A52D5978A53D5988A54D5998ABD
:108F900055D59A8A56D59B8A57D59C8A58D59D8A8D
:108FA00059D59E8A5AD59F8A5BD5A08A5CD5A18A5D
:108FB0005DD5A28A5ED5A38A5FD5A48A60D5A58A2D
:108FC00061D5A68A62D5A78A63D5A88A64D5A98AFD
:108FD00065D5AA8A66D5AB8A67D5AC8A68D5AD8ACD
:108FE00069D5AE8A6AD5AF8A6BD5B08A6CD5B18A9D
:108FF0006DD5B28A6ED5B38A6FD5B48A70D5B58A6D
:1090000071D5B68A72D5B78A73D5B88A74D5B98A3C
:1090100075D5BA8A76D5BB8A77D5BC8A78D5BD8A0C
:1090200079D5BE8A7AD5BF8A7BD5C08A7CD5C18ADC
:109030007DD5C28A7ED5C38A80D5C48A81D5C58AAA
:1090400082D5C68A83D5C78A84D5C88A85D5C98A78
:1090500086D5CA8A87D5CB8A88D5CC8A89D5CD8A48
:109060008AD5CE8A8BD5CF8A8CD5D08A8DD5D18A18
:109070008ED5D28A8FD5D38A90D5D48A91D5D58AE8
:1090800092D5D68A93D5D78A94D5D88A95D5D98AB8
:1090900096D5DA8A97D5DB8A98D5DC8A99D5DD8A88
:1090A0009AD5DE8A9BD5DF8A9CD5E08A9DD5E18A58
:1090B0009ED5E28A9FD5E38AA0D5E48A40D6E58A88
:1090C00041D6E68A42D6E78A43D6E88A44D6E98A78
:1090D00045D6EA8A46D6EB8A47D6EC8A48D6ED8A48
:1090E00049D6EE8A4AD6EF8A4BD6F08A4CD6F18A18
:1090F0004DD6F28A4ED6F38A4FD6F48A50D6F58AE8
:1091000051D6F68A52D6F78A53D6F88A54D6F98AB7
:1091100055D6FA8A56D6FB8A57D6FC8A58D6FD8A87
:1091200059D6FE8A5AD6FF8A5BD6008B5CD6018B55
:109130005DD6028B5ED6038B5FD6048B60D6058B23
:1091400061D6068B62D6078BC0E5088B63D6098B88
:1091500064D60A8B65D60B8B66D60C8B67D60D8BC7
:1091600068D60E8B69D60F8B6AD6108B6BD6118B97
:109170006CD6128B6DD6138B6ED6148B6FD6158B67
:1091800070D6168B71D6178B72D6188B73D6198B37
:1091900074D61A8B75D61B8B76D61C8B77D61D8B07
:1091A00078D61E8B79D61F8B7AD6208B7BD6218BD7
:1091B0007CD6228B7DD6238B7ED6248B80D6258BA6
:1091C00081D6268BA5F6278B82D6288B83D6298B32
:1091D00084D62A8B85D62B8B86D62C8B87D62D8B47
:1091E00088D62E8B89D62F8B8AD6308B8BD6318B17
:1091F0008CD6328B8DD6338B8ED6348B8FD6358BE7
:1092000090D6368B91D6378B92D6388B93D6398BB6
:1092100094D63A8B95D63B8B96D63C8B97D63D8B86
:1092200098D63E8B99D63F8B9AD6408B9BD6418B56
:109230009CD6428B9DD6438B9ED6448B9FD6458B26
:10924000A0D6468B40D7478B41D7488B42D7498B16
:1092500043D74A8B44D74B8B45D74C8B46D74D8B46
:1092600047D74E8B48D74F8B49D7508B4AD7518B16
:109270004BD7528B4CD7538B4DD7548B4ED7558BE6
:109280004FD7568B50D7578B51D7588B52D7598BB6
:1092900053D75A8B54D75B8B55D75C8B56D75D8B86
:1092A00057D75E8B58D75F8B59D7608B5AD7618B56
:1092B0005BD7628B5CD7638B5DD7648B5ED7658B26
:1092C0005FD7668BAFBE678B60D7688B61D7698BC2
:1092D00062D76A8B63D76B8B64D76C8BA9C66D8B97
:1092E00065D76E8B66D76F8B67D7708B68D7718B9E
:1092F00069D7728B6AD7738B6BD7748B6CD7758B6E
:109300006DD7768B6ED7778B6FD7788B70D7798B3D
:1093100071D77A8B72D77B8B73D77C8B74D77D8B0D
:1093200075D77E8B76D77F8B77D7808B78D7818BDD
:1093300079D7828B7AD7838B7BD7848B7CD7858BAD
:109340007DD7868B7ED7878B80D7888B81D7898B7B
:1093500082D78A8B83D78B8B84D78C8B85D78D8B49
:1093600086D78E8B87D78F8B88D7908B89D7918B19
:109370008AD7928B8BD7938B8CD7948B8DD7958BE9
:109380008ED7968B8FD7978B90D7988B91D7998BB9
:1093900092D79A8B93D79B8B94D79C8B95D79D8B89
:1093A00096D79E8B97D79F8B98D7A08BA5DAA18B4A
:1093B000C6BCA28BA9B6A38BBCB8A48BCFC8A58B07
:1093C000A5BCA68BA6DAA78BA7DAA88BD6CCA98BCF
:1093D000C3C8AA8BA8DAAB8BFDC6AC8B99D7AD8B73
:1093E000B5D1AE8BE9D2AF8BB6D1B08BC7BCB18B48
:1093F0009AD7B28BB2BDB38BE4BBB48BA9DAB58B71
:10940000AADAB68BC8D1B78BABDAB88BEDD0B98BF3
:10941000EFB6BA8BDBC2BB8B9BD7BC8BCFCBBD8BE4
:10942000EDB7BE8BE8C9BF8BC3B7C08BF7BEC18B8E
:10943000A4D6C28BACDAC38BADDAC48BC0C6C58BE5
:10944000E7D7C68BB6CAC78B9CD7C88BA9D5C98BA3
:10945000DFCBCA8BEFD5CB8BAEDACC8BDFD6CD8B07
:10946000CAB4CE8BB0DACF8BAFDAD08B9DD7D18B8D
:10947000EBD2D28BB1DAD38BB2DAD48BB3DAD58B11
:10948000D4CAD68BB4DAD78BABCAD88BB5DAD98B22
:10949000B6DADA8BCFB3DB8BEFD6DC8BB7DADD8BCA
:1094A000B0BBDE8BAEB5DF8BB8DAE08BB9DAE18B1F
:1094B000EEB9E28BAFD1E38BE8D2E48BBADAE58B7D
:1094C000C3B8E68BEACFE78BEFB2E88BBBDAE98B68
:1094D000BCDAEA8B9ED7EB8BEBBDEC8BDCCEED8B55
:1094E000EFD3EE8BBDDAEF8BF3CEF08BBEDAF18BE0
:1094F000D5D3F28BE5BBF38BBFDAF48BB5CBF58B11
:10950000D0CBF68BC0DAF78BEBC7F88BEED6F98BA6
:10951000C1DAFA8BB5C5FB8BC1B6FC8BC2DAFD8B09
:10952000CCB7FE8BCEBFFF8BC3DA008CC4DA018CC4
:10953000ADCB028CC5DA038CF7B5048CC6DA058C8A
:10954000C2C1068CBBD7078CC7DA088CB8CC098C93
:109550009FD70A8CEAD20B8CB1C40C8CC8DA0D8C64
:10956000FDB50E8CD1BB0F8CC9DA108CB3D0118C29
:10957000CADA128CCBDA138CBDCE148CCCDA158CF3
:10958000CDDA168CCEDA178CF7B2188CD1DA198CAA
:10959000CFDA1A8CE8D11B8CD0DA1C8CD5C31D8C89
:1095A000D2DA1E8CA0D71F8CD3DA208CD4DA218C8F
:1095B000D5DA228CBBD0238CA5D2248CF9B0258C93
:1095C000D6DA268CABC7278CD7DA288CF7BD298C46
:1095D000A1C32A8CD8DA2B8CD9DA2C8CFDC32D8C24
:1095E000B7CC2E8CDADA2F8CDBDA308CBEC0318C23
:1095F000D7C6328CDCDA338CDDDA348CB4C7358CE8
:10960000DEDA368CDFDA378CC8B9388C40D8398C42
:1096100041D83A8C42D83B8C43D83C8C44D83D8CC2
:1096200045D83E8C46D83F8C47D8408C48D8418C92
:10963000EDBB428C49D8438C4AD8448C4BD8458CDE
:109640004CD8468CB9B6478CF8F4488C4DD8498C28
:10965000F9F44A8C4ED84B8C4FD84C8CE3CD4D8CC2
:1096600050D84E8C51D84F8C52D8508C53D8518CE6
:1096700054D8528C55D8538C56D8548C57D8558CB6
:10968000B9F5568C58D8578C59D8588C5AD8598C0B
:109690005BD85A8CE0EB5B8C5CD85C8C5DD85D8CC5
:1096A0005ED85E8C5FD85F8C60D8608C61D8618C2E
:1096B000F3CF628CBFBB638C62D8648C63D8658C3B
:1096C00064D8668C65D8678C66D8688C67D8698CD6
:1096D00068D86A8CC0BA6B8CA5D46C8C69D86D8C38
:1096E0006AD86E8C6BD86F8C6CD8708C6DD8718C7E
:1096F0006ED8728C6FD8738CD9E1748C70D8758CDD
:1097000071D8768C72D8778C73D8788CF4F5798C84
:10971000AAB17A8CF2B27B8C74D87C8C75D87D8C93
:1097200076D87E8C77D87F8C78D8808C79D8818CCD
:109730007AD8828CF5F5838C7BD8848C7CD8858C08
:10974000F7F5868C7DD8878C7ED8888C80D8898CDC
:10975000D1BA8A8CF6F58B8C81D88C8CB2C38D8C67
:1097600082D88E8C83D88F8C84D8908C85D8918C1D
:1097700086D8928C87D8938C88D8948CF9F5958C60
:1097800089D8968C8AD8978C8BD8988CF8F5998C38
:109790008CD89A8C8DD89B8C8ED89C8C8FD89D8C95
:1097A00090D89E8C91D89F8C92D8A08C93D8A18C65
:1097B00094D8A28C95D8A38C96D8A48C97D8A58C35
:1097C00098D8A68C99D8A78C9AD8A88C9BD8A98C05
:1097D0009CD8AA8C9DD8AB8C9ED8AC8C9FD8AD8CD5
:1097E000A0D8AE8C40D9AF8C41D9B08C42D9B18CC5
:1097F00043D9B28C44D9B38C45D9B48C46D9B58CF5
:1098000047D9B68C48D9B78C49D9B88C4AD9B98CC4
:109810004BD9BA8C4CD9BB8C4DD9BC8C4ED9BD8C94
:109820004FD9BE8C50D9BF8C51D9C08C52D9C18C64
:1098300053D9C28C54D9C38C55D9C48C56D9C58C34
:1098400057D9C68C58D9C78C59D9C88C5AD9C98C04
:109850005BD9CA8C5CD9CB8C5DD9CC8C5ED9CD8CD4
:109860005FD9CE8C60D9CF8C61D9D08C62D9D18CA4
:1098700063D9D28C64D9D38C65D9D48C66D9D58C74
:1098800067D9D68C68D9D78C69D9D88C6AD9D98C44
:109890006BD9DA8C6CD9DB8C6DD9DC8C6ED9DD8C14
:1098A0006FD9DE8C70D9DF8C71D9E08C72D9E18CE4
:1098B00073D9E28C74D9E38C75D9E48C76D9E58CB4
:1098C00077D9E68C78D9E78C79D9E88C7AD9E98C84
:1098D0007BD9EA8C7CD9EB8C7DD9EC8C7ED9ED8C54
:1098E00080D9EE8C81D9EF8C82D9F08C83D9F18C20
:1098F00084D9F28C85D9F38C86D9F48C87D9F58CF0
:1099000088D9F68C89D9F78C8AD9F88C8BD9F98CBF
:109910008CD9FA8C8DD9FB8C8ED9FC8C8FD9FD8C8F
:1099200090D9FE8C91D9FF8C92D9008D93D9018D5D
:1099300094D9028D95D9038D96D9048D97D9058D2B
:1099400098D9068D99D9078D9AD9088D9BD9098DFB
:109950009CD90A8D9DD90B8D9ED90C8D9FD90D8DCB
:10996000A0D90E8D40DA0F8D41DA108D42DA118DBB
:1099700043DA128D44DA138D45DA148D46DA158DEB
:1099800047DA168D48DA178D49DA188D4ADA198DBB
:109990004BDA1A8D4CDA1B8D4DDA1C8D4EDA1D8D8B
:1099A000B4B11E8DEAD51F8DBAB8208D4FDA218D46
:1099B000B1B9228DC6B2238DF0D4248DCDCF258DA3
:1099C000DCB0268DCBD5278DF5BB288DCAD6298D49
:1099D000B7B72A8DB0CC2B8DB6C62C8DE1B12D8DAD
:1099E000BAB92E8DFCD62F8DE1B9308DA1B7318D4E
:1099F000FABC328DDAEA338DDBEA348DF9CC358D61
:109A0000F3B9368DDCEA378DFBB4388DB3C3398DAD
:109A1000D1B73A8DD8BA3B8DDDEA3C8DF4D43D8D7B
:109A2000DEEA3E8DD6BC3F8DDFBB408DDFEA418D47
:109A3000DEC1428DB8C2438DDFD4448DCAD7458D77
:109A4000E0EA468DE1EA478DE4EA488DE2EA498D95
:109A5000E3EA4A8DDEC94B8DB3B84C8DC4B64D8D4B
:109A6000E5EA4E8DEACA4F8DCDC9508DCDB4518DEA
:109A700050DA528D51DA538DD9E2548DE2C5558DAD
:109A8000E6EA568DB5C0578D52DA588DB8D7598D44
:109A9000E7EA5A8DACD75B8DFCC85C8DD3D85D8D61
:109AA000CDD85E8DDED45F8D53DA608DF9D4618DB3
:109AB000C4C9628DAED3638DD3B8648DE0B3658DB8
:109AC00054DA668DE2C9678DF6F4688D55DA698DD2
:109AD00056DA6A8D57DA6B8DD5BA6C8D58DA6D8D82
:109AE000F7F46E8D59DA6F8D5ADA708DDFD7718D7C
:109AF0005BDA728D5CDA738DF1F4748DB0B8758DAC
:109B0000D4D5768DCFB8778DF0C6788D5DDA798D26
:109B10005EDA7A8D5FDA7B8D60DA7C8D61DA7D8D3D
:109B200062DA7E8D63DA7F8D64DA808D65DA818D0D
:109B3000C3B3828D66DA838D67DA848DF2F4858D06
:109B4000ACB3868D68DA878D69DA888D6ADA898D9B
:109B50006BDA8A8DBDD48B8DF7C78C8D6CDA8D8DC9
:109B60006DDA8E8D6EDA8F8D6FDA908D70DA918D61
:109B7000F4F4928D71DA938D72DA948DF3F4958DFD
:109B800073DA968D74DA978D75DA988D76DA998D09
:109B900077DA9A8D78DA9B8D79DA9C8D7ADA9D8DD9
:109BA0007BDA9E8D7CDA9F8DCBCCA08D7DDAA18D6A
:109BB0007EDAA28D80DAA38DA4C8A48D81DAA58D6A
:109BC00082DAA68D83DAA78D84DAA88D85DAA98D4D
:109BD00086DAAA8D87DAAB8D88DAAC8D89DAAD8D1D
:109BE0008ADAAE8D8BDAAF8D8CDAB08D8DDAB18DED
:109BF000F5F4B28D8EDAB38DE3D7B48DBFC5B58DD4
:109C0000C0F5B68D8FDAB78D90DAB88DBBF5B98D0A
:109C100091DABA8DC3F5BB8D92DABC8DC2F5BD8DDC
:109C200093DABE8DBAD6BF8DC1F5C08D94DAC18DE1
:109C300095DAC28D96DAC38DBED4C48DC4F5C58DB8
:109C400097DAC68DCCF5C78D98DAC88D99DAC98DAB
:109C50009ADACA8D9BDACB8DCFB0CC8DF8B5CD8D8D
:109C60009CDACE8DC9F5CF8DCAF5D08D9DDAD18D18
:109C7000DCC5D28D9EDAD38D9FDAD48DA0DAD58D56
:109C800040DBD68DC5F5D78DC6F5D88D41DBD98D96
:109C900042DBDA8DC7F5DB8DCBF5DC8D43DBDD8D6B
:109CA000E0BEDE8DC8F5DF8DFAB8E08D44DBE18DD6
:109CB00045DBE28D46DBE38DD0F5E48DD3F5E58D14
:109CC00047DBE68D48DBE78D49DBE88DE7BFE98DB3
:109CD0004ADBEA8DF2B9EB8DBCF5EC8DCDF5ED8D5F
:109CE0004BDBEE8D4CDBEF8DB7C2F08D4DDBF18D94
:109CF0004EDBF28D4FDBF38DF8CCF48D50DBF58D20
:109D0000F9BCF68D51DBF78DCEF5F88DCFF5F98DD9
:109D1000D1F5FA8DE5B6FB8DD2F5FC8D52DBFD8DCC
:109D2000D5F5FE8D53DBFF8D54DB008E55DB018EA8
:109D300056DB028E57DB038E58DB048E59DB058E13
:109D4000BDF5068E5ADB078E5BDB088E5CDB098E69
:109D5000D4F50A8EBBD30B8E5DDB0C8EECB30D8E6F
:109D60005EDB0E8E5FDB0F8EA4CC108E60DB118E5F
:109D700061DB128E62DB138E63DB148ED6F5158EDB
:109D800064DB168E65DB178E66DB188E67DB198E3B
:109D900068DB1A8E69DB1B8E6ADB1C8E6BDB1D8E0B
:109DA000D7F51E8EE1BE1F8ED8F5208E6CDB218E7E
:109DB0006DDB228EDFCC238EDBF5248E6EDB258ED1
:109DC0006FDB268E70DB278E71DB288E72DB298E8F
:109DD000C8B22A8ED9D72B8E73DB2C8ED9F52D8E57
:109DE00074DB2E8EDAF52F8EDCF5308E75DB318E3E
:109DF000E2F5328E76DB338E77DB348E78DB358E90
:109E0000E0F5368E79DB378E7ADB388E7BDB398E68
:109E1000DFF53A8EDDF53B8E7CDB3C8E7DDB3D8EC7
:109E2000E1F53E8E7EDB3F8E80DB408EDEF5418E9F
:109E3000E4F5428EE5F5438E81DB448EE3CC458E1E
:109E400082DB468E83DB478EBFE5488EB8B5498EF0
:109E5000E3F54A8EE8F54B8EA3CC4C8E84DB4D8E19
:109E600085DB4E8E86DB4F8E87DB508E88DB518EF6
:109E7000E6F5528EE7F5538E89DB548E8ADB558EDC
:109E80008BDB568E8CDB578E8DDB588E8EDB598E9E
:109E9000BEF55A8E8FDB5B8E90DB5C8E91DB5D8E28
:109EA00092DB5E8E93DB5F8E94DB608E95DB618E42
:109EB00096DB628E97DB638E98DB648E99DB658E12
:109EC0009ADB668EC4B1678E9BDB688E9CDB698EE5
:109ED000BFF56A8E9DDB6B8E9EDB6C8EC5B56D8E7D
:109EE000E4B26E8E9FDB6F8EECF5708EE9F5718EAD
:109EF000A0DB728ED7B6738E40DC748EEDF5758E56
:109F000041DC768EEAF5778E42DC788E43DC798E02
:109F100044DC7A8E45DC7B8E46DC7C8EEBF57D8ED8
:109F200047DC7E8E48DC7F8EDAB4808E49DC818E01
:109F3000EAD4828E4ADC838E4BDC848E4CDC858EA8
:109F4000EEF5868E4DDC878EF9B3888E4EDC898ED9
:109F50004FDC8A8E50DC8B8E51DC8C8E52DC8D8EE9
:109F600053DC8E8E54DC8F8EEFF5908EF1F5918E52
:109F700055DC928E56DC938E57DC948EF0F5958EE0
:109F800058DC968E59DC978E5ADC988E5BDC998E65
:109F90005CDC9A8E5DDC9B8E5EDC9C8EF2F59D8E89
:109FA0005FDC9E8EF3F59F8E60DCA08E61DCA18E5F
:109FB00062DCA28E63DCA38E64DCA48E65DCA58EDD
:109FC00066DCA68E67DCA78E68DCA88E69DCA98EAD
:109FD0006ADCAA8E6BDCAB8EEDC9AC8EAAB9AD8EF5
:109FE0006CDCAE8E6DDCAF8EFBC7B08E6EDCB18EDE
:109FF0006FDCB28EE3B6B38E70DCB48E71DCB58EDE
:10A0000072DCB68E73DCB78E74DCB88E75DCB98EFC
:10A0100076DCBA8EC9CCBB8E77DCBC8E78DCBD8E8C
:10A0200079DCBE8E7ADCBF8E7BDCC08E7CDCC18EA0
:10A030007DDCC28E7EDCC38E80DCC48E81DCC58E6E
:10A0400082DCC68E83DCC78E84DCC88E85DCC98E3C
:10A0500086DCCA8E87DCCB8E88DCCC8E89DCCD8E0C
:10A060008ADCCE8EA6EACF8E8BDCD08E8CDCD18EB5
:10A070008DDCD28E8EDCD38E8FDCD48E90DCD58EB0
:10A0800091DCD68E92DCD78E93DCD88E94DCD98E80
:10A0900095DCDA8E96DCDB8E97DCDC8E98DCDD8E50
:10A0A00099DCDE8E9ADCDF8E9BDCE08E9CDCE18E20
:10A0B0009DDCE28E9EDCE38E9FDCE48EA0DCE58EF0
:10A0C00040DDE68E41DDE78E42DDE88E43DDE98E40
:10A0D00044DDEA8E45DDEB8E46DDEC8E47DDED8E10
:10A0E00048DDEE8E49DDEF8E4ADDF08E4BDDF18EE0
:10A0F0004CDDF28E4DDDF38E4EDDF48E4FDDF58EB0
:10A1000050DDF68E51DDF78E52DDF88E53DDF98E7F
:10A1100054DDFA8E55DDFB8E56DDFC8E57DDFD8E4F
:10A1200058DDFE8E59DDFF8E5ADD008F5BDD018F1D
:10A130005CDD028F5DDD038F5EDD048F5FDD058FEB
:10A1400060DD068F61DD078F62DD088F63DD098FBB
:10A1500064DD0A8F65DD0B8F66DD0C8F67DD0D8F8B
:10A1600068DD0E8F69DD0F8F6ADD108F6BDD118F5B
:10A170006CDD128F6DDD138F6EDD148F6FDD158F2B
:10A1800070DD168F71DD178F72DD188F73DD198FFB
:10A1900074DD1A8F75DD1B8F76DD1C8F77DD1D8FCB
:10A1A00078DD1E8F79DD1F8F7ADD208F7BDD218F9B
:10A1B0007CDD228F7DDD238F7EDD248F80DD258F6A
:10A1C00081DD268F82DD278F83DD288F84DD298F37
:10A1D00085DD2A8F86DD2B8F87DD2C8F88DD2D8F07
:10A1E00089DD2E8F8ADD2F8F8BDD308F8CDD318FD7
:10A1F0008DDD328F8EDD338F8FDD348F90DD358FA7
:10A2000091DD368F92DD378F93DD388F94DD398F76
:10A2100095DD3A8F96DD3B8F97DD3C8F98DD3D8F46
:10A2200099DD3E8F9ADD3F8F9BDD408F9CDD418F16
:10A230009DDD428F9EDD438F9FDD448FA0DD458FE6
:10A2400040DE468F41DE478F42DE488F43DE498F36
:10A2500044DE4A8F45DE4B8F46DE4C8F47DE4D8F06
:10A2600048DE4E8F49DE4F8F4ADE508F4BDE518FD6
:10A270004CDE528F4DDE538F4EDE548F4FDE558FA6
:10A2800050DE568F51DE578F52DE588F53DE598F76
:10A2900054DE5A8F55DE5B8F56DE5C8F57DE5D8F46
:10A2A00058DE5E8F59DE5F8F5ADE608F5BDE618F16
:10A2B0005CDE628F5DDE638F5EDE648F5FDE658FE6
:10A2C00060DE668FB5B3678FFED4688FECB9698F97
:10A2D000F9D06A8F61DE6B8FEDE96C8FAAD76D8F35
:10A2E000EEE96E8FD6C26F8FEDC8708FE4BA718FB2
:10A2F000EFE9728FF0E9738FF1E9748FE1D6758F12
:10A30000F2E9768FF3E9778FF5E9788FF4E9798FC1
:10A31000F6E97A8FF7E97B8FE1C77C8FF8E97D8FCB
:10A32000D8D47E8FF9E97F8FCEBD808F62DE818F9A
:10A33000FAE9828FFBE9838FCFBD848FFCE9858F9B
:10A34000A8B8868FBEC1878FFDE9888FB2B1898F8B
:10A35000D4BB8A8FF5B98B8FFEE98C8F63DE8D8F2E
:10A36000A1EA8E8FA2EA8F8FA3EA908FF8B7918F20
:10A37000ADBC928F64DE938FE4CA948FCEE0958F4C
:10A38000AFD4968FBDCF978FB7D5988FA4EA998F0A
:10A39000DED59A8FA5EA9B8FC1D09C8FBCB99D8FCB
:10A3A00065DE9E8FC7B49F8FD9B1A08F66DEA18F67
:10A3B00067DEA28F68DEA38FB1C0A48F69DEA58F90
:10A3C0006ADEA68F6BDEA78F6CDEA88FE6B1A98F41
:10A3D000E7B1AA8F6DDEAB8FE8B1AC8F6EDEAD8FCB
:10A3E0006FDEAE8F70DEAF8F71DEB08FBDB3B18F19
:10A3F000E8C8B28F72DEB38F73DEB48F74DEB58FB0
:10A4000075DEB68FC1E5B78F76DEB88F77DEB98F90
:10A41000DFB1BA8F78DEBB8F79DEBC8F7ADEBD8F7D
:10A42000C9C1BE8FEFB4BF8F7BDEC08F7CDEC18F12
:10A43000A8C7C28FD8D3C38F7DDEC48FF9C6C58F9E
:10A44000B8D1C68F7EDEC78FFDB9C88FF5C2C98F60
:10A4500080DECA8F81DECB8F82DECC8F83DECD8F14
:10A4600084DECE8FADD3CF8F85DED08FCBD4D18F8E
:10A47000FCBDD28F86DED38FC2E5D48FB5B7D58F22
:10A48000C3E5D68F87DED78F88DED88FB9BBD98F4B
:10A49000E2D5DA8F89DEDB8FF8BDDC8FB6D4DD8FB5
:10A4A000A5CEDE8FACC1DF8FD9B3E08F8ADEE18F1E
:10A4B0008BDEE28FF6CCE38F8CDEE48FC6E5E58F92
:10A4C000C4E5E68FC8E5E78F8DDEE88FCAE5E98F42
:10A4D000C7E5EA8FCFB5EB8FC8C6EC8F8EDEED8F68
:10A4E000FCB5EE8FC5E5EF8F8FDEF08FF6CAF18FEA
:10A4F00090DEF28F91DEF38FC9E5F48F92DEF58F57
:10A5000093DEF68F94DEF78FD4C3F88FC5B1F98F41
:10A51000A3BCFA8F95DEFB8F96DEFC8F97DEFD8F56
:10A52000B7D7FE8F98DEFF8F99DE0090CBCD0190DC
:10A53000CDCB0290CACA0390D3CC0490CCE5059051
:10A54000CBE50690E6C407909ADE08909BDE099062
:10A55000A1D10A90B7D10B90CDE50C909CDE0D9067
:10A56000D0E50E909DDE0F90B8CD1090F0D61190F2
:10A57000CFE51290DDB513909EDE1490BECD159000
:10A580009FDE1690D1E51790BAB61890A0DE19900C
:10A5900040DF1A90A8CD1B90E4B91C9041DF1D90BC
:10A5A000C5CA1E90D1B31F90D9CB2090ECD4219076
:10A5B000D2E52290EAB7239042DF249043DF259032
:10A5C00044DF2690CEE5279045DF289046DF29908E
:10A5D00047DF2A9048DF2B9049DF2C904ADF2D90EF
:10A5E000D5E52E90FEB42F90D6E530904BDF31901C
:10A5F0004CDF32904DDF33904EDF34904FDF35909B
:10A60000D3E53690D4E5379050DF3890DDD23990DD
:10A6100051DF3A9052DF3B90DFC23C90C6B13D9093
:10A6200053DF3E90E2D33F9054DF409055DF41909E
:10A63000DDB64290ECCB439056DF4490D7E5459091
:10A6400057DF469058DF4790F6D3489059DF49903E
:10A650005ADF4A905BDF4B905CDF4C905DDF4D90A2
:10A66000E9B14E905EDF4F90F4B65090DAE551902C
:10A67000D8E55290D9E55390C0B554905FDF55901E
:10A6800060DF569061DF5790C5D25890DCE5599055
:10A6900062DF5A9063DF5B90DEE55C9064DF5D9083
:10A6A00065DF5E9066DF5F9067DF609068DF6190D6
:10A6B00069DF6290DDE56390B2C764906ADF659000
:10A6C000A3D266906BDF67906CDF6890DBE56990E2
:10A6D0006DDF6A906EDF6B906FDF6C9070DF6D9056
:10A6E000E2D46E90DAD56F9071DF709072DF719066
:10A6F00073DF729074DF739075DF7490E0E575908E
:10A70000F1D7769076DF779077DF789078DF799061
:10A7100079DF7A907ADF7B907BDF7C907CDF7D90A5
:10A72000E1E57E907DDF7F90DCB18090FBD1819070
:10A730007EDF8290E2E58390E4E5849080DF85907F
:10A7400081DF869082DF879083DF8890E3E58990C0
:10A7500084DF8A9085DF8B90E5E58C9086DF8D9095
:10A7600087DF8E9088DF8F9089DF90908ADF9190CD
:10A77000D8D292908BDF9390CBB594908CDF95904C
:10A78000DFE796908DDF9790F5DA98908EDF9990BD
:10A79000F8DA9A908FDF9B90F6DA9C9090DF9D908C
:10A7A000F7DA9E9091DF9F9092DFA09093DFA190C7
:10A7B000FADAA290CFD0A390C7C4A49094DFA5905A
:10A7C00095DFA690EEB0A79096DFA89097DFA990AE
:10A7D00098DFAA90B0D0AB9099DFAC90F9DAAD9049
:10A7E0009ADFAE90CAD3AF90AABAB090A2DBB19074
:10A7F000F1C7B2909BDFB390FCDAB490FBDAB5906E
:10A80000DBC9B690FDDAB7909CDFB890A1DBB990B8
:10A81000DED7BA90FEDABB90DAC1BC909DDFBD9066
:10A820009EDFBE90A5DBBF909FDFC090A0DFC190F0
:10A83000F4D3C29040E0C39041E0C490A7DBC59040
:10A84000A4DBC69042E0C790A8DBC89043E0C99063
:10A8500044E0CA90BCBDCB9045E0CC9046E0CD90A2
:10A8600047E0CE90C9C0CF90A3DBD090A6DBD190BB
:10A87000A3D6D29048E0D390A9DBD49049E0D590FC
:10A880004AE0D6904BE0D790ADDBD8904CE0D99021
:10A890004DE0DA904EE0DB90AEDBDC90ACDBDD909F
:10A8A000C2BADE904FE0DF9050E0E09051E0E190DE
:10A8B000A4BFE290ABDBE39052E0E49053E0E5907C
:10A8C00054E0E690AADBE790C7D4E890BFB2E990E5
:10A8D00055E0EA9056E0EB90AFDBEC9057E0ED905E
:10A8E000F9B9EE9058E0EF90B0DBF09059E0F190BC
:10A8F0005AE0F2905BE0F3905CE0F490BBB3F5902B
:10A900005DE0F6905EE0F7905FE0F890A6B5F99014
:10A9100060E0FA9061E0FB9062E0FC9063E0FD9003
:10A92000BCB6FE90B1DBFF9064E0009165E0019160
:10A9300066E00291F5B6039167E00491B2DB059100
:10A9400068E0069169E007916AE008916BE009917F
:10A950006CE00A916DE00B916EE00C916FE00D914F
:10A9600070E00E9171E00F9172E0109173E011911F
:10A9700074E0129175E0139176E0149177E01591EF
:10A9800078E0169179E017917AE018917BE01991BF
:10A99000C9B11A917CE01B917DE01C917EE01D9174
:10A9A00080E01E91B4DB1F9181E0209182E0219133
:10A9B00083E02291B3DB2391B5DB249184E02591E0
:10A9C00085E0269186E0279187E0289188E029910B
:10A9D00089E02A918AE02B918BE02C918CE02D91DB
:10A9E0008DE02E918EE02F91B7DB30918FE0319189
:10A9F000B6DB329190E0339191E0349192E0359161
:10AA000093E0369194E0379195E0389196E0399152
:10AA1000B8DB3A9197E03B9198E03C9199E03D9109
:10AA20009AE03E919BE03F919CE040919DE04191F6
:10AA30009EE042919FE04391B9DB4491A0E04591B3
:10AA400040E14691BADB479141E1489142E14991A9
:10AA5000CFD34A91FAF44B91F5C74C91C3D74D919E
:10AA6000E4C54E91FCF44F91FDF45091FBF45191EB
:10AA700043E15291C6BE539144E1549145E1559151
:10AA800046E1569147E15791EFD0589148E15991ED
:10AA900049E15A91D3B75B914AE15C914BE15D91F9
:10AAA000CDD45E91AACC5F914CE160914DE1619172
:10AAB000A2F56291A1F56391A8BA6491FEF4659143
:10AAC000D6CB66914EE167914FE1689150E1699173
:10AAD000A4F56A91D2C06B9151E16C91EAB36D918A
:10AAE00052E16E91AACD6F91A5F57091A3F5719188
:10AAF000B4BD7291A8F5739153E17491A9F5759164
:10AB0000CDBD7691B8C37791E1BF7891E1CB7991D2
:10AB1000AAF57A9154E17B9155E17C9156E17D91C2
:10AB2000A6F57E91A7F57F91F0C4809157E18191C0
:10AB300058E1829159E183915AE184915BE18591D9
:10AB4000ACF586915CE18791BCB488915DE1899117
:10AB5000EDD78A915EE18B91D7B48C91ABF58D9155
:10AB6000AEF58E915FE18F9160E19091ADF591919D
:10AB7000AFF59291D1D0939161E1949162E1959179
:10AB800063E1969164E1979165E1989166E199910D
:10AB900067E19A91D1C39B91A9C89C9168E19D916D
:10ABA00069E19E916AE19F916BE1A0916CE1A191B5
:10ABB0006DE1A291B0F5A391B1F5A4916EE1A591DB
:10ABC0006FE1A69170E1A79171E1A89172E1A9915D
:10ABD00073E1AA91B2F5AB9174E1AC9175E1AD91DD
:10ABE000B3F5AE91B4F5AF91B5F5B09176E1B19111
:10ABF00077E1B29178E1B39179E1B491B7F5B5918C
:10AC0000B6F5B6917AE1B7917BE1B8917CE1B99163
:10AC10007DE1BA91B8F5BB917EE1BC9180E1BD9137
:10AC200081E1BE9182E1BF9183E1C09184E1C19154
:10AC300085E1C29186E1C39187E1C49188E1C59124
:10AC400089E1C6918AE1C791C9B2C8918BE1C991E6
:10AC5000D4D3CA91CDCACB918CE1CC91EFC0CD9128
:10AC6000D8D6CE91B0D2CF91BFC1D0918DE1D19144
:10AC7000F0BDD2918EE1D3918FE1D49190E1D59145
:10AC800091E1D69192E1D79193E1D89194E1D99154
:10AC900095E1DA9196E1DB9197E1DC91AAB8DD913B
:10ACA00098E1DE9199E1DF919AE1E0919BE1E191F8
:10ACB0009CE1E2919DE1E3919EE1E4919FE1E591C8
:10ACC000A0E1E69140E2E79141E2E89142E2E991B8
:10ACD00043E2EA9144E2EB9145E2EC9146E2ED91E8
:10ACE00047E2EE9148E2EF9149E2F0914AE2F191B8
:10ACF0004BE2F2914CE2F3914DE2F4914EE2F59188
:10AD00004FE2F69150E2F79151E2F89152E2F99157
:10AD100053E2FA9154E2FB9155E2FC9156E2FD9127
:10AD200057E2FE9158E2FF9159E200925AE20192F5
:10AD30005BE202925CE203925DE204925EE20592C3
:10AD40005FE2069260E2079261E2089262E2099293
:10AD500063E20A9264E20B9265E20C9266E20D9263
:10AD600067E20E9268E20F9269E210926AE2119233
:10AD70006BE212926CE213926DE214926EE2159203
:10AD80006FE2169270E2179271E2189272E21992D3
:10AD900073E21A9274E21B9275E21C9276E21D92A3
:10ADA00077E21E9278E21F9279E220927AE2219273
:10ADB0007BE222927CE223927DE224927EE2259243
:10ADC00080E2269281E2279282E2289283E229920F
:10ADD00084E22A9285E22B9286E22C9287E22D92DF
:10ADE00088E22E9289E22F928AE230928BE23192AF
:10ADF0008CE232928DE233928EE234928FE235927F
:10AE000090E2369291E2379292E2389293E239924E
:10AE100094E23A9295E23B9296E23C9297E23D921E
:10AE200098E23E9299E23F929AE240929BE24192EE
:10AE30009CE242929DE243929EE244929FE24592BE
:10AE4000A0E2469240E3479241E3489242E34992AE
:10AE500043E34A9244E34B9245E34C9246E34D92DE
:10AE600047E34E9248E34F9249E350924AE35192AE
:10AE70004BE352924CE353924DE354924EE355927E
:10AE80004FE3569250E3579251E3589252E359924E
:10AE900053E35A9254E35B9255E35C9256E35D921E
:10AEA00057E35E9258E35F9259E360925AE36192EE
:10AEB0005BE362925CE363925DE364925EE36592BE
:10AEC0005FE3669260E3679261E3689262E369928E
:10AED00063E36A9264E36B9265E36C9266E36D925E
:10AEE00067E36E9268E36F9269E370926AE371922E
:10AEF0006BE372926CE373926DE37492F8BC75929B
:10AF00006EE376926FE3779270E3789271E37992D1
:10AF100072E37A9273E37B9274E37C9275E37D92A1
:10AF200076E37E9277E37F9278E3809279E3819271
:10AF30007AE382927BE383927CE384927DE3859241
:10AF40007EE3869280E3879281E3889282E389920E
:10AF500083E38A9284E38B9285E38C9286E38D92DD
:10AF600087E38E92C6F68F9288E3909289E391925E
:10AF70008AE392928BE393928CE394928DE3959281
:10AF80008EE396928FE3979290E3989291E3999251
:10AF900092E39A9293E39B9294E39C9295E39D9221
:10AFA00096E39E9297E39F9298E3A09299E3A192F1
:10AFB0009AE3A2929BE3A3929CE3A4929DE3A592C1
:10AFC0009EE3A6929FE3A792A0E3A89240E4A992F1
:10AFD00041E4AA9242E4AB9243E4AC9244E4AD92E1
:10AFE00045E4AE92C7F6AF9246E4B09247E4B19220
:10AFF00048E4B29249E4B3924AE4B4924BE4B59285
:10B000004CE4B6924DE4B7924EE4B8924FE4B99254
:10B0100050E4BA9251E4BB9252E4BC9253E4BD9224
:10B0200054E4BE9255E4BF9256E4C09257E4C192F4
:10B0300058E4C29259E4C3925AE4C4925BE4C592C4
:10B040005CE4C6925DE4C7925EE4C892C8F6C99219
:10B050005FE4CA9260E4CB9261E4CC9262E4CD9268
:10B0600063E4CE9264E4CF9265E4D09266E4D19238
:10B0700067E4D29268E4D39269E4D4926AE4D59208
:10B080006BE4D6926CE4D7926DE4D8926EE4D992D8
:10B090006FE4DA9270E4DB9271E4DC9272E4DD92A8
:10B0A00073E4DE9274E4DF9275E4E09276E4E19278
:10B0B00077E4E29278E4E39279E4E4927AE4E59248
:10B0C0007BE4E6927CE4E7927DE4E8927EE4E99218
:10B0D00080E4EA9281E4EB9282E4EC9283E4ED92E4
:10B0E00084E4EE9285E4EF9286E4F09287E4F192B4
:10B0F00088E4F29289E4F3928AE4F4928BE4F59284
:10B100008CE4F6928DE4F7928EE4F8928FE4F99253
:10B1100090E4FA9291E4FB9292E4FC9293E4FD9223
:10B1200094E4FE9295E4FF9296E4009397E40193F1
:10B1300098E4029399E403939AE404939BE40593BF
:10B140009CE406939DE407939EE408939FE409938F
:10B15000A0E40A9340E50B9341E50C9342E50D937F
:10B1600043E50E9344E50F9345E5109346E51193AF
:10B1700047E5129348E5139349E514934AE515937F
:10B180004BE516934CE517934DE518934EE519934F
:10B190004FE51A9350E51B9351E51C9352E51D931F
:10B1A00053E51E9354E51F9355E5209356E52193EF
:10B1B00057E5229358E5239359E524935AE52593BF
:10B1C0005BE526935CE527935DE528935EE529938F
:10B1D0005FE52A9360E52B9361E52C9362E52D935F
:10B1E00063E52E9364E52F9365E5309366E531932F
:10B1F00067E5329368E5339369E534936AE53593FF
:10B200006BE536936CE537936DE538936EE53993CE
:10B210006FE53A9370E53B9371E53C9372E53D939E
:10B2200073E53E93C9F63F9374E5409375E541930A
:10B2300076E5429377E5439378E5449379E5459342
:10B240007AE546937BE547937CE548937DE5499312
:10B250007EE54A9380E54B9381E54C9382E54D93DF
:10B2600083E54E9384E54F9385E5509386E55193AE
:10B2700087E5529388E5539389E554938AE555937E
:10B280008BE556938CE557938DE558938EE559934E
:10B290008FE55A9390E55B9391E55C9392E55D931E
:10B2A00093E55E9394E55F9395E5609396E56193EE
:10B2B00097E5629398E5639399E564939AE56593BE
:10B2C0009BE566939CE567939DE568939EE569938E
:10B2D0009FE56A93CAF66B93A0E56C9340E66D9385
:10B2E00041E66E9342E66F9343E6709344E67193B2
:10B2F00045E6729346E6739347E6749348E6759382
:10B3000049E676934AE677934BE678934CE6799351
:10B310004DE67A934EE67B934FE67C9350E67D9321
:10B3200051E67E9352E67F9353E6809354E68193F1
:10B3300055E6829356E6839357E6849358E68593C1
:10B3400059E686935AE687935BE688935CE6899391
:10B350005DE68A935EE68B935FE68C9360E68D9361
:10B3600061E68E9362E68F93CCF6909363E69193B9
:10B3700064E6929365E6939366E6949367E6959305
:10B3800068E6969369E697936AE698936BE69993D5
:10B390006CE69A936DE69B936EE69C936FE69D93A5
:10B3A00070E69E9371E69F9372E6A09373E6A19375
:10B3B00074E6A29375E6A39376E6A49377E6A59345
:10B3C00078E6A69379E6A7937AE6A8937BE6A99315
:10B3D0007CE6AA937DE6AB937EE6AC9380E6AD93E4
:10B3E00081E6AE9382E6AF9383E6B09384E6B193B1
:10B3F00085E6B29386E6B39387E6B49388E6B59381
:10B4000089E6B6938AE6B7938BE6B8938CE6B99350
:10B410008DE6BA938EE6BB938FE6BC9390E6BD9320
:10B4200091E6BE9392E6BF9393E6C09394E6C193F0
:10B4300095E6C29396E6C39397E6C49398E6C593C0
:10B4400099E6C6939AE6C7939BE6C8939CE6C99390
:10B450009DE6CA93CBF6CB939EE6CC939FE6CD9325
:10B46000A0E6CE9340E7CF9341E7D09342E7D19354
:10B4700043E7D29344E7D39345E7D49346E7D59384
:10B4800047E7D693E9F7D79348E7D89349E7D993A5
:10B490004AE7DA934BE7DB934CE7DC934DE7DD9328
:10B4A0004EE7DE934FE7DF9350E7E09351E7E193F8
:10B4B00052E7E29353E7E39354E7E49355E7E593C8
:10B4C00056E7E69357E7E79358E7E89359E7E99398
:10B4D0005AE7EA935BE7EB935CE7EC935DE7ED9368
:10B4E0005EE7EE935FE7EF9360E7F09361E7F19338
:10B4F00062E7F29363E7F39364E7F49365E7F59308
:10B5000066E7F69367E7F79368E7F89369E7F993D7
:10B510006AE7FA936BE7FB936CE7FC936DE7FD93A7
:10B520006EE7FE936FE7FF9370E7009471E7019475
:10B5300072E7029473E7039474E7049475E7059443
:10B5400076E7069477E7079478E7089479E7099413
:10B550007AE70A947BE70B947CE70C947DE70D94E3
:10B560007EE70E9480E70F9481E7109482E71194B0
:10B5700083E7129484E7139485E7149486E715947F
:10B5800087E7169488E7179489E718948AE719944F
:10B590008BE71A948CE71B948DE71C948EE71D941F
:10B5A0008FE71E9490E71F9491E7209492E72194EF
:10B5B00093E7229494E7239495E7249496E72594BF
:10B5C00097E7269498E7279499E728949AE729948F
:10B5D0009BE72A949CE72B949DE72C949EE72D945F
:10B5E0009FE72E94A0E72F9440E8309441E83194EF
:10B5F00042E8329443E8339444E8349445E835947F
:10B6000046E8369447E8379448E8389449E839944E
:10B610004AE83A944BE83B944CE83C944DE83D941E
:10B620004EE83E94CDF63F944FE8409450E8419464
:10B6300051E8429452E8439453E8449454E84594C2
:10B6400055E8469456E8479457E8489458E8499492
:10B6500059E84A945AE84B945BE84C945CE84D9462
:10B660005DE84E945EE84F945FE8509460E8519432
:10B6700061E8529462E8539463E8549464E8559402
:10B6800065E8569466E8579467E8589468E85994D2
:10B6900069E85A946AE85B946BE85C946CE85D94A2
:10B6A0006DE85E946EE85F946FE8609470E8619472
:10B6B00071E8629472E8639473E8649474E8659442
:10B6C00075E8669476E8679477E8689478E8699412
:10B6D00079E86A947AE86B94CEF66C947BE86D9482
:10B6E0007CE86E947DE86F947EE8709480E87194B5
:10B6F00081E8729482E8739483E8749484E8759482
:10B7000085E8769486E8779487E8789488E8799451
:10B7100089E87A948AE87B948BE87C948CE87D9421
:10B720008DE87E948EE87F948FE8809490E88194F1
:10B7300091E8829492E8839493E8849494E88594C1
:10B74000C4EE8694C5EE8794C6EE8894EBD58994B2
:10B75000A4B68A94C8EE8B94C7EE8C94C9EE8D94EF
:10B76000CAEE8E94A5C78F94CBEE9094CCEE9194B4
:10B7700095E89294B0B79394F6B59494CDEE9594E1
:10B78000CFEE969496E89794CEEE989497E8999495
:10B79000C6B89A94D0EE9B94D1EE9C94D2EE9D9430
:10B7A000DBB69E94AEB39F94D3D6A094C6C4A194A6
:10B7B000B5B1A294D6B8A394D3EEA494D4EEA59434
:10B7C000BFD4A694D5C7A794FBBEA894D9CEA994FC
:10B7D000B3B9AA94D6EEAB94D5EEAC94D8EEAD94B2
:10B7E000D7EEAE94A5C5AF94D9EEB094DAEEB1948D
:10B7F000AEC7B294DBEEB394AFC7B494DCEEB594AD
:10B80000A7B2B694DDEEB794DEEEB894DFEEB9944D
:10B81000E0EEBA94E1EEBB94EAD7BC94E2EEBD94BC
:10B82000E3EEBE94D8BCBF94E4EEC094CBD3C194F5
:10B83000FACCC294ACB2C394E5C1C494E5EEC5940D
:10B84000A6C7C694ADC3C79498E8C894E6EEC99459
:10B85000E7EECA94E8EECB94E9EECC94EAEECD9410
:10B86000EBEECE94ECEECF9499E8D094EDEED1943B
:10B87000EEEED294EFEED3949AE8D4949BE8D5946C
:10B88000F0EED694F1EED794F2EED894F4EED9948B
:10B89000F3EEDA949CE8DB94F5EEDC94ADCDDD9428
:10B8A000C1C2DE94F6EEDF94F7EEE094F8EEE19498
:10B8B000A1D5E294F9EEE394B3CFE494FAEEE594E3
:10B8C000FBEEE6949DE8E794FCEEE894FDEEE99447
:10B8D000A1EFEA94FEEEEB94A2EFEC94F5B8ED94B0
:10B8E000FAC3EE94A3EFEF94A4EFF094C2BDF194E9
:10B8F000BFD2F294F9B2F394A5EFF494A6EFF594C5
:10B90000A7EFF694F8D2F794A8EFF894FDD6F9943F
:10B91000A9EFFA94CCC6FB949EE8FC94AAEFFD94A0
:10B92000ABEFFE94B4C1FF94ACEF0095FACF019554
:10B93000F8CB0295AEEF0395ADEF0495FAB30595FC
:10B94000F8B90695AFEF0795B0EF0895E2D00995E5
:10B95000B1EF0A95B2EF0B95E6B70C95BFD00D95F8
:10B96000B3EF0E95B4EF0F95B5EF1095F1C81195A3
:10B97000E0CC1295B6EF1395B7EF1495B8EF159587
:10B98000B9EF1695BAEF1795E0D51895BBEF199555
:10B99000EDB41A95AAC31B95BCEF1C959FE81D95A5
:10B9A000BDEF1E95BEEF1F95BFEF2095A0E8219536
:10B9B000FDCE2295C0EF2395E0C22495B8B425951D
:10B9C000B6D72695F5BD279540E92895C7CF299587
:10B9D000C3EF2A95C1EF2B95C2EF2C95C4EF2D959F
:10B9E000A7B62E95FCBC2F95E2BE3095CCC3319501
:10B9F000C5EF3295C6EF339541E93495C7EF3595DC
:10BA0000CFEF3695C8EF3795C9EF3895CAEF39951E
:10BA1000C2C73A95F1EF3B95CDB63C95CBEF3D953E
:10BA200042E93E95CCEF3F95CDEF4095C6B64195A6
:10BA3000BEC34295CEEF439543E94495D0EF45957B
:10BA4000D1EF4695D2EF4795F2D5489544E949950F
:10BA5000D3EF4A95F7C44B9545E94C95D4EF4D95F6
:10BA6000F8C44E95D5EF4F95D6EF5095E4B8519563
:10BA7000F7B05295D7EF5395D8EF5495D9EF559528
:10BA800046E95695DAEF5795DBEF5895DCEF599577
:10BA9000DDEF5A9547E95B95DEEF5C95B5BE5D95A8
:10BAA000E1EF5E95DFEF5F95E0EF609548E9619526
:10BAB000E2EF6295E3EF6395CDC16495E4EF6595A0
:10BAC000E5EF6695E6EF6795E7EF6895E8EF69952E
:10BAD000E9EF6A95EAEF6B95EBEF6C95ECEF6D95FE
:10BAE000D8C06E9549E96F95EDEF7095ADC1719530
:10BAF000EEEF7295EFEF7395F0EF74954AE9759557
:10BB00004BE97695E2CF77954CE978954DE97995B3
:10BB10004EE97A954FE97B9550E97C9551E97D9501
:10BB200052E97E9553E97F95A4B3809554E98195B8
:10BB300055E9829556E9839557E9849558E98595A5
:10BB400059E986955AE987955BE988955CE9899575
:10BB50005DE98A955EE98B955FE98C9560E98D9545
:10BB600061E98E9562E98F9563E9909564E9919515
:10BB700065E9929566E9939567E9949568E99595E5
:10BB800069E996956AE997956BE998956CE99995B5
:10BB90006DE99A956EE99B956FE99C9570E99D9585
:10BBA00071E99E9572E99F9573E9A09574E9A19555
:10BBB00075E9A29576E9A39577E9A49578E9A59525
:10BBC00079E9A6957AE9A7957BE9A8957CE9A995F5
:10BBD0007DE9AA957EE9AB9580E9AC9581E9AD95C3
:10BBE00082E9AE9583E9AF9584E9B09585E9B19591
:10BBF00086E9B29587E9B39588E9B49589E9B59561
:10BC00008AE9B6958BE9B7958CE9B8958DE9B99530
:10BC10008EE9BA958FE9BB9590E9BC9591E9BD9500
:10BC200092E9BE9593E9BF9594E9C09595E9C195D0
:10BC300096E9C29597E9C39598E9C49599E9C595A0
:10BC40009AE9C6959BE9C7959CE9C8959DE9C99570
:10BC50009EE9CA959FE9CB95A0E9CC9540EACD95A0
:10BC600041EACE9542EACF9543EAD09544EAD19590
:10BC700045EAD29546EAD39547EAD49548EAD59560
:10BC800049EAD6954AEAD7954BEAD8954CEAD99530
:10BC90004DEADA954EEADB954FEADC9550EADD9500
:10BCA00051EADE9552EADF9553EAE09554EAE195D0
:10BCB00055EAE29556EAE39557EAE49558EAE595A0
:10BCC00059EAE6955AEAE7955BEAE895C5C3E9952E
:10BCD000C5E3EA95C1C9EB95C6E3EC955CEAED9541
:10BCE000D5B1EE95CACEEF95B3B4F095F2C8F19503
:10BCF000C7E3F295D0CFF395C8E3F495E4BCF5958E
:10BD0000C9E3F695CAE3F795C6C3F895A2D5F995A8
:10BD1000D6C4FA95EBB9FB95C5CEFC95CBE3FD9562
:10BD2000F6C3FE95CCE3FF955DEA0096A7B70196B2
:10BD3000F3B80296D2BA0396CDE30496CEE3059605
:10BD4000C4D40696CFE307965EEA0896D0E3099638
:10BD5000CBD10A96D1E30B96D2E30C96D3E30D96A2
:10BD6000D4E30E96D6D10F96D5E31096FBB211967A
:10BD7000BBC01296D6E313965FEA1496ABC0159635
:10BD8000D7E31696D8E31796D9E3189660EA199682
:10BD9000DAE31A96DBE31B9661EA1C96B7B81D96A8
:10BDA000E2DA1E9662EA1F96D3B6209663EA2196DF
:10BDB000E4DA2296E3DA239664EA249665EA259685
:10BDC00066EA269667EA279668EA289669EA299637
:10BDD0006AEA2A96E6DA2B966BEA2C966CEA2D969E
:10BDE0006DEA2E96EEC82F966EEA30966FEA31967F
:10BDF000E5DA3296C0B73396F4D13496F5D235965B
:10BE0000F3D53696D7BD379670EA389671EA3996EB
:10BE100072EA3A9673EA3B96E8D73C96E8DA3D96A2
:10BE2000E7DA3E9674EA3F96A2B04096D3CD4196AB
:10BE300075EA4296E9DA439676EA4496BDB84596A5
:10BE4000CABC4696BDC24796A4C24896C2B349969C
:10BE5000EADA4A9677EA4B96AAC24C96B0C44D9657
:10BE6000B5BD4E9678EA4F9679EA5096DECF519658
:10BE70007AEA52967BEA53967CEA5496EBDA559628
:10BE8000C2C956967DEA57967EEA589680EA599638
:10BE900081EA5A9682EA5B96DDB15C9683EA5D960A
:10BEA00084EA5E9685EA5F96ECDA609686EA6196A9
:10BEB000B8B66296BAD4639687EA6496FDB365967F
:10BEC00088EA669689EA6796EDDA6896C9D4699633
:10BED000D5CF6A96E3C56B968AEA6C96EEDA6D96D4
:10BEE0008BEA6E968CEA6F968DEA70968EEA719662
:10BEF0008FEA7296EFDA739690EA7496F0DA759696
:10BF0000EAC17696D5CC7796DDCF789691EA799688
:10BF100092EA7A9693EA7B9694EA7C9695EA7D96E5
:10BF200096EA7E9697EA7F9698EA809699EA8196B5
:10BF30009AEA82969BEA83969CEA84969DEA859685
:10BF4000E7D38696A1C287969EEA8896F1DA89960B
:10BF50009FEA8A96A0EA8B96E5CB8C9640EB8D966D
:10BF6000F2DA8E9641EB8F96E6CB9096FED29196C2
:10BF700042EB929643EB939644EB9496F4B89596E5
:10BF800045EB969646EB9796F3DA9896AFB099966E
:10BF9000B6CF9A9647EB9B9648EB9C96CFD59D964D
:10BFA00049EB9E964AEB9F964BEBA0964CEBA196E5
:10BFB0004DEBA2964EEBA3964FEBA49650EBA596B5
:10BFC00051EBA69652EBA796EDCBA89653EBA9960C
:10BFD00054EBAA9655EBAB9656EBAC9657EBAD9659
:10BFE00058EBAE9659EBAF965AEBB096F4DAB196A1
:10BFF0005BEBB2965CEBB396C4E3B4965DEBB5969F
:10C000005EEBB696A5C1B7965FEBB89660EBB996B6
:10C01000BFF6BA9661EBBB9662EBBC96C0F6BD96D6
:10C02000C1F6BE96D1C4BF9663EBC096B8C8C196A0
:10C03000E3D1C29664EBC39665EBC496DBD0C5969C
:10C04000C5D1C696AFBCC796CDB9C89666EBC996A2
:10C05000F4EFCA9667EBCB9668EBCC96C6B4CD9658
:10C06000BAD3CE96C2F6CF96FBB3D09669EBD196F3
:10C070006AEBD296C3F6D3966BEBD4966CEBD5965F
:10C08000F1B5D6966DEBD7966EEBD8966FEBD99649
:10C0900070EBDA9671EBDB9672EBDC9673EBDD9668
:10C0A00074EBDE9675EBDF9676EBE096C5F6E196DF
:10C0B00077EBE29678EBE39679EBE4967AEBE5960C
:10C0C0007BEBE6967CEBE7967DEBE896EAD3E99688
:10C0D000A7F6EA96A9D1EB967EEBEC9680EBED966F
:10C0E00081EBEE9682EBEF96A9F6F09683EBF19654
:10C0F00084EBF29685EBF396A8F6F49686EBF5962C
:10C1000087EBF696E3C1F796D7C0F89688EBF996D9
:10C11000A2B1FA9689EBFB968AEBFC968BEBFD9627
:10C120008CEBFE96EDCEFF968DEB0097E8D0019755
:10C13000ABF602978EEB03978FEB0497F6CF05973C
:10C1400090EB0697AAF60797F0D50897ACF60997F3
:10C15000B9C30A9791EB0B9792EB0C9793EB0D9762
:10C16000F4BB0E97AEF60F97ADF6109794EB1197C0
:10C1700095EB129796EB1397DEC4149797EB1597F0
:10C1800098EB1697D8C1179799EB18979AEB1997D0
:10C190009BEB1A979CEB1B979DEB1C97AACB1D97CB
:10C1A0009EEB1E97BCCF1F979FEB2097A0EB21978C
:10C1B00040EC229741EC239742EC249743EC2597DF
:10C1C00044EC269745EC279746EC289747EC2997AF
:10C1D00048EC2A97AFF62B9749EC2C974AEC2D9711
:10C1E000B0F62E974BEC2F974CEC3097B1F6319779
:10C1F0004DEC3297B6C233974EEC34974FEC3597EF
:10C2000050EC369751EC379752EC3897D4B03997B9
:10C21000F9C53A9753EC3B9754EC3C9755EC3D9756
:10C2200056EC3E97B2F63F9757EC409758EC419743
:10C2300059EC42975AEC43975BEC44975CEC45977A
:10C240005DEC46975EEC47975FEC489760EC49974A
:10C2500061EC4A9762EC4B9763EC4C9764EC4D971A
:10C2600065EC4E9766EC4F9767EC509768EC5197EA
:10C2700069EC5297E0C75397A6F654976AEC559726
:10C280006BEC5697B8BE57976CEC58976DEC599776
:10C29000B2BE5A976EEC5B97E5B55C976FEC5D9715
:10C2A00070EC5E97C7B75F9771EC6097BFBF6197FF
:10C2B000D2C36297E6C3639772EC649773EC659799
:10C2C000CCD8669774EC679775EC689776EC6997AD
:10C2D000EFB86A9777EC6B9778EC6C9779EC6D9781
:10C2E0007AEC6E977BEC6F977CEC70977DEC719796
:10C2F0007EEC729780EC7397F9BD7497A5D1759712
:10C3000081EC7697D0B0779782EC789783EC799729
:10C3100084EC7A9785EC7B9786EC7C97B0F77D97D9
:10C3200087EC7E9788EC7F9789EC80978AEC8197E1
:10C330008BEC82978CEC83978DEC84978EEC8597B1
:10C34000B1F786978FEC879790EC889791EC899757
:10C3500092EC8A9793EC8B97ACD08C9794EC8D975A
:10C36000B0B08E9795EC8F9796EC909797EC91974D
:10C37000B2F79297B3F7939798EC9497B4F7959791
:10C3800099EC96979AEC97979BEC9897CAC79997D0
:10C390009CEC9A979DEC9B979EEC9C979FEC9D97AD
:10C3A000A0EC9E9740ED9F9741EDA097CFBEA1973F
:10C3B00042EDA29743EDA397B7F7A49744EDA59755
:10C3C00045EDA69746EDA79747EDA89748EDA997A5
:10C3D00049EDAA974AEDAB97B6F7AC974BEDAD9701
:10C3E000DEB1AE974CEDAF97B5F7B0974DEDB19785
:10C3F0004EEDB297B8F7B3974FEDB497B9F7B5973D
:10C4000050EDB69751EDB79752EDB89753EDB997F8
:10C4100054EDBA9755EDBB9756EDBC9757EDBD97C8
:10C4200058EDBE9759EDBF975AEDC0975BEDC19798
:10C430005CEDC2975DEDC3975EEDC4975FEDC59768
:10C4400060EDC69761EDC79762EDC89763EDC99738
:10C4500064EDCA9765EDCB9766EDCC9767EDCD9708
:10C4600068EDCE9769EDCF976AEDD0976BEDD197D8
:10C470006CEDD2976DEDD3976EEDD4976FEDD597A8
:10C4800070EDD69771EDD79772EDD89773EDD99778
:10C4900074EDDA9775EDDB9776EDDC9777EDDD9748
:10C4A00078EDDE9779EDDF977AEDE0977BEDE19718
:10C4B0007CEDE2977DEDE3977EEDE49780EDE597E7
:10C4C00081EDE697A4CEE797CDC8E89782EDE9978E
:10C4D000ABBAEA97B8E8EB97B9E8EC97BAE8ED970A
:10C4E000C2BEEE9783EDEF9784EDF09785EDF1975F
:10C4F00086EDF29787EDF397F4D2F49788EDF597F0
:10C50000CFD4F697D8C9F79789EDF8978AEDF997C0
:10C510008BEDFA978CEDFB978DEDFC978EEDFD97EB
:10C520008FEDFE9790EDFF9791ED009892ED0198B9
:10C5300093ED029894ED039895ED049896ED059887
:10C5400097ED069898ED079899ED08989AED099857
:10C550009BED0A989CED0B989DED0C989EED0D9827
:10C560009FED0E98A0ED0F9840EE109841EE1198B7
:10C5700042EE129843EE139844EE149845EE159847
:10C5800046EE169847EE179848EE189849EE199817
:10C590004AEE1A984BEE1B984CEE1C984DEE1D98E7
:10C5A0004EEE1E984FEE1F9850EE209851EE2198B7
:10C5B00052EE229853EE239854EE249855EE259887
:10C5C00056EE269857EE279858EE289859EE299857
:10C5D0005AEE2A985BEE2B985CEE2C985DEE2D9827
:10C5E0005EEE2E985FEE2F9860EE309861EE3198F7
:10C5F00062EE329863EE339864EE349865EE3598C7
:10C6000066EE369867EE379868EE389869EE399896
:10C610006AEE3A986BEE3B986CEE3C986DEE3D9866
:10C620006EEE3E986FEE3F9870EE409871EE419836
:10C6300072EE429873EE439874EE449875EE459806
:10C6400076EE469877EE479878EE489879EE4998D6
:10C650007AEE4A987BEE4B987CEE4C987DEE4D98A6
:10C660007EEE4E9880EE4F9881EE509882EE519873
:10C6700083EE529884EE539885EE549886EE559842
:10C6800087EE569888EE579889EE58988AEE599812
:10C690008BEE5A988CEE5B988DEE5C988EEE5D98E2
:10C6A0008FEE5E9890EE5F9891EE609892EE6198B2
:10C6B00093EE629894EE639895EE649896EE659882
:10C6C00097EE669898EE679899EE68989AEE699852
:10C6D0009BEE6A989CEE6B989DEE6C989EEE6D9822
:10C6E0009FEE6E98A0EE6F9840EF709841EF7198B2
:10C6F00042EF729843EF739844EF749845EF759842
:10C70000B3D27698A5B67798EAC77898FCF179986D
:10C71000EECF7A98B3CB7B98EBD07C98EFE77D98FF
:10C72000E7CD7E98CBB97F98D9B68098FDF18198F6
:10C73000E4B08298CCCB8398FEF18498A4D48598F9
:10C74000ADC28698ECC18798C4C68898B1BE899856
:10C75000A1F28A98D5BC8B9846EF8C98A2F28D985E
:10C76000A3F28E9847EF8F98A4F29098C3D2919835
:10C77000B5C6929848EF9398C7CD9498A5F295982E
:10C7800049EF9698B1D39798C5BF9898E2CC9998FD
:10C790004AEF9A98A6F29B98A7F29C98D5D19D98BB
:10C7A000EEB69E98A8F29F98A9F2A098DFB5A1983E
:10C7B000AAF2A298ABF2A3984BEFA498FCB2A5986A
:10C7C000ACF2A698ADF2A798A7C8A8984CEFA99884
:10C7D0004DEFAA984EEFAB984FEFAC9850EFAD9855
:10C7E00051EFAE9852EFAF9853EFB09854EFB19825
:10C7F00055EFB29856EFB39857EFB49858EFB598F5
:10C8000059EFB6985AEFB7985BEFB8985CEFB998C4
:10C810005DEFBA985EEFBB985FEFBC9860EFBD9894
:10C8200061EFBE9862EFBF9863EFC09864EFC19864
:10C8300065EFC29866EFC39867EFC49868EFC59834
:10C8400069EFC6986AEFC7986BEFC8986CEFC99804
:10C850006DEFCA986EEFCB986FEFCC9870EFCD98D4
:10C8600071EFCE98E7B7CF9872EFD09873EFD19869
:10C87000A9ECD298AAECD398ABECD49874EFD598E5
:10C88000ACECD69875EFD79876EFD898AEC6D99815
:10C89000ADECDA98AEECDB9877EFDC9878EFDD98CA
:10C8A00079EFDE98C9B7DF98B3CAE0987AEFE198DC
:10C8B0007BEFE2987CEFE3987DEFE4987EEFE598DC
:10C8C00080EFE69881EFE798B8E2E898CFF7E9982B
:10C8D00082EFEA9883EFEB9884EFEC9885EFED9880
:10C8E00086EFEE9887EFEF9888EFF09889EFF19850
:10C8F0008AEFF2988BEFF3988CEFF4988DEFF59820
:10C900008EEFF6988FEFF79890EFF89891EFF998EF
:10C9100092EFFA9893EFFB9894EFFC9895EFFD98BF
:10C9200096EFFE9897EFFF9898EF009999EF01998D
:10C930009AEF02999BEF03999CEF04999DEF05995B
:10C940009EEF06999FEF0799A0EF089940F009998B
:10C9500041F00A9942F00B9943F00C9944F00D997B
:10C96000D0F70E9945F00F9946F01099CDB2119974
:10C9700047F0129948F0139949F014994AF0159923
:10C980004BF016994CF017994DF018994EF01999F3
:10C990004FF01A9950F01B9951F01C9952F01D99C3
:10C9A00053F01E9954F01F9955F0209956F0219993
:10C9B00057F0229958F0239959F024995AF0259963
:10C9C0005BF026995CF027995DF028995EF0299933
:10C9D0005FF02A9960F02B9961F02C9962F02D9903
:10C9E00063F02E99D1F72F9964F0309965F0319961
:10C9F00066F0329967F0339968F0349969F03599A7
:10CA00006AF036996BF037996CF038996DF0399976
:10CA10006EF03A996FF03B9970F03C9971F03D9946
:10CA200072F03E9973F03F9974F0409975F0419916
:10CA300076F0429977F0439978F0449979F04599E6
:10CA40007AF046997BF047997CF048997DF04999B6
:10CA50007EF04A9980F04B9981F04C9982F04D9983
:10CA600083F04E9984F04F9985F0509986F0519952
:10CA700087F0529988F0539989F05499D3F75599D2
:10CA8000D2F756998AF057998BF058998CF05999AA
:10CA90008DF05A998EF05B998FF05C9990F05D99CA
:10CAA00091F05E9992F05F9993F0609994F061999A
:10CAB00095F0629996F06399BBE2649997F0659955
:10CAC000A2BC669998F06799BCE26899BDE2699941
:10CAD000BEE26A99BFE26B99C0E26C99C1E26D99BE
:10CAE000B9B76E99FBD26F99A4BD7099CECA7199EE
:10CAF000A5B17299C7CB739999F07499C2E27599EF
:10CB0000FCB67699C4C87799C3E278999AF0799976
:10CB10009BF07A99C8BD7B999CF07C99FDB17D9979
:10CB2000C4E27E999DF07F99F6B68099C5E281991D
:10CB3000D9C482999EF083999FF08499C6E2859921
:10CB4000DACF8699DDB98799C7E28899A1C089991A
:10CB5000A0F08A99C8E28B99F6B28C9940F18D9930
:10CB6000C9E28E9941F18F99F3C19099CAE29199E6
:10CB7000CBE29299F8C29399CCE29499CDE295993F
:10CB8000CEE29699D7CA9799B8D89899E5D9999944
:10CB9000E3CF9A9942F19B9943F19C9944F19D9975
:10CBA00045F19E9946F19F9947F1A09948F1A199C5
:10CBB00049F1A2994AF1A3994BF1A4994CF1A59995
:10CBC000A5F0A6994DF1A7994EF1A899B0DCA999C5
:10CBD0004FF1AA9950F1AB9951F1AC9952F1AD993D
:10CBE00053F1AE9954F1AF9955F1B09956F1B1990D
:10CBF00057F1B29958F1B39959F1B4995AF1B599DD
:10CC00005BF1B6995CF1B7995DF1B8995EF1B999AC
:10CC10005FF1BA9960F1BB9961F1BC9962F1BD997C
:10CC200063F1BE9964F1BF9965F1C09966F1C1994C
:10CC300067F1C29968F1C39969F1C4996AF1C5991C
:10CC40006BF1C6996CF1C7996DF1C8996EF1C999EC
:10CC50006FF1CA9970F1CB9971F1CC9972F1CD99BC
:10CC600073F1CE9974F1CF9975F1D09976F1D1998C
:10CC700077F1D29978F1D39979F1D4997AF1D5995C
:10CC80007BF1D6997CF1D7997DF1D8997EF1D9992C
:10CC900080F1DA9981F1DB9982F1DC9983F1DD99F8
:10CCA00084F1DE9985F1DF9986F1E09987F1E199C8
:10CCB00088F1E29989F1E3998AF1E4998BF1E59998
:10CCC0008CF1E6998DF1E7998EF1E8998FF1E99968
:10CCD00090F1EA9991F1EB9992F1EC9993F1ED9938
:10CCE00094F1EE9995F1EF9996F1F09997F1F19908
:10CCF00098F1F29999F1F3999AF1F4999BF1F599D8
:10CD00009CF1F6999DF1F7999EF1F8999FF1F999A7
:10CD1000A0F1FA9940F2FB9941F2FC9942F2FD9997
:10CD200043F2FE9944F2FF9945F2009A46F2019AC5
:10CD300047F2029A48F2039A49F2049A4AF2059A93
:10CD40004BF2069A4CF2079A4DF2089A4EF2099A63
:10CD50004FF20A9A50F20B9A51F20C9A52F20D9A33
:10CD600053F20E9A54F20F9A55F2109A56F2119A03
:10CD700057F2129A58F2139A59F2149A5AF2159AD3
:10CD80005BF2169A5CF2179A5DF2189A5EF2199AA3
:10CD90005FF21A9A60F21B9A61F21C9A62F21D9A73
:10CDA00063F21E9A64F21F9A65F2209A66F2219A43
:10CDB00067F2229A68F2239A69F2249A6AF2259A13
:10CDC0006BF2269A6CF2279A6DF2289A6EF2299AE3
:10CDD0006FF22A9A70F22B9A71F22C9A72F22D9AB3
:10CDE00073F22E9A74F22F9A75F2309A76F2319A83
:10CDF00077F2329A78F2339A79F2349A7AF2359A53
:10CE00007BF2369A7CF2379A7DF2389A7EF2399A22
:10CE100080F23A9A81F23B9A82F23C9A83F23D9AEE
:10CE200084F23E9A85F23F9A86F2409A87F2419ABE
:10CE300088F2429A89F2439A8AF2449A8BF2459A8E
:10CE40008CF2469A8DF2479A8EF2489A8FF2499A5E
:10CE500090F24A9A91F24B9A92F24C9A93F24D9A2E
:10CE600094F24E9A95F24F9A96F2509A97F2519AFE
:10CE700098F2529A99F2539A9AF2549A9BF2559ACE
:10CE80009CF2569A9DF2579A9EF2589A9FF2599A9E
:10CE9000A0F25A9A40F35B9A41F35C9A42F35D9A8E
:10CEA00043F35E9A44F35F9A45F3609A46F3619ABE
:10CEB00047F3629A48F3639A49F3649A4AF3659A8E
:10CEC0004BF3669A4CF3679A4DF3689A4EF3699A5E
:10CED0004FF36A9A50F36B9A51F36C9AEDC26D9AC4
:10CEE000A6D46E9AD4CD6F9AB1D1709ADBB3719AF1
:10CEF000FDC7729A52F3739AB5B2749ABFC2759A0B
:10CF0000E0E6769ABBCA779AE1E6789AE2E6799A01
:10CF1000D4BE7A9AE3E67B9AA4D77C9AD5CD7D9A43
:10CF2000E5E67E9ADDBC7F9AE4E6809AE6E6819AA1
:10CF3000E7E6829AEEC2839A53F3849ABEBD859A3D
:10CF4000E8E6869AE6C2879AA7BA889AE9E6899AB5
:10CF500054F38A9AEAE68B9AD2B38C9AE9D18D9AE5
:10CF600055F38E9A56F38F9AA5BF909AEBE6919A55
:10CF7000EFC6929AECE6939AEDE6949A57F3959A57
:10CF800058F3969AEEE6979AADC6989AEFE6999A74
:10CF900059F39A9AA7C99B9AF0E69C9AF1E69D9A52
:10CFA000F2E69E9AB9E59F9AF3E6A09AF4E6A19A72
:10CFB000E2C2A29AF5E6A39AF6E6A49AE8D6A59A62
:10CFC000F7E6A69A5AF3A79AF8E6A89AC7B9A99AD3
:10CFD0005BF3AA9A5CF3AB9A5DF3AC9A5EF3AD9AFD
:10CFE0005FF3AE9A60F3AF9A61F3B09ABBF7B19A70
:10CFF000BAF7B29A62F3B39A63F3B49A64F3B59A48
:10D0000065F3B69ABEF7B79ABCF7B89AA1BAB99ABF
:10D0100066F3BA9ABFF7BB9A67F3BC9AC0F7BD9A9A
:10D0200068F3BE9A69F3BF9A6AF3C09AC2F7C19ACD
:10D03000C1F7C29AC4F7C39A6BF3C49A6CF3C59A4A
:10D04000C3F7C69A6DF3C79A6EF3C89A6FF3C99A7D
:10D0500070F3CA9A71F3CB9AC5F7CC9AC6F7CD9AFA
:10D0600072F3CE9A73F3CF9A74F3D09A75F3D19A80
:10D07000C7F7D29A76F3D39AE8CBD49A77F3D59AB6
:10D0800078F3D69A79F3D79A7AF3D89ADFB8D99AFF
:10D090007BF3DA9A7CF3DB9A7DF3DC9A7EF3DD9AFC
:10D0A00080F3DE9A81F3DF9AD4F7E09A82F3E19A73
:10D0B000D5F7E29A83F3E39A84F3E49A85F3E59A49
:10D0C00086F3E69AD6F7E79A87F3E89A88F3E99A1F
:10D0D00089F3EA9A8AF3EB9AD8F7EC9A8BF3ED9AF4
:10D0E000DAF7EE9A8CF3EF9AD7F7F09A8DF3F19A7C
:10D0F0008EF3F29A8FF3F39A90F3F49A91F3F59AF0
:10D1000092F3F69A93F3F79A94F3F89A95F3F99ABF
:10D11000DBF7FA9A96F3FB9AD9F7FC9A97F3FD9A04
:10D1200098F3FE9A99F3FF9A9AF3009B9BF3019B65
:10D130009CF3029B9DF3039BD7D7049B9EF3059B17
:10D140009FF3069BA0F3079B40F4089BDCF7099B29
:10D1500041F40A9B42F40B9B43F40C9B44F40D9B5B
:10D1600045F40E9B46F40F9BDDF7109B47F4119B93
:10D1700048F4129B49F4139BDEF7149B4AF4159B69
:10D180004BF4169B4CF4179B4DF4189B4EF4199BD3
:10D190004FF41A9B50F41B9B51F41C9B52F41D9BA3
:10D1A00053F41E9B54F41F9BDFF7209B55F4219BE7
:10D1B00056F4229B57F4239BE0F7249B58F4259BBD
:10D1C00059F4269B5AF4279B5BF4289B5CF4299B1B
:10D1D0005DF42A9B5EF42B9B5FF42C9B60F42D9BEB
:10D1E00061F42E9B62F42F9BCBDB309B63F4319B6D
:10D1F00064F4329BAAD8339B65F4349B66F4359B68
:10D2000067F4369B68F4379B69F4389B6AF4399B62
:10D210006BF43A9B6CF43B9BF7E53C9BEDB93D9B73
:10D220006DF43E9B6EF43F9B6FF4409B70F4419B0A
:10D23000FDBF429BEABB439BC9F7449BC7C6459BC6
:10D24000C8F7469B71F4479BCAF7489BCCF7499BAC
:10D25000CBF74A9B72F44B9B73F44C9B74F44D9B3D
:10D26000CDF74E9B75F44F9BBACE509B76F4519BF5
:10D27000CEF7529B77F4539B78F4549BA7C4559BED
:10D2800079F4569B7AF4579B7BF4589B7CF4599B1A
:10D290007DF45A9B7EF45B9B80F45C9B81F45D9BE8
:10D2A00082F45E9B83F45F9B84F4609B85F4619BB6
:10D2B00086F4629B87F4639B88F4649B89F4659B86
:10D2C0008AF4669B8BF4679B8CF4689B8DF4699B56
:10D2D0008EF46A9B8FF46B9B90F46C9B91F46D9B26
:10D2E00092F46E9B93F46F9B94F4709B95F4719BF6
:10D2F00096F4729B97F4739B98F4749B99F4759BC6
:10D300009AF4769B9BF4779B9CF4789B9DF4799B95
:10D310009EF47A9B9FF47B9BA0F47C9B40F57D9BC5
:10D3200041F57E9B42F57F9B43F5809B44F5819BB5
:10D3300045F5829B46F5839B47F5849B48F5859B85
:10D3400049F5869B4AF5879B4BF5889B4CF5899B55
:10D350004DF58A9B4EF58B9B4FF58C9B50F58D9B25
:10D3600051F58E9B52F58F9B53F5909B54F5919BF5
:10D3700055F5929B56F5939B57F5949B58F5959BC5
:10D3800059F5969B5AF5979B5BF5989B5CF5999B95
:10D390005DF59A9B5EF59B9B5FF59C9B60F59D9B65
:10D3A00061F59E9B62F59F9B63F5A09B64F5A19B35
:10D3B00065F5A29B66F5A39B67F5A49B68F5A59B05
:10D3C00069F5A69B6AF5A79B6BF5A89B6CF5A99BD5
:10D3D0006DF5AA9B6EF5AB9B6FF5AC9B70F5AD9BA5
:10D3E00071F5AE9B72F5AF9B73F5B09B74F5B19B75
:10D3F00075F5B29B76F5B39B77F5B49B78F5B59B45
:10D4000079F5B69B7AF5B79B7BF5B89B7CF5B99B14
:10D410007DF5BA9B7EF5BB9B80F5BC9B81F5BD9BE2
:10D4200082F5BE9B83F5BF9B84F5C09B85F5C19BB0
:10D4300086F5C29B87F5C39B88F5C49B89F5C59B80
:10D440008AF5C69B8BF5C79B8CF5C89B8DF5C99B50
:10D450008EF5CA9B8FF5CB9B90F5CC9B91F5CD9B20
:10D4600092F5CE9B93F5CF9B94F5D09B95F5D19BF0
:10D4700096F5D29B97F5D39B98F5D49B99F5D59BC0
:10D480009AF5D69B9BF5D79B9CF5D89B9DF5D99B90
:10D490009EF5DA9B9FF5DB9BA0F5DC9B40F6DD9BC0
:10D4A00041F6DE9B42F6DF9B43F6E09B44F6E19BB0
:10D4B00045F6E29B46F6E39B47F6E49B48F6E59B80
:10D4C00049F6E69B4AF6E79B4BF6E89B4CF6E99B50
:10D4D0004DF6EA9B4EF6EB9B4FF6EC9B50F6ED9B20
:10D4E00051F6EE9B52F6EF9B53F6F09B54F6F19BF0
:10D4F00055F6F29B56F6F39B57F6F49B58F6F59BC0
:10D5000059F6F69B5AF6F79B5BF6F89B5CF6F99B8F
:10D510005DF6FA9B5EF6FB9B5FF6FC9B60F6FD9B5F
:10D5200061F6FE9B62F6FF9B63F6009C64F6019C2D
:10D5300065F6029C66F6039C67F6049C68F6059CFB
:10D5400069F6069C6AF6079C6BF6089C6CF6099CCB
:10D550006DF60A9C6EF60B9C6FF60C9C70F60D9C9B
:10D5600071F60E9C72F60F9C73F6109C74F6119C6B
:10D5700075F6129C76F6139C77F6149C78F6159C3B
:10D5800079F6169C7AF6179C7BF6189C7CF6199C0B
:10D590007DF61A9C7EF61B9C80F61C9C81F61D9CD9
:10D5A00082F61E9C83F61F9C84F6209C85F6219CA7
:10D5B00086F6229C87F6239C88F6249C89F6259C77
:10D5C0008AF6269C8BF6279C8CF6289C8DF6299C47
:10D5D0008EF62A9C8FF62B9C90F62C9C91F62D9C17
:10D5E00092F62E9C93F62F9C94F6309C95F6319CE7
:10D5F00096F6329C97F6339C98F6349C99F6359CB7
:10D600009AF6369C9BF6379C9CF6389C9DF6399C86
:10D610009EF63A9C9FF63B9CA0F63C9C40F73D9CB6
:10D6200041F73E9C42F73F9C43F7409C44F7419CA6
:10D6300045F7429C46F7439C47F7449C48F7459C76
:10D6400049F7469C4AF7479C4BF7489C4CF7499C46
:10D650004DF74A9C4EF74B9C4FF74C9C50F74D9C16
:10D6600051F74E9C52F74F9C53F7509C54F7519CE6
:10D6700055F7529C56F7539C57F7549C58F7559CB6
:10D6800059F7569C5AF7579C5BF7589C5CF7599C86
:10D690005DF75A9C5EF75B9C5FF75C9C60F75D9C56
:10D6A00061F75E9C62F75F9C63F7609C64F7619C26
:10D6B00065F7629C66F7639C67F7649C68F7659CF6
:10D6C00069F7669C6AF7679C6BF7689C6CF7699CC6
:10D6D0006DF76A9C6EF76B9C6FF76C9C70F76D9C96
:10D6E00071F76E9C72F76F9C73F7709C74F7719C66
:10D6F00075F7729C76F7739C77F7749C78F7759C36
:10D7000079F7769C7AF7779C7BF7789C7CF7799C05
:10D710007DF77A9C7EF77B9C80F77C9CE3D37D9C95
:10D7200081F77E9C82F77F9CCFF6809C83F7819C5B
:10D73000B3C2829CD0F6839C84F7849C85F7859C39
:10D74000D1F6869CD2F6879CD3F6889CD4F6899C29
:10D7500086F78A9C87F78B9CD6F68C9C88F78D9CE5
:10D76000ABB18E9CD7F68F9C89F7909CD8F6919C94
:10D77000D9F6929CDAF6939C8AF7949CDBF6959CFA
:10D78000DCF6969C8BF7979C8CF7989C8DF7999C70
:10D790008EF79A9CDDF69B9CDEF69C9CCACF9D9CE6
:10D7A0008FF79E9CDFF69F9CE0F6A09CE1F6A19C83
:10D7B000E2F6A29CE3F6A39CE4F6A49CF0C0A59C30
:10D7C000E5F6A69CE6F6A79CE7F6A89CE8F6A99CD9
:10D7D000E9F6AA9C90F7AB9CEAF6AC9C91F7AD9C5D
:10D7E000EBF6AE9CECF6AF9C92F7B09CEDF6B19CDC
:10D7F000EEF6B29CEFF6B39CF0F6B49CF1F6B59C55
:10D80000F2F6B69CF3F6B79CF4F6B89CA8BEB99CA9
:10D8100093F7BA9CF5F6BB9CF6F6BC9CF7F6BD9C5C
:10D82000F8F6BE9C94F7BF9C95F7C09C96F7C19CF8
:10D8300097F7C29C98F7C39CFAC8C49CF9F6C59C9C
:10D84000FAF6C69CFBF6C79CFCF6C89C99F7C99CE7
:10D850009AF7CA9CFDF6CB9CFEF6CC9CA1F7CD9C1A
:10D86000A2F7CE9CA3F7CF9CA4F7D09CA5F7D19CA0
:10D870009BF7D29C9CF7D39CA6F7D49CA7F7D59C8A
:10D88000A8F7D69CEEB1D79CA9F7D89CAAF7D99C4B
:10D89000ABF7DA9C9DF7DB9C9EF7DC9CACF7DD9C3C
:10D8A000ADF7DE9CDBC1DF9CAEF7E09C9FF7E19C0F
:10D8B000A0F7E29CAFF7E39C40F8E49C41F8E59CBC
:10D8C00042F8E69C43F8E79C44F8E89C45F8E99C5C
:10D8D00046F8EA9C47F8EB9C48F8EC9C49F8ED9C2C
:10D8E0004AF8EE9C4BF8EF9C4CF8F09C4DF8F19CFC
:10D8F0004EF8F29C4FF8F39C50F8F49C51F8F59CCC
:10D9000052F8F69C53F8F79C54F8F89C55F8F99C9B
:10D9100056F8FA9C57F8FB9C58F8FC9C59F8FD9C6B
:10D920005AF8FE9C5BF8FF9C5CF8009D5DF8019D39
:10D930005EF8029D5FF8039D60F8049D61F8059D07
:10D9400062F8069D63F8079D64F8089D65F8099DD7
:10D9500066F80A9D67F80B9D68F80C9D69F80D9DA7
:10D960006AF80E9D6BF80F9D6CF8109D6DF8119D77
:10D970006EF8129D6FF8139D70F8149D71F8159D47
:10D9800072F8169D73F8179D74F8189D75F8199D17
:10D9900076F81A9D77F81B9D78F81C9D79F81D9DE7
:10D9A0007AF81E9D7BF81F9D7CF8209D7DF8219DB7
:10D9B0007EF8229D80F8239D81F8249D82F8259D84
:10D9C00083F8269D84F8279D85F8289D86F8299D53
:10D9D00087F82A9D88F82B9D89F82C9D8AF82D9D23
:10D9E0008BF82E9D8CF82F9D8DF8309D8EF8319DF3
:10D9F0008FF8329D90F8339D91F8349D92F8359DC3
:10DA000093F8369D94F8379D95F8389D96F8399D92
:10DA100097F83A9D98F83B9D99F83C9D9AF83D9D62
:10DA20009BF83E9D9CF83F9D9DF8409D9EF8419D32
:10DA30009FF8429DA0F8439D40F9449D41F9459DC2
:10DA400042F9469D43F9479D44F9489D45F9499D52
:10DA500046F94A9D47F94B9D48F94C9D49F94D9D22
:10DA60004AF94E9D4BF94F9D4CF9509D4DF9519DF2
:10DA70004EF9529D4FF9539D50F9549D51F9559DC2
:10DA800052F9569D53F9579D54F9589D55F9599D92
:10DA900056F95A9D57F95B9D58F95C9D59F95D9D62
:10DAA0005AF95E9D5BF95F9D5CF9609D5DF9619D32
:10DAB0005EF9629D5FF9639D60F9649D61F9659D02
:10DAC00062F9669D63F9679D64F9689D65F9699DD2
:10DAD00066F96A9D67F96B9D68F96C9D69F96D9DA2
:10DAE0006AF96E9D6BF96F9D6CF9709D6DF9719D72
:10DAF0006EF9729D6FF9739D70F9749D71F9759D42
:10DB000072F9769D73F9779D74F9789D75F9799D11
:10DB100076F97A9D77F97B9D78F97C9D79F97D9DE1
:10DB20007AF97E9D7BF97F9D7CF9809D7DF9819DB1
:10DB30007EF9829D80F9839D81F9849D82F9859D7E
:10DB400083F9869D84F9879D85F9889D86F9899D4D
:10DB500087F98A9D88F98B9D89F98C9D8AF98D9D1D
:10DB60008BF98E9D8CF98F9D8DF9909D8EF9919DED
:10DB70008FF9929D90F9939D91F9949D92F9959DBD
:10DB800093F9969D94F9979D95F9989D96F9999D8D
:10DB900097F99A9D98F99B9D99F99C9D9AF99D9D5D
:10DBA0009BF99E9D9CF99F9D9DF9A09D9EF9A19D2D
:10DBB0009FF9A29DA0F9A39D40FAA49D41FAA59DBD
:10DBC00042FAA69D43FAA79D44FAA89D45FAA99D4D
:10DBD00046FAAA9D47FAAB9D48FAAC9D49FAAD9D1D
:10DBE0004AFAAE9D4BFAAF9D4CFAB09D4DFAB19DED
:10DBF0004EFAB29D4FFAB39D50FAB49D51FAB59DBD
:10DC000052FAB69D53FAB79D54FAB89D55FAB99D8C
:10DC100056FABA9D57FABB9D58FABC9D59FABD9D5C
:10DC20005AFABE9D5BFABF9D5CFAC09D5DFAC19D2C
:10DC30005EFAC29D5FFAC39D60FAC49D61FAC59DFC
:10DC400062FAC69D63FAC79D64FAC89D65FAC99DCC
:10DC500066FACA9D67FACB9D68FACC9D69FACD9D9C
:10DC60006AFACE9D6BFACF9D6CFAD09D6DFAD19D6C
:10DC70006EFAD29D6FFAD39D70FAD49D71FAD59D3C
:10DC800072FAD69D73FAD79D74FAD89D75FAD99D0C
:10DC900076FADA9D77FADB9D78FADC9D79FADD9DDC
:10DCA0007AFADE9D7BFADF9D7CFAE09D7DFAE19DAC
:10DCB0007EFAE29D80FAE39D81FAE49D82FAE59D79
:10DCC00083FAE69D84FAE79D85FAE89D86FAE99D48
:10DCD00087FAEA9D88FAEB9D89FAEC9D8AFAED9D18
:10DCE0008BFAEE9D8CFAEF9D8DFAF09D8EFAF19DE8
:10DCF0008FFAF29D90FAF39D91FAF49D92FAF59DB8
:10DD000093FAF69D94FAF79D95FAF89D96FAF99D87
:10DD100097FAFA9D98FAFB9D99FAFC9D9AFAFD9D57
:10DD20009BFAFE9D9CFAFF9D9DFA009E9EFA019E25
:10DD30009FFA029EA0FA039E40FB049E41FB059EB3
:10DD400042FB069E43FB079E44FB089E45FB099E43
:10DD500046FB0A9E47FB0B9E48FB0C9E49FB0D9E13
:10DD60004AFB0E9E4BFB0F9E4CFB109E4DFB119EE3
:10DD70004EFB129E4FFB139E50FB149E51FB159EB3
:10DD800052FB169E53FB179E54FB189E55FB199E83
:10DD900056FB1A9E57FB1B9E58FB1C9E59FB1D9E53
:10DDA0005AFB1E9E5BFB1F9EF1C4209EAFF0219E7E
:10DDB000A6BC229EB0F0239EF9C3249E5CFB259E48
:10DDC000B8C5269EBBD1279E5DFB289EB1F0299E3B
:10DDD000B2F02A9EB3F02B9EB4F02C9EB5F02D9E8F
:10DDE000BCD12E9E5EFB2F9EECD1309E5FFB319E00
:10DDF000B7F0329EB6F0339EA7D4349E60FB359EBA
:10DE0000D2CD369EB8F0379EBAF0389EB9F0399E22
:10DE1000BBF03A9EBCF03B9E61FB3C9E62FB3D9E8C
:10DE2000EBB83E9EBDF03F9EE8BA409E63FB419E2C
:10DE3000BEF0429EBFF0439EE9BE449EC0F0459EA8
:10DE4000ECB6469EC1F0479EC2F0489EC3F0499E84
:10DE5000C4F04A9EB5C84B9EC5F04C9EC6F04D9E80
:10DE600064FB4E9EC7F04F9EF4C5509E65FB519ECD
:10DE7000C8F0529E66FB539E67FB549E68FB559EFE
:10DE8000C9F0569E69FB579ECAF0589EBDF7599E31
:10DE90006AFB5A9ECBF05B9ECCF05C9ECDF05D9E03
:10DEA0006BFB5E9ECEF05F9E6CFB609E6DFB619E89
:10DEB0006EFB629E6FFB639ECFF0649ED7BA659E39
:10DEC00070FB669ED0F0679ED1F0689ED2F0699E8E
:10DED000D3F06A9ED4F06B9ED5F06C9ED6F06D9E0A
:10DEE000D8F06E9E71FB6F9E72FB709EA5D3719EE3
:10DEF000D7F0729E73FB739ED9F0749E74FB759E6F
:10DF000075FB769E76FB779E77FB789E78FB799EF5
:10DF100079FB7A9E7AFB7B9E7BFB7C9E7CFB7D9EC5
:10DF20007DFB7E9EBAF57F9EB9C2809E7EFB819E60
:10DF300080FB829EE4F7839E81FB849E82FB859E0C
:10DF400083FB869E84FB879EE5F7889EE6F7899E85
:10DF500085FB8A9E86FB8B9EE7F78C9E87FB8D9EBA
:10DF600088FB8E9E89FB8F9E8AFB909E8BFB919EE9
:10DF70008CFB929EE8F7939EB4C2949E8DFB959E77
:10DF80008EFB969E8FFB979E90FB989E91FB999E91
:10DF900092FB9A9E93FB9B9E94FB9C9E95FB9D9E61
:10DFA000EAF79E9E96FB9F9EEBF7A09E97FBA19E95
:10DFB00098FBA29E99FBA39E9AFBA49E9BFBA59E09
:10DFC0009CFBA69EF3C2A79E9DFBA89E9EFBA99EBE
:10DFD0009FFBAA9EA0FBAB9E40FCAC9E41FCAD9E6D
:10DFE00042FCAE9E43FCAF9E44FCB09E45FCB19EFD
:10DFF00046FCB29E47FCB39E48FCB49EF0F4B59E2E
:10E0000049FCB69E4AFCB79E4BFCB89EEFF4B99E05
:10E010004CFCBA9E4DFCBB9EE9C2BC9E4EFCBD9E14
:10E02000E1F7BE9EE2F7BF9E4FFCC09E50FCC19E32
:10E0300051FCC29E52FCC39E53FCC49EC6BBC59EEF
:10E0400054FCC69E55FCC79E56FCC89E57FCC99EF4
:10E05000E4D9CA9E58FCCB9E59FCCC9E5AFCCD9E5E
:10E06000F2CACE9EE8C0CF9EA4F0D09E5BFCD19EAB
:10E07000DABAD29E5CFCD39E5DFCD49EADC7D59E21
:10E080005EFCD69E5FFCD79E60FCD89EACC4D99E39
:10E0900061FCDA9E62FCDB9EECF7DC9EEDF7DD9E18
:10E0A000EEF7DE9E63FCDF9EF0F7E09EEFF7E19E69
:10E0B00064FCE29EF1F7E39E65FCE49E66FCE59E4F
:10E0C000F4F7E69E67FCE79EF3F7E89E68FCE99E9E
:10E0D000F2F7EA9EF5F7EB9E69FCEC9E6AFCED9E7A
:10E0E0006BFCEE9E6CFCEF9EF6F7F09E6DFCF19ED5
:10E0F0006EFCF29E6FFCF39E70FCF49E71FCF59E2C
:10E1000072FCF69E73FCF79E74FCF89E75FCF99EFB
:10E11000E9EDFA9E76FCFB9EEAEDFC9EEBEDFD9EA2
:10E1200077FCFE9EBCF6FF9E78FC009F79FC019F69
:10E130007AFC029F7BFC039F7CFC049F7DFC059F77
:10E140007EFC069F80FC079F81FC089F82FC099F44
:10E1500083FC0A9F84FC0B9FBDF60C9F85FC0D9FE2
:10E16000BEF60E9FA6B60F9F86FC109FBED8119FCD
:10E1700087FC129F88FC139FC4B9149F89FC159FCC
:10E180008AFC169F8BFC179FBBD8189F8CFC199F8D
:10E19000B1DC1A9F8DFC1B9F8EFC1C9F8FFC1D9F6A
:10E1A00090FC1E9F91FC1F9F92FC209FF3CA219F11
:10E1B00093FC229FF7F7239F94FC249F95FC259FB7
:10E1C00096FC269F97FC279F98FC289F99FC299FE7
:10E1D0009AFC2A9F9BFC2B9F9CFC2C9FF8F72D9F61
:10E1E0009DFC2E9F9EFC2F9FF9F7309F9FFC319F37
:10E1F000A0FC329F40FD339F41FD349F42FD359F7F
:10E2000043FD369F44FD379FFBF7389F45FD399FFF
:10E21000FAF73A9F46FD3B9FC7B13C9F47FD3D9FA4
:10E22000FCF73E9FFDF73F9F48FD409F49FD419F02
:10E230004AFD429F4BFD439F4CFD449FFEF7459F87
:10E240004DFD469F4EFD479F4FFD489F50FD499F06
:10E2500051FD4A9F52FD4B9F53FD4C9F54FD4D9FD6
:10E2600055FD4E9F56FD4F9F57FD509FEBC6519F4A
:10E27000B4EC529F58FD539F59FD549F5AFD559F32
:10E280005BFD569F5CFD579F5DFD589F5EFD599F4E
:10E290005FFD5A9F60FD5B9F61FD5C9F62FD5D9F1E
:10E2A00063FD5E9F64FD5F9F65FD609F66FD619FEE
:10E2B00067FD629F68FD639F69FD649F6AFD659FBE
:10E2C0006BFD669F6CFD679F6DFD689F6EFD699F8E
:10E2D0006FFD6A9F70FD6B9F71FD6C9F72FD6D9F5E
:10E2E00073FD6E9F74FD6F9F75FD709F76FD719F2E
:10E2F00077FD729F78FD739F79FD749F7AFD759FFE
:10E300007BFD769F7CFD779F7DFD789F7EFD799FCD
:10E3100080FD7A9F81FD7B9F82FD7C9F83FD7D9F99
:10E3200084FD7E9F85FD7F9FDDB3809FB3F6819F37
:10E3300086FD829F87FD839FB4F6849FE4C1859FFD
:10E34000B5F6869FB6F6879FB7F6889FB8F6899F81
:10E35000B9F68A9FBAF68B9FA3C88C9FBBF68D9F98
:10E3600088FD8E9F89FD8F9F8AFD909F8BFD919FD9
:10E370008CFD929F8DFD939F8EFD949F8FFD959FA9
:10E3800090FD969F91FD979F92FD989F93FD999F79
:10E39000FAC19A9FA8B99B9FE8ED9C9F94FD9D9F11
:10E3A00095FD9E9F96FD9F9FEAB9A09FDFD9A19FF3
:10E3B00097FDA29F98FDA39F99FDA49F9AFDA59FFD
:10E3C0009BFD2CF99CFD79F99DFD95F99EFDE7F9E2
:10E3D0009FFDF1F9A0FD0CFA40FE0DFA41FE0EFA88
:10E3E00042FE0FFA43FE11FA44FE13FA45FE14FAF8
:10E3F00046FE18FA47FE1FFA48FE20FA49FE21FAA7
:10E400004AFE23FA4BFE24FA4CFE27FA4DFE28FA68
:10E410004EFE29FA4FFE30FE55A931FEF2A633FE1C
:10E42000F4A634FEF5A635FEE0A636FEE1A637FEDC
:10E43000F0A638FEF1A639FEE2A63AFEE3A63BFEC0
:10E44000EEA63CFEEFA63DFEE6A63EFEE7A63FFE9C
:10E45000E4A640FEE5A641FEE8A642FEE9A643FE8C
:10E46000EAA644FEEBA649FE68A94AFE69A94BFE4E
:10E470006AA94CFE6BA94DFE6CA94EFE6DA94FFE1C
:10E480006EA950FE6FA951FE70A952FE71A954FEEB
:10E4900072A955FE73A956FE74A957FE75A959FEB7
:10E4A00076A95AFE77A95BFE78A95CFE79A95DFE84
:10E4B0007AA95EFE7BA95FFE7CA960FE7DA961FE54
:10E4C0007EA962FE80A963FE81A964FE82A965FE21
:10E4D00083A966FE84A968FE85A969FE86A96AFEED
:10E4E00087A96BFE88A901FFA1A302FFA2A303FFD6
:10E4F000A3A304FFE7A105FFA5A306FFA6A307FFAB
:10E50000A7A308FFA8A309FFA9A30AFFAAA30BFFBB
:10E51000ABA30CFFACA30DFFADA30EFFAEA30FFF8B
:10E52000AFA310FFB0A311FFB1A312FFB2A313FF5B
:10E53000B3A314FFB4A315FFB5A316FFB6A317FF2B
:10E54000B7A318FFB8A319FFB9A31AFFBAA31BFFFB
:10E55000BBA31CFFBCA31DFFBDA31EFFBEA31FFFCB
:10E56000BFA320FFC0A321FFC1A322FFC2A323FF9B
:10E57000C3A324FFC4A325FFC5A326FFC6A327FF6B
:10E58000C7A328FFC8A329FFC9A32AFFCAA32BFF3B
:10E59000CBA32CFFCCA32DFFCDA32EFFCEA32FFF0B
:10E5A000CFA330FFD0A331FFD1A332FFD2A333FFDB
:10E5B000D3A334FFD4A335FFD5A336FFD6A337FFAB
:10E5C000D7A338FFD8A339FFD9A33AFFDAA33BFF7B
:10E5D000DBA33CFFDCA33DFFDDA33EFFDEA33FFF4B
:10E5E000DFA340FFE0A341FFE1A342FFE2A343FF1B
:10E5F000E3A344FFE4A345FFE5A346FFE6A347FFEB
:10E60000E7A348FFE8A349FFE9A34AFFEAA34BFFBA
:10E61000EBA34CFFECA34DFFEDA34EFFEEA34FFF8A
:10E62000EFA350FFF0A351FFF1A352FFF2A353FF5A
:10E63000F3A354FFF4A355FFF5A356FFF6A357FF2A
:10E64000F7A358FFF8A359FFF9A35AFFFAA35BFFFA
:10E65000FBA35CFFFCA35DFFFDA35EFFABA1E0FF9E
:10E66000E9A1E1FFEAA1E2FF56A9E3FFFEA3E4FF6F
:10E6700057A9E5FFA4A3000000008000AC20408162
:10E68000024E4181044E4281054E4381064E448133
:10E690000F4E4581124E4681174E47811F4E4881CD
:10E6A000204E4981214E4A81234E4B81264E4C817A
:10E6B000294E4D812E4E4E812F4E4F81314E50812D
:10E6C000334E5181354E5281374E53813C4E5481E9
:10E6D000404E5581414E5681424E5781444E58819D
:10E6E000464E59814A4E5A81514E5B81554E5C814E
:10E6F000574E5D815A4E5E815B4E5F81624E6081F6
:10E70000634E6181644E6281654E6381674E6481B0
:10E71000684E65816A4E66816B4E67816C4E68817A
:10E720006D4E69816E4E6A816F4E6B81724E6C8147
:10E73000744E6D81754E6E81764E6F81774E70810D
:10E74000784E7181794E72817A4E73817B4E7481DD
:10E750007C4E75817D4E76817F4E7781804E7881AB
:10E76000814E7981824E7A81834E7B81844E7C8179
:10E77000854E7D81874E7E818A4E8081904E81813B
:10E78000964E8281974E8381994E84819C4E8581DD
:10E790009D4E86819E4E8781A34E8881AA4E898197
:10E7A000AF4E8A81B04E8B81B14E8C81B44E8D813B
:10E7B000B64E8E81B74E8F81B84E9081B94E918101
:10E7C000BC4E9281BD4E9381BE4E9481C84E9581C0
:10E7D000CC4E9681CF4E9781D04E9881D24E998162
:10E7E000DA4E9A81DB4E9B81DC4E9C81E04E9D810E
:10E7F000E24E9E81E64E9F81E74EA081E94EA181C7
:10E80000ED4EA281EE4EA381EF4EA481F14EA58183
:10E81000F44EA681F84EA781F94EA881FA4EA9813F
:10E82000FC4EAA81FE4EAB81004FAC81024FAD8100
:10E83000034FAE81044FAF81054FB081064FB181C8
:10E84000074FB281084FB3810B4FB4810C4FB58194
:10E85000124FB681134FB781144FB881154FB9814C
:10E86000164FBA811C4FBB811D4FBC81214FBD810A
:10E87000234FBE81284FBF81294FC0812C4FC181BA
:10E880002D4FC2812E4FC381314FC481334FC5817B
:10E89000354FC681374FC781394FC8813B4FC9813A
:10E8A0003E4FCA813F4FCB81404FCC81414FCD81FC
:10E8B000424FCE81444FCF81454FD081474FD181C8
:10E8C000484FD281494FD3814A4FD4814B4FD58194
:10E8D0004C4FD681524FD781544FD881564FD98152
:10E8E000614FDA81624FDB81664FDC81684FDD81E9
:10E8F0006A4FDE816B4FDF816D4FE0816E4FE181AA
:10E90000714FE281724FE381754FE481774FE5816A
:10E91000784FE681794FE7817A4FE8817D4FE98131
:10E92000804FEA81814FEB81824FEC81854FED81F1
:10E93000864FEE81874FEF818A4FF0818C4FF181B6
:10E940008E4FF281904FF381924FF481934FF58176
:10E95000954FF681964FF781984FF881994FF9813D
:10E960009A4FFA819C4FFB819E4FFC819F4FFD8106
:10E97000A14FFE81A24F4082A44F4182AB4F428201
:10E98000AD4F4382B04F4482B14F4582B24F468271
:10E99000B34F4782B44F4882B64F4982B74F4A823D
:10E9A000B84F4B82B94F4C82BA4F4D82BB4F4E820B
:10E9B000BC4F4F82BD4F5082BE4F5182C04F5282DA
:10E9C000C14F5382C24F5482C64F5582C74F5682A1
:10E9D000C84F5782C94F5882CB4F5982CC4F5A8269
:10E9E000CD4F5B82D24F5C82D34F5D82D44F5E822B
:10E9F000D54F5F82D64F6082D94F6182DB4F6282F2
:10EA0000E04F6382E24F6482E44F6582E54F6682A5
:10EA1000E74F6782EB4F6882EC4F6982F04F6A8262
:10EA2000F24F6B82F44F6C82F54F6D82F64F6E821F
:10EA3000F74F6F82F94F7082FB4F7182FC4F7282E9
:10EA4000FD4F7382FF4F74820050758201507682B1
:10EA500002507782035078820450798205507A827E
:10EA600006507B8207507C8208507D8209507E824E
:10EA70000A5080820B5081820E5082821050838215
:10EA800011508482135085821550868216508782D9
:10EA9000175088821B5089821D508A821E508B829B
:10EAA00020508C8222508D8223508E8224508F825F
:10EAB000275090822B5091822F5092823050938217
:10EAC00031509482325095823350968234509782DE
:10EAD000355098823650998237509A8238509B82AE
:10EAE00039509C823B509D823D509E823F509F8278
:10EAF0004050A0824150A1824250A2824450A38241
:10EB00004550A4824650A5824950A6824A50A78209
:10EB10004B50A8824D50A9825050AA825150AB82CE
:10EB20005250AC825350AD825450AE825650AF8298
:10EB30005750B0825850B1825950B2825B50B38264
:10EB40005D50B4825E50B5825F50B6826050B7822D
:10EB50006150B8826250B9826350BA826450BB82FD
:10EB60006650BC826750BD826850BE826950BF82C9
:10EB70006A50C0826B50C1826D50C2826E50C38297
:10EB80006F50C4827050C5827150C6827250C78265
:10EB90007350C8827450C9827550CA827850CB8233
:10EBA0007950CC827A50CD827C50CE827D50CF82FB
:10EBB0008150D0828250D1828350D2828450D382BD
:10EBC0008650D4828750D5828950D6828A50D78287
:10EBD0008B50D8828C50D9828E50DA828F50DB8253
:10EBE0009050DC829150DD829250DE829350DF8221
:10EBF0009450E0829550E1829650E2829750E382F1
:10EC00009850E4829950E5829A50E6829B50E782C0
:10EC10009C50E8829D50E9829E50EA829F50EB8290
:10EC2000A050EC82A150ED82A250EE82A450EF825F
:10EC3000A650F082AA50F182AB50F282AD50F3821E
:10EC4000AE50F482AF50F582B050F682B150F782E8
:10EC5000B350F882B450F982B550FA82B650FB82B4
:10EC6000B750FC82B850FD82B950FE82BC50408340
:10EC7000BD504183BE504283BF504383C050448344
:10EC8000C1504583C2504683C3504783C450488314
:10EC9000C5504983C6504A83C7504B83C8504C83E4
:10ECA000C9504D83CA504E83CB504F83CC505083B4
:10ECB000CD505183CE505283D0505383D150548382
:10ECC000D2505583D3505683D4505783D550588350
:10ECD000D7505983D8505A83D9505B83DB505C831B
:10ECE000DC505D83DD505E83DE505F83DF506083E8
:10ECF000E0506183E1506283E2506383E3506483B8
:10ED0000E4506583E5506683E8506783E950688383
:10ED1000EA506983EB506A83EF506B83F0506C8349
:10ED2000F1506D83F2506E83F4506F83F650708310
:10ED3000F7507183F8507283F9507383FA507483DB
:10ED4000FC507583FD507683FE507783FF507883A7
:10ED50000051798301517A8302517B8303517C8373
:10ED600004517D8305517E8308518083095181833D
:10ED70000A5182830C5183830D5184830E51858304
:10ED80000F518683105187831151888313518983D2
:10ED900014518A8315518B8316518C8317518D839F
:10EDA00018518E8319518F831A5190831B5191836F
:10EDB0001C5192831D5193831E5194831F5195833F
:10EDC000205196832251978323519883245199830C
:10EDD00025519A8326519B8327519C8328519D83DB
:10EDE00029519E832A519F832B51A0832C51A183AB
:10EDF0002D51A2832E51A3832F51A4833051A5837B
:10EE00003151A6833251A7833351A8833451A9834A
:10EE10003551AA833651AB833751AC833851AD831A
:10EE20003951AE833A51AF833B51B0833C51B183EA
:10EE30003D51B2833E51B3834251B4834751B583B0
:10EE40004A51B6834C51B7834E51B8834F51B98361
:10EE50005051BA835251BB835351BC835751BD8328
:10EE60005851BE835951BF835B51C0835D51C183EB
:10EE70005E51C2835F51C3836051C4836151C583B6
:10EE80006351C6836451C7836651C8836751C98380
:10EE90006951CA836A51CB836F51CC837251CD8340
:10EEA0007A51CE837E51CF837F51D0838351D183DA
:10EEB0008451D2838651D3838751D4838A51D58399
:10EEC0008B51D6838E51D7838F51D8839051D9835C
:10EED0009151DA839351DB839451DC839851DD8324
:10EEE0009A51DE839D51DF839E51E0839F51E183E0
:10EEF000A151E283A351E383A651E483A751E583A3
:10EF0000A851E683A951E783AA51E883AD51E9836B
:10EF1000AE51EA83B451EB83B851EC83B951ED8320
:10EF2000BA51EE83BE51EF83BF51F083C151F183DB
:10EF3000C251F283C351F383C551F483C851F583A1
:10EF4000CA51F683CD51F783CE51F883D051F9835E
:10EF5000D251FA83D351FB83D451FC83D551FD8325
:10EF6000D651FE83D7514084D8514184D95142842F
:10EF7000DA514384DC514484DE514584DF514684B8
:10EF8000E2514784E3514884E5514984E6514A847B
:10EF9000E7514B84E8514C84E9514D84EA514E8449
:10EFA000EC514F84EE515084F1515184F25152840E
:10EFB000F4515384F7515484FE51558404525684BD
:10EFC00005525784095258840B5259840C525A8462
:10EFD0000F525B8410525C8413525D8414525E8421
:10EFE00015525F841C5260841E5261841F526284D9
:10EFF000215263842252648423526584255266849C
:10F0000026526784275268842A5269842C526A8463
:10F010002F526B8431526C8432526D8434526E8420
:10F0200035526F843C5270843E52718444527284D3
:10F03000455273844652748447527584485276848C
:10F04000495277844B5278844E5279844F527A8455
:10F0500052527B8453527C8455527D8457527E8415
:10F0600058528084595281845A5282845B528384DC
:10F070005D5284845F5285846052868462528784A4
:10F08000635288846452898466528A8468528B846D
:10F090006B528C846C528D846D528E846E528F8430
:10F0A00070529084715291847352928474529384FA
:10F0B00075529484765295847752968478529784C8
:10F0C000795298847A5299847B529A847C529B8498
:10F0D0007E529C8480529D8483529E8484529F845D
:10F0E0008552A0848652A1848752A2848952A38427
:10F0F0008A52A4848B52A5848C52A6848D52A784F4
:10F100008E52A8848F52A9849152AA849252AB84C1
:10F110009452AC849552AD849652AE849752AF848B
:10F120009852B0849952B1849A52B2849C52B3845A
:10F13000A452B484A552B584A652B684A752B7840B
:10F14000AE52B884AF52B984B052BA84B452BB84C0
:10F15000B552BC84B652BD84B752BE84B852BF8487
:10F16000B952C084BA52C184BB52C284BC52C38457
:10F17000BD52C484C052C584C152C684C252C78421
:10F18000C452C884C552C984C652CA84C852CB84EA
:10F19000CA52CC84CC52CD84CD52CE84CE52CF84B0
:10F1A000CF52D084D152D184D352D284D452D3847A
:10F1B000D552D484D752D584D952D684DA52D78442
:10F1C000DB52D884DC52D984DD52DA84DE52DB840F
:10F1D000E052DC84E152DD84E252DE84E352DF84DB
:10F1E000E552E084E652E184E752E284E852E384A7
:10F1F000E952E484EA52E584EB52E684EC52E78477
:10F20000ED52E884EE52E984EF52EA84F152EB8445
:10F21000F252EC84F352ED84F452EE84F552EF8412
:10F22000F652F084F752F184F852F284FB52F384E0
:10F23000FC52F484FD52F5840153F6840253F784A2
:10F240000353F8840453F9840753FA840953FB8465
:10F250000A53FC840B53FD840C53FE840E534085EB
:10F2600011534185125342851353438514534485EA
:10F27000185345851B5346851C5347851E534885A7
:10F280001F53498522534A8524534B8525534C856A
:10F2900027534D8528534E8529534F852B53508531
:10F2A0002C5351852D5352852F53538530535485FC
:10F2B00031535585325356853353578534535885CA
:10F2C0003553598536535A8537535B8538535C859A
:10F2D0003C535D853D535E8540535F854253608559
:10F2E00044536185465362854B5363854C53648513
:10F2F0004D536585505366855453678558536885CB
:10F30000595369855B536A855D536B8565536C857D
:10F3100068536D856A536E856C536F856D53708528
:10F320007253718576537285795373857B537485D7
:10F330007C5375857D5376857E537785805378859C
:10F340008153798583537A8587537B8588537C8560
:10F350008A537D858E537E858F538085905381851A
:10F3600091538285925383859353848594538585E5
:10F370009653868597538785995388859B538985AE
:10F380009C538A859E538B85A0538C85A1538D8574
:10F39000A4538E85A7538F85AA539085AB5391852F
:10F3A000AC539285AD539385AF539485B0539585F7
:10F3B000B1539685B2539785B3539885B4539985C5
:10F3C000B5539A85B7539B85B8539C85B9539D8592
:10F3D000BA539E85BC539F85BD53A085BE53A1855E
:10F3E000C053A285C353A385C453A485C553A58523
:10F3F000C653A685C753A785CE53A885CF53A985E5
:10F40000D053AA85D253AB85D353AC85D553AD85A4
:10F41000DA53AE85DC53AF85DD53B085DE53B1855D
:10F42000E153B285E253B385E753B485F453B58510
:10F43000FA53B685FE53B785FF53B8850054B98596
:10F440000254BA850554BB850754BC850B54BD8551
:10F450001454BE851854BF851954C0851A54C185EB
:10F460001C54C2852254C3852454C4852554C585A3
:10F470002A54C6853054C7853354C8853654C98547
:10F480003754CA853A54CB853D54CC853F54CD85FD
:10F490004154CE854254CF854454D0854554D185BE
:10F4A0004754D2854954D3854C54D4854D54D58581
:10F4B0004E54D6854F54D7855154D8855A54D98542
:10F4C0005D54DA855E54DB855F54DC856054DD85F0
:10F4D0006154DE856354DF856554E0856754E185BA
:10F4E0006954E2856A54E3856B54E4856C54E58580
:10F4F0006D54E6856E54E7856F54E8857054E98550
:10F500007454EA857954EB857A54EC857E54ED8504
:10F510007F54EE858154EF858354F0858554F185C1
:10F520008754F2858854F3858954F4858A54F58587
:10F530008D54F6859154F7859354F8859754F98541
:10F540009854FA859C54FB859E54FC859F54FD85F8
:10F55000A054FE85A1544086A2544186A5544286FB
:10F56000AE544386B0544486B2544586B55446865C
:10F57000B6544786B7544886B9544986BA544A8621
:10F58000BC544B86BE544C86C3544D86C5544E86DF
:10F59000CA544F86CB545086D6545186D85452867E
:10F5A000DB545386E0545486E1545586E254568623
:10F5B000E3545786E4545886EB545986EC545A86E3
:10F5C000EF545B86F0545C86F1545D86F4545E869D
:10F5D000F5545F86F6546086F7546186F854628667
:10F5E000F9546386FB546486FE546586005566862E
:10F5F00002556786035568860455698605556A86EF
:10F6000008556B860A556C860B556D860C556E86B3
:10F610000D556F860E55708612557186135572867C
:10F620001555738616557486175575861855768642
:10F63000195577861A5578861C5579861D557A8610
:10F640001E557B861F557C8621557D8625557E86D9
:10F650002655808628558186295582862B55838696
:10F660002D55848632558586345586863555878650
:10F67000365588863855898639558A863A558B8617
:10F680003B558C863D558D8640558E8642558F86DE
:10F690004555908647559186485592864B55938699
:10F6A0004C5594864D5595864E5596864F55978662
:10F6B000515598865255998653559A8654559B862E
:10F6C00057559C8658559D8659559E865A559F86F6
:10F6D0005B55A0865D55A1865E55A2865F55A386C3
:10F6E0006055A4866255A5866355A6866855A7868B
:10F6F0006955A8866B55A9866F55AA867055AB8645
:10F700007155AC867255AD867355AE867455AF860D
:10F710007955B0867A55B1867D55B2867F55B386C8
:10F720008555B4868655B5868C55B6868D55B78673
:10F730008E55B8869055B9869255BA869355BB8634
:10F740009555BC869655BD869755BE869A55BF86FB
:10F750009B55C0869E55C186A055C286A155C386BD
:10F76000A255C486A355C586A455C686A555C78689
:10F77000A655C886A855C986A955CA86AA55CB8656
:10F78000AB55CC86AC55CD86AD55CE86AE55CF8625
:10F79000AF55D086B055D186B255D286B455D386F2
:10F7A000B655D486B855D586BA55D686BC55D786B3
:10F7B000BF55D886C055D986C155DA86C255DB8675
:10F7C000C355DC86C655DD86C755DE86C855DF863F
:10F7D000CA55E086CB55E186CE55E286CF55E38605
:10F7E000D055E486D555E586D755E686D855E786C3
:10F7F000D955E886DA55E986DB55EA86DE55EB868B
:10F80000E055EC86E255ED86E755EE86E955EF8644
:10F81000ED55F086EE55F186F055F286F155F386FA
:10F82000F455F486F655F586F855F686F955F786BB
:10F83000FA55F886FB55F986FC55FA86FF55FB8686
:10F840000256FC860356FD860456FE860556408702
:10F8500006564187075642870A5643870B56448708
:10F860000D564587105646871156478712564887CA
:10F870001356498714564A8715564B8716564C8798
:10F8800017564D8719564E871A564F871C56508764
:10F890001D5651872056528721565387225654872A
:10F8A00025565587265656872856578729565887EE
:10F8B0002A5659872B565A872E565B872F565C87B8
:10F8C00030565D8733565E8735565F87375660877B
:10F8D000385661873A5662873C5663873D5664873F
:10F8E0003E56658740566687415667874256688709
:10F8F0004356698744566A8745566B8746566C87D8
:10F9000047566D8748566E8749566F874A567087A7
:10F910004B5671874F56728750567387515674876E
:10F920005256758753567687555677875656788739
:10F930005A5679875B567A875D567B875E567C87F9
:10F940005F567D8760567E876156808763568187C4
:10F950006556828766568387675684876D56858786
:10F960006E5686876F568787705688877256898746
:10F9700073568A8774568B8775568C8777568D8712
:10F9800078568E8779568F877A5690877D569187DD
:10F990007E5692877F5693878056948781569587A7
:10F9A0008256968783569787845698878756998775
:10F9B00088569A8789569B878A569C878B569D873F
:10F9C0008C569E878D569F879056A0879156A1870B
:10F9D0009256A2879456A3879556A4879656A587D4
:10F9E0009756A6879856A7879956A8879A56A987A3
:10F9F0009B56AA879C56AB879D56AC879E56AD8773
:10FA00009F56AE87A056AF87A156B087A256B18742
:10FA1000A456B287A556B387A656B487A756B5870E
:10FA2000A856B687A956B787AA56B887AB56B987DE
:10FA3000AC56BA87AD56BB87AE56BC87B056BD87AD
:10FA4000B156BE87B256BF87B356C087B456C1877A
:10FA5000B556C287B656C387B856C487B956C58748
:10FA6000BA56C687BB56C787BD56C887BE56C98714
:10FA7000BF56CA87C056CB87C156CC87C256CD87E2
:10FA8000C356CE87C456CF87C556D087C656D187B2
:10FA9000C756D287C856D387C956D487CB56D58781
:10FAA000CC56D687CD56D787CE56D887CF56D9874E
:10FAB000D056DA87D156DB87D256DC87D356DD871E
:10FAC000D556DE87D656DF87D856E087D956E187E8
:10FAD000DC56E287E356E387E556E487E656E5879A
:10FAE000E756E687E856E787E956E887EA56E98762
:10FAF000EC56EA87EE56EB87EF56EC87F256ED8729
:10FB0000F356EE87F656EF87F756F087F856F187EB
:10FB1000FB56F287FC56F3870057F4870157F587A9
:10FB20000257F6870557F7870757F8870B57F98766
:10FB30000C57FA870D57FB870E57FC870F57FD8729
:10FB40001057FE8711574088125741881357428833
:10FB500014574388155744881657458817574688C1
:10FB600018574788195748881A5749881B574A8891
:10FB70001D574B881E574C8820574D8821574E885B
:10FB800022574F8824575088255751882657528826
:10FB9000275753882B5754883157558832575688E2
:10FBA00034575788355758883657598837575A88A1
:10FBB00038575B883C575C883D575D883F575E8867
:10FBC00041575F884357608844576188455762882A
:10FBD0004657638848576488495765884B576688F5
:10FBE00052576788535768885457698855576A88A9
:10FBF00056576B8858576C8859576D8862576E886E
:10FC000063576F8865577088675771886C5772881B
:10FC10006E577388705774887157758872577688D5
:10FC200074577788755778887857798879577A889C
:10FC30007A577B887D577C887E577D887F577E8862
:10FC40008057808881578188875782888857838822
:10FC5000895784888A5785888D5786888E578788E4
:10FC60008F5788889057898891578A8894578B88AE
:10FC700095578C8896578D8897578E8898578F8878
:10FC8000995790889A5791889C5792889D57938846
:10FC90009E5794889F579588A5579688A857978808
:10FCA000AA579888AC579988AF579A88B0579B88BD
:10FCB000B1579C88B3579D88B5579E88B6579F8883
:10FCC000B757A088B957A188BA57A288BB57A3884D
:10FCD000BC57A488BD57A588BE57A688BF57A7881C
:10FCE000C057A888C157A988C457AA88C557AB88E8
:10FCF000C657AC88C757AD88C857AE88C957AF88B4
:10FD0000CA57B088CC57B188CD57B288D057B3887E
:10FD1000D157B488D357B588D657B688D757B78840
:10FD2000DB57B888DC57B988DE57BA88E157BB88FB
:10FD3000E257BC88E357BD88E557BE88E657BF88C1
:10FD4000E757C088E857C188E957C288EA57C3888F
:10FD5000EB57C488EC57C588EE57C688F057C7885C
:10FD6000F157C888F257C988F357CA88F557CB8826
:10FD7000F657CC88F757CD88FB57CE88FC57CF88ED
:10FD8000FE57D088FF57D1880158D2880358D388AE
:10FD90000458D4880558D5880858D6880958D78873
:10FDA0000A58D8880C58D9880E58DA880F58DB883A
:10FDB0001058DC881258DD881358DE881458DF8804
:10FDC0001658E0881758E1881858E2881A58E388CE
:10FDD0001B58E4881C58E5881D58E6881F58E7889A
:10FDE0002258E8882358E9882558EA882658EB885D
:10FDF0002758EC882858ED882958EE882B58EF882A
:10FE00002C58F0882D58F1882E58F2882F58F388F6
:10FE10003158F4883258F5883358F6883458F788C2
:10FE20003658F8883758F9883858FA883958FB888E
:10FE30003A58FC883B58FD883C58FE883D5840891C
:10FE40003E5841893F584289405843894158448926
:10FE500042584589435846894558478946584889F4
:10FE60004758498948584A8949584B894A584C89C2
:10FE70004B584D894E584E894F584F89505850898C
:10FE80005258518953585289555853895658548954
:10FE900057585589595856895A5857895B5858891F
:10FEA0005C5859895D585A895F585B8960585C89EC
:10FEB00061585D8962585E8963585F8964586089BA
:10FEC0006658618967586289685863896958648986
:10FED0006A5865896D5866896E5867896F58688950
:10FEE0007058698971586A8972586B8973586C891E
:10FEF00074586D8975586E8976586F8977587089EE
:10FF000078587189795872897A5873897B587489BD
:10FF10007C5875897D5876897F5877898258788989
:10FF20008458798986587A8987587B8988587C894A
:10FF30008A587D898B587E898C5880898D58818913
:10FF40008E5882898F5883899058848991588589E1
:10FF500094588689955887899658888997588989A9
:10FF600098588A899B588B899C588C899D588D8973
:10FF7000A0588E89A1588F89A2589089A358918939
:10FF8000A4589289A5589389A6589489A758958909
:10FF9000AA589689AB589789AC589889AD589989D1
:10FFA000AE589A89AF589B89B0589C89B1589D89A1
:10FFB000B2589E89B3589F89B458A089B558A18971
:10FFC000B658A289B758A389B858A489B958A58941
:10FFD000BA58A689BB58A789BD58A889BE58A9890F
:10FFE000BF58AA89C058AB89C258AC89C358AD89DB
:10FFF000C458AE89C658AF89C758B089C858B189A6
:020000040802F0
:10000000C958B289CA58B389CB58B489CC58B58974
:10001000CD58B689CE58B789CF58B889D058B98944
:10002000D258BA89D358BB89D458BC89D658BD890F
:10003000D758BE89D858BF89D958C089DA58C189DC
:10004000DB58C289DC58C389DD58C489DE58C589AC
:10005000DF58C689E058C789E158C889E258C9897C
:10006000E358CA89E558CB89E658CC89E758CD8949
:10007000E858CE89E958CF89EA58D089ED58D18916
:10008000EF58D289F158D389F258D489F458D589D8
:10009000F558D689F758D789F858D889FA58D989A0
:1000A000FB58DA89FC58DB89FD58DC89FE58DD896C
:1000B000FF58DE890059DF890159E0890359E18938
:1000C0000559E2890659E3890859E4890959E589FE
:1000D0000A59E6890B59E7890C59E8890E59E989CB
:1000E0001059EA891159EB891259EC891359ED8994
:1000F0001759EE891859EF891B59F0891D59F18953
:100100001E59F2892059F3892159F4892259F58918
:100110002359F6892659F7892859F8892C59F989DC
:100120003059FA893259FB893359FC893559FD898F
:100130003659FE893B59408A3D59418A3E59428A87
:100140003F59438A4059448A4359458A4559468A0A
:100150004659478A4A59488A4C59498A4D594A8AC8
:1001600050594B8A52594C8A53594D8A59594E8A83
:100170005B594F8A5C59508A5D59518A5E59528A3F
:100180005F59538A6159548A6359558A6459568A0A
:100190006659578A6759588A6859598A69595A8AD3
:1001A0006A595B8A6B595C8A6C595D8A6D595E8AA3
:1001B0006E595F8A6F59608A7059618A7159628A73
:1001C0007259638A7559648A7759658A7A59668A39
:1001D0007B59678A7C59688A7E59698A7F596A8AFD
:1001E00080596B8A85596C8A89596D8A8B596E8AB8
:1001F0008C596F8A8E59708A8F59718A9059728A78
:100200009159738A9459748A9559758A9859768A3E
:100210009A59778A9B59788A9C59798A9D597A8A02
:100220009F597B8AA0597C8AA1597D8AA2597E8ACE
:10023000A659808AA759818AAC59828AAD59838A86
:10024000B059848AB159858AB359868AB459878A44
:10025000B559888AB659898AB7598A8AB8598B8A12
:10026000BA598C8ABC598D8ABD598E8ABF598F8ADA
:10027000C059908AC159918AC259928AC359938AA6
:10028000C459948AC559958AC759968AC859978A74
:10029000C959988ACC59998ACD599A8ACE599B8A3C
:1002A000CF599C8AD5599D8AD6599E8AD9599F8AF9
:1002B000DB59A08ADE59A18ADF59A28AE059A38AB4
:1002C000E159A48AE259A58AE459A68AE659A78A7F
:1002D000E759A88AE959A98AEA59AA8AEB59AB8A47
:1002E000ED59AC8AEE59AD8AEF59AE8AF059AF8A12
:1002F000F159B08AF259B18AF359B28AF459B38AE2
:10030000F559B48AF659B58AF759B68AF859B78AB1
:10031000FA59B88AFC59B98AFD59BA8AFE59BB8A7A
:10032000005ABC8A025ABD8A0A5ABE8A0B5ABF8A30
:100330000D5AC08A0E5AC18A0F5AC28A105AC38AED
:10034000125AC48A145AC58A155AC68A165AC78AB6
:10035000175AC88A195AC98A1A5ACA8A1B5ACB8A82
:100360001D5ACC8A1E5ACD8A215ACE8A225ACF8A49
:10037000245AD08A265AD18A275AD28A285AD38A0E
:100380002A5AD48A2B5AD58A2C5AD68A2D5AD78AD9
:100390002E5AD88A2F5AD98A305ADA8A335ADB8AA7
:1003A000355ADC8A375ADD8A385ADE8A395ADF8A6A
:1003B0003A5AE08A3B5AE18A3D5AE28A3E5AE38A37
:1003C0003F5AE48A415AE58A425AE68A435AE78A02
:1003D000445AE88A455AE98A475AEA8A485AEB8ACF
:1003E0004B5AEC8A4C5AED8A4D5AEE8A4E5AEF8A95
:1003F0004F5AF08A505AF18A515AF28A525AF38A65
:10040000535AF48A545AF58A565AF68A575AF78A32
:10041000585AF88A595AF98A5B5AFA8A5C5AFB8AFE
:100420005D5AFC8A5E5AFD8A5F5AFE8A605A408B8A
:10043000615A418B635A428B645A438B655A448B91
:10044000665A458B685A468B695A478B6B5A488B5C
:100450006C5A498B6D5A4A8B6E5A4B8B6F5A4C8B28
:10046000705A4D8B715A4E8B725A4F8B735A508BF8
:10047000785A518B795A528B7B5A538B7C5A548BB6
:100480007D5A558B7E5A568B805A578B815A588B82
:10049000825A598B835A5A8B845A5B8B855A5C8B50
:1004A000865A5D8B875A5E8B885A5F8B895A608B20
:1004B0008A5A618B8B5A628B8C5A638B8D5A648BF0
:1004C0008E5A658B8F5A668B905A678B915A688BC0
:1004D000935A698B945A6A8B955A6B8B965A6C8B8C
:1004E000975A6D8B985A6E8B995A6F8B9C5A708B5A
:1004F0009D5A718B9E5A728B9F5A738BA05A748B24
:10050000A15A758BA25A768BA35A778BA45A788BF3
:10051000A55A798BA65A7A8BA75A7B8BA85A7C8BC3
:10052000A95A7D8BAB5A7E8BAC5A808BAD5A818B8E
:10053000AE5A828BAF5A838BB05A848BB15A858B5B
:10054000B45A868BB65A878BB75A888BB95A898B1F
:10055000BA5A8A8BBB5A8B8BBC5A8C8BBD5A8D8BEB
:10056000BF5A8E8BC05A8F8BC35A908BC45A918BB3
:10057000C55A928BC65A938BC75A948BC85A958B7F
:10058000CA5A968BCB5A978BCD5A988BCE5A998B49
:10059000CF5A9A8BD05A9B8BD15A9C8BD35A9D8B16
:1005A000D55A9E8BD75A9F8BD95AA08BDA5AA18BDA
:1005B000DB5AA28BDD5AA38BDE5AA48BDF5AA58BA4
:1005C000E25AA68BE45AA78BE55AA88BE75AA98B67
:1005D000E85AAA8BEA5AAB8BEC5AAC8BED5AAD8B2E
:1005E000EE5AAE8BEF5AAF8BF05AB08BF25AB18BFA
:1005F000F35AB28BF45AB38BF55AB48BF65AB58BC7
:10060000F75AB68BF85AB78BF95AB88BFA5AB98B96
:10061000FB5ABA8BFC5ABB8BFD5ABC8BFE5ABD8B66
:10062000FF5ABE8B005BBF8B015BC08B025BC18B33
:10063000035BC28B045BC38B055BC48B065BC58B02
:10064000075BC68B085BC78B0A5BC88B0B5BC98BD0
:100650000C5BCA8B0D5BCB8B0E5BCC8B0F5BCD8B9E
:10066000105BCE8B115BCF8B125BD08B135BD18B6E
:10067000145BD28B155BD38B185BD48B195BD58B3A
:100680001A5BD68B1B5BD78B1C5BD88B1D5BD98B06
:100690001E5BDA8B1F5BDB8B205BDC8B215BDD8BD6
:1006A000225BDE8B235BDF8B245BE08B255BE18BA6
:1006B000265BE28B275BE38B285BE48B295BE58B76
:1006C0002A5BE68B2B5BE78B2C5BE88B2D5BE98B46
:1006D0002E5BEA8B2F5BEB8B305BEC8B315BED8B16
:1006E000335BEE8B355BEF8B365BF08B385BF18BDE
:1006F000395BF28B3A5BF38B3B5BF48B3C5BF58BAA
:100700003D5BF68B3E5BF78B3F5BF88B415BF98B78
:10071000425BFA8B435BFB8B445BFC8B455BFD8B45
:10072000465BFE8B475B408C485B418C495B428C4F
:100730004A5B438C4B5B448C4C5B458C4D5B468CDD
:100740004E5B478C4F5B488C525B498C565B4A8CA6
:100750005E5B4B8C605B4C8C615B4D8C675B4E8C45
:10076000685B4F8C6B5B508C6D5B518C6E5B528CFD
:100770006F5B538C725B548C745B558C765B568CC0
:10078000775B578C785B588C795B598C7B5B5A8C88
:100790007C5B5B8C7E5B5C8C7F5B5D8C825B5E8C50
:1007A000865B5F8C8A5B608C8D5B618C8E5B628C00
:1007B000905B638C915B648C925B658C945B668CC4
:1007C000965B678C9F5B688CA75B698CA85B6A8C67
:1007D000A95B6B8CAC5B6C8CAD5B6D8CAE5B6E8C1B
:1007E000AF5B6F8CB15B708CB25B718CB75B728CE2
:1007F000BA5B738CBB5B748CBC5B758CC05B768C9A
:10080000C15B778CC35B788CC85B798CC95B7A8C55
:10081000CA5B7B8CCB5B7C8CCD5B7D8CCE5B7E8C1A
:10082000CF5B808CD15B818CD45B828CD55B838CDD
:10083000D65B848CD75B858CD85B868CD95B878CA8
:10084000DA5B888CDB5B898CDC5B8A8CE05B8B8C75
:10085000E25B8C8CE35B8D8CE65B8E8CE75B8F8C34
:10086000E95B908CEA5B918CEB5B928CEC5B938CFC
:10087000ED5B948CEF5B958CF15B968CF25B978CC7
:10088000F35B988CF45B998CF55B9A8CF65B9B8C94
:10089000F75B9C8CFD5B9D8CFE5B9E8C005C9F8C53
:1008A000025CA08C035CA18C055CA28C075CA38C11
:1008B000085CA48C0B5CA58C0C5CA68C0D5CA78CD6
:1008C0000E5CA88C105CA98C125CAA8C135CAB8C9F
:1008D000175CAC8C195CAD8C1B5CAE8C1E5CAF8C59
:1008E0001F5CB08C205CB18C215CB28C235CB38C1F
:1008F000265CB48C285CB58C295CB68C2A5CB78CE1
:100900002B5CB88C2D5CB98C2E5CBA8C2F5CBB8CAC
:10091000305CBC8C325CBD8C335CBE8C355CBF8C77
:10092000365CC08C375CC18C435CC28C445CC38C2D
:10093000465CC48C475CC58C4C5CC68C4D5CC78CDB
:10094000525CC88C535CC98C545CCA8C565CCB8C92
:10095000575CCC8C585CCD8C5A5CCE8C5B5CCF8C5D
:100960005C5CD08C5D5CD18C5F5CD28C625CD38C27
:10097000645CD48C675CD58C685CD68C695CD78CE5
:100980006A5CD88C6B5CD98C6C5CDA8C6D5CDB8CB3
:10099000705CDC8C725CDD8C735CDE8C745CDF8C78
:1009A000755CE08C765CE18C775CE28C785CE38C47
:1009B0007B5CE48C7C5CE58C7D5CE68C7E5CE78C0F
:1009C000805CE88C835CE98C845CEA8C855CEB8CD5
:1009D000865CEC8C875CED8C895CEE8C8A5CEF8CA1
:1009E0008B5CF08C8E5CF18C8F5CF28C925CF38C67
:1009F000935CF48C955CF58C9D5CF68C9E5CF78C1E
:100A00009F5CF88CA05CF98CA15CFA8CA45CFB8CDC
:100A1000A55CFC8CA65CFD8CA75CFE8CA85C408D64
:100A2000AA5C418DAE5C428DAF5C438DB05C448D61
:100A3000B25C458DB45C468DB65C478DB95C488D23
:100A4000BA5C498DBB5C4A8DBC5C4B8DBE5C4C8DE9
:100A5000C05C4D8DC25C4E8DC35C4F8DC55C508DAE
:100A6000C65C518DC75C528DC85C538DC95C548D7A
:100A7000CA5C558DCC5C568DCD5C578DCE5C588D47
:100A8000CF5C598DD05C5A8DD15C5B8DD35C5C8D15
:100A9000D45C5D8DD55C5E8DD65C5F8DD75C608DE2
:100AA000D85C618DDA5C628DDB5C638DDC5C648DAF
:100AB000DD5C658DDE5C668DDF5C678DE05C688D7E
:100AC000E25C698DE35C6A8DE75C6B8DE95C6C8D43
:100AD000EB5C6D8DEC5C6E8DEE5C6F8DEF5C708D04
:100AE000F15C718DF25C728DF35C738DF45C748DCE
:100AF000F55C758DF65C768DF75C778DF85C788D9E
:100B0000F95C798DFA5C7A8DFC5C7B8DFD5C7C8D6B
:100B1000FE5C7D8DFF5C7E8D005D808D015D818D35
:100B2000045D828D055D838D085D848D095D858DF5
:100B30000A5D868D0B5D878D0C5D888D0D5D898DC1
:100B40000F5D8A8D105D8B8D115D8C8D125D8D8D8D
:100B5000135D8E8D155D8F8D175D908D185D918D58
:100B6000195D928D1A5D938D1C5D948D1D5D958D23
:100B70001F5D968D205D978D215D988D225D998DED
:100B8000235D9A8D255D9B8D285D9C8D2A5D9D8DB5
:100B90002B5D9E8D2C5D9F8D2F5DA08D305DA18D79
:100BA000315DA28D325DA38D335DA48D355DA58D44
:100BB000365DA68D375DA78D385DA88D395DA98D11
:100BC0003A5DAA8D3B5DAB8D3C5DAC8D3F5DAD8DDF
:100BD000405DAE8D415DAF8D425DB08D435DB18DA9
:100BE000445DB28D455DB38D465DB48D485DB58D78
:100BF000495DB68D4D5DB78D4E5DB88D4F5DB98D3C
:100C0000505DBA8D515DBB8D525DBC8D535DBD8D08
:100C1000545DBE8D555DBF8D565DC08D575DC18DD8
:100C2000595DC28D5A5DC38D5C5DC48D5E5DC58DA1
:100C30005F5DC68D605DC78D615DC88D625DC98D6C
:100C4000635DCA8D645DCB8D655DCC8D665DCD8D3C
:100C5000675DCE8D685DCF8D6A5DD08D6D5DD18D08
:100C60006E5DD28D705DD38D715DD48D725DD58DCD
:100C7000735DD68D755DD78D765DD88D775DD98D99
:100C8000785DDA8D795DDB8D7A5DDC8D7B5DDD8D68
:100C90007C5DDE8D7D5DDF8D7E5DE08D7F5DE18D38
:100CA000805DE28D815DE38D835DE48D845DE58D06
:100CB000855DE68D865DE78D875DE88D885DE98DD4
:100CC000895DEA8D8A5DEB8D8B5DEC8D8C5DED8DA4
:100CD0008D5DEE8D8E5DEF8D8F5DF08D905DF18D74
:100CE000915DF28D925DF38D935DF48D945DF58D44
:100CF000955DF68D965DF78D975DF88D985DF98D14
:100D00009A5DFA8D9B5DFB8D9C5DFC8D9E5DFD8DDE
:100D10009F5DFE8DA05D408EA15D418EA25D428EE5
:100D2000A35D438EA45D448EA55D458EA65D468E73
:100D3000A75D478EA85D488EA95D498EAA5D4A8E43
:100D4000AB5D4B8EAC5D4C8EAD5D4D8EAE5D4E8E13
:100D5000AF5D4F8EB05D508EB15D518EB25D528EE3
:100D6000B35D538EB45D548EB55D558EB65D568EB3
:100D7000B85D578EB95D588EBA5D598EBB5D5A8E7F
:100D8000BC5D5B8EBD5D5C8EBE5D5D8EBF5D5E8E4F
:100D9000C05D5F8EC15D608EC25D618EC35D628E1F
:100DA000C45D638EC65D648EC75D658EC85D668EEC
:100DB000C95D678ECA5D688ECB5D698ECC5D6A8EBB
:100DC000CE5D6B8ECF5D6C8ED05D6D8ED15D6E8E87
:100DD000D25D6F8ED35D708ED45D718ED55D728E57
:100DE000D65D738ED75D748ED85D758ED95D768E27
:100DF000DA5D778EDC5D788EDF5D798EE05D7A8EF0
:100E0000E35D7B8EE45D7C8EEA5D7D8EEC5D7E8EA7
:100E1000ED5D808EF05D818EF55D828EF65D838E58
:100E2000F85D848EF95D858EFA5D868EFB5D878E1A
:100E3000FC5D888EFF5D898E005E8A8E045E8B8EDF
:100E4000075E8C8E095E8D8E0A5E8E8E0B5E8F8E97
:100E50000D5E908E0E5E918E125E928E135E938E5C
:100E6000175E948E1E5E958E1F5E968E205E978E08
:100E7000215E988E225E998E235E9A8E245E9B8ED2
:100E8000255E9C8E285E9D8E295E9E8E2A5E9F8E9C
:100E90002B5EA08E2C5EA18E2F5EA28E305EA38E66
:100EA000325EA48E335EA58E345EA68E355EA78E2E
:100EB000365EA88E395EA98E3A5EAA8E3E5EAB8EF5
:100EC0003F5EAC8E405EAD8E415EAE8E435EAF8EB9
:100ED000465EB08E475EB18E485EB28E495EB38E7E
:100EE0004A5EB48E4B5EB58E4D5EB68E4E5EB78E4C
:100EF0004F5EB88E505EB98E515EBA8E525EBB8E1A
:100F0000535EBC8E565EBD8E575EBE8E585EBF8EE3
:100F1000595EC08E5A5EC18E5C5EC28E5D5EC38EAF
:100F20005F5EC48E605EC58E635EC68E645EC78E75
:100F3000655EC88E665EC98E675ECA8E685ECB8E41
:100F4000695ECC8E6A5ECD8E6B5ECE8E6C5ECF8E11
:100F50006D5ED08E6E5ED18E6F5ED28E705ED38EE1
:100F6000715ED48E755ED58E775ED68E795ED78EA5
:100F70007E5ED88E815ED98E825EDA8E835EDB8E57
:100F8000855EDC8E885EDD8E895EDE8E8C5EDF8E19
:100F90008D5EE08E8E5EE18E925EE28E985EE38ED6
:100FA0009B5EE48E9D5EE58EA15EE68EA25EE78E80
:100FB000A35EE88EA45EE98EA85EEA8EA95EEB8E43
:100FC000AA5EEC8EAB5EED8EAC5EEE8EAE5EEF8E0C
:100FD000AF5EF08EB05EF18EB15EF28EB25EF38ED9
:100FE000B45EF48EBA5EF58EBB5EF68EBC5EF78E96
:100FF000BD5EF88EBF5EF98EC05EFA8EC15EFB8E5E
:10100000C25EFC8EC35EFD8EC45EFE8EC55E408FEA
:10101000C65E418FC75E428FC85E438FCB5E448FF2
:10102000CC5E458FCD5E468FCE5E478FCF5E488FBC
:10103000D05E498FD45E4A8FD55E4B8FD75E4C8F82
:10104000D85E4D8FD95E4E8FDA5E4F8FDC5E508F4B
:10105000DD5E518FDE5E528FDF5E538FE05E548F18
:10106000E15E558FE25E568FE35E578FE45E588FE8
:10107000E55E598FE65E5A8FE75E5B8FE95E5C8FB7
:10108000EB5E5D8FEC5E5E8FED5E5F8FEE5E608F80
:10109000EF5E618FF05E628FF15E638FF25E648F50
:1010A000F35E658FF55E668FF85E678FF95E688F19
:1010B000FB5E698FFC5E6A8FFD5E6B8F055F6C8FD8
:1010C000065F6D8F075F6E8F095F6F8F0C5F708F8C
:1010D0000D5F718F0E5F728F105F738F125F748F51
:1010E000145F758F165F768F195F778F1A5F788F11
:1010F0001C5F798F1D5F7A8F1E5F7B8F215F7C8FD6
:10110000225F7D8F235F7E8F245F808F285F818F9A
:101110002B5F828F2C5F838F2E5F848F305F858F54
:10112000325F868F335F878F345F888F355F898F1B
:10113000365F8A8F375F8B8F385F8C8F3B5F8D8FE9
:101140003D5F8E8F3E5F8F8F3F5F908F415F918FAE
:10115000425F928F435F938F445F948F455F958F7B
:10116000465F968F475F978F485F988F495F998F4B
:101170004A5F9A8F4B5F9B8F4C5F9C8F4D5F9D8F1B
:101180004E5F9E8F4F5F9F8F515FA08F545FA18FE7
:10119000595FA28F5A5FA38F5B5FA48F5C5FA58F9F
:1011A0005E5FA68F5F5FA78F605FA88F635FA98F69
:1011B000655FAA8F675FAB8F685FAC8F6B5FAD8F2A
:1011C0006E5FAE8F6F5FAF8F725FB08F745FB18FE6
:1011D000755FB28F765FB38F785FB48F7A5FB58FAC
:1011E0007D5FB68F7E5FB78F7F5FB88F835FB98F6C
:1011F000865FBA8F8D5FBB8F8E5FBC8F8F5FBD8F19
:10120000915FBE8F935FBF8F945FC08F965FC18FDA
:101210009A5FC28F9B5FC38F9D5FC48F9E5FC58F98
:101220009F5FC68FA05FC78FA25FC88FA35FC98F64
:10123000A45FCA8FA55FCB8FA65FCC8FA75FCD8F32
:10124000A95FCE8FAB5FCF8FAC5FD08FAF5FD18FF9
:10125000B05FD28FB15FD38FB25FD48FB35FD58FC2
:10126000B45FD68FB65FD78FB85FD88FB95FD98F8D
:10127000BA5FDA8FBB5FDB8FBE5FDC8FBF5FDD8F56
:10128000C05FDE8FC15FDF8FC25FE08FC75FE18F1E
:10129000C85FE28FCA5FE38FCB5FE48FCE5FE58FDD
:1012A000D35FE68FD45FE78FD55FE88FDA5FE98F92
:1012B000DB5FEA8FDC5FEB8FDE5FEC8FDF5FED8F54
:1012C000E25FEE8FE35FEF8FE55FF08FE65FF18F18
:1012D000E85FF28FE95FF38FEC5FF48FEF5FF58FDC
:1012E000F05FF68FF25FF78FF35FF88FF45FF98F9F
:1012F000F65FFA8FF75FFB8FF95FFC8FFA5FFD8F68
:10130000FC5FFE8F0760409008604190096042904A
:101310000B6043900C6044901060459011604690C3
:101320001360479017604890186049901A604A907F
:101330001E604B901F604C9022604D9023604E9039
:1013400024604F902C6050902D6051902E605290F0
:1013500030605390316054903260559033605690B5
:1013600034605790366058903760599038605A9082
:1013700039605B903A605C903D605D903E605E904D
:1013800040605F904460609045606190466062900C
:101390004760639048606490496065904A606690D9
:1013A0004C6067904E6068904F60699051606A90A1
:1013B00053606B9054606C9056606D9057606E9067
:1013C00058606F905B6070905C6071905E6072902E
:1013D0005F607390606074906160759065607690F6
:1013E000666077906E6078907160799072607A90A4
:1013F00074607B9075607C9077607D907E607E905D
:10140000806080908160819082608290856083900E
:101410008660849087608590886086908A608790D7
:101420008B6088908E6089908F608A9090608B909E
:1014300091608C9093608D9095608E9097608F9066
:1014400098609090996091909C6092909E6093902B
:10145000A1609490A2609590A4609690A5609790EA
:10146000A7609890A9609990AA609A90AE609B90AE
:10147000B0609C90B3609D90B5609E90B6609F9068
:10148000B760A090B960A190BA60A290BD60A3902F
:10149000BE60A490BF60A590C060A690C160A790F8
:1014A000C260A890C360A990C460AA90C760AB90C6
:1014B000C860AC90C960AD90CC60AE90CD60AF908C
:1014C000CE60B090CF60B190D060B290D260B39057
:1014D000D360B490D460B590D660B690D760B79022
:1014E000D960B890DB60B990DE60BA90E160BB90E3
:1014F000E260BC90E360BD90E460BE90E560BF90A8
:10150000EA60C090F160C190F260C290F560C39053
:10151000F760C490F860C590FB60C690FC60C7900F
:10152000FD60C890FE60C990FF60CA900261CB90D8
:101530000361CC900461CD900561CE900761CF909E
:101540000A61D0900B61D1900C61D2901061D39060
:101550001161D4901261D5901361D6901461D79027
:101560001661D8901761D9901861DA901961DB90F3
:101570001B61DC901C61DD901D61DE901E61DF90BF
:101580002161E0902261E1902561E2902861E39081
:101590002961E4902A61E5902C61E6902D61E79045
:1015A0002E61E8902F61E9903061EA903161EB9013
:1015B0003261EC903361ED903461EE903561EF90E3
:1015C0003661F0903761F1903861F2903961F390B3
:1015D0003A61F4903B61F5903C61F6903D61F79083
:1015E0003E61F8904061F9904161FA904261FB9050
:1015F0004361FC904461FD904561FE9046614091DD
:1016000047614191496142914B6143914D614491E0
:101610004F614591506146915261479153614891A4
:101620005461499156614A9157614B9158614C916F
:1016300059614D915A614E915B614F915C6150913E
:101640005E6151915F61529160615391616154910A
:1016500063615591646156916561579166615891D6
:10166000696159916A615A916B615B916C615C919E
:101670006D615D916E615E916F615F91716160916D
:101680007261619173616291746163917661649139
:1016900078616591796166917A6167917B61689102
:1016A0007C6169917D616A917E616B917F616C91D2
:1016B00080616D9181616E9182616F9183617091A2
:1016C0008461719185617291866173918761749172
:1016D00088617591896176918A6177918C61789141
:1016E0008D6179918F617A9190617B9191617C910B
:1016F00092617D9193617E919561809196618191D6
:101700009761829198618391996184919A618591A1
:101710009B6186919C6187919E6188919F6189916F
:10172000A0618A91A1618B91A2618C91A3618D913D
:10173000A4618E91A5618F91A6619091AA6191910A
:10174000AB619291AD619391AE619491AF619591CE
:10175000B0619691B1619791B2619891B36199919D
:10176000B4619A91B5619B91B6619C91B8619D916C
:10177000B9619E91BA619F91BB61A091BC61A19139
:10178000BD61A291BF61A391C061A491C161A59106
:10179000C361A691C461A791C561A891C661A991D1
:1017A000C761AA91C961AB91CC61AC91CD61AD919A
:1017B000CE61AE91CF61AF91D061B091D361B19163
:1017C000D561B291D661B391D761B491D861B59129
:1017D000D961B691DA61B791DB61B891DC61B991F9
:1017E000DD61BA91DE61BB91DF61BC91E061BD91C9
:1017F000E161BE91E261BF91E361C091E461C19199
:10180000E561C291E761C391E861C491E961C59165
:10181000EA61C691EB61C791EC61C891ED61C99134
:10182000EE61CA91EF61CB91F061CC91F161CD9104
:10183000F261CE91F361CF91F461D091F661D191D3
:10184000F761D291F861D391F961D491FA61D591A0
:10185000FB61D691FC61D791FD61D891FE61D99170
:101860000062DA910162DB910262DC910362DD9138
:101870000462DE910562DF910762E0910962E19105
:101880001362E2911462E3911962E4911C62E591A2
:101890001D62E6911E62E7912062E8912362E99160
:1018A0002662EA912762EB912862EC912962ED9120
:1018B0002B62EE912D62EF912F62F0913062F191E7
:1018C0003162F2913262F3913562F4913662F591B0
:1018D0003862F6913962F7913A62F8913B62F99178
:1018E0003C62FA914262FB914462FC914562FD9137
:1018F0004662FE914A6240924F6241925062429229
:10190000556243925662449257624592596246929A
:101910005A6247925C6248925D6249925E624A9264
:101920005F624B9260624C9261624D9262624E9233
:1019300064624F92656250926862519271625292F3
:1019400072625392746254927562559277625692A3
:10195000786257927A6258927B6259927D625A926B
:1019600081625B9282625C9283625D9285625E922A
:1019700086625F9287626092886261928B626292F5
:101980008C6263928D6264928E6265928F626692BF
:101990009062679294626892996269929C626A927C
:1019A0009D626B929E626C92A3626D92A6626E9231
:1019B000A7626F92A9627092AA627192AD627292EE
:1019C000AE627392AF627492B0627592B2627692B6
:1019D000B3627792B4627892B6627992B7627A9281
:1019E000B8627B92BA627C92BE627D92C0627E9245
:1019F000C1628092C3628192CB628292CF628392F3
:101A0000D1628492D5628592DD628692DE6287928F
:101A1000E0628892E1628992E4628A92EA628B9241
:101A2000EB628C92F0628D92F2628E92F5628F92EE
:101A3000F8629092F9629192FA629292FB629392AA
:101A40000063949203639592046396920563979260
:101A5000066398920A6399920B639A920C639B9225
:101A60000D639C920F639D9210639E9212639F92EE
:101A70001363A0921463A1921563A2921763A392B9
:101A80001863A4921963A5921C63A6922663A79279
:101A90002763A8922963A9922C63AA922D63AB9223
:101AA0002E63AC923063AD923163AE923363AF92EA
:101AB0003463B0923563B1923663B2923763B392B6
:101AC0003863B4923B63B5923C63B6923E63B7927F
:101AD0003F63B8924063B9924163BA924463BB9248
:101AE0004763BC924863BD924A63BE925163BF9202
:101AF0005263C0925363C1925463C2925663C392BD
:101B00005763C4925863C5925963C6925A63C79289
:101B10005B63C8925C63C9925D63CA926063CB9257
:101B20006463CC926563CD926663CE926863CF9214
:101B30006A63D0926B63D1926C63D2926F63D392DB
:101B40007063D4927263D5927363D6927463D792A2
:101B50007563D8927863D9927963DA927C63DB9269
:101B60007D63DC927E63DD927F63DE928163DF9230
:101B70008363E0928463E1928563E2928663E392F9
:101B80008B63E4928D63E5929163E6929363E792AF
:101B90009463E8929563E9929763EA929963EB9272
:101BA0009A63EC929B63ED929C63EE929D63EF923D
:101BB0009E63F0929F63F192A163F292A463F39209
:101BC000A663F492AB63F592AF63F692B163F792BA
:101BD000B263F892B563F992B663FA92B963FB9275
:101BE000BB63FC92BD63FD92BF63FE92C0634093F2
:101BF000C1634193C2634293C3634393C5634493F8
:101C0000C7634593C8634693CA634793CB634893BE
:101C1000CC634993D1634A93D3634B93D4634C937E
:101C2000D5634D93D7634E93D8634F93D963509345
:101C3000DA635193DB635293DC635393DD63549314
:101C4000DF635593E2635693E4635793E5635893D8
:101C5000E6635993E7635A93E8635B93EB635C93A2
:101C6000EC635D93EE635E93EF635F93F063609369
:101C7000F1636193F3636293F5636393F763649332
:101C8000F9636593FA636693FB636793FC636893F8
:101C9000FE63699303646A9304646B9306646C93B4
:101CA00007646D9308646E9309646F930A6470937C
:101CB0000D6471930E647293116473931264749340
:101CC0001564759316647693176477931864789304
:101CD000196479931A647A931D647B931F647C93CF
:101CE00022647D9323647E9324648093256481938E
:101CF0002764829328648393296484932B64859357
:101D00002E6486932F64879330648893316489931B
:101D100032648A9333648B9335648C9336648D93E9
:101D200037648E9338648F93396490933B649193B6
:101D30003C6492933E64939340649493426495937D
:101D400043649693496497934B6498934C64999336
:101D50004D649A934E649B934F649C9350649D93FF
:101D600051649E9353649F935564A0935664A193CA
:101D70005764A2935964A3935A64A4935B64A59394
:101D80005C64A6935D64A7935F64A8936064A99361
:101D90006164AA936264AB936364AC936464AD932F
:101DA0006564AE936664AF936864B0936A64B193FC
:101DB0006B64B2936C64B3936E64B4936F64B593C5
:101DC0007064B6937164B7937264B8937364B99393
:101DD0007464BA937564BB937664BC937764BD9363
:101DE0007B64BE937C64BF937D64C0937E64C19327
:101DF0007F64C2938064C3938164C4938364C593F6
:101E00008664C6938864C7938964C8938A64C993B7
:101E10008B64CA938C64CB938D64CC938E64CD9386
:101E20008F64CE939064CF939364D0939464D19352
:101E30009764D2939864D3939A64D4939B64D59314
:101E40009C64D6939D64D7939F64D893A064D993E0
:101E5000A164DA93A264DB93A364DC93A564DD93AD
:101E6000A664DE93A764DF93A864E093AA64E19379
:101E7000AB64E293AF64E393B164E493B264E5933B
:101E8000B364E693B464E793B664E893B964E99302
:101E9000BB64EA93BD64EB93BE64EC93BF64ED93C3
:101EA000C164EE93C364EF93C464F093C664F1938A
:101EB000C764F293C864F393C964F493CA64F59356
:101EC000CB64F693CC64F793CF64F893D164F99321
:101ED000D364FA93D464FB93D564FC93D664FD93E6
:101EE000D964FE93DA644094DB644194DC644294E8
:101EF000DD644394DF644494E0644594E164469473
:101F0000E3644794E5644894E7644994E8644A9438
:101F1000E9644B94EA644C94EB644D94EC644E9405
:101F2000ED644F94EE645094EF645194F0645294D5
:101F3000F1645394F2645494F3645594F4645694A5
:101F4000F5645794F6645894F7645994F8645A9475
:101F5000F9645B94FA645C94FB645D94FC645E9445
:101F6000FD645F94FE646094FF6461940165629413
:101F700002656394036564940465659405656694DD
:101F80000665679407656894086569940A656A94AC
:101F90000B656B940C656C940D656D940E656E9479
:101FA0000F656F9410657094116571941365729448
:101FB0001465739415657494166575941765769415
:101FC000196577941A6578941B6579941C657A94E1
:101FD0001D657B941E657C941F657D9420657E94B1
:101FE000216580942265819423658294246583947D
:101FF0002665849427658594286586942965879449
:102000002A6588942C6589942D658A9430658B9413
:1020100031658C9432658D9433658E9437658F94D9
:102020003A6590943C6591943D6592944065939493
:10203000416594944265959443659694446597945C
:1020400046659894476599944A659A944B659B9424
:102050004D659C944E659D9450659E9452659F94E9
:102060005365A0945465A1945765A2945865A394B0
:102070005A65A4945C65A5945F65A6946065A79471
:102080006165A8946465A9946565AA946765AB9435
:102090006865AC946965AD946A65AE946D65AF94FE
:1020A0006E65B0946F65B1947165B2947365B394C5
:1020B0007565B4947665B5947865B6947965B7948A
:1020C0007A65B8947B65B9947C65BA947D65BB9458
:1020D0007E65BC947F65BD948065BE948165BF9428
:1020E0008265C0948365C1948465C2948565C394F8
:1020F0008665C4948865C5948965C6948A65C794C5
:102100008D65C8948E65C9948F65CA949265CB9489
:102110009465CC949565CD949665CE949865CF944E
:102120009A65D0949D65D1949E65D294A065D39410
:10213000A265D494A365D594A665D694A865D794D2
:10214000AA65D894AC65D994AE65DA94B165DB9490
:10215000B265DC94B365DD94B465DE94B565DF9457
:10216000B665E094B765E194B865E294BA65E39426
:10217000BB65E494BE65E594BF65E694C065E794ED
:10218000C265E894C765E994C865EA94C965EB94AB
:10219000CA65EC94CD65ED94D065EE94D165EF946D
:1021A000D365F094D465F194D565F294D865F39431
:1021B000D965F494DA65F594DB65F694DC65F794FB
:1021C000DD65F894DE65F994DF65FA94E165FB94CA
:1021D000E365FC94E465FD94EA65FE94EB65409547
:1021E000F2654195F3654295F4654395F56544952F
:1021F000F8654595F9654695FB654795FC654895F5
:10220000FD654995FE654A95FF654B9501664C95C0
:1022100004664D9505664E9507664F950866509580
:10222000096651950B6652950D6653951066549547
:102230001166559512665695166657951766589508
:10224000186659951A665A951B665B951C665C95CF
:102250001E665D9521665E9522665F952366609594
:102260002466619526666295296663952A6664955B
:102270002B6665952C6666952E6667953066689523
:102280003266699533666A9537666B9538666C95E4
:1022900039666D953A666E953B666F953D667095AD
:1022A0003F66719540667295426673954466749573
:1022B000456675954666769547667795486678953E
:1022C000496679954A667A954D667B954E667C950A
:1022D00050667D9551667E955866809559668195C4
:1022E0005B6682955C6683955D6684955E66859582
:1022F000606686956266879563668895656689954A
:1023000067668A9569668B956A668C956B668D950E
:102310006C668E956D668F957166909572669195D7
:10232000736692957566939578669495796695959A
:102330007B6696957C6697957D6698957F66999560
:1023400080669A9581669B9583669C9585669D952A
:1023500086669E9588669F958966A0958A66A195F2
:102360008B66A2958D66A3958E66A4958F66A595BE
:102370009066A6959266A7959366A8959466A9958A
:102380009566AA959866AB959966AC959A66AD9553
:102390009B66AE959C66AF959E66B0959F66B1951F
:1023A000A066B295A166B395A266B495A366B595ED
:1023B000A466B695A566B795A666B895A966B995BB
:1023C000AA66BA95AB66BB95AC66BC95AD66BD9585
:1023D000AF66BE95B066BF95B166C095B266C19551
:1023E000B366C295B566C395B666C495B766C5951E
:1023F000B866C695BA66C795BB66C895BC66C995EA
:10240000BD66CA95BF66CB95C066CC95C166CD95B5
:10241000C266CE95C366CF95C466D095C566D19584
:10242000C666D295C766D395C866D495C966D59554
:10243000CA66D695CB66D795CC66D895CD66D99524
:10244000CE66DA95CF66DB95D066DC95D166DD95F4
:10245000D266DE95D366DF95D466E095D566E195C4
:10246000D666E295D766E395D866E495DA66E59593
:10247000DE66E695DF66E795E066E895E166E99554
:10248000E266EA95E366EB95E466EC95E566ED9524
:10249000E766EE95E866EF95EA66F095EB66F195EE
:1024A000EC66F295ED66F395EE66F495EF66F595BC
:1024B000F166F695F566F795F666F895F866F9957E
:1024C000FA66FA95FB66FB95FD66FC950167FD953E
:1024D0000267FE950367409604674196056742963A
:1024E00006674396076744960C6745960E674696BF
:1024F0000F674796116748961267499613674A9681
:1025000016674B9618674C9619674D961A674E9644
:102510001C674F961E67509620675196216752960A
:1025200022675396236754962467559625675696D7
:1025300027675796296758962E67599630675A9697
:1025400032675B9633675C9636675D9637675E9653
:1025500038675F96396760963B6761963C6762961D
:102560003E6763963F6764964167659644676696E3
:1025700045676796476768964A6769964B676A96A4
:102580004D676B9652676C9654676D9655676E965D
:1025900057676F9658677096596771965A67729623
:1025A0005B6773965D6774966267759663677696E8
:1025B0006467779666677896676779966B677A96A9
:1025C0006C677B966E677C9671677D9674677E9666
:1025D0007667809678678196796782967A67839620
:1025E0007B6784967D6785968067869682678796E7
:1025F000836788968567899686678A9688678B96AB
:102600008A678C968C678D968D678E968E678F966F
:102610008F6790969167919692679296936793963B
:102620009467949696679596996796969B67979602
:102630009F679896A0679996A1679A96A4679B96BC
:10264000A6679C96A9679D96AC679E96AE679F9677
:10265000B167A096B267A196B467A296B967A39630
:10266000BA67A496BB67A596BC67A696BD67A796F2
:10267000BE67A896BF67A996C067AA96C267AB96C1
:10268000C567AC96C667AD96C767AE96C867AF9686
:10269000C967B096CA67B196CB67B296CC67B39656
:1026A000CD67B496CE67B596D567B696D667B7961A
:1026B000D767B896DB67B996DF67BA96E167BB96CE
:1026C000E367BC96E467BD96E667BE96E767BF968C
:1026D000E867C096EA67C196EB67C296ED67C39656
:1026E000EE67C496F267C596F567C696F667C79615
:1026F000F767C896F867C996F967CA96FA67CB96DE
:10270000FB67CC96FC67CD96FE67CE960168CF96A8
:102710000268D0960368D1960468D2960668D3966C
:102720000D68D4961068D5961268D6961468D79618
:102730001568D8961868D9961968DA961A68DB96DB
:102740001B68DC961C68DD961E68DE961F68DF96A7
:102750002068E0962268E1962368E2962468E39672
:102760002568E4962668E5962768E6962868E79641
:102770002B68E8962C68E9962D68EA962E68EB9609
:102780002F68EC963068ED963168EE963468EF96D7
:102790003568F0963668F1963A68F2963B68F3969B
:1027A0003F68F4964768F5964B68F6964D68F7963D
:1027B0004F68F8965268F9965668FA965768FB96ED
:1027C0005868FC965968FD965A68FE965B68409773
:1027D0005C6841975D6842975E6843975F6844977D
:1027E0006A6845976C6846976D6847976E68489722
:1027F0006F68499770684A9771684B9772684C97F1
:1028000073684D9775684E9778684F9779685097B9
:102810007A6851977B6852977C6853977D68549784
:102820007E6855977F685697806857978268589753
:102830008468599787685A9788685B9789685C9716
:102840008A685D978B685E978C685F978D686097E4
:102850008E686197906862979168639792686497B1
:10286000946865979568669796686797986868977B
:10287000996869979A686A979B686B979C686C9748
:102880009D686D979E686E979F686F97A068709718
:10289000A1687197A3687297A4687397A5687497E5
:1028A000A9687597AA687697AB687797AC687897A8
:1028B000AE687997B1687A97B2687B97B4687C976D
:1028C000B6687D97B7687E97B8688097B968819732
:1028D000BA688297BB688397BC688497BD68859700
:1028E000BE688697BF688797C1688897C3688997CD
:1028F000C4688A97C5688B97C6688C97C7688D9798
:10290000C8688E97CA688F97CC689097CE68919761
:10291000CF689297D0689397D1689497D36895972A
:10292000D4689697D6689797D7689897D9689997F3
:10293000DB689A97DC689B97DD689C97DE689D97BB
:10294000DF689E97E1689F97E268A097E468A19787
:10295000E568A297E668A397E768A497E868A59753
:10296000E968A697EA68A797EB68A897EC68A99723
:10297000ED68AA97EF68AB97F268AC97F368AD97EC
:10298000F468AE97F668AF97F768B097F868B197B4
:10299000FB68B297FD68B397FE68B497FF68B59778
:1029A0000069B6970269B7970369B8970469B99740
:1029B0000669BA970769BB970869BC970969BD970B
:1029C0000A69BE970C69BF970F69C0971169C197D3
:1029D0001369C2971469C3971569C4971669C59797
:1029E0001769C6971869C7971969C8971A69C99767
:1029F0001B69CA971C69CB971D69CC971E69CD9737
:102A00002169CE972269CF972369D0972569D197FD
:102A10002669D2972769D3972869D4972969D597CA
:102A20002A69D6972B69D7972C69D8972E69D99799
:102A30002F69DA973169DB973269DC973369DD9763
:102A40003569DE973669DF973769E0973869E1972E
:102A50003A69E2973B69E3973C69E4973E69E597F9
:102A60004069E6974169E7974369E8974469E997C0
:102A70004569EA974669EB974769EC974869ED978E
:102A80004969EE974A69EF974B69F0974C69F1975E
:102A90004D69F2974E69F3974F69F4975069F5972E
:102AA0005169F6975269F7975369F8975569F997FD
:102AB0005669FA975869FB975969FC975B69FD97C6
:102AC0005C69FE975F6940986169419862694298C4
:102AD0006469439865694498676945986869469848
:102AE000696947986A6948986C6949986D694A9814
:102AF0006F694B9870694C9872694D9873694E98DC
:102B000074694F9875695098766951987A695298A6
:102B10007B6953987D6954987E6955987F6956986A
:102B20008169579883695898856959988A695A982C
:102B30008B695B988C695C988E695D988F695E98EB
:102B400090695F98916960989269619893696298B9
:102B50009669639897696498996965989A6966987F
:102B60009D6967989E6968989F696998A0696A9845
:102B7000A1696B98A2696C98A3696D98A4696E9815
:102B8000A5696F98A6697098A9697198AA697298E1
:102B9000AC697398AE697498AF697598B0697698A6
:102BA000B2697798B3697898B5697998B6697A986F
:102BB000B8697B98B9697C98BA697D98BC697E9838
:102BC000BD698098BE698198BF698298C069839801
:102BD000C2698498C3698598C4698698C5698798CD
:102BE000C6698898C7698998C8698A98C9698B989D
:102BF000CB698C98CD698D98CF698E98D1698F9863
:102C0000D2699098D3699198D5699298D66993982A
:102C1000D7699498D8699598D9699698DA699798F8
:102C2000DC699898DD699998DE699A98E1699B98C2
:102C3000E2699C98E3699D98E4699E98E5699F988C
:102C4000E669A098E769A198E869A298E969A3985C
:102C5000EA69A498EB69A598EC69A698EE69A7982B
:102C6000EF69A898F069A998F169AA98F369AB98F7
:102C7000F469AC98F569AD98F669AE98F769AF98C4
:102C8000F869B098F969B198FA69B298FB69B39894
:102C9000FC69B498FE69B598006AB698016AB7985D
:102CA000026AB898036AB998046ABA98056ABB9828
:102CB000066ABC98076ABD98086ABE98096ABF98F8
:102CC0000B6AC0980C6AC1980D6AC2980E6AC398C4
:102CD0000F6AC498106AC598116AC698126AC79894
:102CE000136AC898146AC998156ACA98166ACB9864
:102CF000196ACC981A6ACD981B6ACE981C6ACF982C
:102D00001D6AD0981E6AD198206AD298226AD398F8
:102D1000236AD498246AD598256AD698266AD798C3
:102D2000276AD898296AD9982B6ADA982C6ADB988E
:102D30002D6ADC982E6ADD98306ADE98326ADF9858
:102D4000336AE098346AE198366AE298376AE39821
:102D5000386AE498396AE5983A6AE6983B6AE798EF
:102D60003C6AE8983F6AE998406AEA98416AEB98B9
:102D7000426AEC98436AED98456AEE98466AEF9885
:102D8000486AF098496AF1984A6AF2984B6AF3984F
:102D90004C6AF4984D6AF5984E6AF6984F6AF7981F
:102DA000516AF898526AF998536AFA98546AFB98EB
:102DB000556AFC98566AFD98576AFE985A6A409977
:102DC0005C6A41995D6A42995E6A43995F6A449977
:102DD000606A4599626A4699636A4799646A489944
:102DE000666A4999676A4A99686A4B99696A4C990F
:102DF0006A6A4D996B6A4E996C6A4F996D6A5099DF
:102E00006E6A51996F6A5299706A5399726A5499AD
:102E1000736A5599746A5699756A5799766A58997A
:102E2000776A5999786A5A997A6A5B997B6A5C9948
:102E30007D6A5D997E6A5E997F6A5F99816A609911
:102E4000826A6199836A6299856A6399866A6499DC
:102E5000876A6599886A6699896A67998A6A6899AA
:102E60008B6A69998C6A6A998D6A6B998F6A6C9979
:102E7000926A6D99936A6E99946A6F99956A70993E
:102E8000966A7199986A7299996A73999A6A74990B
:102E90009B6A75999C6A76999D6A77999E6A7899DA
:102EA0009F6A7999A16A7A99A26A7B99A36A7C99A7
:102EB000A46A7D99A56A7E99A66A8099A76A819974
:102EC000A86A8299AA6A8399AD6A8499AE6A85993B
:102ED000AF6A8699B06A8799B16A8899B26A899906
:102EE000B36A8A99B46A8B99B56A8C99B66A8D99D6
:102EF000B76A8E99B86A8F99B96A9099BA6A9199A6
:102F0000BB6A9299BC6A9399BD6A9499BE6A959975
:102F1000BF6A9699C06A9799C16A9899C26A999945
:102F2000C36A9A99C46A9B99C56A9C99C66A9D9915
:102F3000C76A9E99C86A9F99C96AA099CA6AA199E5
:102F4000CB6AA299CC6AA399CD6AA499CE6AA599B5
:102F5000CF6AA699D06AA799D16AA899D26AA99985
:102F6000D36AAA99D46AAB99D56AAC99D66AAD9955
:102F7000D76AAE99D86AAF99D96AB099DA6AB19925
:102F8000DB6AB299DC6AB399DD6AB499DE6AB599F5
:102F9000DF6AB699E06AB799E16AB899E26AB999C5
:102FA000E36ABA99E46ABB99E56ABC99E66ABD9995
:102FB000E76ABE99E86ABF99E96AC099EA6AC19965
:102FC000EB6AC299EC6AC399ED6AC499EE6AC59935
:102FD000EF6AC699F06AC799F16AC899F26AC99905
:102FE000F36ACA99F46ACB99F56ACC99F66ACD99D5
:102FF000F76ACE99F86ACF99F96AD099FA6AD199A5
:10300000FB6AD299FC6AD399FD6AD499FE6AD59974
:10301000FF6AD699006BD799016BD899026BD99941
:10302000036BDA99046BDB99056BDC99066BDD9910
:10303000076BDE99086BDF99096BE0990A6BE199E0
:103040000B6BE2990C6BE3990D6BE4990E6BE599B0
:103050000F6BE699106BE799116BE899126BE99980
:10306000136BEA99146BEB99156BEC99166BED9950
:10307000176BEE99186BEF99196BF0991A6BF19920
:103080001B6BF2991C6BF3991D6BF4991E6BF599F0
:103090001F6BF699256BF799266BF899286BF999B0
:1030A000296BFA992A6BFB992B6BFC992C6BFD9978
:1030B0002D6BFE992E6B409A2F6B419A306B429A82
:1030C000316B439A336B449A346B459A356B469A0D
:1030D000366B479A386B489A3B6B499A3C6B4A9AD5
:1030E0003D6B4B9A3F6B4C9A406B4D9A416B4E9A9D
:1030F000426B4F9A446B509A456B519A486B529A67
:103100004A6B539A4B6B549A4D6B559A4E6B569A29
:103110004F6B579A506B589A516B599A526B5A9AF7
:10312000536B5B9A546B5C9A556B5D9A566B5E9AC7
:10313000576B5F9A586B609A5A6B619A5B6B629A95
:103140005C6B639A5D6B649A5E6B659A5F6B669A63
:10315000606B679A616B689A686B699A696B6A9A27
:103160006B6B6B9A6C6B6C9A6D6B6D9A6E6B6E9AE7
:103170006F6B6F9A706B709A716B719A726B729AB7
:10318000736B739A746B749A756B759A766B769A87
:10319000776B779A786B789A7A6B799A7D6B7A9A53
:1031A0007E6B7B9A7F6B7C9A806B7D9A856B7E9A17
:1031B000886B809A8C6B819A8E6B829A8F6B839AC4
:1031C000906B849A916B859A946B869A956B879A8B
:1031D000976B889A986B899A996B8A9A9C6B8B9A51
:1031E0009D6B8C9A9E6B8D9A9F6B8E9AA06B8F9A1B
:1031F000A26B909AA36B919AA46B929AA56B939AE7
:10320000A66B949AA76B959AA86B969AA96B979AB6
:10321000AB6B989AAC6B999AAD6B9A9AAE6B9B9A82
:10322000AF6B9C9AB06B9D9AB16B9E9AB26B9F9A52
:10323000B66BA09AB86BA19AB96BA29ABA6BA39A13
:10324000BB6BA49ABC6BA59ABD6BA69ABE6BA79AE2
:10325000C06BA89AC36BA99AC46BAA9AC66BAB9AA7
:10326000C76BAC9AC86BAD9AC96BAE9ACA6BAF9A72
:10327000CC6BB09ACE6BB19AD06BB29AD16BB39A39
:10328000D86BB49ADA6BB59ADC6BB69ADD6BB79AE9
:10329000DE6BB89ADF6BB99AE06BBA9AE26BBB9AB5
:1032A000E36BBC9AE46BBD9AE56BBE9AE66BBF9A82
:1032B000E76BC09AE86BC19AE96BC29AEC6BC39A50
:1032C000ED6BC49AEE6BC59AF06BC69AF16BC79A18
:1032D000F26BC89AF46BC99AF66BCA9AF76BCB9AE1
:1032E000F86BCC9AFA6BCD9AFB6BCE9AFC6BCF9AAB
:1032F000FE6BD09AFF6BD19A006CD29A016CD39A74
:10330000026CD49A036CD59A046CD69A086CD79A3E
:10331000096CD89A0A6CD99A0B6CDA9A0C6CDB9A05
:103320000E6CDC9A126CDD9A176CDE9A1C6CDF9ABC
:103330001D6CE09A1E6CE19A206CE29A236CE39A71
:10334000256CE49A2B6CE59A2C6CE69A2D6CE79A26
:10335000316CE89A336CE99A366CEA9A376CEB9ADE
:10336000396CEC9A3A6CED9A3B6CEE9A3C6CEF9AA5
:103370003E6CF09A3F6CF19A436CF29A446CF39A6B
:10338000456CF49A486CF59A4B6CF69A4C6CF79A2B
:103390004D6CF89A4E6CF99A4F6CFA9A516CFB9AF4
:1033A000526CFC9A536CFD9A566CFE9A586C409B7A
:1033B000596C419B5A6C429B626C439B636C449B6F
:1033C000656C459B666C469B676C479B6B6C489B2A
:1033D0006C6C499B6D6C4A9B6E6C4B9B6F6C4C9BF1
:1033E000716C4D9B736C4E9B756C4F9B776C509BB7
:1033F000786C519B7A6C529B7B6C539B7C6C549B7E
:103400007F6C559B806C569B846C579B876C589B3C
:103410008A6C599B8B6C5A9B8D6C5B9B8E6C5C9BF6
:10342000916C5D9B926C5E9B956C5F9B966C609BB8
:10343000976C619B986C629B9A6C639B9C6C649B81
:103440009D6C659B9E6C669BA06C679BA26C689B49
:10345000A86C699BAC6C6A9BAF6C6B9BB06C6C9BF3
:10346000B46C6D9BB56C6E9BB66C6F9BB76C709BB0
:10347000BA6C719BC06C729BC16C739BC26C749B69
:10348000C36C759BC66C769BC76C779BC86C789B2E
:10349000CB6C799BCD6C7A9BCE6C7B9BCF6C7C9BF1
:1034A000D16C7D9BD26C7E9BD86C809BD96C819BB0
:1034B000DA6C829BDC6C839BDD6C849BDF6C859B70
:1034C000E46C869BE66C879BE76C889BE96C899B28
:1034D000EC6C8A9BED6C8B9BF26C8C9BF46C8D9BE3
:1034E000F96C8E9BFF6C8F9B006D909B026D919B86
:1034F000036D929B056D939B066D949B086D959B48
:10350000096D969B0A6D979B0D6D989B0F6D999B0E
:10351000106D9A9B116D9B9B136D9C9B146D9D9BD5
:10352000156D9E9B166D9F9B186DA09B1C6DA19B9E
:103530001D6DA29B1F6DA39B206DA49B216DA59B60
:10354000226DA69B236DA79B246DA89B266DA99B2E
:10355000286DAA9B296DAB9B2C6DAC9B2D6DAD9BF3
:103560002F6DAE9B306DAF9B346DB09B366DB19BB4
:10357000376DB29B386DB39B3A6DB49B3F6DB59B75
:10358000406DB69B426DB79B446DB89B496DB99B2E
:103590004C6DBA9B506DBB9B556DBC9B566DBD9BD6
:1035A000576DBE9B586DBF9B5B6DC09B5D6DC19B96
:1035B0005F6DC29B616DC39B626DC49B646DC59B57
:1035C000656DC69B676DC79B686DC89B6B6DC99B1E
:1035D0006C6DCA9B6D6DCB9B706DCC9B716DCD9BE3
:1035E000726DCE9B736DCF9B756DD09B766DD19BAD
:1035F000796DD29B7A6DD39B7B6DD49B7D6DD59B72
:103600007E6DD69B7F6DD79B806DD89B816DD99B3E
:10361000836DDA9B846DDB9B866DDC9B876DDD9B08
:103620008A6DDE9B8B6DDF9B8D6DE09B8F6DE19BCB
:10363000906DE29B926DE39B966DE49B976DE59B8D
:10364000986DE69B996DE79B9A6DE89B9C6DE99B55
:10365000A26DEA9BA56DEB9BAC6DEC9BAD6DED9BFC
:10366000B06DEE9BB16DEF9BB36DF09BB46DF19BB4
:10367000B66DF29BB76DF39BB96DF49BBA6DF59B7C
:10368000BB6DF69BBC6DF79BBD6DF89BBE6DF99B4A
:10369000C16DFA9BC26DFB9BC36DFC9BC86DFD9B0E
:1036A000C96DFE9BCA6D409CCD6D419CCE6D429C08
:1036B000CF6D439CD06D449CD26D459CD36D469C90
:1036C000D46D479CD56D489CD76D499CDA6D4A9C5A
:1036D000DB6D4B9CDC6D4C9CDF6D4D9CE26D4E9C1C
:1036E000E36D4F9CE56D509CE76D519CE86D529CDD
:1036F000E96D539CEA6D549CED6D559CEF6D569CA5
:10370000F06D579CF26D589CF46D599CF56D5A9C68
:10371000F66D5B9CF86D5C9CFA6D5D9CFD6D5E9C2E
:10372000FE6D5F9CFF6D609C006E619C016E629CF3
:10373000026E639C036E649C046E659C066E669CC0
:10374000076E679C086E689C096E699C0B6E6A9C8C
:103750000F6E6B9C126E6C9C136E6D9C156E6E9C46
:10376000186E6F9C196E709C1B6E719C1C6E729C07
:103770001E6E739C1F6E749C226E759C266E769CCA
:10378000276E779C286E789C2A6E799C2C6E7A9C8A
:103790002E6E7B9C306E7C9C316E7D9C336E7E9C4D
:1037A000356E809C366E819C376E829C396E839C10
:1037B0003B6E849C3C6E859C3D6E869C3E6E879CD9
:1037C0003F6E889C406E899C416E8A9C426E8B9CA9
:1037D000456E8C9C466E8D9C476E8E9C486E8F9C71
:1037E000496E909C4A6E919C4B6E929C4C6E939C41
:1037F0004F6E949C506E959C516E969C526E979C09
:10380000556E989C576E999C596E9A9C5A6E9B9CCB
:103810005C6E9C9C5D6E9D9C5E6E9E9C606E9F9C93
:10382000616EA09C626EA19C636EA29C646EA39C60
:10383000656EA49C666EA59C676EA69C686EA79C30
:10384000696EA89C6A6EA99C6C6EAA9C6D6EAB9CFE
:103850006F6EAC9C706EAD9C716EAE9C726EAF9CC8
:10386000736EB09C746EB19C756EB29C766EB39C98
:10387000776EB49C786EB59C796EB69C7A6EB79C68
:103880007B6EB89C7C6EB99C7D6EBA9C806EBB9C36
:10389000816EBC9C826EBD9C846EBE9C876EBF9CFC
:1038A000886EC09C8A6EC19C8B6EC29C8C6EC39CC1
:1038B0008D6EC49C8E6EC59C916EC69C926EC79C8C
:1038C000936EC89C946EC99C956ECA9C966ECB9C58
:1038D000976ECC9C996ECD9C9A6ECE9C9B6ECF9C25
:1038E0009D6ED09C9E6ED19CA06ED29CA16ED39CEE
:1038F000A36ED49CA46ED59CA66ED69CA86ED79CB5
:10390000A96ED89CAB6ED99CAC6EDA9CAD6EDB9C7C
:10391000AE6EDC9CB06EDD9CB36EDE9CB56EDF9C43
:10392000B86EE09CB96EE19CBC6EE29CBE6EE39CFE
:10393000BF6EE49CC06EE59CC36EE69CC46EE79CC3
:10394000C56EE89CC66EE99CC86EEA9CC96EEB9C8D
:10395000CA6EEC9CCC6EED9CCD6EEE9CCE6EEF9C58
:10396000D06EF09CD26EF19CD66EF29CD86EF39C19
:10397000D96EF49CDB6EF59CDC6EF69CDD6EF79CDC
:10398000E36EF89CE76EF99CEA6EFA9CEB6EFB9C8A
:10399000EC6EFC9CED6EFD9CEE6EFE9CEF6E409D11
:1039A000F06E419DF16E429DF26E439DF36E449D1B
:1039B000F56E459DF66E469DF76E479DF86E489DE7
:1039C000FA6E499DFB6E4A9DFC6E4B9DFD6E4C9DB3
:1039D000FE6E4D9DFF6E4E9D006F4F9D016F509D81
:1039E000036F519D046F529D056F539D076F549D4A
:1039F000086F559D0A6F569D0B6F579D0C6F589D14
:103A00000D6F599D0E6F5A9D106F5B9D116F5C9DE0
:103A1000126F5D9D166F5E9D176F5F9D186F609DA5
:103A2000196F619D1A6F629D1B6F639D1C6F649D72
:103A30001D6F659D1E6F669D1F6F679D216F689D41
:103A4000226F699D236F6A9D256F6B9D266F6C9D0C
:103A5000276F6D9D286F6E9D2C6F6F9D2E6F709DD3
:103A6000306F719D326F729D346F739D356F749D91
:103A7000376F759D386F769D396F779D3A6F789D5A
:103A80003B6F799D3C6F7A9D3D6F7B9D3F6F7C9D29
:103A9000406F7D9D416F7E9D426F809D436F819DF4
:103AA000446F829D456F839D486F849D496F859DBE
:103AB0004A6F869D4C6F879D4E6F889D4F6F899D85
:103AC000506F8A9D516F8B9D526F8C9D536F8D9D52
:103AD000546F8E9D556F8F9D566F909D576F919D22
:103AE000596F929D5A6F939D5B6F949D5D6F959DED
:103AF0005F6F969D606F979D616F989D636F999DB5
:103B0000646F9A9D656F9B9D676F9C9D686F9D9D7F
:103B1000696F9E9D6A6F9F9D6B6FA09D6C6FA19D4D
:103B20006F6FA29D706FA39D716FA49D736FA59D14
:103B3000756FA69D766FA79D776FA89D796FA99DDC
:103B40007B6FAA9D7D6FAB9D7E6FAC9D7F6FAD9DA2
:103B5000806FAE9D816FAF9D826FB09D836FB19D71
:103B6000856FB29D866FB39D876FB49D8A6FB59D3B
:103B70008B6FB69D8F6FB79D906FB89D916FB99DFC
:103B8000926FBA9D936FBB9D946FBC9D956FBD9DC9
:103B9000966FBE9D976FBF9D986FC09D996FC19D99
:103BA0009A6FC29D9B6FC39D9D6FC49D9E6FC59D67
:103BB0009F6FC69DA06FC79DA26FC89DA36FC99D33
:103BC000A46FCA9DA56FCB9DA66FCC9DA86FCD9D00
:103BD000A96FCE9DAA6FCF9DAB6FD09DAC6FD19DCD
:103BE000AD6FD29DAE6FD39DAF6FD49DB06FD59D9D
:103BF000B16FD69DB26FD79DB46FD89DB56FD99D6B
:103C0000B76FDA9DB86FDB9DBA6FDC9DBB6FDD9D32
:103C1000BC6FDE9DBD6FDF9DBE6FE09DBF6FE19D00
:103C2000C16FE29DC36FE39DC46FE49DC56FE59DC9
:103C3000C66FE69DC76FE79DC86FE89DCA6FE99D97
:103C4000CB6FEA9DCC6FEB9DCD6FEC9DCE6FED9D64
:103C5000CF6FEE9DD06FEF9DD36FF09DD46FF19D30
:103C6000D56FF29DD66FF39DD76FF49DD86FF59DFC
:103C7000D96FF69DDA6FF79DDB6FF89DDC6FF99DCC
:103C8000DD6FFA9DDF6FFB9DE26FFC9DE36FFD9D95
:103C9000E46FFE9DE56F409EE66F419EE76F429E9A
:103CA000E86F439EE96F449EEA6F459EEB6F469E28
:103CB000EC6F479EED6F489EF06F499EF16F4A9EF4
:103CC000F26F4B9EF36F4C9EF46F4D9EF56F4E9EC0
:103CD000F66F4F9EF76F509EF86F519EF96F529E90
:103CE000FA6F539EFB6F549EFC6F559EFD6F569E60
:103CF000FE6F579EFF6F589E0070599E01705A9E2E
:103D000002705B9E03705C9E04705D9E05705E9EFB
:103D100006705F9E0770609E0870619E0970629ECB
:103D20000A70639E0B70649E0C70659E0D70669E9B
:103D30000E70679E0F70689E1070699E12706A9E6A
:103D400013706B9E14706C9E15706D9E16706E9E37
:103D500017706F9E1870709E1970719E1C70729E05
:103D60001D70739E1E70749E1F70759E2070769ECF
:103D70002170779E2270789E2470799E25707A9E9D
:103D800026707B9E27707C9E28707D9E29707E9E6B
:103D90002A70809E2B70819E2C70829E2D70839E37
:103DA0002E70849E2F70859E3070869E3170879E07
:103DB0003270889E3370899E34708A9E36708B9ED6
:103DC00037708C9E38708D9E3A708E9E3B708F9EA1
:103DD0003C70909E3D70919E3E70929E3F70939E6F
:103DE0004070949E4170959E4270969E4370979E3F
:103DF0004470989E4570999E46709A9E47709B9E0F
:103E000048709C9E49709D9E4A709E9E4B709F9EDE
:103E10004D70A09E4E70A19E5070A29E5170A39EA8
:103E20005270A49E5370A59E5470A69E5570A79E76
:103E30005670A89E5770A99E5870AA9E5970AB9E46
:103E40005A70AC9E5B70AD9E5C70AE9E5D70AF9E16
:103E50005F70B09E6070B19E6170B29E6270B39EE2
:103E60006370B49E6470B59E6570B69E6670B79EB2
:103E70006770B89E6870B99E6970BA9E6A70BB9E82
:103E80006E70BC9E7170BD9E7270BE9E7370BF9E40
:103E90007470C09E7770C19E7970C29E7A70C39E06
:103EA0007B70C49E7D70C59E8170C69E8270C79EC9
:103EB0008370C89E8470C99E8670CA9E8770CB9E90
:103EC0008870CC9E8B70CD9E8C70CE9E8D70CF9E58
:103ED0008F70D09E9070D19E9170D29E9370D39E21
:103EE0009770D49E9870D59E9A70D69E9B70D79EE0
:103EF0009E70D89E9F70D99EA070DA9EA170DB9EA6
:103F0000A270DC9EA370DD9EA470DE9EA570DF9E75
:103F1000A670E09EA770E19EA870E29EA970E39E45
:103F2000AA70E49EB070E59EB270E69EB470E79E03
:103F3000B570E89EB670E99EBA70EA9EBE70EB9EC0
:103F4000BF70EC9EC470ED9EC570EE9EC670EF9E75
:103F5000C770F09EC970F19ECB70F29ECC70F39E3C
:103F6000CD70F49ECE70F59ECF70F69ED070F79E09
:103F7000D170F89ED270F99ED370FA9ED470FB9ED9
:103F8000D570FC9ED670FD9ED770FE9EDA70409F65
:103F9000DC70419FDD70429FDE70439FE070449F64
:103FA000E170459FE270469FE370479FE570489F30
:103FB000EA70499FEE704A9FF0704B9FF1704C9FE2
:103FC000F2704D9FF3704E9FF4704F9FF570509FAD
:103FD000F670519FF870529FFA70539FFB70549F78
:103FE000FC70559FFE70569FFF70579F0071589F41
:103FF0000171599F02715A9F03715B9F04715C9F0D
:1040000005715D9F06715E9F07715F9F0871609FDC
:104010000B71619F0C71629F0D71639F0E71649FA4
:104020000F71659F1171669F1271679F1471689F70
:104030001771699F1B716A9F1C716B9F1D716C9F2B
:104040001E716D9F1F716E9F20716F9F2171709FF8
:104050002271719F2371729F2471739F2571749FC8
:104060002771759F2871769F2971779F2A71789F94
:104070002B71799F2C717A9F2D717B9F2E717C9F64
:1040800032717D9F33717E9F3471809F3571819F26
:104090003771829F3871839F3971849F3A71859FF0
:1040A0003B71869F3C71879F3D71889F3E71899FC0
:1040B0003F718A9F40718B9F41718C9F42718D9F90
:1040C00043718E9F44718F9F4671909F4771919F5E
:1040D0004871929F4971939F4B71949F4D71959F29
:1040E0004F71969F5071979F5171989F5271999FF0
:1040F00053719A9F54719B9F55719C9F56719D9FC0
:1041000057719E9F58719F9F5971A09F5A71A19F8F
:104110005B71A29F5D71A39F5F71A49F6071A59F5A
:104120006171A69F6271A79F6371A89F6571A99F26
:104130006971AA9F6A71AB9F6B71AC9F6C71AD9FE7
:104140006D71AE9F6F71AF9F7071B09F7171B19FB4
:104150007471B29F7571B39F7671B49F7771B59F7B
:104160007971B69F7B71B79F7C71B89F7E71B99F43
:104170007F71BA9F8071BB9F8171BC9F8271BD9F0F
:104180008371BE9F8571BF9F8671C09F8771C19FDC
:104190008871C29F8971C39F8B71C49F8C71C59FA9
:1041A0008D71C69F8E71C79F9071C89F9171C99F75
:1041B0009271CA9F9371CB9F9571CC9F9671CD9F41
:1041C0009771CE9F9A71CF9F9B71D09F9C71D19F09
:1041D0009D71D29F9E71D39FA171D49FA271D59FD3
:1041E000A371D69FA471D79FA571D89FA671D99F9F
:1041F000A771DA9FA971DB9FAA71DC9FAB71DD9F6C
:10420000AD71DE9FAE71DF9FAF71E09FB071E19F36
:10421000B171E29FB271E39FB471E49FB671E59F03
:10422000B771E69FB871E79FBA71E89FBB71E99FCC
:10423000BC71EA9FBD71EB9FBE71EC9FBF71ED9F9A
:10424000C071EE9FC171EF9FC271F09FC471F19F69
:10425000C571F29FC671F39FC771F49FC871F59F36
:10426000C971F69FCA71F79FCB71F89FCC71F99F06
:10427000CD71FA9FCF71FB9FD071FC9FD171FD9FD3
:10428000D271FE9FD37140A0D67141A0D77142A0D8
:10429000D87143A0D97144A0DA7145A0DB7146A062
:1042A000DC7147A0DD7148A0DE7149A0DF714AA032
:1042B000E1714BA0E2714CA0E3714DA0E4714EA0FE
:1042C000E6714FA0E87150A0E97151A0EA7152A0C7
:1042D000EB7153A0EC7154A0ED7155A0EF7156A095
:1042E000F07157A0F17158A0F27159A0F3715AA062
:1042F000F4715BA0F5715CA0F6715DA0F7715EA032
:10430000F8715FA0FA7160A0FB7161A0FC7162A0FE
:10431000FD7163A0FE7164A0FF7165A0007266A0CC
:10432000017267A0027268A0037269A004726AA099
:1043300005726BA007726CA008726DA009726EA066
:104340000A726FA00B7270A00C7271A00D7272A035
:104350000E7273A00F7274A0107275A0117276A005
:10436000127277A0137278A0147279A015727AA0D5
:1043700016727BA017727CA018727DA019727EA0A5
:104380001A7280A01B7281A01C7282A01E7283A070
:104390001F7284A0207285A0217286A0227287A03D
:1043A000237288A0247289A025728AA026728BA00D
:1043B00027728CA029728DA02B728EA02D728FA0D7
:1043C0002E7290A02F7291A0327292A0337293A09D
:1043D000347294A03A7295A03C7296A03E7297A057
:1043E000407298A0417299A042729AA043729BA019
:1043F00044729CA045729DA046729EA049729FA0E7
:104400004A72A0A04B72A1A04E72A2A04F72A3A0AC
:104410005072A4A05172A5A05372A6A05472A7A076
:104420005572A8A05772A9A05872AAA05A72ABA040
:104430005C72ACA05E72ADA06072AEA06372AFA001
:104440006472B0A06572B1A06872B2A06A72B3A0C3
:104450006B72B4A06C72B5A06D72B6A07072B7A08A
:104460007172B8A07372B9A07472BAA07672BBA050
:104470007772BCA07872BDA07B72BEA07C72BFA018
:104480007D72C0A08272C1A08372C2A08572C3A0D7
:104490008672C4A08772C5A08872C6A08972C7A0A0
:1044A0008C72C8A08E72C9A09072CAA09172CBA063
:1044B0009372CCA09472CDA09572CEA09672CFA02C
:1044C0009772D0A09872D1A09972D2A09A72D3A0FC
:1044D0009B72D4A09C72D5A09D72D6A09E72D7A0CC
:1044E000A072D8A0A172D9A0A272DAA0A372DBA098
:1044F000A472DCA0A572DDA0A672DEA0A772DFA068
:10450000A872E0A0A972E1A0AA72E2A0AB72E3A037
:10451000AE72E4A0B172E5A0B272E6A0B372E7A0F9
:10452000B572E8A0BA72E9A0BB72EAA0BC72EBA0B7
:10453000BD72ECA0BE72EDA0BF72EEA0C072EFA083
:10454000C572F0A0C672F1A0C772F2A0C972F3A042
:10455000CA72F4A0CB72F5A0CC72F6A0CF72F7A00D
:10456000D172F8A0D372F9A0D472FAA0D572FBA0D0
:10457000D672FCA0D872FDA0DA72FEA0DB72A1A1F7
:104580000030A2A10130A3A10230A4A1B700A5A1CF
:10459000C902A6A1C702A7A1A800A8A10330A9A18A
:1045A0000530AAA11420ABA15EFFACA11620ADA1DD
:1045B0002620AEA11820AFA11920B0A11C20B1A1C6
:1045C0001D20B2A11430B3A11530B4A10830B5A19B
:1045D0000930B6A10A30B7A10B30B8A10C30B9A18F
:1045E0000D30BAA10E30BBA10F30BCA11630BDA159
:1045F0001730BEA11030BFA11130C0A1B100C1A1C0
:10460000D700C2A1F700C3A13622C4A12722C5A1A9
:104610002822C6A11122C7A10F22C8A12A22C9A1FE
:104620002922CAA10822CBA13722CCA11A22CDA1CE
:10463000A522CEA12522CFA12022D0A11223D1A133
:104640009922D2A12B22D3A12E22D4A16122D5A1BD
:104650004C22D6A14822D7A13D22D8A11D22D9A102
:104660006022DAA16E22DBA16F22DCA16422DDA12F
:104670006522DEA11E22DFA13522E0A13422E1A1C4
:104680004226E2A14026E3A1B000E4A13220E5A148
:104690003320E6A10321E7A104FFE8A1A400E9A1DA
:1046A000E0FFEAA1E1FFEBA13020ECA1A700EDA122
:1046B0001621EEA10626EFA10526F0A1CB25F1A13A
:1046C000CF25F2A1CE25F3A1C725F4A1C625F5A1DA
:1046D000A125F6A1A025F7A1B325F8A1B225F9A13E
:1046E0003B20FAA19221FBA19021FCA19121FDA1E7
:1046F0009321FEA11330A1A27021A2A27121A3A235
:104700007221A4A27321A5A27421A6A27521A7A239
:104710007621A8A27721A9A27821AAA27921B1A203
:104720008824B2A28924B3A28A24B4A28B24B5A27D
:104730008C24B6A28D24B7A28E24B8A28F24B9A24D
:104740009024BAA29124BBA29224BCA29324BDA21D
:104750009424BEA29524BFA29624C0A29724C1A2ED
:104760009824C2A29924C3A29A24C4A29B24C5A2BD
:104770007424C6A27524C7A27624C8A27724C9A22D
:104780007824CAA27924CBA27A24CCA27B24CDA2FD
:104790007C24CEA27D24CFA27E24D0A27F24D1A2CD
:1047A0008024D2A28124D3A28224D4A28324D5A29D
:1047B0008424D6A28524D7A28624D8A28724D9A26D
:1047C0006024DAA26124DBA26224DCA26324DDA2DD
:1047D0006424DEA26524DFA26624E0A26724E1A2AD
:1047E0006824E2A26924E5A22032E6A22132E7A2EF
:1047F0002232E8A22332E9A22432EAA22532EBA235
:104800002632ECA22732EDA22832EEA22932F1A202
:104810006021F2A26121F3A26221F4A26321F5A238
:104820006421F6A26521F7A26621F8A26721F9A208
:104830006821FAA26921FBA26A21FCA26B21A1A333
:1048400001FFA2A302FFA3A303FFA4A3E5FFA5A367
:1048500005FFA6A306FFA7A307FFA8A308FFA9A318
:1048600009FFAAA30AFFABA30BFFACA30CFFADA3E8
:104870000DFFAEA30EFFAFA30FFFB0A310FFB1A3B8
:1048800011FFB2A312FFB3A313FFB4A314FFB5A388
:1048900015FFB6A316FFB7A317FFB8A318FFB9A358
:1048A00019FFBAA31AFFBBA31BFFBCA31CFFBDA328
:1048B0001DFFBEA31EFFBFA31FFFC0A320FFC1A3F8
:1048C00021FFC2A322FFC3A323FFC4A324FFC5A3C8
:1048D00025FFC6A326FFC7A327FFC8A328FFC9A398
:1048E00029FFCAA32AFFCBA32BFFCCA32CFFCDA368
:1048F0002DFFCEA32EFFCFA32FFFD0A330FFD1A338
:1049000031FFD2A332FFD3A333FFD4A334FFD5A307
:1049100035FFD6A336FFD7A337FFD8A338FFD9A3D7
:1049200039FFDAA33AFFDBA33BFFDCA33CFFDDA3A7
:104930003DFFDEA33EFFDFA33FFFE0A340FFE1A377
:1049400041FFE2A342FFE3A343FFE4A344FFE5A347
:1049500045FFE6A346FFE7A347FFE8A348FFE9A317
:1049600049FFEAA34AFFEBA34BFFECA34CFFEDA3E7
:104970004DFFEEA34EFFEFA34FFFF0A350FFF1A3B7
:1049800051FFF2A352FFF3A353FFF4A354FFF5A387
:1049900055FFF6A356FFF7A357FFF8A358FFF9A357
:1049A00059FFFAA35AFFFBA35BFFFCA35CFFFDA327
:1049B0005DFFFEA3E3FFA1A44130A2A44230A3A463
:1049C0004330A4A44430A5A44530A6A44630A7A4EF
:1049D0004730A8A44830A9A44930AAA44A30ABA4BF
:1049E0004B30ACA44C30ADA44D30AEA44E30AFA48F
:1049F0004F30B0A45030B1A45130B2A45230B3A45F
:104A00005330B4A45430B5A45530B6A45630B7A42E
:104A10005730B8A45830B9A45930BAA45A30BBA4FE
:104A20005B30BCA45C30BDA45D30BEA45E30BFA4CE
:104A30005F30C0A46030C1A46130C2A46230C3A49E
:104A40006330C4A46430C5A46530C6A46630C7A46E
:104A50006730C8A46830C9A46930CAA46A30CBA43E
:104A60006B30CCA46C30CDA46D30CEA46E30CFA40E
:104A70006F30D0A47030D1A47130D2A47230D3A4DE
:104A80007330D4A47430D5A47530D6A47630D7A4AE
:104A90007730D8A47830D9A47930DAA47A30DBA47E
:104AA0007B30DCA47C30DDA47D30DEA47E30DFA44E
:104AB0007F30E0A48030E1A48130E2A48230E3A41E
:104AC0008330E4A48430E5A48530E6A48630E7A4EE
:104AD0008730E8A48830E9A48930EAA48A30EBA4BE
:104AE0008B30ECA48C30EDA48D30EEA48E30EFA48E
:104AF0008F30F0A49030F1A49130F2A49230F3A45E
:104B00009330A1A5A130A2A5A230A3A5A330A4A54E
:104B1000A430A5A5A530A6A5A630A7A5A730A8A511
:104B2000A830A9A5A930AAA5AA30ABA5AB30ACA5E1
:104B3000AC30ADA5AD30AEA5AE30AFA5AF30B0A5B1
:104B4000B030B1A5B130B2A5B230B3A5B330B4A581
:104B5000B430B5A5B530B6A5B630B7A5B730B8A551
:104B6000B830B9A5B930BAA5BA30BBA5BB30BCA521
:104B7000BC30BDA5BD30BEA5BE30BFA5BF30C0A5F1
:104B8000C030C1A5C130C2A5C230C3A5C330C4A5C1
:104B9000C430C5A5C530C6A5C630C7A5C730C8A591
:104BA000C830C9A5C930CAA5CA30CBA5CB30CCA561
:104BB000CC30CDA5CD30CEA5CE30CFA5CF30D0A531
:104BC000D030D1A5D130D2A5D230D3A5D330D4A501
:104BD000D430D5A5D530D6A5D630D7A5D730D8A5D1
:104BE000D830D9A5D930DAA5DA30DBA5DB30DCA5A1
:104BF000DC30DDA5DD30DEA5DE30DFA5DF30E0A571
:104C0000E030E1A5E130E2A5E230E3A5E330E4A540
:104C1000E430E5A5E530E6A5E630E7A5E730E8A510
:104C2000E830E9A5E930EAA5EA30EBA5EB30ECA5E0
:104C3000EC30EDA5ED30EEA5EE30EFA5EF30F0A5B0
:104C4000F030F1A5F130F2A5F230F3A5F330F4A580
:104C5000F430F5A5F530F6A5F630A1A69103A2A68D
:104C60009203A3A69303A4A69403A5A69503A6A6C0
:104C70009603A7A69703A8A69803A9A69903AAA690
:104C80009A03ABA69B03ACA69C03ADA69D03AEA660
:104C90009E03AFA69F03B0A6A003B1A6A103B2A630
:104CA000A303B3A6A403B4A6A503B5A6A603B6A6FC
:104CB000A703B7A6A803B8A6A903C1A6B103C2A6B5
:104CC000B203C3A6B303C4A6B403C5A6B503C6A660
:104CD000B603C7A6B703C8A6B803C9A6B903CAA630
:104CE000BA03CBA6BB03CCA6BC03CDA6BD03CEA600
:104CF000BE03CFA6BF03D0A6C003D1A6C103D2A6D0
:104D0000C303D3A6C403D4A6C503D5A6C603D6A69B
:104D1000C703D7A6C803D8A6C903E0A635FEE1A6F7
:104D200036FEE2A639FEE3A63AFEE4A63FFEE5A67D
:104D300040FEE6A63DFEE7A63EFEE8A641FEE9A649
:104D400042FEEAA643FEEBA644FEEEA63BFEEFA61D
:104D50003CFEF0A637FEF1A638FEF2A631FEF4A620
:104D600033FEF5A634FEA1A71004A2A71104A3A741
:104D70001204A4A71304A5A71404A6A71504A7A7A3
:104D80000104A8A71604A9A71704AAA71804ABA78B
:104D90001904ACA71A04ADA71B04AEA71C04AFA747
:104DA0001D04B0A71E04B1A71F04B2A72004B3A717
:104DB0002104B4A72204B5A72304B6A72404B7A7E7
:104DC0002504B8A72604B9A72704BAA72804BBA7B7
:104DD0002904BCA72A04BDA72B04BEA72C04BFA787
:104DE0002D04C0A72E04C1A72F04D1A73004D2A739
:104DF0003104D3A73204D4A73304D5A73404D6A7EB
:104E00003504D7A75104D8A73604D9A73704DAA7A1
:104E10003804DBA73904DCA73A04DDA73B04DEA78E
:104E20003C04DFA73D04E0A73E04E1A73F04E2A75E
:104E30004004E3A74104E4A74204E5A74304E6A72E
:104E40004404E7A74504E8A74604E9A74704EAA7FE
:104E50004804EBA74904ECA74A04EDA74B04EEA7CE
:104E60004C04EFA74D04F0A74E04F1A74F0440A84F
:104E7000CA0241A8CB0242A8D90243A8132044A8E1
:104E8000152045A8252046A8352047A8052148A873
:104E9000092149A896214AA897214BA898214CA8F6
:104EA00099214DA815224EA81F224FA8232250A8B1
:104EB000522251A8662252A8672253A8BF2254A8A2
:104EC000502555A8512556A8522557A8532558A80E
:104ED000542559A855255AA856255BA857255CA8DE
:104EE00058255DA859255EA85A255FA85B2560A8AE
:104EF0005C2561A85D2562A85E2563A85F2564A87E
:104F0000602565A8612566A8622567A8632568A84D
:104F1000642569A865256AA866256BA867256CA81D
:104F200068256DA869256EA86A256FA86B2570A8ED
:104F30006C2571A86D2572A86E2573A86F2574A8BD
:104F4000702575A8712576A8722577A8732578A88D
:104F5000812579A882257AA883257BA884257CA829
:104F600085257DA886257EA8872580A8882581A8F7
:104F7000892582A88A2583A88B2584A88C2585A8C5
:104F80008D2586A88E2587A88F2588A8932589A892
:104F900094258AA895258BA8BC258CA8BD258DA80D
:104FA000E2258EA8E3258FA8E42590A8E52591A801
:104FB000092692A8952293A8123094A81D3095A88E
:104FC0001E30A1A80101A2A8E100A3A8CE01A4A8B7
:104FD000E000A5A81301A6A8E900A7A81B01A8A89E
:104FE000E800A9A82B01AAA8ED00ABA8D001ACA8A5
:104FF000EC00ADA84D01AEA8F300AFA8D201B0A857
:10500000F200B1A86B01B2A8FA00B3A8D401B4A809
:10501000F900B5A8D601B6A8D801B7A8DA01B8A892
:10502000DC01B9A8FC00BAA8EA00BBA85102BDA8DF
:105030004401BEA84801C0A86102C5A80531C6A8A0
:105040000631C7A80731C8A80831C9A80931CAA8BC
:105050000A31CBA80B31CCA80C31CDA80D31CEA88C
:105060000E31CFA80F31D0A81031D1A81131D2A85C
:105070001231D3A81331D4A81431D5A81531D6A82C
:105080001631D7A81731D8A81831D9A81931DAA8FC
:105090001A31DBA81B31DCA81C31DDA81D31DEA8CC
:1050A0001E31DFA81F31E0A82031E1A82131E2A89C
:1050B0002231E3A82331E4A82431E5A82531E6A86C
:1050C0002631E7A82731E8A82831E9A8293140A9E5
:1050D000213041A9223042A9233043A9243044A9D8
:1050E000253045A9263046A9273047A9283048A9A8
:1050F000293049A9A3324AA98E334BA98F334CA931
:105100009C334DA99D334EA99E334FA9A13350A97D
:10511000C43351A9CE3352A9D13353A9D23354A9A0
:10512000D53355A930FE56A9E2FF57A9E4FF59A986
:1051300021215AA931325CA9102060A9FC3061A953
:105140009B3062A99C3063A9FD3064A9FE3065A93B
:10515000063066A99D3067A99E3068A949FE69A9F5
:105160004AFE6AA94BFE6BA94CFE6CA94DFE6DA9C7
:105170004EFE6EA94FFE6FA950FE70A951FE71A997
:1051800052FE72A954FE73A955FE74A956FE75A964
:1051900057FE76A959FE77A95AFE78A95BFE79A930
:1051A0005CFE7AA95DFE7BA95EFE7CA95FFE7DA9FF
:1051B00060FE7EA961FE80A962FE81A963FE82A9CC
:1051C00064FE83A965FE84A966FE85A968FE86A99A
:1051D00069FE87A96AFE88A96BFE96A90730A4A973
:1051E0000025A5A90125A6A90225A7A90325A8A9E7
:1051F0000425A9A90525AAA90625ABA90725ACA9B7
:105200000825ADA90925AEA90A25AFA90B25B0A986
:105210000C25B1A90D25B2A90E25B3A90F25B4A956
:105220001025B5A91125B6A91225B7A91325B8A926
:105230001425B9A91525BAA91625BBA91725BCA9F6
:105240001825BDA91925BEA91A25BFA91B25C0A9C6
:105250001C25C1A91D25C2A91E25C3A91F25C4A996
:105260002025C5A92125C6A92225C7A92325C8A966
:105270002425C9A92525CAA92625CBA92725CCA936
:105280002825CDA92925CEA92A25CFA92B25D0A906
:105290002C25D1A92D25D2A92E25D3A92F25D4A9D6
:1052A0003025D5A93125D6A93225D7A93325D8A9A6
:1052B0003425D9A93525DAA93625DBA93725DCA976
:1052C0003825DDA93925DEA93A25DFA93B25E0A946
:1052D0003C25E1A93D25E2A93E25E3A93F25E4A916
:1052E0004025E5A94125E6A94225E7A94325E8A9E6
:1052F0004425E9A94525EAA94625EBA94725ECA9B6
:105300004825EDA94925EEA94A25EFA94B2540AA34
:10531000DC7241AADD7242AADF7243AAE27244AA99
:10532000E37245AAE47246AAE57247AAE67248AA61
:10533000E77249AAEA724AAAEB724BAAF5724CAA22
:10534000F6724DAAF9724EAAFD724FAAFE7250AAC9
:10535000FF7251AA007352AA027353AA047354AA8B
:10536000057355AA067356AA077357AA087358AA55
:10537000097359AA0B735AAA0C735BAA0D735CAA22
:105380000F735DAA10735EAA11735FAA127360AAED
:10539000147361AA187362AA197363AA1A7364AAB0
:1053A0001F7365AA207366AA237367AA247368AA69
:1053B000267369AA27736AAA28736BAA2D736CAA2D
:1053C0002F736DAA30736EAA32736FAA337370AAEB
:1053D000357371AA367372AA3A7373AA3B7374AAAF
:1053E0003C7375AA3D7376AA407377AA417378AA75
:1053F000427379AA43737AAA44737BAA45737CAA41
:1054000046737DAA47737EAA487380AA497381AA0E
:105410004A7382AA4B7383AA4C7384AA4E7385AADB
:105420004F7386AA517387AA537388AA547389AAA3
:1054300055738AAA56738BAA58738CAA59738DAA6E
:105440005A738EAA5B738FAA5C7390AA5D7391AA3C
:105450005E7392AA5F7393AA617394AA627395AA0A
:10546000637396AA647397AA657398AA667399AAD8
:1054700067739AAA68739BAA69739CAA6A739DAAA8
:105480006B739EAA6E739FAA7073A0AA717340ABD0
:10549000727341AB737342AB747343AB757344ABBC
:1054A000767345AB777346AB787347AB797348AB8C
:1054B0007A7349AB7B734AAB7C734BAB7D734CAB5C
:1054C0007F734DAB80734EAB81734FAB827350AB28
:1054D000837351AB857352AB867353AB887354ABF4
:1054E0008A7355AB8C7356AB8D7357AB8F7358ABB8
:1054F000907359AB92735AAB93735BAB94735CAB81
:1055000095735DAB97735EAB98735FAB997360AB4C
:105510009A7361AB9C7362AB9D7363AB9E7364AB18
:10552000A07365ABA17366ABA37367ABA47368ABE1
:10553000A57369ABA6736AABA7736BABA8736CABAF
:10554000AA736DABAC736EABAD736FABB17370AB75
:10555000B47371ABB57372ABB67373ABB87374AB32
:10556000B97375ABBC7376ABBD7377ABBE7378ABF9
:10557000BF7379ABC1737AABC3737BABC4737CABC2
:10558000C5737DABC6737EABC77380ABCB7381AB8A
:10559000CC7382ABCE7383ABD27384ABD37385AB46
:1055A000D47386ABD57387ABD67388ABD77389AB0F
:1055B000D8738AABDA738BABDB738CABDC738DABDC
:1055C000DD738EABDF738FABE17390ABE27391ABA6
:1055D000E37392ABE47393ABE67394ABE87395AB70
:1055E000EA7396ABEB7397ABEC7398ABEE7399AB36
:1055F000EF739AABF0739BABF1739CABF3739DAB02
:10560000F4739EABF5739FABF673A0ABF77340AC2E
:10561000F87341ACF97342ACFA7343ACFB7344AC1E
:10562000FC7345ACFD7346ACFE7347ACFF7348ACEE
:10563000007449AC01744AAC02744BAC04744CACB9
:1056400007744DAC08744EAC0B744FAC0C7450AC7A
:105650000D7451AC0E7452AC117453AC127454AC42
:10566000137455AC147456AC157457AC167458AC0E
:10567000177459AC18745AAC19745BAC1C745CACDC
:105680001D745DAC1E745EAC1F745FAC207460ACA6
:10569000217461AC237462AC247463AC277464AC71
:1056A000297465AC2B7466AC2D7467AC2F7468AC30
:1056B000317469AC32746AAC37746BAC38746CACEE
:1056C00039746DAC3A746EAC3B746FAC3D7470ACB5
:1056D0003E7471AC3F7472AC407473AC427474AC81
:1056E000437475AC447476AC457477AC467478AC4E
:1056F000477479AC48747AAC49747BAC4A747CAC1E
:105700004B747DAC4C747EAC4D7480AC4E7481ACEB
:105710004F7482AC507483AC517484AC527485ACB9
:10572000537486AC547487AC567488AC587489AC86
:105730005D748AAC60748BAC61748CAC62748DAC3B
:1057400063748EAC64748FAC657490AC667491AC09
:10575000677492AC687493AC697494AC6A7495ACD9
:105760006B7496AC6C7497AC6E7498AC6F7499ACA7
:1057700071749AAC72749BAC73749CAC74749DAC71
:1057800075749EAC78749FAC7974A0AC7A7440AD9B
:105790007B7441AD7C7442AD7D7443AD7F7444AD88
:1057A000827445AD847446AD857447AD867448AD4A
:1057B000887449AD89744AAD8A744BAD8C744CAD14
:1057C0008D744DAD8F744EAD91744FAD927450ADDC
:1057D000937451AD947452AD957453AD967454ADA9
:1057E000977455AD987456AD997457AD9A7458AD79
:1057F0009B7459AD9D745AAD9F745BADA0745CAD44
:10580000A1745DADA2745EADA3745FADA47460AD10
:10581000A57461ADA67462ADAA7463ADAB7464ADDA
:10582000AC7465ADAD7466ADAE7467ADAF7468ADA4
:10583000B07469ADB1746AADB2746BADB3746CAD74
:10584000B4746DADB5746EADB6746FADB77470AD44
:10585000B87471ADB97472ADBB7473ADBC7474AD12
:10586000BD7475ADBE7476ADBF7477ADC07478ADE0
:10587000C17479ADC2747AADC3747BADC4747CADB0
:10588000C5747DADC6747EADC77480ADC87481AD7E
:10589000C97482ADCA7483ADCB7484ADCC7485AD4C
:1058A000CD7486ADCE7487ADCF7488ADD07489AD1C
:1058B000D1748AADD3748BADD4748CADD5748DADE9
:1058C000D6748EADD7748FADD87490ADD97491ADB8
:1058D000DA7492ADDB7493ADDD7494ADDF7495AD85
:1058E000E17496ADE57497ADE77498ADE87499AD41
:1058F000E9749AADEA749BADEB749CADEC749DAD0C
:10590000ED749EADF0749FADF174A0ADF27440AE35
:10591000F37441AEF57442AEF87443AEF97444AE1C
:10592000FA7445AEFB7446AEFC7447AEFD7448AEE7
:10593000FE7449AE00754AAE01754BAE02754CAEB1
:1059400003754DAE05754EAE06754FAE077550AE7C
:10595000087551AE097552AE0A7553AE0B7554AE4B
:105960000C7555AE0E7556AE107557AE127558AE15
:10597000147559AE15755AAE16755BAE17755CAEDB
:105980001B755DAE1D755EAE1E755FAE207560AE9B
:10599000217561AE227562AE237563AE247564AE67
:1059A000267565AE277566AE2A7567AE2E7568AE2C
:1059B000347569AE36756AAE39756BAE3C756CAED2
:1059C0003D756DAE3F756EAE41756FAE427570AE92
:1059D000437571AE447572AE467573AE477574AE5D
:1059E000497575AE4A7576AE4D7577AE507578AE21
:1059F000517579AE52757AAE53757BAE55757CAEE6
:105A000056757DAE57757EAE587580AE5D7581AEAC
:105A10005E7582AE5F7583AE607584AE617585AE6E
:105A2000627586AE637587AE647588AE677589AE3C
:105A300068758AAE69758BAE6B758CAE6C758DAE04
:105A40006D758EAE6E758FAE6F7590AE707591AED2
:105A5000717592AE737593AE757594AE767595AE9D
:105A6000777596AE7A7597AE7B7598AE7C7599AE64
:105A70007D759AAE7E759BAE80759CAE81759DAE30
:105A800082759EAE84759FAE8575A0AE877540AF5A
:105A9000887541AF897542AF8A7543AF8C7544AF45
:105AA0008D7545AF8E7546AF907547AF937548AF0E
:105AB000957549AF98754AAF9B754BAF9C754CAFC8
:105AC0009E754DAFA2754EAFA6754FAFA77550AF7F
:105AD000A87551AFA97552AFAA7553AFAD7554AF44
:105AE000B67555AFB77556AFBA7557AFBB7558AFEA
:105AF000BF7559AFC0755AAFC1755BAFC6755CAFA6
:105B0000CB755DAFCC755EAFCE755FAFCF7560AF57
:105B1000D07561AFD17562AFD37563AFD77564AF20
:105B2000D97565AFDA7566AFDC7567AFDD7568AFDF
:105B3000DF7569AFE0756AAFE1756BAFE5756CAFA6
:105B4000E9756DAFEC756EAFED756FAFEE7570AF5B
:105B5000EF7571AFF27572AFF37573AFF57574AF22
:105B6000F67575AFF77576AFF87577AFFA7578AFEC
:105B7000FB7579AFFD757AAFFE757BAF02767CAFB2
:105B800004767DAF06767EAF077680AF087681AF6C
:105B9000097682AF0B7683AF0D7684AF0E7685AF34
:105BA0000F7686AF117687AF127688AF137689AFFE
:105BB00014768AAF16768BAF1A768CAF1C768DAFC3
:105BC0001D768EAF1E768FAF217690AF237691AF84
:105BD000277692AF287693AF2C7694AF2E7695AF3A
:105BE0002F7696AF317697AF327698AF367699AFFB
:105BF00037769AAF39769BAF3A769CAF3B769DAFBE
:105C00003D769EAF41769FAF4276A0AF447640B0DE
:105C1000457641B0467642B0477643B0487644B0C8
:105C2000497645B04A7646B04B7647B04E7648B096
:105C30004F7649B050764AB051764BB052764CB060
:105C400053764DB055764EB057764FB0587650B02B
:105C5000597651B05A7652B05B7653B05D7654B0F7
:105C60005F7655B0607656B0617657B0627658B0C0
:105C7000647659B065765AB066765BB067765CB08C
:105C800068765DB069765EB06A765FB06C7660B05B
:105C90006D7661B06E7662B0707663B0717664B026
:105CA000727665B0737666B0747667B0757668B0F4
:105CB000767669B077766AB079766BB07A766CB0C2
:105CC0007C766DB07F766EB080766FB0817670B086
:105CD000837671B0857672B0897673B08A7674B047
:105CE0008C7675B08D7676B08F7677B0907678B00A
:105CF000927679B094767AB095767BB097767CB0D0
:105D000098767DB09A767EB09B7680B09C7681B096
:105D10009D7682B09E7683B09F7684B0A07685B063
:105D2000A17686B0A27687B0A37688B0A57689B032
:105D3000A6768AB0A7768BB0A8768CB0A9768DB0FF
:105D4000AA768EB0AB768FB0AC7690B0AD7691B0CF
:105D5000AF7692B0B07693B0B37694B0B57695B096
:105D6000B67696B0B77697B0B87698B0B97699B05F
:105D7000BA769AB0BB769BB0BC769CB0BD769DB02F
:105D8000BE769EB0C0769FB0C176A0B0C376A1B0FB
:105D90004A55A2B03F96A3B0C357A4B02863A5B09C
:105DA000CE54A6B00955A7B0C054A8B09176A9B0FA
:105DB0004C76AAB03C85ABB0EE77ACB07E82ADB08D
:105DC0008D78AEB03172AFB09896B0B08D97B1B05B
:105DD000286CB2B0895BB3B0FA4FB4B00963B5B008
:105DE0009766B6B0B85CB7B0FA80B8B04868B9B0DA
:105DF000AE80BAB00266BBB0CE76BCB0F951BDB0D1
:105E00005665BEB0AC71BFB0F17FC0B08488C1B080
:105E1000B250C2B06559C3B0CA61C4B0B36FC5B0A7
:105E2000AD82C6B04C63C7B05262C8B0ED53C9B0C2
:105E30002754CAB0067BCBB06B51CCB0A475CDB0A3
:105E4000F45DCEB0D462CFB0CB8DD0B07697D1B068
:105E50008A62D2B01980D3B05D57D4B03897D5B02C
:105E6000627FD6B03872D7B07D76D8B0CF67D9B060
:105E70007E76DAB04664DBB0704FDCB0258DDDB0E5
:105E8000DC62DEB0177ADFB09165E0B0ED73E1B0AF
:105E90002C64E2B07362E3B02C82E4B08198E5B088
:105EA0007F67E6B04872E7B06E62E8B0CC62E9B0F6
:105EB000344FEAB0E374EBB04A53ECB09E52EDB00D
:105EC000CA7EEEB0A690EFB02E5EF0B08668F1B05C
:105ED0009C69F2B08081F3B0D17EF4B0D268F5B0A5
:105EE000C578F6B08C86F7B05195F8B08D50F9B002
:105EF000248CFAB0DE82FBB0DE80FCB00553FDB02E
:105F00001289FEB0655240B1C47641B1C77642B144
:105F1000C97643B1CB7644B1CC7645B1D37646B1A0
:105F2000D57647B1D97648B1DA7649B1DC764AB14F
:105F3000DD764BB1DE764CB1E0764DB1E1764EB117
:105F4000E2764FB1E37650B1E47651B1E67652B1E4
:105F5000E77653B1E87654B1E97655B1EA7656B1B1
:105F6000EB7657B1EC7658B1ED7659B1F0765AB17F
:105F7000F3765BB1F5765CB1F6765DB1F7765EB13E
:105F8000FA765FB1FB7660B1FD7661B1FF7662B102
:105F9000007763B1027764B1037765B1057766B1C5
:105FA000067767B10A7768B10C7769B10E776AB185
:105FB0000F776BB110776CB111776DB112776EB14D
:105FC00013776FB1147770B1157771B1167772B11D
:105FD000177773B1187774B11B7775B11C7776B1E9
:105FE0001D7777B11E7778B1217779B123777AB1B0
:105FF00024777BB125777CB127777DB12A777EB175
:106000002B7780B12C7781B12E7782B1307783B135
:10601000317784B1327785B1337786B1347787B100
:10602000397788B13B7789B13D778AB13E778BB1BB
:106030003F778CB142778DB144778EB145778FB180
:10604000467790B1487791B1497792B14A7793B149
:106050004B7794B14C7795B14D7796B14E7797B118
:106060004F7798B1527799B153779AB154779BB1E2
:1060700055779CB156779DB157779EB158779FB1B0
:106080005977A0B15C77A1B18485A2B1F996A3B18B
:10609000DD4FA4B12158A5B17199A6B19D5BA7B1FF
:1060A000B162A8B1A562A9B1B466AAB1798CABB14D
:1060B0008D9CACB10672ADB16F67AEB19178AFB1E6
:1060C000B260B0B15153B1B11753B2B1888FB3B10F
:1060D000CC80B4B11D8DB5B1A194B6B10D50B7B19E
:1060E000C872B8B10759B9B1EB60BAB11971BBB197
:1060F000AB88BCB15459BDB1EF82BEB12C67BFB102
:10610000287BC0B1295DC1B1F77EC2B12D75C3B185
:10611000F56CC4B1668EC5B1F88FC6B13C90C7B1FD
:106120003B9FC8B1D46BC9B11991CAB1147BCBB133
:106130007C5FCCB1A778CDB1D684CEB13D85CFB14F
:10614000D56BD0B1D96BD1B1D66BD2B1015ED3B121
:10615000875ED4B1F975D5B1ED95D6B15D65D7B18E
:106160000A5FD8B1C55FD9B19F8FDAB1C158DBB131
:10617000C281DCB17F90DDB15B96DEB1AD97DFB15E
:10618000B98FE0B1167FE1B12C8DE2B14162E3B18C
:10619000BF4FE4B1D853E5B15E53E6B1A88FE7B184
:1061A000A98FE8B1AB8FE9B14D90EAB10768EBB1C7
:1061B0006A5FECB19881EDB16888EEB1D69CEFB121
:1061C0008B61F0B12B52F1B12A76F2B16C5FF3B171
:1061D0008C65F4B1D26FF5B1E86EF6B1BE5BF7B184
:1061E0004864F8B17551F9B1B051FAB1C467FBB167
:1061F000194EFCB1C979FDB17C99FEB1B37040B2C2
:106200005D7741B25E7742B25F7743B2607744B266
:10621000647745B2677746B2697747B26A7748B222
:106220006D7749B26E774AB26F774BB270774CB2E6
:1062300071774DB272774EB273774FB2747750B2B6
:10624000757751B2767752B2777753B2787754B286
:106250007A7755B27B7756B27C7757B2817758B24E
:10626000827759B283775AB286775BB287775CB20E
:1062700088775DB289775EB28A775FB28B7760B2DA
:106280008F7761B2907762B2937763B2947764B29A
:10629000957765B2967766B2977767B2987768B266
:1062A000997769B29A776AB29B776BB29C776CB236
:1062B0009D776DB29E776EB2A1776FB2A37770B201
:1062C000A47771B2A67772B2A87773B2AB7774B2C3
:1062D000AD7775B2AE7776B2AF7777B2B17778B285
:1062E000B27779B2B4777AB2B6777BB2B7777CB24D
:1062F000B8777DB2B9777EB2BA7780B2BC7781B217
:10630000BE7782B2C07783B2C17784B2C27785B2DA
:10631000C37786B2C47787B2C57788B2C67789B2A9
:10632000C7778AB2C8778BB2C9778CB2CA778DB279
:10633000CB778EB2CC778FB2CE7790B2CF7791B247
:10634000D07792B2D17793B2D27794B2D37795B215
:10635000D47796B2D57797B2D67798B2D87799B2E4
:10636000D9779AB2DA779BB2DD779CB2DE779DB2AD
:10637000DF779EB2E0779FB2E177A0B2E477A1B277
:10638000C575A2B2765EA3B2BB73A4B2E083A5B218
:10639000AD64A6B2E862A7B2B594A8B2E26CA9B2A5
:1063A0005A53AAB2C352ABB20F64ACB2C294ADB2EC
:1063B000947BAEB22F4FAFB21B5EB0B23682B1B299
:1063C0001681B2B28A81B3B2246EB4B2CA6CB5B2CD
:1063D000739AB6B25563B7B25C53B8B2FA54B9B255
:1063E0006588BAB2E057BBB20D4EBCB2035EBDB217
:1063F000656BBEB23F7CBFB2E890C0B21660C1B25E
:10640000E664C2B21C73C3B2C188C4B25067C5B2DD
:106410004D62C6B2228DC7B26C77C8B2298EC9B29E
:10642000C791CAB2695FCBB2DC83CCB22185CDB251
:106430001099CEB2C253CFB29586D0B28B6BD1B287
:10644000ED60D2B2E860D3B27F70D4B2CD82D5B263
:106450003182D6B2D34ED7B2A76CD8B2CF85D9B2DB
:10646000CD64DAB2D97CDBB2FD69DCB2F966DDB2AB
:106470004983DEB29553DFB2567BE0B2A74FE1B25B
:106480008C51E2B24B6DE3B2425CE4B26D8EE5B288
:10649000D263E6B2C953E7B22C83E8B23683E9B2DD
:1064A000E567EAB2B478EBB23D64ECB2DF5BEDB223
:1064B000945CEEB2EE5DEFB2E78BF0B2C662F1B281
:1064C000F467F2B27A8CF3B20064F4B2BA63F5B254
:1064D0004987F6B28B99F7B2178CF8B2207FF9B2E0
:1064E000F294FAB2A74EFBB21096FCB2A498FDB299
:1064F0000C66FEB2167340B3E67741B3E87742B359
:10650000EA7743B3EF7744B3F07745B3F17746B317
:10651000F27747B3F47748B3F57749B3F7774AB3DF
:10652000F9774BB3FA774CB3FB774DB3FC774EB3A7
:1065300003784FB3047850B3057851B3067852B35B
:10654000077853B3087854B30A7855B30B7856B329
:106550000E7857B30F7858B3107859B313785AB3ED
:1065600015785BB319785CB31B785DB31E785EB3A6
:1065700020785FB3217860B3227861B3247862B366
:10658000287863B32A7864B32B7865B32E7866B322
:106590002F7867B3317868B3327869B333786AB3E8
:1065A00035786BB336786CB33D786DB33F786EB3A6
:1065B00041786FB3427870B3437871B3447872B363
:1065C000467873B3487874B3497875B34A7876B32C
:1065D0004B7877B34D7878B34F7879B351787AB3F5
:1065E00053787BB354787CB358787DB359787EB3B5
:1065F0005A7880B35B7881B35C7882B35E7883B37A
:106600005F7884B3607885B3617886B3627887B346
:10661000637888B3647889B365788AB366788BB316
:1066200067788CB368788DB369788EB36F788FB3E1
:10663000707890B3717891B3727892B3737893B3A2
:10664000747894B3757895B3767896B3787897B371
:10665000797898B37A7899B37B789AB37D789BB33D
:106660007E789CB37F789DB380789EB381789FB30A
:106670008278A0B38378A1B33A57A2B31D5CA3B3C9
:10668000385EA4B37F95A5B37F50A6B3A080A7B30F
:106690008253A8B35E65A9B34575AAB33155ABB3B0
:1066A0002150ACB3858DADB38462AEB39E94AFB3CD
:1066B0001D67B0B33256B1B36E6FB2B3E25DB3B320
:1066C0003554B4B39270B5B3668FB6B36F62B7B3D7
:1066D000A464B8B3A363B9B37B5FBAB3886FBBB329
:1066E000F490BCB3E381BDB3B08FBEB3185CBFB34D
:1066F0006866C0B3F15FC1B3896CC2B34896C3B3D7
:10670000818DC4B36C88C5B39164C6B3F079C7B347
:10671000CE57C8B3596AC9B31062CAB34854CBB391
:10672000584ECCB30B7ACDB3E960CEB3846FCFB300
:10673000DA8BD0B37F62D1B31E90D2B38B9AD3B32E
:10674000E479D4B30354D5B3F475D6B30163D7B3A6
:106750001953D8B3606CD9B3DF8FDAB31B5FDBB3E7
:10676000709ADCB33B80DDB37F9FDEB3884FDFB32D
:106770003A5CE0B3648DE1B3C57FE2B3A565E3B3F2
:10678000BD70E4B34551E5B3B251E6B36B86E7B3F0
:10679000075DE8B3A05BE9B3BD62EAB36C91EBB30C
:1067A0007475ECB30C8EEDB3207AEEB30161EFB3E8
:1067B000797BF0B3C74EF1B3F87EF2B38577F3B3CC
:1067C000114EF4B3ED81F5B31D52F6B3FA51F7B3A0
:1067D000716AF8B3A853F9B3878EFAB30495FBB383
:1067E000CF96FCB3C16EFDB36496FEB35A6940B454
:1067F000847841B4857842B4867843B4887844B4C8
:106800008A7845B48B7846B48F7847B4907848B48A
:10681000927849B494784AB495784BB496784CB44D
:1068200099784DB49D784EB49E784FB4A07850B40A
:10683000A27851B4A47852B4A67853B4A87854B4CA
:10684000A97855B4AA7856B4AB7857B4AC7858B494
:10685000AD7859B4AE785AB4AF785BB4B5785CB45F
:10686000B6785DB4B7785EB4B8785FB4BA7860B41F
:10687000BB7861B4BC7862B4BD7863B4BF7864B4EB
:10688000C07865B4C27866B4C37867B4C47868B4B5
:10689000C67869B4C7786AB4C8786BB4CC786CB47D
:1068A000CD786DB4CE786EB4CF786FB4D17870B443
:1068B000D27871B4D37872B4D67873B4D77874B40C
:1068C000D87875B4DA7876B4DB7877B4DC7878B4D5
:1068D000DD7879B4DE787AB4DF787BB4E0787CB4A4
:1068E000E1787DB4E2787EB4E37880B4E47881B472
:1068F000E57882B4E67883B4E77884B4E97885B43F
:10690000EA7886B4EB7887B4ED7888B4EE7889B409
:10691000EF788AB4F0788BB4F1788CB4F3788DB4D6
:10692000F5788EB4F6788FB4F87890B4F97891B49D
:10693000FB7892B4FC7893B4FD7894B4FE7895B467
:10694000FF7896B4007997B4027998B4037999B432
:1069500004799AB406799BB407799CB408799DB4FC
:1069600009799EB40A799FB40B79A0B40C79A1B4CB
:106970004078A2B4A850A3B4D777A4B41064A5B447
:10698000E689A6B40459A7B4E363A8B4DD5DA9B44D
:106990007F7AAAB43D69ABB4204FACB43982ADB4B0
:1069A0009855AEB4324EAFB4AE75B0B4977AB1B4B8
:1069B000625EB2B48A5EB3B4EF95B4B41B52B5B4A0
:1069C0003954B6B48A70B7B47663B8B42495B9B400
:1069D0008257BAB42566BBB43F69BCB48791BDB4D5
:1069E0000755BEB4F36DBFB4AF7EC0B42288C1B446
:1069F0003362C2B4F07EC3B4B575C4B42883C5B4E1
:106A0000C178C6B4CC96C7B49E8FC8B44861C9B427
:106A1000F774CAB4CD8BCBB4646BCCB43A52CDB45A
:106A2000508DCEB4216BCFB46A80D0B47184D1B410
:106A3000F156D2B40653D3B4CE4ED4B41B4ED5B413
:106A4000D151D6B4977CD7B48B91D8B4077CD9B444
:106A5000C34FDAB47F8EDBB4E17BDCB49C7ADDB467
:106A60006764DEB4145DDFB4AC50E0B40681E1B419
:106A70000176E2B4B97CE3B4EC6DE4B4E07FE5B454
:106A80005167E6B4585BE7B4F85BE8B4CB78E9B497
:106A9000AE64EAB41364EBB4AA63ECB42B63EDB454
:106AA0001995EEB42D64EFB4BE8FF0B4547BF1B4FD
:106AB0002976F2B45362F3B42759F4B44654F5B4CA
:106AC000796BF6B4A350F7B43462F8B4265EF9B427
:106AD000866BFAB4E34EFBB4378DFCB48B88FDB4FF
:106AE000855FFEB42E9040B50D7941B50E7942B563
:106AF0000F7943B5107944B5117945B5127946B58A
:106B0000147947B5157948B5167949B517794AB555
:106B100018794BB519794CB51A794DB51B794EB525
:106B20001C794FB51D7950B51F7951B5207952B5F3
:106B3000217953B5227954B5237955B5257956B5C0
:106B4000267957B5277958B5287959B529795AB58D
:106B50002A795BB52B795CB52C795DB52D795EB55D
:106B60002E795FB52F7960B5307961B5317962B52D
:106B7000327963B5337964B5357965B5367966B5FB
:106B8000377967B5387968B5397969B53D796AB5C6
:106B90003F796BB542796CB543796DB544796EB583
:106BA00045796FB5477970B54A7971B54B7972B54A
:106BB0004C7973B54D7974B54E7975B54F7976B515
:106BC000507977B5517978B5527979B554797AB5E4
:106BD00055797BB558797CB559797DB561797EB5A4
:106BE000637980B5647981B5667982B5697983B551
:106BF0006A7984B56B7985B56C7986B56E7987B518
:106C0000707988B5717989B572798AB573798BB5E0
:106C100074798CB575798DB576798EB579798FB5AE
:106C20007B7990B57C7991B57D7992B57E7993B574
:106C30007F7994B5827995B5837996B5867997B53C
:106C4000877998B5887999B589799AB58B799BB503
:106C50008C799CB58D799DB58E799EB590799FB5CF
:106C60009179A0B59279A1B52060A2B53D80A3B578
:106C7000C562A4B5394EA5B55553A6B5F890A7B5CC
:106C8000B863A8B5C680A9B5E665AAB52E6CABB544
:106C9000464FACB5EE60ADB5E16DAEB5DE8BAFB5D0
:106CA000395FB0B5CB86B1B5535FB2B52163B3B52B
:106CB0005A51B4B56183B5B56368B6B50052B7B57E
:106CC0006363B8B5488EB9B51250BAB59B5CBBB515
:106CD0007779BCB5FC5BBDB53052BEB53B7ABFB56C
:106CE000BC60C0B55390C1B5D776C2B5B75FC3B568
:106CF000975FC4B58476C5B56C8EC6B56F70C7B5E1
:106D00007B76C8B5497BC9B5AA77CAB5F351CBB56F
:106D10009390CCB52458CDB54E4FCEB5F46ECFB5CB
:106D2000EA8FD0B54C65D1B51B7BD2B5C472D3B553
:106D3000A46DD4B5DF7FD5B5E15AD6B5B562D7B568
:106D4000955ED8B53057D9B58284DAB52C7BDBB5E2
:106D50001D5EDCB51F5FDDB51290DEB5147FDFB5BB
:106D6000A098E0B58263E1B5C76EE2B59878E3B567
:106D7000B970E4B57851E5B55B97E6B5AB57E7B5C3
:106D80003575E8B5434FE9B53875EAB5975EEBB5AB
:106D9000E660ECB56059EDB5C06DEEB5BF6BEFB513
:106DA0008978F0B5FC53F1B5D596F2B5CB51F3B572
:106DB0000152F4B58963F5B50A54F6B59394F7B565
:106DC000038CF8B5CC8DF9B53972FAB59F78FBB55F
:106DD0007687FCB5ED8FFDB50D8CFEB5E05340B662
:106DE000937941B6947942B6957943B6967944B68B
:106DF000977945B6987946B6997947B69B7948B65A
:106E00009C7949B69D794AB69E794BB69F794CB626
:106E1000A0794DB6A1794EB6A2794FB6A37950B6F6
:106E2000A47951B6A57952B6A67953B6A87954B6C5
:106E3000A97955B6AA7956B6AB7957B6AC7958B692
:106E4000AD7959B6AE795AB6AF795BB6B0795CB662
:106E5000B1795DB6B2795EB6B4795FB6B57960B630
:106E6000B67961B6B77962B6B87963B6BC7964B6FB
:106E7000BF7965B6C27966B6C47967B6C57968B6B2
:106E8000C77969B6C8796AB6CA796BB6CC796CB677
:106E9000CE796DB6CF796EB6D0796FB6D37970B63C
:106EA000D47971B6D67972B6D77973B6D97974B602
:106EB000DA7975B6DB7976B6DC7977B6DD7978B6CE
:106EC000DE7979B6E0797AB6E1797BB6E2797CB69B
:106ED000E5797DB6E8797EB6EA7980B6EC7981B657
:106EE000EE7982B6F17983B6F27984B6F37985B614
:106EF000F47986B6F57987B6F67988B6F77989B6E2
:106F0000F9798AB6FA798BB6FC798CB6FE798DB6AA
:106F1000FF798EB6017A8FB6047A90B6057A91B66B
:106F2000077A92B6087A93B6097A94B60A7A95B631
:106F30000C7A96B60F7A97B6107A98B6117A99B6F7
:106F4000127A9AB6137A9BB6157A9CB6167A9DB6C3
:106F5000187A9EB6197A9FB61B7AA0B61C7AA1B68B
:106F6000014EA2B6EF76A3B6EE53A4B68994A5B6A9
:106F70007698A6B60E9FA7B62D95A8B69A5BA9B629
:106F8000A28BAAB6224EABB61C4EACB6AC51ADB677
:106F90006384AEB6C261AFB6A852B0B60B68B1B6E4
:106FA000974FB2B66B60B3B6BB51B4B61E6DB5B6F3
:106FB0005C51B6B69662B7B69765B8B66196B9B683
:106FC000468CBAB61790BBB6D875BCB6FD90BDB6A8
:106FD0006377BEB6D26BBFB68A72C0B6EC72C1B66A
:106FE000FB8BC2B63558C3B67977C4B64C8DC5B6DF
:106FF0005C67C6B64095C7B69A80C8B6A65EC9B6E5
:10700000216ECAB69259CBB6EF7ACCB6ED77CDB633
:107010003B95CEB6B56BCFB6AD65D0B60E7FD1B6CB
:107020000658D2B65151D3B61F96D4B6F95BD5B631
:10703000A958D6B62854D7B6728ED8B66665D9B6D2
:107040007F98DAB6E456DBB69D94DCB6FE76DDB604
:107050004190DEB68763DFB6C654E0B61A59E1B692
:107060003A59E2B69B57E3B6B28EE4B63567E5B659
:10707000FA8DE6B63582E7B64152E8B6F060E9B679
:107080001558EAB6FE86EBB6E85CECB6459EEDB662
:10709000C44FEEB69D98EFB6B98BF0B6255AF1B64F
:1070A0007660F2B68453F3B67C62F4B64F90F5B6D0
:1070B0000291F6B67F99F7B66960F8B60C80F9B61A
:1070C0003F51FAB63380FBB6145CFCB67599FDB639
:1070D000316DFEB68C4E40B71D7A41B71F7A42B76C
:1070E000217A43B7227A44B7247A45B7257A46B73E
:1070F000267A47B7277A48B7287A49B7297A4AB70C
:107100002A7A4BB72B7A4CB72C7A4DB72D7A4EB7DB
:107110002E7A4FB72F7A50B7307A51B7317A52B7AB
:10712000327A53B7347A54B7357A55B7367A56B778
:10713000387A57B73A7A58B73E7A59B7407A5AB739
:10714000417A5BB7427A5CB7437A5DB7447A5EB7FF
:10715000457A5FB7477A60B7487A61B7497A62B7CC
:107160004A7A63B74B7A64B74C7A65B74D7A66B79B
:107170004E7A67B74F7A68B7507A69B7527A6AB76A
:10718000537A6BB7547A6CB7557A6DB7567A6EB737
:10719000587A6FB7597A70B75A7A71B75B7A72B703
:1071A0005C7A73B75D7A74B75E7A75B75F7A76B7D3
:1071B000607A77B7617A78B7627A79B7637A7AB7A3
:1071C000647A7BB7657A7CB7667A7DB7677A7EB773
:1071D000687A80B7697A81B76A7A82B76B7A83B73F
:1071E0006C7A84B76D7A85B76E7A86B76F7A87B70F
:1071F000717A88B7727A89B7737A8AB7757A8BB7DA
:107200007B7A8CB77C7A8DB77D7A8EB77E7A8FB792
:10721000827A90B7857A91B7877A92B7897A93B74D
:107220008A7A94B78B7A95B78C7A96B78E7A97B715
:107230008F7A98B7907A99B7937A9AB7947A9BB7DE
:10724000997A9CB79A7A9DB79B7A9EB79E7A9FB798
:10725000A17AA0B7A27AA1B7308DA2B7D153A3B7B4
:107260005A7FA4B74F7BA5B7104FA6B74F4EA7B70D
:107270000096A8B7D56CA9B7D073AAB7E985ABB704
:10728000065EACB76A75ADB7FB7FAEB70A6AAFB73B
:10729000FE77B0B79294B1B7417EB2B7E151B3B7C0
:1072A000E670B4B7CD53B5B7D48FB6B70383B7B7CD
:1072B000298DB8B7AF72B9B76D99BAB7DB6CBBB7E8
:1072C0004A57BCB7B382BDB7B965BEB7AA80BFB7CE
:1072D0003F62C0B73296C1B7A859C2B7FF4EC3B715
:1072E000BF8BC4B7BA7EC5B73E65C6B7F283C7B712
:1072F0005E97C8B76155C9B7DE98CAB7A580CBB746
:107300002A53CCB7FD8BCDB72054CEB7BA80CFB7B8
:107310009F5ED0B7B86CD1B7398DD2B7AC82D3B736
:107320005A91D4B72954D5B71B6CD6B70652D7B7E4
:10733000B77ED8B75F57D9B71A71DAB77E6CDBB7AB
:10734000897CDCB74B59DDB7FD4EDEB7FF5FDFB799
:107350002461E0B7AA7CE1B7304EE2B7015CE3B745
:10736000AB67E4B70287E5B7F05CE6B70B95E7B724
:10737000CE98E8B7AF75E9B7FD70EAB72290EBB7E2
:10738000AF51ECB71D7FEDB7BD8BEEB74959EFB7E5
:10739000E451F0B75B4FF1B72654F2B72B59F3B76E
:1073A0007765F4B7A480F5B7755BF6B77662F7B783
:1073B000C262F8B7908FF9B7455EFAB71F6CFBB79A
:1073C000267BFCB70F4FFDB7D84FFEB70D6740B80F
:1073D000A37A41B8A47A42B8A77A43B8A97A44B844
:1073E000AA7A45B8AB7A46B8AE7A47B8AF7A48B809
:1073F000B07A49B8B17A4AB8B27A4BB8B47A4CB8D4
:10740000B57A4DB8B67A4EB8B77A4FB8B87A50B8A0
:10741000B97A51B8BA7A52B8BB7A53B8BC7A54B870
:10742000BD7A55B8BE7A56B8C07A57B8C17A58B83E
:10743000C27A59B8C37A5AB8C47A5BB8C57A5CB80C
:10744000C67A5DB8C77A5EB8C87A5FB8C97A60B8DC
:10745000CA7A61B8CC7A62B8CD7A63B8CE7A64B8A9
:10746000CF7A65B8D07A66B8D17A67B8D27A68B878
:10747000D37A69B8D47A6AB8D57A6BB8D77A6CB847
:10748000D87A6DB8DA7A6EB8DB7A6FB8DC7A70B811
:10749000DD7A71B8E17A72B8E27A73B8E47A74B8D6
:1074A000E77A75B8E87A76B8E97A77B8EA7A78B898
:1074B000EB7A79B8EC7A7AB8EE7A7BB8F07A7CB865
:1074C000F17A7DB8F27A7EB8F37A80B8F47A81B82E
:1074D000F57A82B8F67A83B8F77A84B8F87A85B8FC
:1074E000FB7A86B8FC7A87B8FE7A88B8007B89B8C0
:1074F000017B8AB8027B8BB8057B8CB8077B8DB883
:10750000097B8EB80C7B8FB80D7B90B80E7B91B841
:10751000107B92B8127B93B8137B94B8167B95B806
:10752000177B96B8187B97B81A7B98B81C7B99B8CC
:107530001D7B9AB81F7B9BB8217B9CB8227B9DB892
:10754000237B9EB8277B9FB8297BA0B82D7BA1B851
:107550006E6DA2B8AA6DA3B88F79A4B8B188A5B88A
:10756000175FA6B82B75A7B89A62A8B8858FA9B877
:10757000EF4FAAB8DC91ABB8A765ACB82F81ADB816
:107580005181AEB89C5EAFB85081B0B8748DB1B8BF
:107590006F52B2B88689B3B84B8DB4B80D59B5B82F
:1075A0008550B6B8D84EB7B81C96B8B83672B9B8C8
:1075B0007981BAB81F8DBBB8CC5BBCB8A38BBDB802
:1075C0004496BEB88759BFB81A7FC0B89054C1B8A6
:1075D0007656C2B80E56C3B8E58BC4B83965C5B87F
:1075E0008269C6B89994C7B8D676C8B8896EC9B842
:1075F000725ECAB81875CBB84667CCB8D167CDB83B
:10760000FF7ACEB89D80CFB8768DD0B81F61D1B843
:10761000C679D2B86265D3B8638DD4B88851D5B86D
:107620001A52D6B8A294D7B8387FD8B89B80D9B8A8
:10763000B27EDAB8975CDBB82F6EDCB86067DDB875
:10764000D97BDEB88B76DFB8D89AE0B88F81E1B805
:10765000947FE2B8D57CE3B81E64E4B85095E5B8F1
:107660003F7AE6B84A54E7B8E554E8B84C6BE9B855
:107670000164EAB80862EBB83D9EECB8F380EDB85F
:107680009975EEB87252EFB86997F0B85B84F1B8AB
:107690003C68F2B8E486F3B80196F4B89496F5B86D
:1076A000EC94F6B82A4EF7B80454F8B8D97EF9B875
:1076B0003968FAB8DF8DFBB81580FCB8F466FDB800
:1076C0009A5EFEB8B97F40B92F7B41B9307B42B991
:1076D000327B43B9347B44B9357B45B9367B46B9F7
:1076E000377B47B9397B48B93B7B49B93D7B4AB9C0
:1076F0003F7B4BB9407B4CB9417B4DB9427B4EB986
:10770000437B4FB9447B50B9467B51B9487B52B952
:107710004A7B53B94D7B54B94E7B55B9537B56B90F
:10772000557B57B9577B58B9597B59B95C7B5AB9C6
:107730005E7B5BB95F7B5CB9617B5DB9637B5EB986
:10774000647B5FB9657B60B9667B61B9677B62B951
:10775000687B63B9697B64B96A7B65B96B7B66B921
:107760006C7B67B96D7B68B96F7B69B9707B6AB9EF
:10777000737B6BB9747B6CB9767B6DB9787B6EB9B2
:107780007A7B6FB97C7B70B97D7B71B97F7B72B975
:10779000817B73B9827B74B9837B75B9847B76B93D
:1077A000867B77B9877B78B9887B79B9897B7AB909
:1077B0008A7B7BB98B7B7CB98C7B7DB98E7B7EB9D8
:1077C0008F7B80B9917B81B9927B82B9937B83B99E
:1077D000967B84B9987B85B9997B86B99A7B87B962
:1077E0009B7B88B99E7B89B99F7B8AB9A07B8BB92B
:1077F000A37B8CB9A47B8DB9A57B8EB9AE7B8FB9E9
:10780000AF7B90B9B07B91B9B27B92B9B37B93B99E
:10781000B57B94B9B67B95B9B77B96B9B97B97B967
:10782000BA7B98B9BB7B99B9BC7B9AB9BD7B9BB934
:10783000BE7B9CB9BF7B9DB9C07B9EB9C27B9FB903
:10784000C37BA0B9C47BA1B9C257A2B93F80A3B979
:107850009768A4B9E55DA5B93B65A6B99F52A7B9DC
:107860006D60A8B99A9FA9B99B4FAAB9AC8EABB964
:107870006C51ACB9AB5BADB9135FAEB9E95DAFB9F3
:107880005E6CB0B9F162B1B9218DB2B97151B3B9C1
:10789000A994B4B9FE52B5B99F6CB6B9DF82B7B935
:1078A000D772B8B9A257B9B98467BAB92D8DBBB927
:1078B0001F59BCB99C8FBDB9C783BEB99554BFB918
:1078C0008D7BC0B9304FC1B9BD6CC2B9645BC3B95F
:1078D000D159C4B9139FC5B9E453C6B9CA86C7B94B
:1078E000A89AC8B9378CC9B9A180CAB94565CBB9BE
:1078F0007E98CCB9FA56CDB9C796CEB92E52CFB92B
:10790000DC74D0B95052D1B9E15BD2B90263D3B9BA
:107910000289D4B9564ED5B9D062D6B92A60D7B942
:10792000FA68D8B97351D9B9985BDAB9A051DBB903
:10793000C289DCB9A17BDDB98699DEB9507FDFB998
:10794000EF60E0B94C70E1B92F8DE2B94951E3B96C
:107950007F5EE4B91B90E5B97074E6B9C489E7B9F4
:107960002D57E8B94578E9B9525FEAB99F9FEBB95D
:10797000FA95ECB9688FEDB93C9BEEB9E18BEFB9A4
:107980007876F0B94268F1B9DC67F2B9EA8DF3B9FB
:10799000358DF4B93D52F5B98A8FF6B9DA6EF7B97B
:1079A000CD68F8B90595F9B9ED90FAB9FD56FBB96E
:1079B0009C67FCB9F988FDB9C78FFEB9C85440BAB5
:1079C000C57B41BAC87B42BAC97B43BACA7B44BAB9
:1079D000CB7B45BACD7B46BACE7B47BACF7B48BA84
:1079E000D07B49BAD27B4ABAD47B4BBAD57B4CBA4E
:1079F000D67B4DBAD77B4EBAD87B4FBADB7B50BA19
:107A0000DC7B51BADE7B52BADF7B53BAE07B54BADF
:107A1000E27B55BAE37B56BAE47B57BAE77B58BAA8
:107A2000E87B59BAE97B5ABAEB7B5BBAEC7B5CBA70
:107A3000ED7B5DBAEF7B5EBAF07B5FBAF27B60BA3A
:107A4000F37B61BAF47B62BAF57B63BAF67B64BA06
:107A5000F87B65BAF97B66BAFA7B67BAFB7B68BAD2
:107A6000FD7B69BAFF7B6ABA007C6BBA017C6CBA99
:107A7000027C6DBA037C6EBA047C6FBA057C70BA66
:107A8000067C71BA087C72BA097C73BA0A7C74BA33
:107A90000D7C75BA0E7C76BA107C77BA117C78BAF8
:107AA000127C79BA137C7ABA147C7BBA157C7CBAC6
:107AB000177C7DBA187C7EBA197C80BA1A7C81BA90
:107AC0001B7C82BA1C7C83BA1D7C84BA1E7C85BA5E
:107AD000207C86BA217C87BA227C88BA237C89BA2A
:107AE000247C8ABA257C8BBA287C8CBA297C8DBAF6
:107AF0002B7C8EBA2C7C8FBA2D7C90BA2E7C91BABE
:107B00002F7C92BA307C93BA317C94BA327C95BA8D
:107B1000337C96BA347C97BA357C98BA367C99BA5D
:107B2000377C9ABA397C9BBA3A7C9CBA3B7C9DBA2A
:107B30003C7C9EBA3D7C9FBA3E7CA0BA427CA1BAF6
:107B4000B89AA2BA695BA3BA776DA4BA266CA5BA33
:107B5000A54EA6BAB35BA7BA879AA8BA6391A9BA89
:107B6000A861AABAAF90ABBAE997ACBA2B54ADBA38
:107B7000B56DAEBAD25BAFBAFD51B0BA8A55B1BAE3
:107B8000557FB2BAF07FB3BABC64B4BA4D63B5BA2C
:107B9000F165B6BABE61B7BA8D60B8BA0A71B9BA42
:107BA000576CBABA496CBBBA2F59BCBA6D67BDBA2B
:107BB0002A82BEBAD558BFBA8E56C0BA6A8CC1BA2C
:107BC000EB6BC2BADD90C3BA7D59C4BA1780C5BA8F
:107BD000F753C6BA696DC7BA7554C8BA9D55C9BAC4
:107BE0007783CABACF83CBBA3868CCBABE79CDBA5C
:107BF0008C54CEBA554FCFBA0854D0BAD276D1BA37
:107C0000898CD2BA0296D3BAB36CD4BAB86DD5BA4D
:107C10006B8DD6BA1089D7BA649ED8BA3A8DD9BAC4
:107C20003F56DABAD19EDBBAD575DCBA885FDDBAC9
:107C3000E072DEBA6860DFBAFC54E0BAA84EE1BA7E
:107C40002A6AE2BA6188E3BA5260E4BA708FE5BA90
:107C5000C454E6BAD870E7BA7986E8BA3F9EE9BA62
:107C60002A6DEABA8F5BEBBA185FECBAA27EEDBA66
:107C70008955EEBAAF4FEFBA3473F0BA3C54F1BA4B
:107C80009A53F2BA1950F3BA0E54F4BA7C54F5BAB6
:107C90004E4EF6BAFD5FF7BA5A74F8BAF658F9BA0A
:107CA0006B84FABAE180FBBA7487FCBAD072FDBA71
:107CB000CA7CFEBA566E40BB437C41BB447C42BB8F
:107CC000457C43BB467C44BB477C45BB487C46BBAC
:107CD000497C47BB4A7C48BB4B7C49BB4C7C4ABB7C
:107CE0004E7C4BBB4F7C4CBB507C4DBB517C4EBB48
:107CF000527C4FBB537C50BB547C51BB557C52BB18
:107D0000567C53BB577C54BB587C55BB597C56BBE7
:107D10005A7C57BB5B7C58BB5C7C59BB5D7C5ABBB7
:107D20005E7C5BBB5F7C5CBB607C5DBB617C5EBB87
:107D3000627C5FBB637C60BB647C61BB657C62BB57
:107D4000667C63BB677C64BB687C65BB697C66BB27
:107D50006A7C67BB6B7C68BB6C7C69BB6D7C6ABBF7
:107D60006E7C6BBB6F7C6CBB707C6DBB717C6EBBC7
:107D7000727C6FBB757C70BB767C71BB777C72BB91
:107D8000787C73BB797C74BB7A7C75BB7E7C76BB5C
:107D90007F7C77BB807C78BB817C79BB827C7ABB23
:107DA000837C7BBB847C7CBB857C7DBB867C7EBBF3
:107DB000877C80BB887C81BB8A7C82BB8B7C83BBBD
:107DC0008C7C84BB8D7C85BB8E7C86BB8F7C87BB8B
:107DD000907C88BB937C89BB947C8ABB967C8BBB54
:107DE000997C8CBB9A7C8DBB9B7C8EBBA07C8FBB13
:107DF000A17C90BBA37C91BBA67C92BBA77C93BBD0
:107E0000A87C94BBA97C95BBAB7C96BBAC7C97BB98
:107E1000AD7C98BBAF7C99BBB07C9ABBB47C9BBB60
:107E2000B57C9CBBB67C9DBBB77C9EBBB87C9FBB26
:107E3000BA7CA0BBBB7CA1BB275FA2BB4E86A3BB09
:107E40002C55A4BBA462A5BB924EA6BBAA6CA7BB33
:107E50003762A8BBB182A9BBD754AABB4E53ABBBF8
:107E60003E73ACBBD16EADBB3B75AEBB1252AFBB6C
:107E70001653B0BBDD8BB1BBD069B2BB8A5FB3BB5D
:107E80000060B4BBEE6DB5BB4F57B6BB226BB7BB42
:107E9000AF73B8BB5368B9BBD88FBABB137FBBBB3A
:107EA0006263BCBBA360BDBB2455BEBBEA75BFBB50
:107EB000628CC0BB1571C1BBA36DC2BBA65BC3BB4B
:107EC0007B5EC4BB5283C5BB4C61C6BBC49EC7BBF3
:107ED000FA78C8BB5787C9BB277CCABB8776CBBBA0
:107EE000F051CCBBF660CDBB4C71CEBB4366CFBB73
:107EF0004C5ED0BB4D60D1BB0E8CD2BB7070D3BB7F
:107F00002563D4BB898FD5BBBD5FD6BB6260D7BBB1
:107F1000D486D8BBDE56D9BBC16BDABB9460DBBB61
:107F20006761DCBB4953DDBBE060DEBB6666DFBB7F
:107F30003F8DE0BBFD79E1BB1A4FE2BBE970E3BBCB
:107F4000476CE4BBB38BE5BBF28BE6BBD87EE7BBEB
:107F50006483E8BB0F66E9BB5A5AEABB429BEBBBA2
:107F6000516DECBBF76DEDBB418CEEBB3B6DEFBBD8
:107F7000194FF0BB6B70F1BBB783F2BB1662F3BB5A
:107F8000D160F4BB0D97F5BB278DF6BB7879F7BBB5
:107F9000FB51F8BB3E57F9BBFA57FABB3A67FBBB3C
:107FA0007875FCBB3D7AFDBBEF79FEBB957B40BC91
:107FB000BF7C41BCC07C42BCC27C43BCC37C44BCD3
:107FC000C47C45BCC67C46BCC97C47BCCB7C48BC99
:107FD000CE7C49BCCF7C4ABCD07C4BBCD17C4CBC59
:107FE000D27C4DBCD37C4EBCD47C4FBCD87C50BC26
:107FF000DA7C51BCDB7C52BCDD7C53BCDE7C54BCE7
:10800000E17C55BCE27C56BCE37C57BCE47C58BCAC
:10801000E57C59BCE67C5ABCE77C5BBCE97C5CBC7B
:10802000EA7C5DBCEB7C5EBCEC7C5FBCED7C60BC48
:10803000EE7C61BCF07C62BCF17C63BCF27C64BC15
:10804000F37C65BCF47C66BCF57C67BCF67C68BCE4
:10805000F77C69BCF97C6ABCFA7C6BBCFC7C6CBCB0
:10806000FD7C6DBCFE7C6EBCFF7C6FBC007D70BC7B
:10807000017D71BC027D72BC037D73BC047D74BC48
:10808000057D75BC067D76BC077D77BC087D78BC18
:10809000097D79BC0B7D7ABC0C7D7BBC0D7D7CBCE5
:1080A0000E7D7DBC0F7D7EBC107D80BC117D81BCB2
:1080B000127D82BC137D83BC147D84BC157D85BC80
:1080C000167D86BC177D87BC187D88BC197D89BC50
:1080D0001A7D8ABC1B7D8BBC1C7D8CBC1D7D8DBC20
:1080E0001E7D8EBC1F7D8FBC217D90BC237D91BCED
:1080F000247D92BC257D93BC267D94BC287D95BCB7
:10810000297D96BC2A7D97BC2C7D98BC2D7D99BC81
:108110002E7D9ABC307D9BBC317D9CBC327D9DBC4C
:10812000337D9EBC347D9FBC357DA0BC367DA1BC1B
:108130008C80A2BC6599A3BCF98FA4BCC06FA5BC00
:10814000A58BA6BC219EA7BCEC59A8BCE97EA9BC06
:10815000097FAABC0954ABBC8167ACBCD868ADBC74
:10816000918FAEBC4D7CAFBCC696B0BCCA53B1BCFF
:108170002560B2BCBE75B3BC726CB4BC7353B5BCE5
:10818000C95AB6BCA77EB7BC2463B8BCE051B9BC21
:108190000A81BABCF15DBBBCDF84BCBC8062BDBCE3
:1081A0008051BEBC635BBFBC0E4FC0BC6D79C1BC0F
:1081B0004252C2BCB860C3BC4E6DC4BCC45BC5BC3B
:1081C000C25BC6BCA18BC7BCB08BC8BCE265C9BCD6
:1081D000CC5FCABC4596CBBC9359CCBCE77ECDBC2A
:1081E000AA7ECEBC0956CFBCB767D0BC3959D1BC2A
:1081F000734FD2BCB65BD3BCA052D4BC5A83D5BC9F
:108200008A98D6BC3E8DD7BC3275D8BCBE94D9BC3A
:108210004750DABC3C7ADBBCF74EDCBCB667DDBC51
:108220007E9ADEBCC15ADFBC7C6BE0BCD176E1BC7F
:108230005A57E2BC165CE3BC3A7BE4BCF495E5BC5F
:108240004E71E6BC7C51E7BCA980E8BC7082E9BCF9
:108250007859EABC047FEBBC2783ECBCC068EDBC5A
:10826000EC67EEBCB178EFBC7778F0BCE362F1BCB0
:108270006163F2BC807BF3BCED4FF4BC6A52F5BC89
:10828000CF51F6BC5083F7BCDB69F8BC7492F9BCE3
:10829000F58DFABC318DFBBCC189FCBC2E95FDBCB3
:1082A000AD7BFEBCF64E40BD377D41BD387D42BD45
:1082B000397D43BD3A7D44BD3B7D45BD3C7D46BDDA
:1082C0003D7D47BD3E7D48BD3F7D49BD407D4ABDAA
:1082D000417D4BBD427D4CBD437D4DBD447D4EBD7A
:1082E000457D4FBD467D50BD477D51BD487D52BD4A
:1082F000497D53BD4A7D54BD4B7D55BD4C7D56BD1A
:108300004D7D57BD4E7D58BD4F7D59BD507D5ABDE9
:10831000517D5BBD527D5CBD537D5DBD547D5EBDB9
:10832000557D5FBD567D60BD577D61BD587D62BD89
:10833000597D63BD5A7D64BD5B7D65BD5C7D66BD59
:108340005D7D67BD5E7D68BD5F7D69BD607D6ABD29
:10835000617D6BBD627D6CBD637D6DBD647D6EBDF9
:10836000657D6FBD667D70BD677D71BD687D72BDC9
:10837000697D73BD6A7D74BD6B7D75BD6C7D76BD99
:108380006D7D77BD6F7D78BD707D79BD717D7ABD66
:10839000727D7BBD737D7CBD747D7DBD757D7EBD35
:1083A000767D80BD787D81BD797D82BD7A7D83BDFE
:1083B0007B7D84BD7C7D85BD7D7D86BD7E7D87BDCD
:1083C0007F7D88BD807D89BD817D8ABD827D8BBD9D
:1083D000837D8CBD847D8DBD857D8EBD867D8FBD6D
:1083E000877D90BD887D91BD897D92BD8A7D93BD3D
:1083F0008B7D94BD8C7D95BD8D7D96BD8E7D97BD0D
:108400008F7D98BD907D99BD917D9ABD927D9BBDDC
:10841000937D9CBD947D9DBD957D9EBD967D9FBDAC
:10842000977DA0BD987DA1BD6550A2BD3082A3BD42
:108430005152A4BD6F99A5BD106EA6BD856EA7BD96
:10844000A76DA8BDFA5EA9BDF550AABDDC59ABBDAC
:10845000065CACBD466DADBD5F6CAEBD8675AFBD97
:108460008B84B0BD6868B1BD5659B2BDB28BB3BD87
:108470002053B4BD7191B5BD4D96B6BD4985B7BD0C
:108480001269B8BD0179B9BD2671BABDF680BBBD10
:10849000A44EBCBDCA90BDBD476DBEBD849ABFBDD4
:1084A000075AC0BDBC56C1BD0564C2BDF094C3BD72
:1084B000EB77C4BDA54FC5BD1A81C6BDE172C7BD6E
:1084C000D289C8BD7A99C9BD347FCABDDE7ECBBD15
:1084D0007F52CCBD5965CDBD7591CEBD7F8FCFBDCF
:1084E000838FD0BDEB53D1BD967AD2BDED63D3BDA2
:1084F000A563D4BD8676D5BDF879D6BD5788D7BDDE
:108500003696D8BD2A62D9BDAB52DABD8282DBBDB8
:108510005468DCBD7067DDBD7763DEBD6B77DFBDA2
:10852000ED7AE0BD016DE1BDD37EE2BDE389E3BD3F
:10853000D059E4BD1262E5BDC985E6BDA582E7BD9F
:108540004C75E8BD1F50E9BDCB4EEABDA575EBBD2E
:10855000EB8BECBD4A5CEDBDFE5DEEBD4B7BEFBD34
:10856000A465F0BDD191F1BDCA4EF2BD256DF3BD3C
:108570005F89F4BD277DF5BD2695F6BDC54EF7BDD7
:10858000288CF8BDDB8FF9BD7397FABD4B66FBBD38
:108590008179FCBDD18FFDBDEC70FEBD786D40BE14
:1085A000997D41BE9A7D42BE9B7D43BE9C7D44BE6B
:1085B0009D7D45BE9E7D46BE9F7D47BEA07D48BE3B
:1085C000A17D49BEA27D4ABEA37D4BBEA47D4CBE0B
:1085D000A57D4DBEA77D4EBEA87D4FBEA97D50BED8
:1085E000AA7D51BEAB7D52BEAC7D53BEAD7D54BEA7
:1085F000AF7D55BEB07D56BEB17D57BEB27D58BE73
:10860000B37D59BEB47D5ABEB57D5BBEB67D5CBE42
:10861000B77D5DBEB87D5EBEB97D5FBEBA7D60BE12
:10862000BB7D61BEBC7D62BEBD7D63BEBE7D64BEE2
:10863000BF7D65BEC07D66BEC17D67BEC27D68BEB2
:10864000C37D69BEC47D6ABEC57D6BBEC67D6CBE82
:10865000C77D6DBEC87D6EBEC97D6FBECA7D70BE52
:10866000CB7D71BECC7D72BECD7D73BECE7D74BE22
:10867000CF7D75BED07D76BED17D77BED27D78BEF2
:10868000D37D79BED47D7ABED57D7BBED67D7CBEC2
:10869000D77D7DBED87D7EBED97D80BEDA7D81BE90
:1086A000DB7D82BEDC7D83BEDD7D84BEDE7D85BE5E
:1086B000DF7D86BEE07D87BEE17D88BEE27D89BE2E
:1086C000E37D8ABEE47D8BBEE57D8CBEE67D8DBEFE
:1086D000E77D8EBEE87D8FBEE97D90BEEA7D91BECE
:1086E000EB7D92BEEC7D93BEED7D94BEEE7D95BE9E
:1086F000EF7D96BEF07D97BEF17D98BEF27D99BE6E
:10870000F37D9ABEF47D9BBEF57D9CBEF67D9DBE3D
:10871000F77D9EBEF87D9FBEF97DA0BEFA7DA1BE0D
:108720003D5CA2BEB252A3BE4683A4BE6251A5BEAA
:108730000E83A6BE5B77A7BE7666A8BEB89CA9BE10
:10874000AC4EAABECA60ABBEBE7CACBEB37CADBEF6
:10875000CF7EAEBE954EAFBE668BB0BE6F66B1BE6D
:108760008898B2BE5997B3BE8358B4BE6C65B5BE87
:108770005C95B6BE845FB7BEC975B8BE5697B9BE24
:10878000DF7ABABEDE7ABBBEC051BCBEAF70BDBE22
:10879000987ABEBEEA63BFBE767AC0BEA07EC1BE76
:1087A0009673C2BEED97C3BE454EC4BE7870C5BEBB
:1087B0005D4EC6BE5291C7BEA953C8BE5165C9BE63
:1087C000E765CABEFC81CBBE0582CCBE8E54CDBE51
:1087D000315CCEBE9A75CFBEA097D0BED862D1BE56
:1087E000D972D2BEBD75D3BE455CD4BE799AD5BE12
:1087F000CA83D6BE405CD7BE8054D8BEE977D9BE06
:108800003E4EDABEAE6CDBBE5A80DCBED262DDBE4E
:108810006E63DEBEE85DDFBE7751E0BEDD8DE1BE9A
:108820001E8EE2BE2F95E3BEF14FE4BEE553E5BEDA
:10883000E760E6BEAC70E7BE6752E8BE5063E9BED3
:10884000439EEABE1F5AEBBE2650ECBE3777EDBE04
:108850007753EEBEE27EEFBE8564F0BE2B65F1BEBF
:108860008962F2BE9863F3BE1450F4BE3572F5BE51
:10887000C989F6BEB351F7BEC08BF8BEDD7EF9BE26
:108880004757FABECC83FBBEA794FCBE9B51FDBEEE
:108890001B54FEBEFB5C40BFFB7D41BFFC7D42BF65
:1088A000FD7D43BFFE7D44BFFF7D45BF007E46BFCB
:1088B000017E47BF027E48BF037E49BF047E4ABF98
:1088C000057E4BBF067E4CBF077E4DBF087E4EBF68
:1088D000097E4FBF0A7E50BF0B7E51BF0C7E52BF38
:1088E0000D7E53BF0E7E54BF0F7E55BF107E56BF08
:1088F000117E57BF127E58BF137E59BF147E5ABFD8
:10890000157E5BBF167E5CBF177E5DBF187E5EBFA7
:10891000197E5FBF1A7E60BF1B7E61BF1C7E62BF77
:108920001D7E63BF1E7E64BF1F7E65BF207E66BF47
:10893000217E67BF227E68BF237E69BF247E6ABF17
:10894000257E6BBF267E6CBF277E6DBF287E6EBFE7
:10895000297E6FBF2A7E70BF2B7E71BF2C7E72BFB7
:108960002D7E73BF2E7E74BF2F7E75BF307E76BF87
:10897000317E77BF327E78BF337E79BF347E7ABF57
:10898000357E7BBF367E7CBF377E7DBF387E7EBF27
:10899000397E80BF3A7E81BF3C7E82BF3D7E83BFF1
:1089A0003E7E84BF3F7E85BF407E86BF427E87BFBE
:1089B000437E88BF447E89BF457E8ABF467E8BBF8B
:1089C000487E8CBF497E8DBF4A7E8EBF4B7E8FBF57
:1089D0004C7E90BF4D7E91BF4E7E92BF4F7E93BF27
:1089E000507E94BF517E95BF527E96BF537E97BFF7
:1089F000547E98BF557E99BF567E9ABF577E9BBFC7
:108A0000587E9CBF597E9DBF5A7E9EBF5B7E9FBF96
:108A10005C7EA0BF5D7EA1BFCA4FA2BFE37AA3BFA9
:108A20005A6DA4BFE190A5BF8F9AA6BF8055A7BF7E
:108A30009654A8BF6153A9BFAF54AABF005FABBF94
:108A4000E963ACBF7769ADBFEF51AEBF6861AFBF3F
:108A50000A52B0BF2A58B1BFD852B2BF4E57B3BFA7
:108A60000D78B4BF0B77B5BFB75EB6BF7761B7BF40
:108A7000E07CB8BF5B62B9BF9762BABFA24EBBBF12
:108A80009570BCBF0380BDBFF762BEBFE470BFBFBF
:108A90006097C0BF7757C1BFDB82C2BFEF67C3BF5C
:108AA000F568C4BFD578C5BF9798C6BFD179C7BF91
:108AB000F358C8BFB354C9BFEF53CABF346ECBBF5E
:108AC0004B51CCBF3B52CDBFA25BCEBFFE8BCFBFC5
:108AD000AF80D0BF4355D1BFA657D2BF7360D3BFBD
:108AE0005157D4BF2D54D5BF7A7AD6BF5060D7BF67
:108AF000545BD8BFA763D9BFA062DABFE353DBBF23
:108B00006362DCBFC75BDDBFAF67DEBFED54DFBFB5
:108B10009F7AE0BFE682E1BF7791E2BF935EE3BF59
:108B2000E488E4BF3859E5BFAE57E6BF0E63E7BF40
:108B3000E88DE8BFEF80E9BF5757EABF777BEBBF0F
:108B4000A94FECBFEB5FEDBFBD5BEEBF3E6BEFBF70
:108B50002153F0BF507BF1BFC272F2BF4668F3BF32
:108B6000FF77F4BF3677F5BFF765F6BFB551F7BFAE
:108B70008F4EF8BFD476F9BFBF5CFABFA57AFBBFB2
:108B80007584FCBF4E59FDBF419BFEBF805040C065
:108B90005E7E41C05F7E42C0607E43C0617E44C055
:108BA000627E45C0637E46C0647E47C0657E48C025
:108BB000667E49C0677E4AC0687E4BC0697E4CC0F5
:108BC0006A7E4DC06B7E4EC06C7E4FC06D7E50C0C5
:108BD0006E7E51C06F7E52C0707E53C0717E54C095
:108BE000727E55C0737E56C0747E57C0757E58C065
:108BF000767E59C0777E5AC0787E5BC0797E5CC035
:108C00007A7E5DC07B7E5EC07C7E5FC07D7E60C004
:108C10007E7E61C07F7E62C0807E63C0817E64C0D4
:108C2000837E65C0847E66C0857E67C0867E68C0A0
:108C3000877E69C0887E6AC0897E6BC08A7E6CC070
:108C40008B7E6DC08C7E6EC08D7E6FC08E7E70C040
:108C50008F7E71C0907E72C0917E73C0927E74C010
:108C6000937E75C0947E76C0957E77C0967E78C0E0
:108C7000977E79C0987E7AC0997E7BC09A7E7CC0B0
:108C80009C7E7DC09D7E7EC09E7E80C0AE7E81C06B
:108C9000B47E82C0BB7E83C0BC7E84C0D67E85C0CD
:108CA000E47E86C0EC7E87C0F97E88C00A7F89C0DA
:108CB000107F8AC01E7F8BC0377F8CC0397F8DC0EC
:108CC0003B7F8EC03C7F8FC03D7F90C03E7F91C078
:108CD0003F7F92C0407F93C0417F94C0437F95C047
:108CE000467F96C0477F97C0487F98C0497F99C00C
:108CF0004A7F9AC04B7F9BC04C7F9CC04D7F9DC0DC
:108D00004E7F9EC04F7F9FC0527FA0C0537FA1C0A7
:108D10008899A2C02761A3C0836EA4C06457A5C070
:108D20000666A6C04663A7C0F056A8C0EC62A9C0FC
:108D30006962AAC0D35EABC01496ACC08357ADC005
:108D4000C962AEC08755AFC02187B0C04A81B1C0EB
:108D5000A38FB2C06655B3C0B183B4C06567B5C058
:108D6000568DB6C0DD84B7C06A5AB8C00F68B9C0A6
:108D7000E662BAC0EE7BBBC01196BCC07051BDC0EC
:108D80009C6FBEC0308CBFC0FD63C0C0C889C1C06D
:108D9000D261C2C0067FC3C0C270C4C0E56EC5C088
:108DA0000574C6C09469C7C0FC72C8C0CA5EC9C099
:108DB000CE90CAC01767CBC06A6DCCC05E63CDC011
:108DC000B352CEC06272CFC00180D0C06C4FD1C050
:108DD000E559D2C06A91D3C0D970D4C09D6DD5C0B9
:108DE000D252D6C0504ED7C0F796D8C06D95D9C0D4
:108DF0007E85DAC0CA78DBC02F7DDCC02151DDC0A2
:108E00009257DEC0C264DFC08B80E0C07B7CE1C0D3
:108E1000EA6CE2C0F168E3C05E69E4C0B751E5C046
:108E20009853E6C0A868E7C08172E8C0CE9EE9C04A
:108E3000F17BEAC0F872EBC0BB79ECC0136FEDC0F8
:108E40000674EEC04E67EFC0CC91F0C0A49CF1C098
:108E50003C79F2C08983F3C05483F4C00F54F5C049
:108E60001768F6C03D4EF7C08953F8C0B152F9C03B
:108E70003E78FAC08653FBC02952FCC08850FDC022
:108E80008B4FFEC0D04F40C1567F41C1597F42C178
:108E90005B7F43C15C7F44C15D7F45C15E7F46C14E
:108EA000607F47C1637F48C1647F49C1657F4AC114
:108EB000667F4BC1677F4CC16B7F4DC16C7F4EC1DC
:108EC0006D7F4FC16F7F50C1707F51C1737F52C1A1
:108ED000757F53C1767F54C1777F55C1787F56C166
:108EE0007A7F57C17B7F58C17C7F59C17D7F5AC132
:108EF0007F7F5BC1807F5CC1827F5DC1837F5EC1FC
:108F0000847F5FC1857F60C1867F61C1877F62C1C9
:108F1000887F63C1897F64C18B7F65C18D7F66C196
:108F20008F7F67C1907F68C1917F69C1927F6AC15D
:108F3000937F6BC1957F6CC1967F6DC1977F6EC12A
:108F4000987F6FC1997F70C19B7F71C19C7F72C1F7
:108F5000A07F73C1A27F74C1A37F75C1A57F76C1B5
:108F6000A67F77C1A87F78C1A97F79C1AA7F7AC17E
:108F7000AB7F7BC1AC7F7CC1AD7F7DC1AE7F7EC14D
:108F8000B17F80C1B37F81C1B47F82C1B57F83C10E
:108F9000B67F84C1B77F85C1BA7F86C1BB7F87C1D9
:108FA000BE7F88C1C07F89C1C27F8AC1C37F8BC198
:108FB000C47F8CC1C67F8DC1C77F8EC1C87F8FC162
:108FC000C97F90C1CB7F91C1CD7F92C1CF7F93C12B
:108FD000D07F94C1D17F95C1D27F96C1D37F97C1F5
:108FE000D67F98C1D77F99C1D97F9AC1DA7F9BC1BB
:108FF000DB7F9CC1DC7F9DC1DD7F9EC1DE7F9FC189
:10900000E27FA0C1E37FA1C1E275A2C1CB7AA3C177
:10901000927CA4C1A56CA5C1B696A6C19B52A7C15E
:109020008374A8C1E954A9C1E94FAAC15480ABC156
:10903000B283ACC1DE8FADC17095AEC1C95EAFC1A8
:109040001C60B0C19F6DB1C1185EB2C15B65B3C198
:109050003881B4C1FE94B5C14B60B6C1BC70B7C114
:10906000C37EB8C1AE7CB9C1C951BAC18168BBC1A8
:10907000B17CBCC16F82BDC1244EBEC1868FBFC151
:10908000CF91C0C17E66C1C1AE4EC2C1058CC3C105
:10909000A964C4C14A80C5C1DA50C6C19775C7C1A9
:1090A000CE71C8C1E55BC9C1BD8FCAC1666FCBC1F6
:1090B000864ECCC18264CDC16395CEC1D65ECFC190
:1090C0009965D0C11752D1C1C288D2C1C870D3C16D
:1090D000A352D4C10E73D5C13374D6C19767D7C11B
:1090E000F778D8C11697D9C1344EDAC1BB90DBC12D
:1090F000DE9CDCC1CB6DDDC1DB51DEC1418DDFC14A
:109100001D54E0C1CE62E1C1B273E2C1F183E3C19B
:10911000F696E4C1849FE5C1C394E6C1364FE7C12A
:109120009A7FE8C1CC51E9C17570EAC17596EBC16F
:10913000AD5CECC18698EDC1E653EEC1E44EEFC1E3
:109140009C6EF0C10974F1C1B469F2C16B78F3C1CE
:109150008F99F4C15975F5C11852F6C12476F7C13B
:10916000416DF8C1F367F9C16D51FAC1999FFBC117
:109170004B80FCC19954FDC13C7BFEC1BF7A40C20B
:10918000E47F41C2E77F42C2E87F43C2EA7F44C234
:10919000EB7F45C2EC7F46C2ED7F47C2EF7F48C2FE
:1091A000F27F49C2F47F4AC2F57F4BC2F67F4CC2C0
:1091B000F77F4DC2F87F4EC2F97F4FC2FA7F50C28F
:1091C000FD7F51C2FE7F52C2FF7F53C2028054C254
:1091D000078055C2088056C2098057C20A8058C20B
:1091E0000E8059C20F805AC211805BC213805CC2CC
:1091F0001A805DC21B805EC21D805FC21E8060C27D
:109200001F8061C2218062C2238063C2248064C245
:109210002B8065C22C8066C22D8067C22E8068C2FA
:109220002F8069C230806AC232806BC234806CC2C7
:1092300039806DC23A806EC23C806FC23E8070C27F
:10924000408071C2418072C2448073C2458074C242
:10925000478075C2488076C2498077C24E8078C206
:109260004F8079C250807AC251807BC253807CC2C9
:1092700055807DC256807EC2578080C2598081C28F
:109280005B8082C25C8083C25D8084C25E8085C256
:109290005F8086C2608087C2618088C2628089C226
:1092A00063808AC264808BC265808CC266808DC2F6
:1092B00067808EC268808FC26B8090C26C8091C2C2
:1092C0006D8092C26E8093C26F8094C2708095C28E
:1092D000728096C2738097C2748098C2758099C25A
:1092E00076809AC277809BC278809CC279809DC22A
:1092F0007A809EC27B809FC27C80A0C27D80A1C2FA
:109300008696A2C28457A3C2E262A4C24796A5C2AF
:109310007C69A6C2045AA7C20264A8C2D37BA9C2B0
:109320000F6FAAC24B96ABC2A682ACC26253ADC24B
:109330008598AEC2905EAFC28970B0C2B363B1C24D
:109340006453B2C24F86B3C2819CB4C2939EB5C26D
:109350008C78B6C23297B7C2EF8DB8C2428DB9C20F
:109360007F9EBAC25E6FBBC28479BCC2555FBDC26C
:109370004696BEC22E62BFC2749AC0C21554C1C204
:10938000DD94C2C2A34FC3C2C565C4C2655CC5C279
:10939000615CC6C2157FC7C25186C8C22F6CC9C2E4
:1093A0008B5FCAC28773CBC2E46ECCC2FF7ECDC2D4
:1093B000E65CCEC21B63CFC26A5BD0C2E66ED1C28E
:1093C0007553D2C2714ED3C2A063D4C26575D5C2E3
:1093D000A162D6C26E8FD7C2264FD8C2D14ED9C293
:1093E000A66CDAC2B67EDBC2BA8BDCC21D84DDC2DB
:1093F000BA87DEC2577FDFC23B90E0C22395E1C24D
:10940000A97BE2C2A19AE3C2F888E4C23D84E5C226
:109410001B6DE6C2869AE7C2DC7EE8C28859E9C2C3
:10942000BB9EEAC29B73EBC20178ECC28286EDC29E
:109430006C9AEEC2829AEFC21B56F0C21754F1C268
:10944000CB57F2C2704EF3C2A69EF4C25653F5C279
:10945000C88FF6C20981F7C29277F8C29299F9C211
:10946000EE86FAC2E16EFBC21385FCC2FC66FDC249
:109470006261FEC22B6F40C37E8041C3818042C3C4
:10948000828043C3858044C3888045C38A8046C3A5
:109490008D8047C38E8048C38F8049C390804AC364
:1094A00091804BC392804CC394804DC395804EC332
:1094B00097804FC3998050C39E8051C3A38052C3ED
:1094C000A68053C3A78054C3A88055C3AC8056C39D
:1094D000B08057C3B38058C3B58059C3B6805AC350
:1094E000B8805BC3B9805CC3BB805DC3C5805EC30D
:1094F000C7805FC3C88060C3C98061C3CA8062C3BC
:10950000CB8063C3CF8064C3D08065C3D18066C382
:10951000D28067C3D38068C3D48069C3D5806AC34F
:10952000D8806BC3DF806CC3E0806DC3E2806EC304
:10953000E3806FC3E68070C3EE8071C3F58072C3B1
:10954000F78073C3F98074C3FB8075C3FE8076C354
:10955000FF8077C3008178C3018179C303817AC317
:1095600004817BC305817CC307817DC308817EC3E1
:109570000B8180C30C8181C3158182C3178183C392
:10958000198184C31B8185C31C8186C31D8187C348
:109590001F8188C3208189C321818AC322818BC313
:1095A00023818CC324818DC325818EC326818FC3E3
:1095B000278190C3288191C3298192C32A8193C3B3
:1095C0002B8194C32D8195C32E8196C3308197C37F
:1095D000338198C3348199C335819AC337819BC342
:1095E00039819CC33A819DC33B819EC33C819FC30B
:1095F0003D81A0C33F81A1C3298CA2C39282A3C392
:109600002B83A4C3F276A5C3136CA6C3D95FA7C3EB
:10961000BD83A8C32B73A9C30583AAC31A95ABC383
:10962000DB6BACC3DB77ADC3C694AEC36F53AFC3C4
:109630000283B0C39251B1C33D5EB2C38C8CB3C33D
:10964000388DB4C3484EB5C3AB73B6C39A67B7C3BE
:109650008568B8C37691B9C30997BAC36471BBC3AF
:10966000A16CBCC30977BDC3925ABEC34195BFC3A9
:10967000CF6BC0C38E7FC1C32766C2C3D05BC3C3D9
:10968000B959C4C39A5AC5C3E895C6C3F795C7C3A9
:10969000EC4EC8C30C84C9C39984CAC3AC6ACBC39B
:1096A000DF76CCC33095CDC31B73CEC3A668CFC3C2
:1096B0005F5BD0C32F77D1C39A91D2C36197D3C3D5
:1096C000DC7CD4C3F78FD5C31C8CD6C3255FD7C32E
:1096D000737CD8C3D879D9C3C589DAC3CC6CDBC352
:1096E0001C87DCC3C65BDDC3425EDEC3C968DFC363
:1096F0002077E0C3F57EE1C39551E2C34D51E3C34A
:10970000C952E4C3295AE5C3057FE6C36297E7C39C
:10971000D782E8C3CF63E9C38477EAC3D085EBC3BC
:10972000D279ECC33A6EEDC3995EEEC39959EFC39B
:109730001185F0C36D70F1C3116CF2C3BF62F3C346
:10974000BF76F4C34F65F5C3AF60F6C3FD95F7C3AD
:109750000E66F8C39F87F9C3239EFAC3ED94FBC33B
:109760000D54FCC37D54FDC32C8CFEC3786440C4EF
:10977000408141C4418142C4428143C4438144C4C5
:10978000448145C4458146C4478147C4498148C492
:109790004D8149C44E814AC44F814BC452814CC44F
:1097A00056814DC457814EC458814FC45B8150C40B
:1097B0005C8151C45D8152C45E8153C45F8154C4D5
:1097C000618155C4628156C4638157C4648158C4A1
:1097D000668159C468815AC46A815BC46B815CC468
:1097E0006C815DC46F815EC472815FC4738160C42B
:1097F000758161C4768162C4778163C4788164C4F1
:10980000818165C4838166C4848167C4858168C49D
:10981000868169C487816AC489816BC48B816CC469
:109820008C816DC48D816EC48E816FC4908170C433
:10983000928171C4938172C4948173C4958174C4FC
:10984000968175C4978176C4998177C49A8178C4CA
:109850009E8179C49F817AC4A0817BC4A1817CC48C
:10986000A2817DC4A4817EC4A58180C4A78181C456
:10987000A98182C4AB8183C4AC8184C4AD8185C419
:10988000AE8186C4AF8187C4B08188C4B18189C4E8
:10989000B2818AC4B4818BC4B5818CC4B6818DC4B5
:1098A000B7818EC4B8818FC4B98190C4BC8191C482
:1098B000BD8192C4BE8193C4BF8194C4C48195C448
:1098C000C58196C4C78197C4C88198C4C98199C409
:1098D000CB819AC4CD819BC4CE819CC4CF819DC4D1
:1098E000D0819EC4D1819FC4D281A0C4D381A1C4A0
:1098F0007964A2C41186A3C4216AA4C49C81A5C4AE
:10990000E878A6C46964A7C4549BA8C4B962A9C472
:109910002B67AAC4AB83ABC4A858ACC4D89EADC453
:10992000AB6CAEC4206FAFC4DE5BB0C44C96B1C4A8
:109930000B8CB2C45F72B3C4D067B4C4C762B5C481
:109940006172B6C4A94EB7C4C659B8C4CD6BB9C408
:109950009358BAC4AE66BBC4555EBCC4DF52BDC426
:109960005561BEC42867BFC4EE76C0C46677C1C463
:109970006772C2C4467AC3C4FF62C4C4EA54C5C491
:109980005054C6C4A094C7C4A390C8C41C5AC9C428
:10999000B37ECAC4166CCBC4434ECCC47659CDC476
:1099A0001080CEC44859CFC45753D0C43775D1C4E2
:1099B000BE96D2C4CA56D3C42063D4C41181D5C4C0
:1099C0007C60D6C4F995D7C4D66DD8C46254D9C4C6
:1099D0008199DAC48551DBC4E95ADCC4FD80DDC459
:1099E000AE59DEC41397DFC42A50E0C4E56CE1C46D
:1099F0003C5CE2C4DF62E3C4604FE4C43F53E5C4AF
:109A00007B81E6C40690E7C4BA6EE8C42B85E9C43E
:109A1000C862EAC4745EEBC4BE78ECC4B564EDC43D
:109A20007B63EEC4F55FEFC4185AF0C47F91F1C4B4
:109A30001F9EF2C43F5CF3C44F63F4C44280F5C47C
:109A40007D5BF6C46E55F7C44A95F8C44D95F9C4CC
:109A5000856DFAC4A860FBC4E067FCC4DE72FDC477
:109A6000DD51FEC4815B40C5D48141C5D58142C56D
:109A7000D68143C5D78144C5D88145C5D98146C55E
:109A8000DA8147C5DB8148C5DC8149C5DD814AC52E
:109A9000DE814BC5DF814CC5E0814DC5E1814EC5FE
:109AA000E2814FC5E48150C5E58151C5E68152C5CB
:109AB000E88153C5E98154C5EB8155C5EE8156C592
:109AC000EF8157C5F08158C5F18159C5F2815AC55A
:109AD000F5815BC5F6815CC5F7815DC5F8815EC522
:109AE000F9815FC5FA8160C5FD8161C5FF8162C5ED
:109AF000038263C5078264C5088265C5098266C59D
:109B00000A8267C50B8268C50E8269C50F826AC565
:109B100011826BC513826CC515826DC516826EC528
:109B200017826FC5188270C5198271C51A8272C5F5
:109B30001D8273C5208274C5248275C5258276C5B1
:109B4000268277C5278278C5298279C52E827AC573
:109B500032827BC53A827CC53C827DC53D827EC512
:109B60003F8280C5408281C5418282C5428283C5D1
:109B7000438284C5458285C5468286C5488287C59D
:109B80004A8288C54C8289C54D828AC54E828BC562
:109B900050828CC551828DC552828EC553828FC52D
:109BA000548290C5558291C5568292C5578293C5FD
:109BB000598294C55B8295C55C8296C55D8297C5C6
:109BC0005E8298C5608299C561829AC562829BC592
:109BD00063829CC564829DC565829EC566829FC561
:109BE0006782A0C56982A1C5E762A2C5DE6CA3C574
:109BF0005B72A4C56D62A5C5AE94A6C5BD7EA7C5A2
:109C00001381A8C5536DA9C59C51AAC5045FABC5F6
:109C10007459ACC5AA52ADC51260AEC57359AFC573
:109C20009666B0C55086B1C59F75B2C52A63B3C5E7
:109C3000E661B4C5EF7CB5C5FA8BB6C5E654B7C5C9
:109C4000276BB8C5259EB9C5B46BBAC5D585BBC54C
:109C50005554BCC57650BDC5A46CBEC56A55BFC5BC
:109C6000B48DC0C52C72C1C5155EC2C51560C3C513
:109C70003674C4C5CD62C5C59263C6C54C72C7C52E
:109C8000985FC8C5436EC9C53E6DCAC50065CBC5E2
:109C9000586FCCC5D876CDC5D078CEC5FC76CFC5AB
:109CA0005475D0C52452D1C5DB53D2C5534ED3C54C
:109CB0009E5ED4C5C165D5C52A80D6C5D680D7C518
:109CC0009B62D8C58654D9C52852DAC5AE70DBC5AB
:109CD0008D88DCC5D18DDDC5E16CDEC57854DFC56E
:109CE000DA80E0C5F957E1C5F488E2C5548DE3C5D3
:109CF0006A96E4C54D91E5C5694FE6C59B6CE7C51D
:109D0000B755E8C5C676E9C53078EAC5A862EBC59F
:109D1000F970ECC58E6FEDC56D5FEEC5EC84EFC5D7
:109D2000DA68F0C57C78F1C5F77BF2C5A881F3C588
:109D30000B67F4C54F9EF5C56763F6C5B078F7C5E8
:109D40006F57F8C51278F9C53997FAC57962FBC51E
:109D5000AB62FCC58852FDC53574FEC5D76B40C6E5
:109D60006A8241C66B8242C66C8243C66D8244C61B
:109D7000718245C6758246C6768247C6778248C6D6
:109D8000788249C67B824AC67C824BC680824CC69A
:109D900081824DC683824EC685824FC6868250C65A
:109DA000878251C6898252C68C8253C6908254C61D
:109DB000938255C6948256C6958257C6968258C6D7
:109DC0009A8259C69B825AC69E825BC6A0825CC696
:109DD000A2825DC6A3825EC6A7825FC6B28260C64B
:109DE000B58261C6B68262C6BA8263C6BB8264C6E9
:109DF000BC8265C6BF8266C6C08267C6C28268C6AC
:109E0000C38269C6C5826AC6C6826BC6C9826CC671
:109E1000D0826DC6D6826EC6D9826FC6DA8270C60F
:109E2000DD8271C6E28272C6E78273C6E88274C6BA
:109E3000E98275C6EA8276C6EC8277C6ED8278C67C
:109E4000EE8279C6F0827AC6F2827BC6F3827CC645
:109E5000F5827DC6F6827EC6F88280C6FA8281C609
:109E6000FC8282C6FD8283C6FE8284C6FF8285C6CE
:109E7000008386C60A8387C60B8388C60D8389C67E
:109E800010838AC612838BC613838CC616838DC635
:109E900018838EC619838FC61D8390C61E8391C6F4
:109EA0001F8392C6208393C6218394C6228395C6BE
:109EB000238396C6248397C6258398C6268399C68E
:109EC00029839AC62A839BC62E839CC630839DC64F
:109ED00032839EC637839FC63B83A0C63D83A1C6FF
:109EE0006455A2C63E81A3C6B275A4C6AE76A5C609
:109EF0003953A6C6DE75A7C6FB50A8C6415CA9C6E5
:109F00006C8BAAC6C77BABC64F50ACC64772ADC6FA
:109F1000979AAEC6D898AFC6026FB0C6E274B1C603
:109F20006879B2C68764B3C6A577B4C6FC62B5C605
:109F30009198B6C62B8DB7C6C154B8C65880B9C65D
:109F4000524EBAC66A57BBC6F982BCC60D84BDC69E
:109F5000735EBEC6ED51BFC6F674C0C6C48BC1C623
:109F60004F5CC2C66157C3C6FC6CC4C68798C5C6E1
:109F7000465AC6C63478C7C6449BC8C6EB8FC9C606
:109F8000957CCAC65652CBC65162CCC6FA94CDC691
:109F9000C64ECEC68683CFC66184D0C6E983D1C6FD
:109FA000B284D2C6D457D3C63467D4C60357D5C6F5
:109FB0006E66D6C6666DD7C6318CD8C6DD66D9C684
:109FC0001170DAC61F67DBC63A6BDCC61668DDC6E1
:109FD0001A62DEC6BB59DFC6034EE0C6C451E1C6F5
:109FE000066FE2C6D267E3C68F6CE4C67651E5C65B
:109FF000CB68E6C64759E7C6676BE8C66675E9C62B
:10A000000E5DEAC61081EBC6509FECC6D765EDC663
:10A010004879EEC64179EFC6919AF0C6778DF1C6C0
:10A02000825CF2C65E4EF3C6014FF4C62F54F5C6ED
:10A030005159F6C60C78F7C66856F8C6146CF9C6BE
:10A04000C48FFAC6035FFBC67D6CFCC6E36CFDC61D
:10A05000AB8BFEC6906340C73E8341C73F8342C778
:10A06000418343C7428344C7448345C7458346C7AA
:10A07000488347C74A8348C74B8349C74C834AC76D
:10A080004D834BC74E834CC753834DC755834EC733
:10A0900056834FC7578350C7588351C7598352C7F8
:10A0A0005D8353C7628354C7708355C7718356C796
:10A0B000728357C7738358C7748359C775835AC748
:10A0C00076835BC779835CC77A835DC77E835EC70F
:10A0D0007F835FC7808360C7818361C7828362C7D4
:10A0E000838363C7848364C7878365C7888366C7A0
:10A0F0008A8367C78B8368C78C8369C78D836AC768
:10A100008F836BC790836CC791836DC794836EC731
:10A1100095836FC7968370C7978371C7998372C7FA
:10A120009A8373C79D8374C79F8375C7A18376C7BE
:10A13000A28377C7A38378C7A48379C7A5837AC787
:10A14000A6837BC7A7837CC7AC837DC7AD837EC74F
:10A15000AE8380C7AF8381C7B58382C7BB8383C704
:10A16000BE8384C7BF8385C7C28386C7C38387C7AF
:10A17000C48388C7C68389C7C8838AC7C9838BC776
:10A18000CB838CC7CD838DC7CE838EC7D0838FC73B
:10A19000D18390C7D28391C7D38392C7D58393C706
:10A1A000D78394C7D98395C7DA8396C7DB8397C7CC
:10A1B000DE8398C7E28399C7E3839AC7E4839BC78A
:10A1C000E6839CC7E7839DC7E8839EC7EB839FC751
:10A1D000EC83A0C7ED83A1C77060A2C73D6DA3C784
:10A1E0007572A4C76662A5C78E94A6C7C594A7C793
:10A1F0004353A8C7C18FA9C77E7BAAC7DF4EABC791
:10A20000268CACC77E4EADC7D49EAEC7B194AFC747
:10A21000B394B0C74D52B1C75C6FB2C76390B3C7B8
:10A22000456DB4C7348CB5C71158B6C74C5DB7C7B8
:10A23000206BB8C7496BB9C7AA67BAC75B54BBC71D
:10A240005481BCC78C7FBDC79958BEC73785BFC76F
:10A250003A5FC0C7A262C1C7476AC2C73995C3C7C0
:10A260007265C4C78460C5C76568C6C7A777C7C716
:10A27000544EC8C7A84FC9C7E75DCAC79897CBC790
:10A28000AC64CCC7D87FCDC7ED5CCEC7CF4FCFC7AE
:10A290008D7AD0C70752D1C70483D2C7144ED3C713
:10A2A0002F60D4C7837AD5C7A694D6C7B54FD7C772
:10A2B000B24ED8C7E679D9C73474DAC7E452DBC7DF
:10A2C000B982DCC7D264DDC7BD79DEC7DD5BDFC71D
:10A2D000816CE0C75297E1C77B8FE2C7226CE3C76E
:10A2E0003E50E4C77F53E5C7056EE6C7CE64E7C7B7
:10A2F0007466E8C7306CE9C7C560EAC77798EBC7F2
:10A30000F78BECC7865EEDC73C74EEC7777AEFC774
:10A31000CB79F0C7184EF1C7B190F2C70374F3C7F9
:10A32000426CF4C7DA56F5C74B91F6C7C56CF7C750
:10A330008B8DF8C73A53F9C7C686FAC7F266FBC7D2
:10A34000AF8EFCC7485CFDC7719AFEC7206E40C83F
:10A35000EE8341C8EF8342C8F38343C8F48344C803
:10A36000F58345C8F68346C8F78347C8FA8348C8CB
:10A37000FB8349C8FC834AC8FE834BC8FF834CC893
:10A3800000844DC802844EC805844FC8078450C855
:10A39000088451C8098452C80A8453C8108454C818
:10A3A000128455C8138456C8148457C8158458C8D5
:10A3B000168459C817845AC819845BC81A845CC8A3
:10A3C0001B845DC81E845EC81F845FC8208460C86B
:10A3D000218461C8228462C8238463C8298464C834
:10A3E0002A8465C82B8466C82C8467C82D8468C8F5
:10A3F0002E8469C82F846AC830846BC832846CC8C4
:10A4000033846DC834846EC835846FC8368470C890
:10A41000378471C8398472C83A8473C83B8474C85D
:10A420003E8475C83F8476C8408477C8418478C824
:10A43000428479C843847AC844847BC845847CC8F4
:10A4400047847DC848847EC8498480C84A8481C8BE
:10A450004B8482C84C8483C84D8484C84E8485C88C
:10A460004F8486C8508487C8528488C8538489C85A
:10A4700054848AC855848BC856848CC858848DC827
:10A480005D848EC85E848FC85F8490C8608491C8E4
:10A49000628492C8648493C8658494C8668495C8AD
:10A4A000678496C8688497C86A8498C86E8499C877
:10A4B0006F849AC870849BC872849CC874849DC839
:10A4C00077849EC879849FC87B84A0C87C84A1C8F7
:10A4D000D653A2C8365AA3C88B9FA4C8A38DA5C8BB
:10A4E000BB53A6C80857A7C8A798A8C84367A9C858
:10A4F0009B91AAC8C96CABC86851ACC8CA75ADC835
:10A50000F362AEC8AC72AFC83852B0C89D52B1C881
:10A510003A7FB2C89470B3C83876B4C87453B5C81B
:10A520004A9EB6C8B769B7C86E78B8C8C096B9C8E9
:10A53000D988BAC8A47FBBC83671BCC8C371BDC8AE
:10A540008951BEC8D367BFC8E474C0C8E458C1C845
:10A550001865C2C8B756C3C8A98BC4C87699C5C800
:10A560007062C6C8D57EC7C8F960C8C8ED70C9C8D2
:10A57000EC58CAC8C14ECBC8BA4ECCC8CD5FCDC806
:10A58000E797CEC8FB4ECFC8A48BD0C80352D1C822
:10A590008A59D2C8AB7ED3C85462D4C8CD4ED5C870
:10A5A000E565D6C80E62D7C83883D8C8C984D9C86B
:10A5B0006383DAC88D87DBC89471DCC8B66EDDC8EA
:10A5C000B95BDEC8D27EDFC89751E0C8C963E1C875
:10A5D000D467E2C88980E3C83983E4C81588E5C830
:10A5E0001251E6C87A5BE7C88259E8C8B18FE9C85A
:10A5F000734EEAC85D6CEBC86551ECC82589EDC89F
:10A600006F8FEEC82E96EFC84A85F0C85E74F1C809
:10A610001095F2C8F095F3C8A66DF4C8E582F5C8A8
:10A62000315FF6C89264F7C8126DF8C82884F9C87B
:10A630006E81FAC8C39CFBC85E58FCC85B8DFDC820
:10A64000094EFEC8C15340C97D8441C97E8442C9B8
:10A650007F8443C9808444C9818445C9838446C9B1
:10A66000848447C9858448C9868449C98A844AC97B
:10A670008D844BC98F844CC990844DC991844EC937
:10A6800092844FC9938450C9948451C9958452C906
:10A69000968453C9988454C99A8455C99B8456C9D1
:10A6A0009D8457C99E8458C99F8459C9A0845AC99A
:10A6B000A2845BC9A3845CC9A4845DC9A5845EC966
:10A6C000A6845FC9A78460C9A88461C9A98462C936
:10A6D000AA8463C9AB8464C9AC8465C9AD8466C906
:10A6E000AE8467C9B08468C9B18469C9B3846AC9D2
:10A6F000B5846BC9B6846CC9B7846DC9BB846EC997
:10A70000BC846FC9BE8470C9C08471C9C28472C957
:10A71000C38473C9C58474C9C68475C9C78476C91E
:10A72000C88477C9CB8478C9CC8479C9CE847AC9E6
:10A73000CF847BC9D2847CC9D4847DC9D5847EC9A9
:10A74000D78480C9D88481C9D98482C9DA8483C96D
:10A75000DB8484C9DC8485C9DE8486C9E18487C939
:10A76000E28488C9E48489C9E7848AC9E8848BC9FA
:10A77000E9848CC9EA848DC9EB848EC9ED848FC9C4
:10A78000EE8490C9EF8491C9F18492C9F28493C98F
:10A79000F38494C9F48495C9F58496C9F68497C95D
:10A7A000F78498C9F88499C9F9849AC9FA849BC92D
:10A7B000FB849CC9FD849DC9FE849EC900859FC9F8
:10A7C0000185A0C90285A1C91E4FA2C96365A3C99D
:10A7D0005168A4C9D355A5C9274EA6C91464A7C9F1
:10A7E0009A9AA8C96B62A9C9C25AAAC95F74ABC9AF
:10A7F0007282ACC9A96DADC9EE68AEC9E750AFC9E8
:10A800008E83B0C90278B1C94067B2C93952B3C9A1
:10A81000996CB4C9B17EB5C9BB50B6C96555B7C945
:10A820005E71B8C95B7BB9C95266BAC9CA73BBC984
:10A83000EB82BCC94967BDC9715CBEC92052BFC9A2
:10A840007D71C0C96B88C1C9EA95C2C95596C3C993
:10A85000C564C4C9618DC5C9B381C6C98455C7C99A
:10A86000556CC8C94762C9C92E7FCAC99258CBC99D
:10A87000244FCCC94655CDC94F8DCEC94C66CFC9E2
:10A880000A4ED0C91A5CD1C9F388D2C9A268D3C90B
:10A890004E63D4C90D7AD5C9E770D6C98D82D7C9A0
:10A8A000FA52D8C9F697D9C9115CDAC9E854DBC99C
:10A8B000B590DCC9CD7EDDC96259DEC94A8DDFC9DC
:10A8C000C786E0C90C82E1C90D82E2C9668DE3C981
:10A8D0004464E4C9045CE5C95161E6C9896DE7C90E
:10A8E0003E79E8C9BE8BE9C93778EAC93375EBC947
:10A8F0007B54ECC9384FEDC9AB8EEEC9F16DEFC991
:10A90000205AF0C9C57EF1C95E79F2C9886CF3C9D5
:10A91000A15BF4C9765AF5C91A75F6C9BE80F7C9A4
:10A920004E61F8C9176EF9C9F058FAC91F75FBC90D
:10A930002575FCC97272FDC94753FEC9F37E40CA32
:10A94000038541CA048542CA058543CA068544CAAF
:10A95000078545CA088546CA098547CA0A8548CA7F
:10A960000B8549CA0D854ACA0E854BCA0F854CCA4C
:10A9700010854DCA12854ECA14854FCA158550CA16
:10A98000168551CA188552CA198553CA1B8554CADF
:10A990001C8555CA1D8556CA1E8557CA208558CAAA
:10A9A000228559CA23855ACA24855BCA25855CCA73
:10A9B00026855DCA27855ECA28855FCA298560CA43
:10A9C0002A8561CA2D8562CA2E8563CA2F8564CA0D
:10A9D000308565CA318566CA328567CA338568CADB
:10A9E000348569CA35856ACA36856BCA3E856CCAA4
:10A9F0003F856DCA40856ECA41856FCA428570CA5F
:10AA0000448571CA458572CA468573CA478574CA2A
:10AA10004B8575CA4C8576CA4D8577CA4E8578CAEE
:10AA20004F8579CA50857ACA51857BCA52857CCABE
:10AA300053857DCA54857ECA558580CA578581CA8B
:10AA4000588582CA5A8583CA5B8584CA5C8585CA53
:10AA50005D8586CA5F8587CA608588CA618589CA1F
:10AA600062858ACA63858BCA65858CCA66858DCAEC
:10AA700067858ECA69858FCA6A8590CA6B8591CAB7
:10AA80006C8592CA6D8593CA6E8594CA6F8595CA86
:10AA9000708596CA718597CA738598CA758599CA53
:10AAA00076859ACA77859BCA78859CCA7C859DCA1B
:10AAB0007D859ECA7F859FCA8085A0CA8185A1CADF
:10AAC0000177A2CADB76A3CA6952A4CADC80A5CAF0
:10AAD0002357A6CA085EA7CA3159A8CAEE72A9CAE6
:10AAE000BD65AACA7F6EABCAD78BACCA385CADCA8B
:10AAF0007186AECA4153AFCAF377B0CAFE62B1CA1B
:10AB0000F665B2CAC04EB3CADF98B4CA8086B5CA69
:10AB10009E5BB6CAC68BB7CAF253B8CAE277B9CA47
:10AB20007F4FBACA4E5CBBCA769ABCCACB59BDCA63
:10AB30000F5FBECA3A79BFCAEB58C0CA164EC1CA27
:10AB4000FF67C2CA8B4EC3CAED62C4CA938AC5CA24
:10AB50001D90C6CABF52C7CA2F66C8CADC55C9CA2B
:10AB60006C56CACA0290CBCAD54ECCCA8D4FCDCA3C
:10AB7000CA91CECA7099CFCA0F6CD0CA025ED1CA30
:10AB80004360D2CAA45BD3CAC689D4CAD58BD5CAFE
:10AB90003665D6CA4B62D7CA9699D8CA885BD9CAD5
:10ABA000FF5BDACA8863DBCA2E55DCCAD753DDCA1D
:10ABB0002676DECA7D51DFCA2C85E0CAA267E1CACB
:10ABC000B368E2CA8A6BE3CA9262E4CA938FE5CAA9
:10ABD000D453E6CA1282E7CAD16DE8CA8F75E9CAB2
:10ABE000664EEACA4E8DEBCA705BECCA9F71EDCA25
:10ABF000AF85EECA9166EFCAD966F0CA727FF1CA14
:10AC00000087F2CACD9EF3CA209FF4CA5E5CF5CAE3
:10AC10002F67F6CAF08FF7CA1168F8CA5F67F9CADA
:10AC20000D62FACAD67AFBCA8558FCCAB65EFDCA5E
:10AC30007065FECA316F40CB828541CB838542CBA4
:10AC4000868543CB888544CB898545CB8A8546CB91
:10AC50008B8547CB8C8548CB8D8549CB8E854ACB60
:10AC600090854BCB91854CCB92854DCB93854ECB2C
:10AC700094854FCB958550CB968551CB978552CBFC
:10AC8000988553CB998554CB9A8555CB9D8556CBCA
:10AC90009E8557CB9F8558CBA08559CBA1855ACB94
:10ACA000A2855BCBA3855CCBA5855DCBA6855ECB62
:10ACB000A7855FCBA98560CBAB8561CBAC8562CB2B
:10ACC000AD8563CBB18564CBB28565CBB38566CBEF
:10ACD000B48567CBB58568CBB68569CBB8856ACBBB
:10ACE000BA856BCBBB856CCBBC856DCBBD856ECB84
:10ACF000BE856FCBBF8570CBC08571CBC28572CB53
:10AD0000C38573CBC48574CBC58575CBC68576CB1F
:10AD1000C78577CBC88578CBCA8579CBCB857ACBED
:10AD2000CC857BCBCD857CCBCE857DCBD1857ECBB9
:10AD3000D28580CBD48581CBD68582CBD78583CB7A
:10AD4000D88584CBD98585CBDA8586CBDB8587CB47
:10AD5000DD8588CBDE8589CBDF858ACBE0858BCB13
:10AD6000E1858CCBE2858DCBE3858ECBE5858FCBE2
:10AD7000E68590CBE78591CBE88592CBEA8593CBAE
:10AD8000EB8594CBEC8595CBED8596CBEE8597CB7B
:10AD9000EF8598CBF08599CBF1859ACBF2859BCB4B
:10ADA000F3859CCBF4859DCBF5859ECBF6859FCB1B
:10ADB000F785A0CBF885A1CB5560A2CB3752A3CBAA
:10ADC0000D80A4CB5464A5CB7088A6CB2975A7CBE6
:10ADD000055EA8CB1368A9CBF462AACB1C97ABCBBA
:10ADE000CC53ACCB3D72ADCB018CAECB346CAFCB86
:10ADF0006177B0CB0E7AB1CB2E54B2CBAC77B3CB5C
:10AE00007A98B4CB1C82B5CBF48BB6CB5578B7CB44
:10AE10001467B8CBC170B9CBAF65BACB9564BBCB67
:10AE20003656BCCB1D60BDCBC179BECBF853BFCB72
:10AE30001D4EC0CB7B6BC1CB8680C2CBFA5BC3CB34
:10AE4000E355C4CBDB56C5CB3A4FC6CB3C4FC7CB43
:10AE50007299C8CBF35DC9CB7E67CACB3880CBCBA8
:10AE60000260CCCB8298CDCB0190CECB8B5BCFCB8D
:10AE7000BC8BD0CBF58BD1CB1C64D2CB5882D3CB3F
:10AE8000DE64D4CBFD55D5CBCF82D6CB6591D7CB65
:10AE9000D74FD8CB207DD9CB1F90DACB9F7CDBCB93
:10AEA000F350DCCB5158DDCBAF6EDECBBF5BDFCBDD
:10AEB000C98BE0CB8380E1CB7891E2CB9C84E3CB60
:10AEC000977BE4CB7D86E5CB8B96E6CB8F96E7CB65
:10AED000E57EE8CBD39AE9CB8E78EACB815CEBCBED
:10AEE000577AECCB4290EDCBA796EECB5F79EFCBC8
:10AEF000595BF0CB5F63F1CB0B7BF2CBD184F3CB0F
:10AF0000AD68F4CB0655F5CB297FF6CB1074F7CBA3
:10AF1000227DF8CB0195F9CB4062FACB4C58FBCBA4
:10AF2000D64EFCCB835BFDCB7959FECB545840CC3D
:10AF3000F98541CCFA8542CCFC8543CCFD8544CCD7
:10AF4000FE8545CC008646CC018647CC028648CC9F
:10AF5000038649CC04864ACC06864BCC07864CCC6B
:10AF600008864DCC09864ECC0A864FCC0B8650CC39
:10AF70000C8651CC0D8652CC0E8653CC0F8654CC09
:10AF8000108655CC128656CC138657CC148658CCD6
:10AF9000158659CC17865ACC18865BCC19865CCCA2
:10AFA0001A865DCC1B865ECC1C865FCC1D8660CC71
:10AFB0001E8661CC1F8662CC208663CC218664CC41
:10AFC000228665CC238666CC248667CC258668CC11
:10AFD000268669CC28866ACC2A866BCC2B866CCCDC
:10AFE0002C866DCC2D866ECC2E866FCC2F8670CCA9
:10AFF000308671CC318672CC328673CC338674CC79
:10B00000348675CC358676CC368677CC378678CC48
:10B01000398679CC3A867ACC3B867BCC3D867CCC13
:10B020003E867DCC3F867ECC408680CC418681CCDE
:10B03000428682CC438683CC448684CC458685CCAC
:10B04000468686CC478687CC488688CC498689CC7C
:10B050004A868ACC4B868BCC4C868CCC52868DCC47
:10B0600053868ECC55868FCC568690CC578691CC05
:10B07000588692CC598693CC5B8694CC5C8695CCD2
:10B080005D8696CC5F8697CC608698CC618699CC9D
:10B0900063869ACC64869BCC65869CCC66869DCC68
:10B0A00067869ECC68869FCC6986A0CC6A86A1CC38
:10B0B0006D73A2CC1E63A3CC4B8EA4CC0F8EA5CCFB
:10B0C000CE80A6CCD482A7CCAC62A8CCF053A9CCBD
:10B0D000F06CAACC5E91ABCC2A59ACCC0160ADCC63
:10B0E000706CAECC4D57AFCC4A64B0CC2A8DB1CC8D
:10B0F0002B76B2CCE96EB3CC5B57B4CC806AB5CCBE
:10B10000F075B6CC6D6FB7CC2D8CB8CC088CB9CCA3
:10B110006657BACCEF6BBBCC9288BCCCB378BDCCB5
:10B12000A263BECCF953BFCCAD70C0CC646CC1CCB3
:10B130005858C2CC2A64C3CC0258C4CCE068C5CCF1
:10B140009B81C6CC1055C7CCD67CC8CC1850C9CC76
:10B15000BA8ECACCCC6DCBCC9F8DCCCCEB70CDCC89
:10B160008F63CECC9B6DCFCCD46ED0CCE67ED1CCD1
:10B170000484D2CC4368D3CC0390D4CCD86DD5CC46
:10B180007696D6CCA88BD7CC5759D8CC7972D9CC57
:10B19000E485DACC7E81DBCCBC75DCCC8A8ADDCC64
:10B1A000AF68DECC5452DFCC228EE0CC1195E1CCDE
:10B1B000D063E2CC9898E3CC448EE4CC7C55E5CCCB
:10B1C000534FE6CCFF66E7CC8F56E8CCD560E9CC90
:10B1D000956DEACC4352EBCC495CECCC2959EDCCD3
:10B1E000FB6DEECC6B58EFCC3075F0CC1C75F1CC10
:10B1F0006C60F2CC1482F3CC4681F4CC1163F5CCB4
:10B200006167F6CCE28FF7CC3A77F8CCF38DF9CCC6
:10B21000348DFACCC194FBCC165EFCCC8553FDCCAE
:10B220002C54FECCC37040CD6D8641CD6F8642CD8F
:10B23000708643CD728644CD738645CD748646CDE7
:10B24000758647CD768648CD778649CD78864ACDB6
:10B2500083864BCD84864CCD85864DCD86864ECD5E
:10B2600087864FCD888650CD898651CD8E8652CD2A
:10B270008F8653CD908654CD918655CD928656CDEE
:10B28000948657CD968658CD978659CD98865ACDB7
:10B2900099865BCD9A865CCD9B865DCD9E865ECD84
:10B2A0009F865FCDA08660CDA18661CDA28662CD4E
:10B2B000A58663CDA68664CDAB8665CDAD8666CD0D
:10B2C000AE8667CDB28668CDB38669CDB7866ACDC6
:10B2D000B8866BCDB9866CCDBB866DCDBC866ECD88
:10B2E000BD866FCDBE8670CDBF8671CDC18672CD55
:10B2F000C28673CDC38674CDC58675CDC88676CD1E
:10B30000CC8677CDCD8678CDD28679CDD3867ACDD1
:10B31000D5867BCDD6867CCDD7867DCDDA867ECD93
:10B32000DC8680CDDD8681CDE08682CDE18683CD51
:10B33000E28684CDE38685CDE58686CDE68687CD1B
:10B34000E78688CDE88689CDEA868ACDEB868BCDE7
:10B35000EC868CCDEF868DCDF5868ECDF6868FCDA5
:10B36000F78690CDFA8691CDFB8692CDFC8693CD63
:10B37000FD8694CDFF8695CD018796CD048797CD28
:10B38000058798CD068799CD0B879ACD0C879BCDE5
:10B390000E879CCD0F879DCD10879ECD11879FCDA9
:10B3A0001487A0CD1687A1CD406CA2CDF75EA3CDAA
:10B3B0005C50A4CDAD4EA5CDAD5EA6CD3A63A7CD74
:10B3C0004782A8CD1A90A9CD5068AACD6E91ABCD79
:10B3D000B377ACCD0C54ADCDDC94AECD645FAFCDC6
:10B3E000E57AB0CD7668B1CD4563B2CD527BB3CDB1
:10B3F000DF7EB4CDDB75B5CD7750B6CD9562B7CDD8
:10B400003459B8CD0F90B9CDF851BACDC379BBCD71
:10B41000817ABCCDFE56BDCD925FBECD1490BFCD1E
:10B42000826DC0CD605CC1CD1F57C2CD1054C3CD5D
:10B430005451C4CD4D6EC5CDE256C6CDA863C7CD1F
:10B440009398C8CD7F81C9CD1587CACD2A89CBCD28
:10B450000090CCCD1E54CDCD6F5CCECDC081CFCD74
:10B46000D662D0CD5862D1CD3181D2CD359ED3CDEB
:10B470004096D4CD6E9AD5CD7C9AD6CD2D69D7CDB8
:10B48000A559D8CDD362D9CD3E55DACD1663DBCDE3
:10B49000C754DCCDD986DDCD3C6DDECD035ADFCD82
:10B4A000E674E0CD9C88E1CD6A6BE2CD1659E3CD20
:10B4B0004C8CE4CD2F5FE5CD7E6EE6CDA973E7CD54
:10B4C0007D98E8CD384EE9CDF770EACD8C5BEBCDB9
:10B4D0009778ECCD3D63EDCD5A66EECD9676EFCD07
:10B4E000CB60F0CD9B5BF1CD495AF2CD074EF3CD49
:10B4F0005581F4CD6A6CF5CD8B73F6CDA14EF7CDA9
:10B500008967F8CD517FF9CD805FFACDFA65FBCD23
:10B510001B67FCCDD85FFDCD8459FECD015A40CECE
:10B52000198741CE1B8742CE1D8743CE1F8744CE4D
:10B53000208745CE248746CE268747CE278748CE0C
:10B54000288749CE2A874ACE2B874BCE2C874CCED4
:10B550002D874DCE2F874ECE30874FCE328750CE9F
:10B56000338751CE358752CE368753CE388754CE67
:10B57000398755CE3A8756CE3C8757CE3D8758CE31
:10B58000408759CE41875ACE42875BCE43875CCEF7
:10B5900044875DCE45875ECE46875FCE4A8760CEC4
:10B5A0004B8761CE4D8762CE4F8763CE508764CE86
:10B5B000518765CE528766CE548767CE558768CE51
:10B5C000568769CE58876ACE5A876BCE5B876CCE1A
:10B5D0005C876DCE5D876ECE5E876FCE5F8770CEE7
:10B5E000618771CE628772CE668773CE678774CEAD
:10B5F000688775CE698776CE6A8777CE6B8778CE77
:10B600006C8779CE6D877ACE6F877BCE71877CCE43
:10B6100072877DCE73877ECE758780CE778781CE09
:10B62000788782CE798783CE7A8784CE7F8785CECE
:10B63000808786CE818787CE848788CE868789CE8D
:10B6400087878ACE89878BCE8A878CCE8C878DCE52
:10B650008E878ECE8F878FCE908790CE918791CE1A
:10B66000928792CE948793CE958794CE968795CEE7
:10B67000988796CE998797CE9A8798CE9B8799CEB2
:10B680009C879ACE9D879BCE9E879CCEA0879DCE81
:10B69000A1879ECEA2879FCEA387A0CEA487A1CE4E
:10B6A000CD5DA2CEAE5FA3CE7153A4CEE697A5CE5C
:10B6B000DD8FA6CE4568A7CEF456A8CE2F55A9CECD
:10B6C000DF60AACE3A4EABCE4D6FACCEF47EADCE9F
:10B6D000C782AECE0E84AFCED459B0CE1F4FB1CEFE
:10B6E0002A4FB2CE3E5CB3CEAC7EB4CE2A67B5CE86
:10B6F0001A85B6CE7354B7CE4F75B8CEC380B9CEC7
:10B700008255BACE4F9BBBCE4D4FBCCE2D6EBDCE1B
:10B71000138CBECE095CBFCE7061C0CE6B53C1CE60
:10B720001F76C2CE296EC3CE8A86C4CE8765C5CEAB
:10B73000FB95C6CEB97EC7CE3B54C8CE337AC9CEB0
:10B740000A7DCACEEE95CBCEE155CCCEC17FCDCE13
:10B75000EE74CECE1D63CFCE1787D0CEA16DD1CEE5
:10B760009D7AD2CE1162D3CEA165D4CE6753D5CE09
:10B77000E163D6CE836CD7CEEB5DD8CE5C54D9CE08
:10B78000A894DACE4C4EDBCE616CDCCEEC8BDDCEF9
:10B790004B5CDECEE065DFCE9C82E0CEA768E1CEDA
:10B7A0003E54E2CE3454E3CECB6BE4CE666BE5CEB2
:10B7B000944EE6CE4263E7CE4853E8CE1E82E9CEF1
:10B7C0000D4FEACEAE4FEBCE5E57ECCE0A62EDCE19
:10B7D000FE96EECE6466EFCE6972F0CEFF52F1CEE9
:10B7E000A152F2CE9F60F3CEEF8BF4CE1466F5CE6D
:10B7F0009971F6CE9067F7CE7F89F8CE5278F9CE60
:10B80000FD77FACE7066FBCE3B56FCCE3854FDCEAB
:10B810002195FECE7A7240CFA58741CFA68742CF31
:10B82000A78743CFA98744CFAA8745CFAE8746CF06
:10B83000B08747CFB18748CFB28749CFB4874ACFC7
:10B84000B6874BCFB7874CCFB8874DCFB9874ECF90
:10B85000BB874FCFBC8750CFBE8751CFBF8752CF5A
:10B86000C18753CFC28754CFC38755CFC48756CF24
:10B87000C58757CFC78758CFC88759CFC9875ACFF1
:10B88000CC875BCFCD875CCFCE875DCFCF875ECFB8
:10B89000D0875FCFD48760CFD58761CFD68762CF7F
:10B8A000D78763CFD88764CFD98765CFDA8766CF4C
:10B8B000DC8767CFDD8768CFDE8769CFDF876ACF18
:10B8C000E1876BCFE2876CCFE3876DCFE4876ECFE4
:10B8D000E6876FCFE78770CFE88771CFE98772CFB0
:10B8E000EB8773CFEC8774CFED8775CFEF8776CF7B
:10B8F000F08777CFF18778CFF28779CFF3877ACF48
:10B90000F4877BCFF5877CCFF6877DCFF7877ECF17
:10B91000F88780CFFA8781CFFB8782CFFC8783CFE0
:10B92000FD8784CFFF8785CF008886CF018887CFAA
:10B93000028888CF048889CF05888ACF06888BCF74
:10B9400007888CCF08888DCF09888ECF0B888FCF42
:10B950000C8890CF0D8891CF0E8892CF0F8893CF0F
:10B96000108894CF118895CF128896CF148897CFDE
:10B97000178898CF188899CF19889ACF1A889BCFA3
:10B980001C889CCF1D889DCF1E889ECF1F889FCF6F
:10B990002088A0CF2388A1CF007AA2CF6F60A3CF49
:10B9A0000C5EA4CF8960A5CF9D81A6CF1559A7CFE6
:10B9B000DC60A8CF8471A9CFEF70AACFAA6EABCFFD
:10B9C000506CACCF8072ADCF846AAECFAD88AFCFB4
:10B9D0002D5EB0CF604EB1CFB35AB2CF9C55B3CF2E
:10B9E000E394B4CF176DB5CFFB7CB6CF9996B7CFA4
:10B9F0000F62B8CFC67EB9CF8E77BACF7E86BBCF67
:10BA00002353BCCF1E97BDCF968FBECF8766BFCFC7
:10BA1000E15CC0CFA04FC1CFED72C2CF0B4EC3CF00
:10BA2000A653C4CF0F59C5CF1354C6CF8063C7CF19
:10BA30002895C8CF4851C9CFD94ECACF9C9CCBCFEF
:10BA4000A47ECCCFB854CDCF248DCECF5488CFCFC9
:10BA50003782D0CFF295D1CF8E6DD2CF265FD3CFA4
:10BA6000CC5AD4CF3E66D5CF6996D6CFB073D7CF58
:10BA70002E73D8CFBF53D9CF7A81DACF8599DBCF58
:10BA8000A17FDCCFAA5BDDCF7796DECF5096DFCFEC
:10BA9000BF7EE0CFF876E1CFA253E2CF7695E3CF39
:10BAA0009999E4CFB17BE5CF4489E6CF586EE7CFD3
:10BAB000614EE8CFD47FE9CF6579EACFE68BEBCF53
:10BAC000F360ECCFCD54EDCFAB4EEECF7998EFCF06
:10BAD000F75DF0CF616AF1CFCF50F2CF1154F3CFC1
:10BAE000618CF4CF2784F5CF5D78F6CF0497F7CF3C
:10BAF0004A52F8CFEE54F9CFA356FACF0095FBCFB8
:10BB0000886DFCCFB55BFDCFC66DFECF536640D0D0
:10BB1000248841D0258842D0268843D0278844D025
:10BB2000288845D0298846D02A8847D02B8848D0F5
:10BB30002C8849D02D884AD02E884BD02F884CD0C5
:10BB400030884DD031884ED033884FD0348850D093
:10BB5000358851D0368852D0378853D0388854D061
:10BB60003A8855D03B8856D03D8857D03E8858D02B
:10BB70003F8859D041885AD042885BD043885CD0F6
:10BB800046885DD047885ED048885FD0498860D0BD
:10BB90004A8861D04B8862D04E8863D04F8864D089
:10BBA000508865D0518866D0528867D0538868D055
:10BBB000558869D056886AD058886BD05A886CD01E
:10BBC0005B886DD05C886ED05D886FD05E8870D0E9
:10BBD0005F8871D0608872D0668873D0678874D0AF
:10BBE0006A8875D06D8876D06F8877D0718878D064
:10BBF000738879D074887AD075887BD076887CD029
:10BC000078887DD079887ED07A8880D07B8881D0F2
:10BC10007C8882D0808883D0838884D0868885D0B1
:10BC2000878886D0898887D08A8888D08C8889D070
:10BC30008E888AD08F888BD090888CD091888DD038
:10BC400093888ED094888FD0958890D0978891D003
:10BC5000988892D0998893D09A8894D09B8895D0D0
:10BC60009D8896D09E8897D09F8898D0A08899D09C
:10BC7000A1889AD0A3889BD0A5889CD0A6889DD067
:10BC8000A7889ED0A8889FD0A988A0D0AA88A1D034
:10BC90000F5CA2D05D5BA3D02168A4D09680A5D014
:10BCA0007855A6D0117BA7D04865A8D05469A9D0F3
:10BCB0009B4EAAD0476BABD04E87ACD08B97ADD004
:10BCC0004F53AED01F63AFD03A64B0D0AA90B1D07A
:10BCD0009C65B2D0C180B3D0108CB4D09951B5D08E
:10BCE000B068B6D07853B7D0F987B8D0C861B9D0AA
:10BCF000C46CBAD0FB6CBBD0228CBCD0515CBDD024
:10BD0000AA85BED0AF82BFD00C95C0D0236BC1D066
:10BD10009B8FC2D0B065C3D0FB5FC4D0C35FC5D01A
:10BD2000E14FC6D04588C7D01F66C8D06581C9D04D
:10BD30002973CAD0FA60CBD07451CCD01152CDD077
:10BD40008B57CED0625FCFD0A290D0D04C88D1D0CC
:10BD50009291D2D0785ED3D04F67D4D02760D5D01F
:10BD6000D359D6D04451D7D0F651D8D0F880D9D0B5
:10BD70000853DAD0796CDBD0C496DCD08A71DDD080
:10BD8000114FDED0EE4FDFD09E7FE0D03D67E1D097
:10BD9000C555E2D00895E3D0C079E4D09688E5D0C7
:10BDA000E37EE6D09F58E7D00C62E8D00097E9D058
:10BDB0005A86EAD01856EBD07B98ECD0905FEDD045
:10BDC000B88BEED0C484EFD05791F0D0D953F1D0D6
:10BDD000ED65F2D08F5EF3D05C75F4D06460F5D081
:10BDE0006E7DF6D07F5AF7D0EA7EF8D0ED7EF9D09E
:10BDF000698FFAD0A755FBD0A35BFCD0AC60FDD017
:10BE0000CB65FED0847340D1AC8841D1AE8842D19D
:10BE1000AF8843D1B08844D1B28845D1B38846D1E8
:10BE2000B48847D1B58848D1B68849D1B8884AD1B5
:10BE3000B9884BD1BA884CD1BB884DD1BD884ED181
:10BE4000BE884FD1BF8850D1C08851D1C38852D14C
:10BE5000C48853D1C78854D1C88855D1CA8856D10F
:10BE6000CB8857D1CC8858D1CD8859D1CF885AD1D9
:10BE7000D0885BD1D1885CD1D3885DD1D6885ED1A2
:10BE8000D7885FD1DA8860D1DB8861D1DC8862D164
:10BE9000DD8863D1DE8864D1E08865D1E18866D130
:10BEA000E68867D1E78868D1E98869D1EA886AD1EC
:10BEB000EB886BD1EC886CD1ED886DD1EE886ED1BA
:10BEC000EF886FD1F28870D1F58871D1F68872D180
:10BED000F78873D1FA8874D1FB8875D1FD8876D143
:10BEE000FF8877D1008978D1018979D103897AD106
:10BEF00004897BD105897CD106897DD107897ED1D2
:10BF0000088980D1098981D10B8982D10C8983D19B
:10BF10000D8984D10E8985D10F8986D1118987D168
:10BF2000148988D1158989D116898AD117898BD12D
:10BF300018898CD11C898DD11D898ED11E898FD1F4
:10BF40001F8990D1208991D1228992D1238993D1BF
:10BF5000248994D1268995D1278996D1288997D18A
:10BF6000298998D12C8999D12D899AD12E899BD153
:10BF70002F899CD131899DD132899ED133899FD11E
:10BF80003589A0D13789A1D10990A2D16376A3D1F7
:10BF90002977A4D1DA7EA5D17497A6D19B85A7D1A4
:10BFA000665BA8D1747AA9D1EA96AAD14088ABD1B0
:10BFB000CB52ACD18F71ADD1AA5FAED1EC65AFD110
:10BFC000E28BB0D1FB5BB1D16F9AB2D1E15DB3D15D
:10BFD000896BB4D15B6CB5D1AD8BB6D1AF8BB7D11A
:10BFE0000A90B8D1C58FB9D18B53BAD1BC62BBD13D
:10BFF000269EBCD12D9EBDD14054BED12B4EBFD16B
:10C00000BD82C0D15972C1D19C86C2D1165DC3D147
:10C010005988C4D1AF6DC5D1C596C6D1D154C7D149
:10C020009A4EC8D1B68BC9D10971CAD1BD54CBD1F2
:10C030000996CCD1DF70CDD1F96DCED1D076CFD1EC
:10C04000254ED0D11478D1D11287D2D1A95CD3D1C9
:10C05000F65ED4D1008AD5D19C98D6D10E96D7D190
:10C060008E70D8D1BF6CD9D14459DAD1A963DBD154
:10C070003C77DCD14D88DDD1146FDED17382DFD106
:10C080003058E0D1D571E1D18C53E2D11A78E3D1A7
:10C09000C196E4D10155E5D1665FE6D13071E7D1B3
:10C0A000B45BE8D11A8CE9D18C9AEAD1836BEBD1DD
:10C0B0002E59ECD12F9EEDD1E779EED16867EFD103
:10C0C0006C62F0D16F4FF1D1A175F2D18A7FF3D1BB
:10C0D0000B6DF4D13396F5D1276CF6D1F04EF7D134
:10C0E000D275F8D17B51F9D13768FAD13E6FFBD1C7
:10C0F0008090FCD17081FDD19659FED1767440D2EA
:10C10000388941D2398942D23A8943D23B8944D2D3
:10C110003C8945D23D8946D23E8947D23F8948D2A3
:10C12000408949D242894AD243894BD245894CD26F
:10C1300046894DD247894ED248894FD2498950D23B
:10C140004A8951D24B8952D24C8953D24D8954D20B
:10C150004E8955D24F8956D2508957D2518958D2DB
:10C16000528959D253895AD254895BD255895CD2AB
:10C1700056895DD257895ED258895FD2598960D27B
:10C180005A8961D25B8962D25C8963D25D8964D24B
:10C19000608965D2618966D2628967D2638968D213
:10C1A000648969D265896AD267896BD268896CD2E1
:10C1B00069896DD26A896ED26B896FD26C8970D2AF
:10C1C0006D8971D26E8972D26F8973D2708974D27F
:10C1D000718975D2728976D2738977D2748978D24F
:10C1E000758979D276897AD277897BD278897CD21F
:10C1F00079897DD27A897ED27C8980D27D8981D2EB
:10C200007E8982D2808983D2828984D2848985D2B0
:10C21000858986D2878987D2888988D2898989D277
:10C220008A898AD28B898BD28C898CD28D898DD246
:10C230008E898ED28F898FD2908990D2918991D216
:10C24000928992D2938993D2948994D2958995D2E6
:10C25000968996D2978997D2988998D2998999D2B6
:10C260009A899AD29B899BD29C899CD29D899DD286
:10C270009E899ED29F899FD2A089A0D2A189A1D256
:10C280004764A2D2275CA3D26590A4D2917AA5D2AA
:10C29000238CA6D2DA59A7D2AC54A8D20082A9D254
:10C2A0006F83AAD28189ABD20080ACD23069ADD283
:10C2B0004E56AED23680AFD23772B0D2CE91B1D216
:10C2C000B651B2D25F4EB3D27598B4D29663B5D29E
:10C2D0001A4EB6D2F653B7D2F366B8D24B81B9D262
:10C2E0001C59BAD2B26DBBD2004EBCD2F958BDD2E5
:10C2F0003B53BED2D663BFD2F194C0D29D4FC1D2C0
:10C300000A4FC2D26388C3D29098C4D23759C5D2DB
:10C310005790C6D2FB79C7D2EA4EC8D2F080C9D2B4
:10C320009175CAD2826CCBD29C5BCCD2E859CDD26B
:10C330005D5FCED20569CFD28186D0D21A50D1D2DC
:10C34000F25DD2D2594ED3D2E377D4D2E54ED5D2D4
:10C350007A82D6D29162D7D21366D8D29190D9D2AE
:10C36000795CDAD2BF4EDBD2795FDCD2C681DDD216
:10C370003890DED28480DFD2AB75E0D2A64EE1D217
:10C38000D488E2D20F61E3D2C56BE4D2C65FE5D2B6
:10C39000494EE6D2CA76E7D2A26EE8D2E38BE9D262
:10C3A000AE8BEAD20A8CEBD2D18BECD2025FEDD20B
:10C3B000FC7FEED2CC7FEFD2CE7EF0D23583F1D2AD
:10C3C0006B83F2D2E056F3D2B76BF4D2F397F5D287
:10C3D0003496F6D2FB59F7D21F54F8D2F694F9D21C
:10C3E000EB6DFAD2C55BFBD26E99FCD2395CFDD203
:10C3F000155FFED2909640D3A28941D3A38942D340
:10C40000A48943D3A58944D3A68945D3A78946D314
:10C41000A88947D3A98948D3AA8949D3AB894AD3E4
:10C42000AC894BD3AD894CD3AE894DD3AF894ED3B4
:10C43000B0894FD3B18950D3B28951D3B38952D384
:10C44000B48953D3B58954D3B68955D3B78956D354
:10C45000B88957D3B98958D3BA8959D3BB895AD324
:10C46000BC895BD3BD895CD3BE895DD3BF895ED3F4
:10C47000C0895FD3C38960D3CD8961D3D38962D3A7
:10C48000D48963D3D58964D3D78965D3D88966D352
:10C49000D98967D3DB8968D3DD8969D3DF896AD31A
:10C4A000E0896BD3E1896CD3E2896DD3E4896ED3E3
:10C4B000E7896FD3E88970D3E98971D3EA8972D3A8
:10C4C000EC8973D3ED8974D3EE8975D3F08976D373
:10C4D000F18977D3F28978D3F48979D3F5897AD33E
:10C4E000F6897BD3F7897CD3F8897DD3F9897ED30C
:10C4F000FA8980D3FB8981D3FC8982D3FD8983D3D8
:10C50000FE8984D3FF8985D3018A86D3028A87D3A3
:10C51000038A88D3048A89D3058A8AD3068A8BD36F
:10C52000088A8CD3098A8DD30A8A8ED30B8A8FD33B
:10C530000C8A90D30D8A91D30E8A92D30F8A93D30B
:10C54000108A94D3118A95D3128A96D3138A97D3DB
:10C55000148A98D3158A99D3168A9AD3178A9BD3AB
:10C56000188A9CD3198A9DD31A8A9ED31B8A9FD37B
:10C570001C8AA0D31D8AA1D37053A2D3F182A3D366
:10C58000316AA4D3745AA5D3709EA6D3945EA7D360
:10C59000287FA8D3B983A9D32484AAD32584ABD375
:10C5A0006783ACD34787ADD3CE8FAED3628DAFD385
:10C5B000C876B0D3715FB1D39698B2D36C78B3D349
:10C5C0002066B4D3DF54B5D3E562B6D3634FB7D397
:10C5D000C381B8D3C875B9D3B85EBAD3CD96BBD32F
:10C5E0000A8EBCD3F986BDD38F54BED3F36CBFD3B0
:10C5F0008C6DC0D3386CC1D37F60C2D3C752C3D354
:10C600002875C4D37D5EC5D3184FC6D3A060C7D3E9
:10C61000E75FC8D3245CC9D33175CAD3AE90CBD3FE
:10C62000C094CCD3B972CDD3B96CCED3386ECFD33E
:10C630004991D0D30967D1D3CB53D2D3F353D3D3BA
:10C64000514FD4D3C991D5D3F18BD6D3C853D7D3B7
:10C650007C5ED8D3C28FD9D3E46DDAD38E4EDBD3D0
:10C66000C276DCD38669DDD35E86DED31A61DFD382
:10C670000682E0D3594FE1D3DE4FE2D33E90E3D3BD
:10C680007C9CE4D30961E5D31D6EE6D3146EE7D339
:10C690008596E8D3884EE9D3315AEAD3E896EBD3AE
:10C6A0000E4EECD37F5CEDD3B979EED3875BEFD33D
:10C6B000ED8BF0D3BD7FF1D38973F2D3DF57F3D382
:10C6C0008B82F4D3C190F5D30154F6D34790F7D3BE
:10C6D000BB55F8D3EA5CF9D3A15FFAD30861FBD369
:10C6E000326BFCD3F172FDD3B280FED3898A40D481
:10C6F0001E8A41D41F8A42D4208A43D4218A44D43A
:10C70000228A45D4238A46D4248A47D4258A48D409
:10C71000268A49D4278A4AD4288A4BD4298A4CD4D9
:10C720002A8A4DD42B8A4ED42C8A4FD42D8A50D4A9
:10C730002E8A51D42F8A52D4308A53D4318A54D479
:10C74000328A55D4338A56D4348A57D4358A58D449
:10C75000368A59D4378A5AD4388A5BD4398A5CD419
:10C760003A8A5DD43B8A5ED43C8A5FD43D8A60D4E9
:10C770003F8A61D4408A62D4418A63D4428A64D4B5
:10C78000438A65D4448A66D4458A67D4468A68D485
:10C79000478A69D4498A6AD44A8A6BD44B8A6CD452
:10C7A0004C8A6DD44D8A6ED44E8A6FD44F8A70D421
:10C7B000508A71D4518A72D4528A73D4538A74D4F1
:10C7C000548A75D4558A76D4568A77D4578A78D4C1
:10C7D000588A79D4598A7AD45A8A7BD45B8A7CD491
:10C7E0005C8A7DD45D8A7ED45E8A80D45F8A81D45F
:10C7F000608A82D4618A83D4628A84D4638A85D42D
:10C80000648A86D4658A87D4668A88D4678A89D4FC
:10C81000688A8AD4698A8BD46A8A8CD46B8A8DD4CC
:10C820006C8A8ED46D8A8FD46E8A90D46F8A91D49C
:10C83000708A92D4718A93D4728A94D4738A95D46C
:10C84000748A96D4758A97D4768A98D4778A99D43C
:10C85000788A9AD47A8A9BD47B8A9CD47C8A9DD409
:10C860007D8A9ED47E8A9FD47F8AA0D4808AA1D4D8
:10C87000746DA2D4D35BA3D4D588A4D48498A5D452
:10C880006B8CA6D46D9AA7D4339EA8D40A6EA9D473
:10C89000A451AAD44351ABD4A357ACD48188ADD40E
:10C8A0009F53AED4F463AFD4958FB0D4ED56B1D4CA
:10C8B0005854B2D40657B3D43F73B4D4906EB5D4A1
:10C8C000187FB6D4DC8FB7D4D182B8D43F61B9D445
:10C8D0002860BAD46296BBD4F066BCD4A67EBDD420
:10C8E0008A8DBED4C38DBFD4A594C0D4B35CC1D44B
:10C8F000A47CC2D40867C3D4A660C4D40596C5D4AA
:10C900001880C6D4914EC7D4E790C8D40053C9D478
:10C910006896CAD44151CBD4D08FCCD47485CDD4B1
:10C920005D91CED45566CFD4F597D0D4555BD1D494
:10C930001D53D2D43878D3D44267D4D43D68D5D4EB
:10C94000C954D6D47E70D7D4B05BD8D47D8FD9D417
:10C950008D51DAD42857DBD4B154DCD41265DDD440
:10C960008266DED45E8DDFD4438DE0D40F81E1D4C6
:10C970006C84E2D46D90E3D4DF7CE4D4FF51E5D441
:10C98000FB85E6D4A367E7D4E965E8D4A16FE9D4D1
:10C99000A486EAD4818EEBD46A56ECD42090EDD4F0
:10C9A0008276EED47670EFD4E571F0D4238DF1D495
:10C9B000E962F2D41952F3D4FD6CF4D43C8DF5D471
:10C9C0000E60F6D49E58F7D48E61F8D4FE66F9D482
:10C9D000608DFAD44E62FBD4B355FCD4236EFDD4E3
:10C9E0002D67FED4678F40D5818A41D5828A42D592
:10C9F000838A43D5848A44D5858A45D5868A46D597
:10CA0000878A47D5888A48D58B8A49D58C8A4AD562
:10CA10008D8A4BD58E8A4CD58F8A4DD5908A4ED52E
:10CA2000918A4FD5928A50D5948A51D5958A52D5FC
:10CA3000968A53D5978A54D5988A55D5998A56D5CA
:10CA40009A8A57D59B8A58D59C8A59D59D8A5AD59A
:10CA50009E8A5BD59F8A5CD5A08A5DD5A18A5ED56A
:10CA6000A28A5FD5A38A60D5A48A61D5A58A62D53A
:10CA7000A68A63D5A78A64D5A88A65D5A98A66D50A
:10CA8000AA8A67D5AB8A68D5AC8A69D5AD8A6AD5DA
:10CA9000AE8A6BD5AF8A6CD5B08A6DD5B18A6ED5AA
:10CAA000B28A6FD5B38A70D5B48A71D5B58A72D57A
:10CAB000B68A73D5B78A74D5B88A75D5B98A76D54A
:10CAC000BA8A77D5BB8A78D5BC8A79D5BD8A7AD51A
:10CAD000BE8A7BD5BF8A7CD5C08A7DD5C18A7ED5EA
:10CAE000C28A80D5C38A81D5C48A82D5C58A83D5B6
:10CAF000C68A84D5C78A85D5C88A86D5C98A87D586
:10CB0000CA8A88D5CB8A89D5CC8A8AD5CD8A8BD555
:10CB1000CE8A8CD5CF8A8DD5D08A8ED5D18A8FD525
:10CB2000D28A90D5D38A91D5D48A92D5D58A93D5F5
:10CB3000D68A94D5D78A95D5D88A96D5D98A97D5C5
:10CB4000DA8A98D5DB8A99D5DC8A9AD5DD8A9BD595
:10CB5000DE8A9CD5DF8A9DD5E08A9ED5E18A9FD565
:10CB6000E28AA0D5E38AA1D5E194A2D5F895A3D510
:10CB70002877A4D50568A5D5A869A6D58B54A7D5CF
:10CB80004D4EA8D5B870A9D5C88BAAD55864ABD5D9
:10CB90008B65ACD5855BADD5847AAED53A50AFD533
:10CBA000E85BB0D5BB77B1D5E16BB2D5798AB3D5A7
:10CBB000987CB4D5BE6CB5D5CF76B6D5A965B7D5BA
:10CBC000978FB8D52D5DB9D5555CBAD53886BBD50C
:10CBD0000868BCD56053BDD51862BED5D97ABFD51B
:10CBE0005B6EC0D5FD7EC1D51F6AC2D5E07AC3D5C4
:10CBF000705FC4D5336FC5D5205FC6D58C63C7D5EC
:10CC0000A86DC8D55667C9D5084ECAD5105ECBD514
:10CC1000268DCCD5D74ECDD5C080CED53476CFD5C8
:10CC20009C96D0D5DB62D1D52D66D2D57E62D3D588
:10CC3000BC6CD4D5758DD5D56771D6D5697FD7D560
:10CC40004651D8D58780D9D5EC53DAD56E90DBD54F
:10CC50009862DCD5F254DDD5F086DED5998FDFD52C
:10CC60000580E0D51795E1D51785E2D5D98FE3D5B5
:10CC7000596DE4D5CD73E5D59F65E6D51F77E7D52A
:10CC80000475E8D52778E9D5FB81EAD51E8DEBD56B
:10CC90008894ECD5A64FEDD59567EED5B975EFD54F
:10CCA000CA8BF0D50797F1D52F63F2D54795F3D509
:10CCB0003596F4D5B884F5D52363F6D54177F7D505
:10CCC000815FF8D5F072F9D5894EFAD51460FBD59D
:10CCD0007465FCD5EF62FDD5636BFED53F6540D62C
:10CCE000E48A41D6E58A42D6E68A43D6E78A44D624
:10CCF000E88A45D6E98A46D6EA8A47D6EB8A48D6F4
:10CD0000EC8A49D6ED8A4AD6EE8A4BD6EF8A4CD6C3
:10CD1000F08A4DD6F18A4ED6F28A4FD6F38A50D693
:10CD2000F48A51D6F58A52D6F68A53D6F78A54D663
:10CD3000F88A55D6F98A56D6FA8A57D6FB8A58D633
:10CD4000FC8A59D6FD8A5AD6FE8A5BD6FF8A5CD603
:10CD5000008B5DD6018B5ED6028B5FD6038B60D6CF
:10CD6000048B61D6058B62D6068B63D6088B64D69E
:10CD7000098B65D60A8B66D60B8B67D60C8B68D66B
:10CD80000D8B69D60E8B6AD60F8B6BD6108B6CD63B
:10CD9000118B6DD6128B6ED6138B6FD6148B70D60B
:10CDA000158B71D6168B72D6178B73D6188B74D6DB
:10CDB000198B75D61A8B76D61B8B77D61C8B78D6AB
:10CDC0001D8B79D61E8B7AD61F8B7BD6208B7CD67B
:10CDD000218B7DD6228B7ED6238B80D6248B81D649
:10CDE000258B82D6278B83D6288B84D6298B85D614
:10CDF0002A8B86D62B8B87D62C8B88D62D8B89D6E3
:10CE00002E8B8AD62F8B8BD6308B8CD6318B8DD6B2
:10CE1000328B8ED6338B8FD6348B90D6358B91D682
:10CE2000368B92D6378B93D6388B94D6398B95D652
:10CE30003A8B96D63B8B97D63C8B98D63D8B99D622
:10CE40003E8B9AD63F8B9BD6408B9CD6418B9DD6F2
:10CE5000428B9ED6438B9FD6448BA0D6458BA1D6C2
:10CE6000275EA2D6C775A3D6D190A4D6C18BA5D66E
:10CE70009D82A6D69D67A7D62F65A8D63154A9D680
:10CE80001887AAD6E577ABD6A280ACD60281ADD6FC
:10CE9000416CAED64B4EAFD6C77EB0D64C80B1D625
:10CEA000F476B2D60D69B3D6966BB4D66762B5D6B2
:10CEB0003C50B6D6844FB7D64057B8D60763B9D6DC
:10CEC000626BBAD6BE8DBBD6EA53BCD6E865BDD67A
:10CED000B87EBED6D75FBFD61A63C0D6B763C1D6F9
:10CEE000F381C2D6F481C3D66E7FC4D61C5EC5D68C
:10CEF000D95CC6D63652C7D67A66C8D6E979C9D6BD
:10CF00001A7ACAD6288DCBD69970CCD6D475CDD600
:10CF1000DE6ECED6BB6CCFD6927AD0D62D4ED1D681
:10CF2000C576D2D6E05FD3D69F94D4D67788D5D6AF
:10CF3000C87ED6D6CD79D7D6BF80D8D6CD91D9D612
:10CF4000F24EDAD6174FDBD61F82DCD66854DDD618
:10CF5000DE5DDED6326DDFD6CC8BE0D6A57CE1D6A9
:10CF6000748FE2D69880E3D61A5EE4D69254E5D662
:10CF7000B176E6D6995BE7D63C66E8D6A49AE9D6C0
:10CF8000E073EAD62A68EBD6DB86ECD63167EDD6BD
:10CF90002A73EED6F88BEFD6DB8BF0D61090F1D655
:10CFA000F97AF2D6DB70F3D66E71F4D6C462F5D698
:10CFB000A977F6D63156F7D63B4EF8D65784F9D630
:10CFC000F167FAD6A952FBD6C086FCD62E8DFDD6C7
:10CFD000F894FED6517B40D7468B41D7478B42D73A
:10CFE000488B43D7498B44D74A8B45D74B8B46D781
:10CFF0004C8B47D74D8B48D74E8B49D74F8B4AD751
:10D00000508B4BD7518B4CD7528B4DD7538B4ED720
:10D01000548B4FD7558B50D7568B51D7578B52D7F0
:10D02000588B53D7598B54D75A8B55D75B8B56D7C0
:10D030005C8B57D75D8B58D75E8B59D75F8B5AD790
:10D04000608B5BD7618B5CD7628B5DD7638B5ED760
:10D05000648B5FD7658B60D7678B61D7688B62D72E
:10D06000698B63D76A8B64D76B8B65D76D8B66D7FB
:10D070006E8B67D76F8B68D7708B69D7718B6AD7C8
:10D08000728B6BD7738B6CD7748B6DD7758B6ED798
:10D09000768B6FD7778B70D7788B71D7798B72D768
:10D0A0007A8B73D77B8B74D77C8B75D77D8B76D738
:10D0B0007E8B77D77F8B78D7808B79D7818B7AD708
:10D0C000828B7BD7838B7CD7848B7DD7858B7ED7D8
:10D0D000868B80D7878B81D7888B82D7898B83D7A4
:10D0E0008A8B84D78B8B85D78C8B86D78D8B87D774
:10D0F0008E8B88D78F8B89D7908B8AD7918B8BD744
:10D10000928B8CD7938B8DD7948B8ED7958B8FD713
:10D11000968B90D7978B91D7988B92D7998B93D7E3
:10D120009A8B94D79B8B95D79C8B96D79D8B97D7B3
:10D130009E8B98D79F8B99D7AC8B9AD7B18B9BD767
:10D14000BB8B9CD7C78B9DD7D08B9ED7EA8B9FD7A5
:10D15000098CA0D71E8CA1D74F4FA2D7E86CA3D7BC
:10D160005D79A4D77B9AA5D79362A6D72A72A7D751
:10D17000FD62A8D7134EA9D71678AAD76C8FABD764
:10D18000B064ACD75A8DADD7C67BAED76968AFD780
:10D19000845EB0D7C588B1D78659B2D79E64B3D75D
:10D1A000EE58B4D7B672B5D70E69B6D72595B7D7AE
:10D1B000FD8FB8D7588DB9D76057BAD7007FBBD786
:10D1C000068CBCD7C651BDD74963BED7D962BFD77D
:10D1D0005353C0D74C68C1D72274C2D70183C3D779
:10D1E0004C91C4D74455C5D74077C6D77C70C7D7B4
:10D1F0004A6DC8D77951C9D7A854CAD7448DCBD75F
:10D20000FF59CCD7CB6ECDD7C46DCED75C5BCFD713
:10D210002B7DD0D7D44ED1D77D7CD2D7D36ED3D768
:10D22000505BD4D7EA81D5D70D6ED6D7575BD7D709
:10D23000039BD8D7D568D9D72A8EDAD7975BDBD7A7
:10D24000FC7EDCD73B60DDD7B57EDED7B990DFD77B
:10D25000708DE0D74F59E1D7CD63E2D7DF79E3D7BF
:10D26000B38DE4D75253E5D7CF65E6D75679E7D7E4
:10D27000C58BE8D73B96E9D7C47EEAD7BB94EBD7FA
:10D28000827EECD73456EDD78991EED70067EFD781
:10D290006A7FF0D70A5CF1D77590F2D72866F3D78A
:10D2A000E65DF4D7504FF5D7DE67F6D75A50F7D77B
:10D2B0005C4FF8D75057F9D7A75E40D8388C41D883
:10D2C000398C42D83A8C43D83B8C44D83C8C45D8D6
:10D2D0003D8C46D83E8C47D83F8C48D8408C49D8A6
:10D2E000428C4AD8438C4BD8448C4CD8458C4DD872
:10D2F000488C4ED84A8C4FD84B8C50D84D8C51D836
:10D300004E8C52D84F8C53D8508C54D8518C55D801
:10D31000528C56D8538C57D8548C58D8568C59D8D0
:10D32000578C5AD8588C5BD8598C5CD85B8C5DD89C
:10D330005C8C5ED85D8C5FD85E8C60D85F8C61D869
:10D34000608C62D8638C63D8648C64D8658C65D833
:10D35000668C66D8678C67D8688C68D8698C69D801
:10D360006C8C6AD86D8C6BD86E8C6CD86F8C6DD8C9
:10D37000708C6ED8718C6FD8728C70D8748C71D898
:10D38000758C72D8768C73D8778C74D87B8C75D862
:10D390007C8C76D87D8C77D87E8C78D87F8C79D829
:10D3A000808C7AD8818C7BD8838C7CD8848C7DD8F7
:10D3B000868C7ED8878C80D8888C81D88B8C82D8BC
:10D3C0008D8C83D88E8C84D88F8C85D8908C86D881
:10D3D000918C87D8928C88D8938C89D8958C8AD850
:10D3E000968C8BD8978C8CD8998C8DD89A8C8ED81B
:10D3F0009B8C8FD89C8C90D89D8C91D89E8C92D8E9
:10D400009F8C93D8A08C94D8A18C95D8A28C96D8B8
:10D41000A38C97D8A48C98D8A58C99D8A68C9AD888
:10D42000A78C9BD8A88C9CD8A98C9DD8AA8C9ED858
:10D43000AB8C9FD8AC8CA0D8AD8CA1D88D4EA2D887
:10D440000C4EA3D84051A4D8104EA5D8FF5EA6D844
:10D450004553A7D8154EA8D8984EA9D81E4EAAD87D
:10D46000329BABD86C5BACD86956ADD8284EAED8E1
:10D47000BA79AFD83F4EB0D81553B1D8474EB2D8CD
:10D480002D59B3D83B72B4D86E53B5D8106CB6D8FA
:10D49000DF56B7D8E480B8D89799B9D8D36BBAD843
:10D4A0007E77BBD8179FBCD8364EBDD89F4EBED80E
:10D4B000109FBFD85C4EC0D8694EC1D8934EC2D819
:10D4C0008882C3D85B5BC4D86C55C5D80F56C6D804
:10D4D000C44EC7D88D53C8D89D53C9D8A353CAD8F2
:10D4E000A553CBD8AE53CCD86597CDD85D8DCED8CB
:10D4F0001A53CFD8F553D0D82653D1D82E53D2D8DB
:10D500003E53D3D85C8DD4D86653D5D86353D6D880
:10D510000252D7D80852D8D80E52D9D82D52DAD8BC
:10D520003352DBD83F52DCD84052DDD84C52DED8E3
:10D530005E52DFD86152E0D85C52E1D8AF84E2D8C5
:10D540007D52E3D88252E4D88152E5D89052E6D891
:10D550009352E7D88251E8D8547FE9D8BB4EEAD835
:10D56000C34EEBD8C94EECD8C24EEDD8E84EEED83B
:10D57000E14EEFD8EB4EF0D8DE4EF1D81B4FF2D88B
:10D58000F34EF3D8224FF4D8644FF5D8F54EF6D8C1
:10D59000254FF7D8274FF8D8094FF9D82B4FFAD88D
:10D5A0005E4FFBD8674FFCD83865FDD85A4FFED880
:10D5B0005D4F40D9AE8C41D9AF8C42D9B08C43D9A4
:10D5C000B18C44D9B28C45D9B38C46D9B48C47D9E7
:10D5D000B58C48D9B68C49D9B78C4AD9B88C4BD9B7
:10D5E000B98C4CD9BA8C4DD9BB8C4ED9BC8C4FD987
:10D5F000BD8C50D9BE8C51D9BF8C52D9C08C53D957
:10D60000C18C54D9C28C55D9C38C56D9C48C57D926
:10D61000C58C58D9C68C59D9C78C5AD9C88C5BD9F6
:10D62000C98C5CD9CA8C5DD9CB8C5ED9CC8C5FD9C6
:10D63000CD8C60D9CE8C61D9CF8C62D9D08C63D996
:10D64000D18C64D9D28C65D9D38C66D9D48C67D966
:10D65000D58C68D9D68C69D9D78C6AD9D88C6BD936
:10D66000D98C6CD9DA8C6DD9DB8C6ED9DC8C6FD906
:10D67000DD8C70D9DE8C71D9DF8C72D9E08C73D9D6
:10D68000E18C74D9E28C75D9E38C76D9E48C77D9A6
:10D69000E58C78D9E68C79D9E78C7AD9E88C7BD976
:10D6A000E98C7CD9EA8C7DD9EB8C7ED9EC8C80D945
:10D6B000ED8C81D9EE8C82D9EF8C83D9F08C84D912
:10D6C000F18C85D9F28C86D9F38C87D9F48C88D9E2
:10D6D000F58C89D9F68C8AD9F78C8BD9F88C8CD9B2
:10D6E000F98C8DD9FA8C8ED9FB8C8FD9FC8C90D982
:10D6F000FD8C91D9FE8C92D9FF8C93D9008D94D951
:10D70000018D95D9028D96D9038D97D9048D98D91D
:10D71000058D99D9068D9AD9078D9BD9088D9CD9ED
:10D72000098D9DD90A8D9ED90B8D9FD90C8DA0D9BD
:10D730000D8DA1D95F4FA2D9574FA3D9324FA4D98C
:10D740003D4FA5D9764FA6D9744FA7D9914FA8D9E7
:10D75000894FA9D9834FAAD98F4FABD97E4FACD966
:10D760007B4FADD9AA4FAED97C4FAFD9AC4FB0D912
:10D77000944FB1D9E64FB2D9E84FB3D9EA4FB4D9F3
:10D78000C54FB5D9DA4FB6D9E34FB7D9DC4FB8D9C1
:10D79000D14FB9D9DF4FBAD9F84FBBD92950BCD92D
:10D7A0004C50BDD9F34FBED92C50BFD90F50C0D962
:10D7B0002E50C1D92D50C2D9FE4FC3D91C50C4D947
:10D7C0000C50C5D92550C6D92850C7D97E50C8D9C4
:10D7D0004350C9D95550CAD94850CBD94E50CCD94D
:10D7E0006C50CDD97B50CED9A550CFD9A750D0D928
:10D7F000A950D1D9BA50D2D9D650D3D90651D4D9FB
:10D80000ED50D5D9EC50D6D9E650D7D9EE50D8D96D
:10D810000751D9D90B51DAD9DD4EDBD93D6CDCD9B2
:10D82000584FDDD9654FDED9CE4FDFD9A09FE0D963
:10D83000466CE1D9747CE2D96E51E3D9FD5DE4D93F
:10D84000C99EE5D99899E6D98151E7D91459E8D903
:10D85000F952E9D90D53EAD9078AEBD91053ECD91B
:10D86000EB51EDD91959EED95551EFD9A04EF0D958
:10D870005651F1D9B34EF2D96E88F3D9A488F4D9B0
:10D88000B54EF5D91481F6D9D288F7D98079F8D96F
:10D89000345BF9D90388FAD9B87FFBD9AB51FCD9ED
:10D8A000B151FDD9BD51FED9BC5140DA0E8D41DADE
:10D8B0000F8D42DA108D43DA118D44DA128D45DA7C
:10D8C000138D46DA148D47DA158D48DA168D49DA4C
:10D8D000178D4ADA188D4BDA198D4CDA1A8D4DDA1C
:10D8E0001B8D4EDA1C8D4FDA208D50DA518D51DAB6
:10D8F000528D52DA578D53DA5F8D54DA658D55DAD1
:10D90000688D56DA698D57DA6A8D58DA6C8D59DA76
:10D910006E8D5ADA6F8D5BDA718D5CDA728D5DDA3D
:10D92000788D5EDA798D5FDA7A8D60DA7B8D61DAF7
:10D930007C8D62DA7D8D63DA7E8D64DA7F8D65DAC7
:10D94000808D66DA828D67DA838D68DA868D69DA92
:10D95000878D6ADA888D6BDA898D6CDA8C8D6DDA59
:10D960008D8D6EDA8E8D6FDA8F8D70DA908D71DA23
:10D97000928D72DA938D73DA958D74DA968D75DAED
:10D98000978D76DA988D77DA998D78DA9A8D79DABB
:10D990009B8D7ADA9C8D7BDA9D8D7CDA9E8D7DDA8B
:10D9A000A08D7EDAA18D80DAA28D81DAA48D82DA53
:10D9B000A58D83DAA68D84DAA78D85DAA88D86DA1F
:10D9C000A98D87DAAA8D88DAAB8D89DAAC8D8ADAEF
:10D9D000AD8D8BDAAE8D8CDAAF8D8DDAB08D8EDABF
:10D9E000B28D8FDAB68D90DAB78D91DAB98D92DA81
:10D9F000BB8D93DABD8D94DAC08D95DAC18D96DA40
:10DA0000C28D97DAC58D98DAC78D99DAC88D9ADA02
:10DA1000C98D9BDACA8D9CDACD8D9DDAD08D9EDAC8
:10DA2000D28D9FDAD38DA0DAD48DA1DAC751A2DAD4
:10DA30009651A3DAA251A4DAA551A5DAA08BA6DAF1
:10DA4000A68BA7DAA78BA8DAAA8BA9DAB48BAADAF5
:10DA5000B58BABDAB78BACDAC28BADDAC38BAEDA8F
:10DA6000CB8BAFDACF8BB0DACE8BB1DAD28BB2DA26
:10DA7000D38BB3DAD48BB4DAD68BB5DAD88BB6DAEB
:10DA8000D98BB7DADC8BB8DADF8BB9DAE08BBADAAC
:10DA9000E48BBBDAE88BBCDAE98BBDDAEE8BBEDA5D
:10DAA000F08BBFDAF38BC0DAF68BC1DAF98BC2DA0E
:10DAB000FC8BC3DAFF8BC4DA008CC5DA028CC6DAC1
:10DAC000048CC7DA078CC8DA0C8CC9DA0F8CCADA76
:10DAD000118CCBDA128CCCDA148CCDDA158CCEDA30
:10DAE000168CCFDA198CD0DA1B8CD1DA188CD2DAFA
:10DAF0001D8CD3DA1F8CD4DA208CD5DA218CD6DABF
:10DB0000258CD7DA278CD8DA2A8CD9DA2B8CDADA7A
:10DB10002E8CDBDA2F8CDCDA328CDDDA338CDEDA39
:10DB2000358CDFDA368CE0DA6953E1DA7A53E2DAFF
:10DB30001D96E3DA2296E4DA2196E5DA3196E6DA02
:10DB40002A96E7DA3D96E8DA3C96E9DA4296EADA8E
:10DB50004996EBDA5496ECDA5F96EDDA6796EEDAF0
:10DB60006C96EFDA7296F0DA7496F1DA8896F2DA59
:10DB70008D96F3DA9796F4DAB096F5DA9790F6DAAE
:10DB80009B90F7DA9D90F8DA9990F9DAAC90FADA8E
:10DB9000A190FBDAB490FCDAB390FDDAB690FEDA2D
:10DBA000BA9040DBD58D41DBD88D42DBD98D43DB8C
:10DBB000DC8D44DBE08D45DBE18D46DBE28D47DB30
:10DBC000E58D48DBE68D49DBE78D4ADBE98D4BDBF4
:10DBD000ED8D4CDBEE8D4DDBF08D4EDBF18D4FDBB3
:10DBE000F28D50DBF48D51DBF68D52DBFC8D53DB77
:10DBF000FE8D54DBFF8D55DB008E56DB018E57DB2F
:10DC0000028E58DB038E59DB048E5ADB068E5BDBFB
:10DC1000078E5CDB088E5DDB0B8E5EDB0D8E5FDBC3
:10DC20000E8E60DB108E61DB118E62DB128E63DB89
:10DC3000138E64DB158E65DB168E66DB178E67DB55
:10DC4000188E68DB198E69DB1A8E6ADB1B8E6BDB24
:10DC50001C8E6CDB208E6DDB218E6EDB248E6FDBE9
:10DC6000258E70DB268E71DB278E72DB288E73DBB0
:10DC70002B8E74DB2D8E75DB308E76DB328E77DB70
:10DC8000338E78DB348E79DB368E7ADB378E7BDB36
:10DC9000388E7CDB3B8E7DDB3C8E7EDB3E8E80DBFC
:10DCA0003F8E81DB438E82DB458E83DB468E84DBB9
:10DCB0004C8E85DB4D8E86DB4E8E87DB4F8E88DB70
:10DCC000508E89DB538E8ADB548E8BDB558E8CDB3A
:10DCD000568E8DDB578E8EDB588E8FDB5A8E90DB07
:10DCE0005B8E91DB5C8E92DB5D8E93DB5E8E94DBD4
:10DCF0005F8E95DB608E96DB618E97DB628E98DBA4
:10DD0000638E99DB648E9ADB658E9BDB678E9CDB72
:10DD1000688E9DDB6A8E9EDB6B8E9FDB6E8EA0DB3A
:10DD2000718EA1DBB890A2DBB090A3DBCF90A4DB17
:10DD3000C590A5DBBE90A6DBD090A7DBC490A8DB86
:10DD4000C790A9DBD390AADBE690ABDBE290ACDB1B
:10DD5000DC90ADDBD790AEDBDB90AFDBEB90B0DBE4
:10DD6000EF90B1DBFE90B2DB0491B3DB2291B4DB28
:10DD70001E91B5DB2391B6DB3191B7DB2F91B8DB78
:10DD80003991B9DB4391BADB4691BBDB0D52BCDB69
:10DD90004259BDDBA252BEDBAC52BFDBAD52C0DB91
:10DDA000BE52C1DBFF54C2DBD052C3DBD652C4DB50
:10DDB000F052C5DBDF53C6DBEE71C7DBCD77C8DBC6
:10DDC000F45EC9DBF551CADBFC51CBDB2F9BCCDB0E
:10DDD000B653CDDB015FCEDB5A75CFDBEF5DD0DB19
:10DDE0004C57D1DBA957D2DBA157D3DB7E58D4DB0C
:10DDF000BC58D5DBC558D6DBD158D7DB2957D8DB83
:10DE00002C57D9DB2A57DADB3357DBDB3957DCDB1E
:10DE10002E57DDDB2F57DEDB5C57DFDB3B57E0DBCC
:10DE20004257E1DB6957E2DB8557E3DB6B57E4DB05
:10DE30008657E5DB7C57E6DB7B57E7DB6857E8DB9B
:10DE40006D57E9DB7657EADB7357EBDBAD57ECDB5D
:10DE5000A457EDDB8C57EEDBB257EFDBCF57F0DB8F
:10DE6000A757F1DBB457F2DB9357F3DBA057F4DB92
:10DE7000D557F5DBD857F6DBDA57F7DBD957F8DBA0
:10DE8000D257F9DBB857FADBF457FBDBEF57FCDB73
:10DE9000F857FDDBE457FEDBDD5740DC738E41DCD9
:10DEA000758E42DC778E43DC788E44DC798E45DCDF
:10DEB0007A8E46DC7B8E47DC7D8E48DC7E8E49DCAC
:10DEC000808E4ADC828E4BDC838E4CDC848E4DDC73
:10DED000868E4EDC888E4FDC898E50DC8A8E51DC3B
:10DEE0008B8E52DC8C8E53DC8D8E54DC8E8E55DC0A
:10DEF000918E56DC928E57DC938E58DC958E59DCD1
:10DF0000968E5ADC978E5BDC988E5CDC998E5DDC9D
:10DF10009A8E5EDC9B8E5FDC9D8E60DC9F8E61DC6A
:10DF2000A08E62DCA18E63DCA28E64DCA38E65DC35
:10DF3000A48E66DCA58E67DCA68E68DCA78E69DC05
:10DF4000A88E6ADCA98E6BDCAA8E6CDCAD8E6DDCD3
:10DF5000AE8E6EDCB08E6FDCB18E70DCB38E71DC99
:10DF6000B48E72DCB58E73DCB68E74DCB78E75DC65
:10DF7000B88E76DCB98E77DCBB8E78DCBC8E79DC33
:10DF8000BD8E7ADCBE8E7BDCBF8E7CDCC08E7DDC01
:10DF9000C18E7EDCC28E80DCC38E81DCC48E82DCCE
:10DFA000C58E83DCC68E84DCC78E85DCC88E86DC9D
:10DFB000C98E87DCCA8E88DCCB8E89DCCC8E8ADC6D
:10DFC000CD8E8BDCCF8E8CDCD08E8DDCD18E8EDC3A
:10DFD000D28E8FDCD38E90DCD48E91DCD58E92DC09
:10DFE000D68E93DCD78E94DCD88E95DCD98E96DCD9
:10DFF000DA8E97DCDB8E98DCDC8E99DCDD8E9ADCA9
:10E00000DE8E9BDCDF8E9CDCE08E9DDCE18E9EDC78
:10E01000E28E9FDCE38EA0DCE48EA1DC0B58A2DC58
:10E020000D58A3DCFD57A4DCED57A5DC0058A6DC99
:10E030001E58A7DC1958A8DC4458A9DC2058AADCD3
:10E040006558ABDC6C58ACDC8158ADDC8958AEDC73
:10E050009A58AFDC8058B0DCA899B1DC199FB2DCCB
:10E06000FF61B3DC7982B4DC7D82B5DC7F82B6DC13
:10E070008F82B7DC8A82B8DCA882B9DC8482BADC01
:10E080008E82BBDC9182BCDC9782BDDC9982BEDCD7
:10E09000AB82BFDCB882C0DCBE82C1DCB082C2DC35
:10E0A000C882C3DCCA82C4DCE382C5DC9882C6DCD9
:10E0B000B782C7DCAE82C8DCCB82C9DCCC82CADCCA
:10E0C000C182CBDCA982CCDCB482CDDCA182CEDCE7
:10E0D000AA82CFDC9F82D0DCC482D1DCCE82D2DCAB
:10E0E000A482D3DCE182D4DC0983D5DCF782D6DCE0
:10E0F000E482D7DC0F83D8DC0783D9DCDC82DADC6E
:10E10000F482DBDCD282DCDCD882DDDC0C83DEDC7A
:10E11000FB82DFDCD382E0DC1183E1DC1A83E2DC0A
:10E120000683E3DC1483E4DC1583E5DCE082E6DCD3
:10E13000D582E7DC1C83E8DC5183E9DC5B83EADC25
:10E140005C83EBDC0883ECDC9283EDDC3C83EEDC6F
:10E150003483EFDC3183F0DC9B83F1DC5E83F2DC23
:10E160002F83F3DC4F83F4DC4783F5DC4383F6DC59
:10E170005F83F7DC4083F8DC1783F9DC6083FADC2B
:10E180002D83FBDC3A83FCDC3383FDDC6683FEDC21
:10E19000658340DDE58E41DDE68E42DDE78E43DDC1
:10E1A000E88E44DDE98E45DDEA8E46DDEB8E47DD07
:10E1B000EC8E48DDED8E49DDEE8E4ADDEF8E4BDDD7
:10E1C000F08E4CDDF18E4DDDF28E4EDDF38E4FDDA7
:10E1D000F48E50DDF58E51DDF68E52DDF78E53DD77
:10E1E000F88E54DDF98E55DDFA8E56DDFB8E57DD47
:10E1F000FC8E58DDFD8E59DDFE8E5ADDFF8E5BDD17
:10E20000008F5CDD018F5DDD028F5EDD038F5FDDE2
:10E21000048F60DD058F61DD068F62DD078F63DDB2
:10E22000088F64DD098F65DD0A8F66DD0B8F67DD82
:10E230000C8F68DD0D8F69DD0E8F6ADD0F8F6BDD52
:10E24000108F6CDD118F6DDD128F6EDD138F6FDD22
:10E25000148F70DD158F71DD168F72DD178F73DDF2
:10E26000188F74DD198F75DD1A8F76DD1B8F77DDC2
:10E270001C8F78DD1D8F79DD1E8F7ADD1F8F7BDD92
:10E28000208F7CDD218F7DDD228F7EDD238F80DD61
:10E29000248F81DD258F82DD268F83DD278F84DD2E
:10E2A000288F85DD298F86DD2A8F87DD2B8F88DDFE
:10E2B0002C8F89DD2D8F8ADD2E8F8BDD2F8F8CDDCE
:10E2C000308F8DDD318F8EDD328F8FDD338F90DD9E
:10E2D000348F91DD358F92DD368F93DD378F94DD6E
:10E2E000388F95DD398F96DD3A8F97DD3B8F98DD3E
:10E2F0003C8F99DD3D8F9ADD3E8F9BDD3F8F9CDD0E
:10E30000408F9DDD418F9EDD428F9FDD438FA0DDDD
:10E31000448FA1DD6883A2DD1B83A3DD6983A4DDB7
:10E320006C83A5DD6A83A6DD6D83A7DD6E83A8DD22
:10E33000B083A9DD7883AADDB383ABDDB483ACDD24
:10E34000A083ADDDAA83AEDD9383AFDD9C83B0DD1A
:10E350008583B1DD7C83B2DDB683B3DDA983B4DD13
:10E360007D83B5DDB883B6DD7B83B7DD9883B8DD0B
:10E370009E83B9DDA883BADDBA83BBDDBC83BCDD77
:10E38000C183BDDD0184BEDDE583BFDDD883C0DD93
:10E390000758C1DD1884C2DD0B84C3DDDD83C4DD15
:10E3A000FD83C5DDD683C6DD1C84C7DD3884C8DDAA
:10E3B0001184C9DD0684CADDD483CBDDDF83CCDDE7
:10E3C0000F84CDDD0384CEDDF883CFDDF983D0DD8E
:10E3D000EA83D1DDC583D2DDC083D3DD2684D4DDDD
:10E3E000F083D5DDE183D6DD5C84D7DD5184D8DDD3
:10E3F0005A84D9DD5984DADD7384DBDD8784DCDD82
:10E400008884DDDD7A84DEDD8984DFDD7884E0DD0B
:10E410003C84E1DD4684E2DD6984E3DD7684E4DD8D
:10E420008C84E5DD8E84E6DD3184E7DD6D84E8DD16
:10E43000C184E9DDCD84EADDD084EBDDE684ECDD6A
:10E44000BD84EDDDD384EEDDCA84EFDDBF84F0DD75
:10E45000BA84F1DDE084F2DDA184F3DDB984F4DD7A
:10E46000B484F5DD9784F6DDE584F7DDE384F8DD3B
:10E470000C85F9DD0D75FADD3885FBDDF084FCDDFA
:10E480003985FDDD1F85FEDD3A8540DE458F41DEA5
:10E49000468F42DE478F43DE488F44DE498F45DE9C
:10E4A0004A8F46DE4B8F47DE4C8F48DE4D8F49DE6C
:10E4B0004E8F4ADE4F8F4BDE508F4CDE518F4DDE3C
:10E4C000528F4EDE538F4FDE548F50DE558F51DE0C
:10E4D000568F52DE578F53DE588F54DE598F55DEDC
:10E4E0005A8F56DE5B8F57DE5C8F58DE5D8F59DEAC
:10E4F0005E8F5ADE5F8F5BDE608F5CDE618F5DDE7C
:10E50000628F5EDE638F5FDE648F60DE658F61DE4B
:10E510006A8F62DE808F63DE8C8F64DE928F65DEB1
:10E520009D8F66DEA08F67DEA18F68DEA28F69DE19
:10E53000A48F6ADEA58F6BDEA68F6CDEA78F6DDEE3
:10E54000AA8F6EDEAC8F6FDEAD8F70DEAE8F71DEA8
:10E55000AF8F72DEB28F73DEB38F74DEB48F75DE71
:10E56000B58F76DEB78F77DEB88F78DEBA8F79DE3B
:10E57000BB8F7ADEBC8F7BDEBF8F7CDEC08F7DDE03
:10E58000C38F7EDEC68F80DEC98F81DECA8F82DEBA
:10E59000CB8F83DECC8F84DECD8F85DECF8F86DE82
:10E5A000D28F87DED68F88DED78F89DEDA8F8ADE3C
:10E5B000E08F8BDEE18F8CDEE38F8DDEE78F8EDEEA
:10E5C000EC8F8FDEEF8F90DEF18F91DEF28F92DE97
:10E5D000F48F93DEF58F94DEF68F95DEFA8F96DE5C
:10E5E000FB8F97DEFC8F98DEFE8F99DEFF8F9ADE21
:10E5F00007909BDE08909CDE0C909DDE0E909EDEC8
:10E6000013909FDE1590A0DE1890A1DE5685A2DE45
:10E610003B85A3DEFF84A4DEFC84A5DE5985A6DE4F
:10E620004885A7DE6885A8DE6485A9DE5E85AADE4A
:10E630007A85ABDEA277ACDE4385ADDE7285AEDED9
:10E640007B85AFDEA485B0DEA885B1DE8785B2DE2E
:10E650008F85B3DE7985B4DEAE85B5DE9C85B6DE0A
:10E660008585B7DEB985B8DEB785B9DEB085BADE97
:10E67000D385BBDEC185BCDEDC85BDDEFF85BEDEAD
:10E680002786BFDE0586C0DE2986C1DE1686C2DE8D
:10E690003C86C3DEFE5EC4DE085FC5DE3C59C6DED6
:10E6A0004159C7DE3780C8DE5559C9DE5A59CADE1E
:10E6B0005859CBDE0F53CCDE225CCDDE255CCEDE9E
:10E6C0002C5CCFDE345CD0DE4C62D1DE6A62D2DEFE
:10E6D0009F62D3DEBB62D4DECA62D5DEDA62D6DEEA
:10E6E000D762D7DEEE62D8DE2263D9DEF662DADEEA
:10E6F0003963DBDE4B63DCDE4363DDDEAD63DEDE30
:10E70000F663DFDE7163E0DE7A63E1DE8E63E2DE14
:10E71000B463E3DE6D63E4DEAC63E5DE8A63E6DE0C
:10E720006963E7DEAE63E8DEBC63E9DEF263EADE7E
:10E73000F863EBDEE063ECDEFF63EDDEC463EEDE88
:10E74000DE63EFDECE63F0DE5264F1DEC663F2DE3E
:10E75000BE63F3DE4564F4DE4164F5DE0B64F6DE91
:10E760001B64F7DE2064F8DE0C64F9DE2664FADE52
:10E770002164FBDE5E64FCDE8464FDDE6D64FEDE2F
:10E78000966440DF199041DF1C9042DF239043DF05
:10E79000249044DF259045DF279046DF289047DF0F
:10E7A000299048DF2A9049DF2B904ADF2C904BDFDD
:10E7B00030904CDF31904DDF32904EDF33904FDFA1
:10E7C000349050DF379051DF399052DF3A9053DF69
:10E7D0003D9054DF3F9055DF409056DF439057DF28
:10E7E000459058DF469059DF48905ADF49905BDFEB
:10E7F0004A905CDF4B905DDF4C905EDF4E905FDFB8
:10E80000549060DF559061DF569062DF599063DF6E
:10E810005A9064DF5C9065DF5D9066DF5E9067DF35
:10E820005F9068DF609069DF61906ADF64906BDF02
:10E8300066906CDF67906DDF69906EDF6A906FDFC6
:10E840006B9070DF6C9071DF6F9072DF709073DF90
:10E85000719074DF729075DF739076DF769077DF5A
:10E86000779078DF789079DF79907ADF7A907BDF24
:10E870007B907CDF7C907DDF7E907EDF819080DFEF
:10E88000849081DF859082DF869083DF879084DFAC
:10E89000899085DF8A9086DF8C9087DF8D9088DF76
:10E8A0008E9089DF8F908ADF90908BDF92908CDF43
:10E8B00094908DDF96908EDF98908FDF9A9090DF06
:10E8C0009C9091DF9E9092DF9F9093DFA09094DFC9
:10E8D000A49095DFA59096DFA79097DFA89098DF8A
:10E8E000A99099DFAB909ADFAD909BDFB2909CDF4F
:10E8F000B7909DDFBC909EDFBD909FDFBF90A0DFF3
:10E90000C090A1DF7A64A2DFB764A3DFB864A4DF9C
:10E910009964A5DFBA64A6DFC064A7DFD064A8DF6E
:10E92000D764A9DFE464AADFE264ABDF0965ACDF8A
:10E930002565ADDF2E65AEDF0B5FAFDFD25FB0DFE9
:10E940001975B1DF115FB2DF5F53B3DFF153B4DF8D
:10E95000FD53B5DFE953B6DFE853B7DFFB53B8DF4C
:10E960001254B9DF1654BADF0654BBDF4B54BCDF78
:10E970005254BDDF5354BEDF5454BFDF5654C0DF82
:10E980004354C1DF2154C2DF5754C3DF5954C4DF9D
:10E990002354C5DF3254C6DF8254C7DF9454C8DF26
:10E9A0007754C9DF7154CADF6454CBDF9A54CCDF8B
:10E9B0009B54CDDF8454CEDF7654CFDF6654D0DF56
:10E9C0009D54D1DFD054D2DFAD54D3DFC254D4DF55
:10E9D000B454D5DFD254D6DFA754D7DFA654D8DF3E
:10E9E000D354D9DFD454DADF7254DBDFA354DCDF35
:10E9F000D554DDDFBB54DEDFBF54DFDFCC54E0DFB6
:10EA0000D954E1DFDA54E2DFDC54E3DFA954E4DF78
:10EA1000AA54E5DFA454E6DFDD54E7DFCF54E8DF96
:10EA2000DE54E9DF1B55EADFE754EBDF2055ECDF6E
:10EA3000FD54EDDF1455EEDFF354EFDF2255F0DF28
:10EA40002355F1DF0F55F2DF1155F3DF2755F4DFC2
:10EA50002A55F5DF6755F6DF8F55F7DFB555F8DF37
:10EA60004955F9DF6D55FADF4155FBDF5555FCDFA0
:10EA70003F55FDDF5055FEDF3C5540E0C29041E080
:10EA8000C39042E0C69043E0C89044E0C99045E09E
:10EA9000CB9046E0CC9047E0CD9048E0D29049E062
:10EAA000D4904AE0D5904BE0D6904CE0D8904DE021
:10EAB000D9904EE0DA904FE0DE9050E0DF9051E0E8
:10EAC000E09052E0E39053E0E49054E0E59055E0AC
:10EAD000E99056E0EA9057E0EC9058E0EE9059E06B
:10EAE000F0905AE0F1905BE0F2905CE0F3905DE032
:10EAF000F5905EE0F6905FE0F79060E0F99061E0FD
:10EB0000FA9062E0FB9063E0FC9064E0FF9065E0C7
:10EB1000009166E0019167E0039168E0059169E08A
:10EB200006916AE007916BE008916CE009916DE055
:10EB30000A916EE00B916FE00C9170E00D9171E025
:10EB40000E9172E00F9173E0109174E0119175E0F5
:10EB5000129176E0139177E0149178E0159179E0C5
:10EB600016917AE017917BE018917CE01A917DE094
:10EB70001B917EE01C9180E01D9181E01F9182E05D
:10EB8000209183E0219184E0249185E0259186E025
:10EB9000269187E0279188E0289189E029918AE0F1
:10EBA0002A918BE02B918CE02C918DE02D918EE0C1
:10EBB0002E918FE0309190E0329191E0339192E08C
:10EBC000349193E0359194E0369195E0379196E059
:10EBD000389197E03A9198E03B9199E03C919AE026
:10EBE0003D919BE03E919CE03F919DE040919EE0F5
:10EBF00041919FE04291A0E04491A1E03755A2E00D
:10EC00005655A3E07555A4E07655A5E07755A6E0E6
:10EC10003355A7E03055A8E05C55A9E08B55AAE034
:10EC2000D255ABE08355ACE0B155ADE0B955AEE09F
:10EC30008855AFE08155B0E09F55B1E07E55B2E018
:10EC4000D655B3E09155B4E07B55B5E0DF55B6E05D
:10EC5000BD55B7E0BE55B8E09455B9E09955BAE056
:10EC6000EA55BBE0F755BCE0C955BDE01F56BEE014
:10EC7000D155BFE0EB55C0E0EC55C1E0D455C2E042
:10EC8000E655C3E0DD55C4E0C455C5E0EF55C6E028
:10EC9000E555C7E0F255C8E0F355C9E0CC55CAE0E8
:10ECA000CD55CBE0E855CCE0F555CDE0E455CEE0D0
:10ECB000948FCFE01E56D0E00856D1E00C56D2E03B
:10ECC0000156D3E02456D4E02356D5E0FE55D6E0D5
:10ECD0000056D7E02756D8E02D56D9E05856DAE04E
:10ECE0003956DBE05756DCE02C56DDE04D56DEE0D1
:10ECF0006256DFE05956E0E05C56E1E04C56E2E057
:10ED00005456E3E08656E4E06456E5E07156E6E0EA
:10ED10006B56E7E07B56E8E07C56E9E08556EAE092
:10ED20009356EBE0AF56ECE0D456EDE0D756EEE06C
:10ED3000DD56EFE0E156F0E0F556F1E0EB56F2E09B
:10ED4000F956F3E0FF56F4E00457F5E00A57F6E011
:10ED50000957F7E01C57F8E00F5EF9E0195EFAE09A
:10ED6000145EFBE0115EFCE0315EFDE03B5EFEE028
:10ED70003C5E40E1459141E1479142E1489143E1E8
:10ED8000519144E1539145E1549146E1559147E158
:10ED9000569148E1589149E159914AE15B914BE123
:10EDA0005C914CE15F914DE160914EE166914FE1E4
:10EDB000679150E1689151E16B9152E16D9153E19E
:10EDC000739154E17A9155E17B9156E17C9157E141
:10EDD000809158E1819159E182915AE183915BE1FF
:10EDE00084915CE186915DE188915EE18A915FE1C9
:10EDF0008E9160E18F9161E1939162E1949163E181
:10EE0000959164E1969165E1979166E1989167E14A
:10EE1000999168E19C9169E19D916AE19E916BE114
:10EE20009F916CE1A0916DE1A1916EE1A4916FE1E0
:10EE3000A59170E1A69171E1A79172E1A89173E1AA
:10EE4000A99174E1AB9175E1AC9176E1B09177E174
:10EE5000B19178E1B29179E1B3917AE1B6917BE138
:10EE6000B7917CE1B8917DE1B9917EE1BB9180E100
:10EE7000BC9181E1BD9182E1BE9183E1BF9184E1CA
:10EE8000C09185E1C19186E1C29187E1C39188E19A
:10EE9000C49189E1C5918AE1C6918BE1C8918CE169
:10EEA000CB918DE1D0918EE1D2918FE1D39190E120
:10EEB000D49191E1D59192E1D69193E1D79194E1EA
:10EEC000D89195E1D99196E1DA9197E1DB9198E1BA
:10EED000DD9199E1DE919AE1DF919BE1E0919CE186
:10EEE000E1919DE1E2919EE1E3919FE1E491A0E156
:10EEF000E591A1E1375EA2E1445EA3E1545EA4E1A5
:10EF00005B5EA5E15E5EA6E1615EA7E18C5CA8E1C7
:10EF10007A5CA9E18D5CAAE1905CABE1965CACE126
:10EF2000885CADE1985CAEE1995CAFE1915CB0E1E9
:10EF30009A5CB1E19C5CB2E1B55CB3E1A25CB4E186
:10EF4000BD5CB5E1AC5CB6E1AB5CB7E1B15CB8E12E
:10EF5000A35CB9E1C15CBAE1B75CBBE1C45CBCE1F4
:10EF6000D25CBDE1E45CBEE1CB5CBFE1E55CC0E14D
:10EF7000025DC1E1035DC2E1275DC3E1265DC4E13D
:10EF80002E5DC5E1245DC6E11E5DC7E1065DC8E1F9
:10EF90001B5DC9E1585DCAE13E5DCBE1345DCCE16A
:10EFA0003D5DCDE16C5DCEE15B5DCFE16F5DD0E1BC
:10EFB0005D5DD1E16B5DD2E14B5DD3E14A5DD4E1B2
:10EFC000695DD5E1745DD6E1825DD7E1995DD8E1F7
:10EFD0009D5DD9E1738CDAE1B75DDBE1C55DDCE114
:10EFE000735FDDE1775FDEE1825FDFE1875FE0E1B4
:10EFF000895FE1E18C5FE2E1955FE3E1995FE4E144
:10F000009C5FE5E1A85FE6E1AD5FE7E1B55FE8E1C0
:10F01000BC5FE9E16288EAE1615FEBE1AD72ECE1DE
:10F02000B072EDE1B472EEE1B772EFE1B872F0E107
:10F03000C372F1E1C172F2E1CE72F3E1CD72F4E19B
:10F04000D272F5E1E872F6E1EF72F7E1E972F8E108
:10F05000F272F9E1F472FAE1F772FBE10173FCE19B
:10F06000F372FDE10373FEE1FA7240E2E69141E2E0
:10F07000E79142E2E89143E2E99144E2EA9145E214
:10F08000EB9146E2EC9147E2ED9148E2EE9149E2E4
:10F09000EF914AE2F0914BE2F1914CE2F2914DE2B4
:10F0A000F3914EE2F4914FE2F59150E2F69151E284
:10F0B000F79152E2F89153E2F99154E2FA9155E254
:10F0C000FB9156E2FC9157E2FD9158E2FE9159E224
:10F0D000FF915AE200925BE201925CE202925DE2F1
:10F0E00003925EE204925FE2059260E2069261E2C0
:10F0F000079262E2089263E2099264E20A9265E290
:10F100000B9266E20C9267E20D9268E20E9269E25F
:10F110000F926AE210926BE211926CE212926DE22F
:10F1200013926EE214926FE2159270E2169271E2FF
:10F13000179272E2189273E2199274E21A9275E2CF
:10F140001B9276E21C9277E21D9278E21E9279E29F
:10F150001F927AE220927BE221927CE222927DE26F
:10F1600023927EE2249280E2259281E2269282E23C
:10F17000279283E2289284E2299285E22A9286E20B
:10F180002B9287E22C9288E22D9289E22E928AE2DB
:10F190002F928BE230928CE231928DE232928EE2AB
:10F1A00033928FE2349290E2359291E2369292E27B
:10F1B000379293E2389294E2399295E23A9296E24B
:10F1C0003B9297E23C9298E23D9299E23E929AE21B
:10F1D0003F929BE240929CE241929DE242929EE2EB
:10F1E00043929FE24492A0E24592A1E2FB72A2E226
:10F1F0001773A3E21373A4E22173A5E20A73A6E2D4
:10F200001E73A7E21D73A8E21573A9E22273AAE296
:10F210003973ABE22573ACE22C73ADE23873AEE226
:10F220003173AFE25073B0E24D73B1E25773B2E2A3
:10F230006073B3E26C73B4E26F73B5E27E73B6E2EF
:10F240001B82B7E22559B8E2E798B9E22459BAE23D
:10F250000259BBE26399BCE26799BDE26899BEE2DC
:10F260006999BFE26A99C0E26B99C1E26C99C2E206
:10F270007499C3E27799C4E27D99C5E28099C6E2A8
:10F280008499C7E28799C8E28A99C9E28D99CAE24E
:10F290009099CBE29199CCE29399CDE29499CEE208
:10F2A0009599CFE2805ED0E2915ED1E28B5ED2E2B0
:10F2B000965ED3E2A55ED4E2A05ED5E2B95ED6E268
:10F2C000B55ED7E2BE5ED8E2B35ED9E2538DDAE234
:10F2D000D25EDBE2D15EDCE2DB5EDDE2E85EDEE256
:10F2E000EA5EDFE2BA81E0E2C45FE1E2C95FE2E246
:10F2F000D65FE3E2CF5FE4E20360E5E2EE5FE6E2E1
:10F300000460E7E2E15FE8E2E45FE9E2FE5FEAE28F
:10F310000560EBE20660ECE2EA5FEDE2ED5FEEE253
:10F32000F85FEFE21960F0E23560F1E22660F2E2A8
:10F330001B60F3E20F60F4E20D60F5E22960F6E293
:10F340002B60F7E20A60F8E23F60F9E22160FAE23E
:10F350007860FBE27960FCE27B60FDE27A60FEE2CD
:10F36000426040E3469241E3479242E3489243E3DE
:10F37000499244E34A9245E34B9246E34C9247E379
:10F380004D9248E34E9249E34F924AE350924BE349
:10F3900051924CE352924DE353924EE354924FE319
:10F3A000559250E3569251E3579252E3589253E3E9
:10F3B000599254E35A9255E35B9256E35C9257E3B9
:10F3C0005D9258E35E9259E35F925AE360925BE389
:10F3D00061925CE362925DE363925EE364925FE359
:10F3E000659260E3669261E3679262E3689263E329
:10F3F000699264E36A9265E36B9266E36C9267E3F9
:10F400006D9268E36E9269E36F926AE370926BE3C8
:10F4100071926CE372926DE373926EE375926FE397
:10F42000769270E3779271E3789272E3799273E364
:10F430007A9274E37B9275E37C9276E37D9277E334
:10F440007E9278E37F9279E380927AE381927BE304
:10F4500082927CE383927DE384927EE3859280E3D3
:10F46000869281E3879282E3889283E3899284E3A0
:10F470008A9285E38B9286E38C9287E38D9288E370
:10F480008F9289E390928AE391928BE392928CE33C
:10F4900093928DE394928EE395928FE3969290E30C
:10F4A000979291E3989292E3999293E39A9294E3DC
:10F4B0009B9295E39C9296E39D9297E39E9298E3AC
:10F4C0009F9299E3A0929AE3A1929BE3A2929CE37C
:10F4D000A3929DE3A4929EE3A5929FE3A692A0E34C
:10F4E000A792A1E36A60A2E37D60A3E39660A4E330
:10F4F0009A60A5E3AD60A6E39D60A7E38360A8E3FF
:10F500009260A9E38C60AAE39B60ABE3EC60ACE3A0
:10F51000BB60ADE3B160AEE3DD60AFE3D860B0E304
:10F52000C660B1E3DA60B2E3B460B3E32061B4E390
:10F530002661B5E31561B6E32361B7E3F460B8E390
:10F540000061B9E30E61BAE32B61BBE34A61BCE33E
:10F550007561BDE3AC61BEE39461BFE3A761C0E345
:10F56000B761C1E3D461C2E3F561C3E3DD5FC4E326
:10F57000B396C5E3E995C6E3EB95C7E3F195C8E318
:10F58000F395C9E3F595CAE3F695CBE3FC95CCE397
:10F59000FE95CDE30396CEE30496CFE30696D0E343
:10F5A0000896D1E30A96D2E30B96D3E30C96D4E304
:10F5B0000D96D5E30F96D6E31296D7E31596D8E3CA
:10F5C0001696D9E31796DAE31996DBE31A96DCE38D
:10F5D0002C4EDDE33F72DEE31562DFE3356CE0E3E2
:10F5E000546CE1E35C6CE2E34A6CE3E3A36CE4E3B8
:10F5F000856CE5E3906CE6E3946CE7E38C6CE8E300
:10F60000686CE9E3696CEAE3746CEBE3766CECE359
:10F61000866CEDE3A96CEEE3D06CEFE3D46CF0E321
:10F62000AD6CF1E3F76CF2E3F86CF3E3F16CF4E347
:10F63000D76CF5E3B26CF6E3E06CF7E3D66CF8E375
:10F64000FA6CF9E3EB6CFAE3EE6CFBE3B16CFCE310
:10F65000D36CFDE3EF6CFEE3FE6C40E4A89241E462
:10F66000A99242E4AA9243E4AB9244E4AC9245E40A
:10F67000AD9246E4AF9247E4B09248E4B19249E4D7
:10F68000B2924AE4B3924BE4B4924CE4B5924DE4A6
:10F69000B6924EE4B7924FE4B89250E4B99251E476
:10F6A000BA9252E4BB9253E4BC9254E4BD9255E446
:10F6B000BE9256E4BF9257E4C09258E4C19259E416
:10F6C000C2925AE4C3925BE4C4925CE4C5925DE4E6
:10F6D000C6925EE4C7925FE4C99260E4CA9261E4B4
:10F6E000CB9262E4CC9263E4CD9264E4CE9265E482
:10F6F000CF9266E4D09267E4D19268E4D29269E452
:10F70000D3926AE4D4926BE4D5926CE4D6926DE421
:10F71000D7926EE4D8926FE4D99270E4DA9271E4F1
:10F72000DB9272E4DC9273E4DD9274E4DE9275E4C1
:10F73000DF9276E4E09277E4E19278E4E29279E491
:10F74000E3927AE4E4927BE4E5927CE4E6927DE461
:10F75000E7927EE4E89280E4E99281E4EA9282E42E
:10F76000EB9283E4EC9284E4ED9285E4EE9286E4FD
:10F77000EF9287E4F09288E4F19289E4F2928AE4CD
:10F78000F3928BE4F4928CE4F5928DE4F6928EE49D
:10F79000F7928FE4F89290E4F99291E4FA9292E46D
:10F7A000FB9293E4FC9294E4FD9295E4FE9296E43D
:10F7B000FF9297E4009398E4019399E402939AE40A
:10F7C00003939BE404939CE405939DE406939EE4D9
:10F7D00007939FE40893A0E40993A1E4396DA2E4A0
:10F7E000276DA3E40C6DA4E4436DA5E4486DA6E485
:10F7F000076DA7E4046DA8E4196DA9E40E6DAAE4F1
:10F800002B6DABE44D6DACE42E6DADE4356DAEE427
:10F810001A6DAFE44F6DB0E4526DB1E4546DB2E4D3
:10F82000336DB3E4916DB4E46F6DB5E49E6DB6E4F1
:10F83000A06DB7E45E6DB8E4936DB9E4946DBAE47D
:10F840005C6DBBE4606DBCE47C6DBDE4636DBEE4E7
:10F850001A6EBFE4C76DC0E4C56DC1E4DE6DC2E4DD
:10F860000E6EC3E4BF6DC4E4E06DC5E4116EC6E482
:10F87000E66DC7E4DD6DC8E4D96DC9E4166ECAE46F
:10F88000AB6DCBE40C6ECCE4AE6DCDE42B6ECEE470
:10F890006E6ECFE44E6ED0E46B6ED1E4B26ED2E405
:10F8A0005F6ED3E4866ED4E4536ED5E4546ED6E432
:10F8B000326ED7E4256ED8E4446ED9E4DF6EDAE424
:10F8C000B16EDBE4986EDCE4E06EDDE42D6FDEE427
:10F8D000E26EDFE4A56EE0E4A76EE1E4BD6EE2E473
:10F8E000BB6EE3E4B76EE4E4D76EE5E4B46EE6E441
:10F8F000CF6EE7E48F6EE8E4C26EE9E49F6EEAE45F
:10F90000626FEBE4466FECE4476FEDE4246FEEE4E6
:10F91000156FEFE4F96EF0E42F6FF1E4366FF2E467
:10F920004B6FF3E4746FF4E42A6FF5E4096FF6E4C7
:10F93000296FF7E4896FF8E48D6FF9E48C6FFAE4CE
:10F94000786FFBE4726FFCE47C6FFDE47A6FFEE499
:10F95000D16F40E50A9341E50B9342E50C9343E5F3
:10F960000D9344E50E9345E50F9346E5109347E567
:10F97000119348E5129349E513934AE514934BE537
:10F9800015934CE516934DE517934EE518934FE507
:10F99000199350E51A9351E51B9352E51C9353E5D7
:10F9A0001D9354E51E9355E51F9356E5209357E5A7
:10F9B000219358E5229359E523935AE524935BE577
:10F9C00025935CE526935DE527935EE528935FE547
:10F9D000299360E52A9361E52B9362E52C9363E517
:10F9E0002D9364E52E9365E52F9366E5309367E5E7
:10F9F000319368E5329369E533936AE534936BE5B7
:10FA000035936CE536936DE537936EE538936FE586
:10FA1000399370E53A9371E53B9372E53C9373E556
:10FA20003D9374E53F9375E5409376E5419377E523
:10FA3000429378E5439379E544937AE545937BE5F2
:10FA400046937CE547937DE548937EE5499380E5C1
:10FA50004A9381E54B9382E54C9383E54D9384E58E
:10FA60004E9385E54F9386E5509387E5519388E55E
:10FA7000529389E553938AE554938BE555938CE52E
:10FA800056938DE557938EE558938FE5599390E5FE
:10FA90005A9391E55B9392E55C9393E55D9394E5CE
:10FAA0005E9395E55F9396E5609397E5619398E59E
:10FAB000629399E563939AE564939BE565939CE56E
:10FAC00066939DE567939EE568939FE56993A0E53E
:10FAD0006B93A1E5C96FA2E5A76FA3E5B96FA4E594
:10FAE000B66FA5E5C26FA6E5E16FA7E5EE6FA8E5E5
:10FAF000DE6FA9E5E06FAAE5EF6FABE51A70ACE544
:10FB00002370ADE51B70AEE53970AFE53570B0E53B
:10FB10004F70B1E55E70B2E5805BB3E5845BB4E540
:10FB2000955BB5E5935BB6E5A55BB7E5B85BB8E576
:10FB30002F75B9E59E9ABAE53464BBE5E45BBCE594
:10FB4000EE5BBDE53089BEE5F05BBFE5478EC0E505
:10FB5000078BC1E5B68FC2E5D38FC3E5D58FC4E56A
:10FB6000E58FC5E5EE8FC6E5E48FC7E5E98FC8E50B
:10FB7000E68FC9E5F38FCAE5E88FCBE50590CCE5C4
:10FB80000490CDE50B90CEE52690CFE51190D0E521
:10FB90000D90D1E51690D2E52190D3E53590D4E5CE
:10FBA0003690D5E52D90D6E52F90D7E54490D8E551
:10FBB0005190D9E55290DAE55090DBE56890DCE5AC
:10FBC0005890DDE56290DEE55B90DFE5B966E0E543
:10FBD0007490E1E57D90E2E58290E3E58890E4E5CC
:10FBE0008390E5E58B90E6E5505FE7E5575FE8E554
:10FBF000565FE9E5585FEAE53B5CEBE5AB54ECE5C5
:10FC0000505CEDE5595CEEE5715BEFE5635CF0E5BA
:10FC1000665CF1E5BC7FF2E52A5FF3E5295FF4E578
:10FC20002D5FF5E57482F6E53C5FF7E53B9BF8E573
:10FC30006E5CF9E58159FAE58359FBE58D59FCE5E0
:10FC4000A959FDE5AA59FEE5A35940E66C9341E6A2
:10FC50006D9342E66E9343E66F9344E6709345E6F8
:10FC6000719346E6729347E6739348E6749349E6C8
:10FC700075934AE676934BE677934CE678934DE698
:10FC800079934EE67A934FE67B9350E67C9351E668
:10FC90007D9352E67E9353E67F9354E6809355E638
:10FCA000819356E6829357E6839358E6849359E608
:10FCB00085935AE686935BE687935CE688935DE6D8
:10FCC00089935EE68A935FE68B9360E68C9361E6A8
:10FCD0008D9362E68E9363E6909364E6919365E676
:10FCE000929366E6939367E6949368E6959369E644
:10FCF00096936AE697936BE698936CE699936DE614
:10FD00009A936EE69B936FE69C9370E69D9371E6E3
:10FD10009E9372E69F9373E6A09374E6A19375E6B3
:10FD2000A29376E6A39377E6A49378E6A59379E683
:10FD3000A6937AE6A7937BE6A8937CE6A9937DE653
:10FD4000AA937EE6AB9380E6AC9381E6AD9382E620
:10FD5000AE9383E6AF9384E6B09385E6B19386E6EF
:10FD6000B29387E6B39388E6B49389E6B5938AE6BF
:10FD7000B6938BE6B7938CE6B8938DE6B9938EE68F
:10FD8000BA938FE6BB9390E6BC9391E6BD9392E65F
:10FD9000BE9393E6BF9394E6C09395E6C19396E62F
:10FDA000C29397E6C39398E6C49399E6C5939AE6FF
:10FDB000C6939BE6C7939CE6C8939DE6C9939EE6CF
:10FDC000CB939FE6CC93A0E6CD93A1E69759A2E60C
:10FDD000CA59A3E6AB59A4E69E59A5E6A459A6E6DE
:10FDE000D259A7E6B259A8E6AF59A9E6D759AAE66B
:10FDF000BE59ABE6055AACE6065AADE6DD59AEE6AD
:10FE0000085AAFE6E359B0E6D859B1E6F959B2E677
:10FE10000C5AB3E6095AB4E6325AB5E6345AB6E695
:10FE2000115AB7E6235AB8E6135AB9E6405ABAE669
:10FE3000675ABBE64A5ABCE6555ABDE63C5ABEE68E
:10FE4000625ABFE6755AC0E6EC80C1E6AA5AC2E61D
:10FE50009B5AC3E6775AC4E67A5AC5E6BE5AC6E646
:10FE6000EB5AC7E6B25AC8E6D25AC9E6D45ACAE62D
:10FE7000B85ACBE6E05ACCE6E35ACDE6F15ACEE6E4
:10FE8000D65ACFE6E65AD0E6D85AD1E6DC5AD2E6C0
:10FE9000095BD3E6175BD4E6165BD5E6325BD6E6A4
:10FEA000375BD7E6405BD8E6155CD9E61C5CDAE642
:10FEB0005A5BDBE6655BDCE6735BDDE6515BDEE649
:10FEC000535BDFE6625BE0E6759AE1E6779AE2E68D
:10FED000789AE3E67A9AE4E67F9AE5E67D9AE6E6A2
:10FEE000809AE7E6819AE8E6859AE9E6889AEAE662
:10FEF0008A9AEBE6909AECE6929AEDE6939AEEE611
:10FF0000969AEFE6989AF0E69B9AF1E69C9AF2E6CA
:10FF10009D9AF3E69F9AF4E6A09AF5E6A29AF6E691
:10FF2000A39AF7E6A59AF8E6A79AF9E69F7EFAE67D
:10FF3000A17EFBE6A37EFCE6A57EFDE6A87EFEE6AE
:10FF4000A97E40E7CE9341E7CF9342E7D09343E7C2
:10FF5000D19344E7D29345E7D39346E7D49347E759
:10FF6000D59348E7D79349E7D8934AE7D9934BE726
:10FF7000DA934CE7DB934DE7DC934EE7DD934FE7F5
:10FF8000DE9350E7DF9351E7E09352E7E19353E7C5
:10FF9000E29354E7E39355E7E49356E7E59357E795
:10FFA000E69358E7E79359E7E8935AE7E9935BE765
:10FFB000EA935CE7EB935DE7EC935EE7ED935FE735
:10FFC000EE9360E7EF9361E7F09362E7F19363E705
:10FFD000F29364E7F39365E7F49366E7F59367E7D5
:10FFE000F69368E7F79369E7F8936AE7F9936BE7A5
:10FFF000FA936CE7FB936DE7FC936EE7FD936FE775
:020000040803EF
:10000000FE9370E7FF9371E7009472E7019473E742
:10001000029474E7039475E7049476E7059477E710
:10002000069478E7079479E708947AE709947BE7E0
:100030000A947CE70B947DE70C947EE70D9480E7AF
:100040000E9481E70F9482E7109483E7119484E77C
:10005000129485E7139486E7149487E7159488E74C
:10006000169489E717948AE718948BE719948CE71C
:100070001A948DE71B948EE71C948FE71D9490E7EC
:100080001E9491E71F9492E7209493E7219494E7BC
:10009000229495E7239496E7249497E7259498E78C
:1000A000269499E727949AE728949BE729949CE75C
:1000B0002A949DE72B949EE72C949FE72D94A0E72C
:1000C0002E94A1E7AD7EA2E7B07EA3E7BE7EA4E7B3
:1000D000C07EA5E7C17EA6E7C27EA7E7C97EA8E7E6
:1000E000CB7EA9E7CC7EAAE7D07EABE7D47EACE797
:1000F000D77EADE7DB7EAEE7E07EAFE7E17EB0E73F
:10010000E87EB1E7EB7EB2E7EE7EB3E7EF7EB4E7E1
:10011000F17EB5E7F27EB6E70D7FB7E7F67EB8E78A
:10012000FA7EB9E7FB7EBAE7FE7EBBE7017FBCE75C
:10013000027FBDE7037FBEE7077FBFE7087FC0E719
:100140000B7FC1E70C7FC2E70F7FC3E7117FC4E7D6
:10015000127FC5E7177FC6E7197FC7E71C7FC8E78F
:100160001B7FC9E71F7FCAE7217FCBE7227FCCE750
:10017000237FCDE7247FCEE7257FCFE7267FD0E71B
:10018000277FD1E72A7FD2E72B7FD3E72C7FD4E7E5
:100190002D7FD5E72F7FD6E7307FD7E7317FD8E7B0
:1001A000327FD9E7337FDAE7357FDBE77A5EDCE75A
:1001B0007F75DDE7DB5DDEE73E75DFE79590E0E725
:1001C0008E73E1E79173E2E7AE73E3E7A273E4E7CE
:1001D0009F73E5E7CF73E6E7C273E7E7D173E8E71C
:1001E000B773E9E7B373EAE7C073EBE7C973ECE70A
:1001F000C873EDE7E573EEE7D973EFE77C98F0E7B6
:100200000A74F1E7E973F2E7E773F3E7DE73F4E703
:10021000BA73F5E7F273F6E70F74F7E72A74F8E7B5
:100220005B74F9E72674FAE72574FBE72874FCE7AA
:100230003074FDE72E74FEE72C7440E82F9441E8FB
:10024000309442E8319443E8329444E8339445E8EA
:10025000349446E8359447E8369448E8379449E8BA
:1002600038944AE839944BE83A944CE83B944DE88A
:100270003C944EE83D944FE83F9450E8409451E858
:10028000419452E8429453E8439454E8449455E826
:10029000459456E8469457E8479458E8489459E8F6
:1002A00049945AE84A945BE84B945CE84C945DE8C6
:1002B0004D945EE84E945FE84F9460E8509461E896
:1002C000519462E8529463E8539464E8549465E866
:1002D000559466E8569467E8579468E8589469E836
:1002E00059946AE85A946BE85B946CE85C946DE806
:1002F0005D946EE85E946FE85F9470E8609471E8D6
:10030000619472E8629473E8639474E8649475E8A5
:10031000659476E8669477E8679478E8689479E875
:1003200069947AE86A947BE86C947CE86D947DE843
:100330006E947EE86F9480E8709481E8719482E80E
:10034000729483E8739484E8749485E8759486E8DD
:10035000769487E8779488E8789489E879948AE8AD
:100360007A948BE87B948CE87C948DE87D948EE87D
:100370007E948FE87F9490E8809491E8819492E84D
:10038000829493E8839494E8849495E8919496E811
:10039000969497E8989498E8C79499E8CF949AE847
:1003A000D3949BE8D4949CE8DA949DE8E6949EE884
:1003B000FB949FE81C95A0E82095A1E81B74A2E897
:1003C0001A74A3E84174A4E85C74A5E85774A6E81D
:1003D0005574A7E85974A8E87774A9E86D74AAE879
:1003E0007E74ABE89C74ACE88E74ADE88074AEE8C3
:1003F0008174AFE88774B0E88B74B1E89E74B2E89A
:10040000A874B3E8A974B4E89074B5E8A774B6E822
:10041000D274B7E8BA74B8E8EA97B9E8EB97BAE8E3
:10042000EC97BBE84C67BCE85367BDE85E67BEE885
:100430004867BFE86967C0E8A567C1E88767C2E8A1
:100440006A67C3E87367C4E89867C5E8A767C6E842
:100450007567C7E8A867C8E89E67C9E8AD67CAE8D6
:100460008B67CBE87767CCE87C67CDE8F067CEE8B0
:100470000968CFE8D867D0E80A68D1E8E967D2E828
:10048000B067D3E80C68D4E8D967D5E8B567D6E893
:10049000DA67D7E8B367D8E8DD67D9E80068DAE853
:1004A000C367DBE8B867DCE8E267DDE80E68DEE832
:1004B000C167DFE8FD67E0E83268E1E83368E2E859
:1004C0006068E3E86168E4E84E68E5E86268E6E8E9
:1004D0004468E7E86468E8E88368E9E81D68EAE8F2
:1004E0005568EBE86668ECE84168EDE86768EEE8B7
:1004F0004068EFE83E68F0E84A68F1E84968F2E8E9
:100500002968F3E8B568F4E88F68F5E87468F6E8F8
:100510007768F7E89368F8E86B68F9E8C268FAE882
:100520006E69FBE8FC68FCE81F69FDE82069FEE8ED
:10053000F96840E9279541E9339542E93D9543E95A
:10054000439544E9489545E94B9546E9559547E972
:100550005A9548E9609549E96E954AE974954BE9E1
:1005600075954CE977954DE978954EE979954FE980
:100570007A9550E97B9551E97C9552E97D9553E94F
:100580007E9554E9809555E9819556E9829557E91C
:10059000839558E9849559E985955AE986955BE9EB
:1005A00087955CE988955DE989955EE98A955FE9BB
:1005B0008B9560E98C9561E98D9562E98E9563E98B
:1005C0008F9564E9909565E9919566E9929567E95B
:1005D000939568E9949569E995956AE996956BE92B
:1005E00097956CE998956DE999956EE99A956FE9FB
:1005F0009B9570E99C9571E99D9572E99E9573E9CB
:100600009F9574E9A09575E9A19576E9A29577E99A
:10061000A39578E9A49579E9A5957AE9A6957BE96A
:10062000A7957CE9A8957DE9A9957EE9AA9580E939
:10063000AB9581E9AC9582E9AD9583E9AE9584E906
:10064000AF9585E9B09586E9B19587E9B29588E9D6
:10065000B39589E9B4958AE9B5958BE9B6958CE9A6
:10066000B7958DE9B8958EE9B9958FE9BA9590E976
:10067000BB9591E9BC9592E9BD9593E9BE9594E946
:10068000BF9595E9C09596E9C19597E9C29598E916
:10069000C39599E9C4959AE9C5959BE9C6959CE9E6
:1006A000C7959DE9C8959EE9C9959FE9CA95A0E9B6
:1006B000CB95A1E92469A2E9F068A3E90B69A4E953
:1006C0000169A5E95769A6E9E368A7E91069A8E9FE
:1006D0007169A9E93969AAE96069ABE94269ACE9DC
:1006E0005D69ADE98469AEE96B69AFE98069B0E93C
:1006F0009869B1E97869B2E93469B3E9CC69B4E9D8
:100700008769B5E98869B6E9CE69B7E98969B8E961
:100710006669B9E96369BAE97969BBE99B69BCE9CA
:10072000A769BDE9BB69BEE9AB69BFE9AD69C0E9CD
:10073000D469C1E9B169C2E9C169C3E9CA69C4E957
:10074000DF69C5E99569C6E9E069C7E98D69C8E966
:10075000FF69C9E92F6ACAE9ED69CBE9176ACCE9F3
:10076000186ACDE9656ACEE9F269CFE9446AD0E951
:100770003E6AD1E9A06AD2E9506AD3E95B6AD4E95A
:10078000356AD5E98E6AD6E9796AD7E93D6AD8E94A
:10079000286AD9E9586ADAE97C6ADBE9916ADCE916
:1007A000906ADDE9A96ADEE9976ADFE9AB6AE0E908
:1007B0003773E1E95273E2E9816BE3E9826BE4E9C3
:1007C000876BE5E9846BE6E9926BE7E9936BE8E90F
:1007D0008D6BE9E99A6BEAE99B6BEBE9A16BECE9BC
:1007E000AA6BEDE96B8FEEE96D8FEFE9718FF0E9A0
:1007F000728FF1E9738FF2E9758FF3E9768FF4E97F
:10080000788FF5E9778FF6E9798FF7E97A8FF8E94C
:100810007C8FF9E97E8FFAE9818FFBE9828FFCE911
:10082000848FFDE9878FFEE98B8F40EACC9541EA02
:10083000CD9542EACE9543EACF9544EAD09545EA74
:10084000D19546EAD29547EAD39548EAD49549EA44
:10085000D5954AEAD6954BEAD7954CEAD8954DEA14
:10086000D9954EEADA954FEADB9550EADC9551EAE4
:10087000DD9552EADE9553EADF9554EAE09555EAB4
:10088000E19556EAE29557EAE39558EAE49559EA84
:10089000E5955AEAE6955BEAE7955CEAEC955DEA50
:1008A000FF955EEA07965FEA139660EA189661EA9A
:1008B0001B9662EA1E9663EA209664EA239665EA2E
:1008C000249666EA259667EA269668EA279669EAF4
:1008D00028966AEA29966BEA2B966CEA2C966DEAC2
:1008E0002D966EEA2F966FEA309670EA379671EA87
:1008F000389672EA399673EA3A9674EA3E9675EA41
:10090000419676EA439677EA4A9678EA4E9679EAED
:100910004F967AEA51967BEA52967CEA53967DEAA4
:1009200056967EEA579680EA589681EA599682EA68
:100930005A9683EA5C9684EA5D9685EA5E9686EA34
:10094000609687EA639688EA659689EA66968AEAF7
:100950006B968BEA6D968CEA6E968DEA6F968EEAB0
:1009600070968FEA719690EA739691EA789692EA79
:10097000799693EA7A9694EA7B9695EA7C9696EA3B
:100980007D9697EA7E9698EA7F9699EA80969AEA0B
:1009900081969BEA82969CEA83969DEA84969EEADB
:1009A00087969FEA8996A0EA8A96A1EA8D8FA2EAA5
:1009B0008E8FA3EA8F8FA4EA988FA5EA9A8FA6EA72
:1009C000CE8EA7EA0B62A8EA1762A9EA1B62AAEA1E
:1009D0001F62ABEA2262ACEA2162ADEA2562AEEAAE
:1009E0002462AFEA2C62B0EAE781B1EAEF74B2EABE
:1009F000F474B3EAFF74B4EA0F75B5EA1175B6EA98
:100A00001375B7EA3465B8EAEE65B9EAEF65BAEA94
:100A1000F065BBEA0A66BCEA1966BDEA7267BEEA1F
:100A20000366BFEA1566C0EA0066C1EA8570C2EADD
:100A3000F766C3EA1D66C4EA3466C5EA3166C6EAEB
:100A40003666C7EA3566C8EA0680C9EA5F66CAEA5A
:100A50005466CBEA4166CCEA4F66CDEA5666CEEAEA
:100A60006166CFEA5766D0EA7766D1EA8466D2EA51
:100A70008C66D3EAA766D4EA9D66D5EABE66D6EA56
:100A8000DB66D7EADC66D8EAE666D9EAE966DAEA3E
:100A9000328DDBEA338DDCEA368DDDEA3B8DDEEA32
:100AA0003D8DDFEA408DE0EA458DE1EA468DE2EAE0
:100AB000488DE3EA498DE4EA478DE5EA4D8DE6EAA3
:100AC000558DE7EA598DE8EAC789E9EACA89EAEA71
:100AD000CB89EBEACC89ECEACE89EDEACF89EEEA64
:100AE000D089EFEAD189F0EA6E72F1EA9F72F2EAF8
:100AF0005D72F3EA6672F4EA6F72F5EA7E72F6EA04
:100B00007F72F7EA8472F8EA8B72F9EA8D72FAEA78
:100B10008F72FBEA9272FCEA0863FDEA3263FEEA36
:100B2000B06340EB8C9641EB8E9642EB919643EB93
:100B3000929644EB939645EB959646EB969647EB4B
:100B40009A9648EB9B9649EB9D964AEB9E964BEB0B
:100B50009F964CEBA0964DEBA1964EEBA2964FEBD9
:100B6000A39650EBA49651EBA59652EBA69653EBA9
:100B7000A89654EBA99655EBAA9656EBAB9657EB75
:100B8000AC9658EBAD9659EBAE965AEBAF965BEB45
:100B9000B1965CEBB2965DEBB4965EEBB5965FEB0F
:100BA000B79660EBB89661EBBA9662EBBB9663EBD7
:100BB000BF9664EBC29665EBC39666EBC89667EB8F
:100BC000CA9668EBCB9669EBD0966AEBD1966BEB45
:100BD000D3966CEBD4966DEBD6966EEBD7966FEB07
:100BE000D89670EBD99671EBDA9672EBDB9673EBD5
:100BF000DC9674EBDD9675EBDE9676EBDF9677EBA5
:100C0000E19678EBE29679EBE3967AEBE4967BEB70
:100C1000E5967CEBE6967DEBE7967EEBEB9680EB3C
:100C2000EC9681EBED9682EBEE9683EBF09684EBFF
:100C3000F19685EBF29686EBF49687EBF59688EBCA
:100C4000F89689EBFA968AEBFB968BEBFC968CEB8D
:100C5000FD968DEBFF968EEB02978FEB039790EB53
:100C6000059791EB0A9792EB0B9793EB0C9794EB0C
:100C7000109795EB119796EB129797EB149798EBCB
:100C8000159799EB17979AEB18979BEB19979CEB95
:100C90001A979DEB1B979EEB1D979FEB1F97A0EB61
:100CA0002097A1EB3F64A2EBD864A3EB0480A4EBF4
:100CB000EA6BA5EBF36BA6EBFD6BA7EBF56BA8EB73
:100CC000F96BA9EB056CAAEB076CABEB066CACEB14
:100CD0000D6CADEB156CAEEB186CAFEB196CB0EBAB
:100CE0001A6CB1EB216CB2EB296CB3EB246CB4EB56
:100CF0002A6CB5EB326CB6EB3565B7EB5565B8EBE6
:100D00006B65B9EB4D72BAEB5272BBEB5672BCEB32
:100D10003072BDEB6286BEEB1652BFEB9F80C0EB1C
:100D20009C80C1EB9380C2EBBC80C3EB0A67C4EB31
:100D3000BD80C5EBB180C6EBAB80C7EBAD80C8EB27
:100D4000B480C9EBB780CAEBE780CBEBE880CCEB93
:100D5000E980CDEBEA80CEEBDB80CFEBC280D0EB3D
:100D6000C480D1EBD980D2EBCD80D3EBD780D4EB4C
:100D70001067D5EBDD80D6EBEB80D7EBF180D8EBBD
:100D8000F480D9EBED80DAEB0D81DBEB0E81DCEB4F
:100D9000F280DDEBFC80DEEB1567DFEB1281E0EB30
:100DA0005A8CE1EB3681E2EB1E81E3EB2C81E4EB24
:100DB0001881E5EB3281E6EB4881E7EB4C81E8EB0B
:100DC0005381E9EB7481EAEB5981EBEB5A81ECEB4F
:100DD0007181EDEB6081EEEB6981EFEB7C81F0EBF3
:100DE0007D81F1EB6D81F2EB6781F3EB4D58F4EB14
:100DF000B55AF5EB8881F6EB8281F7EB9181F8EB40
:100E0000D56EF9EBA381FAEBAA81FBEBCC81FCEB6D
:100E10002667FDEBCA81FEEBBB8140EC219741ECDC
:100E2000229742EC239743EC249744EC259745EC1A
:100E3000269746EC279747EC289748EC299749ECEA
:100E40002B974AEC2C974BEC2E974CEC2F974DECB4
:100E500031974EEC33974FEC349750EC359751EC7B
:100E6000369752EC379753EC3A9754EC3B9755EC46
:100E70003C9756EC3D9757EC3F9758EC409759EC10
:100E800041975AEC42975BEC43975CEC44975DECDE
:100E900045975EEC46975FEC479760EC489761ECAE
:100EA000499762EC4A9763EC4B9764EC4C9765EC7E
:100EB0004D9766EC4E9767EC4F9768EC509769EC4E
:100EC00051976AEC54976BEC55976CEC57976DEC17
:100ED00058976EEC5A976FEC5C9770EC5D9771ECDD
:100EE0005F9772EC639773EC649774EC669775EC9C
:100EF000679776EC689777EC6A9778EC6B9779EC64
:100F00006C977AEC6D977BEC6E977CEC6F977DEC31
:100F100070977EEC719780EC729781EC759782ECFC
:100F2000779783EC789784EC799785EC7A9786ECC1
:100F30007B9787EC7D9788EC7E9789EC7F978AEC8E
:100F400080978BEC81978CEC82978DEC83978EEC5D
:100F500084978FEC869790EC879791EC889792EC2A
:100F6000899793EC8A9794EC8C9795EC8E9796ECF6
:100F70008F9797EC909798EC939799EC95979AECBC
:100F800096979BEC97979CEC99979DEC9A979EEC83
:100F90009B979FEC9C97A0EC9D97A1ECC181A2EC44
:100FA000A681A3EC246BA4EC376BA5EC396BA6EC03
:100FB000436BA7EC466BA8EC596BA9ECD198AAEC53
:100FC000D298ABECD398ACECD598ADECD998AEEC0C
:100FD000DA98AFECB36BB0EC405FB1ECC26BB2EC43
:100FE000F389B3EC9065B4EC519FB5EC9365B6EC26
:100FF000BC65B7ECC665B8ECC465B9ECC365BAECC2
:10100000CC65BBECCE65BCECD265BDECD665BEEC68
:101010008070BFEC9C70C0EC9670C1EC9D70C2EC0F
:10102000BB70C3ECC070C4ECB770C5ECAB70C6EC61
:10103000B170C7ECE870C8ECCA70C9EC1071CAECAA
:101040001371CBEC1671CCEC2F71CDEC3171CEEC71
:101050007371CFEC5C71D0EC6871D1EC4571D2EC5E
:101060007271D3EC4A71D4EC7871D5EC7A71D6EC0C
:101070009871D7ECB371D8ECB571D9ECA871DAECF2
:10108000A071DBECE071DCECD471DDECE771DEEC3F
:10109000F971DFEC1D72E0EC2872E1EC6C70E2ECAF
:1010A0001871E3EC6671E4ECB971E5EC3E62E6ECD4
:1010B0003D62E7EC4362E8EC4862E9EC4962EAEC45
:1010C0003B79EBEC4079ECEC4679EDEC4979EEECD0
:1010D0005B79EFEC5C79F0EC5379F1EC5A79F2EC56
:1010E0006279F3EC5779F4EC6079F5EC6F79F6EC12
:1010F0006779F7EC7A79F8EC8579F9EC8A79FAEC8A
:101100009A79FBECA779FCECB379FDECD15FFEECAE
:10111000D05F40ED9E9741ED9F9742EDA19743ED43
:10112000A29744EDA49745EDA59746EDA69747ED08
:10113000A79748EDA89749EDA9974AEDAA974BEDD7
:10114000AC974CEDAE974DEDB0974EEDB1974FED9E
:10115000B39750EDB59751EDB69752EDB79753ED64
:10116000B89754EDB99755EDBA9756EDBB9757ED33
:10117000BC9758EDBD9759EDBE975AEDBF975BED03
:10118000C0975CEDC1975DEDC2975EEDC3975FEDD3
:10119000C49760EDC59761EDC69762EDC79763EDA3
:1011A000C89764EDC99765EDCA9766EDCB9767ED73
:1011B000CC9768EDCD9769EDCE976AEDCF976BED43
:1011C000D0976CEDD1976DEDD2976EEDD3976FED13
:1011D000D49770EDD59771EDD69772EDD79773EDE3
:1011E000D89774EDD99775EDDA9776EDDB9777EDB3
:1011F000DC9778EDDD9779EDDE977AEDDF977BED83
:10120000E0977CEDE1977DEDE2977EEDE39780ED51
:10121000E49781EDE59782EDE89783EDEE9784ED15
:10122000EF9785EDF09786EDF19787EDF29788EDD2
:10123000F49789EDF7978AEDF8978BEDF9978CED98
:10124000FA978DEDFB978EEDFC978FEDFD9790ED66
:10125000FE9791EDFF9792ED009893ED019894ED34
:10126000029895ED039896ED049897ED059898ED02
:10127000069899ED07989AED08989BED09989CEDD2
:101280000A989DED0B989EED0C989FED0D98A0EDA2
:101290000E98A1ED3C60A2ED5D60A3ED5A60A4ED57
:1012A0006760A5ED4160A6ED5960A7ED6360A8ED0C
:1012B000AB60A9ED0661AAED0D61ABED5D61ACED32
:1012C000A961ADED9D61AEEDCB61AFEDD161B0ED4A
:1012D0000662B1ED8080B2ED7F80B3ED936CB4ED2A
:1012E000F66CB5EDFC6DB6EDF677B7EDF877B8EDC9
:1012F0000078B9ED0978BAED1778BBED1878BCED38
:101300001178BDEDAB65BEED2D78BFED1C78C0ED5D
:101310001D78C1ED3978C2ED3A78C3ED3B78C4ED64
:101320001F78C5ED3C78C6ED2578C7ED2C78C8ED63
:101330002378C9ED2978CAED4E78CBED6D78CCEDE8
:101340005678CDED5778CEED2678CFED5078D0EDAC
:101350004778D1ED4C78D2ED6A78D3ED9B78D4ED17
:101360009378D5ED9A78D6ED8778D7ED9C78D8ED3F
:10137000A178D9EDA378DAEDB278DBEDB978DCEDC0
:10138000A578DDEDD478DEEDD978DFEDC978E0ED34
:10139000EC78E1EDF278E2ED0579E3EDF478E4ED57
:1013A0001379E5ED2479E6ED1E79E7ED3479E8ED82
:1013B0009B9FE9EDF99EEAEDFB9EEBEDFC9EECEDCB
:1013C000F176EDED0477EEED0D77EFEDF976F0EDDA
:1013D0000777F1ED0877F2ED1A77F3ED2277F4ED68
:1013E0001977F5ED2D77F6ED2677F7ED3577F8EDF2
:1013F0003877F9ED5077FAED5177FBED4777FCED53
:101400004377FDED5A77FEED687740EE0F9841EE99
:10141000109842EE119843EE129844EE139845EE60
:10142000149846EE159847EE169848EE179849EE30
:1014300018984AEE19984BEE1A984CEE1B984DEE00
:101440001C984EEE1D984FEE1E9850EE1F9851EED0
:10145000209852EE219853EE229854EE239855EEA0
:10146000249856EE259857EE269858EE279859EE70
:1014700028985AEE29985BEE2A985CEE2B985DEE40
:101480002C985EEE2D985FEE2E9860EE2F9861EE10
:10149000309862EE319863EE329864EE339865EEE0
:1014A000349866EE359867EE369868EE379869EEB0
:1014B00038986AEE39986BEE3A986CEE3B986DEE80
:1014C0003C986EEE3D986FEE3E9870EE3F9871EE50
:1014D000409872EE419873EE429874EE439875EE20
:1014E000449876EE459877EE469878EE479879EEF0
:1014F00048987AEE49987BEE4A987CEE4B987DEEC0
:101500004C987EEE4D9880EE4E9881EE4F9882EE8C
:10151000509883EE519884EE529885EE539886EE5B
:10152000549887EE559888EE569889EE57988AEE2B
:1015300058988BEE59988CEE5A988DEE5B988EEEFB
:101540005C988FEE5D9890EE5E9891EE5F9892EECB
:10155000609893EE619894EE629895EE639896EE9B
:10156000649897EE659898EE669899EE67989AEE6B
:1015700068989BEE69989CEE6A989DEE6B989EEE3B
:101580006C989FEE6D98A0EE6E98A1EE6277A2EE39
:101590006577A3EE7F77A4EE8D77A5EE7D77A6EE37
:1015A0008077A7EE8C77A8EE9177A9EE9F77AAEEC9
:1015B000A077ABEEB077ACEEB577ADEEBD77AEEE23
:1015C0003A75AFEE4075B0EE4E75B1EE4B75B2EEBA
:1015D0004875B3EE5B75B4EE7275B5EE7975B6EE1F
:1015E0008375B7EE587FB8EE617FB9EE5F7FBAEED4
:1015F000488ABBEE687FBCEE747FBDEE717FBEEEA5
:10160000797FBFEE817FC0EE7E7FC1EECD76C2EEE8
:10161000E576C3EE3288C4EE8594C5EE8694C6EEB8
:101620008794C7EE8B94C8EE8A94C9EE8C94CAEE68
:101630008D94CBEE8F94CCEE9094CDEE9494CEEE30
:101640009794CFEE9594D0EE9A94D1EE9B94D2EEEF
:101650009C94D3EEA394D4EEA494D5EEAB94D6EEA2
:10166000AA94D7EEAD94D8EEAC94D9EEAF94DAEE5E
:10167000B094DBEEB294DCEEB494DDEEB694DEEE24
:10168000B794DFEEB894E0EEB994E1EEBA94E2EEEE
:10169000BC94E3EEBD94E4EEBF94E5EEC494E6EEB4
:1016A000C894E7EEC994E8EECA94E9EECB94EAEE6A
:1016B000CC94EBEECD94ECEECE94EDEED094EEEE39
:1016C000D194EFEED294F0EED594F1EED694F2EE02
:1016D000D794F3EED994F4EED894F5EEDB94F6EECD
:1016E000DE94F7EEDF94F8EEE094F9EEE294FAEE91
:1016F000E494FBEEE594FCEEE794FDEEE894FEEE58
:10170000EA9440EF6F9841EF709842EF719843EF81
:10171000729844EF739845EF749846EF8B9847EFB3
:101720008E9848EF929849EF95984AEF99984BEF29
:10173000A3984CEFA8984DEFA9984EEFAA984FEFB9
:10174000AB9850EFAC9851EFAD9852EFAE9853EF85
:10175000AF9854EFB09855EFB19856EFB29857EF55
:10176000B39858EFB49859EFB5985AEFB6985BEF25
:10177000B7985CEFB8985DEFB9985EEFBA985FEFF5
:10178000BB9860EFBC9861EFBD9862EFBE9863EFC5
:10179000BF9864EFC09865EFC19866EFC29867EF95
:1017A000C39868EFC49869EFC5986AEFC6986BEF65
:1017B000C7986CEFC8986DEFC9986EEFCA986FEF35
:1017C000CB9870EFCC9871EFCD9872EFCF9873EF04
:1017D000D09874EFD49875EFD69876EFD79877EFC6
:1017E000DB9878EFDC9879EFDD987AEFE0987BEF83
:1017F000E1987CEFE2987DEFE3987EEFE49880EF4C
:10180000E59881EFE69882EFE99883EFEA9884EF14
:10181000EB9885EFEC9886EFED9887EFEE9888EFE0
:10182000EF9889EFF0988AEFF1988BEFF2988CEFB0
:10183000F3988DEFF4988EEFF5988FEFF69890EF80
:10184000F79891EFF89892EFF99893EFFA9894EF50
:10185000FB9895EFFC9896EFFD9897EFFE9898EF20
:10186000FF9899EF00999AEF01999BEF02999CEFED
:1018700003999DEF04999EEF05999FEF0699A0EFBC
:101880000799A1EFE994A2EFEB94A3EFEE94A4EFF4
:10189000EF94A5EFF394A6EFF494A7EFF594A8EFD7
:1018A000F794A9EFF994AAEFFC94ABEFFD94ACEF99
:1018B000FF94ADEF0395AEEF0295AFEF0695B0EF55
:1018C0000795B1EF0995B2EF0A95B3EF0D95B4EF17
:1018D0000E95B5EF0F95B6EF1295B7EF1395B8EFDC
:1018E0001495B9EF1595BAEF1695BBEF1895BCEFA7
:1018F0001B95BDEF1D95BEEF1E95BFEF1F95C0EF69
:101900002295C1EF2A95C2EF2B95C3EF2995C4EF1D
:101910002C95C5EF3195C6EF3295C7EF3495C8EFDA
:101920003695C9EF3795CAEF3895CBEF3C95CCEF9C
:101930003E95CDEF3F95CEEF4295CFEF3595D0EF69
:101940004495D1EF4595D2EF4695D3EF4995D4EF25
:101950004C95D5EF4E95D6EF4F95D7EF5295D8EFE2
:101960005395D9EF5495DAEF5695DBEF5795DCEFA9
:101970005895DDEF5995DEEF5B95DFEF5E95E0EF73
:101980005F95E1EF5D95E2EF6195E3EF6295E4EF3E
:101990006495E5EF6595E6EF6695E7EF6795E8EF07
:1019A0006895E9EF6995EAEF6A95EBEF6B95ECEFD7
:1019B0006C95EDEF6F95EEEF7195EFEF7295F0EF9F
:1019C0007395F1EF3A95F2EFE777F3EFEC77F4EFF9
:1019D000C996F5EFD579F6EFED79F7EFE379F8EF02
:1019E000EB79F9EF067AFAEF475DFBEF037AFCEF4C
:1019F000027AFDEF1E7AFEEF147A40F0089941F06A
:101A0000099942F00A9943F00B9944F00C9945F07A
:101A10000E9946F00F9947F0119948F0129949F044
:101A200013994AF014994BF015994CF016994DF012
:101A300017994EF018994FF0199950F01A9951F0E2
:101A40001B9952F01C9953F01D9954F01E9955F0B2
:101A50001F9956F0209957F0219958F0229959F082
:101A600023995AF024995BF025995CF026995DF052
:101A700027995EF028995FF0299960F02A9961F022
:101A80002B9962F02C9963F02D9964F02F9965F0F1
:101A9000309966F0319967F0329968F0339969F0BE
:101AA00034996AF035996BF036996CF037996DF08E
:101AB00038996EF039996FF03A9970F03B9971F05E
:101AC0003C9972F03D9973F03E9974F03F9975F02E
:101AD000409976F0419977F0429978F0439979F0FE
:101AE00044997AF045997BF046997CF047997DF0CE
:101AF00048997EF0499980F04A9981F04B9982F09B
:101B00004C9983F04D9984F04E9985F04F9986F069
:101B1000509987F0519988F0529989F053998AF039
:101B200056998BF057998CF058998DF059998EF001
:101B30005A998FF05B9990F05C9991F05D9992F0D1
:101B40005E9993F05F9994F0609995F0619996F0A1
:101B5000629997F0649998F0669999F073999AF060
:101B600078999BF079999CF07B999DF07E999EF0F5
:101B700082999FF08399A0F08999A1F0397AA2F017
:101B8000377AA3F0517AA4F0CF9EA5F0A599A6F0DC
:101B9000707AA7F08876A8F08E76A9F09376AAF0EE
:101BA0009976ABF0A476ACF0DE74ADF0E074AEF0F4
:101BB0002C75AFF0209EB0F0229EB1F0289EB2F0BE
:101BC000299EB3F02A9EB4F02B9EB5F02C9EB6F061
:101BD000329EB7F0319EB8F0369EB9F0389EBAF01A
:101BE000379EBBF0399EBCF03A9EBDF03E9EBEF0E3
:101BF000419EBFF0429EC0F0449EC1F0469EC2F09E
:101C0000479EC3F0489EC4F0499EC5F04B9EC6F067
:101C10004C9EC7F04E9EC8F0519EC9F0559ECAF02A
:101C2000579ECBF05A9ECCF05B9ECDF05C9ECEF0E2
:101C30005E9ECFF0639ED0F0669ED1F0679ED2F09C
:101C4000689ED3F0699ED4F06A9ED5F06B9ED6F064
:101C50006C9ED7F0719ED8F06D9ED9F0739EDAF02D
:101C60009275DBF09475DCF09675DDF0A075DEF012
:101C70009D75DFF0AC75E0F0A375E1F0B375E2F0AF
:101C8000B475E3F0B875E4F0C475E5F0B175E6F04D
:101C9000B075E7F0C375E8F0C275E9F0D675EAF003
:101CA000CD75EBF0E375ECF0E875EDF0E675EEF070
:101CB000E475EFF0EB75F0F0E775F1F00376F2F014
:101CC000F175F3F0FC75F4F0FF75F5F01076F6F0B1
:101CD0000076F7F00576F8F00C76F9F01776FAF062
:101CE0000A76FBF02576FCF01876FDF01576FEF00E
:101CF000197640F18C9941F18E9942F19A9943F10C
:101D00009B9944F19C9945F19D9946F19E9947F123
:101D10009F9948F1A09949F1A1994AF1A2994BF1F3
:101D2000A3994CF1A4994DF1A6994EF1A7994FF1C1
:101D3000A99950F1AA9951F1AB9952F1AC9953F18B
:101D4000AD9954F1AE9955F1AF9956F1B09957F15B
:101D5000B19958F1B29959F1B3995AF1B4995BF12B
:101D6000B5995CF1B6995DF1B7995EF1B8995FF1FB
:101D7000B99960F1BA9961F1BB9962F1BC9963F1CB
:101D8000BD9964F1BE9965F1BF9966F1C09967F19B
:101D9000C19968F1C29969F1C3996AF1C4996BF16B
:101DA000C5996CF1C6996DF1C7996EF1C8996FF13B
:101DB000C99970F1CA9971F1CB9972F1CC9973F10B
:101DC000CD9974F1CE9975F1CF9976F1D09977F1DB
:101DD000D19978F1D29979F1D3997AF1D4997BF1AB
:101DE000D5997CF1D6997DF1D7997EF1D89980F17A
:101DF000D99981F1DA9982F1DB9983F1DC9984F147
:101E0000DD9985F1DE9986F1DF9987F1E09988F116
:101E1000E19989F1E2998AF1E3998BF1E4998CF1E6
:101E2000E5998DF1E6998EF1E7998FF1E89990F1B6
:101E3000E99991F1EA9992F1EB9993F1EC9994F186
:101E4000ED9995F1EE9996F1EF9997F1F09998F156
:101E5000F19999F1F2999AF1F3999BF1F4999CF126
:101E6000F5999DF1F6999EF1F7999FF1F899A0F1F6
:101E7000F999A1F11B76A2F13C76A3F12276A4F1A7
:101E80002076A5F14076A6F12D76A7F13076A8F15F
:101E90003F76A9F13576AAF14376ABF13E76ACF107
:101EA0003376ADF14D76AEF15E76AFF15476B0F1AA
:101EB0005C76B1F15676B2F16B76B3F16F76B4F130
:101EC000CA7FB5F1E67AB6F1787AB7F1797AB8F1E6
:101ED000807AB9F1867ABAF1887ABBF1957ABCF149
:101EE000A67ABDF1A07ABEF1AC7ABFF1A87AC0F1B2
:101EF000AD7AC1F1B37AC2F16488C3F16988C4F1E3
:101F00007288C5F17D88C6F17F88C7F18288C8F1E3
:101F1000A288C9F1C688CAF1B788CBF1BC88CCF1D8
:101F2000C988CDF1E288CEF1CE88CFF1E388D0F137
:101F3000E588D1F1F188D2F11A89D3F1FC88D4F186
:101F4000E888D5F1FE88D6F1F088D7F12189D8F15B
:101F50001989D9F11389DAF11B89DBF10A89DCF1DE
:101F60003489DDF12B89DEF13689DFF14189E0F139
:101F70006689E1F17B89E2F18B75E3F1E580E4F1BB
:101F8000B276E5F1B476E6F1DC77E7F11280E8F1BC
:101F90001480E9F11680EAF11C80EBF12080ECF16D
:101FA0002280EDF12580EEF12680EFF12780F0F11F
:101FB0002980F1F12880F2F13180F3F10B80F4F106
:101FC0003580F5F14380F6F14680F7F14D80F8F168
:101FD0005280F9F16980FAF17180FBF18389FCF19B
:101FE0007898FDF18098FEF1839840F2FA9941F2D9
:101FF000FB9942F2FC9943F2FD9944F2FE9945F2B5
:10200000FF9946F2009A47F2019A48F2029A49F281
:10201000039A4AF2049A4BF2059A4CF2069A4DF250
:10202000079A4EF2089A4FF2099A50F20A9A51F220
:102030000B9A52F20C9A53F20D9A54F20E9A55F2F0
:102040000F9A56F2109A57F2119A58F2129A59F2C0
:10205000139A5AF2149A5BF2159A5CF2169A5DF290
:10206000179A5EF2189A5FF2199A60F21A9A61F260
:102070001B9A62F21C9A63F21D9A64F21E9A65F230
:102080001F9A66F2209A67F2219A68F2229A69F200
:10209000239A6AF2249A6BF2259A6CF2269A6DF2D0
:1020A000279A6EF2289A6FF2299A70F22A9A71F2A0
:1020B0002B9A72F22C9A73F22D9A74F22E9A75F270
:1020C0002F9A76F2309A77F2319A78F2329A79F240
:1020D000339A7AF2349A7BF2359A7CF2369A7DF210
:1020E000379A7EF2389A80F2399A81F23A9A82F2DD
:1020F0003B9A83F23C9A84F23D9A85F23E9A86F2AC
:102100003F9A87F2409A88F2419A89F2429A8AF27B
:10211000439A8BF2449A8CF2459A8DF2469A8EF24B
:10212000479A8FF2489A90F2499A91F24A9A92F21B
:102130004B9A93F24C9A94F24D9A95F24E9A96F2EB
:102140004F9A97F2509A98F2519A99F2529A9AF2BB
:10215000539A9BF2549A9CF2559A9DF2569A9EF28B
:10216000579A9FF2589AA0F2599AA1F28998A2F22E
:102170008C98A3F28D98A4F28F98A5F29498A6F269
:102180009A98A7F29B98A8F29E98A9F29F98AAF213
:10219000A198ABF2A298ACF2A598ADF2A698AEF2D7
:1021A0004D86AFF25486B0F26C86B1F26E86B2F212
:1021B0007F86B3F27A86B4F27C86B5F27B86B6F27D
:1021C000A886B7F28D86B8F28B86B9F2AC86BAF2E1
:1021D0009D86BBF2A786BCF2A386BDF2AA86BEF29C
:1021E0009386BFF2A986C0F2B686C1F2C486C2F257
:1021F000B586C3F2CE86C4F2B086C5F2BA86C6F200
:10220000B186C7F2AF86C8F2C986C9F2CF86CAF2D4
:10221000B486CBF2E986CCF2F186CDF2F286CEF22C
:10222000ED86CFF2F386D0F2D086D1F21387D2F2C8
:10223000DE86D3F2F486D4F2DF86D5F2D886D6F2E3
:10224000D186D7F20387D8F20787D9F2F886DAF277
:102250000887DBF20A87DCF20D87DDF20987DEF200
:102260002387DFF23B87E0F21E87E1F22587E2F267
:102270002E87E3F21A87E4F23E87E5F24887E6F21A
:102280003487E7F23187E8F22987E9F23787EAF203
:102290003F87EBF28287ECF22287EDF27D87EEF248
:1022A0007E87EFF27B87F0F26087F1F27087F2F2BF
:1022B0004C87F3F26E87F4F28B87F5F25387F6F2D0
:1022C0006387F7F27C87F8F26487F9F25987FAF2AC
:1022D0006587FBF29387FCF2AF87FDF2A887FEF2D9
:1022E000D28740F35A9A41F35B9A42F35C9A43F3E4
:1022F0005D9A44F35E9A45F35F9A46F3609A47F31A
:10230000619A48F3629A49F3639A4AF3649A4BF3E9
:10231000659A4CF3669A4DF3679A4EF3689A4FF3B9
:10232000699A50F36A9A51F36B9A52F3729A53F383
:10233000839A54F3899A55F38D9A56F38E9A57F3EC
:10234000949A58F3959A59F3999A5AF3A69A5BF38B
:10235000A99A5CF3AA9A5DF3AB9A5EF3AC9A5FF329
:10236000AD9A60F3AE9A61F3AF9A62F3B29A63F3F7
:10237000B39A64F3B49A65F3B59A66F3B99A67F3BE
:10238000BB9A68F3BD9A69F3BE9A6AF3BF9A6BF37E
:10239000C39A6CF3C49A6DF3C69A6EF3C79A6FF33F
:1023A000C89A70F3C99A71F3CA9A72F3CD9A73F30B
:1023B000CE9A74F3CF9A75F3D09A76F3D29A77F3D4
:1023C000D49A78F3D59A79F3D69A7AF3D79A7BF39D
:1023D000D99A7CF3DA9A7DF3DB9A7EF3DC9A80F368
:1023E000DD9A81F3DE9A82F3E09A83F3E29A84F332
:1023F000E39A85F3E49A86F3E59A87F3E79A88F3FC
:10240000E89A89F3E99A8AF3EA9A8BF3EC9A8CF3C7
:10241000EE9A8DF3F09A8EF3F19A8FF3F29A90F38D
:10242000F39A91F3F49A92F3F59A93F3F69A94F35C
:10243000F79A95F3F89A96F3FA9A97F3FC9A98F329
:10244000FD9A99F3FE9A9AF3FF9A9BF3009B9CF3F3
:10245000019B9DF3029B9EF3049B9FF3059BA0F3BE
:10246000069BA1F3C687A2F38887A3F38587A4F30D
:10247000AD87A5F39787A6F38387A7F3AB87A8F368
:10248000E587A9F3AC87AAF3B587ABF3B387ACF3C1
:10249000CB87ADF3D387AEF3BD87AFF3D187B0F36E
:1024A000C087B1F3CA87B2F3DB87B3F3EA87B4F32B
:1024B000E087B5F3EE87B6F31688B7F31388B8F361
:1024C000FE87B9F30A88BAF31B88BBF32188BCF3F3
:1024D0003988BDF33C88BEF3367FBFF3427FC0F33B
:1024E000447FC1F3457FC2F31082C3F3FA7AC4F389
:1024F000FD7AC5F3087BC6F3037BC7F3047BC8F3FF
:10250000157BC9F30A7BCAF32B7BCBF30F7BCCF390
:10251000477BCDF3387BCEF32A7BCFF3197BD0F307
:102520002E7BD1F3317BD2F3207BD3F3257BD4F305
:10253000247BD5F3337BD6F33E7BD7F31E7BD8F3D6
:10254000587BD9F35A7BDAF3457BDBF3757BDCF3FD
:102550004C7BDDF35D7BDEF3607BDFF36E7BE0F3D2
:102560007B7BE1F3627BE2F3727BE3F3717BE4F369
:10257000907BE5F3A67BE6F3A77BE7F3B87BE8F374
:10258000AC7BE9F39D7BEAF3A87BEBF3857BECF373
:10259000AA7BEDF39C7BEEF3A27BEFF3AB7BF0F336
:1025A000B47BF1F3D17BF2F3C17BF3F3CC7BF4F397
:1025B000DD7BF5F3DA7BF6F3E57BF7F3E67BF8F307
:1025C000EA7BF9F30C7CFAF3FE7BFBF3FC7BFCF378
:1025D0000F7CFDF3167CFEF30B7C40F4079B41F46B
:1025E000099B42F40A9B43F40B9B44F40C9B45F477
:1025F0000D9B46F40E9B47F4109B48F4119B49F445
:10260000129B4AF4149B4BF4159B4CF4169B4DF40F
:10261000179B4EF4189B4FF4199B50F41A9B51F4DE
:102620001B9B52F41C9B53F41D9B54F41E9B55F4AE
:10263000209B56F4219B57F4229B58F4249B59F479
:10264000259B5AF4269B5BF4279B5CF4289B5DF446
:10265000299B5EF42A9B5FF42B9B60F42C9B61F416
:102660002D9B62F42E9B63F4309B64F4319B65F4E4
:10267000339B66F4349B67F4359B68F4369B69F4AE
:10268000379B6AF4389B6BF4399B6CF43A9B6DF47E
:102690003D9B6EF43E9B6FF43F9B70F4409B71F446
:1026A000469B72F44A9B73F44B9B74F44C9B75F4F9
:1026B0004E9B76F4509B77F4529B78F4539B79F4BD
:1026C000559B7AF4569B7BF4579B7CF4589B7DF486
:1026D000599B7EF45A9B80F45B9B81F45C9B82F453
:1026E0005D9B83F45E9B84F45F9B85F4609B86F422
:1026F000619B87F4629B88F4639B89F4649B8AF4F2
:10270000659B8BF4669B8CF4679B8DF4689B8EF4C1
:10271000699B8FF46A9B90F46B9B91F46C9B92F491
:102720006D9B93F46E9B94F46F9B95F4709B96F461
:10273000719B97F4729B98F4739B99F4749B9AF431
:10274000759B9BF4769B9CF4779B9DF4789B9EF401
:10275000799B9FF47A9BA0F47B9BA1F41F7CA2F44D
:102760002A7CA3F4267CA4F4387CA5F4417CA6F44E
:10277000407CA7F4FE81A8F40182A9F40282AAF4A5
:102780000482ABF4EC81ACF44488ADF42182AEF465
:102790002282AFF42382B0F42D82B1F42F82B2F4FE
:1027A0002882B3F42B82B4F43882B5F43B82B6F4B9
:1027B0003382B7F43482B8F43E82B9F44482BAF476
:1027C0004982BBF44B82BCF44F82BDF45A82BEF402
:1027D0005F82BFF46882C0F47E88C1F48588C2F449
:1027E0008888C3F4D888C4F4DF88C5F45E89C6F449
:1027F0009D7FC7F49F7FC8F4A77FC9F4AF7FCAF459
:10280000B07FCBF4B27FCCF47C7CCDF44965CEF4C0
:10281000917CCFF49D7CD0F49C7CD1F49E7CD2F44E
:10282000A27CD3F4B27CD4F4BC7CD5F4BD7CD6F4C9
:10283000C17CD7F4C77CD8F4CC7CD9F4CD7CDAF455
:10284000C87CDBF4C57CDCF4D77CDDF4E87CDEF40A
:102850006E82DFF4A866E0F4BF7FE1F4CE7FE2F49D
:10286000D57FE3F4E57FE4F4E17FE5F4E67FE6F489
:10287000E97FE7F4EE7FE8F4F37FE9F4F87CEAF42B
:10288000777DEBF4A67DECF4AE7DEDF4477EEEF4BF
:102890009B7EEFF4B89EF0F4B49EF1F4738DF2F4E5
:1028A000848DF3F4948DF4F4918DF5F4B18DF6F4F8
:1028B000678DF7F46D8DF8F4478CF9F4498CFAF4D0
:1028C0004A91FBF45091FCF44E91FDF44F91FEF4CB
:1028D000649140F57C9B41F57D9B42F57E9B43F5E1
:1028E0007F9B44F5809B45F5819B46F5829B47F590
:1028F000839B48F5849B49F5859B4AF5869B4BF560
:10290000879B4CF5889B4DF5899B4EF58A9B4FF52F
:102910008B9B50F58C9B51F58D9B52F58E9B53F5FF
:102920008F9B54F5909B55F5919B56F5929B57F5CF
:10293000939B58F5949B59F5959B5AF5969B5BF59F
:10294000979B5CF5989B5DF5999B5EF59A9B5FF56F
:102950009B9B60F59C9B61F59D9B62F59E9B63F53F
:102960009F9B64F5A09B65F5A19B66F5A29B67F50F
:10297000A39B68F5A49B69F5A59B6AF5A69B6BF5DF
:10298000A79B6CF5A89B6DF5A99B6EF5AA9B6FF5AF
:10299000AB9B70F5AC9B71F5AD9B72F5AE9B73F57F
:1029A000AF9B74F5B09B75F5B19B76F5B29B77F54F
:1029B000B39B78F5B49B79F5B59B7AF5B69B7BF51F
:1029C000B79B7CF5B89B7DF5B99B7EF5BA9B80F5EE
:1029D000BB9B81F5BC9B82F5BD9B83F5BE9B84F5BB
:1029E000BF9B85F5C09B86F5C19B87F5C29B88F58B
:1029F000C39B89F5C49B8AF5C59B8BF5C69B8CF55B
:102A0000C79B8DF5C89B8EF5C99B8FF5CA9B90F52A
:102A1000CB9B91F5CC9B92F5CD9B93F5CE9B94F5FA
:102A2000CF9B95F5D09B96F5D19B97F5D29B98F5CA
:102A3000D39B99F5D49B9AF5D59B9BF5D69B9CF59A
:102A4000D79B9DF5D89B9EF5D99B9FF5DA9BA0F56A
:102A5000DB9BA1F56291A2F56191A3F57091A4F5BC
:102A60006991A5F56F91A6F57D91A7F57E91A8F5E1
:102A70007291A9F57491AAF57991ABF58C91ACF5A9
:102A80008591ADF59091AEF58D91AFF59191B0F541
:102A9000A291B1F5A391B2F5AA91B3F5AD91B4F5B8
:102AA000AE91B5F5AF91B6F5B591B7F5B491B8F56E
:102AB000BA91B9F5558CBAF57E9EBBF5B88DBCF5CB
:102AC000EB8DBDF5058EBEF5598EBFF5698EC0F54F
:102AD000B58DC1F5BF8DC2F5BC8DC3F5BA8DC4F5FA
:102AE000C48DC5F5D68DC6F5D78DC7F5DA8DC8F579
:102AF000DE8DC9F5CE8DCAF5CF8DCBF5DB8DCCF54E
:102B0000C68DCDF5EC8DCEF5F78DCFF5F88DD0F5E2
:102B1000E38DD1F5F98DD2F5FB8DD3F5E48DD4F5A8
:102B2000098ED5F5FD8DD6F5148ED7F51D8ED8F509
:102B30001F8ED9F52C8EDAF52E8EDBF5238EDCF583
:102B40002F8EDDF53A8EDEF5408EDFF5398EE0F51D
:102B5000358EE1F53D8EE2F5318EE3F5498EE4F5F3
:102B6000418EE5F5428EE6F5518EE7F5528EE8F599
:102B70004A8EE9F5708EEAF5768EEBF57C8EECF5F3
:102B80006F8EEDF5748EEEF5858EEFF58F8EF0F588
:102B9000948EF1F5908EF2F59C8EF3F59E8EF4F501
:102BA000788CF5F5828CF6F58A8CF7F5858CF8F53E
:102BB000988CF9F5948CFAF59B65FBF5D689FCF5B4
:102BC000DE89FDF5DA89FEF5DC8940F6DC9B41F60D
:102BD000DD9B42F6DE9B43F6DF9B44F6E09B45F629
:102BE000E19B46F6E29B47F6E39B48F6E49B49F6F9
:102BF000E59B4AF6E69B4BF6E79B4CF6E89B4DF6C9
:102C0000E99B4EF6EA9B4FF6EB9B50F6EC9B51F698
:102C1000ED9B52F6EE9B53F6EF9B54F6F09B55F668
:102C2000F19B56F6F29B57F6F39B58F6F49B59F638
:102C3000F59B5AF6F69B5BF6F79B5CF6F89B5DF608
:102C4000F99B5EF6FA9B5FF6FB9B60F6FC9B61F6D8
:102C5000FD9B62F6FE9B63F6FF9B64F6009C65F6A7
:102C6000019C66F6029C67F6039C68F6049C69F674
:102C7000059C6AF6069C6BF6079C6CF6089C6DF644
:102C8000099C6EF60A9C6FF60B9C70F60C9C71F614
:102C90000D9C72F60E9C73F60F9C74F6109C75F6E4
:102CA000119C76F6129C77F6139C78F6149C79F6B4
:102CB000159C7AF6169C7BF6179C7CF6189C7DF684
:102CC000199C7EF61A9C80F61B9C81F61C9C82F651
:102CD0001D9C83F61E9C84F61F9C85F6209C86F620
:102CE000219C87F6229C88F6239C89F6249C8AF6F0
:102CF000259C8BF6269C8CF6279C8DF6289C8EF6C0
:102D0000299C8FF62A9C90F62B9C91F62C9C92F68F
:102D10002D9C93F62E9C94F62F9C95F6309C96F65F
:102D2000319C97F6329C98F6339C99F6349C9AF62F
:102D3000359C9BF6369C9CF6379C9DF6389C9EF6FF
:102D4000399C9FF63A9CA0F63B9CA1F6E589A2F639
:102D5000EB89A3F6EF89A4F63E8AA5F6268BA6F6A4
:102D60005397A7F6E996A8F6F396A9F6EF96AAF672
:102D70000697ABF60197ACF60897ADF60F97AEF64F
:102D80000E97AFF62A97B0F62D97B1F63097B2F6B8
:102D90003E97B3F6809FB4F6839FB5F6859FB6F64F
:102DA000869FB7F6879FB8F6889FB9F6899FBAF6CF
:102DB0008A9FBBF68C9FBCF6FE9EBDF60B9FBEF6AF
:102DC0000D9FBFF6B996C0F6BC96C1F6BD96C2F689
:102DD000CE96C3F6D296C4F6BF77C5F6E096C6F691
:102DE0008E92C7F6AE92C8F6C892C9F63E93CAF65E
:102DF0006A93CBF6CA93CCF68F93CDF63E94CEF67B
:102E00006B94CFF67F9CD0F6829CD1F6859CD2F64F
:102E1000869CD3F6879CD4F6889CD5F6237AD6F682
:102E20008B9CD7F68E9CD8F6909CD9F6919CDAF6BE
:102E3000929CDBF6949CDCF6959CDDF69A9CDEF683
:102E40009B9CDFF69E9CE0F69F9CE1F6A09CE2F640
:102E5000A19CE3F6A29CE4F6A39CE5F6A59CE6F60D
:102E6000A69CE7F6A79CE8F6A89CE9F6A99CEAF6DA
:102E7000AB9CEBF6AD9CECF6AE9CEDF6B09CEEF6A2
:102E8000B19CEFF6B29CF0F6B39CF1F6B49CF2F66E
:102E9000B59CF3F6B69CF4F6B79CF5F6BA9CF6F63C
:102EA000BB9CF7F6BC9CF8F6BD9CF9F6C49CFAF600
:102EB000C59CFBF6C69CFCF6C79CFDF6CA9CFEF6BC
:102EC000CB9C40F73C9C41F73D9C42F73E9C43F72E
:102ED0003F9C44F7409C45F7419C46F7429C47F78E
:102EE000439C48F7449C49F7459C4AF7469C4BF75E
:102EF000479C4CF7489C4DF7499C4EF74A9C4FF72E
:102F00004B9C50F74C9C51F74D9C52F74E9C53F7FD
:102F10004F9C54F7509C55F7519C56F7529C57F7CD
:102F2000539C58F7549C59F7559C5AF7569C5BF79D
:102F3000579C5CF7589C5DF7599C5EF75A9C5FF76D
:102F40005B9C60F75C9C61F75D9C62F75E9C63F73D
:102F50005F9C64F7609C65F7619C66F7629C67F70D
:102F6000639C68F7649C69F7659C6AF7669C6BF7DD
:102F7000679C6CF7689C6DF7699C6EF76A9C6FF7AD
:102F80006B9C70F76C9C71F76D9C72F76E9C73F77D
:102F90006F9C74F7709C75F7719C76F7729C77F74D
:102FA000739C78F7749C79F7759C7AF7769C7BF71D
:102FB000779C7CF7789C7DF7799C7EF77A9C80F7EC
:102FC0007B9C81F77D9C82F77E9C83F7809C84F7B5
:102FD000839C85F7849C86F7899C87F78A9C88F771
:102FE0008C9C89F78F9C8AF7939C8BF7969C8CF727
:102FF000979C8DF7989C8EF7999C8FF79D9C90F7E6
:10300000AA9C91F7AC9C92F7AF9C93F7B99C94F76C
:10301000BE9C95F7BF9C96F7C09C97F7C19C98F70C
:10302000C29C99F7C89C9AF7C99C9BF7D19C9CF7C6
:10303000D29C9DF7DA9C9EF7DB9C9FF7E09CA0F763
:10304000E19CA1F7CC9CA2F7CD9CA3F7CE9CA4F762
:10305000CF9CA5F7D09CA6F7D39CA7F7D49CA8F744
:10306000D59CA9F7D79CAAF7D89CABF7D99CACF70D
:10307000DC9CADF7DD9CAEF7DF9CAFF7E29CB0F7D0
:103080007C97B1F78597B2F79197B3F79297B4F71A
:103090009497B5F7AF97B6F7AB97B7F7A397B8F78D
:1030A000B297B9F7B497BAF7B19ABBF7B09ABCF731
:1030B000B79ABDF7589EBEF7B69ABFF7BA9AC0F74F
:1030C000BC9AC1F7C19AC2F7C09AC3F7C59AC4F7B0
:1030D000C29AC5F7CB9AC6F7CC9AC7F7D19AC8F768
:1030E000459BC9F7439BCAF7479BCBF7499BCCF756
:1030F000489BCDF74D9BCEF7519BCFF7E898D0F783
:103100000D99D1F72E99D2F75599D3F75499D4F751
:10311000DF9AD5F7E19AD6F7E69AD7F7EF9AD8F77C
:10312000EB9AD9F7FB9ADAF7ED9ADBF7F99ADCF725
:10313000089BDDF70F9BDEF7139BDFF71F9BE0F784
:10314000239BE1F7BD9EE2F7BE9EE3F73B7EE4F7EB
:10315000829EE5F7879EE6F7889EE7F78B9EE8F765
:10316000929EE9F7D693EAF79D9EEBF79F9EECF7C8
:10317000DB9EEDF7DC9EEEF7DD9EEFF7E09EF0F7CD
:10318000DF9EF1F7E29EF2F7E99EF3F7E79EF4F790
:10319000E59EF5F7EA9EF6F7EF9EF7F7229FF8F720
:1031A0002C9FF9F72F9FFAF7399FFBF7379FFCF712
:1031B0003D9FFDF73E9FFEF7449F40F8E39C41F89A
:1031C000E49C42F8E59C43F8E69C44F8E79C45F80B
:1031D000E89C46F8E99C47F8EA9C48F8EB9C49F8DB
:1031E000EC9C4AF8ED9C4BF8EE9C4CF8EF9C4DF8AB
:1031F000F09C4EF8F19C4FF8F29C50F8F39C51F87B
:10320000F49C52F8F59C53F8F69C54F8F79C55F84A
:10321000F89C56F8F99C57F8FA9C58F8FB9C59F81A
:10322000FC9C5AF8FD9C5BF8FE9C5CF8FF9C5DF8EA
:10323000009D5EF8019D5FF8029D60F8039D61F8B6
:10324000049D62F8059D63F8069D64F8079D65F886
:10325000089D66F8099D67F80A9D68F80B9D69F856
:103260000C9D6AF80D9D6BF80E9D6CF80F9D6DF826
:10327000109D6EF8119D6FF8129D70F8139D71F8F6
:10328000149D72F8159D73F8169D74F8179D75F8C6
:10329000189D76F8199D77F81A9D78F81B9D79F896
:1032A0001C9D7AF81D9D7BF81E9D7CF81F9D7DF866
:1032B000209D7EF8219D80F8229D81F8239D82F833
:1032C000249D83F8259D84F8269D85F8279D86F802
:1032D000289D87F8299D88F82A9D89F82B9D8AF8D2
:1032E0002C9D8BF82D9D8CF82E9D8DF82F9D8EF8A2
:1032F000309D8FF8319D90F8329D91F8339D92F872
:10330000349D93F8359D94F8369D95F8379D96F841
:10331000389D97F8399D98F83A9D99F83B9D9AF811
:103320003C9D9BF83D9D9CF83E9D9DF83F9D9EF8E1
:10333000409D9FF8419DA0F8429D40F9439D41F971
:10334000449D42F9459D43F9469D44F9479D45F901
:10335000489D46F9499D47F94A9D48F94B9D49F9D1
:103360004C9D4AF94D9D4BF94E9D4CF94F9D4DF9A1
:10337000509D4EF9519D4FF9529D50F9539D51F971
:10338000549D52F9559D53F9569D54F9579D55F941
:10339000589D56F9599D57F95A9D58F95B9D59F911
:1033A0005C9D5AF95D9D5BF95E9D5CF95F9D5DF9E1
:1033B000609D5EF9619D5FF9629D60F9639D61F9B1
:1033C000649D62F9659D63F9669D64F9679D65F981
:1033D000689D66F9699D67F96A9D68F96B9D69F951
:1033E0006C9D6AF96D9D6BF96E9D6CF96F9D6DF921
:1033F000709D6EF9719D6FF9729D70F9739D71F9F1
:10340000749D72F9759D73F9769D74F9779D75F9C0
:10341000789D76F9799D77F97A9D78F97B9D79F990
:103420007C9D7AF97D9D7BF97E9D7CF97F9D7DF960
:10343000809D7EF9819D80F9829D81F9839D82F92D
:10344000849D83F9859D84F9869D85F9879D86F9FC
:10345000889D87F9899D88F98A9D89F98B9D8AF9CC
:103460008C9D8BF98D9D8CF98E9D8DF98F9D8EF99C
:10347000909D8FF9919D90F9929D91F9939D92F96C
:10348000949D93F9959D94F9969D95F9979D96F93C
:10349000989D97F9999D98F99A9D99F99B9D9AF90C
:1034A0009C9D9BF99D9D9CF99E9D9DF99F9D9EF9DC
:1034B000A09D9FF9A19DA0F9A29D40FAA39D41FA6C
:1034C000A49D42FAA59D43FAA69D44FAA79D45FAFC
:1034D000A89D46FAA99D47FAAA9D48FAAB9D49FACC
:1034E000AC9D4AFAAD9D4BFAAE9D4CFAAF9D4DFA9C
:1034F000B09D4EFAB19D4FFAB29D50FAB39D51FA6C
:10350000B49D52FAB59D53FAB69D54FAB79D55FA3B
:10351000B89D56FAB99D57FABA9D58FABB9D59FA0B
:10352000BC9D5AFABD9D5BFABE9D5CFABF9D5DFADB
:10353000C09D5EFAC19D5FFAC29D60FAC39D61FAAB
:10354000C49D62FAC59D63FAC69D64FAC79D65FA7B
:10355000C89D66FAC99D67FACA9D68FACB9D69FA4B
:10356000CC9D6AFACD9D6BFACE9D6CFACF9D6DFA1B
:10357000D09D6EFAD19D6FFAD29D70FAD39D71FAEB
:10358000D49D72FAD59D73FAD69D74FAD79D75FABB
:10359000D89D76FAD99D77FADA9D78FADB9D79FA8B
:1035A000DC9D7AFADD9D7BFADE9D7CFADF9D7DFA5B
:1035B000E09D7EFAE19D80FAE29D81FAE39D82FA28
:1035C000E49D83FAE59D84FAE69D85FAE79D86FAF7
:1035D000E89D87FAE99D88FAEA9D89FAEB9D8AFAC7
:1035E000EC9D8BFAED9D8CFAEE9D8DFAEF9D8EFA97
:1035F000F09D8FFAF19D90FAF29D91FAF39D92FA67
:10360000F49D93FAF59D94FAF69D95FAF79D96FA36
:10361000F89D97FAF99D98FAFA9D99FAFB9D9AFA06
:10362000FC9D9BFAFD9D9CFAFE9D9DFAFF9D9EFAD6
:10363000009E9FFA019EA0FA029E40FB039E41FB62
:10364000049E42FB059E43FB069E44FB079E45FBF2
:10365000089E46FB099E47FB0A9E48FB0B9E49FBC2
:103660000C9E4AFB0D9E4BFB0E9E4CFB0F9E4DFB92
:10367000109E4EFB119E4FFB129E50FB139E51FB62
:10368000149E52FB159E53FB169E54FB179E55FB32
:10369000189E56FB199E57FB1A9E58FB1B9E59FB02
:1036A0001C9E5AFB1D9E5BFB1E9E5CFB249E5DFBCD
:1036B000279E5EFB2E9E5FFB309E60FB349E61FB6F
:1036C0003B9E62FB3C9E63FB409E64FB4D9E65FB04
:1036D000509E66FB529E67FB539E68FB549E69FB9F
:1036E000569E6AFB599E6BFB5D9E6CFB5F9E6DFB5D
:1036F000609E6EFB619E6FFB629E70FB659E71FB20
:103700006E9E72FB6F9E73FB729E74FB749E75FBC4
:10371000759E76FB769E77FB779E78FB789E79FB8D
:10372000799E7AFB7A9E7BFB7B9E7CFB7C9E7DFB5D
:103730007D9E7EFB809E80FB819E81FB839E82FB23
:10374000849E83FB859E84FB869E85FB899E86FBEB
:103750008A9E87FB8C9E88FB8D9E89FB8E9E8AFBB2
:103760008F9E8BFB909E8CFB919E8DFB949E8EFB7F
:10377000959E8FFB969E90FB979E91FB989E92FB49
:10378000999E93FB9A9E94FB9B9E95FB9C9E96FB19
:103790009E9E97FBA09E98FBA19E99FBA29E9AFBE2
:1037A000A39E9BFBA49E9CFBA59E9DFBA79E9EFBB0
:1037B000A89E9FFBA99EA0FBAA9E40FCAB9E41FC3D
:1037C000AC9E42FCAD9E43FCAE9E44FCAF9E45FCCD
:1037D000B09E46FCB19E47FCB29E48FCB39E49FC9D
:1037E000B59E4AFCB69E4BFCB79E4CFCB99E4DFC68
:1037F000BA9E4EFCBC9E4FFCBF9E50FCC09E51FC2E
:10380000C19E52FCC29E53FCC39E54FCC59E55FCF7
:10381000C69E56FCC79E57FCC89E58FCCA9E59FCC3
:10382000CB9E5AFCCC9E5BFCD09E5CFCD29E5DFC89
:10383000D39E5EFCD59E5FFCD69E60FCD79E61FC4D
:10384000D99E62FCDA9E63FCDE9E64FCE19E65FC10
:10385000E39E66FCE49E67FCE69E68FCE89E69FCCD
:10386000EB9E6AFCEC9E6BFCED9E6CFCEE9E6DFC90
:10387000F09E6EFCF19E6FFCF29E70FCF39E71FC5C
:10388000F49E72FCF59E73FCF69E74FCF79E75FC2C
:10389000F89E76FCFA9E77FCFD9E78FCFF9E79FCF4
:1038A000009F7AFC019F7BFC029F7CFC039F7DFCB8
:1038B000049F7EFC059F80FC069F81FC079F82FC85
:1038C000089F83FC099F84FC0A9F85FC0C9F86FC53
:1038D0000F9F87FC119F88FC129F89FC149F8AFC14
:1038E000159F8BFC169F8CFC189F8DFC1A9F8EFCDD
:1038F0001B9F8FFC1C9F90FC1D9F91FC1E9F92FCA8
:103900001F9F93FC219F94FC239F95FC249F96FC72
:10391000259F97FC269F98FC279F99FC289F9AFC3F
:10392000299F9BFC2A9F9CFC2B9F9DFC2D9F9EFC0E
:103930002E9F9FFC309FA0FC319F40FD329F41FD98
:10394000339F42FD349F43FD359F44FD369F45FD27
:10395000389F46FD3A9F47FD3C9F48FD3F9F49FDEC
:10396000409F4AFD419F4BFD429F4CFD439F4DFDB3
:10397000459F4EFD469F4FFD479F50FD489F51FD7F
:10398000499F52FD4A9F53FD4B9F54FD4C9F55FD4F
:103990004D9F56FD4E9F57FD4F9F58FD529F59FD1D
:1039A000539F5AFD549F5BFD559F5CFD569F5DFDE7
:1039B000579F5EFD589F5FFD599F60FD5A9F61FDB7
:1039C0005B9F62FD5C9F63FD5D9F64FD5E9F65FD87
:1039D0005F9F66FD609F67FD619F68FD629F69FD57
:1039E000639F6AFD649F6BFD659F6CFD669F6DFD27
:1039F000679F6EFD689F6FFD699F70FD6A9F71FDF7
:103A00006B9F72FD6C9F73FD6D9F74FD6E9F75FDC6
:103A10006F9F76FD709F77FD719F78FD729F79FD96
:103A2000739F7AFD749F7BFD759F7CFD769F7DFD66
:103A3000779F7EFD789F80FD799F81FD7A9F82FD33
:103A40007B9F83FD7C9F84FD7D9F85FD7E9F86FD02
:103A5000819F87FD829F88FD8D9F89FD8E9F8AFDB6
:103A60008F9F8BFD909F8CFD919F8DFD929F8EFD72
:103A7000939F8FFD949F90FD959F91FD969F92FD42
:103A8000979F93FD989F94FD9C9F95FD9D9F96FD0C
:103A90009E9F97FDA19F98FDA29F99FDA39F9AFDD0
:103AA000A49F9BFDA59F9CFD2CF99DFD79F99EFD92
:103AB00095F99FFDE7F9A0FDF1F940FE0CFA41FEF2
:103AC0000DFA42FE0EFA43FE0FFA44FE11FA45FECD
:103AD00013FA46FE14FA47FE18FA48FE1FFA49FE8A
:103AE00020FA4AFE21FA4BFE23FA4CFE24FA4DFE40
:103AF00027FA4EFE28FA4FFE29FA00000000610066
:103B00006200630064006500660067006800690089
:103B10006A006B006C006D006E006F007000710039
:103B200072007300740075007600770078007900E9
:103B30007A00A100A200A300A500AC00AF00E00045
:103B4000E100E200E300E400E500E600E700E80051
:103B5000E900EA00EB00EC00ED00EE00EF00F00001
:103B6000F100F200F300F400F500F600F800F900AF
:103B7000FA00FB00FC00FD00FE00FF000101030154
:103B80000501070109010B010D010F0111011301CD
:103B90001501170119011B011D011F01210123013D
:103BA0002501270129012B012D012F0131013301AD
:103BB000350137013A013C013E0140014201440117
:103BC000460148014B014D014F015101530155017F
:103BD000570159015B015D015F01610163016501ED
:103BE000670169016B016D016F017101730175015D
:103BF00077017A017C017E019201B103B203B30324
:103C0000B403B503B603B703B803B903BA03BB03E0
:103C1000BC03BD03BE03BF03C003C103C303C4038E
:103C2000C503C603C703C803C903CA03300431046C
:103C300032043304340435043604370438043904B8
:103C40003A043B043C043D043E043F044004410468
:103C50004204430444044504460447044804490418
:103C60004A044B044C044D044E044F0451045204C6
:103C700053045404550456045704580459045A0470
:103C80005B045C045E045F04702171217221732166
:103C90007421752176217721782179217A217B2160
:103CA0007C217D217E217F2141FF42FF43FF44FF94
:103CB00045FF46FF47FF48FF49FF4AFF4BFF4CFFC8
:103CC0004DFF4EFF4FFF50FF51FF52FF53FF54FF78
:103CD00055FF56FF57FF58FF59FF5AFF000041009C
:103CE00042004300440045004600470048004900A8
:103CF0004A004B004C004D004E004F005000510058
:103D00005200530054005500560057005800590007
:103D10005A002100E0FFE1FFE5FFE2FFE3FFC00002
:103D2000C100C200C300C400C500C600C700C8006F
:103D3000C900CA00CB00CC00CD00CE00CF00D0001F
:103D4000D100D200D300D400D500D600D800D900CD
:103D5000DA00DB00DC00DD00DE007801000102019A
:103D60000401060108010A010C010E0110011201F3
:103D70001401160118011A011C011E012001220163
:103D80002401260128012A012C012E0130013201D3
:103D90003401360139013B013D013F01410143013D
:103DA000450147014A014C014E01500152015401A5
:103DB000560158015A015C015E0160016201640113
:103DC000660168016A016C016E0170017201740183
:103DD000760179017B017D019101910392039303A7
:103DE0009403950396039703980399039A039B03FF
:103DF0009C039D039E039F03A003A103A303A403AD
:103E0000A503A603A703A803A903AA03100411048A
:103E100012041304140415041604170418041904D6
:103E20001A041B041C041D041E041F042004210486
:103E30002204230424042504260427042804290436
:103E40002A042B042C042D042E042F040104020444
:103E500003040404050406040704080409040A040E
:103E60000B040C040E040F04602161216221632104
:103E70006421652166216721682169216A216B21FE
:103E80006C216D216E216F2121FF22FF23FF24FF72
:103E900025FF26FF27FF28FF29FF2AFF2BFF2CFFE6
:103EA0002DFF2EFF2FFF30FF31FF32FF33FF34FF96
:103EB00035FF36FF37FF38FF39FF3AFF00003E205D
:103EC000486F7374204C69627261727920496E691F
:103ED0007469616C697A65640D0A003E20446576F8
:103EE000696365204174746163686564200D0A002C
:103EF0003E2044657669636520446973636F6E6E26
:103F000065637465640D0A003E20456E756D6572CB
:103F10006174696F6E20636F6D706C657465642089
:103F20000D0A003E2048696768207370656564204B
:103F30006465766963652064657465637465640DA2
:103F40000A003E2046756C6C2073706565642064C1
:103F500065766963652064657465637465640D0ADC
:103F6000003E204C6F772073706565642064657631
:103F70006963652064657465637465640D0A003E59
:103F800020446576696365206661756C74200D0A4E
:103F9000003E204D6173732073746F7261676520FA
:103FA00064657669636520636F6E6E6563746564CE
:103FB0000D0A003E20484944206465766963652007
:103FC000636F6E6E65637465640D0A003E2053690D
:103FD0007A65206F6620746865206469736B206958
:103FE0006E204D42797465733A200D0A003E204CD4
:103FF000554E20417661696C61626C6520696E2066
:10400000746865206465766963653A0D0A003E2030
:104010004578706C6F72696E67206469736B206697
:104020006C617368202E2E2E0D0A003E20546865A8
:10403000206469736B2069732077726974652070DE
:10404000726F7465637465640D0A003E20554E52AC
:1040500045434F5645524544204552524F522053F6
:10406000544154450D0A00DDDDDDDDDCBBBBDDDD8B
:10407000DDDDDDDDDDDDDD9888888888888888776E
:104080007777777788888885555556666666666639
:10409000666666666888888333333222222222224B
:1040A0002222222228888D00CAB1BCE43A20253081
:1040B00034642D253032642D253032642025303291
:1040C000643A253032643A253032640AC5A8B6C84D
:1040D0003A20252E3266207070620AB5E7B5BCC260
:1040E000CA3A20252E34662075732F636D0D0A00A1
:1040F0001041030800000020F8000000A46500083B
:1041000008420308F800002010920000B46500087F
:10411000000000000000000000000000000000009F
:10412000000A0D0100000000000000000000000077
:10413000000000000000000000010203040102036F
:10414000040607080900000000000000000000004D
:10415000000000000000000000000000000000005F
:104160000000000000000000E13900089539000857
:1041700055330008593400080003000001450008C9
:104180002B2B0008E72C00086C000020000000002A
:104190000000000075460008A1450008A54500087C
:1041A0006D470008B545000821470008ED450008A7
:1041B0002D460008A34500086D450008F946000893
:1041C000494700089547000865460008CD470008A4
:1041D000F5460008C5450008BD470008000000007E
:1041E00000000000000000000000000000000000CF
:1041F00000000000000000000000000000000000BF
:084200000000000000000000B6
:040000050800018965
:00000001FF
