:020000040800F2
:10000000089300209D0100084D1C00089519000868
:10001000491C000873120008B166000800000000C7
:100020000000000000000000000000005521000852
:100030009117000800000000391D00084522000843
:10004000B7010008B7010008B7010008B7010008B0
:10005000B7010008B7010008B7010008B7010008A0
:10006000B7010008B7010008B7010008B701000890
:10007000B7010008B7010008B7010008B701000880
:10008000B7010008B7010008B7010008B701000870
:10009000B7010008B7010008B7010008B701000860
:1000A000B7010008B7010008B7010008B701000850
:1000B0006D24000875240008B7010008B701000886
:1000C000B7010008B7010008B7010008B701000830
:1000D000B7010008AD270008B7010008B701000804
:1000E000B7010008B7010008B7010008B701000810
:1000F000B7010008B7010008B7010008B701000800
:10010000B7010008B7010008B7010008B7010008EF
:10011000B7010008B7010008B7010008B7010008DF
:10012000B7010008B7010008B7010008B7010008CF
:10013000B7010008B7010008B7010008B7010008BF
:10014000B7010008B7010008B7010008B7010008AF
:10015000B7010008B7010008B701000831290008FD
:10016000B7010008B7010008B7010008B70100088F
:10017000B7010008F11C0008B7010008B70100082A
:10018000B7010008B7010008DFF80CD000F01AFC36
:10019000004800472990000808930020064880473F
:1001A00006480047FEE7FEE7FEE7FEE7FEE7FEE75C
:1001B000FEE7FEE7FEE7FEE7C92200088901000826
:1001C00040EA01039B0703D009E008C9121F08C0D9
:1001D000042AFAD203E011F8013B00F8013B521E59
:1001E000F9D27047D2B201E000F8012B491EFBD2D0
:1001F00070470022F6E710B513460A460446194632
:10020000FFF7F0FF204610BD421C10F8011B00292B
:10021000FBD1801A704710B5002200E0521C835CAD
:100220008C5CA34201D1002BF8D1D8B2E1B2401AC4
:1002300010BD0246C9B200E0401C0378002BFBD180
:1002400002E003788B4203D0401E9042F9D2002096
:10025000704700000FB400B58DB010A909900B9045
:1002600000914FF0FF300A9000200C900548069056
:10027000054807906A4609A80F9900F037F90DB0B4
:100280005DF814FB09050008270500082DE9FF5F4C
:100290001D464FF0FF3BD5E9014691465F464FF0C2
:1002A0000008A9697F1C01988847296A8246884707
:1002B0000028F6D1BAF1FF3F0CD024F4C064002E20
:1002C00019DD600614D5BAF12B0F09D0BAF12D0F44
:1002D0000ED103E0584604B0BDE8F09F44F48064BA
:1002E000A9697F1C01988847761E8246002E02DD90
:1002F000BAF1300F03D0B9F1000F26D032E0A9696E
:10030000761E44F400747F1C019888478246002EB4
:1003100005DDBAF1780F06D0BAF1580F03D0B9F164
:10032000000F10D01EE0B9F1000F02D0B9F1100F8C
:1003300018D1A969761E24F400747F1C019888479F
:100340008246102002E0082000E00A20814609E0F1
:1003500008FB0908A969761E44F400747F1C019803
:1003600088478246002E05DD4946504600F0AAF82F
:100370000028EDDAE96901988847A00502D46FF0FA
:100380000100A8E7E00725D1600613D5600502D576
:10039000C8F1000000E0404629680A1D2A6009688B
:1003A000220501D5087015E0220701D5088011E06B
:1003B00008600FE02868011D29600068210502D54A
:1003C00080F8008006E0210702D5A0F8008001E057
:1003D000C0F8008038467EE700F0004230F0004070
:1003E0000AD0C10D01F56071C0F3160042EA015157
:1003F000C20840071143704700200146704701F0D2
:10040000004330B421F0004150EA010206D00A0D49
:10041000A2F56072C1F31301002A02DC30BC002097
:100420007047440F44EAC104C100E01830BC00EB3F
:10043000C25000F0D7B830B50B460146002020224C
:10044000012409E021FA02F59D4205D303FA02F5E1
:10045000491B04FA02F52844151EA2F10102F1DC41
:1004600030BD2DE9F05F0546002092469B46884648
:100470000646814640241BE0284641464746224620
:1004800000F0C1FA53465A46C01A914110D31146A2
:100490001846224600F0A8FA2D1A67EB01084F46CD
:1004A00022460120002100F09FFA17EB00094E417F
:1004B000201EA4F10104DFDC484631462A464346AB
:1004C000BDE8F09F3A2800D2303820F02002412ABF
:1004D00001D3A2F13700884201D34FF0FF307047BB
:1004E000026811441378016018467047D1600449CE
:1004F00051610449116200211161114600F0AABA4C
:10050000E10400084B0A0008426842B1016811F892
:10051000013B23B1521EC0E9001218467047012169
:10052000C160881E704742685AB1C368016843B908
:1005300083688B4205D0491E521CC0E9001200207E
:1005400070474FF0FF3070470FB4002300B589B0FB
:100550000CA900910B996FF00042CB601E4B0693E3
:100560001E4B07930423CDE901321D4A089202462F
:100570006B46002000F098FC09B05DF814FB70B5E4
:1005800086B006464FF0FF300091CDE90101002012
:1005900015460C4604903246694604A8FFF7D4FF7E
:1005A00002460498211825B108B1084600E020460B
:1005B0002860049800280DD0002A02DD00988842A7
:1005C00008D0081B0094CDE901043246694604A80E
:1005D000FFF7BAFF06B070BD09050008270500083F
:1005E0004B0A00080029A8BF7047401C490008BFFB
:1005F00020F00100704710B4B0FA80FC00FA0CF053
:1006000050EA010404BF10BC704749B1CCF120048A
:1006100021FA04F411FA0CF118BF01212143084317
:10062000A3EB0C01CB1D4FEA00614FEA102042BF43
:10063000002010BC704700EBC35010440029A4BF39
:1006400010BC7047401C490008BF20F0010010BCDE
:1006500070472DE9FE4F804681EA0300C00F0C462B
:10066000009021F0004123F00045B8EB0200A941C1
:1006700005D24046214690461C460B46024623F0D2
:100680000040104347D0270DC7F30A00C3F30A51B7
:100690000290401A019040286BDAC3F3130040F433
:1006A000801B0098924620B10023D2EB030A63EB33
:1006B0000B0B01985946C0F14002504600F094F9E6
:1006C00006460D4650465946019A00F0ACF910EB2B
:1006D00008006141002487EA115284EAE7731A4353
:1006E00040D0009A62B3019A012A4FEA075215DC02
:1006F000001B61EB02014FF0004202EA0752CDE914
:100700000042001C41F5801132462B4600F0F7FCF8
:1007100003B0BDE8F08F40462146F9E7001B61EBCE
:100720000201001C41F5801300185B412018A2F55E
:10073000001747EB030140EAD570B6196D4111E08F
:100740006D084FEA360645EAC0754FEA0752001BAE
:1007500061EB0201001C41F5801149084FEA3000AD
:100760000019514132462B4603B0BDE8F04F00F06E
:10077000B7BC0098012240000023D0EB020263EBDB
:10078000E073009821464FEAE074B8EB000061EB9B
:100790000401E9E783F000435BE781F0004158E79B
:1007A0002DE9FE4F81EA030404F0004421F00041EA
:1007B00000944FF0000B23F0004350EA01045ED098
:1007C00052EA03045BD0C3F30A54C1F30A552C4424
:1007D000A4F2F3340194A0FB0254C1F3130141F4D9
:1007E0008011C3F3130343F4801301FB024400FBA5
:1007F000034E840A970A44EA815447EA8357A4FBCC
:10080000076802958D0A05FB07854FEA932C04FBC8
:100810000C542705029D4FEA065847EA1637B5EBF8
:1008200008056EEB070C870E920E47EA811742EA25
:100830008312A7FB0201B6EB0B0164EB00042B0D46
:1008400043EA0C335E1844EB1C50DA465146E7FB92
:100850000201C5F313044FEA0B3343EA14534FEA82
:100860000432019C43EA0603A4F10C040294009CA8
:10087000CDE900B400F043FC03B0BDE8F08F0020E8
:100880000146F9E72DE9F04D81EA030404F0004B3D
:1008900021F0004514464FF0000A23F0004150EAD1
:1008A000050220D054EA01021DD0C5F30A570246C2
:1008B000C5F31303C1F31300C1F30A5640F48015C6
:1008C00043F48013A7EB0608101BD64608F2FD3848
:1008D00073EB050002D308F1010801E092185B41B7
:1008E000B8F1000F03DA00200146BDE8F08D0020CA
:1008F0004FF48011064684460EE0171B73EB050784
:1009000005D3121B63EB050306434CEA010C4908AF
:100910004FEA300092185B4150EA0107EDD152EAEC
:10092000030012D082EA040083EA0501084305D0DF
:10093000101BAB4106D20122002306E000224FF03B
:10094000004302E06FF0010253101AEB06004CEB7B
:10095000085110EB0A0041EB0B01BDE8F04D00F02F
:10096000BFBBC1F30A52C1F3130140F2FF3341F49C
:1009700080119A4202DA00200146704740F2334368
:100980009A42A2F2334202DC524200F03CB800F03C
:100990002BB8000030B5041E71F1000404DB4FF0E9
:1009A0000044404264EB0101141E73F1000405DBB6
:1009B0001C464FF00043524263EB0403994208BFC8
:1009C000904230BD064C074D06E0E06840F0010360
:1009D00094E8070098471034AC42F6D3FFF7D8FBF1
:1009E0006C4503088C450308202A04DB203A00FAF2
:1009F00002F1002070479140C2F1200320FA03F376
:100A0000194390407047202A04DB203A21FA02F073
:100A10000021704721FA02F3D040C2F12002914038
:100A2000084319467047202A06DBCB17203A41FAC3
:100A300002F043EAE07306E041FA02F3D040C2F16B
:100A400020029140084319467047C0B24FF4F0515C
:100A500000F0A4BB2DE9F34F8BB04FF0000801F17B
:100A60000C000C464FF0010B46460DF1080A0190B0
:100A70006269012101989047051E2DD0252D2CD0AB
:100A8000216A8847C0B16269012101989047216AB3
:100A900088470028F7D1411E62690198904700E01D
:100AA000761CA1690B988847216A88470028F7D1EE
:100AB000E1690B988847DBE7A1690B9888470746EF
:100AC000A84201D1761CD3E7E1690B9888477F1CC7
:100AD00002D1B8F1000F6FD046E1002762693D46B0
:100AE0003946019890472A2804D16269012101986A
:100AF00090470125DFF884926269012101989047AF
:100B0000A0F130010A290AD24F45E5DC07EB870145
:100B100000EB4107303FDFD445F01005ECE7E90674
:100B200001D46FF000476C280AD04C2814D06828F4
:100B300015D06A280DD074281CD07A281AD01DE050
:100B400062690121019890476C2802D045F00405A4
:100B500014E045F002050DE045F020050AE0626969
:100B6000012101989047682802D045F0080505E06A
:100B700045F400656269012101989047C4E9015775
:100B800065283DD019DC58287AD00CDC452837D0B0
:100B900004DC252826D0412831D131E046282FD049
:100BA00047282CD12CE05B2877D0612828D06328F7
:100BB0007CD0642823D15AE0D0E06F2848D008DCEC
:100BC00066281DD067281BD0692821D06E2816D131
:100BD00027E0702845D0732868D0752847D078283A
:100BE0000DD14DE0A1690B988847054625283FF4B3
:100BF00069AFE1690B9888476D1C3FF46AAFB3E0B9
:100C000023466A466FF001000B9900F04DF99EE013
:100C100045F040006060A80723464FF0000236D43C
:100C20003EE0E8077FF447AF2068011D21600068BF
:100C3000290501D506701BE7290701D5068017E7AE
:100C4000A90703D5F117C0E9006111E706600FE7B6
:100C500045F040006060A80723464FF0080216D414
:100C60001EE040F60E0125EA0100606016E045F046
:100C700040006060A80723464FF00A0207D40FE047
:100C800045F040006060A80708D5234610226FF0A9
:100C900001000B99AFF3008059E007E023461022D2
:100CA0006FF001000B99FFF7F1FA50E04FF00009E7
:100CB0004F464B46632802D05B2806D040E0E8064A
:100CC00001D40120A06001273AE062690121019866
:100CD00090475E2805D14FF00109626949460198A5
:100CE0009047216939B900210A46534643F821202B
:100CF000491C0829FADBB0B3216969B9C11700EBB7
:100D0000D16253110AEB830122F01F02821A0120E3
:100D10000B68904003430B60626901210198904782
:100D20005D28E8D1B9F1000F09D00020514651F8F3
:100D30002020D24341F82020401C0828F7DB02ABDA
:100D4000224600976FF001000B99AFF30080002856
:100D50000CDA401C08D1BBF1000F05D04FF0FF307A
:100D60000DB0BDE8F08FFFE74046F9E7E90701D194
:100D700008F1010806444FF0000B79E6CCCCCC0C0E
:100D80002DE9FF4F087883B09946FF2805D0491C0C
:100D90002D2804D00024002008E000200BE00124CE
:100DA000F9E700EB800003EB4000491C0B78FF2BB8
:100DB000F7D104B1404200230293147819461D462E
:100DC0002D2C01D02B2C04D1521C2D2C13D00024FF
:100DD0000294AA461478FF2C0FD00A25A3FB0578AD
:100DE00001FB05814FF0000C03FB0C11521CE319B1
:100DF0004AEB0101EEE70124EAE7814453EA0100EE
:100E000002D019F5C87F06DA03980021C0E9001165
:100E100007B0BDE8F08F0025AE4E2F46DFF8B88250
:100E2000184600F0CFF9CDE90001B9F1000002DA6F
:100E3000C9F1000400E004460023A74A1AEB030BA3
:100E400042EB045A12E0E00707D02A463346384600
:100E50004146FFF7A5FC074688462A46334610461A
:100E60001946FFF79DFC05460E466410002CEAD19A
:100E7000DDE90001B9F1000F5A46534606DAFFF7E3
:100E800001FD3A464346FFF7FDFC05E0FFF788FC0D
:100E90003A464346FFF784FC029A0AB181F00041CA
:100EA000039AC2E90001B3E72DE9FF4F1F468DB059
:100EB000D7E901464FF0FF382E2045464FF0000994
:100EC0000B90B9696D1C0E988847396A824688472D
:100ED0000028F6D1BAF1FF3F0AD024F4D064002EE6
:100EE00011DDBAF12B0F08D0BAF12D0F0BD102E0B2
:100EF000404611B08DE744F48064B9696D1C0E98CA
:100F000088478246761E6946600501D52D2000E09F
:100F10002B208DF8000001F1010B0DF1200809E0F4
:100F2000B9696D1C0E98884782460F9844F4007486
:100F3000761E0560002E02DDBAF1300FF0D00B995D
:100F40008A453ED144F0800406E00F99681CA9F15F
:100F5000010944F400740860B9696D1C761E0E988E
:100F6000884782463028F0D02BE00B998A4505D17E
:100F7000200603D444F08004761E18E0504605F0A5
:100F800055FD08B30DF11301761E44F400748B4532
:100F900008D2AAF130000BF8010B200607D5A9F101
:100FA000010003E0200602D409F101008146A005FA
:100FB00002D50F99681C0860B9696D1C0E988847A6
:100FC0008246002ED1DC53E0002E51DDBAF1650FD0
:100FD00002D0BAF1450F4BD1A00549D5B9696D1CB6
:100FE00024F44074761E0E9888478246002E0CDD4D
:100FF0002B2804D0BAF12D0F07D144F48074B969BD
:101000006D1C0E9888478246761EE00501D52D217D
:1010100000E02B2108F8011BCDF82C8021E00DF118
:101020002901761E44F4007488450CD2AAF13000E0
:1010300010F0FF0088F8000002D10B99884509D90B
:1010400008F1010806E0E00501D5244801E042F27C
:101050000F708146B9696D1C0E98884782460F98BB
:101060000560002E04DD504605F0E0FC0028D6D1D6
:10107000F9690E988847FF208BF8000088F8000077
:101080000020069007904B466A4608A906A8FFF77D
:1010900077FEA00502D46FF001002AE714F0240FB8
:1010A0000AD0E00714D1DDE906123868031D3B6061
:1010B0000068C0E900120BE0DDE90601FFF79FF9C7
:1010C0000146E00704D13868021D3A6000680160FB
:1010D00028460EE7000014400000F03FF1D8FFFF63
:1010E00010B5141E73F1000408DA401C41F1000130
:1010F00092185B411A4301D120F0010010BD2DE987
:10110000F04D92469B4611B1B1FA81F202E0B0FA7D
:1011100080F220329046FFF767FC04460F4640EA13
:101120000A0041EA0B0153465A46084313D01146C0
:1011300053EA010019D0C8F140025046FFF763FCA2
:1011400005460E46504659464246FFF74DFC0843B9
:1011500005D0012004E020463946BDE8F08D00208E
:10116000054346EAE0762C4337430A986305E40AD0
:10117000A0EB08000022FD0A44EA47540A3002D5D9
:1011800000200146E9E7010510196941DDE908453C
:1011900000196941BDE8F04DA2E700007F2801D9A0
:1011A000002208E0064A02EB5002C007127800D184
:1011B000120902F00F020120904008407047000021
:1011C000E34403080EB540F2334202920022CDE917
:1011D00000221346FFF793FF03B000BD70B505462C
:1011E0000C4608480560204600F00EF800BF054890
:1011F00000680028FBD100214FF0804001F061F928
:1012000070BD0000D40000203EB5044600214FF020
:10121000804001F056F900220121880701F0B9F958
:10122000022C02D10B20019004E0012C02D142F6E5
:10123000DF6001900520ADF800000020ADF8080047
:10124000ADF8020069464FF0804001F0F5F9012148
:10125000880701F033F90121880701F023F9012201
:101260001146900701F095F90121880701F029F94D
:101270003EBD00BFFEE72DE9F04305460E464FF6A2
:10128000FF7448F2050817E015F8010B00F0C1FBE8
:10129000814684EA092408270BE004F4004018B1D1
:1012A00088EA440084B203E04FF6FF7000EA440489
:1012B0007F1E002FF1D100BF301EA6F10106E3D141
:1012C000204600F093FBBDE8F083000010B5ADF5BB
:1012D000916D0020534908705348006898B95348ED
:1012E000008801280FD100F01BFE51490870084604
:1012F0000078002804DD08460078401C087002E0F1
:1013000001204B4908704A4802784AA14B4805F031
:1013100069FA95A9002006F0F5FF044634B121468C
:1013200047A005F04FFA0DF5916D10BD4AA102A836
:1013300007F0D2F8044644B1214648A005F042FA2D
:101340000021084606F0DEFFEDE712223B490BA81C
:1013500006F0F2FF0446002C3FD1344800880128F3
:101360003BD10BA80E9906F0F5FE04464148B0F9B2
:101370000000072809DD3F48B0F90000C21F01AB9B
:101380003D490BA807F053FA04469CB93BA00168FD
:10139000009101AB022269460BA807F048FA044607
:1013A0003CB92348017836A005F00CFA01201D490C
:1013B000087000BF1C480068401C1B4908600846B4
:1013C0000068B0F5967F0DD319480078401C184985
:1013D000087000201449086004E01548017832A024
:1013E00005F0F0F90BA806F0A5FE0021084606F06E
:1013F00089FF95A9002006F085FF044616A102A8E2
:1014000007F06AF8044601220C490BA806F094FF85
:1014100004460BA806F08EFE0021084606F072FF77
:1014200000BF80E7100000200C0000200400002016
:101430001300002025642E7478740000F81000203A
:10144000B9D2D4D8CEC4BCFECFB5CDB3CAA7B0DC18
:1014500020282564290D0A002F000000B4F2BFAA3D
:10146000B8F9C4BFC2BCCAA7B0DC20282564290DC6
:101470000A000000DE000020F91F00200D0A000015
:101480007061676531372E74302E7478743D222573
:10149000642E747874CEC4BCFED0B4C8EBB3C9B9A2
:1014A000A622FFFFFF00000025642E74787420CE72
:1014B000C4BCFED0B4C8EBCAA7B0DC0D0A00000063
:1014C0000246094B9A4201D2084801E0064810380A
:1014D00001F000531BB1064B0B40C36002E0044B0C
:1014E0000B408360704700001064024000600240BF
:1014F0007D0F7D0F21B1026842F00102026003E01E
:10150000026822F00102026070470000016821F0C9
:10151000010101600021016041608160C1600161E1
:10152000212141614A49884204D13D21484A103A6B
:1015300091608CE046491831884205D14FF47461BE
:10154000434A103A916082E041493031884205D1E6
:101550004FF474113E4A103A916078E03C494831AA
:10156000884205D14FF07461394A103A91606EE0BB
:1015700037496031884204D13649354A103AD16042
:1015800065E033497831884204D13349304A103A12
:10159000D1605CE02E499031884204D12F492C4A19
:1015A000103AD16053E02A49A831884205D14FF062
:1015B0003D51274A103AD16049E02949884204D177
:1015C0003D21274A083A116041E0254918318842F7
:1015D00005D14FF47461224A083A116037E020497E
:1015E0003031884205D14FF474111D4A083A116018
:1015F0002DE01B494831884205D14FF07461184AEB
:10160000083A116023E016496031884204D111493B
:10161000134A121F11601AE011497831884204D12F
:101620000D490F4A121F116011E00D499031884297
:1016300004D10A490A4A121F116008E00849A8317A
:10164000884204D14FF03D51054A121F1160704786
:10165000106002403D000020400F002000003D20AF
:1016600010640240014600200A6802F001020AB13B
:10167000012000E0002070470146486880B27047B2
:1016800030B503460A46002000240B4DAB4201D280
:101690000A4901E00849103902F000550DB14C68C3
:1016A00000E00C68064D2C4004EA02050DB1012053
:1016B00000E0002030BD00001064024000600240E5
:1016C0007D0F7D0F10B500220268134B1A40CC68C5
:1016D0000B6823434C6923438C692343CC69234320
:1016E0000C6A23434C6A23438C6A23434C6B234389
:1016F0008C6B23431A430260426922F00702D1E94E
:101700000B3423431A4342610B6943604B68836087
:101710008B68C36010BD00003F801CF010B500F066
:10172000EFFA00F045FE00F003FE10BD70B505466F
:101730000C46FF2C16DA224629461148FEF740FDDA
:1017400000211048FFF7D6FE00BF0E48FFF78AFFC2
:101750000028FAD121460B4800F018F80121094869
:10176000FFF7C8FE09E008490648FFF789FF20B1E6
:1017700005490448FFF7A4FE00E0F4E700BF70BD90
:10178000F3200020A0640240000020204160704748
:101790007047000008B50F480F4B104A0021009019
:1017A0000F4801F0DDFE13E00C490D4802F046FF42
:1017B00000F042F90B480078012809D10A4804F0EA
:1017C000C5FE002007490870FF210748FEF711FDFC
:1017D000EAE700008400002058000020701F00206D
:1017E000C4190020DD000020F41F0020F0B50A46D7
:1017F00000210023002400BF3DE0012505FA01F38C
:10180000156805EA03049C4234D105684F0003269D
:10181000BE40B543056015794E00B54006683543B6
:1018200005601579012D02D01579022D16D1856834
:101830004F000326BE40B543856055794E00B54044
:10184000866835438560456801268E40B54345600E
:10185000456896798E40B6B235434560C5684F00FD
:101860000326BE40B543C560D5794E00B540C66875
:101870003543C560491C1029BFD3F0BDF0B5002326
:1018800000244D07ED0E02FA05F3CE1000F12005FD
:1018900055F826504E07F70E0F26BE40B543CF1021
:1018A00000F1200646F82750CE1000F1200555F82B
:1018B000265045EA0304CE1000F1200545F82640E5
:1018C000F0BD4183704701837047014648698068D5
:1018D00080B2704708B50146D1F8CC00006800908E
:1018E0000098C0F3414008BD024602F29B30405CC4
:1018F0007047024602F5547050F82100704770B5E9
:1019000004460E4600250021C4F8101300BF0BE06A
:10191000002104F5457040F825103C3040F82510B2
:101920003C304155681CC5B20F2DF1DB0821A4F8ED
:10193000B2133146204603F06DFE204603F074FAE0
:10194000204603F033F90121204603F0CFFE204664
:1019500003F0C5F9204603F0C0FA002070BD01462F
:10196000D1F81003704710B50446204603F031FE4D
:10197000002010BD70B504460D46002104F29B30D6
:101980004155113000EB451041612946204603F0D6
:10199000CFFC70BD09A100200BE00A56124B9A80C3
:1019A00000BF114A128802F04002002AF9D0421CFE
:1019B000D0B22A28F1D300BFFEE700000D0A456E21
:1019C00074657220486172644661756C745F486129
:1019D0006E646C65722C2053797374656D20486158
:1019E0006C742E0D0A0000000010014010B5024674
:1019F000002000210AE001238B4013402BB1C1F1EC
:101A00000F040123A3409BB21843491C1029F2DBA9
:101A100010BD10B50246002000210AE001238B40D2
:101A200013402BB1C1F107040123A340DBB21843DB
:101A3000491C0829F2DB10BD10B50948007800B92F
:101A400010BD0848007800B1FAE70020044908708A
:101A50004FF400510448FFF736FF00BFF0E70000E5
:101A6000EC000020ED0000200010024010B54FF403
:101A700000510548FFF725FF012004490870142094
:101A80000349087010BD000000100240EC00002067
:101A9000ED0000201CB50121102000F04FF94FF49B
:101AA0006040009001208DF8040003208DF80500AF
:101AB00069460948FFF79AFE4FF400510648FFF7C0
:101AC00002FF4FF480410448FFF7FDFE4FF4004150
:101AD0000148FFF7F8FE1CBD0010024070B52DED67
:101AE000048B88B004462046FEF78EFB06461A2E6D
:101AF0006ED10025601907F009FB37490880291DC0
:101B0000601807F0F8FA34498870A91D601807F0CA
:101B1000F2FA3149C87005F10801601807F0EBFAD4
:101B20002D49087105F10A01601807F0E4FA2A4905
:101B3000487105F10C01601807F0DDFA264988713B
:101B400005F10F016018042107F0FAFA224880ED30
:101B5000020A05F114016018062107F0F1FA1E4887
:101B600080ED030A1DA000F0ADF91B4890ED030ABB
:101B700010EE101A0846FEF72FFC41EC180B164821
:101B800090ED020A10EE101A0846FEF725FC41EC13
:101B9000190B8DED068B8DED049B0F4881794079F3
:101BA0000D4A1279CDE9002002910B48C378827862
:101BB0000188144800F086F913480078012803D101
:101BC00012A004F0FFFD02E018A004F0FBFD00BF2E
:101BD00008B0BDEC048B70BDF42200200D0A2D2D41
:101BE0002D2D2D2D2D2D2D2D2D2D2D2D2D2D2D2D25
:101BF0002D2D2D2D2D2D2D2D2D2D2D2D2D2D0D0A58
:101C00000000000024450308DC00002070616765C7
:101C100031372E74322E7478743D22CAD7B4CEB4C4
:101C2000F2D3A1B3C9B9A622FFFFFF0070616765B7
:101C300031372E74322E7478743D22B4F2D3A1B3AE
:101C4000C9B9A622FFFFFF0000BFFEE770470000F2
:101C500070B5002100230F22C4781CB3174C2468F0
:101C600004F4E064C4F5E064C4F30721C1F10404A2
:101C7000E3B20A4144789C40E1B2847814402143A5
:101C80000C07210E0E4C05786155047804F01F05F1
:101C90000124AC4005786D11AD0005F1E025C5F8D3
:101CA000004109E0047804F01F050124AC40054D13
:101CB0000678761145F8264070BD00000CED00E076
:101CC00000E400E080E100E002490143024A1160C3
:101CD000704700000000FA050CED00E0024A0A40DF
:101CE0000243024B1A60704780FFFF1F08ED00E0BF
:101CF00010B5024802F008FB10BD0000C419002016
:101D0000002004E00B4921F81000411C88B2B0F516
:101D10007A7FF7DB002009E0C0F57A718AB200F51E
:101D20007A71044B23F81120411C88B2B0F57A7FF8
:101D3000F2DB7047682300207047000029B1064A93
:101D400012680243044B1A6004E0034A126882439B
:101D5000014B1A60704700003038024029B1064A32
:101D600012680243044B1A6004E0034A126882437B
:101D7000014B1A60704700004038024029B1064A02
:101D800012680243044B1A6004E0034A126882435B
:101D9000014B1A60704700002038024029B1064A02
:101DA00012680243044B1A6004E0034A126882433B
:101DB000014B1A60704700004438024029B1064ABE
:101DC00012680243044B1A6004E0034A126882431B
:101DD000014B1A607047000024380240F0B5002122
:101DE00000220024022500260223324F3F6807F01C
:101DF0000C0121B1042905D0082937D105E02E4F67
:101E0000076036E02D4F076033E02A4F3F1F3F68E1
:101E1000C7F38056274F3F1F3F6807F03F036EB15F
:101E2000264FB7FBF3F7DFF88CC0ACF1040CDCF8FD
:101E300000C0CCF3881C07FB0CF40CE01E4FB7FB72
:101E4000F3F7DFF870C0ACF1040CDCF800C0CCF3A1
:101E5000881C07FB0CF4174F3F1F3F68C7F301476F
:101E60007F1C7D00B4FBF5F7076002E0124F0760AE
:101E700000BF00BF0F4F3F6807F0F0010909104F86
:101E80007A5C0768D74047600A4F3F6807F4E05123
:101E9000890A0B4F7A5C4768D7408760054F3F68D7
:101EA00007F46041490B064F7A5C4768D740C7602A
:101EB000F0BD0000083802400024F40000127A004F
:101EC000250000200FB410B5A2B025A801908021F4
:101ED00002A8019B249A04F099FC0446002001907A
:101EE000002C03DD214602A800F004F822B010BC4B
:101EF0005DF814FB10B50246002000BF0AE0135C39
:101F0000064CA38000BF054B1B8803F04003002B49
:101F1000F9D0401C8842F2D310BD000000100140EF
:101F200070B5ADF5207D002613A9002006F0EAF972
:101F300004463CB1214622A004F044FC00200DF5EB
:101F4000207D70BD24A10AA806F0C6FA044664BB31
:101F500020E09DF8100000F0100000B11AE02E21E2
:101F60000DF11100FEF765F9054695B11BA1284654
:101F7000FEF751F968B901AA1AA10DF11100FEF797
:101F800069F9012804D10198B04201DD0198C6B277
:101F900000BF00BF02A90AA806F0BFFB041E08D1BB
:101FA0009DF811000028D4D103E021460FA004F0D1
:101FB00009FC0021084606F0A5F93046BFE70000FD
:101FC000B9D2D4D8B4E6B4A2C9E8B1B8CAA7B0DCD3
:101FD00020282564290A00002F0000002E74787440
:101FE0000000000025642E7478740000B4F2BFAACB
:101FF000C4BFC2BCCAA7B0DC20282564290A0000DF
:102000002DE9F043ADF2845DD4A9002006F07AF901
:1020100005463DB129463BA004F0D4FB0DF2845D9A
:10202000BDE8F0833DA141A806F056FA054645B14A
:1020300029463BA004F0C6FB0021084606F062F9E1
:10204000ECE701223C494AA806F076F905464DB175
:102050002A46394939A004F0B5FB0021084606F0AC
:1020600051F9DBE74D9EFF2E01D8304601E04FF4D9
:1020700080708146B6F5807F04D9A6EB09014AA895
:1020800006F068F86B464A4601A94AA806F060FACD
:10209000002001A9009A88548846009A1144481EDD
:1020A0000EE001780A2909D101A9009A1144491EBC
:1020B000814200D103E000F1010804E000BF401EAE
:1020C00001A98842EDD200BF47463846FEF79CF88A
:1020D0003844441E02E0002004F80109BC4205D344
:1020E00020780D28F7D020780A28F4D03846FFF75A
:1020F000F5FC4AA806F01EF80021084606F002F991
:1021000000BF8BE7B9D2D4D8CEC4BCFECFB5CDB317
:10211000CAA7B0DC282564290D0A00002F000000A2
:10212000B4F2BFAAB8F9C4BFC2BCCAA7B0DC2825A4
:1021300064290D0A00000000F8100020B4F2BFAAC4
:10214000CEC4BCFECAA7B0DC3A2025732028256483
:10215000290D0A00704700000CB500200190009086
:102160003448006840F480303249086000BF31488C
:10217000006800F4003000900198401C0190009825
:1021800018B90198B0F5A04FF1D12A48006800F4C1
:10219000003010B10120009001E000200090009874
:1021A000012846D123484030006840F08050214942
:1021B000403108602048006840F480401E490860B3
:1021C0001C48083000681B49083108600846006850
:1021D00040F4004008600846006840F4A0500860E1
:1021E0001648091F0860081F006840F08070091F2A
:1021F000086000BF0F48006800F000700028F9D0A8
:1022000040F205600E4908600A480830006820F076
:1022100003000849083108600846006840F00200E1
:10222000086000BF03480830006800F00C00082870
:10223000F8D10CBD0038024000700040085440073F
:10224000003C024010B500F001F810BD10B519486F
:10225000006840B117480068401E1649086010B970
:10226000012015490870002408E004EB4401134ADA
:1022700002EB810004F089FF601CC4B2042CF4DB83
:102280000F480068401C0E490860084600686FF05F
:102290000041884202D100200949086009480078BD
:1022A000401CC0B2074908700A2801DB00200870F2
:1022B00010BD0000180000201C00002008110020A4
:1022C000200000202400002010B51548006840F4CC
:1022D0007000134908601348006840F0010011497C
:1022E000086000200F49083108600E4800680E4958
:1022F00008400C4908600D48091D0860081F006867
:1023000020F48020091F0860002006490C31086075
:10231000FFF722FF4FF0006001498039086010BDCF
:1023200088ED00E000380240FFFFF6FE1030002488
:1023300000B58FB001218805FFF700FD1948FFF7B0
:10234000E5F800BF1748FFF78DF90028FAD14FF0E4
:10235000406000901448019014480290402003907F
:102360004FF4FA600490002005904FF480600690CE
:1023700040000790800008904011099000020A90E8
:1023800000200B9003200C9000200D900E906946C9
:102390000448FFF797F901210248FFF7ABF80FB0A7
:1023A00000BD00007064024040000140682300202E
:1023B00000B58BB001210846FFF7F0FC0121102089
:1023C000FFF7BCFC4FF48040099002208DF82800F4
:1023D00003208DF8290000208DF82A0001208DF8B7
:1023E0002B0009A91F48FFF701FA01220E211D4801
:1023F000FFF744FAA720ADF818000020ADF81A0046
:102400004FF4FA7007900020ADF820008DF82200FC
:1024100006A9154800F010F96020ADF8040001206D
:10242000ADF80600002003900220ADF8100001A9CD
:102430000D4800F0B7F808210B4800F0EFF8012133
:10244000094800F02FF801221103074800F087F82F
:102450000121054800F035F80121034800F070F82B
:102460000BB000BD001002400000014010B502F0AA
:1024700073FB10BD10B50121084800F079F860B178
:102480000121064800F01AF805480078002804DD0C
:1024900003480078401E0249087010BD0004004047
:1024A000ED00002021B1028842F08002028004E0A9
:1024B00002884FF67F731A4002807047CA43028237
:1024C000704721B1028842F00102028004E00288D4
:1024D0004FF6FE731A400280704700001FB50121BD
:1024E0000220FFF73BFC40F2E73002905320ADF8AA
:1024F00004000020ADF80600ADF80C0001A90F485B
:1025000000F09AF8012211460C4800F042F801212F
:102510000A48FFF7D6FF4FF4A060FFF7D5FB1D2058
:102520008DF8000001208DF801008DF802008DF873
:1025300003006846FFF78CFB1FBD0000000400404D
:1025400031B1B0F8442042F40042A0F8442005E044
:10255000B0F84420C2F30E02A0F8442070471AB12C
:1025600083890B43838102E083898B438381704796
:1025700030B50246002000230024158A05EA010335
:10258000958905EA010413B10CB1012000E0002097
:1025900030BD1AB183890B43838102E083898B4369
:1025A0008381704770B5002200230024058C4EF60D
:1025B000FF7635400584038C8488828B48F6FF754E
:1025C0002A404FF6FF452A400D884FF6FF7606EA6F
:1025D00005252A434DF6FF752B408D8906EA053502
:1025E0002B434D8806EA05352B430A4DA84202D0FD
:1025F000094DA84208D14BF6FF752C400D8A4FF6C5
:10260000FF7606EA85152C43848082838D680564F5
:10261000038470BD00000140000401400A4600210F
:10262000818B4FF2FF7319404FF6FF7303EA0223C9
:10263000194381837047000000220288184B98429A
:102640000ED0184B98420BD0B0F1804F08D0164BEB
:10265000984205D0154B984202D0154B984204D1B0
:102660004FF68F731A404B881A43124B984207D08B
:10267000114B984204D04FF6FF431A400B891A437E
:1026800002804B68C3620B880385054B984202D0D9
:10269000044B984201D18B7A0386012383827047D1
:1026A0000000014000040140000400400008004018
:1026B000000C0040001000400014004000B589B03C
:1026C00008210806FFF70AFB4FF4A060FFF7FCFAA9
:1026D00025208DF8200001208DF8210000208DF8A4
:1026E000220001208DF8230008A8FFF7B1FA01218C
:1026F0000920FFF723FB01211020FFF74FFB29489A
:1027000000F0B0F902A800F0D6FA684600F08EF9A1
:1027100002208DF81C008DF81D0000208DF81E0091
:1027200001208DF81F004002069006A91E48FFF701
:102730005DF8072209211C48FFF7A0F84FF48060DC
:10274000069006A91848FFF751F807220A211648F3
:10275000FFF794F86946134800F058F94FF4E13058
:1027600002900020ADF80C00ADF80E00ADF810009E
:10277000ADF814000C20ADF8120002A9094800F0D1
:1027800027FA012240F22551064800F0FCF940F2F8
:102790002661044800F02BF90121024800F04CF9B1
:1027A00009B000BD001001400000024010B540F229
:1027B00025511D4800F0BDF950B31B4880881B49C6
:1027C0001B4A126888541A480068401C184908605F
:1027D0000846006802280FD308460068801E134987
:1027E000085C232808D112480068401E085C2A288B
:1027F00002D101200F4908700D480068642802D9F1
:1028000000200B49086040F22551074800F0EFF81E
:1028100040F22771044800F08CF920B140F2277192
:10282000014800F0E4F810BD00100140042300202E
:10283000E8000020E400002000B58FB001218805E9
:10284000FFF77CFA1848FEF761FE00BF1648FEF756
:1028500009FF0028FAD14FF0206000901348019042
:102860001348029000200390FF2004900020059060
:102870004FF48060069000200790089009904FF474
:1028800080300A9000200B9003200C9000200D90C7
:102890000E9069460448FEF715FF01210248FEF735
:1028A00029FE0FB000BD000028640240041401405E
:1028B000F41F002000B58FB001218805FFF73EFA14
:1028C0001848FEF723FE00BF1648FEF7CBFE00288F
:1028D000FAD14FF020600090134801901348029005
:1028E00040200390FF200490002005904FF480606A
:1028F000069000200790089009904FF480300A90CD
:1029000000200B9003200C9000200D900E90694643
:102910000448FEF7D7FE01210248FEF7EBFD0FB099
:1029200000BD0000A064024004140140F320002018
:1029300010B540F22441234800F0FBF858B340F2B0
:102940002441204800F053F81E4800F0ABF900B2D3
:102950001D49088000211D48FEF7CCFD1C491B487D
:10296000FEF7AEFD1948FEF787FEC0F1FF0000B28A
:10297000154908800846B0F90000002802DD012052
:1029800014490870FF211148FEF700FF01210F488C
:10299000FEF7B0FD14E040F226610A4800F0C9F8E5
:1029A00070B140F22661074800F021F80A49074853
:1029B0007830FEF785FD002104487830FEF7E6FE0A
:1029C00010BD000000140140DE0000202864024019
:1029D000400F0010DD00002000003D2001F40072D7
:1029E000B2F5007F00D100BFCA430280704710B526
:1029F0000022002340F66A14A14200D100BF0A124F
:102A000001249440A3B2DC43048010BD10B50246FB
:102A10000020108A20F470600B884C8823438C8837
:102A20002343CC8823431843108210BD002101802A
:102A300041808180C180704721B1828942F4005277
:102A4000828104E082894DF6FF731A4082817047CB
:102A50001AB1838A0B43838202E0838A8B43838289
:102A60007047000010B504462548844208D1012172
:102A70001020FFF7A3F900211020FFF79FF93EE097
:102A80002048844209D101214804FFF777F9002149
:102A90004FF40030FFF772F931E01B48844209D14E
:102AA00001218804FFF76AF900214FF48020FFF725
:102AB00065F924E01548844209D10121C804FFF7D3
:102AC0005DF900214FF40020FFF758F917E0104896
:102AD000844209D101210805FFF750F900214FF484
:102AE0008010FFF74BF90AE00A48844207D1012120
:102AF0002020FFF763F900212020FFF75FF910BDC8
:102B0000001001400044004000480040004C0040DC
:102B1000005000400014014002460020B1F5007F43
:102B200000D100BF13880B400BB1012000E0002052
:102B3000704770B50246002400230025002040F6AF
:102B40006A16B14200D100BFC1F3421501F01F0364
:102B5000012606FA03F3012D02D19689334006E0DF
:102B6000022D02D1168A334001E0968A33400C12BE
:102B7000012606FA04F41688344013B10CB1012082
:102B800000E0002070BDF0B50346002400260025BB
:102B9000002040F66A17B94200D100BF1846C1F3C1
:102BA000421401F01F06012707FA06F5012C01D196
:102BB0000C3004E0022C01D1103000E014301AB1C6
:102BC00007682F43076002E00768AF430760F0BD66
:102BD0002DE9FF4705460E460024A14600BFA0464A
:102BE000B08900B100BF2C8A24F44054F08804431B
:102BF0002C82AC8941F20C608443B088318908434F
:102C0000718908430443AC81AC8A24F44074B089D0
:102C10000443AC826846FFF7E1F82048854202D0C1
:102C20001F48854202D1DDF80C9001E0DDF80890E4
:102C3000A88900F4004040B109EBC90000EB09107D
:102C400031684900B0FBF1F707E009EBC90000EB80
:102C5000091031688900B0FBF1F76420B7FBF0F090
:102C600004012009642101FB1078A88900F40040C8
:102C700040B1322000EBC800B0FBF1F000F00700DB
:102C8000044308E0322000EB08106421B0FBF1F0AF
:102C900000F00F0004432C81BDE8FF8700100140C5
:102CA0000014014001468888C0F308007047C1F352
:102CB0000802828070474FF4165101600021818024
:102CC000C18001810C21418100218181704770B553
:102CD00005460E46284600F0BEF904464FF6FF7042
:102CE000844205D046F4004105F28C5020F81410BF
:102CF000E0B270BD2DE9F04105460E4617461C4670
:102D0000012105F56B7000EB4410817005F56B70C7
:102D100000EB4410C66005F56B7000EB44100761D2
:102D200005F56B7000EB4410007E30B9002105F50D
:102D30006B7000EB4410017205E0022105F56B7029
:102D400000EB4410017221462846FEF713FE0020D6
:102D5000BDE8F0812DE9F04105460E4617461C46B8
:102D6000002105F56B7000EB4410817005F56B7068
:102D700000EB4410C66005F56B7000EB4410076172
:102D800005F56B7000EB4410407E28B905F56B70BB
:102D900000EB4410017205E0022105F56B7000EBB9
:102DA0004410017221462846FEF7E4FD0020BDE8EC
:102DB000F0812DE9F04105460C4616461F460221DA
:102DC0002175012161750021E1822683618306F06E
:102DD0008000802805D105F56B7000EB4710017667
:102DE00005E0002105F56B7000EB471041760023EC
:102DF0001A462146284600F02BF8BDE8F08101462E
:102E00000122C1F81023002070472DE9F04105464A
:102E10000E4617461C46012105F56B7000EB441069
:102E20008170022105F56B7000EB4410017205F50D
:102E30006B7000EB4410C66005F56B7000EB44103E
:102E4000076121462846FEF795FD0020BDE8F08188
:102E50002DE9F04180460C4615461E460127E078D4
:102E6000012802D0022820D108E032462946204617
:102E700001F0D9FC0220E070012717E0207F0D2827
:102E800005D10120E0700021217700270CE0207F90
:102E90000B2803D10120E070022705E0207F0C28D9
:102EA00002D10120E070032700E000BF00BF3846D8
:102EB000BDE8F0812DE9F04105460F4616461C4657
:102EC000002105F56B7000EB4410817005F56B7007
:102ED00000EB4410C76005F56B7000EB4410066111
:102EE0002EB9012105F56B7000EB4410417605F514
:102EF0006B7000EB4410407E30B9002105F56B701B
:102F000000EB4410017205E0022105F56B7000EB47
:102F10004410017221462846FEF72CFD0020BDE832
:102F2000F08170B505460E461446002105F56B701C
:102F300000EB44108170032105F56B7000EB441029
:102F4000017205F56B7000EB4410C660082105F5B1
:102F50006B7000EB4410016121462846FEF70AFD24
:102F6000C0B270BD0246022106E0002302F28C507E
:102F700020F81130481CC1B20829F6DB0020704748
:102F800070B505460C46002020706070A0700120CE
:102F9000E070012121774021A171002084F82000F8
:102FA0000121212001552179284600F023F861797B
:102FB000284600F01FF8002070BD01460022C1F82D
:102FC00010230020704770B504460D46052D01D032
:102FD000042D06D1D4F88010486C80470A20207058
:102FE00007E0062D05D10A202070D4F8801008686B
:102FF000804770BD0246082909DA02F28C5030F889
:103000001100C0F30E0302F28C5020F811300020A2
:1030100070472DE9F04780460C4616461D46DDE90F
:10302000089746F08001217506216175E58205F457
:103030007F40B0F5407F03D140F20941218301E098
:103040000021218367833B464A4621464046FFF7DD
:10305000FFFEBDE8F0870246002100BF0AE002F251
:103060008C5030F8110000F4004008B90846704751
:10307000481CC1B20829F2DB4FF6FF70F7E710B524
:1030800002460B88147823440B801378981810BDDF
:103090002DE9FC4104460D461646002704F58870CC
:1030A0004FF4007300222946CDE900062046FFF7C1
:1030B000B0FFB0F1000814D106E004F58870C05DDF
:1030C0000949C855781C87B2B742F6DB04F5887306
:1030D00005F1500205F13E0105F13400009601F0C2
:1030E000B5F94046BDE8FC81C41700202DE9FC413C
:1030F00004460D46164604F588704FF4807300228E
:103100002946CDE900062046FFF783FF071E06D1BA
:10311000324604F5887105F1220001F025FA38469F
:10312000BDE8FC812DE9FC470446884615461E464D
:103130000A9F04F5887045F4407300224146CDE9AA
:1031400000072046FFF765FFB0F1000905D13A46B8
:10315000314604F5887001F056FA4846BDE8FC8710
:103160002DE9F04106460C464FF0000800250021ED
:10317000A174207F0C2876D2DFE800F0FD060F3D19
:10318000466576919AC0D7ED627904F11401304614
:10319000FFF7C7FE02212177EEE061793046FEF7A6
:1031A000A3FB0546012D1FD1207D00F08007608B19
:1031B00058B141F2883072490880802F02D1032132
:1031C00021770CE00521217709E032206C49088045
:1031D000802F02D10921217701E007212177304694
:1031E000FEF773FB208205E0032D03D10B2121772D
:1031F0000521A174C0E02379A2893046A168FFF7B8
:1032000004FE04212177B7E021793046FEF76CFBFC
:103210000546012D01D109212177042D02D16078C5
:1032200020700FE0032D02D10B2121770AE03046F8
:10323000FEF74BFB218A401A51490988884201D97F
:103240000B21217798E00121627906F56B7000EB84
:10325000421041766379A2893046A168FFF72AFEC1
:103260000621217788E086E061793046FEF73CFB55
:103270000546012D02D1072121770FE0042D04D14D
:10328000607820700C21217708E0022D02D1052101
:10329000217703E0032D01D10B2121776CE0237905
:1032A000002211463046FFF7B0FD0821217763E088
:1032B00021793046FEF718FB0546012D04D16078D0
:1032C00020700D21217718E0032D02D10B212177E9
:1032D00013E03046FEF7F9FA218A401A2849098896
:1032E000884202D90B21217707E0042D05D16078AF
:1032F00020700421A1744FF003083DE0617906F5C8
:103300006B7000EB4110407E80F00101627906F5A0
:103310006B7000EB42104176637900221146304613
:10332000FFF7C8FD0A21217726E061793046FEF7D4
:10333000DBFA0546012D04D1607820700D2121773C
:1033400008E0022D02D10921217703E0032D01D1EC
:103350000B21217710E0A07B401CC1B2A173022990
:1033600002DC0121217705E00821A174607820703A
:103370004FF0020800E000BF00BF4046BDE8F0810A
:103380007C00002070B592B005460C460126A0785E
:103390000A287AD2DFE800F00528375D667A97B40C
:1033A000D1DB082221462846FFF7A0FED8B994F8C1
:1033B0002910A1712846FEF7D6FA0120A070A07945
:1033C0000021CDE90010617900231A46284600F05B
:1033D00069FFA0790021CDE90010217900231A4668
:1033E000284600F05FFFB5E0122221462846FFF78D
:1033F0007DFE38B9D4F88000C16904F12200884705
:103400000220A070A6E001222146284601F0E5F93D
:10341000F0B9022001F0BCFB0120A41CA077D4F875
:103420007E10086A804703202070002000900190E1
:10343000A27FA1780346284600F034FF00200090C8
:103440000190A27FA41E61790346284600F02AFF5E
:1034500080E0092221462846FFF71AFE08B9042019
:10346000A07077E0E28E21462846FFF711FE58B99A
:10347000D4F8800004F1500204F13E01436A04F1E3
:10348000340098470520A07064E062E094F83000B2
:1034900088B1FF20009094F8302002AB21462846E6
:1034A000FFF740FE70B9D4F88000816A02A888470F
:1034B0000620A07006E0D4F88000816A27A0884723
:1034C0000620A07046E094F8310088B1FF200090FB
:1034D00094F8312002AB21462846FFF723FE70B94D
:1034E000D4F88000C16A02A888470720A07006E0CF
:1034F000D4F88000C16A19A088470720A07029E08D
:1035000094F8320088B1FF20009094F8322002AB8A
:1035100021462846FFF706FE70B9D4F88000016BFB
:1035200002A888470820A07006E0D4F88000016B4C
:103530000AA088470820A0700CE094F839202146A2
:10354000284601F05DF908B90920A07002E00026C4
:1035500000E000BF00BF304612B070BD4E2F4100EA
:103560002DE9F04106460F4614461D46DDF8188049
:10357000304601F0AFFA002001F094FA21463046BF
:10358000FFF7FEFCE567C4F8808039463046FEF759
:10359000B6F9D4F8801008688047304601F084FA04
:1035A000BDE8F08170B505460C4621212175FF214B
:1035B00061750021E1822183618300231A4621463F
:1035C0002846FFF745FC70BD2DE9F04105460E4643
:1035D0001446012714B1012C12D108E010480378D9
:1035E000C27831462846FFF7E4FB074609E00C485D
:1035F0004378827831462846FFF7DBFB074600E038
:1036000000BF00BF07480068401C06490860084624
:103610000068042800D904273846BDE8F08100007E
:10362000A81100203800002010B502460020002319
:10363000014C237010BD0000981100202DE9F041CD
:1036400005460F46002601242846FEF788F920B3D8
:10365000154801782846FEF74CF906460D2E01D094
:1036600002241CE0114800681149884216D10F4815
:10367000406810494968884211D10C48007B08B95C
:1036800000240CE00948007B012801D1012406E058
:103690000648007B022802D1022400E002240648EA
:1036A000C4732046BDE8F081A811002088110020D5
:1036B000555342536811002098110020012812D15F
:1036C0000D490978491C0C4A1170114609780A29DC
:1036D00005DA0621094A11700121D1700AE00A2198
:1036E000064A117006E0022803D10A21034A11702C
:1036F00000E000BF70470000540000209811002037
:1037000070B505460C46A1212175FE216175002189
:10371000E1822183012161830123034A2146284656
:10372000FFF796FB70BD0000B01100202DE9F047B7
:1037300081460F463E46012403254FF000084846C7
:10374000FEF70DF9002878D05E4800780B2875D276
:10375000DFE800F0060D1E5566798A999E44B00098
:10376000484600F05FFA012056490870A5E0394646
:103770004846FFF717FF044614B902205149087064
:10378000032C04D102204F4948700920087094E0AE
:1037900039464846FFF7B4FF0446BCB94A48007AA8
:1037A000494981F80802084690F8080200280ADD15
:1037B0004648007838B9012044490870D6F880108E
:1037C000086C804779E003203E490870032C04D13F
:1037D00003203C494870092008706EE0737900228C
:1037E00039464846FFF7E5FA04463CB90020364919
:1037F00081F8080233484078324908705DE0484655
:1038000000F086FC05463DB904202E4908700020D2
:103810002F490870002402E02846FFF74FFF4CE0D4
:10382000484600F097FB05464DB90520254908702C
:10383000002027490870002404E03FE03CE02846CF
:10384000FFF73CFF39E0484600F09CFA05463DB9D9
:1038500008201C49087000201D490870002402E05F
:103860002846FFF72BFF28E0484600F0E1FB05461D
:103870002DB91448407813490870002402E0284606
:10388000FFF71CFF19E03946484600F023F814E022
:10389000D6F88010C86B804700F0FF08B8F1000F21
:1038A00003D108200749087003E0B8F1010F00D1E7
:1038B000062402E0042400E000BF00BF2046BDE86B
:1038C000F087000098110020A81100206800002057
:1038D000540000202DE9F0478046894600244046E8
:1038E000FEF73DF800287DD0C548007909287AD236
:1038F000DFE800F079051251A3FDFCFBFA00C14896
:1039000043781F22C0494046FFF724FA0120BC49F2
:1039100048710220087170E1BA4841784046FDF7CD
:10392000E3FF0446012C26D10020B849086002209C
:10393000B3494871B448007B00F08007B248806802
:10394000A8B1B1488068B2490860AD488068B14903
:10395000086008460068B0490860802F03D1032042
:10396000A749087116E00420A549087112E0052056
:10397000A34908710EE0022C04D1A1484079A04966
:10398000087107E0042C05D10120A4490870082023
:103990009B49087131E19B4801784046FDF7A4FF3F
:1039A0000446012C03D09648407903283AD00020E1
:1039B000964908600320924948719248808894494A
:1039C0000968884219D28F48037882889148016833
:1039D0004046FFF78FF98B4880888D490968081A9F
:1039E0008B4901E00AE107E108608648808889493F
:1039F00009680844874908601EE08548006818B9CE
:103A000005207F49087117E07E48037880480088C8
:103A100082B2804801684046FFF76CF900207C497B
:103A2000086009E0042C07D100207C4908700720B9
:103A30007349087105204871DFE0724841784046BB
:103A4000FDF752FF0446012C3BD100206F4908606E
:103A500004206B4948716B48C0886D4909688842E9
:103A60001AD268484378C2886A4801684046FFF71E
:103A700071F968480068684908606248C08865490B
:103A800009680844634908605E48C088604909685D
:103A9000081A5F49086042E05D48006818B90520CF
:103AA000574908713BE0574843785948008882B22B
:103AB000584801684046FFF74DF900205449086016
:103AC0002DE0022C21D153480068534909688842EF
:103AD00012D04C484378C288C088DFF838C1DCF87F
:103AE00000C0ACEB000103E074E059E037E017E000
:103AF0004046FFF72FF912E042484378C288454814
:103B000001684046FFF726F909E0042C07D101209F
:103B10004249087008203A490871052048716CE054
:103B20000520374948713E4888603F2088810D262E
:103B300004E000203A498855701EC6B2002EF8D124
:103B40000020374908702F4803782D483F228168AC
:103B50004046FFF7CFF80620294908714DE0294873
:103B600001784046FDF7C0FE0446012C0FD100202D
:103B70002649086005202249487108468078087067
:103B800049464046FFF75AFD1D49C87307E0042C1B
:103B900005D10020214908700720194908712CE03F
:103BA000002249464046FFF70FFD054665B91B4810
:103BB0000078022803D108201149087109E0104853
:103BC00040790F49087104E0042D02D102200C490C
:103BD000C87312E0012249464046FFF7F5FC05464E
:103BE00025B9074840790649087104E0042D02D13F
:103BF00002200349C87300E000BF00BFBDE8F087A2
:103C000098110020A8110020681100203800002021
:103C10003C0000204000002044000020480000201C
:103C20008811002010B504462046FDF798FE48B1E3
:103C30000748084908600848486000204873012088
:103C40000649C8700020064908600649087010BD82
:103C500055534243681100205040302098110020F5
:103C6000380000205400002070B504460D4610486E
:103C7000407860B10E484178204601F0FCF90C48CC
:103C800041782046FFF7B6F90020094948700848F6
:103C9000007860B106480178204601F0ECF904484C
:103CA00001782046FFF7A6F900200149087070BD91
:103CB000A81100207CB506460D462C4694F843001A
:103CC000082856D194F84500502852D194F8520053
:103CD00000F0800038B194F852002949C870B4F857
:103CE0005400888006E094F8520025498870B4F8A2
:103CF0005400C88094F85A0000F0800038B194F85D
:103D00005A001F49C870B4F85C00888006E094F837
:103D10005A001B498870B4F85C00C8801848817844
:103D20003046FEF7D4FF164948700846C178304641
:103D3000FEF7CDFF124908700846C0880221CDE980
:103D400000102120035D94F820200D484178304672
:103D500000F02EFB0A4880880221CDE900102120C6
:103D6000035D94F8202006480178304600F020FBDF
:103D700003E0D4F88010086C804700207CBD000070
:103D8000A811002070B5054603262846FDF7E7FD7B
:103D9000002855D02B48C078012802D002284DD1E8
:103DA00027E03F2028498860802008730A20887314
:103DB00026482449886005208870102405E00021E9
:103DC00021480F300155601EC4B2002CF7D11A20D3
:103DD0001D49C8733F211C484174C1740120194911
:103DE0000871072008700320C8730220C8700326DA
:103DF00025E01448C07B80B91448807800F080002A
:103E000018B101201249087302E00020104908731C
:103E100001200C49C87000260FE00A48C07B012829
:103E200003D10849C870012607E00648C07B022874
:103E300003D101200349C870022600E000BF00BF83
:103E4000304670BD9811002068110020C413002076
:103E5000B4130020FFB581B007460E461D4603206F
:103E6000394908703846FDF77AFD002867D0374891
:103E7000C078012802D002285FD139E0344885603B
:103E80008020334908730A208873304886601024E4
:103E900005E000212E480F300155601EC4B2002CF1
:103EA000F7D128202A49C8739DF80F10284841747B
:103EB0009DF80E1081749DF80D10C1749DF80C10C2
:103EC0000175C5F34F2000909DF8011020488175C1
:103ED0009DF80010C17501201C4908710720087069
:103EE0000320C8730220C87003201749087025E01A
:103EF0001648C07B50B93846FDF731FD30B101207E
:103F00001249C87000201049087015E00F48C07BA6
:103F1000012807D13846FDF722FD18B101200B49D1
:103F2000C87009E00948C07B022805D10120074973
:103F3000C87002200449087000E000BF00BF0248BA
:103F4000007805B0F0BD0000690000209811002045
:103F50006811002070B5054603262846FDF7FFFCD2
:103F600000285AD02E48C078012802D0022852D109
:103F700023E008202B498860802008730A2088737A
:103F800029482749886004208870102405E0002112
:103F900024480F300155601EC4B2002CF7D12520F3
:103FA0002049C87301201E490871072008700320AA
:103FB000C8730220C87003262EE01948C07BC8B918
:103FC000194800781949C870174840788870164811
:103FD000807848701448C078087013488179134875
:103FE00041721148C0791149087201200C49C8700A
:103FF00000260FE00A48C07B012803D10849C87099
:10400000012607E00648C07B022803D101200449AD
:10401000C870022600E000BF00BF304670BD00003F
:104020009811002068110020C4130020B413002050
:1040300070B5054603262846FDF791FC00285DD0A3
:104040002F48C078012802D0022855D12BE03F200C
:104050002C498860802008730A2088732A482849E0
:10406000886008468078487006208870102405E033
:10407000002124480F300155601EC4B2002CF7D136
:1040800003202049C87300211E4801743F21C174D8
:1040900001201B490871072008700320C873022003
:1040A000C870032629E01648C07BA0B916480178DD
:1040B0001648C171144841781448817112488178BA
:1040C000124841711048C0781049087101200C490C
:1040D000C87000260FE00A48C07B012803D10849B8
:1040E000C870012607E00648C07B022803D10120E2
:1040F0000349C870022600E000BF00BF304670BD13
:104100009811002068110020C4130020B41300206F
:1041100070B5054603262846FDF721FC002846D049
:104120002448C078012802D002283ED124E0002093
:104130002149886008730620887320481D498860DB
:104140003F20888103208870102405E000211A4850
:104150000F300155601EC4B2002CF7D10020164963
:10416000C873012013490871072008700320C87321
:104170000220C870032619E00E48C07B20B9012038
:104180000C49C87000260FE00A48C07B012803D103
:104190000849C870012607E00648C07B022803D101
:1041A00001200449C870022600E000BF00BF30466D
:1041B00070BD0000981100206811002088110020B7
:1041C0002DE9FF4182B007460E461D464FF0030819
:1041D0003846FDF7C4FB00285BD03048C078012882
:1041E00002D0022853D138E02D48856000202C49A8
:1041F00008730A20887329488660102405E000218E
:1042000027480F300155601EC4B2002CF7D12A2078
:104210002349C8739DF81310214841749DF812106A
:1042200081749DF81110C1749DF810100175C5F3CB
:104230004F2001909DF80510194881759DF80410D4
:10424000C175012015490871072008700320C87343
:104250000220C8704FF003081AE01048C07B28B94C
:1042600001200E49C8704FF000080FE00B48C07BDA
:10427000012802D10949C87008E00848C07B02281B
:1042800004D101200549C8704FF0020800E000BFCA
:1042900000BF404606B0BDE8F08100009811002044
:1042A000681100202DE9F04704460D4617461E46CA
:1042B000DDE9089827B104F56B7000EB4510077035
:1042C00004F56B7000EB4510C088404508D0B8F18C
:1042D000000F05D004F56B7000EB4510A0F80680C8
:1042E00004F56B7000EB4510C078B04205D026B1E4
:1042F00004F56B7000EB4510C6702946204600F0AF
:10430000FBFE0020BDE8F08738B5054600240020FC
:104310000090284601F01BF9002847D0284601F0FC
:1043200020F90090009808B9002038BD0098C0F32B
:10433000C00018B1284602F0D3F804430098C0F337
:10434000001018B1284602F018F804430098C0F392
:10435000401018B1284601F052FE04430098C0F303
:10436000806018B1284601F071FF04430098C0F343
:10437000406018B1284601F01AFA04430098C0F3CF
:10438000006018B1284601F0D1FE04430098C0F344
:10439000407018B1284601F0D1F904430098C0F3E9
:1043A000405018B1284601F0DFF904432046BCE72D
:1043B0002DE9F04704460D4617461E46DDE90889FB
:1043C00004F28C5010F8150000F07F0104F56B70BA
:1043D00000EB4510417004F28C5010F81500C0F34A
:1043E000C01104F56B7000EB4510817004F56B7023
:1043F00000EB4510077004F56B7000EB451080F87A
:10440000058004F56B7000EB4510A0F8069004F5EC
:104410006B7000EB4510C670002104F56B7000EB6B
:104420004510017604F56B7000EB451041762EB90E
:10443000012104F56B7000EB4510017129462046FF
:1044400000F05AFE0020BDE8F08700002DE9F04F93
:1044500085B00646894692461D462C460027B8463A
:1044600000BF2878307068787070A978E87801EB20
:10447000002070802879307168797071A879B071E6
:10448000E879F071287A30720E98092864DD0920E5
:104490000090307902285ADCBB4653E0694620463A
:1044A000FEF7EDFD0446607804284BD1A07847B2B2
:1044B00007EBC70000EB090BE078032842DA21463E
:1044C00002A800F08DF84FF000089DF80C000228BB
:1044D00038DC32E069462046FEF7D1FD04466078BC
:1044E00005282AD10AEB071000EBC80001901C48F0
:1044F0000078B84206D01A490F7002A9584600F059
:104500006FF80CE02179607901EB002015490988EA
:10451000884200DA15E002A9584600F061F8214609
:10452000019800F04DF82179607901EB00200D49E8
:10453000088008F101004FFA80F89DF80C00404512
:10454000C8DC00BF7088BDF800108842A6DC0020DF
:10455000044908800249087005B0BDE8F08F0000EA
:10456000800000207E00002010B50B7803704B788F
:1045700043708C78CB7804EB032343800B79037171
:104580004B7943718B798371CB79C371082A16DD1E
:104590000C7A4B7A04EB032303818C7ACB7A04EBFD
:1045A000032343810C7B4B7B04EB032383818B7BB5
:1045B0008373CB7BC3730B7C03744B7C437410BD40
:1045C0000A7802704A7842708A788270CA78C2701B
:1045D0000B794A7903EB022282808A7982717047D3
:1045E0000A7802704A7842708A788270CA78C270FB
:1045F0000A7902714A7942718A798271CA79C271E3
:104600000A7A0272704730B513464578032D14D1EB
:104610000578AD1E9D4202DC0578AD1E00E01D460A
:10462000ACB2801C002204E0855C0D70491C951C16
:10463000AAB2A242F8DB00250D7030BD3EB505469A
:104640000C46022002902846FDF789F930B92078FF
:1046500020B12078022801D00220207020780B2879
:1046600075D2DFE800F006109CB44D687B87598C4A
:104670008D002846FDF773F920B1012020706420D9
:1046800000F086FAA4E0D4F8801088688047002102
:104690002846FEF71CFB607180212846FEF717FBB9
:1046A00020712846FDF75FF948BBD4F88010C86830
:1046B00080472846FDF70EF9C1B22120015504209C
:1046C00020702122105DD4F8802091698847A0795C
:1046D0000021CDE900102120035D94F820202179EC
:1046E0002846FFF765FEA0790021CDE900102120C2
:1046F000035D94F8202061792846FFF759FE67E0B2
:1047000021462846FEF73EFE28B9D4F88010486BB3
:104710008047082020705BE0D4F88010886B8047C9
:10472000012807D1E06F214602682846904708B962
:10473000052020704CE0E06F2146826828469047B3
:1047400002909DF8080018B90620207005E03EE0B0
:104750009DF808102046FEF736FC39E0E06F214650
:10476000C2682846904702909DF808102046FEF740
:104770002AFC2DE021462846FEF7F2FC28E027E03F
:1047800021462846FEF7FCFBD4F880104868804795
:10479000E06F04F1200142682846904718E0D4F801
:1047A00080100869804721462846FEF7E9FBD4F8C7
:1047B000801048688047E06F04F120014268284675
:1047C00090472846FEF7CEFB0020207000E000BF97
:1047D00000BF3EBD01460020704770B506460C463E
:1047E00015460021217505216175E582002121838F
:1047F000618300231A4621463046FEF729FB70BD2F
:1048000070B506460C4615460021217509216175D3
:10481000E58200212183618300231A462146304628
:10482000FEF716FB70BD10B50346187858700720C8
:10483000187099609A8101241C77002010BD000037
:104840002DE9F04106460C461746254668790828AA
:1048500003D1064801F0B6FF05E06879032802D1CC
:10486000034801F0AFFFBDE8F08100000D440308EC
:104870002F4403087047704710B5024801F0A2FFAB
:1048800010BD00005743030810B5024801F09AFF1D
:1048900010BD00006C43030810B502A001F092FFA8
:1048A00010BD00003E20446576696365206E6F741C
:1048B00020737570706F727465642E0D0A000000AD
:1048C00010B504461CB90A4801F07CFF0EE0012C2B
:1048D00003D1084801F076FF08E0022C03D1064816
:1048E00001F070FF02E0054801F06CFF10BD000010
:1048F0009F430308BE430308DD430308FB4303084B
:1049000070B504462546298903A001F05BFF69893B
:1049100005A001F057FF70BD3E20564944203A20C3
:1049200025303458680D0A003E20504944203A2072
:1049300025303458680D0A0010B5024801F042FFD6
:1049400010BD00008443030810B50848007858B92A
:1049500001200649087006A001F034FF0AA001F00A
:1049600031FF11A001F02EFF10BD0000CC0000208F
:104970003E20555342204F5447204853204D534327
:1049800020486F73740D0A003E2055534220486F33
:104990007374206C696272617279207374617274CD
:1049A00065642E0D0A00000020202020205553426F
:1049B00020486F7374204C6962726172792076327C
:1049C0002E312E300D0A00000020704710B504462D
:1049D000214602A001F0F6FE10BD00003E204D6110
:1049E0006E756661637475726572203A2025737204
:1049F0000D0A000010B502A001F0E4FE10BD000099
:104A00003E204F76657263757272656E74206465C0
:104A10007465637465642E0D0A00000010B50446C9
:104A2000214602A001F0CEFE10BD00003E205072D3
:104A30006F64756374203A2025730D0A000000002E
:104A400010B502A001F0BEFE10BD00003E2055537F
:104A500042485F5553525F52657365744465766989
:104A60006365200D0A00000010B50446214602A02F
:104A700001F0A8FE10BD00003E2053657269616C14
:104A8000204E756D626572203A2025730D0A000074
:104A900010B5024801F096FE10BD0000C74403089F
:104AA000012070477047704738B504464FF4C06026
:104AB000FDF70AF94D208DF8000001208DF8010066
:104AC00000208DF8020001208DF803006846FDF7F4
:104AD000BFF838BD1CB5044601210220FDF72EF9B0
:104AE0004FF44040009003208DF8050002208DF81F
:104AF000040069460948FCF779FE0C220E2107489C
:104B0000FCF7BCFE0C220F210448FCF7B7FE012184
:104B10004807FDF713F900F003F81CBD000402403C
:104B200008B500214FF00060FDF7D8F84FF4A06001
:104B3000FDF7CAF81C208DF8000001208DF8010057
:104B40008DF802008DF803006846FDF781F8012119
:104B50000846FDF703F908BD10B501218807FDF7E8
:104B600007FD88B101218807FDF7A8FC0748006808
:104B700028B106480068401E0449086004E000218E
:104B80004FF08040FDF79DFC10BD0000D4000020D8
:104B900010B5044601212046FCF720FB10BD10B5DE
:104BA000044602212046FCF719FB10BD3EB5044621
:104BB00000250020029001900090207A012843D126
:104BC000E068806B0190019820F480300190607A59
:104BD00028B1019820F4801000F580100190019810
:104BE000E168886300200290E068C0680290029843
:104BF00020F040000290029820F4801000F5801010
:104C00000290029820F480000290029820F4003074
:104C10000290029820F4002002900298E168C86097
:104C2000204600F0C9F8E078012843D1009820F030
:104C30001E000A300090009820F0200020300090E4
:104C40000098E168886035E0E068C06802900298EA
:104C500020F04000403002900298E168C860204691
:104C600000F0AAF800200190019820F4803000F5AF
:104C700080300190019820F4802000F58020019080
:104C8000019820F4002000F500200190019820F404
:104C9000001000F500100190607A28B1019820F40E
:104CA000801000F5801001900198E168886314205D
:104CB000FFF76EFFE07801280FD1E0688068009070
:104CC000009820F01E000A300090009820F020008C
:104CD000203000900098E168886028463EBDFEB50F
:104CE00004460026002500200290019000902046F6
:104CF000FFF7D8FE0021D4F80C010160207A0128CA
:104D000003D1204600F00FFC03E00121204600F013
:104D10000AFC204600F05DFC606900680090009885
:104D200020F004000090009960690160E07A00BB07
:104D30004FF40070E168486202986FF30F0000F5CD
:104D400000700290029880B200F180700290029888
:104D5000E168886201986FF30F0000F540700190E0
:104D6000019880B200F1807001900198E168C1F86B
:104D700000011021204600F021F9204600F0F8F84B
:104D800000250DE04FF0FF3104F1900050F82500B0
:104D90008160002104F1900050F82500C1606D1C75
:104DA0002078A842EED80121204600F04EF8204697
:104DB00000F0A4F83046FEBDF8B5044600260025F4
:104DC0000020009000BF0320FFF7E9FEE0680069C3
:104DD0000090681C05461349884201D90020F8BD9F
:104DE0000098C00F0028EED00025009820F00100A8
:104DF000401C00900098E168086100BFE06800690D
:104E00000090681C05460749884200D904E00098D4
:104E100000F001000028F1D100BF0320FFF7BFFE22
:104E20003046DCE7400D030008B5014600200022B3
:104E30000092009A22F00102521C0092CA68926805
:104E4000009B9A43CB689A6008BD38B505460C466E
:104E50000020009021462846FFF725FE284600F056
:104E600088FB00900098C0F3003058B9012C09D19C
:104E7000009820F4805000F5805000900099D5F8FB
:104E8000CC0001600098C0F3003040B13CB90098FC
:104E900020F4805000900099D5F8CC000160C82023
:104EA000FFF776FE38BD08B500210091491EC268A3
:104EB00051606FF08041C2685161009921F000415A
:104EC00001F100410091009921F4006101F50061B8
:104ED00000910099C268916108BD08B501460020A3
:104EE00000220092009A22F00102521C0092CA682D
:104EF0009268009B1A43CB689A6008BD38B5044697
:104F0000002500200090E1688861401EE16848614A
:104F10002046FFF7C8FFE07820B9009820F0100085
:104F200010300090009820F0807000F180700090A8
:104F3000009820F0007000F100700090009820F0C0
:104F4000005000F100500090009820F00800083058
:104F50000090009820F4001000F500100090E06828
:104F60008069009988430843E1688861284638BD14
:104F7000F8B504460025002600200090009820F097
:104F80001000103000900098E168086100BFE068F0
:104F900000690090701C06460749884200D904E069
:104FA0000098C0F300100028F1D100BF0320FFF7E4
:104FB000F6FD2846F8BD0000400D0300F8B5044694
:104FC0000D460026002700200090009820F02000C9
:104FD00020300090009865F38A1000900098E168F6
:104FE000086100BFE06800690090781C0746074927
:104FF000884200D904E00098C0F340100028F1D1A5
:1050000000BF0320FFF7CBFD3046F8BD400D030085
:105010000146C868406900F0010070471CB50246AF
:10502000002000230093009B23F0004303F1004382
:1050300000930124009B64F3DC43009302F190038E
:1050400053F82130009C1C6102F1900353F8213089
:105050001B680193019B23F0004303F1004301937C
:10506000019B23F08043019302F1900353F8213018
:10507000019C1C601CBD10B586B0024600200023B8
:105080000393019302F1900353F821301B680093BE
:10509000009B23F0004303F100430093009B23F0A7
:1050A000804303F180430093009BC3F3814323B10A
:1050B000009BC3F38143022B0BD1D368DB6A0393BC
:1050C000039BC3F307437BB9009B23F0004300938A
:1050D0000AE053691B690193019BC3F307431BB9A2
:1050E000009B23F00043009302F1900353F821301A
:1050F000009C1C6006B010BD3FB502460020002396
:105100000024029403940194441E009402F190043C
:1051100054F82140009DA56000240394D478012C0C
:1051200004D1039C24F00404241D039402F56B7441
:1051300004EB4114647934B1012C6AD0022C03D001
:10514000032C38D138E000BF039C24F00104641C18
:105150000394039C24F0080408340394039C24F073
:10516000800480340394039C24F4806404F58064F8
:105170000394039C24F010041034039402F56B7420
:1051800004EB4114A47834B1039C24F4807404F536
:10519000807403940FE0039C24F040044034039493
:1051A00002F56B7404EB4114247924B1039C24F0C0
:1051B0002004203403944EE0039C24F00104641C7A
:1051C0000394039C24F0100410340394039C24F0F3
:1051D000080408340394039C24F08004803403946E
:1051E000039C24F4806404F580640394039C24F4F9
:1051F000007404F50074039402F56B7404EB41141D
:10520000A4782CB1039C24F4807404F58074039476
:1052100021E0039C24F00104641C0394039C24F407
:10522000007404F500740394039C24F020042034DB
:10523000039402F56B7404EB4114A47854B1039CFD
:1052400024F0800480340394039C24F4807404F5D7
:105250008074039400BF00BF02F1900454F8214011
:10526000039DE560012404FA01F35469A4691C4319
:105270005569AC61029C24F0007404F1007402943E
:10528000D468A469029D2C43D568AC6100240194C4
:1052900002F56B7404EB41142578019C65F39C5472
:1052A000019402F56B7404EB41146578019C65F37D
:1052B000CE24019402F56B7404EB4114A578019C93
:1052C00065F3CF34019402F56B7404EB4114E47878
:1052D000022C01D1012500E00025019C65F3514419
:1052E000019402F56B7404EB41146579019C65F33C
:1052F0009344019402F56B7404EB4114E588019C1E
:1053000065F30A04019402F56B7404EB41146479AB
:10531000032C05D1019C24F0005404F100540194A5
:1053200002F1900454F82140019D256004B030BD85
:105330002DE9F04388B004460D464FF00009C846F9
:105340004FF48077002006900790009004F56B7072
:1053500000EB4510006910B304F56B7000EB4510CD
:10536000016904F56B7000EB4510C0880144491ECB
:1053700004F56B7000EB4510C088B1FBF0F086B20D
:10538000BE420DDD3E4604F56B7000EB4510C18852
:10539000714304F56B7000EB4510016100E00126DC
:1053A00004F56B7000EB4510807850B104F56B701C
:1053B00000EB4510C188714304F56B7000EB45109C
:1053C000016104F56B7000EB45100169069861F30B
:1053D00012000690069866F3DC40069004F56B70A8
:1053E00000EB4510017A069861F35E70069004F1B7
:1053F000900050F8250006990161E078012809D154
:1054000004F56B7000EB4510C16804F1900050F892
:105410002500416104F1900050F8250000680790D4
:10542000204600F08CF8079960F35D7107910798AA
:1054300020F0004000F100400790079820F08040E5
:10544000079004F1900050F8250007990160E0787A
:10545000002864D104F56B7000EB451080780028BB
:105460005DD104F56B7000EB45100069002856D043
:1054700004F56B7000EB4510407930B1012821D064
:10548000022803D0032839D11BE000BFE068C06ABE
:10549000039004F56B7000EB45100069C01CC0F36D
:1054A0008F08039880B240450ADA009820F0200067
:1054B00020300090E068806900990843E1688861C5
:1054C0001DE000BF60690069019004F56B7000EB9E
:1054D00045100069C01CC0F38F08019880B2404598
:1054E0000BDA009820F0806000F180600090E068A6
:1054F000806900990843E168886100E000BF00BF4F
:1055000004F56B7000EB4510008A83B204F56B70F4
:1055100000EB45102A46C168204600F0F7FF4846D8
:1055200008B0BDE8F08308B5426912680092009A9D
:1055300061F301020092009B4269136008BD0146BD
:105540004869806800F0010080F00100704700B5F4
:1055500002461046FFF75CFD012800D100BD002087
:10556000FCE701460020CA685069CA689269104089
:10557000704708B50146D1F8CC000068009000984B
:1055800020F004000090009820F0020000900098A5
:1055900020F008000090009820F020000090009873
:1055A00008BD0146486940697047F0B503460024CC
:1055B000D01CC71700EB9777BD10D3F8D06000BFA1
:1055C00003E030680860641C091DAC42F9D308464A
:1055D000F0BD38B504462046FFF7CBFF0090009899
:1055E00020F4807000F5807000900099D4F8CC0011
:1055F00001600A20FFF7CCFA009820F48070009038
:105600000099D4F8CC0001601420FFF7C1FA012002
:1056100038BD000070B502460C460023002000256E
:10562000D5700125957040259580012C0CD14FF047
:10563000A0430125D57208251570042555709D15C8
:10564000D580022515720EE06CB9274B0025D57266
:105650000C251570062555704FF4A065D5800225E0
:1056600015720125D570D36003F500651561002121
:1056700010E003F5106505EB411602F1180545F839
:10568000216003F5306505EB411602F1540545F83C
:105690002160491C55788D42EBD803F58065556132
:1056A0004035C2F8CC50002108E003F5A06505EBB9
:1056B000411602F1900545F82160491C15788D428C
:1056C000F3D8002108E003F5805505EB013602F11F
:1056D000D00545F82160491C15788D42F3D803F5B3
:1056E0006065C2F80C5170BD00000440F8B5044676
:1056F0000D460026E068C0680090009820F0005039
:105700000090009820F080400090012D06D1009874
:1057100020F0005000F10050009006E02DB90098F4
:1057200020F0804000F1804000900098E168C8605F
:105730003220FFF72DFA3046F8BD000038B5044698
:10574000002000900748006881682046884700983C
:1057500020F0005000F1005000900098E16848618E
:10576000012038BD780000200CB50146D1F890002A
:1057700000680090009820F0004000F10040009088
:10578000009820F0804000F180400090009AD1F80D
:105790009000026000200190019820F4001000F5B4
:1057A000001001900198CA68506101200CBD7CB5C1
:1057B0000546002400262846FFF7F3FE019000BFAF
:1057C0001BE0019880B20121A1400840A0B105F181
:1057D000900050F82400006800900098C0F3C0309A
:1057E00028B12146284600F00DF8064304E0214682
:1057F000284600F01CFA0643641C2878A042E0D832
:1058000030467CBD70B586B005460C4605F190006B
:1058100050F82460B0680590F0680490DDE9041049
:105820000840059005F1900050F8240000680390AE
:10583000002004900598C0F38000D0B100200190B2
:10584000019820F00400001D01900198B06005F15E
:10585000900050F82400C0680190019820F00200E8
:10586000801C019005F1900050F824000199C1605E
:1058700073E00598C0F3401048B1002001900198F2
:1058800020F02000203001900198B06065E005987C
:10589000C0F3C00078B305F1900050F82400C06850
:1058A0000190019820F00200801C019005F1900009
:1058B00050F824000199C160052105F56370015578
:1058C00000200190019820F0100010300190019804
:1058D000B06000200190019820F00800083001908D
:1058E0000198B060059820F010000590E1B22846BC
:1058F000FFF7C1FB31E0FFE70598C0F3802060B3FC
:1059000005F1900050F82400C0680190019820F043
:105910000200801C019005F1900050F824000199CC
:10592000C160E1B22846FFF7A6FB00200190019874
:1059300020F01000103001900198B060082105F5AA
:105940006370015500200190019820F4806000F5FB
:10595000806001900198B06000BF0598C0F34020BE
:10596000F8B105F1900050F82400C068019001984A
:1059700020F00200801C019005F1900050F82400F6
:105980000199C160E1B22846FFF775FB0020019044
:10599000019820F4007000F5007001900198B0604B
:1059A00042E1059800F00100002871D0E878012854
:1059B00012D105F1900050F824000069029005F51D
:1059C0006B7000EB441000690299C1F31201411A97
:1059D00005F5547040F82410012105F56370015558
:1059E0000021783840F8241000200190019820F020
:1059F0000100401C01900198B0600398C0F3814001
:105A000020B10398C0F3814002282AD105F190000B
:105A100050F82400C0680190019820F00200801C1A
:105A2000019005F1900050F824000199C160E1B2A5
:105A30002846FFF720FB00200190019820F010007D
:105A4000103001900198B06005F56B7000EB4410C8
:105A5000007E80F0010105F56B7000EB44100176CB
:105A6000E2E00398C0F38140032899D1039820F025
:105A7000005000F10050039005F1900050F8240010
:105A800003990160012105F29B300155CCE0FFE74D
:105A90000598C0F34000002851D005F1900050F85F
:105AA0002400C0680190019820F00200019005F1E7
:105AB000900050F824000199C16005F56370005D05
:105AC000012804D1012105F29B3001552DE005F597
:105AD0006370005D052804D1042105F29B30015557
:105AE00023E005F56370005D062804D005F56370BA
:105AF000005D082808D1002105F5457040F8241004
:105B000003218730015510E00398C0F3814003283A
:105B10000BD105F56B7000EB4410007E80F00101A5
:105B200005F56B7000EB44100176002001900198A0
:105B300020F00200801C01900198B06074E005988C
:105B4000C0F3C01040B305F1900050F82400C068C5
:105B50000190019820F00200801C019005F1900056
:105B600050F824000199C16005F5457050F82410E3
:105B7000491C40F82410062178300155E1B228462E
:105B8000FFF779FA00200190019820F08000803022
:105B900001900198B06047E00598C0F30010E8B3A9
:105BA0000398C0F38140032815D105F1900050F807
:105BB0002400C0680190019820F00200801C019030
:105BC00005F1900050F824000199C160E1B2284627
:105BD000FFF751FA18E00398C0F3814020B1039811
:105BE000C0F3814002280FD1039820F0004000F15B
:105BF00000400390039820F08040039005F190004E
:105C000050F8240003990160032105F563700155E4
:105C100000200190019820F0100000E004E0103016
:105C200001900198B06000BF012006B070BD7FB543
:105C300005460C4605F1900050F82460B0680390CA
:105C4000F0680290DDE902100840039005F1900031
:105C500050F82400006801900398C0F38000D0B190
:105C600000200090009820F00400001D0090009893
:105C7000B06005F1900050F82400C06800900098D2
:105C800020F00200801C009005F1900050F82400E4
:105C90000099C160B0E10398C0F3401048B1002002
:105CA0000090009820F02000203000900098B06014
:105CB000A2E10398C0F34020F8B105F1900050F83C
:105CC0002400C0680090009820F00200801C009022
:105CD00005F1900050F824000099C160E1B2284617
:105CE000FFF7C9F900200090009820F4007000F53B
:105CF000007000900098B0607EE1039800F0010011
:105D000038B3002105F5457040F8241005F19000E6
:105D100050F82400C0680090009820F00200801C19
:105D2000009005F1900050F824000099C160E1B2A4
:105D30002846FFF7A0F900200090009820F001000D
:105D4000401C00900098B060012105F5637001557A
:105D500052E10398C0F3C00010B3002000900098F7
:105D600020F00800083000900098B06005F1900025
:105D700050F82400C0680090009820F00200801CB9
:105D8000009005F1900050F824000099C160E1B244
:105D90002846FFF770F9052105F5637001552BE1E1
:105DA0000398C0F3001038B3002105F5457040F8A2
:105DB000241005F1900050F82400C068009000986D
:105DC00020F00200801C009005F1900050F82400A3
:105DD0000099C160E1B22846FFF74DF9002000901C
:105DE000009820F01000103000900098B06003215F
:105DF00005F563700155FFE00398C0F3C01040B390
:105E000005F1900050F82400C0680090009820F040
:105E10000200801C009005F1900050F824000099C9
:105E2000C160E1B22846FFF726F905F5457050F844
:105E30002410491C40F82410062178300155002018
:105E40000090009820F08000803000900098B060B2
:105E5000D2E00398C0F3801038B3002105F54570F7
:105E600040F8241005F1900050F82400C06800901C
:105E7000009820F00200801C009005F1900050F87E
:105E800024000099C160E1B22846FFF7F4F8002031
:105E90000090009820F04000403000900098B060E2
:105EA000042105F563700155A6E00398C0F3802036
:105EB00060B305F1900050F82400C068009000988D
:105EC00020F00200801C009005F1900050F82400A2
:105ED0000099C160E1B22846FFF7CDF8002000909C
:105EE000009820F01000103000900098B060082159
:105EF00005F56370015500200090009820F4806043
:105F000000F5806000900098B06075E00398C0F3E1
:105F10004000002870D005F1900050F82400C068BF
:105F20000090009820F00200009005F1900050F8D9
:105F300024000099C16005F56370005D012815D14A
:105F4000012105F29B3001550198C0F381400228E0
:105F500048D105F56B7000EB4410407E80F00101E4
:105F600005F56B7000EB441041763BE005F563707E
:105F7000005D032804D1022105F29B30015531E078
:105F800005F56370005D04280FD105F56B7000EB1B
:105F900044100079012803D1E1B22846FFF73EF80A
:105FA000022105F29B3001551CE005F56370005D90
:105FB000052804D1042105F29B30015512E005F5B6
:105FC0006370005D06280DD105F5457050F824007A
:105FD000032807D1032105F29B30015500218738A2
:105FE00040F8241000200090009820F00200801C4F
:105FF00000900098B06000BF012004B070BD7FB574
:106000000446E068C06A00900198C0F3C30104F53B
:106010006B7000EB41100069C01CC0F38F0673E089
:106020004FF6FF71009801EA80050198C0F3C301A3
:1060300004F56B7000EB41100069A84215D201987D
:10604000C0F3C30104F56B7000EB4110008A85B208
:1060500000200390039820F0200020300390E06897
:10606000806903998843E16888610198C0F3C3019E
:1060700004F56B7000EB41100069C01CC0F38F0683
:106080000198C0F3C302C0F3C30304F56B7000EBC7
:1060900043102B46C168204600F038FA0198C0F33F
:1060A000C30104F56B7000EB4110C0684119019801
:1060B000C0F3C30204F56B7000EB4210C16001989D
:1060C000C0F3C30104F56B7000EB41100069411B84
:1060D0000198C0F3C30204F56B7000EB421001613C
:1060E0000198C0F3C30104F56B7000EB41104069E7
:1060F00041190198C0F3C30204F56B7000EB421024
:106100004161E068C06A0090009880B2B0420ADD48
:106110000198C0F3C30104F56B7000EB41100069F6
:1061200000287FF47DAF012004B070BDFEB50446A9
:10613000002600250020009002900190D4F8CC00A9
:1061400000680290D4F8CC0000680190019820F01B
:1061500004000190019820F002000190019820F0C5
:1061600008000190019820F0200001900298C0F3EF
:10617000400058B1019820F00200801C0190324884
:10618000006841682046884745F001050298C0F341
:10619000C000002842D0019820F00800083001908B
:1061A0000298C0F38000002838D027480068416872
:1061B000204688470298C0F34140022804D0029844
:1061C000C0F34140012828D160690068009002981E
:1061D000C0F34140022811D141F270716069416001
:1061E000009800F00300022818D0207A022803D17A
:1061F00002212046FFF797F901260FE04BF6803188
:1062000060694160009800F00300012806D0012178
:106210002046FFF788F9012600E001260298C0F326
:10622000401030B1019820F020002030019045F05E
:10623000010516B12046FFF7CCF90199D4F8CC003E
:1062400001602846FEBD000078000020FEB504462F
:106250006069006900900198C0F3C30104F56B7098
:1062600000EB41100069C01CC0F38F0674E04FF6CC
:10627000FF71009801EA80050198C0F3C30104F59D
:106280006B7000EB41100069A84216D20198C0F370
:10629000C30104F56B7000EB4110008A85B2002049
:1062A0000290029820F0806000F180600290E06827
:1062B000806902998843E16888610198C0F3C3014D
:1062C00004F56B7000EB41100069C01CC0F38F0631
:1062D0000198C0F3C302C0F3C30304F56B7000EB75
:1062E00043102B46C168204600F010F90198C0F316
:1062F000C30104F56B7000EB4110C06841190198AF
:10630000C0F3C30204F56B7000EB4210C16001984A
:10631000C0F3C30104F56B7000EB41100069411B31
:106320000198C0F3C30204F56B7000EB42100161E9
:106330000198C0F3C30104F56B7000EB4110406994
:1063400041190198C0F3C30204F56B7000EB4210D1
:106350004161606900690090009880B2B0420ADD36
:106360000198C0F3C30104F56B7000EB41100069A4
:1063700000287FF47CAF0120FEBD30B585B0044617
:10638000002000900390039820F01000103003903C
:10639000E068806903998843E1688861E068006A81
:1063A0000490049800F00F00009004F190009DF814
:1063B000001050F82100006801900498C0F3434099
:1063C000022806D0032878D0052877D0072873D173
:1063D00075E00498C0F30A10002869DD04F56B70BD
:1063E0009DF8001000EB4110C068002860D00498B0
:1063F000C0F30A1204F56B709DF8003000EB4310F7
:10640000C1682046FFF7D1F8049800F00F0104F5A9
:106410006B7000EB4110C0680499C1F30A1101448C
:10642000049800F00F0204F56B7000EB4210C1609D
:10643000049800F00F0104F56B7000EB4110406907
:106440000499C1F30A110144049800F00F0204F505
:106450006B7000EB4210416104F56B709DF8001009
:1064600000EB4110456904F554709DF8001040F8A8
:10647000215004F190009DF8001050F821000069AF
:1064800002900298C0F3C940002811DD019820F065
:10649000004000F100400190019820F08040019000
:1064A00004F190009DF80020019950F8220001604D
:1064B00006E002E002E0FFE700BF00BF00BF00BF50
:1064C00000BF039820F0100010300390E06880694E
:1064D00003990843E1688861012005B030BD0000E0
:1064E00038B504460020009007480068016820463F
:1064F0008847009820F00800083000900098E16874
:106500004861012038BD0000780000202DE9F041ED
:1065100004460026E078B0B900270020DD1C4FEAD1
:10652000E57805EB98784FEAA80704F1D00555F80F
:1065300022C000BF04E00D68CCF80050401C091DCB
:10654000B842F8D300BF3046BDE8F08170B50446CC
:10655000207888286FD1607867286CD1A078962839
:1065600069D1E678207940EA062644F6B231701AFD
:106570008E421CD008DCA6F56C50A0F1B3000028B8
:1065800045D0012855D14DE0A0F58050023850B1DA
:10659000A0F58040033800284BD12849086001202D
:1065A0002749088046E000202549088042E0254828
:1065B000B0F90000811E2448FAF75DFE0546214827
:1065C000B0F90000801E20490844204908600846B0
:1065D000006800881E49088019480088012812D1E7
:1065E00008460088A8420ED11AA000F0EBF8FAF78E
:1065F0006DFEFBF73BFA1E480088012806D11248C1
:1066000002F0D0FE02E01BA000F0DCF812E0012056
:10661000174908801E480078401C1D490870FBF788
:10662000EFFC07E00020124908801AA000F0CAF829
:1066300000E000BF00BF012070BD00000C00002082
:1066400004000020DE000020F41F002008000020CD
:10665000020000207061676531372E74312E747826
:10666000743D22BCECD1E9D5FDC8B722FFFFFF0085
:10667000D80000207061676531372E74312E747830
:10668000743D22BCECD1E9B4EDCEF322FFFFFF0054
:10669000DC0000207061676531372E74322E74780B
:1066A000743D22CDA3D6B9B4F2D3A122FFFFFF00DF
:1066B00000BFFEE700B587B04FF4A060FBF704FB16
:1066C00047208DF8000001208DF8010000208DF892
:1066D000020001208DF803006846FBF7B9FA37483D
:1066E000FCF7C0F901210420FBF728FB0121202041
:1066F000FBF754FB082206213148FBF7BFF80822BC
:1067000007212F48FBF7BAF84020059002208DF8AA
:1067100018008DF8190000208DF81A0001208DF85E
:106720001B0005A92648FBF761F880200590022090
:106730008DF8180005A92248FBF758F84FF41650B9
:1067400001900020ADF80800ADF80A00ADF80C008B
:10675000ADF810000C20ADF80E0001A91748FCF7A9
:1067600037FA01211548FCF767F940211348FCF777
:1067700035F9012240F224411048FCF704FA0022C6
:1067800040F225510D48FCF7FEF9002240F2277136
:106790000A48FCF7F8F9002240F226610748FCF7A6
:1067A000F2F9012280210548FCF752F9012240212B
:1067B0000248FCF74DF907B000BD0000001401408D
:1067C000000802400FB4054B10B503A9044A029813
:1067D00000F034F910BC5DF814FB0000058C0008D3
:1067E000F00000200FB4084B10B504A902AA0398CA
:1067F00000F024F9044602A9002000F0C1FC204664
:1068000010BC5DF814FB0000817100087CB50446E3
:1068100000201D46164600290BD0491ECDE9004137
:10682000044B6A462946304600F008F9009A0021D8
:1068300011707CBD6B71000830B583B0044600F068
:1068400017F89FED090B05468DED000B0022214640
:106850006846F9F794FE284600F020F89DED000BFD
:1068600003B030BD00000000000000000000000088
:106870000148006870470000F400002002E008C8EA
:10688000121F08C1002AFAD170477047002001E0AA
:1068900001C1121F002AFBD17047000001490860A6
:1068A00070470000F40000202DE9FF5F82B0002156
:1068B000DDE90430020DDDF840B0034318D044F6A2
:1068C0001050A2F2FF3242431514119801281FD034
:1068D000A5EB0B00401C5FEA000A4FF000064E4F8C
:1068E000DFF83891B046504615D5CAF1000413E0E0
:1068F000119801244AA3012801D16FEA0B010298E3
:10690000119AC0E90031C0E9024206B0BDE8F09F2B
:10691000CBF10000DFE704460021404A491842EB72
:106920000450CDE9001012E0E00707D032463B46A4
:1069300040464946F9F734FF8046894632463B4691
:1069400010461946F9F72CFF06460F466410002C36
:10695000EAD1DDE90401DDE90023BAF1000F06DA2E
:10696000F9F71EFF42464B46F9F71AFF05E0F9F723
:1069700089FF42464B46F9F785FF04460E46002242
:10698000284BFAF707F803D84FF0FF30014607E02D
:106990000022254B20463146F9F75BFEF9F7E1FF6F
:1069A000102409E0002C0ADB0A220023F9F759FD24
:1069B000039B30321A55641E50EA0102F2D1641C66
:1069C000039AC4F111031444119A012A03D001223D
:1069D00008430DD10AE0084304D000204FF0110B0A
:1069E000119072E7A3EB0B056D1E0DE05B4504DD16
:1069F0004FF0000205F1010504E003DA4FF0000258
:106A0000A5F10105002AECD002981199C0E90231E4
:106A1000C0E9004579E70000000014400000F03FA5
:106A2000300000000000F0430000E03F30380A284A
:106A300001D2012070470020704700002DE9FF4F70
:106A400095B09B468946064600250FE2252877D15A
:106A500000242746F84A0121059400E0044316F873
:106A6000013F203B01FA03F01042F7D130782A2889
:106A700011D06FF02F033078A0F13002092A16D818
:106A8000059A44F0020402EB820203EB4202104436
:106A9000761C0590EFE759F8042B0592002A03DADB
:106AA000504244F40054059044F00204761C3078BF
:106AB0002E2816D116F8010F44F004042A280DD010
:106AC0006FF02F023078A0F13003092B09D807EBC3
:106AD000870302EB4303C718761CF3E759F8047BDE
:106AE000761C30786C280FD006DC4C2817D068282C
:106AF0000DD06A2814D104E0742810D07A280FD160
:106B00000DE044F400140AE044F4801401E044F47D
:106B100040147278824202D104F58014761C761CEF
:106B2000307866280BD013DC582877D009DC002891
:106B300075D04528F6D04628F4D047281AD19DE1D3
:106B400018E0632835D0642879D0652812D195E102
:106B5000702873D008DC6728F1D069286FD06E28C0
:106B60000DD06F2806D1B5E073282CD0752875D0CC
:106B7000782874D05A46179990476D1C75E1C4F374
:106B80000250022809D003280DD0D9F8001004289B
:106B90000DD00D6009F1040967E1D9F80010EA177A
:106BA000C1E90052F6E7D9F800100D80F2E70D7048
:106BB000F0E719F8041B8DF8001000208DF8010093
:106BC000EA46012003E059F804AB4FF0FF306107BB
:106BD0004FF0000102D40DE008F101018846B942EE
:106BE0000FDA8045F8DB1AF808100029F4D108E024
:106BF00008F1010188468142FADB1AF808100029E1
:106C0000F6D105985B46A0EB080721463846179A4F
:106C100000F094FA284400EB080507E04DE029E174
:106C20000DE01AF8010B5A4617999047B8F1010880
:106C3000F7D25B4621463846179A13E142E00A2212
:106C40000092C4F302524FF0000A022A08D059F809
:106C500004CB032A4FEAEC710AD00DE029E02AE0C8
:106C600009F1070121F00702F2E802C1914609E0AB
:106C70000FFA8CFC4FEAEC71042A03D14FFA8CFC1A
:106C80004FEAEC71002907DA0A460021DCF1000C1A
:106C900061EB02012D2202E0220504D52B228DF8A2
:106CA0000420012203E0E20701D02022F7E790460A
:106CB00059E00A2102E010220DE010214FF0000AF5
:106CC00000910BE010224FF0000A44F00404082762
:106CD000009203E008224FF0000A0092C4F302522F
:106CE000022A05D059F804CB0021032A08D009E074
:106CF00009F1070121F00702F2E802C1914605E01F
:106D00001FFA8CFC042A01D10CF0FF0C4FF0000894
:106D1000220728D5702806D0009B83F0100353EA81
:106D20000A0305D00EE040228DF80420012208E07D
:106D30005CEA010206D030228DF804208DF80500AF
:106D400002229046009B83F0080353EA0A030AD10B
:106D50005CEA010201D1620705D530228DF80420DA
:106D60004FF001087F1E582804D034A003900EA8CD
:106D700002900DE036A0F9E753466046009AF9F715
:106D800070FB84460398825C0298401E0290027059
:106D90005CEA0100F0D1029806A9081A00F1200A65
:106DA000600702D524F4803400E00127574502DD56
:106DB000A7EB0A0000E0002000EB0A010090059814
:106DC0004144401A0590E00306D45B462146179AD9
:106DD000059800F0B3F90544002706E001A85A46DB
:106DE000C05D179990476D1C7F1C4745F6DBE0039B
:106DF0000CD55B462146179A059800F09FF905448B
:106E000004E030205A46179990476D1C0099481E9F
:106E100000900029F5DC08E0029802995A460078B3
:106E2000491C0291179990476D1CBAF10001AAF113
:106E3000010AF1DC65E1000009280100303132333C
:106E400034353637383961626364656600000000A6
:106E50003031323334353637383941424344454690
:106E60000000000000F058F90544761C3078002836
:106E70007FF4ECAD19B02846BDE8F08F620700D46E
:106E8000062709F1070222F0070CFCE80223E1467D
:106E900003F000485FEA080C02D00FF2702C0DE0FE
:106EA0005FEA045C02D50FF2682C07E05FEAC47C5D
:106EB00002D00FF2602C01E0AFF2700C4FF0FF38FF
:106EC00023F00043CDF850C065280CD006DC4528DF
:106ED00009D046281DD047283DD13DE0662818D06E
:106EE00067287ED138E00021112F01DB112000E05E
:106EF000781CCDE9000106A90EA8FFF7D5FCDDE955
:106F00000F010E9A03910021009207F1010A0491EA
:106F10004DE04FF000400097CDE9011006A90EA802
:106F2000FFF7C2FCDDE90F0203920E9B11990022CC
:106F3000DDF80CA00093049211B9791C00EB010A52
:106F4000B7EB0A0004D4C0F1FF3007F1010A049046
:106F5000AAEB0700019044E0012F00DA012700218D
:106F6000112F01DD112000E03846CDE9000106A90E
:106F70000EA8FFF799FCDDE90F010E9A039100219D
:106F800004910092BA4621070CD40399514500DAC6
:106F90008A46BAF1010F05DD009AAAF10101515CA0
:106FA000302908D0B84202DA10F1040F06DA0121C4
:106FB000CDE9011015E0AAF10101E9E7002805DC9F
:106FC000049901440491AAEB000102E0411C5145DF
:106FD00000DD8A460499401A401C01904FF00040A1
:106FE0000290200704D40198504501DBCDF80480BD
:106FF00000208DF84F0002980DF14F07B0F1004FBF
:1070000025D02B200E9002984FF0020800280CDAB1
:10701000404202902D200E9007E00A210298F9F7D5
:107020000AFA3031029007F8011DB8F10001A8F109
:107030000108F2DC02980028EFD1791E0E98087042
:10704000307800F0200040F0450007F8020D12A84B
:10705000C01B00F107081498007800B1012000EB74
:107060000A01019801EBE07105984144401A401E65
:107070000590E00306D45B462146179A059800F078
:107080005DF805441498007818B15A46179990474E
:107090006D1CE00324D55B462146179A059800F045
:1070A0004DF805441CE00498002807DBDDE90301E6
:1070B000884203DD0098405C179901E01799302061
:1070C0005A469047049805F10105401C0490019828
:1070D000401E019004D12E205A46179990476D1CEE
:1070E000BAF10001AAF1010ADDDC05E017F8010B95
:1070F0005A46179990476D1CB8F10001A8F1010894
:10710000F4DC5B462146179A0598ABE62D0000009B
:107110002B000000200000002DE9F041044600256E
:107120001E461746880404D405E039462020B0479F
:107130006D1C641EF9D52846BDE8F0812DE9F041AB
:10714000044600251E469046C80301D5302700E0BE
:107150002027880404D505E041463846B0476D1C19
:10716000641EF9D52846BDE8F0814A68002A06D099
:107170000A68531C0B6010704868401E48607047D6
:107180000A68531C0B6010707047416851B1416828
:10719000491E416031B9012141700178012901D1B5
:1071A000816841607047000070B504460D46607804
:1071B00001232A4604F1340100F040FF08B1032006
:1071C00070BD94F8321294F8330241EA00204AF676
:1071D0005521884201D00220F2E794F86D000106A3
:1071E00094F86C0041EA004194F86B0041EA0020F9
:1071F00094F86A10084320F07F400E49884201D17C
:107200000020DDE794F88900010694F8880041EA3F
:10721000004194F8870041EA002094F88610084362
:1072200020F07F400349884201D10020C8E70120B7
:10723000C6E7000046415400024600E0521C1078A8
:1072400018B192F900008842F8D192F90000704715
:1072500030B502460B4600200446014621E001EB12
:1072600041001D4D55F82000C8B101EB410055F813
:1072700020001568A84213D101EB4100164D05EB23
:10728000800040689568A8420AD101EB4100124D88
:1072900005EB80000089D588A84201D103E0641C79
:1072A000491C0329DBD300BF032906D10CB9022BEB
:1072B00001D1002030BD1220FCE743B901EB4100B1
:1072C000054D05EB80004089B0F5807F01D110208D
:1072D000F0E70020EEE70000441100202DE9F74F11
:1072E00088B0089800680190019890F90000303843
:1072F0000790079809280AD8019840783A2806D1BB
:107300000198801C019008990198086001E0002014
:1073100007900021099801600798032803D30B20E8
:107320000BB0BDE8F08FD349079851F820400CB955
:107330000C20F5E709980460207878B1607800F0B7
:10734000ADFE804608F0010040B90A9820B108F06F
:10735000040008B10A20E3E70020E1E700202070E4
:1073600007986070607800F031FE804608F00100F8
:1073700008B10320D4E70A9820B108F0040008B14E
:107380000A20CDE74FF0000949462046FFF70CFFE1
:10739000054600BF012D21D14FF0000BBBF1000FBE
:1073A00003D0ABF1010000F0FF0B4FF4DF7000EBF6
:1073B0000B1104F134000F18387978B1F87A01060E
:1073C000B87A41EA0041787A41EA0020397A40EA05
:1073D000010949462046FFF7E7FE0546032D01D186
:1073E00001209DE70DB10D209AE73F20015D94F843
:1073F000400041EA0020B0F5007F01D00D208FE76A
:107400004A20015D94F84B0041EA002ABAF1000FCE
:107410000ED194F85B00010694F85A0041EA00414D
:1074200094F8590041EA002094F8581040EA010A03
:10743000C4F81CA04420065DE670012E03D0022E85
:1074400001D00D206CE70AFB06FA4120005D0646DC
:10745000A07016B1701E304008B10D2060E74520C5
:10746000015D94F8460041EA00202081207A00F076
:107470000F0008B10D2053E74720015D94F8480044
:1074800041EA00200690069870B994F8570001066A
:1074900094F8560041EA004194F8550041EA002072
:1074A00094F85410084306904220015D94F843007C
:1074B00041EA00200290029808B90D2030E70298B6
:1074C0005044218900EB11100590DDE9050181424E
:1074D00001D20D2024E7DDE90510401AA178B0FBA8
:1074E000F1F00490049808B90D2019E7012540F641
:1074F000F6710498884200D302254FF6F67104987D
:10750000884200D303250498801CA061C4F8209011
:1075100002984844606205984844E062032D16D101
:10752000208908B10D20FBE694F86300010694F869
:10753000620041EA004194F8610041EA002094F8B9
:1075400060100843A062A0698000039014E02089C5
:1075500008B90D20E4E6606A5044A062022D02D111
:10756000A069400007E0207E00F00100A16901EB66
:10757000410100EB51000390E169039800F2FF1014
:10758000B1EB502F01D20D20CAE64FF0FF30206141
:107590000020E060032D5CD1607194F8641094F8D1
:1075A000650041EA0020484460616078012304F1ED
:1075B0003401626900F042FDF0BB94F8321294F895
:1075C000330241EA00204AF65521884241D1372052
:1075D000005D01063620005D41EA00413520005D76
:1075E00041EA002094F8341008432349884230D1FE
:1075F00094F81B02010694F81A0241EA004194F83B
:10760000190241EA002094F8181208431B498842E5
:107610001FD194F82302010694F8220241EA0041A6
:1076200094F8210241EA002094F820120843E06017
:1076300094F81F02010600E00BE094F81E0241EAF4
:10764000004194F81D0241EA002094F81C120843FE
:10765000206125700A480088401C80B208490880D3
:10766000E080002020632071204600F00BF800200D
:1076700056E6000038110020525261417272416199
:107680003600002010B5014600200DE000EB40025E
:10769000074B53F822208A4205D1002200EB400319
:1076A000034C44F82320401C0328EFD310BD0000F6
:1076B000441100200246891E9069801E884201D82C
:1076C000002070479378D06A01FB0300F9E70000BF
:1076D0002DE9F04705460C46207820F04000401E7A
:1076E00000EB800101EBC00600274FF0010800BF4E
:1076F0001A48C05D205C1949C95D2144497840EAB7
:107700000129B8F1000F10D0484601F0D5F98046A4
:10771000FF2E07D23146761C35F8110001F0CCF966
:10772000404508D00020BDE8F0874FF6FF70814546
:1077300001D00020F7E7781C07460D28D8D3207821
:1077400000F0400038B1B8F1000F04D035F8160051
:1077500008B10020E7E70120E5E700006496000893
:107760002DE9F04704468946B9F1000F06D1E768D4
:1077700017B1A069B84211D801270FE04946204649
:1077800001F0B7FA0646022E02D20120BDE8F087CA
:10779000A069B04201D93046F8E74F463D4600BFE8
:1077A0006D1CA069A84204D80225BD4201D9002061
:1077B000ECE72946204601F09CFA064606B909E0A6
:1077C000701C08B1012E01D13046DFE7BD42E7D180
:1077D0000020DBE700BF6FF070422946204601F031
:1077E00011FD8046B8F1000F08D1B9F1000F05D0A6
:1077F0002A464946204601F005FD8046B8F1000FB3
:1078000009D1E5602069401C68B12069401E2061F3
:107810000120607107E0B8F1010F02D14FF0FF3095
:1078200000E0012005462846B0E700002DE9F34FAF
:1078300083B0814604980068019002E00198401CE2
:107840000190019800782F28F8D0019800785C28E2
:10785000F4D0D9F81CA000252F4600BF38467F1C65
:107860000199085684B2202C03DB2F2C01D05C2C0C
:1078700000D132E0FF2D03D3062005B0BDE8F08F24
:10788000E4B2812C13DBE0B2FE2810DC38467F1C0A
:1078900001990E5C402E01DB7E2E05DD802E01DB82
:1078A000FE2E01DD0620E8E706EB042084B201216C
:1078B000204601F0C3F804460CB90620DDE7802C11
:1078C00006DA214671A0FFF7B7FC08B10620D4E71D
:1078D00028466D1C2AF81040C0E700BF0198C11966
:1078E00004980160202C01DA042000E0002080468A
:1078F00008E0681E3AF81040202C02D02E2C00D050
:1079000002E06D1E002DF4D100BF0DB90620B4E7D2
:1079100000202AF815000B222021D9F8180001F0C8
:10792000C7FB002700E07F1C3AF817002028FAD098
:107930003AF817002E28F6D00FB148F0030800E0FF
:107940006D1E25B1681E3AF810002E28F8D10020CF
:10795000064602904FF0080B00BF38467F1C3AF8ED
:10796000104004B963E0202C03D02E2C04D1AF4288
:1079700002D048F00308F0E70298584501D2AF4220
:1079800014D1BBF10B0F02D148F003084FE0AF4216
:1079900001D048F00308AF4200D948E02F46082044
:1079A00002904FF00B0BB006060ED6E7802C09DBD9
:1079B000204601F081F80021009001F03FF80446D4
:1079C00048F00208FF2C11DDABF10100029988425A
:1079D00004D848F00308CDF808B0BEE72212D9F861
:1079E00018300298411C02911A5419E024B1214622
:1079F00029A0FFF721FC18B15F2448F003080FE02D
:107A0000412C04DB5A2C02DC46F0020608E0612C13
:107A100006DB7A2C04DC46F00106A4F1200084B2D7
:107A2000D9F818300298411C02911C5495E700BF08
:107A3000D9F818000078E52803D10520D9F81810E6
:107A40000870BBF1080F01D1B006060E06F00C005D
:107A50000C2803D006F00300032801D148F00208E7
:107A600008F0020058B906F00300012801D148F0DF
:107A7000100806F00C00042801D148F00808D9F8D5
:107A8000180080F80B800020F7E60000222A3A3C1C
:107A90003E3F7C7F000000002B2C3B3D5B5D0000E7
:107AA00030B50246531E1A46032B1BD202EB42038B
:107AB0000D4C04EB83035989B1F5807F00D100217F
:107AC00009B14B1E99B202EB4203074C04EB83034E
:107AD000598129B9002302EB4204034D45F82430B3
:107AE000002000E0022030BD441100202DE9F041CB
:107AF00004460E460021204600F019FA0546EDB96D
:107B0000002700BF2169206801F0DCFA054605B1B5
:107B100013E060690078E52802D06069007820B938
:107B2000781C0746B04201D107E00027012120461A
:107B300000F076F80546002DE4D000BF2846BDE8E9
:107B4000F0812DE9F04704460021204600F0EFF9CE
:107B5000074617B13846BDE8F0874FF0FF09CA461F
:107B600000BF2169206801F0ADFA074607B154E073
:107B700065692E780EB904274FE0E87A00F03F08D7
:107B8000E52E05D008F0080028B1B8F10F0F02D09B
:107B90004FF0FF093AE0B8F10F0F1CD1E069A0B334
:107BA00006F0400030B195F80DA026F04006B14631
:107BB000E08820844E450AD1687B504507D129468C
:107BC000E069FFF785FD10B1A9F1010000E0FF2099
:107BD00000F0FF091AE0B9F1000F05D1284601F0C5
:107BE00089FC504500D118E04FF0FF094FF6FF70B7
:107BF0002084A069C07A00F0010030B90B22284629
:107C0000A16901F035FA00B907E0FFE7002120463D
:107C100000F006F80746002FA3D000BF38469AE7C9
:107C20002DE9F0410446884600BFE088401C86B23A
:107C30000EB1206910B90420BDE8F08106F00F00F4
:107C400000286DD12069401C2061E06828B92068B7
:107C50000089B04264DC0420EEE720688078401E92
:107C600000EA161000285BD1E168206801F041F8B5
:107C70000546012D01D80220DEE7681C08B9012065
:107C8000DAE720688069A84244D8B8F1000F01D132
:107C90000420D1E7E1682068FFF762FD05460DB9D1
:107CA0000720C9E7012D01D10220C5E7681C08B9EA
:107CB0000120C1E7206801F091FC08B10120BBE779
:107CC000216801F134004FF40072002101F0F0F955
:107CD00029462068FFF7EEFC2168086300270FE0C3
:107CE000012021680871206801F078FC08B10120AA
:107CF000A2E72068006B401C21680863781CC7B2AB
:107D000020688078B842EBDC2068006BC01B2168DB
:107D1000086300BFE56029462068FFF7CBFC2061BF
:107D2000E6802068343006F00F0100EB41106061FE
:107D3000002081E72DE9F05F04468A464FF0FF09F5
:107D4000CB4604274EE02169206801F0BBF90746C5
:107D500007B14AE0666935780DB9042745E0F07A45
:107D600000F03F08E52D09D02E2D07D0B8F1080FFF
:107D700001D1012000E00020504502D04FF0FF0962
:107D800029E0B8F10F0F1AD105F0400030B196F894
:107D90000DB025F04005A946E08820844D450AD164
:107DA000707B584507D13146E06901F0F1F910B117
:107DB000A9F1010000E0FF2000F0FF090BE0B9F19C
:107DC000000F04D1304601F095FB584502D04FF624
:107DD000FF70208409E000212046FFF721FF0746BD
:107DE00007B102E020690028ADD100BF0FB100202B
:107DF00020613846BDE8F09F2DE9FE4F0446D4F8D7
:107E00001880D4F81C900C224146684601F043F9D2
:107E100000BF9DF80B0000F0010028B3002088F897
:107E20000B00E06101260DE033464A4669464046B4
:107E300000F000FF2046FFF784FE054605B103E091
:107E4000701C86B2642EEFDB00BF642E02D10720C7
:107E5000BDE8FE8F042D01D02846F9E79DF80B0000
:107E600088F80B00C4F81C909DF80B0000F002008D
:107E700070B1002601E0701C86B239F816000028A7
:107E8000F9D106F119000D2190FBF1F087B200E065
:107E9000012739462046FFF729FE05465DBB781EBF
:107EA00080B2071E27D0E088C01B81B2204600F0B8
:107EB0003EF80546FDB9A06901F01CFB824600BFF3
:107EC0002169206801F0FEF8054605B112E0FAB21A
:107ED00053466169E06900F00BFE012021680871DA
:107EE00000212046FFF79CFE05461DB9781E80B292
:107EF000071EE5D100BFC5B92169206801F0E2F88D
:107F0000054695B920220021606901F0D1F80B22C5
:107F1000D4E9050101F0BFF8A069C07A00F01800AB
:107F200061690873012021680871284690E72DE9EE
:107F3000F04104460E46E680A568012D03D0206876
:107F40008069A84202D80220BDE8F0812DB92068DE
:107F50000078032801D12068856A65B9E56020684A
:107F60000089B04201DC0220EEE72068806A00EB65
:107F70001610206120E020688078070112E0294671
:107F8000206800F0B6FE0546681C08B90120DBE752
:107F9000022D03D320688069A84201D80220D3E7CC
:107FA000F01B86B2BE42EADAE56029462068FFF798
:107FB00081FB00EB161020612068343006F00F01C1
:107FC00000EB411060610020BEE7000070B5044680
:107FD000012534B90548F9F7C2FC08B125F00105BF
:107FE00000E000BF00BF284670BD0000C41900209B
:107FF00010B50346F3B9012431B1012906D0022995
:1080000009D0032911D10BE0002410E00A480068D0
:10801000106000240BE04FF400701080002406E094
:108020004FF400701060002401E0042400BF00BF82
:10803000204610BD0420FCE7B41300202DE9F047D2
:108040000546884691461E46EDB900271148F9F7C6
:1080500086FC98B100BF73024A4641460D48FBF7C3
:10806000F9FE07460C490B48FBF734FC0948F9F7C1
:1080700076FC00B901E0032FEDD000BF0FB900245A
:1080800000E0012401E0042400BF00BF2046BDE859
:10809000F0870000C4190020701F00200146012055
:1080A00009B9002000E000BF00BF70472DE9F0478C
:1080B0000546884691461E46EDB900271148F9F756
:1080C0004EFC98B100BF73024A4641460D48FCF78A
:1080D00077F807460C490B48FBF7FCFB0948F9F712
:1080E0003EFC00B901E0032FEDD000BF0FB9002422
:1080F00000E0012401E0042400BF00BF2046BDE8E9
:10810000F0870000C4190020701F0020002100E04B
:10811000491C032906D201EB4100054A52F8200010
:108120000028F5D1032901D0012070470020FCE789
:108130004411002070B50446204600F020FB05469F
:108140001DB9606AFFF7ACFC05460DB90020206040
:10815000284670BD2DE9F04704460E46204601F042
:1081600066FA8246BAF1000F02D05046BDE8F087A9
:10817000A07900F0800008B10220F7E7E068B04283
:1081800004D2A07900F0020000B9E668D4F80890A3
:108190004FF00008C4F80880002E77D0206880785F
:1081A0004702B9F1000F11D0701EB0FBF7F1A9F131
:1081B0000100B0FBF7F0814208D3A9F10100791E5C
:1081C0008843A060A068361A656918E02569ADB9D2
:1081D00000212068FFF7C4FA0546012D05D1A079DA
:1081E00040F08000A0710220C0E7681C28B9A07987
:1081F00040F08000A0710120B8E725616561002D85
:1082000044D029E0A07900F0020038B12946206866
:10821000FFF7A6FA054635B93E461FE02946206815
:1082200000F067FD0546681C28B9A07940F0800081
:10823000A07101209AE7012D03D920688069A84226
:1082400005D8A07940F08000A07102208EE765611A
:10825000A0683844A060F61BBE42D3D800BFA06817
:108260003044A060C6F3080068B129462068FFF7D3
:1082700021FA8046B8F1000F06D1A07940F08000C5
:10828000A071022072E701E008EB56282089C0F3B4
:10829000080050B3A069404527D0A07900F0400005
:1082A00090B121684878012304F12801A269FFF701
:1082B000FDFE28B1A07940F08000A071012055E7B3
:1082C000A07920F04000A07121684878012342463F
:1082D00004F12801FFF7B2FE28B1A07940F0800038
:1082E000A071012042E7C4F81880D4E90201884255
:1082F00005D9A068E060A07940F02000A071504648
:1083000034E7000070B504460D46032C01DB0B205A
:1083100070BD084850F8246026B13046FFF7B2F926
:10832000002030700DB100202870024840F8245021
:108330000020EDE7381100202DE9F743ADF50C7D65
:108340000546164625B909200DF50F7DBDE8F083D9
:108350000020286006F01F0626F0010283A98DA8E0
:10836000FEF7BCFF0746002F72D180A88990CDF898
:1083700028D283A88D9900F0FBFB0746889C6FB933
:108380000CB906270AE026F0010008B1012000E040
:108390000020014683A8FEF75BFF074606F01C009D
:1083A000002856D077B1042F08D1FFF7AFFE18B1DF
:1083B00083A8FFF721FD00E01220074646F00806DB
:1083C000889C09E0E07A00F0110008B1072703E07B
:1083D00006F0040000B10827002F38D106F008008D
:1083E000A8B300F0F9FC804684F80E804FEA18210B
:1083F000E1734FEA184121744FEA1861617400205B
:10840000E072207700216177A177E1772146839898
:1084100000F0FAFD81460021204601F063F80120BA
:1084200083990871B9F1000F11D08398D0F830808A
:108430004946839800F081FF074647B9A9F101003A
:108440008399C8604146839800F03CFE07460FE0E0
:1084500040E06FB9E07A00F0100008B1042707E0AF
:1084600006F0020020B1E07A00F0010000B1072719
:10847000B7B906F0080008B146F020068398006BF3
:10848000E8612C6226F0010008B1012000E0002024
:10849000014683A800F04AFD6862686A00B90227B5
:1084A000C7B9AE712146839800F0AEFD2861E07F28
:1084B0000106A07F41EA0041607F41EA0020217F60
:1084C0000843E8600020A860A8618398286083982A
:1084D000C088A880384637E773B5ADF5047D0446FB
:1084E0001CB909200DF5067D70BD0022214685A826
:1084F000FEF7F4FE0546266835BB81A8A06101A8F9
:10850000E0612046859900F033FB0546ADB960690E
:1085100058B16069C07A00F0100028B13046616936
:1085200000F072FDA06000E0052535B9F088A0805C
:1085300000212046FFF7FBFC0546042D00D1052550
:1085400025B10020206001E0002020602846C9E716
:108550002DE9FF4F83B0044615469A46DDF810B06A
:108560000020CAF80000204601F061F8029002984D
:1085700018B1029807B0BDE8F08FA07900F0800034
:1085800008B10220F6E7A07900F0010008B9072041
:10859000F0E7D4E90210401A00900098854200D913
:1085A000009DB5E02089C0F3080000287ED1206836
:1085B0008078401EA16800EA512000F0FF09B9F15F
:1085C000000F1DD1A06810B92069019004E0616915
:1085D000206800F08EFB01900198022805D2A07956
:1085E00040F08000A0710220C4E70198401C28B927
:1085F000A07940F08000A0710120BBE70198606184
:1086000061692068FFF756F806462EB9A07940F058
:108610008000A0710220ADE74E444FEA5528B8F122
:10862000000F2DD009EB080021688978884203D912
:1086300020688078A0EB090808F0FF0321684878DB
:1086400032465946FFF7FAFC28B1A07940F0800085
:10865000A07101208EE7A07900F0400068B1A06908
:10866000801B404509D2A169891B0BEB41204FF4C7
:10867000007204F1280100F00EFD4FEA48273DE0AA
:10868000A069B04226D0A07900F0400098B12168DE
:108690004878012304F12801A269FFF707FD30B1F2
:1086A000A07940F08000A071012063E713E0A07979
:1086B00020F04000A071216848780123324604F17F
:1086C0002801FFF7BBFC28B1A07940F08000A07121
:1086D00001204FE7A6612089C0F30800C0F50077AC
:1086E000AF4200D92F462089C0F3080204F12800C8
:1086F00011183A46584600F0CEFC00BFBB44A068B3
:108700003844A060DAF800003844CAF80000ED1BD5
:10871000002D7FF447AF00202CE770B5ADF5047D48
:1087200004460E46204600F082FF05461DBB2EB9CA
:1087300000212046FFF7FBFB05461CE081A8A06155
:1087400001A8E06100212046FFF7F4FA0546042D58
:1087500002D10020206100256DB93146204600F08D
:108760003FFB00212046FFF75BFA0546042D02D1AE
:1087700000202061002528460DF5047D70BD2DE9FF
:10878000F0410446204600F052FF0746002F4CD12E
:10879000A07900F02000002847D0A07900F0400028
:1087A00078B121684878012304F12801A269FFF714
:1087B0007DFC10B10120BDE8F081A07920F04000DF
:1087C000A071E169206800F07DFC0746002F2CD1E4
:1087D000256AE87A40F02000E872207B2877A0899B
:1087E000010A6977E068010CA977E068010EE97772
:1087F0002846216900F076FE00F0EEFA0646AE75D6
:10880000310AE975310C2976310E69760020A87499
:108810000021E974A07920F02000A07101202168D6
:108820000871206800F076FE07463846C3E72DE958
:10883000FF4F83B0044615469B46049801900020E4
:10884000CBF80000204600F0F2FE0290029818B12A
:10885000029807B0BDE8F08FA07900F0800008B161
:108860000220F6E7A07900F0020008B90720F0E73F
:10887000E0682844E168884200D20025CDE02089E4
:10888000C0F30800002877D120688078401EA168D6
:1088900000EA512000F0FF0ABAF1000F2AD1A068C7
:1088A00058B9D4F81080B8F1000F0BD1002120681E
:1088B000FEF756FF8046206104E061692068FEF7FC
:1088C0004FFF8046B8F1000F00D1A9E0B8F1010FC9
:1088D00005D1A07940F08000A0710220B9E708F12D
:1088E000010028B9A07940F08000A0710120B0E714
:1088F000C4F81480A07900F0400090B12168487855
:10890000012304F12801A269FFF7D0FB28B1A07967
:1089100040F08000A07101209BE7A07920F040008A
:10892000A07161692068FEF7C5FE06462EB9A079E0
:1089300040F08000A07102208BE756444FEA552991
:10894000B9F1000F2FD00AEB09002168897888421D
:1089500003D920688078A0EB0A0909F0FF03216899
:10896000487832460199FFF7A1FB30B1A07940F079
:108970008000A07101206CE72CE0A069801B4845B5
:108980000ED2A069801B019A02EB40214FF40072C5
:1089900004F1280000F07FFBA07920F04000A071D6
:1089A0004FEA49272DE0A069B04212D0D4E9020174
:1089B00088420ED2216848780123324604F128010A
:1089C000FFF73CFB28B1A07940F08000A0710120A6
:1089D0003FE7A6612089C0F30800C0F50077AF42E9
:1089E00000D92F462189C1F3080204F1280150184B
:1089F0003A46019900F04FFBA07940F04000A07189
:108A000000BF019838440190A0683844A060DBF8AA
:108A100000003844CBF80000ED1B002D7FF42FAF91
:108A200000BFD4E90201884201D9A068E060A079C2
:108A300040F02000A07100200BE700002DE9F0417C
:108A400002460F46802A01DA10462FE01FB1184B6C
:108A500045F2205602E0174B45F22056002510241F
:108A600016E0A6EB050C0CEBDC7805EB68014FEA91
:108A7000410C33F81CC0944500D10BE04FEA410C87
:108A800033F81CC0944501DA0D4600E00E46641E22
:108A9000002CE6D100BF34B14FF0010C0CEB410CBF
:108AA00033F81CC001E04FF0000C6046BDE8F081D7
:108AB000F6EA0108729600080246002100E0491C0F
:108AC000094830F8110020B1074830F811009042F1
:108AD000F5D1054830F8110018B1044830F81100FC
:108AE00070471046FCE700007A3F03085A4103082C
:108AF000F0B504461D464D730F27CF7200270F7344
:108B00008F76BC4681F81BC0571E07EB870C0CEB19
:108B1000C706002738463B4600BF4FF6FF77B842EE
:108B200003D03746761C34F81700DFF840C01CF835
:108B300003C001F80C000712DFF830C01CF803C0B6
:108B40008C448CF8017008B94FF6FF705F1C3B46EF
:108B50000D2FE2D34FF6FF77B84202D034F81670EB
:108B60000FB942F040020A70F0BD000064960008A0
:108B70002DE9F3410446019800782F2803D001988D
:108B800000785C2802D10198401C01900020A06070
:108B9000019890F90000202807D200212046FFF715
:108BA000C6F905460020606129E000BF01A9204602
:108BB000FEF73CFE054605B120E02046FEF7C1FF6A
:108BC0000546A069C67A45B1042D00D016E000BF65
:108BD00006F0040000B9052510E006F0040000B11D
:108BE0000CE06769F87A00F0100008B9052505E087
:108BF0003946206800F008FAA060D7E700BF284691
:108C0000BDE8FC8170B504460D4640210748F9F7E0
:108C1000E5FEE1B20648FAF74AF800BF40210448F1
:108C2000F9F77AFF0028F9D0204670BD0010014006
:108C3000001401402DE9FC4707468A4690461C4631
:108C40000B225146384600F026FA052C0BDD00BFFA
:108C5000601000EBC43138F8022B881884B2B8F8E1
:108C600000000028F4D1072600BF2046E11704EBDE
:108C700011710911A4EB0111303101F0FF09B9F1B3
:108C8000390F03DD09F1070000F0FF093046761EB9
:108C90000DF800902046E11704EB1171C1F30F1499
:108CA000002CE2D17E200DF8060000250BE0785D57
:108CB000812807DB785DFE2804DC701EA84200D105
:108CC00006E06D1C6D1CB54202D2785D2028EED105
:108CD00000BF00BF082E04D23046761C1DF80000ED
:108CE00000E0202029466D1C7854082DF2D3BDE801
:108CF000FC872DE9F04105460C46022C02D3A869F9
:108D0000A04202D80120BDE8F0812878012804D0D3
:108D100002282CD003285AD13DE0274607EB5707FD
:108D2000686A00EB5721284600F0CCF900B14EE00C
:108D3000C7F3080105F1340010F801807F1C686A50
:108D400000EB5721284600F0BDF900B13FE0C7F322
:108D5000080105F13400405C48EA002804F00100F5
:108D600010B14FEA1810CEE7C8F30B00CBE7686AE2
:108D700000EB1421284600F0A5F900B127E040F2ED
:108D8000FF1000EA440105F134000E1830787178C4
:108D900040EA0120B7E7686A00EBD411284600F0EA
:108DA00091F900B113E040F2FF1000EA840105F1EF
:108DB00034000E18F0780006B17840EA014071786E
:108DC00040EA01203178084320F070409BE700BF63
:108DD0004FF0FF3097E70000004870470000214245
:108DE0002DE9FC5F81460F4607F10908D9F810000C
:108DF000002854D0D9F81440207B0190002516E0BB
:108E0000605D46B2202E00D113E0052E01D16FF037
:108E10001A06019800F0080030B1412E04DB5A2EEA
:108E200002DC06F1200046B208F8016B6D1C082D2B
:108E3000E6D300BF207A20281AD02E2008F8010B94
:108E4000082512E0605D46B2202E00D10FE00198A7
:108E500000F0100030B1412E04DB5A2E02DC06F186
:108E6000200046B208F8016B6D1C0B2DEAD300BF41
:108E7000E07A3872E07F0106A07F41EA0041607F1E
:108E800041EA0020217F08433860217E607E41EA6C
:108E90000020B880A17DE07D41EA0020F88000201C
:108EA00088F80000B869E8B3F869D8B3D7F818B003
:108EB0000025D9F8100088B3B9F820004FF6FF71EB
:108EC00088422BD0D9F81C0000901FE000215046AA
:108ED000FFF7B4FD8246BAF1000F01D100251CE076
:108EE000BAF1FF0F06DD4FEA2A2042B228466D1C78
:108EF0000BF80020F869401EA84201D800250CE0BC
:108F00004FFA8AF228466D1C0BF80020009830F8C2
:108F1000021BB1F1000A0090D8D100BF00200BF86D
:108F2000050000E000E000BFBDE8FC9F30B5024650
:108F30000B4600211BE001EB4100324C54F82000AD
:108F40001468A04212D101EB41002E4C04EB8000CA
:108F500040689468A04209D101EB4100294C04EB20
:108F600080000089D488A04200D102E0491C032976
:108F7000E1D300BF032927D1002100E0491C0329C8
:108F800006D201EB41001F4C54F820000028F5D117
:108F9000032901D1002030BD01EB4104194D1068B7
:108FA00045F8240001EB410405EB840490686060FF
:108FB000D08801EB410405EB84042081002001EB03
:108FC000410405EB8404608143B101EB41000D4C89
:108FD00004EB8000408908B10020DCE713B14FF4B6
:108FE000807006E001EB4100064C04EB80004089F4
:108FF000401C01EB4104034D05EB84046081481CD7
:10900000C9E700004411002010B502468C7ECB7EDB
:1090100044EA03201378032B05D10C7D4B7D44EAF1
:10902000032340EA034010BD10B5F8F733FDF9F70C
:1090300055FAF9F73FFCF9F7FFFBFDF73BFBF9F7B2
:109040003DFBF8F76BFB0748008881B20648F8F74C
:109050006DFB00200549087002490880F8F79AFB6B
:10906000002010BDDE000020F41F0020DD000020E5
:10907000F0B503461C460D46002000BF161EA2F1A7
:10908000010207D014F8017B15F801CBA7EB0C0601
:10909000301EF3D0F0BD70B503460C4603E014F863
:1090A000015B03F8015B151EA2F10102F7D170BD4F
:1090B00030B5034601E003F8011B141EA2F10102C2
:1090C000F9D130BD70B504460D46206BA84210D0D2
:1090D000204600F083FA08B1012070BD60780123BA
:1090E0002A4604F13401FEF7A9FF08B10120F4E794
:1090F00025630020F1E70146487830380A78303A95
:1091000002EB820200EB4200C0B2704701460878D1
:1091100030384FF47A7210FB02F24878303800EBA6
:10912000C00303EB001002EB80028878303800EBBC
:10913000800002EB4002C8783038104480B270479B
:1091400030B52DED028B85B005460C460020019010
:109150000290039004900F2C00DD0F242246294634
:1091600001A8F7F72DF8002001A9085501A8FDF77F
:1091700063FBB0EE408AF0EE608A51EC180BF7F713
:109180003EF900EE100A05B0BDEC028B30BD0000C8
:10919000F0B50346087800F03F00401E00EB800762
:1091A00007EBC0020025012600BF1548405D085CA2
:1091B000134F7F5D0F447F7840EA07244EB1FF2AAA
:1091C00001D30020F0BD26461046521C23F8104063
:1091D00005E04FF6FF70844201D00020F2E7681CE2
:1091E00005460D28E1D3087800F0400030B1FF2A91
:1091F00001D30020E6E7002023F812000120E1E778
:10920000649600082DE9F04705460E461746022EE3
:1092100002D3A869B04202D84FF002088AE0287849
:10922000012804D0022841D003287DD154E0B14662
:1092300009EB5909686A00EB59212846FFF742FFFC
:109240008046B8F1000F00D071E0C9F3080105F1C4
:1092500034000C1806F0010020B1F9B2207861F357
:109260001F1000E03846207009F101090120287123
:10927000686A00EB59212846FFF724FF8046B8F1C1
:10928000000F00D053E0C9F3080105F134000C18B9
:1092900006F0010010B1C7F3071005E0207800F0D8
:1092A000F000C7F303210843207040E0686A00EB38
:1092B00016212846FFF706FF8046B8F1000F00D0C0
:1092C00035E040F2FF1000EA460105F134000C18C9
:1092D0002770380A60702AE0686A00EBD6112846C9
:1092E000FFF7F0FE8046B8F1000F00D01FE040F21B
:1092F000FF1000EA860105F134000C18E078000642
:10930000A17840EA0140617840EA012021780843D1
:1093100000F0704007432770380A6070380CA07066
:10932000380EE07003E0FFE74FF0020800BF00BF17
:10933000012028714046BDE8F0872DE9F041044640
:109340000E46022E02D3A069B04201D8022725E0C2
:1093500000271FE031462046FFF7CBFC054605B944
:109360001BE0012D01D1022717E0681C08B9012775
:1093700013E0002231462046FFF744FF074607B1BD
:109380000BE02069401C20B12069401C20610120B5
:1093900060712E46A069B042DCD800BF3846BDE8F7
:1093A000F081000070B52DED048B88B0044639487B
:1093B0000078012869D1E07C5E2866D1207E5E2895
:1093C00063D1601DFFF7A2FE3349088004F1090054
:1093D000FFF791FE3049887004F10B00FFF78BFE18
:1093E0002D49C87004F10D00FFF785FE2A49087168
:1093F00004F10F00FFF77FFE2749487104F11100C7
:10940000FFF779FE244988710425294604F11400E8
:10941000FFF796FE204880ED020A0626314604F149
:109420001900FFF78DFE1C4880ED030A1BA0F8F71A
:1094300049FD194890ED030A10EE101A0846F6F798
:10944000CBFF41EC180B144890ED020A10EE101AF5
:109450000846F6F7C1FF41EC190B8DED068B8DED3B
:10946000049B0D4880790C4949790B4A1279CDE962
:10947000002102900848C378827801881148F8F7E3
:1094800021FD11A0FDF79EF900BF08B0BDEC048BD3
:1094900070BD000010000020F42200200D0A2D2DC8
:1094A0002D2D2D2D2D2D2D2D2D2D2D2D2D2D2D2DEC
:1094B0002D2D2D2D2D2D2D2D2D2D2D2D2D2D0D0A1F
:1094C00000000000244503087061676531372E7481
:1094D000322E7478743D22B4F2D3A1B3C9B9A62256
:1094E000FFFFFF0081760B0AC3760A0C02750B0E94
:1094F0004375704730B5014600200B2200BF431072
:1095000003EBC01411F8015B6319D8B2531E1A1E85
:10951000F5D130BD70B50446204600F05FF8054631
:10952000002D59D1207803284FD1607900284CD0E4
:10953000002020634FF40072002104F13400FFF793
:10954000B7FD552184F83212AA2184F83312522033
:1095500084F834005221352001556121362001550F
:10956000412137200155722184F8181284F819120C
:10957000412184F81A12612184F81B12217C84F89D
:109580001C12208A010A84F81D122069010C84F83B
:109590001E122069010E84F81F12217B84F820120C
:1095A000A089010A84F82112E068010C84F82212D3
:1095B000E068010E84F823126078012304F134017D
:1095C0006269FEF773FD0020607160780022114629
:1095D000FEF70EFD00B10125284670BD70B50446AA
:1095E000207910B3256B607801232A4604F13401F9
:1095F000FEF75CFD08B1012070BD00202071606A9B
:10960000A84212D8E169606A0844A8420DD9E678F8
:1096100009E0E0690544607801232A4604F1340139
:10962000FEF744FD761E022EF3D20020E4E770B56B
:1096300005462C464CB1206838B12068007820B12E
:109640002068C088A188884201D0092070BD2168A7
:109650004878FEF723FD00F0010008B10320F5E78C
:109660000020F3E701030507090E10121416181C59
:109670001E00A400E8A1A700ECA1A800A7A1B000CB
:10968000E3A1B100C0A1B700A4A1D700C1A1E0002F
:10969000A4A8E100A2A8E800A8A8E900A6A8EA00FA
:1096A000BAA8EC00ACA8ED00AAA8F200B0A8F3009C
:1096B000AEA8F700C2A1F900B4A8FA00B2A8FC0055
:1096C000B9A80101A1A81301A5A81B01A7A82B01F6
:1096D000A9A84401BDA84801BEA84D01ADA86B01D1
:1096E000B1A8CE01A3A8D001ABA8D201AFA8D401E4
:1096F000B3A8D601B5A8D801B6A8DA01B7A8DC018D
:10970000B8A85102BBA86102C0A8C702A6A1C9029D
:10971000A5A1CA0240A8CB0241A8D90242A8910340
:10972000A1A69203A2A69303A3A69403A4A69503BD
:10973000A5A69603A6A69703A7A69803A8A699038D
:10974000A9A69A03AAA69B03ABA69C03ACA69D035D
:10975000ADA69E03AEA69F03AFA6A003B0A6A1032D
:10976000B1A6A303B2A6A403B3A6A503B4A6A603F9
:10977000B5A6A703B6A6A803B7A6A903B8A6B103C2
:10978000C1A6B203C2A6B303C3A6B403C4A6B5035D
:10979000C5A6B603C6A6B703C7A6B803C8A6B9032D
:1097A000C9A6BA03CAA6BB03CBA6BC03CCA6BD03FD
:1097B000CDA6BE03CEA6BF03CFA6C003D0A6C103CD
:1097C000D1A6C303D2A6C403D3A6C503D4A6C60399
:1097D000D5A6C703D6A6C803D7A6C903D8A6010431
:1097E000A7A71004A1A71104A2A71204A3A71304FA
:1097F000A4A71404A5A71504A6A71604A8A71704D0
:10980000A9A71804AAA71904ABA71A04ACA71B049C
:10981000ADA71C04AEA71D04AFA71E04B0A71F046C
:10982000B1A72004B2A72104B3A72204B4A723043C
:10983000B5A72404B6A72504B7A72604B8A727040C
:10984000B9A72804BAA72904BBA72A04BCA72B04DC
:10985000BDA72C04BEA72D04BFA72E04C0A72F04AC
:10986000C1A73004D1A73104D2A73204D3A733044F
:10987000D4A73404D5A73504D6A73604D8A737040F
:10988000D9A73804DAA73904DBA73A04DCA73B04DC
:10989000DDA73C04DEA73D04DFA73E04E0A73F04AC
:1098A000E1A74004E2A74104E3A74204E4A743047C
:1098B000E5A74404E6A74504E7A74604E8A747044C
:1098C000E9A74804EAA74904EBA74A04ECA74B041C
:1098D000EDA74C04EEA74D04EFA74E04F0A74F04EC
:1098E000F1A75104D7A710205CA9132043A8142086
:1098F000AAA1152044A81620ACA11820AEA11920B9
:10990000AFA11C20B0A11D20B1A1252045A8262073
:10991000ADA13020EBA13220E4A13320E5A1352018
:1099200046A83B20F9A1AC2080000321E6A1052137
:1099300047A8092148A81621EDA1212159A9602194
:10994000F1A26121F2A26221F3A26321F4A26421B7
:10995000F5A26521F6A26621F7A26721F8A2682187
:10996000F9A26921FAA26A21FBA26B21FCA2702153
:10997000A1A27121A2A27221A3A27321A4A2742187
:10998000A5A27521A6A27621A7A27721A8A2782157
:10999000A9A27921AAA29021FBA19121FCA1922147
:1099A000FAA19321FDA1962149A897214AA89821BF
:1099B0004BA899214CA80822CAA10F22C7A11122A5
:1099C000C6A115224DA81A22CCA11D22D8A11E2263
:1099D000DEA11F224EA82022CFA123224FA825229C
:1099E000CEA12722C4A12822C5A12922C9A12A22A9
:1099F000C8A12B22D2A12E22D3A13422E0A135224C
:109A0000DFA13622C3A13722CBA13D22D7A1482214
:109A1000D6A14C22D5A1522250A86022D9A1612200
:109A2000D4A16422DCA16522DDA1662251A86722AF
:109A300052A86E22DAA16F22DBA1952292A8992268
:109A4000D1A1A522CDA1BF2253A81223D0A1602469
:109A5000D9A26124DAA26224DBA26324DCA26424FA
:109A6000DDA26524DEA26624DFA26724E0A26824CA
:109A7000E1A26924E2A27424C5A27524C6A27624B8
:109A8000C7A27724C8A27824C9A27924CAA27A24BA
:109A9000CBA27B24CCA27C24CDA27D24CEA27E248A
:109AA000CFA27F24D0A28024D1A28124D2A282245A
:109AB000D3A28324D4A28424D5A28524D6A286242A
:109AC000D7A28724D8A28824B1A28924B2A28A244A
:109AD000B3A28B24B4A28C24B5A28D24B6A28E246A
:109AE000B7A28F24B8A29024B9A29124BAA292243A
:109AF000BBA29324BCA29424BDA29524BEA296240A
:109B0000BFA29724C0A29824C1A29924C2A29A24D9
:109B1000C3A29B24C4A20025A4A90125A5A90225AE
:109B2000A6A90325A7A90425A8A90525A9A906254D
:109B3000AAA90725ABA90825ACA90925ADA90A251D
:109B4000AEA90B25AFA90C25B0A90D25B1A90E25ED
:109B5000B2A90F25B3A91025B4A91125B5A91225BD
:109B6000B6A91325B7A91425B8A91525B9A916258D
:109B7000BAA91725BBA91825BCA91925BDA91A255D
:109B8000BEA91B25BFA91C25C0A91D25C1A91E252D
:109B9000C2A91F25C3A92025C4A92125C5A92225FD
:109BA000C6A92325C7A92425C8A92525C9A92625CD
:109BB000CAA92725CBA92825CCA92925CDA92A259D
:109BC000CEA92B25CFA92C25D0A92D25D1A92E256D
:109BD000D2A92F25D3A93025D4A93125D5A932253D
:109BE000D6A93325D7A93425D8A93525D9A936250D
:109BF000DAA93725DBA93825DCA93925DDA93A25DD
:109C0000DEA93B25DFA93C25E0A93D25E1A93E25AC
:109C1000E2A93F25E3A94025E4A94125E5A942257C
:109C2000E6A94325E7A94425E8A94525E9A946254C
:109C3000EAA94725EBA94825ECA94925EDA94A251C
:109C4000EEA94B25EFA9502554A8512555A852251A
:109C500056A8532557A8542558A8552559A8562520
:109C60005AA857255BA858255CA859255DA85A25F0
:109C70005EA85B255FA85C2560A85D2561A85E25C0
:109C800062A85F2563A8602564A8612565A8622590
:109C900066A8632567A8642568A8652569A8662560
:109CA0006AA867256BA868256CA869256DA86A2530
:109CB0006EA86B256FA86C2570A86D2571A86E2500
:109CC00072A86F2573A8702574A8712575A87225D0
:109CD00076A8732577A8812578A8822579A8832579
:109CE0007AA884257BA885257CA886257DA887253C
:109CF0007EA8882580A8892581A88A2582A88B2509
:109D000083A88C2584A88D2585A88E2586A88F25D7
:109D100087A8932588A8942589A895258AA8A02591
:109D2000F6A1A125F5A1B225F8A1B325F7A1BC257F
:109D30008BA8BD258CA8C625F4A1C725F3A1CB25EA
:109D4000F0A1CE25F2A1CF25F1A1E2258DA8E32532
:109D50008EA8E4258FA8E52590A80526EFA1062664
:109D6000EEA1092691A84026E2A14226E1A10030F9
:109D7000A1A10130A2A10230A3A10330A8A1053006
:109D8000A9A1063065A9073096A90830B4A1093009
:109D9000B5A10A30B6A10B30B7A10C30B8A10D3077
:109DA000B9A10E30BAA10F30BBA11030BEA1113045
:109DB000BFA1123093A81330FEA11430B2A1153008
:109DC000B3A11630BCA11730BDA11D3094A81E3020
:109DD00095A8213040A9223041A9233042A924303E
:109DE00043A9253044A9263045A9273046A9283063
:109DF00047A9293048A94130A1A44230A2A4433048
:109E0000A3A44430A4A44530A5A44630A6A447305A
:109E1000A7A44830A8A44930A9A44A30AAA44B302A
:109E2000ABA44C30ACA44D30ADA44E30AEA44F30FA
:109E3000AFA45030B0A45130B1A45230B2A45330CA
:109E4000B3A45430B4A45530B5A45630B6A457309A
:109E5000B7A45830B8A45930B9A45A30BAA45B306A
:109E6000BBA45C30BCA45D30BDA45E30BEA45F303A
:109E7000BFA46030C0A46130C1A46230C2A463300A
:109E8000C3A46430C4A46530C5A46630C6A46730DA
:109E9000C7A46830C8A46930C9A46A30CAA46B30AA
:109EA000CBA46C30CCA46D30CDA46E30CEA46F307A
:109EB000CFA47030D0A47130D1A47230D2A473304A
:109EC000D3A47430D4A47530D5A47630D6A477301A
:109ED000D7A47830D8A47930D9A47A30DAA47B30EA
:109EE000DBA47C30DCA47D30DDA47E30DEA47F30BA
:109EF000DFA48030E0A48130E1A48230E2A483308A
:109F0000E3A48430E4A48530E5A48630E6A4873059
:109F1000E7A48830E8A48930E9A48A30EAA48B3029
:109F2000EBA48C30ECA48D30EDA48E30EEA48F30F9
:109F3000EFA49030F0A49130F1A49230F2A49330C9
:109F4000F3A49B3061A99C3062A99D3066A99E3024
:109F500067A9A130A1A5A230A2A5A330A3A5A430D2
:109F6000A4A5A530A5A5A630A6A5A730A7A5A8306D
:109F7000A8A5A930A9A5AA30AAA5AB30ABA5AC303D
:109F8000ACA5AD30ADA5AE30AEA5AF30AFA5B0300D
:109F9000B0A5B130B1A5B230B2A5B330B3A5B430DD
:109FA000B4A5B530B5A5B630B6A5B730B7A5B830AD
:109FB000B8A5B930B9A5BA30BAA5BB30BBA5BC307D
:109FC000BCA5BD30BDA5BE30BEA5BF30BFA5C0304D
:109FD000C0A5C130C1A5C230C2A5C330C3A5C4301D
:109FE000C4A5C530C5A5C630C6A5C730C7A5C830ED
:109FF000C8A5C930C9A5CA30CAA5CB30CBA5CC30BD
:10A00000CCA5CD30CDA5CE30CEA5CF30CFA5D0308C
:10A01000D0A5D130D1A5D230D2A5D330D3A5D4305C
:10A02000D4A5D530D5A5D630D6A5D730D7A5D8302C
:10A03000D8A5D930D9A5DA30DAA5DB30DBA5DC30FC
:10A04000DCA5DD30DDA5DE30DEA5DF30DFA5E030CC
:10A05000E0A5E130E1A5E230E2A5E330E3A5E4309C
:10A06000E4A5E530E5A5E630E6A5E730E7A5E8306C
:10A07000E8A5E930E9A5EA30EAA5EB30EBA5EC303C
:10A08000ECA5ED30EDA5EE30EEA5EF30EFA5F0300C
:10A09000F0A5F130F1A5F230F2A5F330F3A5F430DC
:10A0A000F4A5F530F5A5F630F6A5FC3060A9FD3035
:10A0B00063A9FE3064A90531C5A80631C6A80731D9
:10A0C000C7A80831C8A80931C9A80A31CAA80B31E4
:10A0D000CBA80C31CCA80D31CDA80E31CEA80F31B4
:10A0E000CFA81031D0A81131D1A81231D2A8133184
:10A0F000D3A81431D4A81531D5A81631D6A8173154
:10A10000D7A81831D8A81931D9A81A31DAA81B3123
:10A11000DBA81C31DCA81D31DDA81E31DEA81F31F3
:10A12000DFA82031E0A82131E1A82231E2A82331C3
:10A13000E3A82431E4A82531E5A82631E6A8273193
:10A14000E7A82831E8A82931E9A82032E5A2213280
:10A15000E6A22232E7A22332E8A22432E9A2253283
:10A16000EAA22632EBA22732ECA22832EDA2293253
:10A17000EEA231325AA9A33249A98E334AA98F33AC
:10A180004BA99C334CA99D334DA99E334EA9A133B5
:10A190004FA9C43350A9CE3351A9D13352A9D233D8
:10A1A00053A9D53354A9004EBBD2014EA1B6024EDD
:10A1B0004081034EDFC6044E4181054E4281064E6A
:10A1C0004381074EF2CD084EC9D5094EFDC80A4E4F
:10A1D000CFC90B4EC2CF0C4EA2D80D4EBBB20E4E05
:10A1E000EBD30F4E4481104EA4D8114EF3B3124E50
:10A1F0004581134EA8D7144ED2C7154EA7D8164E78
:10A20000C0CA174E4681184EF0C7194EFBB11A4E00
:10A21000B5D21B4ED4B41C4EABB61D4EBFCB1E4E9A
:10A22000A9D81F4E4781204E4881214E4981224E98
:10A23000AAB6234E4A81244EBDC1254ECFD1264E0B
:10A240004B81274EA5C9284EADD8294E4C812A4EA8
:10A25000F6B82B4EBED12C4EDCE32D4ED0D62E4E72
:10A260004D812F4E4E81304EE1B7314E4F81324EEF
:10A27000AEB4334E5081344ED9C1354E5181364E35
:10A28000BCD8374E5281384EE8CD394EA4B53A4E3F
:10A29000AACE3B4EF7D63C4E53813D4EF6C03E4EC5
:10A2A000D9BE3F4EAFD8404E5481414E5581424EAB
:10A2B0005681434ECBC4444E5781454EC3BE464E95
:10A2C0005881474EB1D8484EB4C3494EE5D24A4EA4
:10A2D00059814B4EAED64C4EDACE4D4EA7D54E4E92
:10A2E000F5BA4F4EA6B7504ED6C0514E5A81524E77
:10A2F000B9C6534ED2C5544EC7C7554E5B81564E54
:10A30000D4B9574E5C81584ECBB3594ED2D25A4E27
:10A310005D815B4E5E815C4EBFD85D4EC5BE5E4EBC
:10A32000F2C65F4EB2D2604EB0CF614EE7CF624E02
:10A330005F81634E6081644E6181654E6281664ECD
:10A34000E9CA674E6381684E6481694EC0D86A4E1F
:10A3500065816B4E66816C4E67816D4E68816E4E75
:10A3600069816F4E6A81704EF2C2714ED2C2724ED6
:10A370006B81734EE9C8744E6C81754E6D81764E5B
:10A380006E81774E6F81784E7081794E71817A4EF1
:10A3900072817B4E73817C4E74817D4E75817E4EC1
:10A3A000ACC77F4E7681804E7781814E7881824E18
:10A3B0007981834E7A81844E7B81854E7C81864E65
:10A3C000CBC1874E7D81884EE8D3894EF9D58A4E20
:10A3D0007E818B4EC2CA8C4EFEB68D4EA1D88E4E5B
:10A3E000DAD38F4EF7BF904E8081914EC6D4924EF5
:10A3F000A5BB934EC1D8944EE5CE954EAEBE964EBB
:10A400008181974E8281984EA8D8994E83819A4E29
:10A41000C7D19B4EA9D09C4E84819D4E85819E4E76
:10A4200086819F4EBDD8A04EEFD9A14EF6CDA24E4B
:10A43000BABFA34E8781A44EBBBDA54EA5BAA64EFA
:10A44000E0D2A74EFAB2A84EE0BAA94EB6C4AA4EC0
:10A450008881AB4EEDCFAC4EA9BEAD4EA4CDAE4E75
:10A46000C1C1AF4E8981B04E8A81B14E8B81B24E4F
:10A47000D7C7B34EF1D9B44E8C81B54EF4D9B64E90
:10A480008D81B74E8E81B84E8F81B94E9081BA4E74
:10A49000CBC8BB4EE9D8BC4E9181BD4E9281BE4E19
:10A4A0009381BF4EDAD2C04EB2CAC14ECAC8C24EA4
:10A4B000ECD8C34EEAD8C44EC6D8C54EF6BDC64E7B
:10A4C000CDC6C74EF0B3C84E9481C94EEBD8CA4E24
:10A4D000F1BDCB4EE9BDCC4E9581CD4ED4C8CE4E0C
:10A4E000D3B4CF4E9681D04E9781D14ED8C2D24EA2
:10A4F0009881D34ED6B2D44ED0D7D54ECBCAD64EF5
:10A50000FBCBD74ECCD5D84EB6B8D94EC9CFDA4E44
:10A510009981DB4E9A81DC4E9B81DD4EDAD9DE4E8D
:10A52000F0D8DF4EAAC7E04E9C81E14EEED8E24E55
:10A530009D81E34EFAB4E44EEEC1E54ED4D2E64E30
:10A540009E81E74E9F81E84EEDD8E94EA081EA4E0C
:10A55000C7D2EB4EEFD8EC4EC7C3ED4EA181EE4E05
:10A56000A281EF4EA381F04EF6D1F14EA481F24EBE
:10A57000D9D6F34EF2D8F44EA581F54EF5D8F64E65
:10A58000FEBCF74EDBBCF84EA681F94EA781FA4E11
:10A59000A881FB4ECEC8FC4EA981FD4EDDB7FE4E14
:10A5A000AA81FF4EC2B7004FAB81014FF3C6024FE5
:10A5B000AC81034FAD81044FAE81054FAF81064F93
:10A5C000B081074FB181084FB281094FF8D80A4FC7
:10A5D000C1D20B4FB3810C4FB4810D4FE9CE0E4F5A
:10A5E000BFBC0F4FFCB7104FA5B7114FDDD0124FB6
:10A5F000B581134FB681144FB781154FB881164FEF
:10A60000B981174FDAD6184FC5D3194FEFBB1A4F80
:10A61000E1BB1B4FF1D81C4FBA811D4FBB811E4FB0
:10A62000A1C91F4FB0CE204FABB4214FBC81224FE8
:10A63000F3D8234FBD81244FCBC9254FF6D8264FE1
:10A64000D7C2274FF7D8284FBE81294FBF812A4F45
:10A65000B1CE2B4FF9D82C4FC0812D4FC1812E4F39
:10A66000C2812F4FAEB2304FC0B9314FC381324F8C
:10A67000A3D9334FC481344FE9B0354FC581364F2C
:10A68000E6C1374FC681384FECC9394FC7813A4FC1
:10A69000C5CB3B4FC8813C4FC6CB3D4FA4D93E4FA5
:10A6A000C9813F4FCA81404FCB81414FCC81424F3E
:10A6B000CD81434FE8B5444FCE81454FCF81464FC2
:10A6C000ABB5474FD081484FD181494FD2814A4FD6
:10A6D000D3814B4FD4814C4FD5814D4FBBCE4E4F84
:10A6E000CDB54F4FA1D7504FF4D7514FD3D3524F81
:10A6F000D681534FE5CC544FD781554FCEBA564FE4
:10A70000D881574FA2D9584FDCD9594FE0D35A4F6F
:10A71000FDD85B4FF0B75C4FF7D75D4FFED85E4F6B
:10A72000FAD85F4FA1D9604FE3C4614FD981624F1E
:10A73000DA81634FB6D3644FF4D8654FDDD9664FE5
:10A74000DB81674FFBD8684FDC81694FE5C56A4FF5
:10A75000DD816B4FDE816C4FD0C06D4FDF816E4F5E
:10A76000E0816F4FF0D1704FDBB0714FE181724FDC
:10A77000E281734FD1BC744FA6D9754FE381764FF8
:10A78000A5D9774FE481784FE581794FE6817A4FFB
:10A79000E7817B4FACD97C4FAED97D4FE8817E4FAE
:10A7A000ABD97F4FB9CA804FE981814FEA81824F8F
:10A7B000EB81834FA9D9844FB6D6854FEC81864F64
:10A7C000ED81874FEE81884FDEB3894FA8D98A4F3C
:10A7D000EF818B4FFDC08C4FF0818D4FCCCA8E4FD7
:10A7E000F1818F4FAAD9904FF281914FA7D9924F03
:10A7F000F381934FF481944FB0D9954FF581964FE3
:10A80000F681974FB1B6984FF781994FF8819A4FDB
:10A81000F9819B4FA9B99C4FFA819D4FC0D29E4FA1
:10A82000FB819F4FFC81A04FC0CFA14FFD81A24F64
:10A83000FE81A34FC2C2A44F4082A54FC4BDA64F04
:10A84000ECD5A74FE0B2A84FC8C7A94FEBBFAA4F9E
:10A85000ADD9AB4F4182AC4FAFD9AD4F4282AE4F75
:10A86000EACEAF4FEEBAB04F4382B14F4482B24FFF
:10A870004582B34F4682B44F4782B54FD6C7B64FD5
:10A880004882B74F4982B84F4A82B94F4B82BA4F7C
:10A890004C82BB4F4D82BC4F4E82BD4F4F82BE4F4C
:10A8A0005082BF4FE3B1C04F5182C14F5282C24F5D
:10A8B0005382C34FD9B4C44FEDB6C54FB4D9C64FB8
:10A8C0005482C74F5582C84F5682C94F5782CA4FCC
:10A8D000A1BFCB4F5882CC4F5982CD4F5A82CE4F19
:10A8E000DED9CF4FCEC7D04FFEC0D14FB8D9D24F4F
:10A8F0005B82D34F5C82D44F5D82D54F5E82D64F50
:10A900005F82D74FD7CBD84FFDB7D94F6082DA4F90
:10A91000B5D9DB4F6182DC4FB7D9DD4FA3B1DE4F34
:10A92000E1D3DF4FB9D9E04F6282E14FC5D0E24FAA
:10A930006382E34FB6D9E44F6482E54F6582E64F08
:10A94000B1D9E74F6682E84FB2D9E94FA9C1EA4FC2
:10A95000B3D9EB4F6782EC4F6882ED4FF3BCEE4FFB
:10A96000DED0EF4FA9B8F04F6982F14FE3BEF24F4E
:10A970006A82F34FBDD9F44F6B82F54F6C82F64F6C
:10A980006D82F74F6E82F84FBAD9F94F6F82FA4F46
:10A99000B3B0FB4F7082FC4F7182FD4F7282FE4F4D
:10A9A000C2D9FF4F738200507482015075820250E9
:10A9B000768203507782045078820550798206505F
:10A9C0007A8207507B8208507C8209507D820A502F
:10A9D0007E820B5080820C50C4D90D50B6B10E50FF
:10A9E00081820F50BFD91050828211508382125041
:10A9F000B9B5135084821450F3BE15508582165099
:10AA00008682175087821850C8CC1950F2BA1A5053
:10AA1000D0D21B5088821C50C3D91D5089821E5031
:10AA20008A821F50E8BD20508B822150ABB3225048
:10AA30008C8223508D8224508E822550C5D9265079
:10AA4000EBBE27508F822850C6D92950BBD92A5037
:10AA5000DFC42B5090822C50BED92D50C1D92E501E
:10AA6000C0D92F509182305092823150938232500F
:10AA70009482335095823450968235509782365066
:10AA800098823750998238509A8239509B823A5036
:10AA9000AED53B509C823C50B5D63D509D823E5039
:10AAA000E3C73F509E8240509F824150A082425057
:10AAB000A1824350C8D94450A2824550A382465037
:10AAC000A4824750D9BC4850CAD94950A5824A509F
:10AAD000A6824B50A7824C50BCD94D50A8824E50F4
:10AAE000CBD94F50ABC65050A9825150AA82525078
:10AAF000AB825350AC825450AD825550C9D9565098
:10AB0000AE825750AF825850B0825950B1825A50DD
:10AB1000F6D75B50B2825C50A3CD5D50B3825E50DD
:10AB2000B4825F50B5826050B6826150B782625085
:10AB3000B8826350B9826450BA826550A1BD665034
:10AB4000BB826750BC826850BD826950BE826A5029
:10AB5000BF826B50C0826C50CCD96D50C1826E5098
:10AB6000C2826F50C3827050C4827150C5827250CD
:10AB7000C6827350C7827450C8827550C98276509D
:10AB8000BCC57750B5CD7850CA827950CB827A5007
:10AB9000CC827B50CDD97C50CD827D50CE827E50F0
:10ABA000C7D97F50A5B38050FEBF8150CF8282505D
:10ABB000D0828350D1828450D2828550B5B88650DD
:10ABC000D3828750D4828850FCC08950D5828A5065
:10ABD000D6828B50D7828C50D8828D50F8B08E5050
:10ABE000D9828F50DA829050DB829150DC82925071
:10ABF000DD829350DE829450DF829550E082965041
:10AC0000E1829750E2829850E3829950E4829A5010
:10AC1000E5829B50E6829C50E7829D50E8829E50E0
:10AC2000E9829F50EA82A050EB82A150EC82A250B0
:10AC3000ED82A350F6B4A450EE82A550CED9A65012
:10AC4000EF82A750CFD9A850A2B4A950D0D9AA500A
:10AC5000F082AB50F182AC50DFB4AD50F282AE5016
:10AC6000F382AF50F482B050F582B150F682B25008
:10AC7000C1B0B350F782B450F882B550F982B650E3
:10AC8000FA82B750FB82B850FC82B950FD82BA50AC
:10AC9000D1D9BB50B5C9BC50FE82BD504083BE5017
:10ACA0004183BF504283C0504383C1504483C2504C
:10ACB0004583C3504683C4504783C5504883C6501C
:10ACC0004983C7504A83C8504B83C9504C83CA50EC
:10ACD0004D83CB504E83CC504F83CD505083CE50BC
:10ACE0005183CF50F1CFD0505283D1505383D250A3
:10ACF0005483D3505583D4505683D5505783D65060
:10AD0000D2D9D7505883D8505983D9505A83DA5062
:10AD1000C5C1DB505B83DC505C83DD505D83DE505E
:10AD20005E83DF505F83E0506083E1506183E250D7
:10AD30006283E3506383E4506483E5506583E650A7
:10AD4000D6D9E750AEC9E8506683E9506783EA5028
:10AD50006883EB506983EC50D5D9ED50D4D9EE50CF
:10AD6000D7D9EF506A83F0506B83F1506C83F25067
:10AD70006D83F350DBCBF4506E83F550A9BDF650D4
:10AD80006F83F7507083F8507183F9507283FA50D3
:10AD90007383FB50A7C6FC507483FD507583FE502F
:10ADA0007683FF5077830051788301517983025174
:10ADB0007A8303517B8304517C8305517D83065143
:10ADC000D3D90751D8D908517E83095180830A51BC
:10ADD00081830B51D9D90C5182830D5183830E513C
:10ADE00084830F51858310518683115187831251BB
:10ADF000E5C8135188831451898315518A831651EC
:10AE00008B8317518C8318518D8319518E831A515E
:10AE10008F831B5190831C5191831D5192831E512E
:10AE200093831F519483205195832151DCC022517B
:10AE300096832351978324519883255199832651D2
:10AE40009A8327519B8328519C8329519D832A51A2
:10AE50009E832B519F832C51A0832D51A1832E5172
:10AE6000A2832F51A3833051A4833151A583325142
:10AE7000A6833351A7833451A8833551A983365112
:10AE8000AA833751AB833851AC833951AD833A51E2
:10AE9000AE833B51AF833C51B0833D51B1833E51B2
:10AEA000B2833F51F9B64051A3D84151CAD442515F
:10AEB000B3834351AAD44451D6D04551E4B346514B
:10AEC000D7D54751B4834851C8CF4951E2B94A5107
:10AED000B5834B51CBBF4C51B6834D51E2C34E515C
:10AEE000B7834F51B8835051B9835151D2B65251A3
:10AEF000BA835351BB835451C3CD5551EED95651EA
:10AF0000F0D95751BC835851BD835951BE835A5112
:10AF1000B3B55B51BF835C51B5B65D51C0835E5123
:10AF2000C1835F51C2836051C3836151C483625145
:10AF3000A4BE6351C5836451C6836551EBC8665195
:10AF4000C7836751C8836851ABC86951C9836A51C7
:10AF5000CA836B51CBB06C51ABB96D51F9C16E5115
:10AF6000E2D96F51CB837051BCC07151B2B97251EB
:10AF7000CC837351D8B97451CBD07551F8B1765197
:10AF8000E4C67751DFBE7851E4B57951C8D77A511C
:10AF9000CD837B51F8D17C51E6BC7D51DECA7E5118
:10AFA000CE837F51CF838051BDBC8151E6D9825180
:10AFB000E7D88351D0838451D1838551DAC4865137
:10AFC000D2838751D3838851D4B88951BDC88A515F
:10AFD000D4838B51D5838C51E1B28D51D9D48E510C
:10AFE000D6838F51D7839051D8839151D983925171
:10AFF000B0C39351DA839451DB839551E1C39651E9
:10B00000A2DA9751DFC89851DC839951B4D09A5194
:10B01000DD839B51FCBE9C51A9C59D51DE839E5191
:10B02000DF839F51E083A051DAB9A151E183A2519E
:10B03000A3DAA351E283A451A9D4A551A4DAA6515D
:10B04000E383A751E483A851E583A951E683AA517C
:10B05000E783AB51FBD9AC51ACB6AD51E883AE51EF
:10B06000E983AF51EBB7B051F9B1B151FCD9B2514D
:10B07000E5B3B351F6BEB451EA83B551F6BFB6514C
:10B08000B1D2B751E4C0B851EB83B951EC83BA5196
:10B09000ED83BB51B3B6BC51FED9BD51FDD9BE51F4
:10B0A000EE83BF51EF83C051BBBEC151F083C2518B
:10B0B000F183C351F283C451E0C6C551F383C65135
:10B0C000BCD7C751A1DAC851F483C951B9C1CA511B
:10B0D000F583CB51F2B5CC51E8C1CD51F683CE51B9
:10B0E000F783CF51F5BCD051F883D151D5B4D251AB
:10B0F000F983D351FA83D451FB83D551FC83D651C4
:10B10000FD83D751FE83D8514084D9514184DA510F
:10B110004284DB51DDC1DC514384DD51FDC4DE518D
:10B120004484DF514584E051B8BCE151B2B7E251EB
:10B130004684E3514784E451EFB7E5514884E65132
:10B140004984E7514A84E8514B84E9514C84EA51DF
:10B150004D84EB51ECD9EC514E84ED51BEC6EE510D
:10B160004F84EF51ADBFF051CBBBF1515084F25140
:10B170005184F351CAB5F4515284F551C9DBF651EB
:10B18000D7D0F7515384F851B9CDF951BCB0FA5129
:10B19000F6B3FB51F7BBFC51CADBFD51AFBAFE5110
:10B1A0005484FF51E4D40052B6B50152F3B50252B3
:10B1B000D6D80352D0C8045255840552568406523C
:10B1C000D6B70752D0C70852D7D8095257840A5267
:10B1D000AFBF0B5258840C5259840D52BBDB0E5238
:10B1E000D8D80F525A8410525B841152CCD01252CC
:10B1F000AEBB13525C8414525D8415525E841652A9
:10B20000BEEB1752D0C11852F5C11952F2D41A52DE
:10B21000D5B81B52B4B41C525F841D52F5B31E52F4
:10B2200060841F5261842052BEC92152628422521E
:10B230006384235264842452D0C5255265842652E7
:10B240006684275267842852D9C52952FBC02A52E6
:10B2500068842B52F0B12C5269842D52D9D82E52C9
:10B26000CEB92F526A843052BDB531526B843252FE
:10B270006C843352DAD834526D8435526E8436522F
:10B28000C6D63752A2CB3852AFC83952B2C93A5299
:10B29000CCB43B52CCBF3C526F843D52F4B93E52C9
:10B2A00070843F52DBD84052DCD84152E7B642525C
:10B2B000C1BC4352EACC4452718445527284465216
:10B2C00073844752748448527584495276844A5232
:10B2D000F7CF4B5277844C52DDD84D52B0C74E5207
:10B2E00078844F5279845052D0B95152A3BD5252F2
:10B2F0007A8453527B845452DECC55527C8456520D
:10B30000CAC657527D8458527E84595280845A52FC
:10B3100081845B5282845C52E0D85D5283845E52A9
:10B32000DED85F528484605285846152DFD86252D5
:10B33000868463528784645288846552FEB0665264
:10B3400089846752E7BE68528A846952A3CA6A52E6
:10B35000F4BC6B528B846C528C846D528D846E5213
:10B360008E846F52B1B870528F8471529084725231
:10B37000EEB87352918474529284755293847652CB
:10B3800094847752958478529684795297847A522D
:10B3900098847B5299847C529A847D52E2D87E5262
:10B3A0009B847F52CBBD80529C848152E4D88252D0
:10B3B000E3D883529D8484529E8485529F84865212
:10B3C000A0848752A1848852FCC58952A2848A52E3
:10B3D000A3848B52A4848C52A5848D52A6848E5251
:10B3E000A7848F52A8849052E5D89152A984925292
:10B3F000AA849352E6D89452AB849552AC84965268
:10B40000AD849752AE849852AF849952B0849A52C8
:10B41000B1849B52A6C19C52B2849D52B0C89E5228
:10B42000ECB09F52A6B9A052D3BCA152F1CEA25209
:10B43000BDDBA352D3C1A452B384A552B484A65297
:10B44000B584A752B684A852AFB6A952FAD6AA526A
:10B45000ACC5AB52D9BDAC52BEDBAD52BFDBAE52B8
:10B46000B784AF52B884B052B984B152F8C0B25266
:10B47000A2BEB352CDC0B452BA84B552BB84B65248
:10B48000BC84B752BD84B852BE84B952BF84BA528C
:10B49000C084BB52C184BC52C284BD52C384BE525C
:10B4A000C0DBBF52C6CAC052C484C152C584C25296
:10B4B000C684C352AAB2C452C784C552C884C652F5
:10B4C000C984C752C2D3C852CA84C952E3C3CA523C
:10B4D000CB84CB52ABD1CC52CC84CD52CD84CE5286
:10B4E000CE84CF52CF84D052C2DBD152D084D2523C
:10B4F000D5C0D352D184D452D284D552D384D6521B
:10B50000C3DBD752D484D852B1BFD952D584DA52D2
:10B51000D684DB52D784DC52D884DD52D984DE5203
:10B52000DA84DF52BCC4E052DB84E152DC84E252B4
:10B53000DD84E352DE84E452DAC7E552DF84E6526A
:10B54000E084E752E184E852E284E952E384EA527B
:10B55000E484EB52E584EC52E684ED52E784EE524B
:10B56000E884EF52E984F052C4DBF152EA84F252EB
:10B57000EB84F352EC84F452ED84F552EE84F652EF
:10B58000EF84F752F084F852F184F952E8D9FA5274
:10B59000D7C9FB52F284FC52F384FD52F484FE526C
:10B5A000B4B9FF52F0CE0053C8D40153F58402530E
:10B5B000F6840353F7840453F8840553FCB0065310
:10B5C000D2B40753F9840853D9D00953FA840A53E3
:10B5D000FB840B53FC840C53FD840D53E9D90E53AB
:10B5E000FE840F53CBDE1053EBD911534085125319
:10B5F000418513534285145343851553B0D81653D0
:10B60000AFBB1753B1B1185344851953D7B31A536D
:10B61000CED81B5345851C5346851D53D1D41E538C
:10B6200047851F5348852053B3BD2153EFBF225395
:10B6300049852353BBCF24534A8525534B85265335
:10B64000D0D827534C8528534D8529534E852A53EE
:10B65000CBB72B534F852C5350852D5351852E53EB
:10B66000D1D82F535285305353853153548532539B
:10B67000558533535685345357853553588536533E
:10B68000598537535A8538535B853953A5C63A5384
:10B69000F8C73B53BDD23C535C853D535D853E535B
:10B6A000D2D83F53E4C440535E854153AECA42539F
:10B6B0005F854353A7C7445360854553A6D8465377
:10B6C00061854753FDC94853E7CE4953DCBB4A5314
:10B6D000EBB04B5362854C5363854D5364854E5399
:10B6E000AABB4F53ADD0505365855153B0B152539F
:10B6F000E4D75353BFD7545366855553A5B5565316
:10B70000F4C25753CFC458536785595368855A5369
:10B71000A9B25B5369855C53B7B25D536A855E53CA
:10B72000E5B15F53B2DF6053BCD56153A8BF62532C
:10B73000ACC26353D5D86453B1C265536B856653AD
:10B74000D4D86753D4CE68536C856953E0DA6A5312
:10B750006D856B53C0CE6C536E856D536F856E5384
:10B76000B4D86F53AEC37053A1D37153A3CE7253E9
:10B7700070857353B4BC7453B4C87553D1C2765337
:10B7800071857753EDBE7853B6D0795372857A536D
:10B79000E1DA7B5373857C5374857D5375857E53C5
:10B7A00076857F53E4C780537785815378858253AC
:10B7B000A7B3835379858453F2B68553FCCC865363
:10B7C000FAC087537A8588537B858953F7C08A539B
:10B7D0007C858B53B9D18C53E1D18D53C7D88E530F
:10B7E0007D858F537E8590538085915381859253BB
:10B7F000828593538385945384859553DEB2965303
:10B800008585975386859853E5C0995387859A53C4
:10B81000F1BA9B5388859C5389859D53C8D89E5304
:10B820008A859F53ADD4A0538B85A1538C85A25399
:10B83000E1CFA353C9D8A4538D85A553CAD8A65325
:10B84000C3CFA7538E85A853F8B3A953C7BEAA5335
:10B850008F85AB539085AC539185AD539285AE5394
:10B86000CBD8AF539385B0539485B1539585B253DC
:10B870009685B3539785B4539885B5539985B65338
:10B88000CCDBB7539A85B8539B85B9539C85BA5383
:10B890009D85BB53A5C8BC539E85BD539F85BE5394
:10B8A000A085BF53D8CFC053A185C153FEC8C25392
:10B8B000CEB2C353A285C453A385C553A485C65332
:10B8C000A585C753A685C853D6D3C953E6B2CA5374
:10B8D000B0BCCB53D1D3CC53ABCBCD53B4B7CE53F9
:10B8E000A785CF53A885D053A985D153A2B7D253EA
:10B8F000AA85D353AB85D453E5CAD553AC85D6536B
:10B90000A1C8D753DCCAD853E4B1D953F0D0DA5325
:10B91000AD85DB53D1C5DC53AE85DD53AF85DE533A
:10B92000B085DF53C5DBE053FEB5E153B185E2538B
:10B93000B285E353DABFE453C5B9E553E4BEE65339
:10B94000EDC1E753B385E853B6DFE953B5DFEA53FA
:10B95000BBD6EB53D0BDEC53D9D5ED53C8B0EE53A5
:10B96000A3B6EF53C9BFF053A8CCF153B3DFF253E2
:10B97000B7CAF353D2D3F453B485F553CFD8F653A3
:10B98000B6D2F753C5BAF853BECBF953BECCFA536F
:10B99000B585FB53B7DFFC53F0B5FD53B4DFFE5361
:10B9A000B685FF53B7850054B8850154F5D30254CA
:10B9B000B9850354D4B30454F7B80554BA85065472
:10B9C000BADF0754BB850854CFBA0954AABC0A543D
:10B9D000F5B50B54BC850C54ACCD0D54FBC30E54C3
:10B9E000F3BA0F54F4C01054C2CD1154F2CF125414
:10B9F000B8DF1354C5CF1454BD851554C0C21654B6
:10BA0000B9DF1754F0C21854BE851954BF851A54B3
:10BA1000C0851B54FDBE1C54C1851D54DFC11E547E
:10BA2000CCCD1F54F7D22054CDB72154C1DF2254BE
:10BA3000C2852354C4DF2454C3852554C4852654A9
:10BA4000F1B72754C9B02854D6B62954D4B72A54CC
:10BA5000C5852B54ACBA2C54FDCC2D54D4BF2E54D8
:10BA6000B1CB2F54F4C63054C6853154A8D63254C5
:10BA7000C5DF3354C7853454E2CE3554B3B336549E
:10BA8000C8853754C9853854FCCE3954B5B43A54B6
:10BA9000CA853B54C7CE3C54F0BA3D54CB853E5486
:10BAA000E1CE3F54CC854054BDD14154CD85425464
:10BAB000CE854354C0DF4454CF854554D085465489
:10BAC000F4B44754D1854854CAB34954D2854A5432
:10BAD000E6B84B54BBDF4C54D3854D54D4854E54FB
:10BAE000D5854F54D6855054C5C45154D78552542A
:10BAF000BCDF5354BDDF5454BEDF5554BBC5565450
:10BB0000BFDF5754C2DF5854B1D45954C3DF5A541D
:10BB1000D8855B54BAC75C54D8CE5D54D9855E5481
:10BB2000DA855F54DB856054DC856154DD856254C1
:10BB3000D8C46354DE856454CADF6554DF85665417
:10BB4000CFDF6754E0856854DCD66954E1856A54D8
:10BB5000E2856B54E3856C54E4856D54E5856E5441
:10BB6000E6856F54E7857054E8857154C9DF7254D7
:10BB7000DADF7354B6CE7454E9857554C7BA765477
:10BB8000CEDF7754C8DF7854DEC57954EA857A541D
:10BB9000EB857B54EBC97C54F4BA7D54FCC37E54D2
:10BBA000EC857F54ED858054D7BE8154EE85825458
:10BBB000C6DF8354EF858454CDDF8554F0858654E9
:10BBC000D8C58754F1858854F2858954F3858A5401
:10BBD000F4858B54A6D58C54CDBA8D54F5858E54EE
:10BBE000CCBE8F54BDD39054C0B89154F6859254B6
:10BBF000E4D69354F7859454C7DF9554BEB9965450
:10BC0000A7BF9754F8859854F9859954FCC19A5464
:10BC1000CBDF9B54CCDF9C54FA859D54D0DF9E54DF
:10BC2000FB859F54FC85A054FD85A154FE85A2543C
:10BC30004086A354DBDFA454E5DFA5544186A65417
:10BC4000D7DFA754D6DFA854C9D7A954E3DFAA5435
:10BC5000E4DFAB54EBE5AC54A7D2AD54D2DFAE5425
:10BC60004286AF54A9BFB0544386B154DBD4B2541A
:10BC70004486B354C8BFB454D4DFB5544586B654D3
:10BC80004686B7544786B854CCCFB9544886BA5480
:10BC90004986BB54DDDFBC544A86BD54CAD1BE546C
:10BCA0004B86BF54DEDFC054A7B0C154B7C6C254E0
:10BCB000D3DFC3544C86C454E5BAC5544D86C6542C
:10BCC000DFB6C754DBCDC854FEB9C954D5D4CA5465
:10BCD0004E86CB544F86CC54DFDFCD54ECCFCE54C0
:10BCE000A5B0CF54E7DFD054D1DFD154C6D1D25460
:10BCF000D5DFD354D8DFD454D9DFD554DCDFD654C4
:10BD00005086D754A9BBD8545186D954E0DFDA54B1
:10BD1000E1DFDB545286DC54E2DFDD54E6DFDE5443
:10BD2000E8DFDF54B4D3E0545386E1545486E25440
:10BD30005586E3545686E4545786E554E7B8E654EE
:10BD4000B6C5E754EADFE854DAC9E954A8C1EA54B1
:10BD5000C4C4EB545886EC545986ED54DEBFEE54FF
:10BD6000F8CFEF545A86F0545B86F1545C86F25457
:10BD7000DCD5F354EEDFF4545D86F5545E86F6545C
:10BD80005F86F7546086F8546186F9546286FA54E7
:10BD9000B8B2FB546386FC54DFBAFD54ECDFFE54AA
:10BDA0006486FF54C1DB005565860155E4D1025518
:10BDB0006686035567860455688605556986065567
:10BDC000F4CB0755BDB408556A860955A6B00A5587
:10BDD0006B860B556C860C556D860D556E860E5513
:10BDE0006F860F55F1DF1055C6CC1155F2DF125595
:10BDF0007086135571861455EDDF155572861655EC
:10BE000073861755748618557586195576861A5592
:10BE100077861B55E9DF1C5578861D5579861E559A
:10BE20007A861F557B862055EBDF21557C8622556F
:10BE3000EFDF2355F0DF2455BDBB25557D86265504
:10BE40007E862755F3DF28558086295581862A5519
:10BE5000F4DF2B5582862C55A3BB2D5583862E559A
:10BE6000DBCA2F55A8CE3055A7E03155AAB33255BD
:10BE700084863355A6E034558586355586863655F5
:10BE800087863755A1E038558886395589863A55D1
:10BE90008A863B558B863C55FEDF3D558C863E554C
:10BEA000D9CD3F55FCDF40558D864155FADF4255CF
:10BEB0008E864355D0BF4455C4D745558F864655C9
:10BEC000CCC947559086485591864955F8DF4A5563
:10BED000A1B04B5592864C5593864D5594864E5540
:10BEE00095864F5596865055FDDF5155978652558C
:10BEF00098865355998654559A865555FBDF565565
:10BF0000A2E057559B8658559C8659559D865A5593
:10BF10009E865B559F865C55A8E05D55A0865E5564
:10BF2000A1865F55A2866055A3866155C8B7625544
:10BF3000A4866355A5866455A1C66555B6C96655E0
:10BF4000B2C06755F5DF6855A6866955A7866A555C
:10BF5000BEC56B55A8866C55C4D86D55F9DF6E55B6
:10BF6000F6C46F55A9867055AA867155AB86725571
:10BF7000AC867355AD867455AE867555A3E076557F
:10BF8000A4E07755A5E07855A5D07955AF867A55C8
:10BF9000B0867B55B4E07C55E4CC7D55B1867E55AA
:10BFA000B1E07F55B2868055A6BF8155AFE082557E
:10BFB000B9CE8355ABE08455C6C98555B386865541
:10BFC000B4868755AEC08855AEE08955EDBA8A551E
:10BFD000B0BA8B55A9E08C55B5868D55B6868E5571
:10BFE000B7868F55F6DF9055B8869155B3E09255D8
:10BFF000B9869355BA869455B8E09555BB86965543
:10C00000BC869755BD869855ADB49955B9E09A55FB
:10C01000BE869B55BF869C55B2CF9D55C8BA9E55CE
:10C02000C0869F55B0E0A055C186A155C286A255D5
:10C03000C386A355C486A455C586A555C686A655F0
:10C04000C786A755FAD0A855C886A955C986AA5546
:10C05000CA86AB55CB86AC55CC86AD55CD86AE5594
:10C06000CE86AF55CF86B055D086B155ACE0B2552F
:10C07000D186B355FBD4B455D286B555F7DFB65546
:10C08000D386B755E7C5B855D486B955ADE0BA558E
:10C09000D586BB55F7D3BC55D686BD55B6E0BE5543
:10C0A000B7E0BF55D786C055D886C155D986C25589
:10C0B000DA86C355DB86C455C4E0C555E1D0C65504
:10C0C000DC86C755DD86C855DE86C955BCE0CA5535
:10C0D000DF86CB55E086CC55C9E0CD55CAE0CE55BC
:10C0E000E186CF55E286D055E386D155BEE0D255E4
:10C0F000AAE0D355A4C9D455C1E0D555E486D65598
:10C10000B2E0D755E586D855E686D955E786DA55A3
:10C11000E886DB55E986DC55C8CADD55C3E0DE5547
:10C12000EA86DF55B5E0E055EB86E155CBCEE2552A
:10C13000EC86E355C3CBE455CDE0E555C6E0E655C6
:10C14000C2E0E755ED86E855CBE0E955EE86EA55C5
:10C15000BAE0EB55BFE0EC55C0E0ED55EF86EE558B
:10C16000F086EF55C5E0F055F186F155F286F255AF
:10C17000C7E0F355C8E0F455F386F555CCE0F65525
:10C18000F486F755BBE0F855F586F955F686FA556D
:10C19000F786FB55F886FC55F986FD55D4CBFE5540
:10C1A000D5E0FF55FA860056D6E00156D2E0025699
:10C1B000FB860356FC860456FD860556FE8606560B
:10C1C0004087075641870856D0E00956CEBC0A562C
:10C1D00042870B5643870C56D1E00D5644870E56C6
:10C1E000C2B80F56C5D81056458711564687125605
:10C1F0004787135648871456498715564A87165657
:10C200004B8717564C871856EAD019564D871A5641
:10C210004E871B56EFC21C564F871D5650871E5621
:10C22000CFE01F56BDE02056518721565287225637
:10C2300053872356D4E02456D3E0255654872656F8
:10C2400055872756D7E028565687295657872A56A6
:10C2500058872B5659872C56DCE02D56D8E02E56A1
:10C260005A872F565B8730565C873156F6D6325642
:10C27000B0B333565D873456ECD735565E873656A5
:10C28000BBCB37565F87385660873956DAE03A5667
:10C2900061873B56FBCE3C5662873D5663873E56D0
:10C2A00064873F56D9BA40566587415666874256DD
:10C2B0006787435668874456698745566A87465656
:10C2C0006B8747566C8748566D8749566E874A5626
:10C2D0006F874B5670874C56E1E04D56DDE04E5669
:10C2E000ADD24F567187505672875156738752564A
:10C2F0007487535675875456E2E0555676875656DE
:10C3000077875756DBE05856D9E05956DFE05A5642
:10C3100078875B5679875C56E0E05D567A875E5693
:10C320007B875F567C8760567D8761567E87625625
:10C33000DEE0635680876456E4E065568187665682
:10C340008287675683876856F7C66956ACD86A569F
:10C35000EBD46B56E6E06C56C9CA6D5684876E56B0
:10C3600085876F568687705687877156E5E07256C7
:10C3700088877356898774568A8775568B87765651
:10C38000C1B877568C8778568D8779568E877A56BE
:10C390008F877B56E7E07C56E8E07D5690877E5697
:10C3A00091877F56928780569387815694878256CD
:10C3B000958783569687845697878556E9E08656F3
:10C3C000E3E0875698878856998789569A878A56D0
:10C3D0009B878B569C878C569D878D569E878E5645
:10C3E000BFBA8F56E7CC90569F879156A08792563A
:10C3F000A1879356EAE09456A2879556A38796564E
:10C40000A4879756A5879856A6879956A7879A56C0
:10C41000A8879B56A9879C56AA879D56AB879E5690
:10C42000AC879F56AD87A056AE87A156AF87A25660
:10C43000B087A356F9CFA456B187A556B287A656A2
:10C44000B387A756B487A856B587A956B687AA5604
:10C45000B787AB56B887AC56B987AD56BA87AE56D4
:10C46000BB87AF56EBE0B056BC87B156BD87B2561E
:10C47000BE87B356BF87B456C087B556C187B65678
:10C48000C287B756C2C8B856C387B956C487BA560A
:10C49000C587BB56C687BC56C0BDBD56C787BE56EE
:10C4A000C887BF56C987C056CA87C156CB87C256F0
:10C4B000CC87C356CD87C456CE87C556CF87C656C0
:10C4C000D087C756D187C856D287C956D387CA5690
:10C4D000D2C4CB56D487CC56D587CD56D687CE5628
:10C4E000D787CF56D887D056D987D156DA87D25634
:10C4F000DB87D356DC87D456ECE0D556DD87D6569D
:10C50000DE87D756EDE0D856DF87D956E087DA5672
:10C51000F4C7DB56C4CBDC56E187DD56EEE0DE56D1
:10C52000D8BBDF56B6D8E056F2D2E156EFE0E2567D
:10C53000C5CDE356E287E456DAB6E556E387E6561C
:10C54000E487E756E587E856E687E956E787EA563F
:10C55000E887EB56F1E0EC56E987ED56B0D4EE569D
:10C56000EA87EF56EB87F056A7C0F156D1B4F256E2
:10C57000EC87F356ED87F456A7CEF556F0E0F65665
:10C58000EE87F756EF87F856F087F956F2E0FA563D
:10C59000CCB9FB56F187FC56F287FD56FAB9FE5628
:10C5A000BCCDFF56F3E00057F3870157F4870257DD
:10C5B000F5870357D4C60457F4E00557F6870657A6
:10C5C000B2D40757F7870857A6C80957F6E00A57A5
:10C5D000F5E00B57F8870C57F9870D57FA870E5778
:10C5E000FB870F57FC871057FD871157FE8712579F
:10C5F0004088135741881457428815574388165767
:10C6000044881757458818574688195747881A5736
:10C6100048881B5749881C57F7E01D574A881E5702
:10C620004B881F57C1CD20574C8821574D88225722
:10C630004E882357A5CA24574F8825575088265718
:10C640005188275752882857DAD42957D7DB2A57D9
:10C65000D9DB2B5753882C57D8DB2D57E7B92E57EA
:10C66000DCDB2F57DDDB3057D8B5315754883257D4
:10C6700055883357DADB345756883557578836573D
:10C6800058883757598838575A883957DBDB3A5713
:10C69000A1B33B57DFDB3C575B883D575C883E5777
:10C6A000F8BB3F575D884057B7D641575E88425721
:10C6B000E0DB43575F884457608845576188465799
:10C6C00062884757F9BE48576388495764884A5774
:10C6D000BBB74B5765884C57D0DB4D57AECC4E5748
:10C6E000B2BF4F57B5BB5057F8D75157D3BF52576A
:10C6F00066885357678854576888555769885657CE
:10C700006A885757E9BF58576B8859576C885A57EA
:10C71000E1BC5B57B3CC5C57DEDB5D57D3B05E57F3
:10C72000EBCE5F57D8B76057B9D76157C2C66257CB
:10C730006D8863576E886457A4C065576F886657C5
:10C74000B9CC675770886857E7DB6957E1DB6A57F0
:10C75000BAC66B57E3DB6C5771886D57E8DB6E57D1
:10C7600072886F57F7C570577388715774887257FE
:10C7700075887357EADB74577688755777887657CC
:10C78000E9DB7757C0BF78577888795779887A5727
:10C790007A887B57E6DB7C57E5DB7D577B887E57C5
:10C7A0007C887F577D8880577E8881578088825714
:10C7B000B9B48357ACC08457A2C28557E2DB865711
:10C7C000E4DB8757818888578288895783888A570E
:10C7D00084888B57CDD08C57EDDB8D5785888E574D
:10C7E00086888F578788905788889157898892576D
:10C7F000DDC09357F2DB94578A8895578B889657FC
:10C800008C8897578D8898578E8899578F889A5714
:10C8100090889B57E2B69C5791889D5792889E5767
:10C8200093889F579488A057F3DBA157D2DBA25778
:10C83000B8B9A357ABD4A457ECDBA5579588A65736
:10C84000D1BFA757F0DBA8579688A957D1DBAA57C5
:10C850009788AB57E6B5AC579888AD57EBDBAE572A
:10C86000E5BFAF579988B0579A88B1579B88B257A0
:10C87000EEDBB3579C88B457F1DBB5579D88B657AC
:10C880009E88B7579F88B857F9DBB957A088BA5721
:10C89000A188BB57A288BC57A388BD57A488BE57A0
:10C8A000A588BF57A688C057A788C157A888C25770
:10C8B000A1B9C357A3B0C457A988C557AA88C657FA
:10C8C000AB88C757AC88C857AD88C957AE88CA5718
:10C8D000AF88CB57F1C2CC57B088CD57B188CE576F
:10C8E000C7B3CF57EFDBD057B288D157B388D257F1
:10C8F000F8DBD357B488D457D2C6D557F4DBD65714
:10C90000B588D757B688D857F5DBD957F7DBDA574C
:10C91000F6DBDB57B788DC57B888DD57FEDBDE5720
:10C92000B988DF57F2D3E057BAB2E157BA88E25775
:10C93000BB88E357BC88E457FDDBE557BD88E65765
:10C94000BE88E757BF88E857C088E957C188EA57CB
:10C95000C288EB57C388EC57C488ED57A4DCEE5768
:10C96000C588EF57FBDBF057C688F157C788F257E9
:10C97000C888F357C988F457FADBF557CA88F657C1
:10C98000CB88F757CC88F857FCDBF957E0C5FA5746
:10C99000F9BBFB57CD88FC57CE88FD57A3DCFE576B
:10C9A000CF88FF57D0880058A5DC0158D18802589D
:10C9B000C3CC0358D2880458D3880558D488065865
:10C9C000D1B60758C0DD0858D5880958D6880A5806
:10C9D000D7880B58A1DC0C58D8880D58A2DC0E580B
:10C9E000D9880F58DA881058DB881158B5C7125803
:10C9F000DC881358DD881458DE881558E9B61658B7
:10CA0000DF881758E0881858E1881958A7DC1A58A9
:10CA1000E2881B58E3881C58E4881D58E5881E5896
:10CA2000A6DC1F58E6882058A9DC2158A4B122585A
:10CA3000E7882358E8882458CCB52558E988265833
:10CA4000EA882758EB882858EC882958ED882A5816
:10CA5000B0BF2B58EE882C58EF882D58F0882E58F0
:10CA6000F1882F58F2883058DFD13158F388325886
:10CA7000F4883358F5883458F6883558C2B6365895
:10CA8000F7883758F8883858F9883958FA883A5862
:10CA9000FB883B58FC883C58FD883D58FE883E5832
:10CAA00040893F58418940584289415843894258FA
:10CAB0004489435845894458A8DC45584689465816
:10CAC0004789475848894858498949584A894A589E
:10CAD0004B894B584C894C58FACB4D58F3EB4E5878
:10CAE0004D894F584E8950584F895158DCCB525878
:10CAF0005089535851895458FECB5558528956582D
:10CB00005389575854895858C1CC595855895A583F
:10CB100056895B5857895C5858895D5859895E58C1
:10CB2000FBC85F585A8960585B8961585C896258B4
:10CB30005D8963585E8964585F896558AADC6658C8
:10CB400060896758618968586289695863896A5839
:10CB500064896B58EECC6C58ABDC6D5865896E58A7
:10CB600066896F58678970586889715869897258E1
:10CB70006A8973586B8974586C8975586D897658B1
:10CB80006E8977586F8978587089795871897A5881
:10CB900072897B5873897C5874897D5875897E5851
:10CBA000D3DB7F5876898058AFDC8158ACDC825863
:10CBB00077898358B3BE845878898558FBCA8658CC
:10CBC000798987587A8988587B898958ADDC8A5851
:10CBD0007C898B587D898C587E898D5880898E58A8
:10CBE00081898F5882899058838991588489925875
:10CBF000CAC99358B9C49458858995588689965856
:10CC0000878997588889985889899958BDC79A58AB
:10CC1000AEDC9B588A899C588B899D588C899E587C
:10CC2000F6D49F58E6D0A0588D89A1588E89A25875
:10CC30008F89A3589089A4589189A5589289A6589C
:10CC40009389A7589489A858ABC4A958D5B6AA58AF
:10CC50009589AB589689AC589789AD589889AE5844
:10CC60009989AF589A89B0589B89B1589C89B25814
:10CC70009D89B3589E89B4589F89B558A089B658E4
:10CC8000A189B758A289B858A389B958A489BA58B4
:10CC9000A589BB58A689BC58D4DBBD58A789BE5806
:10CCA000A889BF58A989C058AA89C158DAB1C25801
:10CCB000AB89C358AC89C458AD89C558D5DBC658B3
:10CCC000AE89C758AF89C858B089C958B189CA5800
:10CCD000B289CB58B389CC58B489CD58B589CE58D0
:10CCE000B689CF58B789D058B889D158D6DBD25831
:10CCF000B989D358BA89D458BB89D558BEBAD65841
:10CD0000BC89D758BD89D858BE89D958BF89DA5847
:10CD1000C089DB58C189DC58C289DD58C389DE5817
:10CD2000C489DF58C589E058C689E158C789E258E7
:10CD3000C889E358C989E458C0C8E558CA89E65883
:10CD4000CB89E758CC89E858CD89E958CE89EA588B
:10CD5000CF89EB58BFCAEC58C9C8ED58D089EE58F6
:10CD6000B3D7EF58D189F058F9C9F158D289F258A0
:10CD7000D389F358C7BFF458D489F558D589F658E4
:10CD8000F8BAF758D689F858D789F958BCD2FA5862
:10CD9000D889FB58D989FC58DA89FD58DB89FE58B7
:10CDA000DC89FF58DD890059DE890159DF89025984
:10CDB000BAE20359E0890459A6B40559E189065934
:10CDC000E2890759B8B10859E3890959E4890A5930
:10CDD000E5890B59E6890C59E7890D59B4B80E5904
:10CDE000E8890F59C4CF1059E9891159EA891259B4
:10CDF000EB891359EC891459E7D91559A6CF16595F
:10CE0000E2CD1759ED891859EE891959EDD91A59FA
:10CE1000E0B61B59EF891C59B9D21D59F0891E592A
:10CE2000F1891F59BBB92059F2892159F389225937
:10CE3000F4892359F5892459B9E22559B7E22659CD
:10CE4000F6892759F3B42859F7892959ECCC2A597E
:10CE5000ABCC2B59F2B72C59F8892D59B2D82E5991
:10CE6000EBD12F59BBBA3059F9893159A7CA325978
:10CE7000FA893359FB893459B7CD3559FC8936596C
:10CE8000FD893759C4D23859E4BF3959D0BC3A5911
:10CE9000E1B63B59FE893C59C5DE3D59408A3E59B1
:10CEA000418A3F59428A4059438A4159C6DE425914
:10CEB000BCDB4359448A4459D9D14559458A46591E
:10CEC000468A4759E6C64859CEC44959EEB74A5929
:10CED000478A4B59DCB74C59488A4D59498A4E59B3
:10CEE000FCBF4F59E0D750594A8A5159F5C652599B
:10CEF0004B8A53594C8A5459BCB15559C8DE5659BE
:10CF0000B1BD5759D7CC5859CADE59594D8A5A59CB
:10CF1000C9DE5B594E8A5C594F8A5D59508A5E5909
:10CF2000518A5F59528A6059ECB56159538A6259E6
:10CF3000DDC96359548A6459558A6559C2B0665926
:10CF4000568A6759578A6859588A6959598A6A5955
:10CF50005A8A6B595B8A6C595C8A6D595D8A6E5925
:10CF60005E8A6F595F8A7059608A7159618A7259F5
:10CF7000628A7359AEC57459ABC57559638A7659BF
:10CF8000CCC47759648A7859E9BC7959FDCB7A5970
:10CF9000658A7B59668A7C59678A7D59C3BA7E59EE
:10CFA000688A7F59698A80596A8A8159F9E5825964
:10CFB000E7C88359FAE58459FDCD85596B8A8659AE
:10CFC000B1D78759BEB88859E8C289596C8A8A593D
:10CFD000D1C88B596D8A8C596E8A8D59FBE58E5953
:10CFE0006F8A8F59708A9059718A9159728A9259B1
:10CFF000CAB69359CBBC9459738A9559748A965979
:10D00000FDD19759A1E69859758A9959EEC39A5955
:10D01000768A9B59778A9C59788A9D59798A9E5934
:10D02000A4E69F597A8AA0597B8AA1597C8AA25981
:10D030007D8AA359FEE5A459A5E6A559D7CDA659E1
:10D040007E8AA759808AA859C1B7A959FCE5AA596F
:10D05000FDE5AB59A3E6AC59818AAD59828AAE5938
:10D06000DDC4AF59A8E6B059838AB159848AB25950
:10D07000A7E6B359858AB459868AB559878AB659BD
:10D08000888AB759898AB8598A8AB959C3C3BA599B
:10D090008B8ABB59DEC6BC598C8ABD598D8ABE5954
:10D0A000AAE6BF598E8AC0598F8AC159908AC2593F
:10D0B000918AC359928AC459938AC559948AC65988
:10D0C000B7C4C759958AC859968AC959978ACA59FF
:10D0D000A2E6CB59BCCACC59988ACD59998ACE5967
:10D0E0009A8ACF599B8AD059E3BDD159C3B9D25935
:10D0F000A6E6D359D5D0D459AFCED5599C8AD659A6
:10D100009D8AD759A9E6D859B0E6D9599E8ADA59E5
:10D11000A6D2DB599F8ADC59AABDDD59ADE6DE599E
:10D12000A08ADF59A18AE059A28AE159A38AE2596B
:10D13000A48AE359AFE6E459A58AE559D1C0E65976
:10D14000A68AE759A78AE859CCD2E959A88AEA59A8
:10D15000A98AEB59AA8AEC59A7BCED59AB8AEE59BA
:10D16000AC8AEF59AD8AF059AE8AF159AF8AF259BB
:10D17000B08AF359B18AF459B28AF559B38AF6598B
:10D18000B48AF759B58AF859B68AF959B1E6FA5905
:10D19000B78AFB59F6D2FC59B88AFD59B98AFE59AB
:10D1A000BA8AFF59CBD7005ABB8A015AFECD025A20
:10D1B000BC8A035ADECD045AA6C2055AABE6065A0B
:10D1C000ACE6075ABFBD085AAEE6095AB3E60A5A9A
:10D1D000BD8A0B5ABE8A0C5AB2E60D5ABF8A0E5A45
:10D1E000C08A0F5AC18A105AC28A115AB6E6125A18
:10D1F000C38A135AB8E6145AC48A155AC58A165AED
:10D20000C68A175AC78A185AEFC4195AC88A1A5AAE
:10D21000C98A1B5ACA8A1C5AC8C41D5ACB8A1E5AAC
:10D22000CC8A1F5AEABE205AEFC9215ACD8A225A07
:10D23000CE8A235AB7E6245ACF8A255AF0B6265A00
:10D24000D08A275AD18A285AD28A295AE4C32A5A1C
:10D25000D38A2B5AD48A2C5AD58A2D5AD68A2E5A3A
:10D26000D78A2F5AD88A305AD98A315AE9D3325AB2
:10D27000B4E6335ADA8A345AB5E6355ADB8A365A76
:10D28000A2C8375ADC8A385ADD8A395ADE8A3A5AB5
:10D29000DF8A3B5AE08A3C5ABDE63D5AE18A3E5A53
:10D2A000E28A3F5AE38A405AB9E6415AE48A425A2E
:10D2B000E58A435AE68A445AE78A455AE88A465A32
:10D2C000C5C6475AE98A485AEA8A495AF1CD4A5AA4
:10D2D000BBE64B5AEB8A4C5AEC8A4D5AED8A4E5AB1
:10D2E000EE8A4F5AEF8A505AF08A515AF18A525AAE
:10D2F000F28A535AF38A545AF48A555ABCE6565A5B
:10D30000F58A575AF68A585AF78A595AF88A5A5A51
:10D31000E9BB5B5AF98A5C5AFA8A5D5AFB8A5E5A03
:10D32000FC8A5F5AFD8A605AFE8A615A408B625AB3
:10D33000BEE6635A418B645A428B655A438B665AE8
:10D34000448B675ABAE6685A458B695A468B6A5AC3
:10D35000B7C06B5A478B6C5A488B6D5A498B6E5AC3
:10D360004A8B6F5A4B8B705A4C8B715A4D8B725A39
:10D370004E8B735A4F8B745AA4D3755ABFE6765AA4
:10D38000F4C9775AC3E6785A508B795A518B7A5A36
:10D39000C4E67B5A528B7C5A538B7D5A548B7E5AEF
:10D3A000558B7F5AF6D0805A568B815A578B825AAA
:10D3B000588B835A598B845A5A8B855A5B8B865A61
:10D3C0005C8B875A5D8B885A5E8B895A5F8B8A5A31
:10D3D000608B8B5A618B8C5A628B8D5A638B8E5A01
:10D3E000648B8F5A658B905A668B915A678B925AD1
:10D3F000BDC3935A688B945A698B955A6A8B965A17
:10D400006B8B975A6C8B985A6D8B995A6E8B9A5A74
:10D41000C4C39B5AC2E69C5A6F8B9D5A708B9E5A0E
:10D42000718B9F5A728BA05A738BA15A748BA25A1C
:10D43000758BA35A768BA45A778BA55A788BA65AEC
:10D44000798BA75A7A8BA85A7B8BA95A7C8BAA5ABC
:10D45000C1E6AB5A7D8BAC5A7E8BAD5A808BAE5AEF
:10D46000818BAF5A828BB05A838BB15A848BB25A5C
:10D47000C7E6B35AB1CFB45A858BB55AF4EBB65A56
:10D48000868BB75A878BB85ACAE6B95A888BBA5A6C
:10D49000898BBB5A8A8BBC5A8B8BBD5A8C8BBE5ADC
:10D4A000C5E6BF5A8D8BC05A8E8BC15ADEBCC25A9C
:10D4B000A9C9C35A8F8BC45A908BC55A918BC65A2F
:10D4C000928BC75A938BC85A948BC95AB5BCCA5A07
:10D4D000958BCB5A968BCC5AD3CFCD5A978BCE5AAD
:10D4E000988BCF5A998BD05A9A8BD15A9B8BD25A00
:10D4F000C8E6D35A9C8BD45AC9E6D55A9D8BD65AC6
:10D50000CEE6D75A9E8BD85AD0E6D95A9F8BDA5A94
:10D51000A08BDB5AA18BDC5AD1E6DD5AA28BDE5AF6
:10D52000A38BDF5AA48BE05ACBE6E15AD5B5E25A79
:10D53000A58BE35ACCE6E45AA68BE55AA78BE65AAC
:10D54000CFE6E75AA88BE85AA98BE95ADBC4EA5A16
:10D55000AA8BEB5AC6E6EC5AAB8BED5AAC8BEE5A63
:10D56000AD8BEF5AAE8BF05AAF8BF15ACDE6F25A33
:10D57000B08BF35AB18BF45AB28BF55AB38BF65A7F
:10D58000B48BF75AB58BF85AB68BF95AB78BFA5A4F
:10D59000B88BFB5AB98BFC5ABA8BFD5ABB8BFE5A1F
:10D5A000BC8BFF5ABD8B005BBE8B015BBF8B025BEC
:10D5B000C08B035BC18B045BC28B055BC38B065BBB
:10D5C000C48B075BC58B085BC68B095BD2E60A5B25
:10D5D000C78B0B5BC88B0C5BC98B0D5BCA8B0E5B5F
:10D5E000CB8B0F5BCC8B105BCD8B115BCE8B125B2F
:10D5F000CF8B135BD08B145BD18B155BD28B165BFF
:10D60000D4E6175BD3E6185BD38B195BD48B1A5B1C
:10D61000D58B1B5BD68B1C5BD78B1D5BD88B1E5BA6
:10D62000D98B1F5BDA8B205BDB8B215BDC8B225B76
:10D63000DD8B235BDE8B245BDF8B255BE08B265B46
:10D64000E18B275BE28B285BE38B295BE48B2A5B16
:10D65000E58B2B5BE68B2C5BE78B2D5BE88B2E5BE6
:10D66000E98B2F5BEA8B305BEB8B315BEC8B325BB6
:10D67000D5E6335BED8B345BF8D9355BEE8B365BEF
:10D68000EF8B375BD6E6385BF08B395BF18B3A5B1F
:10D69000F28B3B5BF38B3C5BF48B3D5BF58B3E5B32
:10D6A000F68B3F5BF78B405BD7E6415BF88B425BC9
:10D6B000F98B435BFA8B445BFB8B455BFC8B465BD6
:10D6C000FD8B475BFE8B485B408C495B418C4A5B22
:10D6D000428C4B5B438C4C5B448C4D5B458C4E5B6E
:10D6E000468C4F5B478C505BD3D7515BDDE6525B7A
:10D6F000488C535BDEE6545BD7BF555BD0D4565B9A
:10D70000498C575BD6D7585BE6B4595BEFCB5A5B75
:10D71000DAE65B5BC3D85C5BCED75D5BA2D05E5BB9
:10D720004A8C5F5BCFC3605B4B8C615B4C8C625BF4
:10D73000DFE6635BBEBC645BC2B9655BDBE6665B70
:10D74000A7D1675B4D8C685B4E8C695BA2BA6A5B44
:10D75000CFC26B5B4F8C6C5BABD86D5B508C6E5BE0
:10D76000518C6F5B528C705BEBCA715BEEE5725B48
:10D77000538C735BDCE6745B548C755BF5B7765B3E
:10D78000558C775B568C785B578C795B588C7A5BC1
:10D79000E6C87B5B598C7C5B5A8C7D5BF5C47E5BF9
:10D7A0005B8C7F5B5C8C805BB2E5815BFEC4825BE3
:10D7B0005D8C835BFCCB845BB3E5855BACD5865B22
:10D7C0005E8C875BEED3885BD8CA895BB2B08A5B1C
:10D7D0005F8C8B5BCECB8C5BEACD8D5B608C8E5B84
:10D7E000618C8F5BEABA905B628C915B638C925B1D
:10D7F000648C935BB5E5945B658C955BB4E5965B57
:10D80000668C975BDAD7985BD9B9995BE6D69A5B59
:10D81000A8B69B5BF0CD9C5BCBD29D5BA6B19E5B1B
:10D82000B5CA9F5B678CA05BE8B3A15BF3C9A25B41
:10D83000CDBFA35BFBD0A45BD2CAA55BB6E5A65B5C
:10D84000C2BBA75B688CA85B698CA95B6A8CAA5B6E
:10D85000DCCFAB5BACB9AC5B6B8CAD5B6C8CAE5BAB
:10D860006D8CAF5B6E8CB05BD7D4B15B6F8CB25BF1
:10D87000708CB35BA6BAB45BE7D1B55BFCCFB65B8B
:10D88000D2BCB75B718CB85BB7E5B95BDDC8BA5B7E
:10D89000728CBB5B738CBC5B748CBD5BEDBFBE5B81
:10D8A000F6B1BF5BDECBC05B758CC15B768CC25BB7
:10D8B000C5BCC35B778CC45BC4BCC55BFAD2C65B1A
:10D8C000DCC3C75BDCBFC85B788CC95B798CCA5B87
:10D8D0007A8CCB5B7B8CCC5BBBB8CD5B7C8CCE5B22
:10D8E0007D8CCF5B7E8CD05BC2C3D15B808CD25BE6
:10D8F000AEBAD35BA2D4D45B818CD55B828CD65B71
:10D90000838CD75B848CD85B858CD95B868CDA5B07
:10D91000878CDB5B888CDC5B898CDD5BDEC7DE5B48
:10D92000AFC4DF5BECB2E05B8A8CE15BD1B9E25B58
:10D930008B8CE35B8C8CE45BBBE5E55BC8C1E65B91
:10D940008D8CE75B8E8CE85BAFD5E95B8F8CEA5BF7
:10D95000908CEB5B918CEC5B928CED5B938CEE5B33
:10D96000BCE5EF5B948CF05BBEE5F15B958CF25B04
:10D97000968CF35B978CF45B988CF55B998CF65BDB
:10D980009A8CF75B9B8CF85BE7B4F95BD4B6FA5BD7
:10D99000C2CBFB5BB0D1FC5BBCB5FD5B9C8CFE5B82
:10D9A0009D8CFF5BD9CA005C9E8C015CE2B7025C77
:10D9B0009F8C035CA08C045CE4C9055CA18C065CB4
:10D9C000ABBD075CA28C085CA38C095CBECE0A5C74
:10D9D000F0D70B5CA48C0C5CA58C0D5CA68C0E5C4B
:10D9E000A78C0F5CA1D0105CA88C115CD9C9125C0B
:10D9F000A98C135CAA8C145CFBB6155CD8E6165C8B
:10DA0000E2BC175CAB8C185CBEB3195CAC8C1A5CC6
:10DA1000D0C91B5CAD8C1C5CD9E61D5CA2B31E5C3E
:10DA2000AE8C1F5CAF8C205CB08C215CB18C225C16
:10DA3000CCDE235CB28C245CC8D3255CCDDE265CB6
:10DA4000B38C275CA2D2285CB48C295CB58C2A5C90
:10DA5000B68C2B5CB78C2C5CCEDE2D5CB88C2E5C2F
:10DA6000B98C2F5CBA8C305CBB8C315CCDBE325C27
:10DA7000BC8C335CBD8C345CCFDE355CBE8C365CDC
:10DA8000BF8C375CC08C385CACCA395CFCD23A5C69
:10DA9000DFB33B5CEAE53C5CE1C43D5CA1BE3E5CBF
:10DAA000B2CE3F5CF2C4405CD6BE415CA8C6425CCC
:10DAB000E3B2435CC18C445CC28C455CD3BE465C23
:10DAC000C38C475CC48C485CFCC7495CEBCC4A5CAB
:10DAD000ECBD4B5CDDCE4C5CC58C4D5CC68C4E5CAD
:10DAE000BACA4F5CC1C6505CECE5515CBCD0525C1C
:10DAF000C78C535CC88C545CC98C555CB9D5565CDA
:10DB0000CA8C575CCB8C585CCC8C595CEDE55A5C6C
:10DB1000CD8C5B5CCE8C5C5CCF8C5D5CD08C5E5CB9
:10DB2000F4CA5F5CD18C605CC0CD615CC5C2625CD4
:10DB3000D28C635CEFE5645CD38C655CC4C2665CCC
:10DB4000F0E5675CD48C685CD58C695CD68C6A5CCB
:10DB5000D78C6B5CD88C6C5CD98C6D5CDA8C6E5C11
:10DB6000F8E56F5CCDCD705CDB8C715CBDC9725C1F
:10DB7000DC8C735CDD8C745CDE8C755CDF8C765CBD
:10DB8000E08C775CE18C785CE28C795CD9D27A5C51
:10DB9000A8E17B5CE38C7C5CE48C7D5CE58C7E5C4A
:10DBA000E68C7F5CECD3805CE78C815CEACB825CAA
:10DBB000F1C6835CE88C845CE98C855CEA8C865CCD
:10DBC000EB8C875CEC8C885CACE1895CED8C8A5CCE
:10DBD000EE8C8B5CEF8C8C5CA7E18D5CA9E18E5C9C
:10DBE000F08C8F5CF18C905CAAE1915CAFE1925C6F
:10DBF000F28C935CF38C945CEDB2955CF48C965C47
:10DC0000ABE1975CDAB8985CADE1995CAEE19A5C07
:10DC1000B0E19B5CBAB59C5CB1E19D5CF58C9E5C0F
:10DC2000F68C9F5CF78CA05CF88CA15CF98CA25CF4
:10DC3000B3E1A35CB8E1A45CFA8CA55CFB8CA65CA8
:10DC4000FC8CA75CFD8CA85CFE8CA95CD2D1AA5C84
:10DC5000408DAB5CB6E1AC5CB5E1AD5CEBC1AE5CFC
:10DC6000418DAF5C428DB05C438DB15CB7E1B25C7D
:10DC7000448DB35CC0D4B45C458DB55CB2E1B65C98
:10DC8000468DB75CBAE1B85CB6B0B95C478DBA5C9A
:10DC9000488DBB5C498DBC5C4A8DBD5CB4E1BE5C0B
:10DCA0004B8DBF5CF9BFC05C4C8DC15CB9E1C25CFF
:10DCB0004D8DC35C4E8DC45CBBE1C55C4F8DC65CB5
:10DCC000508DC75C518DC85C528DC95C538DCA5C48
:10DCD000548DCB5CBEE1CC5C558DCD5C568DCE5C5D
:10DCE000578DCF5C588DD05C598DD15C5A8DD25CEC
:10DCF000BCE1D35C5B8DD45C5C8DD55C5D8DD65C0A
:10DD00005E8DD75C5F8DD85C608DD95CC5D6DA5CE2
:10DD1000618DDB5C628DDC5C638DDD5C648DDE5C63
:10DD2000658DDF5C668DE05C678DE15CBFCFE25C9A
:10DD3000688DE35C698DE45CBDE1E55CBFE1E65CB8
:10DD4000CDC2E75C6A8DE85CEBB6E95C6B8DEA5CA2
:10DD5000F8D3EB5C6C8DEC5C6D8DED5CCDC7EE5C4F
:10DD60006E8DEF5C6F8DF05CE5B7F15C708DF25CF1
:10DD7000718DF35C728DF45C738DF55C748DF65C63
:10DD8000758DF75C768DF85C778DF95C788DFA5C33
:10DD9000798DFB5CFEBEFC5C7A8DFD5C7B8DFE5C50
:10DDA0007C8DFF5C7D8D005D7E8D015D808D025DD3
:10DDB000C0E1035DC1E1045D818D055D828D065D7D
:10DDC000C7E1075DE7B3085D838D095D848D0A5D5A
:10DDD000858D0B5D868D0C5D878D0D5D888D0E5D4F
:10DDE000E9C60F5D898D105D8A8D115D8B8D125D89
:10DDF0008C8D135D8D8D145DDEB4155D8E8D165D7D
:10DE0000C2D1175D8F8D185D908D195D918D1A5D52
:10DE1000928D1B5DC8E11C5D938D1D5D948D1E5D13
:10DE2000C6E11F5D958D205D968D215D978D225DEC
:10DE3000988D235D998D245DC5E1255D9A8D265DC4
:10DE4000C3E1275DC2E1285D9B8D295DC0B12A5DDC
:10DE50009C8D2B5D9D8D2C5D9E8D2D5DB8D52E5D91
:10DE6000C4E12F5D9F8D305DA08D315DA18D325D50
:10DE7000A28D335DA38D345DCBE1355DA48D365D20
:10DE8000A58D375DA68D385DA78D395DA88D3A5D6E
:10DE9000A98D3B5DAA8D3C5DAB8D3D5DCCE13E5DCA
:10DEA000CAE13F5DAC8D405DAD8D415DAE8D425DA3
:10DEB000AF8D435DB08D445DB18D455DB28D465DE6
:10DEC000B38D475DFAEF485DB48D495DB58D4A5D10
:10DED000D3E14B5DD2E14C5DB6C74D5DB68D4E5D75
:10DEE000B78D4F5DB88D505DB98D515DBA8D525D66
:10DEF000BB8D535DBC8D545DBD8D555DBE8D565D36
:10DF0000BF8D575DC08D585DC9E1595DC18D5A5DAA
:10DF1000C28D5B5DCEE15C5DC38D5D5DD0E15E5D1C
:10DF2000C48D5F5DC58D605DC68D615DC78D625DB1
:10DF3000C88D635DC98D645DCA8D655DCB8D665D81
:10DF4000CC8D675DCD8D685DCE8D695DD4E16A5DF8
:10DF5000CF8D6B5DD1E16C5DCDE16D5DD08D6E5D82
:10DF6000D18D6F5DCFE1705DD28D715DD38D725DAE
:10DF7000D48D735DD58D745DD5E1755DD68D765D7F
:10DF8000D78D775DD88D785DD98D795DDA8D7A5DA5
:10DF9000DB8D7B5DDC8D7C5DDD8D7D5DDE8D7E5D75
:10DFA000DF8D7F5DE08D805DE18D815DE28D825D45
:10DFB000D6E1835DE38D845DE48D855DE58D865DD1
:10DFC000E68D875DE78D885DE88D895DE98D8A5DE9
:10DFD000EA8D8B5DEB8D8C5DEC8D8D5DED8D8E5DB9
:10DFE000EE8D8F5DEF8D905DF08D915DF18D925D89
:10DFF000F28D935DF38D945DF48D955DF58D965D59
:10E00000F68D975DF78D985DF88D995DD7E19A5DF6
:10E01000F98D9B5DFA8D9C5DFB8D9D5DD8E19E5DCC
:10E02000FC8D9F5DFD8DA05DFE8DA15D408EA25D8E
:10E03000418EA35D428EA45D438EA55D448EA65D98
:10E04000458EA75D468EA85D478EA95D488EAA5D68
:10E05000498EAB5D4A8EAC5D4B8EAD5D4C8EAE5D38
:10E060004D8EAF5D4E8EB05D4F8EB15D508EB25D08
:10E07000518EB35D528EB45D538EB55D548EB65DD8
:10E08000558EB75DDAE1B85D568EB95D578EBA5DD3
:10E09000588EBB5D598EBC5D5A8EBD5D5B8EBE5D7C
:10E0A0005C8EBF5D5D8EC05D5E8EC15D5F8EC25D4C
:10E0B000608EC35D618EC45D628EC55DDBE1C65D51
:10E0C000638EC75D648EC85D658EC95D668ECA5DF0
:10E0D000678ECB5D688ECC5D698ECD5DA1CECE5D49
:10E0E0006A8ECF5D6B8ED05D6C8ED15D6D8ED25D94
:10E0F0006E8ED35D6F8ED45D708ED55D718ED65D64
:10E10000728ED75D738ED85D748ED95D758EDA5D33
:10E11000768EDB5DDDE7DC5D778EDD5DA8B4DE5DF0
:10E12000DDD6DF5D788EE05D798EE15DB2D1E25DB6
:10E13000B2B3E35D7A8EE45D7B8EE55DA4B9E65D06
:10E14000F3D7E75DC9C7E85DDEBEE95DAEB9EA5D5C
:10E150007C8EEB5DD7CEEC5D7D8EED5D7E8EEE5DD3
:10E16000EEB2EF5DCFDBF05D808EF15DBABCF25DAB
:10E17000D1D2F35DC8CBF45DCDB0F55D818EF65D97
:10E18000828EF75DEFCFF85D838EF95D848EFA5D48
:10E19000858EFB5D868EFC5D878EFD5DE3D9FE5D21
:10E1A000EDBDFF5D888E005E898E015ED2B1025E9C
:10E1B000D0CA035EBCB2045E8A8E055EA7CB065E43
:10E1C000ABB7075E8B8E085EA6CA095E8C8E0A5EB0
:10E1D0008D8E0B5E8E8E0C5EA3CF0D5E8F8E0E5ECF
:10E1E000908E0F5EF8E0105ECAD5115EFBE0125E05
:10E1F000918E135E928E145EFAE0155EC1C5165EB6
:10E20000FBCC175E938E185EB1C1195EF9E01A5E01
:10E21000E3D61B5EAFB21C5EC4D61D5EDBB51E5ED0
:10E22000948E1F5E958E205E968E215E978E225E66
:10E23000988E235E998E245E9A8E255E9B8E265E36
:10E24000F8B4275EA1D6285E9C8E295E9D8E2A5E3C
:10E250009E8E2B5E9F8E2C5EA08E2D5EAFCF2E5E8F
:10E26000EFB02F5EA18E305EA28E315EFCE0325E9A
:10E27000A38E335EA48E345EA58E355EA68E365E8A
:10E28000A78E375EA1E1385EA3B3395EA88E3A5EF1
:10E29000A98E3B5EFDE03C5EFEE03D5EB1C33E5EAE
:10E2A000AA8E3F5EAB8E405EAC8E415EAD8E425E0E
:10E2B000DDC3435EAE8E445EA2E1455EF9B7465EC5
:10E2C000AF8E475EB08E485EB18E495EB28E4A5EBA
:10E2D000B38E4B5EB48E4C5ECFBB4D5EB58E4E5E44
:10E2E000B68E4F5EB78E505EB88E515EB98E525E5E
:10E2F000BA8E535EBB8E545EA3E1555EBBC4565EC0
:10E30000BC8E575EBD8E585EBE8E595EBF8E5A5E05
:10E31000C08E5B5EA4E15C5EC18E5D5EC28E5E5EA1
:10E32000A5E15F5EC38E605EC48E615EA6E1625E43
:10E33000B1B4635EC58E645EC68E655EC78E665E72
:10E34000C88E675EC98E685ECA8E695ECB8E6A5E55
:10E35000CC8E6B5ECD8E6C5ECE8E6D5ECF8E6E5E25
:10E36000D08E6F5ED18E705ED28E715ED38E725EF5
:10E37000C9B8735EBDC6745EEAC4755ED48E765E3F
:10E38000A2B2775ED58E785ED2D0795ED68E7A5E76
:10E39000DBE77B5EC3BB7C5ED7D37D5EC4D37E5E92
:10E3A000D78E7F5EE3B9805ECFE2815ED88E825EDB
:10E3B000D98E835EDA8E845EAFD7855EDB8E865E15
:10E3C000ECC7875ED3B1885EDC8E895EDD8E8A5EA7
:10E3D000B2B48B5ED1E28C5EDE8E8D5EDF8E8E5EA1
:10E3E000E08E8F5EF2D0905EAEC2915ED0E2925E21
:10E3F000E18E935EE2BF945EA6D3955ED7B5965E3E
:10E40000D2E2975EEAB5985EE28E995EEDC39A5EBF
:10E41000FDB89B5EE38E9C5EAEB89D5EE48E9E5E14
:10E42000D3C59F5ECFB7A05ED4E2A15EE58EA25EAB
:10E43000E68EA35EE78EA45EE88EA55ED3E2A65EBE
:10E44000C8B6A75EF9D7A85EE98EA95EEA8EAA5E75
:10E45000EB8EAB5EEC8EAC5EED8EAD5EA5CDAE5EB2
:10E46000EE8EAF5EEF8EB05EF08EB15EF18EB25E7C
:10E47000F28EB35ED8E2B45EF38EB55ED6E2B65EDF
:10E48000FCCAB75EB5BFB85EB9D3B95ED5E2BA5EB5
:10E49000F48EBB5EF58EBC5EF68EBD5EF78EBE5E04
:10E4A000D7E2BF5EF88EC05EF98EC15EFA8EC25EA4
:10E4B000FB8EC35EFC8EC45EFD8EC55EFE8EC65EA8
:10E4C000408FC75E418FC85E428FC95EAEC1CA5ED3
:10E4D000C8C0CB5E438FCC5E448FCD5E458FCE5E91
:10E4E000468FCF5E478FD05E488FD15EDBE2D25E33
:10E4F000DAE2D35EAAC0D45E498FD55E4A8FD65E7B
:10E50000CEC1D75E4B8FD85E4C8FD95E4D8FDA5E11
:10E510004E8FDB5EDCE2DC5E4F8FDD5E508FDE5EB9
:10E52000518FDF5E528FE05E538FE15E548FE25E6B
:10E53000558FE35E568FE45E578FE55E588FE65E3B
:10E54000598FE75E5A8FE85EDDE2E95E5B8FEA5E37
:10E55000DEE2EB5E5C8FEC5E5D8FED5E5E8FEE5E0D
:10E560005F8FEF5E608FF05E618FF15E628FF25EB3
:10E57000638FF35E648FF45EC8DBF55E658FF65ED5
:10E58000D3D1F75EA2CDF85E668FF95E678FFA5E33
:10E59000A8BDFB5E688FFC5E698FFD5E6A8FFE5EC4
:10E5A000C3DEFF5EA5D8005FAABF015FCDDB025FBF
:10E5B000ECD2035FFAC6045FAAC5055F6B8F065FE6
:10E5C0006C8F075F6D8F085FC4DE095F6E8F0A5F17
:10E5D000D7B10B5FAEDF0C5F6F8F0D5F708F0E5F7B
:10E5E000718F0F5FBDCA105F728F115FB1DF125F55
:10E5F000738F135FADB9145F748F155FFDD2165F13
:10E60000758F175FA5B8185FEBBA195F768F1A5F21
:10E61000778F1B5FDAB31C5F788F1D5F798F1E5F6A
:10E620007A8F1F5FDCB5205FC5D5215F7B8F225FAE
:10E630007C8F235F7D8F245F7E8F255FD6C3265F0F
:10E64000D2CF275FA1BB285F808F295FF3E52A5FC8
:10E65000F2E52B5F818F2C5F828F2D5FF4E52E5FBB
:10E66000838F2F5FE4CD305F848F315FF5C8325FD9
:10E67000858F335F868F345F878F355F888F365FF6
:10E68000898F375F8A8F385F8B8F395FAFB53A5F7D
:10E69000BFC73B5F8C8F3C5FF6E53D5F8D8F3E5F74
:10E6A0008E8F3F5F8F8F405FB0EC415F908F425FF6
:10E6B000918F435F928F445F938F455F948F465F46
:10E6C000958F475F968F485F978F495F988F4A5F16
:10E6D000998F4B5F9A8F4C5F9B8F4D5F9C8F4E5FE6
:10E6E0009D8F4F5F9E8F505FE6E5515F9F8F525F1A
:10E6F000E9B9535FB1B5545FA08F555FBCC2565F97
:10E70000E8E5575FE7E5585FE9E5595FA18F5A5F94
:10E71000A28F5B5FA38F5C5FA48F5D5FCDD25E5FD6
:10E72000A58F5F5FA68F605FA78F615FEAE1625F81
:10E73000CED0635FA88F645FAECD655FA98F665F43
:10E74000E5D1675FAA8F685FAB8F695FCAB26A5F06
:10E75000EBB16B5FAC8F6C5FF2B16D5FEDC56E5F5F
:10E76000AD8F6F5FAE8F705FC3D5715FB0D3725FD7
:10E77000AF8F735FDCE1745FB08F755FB18F765FD1
:10E78000B28F775FDDE1785FB38F795FDBD27A5F3D
:10E79000B48F7B5FB9B37C5FCBB17D5FB58F7E5F9C
:10E7A000B68F7F5FB78F805FF9CD815FF7D5825FCE
:10E7B000DEE1835FB88F845FB6BE855FFDB4865FA0
:10E7C000B98F875FDFE1885FDCBA895FE0E18A5F4C
:10E7D000B2BB8B5FC9C28C5FE1E18D5FBA8F8E5F88
:10E7E000BB8F8F5FBC8F905FECD0915FBD8F925FCE
:10E7F000BDCD935FBE8F945FBF8F955FE2E1965F63
:10E80000C08F975FC3B5985FC7C5995FE3E19A5F13
:10E81000C18F9B5FC28F9C5FE4E19D5FC38F9E5F52
:10E82000C48F9F5FC58FA05FC68FA15FF9D3A25F22
:10E83000C78FA35FC88FA45FC98FA55FCA8FA65F6C
:10E84000CB8FA75FCC8FA85FE5E1A95FCD8FAA5FD3
:10E85000ADD1AB5FCE8FAC5FCF8FAD5FE6E1AE5F8A
:10E86000A2CEAF5FD08FB05FD18FB15FD28FB25FDA
:10E87000D38FB35FD48FB45FD58FB55FE7E1B65F59
:10E88000D68FB75FC2B5B85FD78FB95FD88FBA5F81
:10E89000D98FBB5FDA8FBC5FE8E1BD5FD5BBBE5FE0
:10E8A000DB8FBF5FDC8FC05FDD8FC15FDE8FC25F3C
:10E8B000DF8FC35FC4D0C45FE0E2C55FD8B1C65F7D
:10E8C000E4D2C75FE08FC85FE18FC95FE1E2CA5F52
:10E8D000E28FCB5FE38FCC5FC9BCCD5FCCC8CE5F8E
:10E8E000E48FCF5FE3E2D05FFEECD15FFDECD25F5F
:10E8F000AFDFD35FE58FD45FE68FD55FE78FD65F5D
:10E90000E2E2D75FBED6D85FFCCDD95FA6C3DA5F9F
:10E91000E88FDB5FE98FDC5FEA8FDD5FC3E3DE5FFB
:10E92000EB8FDF5FEC8FE05FD2D6E15FE7E2E25F83
:10E93000ED8FE35FEE8FE45FE8E2E55FEF8FE65F88
:10E94000F08FE75FC7D3E85FF18FE95FF28FEA5F8F
:10E95000ECE2EB5FECBFEC5FF38FED5FEDE2EE5FBF
:10E96000E5E2EF5FF48FF05FF58FF15FC0B3F25F28
:10E97000F68FF35FF78FF45FF88FF55FEEC4F65F05
:10E98000F98FF75FFA8FF85FEEE2F95FFB8FFA5FBE
:10E99000FC8FFB5FC3D0FC5FFD8FFD5FF6BAFE5FAF
:10E9A000E9E2FF5FDEB70060B3BB0160ACCC0260A0
:10E9B000CBCB0360E4E20460E6E20560EAE20660D5
:10E9C000EBE20760FE8F08604090096041900A60AA
:10E9D000F7E20B6042900C6043900D60F4E20E6031
:10E9E000F5D40F60F3E2106044901160459012601E
:10E9F000ADC5136046901460FAD51560C2C51660A7
:10EA0000C0B217604790186048901960EFE21A6032
:10EA100049901B60F2E21C60AFC11D60BCCB1E6060
:10EA20004A901F604B902060A1B52160F9E22260FE
:10EA30004C9023604D9024604E902560B1BC2660C0
:10EA4000F1E22760D4D02860B9D42960F5E22A60C9
:10EA5000D6B92B60F6E22C604F902D6050902E605E
:10EA600051902F60D3C73060529031605390326024
:10EA7000549033605590346056903560F0E23660C3
:10EA80005790376058903860599039605A903A6082
:10EA90005B903B60DCD73C60A1ED3D605C903E60EC
:10EAA0005D903F60F8E240605E904160A5ED42609D
:10EAB000FEE24360D1CA44605F904560609046606A
:10EAC00061904760629048606390496064904A60DA
:10EAD00065904B60B5C14C6066904D60D0BB4E6098
:10EAE00067904F6068905060D6BF516069905260E7
:10EAF000E3BA53606A9054606B905560A1CB566046
:10EB00006C9057606D9058606E905960A6ED5A6099
:10EB1000A3ED5B606F905C6070905D60A2ED5E60E5
:10EB200071905F60729060607390616074906260D9
:10EB3000D6BB6360A7ED6460F4D0656075906660D5
:10EB400076906760A4ED6860DEBA6960F7B66A60C7
:10EB5000A1E36B60B2B66C60F1CC6D60A7B96E607A
:10EB600077906F60A2CF7060A1C77160789072607B
:10EB700079907360D2BF74607A9075607B90766094
:10EB8000F1B677607C907860FAE27960FBE27A60B7
:10EB9000FDE27B60FCE27C60D5C47D60A2E37E6028
:10EBA0007D907F60C1D380607E9081608090826024
:10EBB00081908360A7E38460C4C78560829086608B
:10EBC000839087608490886085908960A4CF8A60F4
:10EBD00086908B6087908C60A9E38D60B7BA8E6059
:10EBE00088908F60899090608A9091608B909260FD
:10EBF000A8E393608C909460DABB95608D909660EA
:10EC0000A3E397608E9098608F90996090909A603F
:10EC1000A4E39B60AAE39C6091909D60A6E39E6044
:10EC200092909F60F2CEA060C6D3A1609390A26044
:10EC30009490A360BCBBA4609590A5609690A660DC
:10EC4000C3D4A7609790A860FAC4A9609890AA60FE
:10EC50009990AB60A8EDAC60FCD0AD60A5E3AE6070
:10EC60009A90AF60F5C3B0609B90B160ADE3B260C5
:10EC7000AFB1B3609C90B460B2E3B5609D90B660F4
:10EC80009E90B7609F90B860C2BCB960A090BA6017
:10EC9000A190BB60ACE3BC60BFB5BD60A290BE609C
:10ECA000A390BF60A490C060A590C160A690C26010
:10ECB000A790C360A890C460A990C560E9C7C6606A
:10ECC000B0E3C760AA90C860AB90C960AC90CA605E
:10ECD000AABECB60EFCDCC60AD90CD60AE90CE60E3
:10ECE000AF90CF60B090D060B190D160F3BBD260F4
:10ECF000B290D360B390D460B490D560E8CCD660C5
:10ED0000B590D760B690D860AFE3D960B790DA60BD
:10ED1000B1E3DB60B890DC60A7CFDD60AEE3DE601E
:10ED2000B990DF60A9CEE060DDBBE160BA90E2603F
:10ED3000BB90E360BC90E460BD90E560BE90E6608F
:10ED4000EBB5E760E5BEE860D2B2E960CDB3EA605A
:10ED5000BF90EB60B9B1EC60ABE3ED60D1B2EE60B7
:10ED6000ACB5EF60DFB9F060E8B6F160C090F2607A
:10ED7000C190F360EBCFF460B7E3F560C290F6604A
:10ED8000CCBBF760C390F860C490F960C7C8FA6064
:10ED9000CAD0FB60C590FC60C690FD60C790FE6065
:10EDA000C890FF60C9900061B8E30161EEB30261F1
:10EDB000CA900361CB900461CC900561CD9006614F
:10EDC000A9ED0761CE900861FAD30961E4D30A6125
:10EDD000CF900B61D0900C61D1900D61AAED0E61C6
:10EDE000B9E30F61E2D21061D2901161D390126148
:10EDF000D4901361D5901461D6901561B5E3166176
:10EE0000D7901761D8901861D9901961DA901A617A
:10EE1000DED31B61DB901C61DC901D61DD901E6107
:10EE2000DE901F61D0B82061B3E32161DF902261E1
:10EE3000E0902361B6E32461DFB72561E1902661AC
:10EE4000B4E32761A2C02861E2902961E3902A61BE
:10EE5000E4902B61BAE32C61E5902D61E6902E6180
:10EE6000E7902F61E8903061E9903161EA9032617A
:10EE7000EB903361EC903461ED903561EE9036614A
:10EE8000EF903761F0903861F1903961F2903A611A
:10EE9000F3903B61F4903C61F5903D61F6903E61EA
:10EEA000F7903F61B8D44061F8904161F9904261B8
:10EEB000FA904361FB904461FC904561FD9046618E
:10EEC000FE90476140914861C8B4496141914A61EF
:10EED000BBE34B6142914C61C5BB4D6143914E61B7
:10EEE000F7C94F614491506145915161E5C9526143
:10EEF000469153614791546148915561BDC4566133
:10EF0000499157614A9158614B9159614C915A61AD
:10EF10004D915B614E915C614F915D61ABED5E61C6
:10EF200050915F6151916061529161615391626151
:10EF3000FDC263615491646155916561569166614A
:10EF400057916761DBBB6861AEBF696158916A61C7
:10EF500059916B615A916C615B916D615C916E61CD
:10EF60005D916F615E917061BFCE71615F91726101
:10EF7000609173616191746162917561BCE37661C6
:10EF800063917761B6BF78616491796165917A61C7
:10EF900066917B6167917C6168917D6169917E6119
:10EFA0006A917F616B9180616C9181616D918261E9
:10EFB0006E9183616F9184617091856171918661B9
:10EFC00072918761739188617491896175918A6189
:10EFD00076918B61EFB18C6177918D6178918E61C3
:10EFE000F7D48F61799190617A9191617B9192616F
:10EFF0007C9193617D919461BEE395617E91966170
:10F0000080919761819198618291996183919A61D0
:10F0100084919B6185919C6186919D61ADED9E611E
:10F0200087919F618891A0618991A1618A91A26174
:10F030008B91A3618C91A4618D91A5618E91A66144
:10F040008F91A761BFE3A861A9BAA961ACEDAA61DC
:10F050009091AB619191AC61BDE3AD619291AE6174
:10F060009391AF619491B0619591B1619691B261C4
:10F070009791B3619891B4619991B5619A91B66194
:10F080009B91B761C0E3B8619C91B9619D91BA61F0
:10F090009E91BB619F91BC61A091BD61A191BE6138
:10F0A000B6BABF61A291C061A391C161A491C261CE
:10F0B000AEB6C361A591C461A691C561A791C661B1
:10F0C000A891C761A991C861B8D0C961AA91CA6164
:10F0D000C3B0CB61AEEDCC61AB91CD61AC91CE61F3
:10F0E000AD91CF61AE91D061AF91D161AFEDD26101
:10F0F000C1C0D361B091D461C1E3D561B191D66192
:10F10000B291D761B391D861B491D961B591DA6107
:10F11000B691DB61B791DC61B891DD61B991DE61D7
:10F12000BA91DF61BB91E061BC91E161BD91E261A7
:10F13000BE91E361BF91E461C091E561C191E66177
:10F14000B3C5E761C291E861C391E961C491EA6125
:10F15000C591EB61C691EC61C791ED61C891EE611B
:10F16000C991EF61CA91F061CB91F161CC91F261EB
:10F17000CD91F361CE91F461CF91F561C2E3F66177
:10F18000D091F761D191F861D291F961D391FA618F
:10F19000D491FB61D591FC61D691FD61D791FE615F
:10F1A000D891FF61B2DC0062D9910162DA9102620A
:10F1B000DB910362DC910462DD910562DE910662FF
:10F1C000B0ED0762DF910862EAB80962E0910A6275
:10F1D000ECCE0B62A7EA0C62E7D00D62F9CA0E62B0
:10F1E000D6C80F62B7CF1062C9B31162D2CE126215
:10F1F000E4BD1362E1911462E2911562DEE31662EE
:10F20000F2BB1762A8EA1862BDD51962E3911A62CF
:10F21000DDC61B62A9EA1C62E4911D62E5911E62D3
:10F22000E6911F62AAEA2062E7912162ACEA2262BB
:10F23000ABEA2362E8912462AEEA2562ADEA266277
:10F24000E9912762EA912862EB912962EC912A62A6
:10F25000D8BD2B62ED912C62AFEA2D62EE912E6249
:10F26000BEC22F62EF913062F0913162F191326251
:10F27000F2913362C1B43462F7B43562F39136620D
:10F28000F4913762A7BB3862F5913962F6913A6220
:10F29000F7913B62F8913C62F9913D62E6EC3E6287
:10F2A000E5EC3F62BFB74062F9CB4162E2B1426236
:10F2B000FA914362E7EC4462FB914562FC9146623D
:10F2C000FD914762C8C94862E8EC4962E9EC4A62CC
:10F2D000FE914B62D6CA4C62D0DE4D62C5B24E6220
:10F2E000FAD44F624092506241925162CBC6526250
:10F2F000C7B05362F2B45462D3C8556242925662A8
:10F300004392576244925862D0CD596245925A62F4
:10F3100046925B62B8BF5C6247925D6248925E62F1
:10F3200049925F624A9260624B9261624C92626261
:10F330004D926362DBBF64624E9265624F92666279
:10F34000A4C76762B4D6686250926962A9C06A6253
:10F35000D1DE6B62A8C96C62EFD16D62A4C56E622A
:10F36000E7B06F62B6B37062C5C8716251927262E3
:10F3700052927362E2B074625392756254927662F2
:10F38000F6B777625592786256927962FAC57A62D8
:10F3900057927B6258927C62F3B67D6259927E628C
:10F3A000D2D57F62D0B38062BCBC81625A92826245
:10F3B0005B9283625C928462ADB385625D92866289
:10F3C0005E9287625F92886260928962F1BE8A6211
:10F3D000D1B08B6261928C6262928D6263928E6216
:10F3E00064928F626592906266929162D6D29262C6
:10F3F000E3CA9362A5D7946267929562B6CD96628E
:10F40000B6B69762B9BF9862DBD5996268929A6284
:10F41000A7B89B62D7C59C6269929D626A929E6200
:10F420006B929F62D2DEA062D9BFA162D5C2A262F6
:10F43000C0C7A3626C92A462A4BBA562A8B1A66275
:10F440006D92A7626E92A862EAC5A9626F92AA62E3
:10F450007092AB62FBC5AC62A7CCAD627192AE623A
:10F460007292AF627392B0627492B162A7B1B262EB
:10F470007592B3627692B4627792B562D6B5B6628F
:10F480007892B7627992B8627A92B962A8C4BA6285
:10F490007B92BB62D3DEBC62BAD1BD62E9B3BE620D
:10F4A0007C92BF62F2C3C0627D92C1627E92C262F0
:10F4B000F7B7C3628092C462F4D6C562A3B5C662D0
:10F4C000F0B2C762B4C4C862E9C4C962ADC0CA625E
:10F4D000D4DECB628192CC62E8B0CD62C4C5CE628C
:10F4E000E0C1CF628292D062D5B9D1628392D262FA
:10F4F000DCBED362D8CDD462CEB0D5628492D6625F
:10F50000CFCDD762D6DED862D0BED962BED7DA629E
:10F51000D5DEDB62D0D5DC62DDB0DD628592DE62F5
:10F520008692DF62E2C4E0628792E1628892E262E0
:10F53000A3C2E362F0BCE4628992E562B5D3E662FD
:10F54000B9C0E762A1C5E862A6B2E962F1D4EA6295
:10F550008A92EB628B92EC62A8C0ED62C3CAEE6243
:10F56000D7DEEF62FCD5F0628C92F162B0B9F26244
:10F570008D92F362ADC8F462A9CBF5628E92F66209
:10F58000D9DEF762BDBFF8628F92F9629092FA629B
:10F590009192FB629292FC62B4C6FD62A7D7FE62B2
:10F5A000B0CAFF62C3C4006393920163D6B302631F
:10F5B000D2B90363949204639592056396920663AD
:10F5C00097920763B8D60863FCEA0963B4B00A638C
:10F5D00098920B6399920C639A920D639B920E63BF
:10F5E000E6BF0F639C9210639D921163F4CC12638B
:10F5F0009E9213639F921463A0921563A192166367
:10F60000DACD1763A2921863A3921963A4921A63C6
:10F61000BFD61B63CEC21C63A5921D63CECE1E63F4
:10F62000A2CC1F63AED02063D3C42163B2B52263E2
:10F63000D8DE2363F5D52463B7BC2563D3BB26632B
:10F64000A6922763A7922863A4B02963A8922A638D
:10F65000B2C52B63ECB42C63A9922D63AA922E63DE
:10F66000AB922F63F1D53063AC923163AD923263CC
:10F67000FDEA3363AE923463AF923563B092366382
:10F68000B1923763B2923863B3923963DADE3A6388
:10F69000A6CD3B63B4923C63B5923D63ECCD3E6333
:10F6A000B6923F63B7924063B8924163B9924263A6
:10F6B000E6CE4363DCDE4463BA924563B1CD466374
:10F6C000A6C04763BB924863BC924963BDD74A63F7
:10F6D000BD924B63DBDE4C63C6B04D63B4BA4E6380
:10F6E000D3C94F63F3C45063E8BE5163BE92526303
:10F6F000BF925363C0925463C1925563B6B25663CE
:10F70000C2925763C3925863C4925963C5925A63B5
:10F71000C6925B63C7925C63C8925D63C9925E6385
:10F72000CCC05F63F0CB6063CA926163F1BC62637B
:10F73000BBBB6363B7B56463CB926563CC9266630E
:10F74000CD926763F5C56863CE926963E6DE6A634E
:10F75000CF926B63D0926C63D1926D63E3DE6E6384
:10F76000DDBE6F63D2927063D3927163DFDE72632A
:10F77000D4927363D5927463D6927563D79276638D
:10F78000B7B47763DDBD7863D8927963D9927A6331
:10F79000E0DE7B63EDC47C63DA927D63DB927E63A3
:10F7A000DC927F63DD928063C6CF8163DE928263E9
:10F7B000E0B58363DF928463E0928563E1928663C0
:10F7C000E2928763DEB68863DACA8963F4B58A6336
:10F7D000E5DE8B63E3928C63C6D58D63E4928E6322
:10F7E000E1DE8F63CDCC9063FEC69163E5929263B8
:10F7F000C5C59363E6929463E7929563E892966336
:10F80000B4D29763E9929863F2BE9963EA929A63DD
:10F81000EB929B63EC929C63ED929D63EE929E63F0
:10F82000EF929F63F092A063D3C2A163F192A263AF
:10F83000BDCCA363B8B3A463F292A563D3BDA663A2
:10F84000F392A763D8BFA863C6CDA963DAD1AA6330
:10F85000EBB4AB63F492AC63E4DEAD63DDDEAE63C8
:10F86000E7DEAF63F592B063FEEAB163F692B2638E
:10F87000F792B363B0C2B463E2DEB563F892B663E5
:10F88000F992B763C0D6B863A7B5B963FA92BA6301
:10F89000F4B2BB63FB92BC63E8DEBD63FC92BE6363
:10F8A000F2DEBF63FD92C063FE92C1634093C26308
:10F8B0004193C3634293C463EDDEC5634393C66360
:10F8C000F1DEC7634493C8634593C963E0C8CA6364
:10F8D0004693CB634793CC634893CD63E1D7CE6324
:10F8E000EFDECF63E8C3D063E1CCD1634993D26349
:10F8F000E5B2D3634A93D4634B93D5634C93D663F9
:10F90000BED2D7634D93D8634E93D9634F93DA63D6
:10F910005093DB635193DC635293DD635393DE6357
:10F92000EEDEDF635493E063EBDEE163D5CEE263AA
:10F930005593E363A7B4E4635693E5635793E66393
:10F940005893E7635993E8635A93E963ABBFEA635B
:10F95000BEBEEB635B93EC635C93ED63D2BDEE6381
:10F960005D93EF635E93F0635F93F1636093F26383
:10F97000E9DEF3636193F463AED4F5636293F663F7
:10F98000DEDEF7636393F863EADEF9636493FA6398
:10F990006593FB636693FC636793FD63BFC0FE637F
:10F9A0006893FF63ECDE0064F3B20164E9B80264BB
:10F9B000A7C20364699304646A930564C1BD0664C5
:10F9C0006B9307646C9308646D9309646E930A6487
:10F9D0006F930B64F5DE0C64F8DE0D6470930E64B7
:10F9E00071930F64ABB21064A4B411647293126487
:10F9F00073931364EAB41464A6C91564749316640B
:10FA000075931764769318647793196478931A64DE
:10FA100079931B64F6DE1C64D1CB1D647A931E645B
:10FA2000E3B81F647B932064F7DE2164FADE22646E
:10FA30007C9323647D9324647E9325648093266461
:10FA4000F9DE2764819328648293296483932A646E
:10FA5000C2CC2B6484932C64E1B02D64EEB42E648C
:10FA600085932F64869330648793316488933264DE
:10FA7000899333648A933464BAE535648B9336642E
:10FA80008C9337648D9338648E9339648F933A6482
:10FA9000AFD03B6490933C6491933D64EBB23E6481
:10FAA00092933F64A1EB406493934164F4DE42641B
:10FAB0009493436495934464E3C94564F3DE4664D8
:10FAC000DAB04764A1D24864F7B1496496934A64B6
:10FAD000AFCC4B6497934C6498934D6499934E6468
:10FAE0009A934F649B9350649C9351649D9352648A
:10FAF000F0DE53649E935464A4CB55649F93566484
:10FB0000A0935764A1935864AAD55964A2935A64E8
:10FB1000A3935B64A4935C64A5935D64A6935E6405
:10FB2000FBDE5F64A7936064A8936164A993626439
:10FB3000AA936364AB936464AC936564AD936664A9
:10FB4000AE936764DDB46864AF936964A6C46A6405
:10FB5000B0936B64B1936C64B2936D64FDDE6E64BC
:10FB6000B3936F64B4937064B5937164B693726425
:10FB7000B7937364B8937464B9937564BA937664F5
:10FB8000BB937764BC937864FEC37964A1C47A6440
:10FB9000A1DF7B64BD937C64BE937D64BF937E6470
:10FBA000C0937F64C1938064C2938164C393826471
:10FBB000CCC18364C4938464FCDE8564EFBE866438
:10FBC000C5938764B2C68864C6938964C7938A6400
:10FBD000C8938B64C9938C64CA938D64CB938E64F1
:10FBE000CC938F64CD939064CE939164C5B39264AB
:10FBF000F6C89364CF939464D0939564BACB96641B
:10FC0000FEDE9764D1939864D2939964A4DF9A64DA
:10FC1000D3939B64D4939C64D5939D64D6939E6444
:10FC2000B2D79F64D793A064D893A164D993A264F8
:10FC3000DA93A364DB93A464B7B3A564DC93A664EE
:10FC4000DD93A764DE93A864DF93A964C3C1AA64AB
:10FC5000E093AB64E193AC64CBC7AD64A5B2AE6492
:10FC6000E9B4AF64E293B064ABD7B164E393B26438
:10FC7000E493B364E593B464E693B564ECC4B6640A
:10FC8000E793B764A2DFB864A3DFB964E893BA640A
:10FC9000A5DFBB64E993BC64B3BABD64EA93BE64F8
:10FCA000EB93BF64EC93C064A6DFC164ED93C264C0
:10FCB000DEC0C364EE93C464EF93C564C3C9C66475
:10FCC000F093C764F193C864F293C964F393CA6470
:10FCD000F493CB64F593CC64F693CD64D9B2CE643F
:10FCE000E6C7CF64F793D064A7DFD164F893D264FA
:10FCF000DCC7D364F993D464FA93D564FB93D664D8
:10FD0000FC93D764A8DFD864A2EBD964FD93DA64CE
:10FD1000FE93DB644094DC644194DD644294DE64D1
:10FD2000D3CBDF644394E0644494E1644594E2649B
:10FD3000AADFE3644694E464A9DFE5644794E664DB
:10FD4000C1B2E7644894E8644994E9644A94EA6477
:10FD50004B94EB644C94EC644D94ED644E94EE64DF
:10FD60004F94EF645094F0645194F1645294F264AF
:10FD70005394F3645494F4645594F5645694F6647F
:10FD80005794F7645894F8645994F9645A94FA644F
:10FD90005B94FB645C94FC645D94FD645E94FE641F
:10FDA0005F94FF6460940065CAC501656194026553
:10FDB00062940365639404656494056565940665BF
:10FDC000669407656794086568940965ABDF0A6502
:10FDD00069940B656A940C656B940D656C940E6563
:10FDE0006D940F656E9410656F9411657094126533
:10FDF000DCD413657194146572941565739416655B
:10FE00007494176575941865C1C8196576941A6558
:10FE100077941B6578941C6579941D657A941E65AA
:10FE20007B941F657C9420657D9421657E9422657A
:10FE3000809423658194246582942565ACDF2665D2
:10FE400083942765849428658594296586942A651A
:10FE500087942B65F0BE2C6588942D6589942E655A
:10FE6000ADDF2F65A7D630658A9431658B943265F6
:10FE70008C9433658D943465B7EA3565B6EB366599
:10FE8000D5CA37658E943865FCD83965C4B83A65EB
:10FE90008F943B65A5B93C6590943D6591943E6512
:10FEA000C5B73F65FED54065929441659394426520
:10FEB000949443659594446596944565CAB946659E
:10FEC0009794476598944865A7D04965CDF44A65ED
:10FED00099944B659A944C65D0B54D659B944E654D
:10FEE0009C944F65F4C350659D945165C8BE52659E
:10FEF0009E9453659F945465A0945565B7EB5665E1
:10FF0000BDB05765A1945865A2945965CCBD5A659A
:10FF1000A3945B65B2C15C65A4945D65D6B15E6572
:10FF2000A8B35F65A5946065A6946165A7946265B2
:10FF3000D2B86365A2C96465A8946565A99466652D
:10FF4000D8B66765AA946865AB946965AC946A6530
:10FF5000AD946B65B8EB6C65B4BE6D65AE946E65C3
:10FF6000AF946F65B0947065FDCA7165B1947265A8
:10FF7000C3C77365B2947465FBD57565B394766534
:10FF8000B4947765F3B77865B5947965B6947A6576
:10FF9000B7947B65B8947C65B9947D65BA947E65A9
:10FFA000BB947F65BC948065BD948165BE94826579
:10FFB000BF948365C0948465C1948565C294866549
:10FFC000C3948765C4CE8865C4948965C5948A65E1
:10FFD000C6948B65ABD58C65F3B18D65C7948E6582
:10FFE000C8948F65C9949065B3EC9165DFB0926554
:10FFF000CA949365B5EC9465CB949565CC9496655D
:020000040801F1
:10000000CD949765B7B69865CE949965CFC19A653A
:10001000CF949B65FAF59C65B1D09D65D0949E65A3
:10002000D1949F65E5D5A065D294A165D3CEA26594
:10003000D394A365D494A465EFBDA565E2B3A6658A
:10004000D594A765ABB8A865D694A965B6D5AA65B9
:10005000D794AB65BDEDAC65D894AD65CFB6AE6554
:10006000D994AF65B9CBB065C2D0B165DA94B26549
:10007000DB94B365DC94B465DD94B565DE94B66558
:10008000DF94B765E094B865E194B965BDB7BA652A
:10009000E294BB65E394BC65B6ECBD65A9CABE65D8
:1000A000E494BF65E594C065E694C165D4C5C265B6
:1000B000E794C365B9ECC465B8ECC565C3C2C66551
:1000C000B7ECC765E894C865E994C965EA94CA6560
:1000D000EB94CB65FDD0CC65BAECCD65EC94CE65E8
:1000E000BBECCF65E5D7D065ED94D165EE94D265D4
:1000F000BCECD365EF94D465F094D565F194D665E6
:10010000BDECD765ECC6D865F294D965F394DA6591
:10011000F494DB65F594DC65F694DD65F794DE65B3
:10012000F894DF65F994E065DECEE165FA94E26566
:10013000C8BCE365FB94E465FC94E565D5C8E66559
:10014000A9B5E765C9BEE865BCD6E965E7D4EA6547
:10015000FD94EB65FE94EC65AED1ED65F1D0EE65F6
:10016000B8EAEF65B9EAF065BAEAF165B5BAF265E1
:100170004095F3654195F4654295F5654395F665BF
:10018000B1CAF765F5BFF8654495F9654595FA6517
:10019000FACDFB654695FC654795FD654895FE657E
:1001A0004995FF654A950066C0EA01664B9502666F
:1001B000BAB00366BEEA04664C9505664D950666C0
:1001C000A5C007664E9508664F95096650950A6664
:1001D000BBEA0B6651950C66FDB20D6652950E6634
:1001E000F7C30F66E8BB1066539511665495126607
:1001F00055951366D7D21466F4CE1566BFEA166617
:10020000569517665795186658951966BCEA1A668A
:1002100059951B665A951C665B951D66C3EA1E665A
:100220005C951F66C7D02066B3D321665D952266B4
:100230005E9523665F95246660952566BAB426664A
:1002400061952766C1C32866F2D7296662952A663A
:1002500063952B6664952C6665952D66D1D52E66C3
:1002600066952F66C7CA306667953166C5EA3266FD
:100270006895336669953466C4EA3566C7EA3666BA
:10028000C6EA37666A9538666B9539666C953A6644
:100290006D953B666E953C66E7D63D666F953E660E
:1002A000D4CF3F667095406671954166CBEA426651
:1002B00072954366CEBB44667395456674954666F3
:1002C00075954766769548667795496678954A6646
:1002D00079954B66FABD4C66CEC94D667A954E66E9
:1002E0007B954F66CCEA50667C9551667D9552664B
:1002F000B9C95366FECF5466CAEA5566CED456666F
:10030000CDEA5766CFEA58667E95596680955A665B
:10031000EDCD5B6681955C6682955D6683955E66D4
:1003200084955F66C9EA606685956166CEEA626615
:100330008695636687956466EECE65668895666683
:10034000DEBB676689956866BFB369668A956A662B
:100350008B956B668C956C668D956D668E956E66CD
:10036000D5C66F66B0BE7066FACE71668F9572663E
:100370009095736691957466E7C7756692957666F3
:10038000A7BE7766D0EA78669395796694957A6683
:10039000C7D67B6695957C6696957D6697957E66B5
:1003A000C0C17F6698958066999581669A958266A8
:1003B000DDD483669B958466D1EA85669C958666C6
:1003C0009D958766BECF88669E9589669F958A664D
:1003D000A0958B66A1958C66D2EA8D66A2958E66F5
:1003E000A3958F66A4959066A5959166EECA9266D0
:1003F000A6959366A7959466A8959566A995966621
:10040000AFC59766B5B09866AA959966AB959A669A
:10041000AC959B66AD959C66AE959D66D4EA9E664E
:10042000AF959F66B095A066B195A166B295A2669C
:10043000B395A366B495A466B595A566B695A6666C
:10044000B795A766D3EAA866DFF4A966B895AA6649
:10045000B995AB66BA95AC66BB95AD66BC95AE6614
:10046000BAC4AF66BD95B066BE95B166BF95B266BB
:10047000C095B366C195B466A9B1B566C295B666B6
:10048000C395B766C495B866C595B966DFE5BA6623
:10049000C695BB66C795BC66C895BD66C995BE6660
:1004A000D5EABF66CA95C066CB95C166CC95C266D3
:1004B000CD95C366CE95C466CF95C566D095C66604
:1004C000D195C766D295C866D395C966D495CA66D4
:1004D000D595CB66D695CC66D795CD66D895CE66A4
:1004E000D995CF66DA95D066DB95D166DC95D26674
:1004F000DD95D366DE95D466DF95D566E095D66644
:10050000E195D766E295D866E395D966EFCADA66D3
:10051000E495DB66D6EADC66D7EADD66D8C6DE6639
:10052000E595DF66E695E066E795E166E895E266C3
:10053000E995E366EA95E466EB95E566EC95E66693
:10054000D8EAE766ED95E866EE95E966D9EAEA66E7
:10055000EF95EB66F095EC66F195ED66F295EE663B
:10056000F395EF66F495F066BBD4F166F595F26607
:10057000FAC7F366B7D2F466FCB8F566F695F66688
:10058000F795F766C2EAF866F895F966DCB2FA669E
:10059000F995FB66FA95FC66FCC2FD66FB95FE6666
:1005A000F8D4FF66E6CC0067EED70167FC950267DA
:1005B000FD950367FE9504674096056741960667BB
:1005C0004296076743960867C2D40967D0D30A6783
:1005D000C3EB0B67F3C50C6744960D67FEB70E6758
:1005E00045960F6746961067D4EB116747961267DA
:1005F0004896136749961467B7CB1567DEEB166705
:100600004A961767CAC018674B9619674C961A67BF
:100610004D961B67FBCD1C674E961D67AFB31E67DB
:100620004F961F67DAC6206750962167519622675A
:1006300052962367539624675496256755962667E6
:10064000FCEB276756962867BEC4296757962A672A
:10065000B4CE2B67A9C42C67BEB12D67FDD42E671D
:1006600058962F67F5CA306759963167ECD63267CE
:100670005A9633675B963467D3C63567E4B63667F8
:100680005C9637675D9638675E9639675F963A671E
:10069000FABB3B6760963C6761963D67E0D03E677A
:1006A00062963F6763964067B1C941676496426747
:1006B000D3D44367A8C8446765964567669646677E
:1006C000CBB8476767964867BEE84967BCC94A67C1
:1006D00068964B6769964C67BBE84D676A964E67AC
:1006E000EEC04F67D3D05067C4B25167E5B45267CC
:1006F0006B965367BCE854676C9655676D96566762
:10070000C8D557676E9658676F96596770965A673F
:1007100071965B6772965C67C5B65D6773965E6738
:10072000BDE85F67F8CA6067DCB86167F5CC6267EF
:10073000749663677596646776966567B4C06667F6
:100740007796676778966867EED16967BFE86A67EA
:10075000C2E86B6779966C677A966D67BCBA6E670C
:100760007B966F67ADB17067DCBD71677C96726711
:10077000BDEA7367C3E874677D967567C6E87667F8
:100780007E967767CBE878678096796781967A67F7
:1007900082967B6783967C67CCE87D6784967E67CC
:1007A000C9CB7F67E5B0806785968167ABBC826700
:1007B0008696836787968467B9B9856788968667C2
:1007C00089968767C1E888678A968967F7CD8A67BF
:1007D0008B968B67CAE88C678C968D678D968E6733
:1007E0008E968F678F969067F6CE916790969267F8
:1007F000919693679296946793969567EDD59667D1
:1008000094969767D6C19867C4E8996795969A6752
:10081000B6C39B6796969C67FBB99D67A6D69E67F5
:10082000C8E89F679796A0679896A1679996A26770
:10083000E0CAA367E6D4A4679A96A567C0E8A6674E
:100840009B96A767C5E8A867C7E8A9679C96AA67AB
:10085000B9C7AB67E3B7AC679D96AD67C9E8AE674C
:100860009E96AF67DDBFB067D2E8B1679F96B2676B
:10087000A096B367D7E8B467A196B567D5E8B66721
:10088000DCBCB767CFBCB867DBE8B967A296BA67CC
:10089000A396BB67A496BC67A596BD67A696BE67E0
:1008A000A796BF67A896C067A996C167DEE8C2672A
:1008B000AA96C367DAE8C467FAB1C567AB96C6679C
:1008C000AC96C767AD96C867AE96C967AF96CA675C
:1008D000B096CB67B196CC67B296CD67B396CE672C
:1008E000B496CF67D8B0D067B3C4D167CCB8D2675D
:1008F000E2C6D367BEC8D467E1C8D567B596D667E8
:10090000B696D767B796D867CFE8D967D4E8DA67DD
:10091000D6E8DB67B896DC67F1B9DD67D8E8DE6753
:10092000F5D7DF67B996E067FBC4E167BA96E2677F
:10093000DCE8E367BB96E467BC96E567E9B2E66787
:10094000BD96E767BE96E867BF96E967D1E8EA67B4
:10095000C096EB67C196EC67EDBCED67C296EE679B
:10096000C396EF67C2BFF067CDE8F167F9D6F267CB
:10097000C496F367F8C1F467F1B2F567C596F667F8
:10098000C696F767C796F867C896F967C996FA6773
:10099000CA96FB67CB96FC67CC96FD67DFE8FE67DF
:1009A000CD96FF67C1CA0068D9E80168CE96026893
:1009B000CF960368D0960468D1960568A4D50668DA
:1009C000D2960768EAB10868BBD50968CEE80A681C
:1009D000D0E80B68B0B60C68D3E80D68D3960E6803
:1009E000DDE80F68B8C01068D4961168F7CA1268BD
:1009F000D5961368A8CB1468D6961568D79616684E
:100A0000DCC61768F5C01868D8961968D9961A68B0
:100A1000DA961B68DB961C68DC961D68E9E81E68A0
:100A2000DD961F68DE962068DF962168A3D02268D5
:100A3000E0962368E1962468E2962568E3962668A6
:100A4000E4962768E5962868E6962968F2E82A6819
:100A5000EAD62B68E7962C68E8962D68E9962E680A
:100A6000EA962F68EB963068EC963168ED9632681E
:100A7000E0E83368E1E83468EE963568EF9636686A
:100A8000F0963768F9D13868CBBA3968F9B83A685E
:100A9000F1963B68F2963C68F1B83D68D4D43E6864
:100AA000EFE83F68F3964068EEE84168ECE842689A
:100AB000F0B94368D2CC4468E6E84568A6CE4668FB
:100AC000F2BF4768F4964868B8B04968F1E84A68E8
:100AD000F0E84B68F5964C68C0D74D68F6964E68BE
:100AE000E4E84F68F7965068A9CD5168A3C95268E9
:100AF000F8965368B8BB5468DBBD5568EAE8566899
:100B0000F9965768FA965868FB965968FC965A68A1
:100B1000FD965B68FE965C6840975D6841975E68ED
:100B200042975F6843976068E2E86168E3E862685B
:100B3000E5E86368B5B56468E7E86568C5C76668F1
:100B4000EBE86768EDE86868B0BD6968AED76A68C9
:100B500044976B68F8E86C6845976D6846976E68CF
:100B600047976F6848977068499771684A977268A5
:100B70004B9773684C977468F5E875684D9776687D
:100B8000B0CD7768F6E878684E9779684F977A68BD
:100B900050977B6851977C6852977D6853977E6821
:100BA00054977F685597806856978168BAC1826864
:100BB00057978368E8E8846858978568B7C386685C
:100BC000F0B08768599788685A9789685B978A68F0
:100BD0005C978B685D978C685E978D685F978E6871
:100BE00060978F68F4E8906861979168629792685F
:100BF00063979368F7E89468649795686597966833
:100C000066979768A3B998686797996868979A688C
:100C100069979B686A979C686B979D686C979E68BC
:100C20006D979F686E97A0686F97A1687097A2688C
:100C3000D2C9A3687197A4687297A5687397A668CC
:100C4000CEC3A768E0CEA868E6C0A9687497AA6872
:100C50007597AB687697AC687797AD68F3CBAE685D
:100C60007897AF68DDCCB068B5D0B1687997B268D5
:100C70007A97B368E1CAB4687B97B568F3E8B66859
:100C80007C97B7687D97B8687E97B9688097BA688F
:100C90008197BB688297BC688397BD688497BE685C
:100CA0008597BF688697C068ECBCC1688797C268A3
:100CB000F9E8C3688897C4688997C5688A97C66841
:100CC0008B97C7688C97C8688D97C968DEC3CA6858
:100CD0008E97CB68E5C6CC688F97CD68F7B9CE689C
:100CE0009097CF689197D0689297D1689397D26880
:100CF000F4B0D3689497D4689597D568D8D7D66858
:100D00009697D7689797D868ACBCD9689897DA68EF
:100D1000EFC5DB689997DC689A97DD689B97DE687A
:100D20009C97DF689D97E068C4CCE1689E97E26875
:100D30009F97E368A6E9E468A097E568A197E6684D
:100D4000A297E768A397E868A497E968A597EA6877
:100D5000A697EB68A797EC68A897ED68A997EE6847
:100D6000ADC9EF68AA97F068A2E9F168E2C0F2683D
:100D7000AB97F368AC97F468AD97F568C3BFF668B6
:100D8000AE97F768AF97F868B097F968FEE8FA6829
:100D9000D7B9FB68B197FC68FBE8FD68B297FE68BD
:100DA000B397FF68B4970069B5970169A4E9026930
:100DB000B6970369B7970469B8970569CED20669F3
:100DC000B9970769BA970869BB970969BC970A6917
:100DD000BD970B69A3E90C69BE970D69B2D60E6980
:100DE000B5D70F69BF971069A7E91169C097126954
:100DF000B7BD1369C1971469C2971569C39716697E
:100E0000C4971769C5971869C6971969C7971A696A
:100E1000C8971B69C9971C69CA971D69CB971E693A
:100E2000CC971F69FCE82069FDE82169CD9722690C
:100E3000CE972369CF972469A1E92569D0972669C0
:100E4000D1972769D2972869D3972969D4972A69B6
:100E5000D5972B69D6972C69D7972D69D6CD2E6952
:100E6000D8972F69D9973069ACD23169DA9732694E
:100E7000DB973369DC973469B2E93569DD97366908
:100E8000DE973769DF973869E0973969A9E93A69E8
:100E9000E1973B69E2973C69E3973D69AAB43E69F3
:100EA000E4973F69BBB44069E5974169E6974269B9
:100EB000ABE94369E7974469E8974569E99746696B
:100EC000EA974769EB974869EC974969ED974A6952
:100ED000EE974B69EF974C69F0974D69F1974E6922
:100EE000F2974F69F3975069F4975169F5975269F2
:100EF000F6975369F7975469A8D05569F8975669DA
:100F0000F9975769A5E95869FA975969FB975A699A
:100F1000FEB35B69FC975C69FD975D69ACE95E694E
:100F2000E3C05F69FE976069AAE9616940986269F8
:100F300041986369B9E9646942986569439866694B
:100F4000B8E96769449868694598696946986A6923
:100F500047986B69AEE96C6948986D6949986E6904
:100F6000FAE86F694A9870694B987169A8E97269E3
:100F70004C9873694D9874694E9875694F98766965
:100F800050987769ACBF7869B1E97969BAE97A694B
:100F900051987B6952987C69A5C27D6953987E6996
:100FA00054987F6955988069AFE98169569882693C
:100FB000C5B8836957988469ADE985695898866989
:100FC000DCD38769B4E98869B5E98969B7E98A69D1
:100FD00059988B695A988C695B988D69C7E98E69B5
:100FE0005C988F695D9890695E9891695F98926945
:100FF0006098936961989469C6C09569C5E99669D6
:101000006298976963989869B0E9996964989A6950
:1010100065989B69BBE99C69F1B09D6966989E697A
:1010200067989F696898A0696998A1696A98A26998
:101030006B98A3696C98A4696D98A5696E98A66968
:101040006F98A769BCE9A869A5D5A9697098AA692C
:101050007198AB69BEE9AC697298AD69BFE9AE69D8
:101060007398AF697498B0697598B169C1E9B2694C
:101070007698B3697798B469F1C1B5697898B6691B
:101080007998B769B6C8B8697A98B9697B98BA6926
:101090007C98BB69BDE9BC697D98BD697E98BE69D5
:1010A0008098BF698198C0698298C169C2E9C269A4
:1010B0008398C3698498C4698598C5698698C66908
:1010C0008798C7698898C8698998C9698A98CA69D8
:1010D000C3E9CB698B98CC69B3E9CD698C98CE69AB
:1010E000B6E9CF698D98D069B1BBD1698E98D269C4
:1010F0008F98D3699098D469C0E9D5699198D669D9
:101100009298D7699398D8699498D9699598DA692B
:101110009698DB69F7BCDC699798DD699898DE6979
:101120009998DF69C4E9E069C6E9E1699A98E269DA
:101130009B98E3699C98E4699D98E5699E98E669A7
:101140009F98E769A098E869A198E969A298EA6977
:10115000A398EB69A498EC69A598ED69CAE9EE69D2
:10116000A698EF69A798F069A898F169A998F2691B
:10117000CEE9F369AA98F469AB98F569AC98F66979
:10118000AD98F769AE98F869AF98F969B098FA69BF
:10119000B198FB69B298FC69B398FD69DBB2FE694E
:1011A000B498FF69C8E9006AB598016AB698026AFE
:1011B000B798036AB898046AB998056ABA98066A33
:1011C000BB98076ABC98086ABD98096ABE980A6A03
:1011D000AEB70B6ABF980C6AC0980D6AC1980E6AC8
:1011E000C2980F6AC398106AC498116AC598126AA7
:1011F000C698136AC798146AC898156AC998166A77
:10120000CA98176ACBE9186ACCE9196ACB981A6AA6
:10121000CC981B6ACD981C6ACE981D6ACF981E6A1E
:10122000D0981F6AC1D5206AD198216AA3C4226AC6
:10123000D298236AD398246AD498256AD598266AC6
:10124000D698276AD798286AD8E9296AD8982A6A46
:10125000E1BA2B6AD9982C6ADA982D6ADB982E6A43
:10126000DC982F6AC9E9306ADD98316AA3D3326A03
:10127000DE98336ADF98346AE098356AD4E9366AD2
:10128000E198376AE298386AE398396AE4983A6AEA
:10129000E5983B6AE6983C6AE7983D6AD7E93E6A7A
:1012A000D0E93F6AE898406AE998416AEA98426A58
:1012B000EB98436AEC98446ACFE9456AED98466A30
:1012C000EE98476AC1C7486AEF98496AF0984A6A37
:1012D000F1984B6AF2984C6AF3984D6AF4984E6A0A
:1012E000F5984F6AF698506AD2E9516AF798526AAF
:1012F000F898536AF998546AFA98556AFB98566AAE
:10130000FC98576AFD98586AD9E9596AC8B35A6A6D
:10131000FE985B6AD3E95C6A40995D6A41995E6AAE
:1013200042995F6A4399606A4499616AF0CF626A40
:101330004599636A4699646A4799656ACDE9666A20
:101340004899676A4999686A4A99696A4B996A6AC9
:101350004C996B6A4D996C6A4E996D6A4F996E6A99
:1013600050996F6A5199706A5299716AF7B3726AAB
:101370005399736A5499746A5599756A5699766A3D
:101380005799776A5899786A5999796AD6E97A6A41
:101390005A997B6A5B997C6ADAE97D6A5C997E6A14
:1013A0005D997F6A5E99806AB4CC816A5F99826A2E
:1013B0006099836A6199846AADCF856A6299866A09
:1013C0006399876A6499886A6599896A66998A6A5D
:1013D00067998B6A68998C6A69998D6A6A998E6A2D
:1013E000D5E98F6A6B99906ADCE9916ADBE9926AC8
:1013F0006C99936A6D99946A6E99956A6F99966AD9
:101400007099976ADEE9986A7199996A72999A6AED
:1014100073999B6A74999C6A75999D6A76999E6A7C
:1014200077999F6A7899A06AD1E9A16A7999A26AA5
:101430007A99A36A7B99A46A7C99A56A7D99A66A20
:101440007E99A76A8099A86A8199A96ADDE9AA6A42
:101450008299AB6ADFE9AC6ACAC3AD6A8399AE6AA6
:101460008499AF6A8599B06A8699B16A8799B26A98
:101470008899B36A8999B46A8A99B56A8B99B66A68
:101480008C99B76A8D99B86A8E99B96A8F99BA6A38
:101490009099BB6A9199BC6A9299BD6A9399BE6A08
:1014A0009499BF6A9599C06A9699C16A9799C26AD8
:1014B0009899C36A9999C46A9A99C56A9B99C66AA8
:1014C0009C99C76A9D99C86A9E99C96A9F99CA6A78
:1014D000A099CB6AA199CC6AA299CD6AA399CE6A48
:1014E000A499CF6AA599D06AA699D16AA799D26A18
:1014F000A899D36AA999D46AAA99D56AAB99D66AE8
:10150000AC99D76AAD99D86AAE99D96AAF99DA6AB7
:10151000B099DB6AB199DC6AB299DD6AB399DE6A87
:10152000B499DF6AB599E06AB699E16AB799E26A57
:10153000B899E36AB999E46ABA99E56ABB99E66A27
:10154000BC99E76ABD99E86ABE99E96ABF99EA6AF7
:10155000C099EB6AC199EC6AC299ED6AC399EE6AC7
:10156000C499EF6AC599F06AC699F16AC799F26A97
:10157000C899F36AC999F46ACA99F56ACB99F66A67
:10158000CC99F76ACD99F86ACE99F96ACF99FA6A37
:10159000D099FB6AD199FC6AD299FD6AD399FE6A07
:1015A000D499FF6AD599006BD699016BD799026BD4
:1015B000D899036BD999046BDA99056BDB99066BA3
:1015C000DC99076BDD99086BDE99096BDF990A6B73
:1015D000E0990B6BE1990C6BE2990D6BE3990E6B43
:1015E000E4990F6BE599106BE699116BE799126B13
:1015F000E899136BE999146BEA99156BEB99166BE3
:10160000EC99176BED99186BEE99196BEF991A6BB2
:10161000F0991B6BF1991C6BF2991D6BF3991E6B82
:10162000F4991F6BF599206BB7C7216BCEB4226B71
:10163000B6BB236BC0D0246BA3EC256BF699266B4D
:10164000F799276BB7C5286BF899296BF9992A6B1D
:10165000FA992B6BFB992C6BFC992D6BFD992E6BDA
:10166000FE992F6B409A306B419A316B429A326BE4
:10167000FBD3336B439A346B449A356B459A366B84
:10168000469A376BA4EC386B479A396BA5EC3A6BEA
:10169000DBC63B6B489A3C6B499A3D6B4A9A3E6B62
:1016A000EEBF3F6B4B9A406B4C9A416B4D9A426B2D
:1016B0004E9A436BA6EC446B4F9A456B509A466B1F
:1016C000A7EC476BAAD0486B519A496BB8C74A6BD5
:1016D000529A4B6B539A4C6BE8B84D6B549A4E6BC5
:1016E000559A4F6B569A506B579A516B589A526B4A
:1016F000599A536B5A9A546B5B9A556B5C9A566B1A
:101700005D9A576B5E9A586B5F9A596BA8EC5A6B4F
:10171000609A5B6B619A5C6B629A5D6B639A5E6BBD
:10172000649A5F6B659A606B669A616B679A626B8D
:10173000B9D6636BFDD5646BCBB4656BBDB2666B1C
:10174000E4CE676BE7C6686B689A696B699A6A6BE7
:10175000E1CD6B6B6A9A6C6B6B9A6D6B6C9A6E6B6E
:101760006D9A6F6B6E9A706B6F9A716B709A726BE9
:10177000719A736B729A746B739A756B749A766BB9
:10178000759A776B769A786B779A796BF5B47A6BF2
:10179000789A7B6BC0CB7C6BDFBC7D6B799A7E6B60
:1017A0007A9A7F6B7B9A806B7C9A816BE2E9826B81
:1017B000E3E9836BEAD1846BE5E9856B7D9A866BFF
:1017C000F9B4876BE4E9886B7E9A896BB3D18A6B35
:1017D000E2CA8B6BD0B28C6B809A8D6BE8E98E6B12
:1017E000819A8F6B829A906B839A916B849A926B99
:1017F000E6E9936BE7E9946B859A956B869A966B0D
:10180000B3D6976B879A986B889A996B899A9A6BDB
:10181000E9E99B6BEAE99C6B8A9A9D6B8B9A9E6BBC
:101820008C9A9F6B8D9AA06B8E9AA16BEBE9A26B41
:101830008F9AA36B909AA46B919AA56B929AA66BC0
:10184000939AA76B949AA86B959AA96B969AAA6B90
:10185000ECE9AB6B979AAC6B989AAD6B999AAE6BBF
:101860009A9AAF6B9B9AB06B9C9AB16B9D9AB26B34
:101870009E9AB36BAFECB46BB9C5B56BCEB6B66B15
:101880009F9AB76BF3D2B86BA09AB96BA19ABA6B57
:10189000A29ABB6BA39ABC6BA49ABD6BA59ABE6BB4
:1018A000A69ABF6BEEB5C06BA79AC16BD9BBC26BD2
:1018B000B1ECC36BA89AC46BA99AC56BE3D2C66B93
:1018C000AA9AC76BAB9AC86BAC9AC96BAD9ACA6B34
:1018D000AE9ACB6BE3CECC6BAF9ACD6BB8C4CE6B6C
:1018E000B09ACF6BBFC3D06BB19AD16BB29AD26BA7
:1018F000BEB6D36BB9D8D46BC8B1D56BCFB1D66BEC
:10190000D1B1D76BFEC5D86BB39AD96BD0B1DA6BB6
:10191000B49ADB6BABC3DC6BB59ADD6BB69ADE6B4E
:10192000B79ADF6BB89AE06BB99AE16BB1D5E26B0D
:10193000BA9AE36BBB9AE46BBC9AE56BBD9AE66B13
:10194000BE9AE76BBF9AE86BC09AE96BC19AEA6BE3
:10195000A4EBEB6BC1BAEC6BC29AED6BC39AEE6B66
:10196000C49AEF6BBACCF06BC59AF16BC69AF26B66
:10197000C79AF36BA5EBF46BC89AF56BA7EBF66B04
:10198000C99AF76BCA9AF86BCB9AF96BA8EBFA6B0A
:10199000CC9AFB6BCD9AFC6BCE9AFD6BA6EBFE6BE3
:1019A000CF9AFF6BD09A006CD19A016CD29A026CDC
:1019B000D39A036CD49A046CD59A056CA9EB066C87
:1019C000ABEB076CAAEB086CD69A096CD79A0A6C39
:1019D000D89A0B6CD99A0C6CDA9A0D6CACEB0E6C35
:1019E000DB9A0F6CCFCA106CB5D8116CF1C3126CB6
:1019F000DC9A136CA5C3146CF8C6156CADEB166CB1
:101A0000CAC4176CDD9A186CAEEB196CAFEB1A6C8C
:101A1000B0EB1B6CD5B71C6CDE9A1D6CDF9A1E6C8C
:101A2000E09A1F6CFAB7206CE19A216CB1EB226C42
:101A3000E2C7236CE29A246CB3EB256CE39A266C24
:101A4000A4BA276CF5D1286CB1B0296CB2EB2A6C22
:101A5000B4EB2B6CE49A2C6CE59A2D6CE69A2E6C08
:101A6000AAB52F6CC8C2306CE8C7316CE79A326CEB
:101A7000B5EB336CE89A346CAECB356CDFE3366C87
:101A8000E99A376CEA9A386CC0D3396CEB9A3A6CA5
:101A9000EC9A3B6CED9A3C6CEE9A3D6CDBD93E6C5B
:101AA000EF9A3F6CF09A406CA1CD416CADD6426C80
:101AB000F3C7436CF19A446CF29A456CF39A466C06
:101AC000E0D9476CE3BB486CF49A496CBABA4A6CEB
:101AD000E2E34B6CF59A4C6CF69A4D6CF79A4E6CAF
:101AE000F89A4F6CF99A506CABCF516CFA9A526CD1
:101AF000FB9A536CFC9A546CE0E3556CC7C9566C66
:101B0000FD9A576CB9BA586CFE9A596C409B5A6C46
:101B1000419B5B6CB4D15C6CE1E35D6CEAC85E6CCC
:101B2000AFB95F6CADBD606CD8B3616CDBCE626C7D
:101B3000429B636C439B646CC0CC656C449B666C3D
:101B4000459B676C469B686CE8E3696CE9E36A6CEB
:101B5000F4CD6B6C479B6C6C489B6D6C499B6E6CB9
:101B60004A9B6F6C4B9B706CADCC716C4C9B726CD8
:101B7000B3BC736C4D9B746CEAE3756C4E9B766CD6
:101B8000EBE3776C4F9B786C509B796CDAD07A6C76
:101B9000519B7B6C529B7C6C539B7D6CFBC67E6C1B
:101BA000DAB77F6C549B806C559B816CDFC7826C6D
:101BB000CAD2836CD6CE846C569B856CE4E3866C6B
:101BC000ECE3876C579B886CF2C9896CC1B38A6C53
:101BD000589B8B6C599B8C6CE7E38D6C5A9B8E6C7D
:101BE0005B9B8F6CE3C6906CE5E3916C5C9B926CA5
:101BF0005D9B936CB3ED946CE6E3956C5E9B966C89
:101C00005F9B976C609B986C619B996CB3C99A6C55
:101C1000629B9B6CE6C59C6C639B9D6C649B9E6CFD
:101C2000659B9F6CB5B9A06C669BA16CBBC3A26C95
:101C3000679BA36CE3E3A46CBDC5A56CA4C1A66CB3
:101C4000D9C2A76CD7B2A86C689BA96CEDE3AA6C4B
:101C5000A6BBAB6CADC4AC6C699BAD6CF0E3AE6C79
:101C6000DABEAF6C6A9BB06C6B9BB16CFBE3B26C81
:101C7000F5E3B36CD3BAB46C6C9BB56C6D9BB66C6E
:101C80006E9BB76C6F9BB86CD0B7B96CCDD3BA6C88
:101C9000709BBB6CCED6BC6CD3D5BD6CC1B9BE6CD1
:101CA000B4D5BF6CD8D1C06C719BC16C729BC26C37
:101CB000739BC36C749BC46CB9D0C56CF6C7C66CFF
:101CC000759BC76C769BC86C779BC96CAAC8CA6C9D
:101CD000B4B2CB6C789BCC6CDAC3CD6C799BCE6CF8
:101CE0007A9BCF6C7B9BD06CEEE3D16C7C9BD26CEF
:101CF0007D9BD36CFCE3D46CEFE3D56CA8B7D66CBA
:101D0000F7E3D76CF4E3D86C7E9BD96C809BDA6CDC
:101D1000819BDB6CBAB7DC6C829BDD6C839BDE6CD9
:101D2000A2C5DF6C849BE06CF6E3E16CDDC5E26C80
:101D3000A8B2E36CFCC6E46C859BE56CE0C4E66C81
:101D4000869BE76C879BE86CA2D7E96C889BEA6C62
:101D5000E1C0EB6CF9E3EC6C899BED6C8A9BEE6C5B
:101D6000FAE3EF6CFDE3F06CA9CCF16CF3E3F26CF9
:101D70008B9BF36CBED3F46C8C9BF56CC3B1F66C8F
:101D8000B4EDF76CF1E3F86CF2E3F96C8D9BFA6C4F
:101D9000F8E3FB6CBAD0FC6CC3C6FD6CF3D4FE6CEC
:101DA000FEE3FF6C8E9B006D8F9B016DE0BD026DAD
:101DB000909B036D919B046DA7E4056D929B066D4E
:101DC000939B076DA6E4086D949B096D959B0A6D26
:101DD000969B0B6DF3D10C6DA3E40D6D979B0E6D6F
:101DE000A9E40F6D989B106D999B116D9A9B126DD4
:101DF000F7C8136D9B9B146D9C9B156D9D9B166D79
:101E00009E9B176DB4CF186D9F9B196DA8E41A6D3A
:101E1000AEE41B6DE5C21C6DA09B1D6DA19B1E6DEC
:101E2000B4B61F6DA29B206DA39B216DA49B226D58
:101E3000A59B236DA69B246DA79B256DF2BD266DEA
:101E4000A89B276DA2E4286DA99B296DAA9B2A6DEA
:101E5000E9BA2B6DAAE42C6DAB9B2D6DAC9B2E6D5E
:101E6000ACE42F6DAD9B306DAE9B316DFDB6326D28
:101E7000DED6336DB2E4346DAF9B356DADE4366DB7
:101E8000B09B376DB19B386DB29B396DA1E43A6D53
:101E9000B39B3B6DEEBB3C6DDDCD3D6DA2C73E6D92
:101EA000C9C53F6DB49B406DB59B416DF7C1426D97
:101EB000B69B436DA4E4446DB79B456DB3C7466DB7
:101EC000ACBD476DBDBD486DA5E4496DB89B4A6D7D
:101ED000C7D74B6DE2B24C6DB99B4D6DABE44E6D07
:101EE000C3BC4F6DAFE4506DBA9B516DEBBB526DEF
:101EF000B0E4536DA8C5546DB1E4556DBB9B566DF0
:101F0000BC9B576DBD9B586DBE9B596DE3D55A6DFB
:101F1000A3BF5B6DBF9B5C6DBAE45D6DC09B5E6DE6
:101F2000B7E45F6DC19B606DBBE4616DC29B626D88
:101F3000C39B636DBDE4646DC49B656DC59B666D9D
:101F4000D6C6676DC69B686DC79B696DC6BA6A6D5C
:101F5000CBC06B6DC89B6C6DC99B6D6DCA9B6E6D64
:101F6000A1B86F6DB4E4706DCB9B716DCC9B726D3D
:101F7000CD9B736DCE9B746DA1D4756DCF9B766D2B
:101F8000D09B776DA3BA786DFEBD796DD19B7A6DCC
:101F9000D29B7B6DD39B7C6DBCE47D6DD49B7E6DB1
:101FA000D59B7F6DD69B806DD79B816DD89B826DB5
:101FB000BFCD836DD99B846DDA9B856DF9C4866D29
:101FC000DB9B876DDC9B886DFBCF896DE6C98A6DD5
:101FD000DD9B8B6DDE9B8C6DBFD38D6DDF9B8E6D1E
:101FE000D1CF8F6DE09B906DE19B916DB3E4926DCD
:101FF000E29B936DB8E4946DB9E4956DE9CC966D70
:10200000E39B976DE49B986DE59B996DE69B9A6DBC
:10201000E79B9B6DCECC9C6DE89B9D6DD4C09E6D67
:10202000B5E49F6DB0C1A06DB6E4A16DD0CEA26D38
:10203000E99BA36DC1BBA46DD3B5A56DEA9BA66D4D
:10204000F3C8A76DA7BDA86DC7D5A96DACC9AA6D0A
:10205000A2B8AB6DCAE4AC6DEB9BAD6DEC9BAE6D05
:10206000CCE4AF6DC4D1B06DED9BB16DEE9BB26DA4
:10207000BAD2B36DEF9BB46DF09BB56DADBAB66DD2
:10208000F19BB76DF29BB86DD4BAB96DF39BBA6D85
:10209000F49BBB6DF59BBC6DF69BBD6DF79BBE6D58
:1020A000F89BBF6DC3E4C06DEDB5C16DF99BC26D0A
:1020B000FA9BC36DFB9BC46DCDD7C56DC0E4C66DE7
:1020C000FDCFC76DBFE4C86DFC9BC96DFD9BCA6D9C
:1020D000FE9BCB6DDCC1CC6DCACCCD6D409CCE6D72
:1020E000419CCF6D429CD06D439CD16DE7CAD26DAF
:1020F000449CD36D459CD46D469CD56D479CD66D54
:10210000D7C4D76D489CD86DD4CCD96DC8E4DA6DEE
:10211000499CDB6D4A9CDC6D4B9CDD6DC7E4DE6D3C
:10212000C1E4DF6D4C9CE06DC4E4E16DADB5E26DE2
:102130004D9CE36D4E9CE46DD9D3E56D4F9CE66DEF
:10214000C6E4E76D509CE86D519CE96D529CEA6DC8
:10215000539CEB6DF9D2EC6DE3B4ED6D549CEE6DD8
:10216000B4BBEF6D559CF06D569CF16DEEC9F26DF0
:10217000579CF36DBEB4F46D589CF56D599CF66D8B
:102180005A9CF76DECBBF86D5B9CF96DCDD1FA6D87
:102190005C9CFB6DEDCCFC6DB5EDFD6D5D9CFE6D4D
:1021A0005E9CFF6D5F9C006E609C016E619C026E88
:1021B000629C036E639C046E649C056EE5C7066EAC
:1021C000659C076E669C086E679C096E689C0A6E2B
:1021D000A8D40B6E699C0C6ECBE40D6ED5D70E6E39
:1021E000C2E40F6E6A9C106EA5BD116EC5E4126E3E
:1021F0006B9C136E6C9C146EE6D3156E6D9C166E04
:10220000C9E4176EF8C9186E6E9C196E6F9C1A6E31
:10221000BEE41B6E709C1C6E719C1D6EE5D31E6E21
:10222000729C1F6E739C206EFEC7216EC9B6226E13
:10223000749C236EFCD4246EB3B2256ED7E4266E54
:10224000759C276E769C286E779C296EC2CE2A6E6E
:10225000789C2B6ECDE42C6E799C2D6EBCCE2E6EB0
:102260007A9C2F6EDBB8306E7B9C316E7C9C326E1C
:10227000D6E4336E7D9C346ECABF356E7E9C366E5E
:10228000809C376E819C386ECED3396E829C3A6EBC
:10229000ECC33B6E839C3C6E849C3D6E859C3E6E85
:1022A000869C3F6E879C406E889C416E899C426EE6
:1022B0008A9C436EC8C5446ED8E4456E8B9C466EBE
:1022C0008C9C476E8D9C486E8E9C496E8F9C4A6E8E
:1022D000909C4B6E919C4C6E929C4D6EC4CD4E6EFC
:1022E000CFE44F6E939C506E949C516E959C526EB1
:1022F000969C536ED4E4546ED5E4556E979C566EFE
:10230000FEBA576E989C586EE6CF596E999C5A6EDD
:102310009A9C5B6EBFD55C6E9B9C5D6E9C9C5E6E5A
:102320009D9C5F6ED2E4606E9E9C616E9F9C626E0F
:10233000A09C636EA19C646EA29C656EA39C666E5D
:10234000A49C676EA59C686EA69C696EA79C6A6E2D
:10235000A89C6B6ED0E46C6EA99C6D6EAA9C6E6E90
:10236000CEE46F6EAB9C706EAC9C716EAD9C726E69
:10237000AE9C736EAF9C746EB09C756EB19C766EA5
:10238000B29C776EB39C786EB49C796EB59C7A6E75
:10239000B69C7B6EB79C7C6EB89C7D6EB99C7E6E45
:1023A000E5CD7F6EAACA806EBA9C816EBB9C826EA0
:1023B000BC9C836EA3C0846EBD9C856EA6BD866EDC
:1023C000D3E4876EBE9C886EBF9C896EC8B88A6E47
:1023D000C09C8B6EC19C8C6EC29C8D6EC39C8E6E9D
:1023E000C49C8F6EE7E4906EB4D4916EC59C926EDF
:1023F000C69C936EC79C946EC89C956EC99C966E45
:10240000CA9C976ECB9C986EDBE4996ECC9C9A6EBE
:10241000CD9C9B6ECE9C9C6EEFC19D6ECF9C9E6EA4
:10242000D09C9F6EE9E4A06ED19CA16ED29CA26E5E
:10243000E7D2A36ED39CA46ED49CA56EDFE4A66EF7
:10244000D59CA76EE0E4A86ED69CA96ED79CAA6E18
:10245000AACFAB6ED89CAC6ED99CAD6EDA9CAE6E3A
:10246000DB9CAF6EDDCBB06EDC9CB16EDAE4B26E9D
:10247000D1E4B36EDD9CB46EE5E4B56EDE9CB66E61
:10248000DCC8B76EE3E4B86EDF9CB96EE09CBA6E50
:10249000E7C4BB6EE2E4BC6EE19CBD6EE1E4BE6EDF
:1024A000E29CBF6EE39CC06EE49CC16EFCB3C26E46
:1024B000E8E4C36EE59CC46EE69CC56EE79CC66E00
:1024C000E89CC76EE1B5C86EE99CC96EEA9CCA6E0D
:1024D000EB9CCB6ECCD7CC6EEC9CCD6EED9CCE6ED7
:1024E000EE9CCF6EE6E4D06EEF9CD16EACBBD26EAC
:1024F000F09CD36ED2D7D46ECFCCD56EF8EBD66E1F
:10250000F19CD76EE4E4D86EF29CD96EF39CDA6E3F
:10251000F6B9DB6EF49CDC6EF59CDD6EF69CDE6E2F
:10252000CDD6DF6ED9E4E06EDCE4E16EFAC2E26E95
:10253000DEE4E36EF79CE46ECBC2E56EC4C0E66EEB
:10254000D0C2E76EF89CE86EF5B1E96EB2CCEA6EE7
:10255000F99CEB6EFA9CEC6EFB9CED6EFC9CEE6EB7
:10256000FD9CEF6EFE9CF06E409DF16E419DF26E03
:10257000429DF36E439DF46ECEB5F56E449DF66EAE
:10258000459DF76E469DF86E479DF96EEFE4FA6E35
:10259000489DFB6E499DFC6E4A9DFD6E4B9DFE6EF7
:1025A0004C9DFF6E4D9D006F4E9D016F4F9D026FC4
:1025B000AFC6036F509D046F519D056F529D066F0E
:1025C000E1C6076F539D086F549D096FF5E40A6FCC
:1025D000559D0B6F569D0C6F579D0D6F589D0E6F3F
:1025E000599D0F6FA9C2106F5A9D116F5B9D126F9D
:1025F0005C9D136FECC0146FDDD1156FEEE4166FA8
:102600005D9D176F5E9D186F5F9D196F609D1A6FBE
:10261000619D1B6F629D1C6F639D1D6F649D1E6F8E
:10262000659D1F6F669D206FAEC4216F679D226FF1
:10263000689D236F699D246FEDE4256F6A9D266F69
:102640006B9D276F6C9D286F6D9D296FF6E42A6F37
:10265000F4E42B6FFEC22C6F6E9D2D6FDDE42E6FA8
:102660006F9D2F6FF0E4306F709D316FFECA326F37
:10267000719D336FC4D5346F729D356F739D366F06
:10268000F1E4376F749D386F759D396F769D3A6FA1
:10269000779D3B6F789D3C6F799D3D6F7A9D3E6F36
:1026A000FAD13F6F7B9D406F7C9D416F7D9D426F56
:1026B0007E9D436F809D446F819D456F829D466FD7
:1026C000EBE4476FECE4486F839D496F849D4A6F4C
:1026D000859D4B6FF2E44C6F869D4D6FABCE4E6F78
:1026E000879D4F6F889D506F899D516F8A9D526F56
:1026F0008B9D536F8C9D546F8D9D556F8E9D566F26
:102700008F9D576F909D586FCBC5596F919D5A6F94
:10271000929D5B6F939D5C6FB1C75D6F949D5E6F83
:10272000BAC25F6F959D606F969D616F979D626F56
:10273000EAE4636F989D646F999D656F9A9D666FDB
:10274000CAC1676F9B9D686F9C9D696F9D9D6A6FF5
:102750009E9D6B6F9F9D6C6FA09D6D6FB6CC6E6FD5
:10276000B1B36F6FA19D706FA29D716FA39D726FCA
:10277000FBE4736FA49D746FF3E4756FA59D766F92
:10278000A69D776FA79D786FFAE4796FA89D7A6F01
:10279000FDE47B6FA99D7C6FFCE47D6FAA9D7E6F3D
:1027A000AB9D7F6FAC9D806FAD9D816FAE9D826F45
:1027B000AF9D836FB09D846FCEB3856FB19D866FE3
:1027C000B29D876FB39D886FBAB3896FF7E48A6F44
:1027D000B49D8B6FB59D8C6FF9E48D6FF8E48E6FAF
:1027E000ECC58F6FB69D906FB79D916FB89D926F3E
:1027F000B99D936FBA9D946FBB9D956FBC9D966F6D
:10280000BD9D976FBE9D986FBF9D996FC09D9A6F3C
:10281000C19D9B6FC29D9C6FBDC09D6FC39D9E6FF0
:10282000C49D9F6FC59DA06FC69DA16FE8D4A26F88
:10283000C79DA36FC89DA46FC99DA56FCA9DA66FB4
:10284000CB9DA76FA2E5A86FCC9DA96FCD9DAA6F68
:10285000CE9DAB6FCF9DAC6FD09DAD6FD19DAE6F58
:10286000D29DAF6FD39DB06FD49DB16FD59DB26F28
:10287000D69DB36FC4B0B46FD79DB56FD89DB66FFA
:10288000A4E5B76FD99DB86FDA9DB96FA3E5BA6FAC
:10289000DB9DBB6FDC9DBC6FDD9DBD6FDE9DBE6FA4
:1028A000DF9DBF6FE09DC06FA4BCC16FE19DC26F93
:1028B000A5E5C36FE29DC46FE39DC56FE49DC66F40
:1028C000E59DC76FE69DC86FE79DC96FA1E5CA6F1B
:1028D000E89DCB6FE99DCC6FEA9DCD6FEB9DCE6FF0
:1028E000EC9DCF6FED9DD06FEE9DD16FFEE4D26F6A
:1028F000F4B1D36FEF9DD46FF09DD56FF19DD66F7E
:10290000F29DD76FF39DD86FF49DD96FF59DDA6F67
:10291000F69DDB6FF79DDC6FF89DDD6FF99DDE6F37
:10292000A8E5DF6FFA9DE06FA9E5E16FA6E5E26F2C
:10293000FB9DE36FFC9DE46FFD9DE56FFE9DE66FE3
:10294000409EE76F419EE86F429EE96F439EEA6FAB
:10295000449EEB6F459EEC6F469EED6F479EEE6F7B
:10296000A7E5EF6FAAE5F06F489EF16F499EF26F01
:102970004A9EF36F4B9EF46F4C9EF56F4D9EF66F23
:102980004E9EF76F4F9EF86F509EF96F519EFA6FF3
:10299000529EFB6F539EFC6F549EFD6F559EFE6FC3
:1029A000569EFF6F579E0070589E0170599E027090
:1029B0005A9E03705B9E04705C9E05705D9E06705F
:1029C0005E9E07705F9E0870609E0970619E0A702F
:1029D000629E0B70639E0C70649E0D70659E0E70FF
:1029E000669E0F70679E1070689E1170D9C6127037
:1029F000699E13706A9E14706B9E15706C9E1670A3
:102A00006D9E17706E9E18706F9E1970709E1A7072
:102A1000ABE51B70ADE51C70719E1D70729E1E7043
:102A2000739E1F70749E2070759E2170769E22701A
:102A3000779E2370ACE52470789E2570799E267071
:102A40007A9E27707B9E28707C9E29707D9E2A70BE
:102A50007E9E2B70809E2C70819E2D70829E2E708B
:102A6000839E2F70849E3070859E3170869E32705A
:102A7000879E3370889E3470899E3570AFE53670BE
:102A80008A9E37708B9E38708C9E3970AEE53A7096
:102A90008D9E3B708E9E3C708F9E3D70909E3E70D2
:102AA000919E3F70929E4070939E4170949E4270A2
:102AB000959E4370969E4470979E4570989E467072
:102AC000999E47709A9E48709B9E49709C9E4A7042
:102AD0009D9E4B709E9E4C70E0B94D709F9E4E70B7
:102AE000A09E4F70B0E55070A19E5170A29E527092
:102AF000A39E5370A49E5470A59E5570A69E5670BA
:102B0000A79E5770A89E5870A99E5970AA9E5A7089
:102B1000AB9E5B70AC9E5C70AD9E5D70AE9E5E7059
:102B2000B1E55F70AF9E6070B09E6170B19E6270E3
:102B3000B29E6370B39E6470B49E6570B59E6670FD
:102B4000B69E6770B79E6870B89E6970B99E6A70CD
:102B5000BA9E6B70F0BB6C70E1EC6D70F0C36E7080
:102B6000BB9E6F70C6B57070D2BB7170BC9E727028
:102B7000BD9E7370BE9E7470BF9E7570E9C1767005
:102B8000EED47770C09E7870C4BE7970C19E7A70A2
:102B9000C29E7B70C39E7C70C6D77D70C49E7E70C3
:102BA000D6D47F70D3B28070BEEC8170C59E827027
:102BB000C69E8370C79E8470C89E8570C1EA867069
:102BC000C99E8770CA9E8870CB9E8970AFC28A707A
:102BD000B6B48B70CC9E8C70CD9E8D70CE9E8E7058
:102BE000D7D18F70CF9E9070D09E9170D19E9270F1
:102BF000B4B39370D29E9470B2C89570BBBF9670F8
:102C0000C0EC9770D39E9870D49E9970CBD69A7072
:102C1000D59E9B70D69E9C70BFEC9D70C1EC9E7043
:102C2000D79E9F70D89EA070D99EA170DA9EA27088
:102C3000DB9EA370DC9EA470DD9EA570DE9EA67058
:102C4000DF9EA770E09EA870E19EA970E29EAA7028
:102C5000E39EAB70C5ECAC70E6BEAD70BFCCAE70A1
:102C6000DAC5AF70BCBEB070E49EB170C6ECB27095
:102C7000E59EB370FEB1B470E69EB570E79EB67087
:102C8000E89EB770C4ECB870A8D5B970E3B5BA7057
:102C9000E99EBB70C2ECBC70B6C1BD70E3B3BE7040
:102CA000EA9EBF70EB9EC070C3ECC170B8CBC2701F
:102CB000C3C0C370FECCC470EC9EC570ED9EC670E0
:102CC000EE9EC770EF9EC870D2C1C970F09ECA70E8
:102CD000C8ECCB70F19ECC70F29ECD70F39ECE709E
:102CE000F49ECF70F59ED070F69ED170F79ED27094
:102CF000F89ED370F99ED470FA9ED570FB9ED67064
:102D0000FC9ED770FD9ED870E6BAD970D3C0DA7039
:102D1000FE9EDB70F2D6DC70409FDD70419FDE705E
:102D2000429FDF70CCD1E070439FE170449FE2701E
:102D3000459FE370469FE470BEBFE570479FE67015
:102D4000B3B7E770D5C9E870C7ECE970E2BBEA70C9
:102D5000489FEB70CCCCEC70FDBDED70C8C8EE7038
:102D6000499FEF70A9CFF0704A9FF1704B9FF270AE
:102D70004C9FF3704D9FF4704E9FF5704F9FF6700F
:102D8000509FF770E9CDF870519FF970EBC5FA705C
:102D9000529FFB70539FFC70549FFD70E9B7FE700B
:102DA000559FFF70569F0071579F0171589F027188
:102DB000599F03715A9F04715B9F05715C9F067157
:102DC0005D9F07715E9F08715F9F0971C9D10A718C
:102DD000B8BA0B71609F0C71619F0D71629F0E718B
:102DE000639F0F71649F1071C9EC1171659F12711F
:102DF000669F1371CAEC1471679F1571C0BB167181
:102E0000CBEC1771689F1871E2EC1971BAB11A71A5
:102E1000D9B71B71699F1C716A9F1D716B9F1E71D1
:102E20006C9F1F716D9F20716E9F21716F9F22712A
:102E3000709F2371719F2471729F2571739F2671FA
:102E4000B9BD2771749F2871759F2971769F2A716A
:102E5000779F2B71789F2C71799F2D717A9F2E719E
:102E60007B9F2F71CCEC3071E6D13171CDEC32719A
:102E70007C9F33717D9F34717E9F3571809F367149
:102E8000BBC83771819F3871829F3971839F3A71B6
:102E9000849F3B71859F3C71869F3D71879F3E71EA
:102EA000889F3F71899F40718A9F41718B9F4271BA
:102EB0008C9F43718D9F44718E9F4571D1EC4671FB
:102EC0008F9F4771909F4871919F4971929F4A715E
:102ED000D3EC4B71939F4C71CDBB4D71949F4E7150
:102EE000E5BC4F71959F5071969F5171979F52719C
:102EF000989F5371999F54719A9F55719B9F5671DA
:102F00009C9F57719D9F58719E9F59719F9F5A71A9
:102F1000A09F5B71A19F5C71CFEC5D71A29F5E7100
:102F2000B7C95F71A39F6071A49F6171A59F627112
:102F3000A69F6371A79F6471BAC36571A89F6671EC
:102F4000E3EC6771D5D56871D0EC6971A99F6A719E
:102F5000AA9F6B71AB9F6C71AC9F6D71AD9F6E71D1
:102F6000F3D66F71AE9F7071AF9F7171B09F727128
:102F7000D2EC7371CEEC7471B19F7571B29F7671A2
:102F8000B39F7771B49F7871D4EC7971B59F7A71E2
:102F9000D5EC7B71B69F7C71B79F7D71BFC97E7187
:102FA000B89F7F71B99F8071BA9F8171BB9F8271F9
:102FB000BC9F8371BD9F8471A8CF8571BE9F8671B0
:102FC000BF9F8771C09F8871C19F8971C29F8A719D
:102FD000DCD08B71C39F8C71C49F8D71C59F8E7126
:102FE000C69F8F71ACD19071C79F9171C89F92712C
:102FF000C99F9371CA9F9471DBC89571CB9F9671DD
:10300000CC9F9771CD9F9871D6EC9971F5CE9A713E
:10301000CE9F9B71CF9F9C71D09F9D71D19F9E71C0
:10302000D29F9F71ECCAA071DAECA171D39FA271FB
:10303000D49FA371D59FA471D69FA571D79FA67168
:10304000D89FA771D99FA871D9ECA971DA9FAA71ED
:10305000DB9FAB71DC9FAC71BEB0AD71DD9FAE711B
:10306000DE9FAF71DF9FB071E09FB171E19FB271E0
:10307000E29FB371D7ECB471E39FB571D8ECB67130
:10308000E49FB771E59FB871E69FB971E4ECBA713E
:10309000E79FBB71E89FBC71E99FBD71EA9FBE715C
:1030A000EB9FBF71EC9FC071ED9FC171EE9FC2712C
:1030B000EF9FC371BCC8C471F09FC571F19FC67109
:1030C000F29FC771F39FC871F49FC971F59FCA71D0
:1030D000F69FCB71F79FCC71F89FCD71F99FCE71A0
:1030E000C7C1CF71FA9FD071FB9FD171FC9FD27184
:1030F000FD9FD371FE9FD471DCECD571E0D1D67108
:1031000040A0D77141A0D87142A0D97143A0DA7113
:1031100044A0DB7145A0DC7146A0DD7147A0DE71E3
:1031200048A0DF7149A0E071DBECE1714AA0E271D7
:103130004BA0E3714CA0E4714DA0E571EFD4E671B2
:103140004EA0E771DDECE8714FA0E97150A0EA7183
:1031500051A0EB7152A0EC7153A0ED7154A0EE712F
:10316000C6DBEF7155A0F07156A0F17157A0F27156
:1031700058A0F37159A0F4715AA0F5715BA0F671D3
:103180005CA0F7715DA0F8715EA0F971DEECFA71D8
:103190005FA0FB7160A0FC7161A0FD7162A0FE7177
:1031A00063A0FF7164A0007265A0017266A0027244
:1031B00067A0037268A0047269A005726AA0067213
:1031C000ACB107726BA008726CA009726DA00A7294
:1031D0006EA00B726FA00C7270A00D7271A00E72B7
:1031E00072A00F7273A0107274A0117275A0127287
:1031F00076A0137277A0147278A0157279A0167257
:103200007AA017727BA018727CA019727DA01A7226
:103210007EA01B7280A01C7281A01D72DFEC1E724A
:1032200082A01F7283A0207284A0217285A02272C6
:1032300086A0237287A0247288A0257289A0267296
:103240008AA027728BA02872E0EC29728CA02A72C7
:10325000A6D72B728DA02C72C0C52D728EA02E7297
:103260008FA02F7290A03072BCEB3172AEB0327270
:1032700091A0337292A0347293A03572F4BE36726C
:10328000B8B83772AFD23872D6B03972F9B53A726F
:1032900094A03B72B3D83C7295A03D72ACCB3E7209
:1032A00096A03F72DDE3407297A0417298A04272EF
:1032B00099A043729AA044729BA045729CA046724A
:1032C0009DA04772ACC64872E6B049729EA04A7291
:1032D0009FA04B72A0A04C72C6C54D72B9EB4E7246
:1032E000A1A04F72A2A05072A3A05172A4A05272CA
:1032F000BAEB5372A5A05472A6A05572A7A056723D
:10330000BBEB5772A8A05872A9A05972C0D15A72CB
:10331000AAA05B72A3C55C72ABA05D72F2EA5E729A
:10332000ACA05F72B2C46072ADA06172B5C46272CB
:10333000CEC06372AEA06472AFA06572B0A06672B8
:10334000F3EA6772C1C46872B1A06972EFCE6A72A3
:10335000B2A06B72B3A06C72B4A06D72B5A06E72A5
:10336000F0EA6F72F4EA7072B6A07172B7A072726E
:10337000FCC97372B8A07472B9A07572A3C77672D3
:10338000BAA07772BBA07872BCA07972D8CC7A72DE
:10339000FECE7B72BDA07C72BEA07D72BFA07E728D
:1033A000F5EA7F72F6EA8072ACCF8172E7C0827272
:1033B000C0A08372C1A08472F7EA8572C2A086722F
:1033C000C3A08772C4A08872C5A08972C6A08A7281
:1033D000BFB68B72F8EA8C72C7A08D72F9EA8E7252
:1033E000C8A08F72FAEA9072C9A09172CAA09272B4
:1033F000FBEA9372CBA09472CCA09572CDA096728A
:10340000CEA09772CFA09872D0A09972D1A09A72D4
:10341000D2A09B72D3A09C72D4A09D72D5A09E72A4
:10342000D6A09F72F1EAA072D7A0A172D8A0A27212
:10343000D9A0A372DAA0A472DBA0A572DCA0A67248
:10344000DDA0A772DEA0A872DFA0A972E0A0AA7218
:10345000E1A0AB72E2A0AC72AEC8AD72EBE1AE72AD
:10346000E3A0AF72B8B7B072ECE1B172E4A0B2728F
:10347000E5A0B372E6A0B472EDE1B572E7A0B67252
:10348000B4D7B772EEE1B872EFE1B972CCD3BA72C9
:10349000E8A0BB72E9A0BC72EAA0BD72EBA0BE724C
:1034A000ECA0BF72EDA0C072EEA0C172F1E1C272D9
:1034B000F1BFC372F0E1C472D2B5C572EFA0C6729B
:1034C000F0A0C772F1A0C872B7B1C972F2A0CA72F7
:1034D000F3A0CB72F4A0CC72F5A0CD72F3E1CE7262
:1034E000F2E1CF72F6A0D072FCBAD172F7A0D2721C
:1034F000F4E1D372F8A0D472F9A0D572FAA0D67212
:10350000FBA0D772B7B9D872FCA0D972D1BEDA725B
:10351000FDA0DB72FEA0DC7240AADD7241AADE7261
:10352000FCC4DF7242AAE072DDBAE172C6BDE2728B
:1035300043AAE37244AAE47245AAE57246AAE67277
:1035400047AAE77248AAE872F5E1E972F7E1EA7280
:1035500049AAEB724AAAEC72C0B6ED72C1CFEE7204
:10356000A8CAEF72F6E1F072F8D5F172FCD3F272EC
:10357000F8E1F372FCE1F472F9E1F5724BAAF6722C
:103580004CAAF772FAE1F872EAC0F9724DAAFA721F
:10359000FEE1FB72A1E2FC72C7C0FD724EAAFE7290
:1035A0004FAAFF7250AA007351AA0173FBE1027384
:1035B00052AA0373FDE1047353AA057354AA067358
:1035C00055AA077356AA087357AA097358AA0A730B
:1035D000A5E20B7359AA0C735AAA0D735BAA0E735A
:1035E000D4C10F735CAA10735DAA11735EAA127323
:1035F0005FAA1373A3E2147360AA1573A8E216738B
:10360000FEB21773A2E2187361AA197362AA1A7341
:1036100063AA1B73CDC31C73C2B21D73A7E21E73D2
:10362000A6E21F7364AA207365AA2173A4E2227321
:10363000A9E2237366AA247367AA2573ABE22673F3
:1036400068AA277369AA28736AAA2973C9D02A733A
:10365000EDD62B73A8C32C73ACE22D736BAA2E731B
:10366000D7CF2F736CAA30736DAA3173AEE2327369
:103670006EAA33736FAA3473EFBA357370AA3673B8
:1036800071AA3773E0E93873ADE23973AAE23A738D
:1036900072AA3B7373AA3C7374AA3D7375AA3E73F6
:1036A000ABBB3F73B3D4407376AA417377AA42731E
:1036B00078AA437379AA44737AAA45737BAA46739E
:1036C0007CAA47737DAA48737EAA497380AA4A736D
:1036D00081AA4B7382AA4C7383AA4D73B0E24E73D6
:1036E00084AA4F7385AA5073AFE2517386AA5273AE
:1036F000E1E9537387AA547388AA557389AA56734C
:103700008AAA5773B1E258738BAA59738CAA5A7359
:103710008DAA5B738EAA5C738FAA5D7390AA5E7389
:1037200091AA5F7392AA6073B2E2617393AA627303
:1037300094AA637395AA647396AA657397AA66732D
:1037400098AA677399AA68739AAA69739BAA6A73FD
:103750009CAA6B739DAA6C73B3E26D73A1CC6E735C
:103760009EAA6F73B4E270739FAA7173A0AA72735A
:1037700040AB737341AB747342AB757343AB7673F9
:1037800044AB777345AB787346AB797347AB7A73C9
:1037900048AB7B7349AB7C734AAB7D734BAB7E7399
:1037A000B5E27F734CAB80734DAB81734EAB8273CC
:1037B0004FAB837350AB8473FED0857351AB86736C
:1037C00052AB8773CAC2887353AB8973F1D38A73C0
:1037D00054AB8B73F5CD8C7355AB8D7356AB8E7329
:1037E000E0E78F7357AB907358AB9173E1E7927337
:1037F00059AB93735AAB94735BAB95735CAB967395
:10380000C1BE97735DAB98735EAB99735FAB9A73F0
:1038100060AB9B73EAC29C7361AB9D7362AB9E739A
:1038200063AB9F73E4E7A07364ABA17365ABA27352
:10383000E3E7A37366ABA47367ABA57368ABA6732A
:1038400069ABA7736AABA8736BABA973E6CDAA7318
:103850006CABAB73B5C3AC736DABAD736EABAE732A
:10386000E2E7AF73B7BBB073D6CFB1736FABB273D0
:10387000E1C1B373E9E7B47370ABB57371ABB67301
:1038800072ABB773E8E7B87373ABB97374ABBA7361
:10389000F4E7BB73A3B2BC7375ABBD7376ABBE73F9
:1038A00077ABBF7378ABC073EAE7C17379ABC27310
:1038B000E6E7C3737AABC4737BABC5737CABC673EB
:1038C0007DABC7737EABC873ECE7C973EBE7CA7314
:1038D000BAC9CB7380ABCC7381ABCD73E4D5CE7357
:1038E00082ABCF73E5E7D073A9B7D173E7E7D273A3
:1038F00083ABD37384ABD47385ABD57386ABD673EC
:1039000087ABD77388ABD87389ABD973EEE7DA731B
:103910008AABDB738BABDC738CABDD738DABDE738F
:10392000F3E7DF738EABE073E9D6E1738FABE2733D
:1039300090ABE37391ABE47392ABE573EDE7E673A1
:1039400093ABE773F2E7E87394ABE973F1E7EA73DB
:1039500095ABEB7396ABEC7397ABED73E0B0EE7396
:1039600098ABEF7399ABF0739AABF1739BABF273B7
:10397000F5E7F3739CABF4739DABF5739EABF673F5
:103980009FABF773A0ABF87340ACF97341ACFA731B
:1039900042ACFB7343ACFC7344ACFD7345ACFE73AB
:1039A00046ACFF7347AC007448AC017449AC027478
:1039B0004AAC0374F2C704744BAC0574C5C00674FA
:1039C000EDC007744CAC08744DAC0974F0C10A74B6
:1039D000F0E70B744EAC0C744FAC0D7450AC0E741D
:1039E00051AC0F74F6E71074F6CB117452AC12742C
:1039F00053AC137454AC147455AC157456AC1674A3
:103A000057AC177458AC187459AC19745AAC1A7472
:103A1000A2E81B74A1E81C745BAC1D745CAC1E7442
:103A20005DAC1F745EAC20745FAC217460AC22741A
:103A3000C1D7237461AC247462AC2574FAE7267490
:103A4000F9E7277463AC2874FBE7297464AC2A7423
:103A5000F7E72B7465AC2C74FEE72D7466AC2E74FE
:103A6000FDE72F7467AC3074FCE7317468AC3274D6
:103A700069AC3374D5C13474D9C73574FDC5367497
:103A8000C3C537746AAC38746BAC39746CAC3A74B7
:103A90006DAC3B746EAC3C74EDC73D746FAC3E7462
:103AA00070AC3F7471AC407472AC4174A3E8427462
:103AB00073AC437474AC447475AC457476AC4674A2
:103AC00077AC477478AC487479AC49747AAC4A7472
:103AD0007BAC4B747CAC4C747DAC4D747EAC4E7442
:103AE00080AC4F7481AC507482AC517483AC52740E
:103AF00084AC537485AC547486AC5574A6E8567483
:103B000087AC5774A5E8587488AC5974A7E85A7400
:103B1000F7BA5B74F8E75C74A4E85D7489AC5E7412
:103B2000F0C85F74AAC960748AAC61748BAC6274AB
:103B30008CAC63748DAC64748EAC65748FAC66743D
:103B400090AC677491AC687492AC697493AC6A740D
:103B500094AC6B7495AC6C7496AC6D74A9E86E748F
:103B600097AC6F7498AC7074E5B9717499AC727459
:103B70009AAC73749BAC74749CAC75749DAC767485
:103B8000FED17774A8E878749EAC79749FAC7A748F
:103B9000A0AC7B7440AD7C7441AD7D7442AD7E744D
:103BA000AAE87F7443AD8074ADE88174AEE8827496
:103BB00044AD8374A7C1847445AD857446AD8674E5
:103BC00047AD8774AFE8887448AD897449AD8A748D
:103BD0004AAD8B74B0E88C744BAD8D744CAD8E7463
:103BE000ACE88F744DAD9074B4E891744EAD92749E
:103BF0004FAD937450AD947451AD957452AD9674AD
:103C000053AD977454AD987455AD997456AD9A747C
:103C100057AD9B7458AD9C74ABE89D7459AD9E74C0
:103C2000B1E89F745AADA0745BADA1745CADA27491
:103C30005DADA3745EADA4745FADA57460ADA674F4
:103C400061ADA774B5E8A874B2E8A974B3E8AA7422
:103C500062ADAB7463ADAC7464ADAD7465ADAE74A0
:103C600066ADAF7467ADB07468ADB17469ADB27470
:103C70006AADB3746BADB4746CADB5746DADB67440
:103C80006EADB7746FADB87470ADB97471ADBA7410
:103C9000B7E8BB7472ADBC7473ADBD7474ADBE7463
:103CA00075ADBF7476ADC07477ADC17478ADC274B4
:103CB00079ADC3747AADC4747BADC5747CADC67484
:103CC0007DADC7747EADC87480ADC97481ADCA7452
:103CD00082ADCB7483ADCC7484ADCD7485ADCE7420
:103CE00086ADCF7487ADD07488ADD17489ADD274F0
:103CF000B6E8D3748AADD4748BADD5748CADD6745C
:103D00008DADD7748EADD8748FADD97490ADDA7493
:103D100091ADDB7492ADDC74CFB9DD7493ADDE741C
:103D2000ACF0DF7494ADE074ADF0E17495ADE27485
:103D3000B0C6E374EAB0E474BFC8E57496ADE67447
:103D4000DFCDE77497ADE87498ADE97499ADEA7486
:103D50009AADEB749BADEC749CADED749DADEE74BF
:103D6000CDCEEF74B1EAF0749EADF1749FADF274F4
:103D7000A0ADF37440AEF474B2EAF57441AEF674DB
:103D8000BFC6F774C9B4F87442AEF97443AEFA749E
:103D900044AEFB7445AEFC7446AEFD7447AEFE7493
:103DA00048AEFF74B3EA007549AE01754AAE0275BC
:103DB0004BAE03754CAE0475E7D505754DAE067573
:103DC0004EAE07754FAE087550AE097551AE0A7507
:103DD00052AE0B7553AE0C7554AE0D75F9DD0E7504
:103DE00055AE0F75B4EA107556AE1175B5EA127579
:103DF00057AE1375B6EA147558AE157559AE1675EB
:103E00005AAE17755BAE1875CAB81975B0DF1A755A
:103E1000F5C91B755CAE1C75F0CC1D755DAE1E75CD
:103E20005EAE1F75FAC920755FAE217560AE227552
:103E300061AE237562AE247563AE2575FBC9267528
:103E400064AE277565AE2875C3D32975A6CB2A75D0
:103E500066AE2B75A6B82C75AEF02D75C2B12E7559
:103E600067AE2F75B8E53075EFCC3175C9D33275B3
:103E7000D7BC3375EAC9347568AE3575E7B53675A4
:103E800069AE3775D0C43875E9B539756AAE3A751B
:103E9000AEEE3B75ADBB3C756BAE3D756CAE3E7525
:103EA000DEE73F756DAE4075AFEE41756EAE4275A3
:103EB0006FAE437570AE447571AE4575A9B3467566
:103EC00072AE477573AE4875B2EE497574AE4A75F9
:103ED00075AE4B75B1EE4C75E7BD4D7576AE4E7552
:103EE000B0EE4F75B7CE507577AE517578AE52754E
:103EF00079AE53757AAE5475CFC555757BAE567590
:103F00007CAE57757DAE58757EAE5975F4C15A7545
:103F1000CEDB5B75B3EE5C75F3D05D7580AE5E7520
:103F200081AE5F7582AE607583AE617584AE627579
:103F300085AE637586AE647587AE6575D4C26675E9
:103F4000E8C6677588AE687589AE69758AAE6A75A8
:103F5000ACB76B758BAE6C758CAE6D758DAE6E75CA
:103F60008EAE6F758FAE707590AE717591AE7275C5
:103F7000B4EE737592AE7475EBB3757593AE7675DA
:103F800094AE777595AE7875FBBB7975B5EE7A759D
:103F900096AE7B7597AE7C7598AE7D7599AE7E7545
:103FA0009AAE7F75DCE780759BAE81759CAE82759D
:103FB0009DAE8375B6EE84759EAE85759FAE867593
:103FC000AEBD8775A0AE887540AF897541AF8A7563
:103FD00042AF8B75E2F18C7543AF8D7544AF8E7532
:103FE00045AF8F75E8CA907546AF9175C9D2927585
:103FF000DAF0937547AF9475DBF0957548AF967519
:10400000DCF09775C6C1987549AF9975EDB89A758A
:10401000CEBE9B754AAF9C754BAF9D75DEF09E750D
:104020004CAF9F75B1C5A075DDF0A175F1D1A2753A
:104030004DAFA375E0F0A475CCB0A575EABDA6752B
:104040004EAFA7754FAFA87550AFA97551AFAA7500
:1040500052AFAB75DFD2AC75DFF0AD7553AFAE7557
:10406000AFB4AF75E8B7B075E6F0B175E5F0B2750D
:10407000A3C6B375E1F0B475E2F0B575C3B4B67517
:1040800054AFB77555AFB875E3F0B975EED5BA75DD
:1040900056AFBB7557AFBC75DBCCBD75D2BEBE7518
:1040A000B2BCBF7558AFC07559AFC1755AAFC275B4
:1040B000E8F0C375E7F0C475E4F0C575A1B2C67544
:1040C0005BAFC775A2D6C875B8D3C975B7BECA7578
:1040D000ACC8CB755CAFCC755DAFCD75EAF0CE7575
:1040E0005EAFCF755FAFD07560AFD17561AFD27580
:1040F000F7D1D37562AFD475CCD6D575DBBAD6758A
:10410000E9F0D77563AFD875BBB6D97564AFDA750A
:1041100065AFDB75B4CDDC7566AFDD7567AFDE7599
:10412000A6C6DF7568AFE07569AFE1756AAFE27585
:10413000A1C1E375EBF0E475EEF0E5756BAFE675E4
:10414000EDF0E775F0F0E875ECF0E9756CAFEA7545
:10415000BEBBEB75EFF0EC756DAFED756EAFEE7548
:104160006FAFEF7570AFF075B5CCF175F2F0F27519
:1041700071AFF37572AFF475D5B3F57573AFF675AE
:1041800074AFF77575AFF87576AFF975D4B1FA7588
:1041900077AFFB7578AFFC75F3F0FD7579AFFE7501
:1041A0007AAFFF75F4F00076F6F00176E1B40276AE
:1041B0007BAF0376F1F004767CAF0576F7F00676F8
:1041C0007DAF07767EAF087680AF097681AF0A763D
:1041D000FAF00B7682AF0C76F8F00D7683AF0E76A0
:1041E00084AF0F7685AF1076F5F0117686AF127634
:1041F00087AF137688AF147689AF1576FDF0167603
:104200008AAF1776F9F01876FCF01976FEF01A7678
:104210008BAF1B76A1F11C768CAF1D768DAF1E7611
:104220008EAF1F76C1CE2076A4F121768FAF227695
:10423000A3F1237690AF2476F6C12576FBF026769F
:10424000DDCA277691AF287692AF2976F1B42A7627
:10425000F1B12B76B1CC2C7693AF2D76A6F12E76DC
:1042600094AF2F7695AF3076A7F1317696AF327650
:1042700097AF3376ACF13476CED53576A9F1367674
:1042800098AF377699AF3876B3C839769AAF3A7621
:104290009BAF3B769CAF3C76A2F13D769DAF3E76E0
:1042A000ABF13F76A8F14076A5F141769EAF42761C
:1042B0009FAF4376AAF14476A0AF457640B04676EC
:1042C00041B0477642B0487643B0497644B04A762A
:1042D00045B04B7646B04C76A9B04D76ADF14E76F2
:1042E00047B04F7648B0507649B051764AB05276D2
:1042F0004BB053764CB05476AFF155764DB0567600
:10430000B1F157764EB058764FB0597650B05A76D4
:1043100051B05B7652B05C76B0F15D7653B05E76AC
:10432000AEF15F7654B0607655B0617656B0627685
:1043300057B06376A2D1647658B0657659B0667688
:104340005AB067765BB068765CB069765DB06A76C5
:104350005EB06B76B2F16C765FB06D7660B06E7603
:1043600061B06F76B3F1707662B0717663B07276D9
:1043700064B0737665B0747666B0757667B076763D
:1043800068B0777669B07876EFB979766AB07A7680
:104390006BB07B76C7B57C766CB07D76D7B07E7619
:1043A000D9B07F766DB080766EB081766FB0827650
:1043B000EDD4837670B08476C4B5857671B0867698
:1043C000D4BD8776CABB8876A7F0897672B08A7624
:1043D00073B08B76DEB88C7674B08D7675B08E76D1
:1043E000A8F08F7676B0907677B09176A8B0927676
:1043F00078B09376A9F0947679B095767AB096767F
:10440000EECD97767BB098767CB09976AAF09A76C6
:104410007DB09B767EB09C7680B09D7681B09E7696
:1044200082B09F7683B0A07684B0A17685B0A27664
:1044300086B0A37687B0A476ABF0A57688B0A676D2
:1044400089B0A7768AB0A8768BB0A9768CB0AA7608
:104450008DB0AB768EB0AC768FB0AD7690B0AE76D8
:10446000A4C6AF7691B0B07692B0B176E5D6B2760A
:10447000E4F1B37693B0B476E5F1B57694B0B67660
:1044800095B0B77696B0B87697B0B97698B0BA7658
:1044900099B0BB769AB0BC769BB0BD769CB0BE7628
:1044A0009DB0BF76F3C3C0769EB0C1769FB0C27692
:1044B000DBD3C376A0B0C47640B1C576D1D6C6767C
:1044C000E8C5C77641B1C876AFD3C97642B1CA76DE
:1044D000E6D2CB7643B1CC7644B1CD76C1EECE7682
:1044E000BBB0CF76B5D5D076CED1D176E0BCD27682
:1044F000D0BAD37645B1D476F8BFD57646B1D67664
:10450000C7B8D776C1B5D876CCC5D97647B1DA76F3
:1045100048B1DB76A2CADC7649B1DD764AB1DE76F7
:104520004BB1DF76CBC3E0764CB1E1764DB1E276AC
:104530004EB1E3764FB1E47650B1E576C2EEE67661
:1045400051B1E77652B1E87653B1E97654B1EA76E3
:1045500055B1EB7656B1EC7657B1ED7658B1EE76B3
:10456000BFC4EF76A2B6F07659B1F176ECEDF276F3
:10457000A4C3F3765AB1F476B1D6F5765BB1F6768C
:104580005CB1F7765DB1F876E0CFF976EFEDFA76CB
:104590005EB1FB765FB1FC76CEC5FD7660B1FE768E
:1045A000DCB6FF7661B1007762B10177A1CA02770C
:1045B00063B1037764B10477EDED057765B10677F4
:1045C00066B10777F0ED0877F1ED0977BCC30A779C
:1045D00067B10B77B4BF0C7768B10D77EEED0E774E
:1045E00069B10F776AB110776BB111776CB112773F
:1045F0006DB113776EB114776FB1157770B116770F
:1046000071B1177772B1187773B11977F4ED1A7722
:10461000F2ED1B7774B11C7775B11D7776B11E77FB
:1046200077B11F77E6D52077DFC3217778B122777E
:10463000F3ED237779B124777AB125777BB12677AB
:10464000F6ED27777CB12877A3D52977A3D12A77F0
:104650007DB12B777EB12C7780B12D77F5ED2E775C
:1046600081B12F77D0C3307782B1317783B1327780
:1046700084B1337785B1347786B13577F7ED367706
:10468000F4BF3777ECBE3877F8ED397787B13A77F2
:10469000F7CC3B7788B13C77DBD13D7789B13E776A
:1046A0008AB13F778BB14077C5D74177F6D542774E
:1046B0008CB14377FCED44778DB145778EB1467769
:1046C0008FB14777FBED487790B1497791B14A7741
:1046D00092B14B7793B14C7794B14D7795B14E77BA
:1046E00096B14F7797B15077F9ED5177FAED527750
:1046F00098B1537799B154779AB155779BB1567762
:104700009CB157779DB158779EB159779FB15A7731
:10471000FDED5B77A6BE5C77A0B15D7740B25E77BA
:1047200041B25F7742B2607743B26177AFCB6277D5
:10473000A1EE6377BDB6647744B26577A2EE667783
:10474000C0C4677745B26877FEED697746B26A778D
:1047500047B26B77DEBD6C77C7B26D7748B26E77C4
:1047600049B26F774AB270774BB271774CB27277B9
:104770004DB273774EB274774FB2757750B2767789
:1047800051B2777752B2787753B27977C3B67A77E6
:1047900054B27B7755B27C7756B27D77A5EE7E77A3
:1047A000BAD87F77A3EE8077A6EE817757B282776B
:1047B00058B2837759B28477E9C38577F2B38677A5
:1047C0005AB287775BB288775CB289775DB28A77B5
:1047D0005EB28B775FB28C77A7EE8D77A4EE8E7783
:1047E000B9CF8F7760B2907761B29177A8EE927768
:1047F000F7C2937762B2947763B2957764B2967793
:1048000065B2977766B2987767B2997768B29A7708
:1048100069B29B776AB29C776BB29D776CB29E77D8
:104820006DB29F77A9EEA077AAEEA1776EB2A277BC
:10483000ABDEA3776FB2A47770B2A577B3C6A677C5
:1048400071B2A777C6C7A87772B2A977F5D6AA774B
:10485000C9B5AB7773B2AC77B2CBAD7774B2AE7784
:1048600075B2AF7776B2B077ABEEB17777B2B27799
:1048700078B2B377ABCDB47779B2B577ACEEB67723
:104880007AB2B7777BB2B8777CB2B9777DB2BA77B4
:104890007EB2BB77B0D5BC7780B2BD77ADEEBE77C8
:1048A00081B2BF77C4F6C07782B2C17783B2C277D4
:1048B00084B2C37785B2C47786B2C57787B2C6772C
:1048C00088B2C77789B2C8778AB2C9778BB2CA77FC
:1048D0008CB2CB778DB2CC778EB2CD77C7DBCE776B
:1048E0008FB2CF7790B2D07791B2D17792B2D277A0
:1048F00093B2D37794B2D47795B2D57796B2D67770
:1049000097B2D777A3B4D87798B2D97799B2DA7734
:104910009AB2DB77ACC3DC77E6F1DD779BB2DE776A
:104920009CB2DF779DB2E0779EB2E1779FB2E277EB
:10493000B8CAE377D3D2E477A0B2E577AAD6E67710
:1049400040B3E777F2EFE87741B3E977D8BEEA778B
:1049500042B3EB77C3BDEC77F3EFED77CCB6EE77F0
:10496000ABB0EF7743B3F07744B3F17745B3F27769
:1049700046B3F377AFCAF47747B3F57748B3F67722
:10498000B6EDF77749B3F877B7EDF9774AB3FA7729
:104990004BB3FB774CB3FC774DB3FD77F9CEFE7785
:1049A000AFB7FF77F3BF0078B8ED0178EBC20278BC
:1049B000B0C903784EB304784FB3057850B3067886
:1049C00051B3077852B3087853B30978B9ED0A7830
:1049D00054B30B7855B30C78F6C60D78B3BF0E7888
:1049E00056B30F7857B3107858B31178BCED1278DE
:1049F000F8C5137859B31478D0D115785AB316780E
:104A0000A9D71778BAED1878BBED19785BB31A7887
:104A1000E2D11B785CB31C78BFED1D78C0ED1E7829
:104A20005DB31F78C4ED20785EB321785FB3227840
:104A300060B32378C8ED247861B32578C6ED267875
:104A4000CEED2778E8D5287862B32978C9ED2A78A1
:104A500063B32B7864B32C78C7ED2D78BEED2E7838
:104A600065B32F7866B33078E9C5317867B33278AB
:104A700068B3337869B33478C6C635786AB33678A4
:104A80006BB33778E9C93878D2D43978C1ED3A7840
:104A9000C2ED3B78C3ED3C78C5ED3D786CB33E7814
:104AA000F9C03F786DB34078A1B441786EB34278D5
:104AB0006FB3437870B3447871B34578E8B94678FA
:104AC00072B34778D0ED487873B3497874B34A78B5
:104AD00075B34B7876B34C78D1ED4D7877B34E788B
:104AE000CAED4F7878B35078CFED517879B35278DA
:104AF000F8CE53787AB354787BB35578B6CB5678E2
:104B0000CCED5778CDED58787CB359787DB35A7891
:104B10007EB35B7880B35C7881B35D78F5CF5E78E7
:104B200082B35F7883B3607884B3617885B3627849
:104B300086B3637887B3647888B3657889B3667819
:104B40008AB367788BB368788CB369788DB36A78E9
:104B5000D2ED6B78F2C16C78B2D36D78CBED6E7814
:104B6000B7C86F788EB370788FB3717890B372785E
:104B700091B3737892B3747893B3757894B376786D
:104B800095B37778EFBC787896B3797897B37A78DD
:104B900098B37B7899B37C78F0C57D789AB37E78AA
:104BA0009BB37F789CB380789DB381789EB38278E5
:104BB0009FB38378A0B3847840B4857841B4867875
:104BC00042B48778D6ED887843B48978EFB58A788F
:104BD00044B48B7845B48C78B5C28D78ADB08E78FE
:104BE000E9CB8F7846B4907847B49178AEB192789B
:104BF00048B49378D4ED947849B495784AB49678CB
:104C00004BB49778EBCD9878E2B599784CB49A7814
:104C1000D5ED9B78D3ED9C78D7ED9D784DB49E78FB
:104C20004EB49F78FAB5A0784FB4A178D8EDA278A9
:104C300050B4A378D9EDA47851B4A578DCEDA6786A
:104C400052B4A778CCB1A87853B4A97854B4AA7850
:104C500055B4AB7856B4AC7857B4AD7858B4AE7898
:104C600059B4AF785AB4B078F6C5B178EEBCB27822
:104C7000DAEDB378BCCCB478EAB2B5785BB4B67888
:104C80005CB4B7785DB4B8785EB4B978DBEDBA7867
:104C90005FB4BB7860B4BC7861B4BD7862B4BE78F0
:104CA000EBC4BF7863B4C07864B4C178C5B4C278CB
:104CB00065B4C37866B4C47867B4C578F5B0C6780F
:104CC00068B4C77869B4C8786AB4C978DFEDCA78BF
:104CD000DAC0CB78E8B4CC786BB4CD786CB4CE784D
:104CE0006DB4CF786EB4D078CDC5D1786FB4D278AA
:104CF00070B4D37871B4D478DDEDD578C4BFD678EC
:104D000072B4D77873B4D87874B4D978DEEDDA7821
:104D100075B4DB7876B4DC7877B4DD7878B4DE7897
:104D200079B4DF787AB4E0787BB4E1787CB4E27867
:104D30007DB4E3787EB4E47880B4E57881B4E67835
:104D400082B4E77883B4E878A5C4E97884B4EA78D3
:104D500085B4EB7886B4EC78E0EDED7887B4EE7846
:104D600088B4EF7889B4F0788AB4F1788BB4F278AB
:104D7000E1EDF3788CB4F478E3EDF5788DB4F67862
:104D80008EB4F778D7C1F8788FB4F97890B4FA7800
:104D9000C7BBFB7891B4FC7892B4FD7893B4FE78ED
:104DA00094B4FF7895B4007996B40179B8BD0279CE
:104DB00097B4037998B4047999B40579E2ED06794A
:104DC0009AB407799BB408799CB409799DB40A799F
:104DD0009EB40B799FB40C79A0B40D7940B50E79CF
:104DE00041B50F7942B5107943B5117944B51279BF
:104DF00045B51379E4ED147946B5157947B51679BB
:104E000048B5177949B518794AB519794BB51A7962
:104E10004CB51B794DB51C794EB51D794FB51E7932
:104E2000E6ED1F7950B5207951B5217952B5227937
:104E300053B5237954B52479E5ED257955B526790F
:104E400056B5277957B5287958B5297959B52A79AA
:104E50005AB52B795BB52C795CB52D795DB52E797A
:104E60005EB52F795FB5307960B5317961B532794A
:104E700062B5337963B53479E7ED357964B5367960
:104E800065B5377966B5387967B5397968B53A79EE
:104E9000BECA3B79EAEC3C79F1C03D7969B53E790F
:104EA000E7C93F796AB54079EBEC4179EEC64279C2
:104EB0006BB543796CB544796DB545796EB5467976
:104EC000ECEC47796FB54879EDC64979EDEC4A7954
:104ED00070B54B7971B54C7972B54D7973B54E7922
:104EE00074B54F7975B5507976B5517977B55279F2
:104EF00078B55379F0EC547979B555797AB5567916
:104F0000E6D75779F3EC58797BB559797CB55A795E
:104F1000F1EC5B79EEEC5C79EFEC5D79A3D75E792F
:104F2000F1C95F79EECB6079F4EC61797DB5627996
:104F3000F2EC63797EB5647980B56579E9CF6679FD
:104F400081B56779F6EC6879B1C6697982B56A7915
:104F500083B56B7984B56C7985B56D79C0BC6E7994
:104F600086B56F79F5EC707987B5717988B5727906
:104F700089B573798AB574798BB575798CB576797D
:104F80008DB57779BBB57879F6BB79798EB57A79B5
:104F9000F7EC7B798FB57C7990B57D7991B57E7989
:104FA00092B57F7993B58079F7D98179FBBD827904
:104FB00094B5837995B58479BBC28579F8EC867907
:104FC00096B5877997B5887998B5897999B58A79A9
:104FD000F9EC8B799AB58C799BB58D799CB58E79E6
:104FE0009DB58F79A3B890799EB591799FB5927947
:104FF000A0B5937940B6947941B6957942B6967941
:1050000043B6977944B6987945B6997946B69A7970
:10501000FAEC9B7947B69C7948B69D7949B69E795A
:105020004AB69F794BB6A0794CB6A1794DB6A27914
:105030004EB6A3794FB6A47950B6A57951B6A679E4
:1050400052B6A779FBECA87953B6A97954B6AA79D8
:1050500055B6AB7956B6AC7957B6AD7958B6AE7988
:1050600059B6AF795AB6B0795BB6B1795CB6B27958
:105070005DB6B379FCECB4795EB6B5795FB6B67956
:1050800060B6B77961B6B87962B6B979EDD3BA7955
:10509000AED8BB79EBC0BC7963B6BD79DDC7BE794C
:1050A000CCBABF7964B6C079E3D0C179BDCBC2793F
:1050B00065B6C379BACDC47966B6C57967B6C6791F
:1050C000D1B8C77968B6C87969B6C979FCB1CA7967
:1050D0006AB6CB79EFC7CC796BB6CD79D6D6CE7917
:1050E0006CB6CF796DB6D0796EB6D179C6BFD279AC
:1050F000EBC3D3796FB6D47970B6D579F5EFD6799D
:1051000071B6D77972B6D879D8C3D97973B6DA7946
:1051100074B6DB7975B6DC7976B6DD7977B6DE798B
:1051200078B6DF79E2D7E07979B6E1797AB6E279D3
:105130007BB6E379F7EFE479D3B3E5797CB6E6792A
:10514000D8C7E779EDD1E8797DB6E979C8D6EA79AB
:105150007EB6EB79F8EFEC7980B6ED79F6EFEE7983
:1051600081B6EF79FDBBF079C6B3F17982B6F279F9
:1051700083B6F37984B6F47985B6F57986B6F6798F
:1051800087B6F77988B6F879D5BDF97989B6FA790D
:105190008AB6FB79C6D2FC798BB6FD79E0BBFE7985
:1051A0008CB6FF798DB6007AA1CF017A8EB6027ADD
:1051B000FCEF037AFBEF047A8FB6057A90B6067A95
:1051C000F9EF077A91B6087A92B6097A93B60A7A15
:1051D00094B60B7ACCB30C7A95B60D7AD4C90E7A04
:1051E000B0CB0F7A96B6107A97B6117A98B6127A33
:1051F00099B6137A9AB6147AFEEF157A9BB6167A98
:105200009CB6177ADEB0187A9DB6197A9EB61A7ACD
:10521000C9D61B7A9FB61C7AA0B61D7A40B71E7AF3
:10522000FDEF1F7A41B7207AEDB3217A42B7227A97
:1052300043B7237AD5F6247A44B7257A45B7267A38
:1052400046B7277A47B7287A48B7297A49B72A7ADA
:105250004AB72B7A4BB72C7A4CB72D7A4DB72E7AAA
:105260004EB72F7A4FB7307A50B7317A51B7327A7A
:1052700052B7337AC8CE347A53B7357A54B7367AC0
:1052800055B7377AA2F0387A56B7397AA1F03A7A18
:1052900057B73B7ABEB53C7ADABC3D7AFCBB3E7A66
:1052A00058B73F7AE5B8407A59B7417A5AB7427A47
:1052B0005BB7437A5CB7447A5DB7457A5EB7467AA6
:1052C000C2C4477A5FB7487A60B7497A61B74A7A09
:1052D00062B74B7A63B74C7A64B74D7A65B74E7A4A
:1052E00066B74F7A67B7507A68B7517AA3F0527AA7
:1052F00069B7537A6AB7547A6BB7557A6CB7567AEE
:105300006DB7577AEBCB587A6EB7597A6FB75A7A2E
:1053100070B75B7A71B75C7A72B75D7A73B75E7A91
:1053200074B75F7A75B7607A76B7617A77B7627A61
:1053300078B7637A79B7647A7AB7657A7BB7667A31
:105340007CB7677A7DB7687A7EB7697A80B76A7A00
:1053500081B76B7A82B76C7A83B76D7A84B76E7ACD
:1053600085B76F7A86B7707AA6F0717A87B7727A46
:1053700088B7737A89B7747AA8D1757A8AB7767A3A
:10538000BFBE777AEEC7787AB6F1797AB7F17A7AD2
:10539000D5BF7B7A8BB77C7A8CB77D7A8DB77E7AD6
:1053A0008EB77F7AA9B4807AB8F1817ABBCD827A40
:1053B0008FB7837AD4C7847AADD5857A90B7867A49
:1053C000B9F1877A91B7887ABAF1897A92B78A7AED
:1053D00093B78B7A94B78C7A95B78D7ACFC78E7A3C
:1053E00096B78F7A97B7907A98B7917AA4D2927A33
:1053F000CFD6937A99B7947A9AB7957ABBF1967A81
:10540000D1BD977AB0B4987ABDBE997A9BB79A7A93
:105410009CB79B7A9DB79C7ADCB49D7AD1CE9E7A5C
:105420009EB79F7ADFBFA07ABDF1A17A9FB7A27A1B
:10543000A0B7A37A40B8A47A41B8A57AFABFA67AF1
:10544000BCF1A77A42B8A87ABFF1A97A43B8AA7A80
:1054500044B8AB7A45B8AC7ABEF1AD7AC0F1AE7A59
:1054600046B8AF7A47B8B07A48B8B17A49B8B27A94
:105470004AB8B37AC1F1B47A4BB8B57A4CB8B67AB7
:105480004DB8B77A4EB8B87A4FB8B97A50B8BA7A38
:1054900051B8BB7A52B8BC7A53B8BD7A54B8BE7A08
:1054A00055B8BF7AFEC1C07A56B8C17A57B8C27A29
:1054B00058B8C37A59B8C47A5AB8C57A5BB8C67AAC
:1054C0005CB8C77A5DB8C87A5EB8C97A5FB8CA7A7C
:1054D00060B8CB7AA2C1CC7A61B8CD7A62B8CE7A04
:1054E00063B8CF7A64B8D07A65B8D17A66B8D27A20
:1054F00067B8D37A68B8D47A69B8D57A6AB8D67AF0
:10550000FACAD77A6BB8D87A6CB8D97ABED5DA7AB3
:105510006DB8DB7A6EB8DC7A6FB8DD7A70B8DE7A97
:10552000BABEDF7AB9BEE07AC2D5E17A71B8E27A62
:1055300072B8E37AA2BFE47A73B8E57AAFCDE67ABF
:10554000B5F1E77A74B8E87A75B8E97A76B8EA7AA4
:1055500077B8EB7A78B8EC7A79B8ED7ADFBDEE7A85
:105560007AB8EF7ACBB6F07A7BB8F17A7CB8F27A77
:105570007DB8F37A7EB8F47A80B8F57A81B8F67A95
:1055800082B8F77A83B8F87A84B8F97AF1D6FA7AD9
:10559000C3F3FB7A85B8FC7A86B8FD7AC4F3FE7A49
:1055A00087B8FF7ACDB8007B88B8017B89B8027BC9
:1055B0008AB8037BC6F3047BC7F3057B8BB8067BF5
:1055C000CAB0077B8CB8087BC5F3097B8DB80A7B12
:1055D000C9F30B7BF1CB0C7B8EB80D7B8FB80E7BA8
:1055E00090B80F7BCBF3107B91B8117BA6D0127BC8
:1055F00092B8137B93B8147BCAB1157BC8F3167BA2
:1056000094B8177B95B8187B96B8197BCFF31A7BA3
:1056100097B81B7BD1B51C7B98B81D7B99B81E7BB6
:10562000D7F31F7B9AB8207BD2F3217B9BB8227BD8
:105630009CB8237B9DB8247BD4F3257BD3F3267BB6
:10564000FBB7277B9EB8287BBFB1297B9FB82A7BFD
:10565000CEF32B7BCAF32C7BDAB52D7BA0B82E7B47
:10566000D0F32F7B40B9307B41B9317BD1F3327B12
:1056700042B9337BD5F3347B43B9357B44B9367BB0
:1056800045B9377B46B9387BCDF3397B47B93A7B8F
:10569000E3BC3B7B48B93C7BFDC13D7B49B93E7BCC
:1056A000D6F33F7B4AB9407B4BB9417B4CB9427B37
:1056B0004DB9437B4EB9447B4FB9457BDAF3467B0A
:1056C00050B9477BCCF3487B51B9497BC8B54A7B7D
:1056D00052B94B7BEEBD4C7BDCF34D7B53B94E7B1B
:1056E00054B94F7BA4B7507BF0BF517BFED6527BA1
:1056F000B2CD537B55B9547BF0B4557B56B9567B2C
:10570000DFB2577B57B9587BD8F3597B58B95A7BCE
:10571000D9F35B7BB8C95C7B59B95D7BDDF35E7BFC
:105720005AB95F7B5BB9607BDEF3617B5CB9627BFE
:10573000E1F3637B5DB9647B5EB9657B5FB9667BD2
:1057400060B9677B61B9687B62B9697B63B96A7B61
:1057500064B96B7B65B96C7B66B96D7B67B96E7B31
:10576000DFF36F7B68B9707B69B9717BE3F3727BA0
:10577000E2F3737B6AB9747B6BB9757BDBF3767B81
:105780006CB9777BEABF787B6DB9797BEFB37A7BB5
:105790006EB97B7BE0F37C7B6FB97D7B70B97E7BE0
:1057A000A9C77F7B71B9807BF2BC817B72B9827B98
:1057B00073B9837B74B9847B75B9857BEBF3867B86
:1057C00076B9877B77B9887B78B9897B79B98A7B09
:1057D0007AB98B7B7BB98C7B7CB98D7BBFB98E7B97
:1057E0007DB98F7B7EB9907BE4F3917B80B9927B0E
:1057F00081B9937B82B9947BADB2957BFEBB967BDE
:1058000083B9977BE3CB987B84B9997B85B99A7BE5
:1058100086B99B7B87B99C7BEDF39D7BE9F39E7BEF
:1058200088B99F7B89B9A07B8AB9A17BDCB9A27BAF
:10583000EEF3A37B8BB9A47B8CB9A57B8DB9A67B3A
:10584000E5F3A77BE6F3A87BEAF3A97BE1C2AA7B99
:10585000ECF3AB7BEFF3AC7BE8F3AD7BFDBCAE7B55
:105860008EB9AF7B8FB9B07B90B9B17BE4CFB27BFF
:1058700091B9B37B92B9B47BF0F3B57B93B9B67BA6
:1058800094B9B77B95B9B87BE7F3B97B96B9BA7B86
:1058900097B9BB7B98B9BC7B99B9BD7B9AB9BE7BE4
:1058A0009BB9BF7B9CB9C07B9DB9C17BF2F3C27B26
:1058B0009EB9C37B9FB9C47BA0B9C57B40BAC67BE8
:1058C000ADD7C77BAAC6C87B41BAC97B42BACA7BDF
:1058D00043BACB7B44BACC7BF3F3CD7B45BACE7BCA
:1058E00046BACF7B47BAD07B48BAD17BF1F3D27BA3
:1058F00049BAD37BA8C2D47B4ABAD57B4BBAD67BF4
:105900004CBAD77B4DBAD87B4EBAD97BDDB8DA7B9F
:10591000F5F3DB7B4FBADC7B50BADD7BF4F3DE7B47
:1059200051BADF7B52BAE07B53BAE17BDBB4E27B56
:1059300054BAE37B55BAE47B56BAE57BF6F3E67BD3
:10594000F7F3E77B57BAE87B58BAE97B59BAEA7BA9
:10595000F8F3EB7B5ABAEC7B5BBAED7B5CBAEE7B7F
:10596000BAC0EF7B5DBAF07B5EBAF17BE9C0F27B37
:105970005FBAF37B60BAF47B61BAF57B62BAF67BFF
:1059800063BAF77BF1C5F87B64BAF97B65BAFA7B39
:1059900066BAFB7B67BAFC7BFBF3FD7B68BAFE7BD8
:1059A000FAF3FF7B69BA007C6ABA017C6BBA027CAD
:1059B0006CBA037C6DBA047C6EBA057C6FBA067C47
:1059C00070BA077CD8B4087C71BA097C72BA0A7CB8
:1059D00073BA0B7CFEF30C7CF9F30D7C74BA0E7C6D
:1059E00075BA0F7CFCF3107C76BA117C77BA127C06
:1059F00078BA137C79BA147C7ABA157C7BBA167C97
:105A0000FDF3177C7CBA187C7DBA197C7EBA1A7CAF
:105A100080BA1B7C81BA1C7C82BA1D7C83BA1E7C36
:105A200084BA1F7CA1F4207C85BA217C86BA227CB2
:105A300087BA237C88BA247C89BA257C8ABA267CDA
:105A4000A3F4277CC9BB287C8BBA297C8CBA2A7C1E
:105A5000A2F42B7C8DBA2C7C8EBA2D7C8FBA2E7C36
:105A600090BA2F7C91BA307C92BA317C93BA327C56
:105A700094BA337C95BA347C96BA357C97BA367C26
:105A800098BA377C99BA387CA4F4397C9ABA3A7CB3
:105A90009BBA3B7C9CBA3C7C9DBA3D7C9EBA3E7CCA
:105AA0009FBA3F7CBEB2407CA6F4417CA5F4427C08
:105AB000A0BA437C40BB447C41BB457C42BB467C96
:105AC00043BB477C44BB487C45BB497C46BB4A7CC6
:105AD00047BB4B7C48BB4C7C49BB4D7CAEBC4E7C31
:105AE0004ABB4F7C4BBB507C4CBB517C4DBB527C6A
:105AF0004EBB537C4FBB547C50BB557C51BB567C3A
:105B000052BB577C53BB587C54BB597C55BB5A7C09
:105B100056BB5B7C57BB5C7C58BB5D7C59BB5E7CD9
:105B20005ABB5F7C5BBB607C5CBB617C5DBB627CA9
:105B30005EBB637C5FBB647C60BB657C61BB667C79
:105B400062BB677C63BB687C64BB697C65BB6A7C49
:105B500066BB6B7C67BB6C7C68BB6D7C69BB6E7C19
:105B60006ABB6F7C6BBB707C6CBB717C6DBB727CE9
:105B70006EBB737CD7C3747CE1D9757C6FBB767CBC
:105B800070BB777C71BB787C72BB797C73BB7A7C91
:105B900074BB7B7CE0C07C7CCCF47D7CD1D77E7CEC
:105BA00075BB7F7C76BB807C77BB817C78BB827C3D
:105BB00079BB837C7ABB847C7BBB857C7CBB867C0D
:105BC0007DBB877C7EBB887C80BB897CDBB78A7C85
:105BD00081BB8B7C82BB8C7C83BB8D7C84BB8E7CAD
:105BE00085BB8F7C86BB907C87BB917CCEF4927CFE
:105BF000A3C1937C88BB947C89BB957CC9C6967CE9
:105C00008ABB977CD6B4987CB3D5997C8BBB9A7CA5
:105C10008CBB9B7C8DBB9C7CD0F49D7CCFF49E7C0C
:105C2000D1F49F7CDACBA07C8EBBA17C8FBBA27C05
:105C3000D2F4A37C90BBA47CC1D4A57CE0D6A67C86
:105C400091BBA77C92BBA87C93BBA97C94BBAA7C8C
:105C5000E0B7AB7C95BBAC7C96BBAD7C97BBAE7C18
:105C6000B8C1AF7C98BBB07C99BBB17CBBC1B27CE6
:105C7000D3F4B37CACBEB47C9ABBB57C9BBBB67C86
:105C80009CBBB77C9DBBB87C9EBBB97CE2B4BA7CA4
:105C90009FBBBB7CA0BBBC7CD4F4BD7CD5F4BE7CDC
:105CA000ABBEBF7C40BCC07C41BCC17CD6F4C27CD6
:105CB00042BCC37C43BCC47C44BCC57CDBF4C67C16
:105CC00045BCC77CD7F4C87CDAF4C97C46BCCA7C26
:105CD000FDBACB7C47BCCC7CD8F4CD7CD9F4CE7C4F
:105CE00048BCCF7C49BCD07C4ABCD17C4BBCD27C6C
:105CF0004CBCD37C4DBCD47C4EBCD57CE2B8D67CAD
:105D0000C7CCD77CDCF4D87C4FBCD97CDAB2DA7C47
:105D100050BCDB7C51BCDC7CD3C3DD7C52BCDE7C64
:105D200053BCDF7CE3D4E07CB7BFE17C54BCE27CB5
:105D300055BCE37C56BCE47C57BCE57C58BCE67C97
:105D400059BCE77C5ABCE87CDDF4E97C5BBCEA7CAE
:105D50005CBCEB7C5DBCEC7C5EBCED7C5FBCEE7C3B
:105D600060BCEF7CB4C5F07C61BCF17C62BCF27CB1
:105D700063BCF37C64BCF47C65BCF57C66BCF67CDF
:105D800067BCF77C68BCF87CE9F4F97C69BCFA7CF8
:105D90006ABCFB7CB5CFFC7C6BBCFD7C6CBCFE7C28
:105DA0006DBCFF7C6EBC007D6FBC017D70BC027D54
:105DB00071BC037D72BC047D73BC057D74BC067D23
:105DC00075BC077D76BC087D77BC097D78BC0A7DF3
:105DD000C9CE0B7D79BC0C7D7ABC0D7D7BBC0E7D64
:105DE0007CBC0F7D7DBC107D7EBC117D80BC127D96
:105DF00081BC137D82BC147D83BC157D84BC167D63
:105E000085BC177D86BC187D87BC197D88BC1A7D32
:105E100089BC1B7D8ABC1C7D8BBC1D7D8CBC1E7D02
:105E20008DBC1F7D8EBC207DD8CB217D8FBC227D7B
:105E3000F7CB237D90BC247D91BC257D92BC267D33
:105E400093BC277DF4BD287D94BC297D95BC2A7D1B
:105E500096BC2B7DCFD72C7D97BC2D7D98BC2E7DFD
:105E600099BC2F7DDBC0307D9ABC317D9BBC327DDF
:105E70009CBC337D9DBC347D9EBC357D9FBC367DF6
:105E8000A0BC377D40BD387D41BD397D42BD3A7DE6
:105E900043BD3B7D44BD3C7D45BD3D7D46BD3E7D16
:105EA00047BD3F7D48BD407D49BD417D4ABD427DE6
:105EB0004BBD437D4CBD447D4DBD457D4EBD467DB6
:105EC0004FBD477D50BD487D51BD497D52BD4A7D86
:105ED00053BD4B7D54BD4C7D55BD4D7D56BD4E7D56
:105EE00057BD4F7D58BD507D59BD517D5ABD527D26
:105EF0005BBD537D5CBD547D5DBD557D5EBD567DF6
:105F00005FBD577D60BD587D61BD597D62BD5A7DC5
:105F100063BD5B7D64BD5C7D65BD5D7D66BD5E7D95
:105F200067BD5F7D68BD607D69BD617D6ABD627D65
:105F30006BBD637D6CBD647D6DBD657D6EBD667D35
:105F40006FBD677D70BD687D71BD697D72BD6A7D05
:105F500073BD6B7D74BD6C7D75BD6D7D76BD6E7DD5
:105F6000F5D06F7D77BD707D78BD717D79BD727D17
:105F70007ABD737D7BBD747D7CBD757D7DBD767D79
:105F80007EBD777DEAF4787D80BD797D81BD7A7DA7
:105F900082BD7B7D83BD7C7D84BD7D7D85BD7E7D19
:105FA00086BD7F7D87BD807D88BD817D89BD827DE9
:105FB0008ABD837D8BBD847D8CBD857D8DBD867DB9
:105FC0008EBD877D8FBD887D90BD897D91BD8A7D89
:105FD00092BD8B7D93BD8C7D94BD8D7D95BD8E7D59
:105FE00096BD8F7D97BD907D98BD917D99BD927D29
:105FF0009ABD937D9BBD947D9CBD957D9DBD967DF9
:106000009EBD977D9FBD987DA0BD997D40BE9A7D28
:1060100041BE9B7D42BE9C7D43BE9D7D44BE9E7D18
:1060200045BE9F7D46BEA07D47BEA17D48BEA27DE8
:1060300049BEA37D4ABEA47D4BBEA57D4CBEA67DB8
:10604000EBF4A77D4DBEA87D4EBEA97D4FBEAA7DB7
:1060500050BEAB7D51BEAC7D52BEAD7D53BEAE7D5C
:10606000ECF4AF7D54BEB07D55BEB17D56BEB27D61
:1060700057BEB37D58BEB47D59BEB57D5ABEB67D00
:106080005BBEB77D5CBEB87D5DBEB97D5EBEBA7DD0
:106090005FBEBB7D60BEBC7D61BEBD7D62BEBE7DA0
:1060A00063BEBF7D64BEC07D65BEC17D66BEC27D70
:1060B00067BEC37D68BEC47D69BEC57D6ABEC67D40
:1060C0006BBEC77D6CBEC87D6DBEC97D6EBECA7D10
:1060D0006FBECB7D70BECC7D71BECD7D72BECE7DE0
:1060E00073BECF7D74BED07D75BED17D76BED27DB0
:1060F00077BED37D78BED47D79BED57D7ABED67D80
:106100007BBED77D7CBED87D7DBED97D7EBEDA7D4F
:1061100080BEDB7D81BEDC7D82BEDD7D83BEDE7D1B
:1061200084BEDF7D85BEE07D86BEE17D87BEE27DEB
:1061300088BEE37D89BEE47D8ABEE57D8BBEE67DBB
:106140008CBEE77D8DBEE87D8EBEE97D8FBEEA7D8B
:1061500090BEEB7D91BEEC7D92BEED7D93BEEE7D5B
:1061600094BEEF7D95BEF07D96BEF17D97BEF27D2B
:1061700098BEF37D99BEF47D9ABEF57D9BBEF67DFB
:106180009CBEF77D9DBEF87D9EBEF97D9FBEFA7DCB
:10619000A0BEFB7D40BFFC7D41BFFD7D42BFFE7DBB
:1061A00043BFFF7D44BF007E45BF017E46BF027EE8
:1061B00047BF037E48BF047E49BF057E4ABF067EB7
:1061C0004BBF077E4CBF087E4DBF097E4EBF0A7E87
:1061D0004FBF0B7E50BF0C7E51BF0D7E52BF0E7E57
:1061E00053BF0F7E54BF107E55BF117E56BF127E27
:1061F00057BF137E58BF147E59BF157E5ABF167EF7
:106200005BBF177E5CBF187E5DBF197E5EBF1A7EC6
:106210005FBF1B7E60BF1C7E61BF1D7E62BF1E7E96
:1062200063BF1F7E64BF207E65BF217E66BF227E66
:1062300067BF237E68BF247E69BF257E6ABF267E36
:106240006BBF277E6CBF287E6DBF297E6EBF2A7E06
:106250006FBF2B7E70BF2C7E71BF2D7E72BF2E7ED6
:1062600073BF2F7E74BF307E75BF317E76BF327EA6
:1062700077BF337E78BF347E79BF357E7ABF367E76
:106280007BBF377E7CBF387E7DBF397E7EBF3A7E46
:1062900080BF3B7EE3F73C7E81BF3D7E82BF3E7E7A
:1062A00083BF3F7E84BF407E85BF417EB1B7427EC3
:1062B00086BF437E87BF447E88BF457E89BF467EBA
:1062C0008ABF477EEDF4487E8BBF497E8CBF4A7EF5
:1062D0008DBF4B7E8EBF4C7E8FBF4D7E90BF4E7E5E
:1062E00091BF4F7E92BF507E93BF517E94BF527E2E
:1062F00095BF537E96BF547E97BF557E98BF567EFE
:1063000099BF577E9ABF587E9BBF597E9CBF5A7ECD
:106310009DBF5B7E9EBF5C7E9FBF5D7EA0BF5E7E9D
:1063200040C05F7E41C0607E42C0617E43C0627EED
:1063300044C0637E45C0647E46C0657E47C0667EBD
:1063400048C0677E49C0687E4AC0697E4BC06A7E8D
:106350004CC06B7E4DC06C7E4EC06D7E4FC06E7E5D
:1063600050C06F7E51C0707E52C0717E53C0727E2D
:1063700054C0737E55C0747E56C0757E57C0767EFD
:1063800058C0777E59C0787E5AC0797E5BC07A7ECD
:106390005CC07B7E5DC07C7E5EC07D7E5FC07E7E9D
:1063A00060C07F7E61C0807E62C0817E63C0827E6D
:1063B000EBD7837E64C0847E65C0857E66C0867EA2
:1063C00067C0877E68C0887E69C0897E6AC08A7E11
:1063D0006BC08B7E6CC08C7E6DC08D7E6EC08E7EE1
:1063E0006FC08F7E70C0907E71C0917E72C0927EB1
:1063F00073C0937E74C0947E75C0957E76C0967E81
:1064000077C0977E78C0987E79C0997E7AC09A7E50
:106410007BC09B7EEEF49C7E7CC09D7E7DC09E7E7C
:106420007EC09F7EF9E6A07EC0BEA17EFAE6A27E77
:10643000ECBAA37EFBE6A47ECBCFA57EFCE6A67ECF
:10644000BCD4A77EB6BCA87EFDE6A97EFEE6AA7EE9
:10645000CDBCAB7ED2C8AC7EB3CEAD7EA1E7AE7E66
:1064600080C0AF7EBFB4B07EA2E7B17EB4C9B27EB9
:10647000D9B8B37EC9C4B47E81C0B57EDDD7B67E3F
:10648000DAC2B77ED7B7B87EBDD6B97EC6CEBA7EE1
:10649000C4B7BB7E82C0BC7E83C0BD7EA6C5BE7EA7
:1064A000A3E7BF7EDFCFC07EA4E7C17EA5E7C27EA3
:1064B000A6E7C37EB7C1C47EE9D7C57EF0C9C67E54
:1064C000B8CFC77EAFD6C87ED5D6C97EA7E7CA7E6D
:1064D000EDB0CB7EA8E7CC7EA9E7CD7EDCC9CE7E31
:1064E000EFD2CF7EADBED07EAAE7D17EF3B0D27E12
:1064F000DEC8D37EE1BDD47EABE7D57EC6C8D67EEE
:1065000084C0D77EACE7D87EE6BBD97EF8B8DA7E09
:10651000A4D1DB7EADE7DC7EE7C2DD7EF8BEDE7EA9
:10652000CABDDF7EB3CDE07EAEE7E17EAFE7E27EBF
:10653000EEBEE37EE5D0E47E85C0E57EE7CBE67E79
:10654000D0CCE77ECCBCE87EB0E7E97EA8BCEA7E92
:10655000F7D0EB7EB1E7EC7E86C0ED7EF8D0EE7E24
:10656000B2E7EF7EB3E7F07EC2B4F17EB4E7F27E2D
:10657000B5E7F37EFEC9F47EACCEF57EE0C3F67ED1
:10658000B7E7F77EC1B1F87EF1B3F97E87C0FA7E36
:10659000B8E7FB7EB9E7FC7EDBD7FD7EC0D5FE7E8B
:1065A000BAE7FF7ECCC2007FBAD7017FBBE7027F8C
:1065B000BCE7037FBDE7047FEABC057FE5C3067F38
:1065C000C2C0077FBEE7087FBFE7097FA9BC0A7F7B
:1065D00088C00B7FC0E70C7FC1E70D7FB6E70E7F59
:1065E000D0B60F7FC2E7107F89C0117FC3E7127F4B
:1065F000C4E7137FBABB147FDEB5157FC6C2167F12
:10660000E0B1177FC5E7187FB5D4197FC6E71A7FB9
:10661000BFB81B7FC8E71C7FC7E71D7FECB71E7F95
:106620008AC01F7FC9E7207FF8B2217FCAE7227F97
:10663000CBE7237FCCE7247FCDE7257FCEE7267FFE
:10664000CFE7277FD0E7287FA7D3297FF5CB2A7F05
:10665000D1E72B7FD2E72C7FD3E72D7FD4E72E7FA6
:10666000C9C92F7FD5E7307FD6E7317FD7E7327FA3
:10667000D8E7337FD9E7347FC9BD357FDAE7367F86
:10668000BEF3377F8BC0387FD7B8397F8CC03A7F55
:10669000B1C83B7F8DC03C7F8EC03D7F8FC03E7FA9
:1066A00090C03F7F91C0407F92C0417F93C0427FA6
:1066B000BFF3437F94C0447FC0F3457FC1F3467F5F
:1066C00095C0477F96C0487F97C0497F98C04A7F52
:1066D00099C04B7F9AC04C7F9BC04D7F9CC04E7F22
:1066E0009DC04F7F9EC0507FDEB9517FF8CD527F55
:1066F0009FC0537FA0C0547FE8D8557FB1BA567F62
:1067000040C1577FDEC2587FB7EE597F41C15A7FE3
:10671000A3B75B7F42C15C7F43C15D7F44C15E7FA5
:1067200045C15F7FB9EE607F46C1617FB8EE627F91
:10673000D5B0637F47C1647F48C1657F49C1667F2B
:106740004AC1677F4BC1687FBBEE697FD6D56A7F40
:10675000EFD76B7F4CC16C7F4DC16D7F4EC16E7F9B
:10676000C3D66F7F4FC1707F50C1717FBDEE727F06
:10677000F0CA737F51C1747FBCEE757F52C1767FC2
:1067800053C1777F54C1787F55C1797FBEEE7A7F40
:1067900056C17B7F57C17C7F58C17D7F59C17E7FA9
:1067A000C0EE7F7F5AC1807F5BC1817FBFEE827F59
:1067B0005CC1837F5DC1847F5EC1857F5FC1867F51
:1067C00060C1877F61C1887F62C1897F63C18A7F21
:1067D000F2D18B7F64C18C7FBCC78D7F65C18E7FFA
:1067E000C0C38F7F66C1907F67C1917F68C1927F70
:1067F00069C1937F6AC1947FE1B8957F6BC1967F31
:106800006CC1977F6DC1987F6EC1997F6FC19A7F70
:10681000E7C19B7F70C19C7F71C19D7FC6F49E7F45
:10682000DFD09F7FC7F4A07F72C1A17FDBCFA27FA3
:1068300073C1A37F74C1A47FBAC8A57F75C1A67FA9
:1068400076C1A77FC8F4A87F77C1A97F78C1AA7F46
:1068500079C1AB7F7AC1AC7F7BC1AD7F7CC1AE7F9C
:106860007DC1AF7FC9F4B07FCAF4B17F7EC1B27F72
:10687000CBF4B37F80C1B47F81C1B57F82C1B67FC5
:1068800083C1B77F84C1B87FFAD9B97FFEB8BA7F18
:1068900085C1BB7F86C1BC7FF1E5BD7FF0D3BE7FE4
:1068A00087C1BF7FE0F4C07F88C1C17FCCCEC27FEB
:1068B00089C1C37F8AC1C47F8BC1C57FE1B3C67F55
:1068C0008CC1C77F8DC1C87F8EC1C97F8FC1CA7F70
:1068D000B4F1CB7F90C1CC7FEED2CD7F91C1CE7F82
:1068E000E1F4CF7F92C1D07F93C1D17F94C1D27F99
:1068F00095C1D37F96C1D47FE8CFD57FE2F4D67F10
:1069000097C1D77F98C1D87FCCC7D97F99C1DA7F8B
:106910009AC1DB7F9BC1DC7F9CC1DD7F9DC1DE7F97
:106920009EC1DF7FD4B5E07FE4B4E17FE4F4E27F91
:106930009FC1E37FA0C1E47F40C2E57FE3F4E67F2F
:10694000E5F4E77F41C2E87F42C2E97FE6F4EA7FEF
:1069500043C2EB7F44C2EC7F45C2ED7F46C2EE7F6F
:10696000E7F4EF7F47C2F07FB2BAF17FBFB0F27FAA
:1069700048C2F37FE8F4F47F49C2F57F4AC2F67F4C
:106980004BC2F77F4CC2F87F4DC2F97F4EC2FA7FEF
:106990004FC2FB7FADB7FC7FEDD2FD7F50C2FE7FC3
:1069A00051C2FF7F52C20080ABD20180CFC00280B3
:1069B00053C20380BCBF0480A3EB0580DFD50680F3
:1069C000C8EA078054C2088055C2098056C20A80AE
:1069D00057C20B80F3F10C80F8B60D80A3CB0E806C
:1069E00058C20F8059C21080CDC411805AC2128083
:1069F000E7F113805BC21480E8F11580FBB81680C4
:106A0000E9F11780C4BA1880C5D41980D2B01A80B1
:106A10005CC21B805DC21C80EAF11D805EC21E80CC
:106A20005FC21F8060C22080EBF1218061C22280A2
:106A3000ECF1238062C2248063C22580EDF12680C0
:106A4000EEF12780EFF12880F1F12980F0F12A8022
:106A5000D5C52B8064C22C8065C22D8066C22E8075
:106A600067C22F8068C2308069C23180F2F1328003
:106A70006AC23380FAB634806BC23580F4F1368056
:106A8000AED23780C7DE3880CACB39806CC23A803C
:106A90006DC23B80DCB33C806EC23D80A2B53E80BF
:106AA0006FC23F80A2B9408070C2418071C24280F3
:106AB000F4C44380F5F1448072C2458073C24680BD
:106AC000F6F1478074C2488075C2498076C24A8018
:106AD000C4C14B80FBC14C80B0D64D80F7F14E80D5
:106AE00077C24F8078C2508079C251807AC252807A
:106AF000F8F153807BC25480AAC155807CC2568075
:106B00007DC257807EC25880B8C6598080C25A80E4
:106B1000DBBE5B8081C25C8082C25D8083C25E809E
:106B200084C25F8085C2608086C2618087C26280C5
:106B300088C2638089C264808AC265808BC2668095
:106B40008CC267808DC268808EC26980F9F16A80CC
:106B5000CFB46B808FC26C8090C26D8091C26E800A
:106B600092C26F8093C2708094C27180FAF1728079
:106B700095C2738096C2748097C2758098C27680E1
:106B800099C277809AC278809BC279809CC27A80B1
:106B90009DC27B809EC27C809FC27D80A0C27E8081
:106BA00040C37F80B2ED8080B1ED818041C382809F
:106BB00042C38380E0CB8480DED2858043C386805D
:106BC000C1CB8780D8D5888044C38980E2C88A80B9
:106BD00045C38B80DFC08C80A1BC8D8046C38E8076
:106BE00047C38F8048C3908049C391804AC3928035
:106BF0004BC39380C1EB94804CC395804DC396806A
:106C0000A4D097804EC39880E2D699804FC39A80D3
:106C1000C7B69B80D8B89C80C0EB9D80CEB89E80C4
:106C200050C39F80BFEBA080A6B3A180C9B9A2804A
:106C3000ABD6A38051C3A480F4B7A580CAB7A68001
:106C400052C3A78053C3A88054C3A980E7BCAA80BD
:106C5000BEB7AB80C6EBAC8055C3AD80C7EBAE8092
:106C6000B9B0AF80CFBFB08056C3B180C5EBB280A2
:106C7000FDD3B38057C3B480C8EBB58058C3B6808A
:106C800059C3B780C9EBB8805AC3B9805BC3BA8017
:106C9000CEB7BB805CC3BC80C2EBBD80C4EBBE8002
:106CA000F6C9BF80D7D6C080CDD5C180B2D0C28052
:106CB000CFEBC380B8CEC480D0EBC5805DC3C680A7
:106CC000A8B5C7805EC3C8805FC3C98060C3CA80DF
:106CD00061C3CB8062C3CC80B3B1CD80D2EBCE8018
:106CE000A5CCCF8063C3D08064C3D18065C3D2807C
:106CF00066C3D38067C3D48068C3D58069C3D68098
:106D0000D6C5D780D3EBD8806AC3D980D1EBDA80DF
:106D1000DFC5DB80CEEBDC80A4CADD80D5EBDE8076
:106D2000FBB0DF806BC3E0806CC3E180FABAE28025
:106D30006DC3E3806EC3E480B7D8E580E3F1E680FD
:106D40006FC3E780CAEBE880CBEBE980CCEBEA804D
:106D5000CDEBEB80D6EBEC80C0E6ED80D9EBEE809E
:106D600070C3EF80E8BFF080C8D2F180D7EBF2802B
:106D7000DCEBF380ECB8F480D8EBF58071C3F680DF
:106D8000BABDF78072C3F880D8D0F98073C3FA8097
:106D9000B7B0FB8074C3FC80DDEBFD80DCC4FE80FB
:106DA00075C3FF8076C3008177C3018178C30281F8
:106DB000ACD6038179C304817AC305817BC3068184
:106DC000E0B407817CC308817DC30981F6C20A81D2
:106DD000B9BC0B817EC30C8180C30D81DAEB0E81BF
:106DE000DBEB0F81E0D41081EAC61181D4C412819B
:106DF000DFEB1381A7C51481F5D9158181C31681F5
:106E0000B1B2178182C31881E4EB198183C31A815F
:106E1000C5BD1B8184C31C8185C31D8186C31E81A2
:106E2000E2EB1F8187C3208188C3218189C322812E
:106E30008AC323818BC324818CC325818DC3268182
:106E40008EC327818FC3288190C3298191C32A8152
:106E500092C32B8193C32C81E3EB2D8194C32E81AC
:106E600095C32F81ACB8308196C33181D1CD3281A9
:106E7000E5EB338197C3348198C3358199C336815B
:106E8000E1EB37819AC33881B3C139819BC33A8121
:106E90009CC33B819DC33C819EC33D819FC33E817A
:106EA000A2C63F81A0C3408140C4418141C4428108
:106EB00042C4438143C4448144C4458145C446819E
:106EC000F3CC478146C44881E6EB498147C44A81F7
:106ED000B0C04B81B8D24C81E7EB4D8148C44E81A4
:106EE00049C44F814AC45081AFB85181ADB8528175
:106EF0004BC45381E8EB5481BBC75581F3CD568118
:106F00004CC457814DC458814EC45981EAEB5A8113
:106F1000EBEB5B814FC45C8150C45D8151C45E81E9
:106F200052C45F8153C46081EDEB618154C46281BE
:106F300055C4638156C4648157C46581C8D06681D5
:106F400058C46781F2EB688159C46981EEEB6A81AC
:106F50005AC46B815BC46C815CC46D81F1EB6E8142
:106F6000F9C86F815DC47081FCD17181ECEB7281D5
:106F70005EC473815FC47481E9EB758160C47681FE
:106F800061C4778162C4788163C47981B9B87A8138
:106F9000D9CF7B81E5C47C81EFEB7D81F0EB7E81F5
:106FA000DACC7F81C8CD8081F2B0818164C48281D6
:106FB000F6EB838165C4848166C4858167C486815C
:106FC00068C4878169C48881F5EB89816AC48A8134
:106FD000B2B28B816BC48C816CC48D816DC48E8187
:106FE0006EC48F81E0B890816FC49181F7EB92817C
:106FF00070C4938171C4948172C4958173C4968165
:1070000074C4978175C49881ECB1998176C49A81D2
:1070100077C49B81C5CC9C81A4C49D81A5CF9E8152
:1070200078C49F8179C4A0817AC4A1817BC4A281E4
:107030007CC4A381F9EBA4817DC4A5817EC4A68113
:10704000A2ECA78180C4A881F2C5A98181C4AA81CC
:10705000FAEBAB8182C4AC8183C4AD8184C4AE81C0
:1070600085C4AF8186C4B08187C4B18188C4B28130
:1070700089C4B381C5C9B4818AC4B5818BC4B681C2
:107080008CC4B7818DC4B8818EC4B9818FC4BA81D4
:10709000DFE2BB81FEEBBC8190C4BD8191C4BE81A7
:1070A00092C4BF8193C4C081CECDC181A1ECC28105
:1070B000DBB1C381B7D3C48194C4C58195C4C681F3
:1070C000DCD2C78196C4C88197C4C98198C4CA81DB
:1070D000FDEBCB8199C4CC81FBEBCD819AC4CE81F1
:1070E0009BC4CF819CC4D0819DC4D1819EC4D281D8
:1070F0009FC4D381A0C4D48140C5D58141C5D68168
:1071000042C5D78143C5D88144C5D98145C5DA81F7
:1071100046C5DB8147C5DC8148C5DD8149C5DE81C7
:107120004AC5DF814BC5E0814CC5E1814DC5E28197
:107130004EC5E381BCB3E4814FC5E58150C5E6810E
:1071400051C5E781B0EAE88152C5E98153C5EA81BA
:10715000D4D7EB8154C5EC81ABF4ED81F4B3EE816F
:1071600055C5EF8156C5F08157C5F18158C5F281EB
:1071700059C5F381C1D6F481C2D6F5815AC5F681CD
:107180005BC5F7815CC5F8815DC5F9815EC5FA8193
:107190005FC5FB81E9D5FC81CABEFD8160C5FE816A
:1071A000A7F4FF8161C50082A8D20182A8F40282FF
:1071B000A9F4038262C50482AAF40582CBBE0682CA
:1071C000DFD3078263C5088264C5098265C50A8268
:1071D00066C50B8267C50C82E0C90D82E1C90E82CB
:1071E00068C50F8269C51082C2F311826AC5128216
:1071F000E6CA13826BC51482F2CC15826CC5168266
:107200006DC517826EC518826FC5198270C51A8246
:1072100071C51B82B6E21C82B4CB1D8272C51E8270
:10722000E8CE1F82DBD6208273C52182ADF4228294
:10723000AEF42382AFF4248274C5258275C52682FC
:1072400076C5278277C52882B2F4298278C52A823A
:10725000BDBA2B82B3F42C82E3B02D82B0F42E821F
:1072600079C52F82B1F43082A2BD3182D5B232828B
:107270007AC53382B6F43482B7F43582E6B6368204
:10728000B0B23782CFCF3882B4F43982ACB43A820C
:107290007BC53B82B5F43C827CC53D827DC53E8288
:1072A000B8F43F827EC5408280C5418281C542825A
:1072B00082C5438283C54482B9F4458284C546822F
:1072C00085C54782A7CD488286C54982BAF44A82DD
:1072D00087C54B82BBF44C8288C54D8289C54E82DE
:1072E0008AC54F82BCF450828BC551828CC55282B4
:1072F0008DC553828EC554828FC5558290C55682E6
:1073000091C5578292C55882D2CB598293C55A8271
:10731000BDF45B8294C55C8295C55D8296C55E8234
:1073200097C55F82BEF4608298C5618299C562820A
:107330009AC563829BC564829CC565829DC5668231
:107340009EC567829FC56882BFF46982A0C56A82B4
:1073500040C66B8241C66C8242C66D8243C66E8255
:10736000DEF46F82BCC17082E8BC718244C6728256
:10737000ABC97382DED17482F5E5758245C676822B
:1073800046C6778247C6788248C67982B3DC7A825D
:10739000D5D27B8249C67C824AC67D82B4DC7E829D
:1073A000ACB07F82B5DC80824BC681824CC68282C3
:1073B000DABD83824DC68482B9DC85824EC6868260
:1073C0004FC6878250C68882C2D8898251C68A82B7
:1073D000B7DC8B82F3D38C8252C68D82D6C98E8263
:1073E000BADC8F82B6DC908253C69182BBDC92827B
:1073F000A2C3938254C6948255C6958256C696827D
:1074000057C69782BCDC9882C5DC9982BDDC9A8223
:1074100058C69B8259C69C82DFCE9D82A5D69E828D
:107420005AC69F82CFDCA0825BC6A182CDDCA2823D
:107430005CC6A3825DC6A482D2DCA582E6BDA6821C
:10744000ABC2A7825EC6A882B8DCA982CBDCAA82C6
:10745000CEDCAB82BEDCAC82D2B7AD82C5B0AE8230
:10746000C7DCAF82BED0B082C1DCB182A8BBB28221
:107470005FC6B382BCB7B482CCDCB58260C6B682CC
:1074800061C6B782C6DCB882BFDCB982DBC7BA820C
:1074900062C6BB8263C6BC8264C6BD82BFD1BE82E7
:1074A000C0DCBF8265C6C08266C6C182CADCC28239
:1074B00067C6C38268C6C482D0DCC58269C6C6827C
:1074C0006AC6C782ADCEC882C2DCC9826BC6CA8218
:1074D000C3DCCB82C8DCCC82C9DCCD82D4B2CE8204
:1074E000D1DCCF82D5CBD0826CC6D182B7D4D28248
:1074F000DBDCD382DFDCD482A6CCD582E6DCD6828C
:107500006DC6D782E7C3D882DCDCD9826EC6DA8248
:107510006FC6DB82C1BFDC82D9DCDD8270C6DE8251
:10752000FAB0DF82B6B9E082E5DCE182D3DCE28248
:1075300071C6E382C4DCE482D6DCE582F4C8E6826C
:10754000E0BFE78272C6E88273C6E98274C6EA8247
:1075500075C6EB82BBC9EC8276C6ED8277C6EE8239
:1075600078C6EF82BDB1F08279C6F182A2D3F282F1
:107570007AC6F3827BC6F482DADCF5827CC6F682B8
:107580007DC6F782D5DCF8827EC6F982BBC6FA8258
:1075900080C6FB82DEDCFC8281C6FD8282C6FE8262
:1075A00083C6FF8284C6008385C60183C2D7028357
:1075B000AFC30383B6B70483D1C70583A9C30683CA
:1075C000E2DC0783D8DC0883EBDC0983D4DC0A83A4
:1075D00086C60B8387C60C83DDDC0D8388C60E83CD
:1075E000A5BE0F83D7DC108389C61183E0DC12832C
:1075F0008AC613838BC61483E3DC1583E4DC16830D
:107600008CC61783F8DC18838DC619838EC61A833F
:10761000E1DC1B83A2DD1C83E7DC1D838FC61E8398
:1076200090C61F8391C6208392C6218393C622836E
:1076300094C6238395C6248396C6258397C626833E
:1076400098C62783EBBC2883C4B4298399C62A83B0
:107650009AC62B83A3C32C83E7B22D83FADC2E8337
:107660009BC62F83F2DC30839CC63183EFDC3283F0
:107670009DC63383FCDC3483EEDC3583F0D2368365
:10768000E8B237839EC63883D7C83983E3C83A83C4
:10769000FBDC3B839FC63C83EDDC3D83A0C63E8381
:1076A00040C73F8341C74083F7DC418342C74283E1
:1076B00043C74383F5DC448344C7458345C74683BA
:1076C000A3BE4783F4DC488346C74983DDB24A83BF
:1076D00047C74B8348C74C8349C74D834AC74E832E
:1076E0004BC74F83F3DC5083F6BC5183E8DC5283F5
:1076F000C4BB53834CC75483F3C055834DC75683D3
:107700004EC757834FC7588350C7598351C75A83B1
:10771000D4BC5B83E9DC5C83EADC5D8352C75E83B7
:10772000F1DC5F83F6DC6083F9DC6183B4B56283EE
:1077300053C76383D9C86483E7BB6583FEDC668374
:10774000FDDC6783ABD36883A1DD6983A3DD6A8336
:10775000A5DD6B83F1D26C83A4DD6D83A6DD6E8322
:10776000A7DD6F83A9D2708354C7718355C7728315
:1077700056C7738357C7748358C7758359C77683B1
:107780005AC77783C9BA7883A9DD79835BC77A83BF
:107790005CC77B83B6DD7C83B1DD7D83B4DD7E8316
:1077A0005DC77F835EC780835FC7818360C7828335
:1077B00061C7838362C7848363C78583B0DD8683A3
:1077C000CEC6878364C7888365C78983F2C08A83EE
:1077D00066C78B8367C78C8368C78D8369C78E83B1
:1077E000AFC98F836AC790836BC791836CC792833D
:1077F000ECDC9383AEDD94836DC795836EC796836F
:107800006FC7978370C79883B7DD998371C79A83D1
:1078100072C79B83F0DC9C83AFDD9D8373C79E831F
:10782000B8DD9F8374C7A083ACDDA18375C7A28335
:1078300076C7A38377C7A48378C7A58379C7A683B0
:107840007AC7A7837BC7A883B9DDA983B3DDAA83E1
:10785000ADDDAB83AAC4AC837CC7AD837DC7AE83EB
:107860007EC7AF8380C7B083A8DDB183B3C0B283C6
:10787000ABC1B383AADDB483ABDDB58381C7B68367
:10788000B2DDB783F1BBB883B5DDB983A8D3BA83C2
:10789000BADDBB8382C7BC83BBDDBD83A7C3BE8308
:1078A00083C7BF8384C7C083D2DDC183BCDDC283ED
:1078B00085C7C38386C7C48387C7C583D1DDC68315
:1078C00088C7C783BDB9C88389C7C9838AC7CA8324
:1078D000D5BECB838BC7CC83FABECD838CC7CE837A
:1078E0008DC7CF83CABAD0838EC7D1838FC7D283C7
:1078F00090C7D38391C7D483CADDD58392C7D6837B
:10790000C5DDD78393C7D883BFDDD98394C7DA8316
:1079100095C7DB8396C7DC83CBB2DD83C3DDDE8313
:1079200097C7DF83CBDDE083A4B2E183D5DDE283BB
:1079300098C7E38399C7E4839AC7E583BEDDE683EE
:107940009BC7E7839CC7E8839DC7E983D0C6EA83CA
:10795000D0DDEB839EC7EC839FC7ED83A0C7EE838A
:1079600040C8EF8341C8F083D4DDF183E2C1F283E4
:10797000C6B7F38342C8F48343C8F58344C8F6838B
:1079800045C8F78346C8F883CEDDF983CFDDFA8397
:1079900047C8FB8348C8FC8349C8FD83C4DDFE8318
:1079A0004AC8FF834BC800844CC80184BDDD0284F3
:1079B0004DC80384CDDD0484D1CC05844EC8068433
:1079C000C9DD07844FC8088450C8098451C80A8497
:1079D00052C80B84C2DD0C84C8C30D84BCC60E849F
:1079E000AECE0F84CCDD108453C81184C8DD128460
:1079F00054C8138455C8148456C8158457C81684AF
:107A000058C8178459C81884C1DD19845AC81A8403
:107A10005BC81B845CC81C84C6DD1D84DCC21E845C
:107A20005DC81F845EC820845FC8218460C822842A
:107A300061C8238462C82484A9D32584AAD3268458
:107A4000D3DD2784F4CF2884F8C8298463C82A8426
:107A500064C82B8465C82C8466C82D8467C82E84AE
:107A600068C82F8469C830846AC83184E6DD3284EE
:107A70006BC833846CC834846DC835846EC8368452
:107A80006FC8378470C83884C7DD398471C83A84B8
:107A900072C83B8473C83C84E0DD3D84E4C23E840C
:107AA00074C83F8475C8408476C8418477C84284CE
:107AB00078C8438479C844847AC845847BC846849E
:107AC000E1DD47847CC848847DC849847EC84A84F7
:107AD00080C84B8481C84C8482C84D8483C84E843E
:107AE00084C84F8485C8508486C85184D7DD5284A9
:107AF00087C8538488C8548489C855848AC85684E2
:107B00008BC85784F8D658848CC85984D9DD5A84D8
:107B1000D8DD5B84F0B85C84D6DD5D848DC85E847E
:107B20008EC85F848FC8608490C86184CFC6628429
:107B300091C86384ADB6648492C8658493C8668432
:107B400094C8678495C8688496C86984E2DD6A84AD
:107B500097C86B84F9BA6C84E1D46D84E7DD6E84D8
:107B600098C86F8499C870849AC87184D0B472849C
:107B70009BC87384DADD74849CC87584FBBF7684EB
:107B8000E3DD77849DC87884DFDD79849EC87A84BC
:107B9000DDDD7B849FC87C84A0C87D8440C97E8451
:107BA00041C97F8442C9808443C9818444C9828495
:107BB000D9B5838445C9848446C9858447C98684E8
:107BC00048C98784DBDD8884DCDD8984DEDD8A8446
:107BD00049C98B84AFBD8C84E4DD8D844AC98E8411
:107BE000E5DD8F844BC990844CC991844DC9928442
:107BF0004EC993844FC9948450C9958451C99684C1
:107C000052C99784F5DD988453C99984C9C39A846D
:107C100054C99B8455C99C84E2CB9D8456C99E84DB
:107C200057C99F8458C9A08459C9A184F2DDA28490
:107C30005AC9A3845BC9A4845CC9A5845DC9A68410
:107C40005EC9A7845FC9A88460C9A98461C9AA84E0
:107C500062C9AB8463C9AC8464C9AD8465C9AE84B0
:107C600066C9AF84E1D8B08467C9B18468C9B284F9
:107C7000D1C6B38469C9B484F4DDB5846AC9B68455
:107C80006BC9B7846CC9B884F4D5B984F3DDBA8400
:107C9000F0DDBB846DC9BC846EC9BD84ECDDBE84DF
:107CA0006FC9BF84EFDDC08470C9C184E8DDC284C0
:107CB00071C9C38472C9C484EED0C58473C9C68433
:107CC00074C9C78475C9C88476C9C984D8C8CA8428
:107CD000EEDDCB8477C9CC8478C9CD84E9DDCE8450
:107CE00079C9CF847AC9D084EADDD184F2CBD28439
:107CF0007BC9D384EDDDD4847CC9D5847DC9D68489
:107D0000CDB1D7847EC9D88480C9D98481C9DA84A9
:107D100082C9DB8483C9DC8484C9DD84B6C0DE8487
:107D200085C9DF84BBBCE084F1DDE18486C9E284DF
:107D300087C9E384F7DDE48488C9E584F6DDE68459
:107D4000EBDDE78489C9E8848AC9E9848BC9EA84C0
:107D50008CC9EB848DC9EC84EEC5ED848EC9EE84AC
:107D60008FC9EF8490C9F084FBDDF18491C9F2845E
:107D700092C9F38493C9F48494C9F58495C9F684AF
:107D800096C9F78497C9F88498C9F98499C9FA847F
:107D90009AC9FB849BC9FC84A4DEFD849CC9FE8433
:107DA0009DC9FF84A3DE00859EC901859FC9028508
:107DB000A0C9038540CA048541CA058542CA068513
:107DC00043CA078544CA088545CA098546CA0A8543
:107DD00047CA0B8548CA0C85F8DD0D8549CA0E8552
:107DE0004ACA0F854BCA10854CCA1185EFC312854C
:107DF0004DCA1385FBC214854ECA15854FCA168518
:107E000050CA1785E1D5188551CA198552CA1A85F5
:107E1000B5CE1B8553CA1C8554CA1D8555CA1E85FF
:107E200056CA1F85FDDD208557CA2185CCB2228523
:107E300058CA238559CA24855ACA25855BCA26850E
:107E40005CCA27855DCA28855ECA29855FCA2A85DE
:107E500060CA2B85E8C42C85DFCA2D8561CA2E85B2
:107E600062CA2F8563CA308564CA318565CA328586
:107E700066CA338567CA348568CA358569CA368556
:107E80006ACA3785BEC73885FADD3985FCDD3A8593
:107E9000FEDD3B85A2DE3C85AAB03D85CEB13E85A8
:107EA0006BCA3F856CCA40856DCA41856ECA4285E2
:107EB0006FCA4385ACDE448570CA458571CA468564
:107EC00072CA478573CA4885A6DE4985B6BD4A850C
:107ED000EFC84B8574CA4C8575CA4D8576CA4E85E8
:107EE00077CA4F8578CA508579CA51857ACA528532
:107EF0007BCA53857CCA54857DCA55857ECA568502
:107F0000A1DE578580CA588581CA5985A5DE5A8564
:107F100082CA5B8583CA5C8584CA5D8585CA5E85A5
:107F2000A9DE5F8586CA608587CA618588CA628541
:107F300089CA63858ACA6485A8DE65858BCA668519
:107F40008CCA67858DCA6885A7DE69858ECA6A85F1
:107F50008FCA6B8590CA6C8591CA6D8592CA6E85F1
:107F600093CA6F8594CA708595CA718596CA7285C1
:107F7000ADDE738597CA7485CCD4758598CA76852D
:107F800099CA77859ACA78859BCA7985B3DE7A853E
:107F9000AADE7B85AEDE7C859CCA7D859DCA7E85FA
:107FA000D9C07F859ECA80859FCA8185A0CA8285E7
:107FB00040CB838541CB8485A1B18585B6DE86859E
:107FC00042CB8785B1DE888543CB898544CB8A85C2
:107FD00045CB8B8546CB8C8547CB8D8548CB8E8515
:107FE00049CB8F85B2DE90854ACB91854BCB92856C
:107FF0004CCB93854DCB94854ECB95854FCB9685B9
:1080000050CB978551CB988552CB998553CB9A8588
:1080100054CB9B85A6D19C85B5DE9D8555CB9E8591
:1080200056CB9F8557CBA08558CBA18559CBA28530
:108030005ACBA3855BCBA485AFDEA5855CCBA6859B
:108040005DCBA7855ECBA885B0DEA9855FCBAA8571
:10805000BDD0AB8560CBAC8561CBAD8562CBAE8549
:10806000B4DEAF85EDCAB085B9DEB18563CBB2852C
:1080700064CBB38565CBB48566CBB58567CBB68558
:1080800068CBB785B8DEB88569CBB985B7DEBA8568
:108090006ACBBB856BCBBC856CCBBD856DCBBE8500
:1080A0006ECBBF856FCBC08570CBC185BBDEC28573
:1080B00071CBC38572CBC48573CBC58574CBC685A4
:1080C00075CBC78576CBC88577CBC985E5BDCA8515
:1080D00078CBCB8579CBCC857ACBCD857BCBCE8548
:1080E0007CCBCF85D8B2D085EAC3D1857DCBD28574
:1080F0007ECBD385BADED48580CBD585BAC5D6856F
:1081000081CBD78582CBD88583CBD98584CBDA85C3
:1081100085CBDB8586CBDC85BCDEDD8587CBDE854C
:1081200088CBDF8589CBE0858ACBE1858BCBE28567
:108130008CCBE3858DCBE485D9CCE5858ECBE685EC
:108140008FCBE78590CBE88591CBE985AAB7EA8507
:1081500092CBEB8593CBEC8594CBED8595CBEE85DF
:1081600096CBEF8597CBF08598CBF18599CBF285AF
:108170009ACBF3859BCBF4859CCBF5859DCBF6857F
:108180009ECBF7859FCBF885A0CBF98540CCFA85AF
:1081900041CCFB85E5D4FC8542CCFD8543CCFE85F6
:1081A00044CCFF85BDDE008645CC018646CC0286E8
:1081B00047CC038648CC048649CC0586BFDE0686BC
:1081C0004ACC07864BCC08864CCC09864DCC0A8617
:1081D0004ECC0B864FCC0C8650CC0D8651CC0E86E7
:1081E00052CC0F8653CC108654CC1186A2C4128672
:1081F00055CC138656CC148657CC158658CC16868B
:10820000C1DE178659CC18865ACC19865BCC1A86E3
:108210005CCC1B865DCC1C865ECC1D865FCC1E862E
:1082200060CC1F8661CC208662CC218663CC2286FE
:1082300064CC238665CC248666CC258667CC2686CE
:1082400068CC2786BEDE288669CC2986C0DE2A86D1
:108250006ACC2B866BCC2C866CCC2D866DCC2E8676
:108260006ECC2F866FCC308670CC318671CC328646
:1082700072CC338673CC348674CC358675CC368616
:1082800076CC378677CC3886BAD5398678CC3A869C
:1082900079CC3B867ACC3C86C2DE3D867BCC3E8662
:1082A0007CCC3F867DCC40867ECC418680CC42868D
:1082B00081CC438682CC448683CC458684CC46865A
:1082C00085CC478686CC488687CC498688CC4A862A
:1082D00089CC4B868ACC4C868BCC4D86AEF24E86B2
:1082E000A2BB4F86B2C25086B0C55186C7C2528665
:1082F0008CCC53868DCC5486AFF255868ECC568668
:108300008FCC578690CC588691CC598692CC5A8681
:10831000E9D05B8693CC5C8694CC5D8695CC5E86FA
:10832000DDD35F8696CC608697CC618698CC6286DA
:10833000BDEB638699CC64869ACC65869BCC6686B9
:108340009CCC67869DCC68869ECC69869FCC6A86CD
:10835000A0CC6B86E6B36C86B0F26D8640CD6E869F
:10836000B1F26F8641CD708642CD7186ADCA7286FC
:1083700043CD738644CD748645CD758646CD7686CD
:1083800047CD778648CD788649CD7986E7BA7A8613
:10839000B3F27B86B5F27C86B4F27D86E4CB7E8632
:1083A000BACF7F86B2F28086B4CA8186CFD2828667
:1083B000ECC283864ACD84864BCD85864CCD86869D
:1083C0004DCD87864ECD88864FCD898650CD8A8605
:1083D000C3CE8B86B8F28C86F6B08D86B7F28E86C9
:1083E00051CD8F8652CD908653CD918654CD9286B5
:1083F00055CD9386BEF2948656CD9586CFB296869D
:1084000057CD978658CD988659CD99865ACD9A865C
:108410005BCD9B865CCD9C86C1D19D86BAF29E8643
:108420005DCD9F865ECDA0865FCDA18660CDA28604
:1084300061CDA386BCF2A486E9D4A58662CDA686CA
:1084400063CDA786BBF2A886B6F2A986BFF2AA863C
:10845000BDF2AB8664CDAC86B9F2AD8665CDAE8695
:1084600066CDAF86C7F2B086C4F2B186C6F2B286D8
:1084700067CDB38668CDB486CAF2B586C2F2B68639
:10848000C0F2B78669CDB8866ACDB9866BCDBA869B
:10849000C5F2BB866CCDBC866DCDBD866ECDBE866D
:1084A0006FCDBF8670CDC086FBD6C18671CDC2862A
:1084B00072CDC38673CDC486C1F2C58674CDC6861F
:1084C000F9C7C786DFC9C88675CDC986C8F2CA860E
:1084D000C6B9CB86B0B5CC8676CDCD8677CDCE86E7
:1084E000C3F2CF86C9F2D086D0F2D186D6F2D28638
:1084F00078CDD38679CDD486D7BBD5867ACDD686AE
:108500007BCDD7867CCDD886D5F2D986DCCDDA86F0
:108510007DCDDB86EBD6DC867ECDDD8680CDDE862E
:10852000D2F2DF86D4F2E08681CDE18682CDE2868A
:1085300083CDE38684CDE486F2B8E58685CDE686F4
:1085400086CDE78687CDE88688CDE986CBF2EA86B8
:1085500089CDEB868ACDEC868BCDED86CEF2EE868C
:10856000F9C2EF868CCDF086DDD5F186CCF2F286AD
:10857000CDF2F386CFF2F486D3F2F5868DCDF68672
:108580008ECDF7868FCDF886D9F2F986BCD3FA86E0
:1085900090CDFB8691CDFC8692CDFD8693CDFE8657
:1085A000EAB6FF8694CD0087F1CA018795CD028790
:1085B000E4B70387D7F2048796CD058797CD068762
:1085C00098CD0787D8F20887DAF20987DDF20A87A3
:1085D000DBF20B8799CD0C879ACD0D87DCF20E87E5
:1085E0009BCD0F879CCD10879DCD11879ECD128787
:1085F000D1D11387D1F214879FCD1587C9CD1687A6
:10860000A0CD1787CFCE1887A9D6198740CE1A8755
:10861000E3F21B8741CE1C87DBC31D8742CE1E873A
:10862000E0F21F8743CE208744CE2187AFC0228748
:10863000ECF22387DEF2248745CE2587E1F22687F8
:1086400046CE278747CE288748CE2987E8F22A8753
:1086500049CE2B874ACE2C874BCE2D874CCE2E87EA
:10866000E2F22F874DCE30874ECE3187E7F2328748
:108670004FCE338750CE3487E6F2358751CE3687DA
:1086800052CE3787E9F2388753CE398754CE3A87AE
:1086900055CE3B87DFF23C8756CE3D8757CE3E878F
:1086A000E4F23F87EAF2408758CE418759CE4287AD
:1086B0005ACE43875BCE44875CCE45875DCE4687E6
:1086C0005ECE4787ACD34887E5F24987F5B24A8743
:1086D0005FCE4B8760CE4C87F2F24D8761CE4E87DE
:1086E000ABD04F8762CE508763CE518764CE52871E
:1086F00065CE5387F5F2548766CE558767CE568789
:1087000068CE5787C8BB588769CE5987F9F25A8710
:108710006ACE5B876BCE5C876CCE5D876DCE5E87E5
:108720006ECE5F876FCE6087F0F2618770CE628712
:1087300071CE6387F6F26487F8F26587FAF266878E
:1087400072CE678773CE688774CE698775CE6A8765
:1087500076CE6B8777CE6C8778CE6D8779CE6E8735
:10876000F3F26F877ACE7087F1F271877BCE7287D2
:108770007CCE73877DCE7487FBBA75877ECE768775
:10878000FBB5778780CE788781CE798782CE7A874E
:1087900083CE7B87EFF27C87F7F27D87EDF27E87D1
:1087A000EEF27F8784CE808785CE818786CE8287D2
:1087B000EBF28387A6F3848787CE8587A3F386872A
:1087C00088CE878789CE8887A2F389878ACE8A87D1
:1087D0008BCE8B87F4F28C878CCE8D87DAC88E8710
:1087E0008DCE8F878ECE90878FCE918790CE9287B9
:1087F00091CE9387FBF2948792CE958793CE9687FE
:1088000094CE9787A5F3988795CE998796CE9A8729
:1088100097CE9B8798CE9C8799CE9D879ACE9E8730
:108820009BCE9F87F8C3A0879CCEA1879DCEA287B1
:108830009ECEA3879FCEA487A0CEA58740CFA68734
:1088400041CFA78742CFA887FDF2A98743CFAA8748
:1088500044CFAB87A7F3AC87A9F3AD87A4F3AE876A
:1088600045CFAF87FCF2B08746CFB18747CFB287FD
:1088700048CFB387ABF3B48749CFB587AAF3B687A0
:108880004ACFB7874BCFB8874CCFB9874DCFBA8780
:10889000DDC2BB874ECFBC874FCFBD87AEF3BE874F
:1088A00050CFBF8751CFC087B0F3C18752CFC287A7
:1088B00053CFC38754CFC48755CFC58756CFC687FC
:1088C000A1F3C78757CFC88758CFC98759CFCA8761
:1088D000B1F3CB87ACF3CC875ACFCD875BCFCE87B4
:1088E0005CCFCF875DCFD0875ECFD187AFF3D28704
:1088F000FEF2D387ADF3D4875FCFD58760CFD6871D
:1089000061CFD78762CFD88763CFD98764CFDA8723
:1089100065CFDB87B2F3DC8766CFDD8767CFDE8785
:1089200068CFDF8769CFE087B4F3E1876ACFE2875A
:108930006BCFE3876CCFE4876DCFE587A8F3E6873D
:108940006ECFE7876FCFE88770CFE98771CFEA876F
:10895000B3F3EB8772CFEC8773CFED8774CFEE87DD
:10896000B5F3EF8775CFF08776CFF18777CFF287B2
:1089700078CFF38779CFF4877ACFF5877BCFF687E7
:108980007CCFF7877DCFF8877ECFF987B7D0FA877E
:1089900080CFFB8781CFFC8782CFFD8783CFFE8787
:1089A000B8F3FF8784CF008885CF018886CF0288FF
:1089B00087CF0388F9D9048888CF058889CF0688AE
:1089C0008ACF07888BCF08888CCF09888DCF0A88FB
:1089D000B9F30B888ECF0C888FCF0D8890CF0E887F
:1089E00091CF0F8892CF108893CF118894CF12889F
:1089F00095CF1388B7F3148896CF1588E4C81688E6
:108A0000B6F3178897CF188898CF198899CF1A8806
:108A10009ACF1B88BAF31C889BCF1D889CCF1E88D9
:108A20009DCF1F889ECF20889FCF2188BBF32288AF
:108A3000C0B42388A0CF248840D0258841D0268880
:108A400042D0278843D0288844D0298845D02A8816
:108A500046D02B8847D02C8848D02D8849D02E88E6
:108A60004AD02F884BD030884CD031884DD03288B6
:108A7000C3EE33884ED034884FD0358850D03688F6
:108A800051D0378852D0388853D03988BCF33A88CF
:108A900054D03B8855D03C88BDF33D8856D03E88A5
:108AA00057D03F8858D04088AAD1418859D04288B1
:108AB0005AD043885BD04488ACF44588C6D04688F9
:108AC0005CD047885DD048885ED049885FD04A88AE
:108AD00060D04B8861D04C88D0D04D88DCD14E8896
:108AE00062D04F8863D0508864D0518865D0528856
:108AF00066D0538867D05488CECF558868D05688C2
:108B000069D05788D6BD58886AD05988C3D15A8849
:108B10006BD05B886CD05C886DD05D886ED05E88D1
:108B20006FD05F8870D0608871D06188E2BA628847
:108B3000E9E16388C2D26488C2F16588B9B2668807
:108B400072D0678873D06888EDB16988C3F16A888C
:108B500074D06B88C0C96C88C4B36D8875D06E88BA
:108B6000F2D96F8876D07088A5CB718877D072885B
:108B7000C4F1738878D0748879D075887AD0768873
:108B80007BD07788D4D678887CD079887DD07A8855
:108B90007ED07B8880D07C8881D07D88C5F17E881E
:108BA000C0F47F88C6F1808882D08188ACD4828866
:108BB000C7F1838883D08488C0B08588C1F4868853
:108BC00084D0878885D08888C2F4898886D08A88AE
:108BD00087D08B88FCB48C8888D08D88DBC58E8844
:108BE00089D08F888AD090888BD091888CD09288B9
:108BF000BBCC93888DD094888ED095888FD0968862
:108C0000E4D0978890D0988891D0998892D09A880B
:108C100093D09B8894D09C88E0CD9D8895D09E88E9
:108C200096D09F8897D0A08898D0A18899D0A28804
:108C3000C8F1A3889AD0A488F3D9A5889BD0A68828
:108C40009CD0A7889DD0A8889ED0A9889FD0AA88AC
:108C5000A0D0AB88BBB1AC8840D1AD88AECFAE88D8
:108C600041D1AF8842D1B08843D1B188A4B8B2888D
:108C700044D1B38845D1B48846D1B58847D1B688A8
:108C800048D1B788CAF1B88849D1B9884AD1BA88D9
:108C90004BD1BB884CD1BC88CBF1BD884DD1BE88AF
:108CA0004ED1BF884FD1C08850D1C188C3B2C288CD
:108CB000D1C1C38851D1C48852D1C588B0D7C68824
:108CC000C9F1C78853D1C88854D1C988CCF1CA88A2
:108CD00055D1CB8856D1CC8857D1CD8858D1CE88A4
:108CE000CEF1CF8859D1D0885AD1D1885BD1D288E2
:108CF000F6D9D3885CD1D488E1D2D588A3D4D688DC
:108D00005DD1D7885ED1D888C3F4D988B9C8DA884C
:108D10005FD1DB8860D1DC8861D1DD8862D1DE88FB
:108D200063D1DF88C4F4E08864D1E18865D1E2884A
:108D3000CDF1E388CFF1E488E3BFE588D0F1E688A0
:108D400066D1E78867D1E888D4F1E98868D1EA88F4
:108D500069D1EB886AD1EC886BD1ED886CD1EE8853
:108D60006DD1EF886ED1F088D6F1F188D1F1F2881B
:108D70006FD1F388D1C9F488E1C5F58870D1F68840
:108D800071D1F78872D1F888E3C2F988FCB9FA8802
:108D900073D1FB8874D1FC88D3F1FD8875D1FE882E
:108DA000D5F1FF8876D1008977D1018978D1028900
:108DB000D3B9038979D104897AD105897BD1068910
:108DC0007CD107897DD108897ED1098980D10A8922
:108DD000DBF10B8981D10C8982D10D8983D10E8978
:108DE00084D10F8985D11089D6BA118986D112898B
:108DF000FDB01389D9F1148987D1158988D11689D5
:108E000089D117898AD118898BD11989D8F11A8902
:108E1000D2F11B89DAF11C898CD11D898DD11E8973
:108E20008ED11F898FD1208990D12189D7F12289B4
:108E300091D1238992D1248993D12589ECC826899F
:108E400094D1278995D1288996D1298997D12A89C2
:108E5000CACD2B89DDF12C8998D12D8999D12E8904
:108E60009AD12F899BD13089BDE531899CD1328936
:108E70009DD133899ED13489DCF135899FD13689E2
:108E8000DEF13789A0D1388940D2398941D23A8977
:108E900042D23B8943D23C8944D23D8945D23E8966
:108EA00046D23F8947D2408948D24189DFF1428981
:108EB00049D243894AD24489E5CF45894BD2468974
:108EC0004CD247894DD248894ED249894FD24A89DE
:108ED00050D24B8951D24C8952D24D8953D24E89AE
:108EE00054D24F8955D2508956D2518957D252897E
:108EF00058D2538959D254895AD255895BD256894E
:108F00005CD257895DD258895ED259895FD25A891D
:108F100060D25B8961D25C8962D25D8963D25E89ED
:108F2000C5F45F89F3BD608964D2618965D26289C5
:108F300066D2638967D2648968D2658969D2668995
:108F4000E0F167896AD268896BD269896CD26A89D3
:108F50006DD26B896ED26C896FD26D8970D26E8939
:108F600071D26F8972D2708973D2718974D2728909
:108F700075D2738976D2748977D2758978D27689D9
:108F800079D277897AD278897BD279897CD27A89A9
:108F90007DD27B89E1F17C897ED27D8980D27E89F8
:108FA00081D27F89F7CE808982D28189AAD28289B3
:108FB00083D28389FBF1848984D2858985D286898D
:108FC000B2B8878986D2888987D2898988D28A89E6
:108FD00089D28B898AD28C898BD28D898CD28E89C9
:108FE0008DD28F898ED290898FD2918990D2928999
:108FF00091D2938992D2948993D2958994D2968969
:1090000095D2978996D2988997D2998998D29A8938
:1090100099D29B899AD29C899BD29D899CD29E8908
:109020009DD29F899ED2A0899FD2A189A0D2A289D8
:1090300040D3A38941D3A48942D3A58943D3A68928
:1090400044D3A78945D3A88946D3A98947D3AA89F8
:1090500048D3AB8949D3AC894AD3AD894BD3AE89C8
:109060004CD3AF894DD3B0894ED3B1894FD3B28998
:1090700050D3B38951D3B48952D3B58953D3B68968
:1090800054D3B78955D3B88956D3B98957D3BA8938
:1090900058D3BB8959D3BC895AD3BD895BD3BE8908
:1090A0005CD3BF895DD3C0895ED3C189FBBCC28953
:1090B000DBB9C3895FD3C489E6B9C589D9C3C68979
:1090C000D3CAC789E8EAC889C0C0C989F5BECA89B8
:1090D000E9EACB89EAEACC89EBEACD8960D3CE898B
:1090E000ECEACF89EDEAD089EEEAD189EFEAD289BC
:1090F000C7BDD38961D3D48962D3D58963D3D689D7
:10910000FBF5D78964D3D88965D3D98966D3DA8941
:10911000FDF5DB8967D3DC89FEF5DD8968D3DE895F
:10912000FCF5DF8969D3E0896AD3E1896BD3E289F1
:109130006CD3E389E2BDE4896DD3E589A1F6E689C4
:10914000A5B4E7896ED3E8896FD3E98970D3EA893A
:1091500071D3EB89A2F6EC8972D3ED8973D3EE89D2
:1091600074D3EF89A3F6F08975D3F18976D3F289A8
:1091700077D3F389B2ECF48978D3F58979D3F6897A
:109180007AD3F7897BD3F8897CD3F9897DD3FA899F
:109190007ED3FB8980D3FC8981D3FD8982D3FE896C
:1091A00083D3FF8984D3008AD4D1018A85D3028AEC
:1091B00086D3038A87D3048A88D3058A89D3068A0B
:1091C0008AD3078AEAD9088A8BD3098A8CD30A8A78
:1091D0008DD30B8A8ED30C8A8FD30D8A90D30E8AAF
:1091E00091D30F8A92D3108A93D3118A94D3128A7F
:1091F00095D3138A96D3148A97D3158A98D3168A4F
:1092000099D3178A9AD3188A9BD3198A9CD31A8A1E
:109210009DD31B8A9ED31C8A9FD31D8AA0D31E8AEE
:1092200040D41F8A41D4208A42D4218A43D4228A3E
:1092300044D4238A45D4248A46D4258A47D4268A0E
:1092400048D4278A49D4288A4AD4298A4BD42A8ADE
:109250004CD42B8A4DD42C8A4ED42D8A4FD42E8AAE
:1092600050D42F8A51D4308A52D4318A53D4328A7E
:1092700054D4338A55D4348A56D4358A57D4368A4E
:1092800058D4378A59D4388A5AD4398A5BD43A8A1E
:109290005CD43B8A5DD43C8A5ED43D8A5FD43E8AEE
:1092A000A4F63F8A60D4408A61D4418A62D4428A5B
:1092B00063D4438A64D4448A65D4458A66D4468A92
:1092C00067D4478A68D4488ABAEE498A69D44A8AF8
:1092D0006AD44B8A6BD44C8A6CD44D8A6DD44E8A36
:1092E0006ED44F8A6FD4508A70D4518A71D4528A06
:1092F00072D4538A73D4548A74D4558A75D4568AD6
:1093000076D4578A77D4588A78D4598A79D45A8AA5
:109310007AD45B8A7BD45C8A7CD45D8A7DD45E8A75
:109320007ED45F8A80D4608A81D4618A82D4628A42
:1093300083D4638A84D4648A85D4658A86D4668A11
:1093400087D4678A88D4688A89D4698A8AD46A8AE1
:109350008BD46B8A8CD46C8A8DD46D8A8ED46E8AB1
:109360008FD46F8A90D4708A91D4718A92D4728A81
:1093700093D4738A94D4748A95D4758A96D4768A51
:1093800097D4778A98D4788A99D4798AB2D57A8A08
:109390009AD47B8A9BD47C8A9CD47D8A9DD47E8AF5
:1093A0009ED47F8A9FD4808AA0D4818A40D5828A25
:1093B00041D5838A42D5848A43D5858A44D5868A15
:1093C00045D5878A46D5888A47D5898AFED38A8A31
:1093D000DCCC8B8A48D58C8A49D58D8A4AD58E8A31
:1093E0004BD58F8A4CD5908A4DD5918A4ED5928A8D
:1093F0004FD5938AC4CA948A50D5958A51D5968AF6
:1094000052D5978A53D5988A54D5998A55D59A8A30
:1094100056D59B8A57D59C8A58D59D8A59D59E8A00
:109420005AD59F8A5BD5A08A5CD5A18A5DD5A28AD0
:109430005ED5A38A5FD5A48A60D5A58A61D5A68AA0
:1094400062D5A78A63D5A88A64D5A98A65D5AA8A70
:1094500066D5AB8A67D5AC8A68D5AD8A69D5AE8A40
:109460006AD5AF8A6BD5B08A6CD5B18A6DD5B28A10
:109470006ED5B38A6FD5B48A70D5B58A71D5B68AE0
:1094800072D5B78A73D5B88A74D5B98A75D5BA8AB0
:1094900076D5BB8A77D5BC8A78D5BD8A79D5BE8A80
:1094A0007AD5BF8A7BD5C08A7CD5C18A7DD5C28A50
:1094B0007ED5C38A80D5C48A81D5C58A82D5C68A1D
:1094C00083D5C78A84D5C88A85D5C98A86D5CA8AEC
:1094D00087D5CB8A88D5CC8A89D5CD8A8AD5CE8ABC
:1094E0008BD5CF8A8CD5D08A8DD5D18A8ED5D28A8C
:1094F0008FD5D38A90D5D48A91D5D58A92D5D68A5C
:1095000093D5D78A94D5D88A95D5D98A96D5DA8A2B
:1095100097D5DB8A98D5DC8A99D5DD8A9AD5DE8AFB
:109520009BD5DF8A9CD5E08A9DD5E18A9ED5E28ACB
:109530009FD5E38AA0D5E48A40D6E58A41D6E68A5B
:1095400042D6E78A43D6E88A44D6E98A45D6EA8AEB
:1095500046D6EB8A47D6EC8A48D6ED8A49D6EE8ABB
:109560004AD6EF8A4BD6F08A4CD6F18A4DD6F28A8B
:109570004ED6F38A4FD6F48A50D6F58A51D6F68A5B
:1095800052D6F78A53D6F88A54D6F98A55D6FA8A2B
:1095900056D6FB8A57D6FC8A58D6FD8A59D6FE8AFB
:1095A0005AD6FF8A5BD6008B5CD6018B5DD6028BC8
:1095B0005ED6038B5FD6048B60D6058B61D6068B97
:1095C00062D6078BC0E5088B63D6098B64D60A8BFD
:1095D00065D60B8B66D60C8B67D60D8B68D60E8B3B
:1095E00069D60F8B6AD6108B6BD6118B6CD6128B0B
:1095F0006DD6138B6ED6148B6FD6158B70D6168BDB
:1096000071D6178B72D6188B73D6198B74D61A8BAA
:1096100075D61B8B76D61C8B77D61D8B78D61E8B7A
:1096200079D61F8B7AD6208B7BD6218B7CD6228B4A
:109630007DD6238B7ED6248B80D6258B81D6268B18
:10964000A5F6278B82D6288B83D6298B84D62A8BA6
:1096500085D62B8B86D62C8B87D62D8B88D62E8BBA
:1096600089D62F8B8AD6308B8BD6318B8CD6328B8A
:109670008DD6338B8ED6348B8FD6358B90D6368B5A
:1096800091D6378B92D6388B93D6398B94D63A8B2A
:1096900095D63B8B96D63C8B97D63D8B98D63E8BFA
:1096A00099D63F8B9AD6408B9BD6418B9CD6428BCA
:1096B0009DD6438B9ED6448B9FD6458BA0D6468B9A
:1096C00040D7478B41D7488B42D7498B43D74A8BEA
:1096D00044D74B8B45D74C8B46D74D8B47D74E8BBA
:1096E00048D74F8B49D7508B4AD7518B4BD7528B8A
:1096F0004CD7538B4DD7548B4ED7558B4FD7568B5A
:1097000050D7578B51D7588B52D7598B53D75A8B29
:1097100054D75B8B55D75C8B56D75D8B57D75E8BF9
:1097200058D75F8B59D7608B5AD7618B5BD7628BC9
:109730005CD7638B5DD7648B5ED7658B5FD7668B99
:10974000AFBE678B60D7688B61D7698B62D76A8B36
:1097500063D76B8B64D76C8BA9C66D8B65D76E8B0B
:1097600066D76F8B67D7708B68D7718B69D7728B11
:109770006AD7738B6BD7748B6CD7758B6DD7768BE1
:109780006ED7778B6FD7788B70D7798B71D77A8BB1
:1097900072D77B8B73D77C8B74D77D8B75D77E8B81
:1097A00076D77F8B77D7808B78D7818B79D7828B51
:1097B0007AD7838B7BD7848B7CD7858B7DD7868B21
:1097C0007ED7878B80D7888B81D7898B82D78A8BEE
:1097D00083D78B8B84D78C8B85D78D8B86D78E8BBD
:1097E00087D78F8B88D7908B89D7918B8AD7928B8D
:1097F0008BD7938B8CD7948B8DD7958B8ED7968B5D
:109800008FD7978B90D7988B91D7998B92D79A8B2C
:1098100093D79B8B94D79C8B95D79D8B96D79E8BFC
:1098200097D79F8B98D7A08BA5DAA18BC6BCA28BAC
:10983000A9B6A38BBCB8A48BCFC8A58BA5BCA68B9F
:10984000A6DAA78BA7DAA88BD6CCA98BC3C8AA8B1C
:10985000A8DAAB8BFDC6AC8B99D7AD8BB5D1AE8BEF
:10986000E9D2AF8BB6D1B08BC7BCB18B9AD7B28BD4
:10987000B2BDB38BE4BBB48BA9DAB58BAADAB68BD5
:10988000C8D1B78BABDAB88BEDD0B98BEFB6BA8B4A
:10989000DBC2BB8B9BD7BC8BCFCBBD8BEDB7BE8B5D
:1098A000E8C9BF8BC3B7C08BF7BEC18BA4D6C28B30
:1098B000ACDAC38BADDAC48BC0C6C58BE7D7C68B19
:1098C000B6CAC78B9CD7C88BA9D5C98BDFCBCA8B2F
:1098D000EFD5CB8BAEDACC8BDFD6CD8BCAB4CE8BAB
:1098E000B0DACF8BAFDAD08B9DD7D18BEBD2D28BC6
:1098F000B1DAD38BB2DAD48BB3DAD58BD4CAD68BA8
:10990000B4DAD78BABCAD88BB5DAD98BB6DADA8BA7
:10991000CFB3DB8BEFD6DC8BB7DADD8BB0BBDE8B66
:10992000AEB5DF8BB8DAE08BB9DAE18BEEB9E28B5A
:10993000AFD1E38BE8D2E48BBADAE58BC3B8E68B20
:10994000EACFE78BEFB2E88BBBDAE98BBCDAEA8BC4
:109950009ED7EB8BEBBDEC8BDCCEED8BEFD3EE8BA0
:10996000BDDAEF8BF3CEF08BBEDAF18BD5D3F28B71
:10997000E5BBF38BBFDAF48BB5CBF58BD0CBF68B95
:10998000C0DAF78BEBC7F88BEED6F98BC1DAFA8B1E
:10999000B5C5FB8BC1B6FC8BC2DAFD8BCCB7FE8B99
:1099A000CEBFFF8BC3DA008CC4DA018CADCB028C46
:1099B000C5DA038CF7B5048CC6DA058CC2C1068CF7
:1099C000BBD7078CC7DA088CB8CC098C9FD70A8C18
:1099D000EAD20B8CB1C40C8CC8DA0D8CFDB50E8CA0
:1099E000D1BB0F8CC9DA108CB3D0118CCADA128CAF
:1099F000CBDA138CBDCE148CCCDA158CCDDA168C68
:109A0000CEDA178CF7B2188CD1DA198CCFDA1A8C1F
:109A1000E8D11B8CD0DA1C8CD5C31D8CD2DA1E8CFD
:109A2000A0D71F8CD3DA208CD4DA218CD5DA228C03
:109A3000BBD0238CA5D2248CF9B0258CD6DA268C09
:109A4000ABC7278CD7DA288CF7BD298CA1C32A8C09
:109A5000D8DA2B8CD9DA2C8CFDC32D8CB7CC2E8C7C
:109A6000DADA2F8CDBDA308CBEC0318CD7C6328C80
:109A7000DCDA338CDDDA348CB4C7358CDEDA368C44
:109A8000DFDA378CC8B9388C40D8398C41D83A8C59
:109A900042D83B8C43D83C8C44D83D8C45D83E8C36
:109AA00046D83F8C47D8408C48D8418CEDBB428C7F
:109AB00049D8438C4AD8448C4BD8458C4CD8468CDA
:109AC000B9B6478CF8F4488C4DD8498CF9F44A8CD7
:109AD0004ED84B8C4FD84C8CE3CD4D8C50D84E8CFF
:109AE00051D84F8C52D8508C53D8518C54D8528C5A
:109AF00055D8538C56D8548C57D8558CB9F5568CAC
:109B000058D8578C59D8588C5AD8598C5BD85A8CFD
:109B1000E0EB5B8C5CD85C8C5DD85D8C5ED85E8C39
:109B20005FD85F8C60D8608C61D8618CF3CF628C19
:109B3000BFBB638C62D8648C63D8658C64D8668C38
:109B400065D8678C66D8688C67D8698C68D86A8C49
:109B5000C0BA6B8CA5D46C8C69D86D8C6AD86E8CAD
:109B60006BD86F8C6CD8708C6DD8718C6ED8728CF1
:109B70006FD8738CD9E1748C70D8758C71D8768C51
:109B800072D8778C73D8788CF4F5798CAAB17A8CEA
:109B9000F2B27B8C74D87C8C75D87D8C76D87E8C18
:109BA00077D87F8C78D8808C79D8818C7AD8828C41
:109BB000F5F5838C7BD8848C7CD8858CF7F5868CE6
:109BC0007DD8878C7ED8888C80D8898CD1BA8A8CB5
:109BD000F6F58B8C81D88C8CB2C38D8C82D88E8C10
:109BE00083D88F8C84D8908C85D8918C86D8928C91
:109BF00087D8938C88D8948CF9F5958C89D8968CD5
:109C00008AD8978C8BD8988CF8F5998C8CD89A8CAC
:109C10008DD89B8C8ED89C8C8FD89D8C90D89E8C08
:109C200091D89F8C92D8A08C93D8A18C94D8A28CD8
:109C300095D8A38C96D8A48C97D8A58C98D8A68CA8
:109C400099D8A78C9AD8A88C9BD8A98C9CD8AA8C78
:109C50009DD8AB8C9ED8AC8C9FD8AD8CA0D8AE8C48
:109C600040D9AF8C41D9B08C42D9B18C43D9B28C98
:109C700044D9B38C45D9B48C46D9B58C47D9B68C68
:109C800048D9B78C49D9B88C4AD9B98C4BD9BA8C38
:109C90004CD9BB8C4DD9BC8C4ED9BD8C4FD9BE8C08
:109CA00050D9BF8C51D9C08C52D9C18C53D9C28CD8
:109CB00054D9C38C55D9C48C56D9C58C57D9C68CA8
:109CC00058D9C78C59D9C88C5AD9C98C5BD9CA8C78
:109CD0005CD9CB8C5DD9CC8C5ED9CD8C5FD9CE8C48
:109CE00060D9CF8C61D9D08C62D9D18C63D9D28C18
:109CF00064D9D38C65D9D48C66D9D58C67D9D68CE8
:109D000068D9D78C69D9D88C6AD9D98C6BD9DA8CB7
:109D10006CD9DB8C6DD9DC8C6ED9DD8C6FD9DE8C87
:109D200070D9DF8C71D9E08C72D9E18C73D9E28C57
:109D300074D9E38C75D9E48C76D9E58C77D9E68C27
:109D400078D9E78C79D9E88C7AD9E98C7BD9EA8CF7
:109D50007CD9EB8C7DD9EC8C7ED9ED8C80D9EE8CC6
:109D600081D9EF8C82D9F08C83D9F18C84D9F28C93
:109D700085D9F38C86D9F48C87D9F58C88D9F68C63
:109D800089D9F78C8AD9F88C8BD9F98C8CD9FA8C33
:109D90008DD9FB8C8ED9FC8C8FD9FD8C90D9FE8C03
:109DA00091D9FF8C92D9008D93D9018D94D9028DD0
:109DB00095D9038D96D9048D97D9058D98D9068D9F
:109DC00099D9078D9AD9088D9BD9098D9CD90A8D6F
:109DD0009DD90B8D9ED90C8D9FD90D8DA0D90E8D3F
:109DE00040DA0F8D41DA108D42DA118D43DA128D8F
:109DF00044DA138D45DA148D46DA158D47DA168D5F
:109E000048DA178D49DA188D4ADA198D4BDA1A8D2E
:109E10004CDA1B8D4DDA1C8D4EDA1D8DB4B11E8DC2
:109E2000EAD51F8DBAB8208D4FDA218DB1B9228DB8
:109E3000C6B2238DF0D4248DCDCF258DDCB0268DF8
:109E4000CBD5278DF5BB288DCAD6298DB7B72A8DDE
:109E5000B0CC2B8DB6C62C8DE1B12D8DBAB92E8D1F
:109E6000FCD62F8DE1B9308DA1B7318DFABC328D82
:109E7000DAEA338DDBEA348DF9CC358DF3B9368DE2
:109E8000DCEA378DFBB4388DB3C3398DD1B73A8D49
:109E9000D8BA3B8DDDEA3C8DF4D43D8DDEEA3E8DB3
:109EA000D6BC3F8DDFBB408DDFEA418DDEC1428DE8
:109EB000B8C2438DDFD4448DCAD7458DE0EA468DC4
:109EC000E1EA478DE4EA488DE2EA498DE3EA4A8D0A
:109ED000DEC94B8DB3B84C8DC4B64D8DE5EA4E8DC1
:109EE000EACA4F8DCDC9508DCDB4518D50DA528D07
:109EF00051DA538DD9E2548DE2C5558DE6EA568D7F
:109F0000B5C0578D52DA588DB8D7598DE7EA5A8DBA
:109F1000ACD75B8DFCC85C8DD3D85D8DCDD85E8D04
:109F2000DED45F8D53DA608DF9D4618DC4C9628D42
:109F3000AED3638DD3B8648DE0B3658D54DA668D8E
:109F4000E2C9678DF6F4688D55DA698D56DA6A8D47
:109F500057DA6B8DD5BA6C8D58DA6D8DF7F46E8D3E
:109F600059DA6F8D5ADA708DDFD7718D5BDA728DA9
:109F70005CDA738DF1F4748DB0B8758DD4D5768DAF
:109F8000CFB8778DF0C6788D5DDA798D5EDA7A8D0F
:109F90005FDA7B8D60DA7C8D61DA7D8D62DA7E8DB1
:109FA00063DA7F8D64DA808D65DA818DC3B3828D4B
:109FB00066DA838D67DA848DF2F4858DACB3868D95
:109FC00068DA878D69DA888D6ADA898D6BDA8A8D2D
:109FD000BDD48B8DF7C78C8D6CDA8D8D6DDA8E8D3F
:109FE0006EDA8F8D6FDA908D70DA918DF4F4928D38
:109FF00071DA938D72DA948DF3F4958D73DA968D10
:10A0000074DA978D75DA988D76DA998D77DA9A8D7C
:10A0100078DA9B8D79DA9C8D7ADA9D8D7BDA9E8D4C
:10A020007CDA9F8DCBCCA08D7DDAA18D7EDAA28DDE
:10A0300080DAA38DA4C8A48D81DAA58D82DAA68DDD
:10A0400083DAA78D84DAA88D85DAA98D86DAAA8DC0
:10A0500087DAAB8D88DAAC8D89DAAD8D8ADAAE8D90
:10A060008BDAAF8D8CDAB08D8DDAB18DF5F4B28DDF
:10A070008EDAB38DE3D7B48DBFC5B58DC0F5B68D7F
:10A080008FDAB78D90DAB88DBBF5B98D91DABA8DCC
:10A09000C3F5BB8D92DABC8DC2F5BD8D93DABE8D52
:10A0A000BAD6BF8DC1F5C08D94DAC18D95DAC28D57
:10A0B00096DAC38DBED4C48DC4F5C58D97DAC68D2E
:10A0C000CCF5C78D98DAC88D99DAC98D9ADACA8D20
:10A0D0009BDACB8DCFB0CC8DF8B5CD8D9CDACE8D03
:10A0E000C9F5CF8DCAF5D08D9DDAD18DDCC5D28D65
:10A0F0009EDAD38D9FDAD48DA0DAD58D40DBD68D54
:10A10000C5F5D78DC6F5D88D41DBD98D42DBDA8D0B
:10A11000C7F5DB8DCBF5DC8D43DBDD8DE0BEDE8D61
:10A12000C8F5DF8DFAB8E08D44DBE18D45DBE28DCB
:10A1300046DBE38DD0F5E48DD3F5E58D47DBE68D89
:10A1400048DBE78D49DBE88DE7BFE98D4ADBEA8D27
:10A15000F2B9EB8DBCF5EC8DCDF5ED8D4BDBEE8DD5
:10A160004CDBEF8DB7C2F08D4DDBF18D4EDBF28D08
:10A170004FDBF38DF8CCF48D50DBF58DF9BCF68D0B
:10A1800051DBF78DCEF5F88DCFF5F98DD1F5FA8D40
:10A19000E5B6FB8DD2F5FC8D52DBFD8DD5F5FE8D40
:10A1A00053DBFF8D54DB008E55DB018E56DB028EB8
:10A1B00057DB038E58DB048E59DB058EBDF5068E0A
:10A1C0005ADB078E5BDB088E5CDB098ED4F50A8ECA
:10A1D000BBD30B8E5DDB0C8EECB30D8E5EDB0E8E77
:10A1E0005FDB0F8EA4CC108E60DB118E61DB128ED4
:10A1F00062DB138E63DB148ED6F5158E64DB168E50
:10A2000065DB178E66DB188E67DB198E68DB1A8EAE
:10A2100069DB1B8E6ADB1C8E6BDB1D8ED7F51E8EF9
:10A22000E1BE1F8ED8F5208E6CDB218E6DDB228E79
:10A23000DFCC238EDBF5248E6EDB258E6FDB268E46
:10A2400070DB278E71DB288E72DB298EC8B22A8ED6
:10A25000D9D72B8E73DB2C8ED9F52D8E74DB2E8EF9
:10A26000DAF52F8EDCF5308E75DB318EE2F5328E2D
:10A2700076DB338E77DB348E78DB358EE0F5368E09
:10A2800079DB378E7ADB388E7BDB398EDFF53A8EE1
:10A29000DDF53B8E7CDB3C8E7DDB3D8EE1F53E8E3D
:10A2A0007EDB3F8E80DB408EDEF5418EE4F5428E14
:10A2B000E5F5438E81DB448EE3CC458E82DB468E12
:10A2C00083DB478EBFE5488EB8B5498EE3F54A8EED
:10A2D000E8F54B8EA3CC4C8E84DB4D8E85DB4E8E09
:10A2E00086DB4F8E87DB508E88DB518EE6F5528EF3
:10A2F000E7F5538E89DB548E8ADB558E8BDB568EC9
:10A300008CDB578E8DDB588E8EDB598EBEF55A8EC8
:10A310008FDB5B8E90DB5C8E91DB5D8E92DB5E8EE5
:10A3200093DB5F8E94DB608E95DB618E96DB628EB5
:10A3300097DB638E98DB648E99DB658E9ADB668E85
:10A34000C4B1678E9BDB688E9CDB698EBFF56A8E1D
:10A350009DDB6B8E9EDB6C8EC5B56D8EE4B26E8E12
:10A360009FDB6F8EECF5708EE9F5718EA0DB728E3F
:10A37000D7B6738E40DC748EEDF5758E41DC768E2B
:10A38000EAF5778E42DC788E43DC798E44DC7A8E77
:10A3900045DC7B8E46DC7C8EEBF57D8E47DC7E8E4D
:10A3A00048DC7F8EDAB4808E49DC818EEAD4828EDE
:10A3B0004ADC838E4BDC848E4CDC858EEEF5868EFB
:10A3C0004DDC878EF9B3888E4EDC898E4FDC8A8E09
:10A3D00050DC8B8E51DC8C8E52DC8D8E53DC8E8E5D
:10A3E00054DC8F8EEFF5908EF1F5918E55DC928EC8
:10A3F00056DC938E57DC948EF0F5958E58DC968E55
:10A4000059DC978E5ADC988E5BDC998E5CDC9A8ED8
:10A410005DDC9B8E5EDC9C8EF2F59D8E5FDC9E8EFD
:10A42000F3F59F8E60DCA08E61DCA18E62DCA28ED3
:10A4300063DCA38E64DCA48E65DCA58E66DCA68E50
:10A4400067DCA78E68DCA88E69DCA98E6ADCAA8E20
:10A450006BDCAB8EEDC9AC8EAAB9AD8E6CDCAE8E6A
:10A460006DDCAF8EFBC7B08E6EDCB18E6FDCB28E52
:10A47000E3B6B38E70DCB48E71DCB58E72DCB68E52
:10A4800073DCB78E74DCB88E75DCB98E76DCBA8E70
:10A49000C9CCBB8E77DCBC8E78DCBD8E79DCBE8E01
:10A4A0007ADCBF8E7BDCC08E7CDCC18E7DDCC28E14
:10A4B0007EDCC38E80DCC48E81DCC58E82DCC68EE1
:10A4C00083DCC78E84DCC88E85DCC98E86DCCA8EB0
:10A4D00087DCCB8E88DCCC8E89DCCD8E8ADCCE8E80
:10A4E000A6EACF8E8BDCD08E8CDCD18E8DDCD28E2A
:10A4F0008EDCD38E8FDCD48E90DCD58E91DCD68E24
:10A5000092DCD78E93DCD88E94DCD98E95DCDA8EF3
:10A5100096DCDB8E97DCDC8E98DCDD8E99DCDE8EC3
:10A520009ADCDF8E9BDCE08E9CDCE18E9DDCE28E93
:10A530009EDCE38E9FDCE48EA0DCE58E40DDE68EC3
:10A5400041DDE78E42DDE88E43DDE98E44DDEA8EB3
:10A5500045DDEB8E46DDEC8E47DDED8E48DDEE8E83
:10A5600049DDEF8E4ADDF08E4BDDF18E4CDDF28E53
:10A570004DDDF38E4EDDF48E4FDDF58E50DDF68E23
:10A5800051DDF78E52DDF88E53DDF98E54DDFA8EF3
:10A5900055DDFB8E56DDFC8E57DDFD8E58DDFE8EC3
:10A5A00059DDFF8E5ADD008F5BDD018F5CDD028F90
:10A5B0005DDD038F5EDD048F5FDD058F60DD068F5F
:10A5C00061DD078F62DD088F63DD098F64DD0A8F2F
:10A5D00065DD0B8F66DD0C8F67DD0D8F68DD0E8FFF
:10A5E00069DD0F8F6ADD108F6BDD118F6CDD128FCF
:10A5F0006DDD138F6EDD148F6FDD158F70DD168F9F
:10A6000071DD178F72DD188F73DD198F74DD1A8F6E
:10A6100075DD1B8F76DD1C8F77DD1D8F78DD1E8F3E
:10A6200079DD1F8F7ADD208F7BDD218F7CDD228F0E
:10A630007DDD238F7EDD248F80DD258F81DD268FDC
:10A6400082DD278F83DD288F84DD298F85DD2A8FAA
:10A6500086DD2B8F87DD2C8F88DD2D8F89DD2E8F7A
:10A660008ADD2F8F8BDD308F8CDD318F8DDD328F4A
:10A670008EDD338F8FDD348F90DD358F91DD368F1A
:10A6800092DD378F93DD388F94DD398F95DD3A8FEA
:10A6900096DD3B8F97DD3C8F98DD3D8F99DD3E8FBA
:10A6A0009ADD3F8F9BDD408F9CDD418F9DDD428F8A
:10A6B0009EDD438F9FDD448FA0DD458F40DE468FBA
:10A6C00041DE478F42DE488F43DE498F44DE4A8FAA
:10A6D00045DE4B8F46DE4C8F47DE4D8F48DE4E8F7A
:10A6E00049DE4F8F4ADE508F4BDE518F4CDE528F4A
:10A6F0004DDE538F4EDE548F4FDE558F50DE568F1A
:10A7000051DE578F52DE588F53DE598F54DE5A8FE9
:10A7100055DE5B8F56DE5C8F57DE5D8F58DE5E8FB9
:10A7200059DE5F8F5ADE608F5BDE618F5CDE628F89
:10A730005DDE638F5EDE648F5FDE658F60DE668F59
:10A74000B5B3678FFED4688FECB9698FF9D06A8F83
:10A7500061DE6B8FEDE96C8FAAD76D8FEEE96E8F9E
:10A76000D6C26F8FEDC8708FE4BA718FEFE9728F28
:10A77000F0E9738FF1E9748FE1D6758FF2E9768F86
:10A78000F3E9778FF5E9788FF4E9798FF6E97A8F35
:10A79000F7E97B8FE1C77C8FF8E97D8FD8D47E8F76
:10A7A000F9E97F8FCEBD808F62DE818FFAE9828FDB
:10A7B000FBE9838FCFBD848FFCE9858FA8B8868F96
:10A7C000BEC1878FFDE9888FB2B1898FD4BB8A8FD4
:10A7D000F5B98B8FFEE98C8F63DE8D8FA1EA8E8FAA
:10A7E000A2EA8F8FA3EA908FF8B7918FADBC928FBA
:10A7F00064DE938FE4CA948FCEE0958FAFD4968FAA
:10A80000BDCF978FB7D5988FA4EA998FDED59A8F51
:10A81000A5EA9B8FC1D09C8FBCB99D8F65DE9E8FB2
:10A82000C7B49F8FD9B1A08F66DEA18F67DEA28FDC
:10A8300068DEA38FB1C0A48F69DEA58F6ADEA68F04
:10A840006BDEA78F6CDEA88FE6B1A98FE7B1AA8F68
:10A850006DDEAB8FE8B1AC8F6EDEAD8F6FDEAE8F8D
:10A8600070DEAF8F71DEB08FBDB3B18FE8C8B28F2D
:10A8700072DEB38F73DEB48F74DEB58F75DEB68F84
:10A88000C1E5B78F76DEB88F77DEB98FDFB1BA8FCB
:10A8900078DEBB8F79DEBC8F7ADEBD8FC9C1BE8FFB
:10A8A000EFB4BF8F7BDEC08F7CDEC18FA8C7C28FA5
:10A8B000D8D3C38F7DDEC48FF9C6C58FB8D1C68FFC
:10A8C0007EDEC78FFDB9C88FF5C2C98F80DECA8F03
:10A8D00081DECB8F82DECC8F83DECD8F84DECE8F88
:10A8E000ADD3CF8F85DED08FCBD4D18FFCBDD28FAF
:10A8F00086DED38FC2E5D48FB5B7D58FC3E5D68FAB
:10A9000087DED78F88DED88FB9BBD98FE2D5DA8FB3
:10A9100089DEDB8FF8BDDC8FB6D4DD8FA5CEDE8F70
:10A92000ACC1DF8FD9B3E08F8ADEE18F8BDEE28F9F
:10A93000F6CCE38F8CDEE48FC6E5E58FC4E5E68FC9
:10A94000C8E5E78F8DDEE88FCAE5E98FC7E5EA8FB6
:10A95000CFB5EB8FC8C6EC8F8EDEED8FFCB5EE8FDA
:10A96000C5E5EF8F8FDEF08FF6CAF18F90DEF28FA4
:10A9700091DEF38FC9E5F48F92DEF58F93DEF68FCB
:10A9800094DEF78FD4C3F88FC5B1F98FA3BCFA8FCB
:10A9900095DEFB8F96DEFC8F97DEFD8FB7D7FE8F9F
:10A9A00098DEFF8F99DE0090CBCD0190CDCB029049
:10A9B000CACA0390D3CC0490CCE50590CBE50690B1
:10A9C000E6C407909ADE08909BDE0990A1D10A9018
:10A9D000B7D10B90CDE50C909CDE0D90D0E50E909C
:10A9E0009DDE0F90B8CD1090F0D61190CFE512906B
:10A9F000DDB513909EDE1490BECD15909FDE1690AF
:10AA0000D1E51790BAB61890A0DE199040DF1A90E1
:10AA1000A8CD1B90E4B91C9041DF1D90C5CA1E90C3
:10AA2000D1B31F90D9CB2090ECD42190D2E52290C5
:10AA3000EAB7239042DF249043DF259044DF26903D
:10AA4000CEE5279045DF289046DF299047DF2A9002
:10AA500048DF2B9049DF2C904ADF2D90D5E52E90D2
:10AA6000FEB42F90D6E530904BDF31904CDF329022
:10AA70004DDF33904EDF34904FDF3590D3E5369085
:10AA8000D4E5379050DF3890DDD2399051DF3A90DD
:10AA900052DF3B90DFC23C90C6B13D9053DF3E9009
:10AAA000E2D33F9054DF409055DF4190DDB64290B5
:10AAB000ECCB439056DF4490D7E5459057DF469066
:10AAC00058DF4790F6D3489059DF49905ADF4A90B3
:10AAD0005BDF4B905CDF4C905DDF4D90E9B14E90B9
:10AAE0005EDF4F90F4B65090DAE55190D8E5529081
:10AAF000D9E55390C0B554905FDF559060DF569014
:10AB000061DF5790C5D25890DCE5599062DF5A90CA
:10AB100063DF5B90DEE55C9064DF5D9065DF5E90F7
:10AB200066DF5F9067DF609068DF619069DF629049
:10AB3000DDE56390B2C764906ADF6590A3D266904A
:10AB40006BDF67906CDF6890DBE569906DDF6A9082
:10AB50006EDF6B906FDF6C9070DF6D90E2D46E9063
:10AB6000DAD56F9071DF709072DF719073DF729041
:10AB700074DF739075DF7490E0E57590F1D776908F
:10AB800076DF779077DF789078DF799079DF7A9049
:10AB90007ADF7B907BDF7C907CDF7D90E1E57E90AF
:10ABA0007DDF7F90DCB18090FBD181907EDF829051
:10ABB000E2E58390E4E5849080DF859081DF8690F4
:10ABC00082DF879083DF8890E3E5899084DF8A9035
:10ABD00085DF8B90E5E58C9086DF8D9087DF8E900A
:10ABE00088DF8F9089DF90908ADF9190D8D2929001
:10ABF0008BDF9390CBB594908CDF9590DFE79690A8
:10AC00008DDF9790F5DA98908EDF9990F8DA9A9028
:10AC10008FDF9B90F6DA9C9090DF9D90F7DA9E9004
:10AC200091DF9F9092DFA09093DFA190FADAA2903B
:10AC3000CFD0A390C7C4A49094DFA59095DFA69031
:10AC4000EEB0A79096DFA89097DFA99098DFAA9022
:10AC5000B0D0AB9099DFAC90F9DAAD909ADFAE90BE
:10AC6000CAD3AF90AABAB090A2DBB190F1C7B290AC
:10AC70009BDFB390FCDAB490FBDAB590DBC9B690F9
:10AC8000FDDAB7909CDFB890A1DBB990DED7BA901F
:10AC9000FEDABB90DAC1BC909DDFBD909EDFBE9016
:10ACA000A5DBBF909FDFC090A0DFC190F4D3C2901E
:10ACB00040E0C39041E0C490A7DBC590A4DBC69000
:10ACC00042E0C790A8DBC89043E0C99044E0CA9036
:10ACD000BCBDCB9045E0CC9046E0CD9047E0CE9017
:10ACE000C9C0CF90A3DBD090A6DBD190A3D6D290E1
:10ACF00048E0D390A9DBD49049E0D5904AE0D690C3
:10AD00004BE0D790ADDBD8904CE0D9904DE0DA9095
:10AD10004EE0DB90AEDBDC90ACDBDD90C2BADE90C7
:10AD20004FE0DF9050E0E09051E0E190A4BFE2906E
:10AD3000ABDBE39052E0E49053E0E59054E0E69022
:10AD4000AADBE790C7D4E890BFB2E99055E0EA905B
:10AD500056E0EB90AFDBEC9057E0ED90F9B9EE9058
:10AD600058E0EF90B0DBF09059E0F1905AE0F290AB
:10AD70005BE0F3905CE0F490BBB3F5905DE0F6909F
:10AD80005EE0F7905FE0F890A6B5F99060E0FA9089
:10AD900061E0FB9062E0FC9063E0FD90BCB6FE9049
:10ADA000B1DBFF9064E0009165E0019166E0029103
:10ADB000F5B6039167E00491B2DB059168E0069176
:10ADC00069E007916AE008916BE009916CE00A91F3
:10ADD0006DE00B916EE00C916FE00D9170E00E91C3
:10ADE00071E00F9172E0109173E0119174E0129193
:10ADF00075E0139176E0149177E0159178E0169163
:10AE000079E017917AE018917BE01991C9B11A9114
:10AE10007CE01B917DE01C917EE01D9180E01E9105
:10AE2000B4DB1F9181E0209182E0219183E02291A7
:10AE3000B3DB2391B5DB249184E0259185E0269155
:10AE400086E0279187E0289188E0299189E02A917E
:10AE50008AE02B918BE02C918CE02D918DE02E914E
:10AE60008EE02F91B7DB30918FE03191B6DB3291DC
:10AE700090E0339191E0349192E0359193E03691F6
:10AE800094E0379195E0389196E03991B8DB3A91AA
:10AE900097E03B9198E03C9199E03D919AE03E919A
:10AEA0009BE03F919CE040919DE041919EE042916A
:10AEB0009FE04391B9DB4491A0E0459140E1469188
:10AEC000BADB479141E1489142E14991CFD34A91A0
:10AED000FAF44B91F5C74C91C3D74D91E4C54E910F
:10AEE000FCF44F91FDF45091FBF4519143E15291E8
:10AEF000C6BE539144E1549145E1559146E15691C6
:10AF000047E15791EFD0589148E1599149E15A9161
:10AF1000D3B75B914AE15C914BE15D91CDD45E91F9
:10AF2000AACC5F914CE160914DE16191A2F56291F3
:10AF3000A1F56391A8BA6491FEF46591D6CB6691B0
:10AF40004EE167914FE1689150E16991A4F56A91F2
:10AF5000D2C06B9151E16C91EAB36D9152E16E9167
:10AF6000AACD6F91A5F57091A3F57191B4BD7291C1
:10AF7000A8F5739153E17491A9F57591CDBD7691C2
:10AF8000B8C37791E1BF7891E1CB7991AAF57A9135
:10AF900054E17B9155E17C9156E17D91A6F57E913E
:10AFA000A7F57F91F0C4809157E1819158E182919A
:10AFB00059E183915AE184915BE18591ACF58691E9
:10AFC0005CE18791BCB488915DE18991EDD78A916C
:10AFD0005EE18B91D7B48C91ABF58D91AEF58E91EE
:10AFE0005FE18F9160E19091ADF59191AFF5929114
:10AFF000D1D0939161E1949162E1959163E1969151
:10B0000064E1979165E1989166E1999167E19A9180
:10B01000D1C39B91A9C89C9168E19D9169E19E91E2
:10B020006AE19F916BE1A0916CE1A1916DE1A29128
:10B03000B0F5A391B1F5A4916EE1A5916FE1A69150
:10B0400070E1A79171E1A89172E1A99173E1AA91D0
:10B05000B2F5AB9174E1AC9175E1AD91B3F5AE9100
:10B06000B4F5AF91B5F5B09176E1B19177E1B291D8
:10B0700078E1B39179E1B491B7F5B591B6F5B691B0
:10B080007AE1B7917BE1B8917CE1B9917DE1BA9128
:10B09000B8F5BB917EE1BC9180E1BD9181E1BE91AB
:10B0A00082E1BF9183E1C09184E1C19185E1C291C8
:10B0B00086E1C39187E1C49188E1C59189E1C69198
:10B0C0008AE1C791C9B2C8918BE1C991D4D3CA9121
:10B0D000CDCACB918CE1CC91EFC0CD91D8D6CE9199
:10B0E000B0D2CF91BFC1D0918DE1D191F0BDD291BD
:10B0F0008EE1D3918FE1D49190E1D59191E1D691F8
:10B1000092E1D79193E1D89194E1D99195E1DA91C7
:10B1100096E1DB9197E1DC91AAB8DD9198E1DE91AF
:10B1200099E1DF919AE1E0919BE1E1919CE1E2916B
:10B130009DE1E3919EE1E4919FE1E591A0E1E6913B
:10B1400040E2E79141E2E89142E2E99143E2EA918B
:10B1500044E2EB9145E2EC9146E2ED9147E2EE915B
:10B1600048E2EF9149E2F0914AE2F1914BE2F2912B
:10B170004CE2F3914DE2F4914EE2F5914FE2F691FB
:10B1800050E2F79151E2F89152E2F99153E2FA91CB
:10B1900054E2FB9155E2FC9156E2FD9157E2FE919B
:10B1A00058E2FF9159E200925AE201925BE2029268
:10B1B0005CE203925DE204925EE205925FE2069237
:10B1C00060E2079261E2089262E2099263E20A9207
:10B1D00064E20B9265E20C9266E20D9267E20E92D7
:10B1E00068E20F9269E210926AE211926BE21292A7
:10B1F0006CE213926DE214926EE215926FE2169277
:10B2000070E2179271E2189272E2199273E21A9246
:10B2100074E21B9275E21C9276E21D9277E21E9216
:10B2200078E21F9279E220927AE221927BE22292E6
:10B230007CE223927DE224927EE2259280E22692B5
:10B2400081E2279282E2289283E2299284E22A9282
:10B2500085E22B9286E22C9287E22D9288E22E9252
:10B2600089E22F928AE230928BE231928CE2329222
:10B270008DE233928EE234928FE2359290E23692F2
:10B2800091E2379292E2389293E2399294E23A92C2
:10B2900095E23B9296E23C9297E23D9298E23E9292
:10B2A00099E23F929AE240929BE241929CE2429262
:10B2B0009DE243929EE244929FE24592A0E2469232
:10B2C00040E3479241E3489242E3499243E34A9282
:10B2D00044E34B9245E34C9246E34D9247E34E9252
:10B2E00048E34F9249E350924AE351924BE3529222
:10B2F0004CE353924DE354924EE355924FE35692F2
:10B3000050E3579251E3589252E3599253E35A92C1
:10B3100054E35B9255E35C9256E35D9257E35E9291
:10B3200058E35F9259E360925AE361925BE3629261
:10B330005CE363925DE364925EE365925FE3669231
:10B3400060E3679261E3689262E3699263E36A9201
:10B3500064E36B9265E36C9266E36D9267E36E92D1
:10B3600068E36F9269E370926AE371926BE37292A1
:10B370006CE373926DE37492F8BC75926EE376920F
:10B380006FE3779270E3789271E3799272E37A9245
:10B3900073E37B9274E37C9275E37D9276E37E9215
:10B3A00077E37F9278E3809279E381927AE38292E5
:10B3B0007BE383927CE384927DE385927EE38692B5
:10B3C00080E3879281E3889282E3899283E38A9281
:10B3D00084E38B9285E38C9286E38D9287E38E9251
:10B3E000C6F68F9288E3909289E391928AE39292D3
:10B3F0008BE393928CE394928DE395928EE39692F5
:10B400008FE3979290E3989291E3999292E39A92C4
:10B4100093E39B9294E39C9295E39D9296E39E9294
:10B4200097E39F9298E3A09299E3A1929AE3A29264
:10B430009BE3A3929CE3A4929DE3A5929EE3A69234
:10B440009FE3A792A0E3A89240E4A99241E4AA92C4
:10B4500042E4AB9243E4AC9244E4AD9245E4AE9254
:10B46000C7F6AF9246E4B09247E4B19248E4B29294
:10B4700049E4B3924AE4B4924BE4B5924CE4B692F8
:10B480004DE4B7924EE4B8924FE4B99250E4BA92C8
:10B4900051E4BB9252E4BC9253E4BD9254E4BE9298
:10B4A00055E4BF9256E4C09257E4C19258E4C29268
:10B4B00059E4C3925AE4C4925BE4C5925CE4C69238
:10B4C0005DE4C7925EE4C892C8F6C9925FE4CA928E
:10B4D00060E4CB9261E4CC9262E4CD9263E4CE92DC
:10B4E00064E4CF9265E4D09266E4D19267E4D292AC
:10B4F00068E4D39269E4D4926AE4D5926BE4D6927C
:10B500006CE4D7926DE4D8926EE4D9926FE4DA924B
:10B5100070E4DB9271E4DC9272E4DD9273E4DE921B
:10B5200074E4DF9275E4E09276E4E19277E4E292EB
:10B5300078E4E39279E4E4927AE4E5927BE4E692BB
:10B540007CE4E7927DE4E8927EE4E99280E4EA928A
:10B5500081E4EB9282E4EC9283E4ED9284E4EE9257
:10B5600085E4EF9286E4F09287E4F19288E4F29227
:10B5700089E4F3928AE4F4928BE4F5928CE4F692F7
:10B580008DE4F7928EE4F8928FE4F99290E4FA92C7
:10B5900091E4FB9292E4FC9293E4FD9294E4FE9297
:10B5A00095E4FF9296E4009397E4019398E4029364
:10B5B00099E403939AE404939BE405939CE4069333
:10B5C0009DE407939EE408939FE40993A0E40A9303
:10B5D00040E50B9341E50C9342E50D9343E50E9353
:10B5E00044E50F9345E5109346E5119347E5129323
:10B5F00048E5139349E514934AE515934BE51693F3
:10B600004CE517934DE518934EE519934FE51A93C2
:10B6100050E51B9351E51C9352E51D9353E51E9392
:10B6200054E51F9355E5209356E5219357E5229362
:10B6300058E5239359E524935AE525935BE5269332
:10B640005CE527935DE528935EE529935FE52A9302
:10B6500060E52B9361E52C9362E52D9363E52E93D2
:10B6600064E52F9365E5309366E5319367E53293A2
:10B6700068E5339369E534936AE535936BE5369372
:10B680006CE537936DE538936EE539936FE53A9342
:10B6900070E53B9371E53C9372E53D9373E53E9312
:10B6A000C9F63F9374E5409375E5419376E542937F
:10B6B00077E5439378E5449379E545937AE54693B6
:10B6C0007BE547937CE548937DE549937EE54A9386
:10B6D00080E54B9381E54C9382E54D9383E54E9352
:10B6E00084E54F9385E5509386E5519387E5529322
:10B6F00088E5539389E554938AE555938BE55693F2
:10B700008CE557938DE558938EE559938FE55A93C1
:10B7100090E55B9391E55C9392E55D9393E55E9391
:10B7200094E55F9395E5609396E5619397E5629361
:10B7300098E5639399E564939AE565939BE5669331
:10B740009CE567939DE568939EE569939FE56A9301
:10B75000CAF66B93A0E56C9340E66D9341E66E9359
:10B7600042E66F9343E6709344E6719345E6729325
:10B7700046E6739347E6749348E6759349E67693F5
:10B780004AE677934BE678934CE679934DE67A93C5
:10B790004EE67B934FE67C9350E67D9351E67E9395
:10B7A00052E67F9353E6809354E6819355E6829365
:10B7B00056E6839357E6849358E6859359E6869335
:10B7C0005AE687935BE688935CE689935DE68A9305
:10B7D0005EE68B935FE68C9360E68D9361E68E93D5
:10B7E00062E68F93CCF6909363E6919364E692932E
:10B7F00065E6939366E6949367E6959368E6969379
:10B8000069E697936AE698936BE699936CE69A9348
:10B810006DE69B936EE69C936FE69D9370E69E9318
:10B8200071E69F9372E6A09373E6A19374E6A293E8
:10B8300075E6A39376E6A49377E6A59378E6A693B8
:10B8400079E6A7937AE6A8937BE6A9937CE6AA9388
:10B850007DE6AB937EE6AC9380E6AD9381E6AE9356
:10B8600082E6AF9383E6B09384E6B19385E6B29324
:10B8700086E6B39387E6B49388E6B59389E6B693F4
:10B880008AE6B7938BE6B8938CE6B9938DE6BA93C4
:10B890008EE6BB938FE6BC9390E6BD9391E6BE9394
:10B8A00092E6BF9393E6C09394E6C19395E6C29364
:10B8B00096E6C39397E6C49398E6C59399E6C69334
:10B8C0009AE6C7939BE6C8939CE6C9939DE6CA9304
:10B8D000CBF6CB939EE6CC939FE6CD93A0E6CE939A
:10B8E00040E7CF9341E7D09342E7D19343E7D29328
:10B8F00044E7D39345E7D49346E7D59347E7D693F8
:10B90000E9F7D79348E7D89349E7D9934AE7DA9319
:10B910004BE7DB934CE7DC934DE7DD934EE7DE939B
:10B920004FE7DF9350E7E09351E7E19352E7E2936B
:10B9300053E7E39354E7E49355E7E59356E7E6933B
:10B9400057E7E79358E7E89359E7E9935AE7EA930B
:10B950005BE7EB935CE7EC935DE7ED935EE7EE93DB
:10B960005FE7EF9360E7F09361E7F19362E7F293AB
:10B9700063E7F39364E7F49365E7F59366E7F6937B
:10B9800067E7F79368E7F89369E7F9936AE7FA934B
:10B990006BE7FB936CE7FC936DE7FD936EE7FE931B
:10B9A0006FE7FF9370E7009471E7019472E70294E8
:10B9B00073E7039474E7049475E7059476E70694B7
:10B9C00077E7079478E7089479E709947AE70A9487
:10B9D0007BE70B947CE70C947DE70D947EE70E9457
:10B9E00080E70F9481E7109482E7119483E7129423
:10B9F00084E7139485E7149486E7159487E71694F3
:10BA000088E7179489E718948AE719948BE71A94C2
:10BA10008CE71B948DE71C948EE71D948FE71E9492
:10BA200090E71F9491E7209492E7219493E7229462
:10BA300094E7239495E7249496E7259497E7269432
:10BA400098E7279499E728949AE729949BE72A9402
:10BA50009CE72B949DE72C949EE72D949FE72E94D2
:10BA6000A0E72F9440E8309441E8319442E83294C2
:10BA700043E8339444E8349445E8359446E83694F2
:10BA800047E8379448E8389449E839944AE83A94C2
:10BA90004BE83B944CE83C944DE83D944EE83E9492
:10BAA000CDF63F944FE8409450E8419451E84294D9
:10BAB00052E8439453E8449454E8459455E8469436
:10BAC00056E8479457E8489458E8499459E84A9406
:10BAD0005AE84B945BE84C945CE84D945DE84E94D6
:10BAE0005EE84F945FE8509460E8519461E85294A6
:10BAF00062E8539463E8549464E8559465E8569476
:10BB000066E8579467E8589468E8599469E85A9445
:10BB10006AE85B946BE85C946CE85D946DE85E9415
:10BB20006EE85F946FE8609470E8619471E86294E5
:10BB300072E8639473E8649474E8659475E86694B5
:10BB400076E8679477E8689478E8699479E86A9485
:10BB50007AE86B94CEF66C947BE86D947CE86E94F6
:10BB60007DE86F947EE8709480E8719481E8729427
:10BB700082E8739483E8749484E8759485E87694F5
:10BB800086E8779487E8789488E8799489E87A94C5
:10BB90008AE87B948BE87C948CE87D948DE87E9495
:10BBA0008EE87F948FE8809490E8819491E8829465
:10BBB00092E8839493E8849494E88594C4EE869400
:10BBC000C5EE8794C6EE8894EBD58994A4B68A9482
:10BBD000C8EE8B94C7EE8C94C9EE8D94CAEE8E9409
:10BBE000A5C78F94CBEE9094CCEE919495E8929467
:10BBF000B0B79394F6B59494CDEE9594CFEE969419
:10BC000096E89794CEEE989497E89994C6B89A944B
:10BC1000D0EE9B94D1EE9C94D2EE9D94DBB69E9494
:10BC2000AEB39F94D3D6A094C6C4A194B5B1A29448
:10BC3000D6B8A394D3EEA494D4EEA594BFD4A6947E
:10BC4000D5C7A794FBBEA894D9CEA994B3B9AA949A
:10BC5000D6EEAB94D5EEAC94D8EEAD94D7EEAE94D0
:10BC6000A5C5AF94D9EEB094DAEEB194AEC7B29454
:10BC7000DBEEB394AFC7B494DCEEB594A7B2B69440
:10BC8000DDEEB794DEEEB894DFEEB994E0EEBA9450
:10BC9000E1EEBB94EAD7BC94E2EEBD94E3EEBE9431
:10BCA000D8BCBF94E4EEC094CBD3C194FACCC29478
:10BCB000ACB2C394E5C1C494E5EEC594A6C7C694DE
:10BCC000ADC3C79498E8C894E6EEC994E7EECA9469
:10BCD000E8EECB94E9EECC94EAEECD94EBEECE9484
:10BCE000ECEECF9499E8D094EDEED194EEEED294B0
:10BCF000EFEED3949AE8D4949BE8D594F0EED694E2
:10BD0000F1EED794F2EED894F4EED994F3EEDA94FF
:10BD10009CE8DB94F5EEDC94ADCDDD94C1C2DE94FD
:10BD2000F6EEDF94F7EEE094F8EEE194A1D5E2941C
:10BD3000F9EEE394B3CFE494FAEEE594FBEEE694E7
:10BD40009DE8E794FCEEE894FDEEE994A1EFEA9417
:10BD5000FEEEEB94A2EFEC94F5B8ED94FAC3EE94FA
:10BD6000A3EFEF94A4EFF094C2BDF194BFD2F2948C
:10BD7000F9B2F394A5EFF494A6EFF594A7EFF69437
:10BD8000F8D2F794A8EFF894FDD6F994A9EFFA94B5
:10BD9000CCC6FB949EE8FC94AAEFFD94ABEFFE9416
:10BDA000B4C1FF94ACEF0095FACF0195F8CB0295A2
:10BDB000AEEF0395ADEF0495FAB30595F8B9069586
:10BDC000AFEF0795B0EF0895E2D00995B1EF0A956E
:10BDD000B2EF0B95E6B70C95BFD00D95B3EF0E956E
:10BDE000B4EF0F95B5EF1095F1C81195E0CC129511
:10BDF000B6EF1395B7EF1495B8EF1595B9EF169503
:10BE0000BAEF1795E0D51895BBEF1995EDB41A95D3
:10BE1000AAC31B95BCEF1C959FE81D95BDEF1E9511
:10BE2000BEEF1F95BFEF2095A0E82195FDCE22958E
:10BE3000C0EF2395E0C22495B8B42595B6D72695D2
:10BE4000F5BD279540E92895C7CF2995C3EF2A95D9
:10BE5000C1EF2B95C2EF2C95C4EF2D95A7B62E956B
:10BE6000FCBC2F95E2BE3095CCC33195C5EF329521
:10BE7000C6EF339541E93495C7EF3595CFEF369549
:10BE8000C8EF3795C9EF3895CAEF3995C2C73A95CB
:10BE9000F1EF3B95CDB63C95CBEF3D9542E93E9514
:10BEA000CCEF3F95CDEF4095C6B64195BEC34295C8
:10BEB000CEEF439543E94495D0EF4595D1EF4695B4
:10BEC000D2EF4795F2D5489544E94995D3EF4A9585
:10BED000F7C44B9545E94C95D4EF4D95F8C44E9574
:10BEE000D5EF4F95D6EF5095E4B85195F7B05295F0
:10BEF000D7EF5395D8EF5495D9EF559546E9569518
:10BF0000DAEF5795DBEF5895DCEF5995DDEF5A9551
:10BF100047E95B95DEEF5C95B5BE5D95E1EF5E951B
:10BF2000DFEF5F95E0EF609548E96195E2EF62959C
:10BF3000E3EF6395CDC16495E4EF6595E5EF669514
:10BF4000E6EF6795E7EF6895E8EF6995E9EF6A95A1
:10BF5000EAEF6B95EBEF6C95ECEF6D95D8C06E95B5
:10BF600049E96F95EDEF7095ADC17195EEEF729562
:10BF7000EFEF7395F0EF74954AE975954BE9769577
:10BF8000E2CF77954CE978954DE979954EE97A9528
:10BF90004FE97B9550E97C9551E97D9552E97E9575
:10BFA00053E97F95A4B3809554E9819555E982952D
:10BFB00056E9839557E9849558E9859559E9869519
:10BFC0005AE987955BE988955CE989955DE98A95E9
:10BFD0005EE98B955FE98C9560E98D9561E98E95B9
:10BFE00062E98F9563E9909564E9919565E9929589
:10BFF00066E9939567E9949568E9959569E9969559
:10C000006AE997956BE998956CE999956DE99A9528
:10C010006EE99B956FE99C9570E99D9571E99E95F8
:10C0200072E99F9573E9A09574E9A19575E9A295C8
:10C0300076E9A39577E9A49578E9A59579E9A69598
:10C040007AE9A7957BE9A8957CE9A9957DE9AA9568
:10C050007EE9AB9580E9AC9581E9AD9582E9AE9535
:10C0600083E9AF9584E9B09585E9B19586E9B29504
:10C0700087E9B39588E9B49589E9B5958AE9B695D4
:10C080008BE9B7958CE9B8958DE9B9958EE9BA95A4
:10C090008FE9BB9590E9BC9591E9BD9592E9BE9574
:10C0A00093E9BF9594E9C09595E9C19596E9C29544
:10C0B00097E9C39598E9C49599E9C5959AE9C69514
:10C0C0009BE9C7959CE9C8959DE9C9959EE9CA95E4
:10C0D0009FE9CB95A0E9CC9540EACD9541EACE9574
:10C0E00042EACF9543EAD09544EAD19545EAD29504
:10C0F00046EAD39547EAD49548EAD59549EAD695D4
:10C100004AEAD7954BEAD8954CEAD9954DEADA95A3
:10C110004EEADB954FEADC9550EADD9551EADE9573
:10C1200052EADF9553EAE09554EAE19555EAE29543
:10C1300056EAE39557EAE49558EAE59559EAE69513
:10C140005AEAE7955BEAE895C5C3E995C5E3EA9540
:10C15000C1C9EB95C6E3EC955CEAED95D5B1EE95DA
:10C16000CACEEF95B3B4F095F2C8F195C7E3F29556
:10C17000D0CFF395C8E3F495E4BCF595C9E3F69503
:10C18000CAE3F795C6C3F895A2D5F995D6C4FA9532
:10C19000EBB9FB95C5CEFC95CBE3FD95F6C3FE95BB
:10C1A000CCE3FF955DEA0096A7B70196F3B8029637
:10C1B000D2BA0396CDE30496CEE30596C4D4069690
:10C1C000CFE307965EEA0896D0E30996CBD10A96AC
:10C1D000D1E30B96D2E30C96D3E30D96D4E30E96FF
:10C1E000D6D10F96D5E31096FBB21196BBC012962E
:10C1F000D6E313965FEA1496ABC01596D7E316966E
:10C20000D8E31796D9E3189660EA1996DAE31A96F6
:10C21000DBE31B9661EA1C96B7B81D96E2DA1E9620
:10C2200062EA1F96D3B6209663EA2196E4DA229654
:10C23000E3DA239664EA249665EA259666EA26966A
:10C2400067EA279668EA289669EA29966AEA2A96AA
:10C25000E6DA2B966BEA2C966CEA2D966DEA2E9612
:10C26000EEC82F966EEA30966FEA3196E5DA32968E
:10C27000C0B73396F4D13496F5D23596F3D53696C9
:10C28000D7BD379670EA389671EA399672EA3A96CF
:10C2900073EA3B96E8D73C96E8DA3D96E7DA3E96B5
:10C2A00074EA3F96A2B04096D3CD419675EA429685
:10C2B000E9DA439676EA4496BDB84596CABC4696F6
:10C2C000BDC24796A4C24896C2B34996EADA4A96D6
:10C2D00077EA4B96AAC24C96B0C44D96B5BD4E9621
:10C2E00078EA4F9679EA5096DECF51967AEA5296DE
:10C2F0007BEA53967CEA5496EBDA5596C2C9569679
:10C300007DEA57967EEA589680EA599681EA5A96CF
:10C3100082EA5B96DDB15C9683EA5D9684EA5E967E
:10C3200085EA5F96ECDA609686EA6196B8B6629620
:10C33000BAD4639687EA6496FDB3659688EA6696F2
:10C3400089EA6796EDDA6896C9D46996D5CF6A9678
:10C35000E3C56B968AEA6C96EEDA6D968BEA6E967A
:10C360008CEA6F968DEA70968EEA71968FEA7296D5
:10C37000EFDA739690EA7496F0DA7596EAC17696DB
:10C38000D5CC7796DDCF789691EA799692EA7A962F
:10C3900093EA7B9694EA7C9695EA7D9696EA7E9659
:10C3A00097EA7F9698EA809699EA81969AEA829629
:10C3B0009BEA83969CEA84969DEA8596E7D38696C7
:10C3C000A1C287969EEA8896F1DA89969FEA8A96B4
:10C3D000A0EA8B96E5CB8C9640EB8D96F2DA8E96A2
:10C3E00041EB8F96E6CB9096FED2919642EB9296D9
:10C3F00043EB939644EB9496F4B8959645EB96965A
:10C4000046EB9796F3DA9896AFB09996B6CF9A9690
:10C4100047EB9B9648EB9C96CFD59D9649EB9E9615
:10C420004AEB9F964BEBA0964CEBA1964DEBA29658
:10C430004EEBA3964FEBA49650EBA59651EBA69628
:10C4400052EBA796EDCBA89653EBA99654EBAA9680
:10C4500055EBAB9656EBAC9657EBAD9658EBAE96CC
:10C4600059EBAF965AEBB096F4DAB1965BEBB29615
:10C470005CEBB396C4E3B4965DEBB5965EEBB69613
:10C48000A5C1B7965FEBB89660EBB996BFF6BA96C2
:10C4900061EBBB9662EBBC96C0F6BD96C1F6BE964C
:10C4A000D1C4BF9663EBC096B8C8C196E3D1C2961B
:10C4B00064EBC39665EBC496DBD0C596C5D1C69632
:10C4C000AFBCC796CDB9C89666EBC996F4EFCA96CD
:10C4D00067EBCB9668EBCC96C6B4CD96BAD3CE9626
:10C4E000C2F6CF96FBB3D09669EBD1966AEBD296A3
:10C4F000C3F6D3966BEBD4966CEBD596F1B5D69686
:10C500006DEBD7966EEBD8966FEBD99670EBDA960B
:10C5100071EBDB9672EBDC9673EBDD9674EBDE96DB
:10C5200075EBDF9676EBE096C5F6E19677EBE29653
:10C5300078EBE39679EBE4967AEBE5967BEBE6967F
:10C540007CEBE7967DEBE896EAD3E996A7F6EA96C8
:10C55000A9D1EB967EEBEC9680EBED9681EBEE9617
:10C5600082EBEF96A9F6F09683EBF19684EBF296C8
:10C5700085EBF396A8F6F49686EBF59687EBF696A0
:10C58000E3C1F796D7C0F89688EBF996A2B1FA9670
:10C5900089EBFB968AEBFC968BEBFD968CEBFE967B
:10C5A000EDCEFF968DEB0097E8D00197ABF60297A2
:10C5B0008EEB03978FEB0497F6CF059790EB0697DA
:10C5C000AAF60797F0D50897ACF60997B9C30A976A
:10C5D00091EB0B9792EB0C9793EB0D97F4BB0E97A7
:10C5E000AEF60F97ADF6109794EB119795EB129767
:10C5F00096EB1397DEC4149797EB159798EB169765
:10C60000D8C1179799EB18979AEB19979BEB1A9744
:10C610009CEB1B979DEB1C97AACB1D979EEB1E973F
:10C62000BCCF1F979FEB2097A0EB219740EC229760
:10C6300041EC239742EC249743EC259744EC269752
:10C6400045EC279746EC289747EC299748EC2A9722
:10C65000AFF62B9749EC2C974AEC2D97B0F62E9716
:10C660004BEC2F974CEC3097B1F631974DEC32975D
:10C67000B6C233974EEC34974FEC359750EC369763
:10C6800051EC379752EC3897D4B03997F9C53A97AF
:10C6900053EC3B9754EC3C9755EC3D9756EC3E974A
:10C6A000B2F63F9757EC409758EC419759EC4297B8
:10C6B0005AEC43975BEC44975CEC45975DEC4697EE
:10C6C0005EEC47975FEC489760EC499761EC4A97BE
:10C6D00062EC4B9763EC4C9764EC4D9765EC4E978E
:10C6E00066EC4F9767EC509768EC519769EC52975E
:10C6F000E0C75397A6F654976AEC55976BEC56979C
:10C70000B8BE57976CEC58976DEC5997B2BE5A97D4
:10C710006EEC5B97E5B55C976FEC5D9770EC5E97A0
:10C72000C7B75F9771EC6097BFBF6197D2C362973D
:10C73000E6C3639772EC649773EC6597CCD8669701
:10C7400074EC679775EC689776EC6997EFB86A9721
:10C7500077EC6B9778EC6C9779EC6D977AEC6E9739
:10C760007BEC6F977CEC70977DEC71977EEC729709
:10C7700080EC7397F9BD7497A5D1759781EC769786
:10C78000D0B0779782EC789783EC799784EC7A979E
:10C7900085EC7B9786EC7C97B0F77D9787EC7E974E
:10C7A00088EC7F9789EC80978AEC81978BEC829755
:10C7B0008CEC83978DEC84978EEC8597B1F78697F8
:10C7C0008FEC879790EC889791EC899792EC8A97F9
:10C7D00093EC8B97ACD08C9794EC8D97B0B08E97F0
:10C7E00095EC8F9796EC909797EC9197B2F792977C
:10C7F000B3F7939798EC9497B4F7959799EC96972D
:10C800009AEC97979BEC9897CAC799979CEC9A9744
:10C810009DEC9B979EEC9C979FEC9D97A0EC9E9720
:10C8200040ED9F9741EDA097CFBEA19742EDA29713
:10C8300043EDA397B7F7A49744EDA59745EDA697C9
:10C8400046EDA79747EDA89748EDA99749EDAA9718
:10C850004AEDAB97B6F7AC974BEDAD97DEB1AE971F
:10C860004CEDAF97B5F7B0974DEDB1974EEDB29750
:10C87000B8F7B3974FEDB497B9F7B59750EDB697B2
:10C8800051EDB79752EDB89753EDB99754EDBA976C
:10C8900055EDBB9756EDBC9757EDBD9758EDBE973C
:10C8A00059EDBF975AEDC0975BEDC1975CEDC2970C
:10C8B0005DEDC3975EEDC4975FEDC59760EDC697DC
:10C8C00061EDC79762EDC89763EDC99764EDCA97AC
:10C8D00065EDCB9766EDCC9767EDCD9768EDCE977C
:10C8E00069EDCF976AEDD0976BEDD1976CEDD2974C
:10C8F0006DEDD3976EEDD4976FEDD59770EDD6971C
:10C9000071EDD79772EDD89773EDD99774EDDA97EB
:10C9100075EDDB9776EDDC9777EDDD9778EDDE97BB
:10C9200079EDDF977AEDE0977BEDE1977CEDE2978B
:10C930007DEDE3977EEDE49780EDE59781EDE69759
:10C94000A4CEE797CDC8E89782EDE997ABBAEA970E
:10C95000B8E8EB97B9E8EC97BAE8ED97C2BEEE9766
:10C9600083EDEF9784EDF09785EDF19786EDF297E3
:10C9700087EDF397F4D2F49788EDF597CFD4F69737
:10C98000D8C9F79789EDF8978AEDF9978BEDFA9763
:10C990008CEDFB978DEDFC978EEDFD978FEDFE975F
:10C9A00090EDFF9791ED009892ED019893ED02982C
:10C9B00094ED039895ED049896ED059897ED0698FB
:10C9C00098ED079899ED08989AED09989BED0A98CB
:10C9D0009CED0B989DED0C989EED0D989FED0E989B
:10C9E000A0ED0F9840EE109841EE119842EE12988B
:10C9F00043EE139844EE149845EE159846EE1698BB
:10CA000047EE179848EE189849EE19984AEE1A988A
:10CA10004BEE1B984CEE1C984DEE1D984EEE1E985A
:10CA20004FEE1F9850EE209851EE219852EE22982A
:10CA300053EE239854EE249855EE259856EE2698FA
:10CA400057EE279858EE289859EE29985AEE2A98CA
:10CA50005BEE2B985CEE2C985DEE2D985EEE2E989A
:10CA60005FEE2F9860EE309861EE319862EE32986A
:10CA700063EE339864EE349865EE359866EE36983A
:10CA800067EE379868EE389869EE39986AEE3A980A
:10CA90006BEE3B986CEE3C986DEE3D986EEE3E98DA
:10CAA0006FEE3F9870EE409871EE419872EE4298AA
:10CAB00073EE439874EE449875EE459876EE46987A
:10CAC00077EE479878EE489879EE49987AEE4A984A
:10CAD0007BEE4B987CEE4C987DEE4D987EEE4E981A
:10CAE00080EE4F9881EE509882EE519883EE5298E6
:10CAF00084EE539885EE549886EE559887EE5698B6
:10CB000088EE579889EE58988AEE59988BEE5A9885
:10CB10008CEE5B988DEE5C988EEE5D988FEE5E9855
:10CB200090EE5F9891EE609892EE619893EE629825
:10CB300094EE639895EE649896EE659897EE6698F5
:10CB400098EE679899EE68989AEE69989BEE6A98C5
:10CB50009CEE6B989DEE6C989EEE6D989FEE6E9895
:10CB6000A0EE6F9840EF709841EF719842EF729885
:10CB700043EF739844EF749845EF7598B3D2769865
:10CB8000A5B67798EAC77898FCF17998EECF7A98AD
:10CB9000B3CB7B98EBD07C98EFE77D98E7CD7E9880
:10CBA000CBB97F98D9B68098FDF18198E4B082988E
:10CBB000CCCB8398FEF18498A4D48598ADC2869896
:10CBC000ECC18798C4C68898B1BE8998A1F28A98AA
:10CBD000D5BC8B9846EF8C98A2F28D98A3F28E98D4
:10CBE00047EF8F98A4F29098C3D29198B5C69298C7
:10CBF00048EF9398C7CD9498A5F2959849EF9698E9
:10CC0000B1D39798C5BF9898E2CC99984AEF9A9873
:10CC1000A6F29B98A7F29C98D5D19D98EEB69E98C7
:10CC2000A8F29F98A9F2A098DFB5A198AAF2A298BD
:10CC3000ABF2A3984BEFA498FCB2A598ACF2A698DF
:10CC4000ADF2A798A7C8A8984CEFA9984DEFAA985D
:10CC50004EEFAB984FEFAC9850EFAD9851EFAE98C8
:10CC600052EFAF9853EFB09854EFB19855EFB29898
:10CC700056EFB39857EFB49858EFB59859EFB69868
:10CC80005AEFB7985BEFB8985CEFB9985DEFBA9838
:10CC90005EEFBB985FEFBC9860EFBD9861EFBE9808
:10CCA00062EFBF9863EFC09864EFC19865EFC298D8
:10CCB00066EFC39867EFC49868EFC59869EFC698A8
:10CCC0006AEFC7986BEFC8986CEFC9986DEFCA9878
:10CCD0006EEFCB986FEFCC9870EFCD9871EFCE9848
:10CCE000E7B7CF9872EFD09873EFD198A9ECD298AC
:10CCF000AAECD398ABECD49874EFD598ACECD6985A
:10CD000075EFD79876EFD898AEC6D998ADECDA988B
:10CD1000AEECDB9877EFDC9878EFDD9879EFDE9872
:10CD2000C9B7DF98B3CAE0987AEFE1987BEFE29851
:10CD30007CEFE3987DEFE4987EEFE59880EFE6984E
:10CD400081EFE798B8E2E898CFF7E99882EFEA98A0
:10CD500083EFEB9884EFEC9885EFED9886EFEE98F3
:10CD600087EFEF9888EFF09889EFF1988AEFF298C3
:10CD70008BEFF3988CEFF4988DEFF5988EEFF69893
:10CD80008FEFF79890EFF89891EFF99892EFFA9863
:10CD900093EFFB9894EFFC9895EFFD9896EFFE9833
:10CDA00097EFFF9898EF009999EF01999AEF029900
:10CDB0009BEF03999CEF04999DEF05999EEF0699CF
:10CDC0009FEF0799A0EF089940F0099941F00A995F
:10CDD00042F00B9943F00C9944F00D99D0F70E995D
:10CDE00045F00F9946F01099CDB2119947F012997C
:10CDF00048F0139949F014994AF015994BF0169997
:10CE00004CF017994DF018994EF019994FF01A9966
:10CE100050F01B9951F01C9952F01D9953F01E9936
:10CE200054F01F9955F0209956F0219957F0229906
:10CE300058F0239959F024995AF025995BF02699D6
:10CE40005CF027995DF028995EF029995FF02A99A6
:10CE500060F02B9961F02C9962F02D9963F02E9976
:10CE6000D1F72F9964F0309965F0319966F03299D5
:10CE700067F0339968F0349969F035996AF036991A
:10CE80006BF037996CF038996DF039996EF03A99EA
:10CE90006FF03B9970F03C9971F03D9972F03E99BA
:10CEA00073F03F9974F0409975F0419976F042998A
:10CEB00077F0439978F0449979F045997AF046995A
:10CEC0007BF047997CF048997DF049997EF04A992A
:10CED00080F04B9981F04C9982F04D9983F04E99F6
:10CEE00084F04F9985F0509986F0519987F05299C6
:10CEF00088F0539989F05499D3F75599D2F75699F8
:10CF00008AF057998BF058998CF059998DF05A996D
:10CF10008EF05B998FF05C9990F05D9991F05E993D
:10CF200092F05F9993F0609994F0619995F062990D
:10CF300096F06399BBE2649997F06599A2BC6699F3
:10CF400098F06799BCE26899BDE26999BEE26A9976
:10CF5000BFE26B99C0E26C99C1E26D99B9B76E9965
:10CF6000FBD26F99A4BD7099CECA7199A5B172997F
:10CF7000C7CB739999F07499C2E27599FCB676990A
:10CF8000C4C87799C3E278999AF079999BF07A9915
:10CF9000C8BD7B999CF07C99FDB17D99C4E27E99D6
:10CFA0009DF07F99F6B68099C5E28199D9C482999E
:10CFB0009EF083999FF08499C6E28599DACF86998D
:10CFC000DDB98799C7E28899A1C08999A0F08A99AB
:10CFD000C8E28B99F6B28C9940F18D99C9E28E998D
:10CFE00041F18F99F3C19099CAE29199CBE292995C
:10CFF000F8C29399CCE29499CDE29599CEE29699B4
:10D00000D7CA9799B8D89899E5D99999E3CF9A99B9
:10D0100042F19B9943F19C9944F19D9945F19E9968
:10D0200046F19F9947F1A09948F1A19949F1A29938
:10D030004AF1A3994BF1A4994CF1A599A5F0A699B1
:10D040004DF1A7994EF1A899B0DCA9994FF1AA9991
:10D0500050F1AB9951F1AC9952F1AD9953F1AE99B0
:10D0600054F1AF9955F1B09956F1B19957F1B29980
:10D0700058F1B39959F1B4995AF1B5995BF1B69950
:10D080005CF1B7995DF1B8995EF1B9995FF1BA9920
:10D0900060F1BB9961F1BC9962F1BD9963F1BE99F0
:10D0A00064F1BF9965F1C09966F1C19967F1C299C0
:10D0B00068F1C39969F1C4996AF1C5996BF1C69990
:10D0C0006CF1C7996DF1C8996EF1C9996FF1CA9960
:10D0D00070F1CB9971F1CC9972F1CD9973F1CE9930
:10D0E00074F1CF9975F1D09976F1D19977F1D29900
:10D0F00078F1D39979F1D4997AF1D5997BF1D699D0
:10D100007CF1D7997DF1D8997EF1D99980F1DA999E
:10D1100081F1DB9982F1DC9983F1DD9984F1DE996B
:10D1200085F1DF9986F1E09987F1E19988F1E2993B
:10D1300089F1E3998AF1E4998BF1E5998CF1E6990B
:10D140008DF1E7998EF1E8998FF1E99990F1EA99DB
:10D1500091F1EB9992F1EC9993F1ED9994F1EE99AB
:10D1600095F1EF9996F1F09997F1F19998F1F2997B
:10D1700099F1F3999AF1F4999BF1F5999CF1F6994B
:10D180009DF1F7999EF1F8999FF1F999A0F1FA991B
:10D1900040F2FB9941F2FC9942F2FD9943F2FE996B
:10D1A00044F2FF9945F2009A46F2019A47F2029A38
:10D1B00048F2039A49F2049A4AF2059A4BF2069A07
:10D1C0004CF2079A4DF2089A4EF2099A4FF20A9AD7
:10D1D00050F20B9A51F20C9A52F20D9A53F20E9AA7
:10D1E00054F20F9A55F2109A56F2119A57F2129A77
:10D1F00058F2139A59F2149A5AF2159A5BF2169A47
:10D200005CF2179A5DF2189A5EF2199A5FF21A9A16
:10D2100060F21B9A61F21C9A62F21D9A63F21E9AE6
:10D2200064F21F9A65F2209A66F2219A67F2229AB6
:10D2300068F2239A69F2249A6AF2259A6BF2269A86
:10D240006CF2279A6DF2289A6EF2299A6FF22A9A56
:10D2500070F22B9A71F22C9A72F22D9A73F22E9A26
:10D2600074F22F9A75F2309A76F2319A77F2329AF6
:10D2700078F2339A79F2349A7AF2359A7BF2369AC6
:10D280007CF2379A7DF2389A7EF2399A80F23A9A95
:10D2900081F23B9A82F23C9A83F23D9A84F23E9A62
:10D2A00085F23F9A86F2409A87F2419A88F2429A32
:10D2B00089F2439A8AF2449A8BF2459A8CF2469A02
:10D2C0008DF2479A8EF2489A8FF2499A90F24A9AD2
:10D2D00091F24B9A92F24C9A93F24D9A94F24E9AA2
:10D2E00095F24F9A96F2509A97F2519A98F2529A72
:10D2F00099F2539A9AF2549A9BF2559A9CF2569A42
:10D300009DF2579A9EF2589A9FF2599AA0F25A9A11
:10D3100040F35B9A41F35C9A42F35D9A43F35E9A61
:10D3200044F35F9A45F3609A46F3619A47F3629A31
:10D3300048F3639A49F3649A4AF3659A4BF3669A01
:10D340004CF3679A4DF3689A4EF3699A4FF36A9AD1
:10D3500050F36B9A51F36C9AEDC26D9AA6D46E9A03
:10D36000D4CD6F9AB1D1709ADBB3719AFDC7729A1E
:10D3700052F3739AB5B2749ABFC2759AE0E6769A80
:10D38000BBCA779AE1E6789AE2E6799AD4BE7A9AAD
:10D39000E3E67B9AA4D77C9AD5CD7D9AE5E67E9A82
:10D3A000DDBC7F9AE4E6809AE6E6819AE7E6829A17
:10D3B000EEC2839A53F3849ABEBD859AE8E6869AB4
:10D3C000E6C2879AA7BA889AE9E6899A54F38A9AB4
:10D3D000EAE68B9AD2B38C9AE9D18D9A55F38E9A5C
:10D3E00056F38F9AA5BF909AEBE6919AEFC6929A60
:10D3F000ECE6939AEDE6949A57F3959A58F3969A39
:10D40000EEE6979AADC6989AEFE6999A59F39A9AEA
:10D41000A7C99B9AF0E69C9AF1E69D9AF2E69E9A3D
:10D42000B9E59F9AF3E6A09AF4E6A19AE2C2A29A1D
:10D43000F5E6A39AF6E6A49AE8D6A59AF7E6A69AA0
:10D440005AF3A79AF8E6A89AC7B9A99A5BF3AA9AD9
:10D450005CF3AB9A5DF3AC9A5EF3AD9A5FF3AE9A70
:10D4600060F3AF9A61F3B09ABBF7B19ABAF7B29A88
:10D4700062F3B39A63F3B49A64F3B59A65F3B69A18
:10D48000BEF7B79ABCF7B89AA1BAB99A66F3BA9A36
:10D49000BFF7BB9A67F3BC9AC0F7BD9A68F3BE9A10
:10D4A00069F3BF9A6AF3C09AC2F7C19AC1F7C29AE8
:10D4B000C4F7C39A6BF3C49A6CF3C59AC3F7C69AC0
:10D4C0006DF3C79A6EF3C89A6FF3C99A70F3CA9A4C
:10D4D00071F3CB9AC5F7CC9AC6F7CD9A72F3CE9A70
:10D4E00073F3CF9A74F3D09A75F3D19AC7F7D29A9F
:10D4F00076F3D39AE8CBD49A77F3D59A78F3D69A81
:10D5000079F3D79A7AF3D89ADFB8D99A7BF3DA9A73
:10D510007CF3DB9A7DF3DC9A7EF3DD9A80F3DE9A6E
:10D5200081F3DF9AD4F7E09A82F3E19AD5F7E29A91
:10D5300083F3E39A84F3E49A85F3E59A86F3E69A13
:10D54000D6F7E79A87F3E89A88F3E99A89F3EA9A93
:10D550008AF3EB9AD8F7EC9A8BF3ED9ADAF7EE9A16
:10D560008CF3EF9AD7F7F09A8DF3F19A8EF3F29A43
:10D570008FF3F39A90F3F49A91F3F59A92F3F69A63
:10D5800093F3F79A94F3F89A95F3F99ADBF7FA9AEA
:10D5900096F3FB9AD9F7FC9A97F3FD9A98F3FE9AC3
:10D5A00099F3FF9A9AF3009B9BF3019B9CF3029BD8
:10D5B0009DF3039BD7D7049B9EF3059B9FF3069B8C
:10D5C000A0F3079B40F4089BDCF7099B41F40A9BFE
:10D5D00042F40B9B43F40C9B44F40D9B45F40E9BCF
:10D5E00046F40F9BDDF7109B47F4119B48F4129B08
:10D5F00049F4139BDEF7149B4AF4159B4BF4169BDE
:10D600004CF4179B4DF4189B4EF4199B4FF41A9B46
:10D6100050F41B9B51F41C9B52F41D9B53F41E9B16
:10D6200054F41F9BDFF7209B55F4219B56F4229B5B
:10D6300057F4239BE0F7249B58F4259B59F4269B31
:10D640005AF4279B5BF4289B5CF4299B5DF42A9B8E
:10D650005EF42B9B5FF42C9B60F42D9B61F42E9B5E
:10D6600062F42F9BCBDB309B63F4319B64F4329BE1
:10D67000AAD8339B65F4349B66F4359B67F4369BDC
:10D6800068F4379B69F4389B6AF4399B6BF43A9BD6
:10D690006CF43B9BF7E53C9BEDB93D9B6DF43E9BE9
:10D6A0006EF43F9B6FF4409B70F4419BFDBF429B27
:10D6B000EABB439BC9F7449BC7C6459BC8F7469B3B
:10D6C00071F4479BCAF7489BCCF7499BCBF74A9B21
:10D6D00072F44B9B73F44C9B74F44D9BCDF74E9BB3
:10D6E00075F44F9BBACE509B76F4519BCEF7529B6C
:10D6F00077F4539B78F4549BA7C4559B79F4569BBD
:10D700007AF4579B7BF4589B7CF4599B7DF45A9B8D
:10D710007EF45B9B80F45C9B81F45D9B82F45E9B5A
:10D7200083F45F9B84F4609B85F4619B86F4629B29
:10D7300087F4639B88F4649B89F4659B8AF4669BF9
:10D740008BF4679B8CF4689B8DF4699B8EF46A9BC9
:10D750008FF46B9B90F46C9B91F46D9B92F46E9B99
:10D7600093F46F9B94F4709B95F4719B96F4729B69
:10D7700097F4739B98F4749B99F4759B9AF4769B39
:10D780009BF4779B9CF4789B9DF4799B9EF47A9B09
:10D790009FF47B9BA0F47C9B40F57D9B41F57E9B99
:10D7A00042F57F9B43F5809B44F5819B45F5829B29
:10D7B00046F5839B47F5849B48F5859B49F5869BF9
:10D7C0004AF5879B4BF5889B4CF5899B4DF58A9BC9
:10D7D0004EF58B9B4FF58C9B50F58D9B51F58E9B99
:10D7E00052F58F9B53F5909B54F5919B55F5929B69
:10D7F00056F5939B57F5949B58F5959B59F5969B39
:10D800005AF5979B5BF5989B5CF5999B5DF59A9B08
:10D810005EF59B9B5FF59C9B60F59D9B61F59E9BD8
:10D8200062F59F9B63F5A09B64F5A19B65F5A29BA8
:10D8300066F5A39B67F5A49B68F5A59B69F5A69B78
:10D840006AF5A79B6BF5A89B6CF5A99B6DF5AA9B48
:10D850006EF5AB9B6FF5AC9B70F5AD9B71F5AE9B18
:10D8600072F5AF9B73F5B09B74F5B19B75F5B29BE8
:10D8700076F5B39B77F5B49B78F5B59B79F5B69BB8
:10D880007AF5B79B7BF5B89B7CF5B99B7DF5BA9B88
:10D890007EF5BB9B80F5BC9B81F5BD9B82F5BE9B55
:10D8A00083F5BF9B84F5C09B85F5C19B86F5C29B24
:10D8B00087F5C39B88F5C49B89F5C59B8AF5C69BF4
:10D8C0008BF5C79B8CF5C89B8DF5C99B8EF5CA9BC4
:10D8D0008FF5CB9B90F5CC9B91F5CD9B92F5CE9B94
:10D8E00093F5CF9B94F5D09B95F5D19B96F5D29B64
:10D8F00097F5D39B98F5D49B99F5D59B9AF5D69B34
:10D900009BF5D79B9CF5D89B9DF5D99B9EF5DA9B03
:10D910009FF5DB9BA0F5DC9B40F6DD9B41F6DE9B93
:10D9200042F6DF9B43F6E09B44F6E19B45F6E29B23
:10D9300046F6E39B47F6E49B48F6E59B49F6E69BF3
:10D940004AF6E79B4BF6E89B4CF6E99B4DF6EA9BC3
:10D950004EF6EB9B4FF6EC9B50F6ED9B51F6EE9B93
:10D9600052F6EF9B53F6F09B54F6F19B55F6F29B63
:10D9700056F6F39B57F6F49B58F6F59B59F6F69B33
:10D980005AF6F79B5BF6F89B5CF6F99B5DF6FA9B03
:10D990005EF6FB9B5FF6FC9B60F6FD9B61F6FE9BD3
:10D9A00062F6FF9B63F6009C64F6019C65F6029CA0
:10D9B00066F6039C67F6049C68F6059C69F6069C6F
:10D9C0006AF6079C6BF6089C6CF6099C6DF60A9C3F
:10D9D0006EF60B9C6FF60C9C70F60D9C71F60E9C0F
:10D9E00072F60F9C73F6109C74F6119C75F6129CDF
:10D9F00076F6139C77F6149C78F6159C79F6169CAF
:10DA00007AF6179C7BF6189C7CF6199C7DF61A9C7E
:10DA10007EF61B9C80F61C9C81F61D9C82F61E9C4B
:10DA200083F61F9C84F6209C85F6219C86F6229C1A
:10DA300087F6239C88F6249C89F6259C8AF6269CEA
:10DA40008BF6279C8CF6289C8DF6299C8EF62A9CBA
:10DA50008FF62B9C90F62C9C91F62D9C92F62E9C8A
:10DA600093F62F9C94F6309C95F6319C96F6329C5A
:10DA700097F6339C98F6349C99F6359C9AF6369C2A
:10DA80009BF6379C9CF6389C9DF6399C9EF63A9CFA
:10DA90009FF63B9CA0F63C9C40F73D9C41F73E9C8A
:10DAA00042F73F9C43F7409C44F7419C45F7429C1A
:10DAB00046F7439C47F7449C48F7459C49F7469CEA
:10DAC0004AF7479C4BF7489C4CF7499C4DF74A9CBA
:10DAD0004EF74B9C4FF74C9C50F74D9C51F74E9C8A
:10DAE00052F74F9C53F7509C54F7519C55F7529C5A
:10DAF00056F7539C57F7549C58F7559C59F7569C2A
:10DB00005AF7579C5BF7589C5CF7599C5DF75A9CF9
:10DB10005EF75B9C5FF75C9C60F75D9C61F75E9CC9
:10DB200062F75F9C63F7609C64F7619C65F7629C99
:10DB300066F7639C67F7649C68F7659C69F7669C69
:10DB40006AF7679C6BF7689C6CF7699C6DF76A9C39
:10DB50006EF76B9C6FF76C9C70F76D9C71F76E9C09
:10DB600072F76F9C73F7709C74F7719C75F7729CD9
:10DB700076F7739C77F7749C78F7759C79F7769CA9
:10DB80007AF7779C7BF7789C7CF7799C7DF77A9C79
:10DB90007EF77B9C80F77C9CE3D37D9C81F77E9C09
:10DBA00082F77F9CCFF6809C83F7819CB3C2829CD6
:10DBB000D0F6839C84F7849C85F7859CD1F6869C5F
:10DBC000D2F6879CD3F6889CD4F6899C86F78A9CEB
:10DBD00087F78B9CD6F68C9C88F78D9CABB18E9C7E
:10DBE000D7F68F9C89F7909CD8F6919CD9F6929C99
:10DBF000DAF6939C8AF7949CDBF6959CDCF6969C6F
:10DC00008BF7979C8CF7989C8DF7999C8EF79A9C34
:10DC1000DDF69B9CDEF69C9CCACF9D9C8FF79E9C5C
:10DC2000DFF69F9CE0F6A09CE1F6A19CE2F6A29CA8
:10DC3000E3F6A39CE4F6A49CF0C0A59CE5F6A69CA4
:10DC4000E6F6A79CE7F6A89CE8F6A99CE9F6AA9C4C
:10DC500090F7AB9CEAF6AC9C91F7AD9CEBF6AE9CD2
:10DC6000ECF6AF9C92F7B09CEDF6B19CEEF6B29C50
:10DC7000EFF6B39CF0F6B49CF1F6B59CF2F6B69CC8
:10DC8000F3F6B79CF4F6B89CA8BEB99C93F7BA9C7F
:10DC9000F5F6BB9CF6F6BC9CF7F6BD9CF8F6BE9C70
:10DCA00094F7BF9C95F7C09C96F7C19C97F7C29CD0
:10DCB00098F7C39CFAC8C49CF9F6C59CFAF6C69CB2
:10DCC000FBF6C79CFCF6C89C99F7C99C9AF7CA9CBE
:10DCD000FDF6CB9CFEF6CC9CA1F7CD9CA2F7CE9C8A
:10DCE000A3F7CF9CA4F7D09CA5F7D19C9BF7D29C1F
:10DCF0009CF7D39CA6F7D49CA7F7D59CA8F7D69CF5
:10DD0000EEB1D79CA9F7D89CAAF7D99CABF7DA9CBF
:10DD10009DF7DB9C9EF7DC9CACF7DD9CADF7DE9CB1
:10DD2000DBC1DF9CAEF7E09C9FF7E19CA0F7E29C93
:10DD3000AFF7E39C40F8E49C41F8E59C42F8E69C90
:10DD400043F8E79C44F8E89C45F8E99C46F8EA9CCF
:10DD500047F8EB9C48F8EC9C49F8ED9C4AF8EE9C9F
:10DD60004BF8EF9C4CF8F09C4DF8F19C4EF8F29C6F
:10DD70004FF8F39C50F8F49C51F8F59C52F8F69C3F
:10DD800053F8F79C54F8F89C55F8F99C56F8FA9C0F
:10DD900057F8FB9C58F8FC9C59F8FD9C5AF8FE9CDF
:10DDA0005BF8FF9C5CF8009D5DF8019D5EF8029DAC
:10DDB0005FF8039D60F8049D61F8059D62F8069D7B
:10DDC00063F8079D64F8089D65F8099D66F80A9D4B
:10DDD00067F80B9D68F80C9D69F80D9D6AF80E9D1B
:10DDE0006BF80F9D6CF8109D6DF8119D6EF8129DEB
:10DDF0006FF8139D70F8149D71F8159D72F8169DBB
:10DE000073F8179D74F8189D75F8199D76F81A9D8A
:10DE100077F81B9D78F81C9D79F81D9D7AF81E9D5A
:10DE20007BF81F9D7CF8209D7DF8219D7EF8229D2A
:10DE300080F8239D81F8249D82F8259D83F8269DF6
:10DE400084F8279D85F8289D86F8299D87F82A9DC6
:10DE500088F82B9D89F82C9D8AF82D9D8BF82E9D96
:10DE60008CF82F9D8DF8309D8EF8319D8FF8329D66
:10DE700090F8339D91F8349D92F8359D93F8369D36
:10DE800094F8379D95F8389D96F8399D97F83A9D06
:10DE900098F83B9D99F83C9D9AF83D9D9BF83E9DD6
:10DEA0009CF83F9D9DF8409D9EF8419D9FF8429DA6
:10DEB000A0F8439D40F9449D41F9459D42F9469D96
:10DEC00043F9479D44F9489D45F9499D46F94A9DC6
:10DED00047F94B9D48F94C9D49F94D9D4AF94E9D96
:10DEE0004BF94F9D4CF9509D4DF9519D4EF9529D66
:10DEF0004FF9539D50F9549D51F9559D52F9569D36
:10DF000053F9579D54F9589D55F9599D56F95A9D05
:10DF100057F95B9D58F95C9D59F95D9D5AF95E9DD5
:10DF20005BF95F9D5CF9609D5DF9619D5EF9629DA5
:10DF30005FF9639D60F9649D61F9659D62F9669D75
:10DF400063F9679D64F9689D65F9699D66F96A9D45
:10DF500067F96B9D68F96C9D69F96D9D6AF96E9D15
:10DF60006BF96F9D6CF9709D6DF9719D6EF9729DE5
:10DF70006FF9739D70F9749D71F9759D72F9769DB5
:10DF800073F9779D74F9789D75F9799D76F97A9D85
:10DF900077F97B9D78F97C9D79F97D9D7AF97E9D55
:10DFA0007BF97F9D7CF9809D7DF9819D7EF9829D25
:10DFB00080F9839D81F9849D82F9859D83F9869DF1
:10DFC00084F9879D85F9889D86F9899D87F98A9DC1
:10DFD00088F98B9D89F98C9D8AF98D9D8BF98E9D91
:10DFE0008CF98F9D8DF9909D8EF9919D8FF9929D61
:10DFF00090F9939D91F9949D92F9959D93F9969D31
:10E0000094F9979D95F9989D96F9999D97F99A9D00
:10E0100098F99B9D99F99C9D9AF99D9D9BF99E9DD0
:10E020009CF99F9D9DF9A09D9EF9A19D9FF9A29DA0
:10E03000A0F9A39D40FAA49D41FAA59D42FAA69D90
:10E0400043FAA79D44FAA89D45FAA99D46FAAA9DC0
:10E0500047FAAB9D48FAAC9D49FAAD9D4AFAAE9D90
:10E060004BFAAF9D4CFAB09D4DFAB19D4EFAB29D60
:10E070004FFAB39D50FAB49D51FAB59D52FAB69D30
:10E0800053FAB79D54FAB89D55FAB99D56FABA9D00
:10E0900057FABB9D58FABC9D59FABD9D5AFABE9DD0
:10E0A0005BFABF9D5CFAC09D5DFAC19D5EFAC29DA0
:10E0B0005FFAC39D60FAC49D61FAC59D62FAC69D70
:10E0C00063FAC79D64FAC89D65FAC99D66FACA9D40
:10E0D00067FACB9D68FACC9D69FACD9D6AFACE9D10
:10E0E0006BFACF9D6CFAD09D6DFAD19D6EFAD29DE0
:10E0F0006FFAD39D70FAD49D71FAD59D72FAD69DB0
:10E1000073FAD79D74FAD89D75FAD99D76FADA9D7F
:10E1100077FADB9D78FADC9D79FADD9D7AFADE9D4F
:10E120007BFADF9D7CFAE09D7DFAE19D7EFAE29D1F
:10E1300080FAE39D81FAE49D82FAE59D83FAE69DEB
:10E1400084FAE79D85FAE89D86FAE99D87FAEA9DBB
:10E1500088FAEB9D89FAEC9D8AFAED9D8BFAEE9D8B
:10E160008CFAEF9D8DFAF09D8EFAF19D8FFAF29D5B
:10E1700090FAF39D91FAF49D92FAF59D93FAF69D2B
:10E1800094FAF79D95FAF89D96FAF99D97FAFA9DFB
:10E1900098FAFB9D99FAFC9D9AFAFD9D9BFAFE9DCB
:10E1A0009CFAFF9D9DFA009E9EFA019E9FFA029E98
:10E1B000A0FA039E40FB049E41FB059E42FB069E87
:10E1C00043FB079E44FB089E45FB099E46FB0A9EB7
:10E1D00047FB0B9E48FB0C9E49FB0D9E4AFB0E9E87
:10E1E0004BFB0F9E4CFB109E4DFB119E4EFB129E57
:10E1F0004FFB139E50FB149E51FB159E52FB169E27
:10E2000053FB179E54FB189E55FB199E56FB1A9EF6
:10E2100057FB1B9E58FB1C9E59FB1D9E5AFB1E9EC6
:10E220005BFB1F9EF1C4209EAFF0219EA6BC229EE8
:10E23000B0F0239EF9C3249E5CFB259EB8C5269EA4
:10E24000BBD1279E5DFB289EB1F0299EB2F02A9E8D
:10E25000B3F02B9EB4F02C9EB5F02D9EBCD12E9E1B
:10E260005EFB2F9EECD1309E5FFB319EB7F0329E5D
:10E27000B6F0339EA7D4349E60FB359ED2CD369E39
:10E28000B8F0379EBAF0389EB9F0399EBBF03A9E8E
:10E29000BCF03B9E61FB3C9E62FB3D9EEBB83E9E0C
:10E2A000BDF03F9EE8BA409E63FB419EBEF0429E99
:10E2B000BFF0439EE9BE449EC0F0459EECB6469E2C
:10E2C000C1F0479EC2F0489EC3F0499EC4F04A9EEA
:10E2D000B5C84B9EC5F04C9EC6F04D9E64FB4E9E4D
:10E2E000C7F04F9EF4C5509E65FB519EC8F0529EEC
:10E2F00066FB539E67FB549E68FB559EC9F0569E75
:10E3000069FB579ECAF0589EBDF7599E6AFB5A9EFC
:10E31000CBF05B9ECCF05C9ECDF05D9E6BFB5E9E79
:10E32000CEF05F9E6CFB609E6DFB619E6EFB629EFD
:10E330006FFB639ECFF0649ED7BA659E70FB669EAE
:10E34000D0F0679ED1F0689ED2F0699ED3F06A9EAD
:10E35000D4F06B9ED5F06C9ED6F06D9ED8F06E9E7C
:10E3600071FB6F9E72FB709EA5D3719ED7F0729E5B
:10E3700073FB739ED9F0749E74FB759E75FB769E3D
:10E3800076FB779E77FB789E78FB799E79FB7A9E69
:10E390007AFB7B9E7BFB7C9E7CFB7D9E7DFB7E9E39
:10E3A000BAF57F9EB9C2809E7EFB819E80FB829ED5
:10E3B000E4F7839E81FB849E82FB859E83FB869E81
:10E3C00084FB879EE5F7889EE6F7899E85FB8A9EFB
:10E3D00086FB8B9EE7F78C9E87FB8D9E88FB8E9E2F
:10E3E00089FB8F9E8AFB909E8BFB919E8CFB929E5D
:10E3F000E8F7939EB4C2949E8DFB959E8EFB969EED
:10E400008FFB979E90FB989E91FB999E92FB9A9E04
:10E4100093FB9B9E94FB9C9E95FB9D9EEAF79E9E84
:10E4200096FB9F9EEBF7A09E97FBA19E98FBA29E5A
:10E4300099FBA39E9AFBA49E9BFBA59E9CFBA69E7C
:10E44000F3C2A79E9DFBA89E9EFBA99E9FFBAA9E32
:10E45000A0FBAB9E40FCAC9E41FCAD9E42FCAE9E40
:10E4600043FCAF9E44FCB09E45FCB19E46FCB29E70
:10E4700047FCB39E48FCB49EF0F4B59E49FCB69EA2
:10E480004AFCB79E4BFCB89EEFF4B99E4CFCBA9E7A
:10E490004DFCBB9EE9C2BC9E4EFCBD9EE1F7BE9EFC
:10E4A000E2F7BF9E4FFCC09E50FCC19E51FCC29E35
:10E4B00052FCC39E53FCC49EC6BBC59E54FCC69E64
:10E4C00055FCC79E56FCC89E57FCC99EE4D9CA9EFF
:10E4D00058FCCB9E59FCCC9E5AFCCD9EF2CACE9ED7
:10E4E000E8C0CF9EA4F0D09E5BFCD19EDABAD29E4B
:10E4F0005CFCD39E5DFCD49EADC7D59E5EFCD69ED3
:10E500005FFCD79E60FCD89EACC4D99E61FCDA9EAD
:10E5100062FCDB9EECF7DC9EEDF7DD9EEEF7DE9E07
:10E5200063FCDF9EF0F7E09EEFF7E19E64FCE29E65
:10E53000F1F7E39E65FCE49E66FCE59EF4F7E69E3B
:10E5400067FCE79EF3F7E89E68FCE99EF2F7EA9E17
:10E55000F5F7EB9E69FCEC9E6AFCED9E6BFCEE9E73
:10E560006CFCEF9EF6F7F09E6DFCF19E6EFCF29E49
:10E570006FFCF39E70FCF49E71FCF59E72FCF69E9F
:10E5800073FCF79E74FCF89E75FCF99EE9EDFA9E0B
:10E5900076FCFB9EEAEDFC9EEBEDFD9E77FCFE9E7D
:10E5A000BCF6FF9E78FC009F79FC019F7AFC029FDD
:10E5B0007BFC039F7CFC049F7DFC059F7EFC069FEB
:10E5C00080FC079F81FC089F82FC099F83FC0A9FB7
:10E5D00084FC0B9FBDF60C9F85FC0D9FBEF60E9F25
:10E5E000A6B60F9F86FC109FBED8119F87FC129F76
:10E5F00088FC139FC4B9149F89FC159F8AFC169F41
:10E600008BFC179FBBD8189F8CFC199FB1DC1A9FFD
:10E610008DFC1B9F8EFC1C9F8FFC1D9F90FC1E9FE2
:10E6200091FC1F9F92FC209FF3CA219F93FC229F85
:10E63000F7F7239F94FC249F95FC259F96FC269F2B
:10E6400097FC279F98FC289F99FC299F9AFC2A9F5A
:10E650009BFC2B9F9CFC2C9FF8F72D9F9DFC2E9FD5
:10E660009EFC2F9FF9F7309F9FFC319FA0FC329FAB
:10E6700040FD339F41FD349F42FD359F43FD369F52
:10E6800044FD379FFBF7389F45FD399FFAF73A9FC6
:10E6900046FD3B9FC7B13C9F47FD3D9FFCF73E9F1A
:10E6A000FDF73F9F48FD409F49FD419F4AFD429F26
:10E6B0004BFD439F4CFD449FFEF7459F4DFD469FFC
:10E6C0004EFD479F4FFD489F50FD499F51FD4A9F7A
:10E6D00052FD4B9F53FD4C9F54FD4D9F55FD4E9F4A
:10E6E00056FD4F9F57FD509FEBC6519FB4EC529F74
:10E6F00058FD539F59FD549F5AFD559F5BFD569FF2
:10E700005CFD579F5DFD589F5EFD599F5FFD5A9FC1
:10E7100060FD5B9F61FD5C9F62FD5D9F63FD5E9F91
:10E7200064FD5F9F65FD609F66FD619F67FD629F61
:10E7300068FD639F69FD649F6AFD659F6BFD669F31
:10E740006CFD679F6DFD689F6EFD699F6FFD6A9F01
:10E7500070FD6B9F71FD6C9F72FD6D9F73FD6E9FD1
:10E7600074FD6F9F75FD709F76FD719F77FD729FA1
:10E7700078FD739F79FD749F7AFD759F7BFD769F71
:10E780007CFD779F7DFD789F7EFD799F80FD7A9F40
:10E7900081FD7B9F82FD7C9F83FD7D9F84FD7E9F0D
:10E7A00085FD7F9FDDB3809FB3F6819F86FD829FAD
:10E7B00087FD839FB4F6849FE4C1859FB5F6869F4D
:10E7C000B6F6879FB7F6889FB8F6899FB9F68A9FF5
:10E7D000BAF68B9FA3C88C9FBBF68D9F88FD8E9F3A
:10E7E00089FD8F9F8AFD909F8BFD919F8CFD929F4D
:10E7F0008DFD939F8EFD949F8FFD959F90FD969F1D
:10E8000091FD979F92FD989F93FD999FFAC19A9FC2
:10E81000A8B99B9FE8ED9C9F94FD9D9F95FD9E9FB1
:10E8200096FD9F9FEAB9A09FDFD9A19F97FDA29F68
:10E8300098FDA39F99FDA49F9AFDA59F9BFD2CF990
:10E840009CFD79F99DFD95F99EFDE7F99FFDF1F994
:10E85000A0FD0CFA40FE0DFA41FE0EFA42FE0FFA40
:10E8600043FE11FA44FE13FA45FE14FA46FE18FA66
:10E8700047FE1FFA48FE20FA49FE21FA4AFE23FA13
:10E880004BFE24FA4CFE27FA4DFE28FA4EFE29FADA
:10E890004FFE30FE55A931FEF2A633FEF4A634FE3B
:10E8A000F5A635FEE0A636FEE1A637FEF0A638FE58
:10E8B000F1A639FEE2A63AFEE3A63BFEEEA63CFE3A
:10E8C000EFA63DFEE6A63EFEE7A63FFEE4A640FE1E
:10E8D000E5A641FEE8A642FEE9A643FEEAA644FEFE
:10E8E000EBA649FE68A94AFE69A94BFE6AA94CFE3F
:10E8F0006BA94DFE6CA94EFE6DA94FFE6EA950FE90
:10E900006FA951FE70A952FE71A954FE72A955FE5D
:10E9100073A956FE74A957FE75A959FE76A95AFE29
:10E9200077A95BFE78A95CFE79A95DFE7AA95EFEF7
:10E930007BA95FFE7CA960FE7DA961FE7EA962FEC7
:10E9400080A963FE81A964FE82A965FE83A966FE93
:10E9500084A968FE85A969FE86A96AFE87A96BFE5F
:10E9600088A901FFA1A302FFA2A303FFA3A304FFA1
:10E97000E7A105FFA5A306FFA6A307FFA7A308FF1E
:10E98000A8A309FFA9A30AFFAAA30BFFABA30CFF2F
:10E99000ACA30DFFADA30EFFAEA30FFFAFA310FFFF
:10E9A000B0A311FFB1A312FFB2A313FFB3A314FFCF
:10E9B000B4A315FFB5A316FFB6A317FFB7A318FF9F
:10E9C000B8A319FFB9A31AFFBAA31BFFBBA31CFF6F
:10E9D000BCA31DFFBDA31EFFBEA31FFFBFA320FF3F
:10E9E000C0A321FFC1A322FFC2A323FFC3A324FF0F
:10E9F000C4A325FFC5A326FFC6A327FFC7A328FFDF
:10EA0000C8A329FFC9A32AFFCAA32BFFCBA32CFFAE
:10EA1000CCA32DFFCDA32EFFCEA32FFFCFA330FF7E
:10EA2000D0A331FFD1A332FFD2A333FFD3A334FF4E
:10EA3000D4A335FFD5A336FFD6A337FFD7A338FF1E
:10EA4000D8A339FFD9A33AFFDAA33BFFDBA33CFFEE
:10EA5000DCA33DFFDDA33EFFDEA33FFFDFA340FFBE
:10EA6000E0A341FFE1A342FFE2A343FFE3A344FF8E
:10EA7000E4A345FFE5A346FFE6A347FFE7A348FF5E
:10EA8000E8A349FFE9A34AFFEAA34BFFEBA34CFF2E
:10EA9000ECA34DFFEDA34EFFEEA34FFFEFA350FFFE
:10EAA000F0A351FFF1A352FFF2A353FFF3A354FFCE
:10EAB000F4A355FFF5A356FFF6A357FFF7A358FF9E
:10EAC000F8A359FFF9A35AFFFAA35BFFFBA35CFF6E
:10EAD000FCA35DFFFDA35EFFABA1E0FFE9A1E1FFA9
:10EAE000EAA1E2FF56A9E3FFFEA3E4FF57A9E5FF71
:10EAF000A4A3000000008000AC204081024E4181B0
:10EB0000044E4281054E4381064E44810F4E45819D
:10EB1000124E4681174E47811F4E4881204E498133
:10EB2000214E4A81234E4B81264E4C81294E4D81E8
:10EB30002E4E4E812F4E4F81314E5081334E51819A
:10EB4000354E5281374E53813C4E5481404E558153
:10EB5000414E5681424E5781444E5881464E59810E
:10EB60004A4E5A81514E5B81554E5C81574E5D81B4
:10EB70005A4E5E815B4E5F81624E6081634E618161
:10EB8000644E6281654E6381674E6481684E658123
:10EB90006A4E66816B4E67816C4E68816D4E6981ED
:10EBA0006E4E6A816F4E6B81724E6C81744E6D81B8
:10EBB000754E6E81764E6F81774E7081784E718181
:10EBC000794E72817A4E73817B4E74817C4E758151
:10EBD0007D4E76817F4E7781804E7881814E79811E
:10EBE000824E7A81834E7B81844E7C81854E7D81ED
:10EBF000874E7E818A4E8081904E8181964E8281A1
:10EC0000974E8381994E84819C4E85819D4E86814D
:10EC10009E4E8781A34E8881AA4E8981AF4E8A81FC
:10EC2000B04E8B81B14E8C81B44E8D81B64E8E81AB
:10EC3000B74E8F81B84E9081B94E9181BC4E928172
:10EC4000BD4E9381BE4E9481C84E9581CC4E968127
:10EC5000CF4E9781D04E9881D24E9981DA4E9A81CB
:10EC6000DB4E9B81DC4E9C81E04E9D81E24E9E817D
:10EC7000E64E9F81E74EA081E94EA181ED4EA28133
:10EC8000EE4EA381EF4EA481F14EA581F44EA681F4
:10EC9000F84EA781F94EA881FA4EA981FC4EAA81AF
:10ECA000FE4EAB81004FAC81024FAD81034FAE8170
:10ECB000044FAF81054FB081064FB181074FB2813C
:10ECC000084FB3810B4FB4810C4FB581124FB68101
:10ECD000134FB781144FB881154FB981164FBA81C0
:10ECE0001C4FBB811D4FBC81214FBD81234FBE8175
:10ECF000284FBF81294FC0812C4FC1812D4FC28128
:10ED00002E4FC381314FC481334FC581354FC681EA
:10ED1000374FC781394FC8813B4FC9813E4FCA81A8
:10ED20003F4FCB81404FCC81414FCD81424FCE816F
:10ED3000444FCF81454FD081474FD181484FD28139
:10ED4000494FD3814A4FD4814B4FD5814C4FD68107
:10ED5000524FD781544FD881564FD981614FDA81B4
:10ED6000624FDB81664FDC81684FDD816A4FDE8157
:10ED70006B4FDF816D4FE0816E4FE181714FE2811A
:10ED8000724FE381754FE481774FE581784FE681DB
:10ED9000794FE7817A4FE8817D4FE981804FEA81A1
:10EDA000814FEB81824FEC81854FED81864FEE8163
:10EDB000874FEF818A4FF0818C4FF1818E4FF28126
:10EDC000904FF381924FF481934FF581954FF681E7
:10EDD000964FF781984FF881994FF9819A4FFA81B0
:10EDE0009C4FFB819E4FFC819F4FFD81A14FFE8177
:10EDF000A24F4082A44F4182AB4F4282AD4F43822B
:10EE0000B04F4482B14F4582B24F4682B34F4782E2
:10EE1000B44F4882B64F4982B74F4A82B84F4B82AF
:10EE2000B94F4C82BA4F4D82BB4F4E82BC4F4F827E
:10EE3000BD4F5082BE4F5182C04F5282C14F53824C
:10EE4000C24F5482C64F5582C74F5682C84F578211
:10EE5000C94F5882CB4F5982CC4F5A82CD4F5B82DB
:10EE6000D24F5C82D34F5D82D44F5E82D54F5F829A
:10EE7000D64F6082D94F6182DB4F6282E04F63825E
:10EE8000E24F6482E44F6582E54F6682E74F678216
:10EE9000EB4F6882EC4F6982F04F6A82F24F6B82CF
:10EEA000F44F6C82F54F6D82F64F6E82F74F6F8292
:10EEB000F94F7082FB4F7182FC4F7282FD4F73825B
:10EEC000FF4F748200507582015076820250778223
:10EED000035078820450798205507A8206507B82F2
:10EEE00007507C8208507D8209507E820A508082C1
:10EEF0000B5081820E508282105083821150848286
:10EF0000135085821550868216508782175088824A
:10EF10001B5089821D508A821E508B8220508C8209
:10EF200022508D8223508E8224508F8227509082CF
:10EF30002B5091822F509282305093823150948284
:10EF40003250958233509682345097823550988251
:10EF50003650998237509A8238509B8239509C8221
:10EF60003B509D823D509E823F509F824050A082E8
:10EF70004150A1824250A2824450A3824550A482B3
:10EF80004650A5824950A6824A50A7824B50A8827B
:10EF90004D50A9825050AA825150AB825250AC823F
:10EFA0005350AD825450AE825650AF825750B0820B
:10EFB0005850B1825950B2825B50B3825D50B482D6
:10EFC0005E50B5825F50B6826050B7826150B882A1
:10EFD0006250B9826350BA826450BB826650BC8270
:10EFE0006750BD826850BE826950BF826A50C0823D
:10EFF0006B50C1826D50C2826E50C3826F50C4820A
:10F000007050C5827150C6827250C7827350C882D8
:10F010007450C9827550CA827850CB827950CC82A4
:10F020007A50CD827C50CE827D50CF828150D0826A
:10F030008250D1828350D2828450D3828650D4822F
:10F040008750D5828950D6828A50D7828B50D882F9
:10F050008C50D9828E50DA828F50DB829050DC82C5
:10F060009150DD829250DE829350DF829450E08294
:10F070009550E1829650E2829750E3829850E48264
:10F080009950E5829A50E6829B50E7829C50E88234
:10F090009D50E9829E50EA829F50EB82A050EC8204
:10F0A000A150ED82A250EE82A450EF82A650F082D1
:10F0B000AA50F182AB50F282AD50F382AE50F4828E
:10F0C000AF50F582B050F682B150F782B350F8825B
:10F0D000B450F982B550FA82B650FB82B750FC8228
:10F0E000B850FD82B950FE82BC504083BD50418370
:10F0F000BE504283BF504383C0504483C1504583B8
:10F10000C2504683C3504783C4504883C550498387
:10F11000C6504A83C7504B83C8504C83C9504D8357
:10F12000CA504E83CB504F83CC505083CD50518327
:10F13000CE505283D0505383D1505483D2505583F4
:10F14000D3505683D4505783D5505883D7505983C2
:10F15000D8505A83D9505B83DB505C83DC505D838D
:10F16000DD505E83DE505F83DF506083E05061835B
:10F17000E1506283E2506383E3506483E45065832B
:10F18000E5506683E8506783E9506883EA506983F5
:10F19000EB506A83EF506B83F0506C83F1506D83BA
:10F1A000F2506E83F4506F83F6507083F750718382
:10F1B000F8507283F9507383FA507483FC5075834E
:10F1C000FD507683FE507783FF507883005179831A
:10F1D00001517A8302517B8303517C8304517D83E7
:10F1E00005517E8308518083095181830A518283AE
:10F1F0000C5183830D5184830E5185830F51868377
:10F2000010518783115188831351898314518A8344
:10F2100015518B8316518C8317518D8318518E8312
:10F2200019518F831A5190831B5191831C519283E2
:10F230001D5193831E5194831F51958320519683B2
:10F2400022519783235198832451998325519A837E
:10F2500026519B8327519C8328519D8329519E834E
:10F260002A519F832B51A0832C51A1832D51A2831E
:10F270002E51A3832F51A4833051A5833151A683EE
:10F280003251A7833351A8833451A9833551AA83BE
:10F290003651AB833751AC833851AD833951AE838E
:10F2A0003A51AF833B51B0833C51B1833D51B2835E
:10F2B0003E51B3834251B4834751B5834A51B6831B
:10F2C0004C51B7834E51B8834F51B9835051BA83D3
:10F2D0005251BB835351BC835751BD835851BE8398
:10F2E0005951BF835B51C0835D51C1835E51C2835D
:10F2F0005F51C3836051C4836151C5836351C68329
:10F300006451C7836651C8836751C9836951CA83F1
:10F310006A51CB836F51CC837251CD837A51CE83A6
:10F320007E51CF837F51D0838351D1838451D28347
:10F330008651D3838751D4838A51D5838B51D68309
:10F340008E51D7838F51D8839051D9839151DA83CD
:10F350009351DB839451DC839851DD839A51DE8392
:10F360009D51DF839E51E0839F51E183A151E28350
:10F37000A351E383A651E483A751E583A851E68313
:10F38000A951E783AA51E883AD51E983AE51EA83DD
:10F39000B451EB83B851EC83B951ED83BA51EE838C
:10F3A000BE51EF83BF51F083C151F183C251F2834B
:10F3B000C351F383C551F483C851F583CA51F68311
:10F3C000CD51F783CE51F883D051F983D251FA83CE
:10F3D000D351FB83D451FC83D551FD83D651FE8399
:10F3E000D7514084D8514184D9514284DA51438461
:10F3F000DC514484DE514584DF514684E251478428
:10F40000E3514884E5514984E6514A84E7514B84ED
:10F41000E8514C84E9514D84EA514E84EC514F84BB
:10F42000EE515084F1515184F2515284F45153847D
:10F43000F7515484FE515584045256840552578422
:10F44000095258840B5259840C525A840F525B84CF
:10F4500010525C8413525D8414525E8415525F8492
:10F460001C5260841E5261841F5262842152638444
:10F47000225264842352658425526684265267840E
:10F48000275268842A5269842C526A842F526B84D2
:10F4900031526C8432526D8434526E8435526F8492
:10F4A0003C5270843E52718444527284455273843B
:10F4B0004652748447527584485276844952778400
:10F4C0004B5278844E5279844F527A8452527B84C4
:10F4D00053527C8455527D8457527E845852808486
:10F4E000595281845A5282845B5283845D5284844F
:10F4F0005F52858460528684625287846352888416
:10F500006452898466528A8468528B846B528C84DC
:10F510006C528D846D528E846E528F8470529084A2
:10F52000715291847352928474529384755294846C
:10F53000765295847752968478529784795298843B
:10F540007A5299847B529A847C529B847E529C840A
:10F5500080529D8483529E8484529F848552A084CD
:10F560008652A1848752A2848952A3848A52A48499
:10F570008B52A5848C52A6848D52A7848E52A88467
:10F580008F52A9849152AA849252AB849452AC8433
:10F590009552AD849652AE849752AF849852B084FF
:10F5A0009952B1849A52B2849C52B384A452B484C6
:10F5B000A552B584A652B684A752B784AE52B88479
:10F5C000AF52B984B052BA84B452BB84B552BC8431
:10F5D000B652BD84B752BE84B852BF84B952C084FB
:10F5E000BA52C184BB52C284BC52C384BD52C484CB
:10F5F000C052C584C152C684C252C784C452C88492
:10F60000C552C984C652CA84C852CB84CA52CC845B
:10F61000CC52CD84CD52CE84CE52CF84CF52D08422
:10F62000D152D184D352D284D452D384D552D484EB
:10F63000D752D584D952D684DA52D784DB52D884B3
:10F64000DC52D984DD52DA84DE52DB84E052DC8481
:10F65000E152DD84E252DE84E352DF84E552E0844D
:10F66000E652E184E752E284E852E384E952E4841A
:10F67000EA52E584EB52E684EC52E784ED52E884EA
:10F68000EE52E984EF52EA84F152EB84F252EC84B8
:10F69000F352ED84F452EE84F552EF84F652F08486
:10F6A000F752F184F852F284FB52F384FC52F48452
:10F6B000FD52F5840153F6840253F7840353F88412
:10F6C0000453F9840753FA840953FB840A53FC84D6
:10F6D0000B53FD840C53FE840E534085115341851A
:10F6E000125342851353438514534485185345855B
:10F6F0001B5346851C5347851E5348851F53498518
:10F7000022534A8524534B8525534C8527534D85D9
:10F7100028534E8529534F852B5350852C535185A3
:10F720002D5352852F53538530535485315355856E
:10F73000325356853353578534535885355359853D
:10F7400036535A8537535B8538535C853C535D850A
:10F750003D535E8540535F854253608544536185C8
:10F76000465362854B5363854C5364854D53658581
:10F770005053668554536785585368855953698536
:10F780005B536A855D536B8565536C8568536D85E6
:10F790006A536E856C536F856D5370857253718596
:10F7A00076537285795373857B5374857C53758545
:10F7B0007D5376857E53778580537885815379850F
:10F7C00083537A8587537B8588537C858A537D85CF
:10F7D0008E537E858F53808590538185915382858A
:10F7E0009253838593538485945385859653868558
:10F7F00097538785995388859B5389859C538A8520
:10F800009E538B85A0538C85A1538D85A4538E85E3
:10F81000A7538F85AA539085AB539185AC5392859E
:10F82000AD539385AF539485B0539585B153968569
:10F83000B2539785B3539885B4539985B5539A8538
:10F84000B7539B85B8539C85B9539D85BA539E8504
:10F85000BC539F85BD53A085BE53A185C053A285CF
:10F86000C353A385C453A485C553A585C653A68594
:10F87000C753A785CE53A885CF53A985D053AA8552
:10F88000D253AB85D353AC85D553AD85DA53AE8512
:10F89000DC53AF85DD53B085DE53B185E153B285CE
:10F8A000E253B385E753B485F453B585FA53B6856F
:10F8B000FE53B785FF53B8850054B9850254BA8505
:10F8C0000554BB850754BC850B54BD851454BE85B7
:10F8D0001854BF851954C0851A54C1851C54C2855B
:10F8E0002254C3852454C4852554C5852A54C6850D
:10F8F0003054C7853354C8853654C9853754CA85B2
:10F900003A54CB853D54CC853F54CD854154CE856A
:10F910004254CF854454D0854554D1854754D2852F
:10F920004954D3854C54D4854D54D5854E54D685F1
:10F930004F54D7855154D8855A54D9855D54DA85AA
:10F940005E54DB855F54DC856054DD856154DE8563
:10F950006354DF856554E0856754E1856954E28529
:10F960006A54E3856B54E4856C54E5856D54E685F3
:10F970006E54E7856F54E8857054E9857454EA85C0
:10F980007954EB857A54EC857E54ED857F54EE8571
:10F990008154EF858354F0858554F1858754F28531
:10F9A0008854F3858954F4858A54F5858D54F685F9
:10F9B0009154F7859354F8859754F9859854FA85AE
:10F9C0009C54FB859E54FC859F54FD85A054FE8568
:10F9D000A1544086A2544186A5544286AE54438623
:10F9E000B0544486B2544586B5544686B6544786CC
:10F9F000B7544886B9544986BA544A86BC544B8693
:10FA0000BE544C86C3544D86C5544E86CA544F8648
:10FA1000CB545086D6545186D8545286DB545386E4
:10FA2000E0545486E1545586E2545686E354578692
:10FA3000E4545886EB545986EC545A86EF545B864E
:10FA4000F0545C86F1545D86F4545E86F5545F860E
:10FA5000F6546086F7546186F8546286F9546386DA
:10FA6000FB546486FE54658600556686025567869B
:10FA7000035568860455698605556A8608556B8660
:10FA80000A556C860B556D860C556E860D556F8626
:10FA90000E557086125571861355728615557386EC
:10FAA00016557486175575861855768619557786B6
:10FAB0001A5578861C5579861D557A861E557B8683
:10FAC0001F557C8621557D8625557E862655808648
:10FAD00028558186295582862B5583862D55848607
:10FAE00032558586345586863555878636558886BF
:10FAF0003855898639558A863A558B863B558C868A
:10FB00003D558D8640558E8642558F86455590864B
:10FB100047559186485592864B5593864C55948609
:10FB20004D5595864E5596864F55978651559886D4
:10FB30005255998653559A8654559B8657559C869F
:10FB400058559D8659559E865A559F865B55A08669
:10FB50005D55A1865E55A2865F55A3866055A48635
:10FB60006255A5866355A6866855A7866955A886F9
:10FB70006B55A9866F55AA867055AB867155AC86B4
:10FB80007255AD867355AE867455AF867955B0867D
:10FB90007A55B1867D55B2867F55B3868555B48634
:10FBA0008655B5868C55B6868D55B7868E55B886E2
:10FBB0009055B9869255BA869355BB869555BC86A5
:10FBC0009655BD869755BE869A55BF869B55C0866D
:10FBD0009E55C186A055C286A155C386A255C4862E
:10FBE000A355C586A455C686A555C786A655C886FD
:10FBF000A855C986A955CA86AA55CB86AB55CC86C9
:10FC0000AC55CD86AD55CE86AE55CF86AF55D08698
:10FC1000B055D186B255D286B455D386B655D48662
:10FC2000B855D586BA55D686BC55D786BF55D88621
:10FC3000C055D986C155DA86C255DB86C355DC86E8
:10FC4000C655DD86C755DE86C855DF86CA55E086AF
:10FC5000CB55E186CE55E286CF55E386D055E48676
:10FC6000D555E586D755E686D855E786D955E88631
:10FC7000DA55E986DB55EA86DE55EB86E055EC86FB
:10FC8000E255ED86E755EE86E955EF86ED55F086AF
:10FC9000EE55F186F055F286F155F386F455F4866B
:10FCA000F655F586F855F686F955F786FA55F8862D
:10FCB000FB55F986FC55FA86FF55FB860256FC86F5
:10FCC0000356FD860456FE86055640870656418734
:10FCD000075642870A5643870B5644870D56458779
:10FCE000105646871156478712564887135649873C
:10FCF00014564A8715564B8716564C8717564D870C
:10FD000019564E871A564F871C5650871D565187D5
:10FD10002056528721565387225654872556558799
:10FD20002656568728565787295658872A56598760
:10FD30002B565A872E565B872F565C8730565D8729
:10FD400033565E8735565F873756608738566187EA
:10FD50003A5662873C5663873D5664873E566587B0
:10FD6000405666874156678742566887435669877B
:10FD700044566A8745566B8746566C8747566D874B
:10FD800048566E8749566F874A5670874B5671871B
:10FD90004F567287505673875156748752567587DF
:10FDA0005356768755567787565678875A567987A9
:10FDB0005B567A875D567B875E567C875F567D876C
:10FDC00060567E8761568087635681876556828735
:10FDD00066568387675684876D5685876E568687F5
:10FDE0006F568787705688877256898773568A87B9
:10FDF00074568B8775568C8777568D8778568E8785
:10FE000079568F877A5690877D5691877E5692874E
:10FE10007F5693878056948781569587825696871A
:10FE200083569787845698878756998788569A87E6
:10FE300089569B878A569C878B569D878C569E87B2
:10FE40008D569F879056A0879156A1879256A2877C
:10FE50009456A3879556A4879656A5879756A68746
:10FE60009856A7879956A8879A56A9879B56AA8716
:10FE70009C56AB879D56AC879E56AD879F56AE87E6
:10FE8000A056AF87A156B087A256B187A456B287B5
:10FE9000A556B387A656B487A756B587A856B68782
:10FEA000A956B787AA56B887AB56B987AC56BA8752
:10FEB000AD56BB87AE56BC87B056BD87B156BE8720
:10FEC000B256BF87B356C087B456C187B556C287EE
:10FED000B656C387B856C487B956C587BA56C687BB
:10FEE000BB56C787BD56C887BE56C987BF56CA8787
:10FEF000C056CB87C156CC87C256CD87C356CE8756
:10FF0000C456CF87C556D087C656D187C756D28725
:10FF1000C856D387C956D487CB56D587CC56D687F3
:10FF2000CD56D787CE56D887CF56D987D056DA87C1
:10FF3000D156DB87D256DC87D356DD87D556DE8790
:10FF4000D656DF87D856E087D956E187DC56E28758
:10FF5000E356E387E556E487E656E587E756E68706
:10FF6000E856E787E956E887EA56E987EC56EA87D4
:10FF7000EE56EB87EF56EC87F256ED87F356EE8799
:10FF8000F656EF87F756F087F856F187FB56F2875B
:10FF9000FC56F3870057F4870157F5870257F68719
:10FFA0000557F7870757F8870B57F9870C57FA87D4
:10FFB0000D57FB870E57FC870F57FD871057FE879D
:10FFC0001157408812574188135742881457438865
:10FFD0001557448816574588175746881857478835
:10FFE000195748881A5749881B574A881D574B8804
:10FFF0001E574C8820574D8821574E8822574F88CE
:020000040802F0
:100000002457508825575188265752882757538898
:100010002B5754883157558832575688345757884C
:10002000355758883657598837575A8838575B8814
:100030003C575C883D575D883F575E8841575F88D5
:10004000435760884457618845576288465763889C
:1000500048576488495765884B5766885257678860
:10006000535768885457698855576A8856576B881C
:1000700058576C8859576D8862576E8863576F88D8
:1000800065577088675771886C5772886E57738888
:100090007057748871577588725776887457778847
:1000A000755778887857798879577A887A577B880E
:1000B0007D577C887E577D887F577E8880578088D3
:1000C0008157818887578288885783888957848891
:1000D0008A5785888D5786888E5787888F57888856
:1000E0009057898891578A8894578B8895578C8820
:1000F00096578D8897578E8898578F8899579088EC
:100100009A5791889C5792889D5793889E579488B8
:100110009F579588A5579688A8579788AA57988873
:10012000AC579988AF579A88B0579B88B1579C882D
:10013000B3579D88B5579E88B6579F88B757A088F4
:10014000B957A188BA57A288BB57A388BC57A488BF
:10015000BD57A588BE57A688BF57A788C057A8888F
:10016000C157A988C457AA88C557AB88C657AC8859
:10017000C757AD88C857AE88C957AF88CA57B08827
:10018000CC57B188CD57B288D057B388D157B488EF
:10019000D357B588D657B688D757B788DB57B888AE
:1001A000DC57B988DE57BA88E157BB88E257BC886C
:1001B000E357BD88E557BE88E657BF88E757C08834
:1001C000E857C188E957C288EA57C388EB57C48803
:1001D000EC57C588EE57C688F057C788F157C888CE
:1001E000F257C988F357CA88F557CB88F657CC8899
:1001F000F757CD88FB57CE88FC57CF88FE57D0885D
:10020000FF57D1880158D2880358D3880458D4881E
:100210000558D5880858D6880958D7880A58D888E4
:100220000C58D9880E58DA880F58DB881058DC88AB
:100230001258DD881358DE881458DF881658E08875
:100240001758E1881858E2881A58E3881B58E48840
:100250001C58E5881D58E6881F58E7882258E8880A
:100260002358E9882558EA882658EB882758EC88CF
:100270002858ED882958EE882B58EF882C58F0889C
:100280002D58F1882E58F2882F58F3883158F48869
:100290003258F5883358F6883458F7883658F88835
:1002A0003758F9883858FA883958FB883A58FC8802
:1002B0003B58FD883C58FE883D5840893E5841894E
:1002C0003F5842894058438941584489425845899A
:1002D0004358468945584789465848894758498967
:1002E00048584A8949584B894A584C894B584D8936
:1002F0004E584E894F584F895058508952585189FD
:1003000053585289555853895658548957585589C6
:10031000595856895A5857895B5858895C58598991
:100320005D585A895F585B8960585C8961585D895E
:1003300062585E8963585F8964586089665861892C
:100340006758628968586389695864896A586589F9
:100350006D5866896E5867896F58688970586989C1
:1003600071586A8972586B8973586C8974586D8991
:1003700075586E8976586F89775870897858718961
:10038000795872897A5873897B5874897C58758931
:100390007D5876897F5877898258788984587989F9
:1003A00086587A8987587B8988587C898A587D89BC
:1003B0008B587E898C5880898D5881898E58828986
:1003C0008F58838990588489915885899458868953
:1003D00095588789965888899758898998588A891D
:1003E0009B588B899C588C899D588D89A0588E89E3
:1003F000A1588F89A2589089A3589189A4589289AD
:10040000A5589389A6589489A7589589AA5896897A
:10041000AB589789AC589889AD589989AE589A8944
:10042000AF589B89B0589C89B1589D89B2589E8914
:10043000B3589F89B458A089B558A189B658A289E4
:10044000B758A389B858A489B958A589BA58A689B4
:10045000BB58A789BD58A889BE58A989BF58AA8981
:10046000C058AB89C258AC89C358AD89C458AE894D
:10047000C658AF89C758B089C858B189C958B28918
:10048000CA58B389CB58B489CC58B589CD58B689E8
:10049000CE58B789CF58B889D058B989D258BA89B7
:1004A000D358BB89D458BC89D658BD89D758BE8982
:1004B000D858BF89D958C089DA58C189DB58C28950
:1004C000DC58C389DD58C489DE58C589DF58C68920
:1004D000E058C789E158C889E258C989E358CA89F0
:1004E000E558CB89E658CC89E758CD89E858CE89BC
:1004F000E958CF89EA58D089ED58D189EF58D28987
:10050000F158D389F258D489F458D589F558D68949
:10051000F758D789F858D889FA58D989FB58DA8911
:10052000FC58DB89FD58DC89FE58DD89FF58DE89DF
:100530000059DF890159E0890359E1890559E289A8
:100540000659E3890859E4890959E5890A59E68970
:100550000B59E7890C59E8890E59E9891059EA893C
:100560001159EB891259EC891359ED891759EE8904
:100570001859EF891B59F0891D59F1891E59F289C3
:100580002059F3892159F4892259F5892359F6898B
:100590002659F7892859F8892C59F9893059FA8947
:1005A0003259FB893359FC893559FD893659FE8901
:1005B0003B59408A3D59418A3E59428A3F59438AB4
:1005C0004059448A4359458A4559468A4659478A7B
:1005D0004A59488A4C59498A4D594A8A50594B8A36
:1005E00052594C8A53594D8A59594E8A5B594F8AF0
:1005F0005C59508A5D59518A5E59528A5F59538AB3
:100600006159548A6359558A6459568A6659578A7A
:100610006759588A6859598A69595A8A6A595B8A46
:100620006B595C8A6C595D8A6D595E8A6E595F8A16
:100630006F59608A7059618A7159628A7259638AE6
:100640007559648A7759658A7A59668A7B59678AA7
:100650007C59688A7E59698A7F596A8A80596B8A6F
:1006600085596C8A89596D8A8B596E8A8C596F8A23
:100670008E59708A8F59718A9059728A9159738AEA
:100680009459748A9559758A9859768A9A59778AAD
:100690009B59788A9C59798A9D597A8A9F597B8A75
:1006A000A0597C8AA1597D8AA2597E8AA659808A3E
:1006B000A759818AAC59828AAD59838AB059848AF4
:1006C000B159858AB359868AB459878AB559888AB7
:1006D000B659898AB7598A8AB8598B8ABA598C8A85
:1006E000BC598D8ABD598E8ABF598F8AC059908A4C
:1006F000C159918AC259928AC359938AC459948A1A
:10070000C559958AC759968AC859978AC959988AE6
:10071000CC59998ACD599A8ACE599B8ACF599C8AAD
:10072000D5599D8AD6599E8AD9599F8ADB59A08A64
:10073000DE59A18ADF59A28AE059A38AE159A48A25
:10074000E259A58AE459A68AE659A78AE759A88AF0
:10075000E959A98AEA59AA8AEB59AB8AED59AC8AB8
:10076000EE59AD8AEF59AE8AF059AF8AF159B08A85
:10077000F259B18AF359B28AF459B38AF559B48A55
:10078000F659B58AF759B68AF859B78AFA59B88A24
:10079000FC59B98AFD59BA8AFE59BB8A005ABC8AEB
:1007A000025ABD8A0A5ABE8A0B5ABF8A0D5AC08A9B
:1007B0000E5AC18A0F5AC28A105AC38A125AC48A60
:1007C000145AC58A155AC68A165AC78A175AC88A29
:1007D000195AC98A1A5ACA8A1B5ACB8A1D5ACC8AF4
:1007E0001E5ACD8A215ACE8A225ACF8A245AD08ABA
:1007F000265AD18A275AD28A285AD38A2A5AD48A80
:100800002B5AD58A2C5AD68A2D5AD78A2E5AD88A4C
:100810002F5AD98A305ADA8A335ADB8A355ADC8A17
:10082000375ADD8A385ADE8A395ADF8A3A5AE08ADC
:100830003B5AE18A3D5AE28A3E5AE38A3F5AE48AA9
:10084000415AE58A425AE68A435AE78A445AE88A74
:10085000455AE98A475AEA8A485AEB8A4B5AEC8A3F
:100860004C5AED8A4D5AEE8A4E5AEF8A4F5AF08A08
:10087000505AF18A515AF28A525AF38A535AF48AD8
:10088000545AF58A565AF68A575AF78A585AF88AA5
:10089000595AF98A5B5AFA8A5C5AFB8A5D5AFC8A71
:1008A0005E5AFD8A5F5AFE8A605A408B615A418BBC
:1008B000635A428B645A438B655A448B665A458B04
:1008C000685A468B695A478B6B5A488B6C5A498BCE
:1008D0006D5A4A8B6E5A4B8B6F5A4C8B705A4D8B9C
:1008E000715A4E8B725A4F8B735A508B785A518B68
:1008F000795A528B7B5A538B7C5A548B7D5A558B29
:100900007E5A568B805A578B815A588B825A598BF4
:10091000835A5A8B845A5B8B855A5C8B865A5D8BC3
:10092000875A5E8B885A5F8B895A608B8A5A618B93
:100930008B5A628B8C5A638B8D5A648B8E5A658B63
:100940008F5A668B905A678B915A688B935A698B32
:10095000945A6A8B955A6B8B965A6C8B975A6D8BFF
:10096000985A6E8B995A6F8B9C5A708B9D5A718BCB
:100970009E5A728B9F5A738BA05A748BA15A758B97
:10098000A25A768BA35A778BA45A788BA55A798B67
:10099000A65A7A8BA75A7B8BA85A7C8BA95A7D8B37
:1009A000AB5A7E8BAC5A808BAD5A818BAE5A828B00
:1009B000AF5A838BB05A848BB15A858BB45A868BCD
:1009C000B65A878BB75A888BB95A898BBA5A8A8B91
:1009D000BB5A8B8BBC5A8C8BBD5A8D8BBF5A8E8B5E
:1009E000C05A8F8BC35A908BC45A918BC55A928B25
:1009F000C65A938BC75A948BC85A958BCA5A968BF2
:100A0000CB5A978BCD5A988BCE5A998BCF5A9A8BBB
:100A1000D05A9B8BD15A9C8BD35A9D8BD55A9E8B87
:100A2000D75A9F8BD95AA08BDA5AA18BDB5AA28B4B
:100A3000DD5AA38BDE5AA48BDF5AA58BE25AA68B14
:100A4000E45AA78BE55AA88BE75AA98BE85AAA8BD8
:100A5000EA5AAB8BEC5AAC8BED5AAD8BEE5AAE8B9F
:100A6000EF5AAF8BF05AB08BF25AB18BF35AB28B6C
:100A7000F45AB38BF55AB48BF65AB58BF75AB68B3A
:100A8000F85AB78BF95AB88BFA5AB98BFB5ABA8B0A
:100A9000FC5ABB8BFD5ABC8BFE5ABD8BFF5ABE8BDA
:100AA000005BBF8B015BC08B025BC18B035BC28BA6
:100AB000045BC38B055BC48B065BC58B075BC68B76
:100AC000085BC78B0A5BC88B0B5BC98B0C5BCA8B43
:100AD0000D5BCB8B0E5BCC8B0F5BCD8B105BCE8B12
:100AE000115BCF8B125BD08B135BD18B145BD28BE2
:100AF000155BD38B185BD48B195BD58B1A5BD68BAC
:100B00001B5BD78B1C5BD88B1D5BD98B1E5BDA8B79
:100B10001F5BDB8B205BDC8B215BDD8B225BDE8B49
:100B2000235BDF8B245BE08B255BE18B265BE28B19
:100B3000275BE38B285BE48B295BE58B2A5BE68BE9
:100B40002B5BE78B2C5BE88B2D5BE98B2E5BEA8BB9
:100B50002F5BEB8B305BEC8B315BED8B335BEE8B88
:100B6000355BEF8B365BF08B385BF18B395BF28B4F
:100B70003A5BF38B3B5BF48B3C5BF58B3D5BF68B1D
:100B80003E5BF78B3F5BF88B415BF98B425BFA8BEB
:100B9000435BFB8B445BFC8B455BFD8B465BFE8BB9
:100BA000475B408C485B418C495B428C4A5B438C81
:100BB0004B5B448C4C5B458C4D5B468C4E5B478C51
:100BC0004F5B488C525B498C565B4A8C5E5B4B8C0E
:100BD000605B4C8C615B4D8C675B4E8C685B4F8CB3
:100BE0006B5B508C6D5B518C6E5B528C6F5B538C6E
:100BF000725B548C745B558C765B568C775B578C30
:100C0000785B588C795B598C7B5B5A8C7C5B5B8CFA
:100C10007E5B5C8C7F5B5D8C825B5E8C865B5F8CBD
:100C20008A5B608C8D5B618C8E5B628C905B638C6D
:100C3000915B648C925B658C945B668C965B678C35
:100C40009F5B688CA75B698CA85B6A8CA95B6B8CCB
:100C5000AC5B6C8CAD5B6D8CAE5B6E8CAF5B6F8C8C
:100C6000B15B708CB25B718CB75B728CBA5B738C4E
:100C7000BB5B748CBC5B758CC05B768CC15B778C0A
:100C8000C35B788CC85B798CC95B7A8CCA5B7B8CC4
:100C9000CB5B7C8CCD5B7D8CCE5B7E8CCF5B808C8C
:100CA000D15B818CD45B828CD55B838CD65B848C4E
:100CB000D75B858CD85B868CD95B878CDA5B888C1C
:100CC000DB5B898CDC5B8A8CE05B8B8CE25B8C8CE5
:100CD000E35B8D8CE65B8E8CE75B8F8CE95B908CA5
:100CE000EA5B918CEB5B928CEC5B938CED5B948C70
:100CF000EF5B958CF15B968CF25B978CF35B988C39
:100D0000F45B998CF55B9A8CF65B9B8CF75B9C8C07
:100D1000FD5B9D8CFE5B9E8C005C9F8C025CA08CBE
:100D2000035CA18C055CA28C075CA38C085CA48C82
:100D30000B5CA58C0C5CA68C0D5CA78C0E5CA88C47
:100D4000105CA98C125CAA8C135CAB8C175CAC8C0D
:100D5000195CAD8C1B5CAE8C1E5CAF8C1F5CB08CC8
:100D6000205CB18C215CB28C235CB38C265CB48C8F
:100D7000285CB58C295CB68C2A5CB78C2B5CB88C53
:100D80002D5CB98C2E5CBA8C2F5CBB8C305CBC8C1F
:100D9000325CBD8C335CBE8C355CBF8C365CC08CE9
:100DA000375CC18C435CC28C445CC38C465CC48C95
:100DB000475CC58C4C5CC68C4D5CC78C525CC88C47
:100DC000535CC98C545CCA8C565CCB8C575CCC8C05
:100DD000585CCD8C5A5CCE8C5B5CCF8C5C5CD08CD0
:100DE0005D5CD18C5F5CD28C625CD38C645CD48C97
:100DF000675CD58C685CD68C695CD78C6A5CD88C57
:100E00006B5CD98C6C5CDA8C6D5CDB8C705CDC8C24
:100E1000725CDD8C735CDE8C745CDF8C755CE08CEA
:100E2000765CE18C775CE28C785CE38C7B5CE48CB8
:100E30007C5CE58C7D5CE68C7E5CE78C805CE88C81
:100E4000835CE98C845CEA8C855CEB8C865CEC8C46
:100E5000875CED8C895CEE8C8A5CEF8C8B5CF08C13
:100E60008E5CF18C8F5CF28C925CF38C935CF48CD6
:100E7000955CF58C9D5CF68C9E5CF78C9F5CF88C89
:100E8000A05CF98CA15CFA8CA45CFB8CA55CFC8C4E
:100E9000A65CFD8CA75CFE8CA85C408DAA5C418D95
:100EA000AE5C428DAF5C438DB05C448DB25C458DD1
:100EB000B45C468DB65C478DB95C488DBA5C498D93
:100EC000BB5C4A8DBC5C4B8DBE5C4C8DC05C4D8D5B
:100ED000C25C4E8DC35C4F8DC55C508DC65C518D20
:100EE000C75C528DC85C538DC95C548DCA5C558DEE
:100EF000CC5C568DCD5C578DCE5C588DCF5C598DBA
:100F0000D05C5A8DD15C5B8DD35C5C8DD45C5D8D87
:100F1000D55C5E8DD65C5F8DD75C608DD85C618D55
:100F2000DA5C628DDB5C638DDC5C648DDD5C658D21
:100F3000DE5C668DDF5C678DE05C688DE25C698DF0
:100F4000E35C6A8DE75C6B8DE95C6C8DEB5C6D8DB1
:100F5000EC5C6E8DEE5C6F8DEF5C708DF15C718D75
:100F6000F25C728DF35C738DF45C748DF55C758D41
:100F7000F65C768DF75C778DF85C788DF95C798D11
:100F8000FA5C7A8DFC5C7B8DFD5C7C8DFE5C7D8DDE
:100F9000FF5C7E8D005D808D015D818D045D828DA5
:100FA000055D838D085D848D095D858D0A5D868D67
:100FB0000B5D878D0C5D888D0D5D898D0F5D8A8D34
:100FC000105D8B8D115D8C8D125D8D8D135D8E8D01
:100FD000155D8F8D175D908D185D918D195D928DCA
:100FE0001A5D938D1C5D948D1D5D958D1F5D968D95
:100FF000205D978D215D988D225D998D235D9A8D61
:10100000255D9B8D285D9C8D2A5D9D8D2B5D9E8D24
:101010002C5D9F8D2F5DA08D305DA18D315DA28DEA
:10102000325DA38D335DA48D355DA58D365DA68DB6
:10103000375DA78D385DA88D395DA98D3A5DAA8D84
:101040003B5DAB8D3C5DAC8D3F5DAD8D405DAE8D50
:10105000415DAF8D425DB08D435DB18D445DB28D1C
:10106000455DB38D465DB48D485DB58D495DB68DEA
:101070004D5DB78D4E5DB88D4F5DB98D505DBA8DAC
:10108000515DBB8D525DBC8D535DBD8D545DBE8D7C
:10109000555DBF8D565DC08D575DC18D595DC28D4B
:1010A0005A5DC38D5C5DC48D5E5DC58D5F5DC68D13
:1010B000605DC78D615DC88D625DC98D635DCA8DE0
:1010C000645DCB8D655DCC8D665DCD8D675DCE8DB0
:1010D000685DCF8D6A5DD08D6D5DD18D6E5DD28D79
:1010E000705DD38D715DD48D725DD58D735DD68D40
:1010F000755DD78D765DD88D775DD98D785DDA8D0C
:10110000795DDB8D7A5DDC8D7B5DDD8D7C5DDE8DDB
:101110007D5DDF8D7E5DE08D7F5DE18D805DE28DAB
:10112000815DE38D835DE48D845DE58D855DE68D78
:10113000865DE78D875DE88D885DE98D895DEA8D47
:101140008A5DEB8D8B5DEC8D8C5DED8D8D5DEE8D17
:101150008E5DEF8D8F5DF08D905DF18D915DF28DE7
:10116000925DF38D935DF48D945DF58D955DF68DB7
:10117000965DF78D975DF88D985DF98D9A5DFA8D86
:101180009B5DFB8D9C5DFC8D9E5DFD8D9F5DFE8D51
:10119000A05D408EA15D418EA25D428EA35D438E17
:1011A000A45D448EA55D458EA65D468EA75D478EE7
:1011B000A85D488EA95D498EAA5D4A8EAB5D4B8EB7
:1011C000AC5D4C8EAD5D4D8EAE5D4E8EAF5D4F8E87
:1011D000B05D508EB15D518EB25D528EB35D538E57
:1011E000B45D548EB55D558EB65D568EB85D578E26
:1011F000B95D588EBA5D598EBB5D5A8EBC5D5B8EF3
:10120000BD5D5C8EBE5D5D8EBF5D5E8EC05D5F8EC2
:10121000C15D608EC25D618EC35D628EC45D638E92
:10122000C65D648EC75D658EC85D668EC95D678E5E
:10123000CA5D688ECB5D698ECC5D6A8ECE5D6B8E2D
:10124000CF5D6C8ED05D6D8ED15D6E8ED25D6F8EFA
:10125000D35D708ED45D718ED55D728ED65D738ECA
:10126000D75D748ED85D758ED95D768EDA5D778E9A
:10127000DC5D788EDF5D798EE05D7A8EE35D7B8E5E
:10128000E45D7C8EEA5D7D8EEC5D7E8EED5D808E14
:10129000F05D818EF55D828EF65D838EF85D848EC5
:1012A000F95D858EFA5D868EFB5D878EFC5D888E8E
:1012B000FF5D898E005E8A8E045E8B8E075E8C8E4B
:1012C000095E8D8E0A5E8E8E0B5E8F8E0D5E908E09
:1012D0000E5E918E125E928E135E938E175E948ECA
:1012E0001E5E958E1F5E968E205E978E215E988E76
:1012F000225E998E235E9A8E245E9B8E255E9C8E46
:10130000285E9D8E295E9E8E2A5E9F8E2B5EA08E0D
:101310002C5EA18E2F5EA28E305EA38E325EA48ED6
:10132000335EA58E345EA68E355EA78E365EA88EA1
:10133000395EA98E3A5EAA8E3E5EAB8E3F5EAC8E63
:10134000405EAD8E415EAE8E435EAF8E465EB08E29
:10135000475EB18E485EB28E495EB38E4A5EB48EF1
:101360004B5EB58E4D5EB68E4E5EB78E4F5EB88EBE
:10137000505EB98E515EBA8E525EBB8E535EBC8E8D
:10138000565EBD8E575EBE8E585EBF8E595EC08E55
:101390005A5EC18E5C5EC28E5D5EC38E5F5EC48E21
:1013A000605EC58E635EC68E645EC78E655EC88EE7
:1013B000665EC98E675ECA8E685ECB8E695ECC8EB5
:1013C0006A5ECD8E6B5ECE8E6C5ECF8E6D5ED08E85
:1013D0006E5ED18E6F5ED28E705ED38E715ED48E55
:1013E000755ED58E775ED68E795ED78E7E5ED88E10
:1013F000815ED98E825EDA8E835EDB8E855EDC8EC8
:10140000885EDD8E895EDE8E8C5EDF8E8D5EE08E88
:101410008E5EE18E925EE28E985EE38E9B5EE48E3F
:101420009D5EE58EA15EE68EA25EE78EA35EE88EEF
:10143000A45EE98EA85EEA8EA95EEB8EAA5EEC8EB3
:10144000AB5EED8EAC5EEE8EAE5EEF8EAF5EF08E7E
:10145000B05EF18EB15EF28EB25EF38EB45EF48E4B
:10146000BA5EF58EBB5EF68EBC5EF78EBD5EF88E04
:10147000BF5EF98EC05EFA8EC15EFB8EC25EFC8ED0
:10148000C35EFD8EC45EFE8EC55E408FC65E418F1C
:10149000C75E428FC85E438FCB5E448FCC5E458F64
:1014A000CD5E468FCE5E478FCF5E488FD05E498F30
:1014B000D45E4A8FD55E4B8FD75E4C8FD85E4D8FF2
:1014C000D95E4E8FDA5E4F8FDC5E508FDD5E518FBE
:1014D000DE5E528FDF5E538FE05E548FE15E558F8C
:1014E000E25E568FE35E578FE45E588FE55E598F5C
:1014F000E65E5A8FE75E5B8FE95E5C8FEB5E5D8F29
:10150000EC5E5E8FED5E5F8FEE5E608FEF5E618FF3
:10151000F05E628FF15E638FF25E648FF35E658FC3
:10152000F55E668FF85E678FF95E688FFB5E698F88
:10153000FC5E6A8FFD5E6B8F055F6C8F065F6D8F43
:10154000075F6E8F095F6F8F0C5F708F0D5F718FFC
:101550000E5F728F105F738F125F748F145F758FC1
:10156000165F768F195F778F1A5F788F1C5F798F80
:101570001D5F7A8F1E5F7B8F215F7C8F225F7D8F47
:10158000235F7E8F245F808F285F818F2B5F828F08
:101590002C5F838F2E5F848F305F858F325F868FC5
:1015A000335F878F345F888F355F898F365F8A8F8F
:1015B000375F8B8F385F8C8F3B5F8D8F3D5F8E8F5A
:1015C0003E5F8F8F3F5F908F415F918F425F928F21
:1015D000435F938F445F948F455F958F465F968FEF
:1015E000475F978F485F988F495F998F4A5F9A8FBF
:1015F0004B5F9B8F4C5F9C8F4D5F9D8F4E5F9E8F8F
:101600004F5F9F8F515FA08F545FA18F595FA28F53
:101610005A5FA38F5B5FA48F5C5FA58F5E5FA68F11
:101620005F5FA78F605FA88F635FA98F655FAA8FD9
:10163000675FAB8F685FAC8F6B5FAD8F6E5FAE8F98
:101640006F5FAF8F725FB08F745FB18F755FB28F56
:10165000765FB38F785FB48F7A5FB58F7D5FB68F1B
:101660007E5FB78F7F5FB88F835FB98F865FBA8FDA
:101670008D5FBB8F8E5FBC8F8F5FBD8F915FBE8F85
:10168000935FBF8F945FC08F965FC18F9A5FC28F49
:101690009B5FC38F9D5FC48F9E5FC58F9F5FC68F0B
:1016A000A05FC78FA25FC88FA35FC98FA45FCA8FD7
:1016B000A55FCB8FA65FCC8FA75FCD8FA95FCE8FA5
:1016C000AB5FCF8FAC5FD08FAF5FD18FB05FD28F6A
:1016D000B15FD38FB25FD48FB35FD58FB45FD68F36
:1016E000B65FD78FB85FD88FB95FD98FBA5FDA8FFF
:1016F000BB5FDB8FBE5FDC8FBF5FDD8FC05FDE8FC8
:10170000C15FDF8FC25FE08FC75FE18FC85FE28F8D
:10171000CA5FE38FCB5FE48FCE5FE58FD35FE68F49
:10172000D45FE78FD55FE88FDA5FE98FDB5FEA8F01
:10173000DC5FEB8FDE5FEC8FDF5FED8FE25FEE8FC4
:10174000E35FEF8FE55FF08FE65FF18FE85FF28F89
:10175000E95FF38FEC5FF48FEF5FF58FF05FF68F4B
:10176000F25FF78FF35FF88FF45FF98FF65FFA8F10
:10177000F75FFB8FF95FFC8FFA5FFD8FFC5FFE8FD9
:101780000760409008604190096042900B60439070
:101790000C60449010604590116046901360479033
:1017A00017604890186049901A604A901E604B90EC
:1017B0001F604C9022604D9023604E9024604F90AB
:1017C0002C6050902D6051902E605290306053905C
:1017D0003160549032605590336056903460579029
:1017E000366058903760599038605A9039605B90F5
:1017F0003A605C903D605D903E605E9040605F90BE
:10180000446060904560619046606290476063907C
:1018100048606490496065904A6066904C6067904B
:101820004E6068904F60699051606A9053606B9011
:1018300054606C9056606D9057606E9058606F90D9
:101840005B6070905C6071905E6072905F6073909E
:101850006060749061607590656076906660779066
:101860006E6078907160799072607A9074607B900D
:1018700075607C9077607D907E607E9080608090C7
:101880008160819082608290856083908660849080
:1018900087608590886086908A6087908B6088904A
:1018A0008E6089908F608A9090608B9091608C9010
:1018B00093608D9095608E9097608F9098609090D7
:1018C000996091909C6092909E609390A16094909A
:1018D000A2609590A4609690A5609790A76098905C
:1018E000A9609990AA609A90AE609B90B0609C901D
:1018F000B3609D90B5609E90B6609F90B760A090D9
:10190000B960A190BA60A290BD60A390BE60A4909F
:10191000BF60A590C060A690C160A790C260A8906B
:10192000C360A990C460AA90C760AB90C860AC9037
:10193000C960AD90CC60AE90CD60AF90CE60B090FD
:10194000CF60B190D060B290D260B390D360B490C9
:10195000D460B590D660B690D760B790D960B89093
:10196000DB60B990DE60BA90E160BB90E260BC9051
:10197000E360BD90E460BE90E560BF90EA60C09017
:10198000F160C190F260C290F560C390F760C490BE
:10199000F860C590FB60C690FC60C790FD60C89081
:1019A000FE60C990FF60CA900261CB900361CC9049
:1019B0000461CD900561CE900761CF900A61D0900F
:1019C0000B61D1900C61D2901061D3901161D490D1
:1019D0001261D5901361D6901461D7901661D8909A
:1019E0001761D9901861DA901961DB901B61DC9066
:1019F0001C61DD901D61DE901E61DF902161E09031
:101A00002261E1902561E2902861E3902961E490F0
:101A10002A61E5902C61E6902D61E7902E61E890B7
:101A20002F61E9903061EA903161EB903261EC9086
:101A30003361ED903461EE903561EF903661F09056
:101A40003761F1903861F2903961F3903A61F49026
:101A50003B61F5903C61F6903D61F7903E61F890F6
:101A60004061F9904161FA904261FB904361FC90C2
:101A70004461FD904561FE9046614091476141910E
:101A8000496142914B6143914D6144914F61459150
:101A90005061469152614791536148915461499117
:101AA00056614A9157614B9158614C9159614D91E2
:101AB0005A614E915B614F915C6150915E615191B1
:101AC0005F6152916061539161615491636155917D
:101AD0006461569165615791666158916961599148
:101AE0006A615A916B615B916C615C916D615D9112
:101AF0006E615E916F615F917161609172616191E0
:101B000073616291746163917661649178616591AA
:101B1000796166917A6167917B6168917C61699175
:101B20007D616A917E616B917F616C9180616D9145
:101B300081616E9182616F91836170918461719115
:101B400085617291866173918761749188617591E5
:101B5000896176918A6177918C6178918D617991B3
:101B60008F617A9190617B9191617C9192617D917D
:101B700093617E9195618091966181919761829147
:101B800098618391996184919A6185919B61869115
:101B90009C6187919E6188919F618991A0618A91E2
:101BA000A1618B91A2618C91A3618D91A4618E91B1
:101BB000A5618F91A6619091AA619191AB6192917B
:101BC000AD619391AE619491AF619591B061969141
:101BD000B1619791B2619891B3619991B4619A9111
:101BE000B5619B91B6619C91B8619D91B9619E91DF
:101BF000BA619F91BB61A091BC61A191BD61A291AD
:101C0000BF61A391C061A491C161A591C361A69177
:101C1000C461A791C561A891C661A991C761AA9144
:101C2000C961AB91CC61AC91CD61AD91CE61AE910A
:101C3000CF61AF91D061B091D361B191D561B291D3
:101C4000D661B391D761B491D861B591D961B6919C
:101C5000DA61B791DB61B891DC61B991DD61BA916C
:101C6000DE61BB91DF61BC91E061BD91E161BE913C
:101C7000E261BF91E361C091E461C191E561C2910C
:101C8000E761C391E861C491E961C591EA61C691D8
:101C9000EB61C791EC61C891ED61C991EE61CA91A8
:101CA000EF61CB91F061CC91F161CD91F261CE9178
:101CB000F361CF91F461D091F661D191F761D29146
:101CC000F861D391F961D491FA61D591FB61D69114
:101CD000FC61D791FD61D891FE61D9910062DA91E2
:101CE0000162DB910262DC910362DD910462DE91AC
:101CF0000562DF910762E0910962E1911362E2916E
:101D00001462E3911962E4911C62E5911D62E6910F
:101D10001E62E7912062E8912362E9912662EA91CE
:101D20002762EB912862EC912962ED912B62EE9192
:101D30002D62EF912F62F0913062F1913162F29158
:101D40003262F3913562F4913662F5913862F69120
:101D50003962F7913A62F8913B62F9913C62FA91EB
:101D60004262FB914462FC914562FD914662FE91A4
:101D70004A6240924F62419250624292556243924F
:101D80005662449257624592596246925A6247920D
:101D90005C6248925D6249925E624A925F624B92D7
:101DA00060624C9261624D9262624E9264624F92A6
:101DB000656250926862519271625292726253925D
:101DC0007462549275625592776256927862579215
:101DD0007A6258927B6259927D625A9281625B92DA
:101DE00082625C9283625D9285625E9286625F929D
:101DF00087626092886261928B6262928C62639267
:101E00008D6264928E6265928F6266929062679232
:101E100094626892996269929C626A929D626B92E6
:101E20009E626C92A3626D92A6626E92A7626F929E
:101E3000A9627092AA627192AD627292AE6273925E
:101E4000AF627492B0627592B2627692B362779228
:101E5000B4627892B6627992B7627A92B8627B92F3
:101E6000BA627C92BE627D92C0627E92C1628092B2
:101E7000C3628192CB628292CF628392D16284925A
:101E8000D5628592DD628692DE628792E0628892F8
:101E9000E1628992E4628A92EA628B92EB628C92AE
:101EA000F0628D92F2628E92F5628F92F862909259
:101EB000F9629192FA629292FB6293920063949219
:101EC00003639592046396920563979206639892D2
:101ED0000A6399920B639A920C639B920D639C9296
:101EE0000F639D9210639E9212639F921363A09260
:101EF0001463A1921563A2921763A3921863A4922C
:101F00001963A5921C63A6922663A7922763A892E1
:101F10002963A9922C63AA922D63AB922E63AC9293
:101F20003063AD923163AE923363AF923463B0925B
:101F30003563B1923663B2923763B3923863B49229
:101F40003B63B5923C63B6923E63B7923F63B892EF
:101F50004063B9924163BA924463BB924763BC92B7
:101F60004863BD924A63BE925163BF925263C0926E
:101F70005363C1925463C2925663C3925763C4922F
:101F80005863C5925963C6925A63C7925B63C892FD
:101F90005C63C9925D63CA926063CB926463CC92C6
:101FA0006563CD926663CE926863CF926A63D09286
:101FB0006B63D1926C63D2926F63D3927063D4924D
:101FC0007263D5927363D6927463D7927563D89215
:101FD0007863D9927963DA927C63DB927D63DC92D9
:101FE0007E63DD927F63DE928163DF928363E092A2
:101FF0008463E1928563E2928663E3928B63E49269
:102000008D63E5929163E6929363E7929463E8921D
:102010009563E9929763EA929963EB929A63EC92E3
:102020009B63ED929C63EE929D63EF929E63F092B0
:102030009F63F192A163F292A463F392A663F49278
:10204000AB63F592AF63F692B163F792B263F89225
:10205000B563F992B663FA92B963FB92BB63FC92E3
:10206000BD63FD92BF63FE92C0634093C163419321
:10207000C2634293C3634393C5634493C763459369
:10208000C8634693CA634793CB634893CC63499331
:10209000D1634A93D3634B93D4634C93D5634D93ED
:1020A000D7634E93D8634F93D9635093DA635193B8
:1020B000DB635293DC635393DD635493DF63559387
:1020C000E2635693E4635793E5635893E663599349
:1020D000E7635A93E8635B93EB635C93EC635D9314
:1020E000EE635E93EF635F93F0636093F1636193DC
:1020F000F3636293F5636393F7636493F9636593A2
:10210000FA636693FB636793FC636893FE6369936A
:1021100003646A9304646B9306646C9307646D9321
:1021200008646E9309646F930A6470930D647193ED
:102130000E647293116473931264749315647593AF
:102140001664769317647793186478931964799377
:102150001A647A931D647B931F647C9322647D933D
:1021600023647E93246480932564819327648293FF
:1021700028648393296484932B6485932E648693C7
:102180002F648793306488933164899332648A938F
:1021900033648B9335648C9336648D9337648E935C
:1021A00038648F93396490933B6491933C64929329
:1021B0003E649393406494934264959343649693EE
:1021C000496497934B6498934C6499934D649A93A4
:1021D0004E649B934F649C9350649D9351649E9373
:1021E00053649F935564A0935664A1935764A2933C
:1021F0005964A3935A64A4935B64A5935C64A69307
:102200005D64A7935F64A8936064A9936164AA93D3
:102210006264AB936364AC936464AD936564AE93A2
:102220006664AF936864B0936A64B1936B64B2936D
:102230006C64B3936E64B4936F64B5937064B69337
:102240007164B7937264B8937364B9937464BA9306
:102250007564BB937664BC937764BD937B64BE93D3
:102260007C64BF937D64C0937E64C1937F64C2939A
:102270008064C3938164C4938364C5938664C69366
:102280008864C7938964C8938A64C9938B64CA932A
:102290008C64CB938D64CC938E64CD938F64CE93FA
:1022A0009064CF939364D0939464D1939764D293C2
:1022B0009864D3939A64D4939B64D5939C64D69387
:1022C0009D64D7939F64D893A064D993A164DA9353
:1022D000A264DB93A364DC93A564DD93A664DE9320
:1022E000A764DF93A864E093AA64E193AB64E293EC
:1022F000AF64E393B164E493B264E593B364E693AB
:10230000B464E793B664E893B964E993BB64EA9371
:10231000BD64EB93BE64EC93BF64ED93C164EE9334
:10232000C364EF93C464F093C664F193C764F293FB
:10233000C864F393C964F493CA64F593CB64F693C9
:10234000CC64F793CF64F893D164F993D364FA9390
:10235000D464FB93D564FC93D664FD93D964FE9357
:10236000DA644094DB644194DC644294DD64439419
:10237000DF644494E0644594E1644694E3644794E4
:10238000E5644894E7644994E8644A94E9644B94AA
:10239000EA644C94EB644D94EC644E94ED644F9479
:1023A000EE645094EF645194F0645294F164539449
:1023B000F2645494F3645594F4645694F564579419
:1023C000F6645894F7645994F8645A94F9645B94E9
:1023D000FA645C94FB645D94FC645E94FD645F94B9
:1023E000FE646094FF646194016562940265639485
:1023F0000365649404656594056566940665679451
:1024000007656894086569940A656A940B656B941E
:102410000C656C940D656D940E656E940F656F94EC
:1024200010657094116571941365729414657394BA
:102430001565749416657594176576941965779487
:102440001A6578941B6579941C657A941D657B9454
:102450001E657C941F657D9420657E942165809423
:1024600022658194236582942465839426658494EF
:102470002765859428658694296587942A658894BC
:102480002C6589942D658A9430658B9431658C9484
:1024900032658D9433658E9437658F943A65909448
:1024A0003C6591943D659294406593944165949404
:1024B00042659594436596944465979446659894CF
:1024C000476599944A659A944B659B944D659C9495
:1024D0004E659D9450659E9452659F945365A0945B
:1024E0005465A1945765A2945865A3945A65A49421
:1024F0005C65A5945F65A6946065A7946165A894E2
:102500006465A9946565AA946765AB946865AC94A5
:102510006965AD946A65AE946D65AF946E65B0946F
:102520006F65B1947165B2947365B3947565B49435
:102530007665B5947865B6947965B7947A65B894FC
:102540007B65B9947C65BA947D65BB947E65BC94CB
:102550007F65BD948065BE948165BF948265C0949B
:102560008365C1948465C2948565C3948665C4946B
:102570008865C5948965C6948A65C7948D65C89435
:102580008E65C9948F65CA949265CB949465CC94FA
:102590009565CD949665CE949865CF949A65D094C0
:1025A0009D65D1949E65D294A065D394A265D49480
:1025B000A365D594A665D694A865D794AA65D89442
:1025C000AC65D994AE65DA94B165DB94B265DC9400
:1025D000B365DD94B465DE94B565DF94B665E094CB
:1025E000B765E194B865E294BA65E394BB65E49499
:1025F000BE65E594BF65E694C065E794C265E8945E
:10260000C765E994C865EA94C965EB94CA65EC941A
:10261000CD65ED94D065EE94D165EF94D365F094DB
:10262000D465F194D565F294D865F394D965F494A2
:10263000DA65F594DB65F694DC65F794DD65F8946E
:10264000DE65F994DF65FA94E165FB94E365FC943B
:10265000E465FD94EA65FE94EB654095F26541956D
:10266000F3654295F4654395F5654495F8654595A0
:10267000F9654695FB654795FC654895FD65499567
:10268000FE654A95FF654B9501664C9504664D9530
:1026900005664E9507664F950866509509665195F3
:1026A0000B6652950D6653951066549511665595B7
:1026B0001266569516665795176658951866599579
:1026C0001A665A951B665B951C665C951E665D9541
:1026D00021665E9522665F95236660952466619506
:1026E00026666295296663952A6664952B666595CC
:1026F0002C6666952E666795306668953266699594
:1027000033666A9537666B9538666C9539666D9554
:102710003A666E953B666F953D6670953F6671951E
:1027200040667295426673954466749545667595E4
:1027300046667695476677954866789549667995B1
:102740004A667A954D667B954E667C9550667D957A
:1027500051667E9558668095596681955B6682952F
:102760005C6683955D6684955E66859560668695F4
:1027700062668795636688956566899567668A95BA
:1027800069668B956A668C956B668D956C668E9581
:102790006D668F9571669095726691957366929548
:1027A0007566939578669495796695957B6696950A
:1027B0007C6697957D6698957F66999580669A95D3
:1027C00081669B9583669C9585669D9586669E959C
:1027D00088669F958966A0958A66A1958B66A29565
:1027E0008D66A3958E66A4958F66A5959066A69531
:1027F0009266A7959366A8959466A9959566AA95FD
:102800009866AB959966AC959A66AD959B66AE95C4
:102810009C66AF959E66B0959F66B195A066B29591
:10282000A166B395A266B495A366B595A466B69560
:10283000A566B795A666B895A966B995AA66BA952C
:10284000AB66BB95AC66BC95AD66BD95AF66BE95F7
:10285000B066BF95B166C095B266C195B366C295C4
:10286000B566C395B666C495B766C595B866C69590
:10287000BA66C795BB66C895BC66C995BD66CA955C
:10288000BF66CB95C066CC95C166CD95C266CE9528
:10289000C366CF95C466D095C566D195C666D295F8
:1028A000C766D395C866D495C966D595CA66D695C8
:1028B000CB66D795CC66D895CD66D995CE66DA9598
:1028C000CF66DB95D066DC95D166DD95D266DE9568
:1028D000D366DF95D466E095D566E195D666E29538
:1028E000D766E395D866E495DA66E595DE66E69503
:1028F000DF66E795E066E895E166E995E266EA95C8
:10290000E366EB95E466EC95E566ED95E766EE9596
:10291000E866EF95EA66F095EB66F195EC66F29560
:10292000ED66F395EE66F495EF66F595F166F6952E
:10293000F566F795F666F895F866F995FA66FA95EC
:10294000FB66FB95FD66FC950167FD950267FE95AC
:10295000036740960467419605674296066743966B
:10296000076744960C6745960E6746960F6747962D
:10297000116748961267499613674A9616674B96F1
:1029800018674C9619674D961A674E961C674F96B6
:102990001E6750962067519621675296226753967C
:1029A000236754962467559625675696276757964A
:1029B000296758962E67599630675A9632675B9604
:1029C00033675C9636675D9637675E9638675F96C5
:1029D000396760963B6761963C6762963E6763968F
:1029E0003F67649641676596446766964567679654
:1029F000476768964A6769964B676A964D676B9614
:102A000052676C9654676D9655676E9657676F96CA
:102A100058677096596771965A6772965B67739696
:102A20005D67749662677596636776966467779656
:102A300066677896676779966B677A966C677B9618
:102A40006E677C9671677D9674677E9676678096D2
:102A500078678196796782967A6783967B67849692
:102A60007D67859680678696826787968367889656
:102A70008567899686678A9688678B968A678C961B
:102A80008C678D968D678E968E678F968F679096E2
:102A900091679196926792969367939694679496AE
:102AA00096679596996796969B6797969F6798966F
:102AB000A0679996A1679A96A4679B96A6679C962D
:102AC000A9679D96AC679E96AE679F96B167A096E4
:102AD000B267A196B467A296B967A396BA67A4969F
:102AE000BB67A596BC67A696BD67A796BE67A89666
:102AF000BF67A996C067AA96C267AB96C567AC9632
:102B0000C667AD96C767AE96C867AF96C967B096F9
:102B1000CA67B196CB67B296CC67B396CD67B496C9
:102B2000CE67B596D567B696D667B796D767B89687
:102B3000DB67B996DF67BA96E167BB96E367BC9639
:102B4000E467BD96E667BE96E767BF96E867C096FE
:102B5000EA67C196EB67C296ED67C396EE67C496C7
:102B6000F267C596F567C696F667C796F767C89683
:102B7000F867C996F967CA96FA67CB96FB67CC9651
:102B8000FC67CD96FE67CE960168CF960268D09618
:102B90000368D1960468D2960668D3960D68D496D9
:102BA0001068D5961268D6961468D7961568D89688
:102BB0001868D9961968DA961A68DB961B68DC964D
:102BC0001C68DD961E68DE961F68DF962068E0961A
:102BD0002268E1962368E2962468E3962568E496E5
:102BE0002668E5962768E6962868E7962B68E896B3
:102BF0002C68E9962D68EA962E68EB962F68EC967D
:102C00003068ED963168EE963468EF963568F09648
:102C10003668F1963A68F2963B68F3963F68F49608
:102C20004768F5964B68F6964D68F7964F68F896A4
:102C30005268F9965668FA965768FB965868FC965B
:102C40005968FD965A68FE965B6840975C684197A4
:102C50005D6842975E6843975F6844976A684597E6
:102C60006C6846976D6847976E6848976F68499794
:102C700070684A9771684B9772684C9773684D9764
:102C800075684E9778684F97796850977A6851972A
:102C90007B6852977C6853977D6854977E685597F8
:102CA0007F685697806857978268589784685997C5
:102CB00087685A9788685B9789685C978A685D9788
:102CC0008B685E978C685F978D6860978E68619758
:102CD0009068629791686397926864979468659723
:102CE00095686697966867979868689799686997EE
:102CF0009A686A979B686B979C686C979D686D97BC
:102D00009E686E979F686F97A0687097A16871978B
:102D1000A3687297A4687397A5687497A968759754
:102D2000AA687697AB687797AC687897AE6879971A
:102D3000B1687A97B2687B97B4687C97B6687D97DC
:102D4000B7687E97B8688097B9688197BA688297A4
:102D5000BB688397BC688497BD688597BE68869773
:102D6000BF688797C1688897C3688997C4688A973E
:102D7000C5688B97C6688C97C7688D97C8688E970B
:102D8000CA688F97CC689097CE689197CF689297D2
:102D9000D0689397D1689497D3689597D46896979D
:102DA000D6689797D7689897D9689997DB689A9764
:102DB000DC689B97DD689C97DE689D97DF689E972F
:102DC000E1689F97E268A097E468A197E568A297F9
:102DD000E668A397E768A497E868A597E968A697C7
:102DE000EA68A797EB68A897EC68A997ED68AA9797
:102DF000EF68AB97F268AC97F368AD97F468AE975D
:102E0000F668AF97F768B097F868B197FB68B29724
:102E1000FD68B397FE68B497FF68B5970069B697E9
:102E20000269B7970369B8970469B9970669BA97B1
:102E30000769BB970869BC970969BD970A69BE977E
:102E40000C69BF970F69C0971169C1971369C29741
:102E50001469C3971569C4971669C5971769C6970A
:102E60001869C7971969C8971A69C9971B69CA97DA
:102E70001C69CB971D69CC971E69CD972169CE97A8
:102E80002269CF972369D0972569D1972669D29770
:102E90002769D3972869D4972969D5972A69D6973E
:102EA0002B69D7972C69D8972E69D9972F69DA970C
:102EB0003169DB973269DC973369DD973569DE97D5
:102EC0003669DF973769E0973869E1973A69E297A1
:102ED0003B69E3973C69E4973E69E5974069E6976B
:102EE0004169E7974369E8974469E9974569EA9733
:102EF0004669EB974769EC974869ED974969EE9702
:102F00004A69EF974B69F0974C69F1974D69F297D1
:102F10004E69F3974F69F4975069F5975169F697A1
:102F20005269F7975369F8975569F9975669FA976F
:102F30005869FB975969FC975B69FD975C69FE9737
:102F40005F694098616941986269429864694398F1
:102F500065694498676945986869469869694798BA
:102F60006A6948986C6949986D694A986F694B9885
:102F700070694C9872694D9873694E9874694F984E
:102F800075695098766951987A6952987B69539817
:102F90007D6954987E6955987F69569881695798DC
:102FA00083695898856959988A695A988B695B989A
:102FB0008C695C988E695D988F695E9890695F985E
:102FC000916960989269619893696298966963982B
:102FD00097696498996965989A6966989D696798F0
:102FE0009E6968989F696998A0696A98A1696B98B9
:102FF000A2696C98A3696D98A4696E98A5696F9889
:10300000A6697098A9697198AA697298AC69739851
:10301000AE697498AF697598B0697698B269779817
:10302000B3697898B5697998B6697A98B8697B98E0
:10303000B9697C98BA697D98BC697E98BD698098A9
:10304000BE698198BF698298C0698398C269849873
:10305000C3698598C4698698C5698798C669889840
:10306000C7698998C8698A98C9698B98CB698C980F
:10307000CD698D98CF698E98D1698F98D2699098D3
:10308000D3699198D5699298D6699398D76994989D
:10309000D8699598D9699698DA699798DC6998986B
:1030A000DD699998DE699A98E1699B98E2699C9834
:1030B000E3699D98E4699E98E5699F98E669A09800
:1030C000E769A198E869A298E969A398EA69A498D0
:1030D000EB69A598EC69A698EE69A798EF69A8989E
:1030E000F069A998F169AA98F369AB98F469AC986A
:1030F000F569AD98F669AE98F769AF98F869B09838
:10310000F969B198FA69B298FB69B398FC69B49807
:10311000FE69B598006AB698016AB798026AB898CD
:10312000036AB998046ABA98056ABB98066ABC989B
:10313000076ABD98086ABE98096ABF980B6AC0986A
:103140000C6AC1980D6AC2980E6AC3980F6AC49837
:10315000106AC598116AC698126AC798136AC89807
:10316000146AC998156ACA98166ACB98196ACC98D5
:103170001A6ACD981B6ACE981C6ACF981D6AD0989F
:103180001E6AD198206AD298226AD398236AD4986A
:10319000246AD598256AD698266AD798276AD89837
:1031A000296AD9982B6ADA982C6ADB982D6ADC9800
:1031B0002E6ADD98306ADE98326ADF98336AE098CA
:1031C000346AE198366AE298376AE398386AE49894
:1031D000396AE5983A6AE6983B6AE7983C6AE89863
:1031E0003F6AE998406AEA98416AEB98426AEC982B
:1031F000436AED98456AEE98466AEF98486AF098F7
:10320000496AF1984A6AF2984B6AF3984C6AF498C2
:103210004D6AF5984E6AF6984F6AF798516AF89891
:10322000526AF998536AFA98546AFB98556AFC985E
:10323000566AFD98576AFE985A6A40995C6A4199A5
:103240005D6A42995E6A43995F6A4499606A4599EA
:10325000626A4699636A4799646A4899666A4999B5
:10326000676A4A99686A4B99696A4C996A6A4D9982
:103270006B6A4E996C6A4F996D6A50996E6A519952
:103280006F6A5299706A5399726A5499736A559920
:10329000746A5699756A5799766A5899776A5999EE
:1032A000786A5A997A6A5B997B6A5C997D6A5D99BA
:1032B0007E6A5E997F6A5F99816A6099826A619984
:1032C000836A6299856A6399866A6499876A65994F
:1032D000886A6699896A67998A6A68998B6A69991E
:1032E0008C6A6A998D6A6B998F6A6C99926A6D99EA
:1032F000936A6E99946A6F99956A7099966A7199B2
:10330000986A7299996A73999A6A74999B6A75997D
:103310009C6A76999D6A77999E6A78999F6A79994D
:10332000A16A7A99A26A7B99A36A7C99A46A7D9919
:10333000A56A7E99A66A8099A76A8199A86A8299E6
:10334000AA6A8399AD6A8499AE6A8599AF6A8699AB
:10335000B06A8799B16A8899B26A8999B36A8A9979
:10336000B46A8B99B56A8C99B66A8D99B76A8E9949
:10337000B86A8F99B96A9099BA6A9199BB6A929919
:10338000BC6A9399BD6A9499BE6A9599BF6A9699E9
:10339000C06A9799C16A9899C26A9999C36A9A99B9
:1033A000C46A9B99C56A9C99C66A9D99C76A9E9989
:1033B000C86A9F99C96AA099CA6AA199CB6AA29959
:1033C000CC6AA399CD6AA499CE6AA599CF6AA69929
:1033D000D06AA799D16AA899D26AA999D36AAA99F9
:1033E000D46AAB99D56AAC99D66AAD99D76AAE99C9
:1033F000D86AAF99D96AB099DA6AB199DB6AB29999
:10340000DC6AB399DD6AB499DE6AB599DF6AB69968
:10341000E06AB799E16AB899E26AB999E36ABA9938
:10342000E46ABB99E56ABC99E66ABD99E76ABE9908
:10343000E86ABF99E96AC099EA6AC199EB6AC299D8
:10344000EC6AC399ED6AC499EE6AC599EF6AC699A8
:10345000F06AC799F16AC899F26AC999F36ACA9978
:10346000F46ACB99F56ACC99F66ACD99F76ACE9948
:10347000F86ACF99F96AD099FA6AD199FB6AD29918
:10348000FC6AD399FD6AD499FE6AD599FF6AD699E8
:10349000006BD799016BD899026BD999036BDA99B4
:1034A000046BDB99056BDC99066BDD99076BDE9984
:1034B000086BDF99096BE0990A6BE1990B6BE29954
:1034C0000C6BE3990D6BE4990E6BE5990F6BE69924
:1034D000106BE799116BE899126BE999136BEA99F4
:1034E000146BEB99156BEC99166BED99176BEE99C4
:1034F000186BEF99196BF0991A6BF1991B6BF29994
:103500001C6BF3991D6BF4991E6BF5991F6BF69963
:10351000256BF799266BF899286BF999296BFA991D
:103520002A6BFB992B6BFC992C6BFD992D6BFE99EB
:103530002E6B409A2F6B419A306B429A316B439AB3
:10354000336B449A346B459A356B469A366B479A7F
:10355000386B489A3B6B499A3C6B4A9A3D6B4B9A45
:103560003F6B4C9A406B4D9A416B4E9A426B4F9A0F
:10357000446B509A456B519A486B529A4A6B539AD6
:103580004B6B549A4D6B559A4E6B569A4F6B579A9C
:10359000506B589A516B599A526B5A9A536B5B9A6B
:1035A000546B5C9A556B5D9A566B5E9A576B5F9A3B
:1035B000586B609A5A6B619A5B6B629A5C6B639A08
:1035C0005D6B649A5E6B659A5F6B669A606B679AD7
:1035D000616B689A686B699A696B6A9A6B6B6B9A94
:1035E0006C6B6C9A6D6B6D9A6E6B6E9A6F6B6F9A5B
:1035F000706B709A716B719A726B729A736B739A2B
:10360000746B749A756B759A766B769A776B779AFA
:10361000786B789A7A6B799A7D6B7A9A7E6B7B9AC3
:103620007F6B7C9A806B7D9A856B7E9A886B809A83
:103630008C6B819A8E6B829A8F6B839A906B849A33
:10364000916B859A946B869A956B879A976B889AFB
:10365000986B899A996B8A9A9C6B8B9A9D6B8C9AC2
:103660009E6B8D9A9F6B8E9AA06B8F9AA26B909A8D
:10367000A36B919AA46B929AA56B939AA66B949A5A
:10368000A76B959AA86B969AA96B979AAB6B989A29
:10369000AC6B999AAD6B9A9AAE6B9B9AAF6B9C9AF6
:1036A000B06B9D9AB16B9E9AB26B9F9AB66BA09AC3
:1036B000B86BA19AB96BA29ABA6BA39ABB6BA49A86
:1036C000BC6BA59ABD6BA69ABE6BA79AC06BA89A55
:1036D000C36BA99AC46BAA9AC66BAB9AC76BAC9A18
:1036E000C86BAD9AC96BAE9ACA6BAF9ACC6BB09AE5
:1036F000CE6BB19AD06BB29AD16BB39AD86BB49AA5
:10370000DA6BB59ADC6BB69ADD6BB79ADE6BB89A5A
:10371000DF6BB99AE06BBA9AE26BBB9AE36BBC9A27
:10372000E46BBD9AE56BBE9AE66BBF9AE76BC09AF5
:10373000E86BC19AE96BC29AEC6BC39AED6BC49AC1
:10374000EE6BC59AF06BC69AF16BC79AF26BC89A8A
:10375000F46BC99AF66BCA9AF76BCB9AF86BCC9A52
:10376000FA6BCD9AFB6BCE9AFC6BCF9AFE6BD09A1C
:10377000FF6BD19A006CD29A016CD39A026CD49AE6
:10378000036CD59A046CD69A086CD79A096CD89AAF
:103790000A6CD99A0B6CDA9A0C6CDB9A0E6CDC9A78
:1037A000126CDD9A176CDE9A1C6CDF9A1D6CE09A25
:1037B0001E6CE19A206CE29A236CE39A256CE49AE1
:1037C0002B6CE59A2C6CE69A2D6CE79A316CE89A92
:1037D000336CE99A366CEA9A376CEB9A396CEC9A4E
:1037E0003A6CED9A3B6CEE9A3C6CEF9A3E6CF09A18
:1037F0003F6CF19A436CF29A446CF39A456CF49ADC
:10380000486CF59A4B6CF69A4C6CF79A4D6CF89A9A
:103810004E6CF99A4F6CFA9A516CFB9A526CFC9A66
:10382000536CFD9A566CFE9A586C409B596C419BA8
:103830005A6C429B626C439B636C449B656C459BDA
:10384000666C469B676C479B6B6C489B6C6C499B9A
:103850006D6C4A9B6E6C4B9B6F6C4C9B716C4D9B63
:10386000736C4E9B756C4F9B776C509B786C519B27
:103870007A6C529B7B6C539B7C6C549B7F6C559BEE
:10388000806C569B846C579B876C589B8A6C599BA9
:103890008B6C5A9B8D6C5B9B8E6C5C9B916C5D9B67
:1038A000926C5E9B956C5F9B966C609B976C619B2A
:1038B000986C629B9A6C639B9C6C649B9D6C659BF3
:1038C0009E6C669BA06C679BA26C689BA86C699BB6
:1038D000AC6C6A9BAF6C6B9BB06C6C9BB46C6D9B5F
:1038E000B56C6E9BB66C6F9BB76C709BBA6C719B22
:1038F000C06C729BC16C739BC26C749BC36C759BD8
:10390000C66C769BC76C779BC86C789BCB6C799B9D
:10391000CD6C7A9BCE6C7B9BCF6C7C9BD16C7D9B62
:10392000D26C7E9BD86C809BD96C819BDA6C829B1D
:10393000DC6C839BDD6C849BDF6C859BE46C869BDD
:10394000E66C879BE76C889BE96C899BEC6C8A9B97
:10395000ED6C8B9BF26C8C9BF46C8D9BF96C8E9B4D
:10396000FF6C8F9B006D909B026D919B036D929BF2
:10397000056D939B066D949B086D959B096D969BB9
:103980000A6D979B0D6D989B0F6D999B106D9A9B7F
:10399000116D9B9B136D9C9B146D9D9B156D9E9B48
:1039A000166D9F9B186DA09B1C6DA19B1D6DA29B0E
:1039B0001F6DA39B206DA49B216DA59B226DA69BD3
:1039C000236DA79B246DA89B266DA99B286DAA9BA0
:1039D000296DAB9B2C6DAC9B2D6DAD9B2F6DAE9B64
:1039E000306DAF9B346DB09B366DB19B376DB29B24
:1039F000386DB39B3A6DB49B3F6DB59B406DB69BE4
:103A0000426DB79B446DB89B496DB99B4C6DBA9B99
:103A1000506DBB9B556DBC9B566DBD9B576DBE9B42
:103A2000586DBF9B5B6DC09B5D6DC19B5F6DC29B05
:103A3000616DC39B626DC49B646DC59B656DC69BC8
:103A4000676DC79B686DC89B6B6DC99B6C6DCA9B8E
:103A50006D6DCB9B706DCC9B716DCD9B726DCE9B54
:103A6000736DCF9B756DD09B766DD19B796DD29B1D
:103A70007A6DD39B7B6DD49B7D6DD59B7E6DD69BE4
:103A80007F6DD79B806DD89B816DD99B836DDA9BB1
:103A9000846DDB9B866DDC9B876DDD9B8A6DDE9B79
:103AA0008B6DDF9B8D6DE09B8F6DE19B906DE29B3D
:103AB000926DE39B966DE49B976DE59B986DE69BFD
:103AC000996DE79B9A6DE89B9C6DE99BA26DEA9BC3
:103AD000A56DEB9BAC6DEC9BAD6DED9BB06DEE9B66
:103AE000B16DEF9BB36DF09BB46DF19BB66DF29B26
:103AF000B76DF39BB96DF49BBA6DF59BBB6DF69BEF
:103B0000BC6DF79BBD6DF89BBE6DF99BC16DFA9BBB
:103B1000C26DFB9BC36DFC9BC86DFD9BC96DFE9B7D
:103B2000CA6D409CCD6D419CCE6D429CCF6D439C37
:103B3000D06D449CD26D459CD36D469CD46D479C02
:103B4000D56D489CD76D499CDA6D4A9CDB6D4B9CCA
:103B5000DC6D4C9CDF6D4D9CE26D4E9CE36D4F9C8B
:103B6000E56D509CE76D519CE86D529CE96D539C4E
:103B7000EA6D549CED6D559CEF6D569CF06D579C15
:103B8000F26D589CF46D599CF56D5A9CF66D5B9CDA
:103B9000F86D5C9CFA6D5D9CFD6D5E9CFE6D5F9C9E
:103BA000FF6D609C006E619C016E629C026E639C66
:103BB000036E649C046E659C066E669C076E679C33
:103BC000086E689C096E699C0B6E6A9C0F6E6B9CFC
:103BD000126E6C9C136E6D9C156E6E9C186E6F9CB5
:103BE000196E709C1B6E719C1C6E729C1E6E739C79
:103BF0001F6E749C226E759C266E769C276E779C39
:103C0000286E789C2A6E799C2C6E7A9C2E6E7B9CFA
:103C1000306E7C9C316E7D9C336E7E9C356E809CBC
:103C2000366E819C376E829C396E839C3B6E849C81
:103C30003C6E859C3D6E869C3E6E879C3F6E889C4C
:103C4000406E899C416E8A9C426E8B9C456E8C9C1A
:103C5000466E8D9C476E8E9C486E8F9C496E909CE4
:103C60004A6E919C4B6E929C4C6E939C4F6E949CB2
:103C7000506E959C516E969C526E979C556E989C7A
:103C8000576E999C596E9A9C5A6E9B9C5C6E9C9C3C
:103C90005D6E9D9C5E6E9E9C606E9F9C616EA09C06
:103CA000626EA19C636EA29C646EA39C656EA49CD4
:103CB000666EA59C676EA69C686EA79C696EA89CA4
:103CC0006A6EA99C6C6EAA9C6D6EAB9C6F6EAC9C70
:103CD000706EAD9C716EAE9C726EAF9C736EB09C3C
:103CE000746EB19C756EB29C766EB39C776EB49C0C
:103CF000786EB59C796EB69C7A6EB79C7B6EB89CDC
:103D00007C6EB99C7D6EBA9C806EBB9C816EBC9CA7
:103D1000826EBD9C846EBE9C876EBF9C886EC09C6C
:103D20008A6EC19C8B6EC29C8C6EC39C8D6EC49C33
:103D30008E6EC59C916EC69C926EC79C936EC89CFD
:103D4000946EC99C956ECA9C966ECB9C976ECC9CCB
:103D5000996ECD9C9A6ECE9C9B6ECF9C9D6ED09C96
:103D60009E6ED19CA06ED29CA16ED39CA36ED49C5F
:103D7000A46ED59CA66ED69CA86ED79CA96ED89C26
:103D8000AB6ED99CAC6EDA9CAD6EDB9CAE6EDC9CEF
:103D9000B06EDD9CB36EDE9CB56EDF9CB86EE09CB1
:103DA000B96EE19CBC6EE29CBE6EE39CBF6EE49C6F
:103DB000C06EE59CC36EE69CC46EE79CC56EE89C35
:103DC000C66EE99CC86EEA9CC96EEB9CCA6EEC9C00
:103DD000CC6EED9CCD6EEE9CCE6EEF9CD06EF09CCA
:103DE000D26EF19CD66EF29CD86EF39CD96EF49C88
:103DF000DB6EF59CDC6EF69CDD6EF79CE36EF89C4A
:103E0000E76EF99CEA6EFA9CEB6EFB9CEC6EFC9CF8
:103E1000ED6EFD9CEE6EFE9CEF6E409DF06E419D42
:103E2000F16E429DF26E439DF36E449DF56E459D8D
:103E3000F66E469DF76E479DF86E489DFA6E499D59
:103E4000FB6E4A9DFC6E4B9DFD6E4C9DFE6E4D9D26
:103E5000FF6E4E9D006F4F9D016F509D036F519DF2
:103E6000046F529D056F539D076F549D086F559DBC
:103E70000A6F569D0B6F579D0C6F589D0D6F599D86
:103E80000E6F5A9D106F5B9D116F5C9D126F5D9D53
:103E9000166F5E9D176F5F9D186F609D196F619D16
:103EA0001A6F629D1B6F639D1C6F649D1D6F659DE6
:103EB0001E6F669D1F6F679D216F689D226F699DB4
:103EC000236F6A9D256F6B9D266F6C9D276F6D9D7F
:103ED000286F6E9D2C6F6F9D2E6F709D306F719D42
:103EE000326F729D346F739D356F749D376F759D02
:103EF000386F769D396F779D3A6F789D3B6F799DCE
:103F00003C6F7A9D3D6F7B9D3F6F7C9D406F7D9D9B
:103F1000416F7E9D426F809D436F819D446F829D66
:103F2000456F839D486F849D496F859D4A6F869D2F
:103F30004C6F879D4E6F889D4F6F899D506F8A9DF6
:103F4000516F8B9D526F8C9D536F8D9D546F8E9DC5
:103F5000556F8F9D566F909D576F919D596F929D94
:103F60005A6F939D5B6F949D5D6F959D5F6F969D5E
:103F7000606F979D616F989D636F999D646F9A9D27
:103F8000656F9B9D676F9C9D686F9D9D696F9E9DF2
:103F90006A6F9F9D6B6FA09D6C6FA19D6F6FA29DBF
:103FA000706FA39D716FA49D736FA59D756FA69D86
:103FB000766FA79D776FA89D796FA99D7B6FAA9D4E
:103FC0007D6FAB9D7E6FAC9D7F6FAD9D806FAE9D15
:103FD000816FAF9D826FB09D836FB19D856FB29DE4
:103FE000866FB39D876FB49D8A6FB59D8B6FB69DAD
:103FF0008F6FB79D906FB89D916FB99D926FBA9D6D
:10400000936FBB9D946FBC9D956FBD9D966FBE9D3C
:10401000976FBF9D986FC09D996FC19D9A6FC29D0C
:104020009B6FC39D9D6FC49D9E6FC59D9F6FC69DD9
:10403000A06FC79DA26FC89DA36FC99DA46FCA9DA5
:10404000A56FCB9DA66FCC9DA86FCD9DA96FCE9D72
:10405000AA6FCF9DAB6FD09DAC6FD19DAD6FD29D40
:10406000AE6FD39DAF6FD49DB06FD59DB16FD69D10
:10407000B26FD79DB46FD89DB56FD99DB76FDA9DDC
:10408000B86FDB9DBA6FDC9DBB6FDD9DBC6FDE9DA5
:10409000BD6FDF9DBE6FE09DBF6FE19DC16FE29D73
:1040A000C36FE39DC46FE49DC56FE59DC66FE69D3C
:1040B000C76FE79DC86FE89DCA6FE99DCB6FEA9D0A
:1040C000CC6FEB9DCD6FEC9DCE6FED9DCF6FEE9DD8
:1040D000D06FEF9DD36FF09DD46FF19DD56FF29DA2
:1040E000D66FF39DD76FF49DD86FF59DD96FF69D70
:1040F000DA6FF79DDB6FF89DDC6FF99DDD6FFA9D40
:10410000DF6FFB9DE26FFC9DE36FFD9DE46FFE9D05
:10411000E56F409EE66F419EE76F429EE86F439ECB
:10412000E96F449EEA6F459EEB6F469EEC6F479E9B
:10413000ED6F489EF06F499EF16F4A9EF26F4B9E65
:10414000F36F4C9EF46F4D9EF56F4E9EF66F4F9E33
:10415000F76F509EF86F519EF96F529EFA6F539E03
:10416000FB6F549EFC6F559EFD6F569EFE6F579ED3
:10417000FF6F589E0070599E01705A9E02705B9EA0
:1041800003705C9E04705D9E05705E9E06705F9E6F
:104190000770609E0870619E0970629E0A70639E3F
:1041A0000B70649E0C70659E0D70669E0E70679E0F
:1041B0000F70689E1070699E12706A9E13706B9EDD
:1041C00014706C9E15706D9E16706E9E17706F9EAB
:1041D0001870709E1970719E1C70729E1D70739E77
:1041E0001E70749E1F70759E2070769E2170779E43
:1041F0002270789E2470799E25707A9E26707B9E10
:1042000027707C9E28707D9E29707E9E2A70809EDD
:104210002B70819E2C70829E2D70839E2E70849EAA
:104220002F70859E3070869E3170879E3270889E7A
:104230003370899E34708A9E36708B9E37708C9E48
:1042400038708D9E3A708E9E3B708F9E3C70909E13
:104250003D70919E3E70929E3F70939E4070949EE2
:104260004170959E4270969E4370979E4470989EB2
:104270004570999E46709A9E47709B9E48709C9E82
:1042800049709D9E4A709E9E4B709F9E4D70A09E51
:104290004E70A19E5070A29E5170A39E5270A49E1B
:1042A0005370A59E5470A69E5570A79E5670A89EEA
:1042B0005770A99E5870AA9E5970AB9E5A70AC9EBA
:1042C0005B70AD9E5C70AE9E5D70AF9E5F70B09E89
:1042D0006070B19E6170B29E6270B39E6370B49E56
:1042E0006470B59E6570B69E6670B79E6770B89E26
:1042F0006870B99E6970BA9E6A70BB9E6E70BC9EF3
:104300007170BD9E7270BE9E7370BF9E7470C09EB1
:104310007770C19E7970C29E7A70C39E7B70C49E76
:104320007D70C59E8170C69E8270C79E8370C89E38
:104330008470C99E8670CA9E8770CB9E8870CC9E02
:104340008B70CD9E8C70CE9E8D70CF9E8F70D09EC8
:104350009070D19E9170D29E9370D39E9770D49E90
:104360009870D59E9A70D69E9B70D79E9E70D89E50
:104370009F70D99EA070DA9EA170DB9EA270DC9E19
:10438000A370DD9EA470DE9EA570DF9EA670E09EE9
:10439000A770E19EA870E29EA970E39EAA70E49EB9
:1043A000B070E59EB270E69EB470E79EB570E89E70
:1043B000B670E99EBA70EA9EBE70EB9EBF70EC9E2E
:1043C000C470ED9EC570EE9EC670EF9EC770F09EE5
:1043D000C970F19ECB70F29ECC70F39ECD70F49EAE
:1043E000CE70F59ECF70F69ED070F79ED170F89E7D
:1043F000D270F99ED370FA9ED470FB9ED570FC9E4D
:10440000D670FD9ED770FE9EDA70409FDC70419F93
:10441000DD70429FDE70439FE070449FE170459FD6
:10442000E270469FE370479FE570489FEA70499F9E
:10443000EE704A9FF0704B9FF1704C9FF2704D9F51
:10444000F3704E9FF4704F9FF570509FF670519F20
:10445000F870529FFA70539FFB70549FFC70559FE9
:10446000FE70569FFF70579F0071589F0171599FB2
:1044700002715A9F03715B9F04715C9F05715D9F80
:1044800006715E9F07715F9F0871609F0B71619F4E
:104490000C71629F0D71639F0E71649F0F71659F18
:1044A0001171669F1271679F1471689F1771699FE0
:1044B0001B716A9F1C716B9F1D716C9F1E716D9F9C
:1044C0001F716E9F20716F9F2171709F2271719F6C
:1044D0002371729F2471739F2571749F2771759F3B
:1044E0002871769F2971779F2A71789F2B71799F08
:1044F0002C717A9F2D717B9F2E717C9F32717D9FD5
:1045000033717E9F3471809F3571819F3771829F97
:104510003871839F3971849F3A71859F3B71869F63
:104520003C71879F3D71889F3E71899F3F718A9F33
:1045300040718B9F41718C9F42718D9F43718E9F03
:1045400044718F9F4671909F4771919F4871929FD0
:104550004971939F4B71949F4D71959F4F71969F99
:104560005071979F5171989F5271999F53719A9F63
:1045700054719B9F55719C9F56719D9F57719E9F33
:1045800058719F9F5971A09F5A71A19F5B71A29F03
:104590005D71A39F5F71A49F6071A59F6171A69FCC
:1045A0006271A79F6371A89F6571A99F6971AA9F96
:1045B0006A71AB9F6B71AC9F6C71AD9F6D71AE9F5B
:1045C0006F71AF9F7071B09F7171B19F7471B29F25
:1045D0007571B39F7671B49F7771B59F7971B69FEE
:1045E0007B71B79F7C71B89F7E71B99F7F71BA9FB5
:1045F0008071BB9F8171BC9F8271BD9F8371BE9F83
:104600008571BF9F8671C09F8771C19F8871C29F4E
:104610008971C39F8B71C49F8C71C59F8D71C69F1B
:104620008E71C79F9071C89F9171C99F9271CA9FE7
:104630009371CB9F9571CC9F9671CD9F9771CE9FB3
:104640009A71CF9F9B71D09F9C71D19F9D71D29F7A
:104650009E71D39FA171D49FA271D59FA371D69F44
:10466000A471D79FA571D89FA671D99FA771DA9F12
:10467000A971DB9FAA71DC9FAB71DD9FAD71DE9FDD
:10468000AE71DF9FAF71E09FB071E19FB171E29FAA
:10469000B271E39FB471E49FB671E59FB771E69F75
:1046A000B871E79FBA71E89FBB71E99FBC71EA9F3F
:1046B000BD71EB9FBE71EC9FBF71ED9FC071EE9F0E
:1046C000C171EF9FC271F09FC471F19FC571F29FDC
:1046D000C671F39FC771F49FC871F59FC971F69FAA
:1046E000CA71F79FCB71F89FCC71F99FCD71FA9F7A
:1046F000CF71FB9FD071FC9FD171FD9FD271FE9F46
:10470000D37140A0D67141A0D77142A0D87143A007
:10471000D97144A0DA7145A0DB7146A0DC7147A0D5
:10472000DD7148A0DE7149A0DF714AA0E1714BA0A4
:10473000E2714CA0E3714DA0E4714EA0E6714FA070
:10474000E87150A0E97151A0EA7152A0EB7153A039
:10475000EC7154A0ED7155A0EF7156A0F07157A007
:10476000F17158A0F27159A0F3715AA0F4715BA0D5
:10477000F5715CA0F6715DA0F7715EA0F8715FA0A5
:10478000FA7160A0FB7161A0FC7162A0FD7163A071
:10479000FE7164A0FF7165A0007266A0017267A03F
:1047A000027268A0037269A004726AA005726BA00D
:1047B00007726CA008726DA009726EA00A726FA0D9
:1047C0000B7270A00C7271A00D7272A00E7273A0A9
:1047D0000F7274A0107275A0117276A0127277A079
:1047E000137278A0147279A015727AA016727BA049
:1047F00017727CA018727DA019727EA01A7280A018
:104800001B7281A01C7282A01E7283A01F7284A0E2
:10481000207285A0217286A0227287A0237288A0B0
:10482000247289A025728AA026728BA027728CA080
:1048300029728DA02B728EA02D728FA02E7290A047
:104840002F7291A0327292A0337293A0347294A00E
:104850003A7295A03C7296A03E7297A0407298A0C2
:10486000417299A042729AA043729BA044729CA08C
:1048700045729DA046729EA049729FA04A72A0A058
:104880004B72A1A04E72A2A04F72A3A05072A4A01E
:104890005172A5A05372A6A05472A7A05572A8A0E9
:1048A0005772A9A05872AAA05A72ABA05C72ACA0B1
:1048B0005E72ADA06072AEA06372AFA06472B0A071
:1048C0006572B1A06872B2A06A72B3A06B72B4A034
:1048D0006C72B5A06D72B6A07072B7A07172B8A0FC
:1048E0007372B9A07472BAA07672BBA07772BCA0C2
:1048F0007872BDA07B72BEA07C72BFA07D72C0A08A
:104900008272C1A08372C2A08572C3A08672C4A045
:104910008772C5A08872C6A08972C7A08C72C8A011
:104920008E72C9A09072CAA09172CBA09372CCA0D3
:104930009472CDA09572CEA09672CFA09772D0A09F
:104940009872D1A09972D2A09A72D3A09B72D4A06F
:104950009C72D5A09D72D6A09E72D7A0A072D8A03E
:10496000A172D9A0A272DAA0A372DBA0A472DCA00B
:10497000A572DDA0A672DEA0A772DFA0A872E0A0DB
:10498000A972E1A0AA72E2A0AB72E3A0AE72E4A0A9
:10499000B172E5A0B272E6A0B372E7A0B572E8A06A
:1049A000BA72E9A0BB72EAA0BC72EBA0BD72ECA027
:1049B000BE72EDA0BF72EEA0C072EFA0C572F0A0F3
:1049C000C672F1A0C772F2A0C972F3A0CA72F4A0B5
:1049D000CB72F5A0CC72F6A0CF72F7A0D172F8A07E
:1049E000D372F9A0D472FAA0D572FBA0D672FCA043
:1049F000D872FDA0DA72FEA0DB72A1A10030A2A1E4
:104A00000130A3A10230A4A1B700A5A1C902A6A1AB
:104A1000C702A7A1A800A8A10330A9A10530AAA197
:104A20001420ABA15EFFACA11620ADA12620AEA143
:104A30001820AFA11920B0A11C20B1A11D20B2A146
:104A40001430B3A11530B4A10830B5A10930B6A116
:104A50000A30B7A10B30B8A10C30B9A10D30BAA102
:104A60000E30BBA10F30BCA11630BDA11730BEA1C6
:104A70001030BFA11130C0A1B100C1A1D700C2A1A7
:104A8000F700C3A13622C4A12722C5A12822C6A1AE
:104A90001122C7A10F22C8A12A22C9A12922CAA175
:104AA0000822CBA13722CCA11A22CDA1A522CEA1CA
:104AB0002522CFA12022D0A11223D1A19922D2A1B7
:104AC0002B22D3A12E22D4A16122D5A14C22D6A182
:104AD0004822D7A13D22D8A11D22D9A16022DAA166
:104AE0006E22DBA16F22DCA16422DDA16522DEA1A2
:104AF0001E22DFA13522E0A13422E1A14226E2A15B
:104B00004026E3A1B000E4A13220E5A13320E6A1D4
:104B10000321E7A104FFE8A1A400E9A1E0FFEAA1C5
:104B2000E1FFEBA13020ECA1A700EDA11621EEA141
:104B30000626EFA10526F0A1CB25F1A1CF25F2A1F4
:104B4000CE25F3A1C725F4A1C625F5A1A125F6A17F
:104B5000A025F7A1B325F8A1B225F9A13B20FAA120
:104B60009221FBA19021FCA19121FDA19321FEA105
:104B70001330A1A27021A2A27121A3A27221A4A22A
:104B80007321A5A27421A6A27521A7A27621A8A2AD
:104B90007721A9A27821AAA27921B1A28824B2A260
:104BA0008924B3A28A24B4A28B24B5A28C24B6A2F1
:104BB0008D24B7A28E24B8A28F24B9A29024BAA2C1
:104BC0009124BBA29224BCA29324BDA29424BEA291
:104BD0009524BFA29624C0A29724C1A29824C2A261
:104BE0009924C3A29A24C4A29B24C5A27424C6A259
:104BF0007524C7A27624C8A27724C9A27824CAA2A1
:104C00007924CBA27A24CCA27B24CDA27C24CEA270
:104C10007D24CFA27E24D0A27F24D1A28024D2A240
:104C20008124D3A28224D4A28324D5A28424D6A210
:104C30008524D7A28624D8A28724D9A26024DAA208
:104C40006124DBA26224DCA26324DDA26424DEA250
:104C50006524DFA26624E0A26724E1A26824E2A220
:104C60006924E5A22032E6A22132E7A22232E8A29C
:104C70002332E9A22432EAA22532EBA22632ECA2A8
:104C80002732EDA22832EEA22932F1A26021F2A24F
:104C90006121F3A26221F4A26321F5A26421F6A2AC
:104CA0006521F7A26621F8A26721F9A26821FAA27C
:104CB0006921FBA26A21FCA26B21A1A301FFA2A38F
:104CC00002FFA3A303FFA4A3E5FFA5A305FFA6A3DB
:104CD00006FFA7A307FFA8A308FFA9A309FFAAA38C
:104CE0000AFFABA30BFFACA30CFFADA30DFFAEA35C
:104CF0000EFFAFA30FFFB0A310FFB1A311FFB2A32C
:104D000012FFB3A313FFB4A314FFB5A315FFB6A3FB
:104D100016FFB7A317FFB8A318FFB9A319FFBAA3CB
:104D20001AFFBBA31BFFBCA31CFFBDA31DFFBEA39B
:104D30001EFFBFA31FFFC0A320FFC1A321FFC2A36B
:104D400022FFC3A323FFC4A324FFC5A325FFC6A33B
:104D500026FFC7A327FFC8A328FFC9A329FFCAA30B
:104D60002AFFCBA32BFFCCA32CFFCDA32DFFCEA3DB
:104D70002EFFCFA32FFFD0A330FFD1A331FFD2A3AB
:104D800032FFD3A333FFD4A334FFD5A335FFD6A37B
:104D900036FFD7A337FFD8A338FFD9A339FFDAA34B
:104DA0003AFFDBA33BFFDCA33CFFDDA33DFFDEA31B
:104DB0003EFFDFA33FFFE0A340FFE1A341FFE2A3EB
:104DC00042FFE3A343FFE4A344FFE5A345FFE6A3BB
:104DD00046FFE7A347FFE8A348FFE9A349FFEAA38B
:104DE0004AFFEBA34BFFECA34CFFEDA34DFFEEA35B
:104DF0004EFFEFA34FFFF0A350FFF1A351FFF2A32B
:104E000052FFF3A353FFF4A354FFF5A355FFF6A3FA
:104E100056FFF7A357FFF8A358FFF9A359FFFAA3CA
:104E20005AFFFBA35BFFFCA35CFFFDA35DFFFEA39A
:104E3000E3FFA1A44130A2A44230A3A44330A4A420
:104E40004430A5A44530A6A44630A7A44730A8A462
:104E50004830A9A44930AAA44A30ABA44B30ACA432
:104E60004C30ADA44D30AEA44E30AFA44F30B0A402
:104E70005030B1A45130B2A45230B3A45330B4A4D2
:104E80005430B5A45530B6A45630B7A45730B8A4A2
:104E90005830B9A45930BAA45A30BBA45B30BCA472
:104EA0005C30BDA45D30BEA45E30BFA45F30C0A442
:104EB0006030C1A46130C2A46230C3A46330C4A412
:104EC0006430C5A46530C6A46630C7A46730C8A4E2
:104ED0006830C9A46930CAA46A30CBA46B30CCA4B2
:104EE0006C30CDA46D30CEA46E30CFA46F30D0A482
:104EF0007030D1A47130D2A47230D3A47330D4A452
:104F00007430D5A47530D6A47630D7A47730D8A421
:104F10007830D9A47930DAA47A30DBA47B30DCA4F1
:104F20007C30DDA47D30DEA47E30DFA47F30E0A4C1
:104F30008030E1A48130E2A48230E3A48330E4A491
:104F40008430E5A48530E6A48630E7A48730E8A461
:104F50008830E9A48930EAA48A30EBA48B30ECA431
:104F60008C30EDA48D30EEA48E30EFA48F30F0A401
:104F70009030F1A49130F2A49230F3A49330A1A523
:104F8000A130A2A5A230A3A5A330A4A5A430A5A5B5
:104F9000A530A6A5A630A7A5A730A8A5A830A9A585
:104FA000A930AAA5AA30ABA5AB30ACA5AC30ADA555
:104FB000AD30AEA5AE30AFA5AF30B0A5B030B1A525
:104FC000B130B2A5B230B3A5B330B4A5B430B5A5F5
:104FD000B530B6A5B630B7A5B730B8A5B830B9A5C5
:104FE000B930BAA5BA30BBA5BB30BCA5BC30BDA595
:104FF000BD30BEA5BE30BFA5BF30C0A5C030C1A565
:10500000C130C2A5C230C3A5C330C4A5C430C5A534
:10501000C530C6A5C630C7A5C730C8A5C830C9A504
:10502000C930CAA5CA30CBA5CB30CCA5CC30CDA5D4
:10503000CD30CEA5CE30CFA5CF30D0A5D030D1A5A4
:10504000D130D2A5D230D3A5D330D4A5D430D5A574
:10505000D530D6A5D630D7A5D730D8A5D830D9A544
:10506000D930DAA5DA30DBA5DB30DCA5DC30DDA514
:10507000DD30DEA5DE30DFA5DF30E0A5E030E1A5E4
:10508000E130E2A5E230E3A5E330E4A5E430E5A5B4
:10509000E530E6A5E630E7A5E730E8A5E830E9A584
:1050A000E930EAA5EA30EBA5EB30ECA5EC30EDA554
:1050B000ED30EEA5EE30EFA5EF30F0A5F030F1A524
:1050C000F130F2A5F230F3A5F330F4A5F430F5A5F4
:1050D000F530F6A5F630A1A69103A2A69203A3A6E9
:1050E0009303A4A69403A5A69503A6A69603A7A634
:1050F0009703A8A69803A9A69903AAA69A03ABA604
:105100009B03ACA69C03ADA69D03AEA69E03AFA6D3
:105110009F03B0A6A003B1A6A103B2A6A303B3A6A2
:10512000A403B4A6A503B5A6A603B6A6A703B7A66F
:10513000A803B8A6A903C1A6B103C2A6B203C3A619
:10514000B303C4A6B403C5A6B503C6A6B603C7A6D3
:10515000B703C8A6B803C9A6B903CAA6BA03CBA6A3
:10516000BB03CCA6BC03CDA6BD03CEA6BE03CFA673
:10517000BF03D0A6C003D1A6C103D2A6C303D3A642
:10518000C403D4A6C503D5A6C603D6A6C703D7A60F
:10519000C803D8A6C903E0A635FEE1A636FEE2A6FE
:1051A00039FEE3A63AFEE4A63FFEE5A640FEE6A6EB
:1051B0003DFEE7A63EFEE8A641FEE9A642FEEAA6BF
:1051C00043FEEBA644FEEEA63BFEEFA63CFEF0A699
:1051D00037FEF1A638FEF2A631FEF4A633FEF5A6A0
:1051E00034FEA1A71004A2A71104A3A71204A4A728
:1051F0001304A5A71404A6A71504A7A70104A8A72C
:105200001604A9A71704AAA71804ABA71904ACA7EA
:105210001A04ADA71B04AEA71C04AFA71D04B0A7BA
:105220001E04B1A71F04B2A72004B3A72104B4A78A
:105230002204B5A72304B6A72404B7A72504B8A75A
:105240002604B9A72704BAA72804BBA72904BCA72A
:105250002A04BDA72B04BEA72C04BFA72D04C0A7FA
:105260002E04C1A72F04D1A73004D2A73104D3A79D
:105270003204D4A73304D5A73404D6A73504D7A75E
:105280005104D8A73604D9A73704DAA73804DBA716
:105290003904DCA73A04DDA73B04DEA73C04DFA702
:1052A0003D04E0A73E04E1A73F04E2A74004E3A7D2
:1052B0004104E4A74204E5A74304E6A74404E7A7A2
:1052C0004504E8A74604E9A74704EAA74804EBA772
:1052D0004904ECA74A04EDA74B04EEA74C04EFA742
:1052E0004D04F0A74E04F1A74F0440A8CA0241A8FC
:1052F000CB0242A8D90243A8132044A8152045A8F0
:10530000252046A8352047A8052148A8092149A8F5
:1053100096214AA897214BA898214CA899214DA8DD
:1053200015224EA81F224FA8232250A8522251A86E
:10533000662252A8672253A8BF2254A8502555A818
:10534000512556A8522557A8532558A8542559A881
:1053500055255AA856255BA857255CA858255DA851
:1053600059255EA85A255FA85B2560A85C2561A821
:105370005D2562A85E2563A85F2564A8602565A8F1
:10538000612566A8622567A8632568A8642569A8C1
:1053900065256AA866256BA867256CA868256DA891
:1053A00069256EA86A256FA86B2570A86C2571A861
:1053B0006D2572A86E2573A86F2574A8702575A831
:1053C000712576A8722577A8732578A8812579A8F4
:1053D00082257AA883257BA884257CA885257DA89D
:1053E00086257EA8872580A8882581A8892582A86A
:1053F0008A2583A88B2584A88C2585A88D2586A839
:105400008E2587A88F2588A8932589A894258AA802
:1054100095258BA8BC258CA8BD258DA8E2258EA836
:10542000E3258FA8E42590A8E52591A8092692A850
:10543000952293A8123094A81D3095A81E30A1A8DB
:105440000101A2A8E100A3A8CE01A4A8E000A5A89C
:105450001301A6A8E900A7A81B01A8A8E800A9A80D
:105460002B01AAA8ED00ABA8D001ACA8EC00ADA818
:105470004D01AEA8F300AFA8D201B0A8F200B1A8C8
:105480006B01B2A8FA00B3A8D401B4A8F900B5A87A
:10549000D601B6A8D801B7A8DA01B8A8DC01B9A826
:1054A000FC00BAA8EA00BBA85102BDA84401BEA8EE
:1054B0004801C0A86102C5A80531C6A80631C7A821
:1054C0000731C8A80831C9A80931CAA80A31CBA830
:1054D0000B31CCA80C31CDA80D31CEA80E31CFA800
:1054E0000F31D0A81031D1A81131D2A81231D3A8D0
:1054F0001331D4A81431D5A81531D6A81631D7A8A0
:105500001731D8A81831D9A81931DAA81A31DBA86F
:105510001B31DCA81C31DDA81D31DEA81E31DFA83F
:105520001F31E0A82031E1A82131E2A82231E3A80F
:105530002331E4A82431E5A82531E6A82631E7A8DF
:105540002731E8A82831E9A8293140A9213041A90B
:10555000223042A9233043A9243044A9253045A94B
:10556000263046A9273047A9283048A9293049A91B
:10557000A3324AA98E334BA98F334CA99C334DA932
:105580009D334EA99E334FA9A13350A9C43351A9CD
:10559000CE3352A9D13353A9D23354A9D53355A907
:1055A00030FE56A9E2FF57A9E4FF59A921215AA9C3
:1055B00031325CA9102060A9FC3061A99B3062A93E
:1055C0009C3063A9FD3064A9FE3065A9063066A948
:1055D0009D3067A99E3068A949FE69A94AFE6AA95B
:1055E0004BFE6BA94CFE6CA94DFE6DA94EFE6EA93B
:1055F0004FFE6FA950FE70A951FE71A952FE72A90B
:1056000054FE73A955FE74A956FE75A957FE76A9D6
:1056100059FE77A95AFE78A95BFE79A95CFE7AA9A2
:105620005DFE7BA95EFE7CA95FFE7DA960FE7EA972
:1056300061FE80A962FE81A963FE82A964FE83A93E
:1056400065FE84A966FE85A968FE86A969FE87A90C
:105650006AFE88A96BFE96A90730A4A90025A5A912
:105660000125A6A90225A7A90325A8A90425A9A95A
:105670000525AAA90625ABA90725ACA90825ADA92A
:105680000925AEA90A25AFA90B25B0A90C25B1A9FA
:105690000D25B2A90E25B3A90F25B4A91025B5A9CA
:1056A0001125B6A91225B7A91325B8A91425B9A99A
:1056B0001525BAA91625BBA91725BCA91825BDA96A
:1056C0001925BEA91A25BFA91B25C0A91C25C1A93A
:1056D0001D25C2A91E25C3A91F25C4A92025C5A90A
:1056E0002125C6A92225C7A92325C8A92425C9A9DA
:1056F0002525CAA92625CBA92725CCA92825CDA9AA
:105700002925CEA92A25CFA92B25D0A92C25D1A979
:105710002D25D2A92E25D3A92F25D4A93025D5A949
:105720003125D6A93225D7A93325D8A93425D9A919
:105730003525DAA93625DBA93725DCA93825DDA9E9
:105740003925DEA93A25DFA93B25E0A93C25E1A9B9
:105750003D25E2A93E25E3A93F25E4A94025E5A989
:105760004125E6A94225E7A94325E8A94425E9A959
:105770004525EAA94625EBA94725ECA94825EDA929
:105780004925EEA94A25EFA94B2540AADC7241AA7A
:10579000DD7242AADF7243AAE27244AAE37245AA0A
:1057A000E47246AAE57247AAE67248AAE77249AAD5
:1057B000EA724AAAEB724BAAF5724CAAF6724DAA8B
:1057C000F9724EAAFD724FAAFE7250AAFF7251AA38
:1057D000007352AA027353AA047354AA057355AAFC
:1057E000067356AA077357AA087358AA097359AAC9
:1057F0000B735AAA0C735BAA0D735CAA0F735DAA94
:1058000010735EAA11735FAA127360AA147361AA5F
:10581000187362AA197363AA1A7364AA1F7365AA1C
:10582000207366AA237367AA247368AA267369AAD9
:1058300027736AAA28736BAA2D736CAA2F736DAA9B
:1058400030736EAA32736FAA337370AA357371AA5C
:10585000367372AA3A7373AA3B7374AA3C7375AA1F
:105860003D7376AA407377AA417378AA427379AAE6
:1058700043737AAA44737BAA45737CAA46737DAAB4
:1058800047737EAA487380AA497381AA4A7382AA81
:105890004B7383AA4C7384AA4E7385AA4F7386AA4E
:1058A000517387AA537388AA547389AA55738AAA15
:1058B00056738BAA58738CAA59738DAA5A738EAAE1
:1058C0005B738FAA5C7390AA5D7391AA5E7392AAB0
:1058D0005F7393AA617394AA627395AA637396AA7D
:1058E000647397AA657398AA667399AA67739AAA4C
:1058F00068739BAA69739CAA6A739DAA6B739EAA1C
:105900006E739FAA7073A0AA717340AB727341ABA0
:10591000737342AB747343AB757344AB767345AB2F
:10592000777346AB787347AB797348AB7A7349ABFF
:105930007B734AAB7C734BAB7D734CAB7F734DABCE
:1059400080734EAB81734FAB827350AB837351AB9B
:10595000857352AB867353AB887354AB8A7355AB64
:105960008C7356AB8D7357AB8F7358AB907359AB29
:1059700092735AAB93735BAB94735CAB95735DABF3
:1059800097735EAB98735FAB997360AB9A7361ABBF
:105990009C7362AB9D7363AB9E7364ABA07365AB8A
:1059A000A17366ABA37367ABA47368ABA57369AB54
:1059B000A6736AABA7736BABA8736CABAA736DAB22
:1059C000AC736EABAD736FABB17370ABB47371ABE3
:1059D000B57372ABB67373ABB87374ABB97375ABA5
:1059E000BC7376ABBD7377ABBE7378ABBF7379AB6B
:1059F000C1737AABC3737BABC4737CABC5737DAB34
:105A0000C6737EABC77380ABCB7381ABCC7382ABF9
:105A1000CE7383ABD27384ABD37385ABD47386ABB5
:105A2000D57387ABD67388ABD77389ABD8738AAB82
:105A3000DA738BABDB738CABDC738DABDD738EAB4E
:105A4000DF738FABE17390ABE27391ABE37392AB17
:105A5000E47393ABE67394ABE87395ABEA7396ABE0
:105A6000EB7397ABEC7398ABEE7399ABEF739AABA8
:105A7000F0739BABF1739CABF3739DABF4739EAB74
:105A8000F5739FABF673A0ABF77340ACF87341AC02
:105A9000F97342ACFA7343ACFB7344ACFC7345AC92
:105AA000FD7346ACFE7347ACFF7348AC007449AC61
:105AB00001744AAC02744BAC04744CAC07744DAC2A
:105AC00008744EAC0B744FAC0C7450AC0D7451ACEC
:105AD0000E7452AC117453AC127454AC137455ACB4
:105AE000147456AC157457AC167458AC177459AC82
:105AF00018745AAC19745BAC1C745CAC1D745DAC4E
:105B00001E745EAC1F745FAC207460AC217461AC19
:105B1000237462AC247463AC277464AC297465ACE0
:105B20002B7466AC2D7467AC2F7468AC317469AC9F
:105B300032746AAC37746BAC38746CAC39746DAC5D
:105B40003A746EAC3B746FAC3D7470AC3E7471AC27
:105B50003F7472AC407473AC427474AC437475ACF3
:105B6000447476AC457477AC467478AC477479ACC1
:105B700048747AAC49747BAC4A747CAC4B747DAC91
:105B80004C747EAC4D7480AC4E7481AC4F7482AC5E
:105B9000507483AC517484AC527485AC537486AC2D
:105BA000547487AC567488AC587489AC5D748AACF4
:105BB00060748BAC61748CAC62748DAC63748EACAD
:105BC00064748FAC657490AC667491AC677492AC7D
:105BD000687493AC697494AC6A7495AC6B7496AC4D
:105BE0006C7497AC6E7498AC6F7499AC71749AAC19
:105BF00072749BAC73749CAC74749DAC75749EACE5
:105C000078749FAC7974A0AC7A7440AD7B7441AD6C
:105C10007C7442AD7D7443AD7F7444AD827445ADF8
:105C2000847446AD857447AD867448AD887449ADBB
:105C300089744AAD8A744BAD8C744CAD8D744DAD86
:105C40008F744EAD91744FAD927450AD937451AD4D
:105C5000947452AD957453AD967454AD977455AD1C
:105C6000987456AD997457AD9A7458AD9B7459ADEC
:105C70009D745AAD9F745BADA0745CADA1745DADB5
:105C8000A2745EADA3745FADA47460ADA57461AD84
:105C9000A67462ADAA7463ADAB7464ADAC7465AD4B
:105CA000AD7466ADAE7467ADAF7468ADB07469AD18
:105CB000B1746AADB2746BADB3746CADB4746DADE8
:105CC000B5746EADB6746FADB77470ADB87471ADB8
:105CD000B97472ADBB7473ADBC7474ADBD7475AD85
:105CE000BE7476ADBF7477ADC07478ADC17479AD54
:105CF000C2747AADC3747BADC4747CADC5747DAD24
:105D0000C6747EADC77480ADC87481ADC97482ADF0
:105D1000CA7483ADCB7484ADCC7485ADCD7486ADBF
:105D2000CE7487ADCF7488ADD07489ADD1748AAD8F
:105D3000D3748BADD4748CADD5748DADD6748EAD5B
:105D4000D7748FADD87490ADD97491ADDA7492AD2B
:105D5000DB7493ADDD7494ADDF7495ADE17496ADF5
:105D6000E57497ADE77498ADE87499ADE9749AADB0
:105D7000EA749BADEB749CADEC749DADED749EAD7F
:105D8000F0749FADF174A0ADF27440AEF37441AE07
:105D9000F57442AEF87443AEF97444AEFA7445AE8D
:105DA000FB7446AEFC7447AEFD7448AEFE7449AE5B
:105DB00000754AAE01754BAE02754CAE03754DAE23
:105DC00005754EAE06754FAE077550AE087551AEEF
:105DD000097552AE0A7553AE0B7554AE0C7555AEBF
:105DE0000E7556AE107557AE127558AE147559AE85
:105DF00015755AAE16755BAE17755CAE1B755DAE4C
:105E00001D755EAE1E755FAE207560AE217561AE0C
:105E1000227562AE237563AE247564AE267565AED9
:105E2000277566AE2A7567AE2E7568AE347569AE95
:105E300036756AAE39756BAE3C756CAE3D756DAE40
:105E40003F756EAE41756FAE427570AE437571AE03
:105E5000447572AE467573AE477574AE497575AECE
:105E60004A7576AE4D7577AE507578AE517579AE90
:105E700052757AAE53757BAE55757CAE56757DAE58
:105E800057757EAE587580AE5D7581AE5E7582AE1B
:105E90005F7583AE607584AE617585AE627586AEE2
:105EA000637587AE647588AE677589AE68758AAEAE
:105EB00069758BAE6B758CAE6C758DAE6D758EAE77
:105EC0006E758FAE6F7590AE707591AE717592AE46
:105ED000737593AE757594AE767595AE777596AE0F
:105EE0007A7597AE7B7598AE7C7599AE7D759AAED6
:105EF0007E759BAE80759CAE81759DAE82759EAEA3
:105F000084759FAE8575A0AE877540AF887541AF2B
:105F1000897542AF8A7543AF8C7544AF8D7545AFB7
:105F20008E7546AF907547AF937548AF957549AF7D
:105F300098754AAF9B754BAF9C754CAF9E754DAF36
:105F4000A2754EAFA6754FAFA77550AFA87551AFEC
:105F5000A97552AFAA7553AFAD7554AFB67555AFAD
:105F6000B77556AFBA7557AFBB7558AFBF7559AF58
:105F7000C0755AAFC1755BAFC6755CAFCB755DAF11
:105F8000CC755EAFCE755FAFCF7560AFD07561AFCA
:105F9000D17562AFD37563AFD77564AFD97565AF8F
:105FA000DA7566AFDC7567AFDD7568AFDF7569AF51
:105FB000E0756AAFE1756BAFE5756CAFE9756DAF14
:105FC000EC756EAFED756FAFEE7570AFEF7571AFCD
:105FD000F27572AFF37573AFF57574AFF67575AF93
:105FE000F77576AFF87577AFFA7578AFFB7579AF5F
:105FF000FD757AAFFE757BAF02767CAF04767DAF20
:1060000006767EAF077680AF087681AF097682AFDD
:106010000B7683AF0D7684AF0E7685AF0F7686AFA5
:10602000117687AF127688AF137689AF14768AAF70
:1060300016768BAF1A768CAF1C768DAF1D768EAF31
:106040001E768FAF217690AF237691AF277692AFF1
:10605000287693AF2C7694AF2E7695AF2F7696AFA9
:10606000317697AF327698AF367699AF37769AAF6A
:1060700039769BAF3A769CAF3B769DAF3D769EAF2F
:1060800041769FAF4276A0AF447640B0457641B0AE
:10609000467642B0477643B0487644B0497645B03C
:1060A0004A7646B04B7647B04E7648B04F7649B008
:1060B00050764AB051764BB052764CB053764DB0D4
:1060C00055764EB057764FB0587650B0597651B09D
:1060D0005A7652B05B7653B05D7654B05F7655B069
:1060E000607656B0617657B0627658B0647659B033
:1060F00065765AB066765BB067765CB068765DB000
:1061000069765EB06A765FB06C7660B06D7661B0CD
:106110006E7662B0707663B0717664B0727665B098
:10612000737666B0747667B0757668B0767669B067
:1061300077766AB079766BB07A766CB07C766DB033
:106140007F766EB080766FB0817670B0837671B0F6
:10615000857672B0897673B08A7674B08C7675B0B5
:106160008D7676B08F7677B0907678B0927679B07B
:1061700094767AB095767BB097767CB098767DB041
:106180009A767EB09B7680B09C7681B09D7682B008
:106190009E7683B09F7684B0A07685B0A17686B0D7
:1061A000A27687B0A37688B0A57689B0A6768AB0A5
:1061B000A7768BB0A8768CB0A9768DB0AA768EB073
:1061C000AB768FB0AC7690B0AD7691B0AF7692B042
:1061D000B07693B0B37694B0B57695B0B67696B007
:1061E000B77697B0B87698B0B97699B0BA769AB0D3
:1061F000BB769BB0BC769CB0BD769DB0BE769EB0A3
:10620000C0769FB0C176A0B0C376A1B04A55A2B007
:106210003F96A3B0C357A4B02863A5B0CE54A6B090
:106220000955A7B0C054A8B09176A9B04C76AAB0D1
:106230003C85ABB0EE77ACB07E82ADB08D78AEB0C1
:106240003172AFB09896B0B08D97B1B0286CB2B043
:10625000895BB3B0FA4FB4B00963B5B09766B6B016
:10626000B85CB7B0FA80B8B04868B9B0AE80BAB020
:106270000266BBB0CE76BCB0F951BDB05665BEB0BB
:10628000AC71BFB0F17FC0B08488C1B0B250C2B0B1
:106290006559C3B0CA61C4B0B36FC5B0AD82C6B0F2
:1062A0004C63C7B05262C8B0ED53C9B02754CAB0EE
:1062B000067BCBB06B51CCB0A475CDB0F45DCEB045
:1062C000D462CFB0CB8DD0B07697D1B08A62D2B045
:1062D0001980D3B05D57D4B03897D5B0627FD6B0AF
:1062E0003872D7B07D76D8B0CF67D9B07E76DAB0C5
:1062F0004664DBB0704FDCB0258DDDB0DC62DEB013
:10630000177ADFB09165E0B0ED73E1B02C64E2B0D4
:106310007362E3B02C82E4B08198E5B07F67E6B0A9
:106320004872E7B06E62E8B0CC62E9B0344FEAB0D0
:10633000E374EBB04A53ECB09E52EDB0CA7EEEB0BF
:10634000A690EFB02E5EF0B08668F1B09C69F2B016
:106350008081F3B0D17EF4B0D268F5B0C578F6B0E4
:106360008C86F7B05195F8B08D50F9B0248CFAB006
:10637000DE82FBB0DE80FCB00553FDB01289FEB0BA
:10638000655240B1C47641B1C77642B1C97643B1D6
:10639000CB7644B1CC7645B1D37646B1D57647B10C
:1063A000D97648B1DA7649B1DC764AB1DD764BB1BF
:1063B000DE764CB1E0764DB1E1764EB1E2764FB18A
:1063C000E37650B1E47651B1E67652B1E77653B157
:1063D000E87654B1E97655B1EA7656B1EB7657B125
:1063E000EC7658B1ED7659B1F0765AB1F3765BB1EF
:1063F000F5765CB1F6765DB1F7765EB1FA765FB1AF
:10640000FB7660B1FD7661B1FF7662B1007763B172
:10641000027764B1037765B1057766B1067767B136
:106420000A7768B10C7769B10E776AB10F776BB1F3
:1064300010776CB111776DB112776EB113776FB1C0
:10644000147770B1157771B1167772B1177773B190
:10645000187774B11B7775B11C7776B11D7777B15A
:106460001E7778B1217779B123777AB124777BB120
:1064700025777CB127777DB12A777EB12B7780B1E4
:106480002C7781B12E7782B1307783B1317784B1A7
:10649000327785B1337786B1347787B1397788B170
:1064A0003B7789B13D778AB13E778BB13F778CB12D
:1064B00042778DB144778EB145778FB1467790B1F1
:1064C000487791B1497792B14A7793B14B7794B1BC
:1064D0004C7795B14D7796B14E7797B14F7798B18C
:1064E000527799B153779AB154779BB155779CB154
:1064F00056779DB157779EB158779FB15977A0B124
:106500005C77A1B18485A2B1F996A3B1DD4FA4B1A6
:106510002158A5B17199A6B19D5BA7B1B162A8B18F
:10652000A562A9B1B466AAB1798CABB18D9CACB1AE
:106530000672ADB16F67AEB19178AFB1B260B0B174
:106540005153B1B11753B2B1888FB3B1CC80B4B14C
:106550001D8DB5B1A194B6B10D50B7B1C872B8B127
:106560000759B9B1EB60BAB11971BBB1AB88BCB115
:106570005459BDB1EF82BEB12C67BFB1287BC0B109
:10658000295DC1B1F77EC2B12D75C3B1F56CC4B13F
:10659000668EC5B1F88FC6B13C90C7B13B9FC8B1FC
:1065A000D46BC9B11991CAB1147BCBB17C5FCCB1AA
:1065B000A778CDB1D684CEB13D85CFB1D56BD0B162
:1065C000D96BD1B1D66BD2B1015ED3B1875ED4B1F4
:1065D000F975D5B1ED95D6B15D65D7B10A5FD8B182
:1065E000C55FD9B19F8FDAB1C158DBB1C281DCB1CF
:1065F0007F90DDB15B96DEB1AD97DFB1B98FE0B1D1
:10660000167FE1B12C8DE2B14162E3B1BF4FE4B13D
:10661000D853E5B15E53E6B1A88FE7B1A98FE8B1D1
:10662000AB8FE9B14D90EAB10768EBB16A5FECB1AD
:106630009881EDB16888EEB1D69CEFB18B61F0B175
:106640002B52F1B12A76F2B16C5FF3B18C65F4B1E3
:10665000D26FF5B1E86EF6B1BE5BF7B14864F8B140
:106660007551F9B1B051FAB1C467FBB1194EFCB123
:10667000C979FDB17C99FEB1B37040B25D7741B28A
:106680005E7742B25F7743B2607744B2647745B2D7
:10669000677746B2697747B26A7748B26D7749B291
:1066A0006E774AB26F774BB270774CB271774DB25A
:1066B00072774EB273774FB2747750B2757751B22A
:1066C000767752B2777753B2787754B27A7755B2F9
:1066D0007B7756B27C7757B2817758B2827759B2BE
:1066E00083775AB286775BB287775CB288775DB280
:1066F00089775EB28A775FB28B7760B28F7761B24B
:10670000907762B2937763B2947764B2957765B20B
:10671000967766B2977767B2987768B2997769B2D9
:106720009A776AB29B776BB29C776CB29D776DB2A9
:106730009E776EB2A1776FB2A37770B2A47771B271
:10674000A67772B2A87773B2AB7774B2AD7775B231
:10675000AE7776B2AF7777B2B17778B2B27779B2F7
:10676000B4777AB2B6777BB2B7777CB2B8777DB2BE
:10677000B9777EB2BA7780B2BC7781B2BE7782B287
:10678000C07783B2C17784B2C27785B2C37786B24D
:10679000C47787B2C57788B2C67789B2C7778AB21D
:1067A000C8778BB2C9778CB2CA778DB2CB778EB2ED
:1067B000CC778FB2CE7790B2CF7791B2D07792B2BA
:1067C000D17793B2D27794B2D37795B2D47796B289
:1067D000D57797B2D67798B2D87799B2D9779AB257
:1067E000DA779BB2DD779CB2DE779DB2DF779EB21F
:1067F000E0779FB2E177A0B2E477A1B2C575A2B20B
:10680000765EA3B2BB73A4B2E083A5B2AD64A6B2B8
:10681000E862A7B2B594A8B2E26CA9B25A53AAB280
:10682000C352ABB20F64ACB2C294ADB2947BAEB201
:106830002F4FAFB21B5EB0B23682B1B21681B2B288
:106840008A81B3B2246EB4B2CA6CB5B2739AB6B2CE
:106850005563B7B25C53B8B2FA54B9B26588BAB2EC
:10686000E057BBB20D4EBCB2035EBDB2656BBEB2AB
:106870003F7CBFB2E890C0B21660C1B2E664C2B25B
:106880001C73C3B2C188C4B25067C5B24D62C6B2F0
:10689000228DC7B26C77C8B2298EC9B2C791CAB26D
:1068A000695FCBB2DC83CCB22185CDB21099CEB278
:1068B000C253CFB29586D0B28B6BD1B2ED60D2B25B
:1068C000E860D3B27F70D4B2CD82D5B23182D6B275
:1068D000D34ED7B2A76CD8B2CF85D9B2CD64DAB2D5
:1068E000D97CDBB2FD69DCB2F966DDB24983DEB288
:1068F0009553DFB2567BE0B2A74FE1B28C51E2B2C2
:106900004B6DE3B2425CE4B26D8EE5B2D263E6B2A7
:10691000C953E7B22C83E8B23683E9B2E567EAB23D
:10692000B478EBB23D64ECB2DF5BEDB2945CEEB2F6
:10693000EE5DEFB2E78BF0B2C662F1B2F467F2B28D
:106940007A8CF3B20064F4B2BA63F5B24987F6B256
:106950008B99F7B2178CF8B2207FF9B2F294FAB2A1
:10696000A74EFBB21096FCB2A498FDB20C66FEB224
:10697000167340B3E67741B3E87742B3EA7743B39F
:10698000EF7744B3F07745B3F17746B3F27747B387
:10699000F47748B3F57749B3F7774AB3F9774BB350
:1069A000FA774CB3FB774DB3FC774EB303784FB314
:1069B000047850B3057851B3067852B3077853B3CF
:1069C000087854B30A7855B30B7856B30E7857B39A
:1069D0000F7858B3107859B313785AB315785BB35E
:1069E00019785CB31B785DB31E785EB320785FB313
:1069F000217860B3227861B3247862B3287863B3D6
:106A00002A7864B32B7865B32E7866B32F7867B392
:106A1000317868B3327869B333786AB335786BB359
:106A200036786CB33D786DB33F786EB341786FB311
:106A3000427870B3437871B3447872B3467873B3D5
:106A4000487874B3497875B34A7876B34B7877B39E
:106A50004D7878B34F7879B351787AB353787BB364
:106A600054787CB358787DB359787EB35A7880B324
:106A70005B7881B35C7882B35E7883B35F7884B3EC
:106A8000607885B3617886B3627887B3637888B3BA
:106A9000647889B365788AB366788BB367788CB38A
:106AA00068788DB369788EB36F788FB3707890B350
:106AB000717891B3727892B3737893B3747894B316
:106AC000757895B3767896B3787897B3797898B3E4
:106AD0007A7899B37B789AB37D789BB37E789CB3B0
:106AE0007F789DB380789EB381789FB38278A0B37E
:106AF0008378A1B33A57A2B31D5CA3B3385EA4B3A5
:106B00007F95A5B37F50A6B3A080A7B38253A8B347
:106B10005E65A9B34575AAB33155ABB32150ACB38B
:106B2000858DADB38462AEB39E94AFB31D67B0B331
:106B30003256B1B36E6FB2B3E25DB3B33554B4B392
:106B40009270B5B3668FB6B36F62B7B3A464B8B3CF
:106B5000A363B9B37B5FBAB3886FBBB3F490BCB324
:106B6000E381BDB3B08FBEB3185CBFB36866C0B37A
:106B7000F15FC1B3896CC2B34896C3B3818DC4B30E
:106B80006C88C5B39164C6B3F079C7B3CE57C8B3A8
:106B9000596AC9B31062CAB34854CBB3584ECCB388
:106BA0000B7ACDB3E960CEB3846FCFB3DA8BD0B3B9
:106BB0007F62D1B31E90D2B38B9AD3B3E479D4B3AE
:106BC0000354D5B3F475D6B30163D7B31953D8B30F
:106BD000606CD9B3DF8FDAB31B5FDBB3709ADCB3C1
:106BE0003B80DDB37F9FDEB3884FDFB33A5CE0B319
:106BF000648DE1B3C57FE2B3A565E3B3BD70E4B3D3
:106C00004551E5B3B251E6B36B86E7B3075DE8B330
:106C1000A05BE9B3BD62EAB36C91EBB37475ECB3FE
:106C20000C8EEDB3207AEEB30161EFB3797BF0B354
:106C3000C74EF1B3F87EF2B38577F3B3114EF4B3D8
:106C4000ED81F5B31D52F6B3FA51F7B3716AF8B39B
:106C5000A853F9B3878EFAB30495FBB3CF96FCB370
:106C6000C16EFDB36496FEB35A6940B4847841B4F2
:106C7000857842B4867843B4887844B48A7845B439
:106C80008B7846B48F7847B4907848B4927849B4FA
:106C900094784AB495784BB496784CB499784DB4BE
:106CA0009D784EB49E784FB4A07850B4A27851B479
:106CB000A47852B4A67853B4A87854B4A97855B43B
:106CC000AA7856B4AB7857B4AC7858B4AD7859B408
:106CD000AE785AB4AF785BB4B5785CB4B6785DB4CE
:106CE000B7785EB4B8785FB4BA7860B4BB7861B492
:106CF000BC7862B4BD7863B4BF7864B4C07865B45E
:106D0000C27866B4C37867B4C47868B4C67869B426
:106D1000C7786AB4C8786BB4CC786CB4CD786DB4ED
:106D2000CE786EB4CF786FB4D17870B4D27871B4B5
:106D3000D37872B4D67873B4D77874B4D87875B47D
:106D4000DA7876B4DB7877B4DC7878B4DD7879B447
:106D5000DE787AB4DF787BB4E0787CB4E1787DB417
:106D6000E2787EB4E37880B4E47881B4E57882B4E4
:106D7000E67883B4E77884B4E97885B4EA7886B4B1
:106D8000EB7887B4ED7888B4EE7889B4EF788AB47C
:106D9000F0788BB4F1788CB4F3788DB4F5788EB448
:106DA000F6788FB4F87890B4F97891B4FB7892B40F
:106DB000FC7893B4FD7894B4FE7895B4FF7896B4DB
:106DC000007997B4027998B4037999B404799AB4A4
:106DD00006799BB407799CB408799DB409799EB46F
:106DE0000A799FB40B79A0B40C79A1B44078A2B40D
:106DF000A850A3B4D777A4B41064A5B4E689A6B408
:106E00000459A7B4E363A8B4DD5DA9B47F7AAAB43A
:106E10003D69ABB4204FACB43982ADB49855AEB433
:106E2000324EAFB4AE75B0B4977AB1B4625EB2B45C
:106E30008A5EB3B4EF95B4B41B52B5B43954B6B44A
:106E40008A70B7B47663B8B42495B9B48257BAB42B
:106E50002566BBB43F69BCB48791BDB40755BEB4C9
:106E6000F36DBFB4AF7EC0B42288C1B43362C2B484
:106E7000F07EC3B4B575C4B42883C5B4C178C6B4B4
:106E8000CC96C7B49E8FC8B44861C9B4F774CAB46D
:106E9000CD8BCBB4646BCCB43A52CDB4508DCEB460
:106EA000216BCFB46A80D0B47184D1B4F156D2B41E
:106EB0000653D3B4CE4ED4B41B4ED5B4D151D6B4B0
:106EC000977CD7B48B91D8B4077CD9B4C34FDAB4CC
:106ED0007F8EDBB4E17BDCB49C7ADDB46764DEB426
:106EE000145DDFB4AC50E0B40681E1B40176E2B4E5
:106EF000B97CE3B4EC6DE4B4E07FE5B45167E6B48B
:106F0000585BE7B4F85BE8B4CB78E9B4AE64EAB4B4
:106F10001364EBB4AA63ECB42B63EDB41995EEB42F
:106F20002D64EFB4BE8FF0B4547BF1B42976F2B483
:106F30005362F3B42759F4B44654F5B4796BF6B4FC
:106F4000A350F7B43462F8B4265EF9B4866BFAB491
:106F5000E34EFBB4378DFCB48B88FDB4855FFEB483
:106F60002E9040B50D7941B50E7942B50F7943B5F4
:106F7000107944B5117945B5127946B5147947B5FC
:106F8000157948B5167949B517794AB518794BB5C9
:106F900019794CB51A794DB51B794EB51C794FB599
:106FA0001D7950B51F7951B5207952B5217953B566
:106FB000227954B5237955B5257956B5267957B533
:106FC000277958B5287959B529795AB52A795BB501
:106FD0002B795CB52C795DB52D795EB52E795FB5D1
:106FE0002F7960B5307961B5317962B5327963B5A1
:106FF000337964B5357965B5367966B5377967B56E
:10700000387968B5397969B53D796AB53F796BB535
:1070100042796CB543796DB544796EB545796FB5F4
:10702000477970B54A7971B54B7972B54C7973B5BA
:107030004D7974B54E7975B54F7976B5507977B588
:10704000517978B5527979B554797AB555797BB556
:1070500058797CB559797DB561797EB5637980B50C
:10706000647981B5667982B5697983B56A7984B5C1
:107070006B7985B56C7986B56E7987B5707988B589
:10708000717989B572798AB573798BB574798CB554
:1070900075798DB576798EB579798FB57B7990B51F
:1070A0007C7991B57D7992B57E7993B57F7994B5E8
:1070B000827995B5837996B5867997B5877998B5AC
:1070C000887999B589799AB58B799BB58C799CB576
:1070D0008D799DB58E799EB590799FB59179A0B542
:1070E0009279A1B52060A2B53D80A3B5C562A4B5D3
:1070F000394EA5B55553A6B5F890A7B5B863A8B550
:10710000C680A9B5E665AAB52E6CABB5464FACB541
:10711000EE60ADB5E16DAEB5DE8BAFB5395FB0B544
:10712000CB86B1B5535FB2B52163B3B55A51B4B58F
:107130006183B5B56368B6B50052B7B56363B8B5DA
:10714000488EB9B51250BAB59B5CBBB57779BCB562
:10715000FC5BBDB53052BEB53B7ABFB5BC60C0B5B7
:107160005390C1B5D776C2B5B75FC3B5975FC4B505
:107170008476C5B56C8EC6B56F70C7B57B76C8B55D
:10718000497BC9B5AA77CAB5F351CBB59390CCB5B5
:107190002458CDB54E4FCEB5F46ECFB5EA8FD0B5ED
:1071A0004C65D1B51B7BD2B5C472D3B5A46DD4B533
:1071B000DF7FD5B5E15AD6B5B562D7B5955ED8B5FE
:1071C0003057D9B58284DAB52C7BDBB51D5EDCB5D2
:1071D0001F5FDDB51290DEB5147FDFB5A098E0B576
:1071E0008263E1B5C76EE2B59878E3B5B970E4B5EE
:1071F0007851E5B55B97E6B5AB57E7B53575E8B5BA
:10720000434FE9B53875EAB5975EEBB5E660ECB586
:107210006059EDB5C06DEEB5BF6BEFB58978F0B5CF
:10722000FC53F1B5D596F2B5CB51F3B50152F4B597
:107230008963F5B50A54F6B59394F7B5038CF8B5A0
:10724000CC8DF9B53972FAB59F78FBB57687FCB568
:10725000ED8FFDB50D8CFEB5E05340B6937941B688
:10726000947942B6957943B6967944B6977945B6FE
:10727000987946B6997947B69B7948B69C7949B6CC
:107280009D794AB69E794BB69F794CB6A0794DB69A
:10729000A1794EB6A2794FB6A37950B6A47951B66A
:1072A000A57952B6A67953B6A87954B6A97955B638
:1072B000AA7956B6AB7957B6AC7958B6AD7959B606
:1072C000AE795AB6AF795BB6B0795CB6B1795DB6D6
:1072D000B2795EB6B4795FB6B57960B6B67961B6A3
:1072E000B77962B6B87963B6BC7964B6BF7965B66A
:1072F000C27966B6C47967B6C57968B6C77969B622
:10730000C8796AB6CA796BB6CC796CB6CE796DB6E7
:10731000CF796EB6D0796FB6D37970B6D47971B6AD
:10732000D67972B6D77973B6D97974B6DA7975B673
:10733000DB7976B6DC7977B6DD7978B6DE7979B641
:10734000E0797AB6E1797BB6E2797CB6E5797DB60B
:10735000E8797EB6EA7980B6EC7981B6EE7982B6C4
:10736000F17983B6F27984B6F37985B6F47986B685
:10737000F57987B6F67988B6F77989B6F9798AB654
:10738000FA798BB6FC798CB6FE798DB6FF798EB61C
:10739000017A8FB6047A90B6057A91B6077A92B6DA
:1073A000087A93B6097A94B60A7A95B60C7A96B6A4
:1073B0000F7A97B6107A98B6117A99B6127A9AB669
:1073C000137A9BB6157A9CB6167A9DB6187A9EB635
:1073D000197A9FB61B7AA0B61C7AA1B6014EA2B646
:1073E000EF76A3B6EE53A4B68994A5B67698A6B662
:1073F0000E9FA7B62D95A8B69A5BA9B6A28BAAB682
:10740000224EABB61C4EACB6AC51ADB66384AEB634
:10741000C261AFB6A852B0B60B68B1B6974FB2B65C
:107420006B60B3B6BB51B4B61E6DB5B65C51B6B6A3
:107430009662B7B69765B8B66196B9B6468CBAB6D5
:107440001790BBB6D875BCB6FD90BDB66377BEB617
:10745000D26BBFB68A72C0B6EC72C1B6FB8BC2B635
:107460003558C3B67977C4B64C8DC5B65C67C6B619
:107470004095C7B69A80C8B6A65EC9B6216ECAB690
:107480009259CBB6EF7ACCB6ED77CDB63B95CEB66A
:10749000B56BCFB6AD65D0B60E7FD1B60658D2B6B5
:1074A0005151D3B61F96D4B6F95BD5B6A958D6B606
:1074B0002854D7B6728ED8B66665D9B67F98DAB634
:1074C000E456DBB69D94DCB6FE76DDB64190DEB6C2
:1074D0008763DFB6C654E0B61A59E1B63A59E2B648
:1074E0009B57E3B6B28EE4B63567E5B6FA8DE6B6DD
:1074F0003582E7B64152E8B6F060E9B61558EAB60B
:10750000FE86EBB6E85CECB6459EEDB6C44FEEB633
:107510009D98EFB6B98BF0B6255AF1B67660F2B603
:107520008453F3B67C62F4B64F90F5B60291F6B68A
:107530007F99F7B66960F8B60C80F9B63F51FAB694
:107540003380FBB6145CFCB67599FDB6316DFEB6A2
:107550008C4E40B71D7A41B71F7A42B7217A43B7A4
:10756000227A44B7247A45B7257A46B7267A47B7B0
:10757000277A48B7287A49B7297A4AB72A7A4BB77F
:107580002B7A4CB72C7A4DB72D7A4EB72E7A4FB74F
:107590002F7A50B7307A51B7317A52B7327A53B71F
:1075A000347A54B7357A55B7367A56B7387A57B7EA
:1075B0003A7A58B73E7A59B7407A5AB7417A5BB7A8
:1075C000427A5CB7437A5DB7447A5EB7457A5FB773
:1075D000477A60B7487A61B7497A62B74A7A63B73F
:1075E0004B7A64B74C7A65B74D7A66B74E7A67B70F
:1075F0004F7A68B7507A69B7527A6AB7537A6BB7DD
:10760000547A6CB7557A6DB7567A6EB7587A6FB7A9
:10761000597A70B75A7A71B75B7A72B75C7A73B776
:107620005D7A74B75E7A75B75F7A76B7607A77B746
:10763000617A78B7627A79B7637A7AB7647A7BB716
:10764000657A7CB7667A7DB7677A7EB7687A80B7E5
:10765000697A81B76A7A82B76B7A83B76C7A84B7B2
:107660006D7A85B76E7A86B76F7A87B7717A88B781
:10767000727A89B7737A8AB7757A8BB77B7A8CB747
:107680007C7A8DB77D7A8EB77E7A8FB7827A90B703
:10769000857A91B7877A92B7897A93B78A7A94B7BD
:1076A0008B7A95B78C7A96B78E7A97B78F7A98B788
:1076B000907A99B7937A9AB7947A9BB7997A9CB74C
:1076C0009A7A9DB79B7A9EB79E7A9FB7A17AA0B708
:1076D000A27AA1B7308DA2B7D153A3B75A7FA4B76E
:1076E0004F7BA5B7104FA6B74F4EA7B70096A8B7C8
:1076F000D56CA9B7D073AAB7E985ABB7065EACB7AE
:107700006A75ADB7FB7FAEB70A6AAFB7FE77B0B7A1
:107710009294B1B7417EB2B7E151B3B7E670B4B756
:10772000CD53B5B7D48FB6B70383B7B7298DB8B7E4
:10773000AF72B9B76D99BAB7DB6CBBB74A57BCB774
:10774000B382BDB7B965BEB7AA80BFB73F62C0B745
:107750003296C1B7A859C2B7FF4EC3B7BF8BC4B7E3
:10776000BA7EC5B73E65C6B7F283C7B75E97C8B7DE
:107770006155C9B7DE98CAB7A580CBB72A53CCB735
:10778000FD8BCDB72054CEB7BA80CFB79F5ED0B7B0
:10779000B86CD1B7398DD2B7AC82D3B75A91D4B7C0
:1077A0002954D5B71B6CD6B70652D7B7B77ED8B712
:1077B0005F57D9B71A71DAB77E6CDBB7897CDCB753
:1077C0004B59DDB7FD4EDEB7FF5FDFB72461E0B791
:1077D000AA7CE1B7304EE2B7015CE3B7AB67E4B730
:1077E0000287E5B7F05CE6B70B95E7B7CE98E8B748
:1077F000AF75E9B7FD70EAB72290EBB7AF51ECB7C0
:107800001D7FEDB7BD8BEEB74959EFB7E451F0B727
:107810005B4FF1B72654F2B72B59F3B77765F4B73E
:10782000A480F5B7755BF6B77662F7B7C262F8B7B2
:10783000908FF9B7455EFAB71F6CFBB7267BFCB794
:107840000F4FFDB7D84FFEB70D6740B8A37A41B8C8
:10785000A47A42B8A77A43B8A97A44B8AA7A45B8B4
:10786000AB7A46B8AE7A47B8AF7A48B8B07A49B87A
:10787000B17A4AB8B27A4BB8B47A4CB8B57A4DB846
:10788000B67A4EB8B77A4FB8B87A50B8B97A51B814
:10789000BA7A52B8BB7A53B8BC7A54B8BD7A55B8E4
:1078A000BE7A56B8C07A57B8C17A58B8C27A59B8B1
:1078B000C37A5AB8C47A5BB8C57A5CB8C67A5DB880
:1078C000C77A5EB8C87A5FB8C97A60B8CA7A61B850
:1078D000CC7A62B8CD7A63B8CE7A64B8CF7A65B81C
:1078E000D07A66B8D17A67B8D27A68B8D37A69B8EC
:1078F000D47A6AB8D57A6BB8D77A6CB8D87A6DB8BA
:10790000DA7A6EB8DB7A6FB8DC7A70B8DD7A71B883
:10791000E17A72B8E27A73B8E47A74B8E77A75B843
:10792000E87A76B8E97A77B8EA7A78B8EB7A79B80B
:10793000EC7A7AB8EE7A7BB8F07A7CB8F17A7DB8D6
:10794000F27A7EB8F37A80B8F47A81B8F57A82B8A0
:10795000F67A83B8F77A84B8F87A85B8FB7A86B86D
:10796000FC7A87B8FE7A88B8007B89B8017B8AB830
:10797000027B8BB8057B8CB8077B8DB8097B8EB8F2
:107980000C7B8FB80D7B90B80E7B91B8107B92B8B2
:10799000127B93B8137B94B8167B95B8177B96B877
:1079A000187B97B81A7B98B81C7B99B81D7B9AB83E
:1079B0001F7B9BB8217B9CB8227B9DB8237B9EB804
:1079C000277B9FB8297BA0B82D7BA1B86E6DA2B88C
:1079D000AA6DA3B88F79A4B8B188A5B8175FA6B867
:1079E0002B75A7B89A62A8B8858FA9B8EF4FAAB827
:1079F000DC91ABB8A765ACB82F81ADB85181AEB8FA
:107A00009C5EAFB85081B0B8748DB1B86F52B2B847
:107A10008689B3B84B8DB4B80D59B5B88550B6B892
:107A2000D84EB7B81C96B8B83672B9B87981BAB81A
:107A30001F8DBBB8CC5BBCB8A38BBDB84496BEB899
:107A40008759BFB81A7FC0B89054C1B87656C2B82B
:107A50000E56C3B8E58BC4B83965C5B88269C6B8D7
:107A60009994C7B8D676C8B8896EC9B8725ECAB8D4
:107A70001875CBB84667CCB8D167CDB8FF7ACEB809
:107A80009D80CFB8768DD0B81F61D1B8C679D2B8F5
:107A90006265D3B8638DD4B88851D5B81A52D6B8B8
:107AA000A294D7B8387FD8B89B80D9B8B27EDAB85C
:107AB000975CDBB82F6EDCB86067DDB8D97BDEB8C9
:107AC0008B76DFB8D89AE0B88F81E1B8947FE2B8BE
:107AD000D57CE3B81E64E4B85095E5B83F7AE6B8C3
:107AE0004A54E7B8E554E8B84C6BE9B80164EAB821
:107AF0000862EBB83D9EECB8F380EDB89975EEB82E
:107B00007252EFB86997F0B85B84F1B83C68F2B88C
:107B1000E486F3B80196F4B89496F5B8EC94F6B808
:107B20002A4EF7B80454F8B8D97EF9B83968FAB8CB
:107B3000DF8DFBB81580FCB8F466FDB89A5EFEB820
:107B4000B97F40B92F7B41B9307B42B9327B43B911
:107B5000347B44B9357B45B9367B46B9377B47B969
:107B6000397B48B93B7B49B93D7B4AB93F7B4BB92F
:107B7000407B4CB9417B4DB9427B4EB9437B4FB9F9
:107B8000447B50B9467B51B9487B52B94A7B53B9C3
:107B90004D7B54B94E7B55B9537B56B9557B57B97C
:107BA000577B58B9597B59B95C7B5AB95E7B5BB935
:107BB0005F7B5CB9617B5DB9637B5EB9647B5FB9F8
:107BC000657B60B9667B61B9677B62B9687B63B9C5
:107BD000697B64B96A7B65B96B7B66B96C7B67B995
:107BE0006D7B68B96F7B69B9707B6AB9737B6BB960
:107BF000747B6CB9767B6DB9787B6EB97A7B6FB923
:107C00007C7B70B97D7B71B97F7B72B9817B73B9E5
:107C1000827B74B9837B75B9847B76B9867B77B9AF
:107C2000877B78B9887B79B9897B7AB98A7B7BB97C
:107C30008B7B7CB98C7B7DB98E7B7EB98F7B80B949
:107C4000917B81B9927B82B9937B83B9967B84B90E
:107C5000987B85B9997B86B99A7B87B99B7B88B9D4
:107C60009E7B89B99F7B8AB9A07B8BB9A37B8CB99A
:107C7000A47B8DB9A57B8EB9AE7B8FB9AF7B90B954
:107C8000B07B91B9B27B92B9B37B93B9B57B94B910
:107C9000B67B95B9B77B96B9B97B97B9BA7B98B9DA
:107CA000BB7B99B9BC7B9AB9BD7B9BB9BE7B9CB9A8
:107CB000BF7B9DB9C07B9EB9C27B9FB9C37BA0B976
:107CC000C47BA1B9C257A2B93F80A3B99768A4B930
:107CD000E55DA5B93B65A6B99F52A7B96D60A8B986
:107CE0009A9FA9B99B4FAAB9AC8EABB96C51ACB9EC
:107CF000AB5BADB9135FAEB9E95DAFB95E6CB0B95E
:107D0000F162B1B9218DB2B97151B3B9A994B4B9C5
:107D1000FE52B5B99F6CB6B9DF82B7B9D772B8B9A0
:107D2000A257B9B98467BAB92D8DBBB91F59BCB96F
:107D30009C8FBDB9C783BEB99554BFB98D7BC0B9FF
:107D4000304FC1B9BD6CC2B9645BC3B9D159C4B9B4
:107D5000139FC5B9E453C6B9CA86C7B9A89AC8B9AA
:107D6000378CC9B9A180CAB94565CBB97E98CCB961
:107D7000FA56CDB9C796CEB92E52CFB9DC74D0B968
:107D80005052D1B9E15BD2B90263D3B90289D4B9F7
:107D9000564ED5B9D062D6B92A60D7B9FA68D8B9E3
:107DA0007351D9B9985BDAB9A051DBB9C289DCB992
:107DB000A17BDDB98699DEB9507FDFB9EF60E0B90C
:107DC0004C70E1B92F8DE2B94951E3B97F5EE4B956
:107DD0001B90E5B97074E6B9C489E7B92D57E8B9C5
:107DE0004578E9B9525FEAB99F9FEBB9FA95ECB9CA
:107DF000688FEDB93C9BEEB9E18BEFB97876F0B9BD
:107E00004268F1B9DC67F2B9EA8DF3B9358DF4B99E
:107E10003D52F5B98A8FF6B9DA6EF7B9CD68F8B97F
:107E20000595F9B9ED90FAB9FD56FBB99C67FCB917
:107E3000F988FDB9C78FFEB9C85440BAC57B41BAAD
:107E4000C87B42BAC97B43BACA7B44BACB7B45BA2A
:107E5000CD7B46BACE7B47BACF7B48BAD07B49BAF6
:107E6000D27B4ABAD47B4BBAD57B4CBAD67B4DBABF
:107E7000D77B4EBAD87B4FBADB7B50BADC7B51BA8A
:107E8000DE7B52BADF7B53BAE07B54BAE27B55BA51
:107E9000E37B56BAE47B57BAE77B58BAE87B59BA1A
:107EA000E97B5ABAEB7B5BBAEC7B5CBAED7B5DBAE3
:107EB000EF7B5EBAF07B5FBAF27B60BAF37B61BAAC
:107EC000F47B62BAF57B63BAF67B64BAF87B65BA79
:107ED000F97B66BAFA7B67BAFB7B68BAFD7B69BA45
:107EE000FF7B6ABA007C6BBA017C6CBA027C6DBA0B
:107EF000037C6EBA047C6FBA057C70BA067C71BADA
:107F0000087C72BA097C73BA0A7C74BA0D7C75BAA3
:107F10000E7C76BA107C77BA117C78BA127C79BA6A
:107F2000137C7ABA147C7BBA157C7CBA177C7DBA38
:107F3000187C7EBA197C80BA1A7C81BA1B7C82BA02
:107F40001C7C83BA1D7C84BA1E7C85BA207C86BAD0
:107F5000217C87BA227C88BA237C89BA247C8ABA9D
:107F6000257C8BBA287C8CBA297C8DBA2B7C8EBA66
:107F70002C7C8FBA2D7C90BA2E7C91BA2F7C92BA31
:107F8000307C93BA317C94BA327C95BA337C96BA01
:107F9000347C97BA357C98BA367C99BA377C9ABAD1
:107FA000397C9BBA3A7C9CBA3B7C9DBA3C7C9EBA9D
:107FB0003D7C9FBA3E7CA0BA427CA1BAB89AA2BAD4
:107FC000695BA3BA776DA4BA266CA5BAA54EA6BA0A
:107FD000B35BA7BA879AA8BA6391A9BAA861AABAEB
:107FE000AF90ABBAE997ACBA2B54ADBAB56DAEBA97
:107FF000D25BAFBAFD51B0BA8A55B1BA557FB2BAA9
:10800000F07FB3BABC64B4BA4D63B5BAF165B6BA21
:10801000BE61B7BA8D60B8BA0A71B9BA576CBABA4C
:10802000496CBBBA2F59BCBA6D67BDBA2A82BEBAB9
:10803000D558BFBA8E56C0BA6A8CC1BAEB6BC2BAF9
:10804000DD90C3BA7D59C4BA1780C5BAF753C6BA12
:10805000696DC7BA7554C8BA9D55C9BA7783CABA8B
:10806000CF83CBBA3868CCBABE79CDBA8C54CEBAED
:10807000554FCFBA0854D0BAD276D1BA898CD2BA79
:108080000296D3BAB36CD4BAB86DD5BA6B8DD6BAE2
:108090001089D7BA649ED8BA3A8DD9BA3F56DABA9F
:1080A000D19EDBBAD575DCBA885FDDBAE072DEBA84
:1080B0006860DFBAFC54E0BAA84EE1BA2A6AE2BAB4
:1080C0006188E3BA5260E4BA708FE5BAC454E6BA84
:1080D000D870E7BA7986E8BA3F9EE9BA2A6DEABA5B
:1080E0008F5BEBBA185FECBAA27EEDBA8955EEBA97
:1080F000AF4FEFBA3473F0BA3C54F1BA9A53F2BAB4
:108100001950F3BA0E54F4BA7C54F5BA4E4EF6BA7E
:10811000FD5FF7BA5A74F8BAF658F9BA6B84FABA2E
:10812000E180FBBA7487FCBAD072FDBACA7CFEBA91
:10813000566E40BB437C41BB447C42BB457C43BB49
:10814000467C44BB477C45BB487C46BB497C47BB1F
:108150004A7C48BB4B7C49BB4C7C4ABB4E7C4BBBEE
:108160004F7C4CBB507C4DBB517C4EBB527C4FBBBB
:10817000537C50BB547C51BB557C52BB567C53BB8B
:10818000577C54BB587C55BB597C56BB5A7C57BB5B
:108190005B7C58BB5C7C59BB5D7C5ABB5E7C5BBB2B
:1081A0005F7C5CBB607C5DBB617C5EBB627C5FBBFB
:1081B000637C60BB647C61BB657C62BB667C63BBCB
:1081C000677C64BB687C65BB697C66BB6A7C67BB9B
:1081D0006B7C68BB6C7C69BB6D7C6ABB6E7C6BBB6B
:1081E0006F7C6CBB707C6DBB717C6EBB727C6FBB3B
:1081F000757C70BB767C71BB777C72BB787C73BB03
:10820000797C74BB7A7C75BB7E7C76BB7F7C77BBCC
:10821000807C78BB817C79BB827C7ABB837C7BBB96
:10822000847C7CBB857C7DBB867C7EBB877C80BB65
:10823000887C81BB8A7C82BB8B7C83BB8C7C84BB2F
:108240008D7C85BB8E7C86BB8F7C87BB907C88BBFE
:10825000937C89BB947C8ABB967C8BBB997C8CBBC2
:108260009A7C8DBB9B7C8EBBA07C8FBBA17C90BB82
:10827000A37C91BBA67C92BBA77C93BBA87C94BB40
:10828000A97C95BBAB7C96BBAC7C97BBAD7C98BB0B
:10829000AF7C99BBB07C9ABBB47C9BBBB57C9CBBD0
:1082A000B67C9DBBB77C9EBBB87C9FBBBA7CA0BB99
:1082B000BB7CA1BB275FA2BB4E86A3BB2C55A4BB36
:1082C000A462A5BB924EA6BBAA6CA7BB3762A8BB93
:1082D000B182A9BBD754AABB4E53ABBB3E73ACBB58
:1082E000D16EADBB3B75AEBB1252AFBB1653B0BB2C
:1082F000DD8BB1BBD069B2BB8A5FB3BB0060B4BBDE
:10830000EE6DB5BB4F57B6BB226BB7BBAF73B8BBF7
:108310005368B9BBD88FBABB137FBBBB6263BCBB0E
:10832000A360BDBB2455BEBBEA75BFBB628CC0BB9E
:108330001571C1BBA36DC2BBA65BC3BB7B5EC4BBD7
:108340005283C5BB4C61C6BBC49EC7BBFA78C8BBD1
:108350005787C9BB277CCABB8776CBBBF051CCBB48
:10836000F660CDBB4C71CEBB4366CFBB4C5ED0BB81
:108370004D60D1BB0E8CD2BB7070D3BB2563D4BB18
:10838000898FD5BBBD5FD6BB6260D7BBD486D8BB57
:10839000DE56D9BBC16BDABB9460DBBB6761DCBB6B
:1083A0004953DDBBE060DEBB6666DFBB3F8DE0BBF3
:1083B000FD79E1BB1A4FE2BBE970E3BB476CE4BB5C
:1083C000B38BE5BBF28BE6BBD87EE7BB6483E8BB2F
:1083D0000F66E9BB5A5AEABB429BEBBB516DECBB43
:1083E000F76DEDBB418CEEBB3B6DEFBB194FF0BBA6
:1083F0006B70F1BBB783F2BB1662F3BBD160F4BB09
:108400000D97F5BB278DF6BB7879F7BBFB51F8BB11
:108410003E57F9BBFA57FABB3A67FBBB7875FCBB12
:108420003D7AFDBBEF79FEBB957B40BCBF7C41BC78
:10843000C07C42BCC27C43BCC37C44BCC47C45BC45
:10844000C67C46BCC97C47BCCB7C48BCCE7C49BC06
:10845000CF7C4ABCD07C4BBCD17C4CBCD27C4DBCCC
:10846000D37C4EBCD47C4FBCD87C50BCDA7C51BC95
:10847000DB7C52BCDD7C53BCDE7C54BCE17C55BC57
:10848000E27C56BCE37C57BCE47C58BCE57C59BC20
:10849000E67C5ABCE77C5BBCE97C5CBCEA7C5DBCEE
:1084A000EB7C5EBCEC7C5FBCED7C60BCEE7C61BCBC
:1084B000F07C62BCF17C63BCF27C64BCF37C65BC88
:1084C000F47C66BCF57C67BCF67C68BCF77C69BC58
:1084D000F97C6ABCFA7C6BBCFC7C6CBCFD7C6DBC22
:1084E000FE7C6EBCFF7C6FBC007D70BC017D71BCEE
:1084F000027D72BC037D73BC047D74BC057D75BCBC
:10850000067D76BC077D77BC087D78BC097D79BC8B
:108510000B7D7ABC0C7D7BBC0D7D7CBC0E7D7DBC57
:108520000F7D7EBC107D80BC117D81BC127D82BC24
:10853000137D83BC147D84BC157D85BC167D86BCF3
:10854000177D87BC187D88BC197D89BC1A7D8ABCC3
:108550001B7D8BBC1C7D8CBC1D7D8DBC1E7D8EBC93
:108560001F7D8FBC217D90BC237D91BC247D92BC5E
:10857000257D93BC267D94BC287D95BC297D96BC29
:108580002A7D97BC2C7D98BC2D7D99BC2E7D9ABCF4
:10859000307D9BBC317D9CBC327D9DBC337D9EBCBF
:1085A000347D9FBC357DA0BC367DA1BC8C80A2BC37
:1085B0006599A3BCF98FA4BCC06FA5BCA58BA6BC54
:1085C000219EA7BCEC59A8BCE97EA9BC097FAABC26
:1085D0000954ABBC8167ACBCD868ADBC918FAEBC54
:1085E0004D7CAFBCC696B0BCCA53B1BC2560B2BC12
:1085F000BE75B3BC726CB4BC7353B5BCC95AB6BCBF
:10860000A77EB7BC2463B8BCE051B9BC0A81BABC30
:10861000F15DBBBCDF84BCBC8062BDBC8051BEBC14
:10862000635BBFBC0E4FC0BC6D79C1BC4252C2BCC3
:10863000B860C3BC4E6DC4BCC45BC5BCC25BC6BC29
:10864000A18BC7BCB08BC8BCE265C9BCCC5FCABC3F
:108650004596CBBC9359CCBCE77ECDBCAA7ECEBCA4
:108660000956CFBCB767D0BC3959D1BC734FD2BC07
:10867000B65BD3BCA052D4BC5A83D5BC8A98D6BCB6
:108680003E8DD7BC3275D8BCBE94D9BC4750DABC3D
:108690003C7ADBBCF74EDCBCB667DDBC7E9ADEBC48
:1086A000C15ADFBC7C6BE0BCD176E1BC5A57E2BC5E
:1086B000165CE3BC3A7BE4BCF495E5BC4E71E6BCC9
:1086C0007C51E7BCA980E8BC7082E9BC7859EABC5F
:1086D000047FEBBC2783ECBCC068EDBCEC67EEBC50
:1086E000B178EFBC7778F0BCE362F1BC6163F2BCB7
:1086F000807BF3BCED4FF4BC6A52F5BCCF51F6BCA5
:108700005083F7BCDB69F8BC7492F9BCF58DFABCF8
:10871000318DFBBCC189FCBC2E95FDBCAD7BFEBC84
:10872000F64E40BD377D41BD387D42BD397D43BDEC
:108730003A7D44BD3B7D45BD3C7D46BD3D7D47BD4D
:108740003E7D48BD3F7D49BD407D4ABD417D4BBD1D
:10875000427D4CBD437D4DBD447D4EBD457D4FBDED
:10876000467D50BD477D51BD487D52BD497D53BDBD
:108770004A7D54BD4B7D55BD4C7D56BD4D7D57BD8D
:108780004E7D58BD4F7D59BD507D5ABD517D5BBD5D
:10879000527D5CBD537D5DBD547D5EBD557D5FBD2D
:1087A000567D60BD577D61BD587D62BD597D63BDFD
:1087B0005A7D64BD5B7D65BD5C7D66BD5D7D67BDCD
:1087C0005E7D68BD5F7D69BD607D6ABD617D6BBD9D
:1087D000627D6CBD637D6DBD647D6EBD657D6FBD6D
:1087E000667D70BD677D71BD687D72BD697D73BD3D
:1087F0006A7D74BD6B7D75BD6C7D76BD6D7D77BD0D
:108800006F7D78BD707D79BD717D7ABD727D7BBDD8
:10881000737D7CBD747D7DBD757D7EBD767D80BDA7
:10882000787D81BD797D82BD7A7D83BD7B7D84BD70
:108830007C7D85BD7D7D86BD7E7D87BD7F7D88BD40
:10884000807D89BD817D8ABD827D8BBD837D8CBD10
:10885000847D8DBD857D8EBD867D8FBD877D90BDE0
:10886000887D91BD897D92BD8A7D93BD8B7D94BDB0
:108870008C7D95BD8D7D96BD8E7D97BD8F7D98BD80
:10888000907D99BD917D9ABD927D9BBD937D9CBD50
:10889000947D9DBD957D9EBD967D9FBD977DA0BD20
:1088A000987DA1BD6550A2BD3082A3BD5152A4BD2B
:1088B0006F99A5BD106EA6BD856EA7BDA76DA8BD9D
:1088C000FA5EA9BDF550AABDDC59ABBD065CACBDD6
:1088D000466DADBD5F6CAEBD8675AFBD8B84B0BD62
:1088E0006868B1BD5659B2BDB28BB3BD2053B4BD9B
:1088F0007191B5BD4D96B6BD4985B7BD1269B8BD7C
:108900000179B9BD2671BABDF680BBBDA44EBCBD10
:10891000CA90BDBD476DBEBD849ABFBD075AC0BDDC
:10892000BC56C1BD0564C2BDF094C3BDEB77C4BDE8
:10893000A54FC5BD1A81C6BDE172C7BDD289C8BDEC
:108940007A99C9BD347FCABDDE7ECBBD7F52CCBD16
:108950005965CDBD7591CEBD7F8FCFBD838FD0BD05
:10896000EB53D1BD967AD2BDED63D3BDA563D4BD23
:108970008676D5BDF879D6BD5788D7BD3696D8BD91
:108980002A62D9BDAB52DABD8282DBBD5468DCBD40
:108990007067DDBD7763DEBD6B77DFBDED7AE0BD6F
:1089A000016DE1BDD37EE2BDE389E3BDD059E4BDF5
:1089B0001262E5BDC985E6BDA582E7BD4C75E8BD7F
:1089C0001F50E9BDCB4EEABDA575EBBDEB8BECBDF1
:1089D0004A5CEDBDFE5DEEBD4B7BEFBDA465F0BD19
:1089E000D191F1BDCA4EF2BD256DF3BD5F89F4BDD5
:1089F000277DF5BD2695F6BDC54EF7BD288CF8BD83
:108A0000DB8FF9BD7397FABD4B66FBBD8179FCBD69
:108A1000D18FFDBDEC70FEBD786D40BE997D41BE2D
:108A20009A7D42BE9B7D43BE9C7D44BE9D7D45BEDE
:108A30009E7D46BE9F7D47BEA07D48BEA17D49BEAE
:108A4000A27D4ABEA37D4BBEA47D4CBEA57D4DBE7E
:108A5000A77D4EBEA87D4FBEA97D50BEAA7D51BE4A
:108A6000AB7D52BEAC7D53BEAD7D54BEAF7D55BE19
:108A7000B07D56BEB17D57BEB27D58BEB37D59BEE6
:108A8000B47D5ABEB57D5BBEB67D5CBEB77D5DBEB6
:108A9000B87D5EBEB97D5FBEBA7D60BEBB7D61BE86
:108AA000BC7D62BEBD7D63BEBE7D64BEBF7D65BE56
:108AB000C07D66BEC17D67BEC27D68BEC37D69BE26
:108AC000C47D6ABEC57D6BBEC67D6CBEC77D6DBEF6
:108AD000C87D6EBEC97D6FBECA7D70BECB7D71BEC6
:108AE000CC7D72BECD7D73BECE7D74BECF7D75BE96
:108AF000D07D76BED17D77BED27D78BED37D79BE66
:108B0000D47D7ABED57D7BBED67D7CBED77D7DBE35
:108B1000D87D7EBED97D80BEDA7D81BEDB7D82BE02
:108B2000DC7D83BEDD7D84BEDE7D85BEDF7D86BED1
:108B3000E07D87BEE17D88BEE27D89BEE37D8ABEA1
:108B4000E47D8BBEE57D8CBEE67D8DBEE77D8EBE71
:108B5000E87D8FBEE97D90BEEA7D91BEEB7D92BE41
:108B6000EC7D93BEED7D94BEEE7D95BEEF7D96BE11
:108B7000F07D97BEF17D98BEF27D99BEF37D9ABEE1
:108B8000F47D9BBEF57D9CBEF67D9DBEF77D9EBEB1
:108B9000F87D9FBEF97DA0BEFA7DA1BE3D5CA2BE60
:108BA000B252A3BE4683A4BE6251A5BE0E83A6BE2A
:108BB0005B77A7BE7666A8BEB89CA9BEAC4EAABE1F
:108BC000CA60ABBEBE7CACBEB37CADBECF7EAEBE1B
:108BD000954EAFBE668BB0BE6F66B1BE8898B2BE12
:108BE0005997B3BE8358B4BE6C65B5BE5C95B6BE2E
:108BF000845FB7BEC975B8BE5697B9BEDF7ABABE34
:108C0000DE7ABBBEC051BCBEAF70BDBE987ABEBEE0
:108C1000EA63BFBE767AC0BEA07EC1BE9673C2BEF6
:108C2000ED97C3BE454EC4BE7870C5BE5D4EC6BE90
:108C30005291C7BEA953C8BE5165C9BEE765CABE39
:108C4000FC81CBBE0582CCBE8E54CDBE315CCEBE87
:108C50009A75CFBEA097D0BED862D1BED972D2BE0F
:108C6000BD75D3BE455CD4BE799AD5BECA83D6BE87
:108C7000405CD7BE8054D8BEE977D9BE3E4EDABE3E
:108C8000AE6CDBBE5A80DCBED262DDBE6E63DEBE81
:108C9000E85DDFBE7751E0BEDD8DE1BE1E8EE2BE37
:108CA0002F95E3BEF14FE4BEE553E5BEE760E6BEB7
:108CB000AC70E7BE6752E8BE5063E9BE439EEABEB1
:108CC0001F5AEBBE2650ECBE3777EDBE7753EEBE93
:108CD000E27EEFBE8564F0BE2B65F1BE8962F2BE16
:108CE0009863F3BE1450F4BE3572F5BEC989F6BE62
:108CF000B351F7BEC08BF8BEDD7EF9BE4757FABE52
:108D0000CC83FBBEA794FCBE9B51FDBE1B54FEBE94
:108D1000FB5C40BFFB7D41BFFC7D42BFFD7D43BF8F
:108D2000FE7D44BFFF7D45BF007E46BF017E47BF3D
:108D3000027E48BF037E49BF047E4ABF057E4BBF0B
:108D4000067E4CBF077E4DBF087E4EBF097E4FBFDB
:108D50000A7E50BF0B7E51BF0C7E52BF0D7E53BFAB
:108D60000E7E54BF0F7E55BF107E56BF117E57BF7B
:108D7000127E58BF137E59BF147E5ABF157E5BBF4B
:108D8000167E5CBF177E5DBF187E5EBF197E5FBF1B
:108D90001A7E60BF1B7E61BF1C7E62BF1D7E63BFEB
:108DA0001E7E64BF1F7E65BF207E66BF217E67BFBB
:108DB000227E68BF237E69BF247E6ABF257E6BBF8B
:108DC000267E6CBF277E6DBF287E6EBF297E6FBF5B
:108DD0002A7E70BF2B7E71BF2C7E72BF2D7E73BF2B
:108DE0002E7E74BF2F7E75BF307E76BF317E77BFFB
:108DF000327E78BF337E79BF347E7ABF357E7BBFCB
:108E0000367E7CBF377E7DBF387E7EBF397E80BF99
:108E10003A7E81BF3C7E82BF3D7E83BF3E7E84BF63
:108E20003F7E85BF407E86BF427E87BF437E88BF30
:108E3000447E89BF457E8ABF467E8BBF487E8CBFFD
:108E4000497E8DBF4A7E8EBF4B7E8FBF4C7E90BFCA
:108E50004D7E91BF4E7E92BF4F7E93BF507E94BF9A
:108E6000517E95BF527E96BF537E97BF547E98BF6A
:108E7000557E99BF567E9ABF577E9BBF587E9CBF3A
:108E8000597E9DBF5A7E9EBF5B7E9FBF5C7EA0BF0A
:108E90005D7EA1BFCA4FA2BFE37AA3BF5A6DA4BF34
:108EA000E190A5BF8F9AA6BF8055A7BF9654A8BFD3
:108EB0006153A9BFAF54AABF005FABBFE963ACBFAA
:108EC0007769ADBFEF51AEBF6861AFBF0A52B0BFA7
:108ED0002A58B1BFD852B2BF4E57B3BF0D78B4BFF6
:108EE0000B77B5BFB75EB6BF7761B7BFE07CB8BFE1
:108EF0005B62B9BF9762BABFA24EBBBF9570BCBFE1
:108F00000380BDBFF762BEBFE470BFBF6097C0BF44
:108F10007757C1BFDB82C2BFEF67C3BFF568C4BF6D
:108F2000D578C5BF9798C6BFD179C7BFF358C8BF1A
:108F3000B354C9BFEF53CABF346ECBBF4B51CCBF84
:108F40003B52CDBFA25BCEBFFE8BCFBFAF80D0BFA9
:108F50004355D1BFA657D2BF7360D3BF5157D4BFBB
:108F60002D54D5BF7A7AD6BF5060D7BF545BD8BFD7
:108F7000A763D9BFA062DABFE353DBBF6362DCBF84
:108F8000C75BDDBFAF67DEBFED54DFBF9F7AE0BFD9
:108F9000E682E1BF7791E2BF935EE3BFE488E4BF7E
:108FA0003859E5BFAE57E6BF0E63E7BFE88DE8BFAF
:108FB000EF80E9BF5757EABF777BEBBFA94FECBF04
:108FC000EB5FEDBFBD5BEEBF3E6BEFBF2153F0BF6C
:108FD000507BF1BFC272F2BF4668F3BFFF77F4BFA8
:108FE0003677F5BFF765F6BFB551F7BF8F4EF8BFBF
:108FF000D476F9BFBF5CFABFA57AFBBF7584FCBF0E
:109000004E59FDBF419BFEBF805040C05E7E41C0B7
:109010005F7E42C0607E43C0617E44C0627E45C0C8
:10902000637E46C0647E47C0657E48C0667E49C098
:10903000677E4AC0687E4BC0697E4CC06A7E4DC068
:109040006B7E4EC06C7E4FC06D7E50C06E7E51C038
:109050006F7E52C0707E53C0717E54C0727E55C008
:10906000737E56C0747E57C0757E58C0767E59C0D8
:10907000777E5AC0787E5BC0797E5CC07A7E5DC0A8
:109080007B7E5EC07C7E5FC07D7E60C07E7E61C078
:109090007F7E62C0807E63C0817E64C0837E65C047
:1090A000847E66C0857E67C0867E68C0877E69C014
:1090B000887E6AC0897E6BC08A7E6CC08B7E6DC0E4
:1090C0008C7E6EC08D7E6FC08E7E70C08F7E71C0B4
:1090D000907E72C0917E73C0927E74C0937E75C084
:1090E000947E76C0957E77C0967E78C0977E79C054
:1090F000987E7AC0997E7BC09A7E7CC09C7E7DC023
:109100009D7E7EC09E7E80C0AE7E81C0B47E82C0C9
:10911000BB7E83C0BC7E84C0D67E85C0E47E86C014
:10912000EC7E87C0F97E88C00A7F89C0107F8AC024
:109130001E7F8BC0377F8CC0397F8DC03B7F8EC038
:109140003C7F8FC03D7F90C03E7F91C03F7F92C0EB
:10915000407F93C0417F94C0437F95C0467F96C0B7
:10916000477F97C0487F98C0497F99C04A7F9AC07F
:109170004B7F9BC04C7F9CC04D7F9DC04E7F9EC04F
:109180004F7F9FC0527FA0C0537FA1C08899A2C0CB
:109190002761A3C0836EA4C06457A5C00666A6C09D
:1091A0004663A7C0F056A8C0EC62A9C06962AAC015
:1091B000D35EABC01496ACC08357ADC0C962AEC01D
:1091C0008755AFC02187B0C04A81B1C0A38FB2C05C
:1091D0006655B3C0B183B4C06567B5C0568DB6C01F
:1091E000DD84B7C06A5AB8C00F68B9C0E662BAC0B9
:1091F000EE7BBBC01196BCC07051BDC09C6FBEC0A1
:10920000308CBFC0FD63C0C0C889C1C0D261C2C0BC
:10921000067FC3C0C270C4C0E56EC5C00574C6C0B9
:109220009469C7C0FC72C8C0CA5EC9C0CE90CAC02B
:109230001767CBC06A6DCCC05E63CDC0B352CEC0E1
:109240006272CFC00180D0C06C4FD1C0E559D2C08E
:109250006A91D3C0D970D4C09D6DD5C0D252D6C04A
:10926000504ED7C0F796D8C06D95D9C07E85DAC06C
:10927000CA78DBC02F7DDCC02151DDC09257DEC033
:10928000C264DFC08B80E0C07B7CE1C0EA6CE2C0DE
:10929000F168E3C05E69E4C0B751E5C09853E6C029
:1092A000A868E7C08172E8C0CE9EE9C0F17BEAC041
:1092B000F872EBC0BB79ECC0136FEDC00674EEC062
:1092C0004E67EFC0CC91F0C0A49CF1C03C79F2C0D5
:1092D0008983F3C05483F4C00F54F5C01768F6C0F7
:1092E0003D4EF7C08953F8C0B152F9C03E78FAC07C
:1092F0008653FBC02952FCC08850FDC08B4FFEC076
:10930000D04F40C1567F41C1597F42C15B7F43C1AD
:109310005C7F44C15D7F45C15E7F46C1607F47C1C0
:10932000637F48C1647F49C1657F4AC1667F4BC185
:10933000677F4CC16B7F4DC16C7F4EC16D7F4FC14C
:109340006F7F50C1707F51C1737F52C1757F53C110
:10935000767F54C1777F55C1787F56C17A7F57C1D8
:109360007B7F58C17C7F59C17D7F5AC17F7F5BC1A4
:10937000807F5CC1827F5DC1837F5EC1847F5FC16E
:10938000857F60C1867F61C1877F62C1887F63C13D
:10939000897F64C18B7F65C18D7F66C18F7F67C107
:1093A000907F68C1917F69C1927F6AC1937F6BC1D1
:1093B000957F6CC1967F6DC1977F6EC1987F6FC19D
:1093C000997F70C19B7F71C19C7F72C1A07F73C167
:1093D000A27F74C1A37F75C1A57F76C1A67F77C127
:1093E000A87F78C1A97F79C1AA7F7AC1AB7F7BC1F1
:1093F000AC7F7CC1AD7F7DC1AE7F7EC1B17F80C1BE
:10940000B37F81C1B47F82C1B57F83C1B67F84C180
:10941000B77F85C1BA7F86C1BB7F87C1BE7F88C148
:10942000C07F89C1C27F8AC1C37F8BC1C47F8CC109
:10943000C67F8DC1C77F8EC1C87F8FC1C97F90C1D4
:10944000CB7F91C1CD7F92C1CF7F93C1D07F94C19B
:10945000D17F95C1D27F96C1D37F97C1D67F98C166
:10946000D77F99C1D97F9AC1DA7F9BC1DB7F9CC12D
:10947000DC7F9DC1DD7F9EC1DE7F9FC1E27FA0C1F9
:10948000E37FA1C1E275A2C1CB7AA3C1927CA4C142
:10949000A56CA5C1B696A6C19B52A7C18374A8C1ED
:1094A000E954A9C1E94FAAC15480ABC1B283ACC190
:1094B000DE8FADC17095AEC1C95EAFC11C60B0C1D9
:1094C0009F6DB1C1185EB2C15B65B3C13881B4C1D3
:1094D000FE94B5C14B60B6C1BC70B7C1C37EB8C104
:1094E000AE7CB9C1C951BAC18168BBC1B17CBCC134
:1094F0006F82BDC1244EBEC1868FBFC1CF91C0C196
:109500007E66C1C1AE4EC2C1058CC3C1A964C4C1CF
:109510004A80C5C1DA50C6C19775C7C1CE71C8C1EE
:10952000E55BC9C1BD8FCAC1666FCBC1864ECCC1D8
:109530008264CDC16395CEC1D65ECFC19965D0C1DD
:109540001752D1C1C288D2C1C870D3C1A352D4C1ED
:109550000E73D5C13374D6C19767D7C1F778D8C118
:109560001697D9C1344EDAC1BB90DBC1DE9CDCC199
:10957000CB6DDDC1DB51DEC1418DDFC11D54E0C1CA
:10958000CE62E1C1B273E2C1F183E3C1F696E4C1F8
:10959000849FE5C1C394E6C1364FE7C19A7FE8C115
:1095A000CC51E9C17570EAC17596EBC1AD5CECC1F7
:1095B0008698EDC1E653EEC1E44EEFC19C6EF0C15A
:1095C0000974F1C1B469F2C16B78F3C18F99F4C128
:1095D0005975F5C11852F6C12476F7C1416DF8C12D
:1095E000F367F9C16D51FAC1999FFBC14B80FCC172
:1095F0009954FDC13C7BFEC1BF7A40C2E47F41C2A9
:10960000E77F42C2E87F43C2EA7F44C2EB7F45C2A4
:10961000EC7F46C2ED7F47C2EF7F48C2F27F49C26E
:10962000F47F4AC2F57F4BC2F67F4CC2F77F4DC232
:10963000F87F4EC2F97F4FC2FA7F50C2FD7F51C200
:10964000FE7F52C2FF7F53C2028054C2078055C2C0
:10965000088056C2098057C20A8058C20E8059C27B
:109660000F805AC211805BC213805CC21A805DC237
:109670001B805EC21D805FC21E8060C21F8061C2EF
:10968000218062C2238063C2248064C22B8065C2B1
:109690002C8066C22D8067C22E8068C22F8069C26E
:1096A00030806AC232806BC234806CC239806DC235
:1096B0003A806EC23C806FC23E8070C2408071C2F0
:1096C000418072C2448073C2458074C2478075C2B3
:1096D000488076C2498077C24E8078C24F8079C276
:1096E00050807AC251807BC253807CC255807DC23B
:1096F00056807EC2578080C2598081C25B8082C200
:109700005C8083C25D8084C25E8085C25F8086C2C9
:10971000608087C2618088C2628089C263808AC299
:1097200064808BC265808CC266808DC267808EC269
:1097300068808FC26B8090C26C8091C26D8092C233
:109740006E8093C26F8094C2708095C2728096C200
:10975000738097C2748098C2758099C276809AC2CD
:1097600077809BC278809CC279809DC27A809EC29D
:109770007B809FC27C80A0C27D80A1C28696A2C24F
:109780008457A3C2E262A4C24796A5C27C69A6C25E
:10979000045AA7C20264A8C2D37BA9C20F6FAAC28F
:1097A0004B96ABC2A682ACC26253ADC28598AEC224
:1097B000905EAFC28970B0C2B363B1C26453B2C22B
:1097C0004F86B3C2819CB4C2939EB5C28C78B6C298
:1097D0003297B7C2EF8DB8C2428DB9C27F9EBAC26E
:1097E0005E6FBBC28479BCC2555FBDC24696BEC225
:1097F0002E62BFC2749AC0C21554C1C2DD94C2C2E7
:10980000A34FC3C2C565C4C2655CC5C2615CC6C2A4
:10981000157FC7C25186C8C22F6CC9C28B5FCAC22E
:109820008773CBC2E46ECCC2FF7ECDC2E65CCEC2F3
:109830001B63CFC26A5BD0C2E66ED1C27553D2C27F
:10984000714ED3C2A063D4C26575D5C2A162D6C21F
:109850006E8FD7C2264FD8C2D14ED9C2A66CDAC2FB
:10986000B67EDBC2BA8BDCC21D84DDC2BA87DEC223
:10987000577FDFC23B90E0C22395E1C2A97BE2C2E1
:10988000A19AE3C2F888E4C23D84E5C21B6DE6C23A
:10989000869AE7C2DC7EE8C28859E9C2BB9EEAC26A
:1098A0009B73EBC20178ECC28286EDC26C9AEEC269
:1098B000829AEFC21B56F0C21754F1C2CB57F2C2C4
:1098C000704EF3C2A69EF4C25653F5C2C88FF6C2BC
:1098D0000981F7C29277F8C29299F9C2EE86FAC26C
:1098E000E16EFBC21385FCC2FC66FDC26261FEC272
:1098F0002B6F40C37E8041C3818042C3828043C3BB
:10990000858044C3888045C38A8046C38D8047C311
:109910008E8048C38F8049C390804AC391804BC3D7
:1099200092804CC394804DC395804EC397804FC3A3
:10993000998050C39E8051C3A38052C3A68053C355
:10994000A78054C3A88055C3AC8056C3B08057C30A
:10995000B38058C3B58059C3B6805AC3B8805BC3BF
:10996000B9805CC3BB805DC3C5805EC3C7805FC375
:10997000C88060C3C98061C3CA8062C3CB8063C32F
:10998000CF8064C3D08065C3D18066C3D28067C3F3
:10999000D38068C3D48069C3D5806AC3D8806BC3C1
:1099A000DF806CC3E0806DC3E2806EC3E3806FC371
:1099B000E68070C3EE8071C3F58072C3F78073C315
:1099C000F98074C3FB8075C3FE8076C3FF8077C3C4
:1099D000008178C3018179C303817AC304817BC389
:1099E00005817CC307817DC308817EC30B8180C351
:1099F0000C8181C3158182C3178183C3198184C3FC
:109A00001B8185C31C8186C31D8187C31F8188C3B9
:109A1000208189C321818AC322818BC323818CC386
:109A200024818DC325818EC326818FC3278190C356
:109A3000288191C3298192C32A8193C32B8194C326
:109A40002D8195C32E8196C3308197C3338198C3EE
:109A5000348199C335819AC337819BC339819CC3B3
:109A60003A819DC33B819EC33C819FC33D81A0C37E
:109A70003F81A1C3298CA2C39282A3C32B83A4C319
:109A8000F276A5C3136CA6C3D95FA7C3BD83A8C3D1
:109A90002B73A9C30583AAC31A95ABC3DB6BACC3F5
:109AA000DB77ADC3C694AEC36F53AFC30283B0C3FD
:109AB0009251B1C33D5EB2C38C8CB3C3388DB4C375
:109AC000484EB5C3AB73B6C39A67B7C38568B8C30E
:109AD0007691B9C30997BAC36471BBC3A16CBCC307
:109AE0000977BDC3925ABEC34195BFC3CF6BC0C3F4
:109AF0008E7FC1C32766C2C3D05BC3C3B959C4C379
:109B00009A5AC5C3E895C6C3F795C7C3EC4EC8C3F8
:109B10000C84C9C39984CAC3AC6ACBC3DF76CCC3F7
:109B20003095CDC31B73CEC3A668CFC35F5BD0C3D4
:109B30002F77D1C39A91D2C36197D3C3DC7CD4C3AE
:109B4000F78FD5C31C8CD6C3255FD7C3737CD8C30E
:109B5000D879D9C3C589DAC3CC6CDBC31C87DCC315
:109B6000C65BDDC3425EDEC3C968DFC32077E0C3E6
:109B7000F57EE1C39551E2C34D51E3C3C952E4C33D
:109B8000295AE5C3057FE6C36297E7C3D782E8C3D6
:109B9000CF63E9C38477EAC3D085EBC3D279ECC342
:109BA0003A6EEDC3995EEEC39959EFC31185F0C3C8
:109BB0006D70F1C3116CF2C3BF62F3C3BF76F4C31F
:109BC0004F65F5C3AF60F6C3FD95F7C30E66F8C3E6
:109BD0009F87F9C3239EFAC3ED94FBC30D54FCC3C6
:109BE0007D54FDC32C8CFEC3786440C4408141C4C5
:109BF000418142C4428143C4438144C4448145C439
:109C0000458146C4478147C4498148C44D8149C400
:109C10004E814AC44F814BC452814CC456814DC4BD
:109C200057814EC458814FC45B8150C45C8151C47C
:109C30005D8152C45E8153C45F8154C4618155C447
:109C4000628156C4638157C4648158C4668159C413
:109C500068815AC46A815BC46B815CC46C815DC4D9
:109C60006F815EC472815FC4738160C4758161C499
:109C7000768162C4778163C4788164C4818165C45C
:109C8000838166C4848167C4858168C4868169C410
:109C900087816AC489816BC48B816CC48C816DC4DB
:109CA0008D816EC48E816FC4908170C4928171C4A5
:109CB000938172C4948173C4958174C4968175C470
:109CC000978176C4998177C49A8178C49E8179C43A
:109CD0009F817AC4A0817BC4A1817CC4A2817DC400
:109CE000A4817EC4A58180C4A78181C4A98182C4C6
:109CF000AB8183C4AC8184C4AD8185C4AE8186C48C
:109D0000AF8187C4B08188C4B18189C4B2818AC45B
:109D1000B4818BC4B5818CC4B6818DC4B7818EC427
:109D2000B8818FC4B98190C4BC8191C4BD8192C4F3
:109D3000BE8193C4BF8194C4C48195C4C58196C4B7
:109D4000C78197C4C88198C4C98199C4CB819AC47A
:109D5000CD819BC4CE819CC4CF819DC4D0819EC443
:109D6000D1819FC4D281A0C4D381A1C47964A2C48B
:109D70001186A3C4216AA4C49C81A5C4E878A6C4A2
:109D80006964A7C4549BA8C4B962A9C42B67AAC4B8
:109D9000AB83ABC4A858ACC4D89EADC4AB6CAEC446
:109DA000206FAFC4DE5BB0C44C96B1C40B8CB2C4A0
:109DB0005F72B3C4D067B4C4C762B5C46172B6C4BD
:109DC000A94EB7C4C659B8C4CD6BB9C49358BAC468
:109DD000AE66BBC4555EBCC4DF52BDC45561BEC4D3
:109DE0002867BFC4EE76C0C46677C1C46772C2C4B8
:109DF000467AC3C4FF62C4C4EA54C5C45054C6C43E
:109E0000A094C7C4A390C8C41C5AC9C4B37ECAC412
:109E1000166CCBC4434ECCC47659CDC41080CEC48E
:109E20004859CFC45753D0C43775D1C4BE96D2C495
:109E3000CA56D3C42063D4C41181D5C47C60D6C4AF
:109E4000F995D7C4D66DD8C46254D9C48199DAC4FF
:109E50008551DBC4E95ADCC4FD80DDC4AE59DEC4E3
:109E60001397DFC42A50E0C4E56CE1C43C5CE2C453
:109E7000DF62E3C4604FE4C43F53E5C47B81E6C4C2
:109E80000690E7C4BA6EE8C42B85E9C4C862EAC488
:109E9000745EEBC4BE78ECC4B564EDC47B63EEC401
:109EA000F55FEFC4185AF0C47F91F1C41F9EF2C44D
:109EB0003F5CF3C44F63F4C44280F5C47D5BF6C4D9
:109EC0006E55F7C44A95F8C44D95F9C4856DFAC42A
:109ED000A860FBC4E067FCC4DE72FDC4DD51FEC4B3
:109EE000815B40C5D48141C5D58142C5D68143C57A
:109EF000D78144C5D88145C5D98146C5DA8147C5D2
:109F0000DB8148C5DC8149C5DD814AC5DE814BC5A1
:109F1000DF814CC5E0814DC5E1814EC5E2814FC571
:109F2000E48150C5E58151C5E68152C5E88153C53C
:109F3000E98154C5EB8155C5EE8156C5EF8157C502
:109F4000F08158C5F18159C5F2815AC5F5815BC5CB
:109F5000F6815CC5F7815DC5F8815EC5F9815FC595
:109F6000FA8160C5FD8161C5FF8162C5038263C559
:109F7000078264C5088265C5098266C50A8267C50D
:109F80000B8268C50E8269C50F826AC511826BC5D6
:109F900013826CC515826DC516826EC517826FC59A
:109FA000188270C5198271C51A8272C51D8273C567
:109FB000208274C5248275C5258276C5268277C520
:109FC000278278C5298279C52E827AC532827BC5DF
:109FD0003A827CC53C827DC53D827EC53F8280C57C
:109FE000408281C5418282C5428283C5438284C545
:109FF000458285C5468286C5488287C54A8288C50E
:10A000004C8289C54D828AC54E828BC550828CC5D3
:10A0100051828DC552828EC553828FC5548290C5A0
:10A02000558291C5568292C5578293C5598294C56F
:10A030005B8295C55C8296C55D8297C55E8298C538
:10A04000608299C561829AC562829BC563829CC504
:10A0500064829DC565829EC566829FC56782A0C5D4
:10A060006982A1C5E762A2C5DE6CA3C55B72A4C507
:10A070006D62A5C5AE94A6C5BD7EA7C51381A8C552
:10A08000536DA9C59C51AAC5045FABC57459ACC535
:10A09000AA52ADC51260AEC57359AFC59666B0C5BC
:10A0A0005086B1C59F75B2C52A63B3C5E661B4C514
:10A0B000EF7CB5C5FA8BB6C5E654B7C5276BB8C5F6
:10A0C000259EB9C5B46BBAC5D585BBC55554BCC5AD
:10A0D0007650BDC5A46CBEC56A55BFC5B48DC0C59C
:10A0E0002C72C1C5155EC2C51560C3C53674C4C522
:10A0F000CD62C5C59263C6C54C72C7C5985FC8C559
:10A10000436EC9C53E6DCAC50065CBC5586FCCC589
:10A11000D876CDC5D078CEC5FC76CFC55475D0C520
:10A120002452D1C5DB53D2C5534ED3C59E5ED4C590
:10A13000C165D5C52A80D6C5D680D7C59B62D8C58E
:10A140008654D9C52852DAC5AE70DBC58D88DCC50A
:10A15000D18DDDC5E16CDEC57854DFC5DA80E0C5A0
:10A16000F957E1C5F488E2C5548DE3C56A96E4C5A4
:10A170004D91E5C5694FE6C59B6CE7C5B755E8C588
:10A18000C676E9C53078EAC5A862EBC5F970ECC5BA
:10A190008E6FEDC56D5FEEC5EC84EFC5DA68F0C576
:10A1A0007C78F1C5F77BF2C5A881F3C50B67F4C5D0
:10A1B0004F9EF5C56763F6C5B078F7C56F57F8C50C
:10A1C0001278F9C53997FAC57962FBC5AB62FCC54F
:10A1D0008852FDC53574FEC5D76B40C66A8241C63C
:10A1E0006B8242C66C8243C66D8244C6718245C68C
:10A1F000758246C6768247C6778248C6788249C647
:10A200007B824AC67C824BC680824CC681824DC608
:10A2100083824EC685824FC6868250C6878251C6CB
:10A22000898252C68C8253C6908254C6938255C688
:10A23000948256C6958257C6968258C69A8259C647
:10A240009B825AC69E825BC6A0825CC6A2825DC605
:10A25000A3825EC6A7825FC6B28260C6B58261C6AF
:10A26000B68262C6BA8263C6BB8264C6BC8265C659
:10A27000BF8266C6C08267C6C28268C6C38269C61C
:10A28000C5826AC6C6826BC6C9826CC6D0826DC6DC
:10A29000D6826EC6D9826FC6DA8270C6DD8271C67A
:10A2A000E28272C6E78273C6E88274C6E98275C626
:10A2B000EA8276C6EC8277C6ED8278C6EE8279C6EF
:10A2C000F0827AC6F2827BC6F3827CC6F5827DC6B6
:10A2D000F6827EC6F88280C6FA8281C6FC8282C679
:10A2E000FD8283C6FE8284C6FF8285C6008386C641
:10A2F0000A8387C60B8388C60D8389C610838AC6E6
:10A3000012838BC613838CC616838DC618838EC6A4
:10A3100019838FC61D8390C61E8391C61F8392C664
:10A32000208393C6218394C6228395C6238396C631
:10A33000248397C6258398C6268399C629839AC6FF
:10A340002A839BC62E839CC630839DC632839EC6BD
:10A3500037839FC63B83A0C63D83A1C66455A2C672
:10A360003E81A3C6B275A4C6AE76A5C63953A6C6AD
:10A37000DE75A7C6FB50A8C6415CA9C66C8BAAC6F1
:10A38000C77BABC64F50ACC64772ADC6979AAEC638
:10A39000D898AFC6026FB0C6E274B1C66879B2C6CB
:10A3A0008764B3C6A577B4C6FC62B5C69198B6C635
:10A3B0002B8DB7C6C154B8C65880B9C6524EBAC65E
:10A3C0006A57BBC6F982BCC60D84BDC6735EBEC6E5
:10A3D000ED51BFC6F674C0C6C48BC1C64F5CC2C6C1
:10A3E0006157C3C6FC6CC4C68798C5C6465AC6C664
:10A3F0003478C7C6449BC8C6EB8FC9C6957CCAC60D
:10A400005652CBC65162CCC6FA94CDC6C64ECEC605
:10A410008683CFC66184D0C6E983D1C6B284D2C652
:10A42000D457D3C63467D4C60357D5C66E66D6C6CE
:10A43000666DD7C6318CD8C6DD66D9C61170DAC64E
:10A440001F67DBC63A6BDCC61668DDC61A62DEC65D
:10A45000BB59DFC6034EE0C6C451E1C6066FE2C673
:10A46000D267E3C68F6CE4C67651E5C6CB68E6C614
:10A470004759E7C6676BE8C66675E9C60E5DEAC66A
:10A480001081EBC6509FECC6D765EDC64879EEC685
:10A490004179EFC6919AF0C6778DF1C6825CF2C61B
:10A4A0005E4EF3C6014FF4C62F54F5C65159F6C699
:10A4B0000C78F7C66856F8C6146CF9C6C48FFAC68D
:10A4C000035FFBC67D6CFCC6E36CFDC6AB8BFEC6B2
:10A4D000906340C73E8341C73F8342C7418343C720
:10A4E000428344C7448345C7458346C7488347C71B
:10A4F0004A8348C74B8349C74C834AC74D834BC7E0
:10A500004E834CC753834DC755834EC756834FC7A1
:10A51000578350C7588351C7598352C75D8353C768
:10A52000628354C7708355C7718356C7728357C7F8
:10A53000738358C7748359C775835AC776835BC7BB
:10A5400079835CC77A835DC77E835EC77F835FC77D
:10A55000808360C7818361C7828362C7838363C747
:10A56000848364C7878365C7888366C78A8367C710
:10A570008B8368C78C8369C78D836AC78F836BC7DA
:10A5800090836CC791836DC794836EC795836FC7A3
:10A59000968370C7978371C7998372C79A8373C76D
:10A5A0009D8374C79F8375C7A18376C7A28377C72E
:10A5B000A38378C7A48379C7A5837AC7A6837BC7FB
:10A5C000A7837CC7AC837DC7AD837EC7AE8380C7BE
:10A5D000AF8381C7B58382C7BB8383C7BE8384C76C
:10A5E000BF8385C7C28386C7C38387C7C48388C721
:10A5F000C68389C7C8838AC7C9838BC7CB838CC7E7
:10A60000CD838DC7CE838EC7D0838FC7D18390C7AC
:10A61000D28391C7D38392C7D58393C7D78394C777
:10A62000D98395C7DA8396C7DB8397C7DE8398C73C
:10A63000E28399C7E3839AC7E4839BC7E6839CC7F9
:10A64000E7839DC7E8839EC7EB839FC7EC83A0C7C2
:10A65000ED83A1C77060A2C73D6DA3C77572A4C783
:10A660006662A5C78E94A6C7C594A7C74353A8C75B
:10A67000C18FA9C77E7BAAC7DF4EABC7268CACC7EC
:10A680007E4EADC7D49EAEC7B194AFC7B394B0C72A
:10A690004D52B1C75C6FB2C76390B3C7456DB4C7C5
:10A6A000348CB5C71158B6C74C5DB7C7206BB8C757
:10A6B000496BB9C7AA67BAC75B54BBC75481BCC74B
:10A6C0008C7FBDC79958BEC73785BFC73A5FC0C723
:10A6D000A262C1C7476AC2C73995C3C77265C4C7FA
:10A6E0008460C5C76568C6C7A777C7C7544EC8C7C3
:10A6F000A84FC9C7E75DCAC79897CBC7AC64CCC79A
:10A70000D87FCDC7ED5CCEC7CF4FCFC78D7AD0C72E
:10A710000752D1C70483D2C7144ED3C72F60D4C702
:10A72000837AD5C7A694D6C7B54FD7C7B24ED8C778
:10A73000E679D9C73474DAC7E452DBC7B982DCC71B
:10A74000D264DDC7BD79DEC7DD5BDFC7816CE0C7E2
:10A750005297E1C77B8FE2C7226CE3C73E50E4C744
:10A760007F53E5C7056EE6C7CE64E7C77466E8C7E2
:10A77000306CE9C7C560EAC77798EBC7F78BECC7C1
:10A78000865EEDC73C74EEC7777AEFC7CB79F0C72A
:10A79000184EF1C7B190F2C70374F3C7426CF4C707
:10A7A000DA56F5C74B91F6C7C56CF7C78B8DF8C75E
:10A7B0003A53F9C7C686FAC7F266FBC7AF8EFCC725
:10A7C000485CFDC7719AFEC7206E40C8EE8341C841
:10A7D000EF8342C8F38343C8F48344C8F58345C874
:10A7E000F68346C8F78347C8FA8348C8FB8349C83D
:10A7F000FC834AC8FE834BC8FF834CC800844DC805
:10A8000002844EC805844FC8078450C8088451C8C4
:10A81000098452C80A8453C8108454C8128455C885
:10A82000138456C8148457C8158458C8168459C848
:10A8300017845AC819845BC81A845CC81B845DC815
:10A840001E845EC81F845FC8208460C8218461C8DC
:10A85000228462C8238463C8298464C82A8465C8A2
:10A860002B8466C82C8467C82D8468C82E8469C868
:10A870002F846AC830846BC832846CC833846DC836
:10A8800034846EC835846FC8368470C8378471C804
:10A89000398472C83A8473C83B8474C83E8475C8CE
:10A8A0003F8476C8408477C8418478C8428479C898
:10A8B00043847AC844847BC845847CC847847DC867
:10A8C00048847EC8498480C84A8481C84B8482C831
:10A8D0004C8483C84D8484C84E8485C84F8486C800
:10A8E000508487C8528488C8538489C854848AC8CD
:10A8F00055848BC856848CC858848DC85D848EC896
:10A900005E848FC85F8490C8608491C8628492C856
:10A91000648493C8658494C8668495C8678496C81F
:10A92000688497C86A8498C86E8499C86F849AC8E6
:10A9300070849BC872849CC874849DC877849EC8A8
:10A9400079849FC87B84A0C87C84A1C8D653A2C840
:10A95000365AA3C88B9FA4C8A38DA5C8BB53A6C84D
:10A960000857A7C8A798A8C84367A9C89B91AAC8B1
:10A97000C96CABC86851ACC8CA75ADC8F362AEC883
:10A98000AC72AFC83852B0C89D52B1C83A7FB2C895
:10A990009470B3C83876B4C87453B5C84A9EB6C864
:10A9A000B769B7C86E78B8C8C096B9C8D988BAC8E8
:10A9B000A47FBBC83671BCC8C371BDC88951BEC8AD
:10A9C000D367BFC8E474C0C8E458C1C81865C2C81A
:10A9D000B756C3C8A98BC4C87699C5C87062C6C823
:10A9E000D57EC7C8F960C8C8ED70C9C8EC58CAC8D8
:10A9F000C14ECBC8BA4ECCC8CD5FCDC8E797CEC844
:10AA0000FB4ECFC8A48BD0C80352D1C88A59D2C834
:10AA1000AB7ED3C85462D4C8CD4ED5C8E565D6C880
:10AA20000E62D7C83883D8C8C984D9C86383DAC846
:10AA30008D87DBC89471DCC8B66EDDC8B95BDEC833
:10AA4000D27EDFC89751E0C8C963E1C8D467E2C8C5
:10AA50008980E3C83983E4C81588E5C81251E6C87F
:10AA60007A5BE7C88259E8C8B18FE9C8734EEAC873
:10AA70005D6CEBC86551ECC82589EDC86F8FEEC8D9
:10AA80002E96EFC84A85F0C85E74F1C81095F2C8DA
:10AA9000F095F3C8A66DF4C8E582F5C8315FF6C835
:10AAA0009264F7C8126DF8C82884F9C86E81FAC894
:10AAB000C39CFBC85E58FCC85B8DFDC8094EFEC830
:10AAC000C15340C97D8441C97E8442C97F8443C942
:10AAD000808444C9818445C9838446C9848447C924
:10AAE000858448C9868449C98A844AC98D844BC9EA
:10AAF0008F844CC990844DC991844EC992844FC9AA
:10AB0000938450C9948451C9958452C9968453C979
:10AB1000988454C99A8455C99B8456C99D8457C941
:10AB20009E8458C99F8459C9A0845AC9A2845BC90C
:10AB3000A3845CC9A4845DC9A5845EC9A6845FC9D9
:10AB4000A78460C9A88461C9A98462C9AA8463C9A9
:10AB5000AB8464C9AC8465C9AD8466C9AE8467C979
:10AB6000B08468C9B18469C9B3846AC9B5846BC942
:10AB7000B6846CC9B7846DC9BB846EC9BC846FC907
:10AB8000BE8470C9C08471C9C28472C9C38473C9C8
:10AB9000C58474C9C68475C9C78476C9C88477C991
:10ABA000CB8478C9CC8479C9CE847AC9CF847BC957
:10ABB000D2847CC9D4847DC9D5847EC9D78480C918
:10ABC000D88481C9D98482C9DA8483C9DB8484C9E1
:10ABD000DC8485C9DE8486C9E18487C9E28488C9AA
:10ABE000E48489C9E7848AC9E8848BC9E9848CC96B
:10ABF000EA848DC9EB848EC9ED848FC9EE8490C937
:10AC0000EF8491C9F18492C9F28493C9F38494C901
:10AC1000F48495C9F58496C9F68497C9F78498C9D0
:10AC2000F88499C9F9849AC9FA849BC9FB849CC9A0
:10AC3000FD849DC9FE849EC900859FC90185A0C968
:10AC40000285A1C91E4FA2C96365A3C95168A4C9E1
:10AC5000D355A5C9274EA6C91464A7C99A9AA8C9ED
:10AC60006B62A9C9C25AAAC95F74ABC97282ACC966
:10AC7000A96DADC9EE68AEC9E750AFC98E83B0C942
:10AC80000278B1C94067B2C93952B3C9996CB4C925
:10AC9000B17EB5C9BB50B6C96555B7C95E71B8C9F3
:10ACA0005B7BB9C95266BAC9CA73BBC9EB82BCC95E
:10ACB0004967BDC9715CBEC92052BFC97D71C0C999
:10ACC0006B88C1C9EA95C2C95596C3C9C564C4C9D0
:10ACD000618DC5C9B381C6C98455C7C9556CC8C97A
:10ACE0004762C9C92E7FCAC99258CBC9244FCCC963
:10ACF0004655CDC94F8DCEC94C66CFC90A4ED0C975
:10AD00001A5CD1C9F388D2C9A268D3C94E63D4C929
:10AD10000D7AD5C9E770D6C98D82D7C9FA52D8C97C
:10AD2000F697D9C9115CDAC9E854DBC9B590DCC91A
:10AD3000CD7EDDC96259DEC94A8DDFC9C786E0C94B
:10AD40000C82E1C90D82E2C9668DE3C94464E4C99D
:10AD5000045CE5C95161E6C9896DE7C93E79E8C976
:10AD6000BE8BE9C93778EAC93375EBC97B54ECC9A6
:10AD7000384FEDC9AB8EEEC9F16DEFC9205AF0C95D
:10AD8000C57EF1C95E79F2C9886CF3C9A15BF4C9CB
:10AD9000765AF5C91A75F6C9BE80F7C94E61F8C969
:10ADA000176EF9C9F058FAC91F75FBC92575FCC99A
:10ADB0007272FDC94753FEC9F37E40CA038541CA7A
:10ADC000048542CA058543CA068544CA078545CA23
:10ADD000088546CA098547CA0A8548CA0B8549CAF3
:10ADE0000D854ACA0E854BCA0F854CCA10854DCABF
:10ADF00012854ECA14854FCA158550CA168551CA88
:10AE0000188552CA198553CA1B8554CA1C8555CA50
:10AE10001D8556CA1E8557CA208558CA228559CA1B
:10AE200023855ACA24855BCA25855CCA26855DCAE6
:10AE300027855ECA28855FCA298560CA2A8561CAB6
:10AE40002D8562CA2E8563CA2F8564CA308565CA7E
:10AE5000318566CA328567CA338568CA348569CA4E
:10AE600035856ACA36856BCA3E856CCA3F856DCA10
:10AE700040856ECA41856FCA428570CA448571CAD1
:10AE8000458572CA468573CA478574CA4B8575CA9B
:10AE90004C8576CA4D8577CA4E8578CA4F8579CA62
:10AEA00050857ACA51857BCA52857CCA53857DCA32
:10AEB00054857ECA558580CA578581CA588582CAFD
:10AEC0005A8583CA5B8584CA5C8585CA5D8586CAC6
:10AED0005F8587CA608588CA618589CA62858ACA92
:10AEE00063858BCA65858CCA66858DCA67858ECA5F
:10AEF00069858FCA6A8590CA6B8591CA6C8592CA2A
:10AF00006D8593CA6E8594CA6F8595CA708596CAF9
:10AF1000718597CA738598CA758599CA76859ACAC4
:10AF200077859BCA78859CCA7C859DCA7D859ECA8B
:10AF30007F859FCA8085A0CA8185A1CA0177A2CAE0
:10AF4000DB76A3CA6952A4CADC80A5CA2357A6CA65
:10AF5000085EA7CA3159A8CAEE72A9CABD65AACAB5
:10AF60007F6EABCAD78BACCA385CADCA7186AECA2D
:10AF70004153AFCAF377B0CAFE62B1CAF665B2CA2E
:10AF8000C04EB3CADF98B4CA8086B5CA9E5BB6CA43
:10AF9000C68BB7CAF253B8CAE277B9CA7F4FBACAEA
:10AFA0004E5CBBCA769ABCCACB59BDCA0F5FBECA3B
:10AFB0003A79BFCAEB58C0CA164EC1CAFF67C2CAA7
:10AFC0008B4EC3CAED62C4CA938AC5CA1D90C6CA55
:10AFD000BF52C7CA2F66C8CADC55C9CA6C56CACA8E
:10AFE0000290CBCAD54ECCCA8D4FCDCACA91CECA1B
:10AFF0007099CFCA0F6CD0CA025ED1CA4360D2CA60
:10B00000A45BD3CAC689D4CAD58BD5CA3665D6CA7D
:10B010004B62D7CA9699D8CA885BD9CAFF5BDACA8D
:10B020008863DBCA2E55DCCAD753DDCA2676DECA52
:10B030007D51DFCA2C85E0CAA267E1CAB368E2CAC3
:10B040008A6BE3CA9262E4CA938FE5CAD453E6CA14
:10B050001282E7CAD16DE8CA8F75E9CA664EEACA9C
:10B060004E8DEBCA705BECCA9F71EDCAAF85EECA1C
:10B070009166EFCAD966F0CA727FF1CA0087F2CA38
:10B08000CD9EF3CA209FF4CA5E5CF5CA2F67F6CA4C
:10B09000F08FF7CA1168F8CA5F67F9CA0D62FACA79
:10B0A000D67AFBCA8558FCCAB65EFDCA7065FECA70
:10B0B000316F40CB828541CB838542CB868543CBA4
:10B0C000888544CB898545CB8A8546CB8B8547CB04
:10B0D0008C8548CB8D8549CB8E854ACB90854BCBD3
:10B0E00091854CCB92854DCB93854ECB94854FCBA0
:10B0F000958550CB968551CB978552CB988553CB70
:10B10000998554CB9A8555CB9D8556CB9E8557CB3B
:10B110009F8558CBA08559CBA1855ACBA2855BCB07
:10B12000A3855CCBA5855DCBA6855ECBA7855FCBD4
:10B13000A98560CBAB8561CBAC8562CBAD8563CB9C
:10B14000B18564CBB28565CBB38566CBB48567CB5F
:10B15000B58568CBB68569CBB8856ACBBA856BCB2C
:10B16000BB856CCBBC856DCBBD856ECBBE856FCBF7
:10B17000BF8570CBC08571CBC28572CBC38573CBC5
:10B18000C48574CBC58575CBC68576CBC78577CB93
:10B19000C88578CBCA8579CBCB857ACBCC857BCB60
:10B1A000CD857CCBCE857DCBD1857ECBD28580CB2A
:10B1B000D48581CBD68582CBD78583CBD88584CBEC
:10B1C000D98585CBDA8586CBDB8587CBDD8588CBBA
:10B1D000DE8589CBDF858ACBE0858BCBE1858CCB87
:10B1E000E2858DCBE3858ECBE5858FCBE68590CB55
:10B1F000E78591CBE88592CBEA8593CBEB8594CB21
:10B20000EC8595CBED8596CBEE8597CBEF8598CBEE
:10B21000F08599CBF1859ACBF2859BCBF3859CCBBE
:10B22000F4859DCBF5859ECBF6859FCBF785A0CB8E
:10B23000F885A1CB5560A2CB3752A3CB0D80A4CB10
:10B240005464A5CB7088A6CB2975A7CB055EA8CB87
:10B250001368A9CBF462AACB1C97ABCBCC53ACCB75
:10B260003D72ADCB018CAECB346CAFCB6177B0CB44
:10B270000E7AB1CB2E54B2CBAC77B3CB7A98B4CB99
:10B280001C82B5CBF48BB6CB5578B7CB1467B8CB53
:10B29000C170B9CBAF65BACB9564BBCB3656BCCBCE
:10B2A0001D60BDCBC179BECBF853BFCB1D4EC0CB0B
:10B2B0007B6BC1CB8680C2CBFA5BC3CBE355C4CBDF
:10B2C000DB56C5CB3A4FC6CB3C4FC7CB7299C8CBE8
:10B2D000F35DC9CB7E67CACB3880CBCB0260CCCBC9
:10B2E0008298CDCB0190CECB8B5BCFCBBC8BD0CB20
:10B2F000F58BD1CB1C64D2CB5882D3CBDE64D4CBBC
:10B30000FD55D5CBCF82D6CB6591D7CBD74FD8CBF8
:10B31000207DD9CB1F90DACB9F7CDBCBF350DCCBED
:10B320005158DDCBAF6EDECBBF5BDFCBC98BE0CB43
:10B330008380E1CB7891E2CB9C84E3CB977BE4CB19
:10B340007D86E5CB8B96E6CB8F96E7CBE57EE8CB8B
:10B35000D39AE9CB8E78EACB815CEBCB577AECCBF6
:10B360004290EDCBA796EECB5F79EFCB595BF0CB5C
:10B370005F63F1CB0B7BF2CBD184F3CBAD68F4CB25
:10B380000655F5CB297FF6CB1074F7CB227DF8CB91
:10B390000195F9CB4062FACB4C58FBCBD64EFCCB97
:10B3A000835BFDCB7959FECB545840CCF98541CC19
:10B3B000FA8542CCFC8543CCFD8544CCFE8545CC4A
:10B3C000008646CC018647CC028648CC038649CC11
:10B3D00004864ACC06864BCC07864CCC08864DCCDE
:10B3E00009864ECC0A864FCC0B8650CC0C8651CCAD
:10B3F0000D8652CC0E8653CC0F8654CC108655CC7D
:10B40000128656CC138657CC148658CC158659CC48
:10B4100017865ACC18865BCC19865CCC1A865DCC14
:10B420001B865ECC1C865FCC1D8660CC1E8661CCE4
:10B430001F8662CC208663CC218664CC228665CCB4
:10B44000238666CC248667CC258668CC268669CC84
:10B4500028866ACC2A866BCC2B866CCC2C866DCC4D
:10B460002D866ECC2E866FCC2F8670CC308671CC1C
:10B47000318672CC328673CC338674CC348675CCEC
:10B48000358676CC368677CC378678CC398679CCBB
:10B490003A867ACC3B867BCC3D867CCC3E867DCC86
:10B4A0003F867ECC408680CC418681CC428682CC51
:10B4B000438683CC448684CC458685CC468686CC20
:10B4C000478687CC488688CC498689CC4A868ACCF0
:10B4D0004B868BCC4C868CCC52868DCC53868ECCB6
:10B4E00055868FCC568690CC578691CC588692CC78
:10B4F000598693CC5B8694CC5C8695CC5D8696CC45
:10B500005F8697CC608698CC618699CC63869ACC0E
:10B5100064869BCC65869CCC66869DCC67869ECCDB
:10B5200068869FCC6986A0CC6A86A1CC6D73A2CCBC
:10B530001E63A3CC4B8EA4CC0F8EA5CCCE80A6CC04
:10B54000D482A7CCAC62A8CCF053A9CCF06CAACC26
:10B550005E91ABCC2A59ACCC0160ADCC706CAECC5A
:10B560004D57AFCC4A64B0CC2A8DB1CC2B76B2CC3F
:10B57000E96EB3CC5B57B4CC806AB5CCF075B6CC71
:10B580006D6FB7CC2D8CB8CC088CB9CC6657BACCC3
:10B59000EF6BBBCC9288BCCCB378BDCCA263BECCE5
:10B5A000F953BFCCAD70C0CC646CC1CC5858C2CC80
:10B5B0002A64C3CC0258C4CCE068C5CC9B81C6CCFD
:10B5C0001055C7CCD67CC8CC1850C9CCBA8ECACCC2
:10B5D000CC6DCBCC9F8DCCCCEB70CDCC8F63CECC57
:10B5E0009B6DCFCCD46ED0CCE67ED1CC0484D2CCB3
:10B5F0004368D3CC0390D4CCD86DD5CC7696D6CC3A
:10B60000A88BD7CC5759D8CC7972D9CCE485DACC71
:10B610007E81DBCCBC75DCCC8A8ADDCCAF68DECC2D
:10B620005452DFCC228EE0CC1195E1CCD063E2CC39
:10B630009898E3CC448EE4CC7C55E5CC534FE6CCD3
:10B64000FF66E7CC8F56E8CCD560E9CC956DEACCA7
:10B650004352EBCC495CECCC2959EDCCFB6DEECCE4
:10B660006B58EFCC3075F0CC1C75F1CC6C60F2CC23
:10B670001482F3CC4681F4CC1163F5CC6167F6CC2F
:10B68000E28FF7CC3A77F8CCF38DF9CC348DFACC45
:10B69000C194FBCC165EFCCC8553FDCC2C54FECC67
:10B6A000C37040CD6D8641CD6F8642CD708643CD4F
:10B6B000728644CD738645CD748646CD758647CD5A
:10B6C000768648CD778649CD78864ACD83864BCD20
:10B6D00084864CCD85864DCD86864ECD87864FCDD2
:10B6E000888650CD898651CD8E8652CD8F8653CD9A
:10B6F000908654CD918655CD928656CD948657CD61
:10B70000968658CD978659CD98865ACD99865BCD29
:10B710009A865CCD9B865DCD9E865ECD9F865FCDF5
:10B72000A08660CDA18661CDA28662CDA58663CDBF
:10B73000A68664CDAB8665CDAD8666CDAE8667CD7B
:10B74000B28668CDB38669CDB7866ACDB8866BCD33
:10B75000B9866CCDBB866DCDBC866ECDBD866FCDFA
:10B76000BE8670CDBF8671CDC18672CDC28673CDC7
:10B77000C38674CDC58675CDC88676CDCC8677CD8B
:10B78000CD8678CDD28679CDD3867ACDD5867BCD40
:10B79000D6867CCDD7867DCDDA867ECDDC8680CD03
:10B7A000DD8681CDE08682CDE18683CDE28684CDC3
:10B7B000E38685CDE58686CDE68687CDE78688CD8E
:10B7C000E88689CDEA868ACDEB868BCDEC868CCD5A
:10B7D000EF868DCDF5868ECDF6868FCDF78690CD12
:10B7E000FA8691CDFB8692CDFC8693CDFD8694CDD5
:10B7F000FF8695CD018796CD048797CD058798CD97
:10B80000068799CD0B879ACD0C879BCD0E879CCD53
:10B810000F879DCD10879ECD11879FCD1487A0CD1A
:10B820001687A1CD406CA2CDF75EA3CD5C50A4CD10
:10B83000AD4EA5CDAD5EA6CD3A63A7CD4782A8CDCE
:10B840001A90A9CD5068AACD6E91ABCDB377ACCD8F
:10B850000C54ADCDDC94AECD645FAFCDE57AB0CD08
:10B860007668B1CD4563B2CD527BB3CDDF7EB4CD2A
:10B87000DB75B5CD7750B6CD9562B7CD3459B8CD1F
:10B880000F90B9CDF851BACDC379BBCD817ABCCD7B
:10B89000FE56BDCD925FBECD1490BFCD826DC0CDA2
:10B8A000605CC1CD1F57C2CD1054C3CD5451C4CD1F
:10B8B0004D6EC5CDE256C6CDA863C7CD9398C8CD11
:10B8C0007F81C9CD1587CACD2A89CBCD0090CCCD3B
:10B8D0001E54CDCD6F5CCECDC081CFCDD662D0CD44
:10B8E0005862D1CD3181D2CD359ED3CD4096D4CDC5
:10B8F0006E9AD5CD7C9AD6CD2D69D7CDA559D8CD08
:10B90000D362D9CD3E55DACD1663DBCDC754DCCD3D
:10B91000D986DDCD3C6DDECD035ADFCDE674E0CDBA
:10B920009C88E1CD6A6BE2CD1659E3CD4C8CE4CD19
:10B930002F5FE5CD7E6EE6CDA973E7CD7D98E8CD8E
:10B94000384EE9CDF770EACD8C5BEBCD9778ECCD36
:10B950003D63EDCD5A66EECD9676EFCDCB60F0CD62
:10B960009B5BF1CD495AF2CD074EF3CD5581F4CD15
:10B970006A6CF5CD8B73F6CDA14EF7CD8967F8CD06
:10B98000517FF9CD805FFACDFA65FBCD1B67FCCD09
:10B99000D85FFDCD8459FECD015A40CE198741CEE6
:10B9A0001B8742CE1D8743CE1F8744CE208745CEBE
:10B9B000248746CE268747CE278748CE288749CE7C
:10B9C0002A874ACE2B874BCE2C874CCE2D874DCE47
:10B9D0002F874ECE30874FCE328750CE338751CE11
:10B9E000358752CE368753CE388754CE398755CED9
:10B9F0003A8756CE3C8757CE3D8758CE408759CEA2
:10BA000041875ACE42875BCE43875CCE44875DCE6A
:10BA100045875ECE46875FCE4A8760CE4B8761CE34
:10BA20004D8762CE4F8763CE508764CE518765CEF7
:10BA3000528766CE548767CE558768CE568769CEC3
:10BA400058876ACE5A876BCE5B876CCE5C876DCE8B
:10BA50005D876ECE5E876FCE5F8770CE618771CE59
:10BA6000628772CE668773CE678774CE688775CE1D
:10BA7000698776CE6A8777CE6B8778CE6C8779CEEA
:10BA80006D877ACE6F877BCE71877CCE72877DCEB5
:10BA900073877ECE758780CE778781CE788782CE7A
:10BAA000798783CE7A8784CE7F8785CE808786CE3E
:10BAB000818787CE848788CE868789CE87878ACEFE
:10BAC00089878BCE8A878CCE8C878DCE8E878ECEC3
:10BAD0008F878FCE908790CE918791CE928792CE8E
:10BAE000948793CE958794CE968795CE988796CE59
:10BAF000998797CE9A8798CE9B8799CE9C879ACE26
:10BB00009D879BCE9E879CCEA0879DCEA1879ECEF3
:10BB1000A2879FCEA387A0CEA487A1CECD5DA2CEC3
:10BB2000AE5FA3CE7153A4CEE697A5CEDD8FA6CE91
:10BB30004568A7CEF456A8CE2F55A9CEDF60AACE71
:10BB40003A4EABCE4D6FACCEF47EADCEC782AECE0C
:10BB50000E84AFCED459B0CE1F4FB1CE2A4FB2CE45
:10BB60003E5CB3CEAC7EB4CE2A67B5CE1A85B6CED7
:10BB70007354B7CE4F75B8CEC380B9CE8255BACE06
:10BB80004F9BBBCE4D4FBCCE2D6EBDCE138CBECECB
:10BB9000095CBFCE7061C0CE6B53C1CE1F76C2CEE2
:10BBA000296EC3CE8A86C4CE8765C5CEFB95C6CE28
:10BBB000B97EC7CE3B54C8CE337AC9CE0A7DCACE31
:10BBC000EE95CBCEE155CCCEC17FCDCEEE74CECEB0
:10BBD0001D63CFCE1787D0CEA16DD1CE9D7AD2CEA8
:10BBE0001162D3CEA165D4CE6753D5CEE163D6CE54
:10BBF000836CD7CEEB5DD8CE5C54D9CEA894DACE88
:10BC00004C4EDBCE616CDCCEEC8BDDCE4B5CDECE05
:10BC1000E065DFCE9C82E0CEA768E1CE3E54E2CE66
:10BC20003454E3CECB6BE4CE666BE5CE944EE6CED9
:10BC30004263E7CE4853E8CE1E82E9CE0D4FEACEEE
:10BC4000AE4FEBCE5E57ECCE0A62EDCEFE96EECE58
:10BC50006466EFCE6972F0CEFF52F1CEA152F2CE01
:10BC60009F60F3CEEF8BF4CE1466F5CE9971F6CECD
:10BC70009067F7CE7F89F8CE5278F9CEFD77FACE6D
:10BC80007066FBCE3B56FCCE3854FDCE2195FECEE1
:10BC90007A7240CFA58741CFA68742CFA78743CFEF
:10BCA000A98744CFAA8745CFAE8746CFB08747CF75
:10BCB000B18748CFB28749CFB4874ACFB6874BCF39
:10BCC000B7874CCFB8874DCFB9874ECFBB874FCF03
:10BCD000BC8750CFBE8751CFBF8752CFC18753CFCC
:10BCE000C28754CFC38755CFC48756CFC58757CF98
:10BCF000C78758CFC88759CFC9875ACFCC875BCF62
:10BD0000CD875CCFCE875DCFCF875ECFD0875FCF2B
:10BD1000D48760CFD58761CFD68762CFD78763CFEF
:10BD2000D88764CFD98765CFDA8766CFDC8767CFBE
:10BD3000DD8768CFDE8769CFDF876ACFE1876BCF8A
:10BD4000E2876CCFE3876DCFE4876ECFE6876FCF56
:10BD5000E78770CFE88771CFE98772CFEB8773CF22
:10BD6000EC8774CFED8775CFEF8776CFF08777CFED
:10BD7000F18778CFF28779CFF3877ACFF4877BCFBB
:10BD8000F5877CCFF6877DCFF7877ECFF88780CF8A
:10BD9000FA8781CFFB8782CFFC8783CFFD8784CF53
:10BDA000FF8785CF008886CF018887CF028888CF1C
:10BDB000048889CF05888ACF06888BCF07888CCFE7
:10BDC00008888DCF09888ECF0B888FCF0C8890CFB5
:10BDD0000D8891CF0E8892CF0F8893CF108894CF83
:10BDE000118895CF128896CF148897CF178898CF4F
:10BDF000188899CF19889ACF1A889BCF1C889CCF16
:10BE00001D889DCF1E889ECF1F889FCF2088A0CFE2
:10BE10002388A1CF007AA2CF6F60A3CF0C5EA4CFFE
:10BE20008960A5CF9D81A6CF1559A7CFDC60A8CF8B
:10BE30008471A9CFEF70AACFAA6EABCF506CACCFF4
:10BE40008072ADCF846AAECFAD88AFCF2D5EB0CF5C
:10BE5000604EB1CFB35AB2CF9C55B3CFE394B4CFB9
:10BE6000176DB5CFFB7CB6CF9996B7CF0F62B8CF21
:10BE7000C67EB9CF8E77BACF7E86BBCF2353BCCFD9
:10BE80001E97BDCF968FBECF8766BFCFE15CC0CF78
:10BE9000A04FC1CFED72C2CF0B4EC3CFA653C4CFBC
:10BEA0000F59C5CF1354C6CF8063C7CF2895C8CFCD
:10BEB0004851C9CFD94ECACF9C9CCBCFA47ECCCF02
:10BEC000B854CDCF248DCECF5488CFCF3782D0CFAA
:10BED000F295D1CF8E6DD2CF265FD3CFCC5AD4CFAF
:10BEE0003E66D5CF6996D6CFB073D7CF2E73D8CF55
:10BEF000BF53D9CF7A81DACF8599DBCFA17FDCCF51
:10BF0000AA5BDDCF7796DECF5096DFCFBF7EE0CF46
:10BF1000F876E1CFA253E2CF7695E3CF9999E4CFBB
:10BF2000B17BE5CF4489E6CF586EE7CF614EE8CFCD
:10BF3000D47FE9CF6579EACFE68BEBCFF360ECCF26
:10BF4000CD54EDCFAB4EEECF7998EFCFF75DF0CF7C
:10BF5000616AF1CFCF50F2CF1154F3CF618CF4CF9F
:10BF60002784F5CF5D78F6CF0497F7CF4A52F8CF04
:10BF7000EE54F9CFA356FACF0095FBCF886DFCCFD6
:10BF8000B55BFDCFC66DFECF536640D0248841D04F
:10BF9000258842D0268843D0278844D0288845D099
:10BFA000298846D02A8847D02B8848D02C8849D069
:10BFB0002D884AD02E884BD02F884CD030884DD039
:10BFC00031884ED033884FD0348850D0358851D006
:10BFD000368852D0378853D0388854D03A8855D0D4
:10BFE0003B8856D03D8857D03E8858D03F8859D09E
:10BFF00041885AD042885BD043885CD046885DD067
:10C0000047885ED048885FD0498860D04A8861D030
:10C010004B8862D04E8863D04F8864D0508865D0FA
:10C02000518866D0528867D0538868D0558869D0C7
:10C0300056886AD058886BD05A886CD05B886DD08F
:10C040005C886ED05D886FD05E8870D05F8871D05C
:10C05000608872D0668873D0678874D06A8875D01B
:10C060006D8876D06F8877D0718878D0738879D0D2
:10C0700074887AD075887BD076887CD078887DD09B
:10C0800079887ED07A8880D07B8881D07C8882D065
:10C09000808883D0838884D0868885D0878886D01E
:10C0A000898887D08A8888D08C8889D08E888AD0E1
:10C0B0008F888BD090888CD091888DD093888ED0AB
:10C0C00094888FD0958890D0978891D0988892D076
:10C0D000998893D09A8894D09B8895D09D8896D043
:10C0E0009E8897D09F8898D0A08899D0A1889AD010
:10C0F000A3889BD0A5889CD0A6889DD0A7889ED0D9
:10C10000A8889FD0A988A0D0AA88A1D00F5CA2D06F
:10C110005D5BA3D02168A4D09680A5D07855A6D029
:10C12000117BA7D04865A8D05469A9D09B4EAAD04E
:10C13000476BABD04E87ACD08B97ADD04F53AED0C2
:10C140001F63AFD03A64B0D0AA90B1D09C65B2D092
:10C15000C180B3D0108CB4D09951B5D0B068B6D0EE
:10C160007853B7D0F987B8D0C861B9D0C46CBAD009
:10C17000FB6CBBD0228CBCD0515CBDD0AA85BED09C
:10C18000AF82BFD00C95C0D0236BC1D09B8FC2D0E3
:10C19000B065C3D0FB5FC4D0C35FC5D0E14FC6D08C
:10C1A0004588C7D01F66C8D06581C9D02973CAD059
:10C1B000FA60CBD07451CCD01152CDD08B57CED0A9
:10C1C000625FCFD0A290D0D04C88D1D09291D2D003
:10C1D000785ED3D04F67D4D02760D5D0D359D6D08E
:10C1E0004451D7D0F651D8D0F880D9D00853DAD0FE
:10C1F000796CDBD0C496DCD08A71DDD0114FDED0F3
:10C20000EE4FDFD09E7FE0D03D67E1D0C555E2D054
:10C210000895E3D0C079E4D09688E5D0E37EE6D0F7
:10C220009F58E7D00C62E8D00097E9D05A86EAD050
:10C230001856EBD07B98ECD0905FEDD0B88BEED059
:10C24000C484EFD05791F0D0D953F1D0ED65F2D03E
:10C250008F5EF3D05C75F4D06460F5D06E7DF6D05F
:10C260007F5AF7D0EA7EF8D0ED7EF9D0698FFAD008
:10C27000A755FBD0A35BFCD0AC60FDD0CB65FED056
:10C28000847340D1AC8841D1AE8842D1AF8843D1CC
:10C29000B08844D1B28845D1B38846D1B48847D15B
:10C2A000B58848D1B68849D1B8884AD1B9884BD128
:10C2B000BA884CD1BB884DD1BD884ED1BE884FD1F4
:10C2C000BF8850D1C08851D1C38852D1C48853D1BE
:10C2D000C78854D1C88855D1CA8856D1CB8857D180
:10C2E000CC8858D1CD8859D1CF885AD1D0885BD14C
:10C2F000D1885CD1D3885DD1D6885ED1D7885FD113
:10C30000DA8860D1DB8861D1DC8862D1DD8863D1D5
:10C31000DE8864D1E08865D1E18866D1E68867D19E
:10C32000E78868D1E98869D1EA886AD1EB886BD15E
:10C33000EC886CD1ED886DD1EE886ED1EF886FD12D
:10C34000F28870D1F58871D1F68872D1F78873D1EF
:10C35000FA8874D1FB8875D1FD8876D1FF8877D1B2
:10C36000008978D1018979D103897AD104897BD177
:10C3700005897CD106897DD107897ED1088980D144
:10C38000098981D10B8982D10C8983D10D8984D10E
:10C390000E8985D10F8986D1118987D1148988D1D9
:10C3A000158989D116898AD117898BD118898CD1A1
:10C3B0001C898DD11D898ED11E898FD11F8990D165
:10C3C000208991D1228992D1238993D1248994D132
:10C3D000268995D1278996D1288997D1298998D1FD
:10C3E0002C8999D12D899AD12E899BD12F899CD1C5
:10C3F00031899DD132899ED133899FD13589A0D190
:10C400003789A1D10990A2D16376A3D12977A4D18C
:10C41000DA7EA5D17497A6D19B85A7D1665BA8D1FA
:10C42000747AA9D1EA96AAD14088ABD1CB52ACD1CB
:10C430008F71ADD1AA5FAED1EC65AFD1E28BB0D137
:10C44000FB5BB1D16F9AB2D1E15DB3D1896BB4D14D
:10C450005B6CB5D1AD8BB6D1AF8BB7D10A90B8D1EB
:10C46000C58FB9D18B53BAD1BC62BBD1269EBCD18A
:10C470002D9EBDD14054BED12B4EBFD1BD82C0D167
:10C480005972C1D19C86C2D1165DC3D15988C4D11D
:10C49000AF6DC5D1C596C6D1D154C7D19A4EC8D1BA
:10C4A000B68BC9D10971CAD1BD54CBD10996CCD1B3
:10C4B000DF70CDD1F96DCED1D076CFD1254ED0D190
:10C4C0001478D1D11287D2D1A95CD3D1F65ED4D160
:10C4D000008AD5D19C98D6D10E96D7D18E70D8D15E
:10C4E000BF6CD9D14459DAD1A963DBD13C77DCD117
:10C4F0004D88DDD1146FDED17382DFD13058E0D1A9
:10C50000D571E1D18C53E2D11A78E3D1C196E4D14F
:10C510000155E5D1665FE6D13071E7D1B45BE8D172
:10C520001A8CE9D18C9AEAD1836BEBD12E59ECD1DC
:10C530002F9EEDD1E779EED16867EFD16C62F0D133
:10C540006F4FF1D1A175F2D18A7FF3D10B6DF4D188
:10C550003396F5D1276CF6D1F04EF7D1D275F8D1DC
:10C560007B51F9D13768FAD13E6FFBD18090FCD175
:10C570007081FDD19659FED1767440D2388941D26E
:10C58000398942D23A8943D23B8944D23C8945D247
:10C590003D8946D23E8947D23F8948D2408949D217
:10C5A00042894AD243894BD245894CD246894DD2E1
:10C5B00047894ED248894FD2498950D24A8951D2AF
:10C5C0004B8952D24C8953D24D8954D24E8955D27F
:10C5D0004F8956D2508957D2518958D2528959D24F
:10C5E00053895AD254895BD255895CD256895DD21F
:10C5F00057895ED258895FD2598960D25A8961D2EF
:10C600005B8962D25C8963D25D8964D2608965D2BC
:10C61000618966D2628967D2638968D2648969D286
:10C6200065896AD267896BD268896CD269896DD253
:10C630006A896ED26B896FD26C8970D26D8971D222
:10C640006E8972D26F8973D2708974D2718975D2F2
:10C65000728976D2738977D2748978D2758979D2C2
:10C6600076897AD277897BD278897CD279897DD292
:10C670007A897ED27C8980D27D8981D27E8982D25C
:10C68000808983D2828984D2848985D2858986D221
:10C69000878987D2888988D2898989D28A898AD2EA
:10C6A0008B898BD28C898CD28D898DD28E898ED2BA
:10C6B0008F898FD2908990D2918991D2928992D28A
:10C6C000938993D2948994D2958995D2968996D25A
:10C6D000978997D2988998D2998999D29A899AD22A
:10C6E0009B899BD29C899CD29D899DD29E899ED2FA
:10C6F0009F899FD2A089A0D2A189A1D24764A2D24A
:10C70000275CA3D26590A4D2917AA5D2238CA6D21D
:10C71000DA59A7D2AC54A8D20082A9D26F83AAD288
:10C720008189ABD20080ACD23069ADD24E56AED248
:10C730003680AFD23772B0D2CE91B1D2B651B2D22A
:10C740005F4EB3D27598B4D29663B5D21A4EB6D2B4
:10C75000F653B7D2F366B8D24B81B9D21C59BAD2CC
:10C76000B26DBBD2004EBCD2F958BDD23B53BED243
:10C77000D663BFD2F194C0D29D4FC1D20A4FC2D26C
:10C780006388C3D29098C4D23759C5D25790C6D2C5
:10C79000FB79C7D2EA4EC8D2F080C9D29175CAD20D
:10C7A000826CCBD29C5BCCD2E859CDD25D5FCED22D
:10C7B0000569CFD28186D0D21A50D1D2F25DD2D2C1
:10C7C000594ED3D2E377D4D2E54ED5D27A82D6D29F
:10C7D0009162D7D21366D8D29190D9D2795CDAD24D
:10C7E000BF4EDBD2795FDCD2C681DDD23890DED29B
:10C7F0008480DFD2AB75E0D2A64EE1D2D488E2D2FB
:10C800000F61E3D2C56BE4D2C65FE5D2494EE6D2F2
:10C81000CA76E7D2A26EE8D2E38BE9D2AE8BEAD237
:10C820000A8CEBD2D18BECD2025FEDD2FC7FEED240
:10C83000CC7FEFD2CE7EF0D23583F1D26B83F2D2B1
:10C84000E056F3D2B76BF4D2F397F5D23496F6D222
:10C85000FB59F7D21F54F8D2F694F9D2EB6DFAD205
:10C86000C55BFBD26E99FCD2395CFDD2155FFED25E
:10C87000909640D3A28941D3A38942D3A48943D3BC
:10C88000A58944D3A68945D3A78946D3A88947D388
:10C89000A98948D3AA8949D3AB894AD3AC894BD358
:10C8A000AD894CD3AE894DD3AF894ED3B0894FD328
:10C8B000B18950D3B28951D3B38952D3B48953D3F8
:10C8C000B58954D3B68955D3B78956D3B88957D3C8
:10C8D000B98958D3BA8959D3BB895AD3BC895BD398
:10C8E000BD895CD3BE895DD3BF895ED3C0895FD368
:10C8F000C38960D3CD8961D3D38962D3D48963D30B
:10C90000D58964D3D78965D3D88966D3D98967D3C4
:10C91000DB8968D3DD8969D3DF896AD3E0896BD38A
:10C92000E1896CD3E2896DD3E4896ED3E7896FD353
:10C93000E88970D3E98971D3EA8972D3EC8973D31A
:10C94000ED8974D3EE8975D3F08976D3F18977D3E5
:10C95000F28978D3F48979D3F5897AD3F6897BD3B0
:10C96000F7897CD3F8897DD3F9897ED3FA8980D37E
:10C97000FB8981D3FC8982D3FD8983D3FE8984D34B
:10C98000FF8985D3018A86D3028A87D3038A88D315
:10C99000048A89D3058A8AD3068A8BD3088A8CD3E2
:10C9A000098A8DD30A8A8ED30B8A8FD30C8A90D3AF
:10C9B0000D8A91D30E8A92D30F8A93D3108A94D37F
:10C9C000118A95D3128A96D3138A97D3148A98D34F
:10C9D000158A99D3168A9AD3178A9BD3188A9CD31F
:10C9E000198A9DD31A8A9ED31B8A9FD31C8AA0D3EF
:10C9F0001D8AA1D37053A2D3F182A3D3316AA4D3E9
:10CA0000745AA5D3709EA6D3945EA7D3287FA8D3CB
:10CA1000B983A9D32484AAD32584ABD36783ACD3A9
:10CA20004787ADD3CE8FAED3628DAFD3C876B0D3A8
:10CA3000715FB1D39698B2D36C78B3D32066B4D378
:10CA4000DF54B5D3E562B6D3634FB7D3C381B8D350
:10CA5000C875B9D3B85EBAD3CD96BBD30A8EBCD352
:10CA6000F986BDD38F54BED3F36CBFD38C6DC0D3C6
:10CA7000386CC1D37F60C2D3C752C3D32875C4D327
:10CA80007D5EC5D3184FC6D3A060C7D3E75FC8D3B8
:10CA9000245CC9D33175CAD3AE90CBD3C094CCD368
:10CAA000B972CDD3B96CCED3386ECFD34991D0D330
:10CAB0000967D1D3CB53D2D3F353D3D3514FD4D36C
:10CAC000C991D5D3F18BD6D3C853D7D37C5ED8D3F5
:10CAD000C28FD9D3E46DDAD38E4EDBD3C276DCD3EA
:10CAE0008669DDD35E86DED31A61DFD30682E0D3AA
:10CAF000594FE1D3DE4FE2D33E90E3D37C9CE4D3A5
:10CB00000961E5D31D6EE6D3146EE7D38596E8D3AD
:10CB1000884EE9D3315AEAD3E896EBD30E4EECD3E4
:10CB20007F5CEDD3B979EED3875BEFD3ED8BF0D398
:10CB3000BD7FF1D38973F2D3DF57F3D38B82F4D364
:10CB4000C190F5D30154F6D34790F7D3BB55F8D332
:10CB5000EA5CF9D3A15FFAD30861FBD3326BFCD353
:10CB6000F172FDD3B280FED3898A40D41E8A41D4AB
:10CB70001F8A42D4208A43D4218A44D4228A45D4AD
:10CB8000238A46D4248A47D4258A48D4268A49D47D
:10CB9000278A4AD4288A4BD4298A4CD42A8A4DD44D
:10CBA0002B8A4ED42C8A4FD42D8A50D42E8A51D41D
:10CBB0002F8A52D4308A53D4318A54D4328A55D4ED
:10CBC000338A56D4348A57D4358A58D4368A59D4BD
:10CBD000378A5AD4388A5BD4398A5CD43A8A5DD48D
:10CBE0003B8A5ED43C8A5FD43D8A60D43F8A61D45C
:10CBF000408A62D4418A63D4428A64D4438A65D429
:10CC0000448A66D4458A67D4468A68D4478A69D4F8
:10CC1000498A6AD44A8A6BD44B8A6CD44C8A6DD4C4
:10CC20004D8A6ED44E8A6FD44F8A70D4508A71D494
:10CC3000518A72D4528A73D4538A74D4548A75D464
:10CC4000558A76D4568A77D4578A78D4588A79D434
:10CC5000598A7AD45A8A7BD45B8A7CD45C8A7DD404
:10CC60005D8A7ED45E8A80D45F8A81D4608A82D4D1
:10CC7000618A83D4628A84D4638A85D4648A86D4A0
:10CC8000658A87D4668A88D4678A89D4688A8AD470
:10CC9000698A8BD46A8A8CD46B8A8DD46C8A8ED440
:10CCA0006D8A8FD46E8A90D46F8A91D4708A92D410
:10CCB000718A93D4728A94D4738A95D4748A96D4E0
:10CCC000758A97D4768A98D4778A99D4788A9AD4B0
:10CCD0007A8A9BD47B8A9CD47C8A9DD47D8A9ED47C
:10CCE0007E8A9FD47F8AA0D4808AA1D4746DA2D476
:10CCF000D35BA3D4D588A4D48498A5D46B8CA6D4B4
:10CD00006D9AA7D4339EA8D40A6EA9D4A451AAD4EC
:10CD10004351ABD4A357ACD48188ADD49F53AED488
:10CD2000F463AFD4958FB0D4ED56B1D45854B2D487
:10CD30000657B3D43F73B4D4906EB5D4187FB6D42D
:10CD4000DC8FB7D4D182B8D43F61B9D42860BAD4CB
:10CD50006296BBD4F066BCD4A67EBDD48A8DBED408
:10CD6000C38DBFD4A594C0D4B35CC1D4A47CC2D4B9
:10CD70000867C3D4A660C4D40596C5D41880C6D4A9
:10CD8000914EC7D4E790C8D40053C9D46896CAD48A
:10CD90004151CBD4D08FCCD47485CDD45D91CED439
:10CDA0005566CFD4F597D0D4555BD1D41D53D2D48A
:10CDB0003878D3D44267D4D43D68D5D4C954D6D4B6
:10CDC0007E70D7D4B05BD8D47D8FD9D48D51DAD4CE
:10CDD0002857DBD4B154DCD41265DDD48266DED4AE
:10CDE0005E8DDFD4438DE0D40F81E1D46C84E2D436
:10CDF0006D90E3D4DF7CE4D4FF51E5D4FB85E6D429
:10CE0000A367E7D4E965E8D4A16FE9D4A486EAD49E
:10CE1000818EEBD46A56ECD42090EDD48276EED499
:10CE20007670EFD4E571F0D4238DF1D4E962F2D4B9
:10CE30001952F3D4FD6CF4D43C8DF5D40E60F6D4C5
:10CE40009E58F7D48E61F8D4FE66F9D4608DFAD47A
:10CE50004E62FBD4B355FCD4236EFDD42D67FED4B3
:10CE6000678F40D5818A41D5828A42D5838A43D54E
:10CE7000848A44D5858A45D5868A46D5878A47D50A
:10CE8000888A48D58B8A49D58C8A4AD58D8A4BD5D4
:10CE90008E8A4CD58F8A4DD5908A4ED5918A4FD5A2
:10CEA000928A50D5948A51D5958A52D5968A53D56F
:10CEB000978A54D5988A55D5998A56D59A8A57D53E
:10CEC0009B8A58D59C8A59D59D8A5AD59E8A5BD50E
:10CED0009F8A5CD5A08A5DD5A18A5ED5A28A5FD5DE
:10CEE000A38A60D5A48A61D5A58A62D5A68A63D5AE
:10CEF000A78A64D5A88A65D5A98A66D5AA8A67D57E
:10CF0000AB8A68D5AC8A69D5AD8A6AD5AE8A6BD54D
:10CF1000AF8A6CD5B08A6DD5B18A6ED5B28A6FD51D
:10CF2000B38A70D5B48A71D5B58A72D5B68A73D5ED
:10CF3000B78A74D5B88A75D5B98A76D5BA8A77D5BD
:10CF4000BB8A78D5BC8A79D5BD8A7AD5BE8A7BD58D
:10CF5000BF8A7CD5C08A7DD5C18A7ED5C28A80D55C
:10CF6000C38A81D5C48A82D5C58A83D5C68A84D529
:10CF7000C78A85D5C88A86D5C98A87D5CA8A88D5F9
:10CF8000CB8A89D5CC8A8AD5CD8A8BD5CE8A8CD5C9
:10CF9000CF8A8DD5D08A8ED5D18A8FD5D28A90D599
:10CFA000D38A91D5D48A92D5D58A93D5D68A94D569
:10CFB000D78A95D5D88A96D5D98A97D5DA8A98D539
:10CFC000DB8A99D5DC8A9AD5DD8A9BD5DE8A9CD509
:10CFD000DF8A9DD5E08A9ED5E18A9FD5E28AA0D5D9
:10CFE000E38AA1D5E194A2D5F895A3D52877A4D555
:10CFF0000568A5D5A869A6D58B54A7D54D4EA8D54B
:10D00000B870A9D5C88BAAD55864ABD58B65ACD5FB
:10D01000855BADD5847AAED53A50AFD5E85BB0D557
:10D02000BB77B1D5E16BB2D5798AB3D5987CB4D54D
:10D03000BE6CB5D5CF76B6D5A965B7D5978FB8D51F
:10D040002D5DB9D5555CBAD53886BBD50868BCD539
:10D050006053BDD51862BED5D97ABFD55B6EC0D539
:10D06000FD7EC1D51F6AC2D5E07AC3D5705FC4D535
:10D07000336FC5D5205FC6D58C63C7D5A86DC8D51D
:10D080005667C9D5084ECAD5105ECBD5268DCCD5EE
:10D09000D74ECDD5C080CED53476CFD59C96D0D5C1
:10D0A000DB62D1D52D66D2D57E62D3D5BC6CD4D50A
:10D0B000758DD5D56771D6D5697FD7D54651D8D569
:10D0C0008780D9D5EC53DAD56E90DBD59862DCD564
:10D0D000F254DDD5F086DED5998FDFD50580E0D519
:10D0E0001795E1D51785E2D5D98FE3D5596DE4D5EC
:10D0F000CD73E5D59F65E6D51F77E7D50475E8D5EF
:10D100002778E9D5FB81EAD51E8DEBD58894ECD53F
:10D11000A64FEDD59567EED5B975EFD5CA8BF0D58D
:10D120000797F1D52F63F2D54795F3D53596F4D50A
:10D13000B884F5D52363F6D54177F7D5815FF8D567
:10D14000F072F9D5894EFAD51460FBD57465FCD51B
:10D15000EF62FDD5636BFED53F6540D6E48A41D6CC
:10D16000E58A42D6E68A43D6E78A44D6E88A45D697
:10D17000E98A46D6EA8A47D6EB8A48D6EC8A49D667
:10D18000ED8A4AD6EE8A4BD6EF8A4CD6F08A4DD637
:10D19000F18A4ED6F28A4FD6F38A50D6F48A51D607
:10D1A000F58A52D6F68A53D6F78A54D6F88A55D6D7
:10D1B000F98A56D6FA8A57D6FB8A58D6FC8A59D6A7
:10D1C000FD8A5AD6FE8A5BD6FF8A5CD6008B5DD676
:10D1D000018B5ED6028B5FD6038B60D6048B61D643
:10D1E000058B62D6068B63D6088B64D6098B65D611
:10D1F0000A8B66D60B8B67D60C8B68D60D8B69D6DF
:10D200000E8B6AD60F8B6BD6108B6CD6118B6DD6AE
:10D21000128B6ED6138B6FD6148B70D6158B71D67E
:10D22000168B72D6178B73D6188B74D6198B75D64E
:10D230001A8B76D61B8B77D61C8B78D61D8B79D61E
:10D240001E8B7AD61F8B7BD6208B7CD6218B7DD6EE
:10D25000228B7ED6238B80D6248B81D6258B82D6BB
:10D26000278B83D6288B84D6298B85D62A8B86D686
:10D270002B8B87D62C8B88D62D8B89D62E8B8AD656
:10D280002F8B8BD6308B8CD6318B8DD6328B8ED626
:10D29000338B8FD6348B90D6358B91D6368B92D6F6
:10D2A000378B93D6388B94D6398B95D63A8B96D6C6
:10D2B0003B8B97D63C8B98D63D8B99D63E8B9AD696
:10D2C0003F8B9BD6408B9CD6418B9DD6428B9ED666
:10D2D000438B9FD6448BA0D6458BA1D6275EA2D682
:10D2E000C775A3D6D190A4D6C18BA5D69D82A6D64C
:10D2F0009D67A7D62F65A8D63154A9D61887AAD678
:10D30000E577ABD6A280ACD60281ADD6416CAED665
:10D310004B4EAFD6C77EB0D64C80B1D6F476B2D6DF
:10D320000D69B3D6966BB4D66762B5D63C50B6D607
:10D33000844FB7D64057B8D60763B9D6626BBAD612
:10D34000BE8DBBD6EA53BCD6E865BDD6B87EBED688
:10D35000D75FBFD61A63C0D6B763C1D6F381C2D632
:10D36000F481C3D66E7FC4D61C5EC5D6D95CC6D642
:10D370003652C7D67A66C8D6E979C9D61A7ACAD6D5
:10D38000288DCBD69970CCD6D475CDD6DE6ECED6C0
:10D39000BB6CCFD6927AD0D62D4ED1D6C576D2D60A
:10D3A000E05FD3D69F94D4D67788D5D6C87ED6D61C
:10D3B000CD79D7D6BF80D8D6CD91D9D6F24EDAD690
:10D3C000174FDBD61F82DCD66854DDD6DE5DDED695
:10D3D000326DDFD6CC8BE0D6A57CE1D6748FE2D659
:10D3E0009880E3D61A5EE4D69254E5D6B176E6D6B6
:10D3F000995BE7D63C66E8D6A49AE9D6E073EAD60C
:10D400002A68EBD6DB86ECD63167EDD62A73EED6EA
:10D41000F88BEFD6DB8BF0D61090F1D6F97AF2D6F6
:10D42000DB70F3D66E71F4D6C462F5D6A977F6D662
:10D430003156F7D63B4EF8D65784F9D6F167FAD66F
:10D44000A952FBD6C086FCD62E8DFDD6F894FED60A
:10D45000517B40D7468B41D7478B42D7488B43D728
:10D46000498B44D74A8B45D74B8B46D74C8B47D7F4
:10D470004D8B48D74E8B49D74F8B4AD7508B4BD7C4
:10D48000518B4CD7528B4DD7538B4ED7548B4FD794
:10D49000558B50D7568B51D7578B52D7588B53D764
:10D4A000598B54D75A8B55D75B8B56D75C8B57D734
:10D4B0005D8B58D75E8B59D75F8B5AD7608B5BD704
:10D4C000618B5CD7628B5DD7638B5ED7648B5FD7D4
:10D4D000658B60D7678B61D7688B62D7698B63D7A1
:10D4E0006A8B64D76B8B65D76D8B66D76E8B67D76E
:10D4F0006F8B68D7708B69D7718B6AD7728B6BD73C
:10D50000738B6CD7748B6DD7758B6ED7768B6FD70B
:10D51000778B70D7788B71D7798B72D77A8B73D7DB
:10D520007B8B74D77C8B75D77D8B76D77E8B77D7AB
:10D530007F8B78D7808B79D7818B7AD7828B7BD77B
:10D54000838B7CD7848B7DD7858B7ED7868B80D74A
:10D55000878B81D7888B82D7898B83D78A8B84D717
:10D560008B8B85D78C8B86D78D8B87D78E8B88D7E7
:10D570008F8B89D7908B8AD7918B8BD7928B8CD7B7
:10D58000938B8DD7948B8ED7958B8FD7968B90D787
:10D59000978B91D7988B92D7998B93D79A8B94D757
:10D5A0009B8B95D79C8B96D79D8B97D79E8B98D727
:10D5B0009F8B99D7AC8B9AD7B18B9BD7BB8B9CD7C2
:10D5C000C78B9DD7D08B9ED7EA8B9FD7098CA0D7CE
:10D5D0001E8CA1D74F4FA2D7E86CA3D75D79A4D7F3
:10D5E0007B9AA5D79362A6D72A72A7D7FD62A8D740
:10D5F000134EA9D71678AAD76C8FABD7B064ACD727
:10D600005A8DADD7C67BAED76968AFD7845EB0D729
:10D61000C588B1D78659B2D79E64B3D7EE58B4D770
:10D62000B672B5D70E69B6D72595B7D7FD8FB8D7DF
:10D63000588DB9D76057BAD7007FBBD7068CBCD7F7
:10D64000C651BDD74963BED7D962BFD75353C0D7E0
:10D650004C68C1D72274C2D70183C3D74C91C4D7B9
:10D660004455C5D74077C6D77C70C7D74A6DC8D751
:10D670007951C9D7A854CAD7448DCBD7FF59CCD735
:10D68000CB6ECDD7C46DCED75C5BCFD72B7DD0D73B
:10D69000D44ED1D77D7CD2D7D36ED3D7505BD4D7DD
:10D6A000EA81D5D70D6ED6D7575BD7D7039BD8D78E
:10D6B000D568D9D72A8EDAD7975BDBD7FC7EDCD743
:10D6C0003B60DDD7B57EDED7B990DFD7708DE0D770
:10D6D0004F59E1D7CD63E2D7DF79E3D7B38DE4D7F4
:10D6E0005253E5D7CF65E6D75679E7D7C58BE8D74C
:10D6F0003B96E9D7C47EEAD7BB94EBD7827EECD7C2
:10D700003456EDD78991EED70067EFD76A7FF0D70F
:10D710000A5CF1D77590F2D72866F3D7E65DF4D7A7
:10D72000504FF5D7DE67F6D75A50F7D75C4FF8D78A
:10D730005057F9D7A75E40D8388C41D8398C42D899
:10D740003A8C43D83B8C44D83C8C45D83D8C46D849
:10D750003E8C47D83F8C48D8408C49D8428C4AD818
:10D76000438C4BD8448C4CD8458C4DD8488C4ED8E3
:10D770004A8C4FD84B8C50D84D8C51D84E8C52D8A7
:10D780004F8C53D8508C54D8518C55D8528C56D875
:10D79000538C57D8548C58D8568C59D8578C5AD843
:10D7A000588C5BD8598C5CD85B8C5DD85C8C5ED80F
:10D7B0005D8C5FD85E8C60D85F8C61D8608C62D8DD
:10D7C000638C63D8648C64D8658C65D8668C66D8A5
:10D7D000678C67D8688C68D8698C69D86C8C6AD873
:10D7E0006D8C6BD86E8C6CD86F8C6DD8708C6ED83D
:10D7F000718C6FD8728C70D8748C71D8758C72D80B
:10D80000768C73D8778C74D87B8C75D87C8C76D8D2
:10D810007D8C77D87E8C78D87F8C79D8808C7AD89C
:10D82000818C7BD8838C7CD8848C7DD8868C7ED868
:10D83000878C80D8888C81D88B8C82D88D8C83D82B
:10D840008E8C84D88F8C85D8908C86D8918C87D8F4
:10D85000928C88D8938C89D8958C8AD8968C8BD8C2
:10D86000978C8CD8998C8DD89A8C8ED89B8C8FD88D
:10D870009C8C90D89D8C91D89E8C92D89F8C93D85C
:10D88000A08C94D8A18C95D8A28C96D8A38C97D82C
:10D89000A48C98D8A58C99D8A68C9AD8A78C9BD8FC
:10D8A000A88C9CD8A98C9DD8AA8C9ED8AB8C9FD8CC
:10D8B000AC8CA0D8AD8CA1D88D4EA2D80C4EA3D8DC
:10D8C0004051A4D8104EA5D8FF5EA6D84553A7D87E
:10D8D000154EA8D8984EA9D81E4EAAD8329BABD8C0
:10D8E0006C5BACD86956ADD8284EAED8BA79AFD8F3
:10D8F0003F4EB0D81553B1D8474EB2D82D59B3D8F2
:10D900003B72B4D86E53B5D8106CB6D8DF56B7D8C2
:10D91000E480B8D89799B9D8D36BBAD87E77BBD8FA
:10D92000179FBCD8364EBDD89F4EBED8109FBFD8CB
:10D930005C4EC0D8694EC1D8934EC2D88882C3D835
:10D940005B5BC4D86C55C5D80F56C6D8C44EC7D873
:10D950008D53C8D89D53C9D8A353CAD8A553CBD883
:10D96000AE53CCD86597CDD85D8DCED81A53CFD8CD
:10D97000F553D0D82653D1D82E53D2D83E53D3D82E
:10D980005C8DD4D86653D5D86353D6D80252D7D835
:10D990000852D8D80E52D9D82D52DAD83352DBD803
:10D9A0003F52DCD84052DDD84C52DED85E52DFD830
:10D9B0006152E0D85C52E1D8AF84E2D87D52E3D81E
:10D9C0008252E4D88152E5D89052E6D89352E7D8F3
:10D9D0008251E8D8547FE9D8BB4EEAD8C34EEBD881
:10D9E000C94EECD8C24EEDD8E84EEED8E14EEFD895
:10D9F000EB4EF0D8DE4EF1D81B4FF2D8F34EF3D8F1
:10DA0000224FF4D8644FF5D8F54EF6D8254FF7D805
:10DA1000274FF8D8094FF9D82B4FFAD85E4FFBD8CB
:10DA2000674FFCD83865FDD85A4FFED85D4F40D9B6
:10DA3000AE8C41D9AF8C42D9B08C43D9B18C44D98A
:10DA4000B28C45D9B38C46D9B48C47D9B58C48D95A
:10DA5000B68C49D9B78C4AD9B88C4BD9B98C4CD92A
:10DA6000BA8C4DD9BB8C4ED9BC8C4FD9BD8C50D9FA
:10DA7000BE8C51D9BF8C52D9C08C53D9C18C54D9CA
:10DA8000C28C55D9C38C56D9C48C57D9C58C58D99A
:10DA9000C68C59D9C78C5AD9C88C5BD9C98C5CD96A
:10DAA000CA8C5DD9CB8C5ED9CC8C5FD9CD8C60D93A
:10DAB000CE8C61D9CF8C62D9D08C63D9D18C64D90A
:10DAC000D28C65D9D38C66D9D48C67D9D58C68D9DA
:10DAD000D68C69D9D78C6AD9D88C6BD9D98C6CD9AA
:10DAE000DA8C6DD9DB8C6ED9DC8C6FD9DD8C70D97A
:10DAF000DE8C71D9DF8C72D9E08C73D9E18C74D94A
:10DB0000E28C75D9E38C76D9E48C77D9E58C78D919
:10DB1000E68C79D9E78C7AD9E88C7BD9E98C7CD9E9
:10DB2000EA8C7DD9EB8C7ED9EC8C80D9ED8C81D9B7
:10DB3000EE8C82D9EF8C83D9F08C84D9F18C85D985
:10DB4000F28C86D9F38C87D9F48C88D9F58C89D955
:10DB5000F68C8AD9F78C8BD9F88C8CD9F98C8DD925
:10DB6000FA8C8ED9FB8C8FD9FC8C90D9FD8C91D9F5
:10DB7000FE8C92D9FF8C93D9008D94D9018D95D9C3
:10DB8000028D96D9038D97D9048D98D9058D99D991
:10DB9000068D9AD9078D9BD9088D9CD9098D9DD961
:10DBA0000A8D9ED90B8D9FD90C8DA0D90D8DA1D931
:10DBB0005F4FA2D9574FA3D9324FA4D93D4FA5D912
:10DBC000764FA6D9744FA7D9914FA8D9894FA9D913
:10DBD000834FAAD98F4FABD97E4FACD97B4FADD9EC
:10DBE000AA4FAED97C4FAFD9AC4FB0D9944FB1D971
:10DBF000E64FB2D9E84FB3D9EA4FB4D9C54FB5D93A
:10DC0000DA4FB6D9E34FB7D9DC4FB8D9D14FB9D92C
:10DC1000DF4FBAD9F84FBBD92950BCD94C50BDD928
:10DC2000F34FBED92C50BFD90F50C0D92E50C1D9F7
:10DC30002D50C2D9FE4FC3D91C50C4D90C50C5D9E0
:10DC40002550C6D92850C7D97E50C8D94350C9D904
:10DC50005550CAD94850CBD94E50CCD96C50CDD99B
:10DC60007B50CED9A550CFD9A750D0D9A950D1D962
:10DC7000BA50D2D9D650D3D90651D4D9ED50D5D92E
:10DC8000EC50D6D9E650D7D9EE50D8D90751D9D9CA
:10DC90000B51DAD9DD4EDBD93D6CDCD9584FDDD9DB
:10DCA000654FDED9CE4FDFD9A09FE0D9466CE1D9D0
:10DCB000747CE2D96E51E3D9FD5DE4D9C99EE5D902
:10DCC0009899E6D98151E7D91459E8D9F952E9D997
:10DCD0000D53EAD9078AEBD91053ECD9EB51EDD9A2
:10DCE0001959EED95551EFD9A04EF0D95651F1D965
:10DCF000B34EF2D96E88F3D9A488F4D9B54EF5D9CC
:10DD00001481F6D9D288F7D98079F8D9345BF9D95A
:10DD10000388FAD9B87FFBD9AB51FCD9B151FDD9F1
:10DD2000BD51FED9BC5140DA0E8D41DA0F8D42DA79
:10DD3000108D43DA118D44DA128D45DA138D46DAEF
:10DD4000148D47DA158D48DA168D49DA178D4ADABF
:10DD5000188D4BDA198D4CDA1A8D4DDA1B8D4EDA8F
:10DD60001C8D4FDA208D50DA518D51DA528D52DAF6
:10DD7000578D53DA5F8D54DA658D55DA688D56DA32
:10DD8000698D57DA6A8D58DA6C8D59DA6E8D5ADAE8
:10DD90006F8D5BDA718D5CDA728D5DDA788D5EDAAB
:10DDA000798D5FDA7A8D60DA7B8D61DA7C8D62DA6B
:10DDB0007D8D63DA7E8D64DA7F8D65DA808D66DA3B
:10DDC000828D67DA838D68DA868D69DA878D6ADA03
:10DDD000888D6BDA898D6CDA8C8D6DDA8D8D6EDACB
:10DDE0008E8D6FDA8F8D70DA908D71DA928D72DA96
:10DDF000938D73DA958D74DA968D75DA978D76DA60
:10DE0000988D77DA998D78DA9A8D79DA9B8D7ADA2E
:10DE10009C8D7BDA9D8D7CDA9E8D7DDAA08D7EDAFD
:10DE2000A18D80DAA28D81DAA48D82DAA58D83DAC4
:10DE3000A68D84DAA78D85DAA88D86DAA98D87DA92
:10DE4000AA8D88DAAB8D89DAAC8D8ADAAD8D8BDA62
:10DE5000AE8D8CDAAF8D8DDAB08D8EDAB28D8FDA31
:10DE6000B68D90DAB78D91DAB98D92DABB8D93DAEF
:10DE7000BD8D94DAC08D95DAC18D96DAC28D97DAB0
:10DE8000C58D98DAC78D99DAC88D9ADAC98D9BDA73
:10DE9000CA8D9CDACD8D9DDAD08D9EDAD28D9FDA37
:10DEA000D38DA0DAD48DA1DAC751A2DA9651A3DAC4
:10DEB000A251A4DAA551A5DAA08BA6DAA68BA7DA1F
:10DEC000A78BA8DAAA8BA9DAB48BAADAB58BABDA5E
:10DED000B78BACDAC28BADDAC38BAEDACB8BAFDAF1
:10DEE000CF8BB0DACE8BB1DAD28BB2DAD38BB3DA96
:10DEF000D48BB4DAD68BB5DAD88BB6DAD98BB7DA5D
:10DF0000DC8BB8DADF8BB9DAE08BBADAE48BBBDA18
:10DF1000E88BBCDAE98BBDDAEE8BBEDAF08BBFDAC8
:10DF2000F38BC0DAF68BC1DAF98BC2DAFC8BC3DA79
:10DF3000FF8BC4DA008CC5DA028CC6DA048CC7DA2F
:10DF4000078CC8DA0C8CC9DA0F8CCADA118CCBDAE0
:10DF5000128CCCDA148CCDDA158CCEDA168CCFDAA2
:10DF6000198CD0DA1B8CD1DA188CD2DA1D8CD3DA6A
:10DF70001F8CD4DA208CD5DA218CD6DA258CD7DA2E
:10DF8000278CD8DA2A8CD9DA2B8CDADA2E8CDBDAE9
:10DF90002F8CDCDA328CDDDA338CDEDA358CDFDAAA
:10DFA000368CE0DA6953E1DA7A53E2DA1D96E3DA85
:10DFB0002296E4DA2196E5DA3196E6DA2A96E7DA6D
:10DFC0003D96E8DA3C96E9DA4296EADA4996EBDAE7
:10DFD0005496ECDA5F96EDDA6796EEDA6C96EFDA45
:10DFE0007296F0DA7496F1DA8896F2DA8D96F3DAB0
:10DFF0009796F4DAB096F5DA9790F6DA9B90F7DA1E
:10E000009D90F8DA9990F9DAAC90FADAA190FBDAFF
:10E01000B490FCDAB390FDDAB690FEDABA9040DB49
:10E02000D58D41DBD88D42DBD98D43DBDC8D44DBE4
:10E03000E08D45DBE18D46DBE28D47DBE58D48DB9E
:10E04000E68D49DBE78D4ADBE98D4BDBED8D4CDB63
:10E05000EE8D4DDBF08D4EDBF18D4FDBF28D50DB25
:10E06000F48D51DBF68D52DBFC8D53DBFE8D54DBE2
:10E07000FF8D55DB008E56DB018E57DB028E58DBA1
:10E08000038E59DB048E5ADB068E5BDB078E5CDB6E
:10E09000088E5DDB0B8E5EDB0D8E5FDB0E8E60DB34
:10E0A000108E61DB118E62DB128E63DB138E64DBFC
:10E0B000158E65DB168E66DB178E67DB188E68DBC8
:10E0C000198E69DB1A8E6ADB1B8E6BDB1C8E6CDB98
:10E0D000208E6DDB218E6EDB248E6FDB258E70DB58
:10E0E000268E71DB278E72DB288E73DB2B8E74DB22
:10E0F0002D8E75DB308E76DB328E77DB338E78DBE0
:10E10000348E79DB368E7ADB378E7BDB388E7CDBA8
:10E110003B8E7DDB3C8E7EDB3E8E80DB3F8E81DB6B
:10E12000438E82DB458E83DB468E84DB4C8E85DB23
:10E130004D8E86DB4E8E87DB4F8E88DB508E89DBE3
:10E14000538E8ADB548E8BDB558E8CDB568E8DDBAB
:10E15000578E8EDB588E8FDB5A8E90DB5B8E91DB79
:10E160005C8E92DB5D8E93DB5E8E94DB5F8E95DB47
:10E17000608E96DB618E97DB628E98DB638E99DB17
:10E18000648E9ADB658E9BDB678E9CDB688E9DDBE5
:10E190006A8E9EDB6B8E9FDB6E8EA0DB718EA1DBA9
:10E1A000B890A2DBB090A3DBCF90A4DBC590A5DB39
:10E1B000BE90A6DBD090A7DBC490A8DBC790A9DBFC
:10E1C000D390AADBE690ABDBE290ACDBDC90ADDB7E
:10E1D000D790AEDBDB90AFDBEB90B0DBEF90B1DB49
:10E1E000FE90B2DB0491B3DB2291B4DB1E91B5DB70
:10E1F0002391B6DB3191B7DB2F91B8DB3991B9DBD5
:10E200004391BADB4691BBDB0D52BCDB4259BDDB0F
:10E21000A252BEDBAC52BFDBAD52C0DBBE52C1DB93
:10E22000FF54C2DBD052C3DBD652C4DBF052C5DB95
:10E23000DF53C6DBEE71C7DBCD77C8DBF45EC9DB2D
:10E24000F551CADBFC51CBDB2F9BCCDBB653CDDBCE
:10E25000015FCEDB5A75CFDBEF5DD0DB4C57D1DBF6
:10E26000A957D2DBA157D3DB7E58D4DBBC58D5DB12
:10E27000C558D6DBD158D7DB2957D8DB2C57D9DB8B
:10E280002A57DADB3357DBDB3957DCDB2E57DDDB94
:10E290002F57DEDB5C57DFDB3B57E0DB4257E1DB30
:10E2A0006957E2DB8557E3DB6B57E4DB8657E5DB39
:10E2B0007C57E6DB7B57E7DB6857E8DB6D57E9DB2C
:10E2C0007657EADB7357EBDBAD57ECDBA457EDDB9E
:10E2D0008C57EEDBB257EFDBCF57F0DBA757F1DB04
:10E2E000B457F2DB9357F3DBA057F4DBD557F5DBDC
:10E2F000D857F6DBDA57F7DBD957F8DBD257F9DB1B
:10E30000B857FADBF457FBDBEF57FCDBF857FDDBC4
:10E31000E457FEDBDD5740DC738E41DC758E42DC5A
:10E32000778E43DC788E44DC798E45DC7A8E46DC51
:10E330007B8E47DC7D8E48DC7E8E49DC808E4ADC1D
:10E34000828E4BDC838E4CDC848E4DDC868E4EDCE4
:10E35000888E4FDC898E50DC8A8E51DC8B8E52DCAD
:10E360008C8E53DC8D8E54DC8E8E55DC918E56DC7B
:10E37000928E57DC938E58DC958E59DC968E5ADC43
:10E38000978E5BDC988E5CDC998E5DDC9A8E5EDC11
:10E390009B8E5FDC9D8E60DC9F8E61DCA08E62DCDC
:10E3A000A18E63DCA28E64DCA38E65DCA48E66DCA9
:10E3B000A58E67DCA68E68DCA78E69DCA88E6ADC79
:10E3C000A98E6BDCAA8E6CDCAD8E6DDCAE8E6EDC45
:10E3D000B08E6FDCB18E70DCB38E71DCB48E72DC0B
:10E3E000B58E73DCB68E74DCB78E75DCB88E76DCD9
:10E3F000B98E77DCBB8E78DCBC8E79DCBD8E7ADCA6
:10E40000BE8E7BDCBF8E7CDCC08E7DDCC18E7EDC74
:10E41000C28E80DCC38E81DCC48E82DCC58E83DC40
:10E42000C68E84DCC78E85DCC88E86DCC98E87DC10
:10E43000CA8E88DCCB8E89DCCC8E8ADCCD8E8BDCE0
:10E44000CF8E8CDCD08E8DDCD18E8EDCD28E8FDCAC
:10E45000D38E90DCD48E91DCD58E92DCD68E93DC7C
:10E46000D78E94DCD88E95DCD98E96DCDA8E97DC4C
:10E47000DB8E98DCDC8E99DCDD8E9ADCDE8E9BDC1C
:10E48000DF8E9CDCE08E9DDCE18E9EDCE28E9FDCEC
:10E49000E38EA0DCE48EA1DC0B58A2DC0D58A3DCDB
:10E4A000FD57A4DCED57A5DC0058A6DC1E58A7DC00
:10E4B0001958A8DC4458A9DC2058AADC6558ABDC04
:10E4C0006C58ACDC8158ADDC8958AEDC9A58AFDCB6
:10E4D0008058B0DCA899B1DC199FB2DCFF61B3DCD5
:10E4E0007982B4DC7D82B5DC7F82B6DC8F82B7DCDA
:10E4F0008A82B8DCA882B9DC8482BADC8E82BBDC7A
:10E500009182BCDC9782BDDC9982BEDCAB82BFDC31
:10E51000B882C0DCBE82C1DCB082C2DCC882C3DC8F
:10E52000CA82C4DCE382C5DC9882C6DCB782C7DC61
:10E53000AE82C8DCCB82C9DCCC82CADCC182CBDC37
:10E54000A982CCDCB482CDDCA182CEDCAA82CFDC75
:10E550009F82D0DCC482D1DCCE82D2DCA482D3DC28
:10E56000E182D4DC0983D5DCF782D6DCE482D7DC17
:10E570000F83D8DC0783D9DCDC82DADCF482DBDCD5
:10E58000D282DCDCD882DDDC0C83DEDCFB82DFDCEB
:10E59000D382E0DC1183E1DC1A83E2DC0683E3DC76
:10E5A0001483E4DC1583E5DCE082E6DCD582E7DC7D
:10E5B0001C83E8DC5183E9DC5B83EADC5C83EBDC15
:10E5C0000883ECDC9283EDDC3C83EEDC3483EFDC0F
:10E5D0003183F0DC9B83F1DC5E83F2DC2F83F3DCA0
:10E5E0004F83F4DC4783F5DC4383F6DC5F83F7DCA1
:10E5F0004083F8DC1783F9DC6083FADC2D83FBDCD5
:10E600003A83FCDC3383FDDC6683FEDC658340DD1E
:10E61000E58E41DDE68E42DDE78E43DDE88E44DDAA
:10E62000E98E45DDEA8E46DDEB8E47DDEC8E48DD7A
:10E63000ED8E49DDEE8E4ADDEF8E4BDDF08E4CDD4A
:10E64000F18E4DDDF28E4EDDF38E4FDDF48E50DD1A
:10E65000F58E51DDF68E52DDF78E53DDF88E54DDEA
:10E66000F98E55DDFA8E56DDFB8E57DDFC8E58DDBA
:10E67000FD8E59DDFE8E5ADDFF8E5BDD008F5CDD89
:10E68000018F5DDD028F5EDD038F5FDD048F60DD56
:10E69000058F61DD068F62DD078F63DD088F64DD26
:10E6A000098F65DD0A8F66DD0B8F67DD0C8F68DDF6
:10E6B0000D8F69DD0E8F6ADD0F8F6BDD108F6CDDC6
:10E6C000118F6DDD128F6EDD138F6FDD148F70DD96
:10E6D000158F71DD168F72DD178F73DD188F74DD66
:10E6E000198F75DD1A8F76DD1B8F77DD1C8F78DD36
:10E6F0001D8F79DD1E8F7ADD1F8F7BDD208F7CDD06
:10E70000218F7DDD228F7EDD238F80DD248F81DDD3
:10E71000258F82DD268F83DD278F84DD288F85DDA1
:10E72000298F86DD2A8F87DD2B8F88DD2C8F89DD71
:10E730002D8F8ADD2E8F8BDD2F8F8CDD308F8DDD41
:10E74000318F8EDD328F8FDD338F90DD348F91DD11
:10E75000358F92DD368F93DD378F94DD388F95DDE1
:10E76000398F96DD3A8F97DD3B8F98DD3C8F99DDB1
:10E770003D8F9ADD3E8F9BDD3F8F9CDD408F9DDD81
:10E78000418F9EDD428F9FDD438FA0DD448FA1DD51
:10E790006883A2DD1B83A3DD6983A4DD6C83A5DD13
:10E7A0006A83A6DD6D83A7DD6E83A8DDB083A9DD56
:10E7B0007883AADDB383ABDDB483ACDDA083ADDDAC
:10E7C000AA83AEDD9383AFDD9C83B0DD8583B1DDAD
:10E7D0007C83B2DDB683B3DDA983B4DD7D83B5DD93
:10E7E000B883B6DD7B83B7DD9883B8DD9E83B9DD62
:10E7F000A883BADDBA83BBDDBC83BCDDC183BDDDCC
:10E800000184BEDDE583BFDDD883C0DD0758C1DDEF
:10E810001884C2DD0B84C3DDDD83C4DDFD83C5DD6B
:10E82000D683C6DD1C84C7DD3884C8DD1184C9DD0C
:10E830000684CADDD483CBDDDF83CCDD0F84CDDD60
:10E840000384CEDDF883CFDDF983D0DDEA83D1DD2B
:10E85000C583D2DDC083D3DD2684D4DDF083D5DD4E
:10E86000E183D6DD5C84D7DD5184D8DD5A84D9DDDF
:10E870005984DADD7384DBDD8784DCDD8884DDDDCB
:10E880007A84DEDD8984DFDD7884E0DD3C84E1DDCF
:10E890004684E2DD6984E3DD7684E4DD8C84E5DDB5
:10E8A0008E84E6DD3184E7DD6D84E8DDC184E9DD59
:10E8B000CD84EADDD084EBDDE684ECDDBD84EDDDE6
:10E8C000D384EEDDCA84EFDDBF84F0DDBA84F1DDF0
:10E8D000E084F2DDA184F3DDB984F4DDB484F5DDF8
:10E8E0009784F6DDE584F7DDE384F8DD0C85F9DD5A
:10E8F0000D75FADD3885FBDDF084FCDD3985FDDD45
:10E900001F85FEDD3A8540DE458F41DE468F42DEC3
:10E91000478F43DE488F44DE498F45DE4A8F46DE0F
:10E920004B8F47DE4C8F48DE4D8F49DE4E8F4ADEDF
:10E930004F8F4BDE508F4CDE518F4DDE528F4EDEAF
:10E94000538F4FDE548F50DE558F51DE568F52DE7F
:10E95000578F53DE588F54DE598F55DE5A8F56DE4F
:10E960005B8F57DE5C8F58DE5D8F59DE5E8F5ADE1F
:10E970005F8F5BDE608F5CDE618F5DDE628F5EDEEF
:10E98000638F5FDE648F60DE658F61DE6A8F62DEBB
:10E99000808F63DE8C8F64DE928F65DE9D8F66DEF6
:10E9A000A08F67DEA18F68DEA28F69DEA48F6ADE8A
:10E9B000A58F6BDEA68F6CDEA78F6DDEAA8F6EDE55
:10E9C000AC8F6FDEAD8F70DEAE8F71DEAF8F72DE1B
:10E9D000B28F73DEB38F74DEB48F75DEB58F76DEE3
:10E9E000B78F77DEB88F78DEBA8F79DEBB8F7ADEAD
:10E9F000BC8F7BDEBF8F7CDEC08F7DDEC38F7EDE73
:10EA0000C68F80DEC98F81DECA8F82DECB8F83DE28
:10EA1000CC8F84DECD8F85DECF8F86DED28F87DEF2
:10EA2000D68F88DED78F89DEDA8F8ADEE08F8BDEA5
:10EA3000E18F8CDEE38F8DDEE78F8EDEEC8F8FDE55
:10EA4000EF8F90DEF18F91DEF28F92DEF48F93DE06
:10EA5000F58F94DEF68F95DEFA8F96DEFB8F97DECC
:10EA6000FC8F98DEFE8F99DEFF8F9ADE07909BDE8B
:10EA700008909CDE0C909DDE0E909EDE13909FDE33
:10EA80001590A0DE1890A1DE5685A2DE3B85A3DEA0
:10EA9000FF84A4DEFC84A5DE5985A6DE4885A7DEBA
:10EAA0006885A8DE6485A9DE5E85AADE7A85ABDE90
:10EAB000A277ACDE4385ADDE7285AEDE7B85AFDE50
:10EAC000A485B0DEA885B1DE8785B2DE8F85B3DE92
:10EAD0007985B4DEAE85B5DE9C85B6DE8585B7DE8C
:10EAE000B985B8DEB785B9DEB085BADED385BBDEC1
:10EAF000C185BCDEDC85BDDEFF85BEDE2786BFDED0
:10EB00000586C0DE2986C1DE1686C2DE3C86C3DEEF
:10EB1000FE5EC4DE085FC5DE3C59C6DE4159C7DE75
:10EB20003780C8DE5559C9DE5A59CADE5859CBDE7E
:10EB30000F53CCDE225CCDDE255CCEDE2C5CCFDE3E
:10EB4000345CD0DE4C62D1DE6A62D2DE9F62D3DEFC
:10EB5000BB62D4DECA62D5DEDA62D6DED762D7DE29
:10EB6000EE62D8DE2263D9DEF662DADE3963DBDEFE
:10EB70004B63DCDE4363DDDEAD63DEDEF663DFDEEA
:10EB80007163E0DE7A63E1DE8E63E2DEB463E3DECE
:10EB90006D63E4DEAC63E5DE8A63E6DE6963E7DECF
:10EBA000AE63E8DEBC63E9DEF263EADEF863EBDE67
:10EBB000E063ECDEFF63EDDEC463EEDEDE63EFDE1A
:10EBC000CE63F0DE5264F1DEC663F2DEBE63F3DED6
:10EBD0004564F4DE4164F5DE0B64F6DE1B64F7DEAB
:10EBE0002064F8DE0C64F9DE2664FADE2164FBDEC4
:10EBF0005E64FCDE8464FDDE6D64FEDE966440DFF0
:10EC0000199041DF1C9042DF239043DF249044DFC2
:10EC1000259045DF279046DF289047DF299048DF81
:10EC20002A9049DF2B904ADF2C904BDF30904CDF4D
:10EC300031904DDF32904EDF33904FDF349050DF14
:10EC4000379051DF399052DF3A9053DF3D9054DFD7
:10EC50003F9055DF409056DF439057DF459058DF97
:10EC6000469059DF48905ADF49905BDF4A905CDF5D
:10EC70004B905DDF4C905EDF4E905FDF549060DF25
:10EC8000559061DF569062DF599063DF5A9064DFE0
:10EC90005C9065DF5D9066DF5E9067DF5F9068DFA8
:10ECA000609069DF61906ADF64906BDF66906CDF73
:10ECB00067906DDF69906EDF6A906FDF6B9070DF39
:10ECC0006C9071DF6F9072DF709073DF719074DF02
:10ECD000729075DF739076DF769077DF779078DFCC
:10ECE000789079DF79907ADF7A907BDF7B907CDF98
:10ECF0007C907DDF7E907EDF819080DF849081DF5D
:10ED0000859082DF869083DF879084DF899085DF1E
:10ED10008A9086DF8C9087DF8D9088DF8E9089DFE8
:10ED20008F908ADF90908BDF92908CDF94908DDFB4
:10ED300096908EDF98908FDF9A9090DF9C9091DF75
:10ED40009E9092DF9F9093DFA09094DFA49095DF38
:10ED5000A59096DFA79097DFA89098DFA99099DFFC
:10ED6000AB909ADFAD909BDFB2909CDFB7909DDFB8
:10ED7000BC909EDFBD909FDFBF90A0DFC090A1DF61
:10ED80007A64A2DFB764A3DFB864A4DF9964A5DF67
:10ED9000BA64A6DFC064A7DFD064A8DFD764A9DFA8
:10EDA000E464AADFE264ABDF0965ACDF2565ADDFB3
:10EDB0002E65AEDF0B5FAFDFD25FB0DF1975B1DF5D
:10EDC000115FB2DF5F53B3DFF153B4DFFD53B5DF43
:10EDD000E953B6DFE853B7DFFB53B8DF1254B9DFAE
:10EDE0001654BADF0654BBDF4B54BCDF5254BDDFB0
:10EDF0005354BEDF5454BFDF5654C0DF4354C1DF09
:10EE00002154C2DF5754C3DF5954C4DF2354C5DF34
:10EE10003254C6DF8254C7DF9454C8DF7754C9DF49
:10EE20007154CADF6454CBDF9A54CCDF9B54CDDFDE
:10EE30008454CEDF7654CFDF6654D0DF9D54D1DFCB
:10EE4000D054D2DFAD54D3DFC254D4DFB454D5DFB5
:10EE5000D254D6DFA754D7DFA654D8DFD354D9DF96
:10EE6000D454DADF7254DBDFA354DCDFD554DDDFAA
:10EE7000BB54DEDFBF54DFDFCC54E0DFD954E1DF29
:10EE8000DA54E2DFDC54E3DFA954E4DFAA54E5DF1F
:10EE9000A454E6DFDD54E7DFCF54E8DFDE54E9DFDA
:10EEA0001B55EADFE754EBDF2055ECDFFD54EDDFC7
:10EEB0001455EEDFF354EFDF2255F0DF2355F1DF79
:10EEC0000F55F2DF1155F3DF2755F4DF2A55F5DF33
:10EED0006755F6DF8F55F7DFB555F8DF4955F9DF90
:10EEE0006D55FADF4155FBDF5555FCDF3F55FDDF22
:10EEF0005055FEDF3C5540E0C29041E0C39042E0F7
:10EF0000C69043E0C89044E0C99045E0CB9046E00D
:10EF1000CC9047E0CD9048E0D29049E0D4904AE0D0
:10EF2000D5904BE0D6904CE0D8904DE0D9904EE093
:10EF3000DA904FE0DE9050E0DF9051E0E09052E058
:10EF4000E39053E0E49054E0E59055E0E99056E01A
:10EF5000EA9057E0EC9058E0EE9059E0F0905AE0DB
:10EF6000F1905BE0F2905CE0F3905DE0F5905EE0A4
:10EF7000F6905FE0F79060E0F99061E0FA9062E06F
:10EF8000FB9063E0FC9064E0FF9065E0009166E038
:10EF9000019167E0039168E0059169E006916AE0FC
:10EFA00007916BE008916CE009916DE00A916EE0C9
:10EFB0000B916FE00C9170E00D9171E00E9172E099
:10EFC0000F9173E0109174E0119175E0129176E069
:10EFD000139177E0149178E0159179E016917AE039
:10EFE00017917BE018917CE01A917DE01B917EE007
:10EFF0001C9180E01D9181E01F9182E0209183E0CF
:10F00000219184E0249185E0259186E0269187E096
:10F01000279188E0289189E029918AE02A918BE064
:10F020002B918CE02C918DE02D918EE02E918FE034
:10F03000309190E0329191E0339192E0349193E0FD
:10F04000359194E0369195E0379196E0389197E0CC
:10F050003A9198E03B9199E03C919AE03D919BE098
:10F060003E919CE03F919DE040919EE041919FE068
:10F070004291A0E04491A1E03755A2E05655A3E0AB
:10F080007555A4E07655A5E07755A6E03355A7E081
:10F090003055A8E05C55A9E08B55AAE0D255ABE00D
:10F0A0008355ACE0B155ADE0B955AEE08855AFE061
:10F0B0008155B0E09F55B1E07E55B2E0D655B3E042
:10F0C0009155B4E07B55B5E0DF55B6E0BD55B7E0EE
:10F0D000BE55B8E09455B9E09955BAE0EA55BBE0A1
:10F0E000F755BCE0C955BDE01F56BEE0D155BFE0A5
:10F0F000EB55C0E0EC55C1E0D455C2E0E655C3E0A5
:10F10000DD55C4E0C455C5E0EF55C6E0E555C7E0A0
:10F11000F255C8E0F355C9E0CC55CAE0CD55CBE077
:10F12000E855CCE0F555CDE0E455CEE0948FCFE046
:10F130001E56D0E00856D1E00C56D2E00156D3E07E
:10F140002456D4E02356D5E0FE55D6E00056D7E04D
:10F150002756D8E02D56D9E05856DAE03956DBE08C
:10F160005756DCE02C56DDE04D56DEE06256DFE01F
:10F170005956E0E05C56E1E04C56E2E05456E3E0DC
:10F180008656E4E06456E5E07156E6E06B56E7E04B
:10F190007B56E8E07C56E9E08556EAE09356EBE0E2
:10F1A000AF56ECE0D456EDE0D756EEE0DD56EFE09A
:10F1B000E156F0E0F556F1E0EB56F2E0F956F3E0F7
:10F1C000FF56F4E00457F5E00A57F6E00957F7E078
:10F1D0001C57F8E00F5EF9E0195EFAE0145EFBE000
:10F1E000115EFCE0315EFDE03B5EFEE03C5E40E136
:10F1F000459141E1479142E1489143E1519144E118
:10F20000539145E1549146E1559147E1569148E1CA
:10F21000589149E159914AE15B914BE15C914CE194
:10F220005F914DE160914EE166914FE1679150E150
:10F23000689151E16B9152E16D9153E1739154E109
:10F240007A9155E17B9156E17C9157E1809158E1AB
:10F25000819159E182915AE183915BE184915CE172
:10F2600086915DE188915EE18A915FE18E9160E136
:10F270008F9161E1939162E1949163E1959164E1F1
:10F28000969165E1979166E1989167E1999168E1BE
:10F290009C9169E19D916AE19E916BE19F916CE186
:10F2A000A0916DE1A1916EE1A4916FE1A59170E152
:10F2B000A69171E1A79172E1A89173E1A99174E11E
:10F2C000AB9175E1AC9176E1B09177E1B19178E1E4
:10F2D000B29179E1B3917AE1B6917BE1B7917CE1AA
:10F2E000B8917DE1B9917EE1BB9180E1BC9181E172
:10F2F000BD9182E1BE9183E1BF9184E1C09185E13E
:10F30000C19186E1C29187E1C39188E1C49189E10D
:10F31000C5918AE1C6918BE1C8918CE1CB918DE1D9
:10F32000D0918EE1D2918FE1D39190E1D49191E18E
:10F33000D59192E1D69193E1D79194E1D89195E15D
:10F34000D99196E1DA9197E1DB9198E1DD9199E12C
:10F35000DE919AE1DF919BE1E0919CE1E1919DE1F9
:10F36000E2919EE1E3919FE1E491A0E1E591A1E1C9
:10F37000375EA2E1445EA3E1545EA4E15B5EA5E1D9
:10F380005E5EA6E1615EA7E18C5CA8E17A5CA9E122
:10F390008D5CAAE1905CABE1965CACE1885CADE190
:10F3A000985CAEE1995CAFE1915CB0E19A5CB1E14F
:10F3B0009C5CB2E1B55CB3E1A25CB4E1BD5CB5E1DB
:10F3C000AC5CB6E1AB5CB7E1B15CB8E1A35CB9E1C0
:10F3D000C15CBAE1B75CBBE1C45CBCE1D25CBDE13D
:10F3E000E45CBEE1CB5CBFE1E55CC0E1025DC1E194
:10F3F000035DC2E1275DC3E1265DC4E12E5DC5E189
:10F40000245DC6E11E5DC7E1065DC8E11B5DC9E183
:10F41000585DCAE13E5DCBE1345DCCE13D5DCDE1BF
:10F420006C5DCEE15B5DCFE16F5DD0E15D5DD1E113
:10F430006B5DD2E14B5DD3E14A5DD4E1695DD5E11D
:10F44000745DD6E1825DD7E1995DD8E19D5DD9E13A
:10F45000738CDAE1B75DDBE1C55DDCE1735FDDE1B3
:10F46000775FDEE1825FDFE1875FE0E1895FE1E115
:10F470008C5FE2E1955FE3E1995FE4E19C5FE5E1A8
:10F48000A85FE6E1AD5FE7E1B55FE8E1BC5FE9E118
:10F490006288EAE1615FEBE1AD72ECE1B072EDE14F
:10F4A000B472EEE1B772EFE1B872F0E1C372F1E16C
:10F4B000C172F2E1CE72F3E1CD72F4E1D272F5E104
:10F4C000E872F6E1EF72F7E1E972F8E1F272F9E160
:10F4D000F472FAE1F772FBE10173FCE1F372FDE112
:10F4E0000373FEE1FA7240E2E69141E2E79142E203
:10F4F000E89143E2E99144E2EA9145E2EB9146E288
:10F50000EC9147E2ED9148E2EE9149E2EF914AE257
:10F51000F0914BE2F1914CE2F2914DE2F3914EE227
:10F52000F4914FE2F59150E2F69151E2F79152E2F7
:10F53000F89153E2F99154E2FA9155E2FB9156E2C7
:10F54000FC9157E2FD9158E2FE9159E2FF915AE297
:10F5500000925BE201925CE202925DE203925EE263
:10F5600004925FE2059260E2069261E2079262E233
:10F57000089263E2099264E20A9265E20B9266E203
:10F580000C9267E20D9268E20E9269E20F926AE2D3
:10F5900010926BE211926CE212926DE213926EE2A3
:10F5A00014926FE2159270E2169271E2179272E273
:10F5B000189273E2199274E21A9275E21B9276E243
:10F5C0001C9277E21D9278E21E9279E21F927AE213
:10F5D00020927BE221927CE222927DE223927EE2E3
:10F5E000249280E2259281E2269282E2279283E2AF
:10F5F000289284E2299285E22A9286E22B9287E27F
:10F600002C9288E22D9289E22E928AE22F928BE24E
:10F6100030928CE231928DE232928EE233928FE21E
:10F62000349290E2359291E2369292E2379293E2EE
:10F63000389294E2399295E23A9296E23B9297E2BE
:10F640003C9298E23D9299E23E929AE23F929BE28E
:10F6500040929CE241929DE242929EE243929FE25E
:10F660004492A0E24592A1E2FB72A2E21773A3E2E8
:10F670001373A4E22173A5E20A73A6E21E73A7E244
:10F680001D73A8E21573A9E22273AAE23973ABE2F3
:10F690002573ACE22C73ADE23873AEE23173AFE2A6
:10F6A0005073B0E24D73B1E25773B2E26073B3E2EC
:10F6B0006C73B4E26F73B5E27E73B6E21B82B7E29D
:10F6C0002559B8E2E798B9E22459BAE20259BBE2F7
:10F6D0006399BCE26799BDE26899BEE26999BFE2AD
:10F6E0006A99C0E26B99C1E26C99C2E27499C3E273
:10F6F0007799C4E27D99C5E28099C6E28499C7E210
:10F700008799C8E28A99C9E28D99CAE29099CBE2B9
:10F710009199CCE29399CDE29499CEE29599CFE27A
:10F72000805ED0E2915ED1E28B5ED2E2965ED3E261
:10F73000A55ED4E2A05ED5E2B95ED6E2B55ED7E2C0
:10F74000BE5ED8E2B35ED9E2538DDAE2D25EDBE28E
:10F75000D15EDCE2DB5EDDE2E85EDEE2EA5EDFE2B5
:10F76000BA81E0E2C45FE1E2C95FE2E2D65FE3E2D0
:10F77000CF5FE4E20360E5E2EE5FE6E20460E7E229
:10F78000E15FE8E2E45FE9E2FE5FEAE20560EBE206
:10F790000660ECE2EA5FEDE2ED5FEEE2F85FEFE2D9
:10F7A0001960F0E23560F1E22660F2E21B60F3E2FC
:10F7B0000F60F4E20D60F5E22960F6E22B60F7E2FB
:10F7C0000A60F8E23F60F9E22160FAE27860FBE269
:10F7D0007960FCE27B60FDE27A60FEE2426040E339
:10F7E000469241E3479242E3489243E3499244E31D
:10F7F0004A9245E34B9246E34C9247E34D9248E3ED
:10F800004E9249E34F924AE350924BE351924CE3BC
:10F8100052924DE353924EE354924FE3559250E38C
:10F82000569251E3579252E3589253E3599254E35C
:10F830005A9255E35B9256E35C9257E35D9258E32C
:10F840005E9259E35F925AE360925BE361925CE3FC
:10F8500062925DE363925EE364925FE3659260E3CC
:10F86000669261E3679262E3689263E3699264E39C
:10F870006A9265E36B9266E36C9267E36D9268E36C
:10F880006E9269E36F926AE370926BE371926CE33C
:10F8900072926DE373926EE375926FE3769270E30A
:10F8A000779271E3789272E3799273E37A9274E3D8
:10F8B0007B9275E37C9276E37D9277E37E9278E3A8
:10F8C0007F9279E380927AE381927BE382927CE378
:10F8D00083927DE384927EE3859280E3869281E346
:10F8E000879282E3889283E3899284E38A9285E314
:10F8F0008B9286E38C9287E38D9288E38F9289E3E3
:10F9000090928AE391928BE392928CE393928DE3AF
:10F9100094928EE395928FE3969290E3979291E37F
:10F92000989292E3999293E39A9294E39B9295E34F
:10F930009C9296E39D9297E39E9298E39F9299E31F
:10F94000A0929AE3A1929BE3A2929CE3A3929DE3EF
:10F95000A4929EE3A5929FE3A692A0E3A792A1E3BF
:10F960006A60A2E37D60A3E39660A4E39A60A5E3E6
:10F97000AD60A6E39D60A7E38360A8E39260A9E37E
:10F980008C60AAE39B60ABE3EC60ACE3BB60ADE3EF
:10F99000B160AEE3DD60AFE3D860B0E3C660B1E371
:10F9A000DA60B2E3B460B3E32061B4E32661B5E3A7
:10F9B0001561B6E32361B7E3F460B8E30061B9E32E
:10F9C0000E61BAE32B61BBE34A61BCE37561BDE341
:10F9D000AC61BEE39461BFE3A761C0E3B761C1E37B
:10F9E000D461C2E3F561C3E3DD5FC4E3B396C5E36D
:10F9F000E995C6E3EB95C7E3F195C8E3F395C9E351
:10FA0000F595CAE3F695CBE3FC95CCE3FE95CDE303
:10FA10000396CEE30496CFE30696D0E30896D1E3AF
:10FA20000A96D2E30B96D3E30C96D4E30D96D5E376
:10FA30000F96D6E31296D7E31596D8E31696D9E338
:10FA40001796DAE31996DBE31A96DCE32C4EDDE336
:10FA50003F72DEE31562DFE3356CE0E3546CE1E313
:10FA60005C6CE2E34A6CE3E3A36CE4E3856CE5E3FE
:10FA7000906CE6E3946CE7E38C6CE8E3686CE9E394
:10FA8000696CEAE3746CEBE3766CECE3866CEDE3B3
:10FA9000A96CEEE3D06CEFE3D46CF0E3AD6CF1E372
:10FAA000F76CF2E3F86CF3E3F16CF4E3D76CF5E395
:10FAB000B26CF6E3E06CF7E3D66CF8E3FA6CF9E3CA
:10FAC000EB6CFAE3EE6CFBE3B16CFCE3D36CFDE3AF
:10FAD000EF6CFEE3FE6C40E4A89241E4A99242E49C
:10FAE000AA9243E4AB9244E4AC9245E4AD9246E47E
:10FAF000AF9247E4B09248E4B19249E4B2924AE44A
:10FB0000B3924BE4B4924CE4B5924DE4B6924EE419
:10FB1000B7924FE4B89250E4B99251E4BA9252E4E9
:10FB2000BB9253E4BC9254E4BD9255E4BE9256E4B9
:10FB3000BF9257E4C09258E4C19259E4C2925AE489
:10FB4000C3925BE4C4925CE4C5925DE4C6925EE459
:10FB5000C7925FE4C99260E4CA9261E4CB9262E426
:10FB6000CC9263E4CD9264E4CE9265E4CF9266E4F5
:10FB7000D09267E4D19268E4D29269E4D3926AE4C5
:10FB8000D4926BE4D5926CE4D6926DE4D7926EE495
:10FB9000D8926FE4D99270E4DA9271E4DB9272E465
:10FBA000DC9273E4DD9274E4DE9275E4DF9276E435
:10FBB000E09277E4E19278E4E29279E4E3927AE405
:10FBC000E4927BE4E5927CE4E6927DE4E7927EE4D5
:10FBD000E89280E4E99281E4EA9282E4EB9283E4A1
:10FBE000EC9284E4ED9285E4EE9286E4EF9287E471
:10FBF000F09288E4F19289E4F2928AE4F3928BE441
:10FC0000F4928CE4F5928DE4F6928EE4F7928FE410
:10FC1000F89290E4F99291E4FA9292E4FB9293E4E0
:10FC2000FC9294E4FD9295E4FE9296E4FF9297E4B0
:10FC3000009398E4019399E402939AE403939BE47C
:10FC400004939CE405939DE406939EE407939FE44C
:10FC50000893A0E40993A1E4396DA2E4276DA3E41D
:10FC60000C6DA4E4436DA5E4486DA6E4076DA7E41C
:10FC7000046DA8E4196DA9E40E6DAAE42B6DABE444
:10FC80004D6DACE42E6DADE4356DAEE41A6DAFE4B0
:10FC90004F6DB0E4526DB1E4546DB2E4336DB3E432
:10FCA000916DB4E46F6DB5E49E6DB6E4A06DB7E4FC
:10FCB0005E6DB8E4936DB9E4946DBAE45C6DBBE439
:10FCC000606DBCE47C6DBDE4636DBEE41A6EBFE4A0
:10FCD000C76DC0E4C56DC1E4DE6DC2E40E6EC3E461
:10FCE000BF6DC4E4E06DC5E4116EC6E4E66DC7E423
:10FCF000DD6DC8E4D96DC9E4166ECAE4AB6DCBE422
:10FD00000C6ECCE4AE6DCDE42B6ECEE46E6ECFE423
:10FD10004E6ED0E46B6ED1E4B26ED2E45F6ED3E48B
:10FD2000866ED4E4536ED5E4546ED6E4326ED7E4D6
:10FD3000256ED8E4446ED9E4DF6EDAE4B16EDBE41C
:10FD4000986EDCE4E06EDDE42D6FDEE4E26EDFE46D
:10FD5000A56EE0E4A76EE1E4BD6EE2E4BB6EE3E411
:10FD6000B76EE4E4D76EE5E4B46EE6E4CF6EE7E4A4
:10FD70008F6EE8E4C26EE9E49F6EEAE4626FEBE442
:10FD8000466FECE4476FEDE4246FEEE4156FEFE4AB
:10FD9000F96EF0E42F6FF1E4366FF2E44B6FF3E4A9
:10FDA000746FF4E42A6FF5E4096FF6E4296FF7E461
:10FDB000896FF8E48D6FF9E48C6FFAE4786FFBE4F7
:10FDC000726FFCE47C6FFDE47A6FFEE4D16F40E576
:10FDD0000A9341E50B9342E50C9343E50D9344E50B
:10FDE0000E9345E50F9346E5109347E5119348E5DB
:10FDF000129349E513934AE514934BE515934CE5AB
:10FE000016934DE517934EE518934FE5199350E57A
:10FE10001A9351E51B9352E51C9353E51D9354E54A
:10FE20001E9355E51F9356E5209357E5219358E51A
:10FE3000229359E523935AE524935BE525935CE5EA
:10FE400026935DE527935EE528935FE5299360E5BA
:10FE50002A9361E52B9362E52C9363E52D9364E58A
:10FE60002E9365E52F9366E5309367E5319368E55A
:10FE7000329369E533936AE534936BE535936CE52A
:10FE800036936DE537936EE538936FE5399370E5FA
:10FE90003A9371E53B9372E53C9373E53D9374E5CA
:10FEA0003F9375E5409376E5419377E5429378E596
:10FEB000439379E544937AE545937BE546937CE566
:10FEC00047937DE548937EE5499380E54A9381E534
:10FED0004B9382E54C9383E54D9384E54E9385E502
:10FEE0004F9386E5509387E5519388E5529389E5D2
:10FEF00053938AE554938BE555938CE556938DE5A2
:10FF000057938EE558938FE5599390E55A9391E571
:10FF10005B9392E55C9393E55D9394E55E9395E541
:10FF20005F9396E5609397E5619398E5629399E511
:10FF300063939AE564939BE565939CE566939DE5E1
:10FF400067939EE568939FE56993A0E56B93A1E5B0
:10FF5000C96FA2E5A76FA3E5B96FA4E5B66FA5E5E4
:10FF6000C26FA6E5E16FA7E5EE6FA8E5DE6FA9E534
:10FF7000E06FAAE5EF6FABE51A70ACE52370ADE575
:10FF80001B70AEE53970AFE53570B0E54F70B1E587
:10FF90005E70B2E5805BB3E5845BB4E5955BB5E587
:10FFA000935BB6E5A55BB7E5B85BB8E52F75B9E53A
:10FFB0009E9ABAE53464BBE5E45BBCE5EE5BBDE567
:10FFC0003089BEE5F05BBFE5478EC0E5078BC1E534
:10FFD000B68FC2E5D38FC3E5D58FC4E5E58FC5E500
:10FFE000EE8FC6E5E48FC7E5E98FC8E5E68FC9E582
:10FFF000F38FCAE5E88FCBE50590CCE50490CDE51D
:020000040803EF
:100000000B90CEE52690CFE51190D0E50D90D1E58F
:100010001690D2E52190D3E53590D4E53690D5E51C
:100020002D90D6E52F90D7E54490D8E55190D9E5AD
:100030005290DAE55090DBE56890DCE55890DDE51C
:100040006290DEE55B90DFE5B966E0E57490E1E59E
:100050007D90E2E58290E3E58890E4E58390E5E534
:100060008B90E6E5505FE7E5575FE8E5565FE9E529
:10007000585FEAE53B5CEBE5AB54ECE5505CEDE545
:10008000595CEEE5715BEFE5635CF0E5665CF1E51C
:10009000BC7FF2E52A5FF3E5295FF4E52D5FF5E526
:1000A0007482F6E53C5FF7E53B9BF8E56E5CF9E5AD
:1000B0008159FAE58359FBE58D59FCE5A959FDE520
:1000C000AA59FEE5A35940E66C9341E66D9342E6DA
:1000D0006E9343E66F9344E6709345E6719346E66C
:1000E000729347E6739348E6749349E675934AE63C
:1000F00076934BE677934CE678934DE679934EE60C
:100100007A934FE67B9350E67C9351E67D9352E6DB
:100110007E9353E67F9354E6809355E6819356E6AB
:10012000829357E6839358E6849359E685935AE67B
:1001300086935BE687935CE688935DE689935EE64B
:100140008A935FE68B9360E68C9361E68D9362E61B
:100150008E9363E6909364E6919365E6929366E6E8
:10016000939367E6949368E6959369E696936AE6B7
:1001700097936BE698936CE699936DE69A936EE687
:100180009B936FE69C9370E69D9371E69E9372E657
:100190009F9373E6A09374E6A19375E6A29376E627
:1001A000A39377E6A49378E6A59379E6A6937AE6F7
:1001B000A7937BE6A8937CE6A9937DE6AA937EE6C7
:1001C000AB9380E6AC9381E6AD9382E6AE9383E693
:1001D000AF9384E6B09385E6B19386E6B29387E663
:1001E000B39388E6B49389E6B5938AE6B6938BE633
:1001F000B7938CE6B8938DE6B9938EE6BA938FE603
:10020000BB9390E6BC9391E6BD9392E6BE9393E6D2
:10021000BF9394E6C09395E6C19396E6C29397E6A2
:10022000C39398E6C49399E6C5939AE6C6939BE672
:10023000C7939CE6C8939DE6C9939EE6CB939FE641
:10024000CC93A0E6CD93A1E69759A2E6CA59A3E6BE
:10025000AB59A4E69E59A5E6A459A6E6D259A7E64D
:10026000B259A8E6AF59A9E6D759AAE6BE59ABE6F6
:10027000055AACE6065AADE6DD59AEE6085AAFE6D9
:10028000E359B0E6D859B1E6F959B2E60C5AB3E6EB
:10029000095AB4E6325AB5E6345AB6E6115AB7E608
:1002A000235AB8E6135AB9E6405ABAE6675ABBE68B
:1002B0004A5ABCE6555ABDE63C5ABEE6625ABFE60B
:1002C000755AC0E6EC80C1E6AA5AC2E69B5AC3E65C
:1002D000775AC4E67A5AC5E6BE5AC6E6EB5AC7E66E
:1002E000B25AC8E6D25AC9E6D45ACAE6B85ACBE6D8
:1002F000E05ACCE6E35ACDE6F15ACEE6D65ACFE63E
:10030000E65AD0E6D85AD1E6DC5AD2E6095BD3E603
:10031000175BD4E6165BD5E6325BD6E6375BD7E6ED
:10032000405BD8E6155CD9E61C5CDAE65A5BDBE696
:10033000655BDCE6735BDDE6515BDEE6535BDFE6C7
:10034000625BE0E6759AE1E6779AE2E6789AE3E6A0
:100350007A9AE4E67F9AE5E67D9AE6E6809AE7E611
:10036000819AE8E6859AE9E6889AEAE68A9AEBE6CF
:10037000909AECE6929AEDE6939AEEE6969AEFE67C
:10038000989AF0E69B9AF1E69C9AF2E69D9AF3E63B
:100390009F9AF4E6A09AF5E6A29AF6E6A39AF7E603
:1003A000A59AF8E6A79AF9E69F7EFAE6A17EFBE613
:1003B000A37EFCE6A57EFDE6A87EFEE6A97E40E7DC
:1003C000CE9341E7CF9342E7D09343E7D19344E7FD
:1003D000D29345E7D39346E7D49347E7D59348E7CD
:1003E000D79349E7D8934AE7D9934BE7DA934CE799
:1003F000DB934DE7DC934EE7DD934FE7DE9350E769
:10040000DF9351E7E09352E7E19353E7E29354E738
:10041000E39355E7E49356E7E59357E7E69358E708
:10042000E79359E7E8935AE7E9935BE7EA935CE7D8
:10043000EB935DE7EC935EE7ED935FE7EE9360E7A8
:10044000EF9361E7F09362E7F19363E7F29364E778
:10045000F39365E7F49366E7F59367E7F69368E748
:10046000F79369E7F8936AE7F9936BE7FA936CE718
:10047000FB936DE7FC936EE7FD936FE7FE9370E7E8
:10048000FF9371E7009472E7019473E7029474E7B5
:10049000039475E7049476E7059477E7069478E784
:1004A000079479E708947AE709947BE70A947CE754
:1004B0000B947DE70C947EE70D9480E70E9481E722
:1004C0000F9482E7109483E7119484E7129485E7F0
:1004D000139486E7149487E7159488E7169489E7C0
:1004E00017948AE718948BE719948CE71A948DE790
:1004F0001B948EE71C948FE71D9490E71E9491E760
:100500001F9492E7209493E7219494E7229495E72F
:10051000239496E7249497E7259498E7269499E7FF
:1005200027949AE728949BE729949CE72A949DE7CF
:100530002B949EE72C949FE72D94A0E72E94A1E79F
:10054000AD7EA2E7B07EA3E7BE7EA4E7C07EA5E7AE
:10055000C17EA6E7C27EA7E7C97EA8E7CB7EA9E752
:10056000CC7EAAE7D07EABE7D47EACE7D77EADE702
:10057000DB7EAEE7E07EAFE7E17EB0E7E87EB1E7A5
:10058000EB7EB2E7EE7EB3E7EF7EB4E7F17EB5E750
:10059000F27EB6E70D7FB7E7F67EB8E7FA7EB9E7F9
:1005A000FB7EBAE7FE7EBBE7017FBCE7027FBDE7CB
:1005B000037FBEE7077FBFE7087FC0E70B7FC1E788
:1005C0000C7FC2E70F7FC3E7117FC4E7127FC5E747
:1005D000177FC6E7197FC7E71C7FC8E71B7FC9E7FE
:1005E0001F7FCAE7217FCBE7227FCCE7237FCDE7C0
:1005F000247FCEE7257FCFE7267FD0E7277FD1E78F
:100600002A7FD2E72B7FD3E72C7FD4E72D7FD5E756
:100610002F7FD6E7307FD7E7317FD8E7327FD9E722
:10062000337FDAE7357FDBE77A5EDCE77F75DDE78E
:10063000DB5DDEE73E75DFE79590E0E78E73E1E78F
:100640009173E2E7AE73E3E7A273E4E79F73E5E734
:10065000CF73E6E7C273E7E7D173E8E7B773E9E77B
:10066000B373EAE7C073EBE7C973ECE7C873EDE770
:10067000E573EEE7D973EFE77C98F0E70A74F1E7EA
:10068000E973F2E7E773F3E7DE73F4E7BA73F5E7CC
:10069000F273F6E70F74F7E72A74F8E75B74F9E78B
:1006A0002674FAE72574FBE72874FCE73074FDE74D
:1006B0002E74FEE72C7440E82F9441E8309442E811
:1006C000319443E8329444E8339445E8349446E85E
:1006D000359447E8369448E8379449E838944AE82E
:1006E00039944BE83A944CE83B944DE83C944EE8FE
:1006F0003D944FE83F9450E8409451E8419452E8CB
:10070000429453E8439454E8449455E8459456E899
:10071000469457E8479458E8489459E849945AE869
:100720004A945BE84B945CE84C945DE84D945EE839
:100730004E945FE84F9460E8509461E8519462E809
:10074000529463E8539464E8549465E8559466E8D9
:10075000569467E8579468E8589469E859946AE8A9
:100760005A946BE85B946CE85C946DE85D946EE879
:100770005E946FE85F9470E8609471E8619472E849
:10078000629473E8639474E8649475E8659476E819
:10079000669477E8679478E8689479E869947AE8E9
:1007A0006A947BE86C947CE86D947DE86E947EE8B6
:1007B0006F9480E8709481E8719482E8729483E881
:1007C000739484E8749485E8759486E8769487E851
:1007D000779488E8789489E879948AE87A948BE821
:1007E0007B948CE87C948DE87D948EE87E948FE8F1
:1007F0007F9490E8809491E8819492E8829493E8C1
:10080000839494E8849495E8919496E8969497E874
:10081000989498E8C79499E8CF949AE8D3949BE881
:10082000D4949CE8DA949DE8E6949EE8FB949FE8D3
:100830001C95A0E82095A1E81B74A2E81A74A3E80F
:100840004174A4E85C74A5E85774A6E85574A7E859
:100850005974A8E87774A9E86D74AAE87E74ABE8C7
:100860009C74ACE88E74ADE88074AEE88174AFE837
:100870008774B0E88B74B1E89E74B2E8A874B3E8EA
:10088000A974B4E89074B5E8A774B6E8D274B7E870
:10089000BA74B8E8EA97B9E8EB97BAE8EC97BBE81E
:1008A0004C67BCE85367BDE85E67BEE84867BFE8D1
:1008B0006967C0E8A567C1E88767C2E86A67C3E8F7
:1008C0007367C4E89867C5E8A767C6E87567C7E8AF
:1008D000A867C8E89E67C9E8AD67CAE88B67CBE838
:1008E0007767CCE87C67CDE8F067CEE80968CFE8A9
:1008F000D867D0E80A68D1E8E967D2E8B067D3E8FA
:100900000C68D4E8D967D5E8B567D6E8DA67D7E8E0
:10091000B367D8E8DD67D9E80068DAE8C367DBE8E1
:10092000B867DCE8E267DDE80E68DEE8C167DFE8AB
:10093000FD67E0E83268E1E83368E2E86068E3E830
:100940006168E4E84E68E5E86268E6E84468E7E87C
:100950006468E8E88368E9E81D68EAE85568EBE858
:100960006668ECE84168EDE86768EEE84068EFE843
:100970003E68F0E84A68F1E84968F2E82968F3E877
:10098000B568F4E88F68F5E87468F6E87768F7E822
:100990009368F8E86B68F9E8C268FAE86E69FBE802
:1009A000FC68FCE81F69FDE82069FEE8F96840E999
:1009B000279541E9339542E93D9543E9439544E95B
:1009C000489545E94B9546E9559547E95A9548E9D3
:1009D000609549E96E954AE974954BE975954CE93E
:1009E00077954DE978954EE979954FE97A9550E9F3
:1009F0007B9551E97C9552E97D9553E97E9554E9C3
:100A0000809555E9819556E9829557E9839558E98E
:100A1000849559E985955AE986955BE987955CE95E
:100A200088955DE989955EE98A955FE98B9560E92E
:100A30008C9561E98D9562E98E9563E98F9564E9FE
:100A4000909565E9919566E9929567E9939568E9CE
:100A5000949569E995956AE996956BE997956CE99E
:100A600098956DE999956EE99A956FE99B9570E96E
:100A70009C9571E99D9572E99E9573E99F9574E93E
:100A8000A09575E9A19576E9A29577E9A39578E90E
:100A9000A49579E9A5957AE9A6957BE9A7957CE9DE
:100AA000A8957DE9A9957EE9AA9580E9AB9581E9AC
:100AB000AC9582E9AD9583E9AE9584E9AF9585E97A
:100AC000B09586E9B19587E9B29588E9B39589E94A
:100AD000B4958AE9B5958BE9B6958CE9B7958DE91A
:100AE000B8958EE9B9958FE9BA9590E9BB9591E9EA
:100AF000BC9592E9BD9593E9BE9594E9BF9595E9BA
:100B0000C09596E9C19597E9C29598E9C39599E989
:100B1000C4959AE9C5959BE9C6959CE9C7959DE959
:100B2000C8959EE9C9959FE9CA95A0E9CB95A1E929
:100B30002469A2E9F068A3E90B69A4E90169A5E9C0
:100B40005769A6E9E368A7E91069A8E97169A9E905
:100B50003969AAE96069ABE94269ACE95D69ADE967
:100B60008469AEE96B69AFE98069B0E99869B1E978
:100B70007869B2E93469B3E9CC69B4E98769B5E960
:100B80008869B6E9CE69B7E98969B8E96669B9E9FA
:100B90006369BAE97969BBE99B69BCE9A769BDE901
:100BA000BB69BEE9AB69BFE9AD69C0E9D469C1E918
:100BB000B169C2E9C169C3E9CA69C4E9DF69C5E9C4
:100BC0009569C6E9E069C7E98D69C8E9FF69C9E9BE
:100BD0002F6ACAE9ED69CBE9176ACCE9186ACDE951
:100BE000656ACEE9F269CFE9446AD0E93E6AD1E9A3
:100BF000A06AD2E9506AD3E95B6AD4E9356AD5E9DB
:100C00008E6AD6E9796AD7E93D6AD8E9286AD9E9CE
:100C1000586ADAE97C6ADBE9916ADCE9906ADDE925
:100C2000A96ADEE9976ADFE9AB6AE0E93773E1E9CF
:100C30005273E2E9816BE3E9826BE4E9876BE5E9F2
:100C4000846BE6E9926BE7E9936BE8E98D6BE9E980
:100C50009A6BEAE99B6BEBE9A16BECE9AA6BEDE916
:100C60006B8FEEE96D8FEFE9718FF0E9728FF1E92B
:100C7000738FF2E9758FF3E9768FF4E9788FF5E9F0
:100C8000778FF6E9798FF7E97A8FF8E97C8FF9E9C0
:100C90007E8FFAE9818FFBE9828FFCE9848FFDE981
:100CA000878FFEE98B8F40EACC9541EACD9542EAE9
:100CB000CE9543EACF9544EAD09545EAD19546EAE8
:100CC000D29547EAD39548EAD49549EAD5954AEAB8
:100CD000D6954BEAD7954CEAD8954DEAD9954EEA88
:100CE000DA954FEADB9550EADC9551EADD9552EA58
:100CF000DE9553EADF9554EAE09555EAE19556EA28
:100D0000E29557EAE39558EAE49559EAE5955AEAF7
:100D1000E6955BEAE7955CEAEC955DEAFF955EEAAD
:100D200007965FEA139660EA189661EA1B9662EAF4
:100D30001E9663EA209664EA239665EA249666EA9C
:100D4000259667EA269668EA279669EA28966AEA67
:100D500029966BEA2B966CEA2C966DEA2D966EEA34
:100D60002F966FEA309670EA379671EA389672EAF3
:100D7000399673EA3A9674EA3E9675EA419676EAAF
:100D8000439677EA4A9678EA4E9679EA4F967AEA57
:100D900051967BEA52967CEA53967DEA56967EEA15
:100DA000579680EA589681EA599682EA5A9683EADB
:100DB0005C9684EA5D9685EA5E9686EA609687EAA6
:100DC000639688EA659689EA66968AEA6B968BEA64
:100DD0006D968CEA6E968DEA6F968EEA70968FEA23
:100DE000719690EA739691EA789692EA799693EAE8
:100DF0007A9694EA7B9695EA7C9696EA7D9697EAAF
:100E00007E9698EA7F9699EA80969AEA81969BEA7E
:100E100082969CEA83969DEA84969EEA87969FEA4C
:100E20008996A0EA8A96A1EA8D8FA2EA8E8FA3EA1C
:100E30008F8FA4EA988FA5EA9A8FA6EACE8EA7EAAA
:100E40000B62A8EA1762A9EA1B62AAEA1F62ABEA70
:100E50002262ACEA2162ADEA2562AEEA2462AFEA20
:100E60002C62B0EAE781B1EAEF74B2EAF474B3EA53
:100E7000FF74B4EA0F75B5EA1175B6EA1375B7EAEF
:100E80003465B8EAEE65B9EAEF65BAEAF065BBEA3F
:100E90000A66BCEA1966BDEA7267BEEA0366BFEA83
:100EA0001566C0EA0066C1EA8570C2EAF766C3EA61
:100EB0001D66C4EA3466C5EA3166C6EA3666C7EA24
:100EC0003566C8EA0680C9EA5F66CAEA5466CBEAB4
:100ED0004166CCEA4F66CDEA5666CEEA6166CFEA55
:100EE0005766D0EA7766D1EA8466D2EA8C66D3EA9E
:100EF000A766D4EA9D66D5EABE66D6EADB66D7EA7F
:100F0000DC66D8EAE666D9EAE966DAEA328DDBEA37
:100F1000338DDCEA368DDDEA3B8DDEEA3D8DDFEA9E
:100F2000408DE0EA458DE1EA468DE2EA488DE3EA4C
:100F3000498DE4EA478DE5EA4D8DE6EA558DE7EA0D
:100F4000598DE8EAC789E9EACA89EAEACB89EBEA76
:100F5000CC89ECEACE89EDEACF89EEEAD089EFEAD6
:100F6000D189F0EA6E72F1EA9F72F2EA5D72F3EAF9
:100F70006672F4EA6F72F5EA7E72F6EA7F72F7EA59
:100F80008472F8EA8B72F9EA8D72FAEA8F72FBEAE0
:100F90009272FCEA0863FDEA3263FEEAB06340EB5A
:100FA0008C9641EB8E9642EB919643EB929644EBF6
:100FB000939645EB959646EB969647EB9A9648EBBB
:100FC0009B9649EB9D964AEB9E964BEB9F964CEB7E
:100FD000A0964DEBA1964EEBA2964FEBA39650EB4D
:100FE000A49651EBA59652EBA69653EBA89654EB1C
:100FF000A99655EBAA9656EBAB9657EBAC9658EBE9
:10100000AD9659EBAE965AEBAF965BEBB1965CEBB7
:10101000B2965DEBB4965EEBB5965FEBB79660EB80
:10102000B89661EBBA9662EBBB9663EBBF9664EB46
:10103000C29665EBC39666EBC89667EBCA9668EBFB
:10104000CB9669EBD0966AEBD1966BEBD3966CEBB3
:10105000D4966DEBD6966EEBD7966FEBD89670EB79
:10106000D99671EBDA9672EBDB9673EBDC9674EB48
:10107000DD9675EBDE9676EBDF9677EBE19678EB17
:10108000E29679EBE3967AEBE4967BEBE5967CEBE4
:10109000E6967DEBE7967EEBEB9680EBEC9681EBAC
:1010A000ED9682EBEE9683EBF09684EBF19685EB72
:1010B000F29686EBF49687EBF59688EBF89689EB3B
:1010C000FA968AEBFB968BEBFC968CEBFD968DEB00
:1010D000FF968EEB02978FEB039790EB059791EBC2
:1010E0000A9792EB0B9793EB0C9794EB109795EB79
:1010F000119796EB129797EB149798EB159799EB3E
:1011000017979AEB18979BEB19979CEB1A979DEB07
:101110001B979EEB1D979FEB1F97A0EB2097A1EBD2
:101120003F64A2EBD864A3EB0480A4EBEA6BA5EBCD
:10113000F36BA6EBFD6BA7EBF56BA8EBF96BA9EBDB
:10114000056CAAEB076CABEB066CACEB0D6CADEB76
:10115000156CAEEB186CAFEB196CB0EB1A6CB1EB15
:10116000216CB2EB296CB3EB246CB4EB2A6CB5EBBD
:10117000326CB6EB3565B7EB5565B8EB6B65B9EB23
:101180004D72BAEB5272BBEB5672BCEB3072BDEBD8
:101190006286BEEB1652BFEB9F80C0EB9C80C1EB1A
:1011A0009380C2EBBC80C3EB0A67C4EBBD80C5EB88
:1011B000B180C6EBAB80C7EBAD80C8EBB480C9EBA8
:1011C000B780CAEBE780CBEBE880CCEBE980CDEBD6
:1011D000EA80CEEBDB80CFEBC280D0EBC480D1EBDA
:1011E000D980D2EBCD80D3EBD780D4EB1067D5EB91
:1011F000DD80D6EBEB80D7EBF180D8EBF480D9EB38
:10120000ED80DAEB0D81DBEB0E81DCEBF280DDEBC8
:10121000FC80DEEB1567DFEB1281E0EB5A8CE1EB33
:101220003681E2EB1E81E3EB2C81E4EB1881E5EBE8
:101230003281E6EB4881E7EB4C81E8EB5381E9EB47
:101240007481EAEB5981EBEB5A81ECEB7181EDEBA8
:101250006081EEEB6981EFEB7C81F0EB7D81F1EB5E
:101260006D81F2EB6781F3EB4D58F4EBB55AF5EB7A
:101270008881F6EB8281F7EB9181F8EBD56EF9EB83
:10128000A381FAEBAA81FBEBCC81FCEB2667FDEB9B
:10129000CA81FEEBBB8140EC219741EC229742ECE6
:1012A000239743EC249744EC259745EC269746EC8E
:1012B000279747EC289748EC299749EC2B974AEC5D
:1012C0002C974BEC2E974CEC2F974DEC31974EEC26
:1012D00033974FEC349750EC359751EC369752ECEE
:1012E000379753EC3A9754EC3B9755EC3C9756ECB8
:1012F0003D9757EC3F9758EC409759EC41975AEC83
:1013000042975BEC43975CEC44975DEC45975EEC51
:1013100046975FEC479760EC489761EC499762EC21
:101320004A9763EC4B9764EC4C9765EC4D9766ECF1
:101330004E9767EC4F9768EC509769EC51976AECC1
:1013400054976BEC55976CEC57976DEC58976EEC87
:101350005A976FEC5C9770EC5D9771EC5F9772EC4D
:10136000639773EC649774EC669775EC679776EC0B
:10137000689777EC6A9778EC6B9779EC6C977AECD6
:101380006D977BEC6E977CEC6F977DEC70977EECA5
:10139000719780EC729781EC759782EC779783EC6C
:1013A000789784EC799785EC7A9786EC7B9787EC35
:1013B0007D9788EC7E9789EC7F978AEC80978BEC01
:1013C00081978CEC82978DEC83978EEC84978FECD1
:1013D000869790EC879791EC889792EC899793EC9D
:1013E0008A9794EC8C9795EC8E9796EC8F9797EC68
:1013F000909798EC939799EC95979AEC96979BEC2D
:1014000097979CEC99979DEC9A979EEC9B979FECF5
:101410009C97A0EC9D97A1ECC181A2ECA681A3ECC6
:10142000246BA4EC376BA5EC396BA6EC436BA7ECF3
:10143000466BA8EC596BA9ECD198AAECD298ABEC0E
:10144000D398ACECD598ADECD998AEECDA98AFEC7B
:10145000B36BB0EC405FB1ECC26BB2ECF389B3ECB0
:101460009065B4EC519FB5EC9365B6ECBC65B7ECF8
:10147000C665B8ECC465B9ECC365BAECCC65BBEC29
:10148000CE65BCECD265BDECD665BEEC8070BFEC21
:101490009C70C0EC9670C1EC9D70C2ECBB70C3EC4C
:1014A000C070C4ECB770C5ECAB70C6ECB170C7ECE3
:1014B000E870C8ECCA70C9EC1071CAEC1371CBECBF
:1014C0001671CCEC2F71CDEC3171CEEC7371CFEC89
:1014D0005C71D0EC6871D1EC4571D2EC7271D3ECD7
:1014E0004A71D4EC7871D5EC7A71D6EC9871D7EC5E
:1014F000B371D8ECB571D9ECA871DAECA071DBEC62
:10150000E071DCECD471DDECE771DEECF971DFEC5D
:101510001D72E0EC2872E1EC6C70E2EC1871E3EC07
:101520006671E4ECB971E5EC3E62E6EC3D62E7EC35
:101530004362E8EC4862E9EC4962EAEC3B79EBECA7
:101540004079ECEC4679EDEC4979EEEC5B79EFEC27
:101550005C79F0EC5379F1EC5A79F2EC6279F3ECC6
:101560005779F4EC6079F5EC6F79F6EC6779F7EC84
:101570007A79F8EC8579F9EC8A79FAEC9A79FBECCE
:10158000A779FCECB379FDECD15FFEECD05F40EDC8
:101590009E9741ED9F9742EDA19743EDA29744EDB1
:1015A000A49745EDA59746EDA69747EDA79748ED7B
:1015B000A89749EDA9974AEDAA974BEDAC974CED4A
:1015C000AE974DEDB0974EEDB1974FEDB39750ED0F
:1015D000B59751EDB69752EDB79753EDB89754EDD7
:1015E000B99755EDBA9756EDBB9757EDBC9758EDA7
:1015F000BD9759EDBE975AEDBF975BEDC0975CED77
:10160000C1975DEDC2975EEDC3975FEDC49760ED46
:10161000C59761EDC69762EDC79763EDC89764ED16
:10162000C99765EDCA9766EDCB9767EDCC9768EDE6
:10163000CD9769EDCE976AEDCF976BEDD0976CEDB6
:10164000D1976DEDD2976EEDD3976FEDD49770ED86
:10165000D59771EDD69772EDD79773EDD89774ED56
:10166000D99775EDDA9776EDDB9777EDDC9778ED26
:10167000DD9779EDDE977AEDDF977BEDE0977CEDF6
:10168000E1977DEDE2977EEDE39780EDE49781EDC4
:10169000E59782EDE89783EDEE9784EDEF9785ED82
:1016A000F09786EDF19787EDF29788EDF49789ED45
:1016B000F7978AEDF8978BEDF9978CEDFA978DED0A
:1016C000FB978EEDFC978FEDFD9790EDFE9791EDDA
:1016D000FF9792ED009893ED019894ED029895EDA7
:1016E000039896ED049897ED059898ED069899ED76
:1016F00007989AED08989BED09989CED0A989DED46
:101700000B989EED0C989FED0D98A0ED0E98A1ED15
:101710003C60A2ED5D60A3ED5A60A4ED6760A5EDAD
:101720004160A6ED5960A7ED6360A8EDAB60A9ED3F
:101730000661AAED0D61ABED5D61ACEDA961ADEDAA
:101740009D61AEEDCB61AFEDD161B0ED0662B1ED63
:101750008080B2ED7F80B3ED936CB4EDF66CB5EDA7
:10176000FC6DB6EDF677B7EDF877B8ED0078B9ED2A
:101770000978BAED1778BBED1878BCED1178BDED9E
:10178000AB65BEED2D78BFED1C78C0ED1D78C1EDC9
:101790003978C2ED3A78C3ED3B78C4ED1F78C5EDDA
:1017A0003C78C6ED2578C7ED2C78C8ED2378C9EDD7
:1017B0002978CAED4E78CBED6D78CCED5678CDED2D
:1017C0005778CEED2678CFED5078D0ED4778D1ED33
:1017D0004C78D2ED6A78D3ED9B78D4ED9378D5ED43
:1017E0009A78D6ED8778D7ED9C78D8EDA178D9EDA9
:1017F000A378DAEDB278DBEDB978DCEDA578DDED34
:10180000D478DEEDD978DFEDC978E0EDEC78E1ED64
:10181000F278E2ED0579E3EDF478E4ED1379E5EDA6
:101820002479E6ED1E79E7ED3479E8ED9B9FE9ED4B
:10183000F99EEAEDFB9EEBEDFC9EECEDF176EDED15
:101840000477EEED0D77EFEDF976F0ED0777F1ED3A
:101850000877F2ED1A77F3ED2277F4ED1977F5EDCD
:101860002D77F6ED2677F7ED3577F8ED3877F9ED4A
:101870005077FAED5177FBED4777FCED4377FDEDBF
:101880005A77FEED687740EE0F9841EE109842EEE1
:10189000119843EE129844EE139845EE149846EED4
:1018A000159847EE169848EE179849EE18984AEEA4
:1018B00019984BEE1A984CEE1B984DEE1C984EEE74
:1018C0001D984FEE1E9850EE1F9851EE209852EE44
:1018D000219853EE229854EE239855EE249856EE14
:1018E000259857EE269858EE279859EE28985AEEE4
:1018F00029985BEE2A985CEE2B985DEE2C985EEEB4
:101900002D985FEE2E9860EE2F9861EE309862EE83
:10191000319863EE329864EE339865EE349866EE53
:10192000359867EE369868EE379869EE38986AEE23
:1019300039986BEE3A986CEE3B986DEE3C986EEEF3
:101940003D986FEE3E9870EE3F9871EE409872EEC3
:10195000419873EE429874EE439875EE449876EE93
:10196000459877EE469878EE479879EE48987AEE63
:1019700049987BEE4A987CEE4B987DEE4C987EEE33
:101980004D9880EE4E9881EE4F9882EE509883EEFF
:10199000519884EE529885EE539886EE549887EECF
:1019A000559888EE569889EE57988AEE58988BEE9F
:1019B00059988CEE5A988DEE5B988EEE5C988FEE6F
:1019C0005D9890EE5E9891EE5F9892EE609893EE3F
:1019D000619894EE629895EE639896EE649897EE0F
:1019E000659898EE669899EE67989AEE68989BEEDF
:1019F00069989CEE6A989DEE6B989EEE6C989FEEAF
:101A00006D98A0EE6E98A1EE6277A2EE6577A3EED8
:101A10007F77A4EE8D77A5EE7D77A6EE8077A7EE93
:101A20008C77A8EE9177A9EE9F77AAEEA077ABEE20
:101A3000B077ACEEB577ADEEBD77AEEE3A75AFEE02
:101A40004075B0EE4E75B1EE4B75B2EE4875B3EE23
:101A50005B75B4EE7275B5EE7975B6EE8375B7EE5B
:101A6000587FB8EE617FB9EE5F7FBAEE488ABBEE71
:101A7000687FBCEE747FBDEE717FBEEE797FBFEEF6
:101A8000817FC0EE7E7FC1EECD76C2EEE576C3EEFD
:101A90003288C4EE8594C5EE8694C6EE8794C7EE70
:101AA0008B94C8EE8A94C9EE8C94CAEE8D94CBEEDA
:101AB0008F94CCEE9094CDEE9494CEEE9794CFEE9E
:101AC0009594D0EE9A94D1EE9B94D2EE9C94D3EE62
:101AD000A394D4EEA494D5EEAB94D6EEAA94D7EE0C
:101AE000AD94D8EEAC94D9EEAF94DAEEB094DBEED0
:101AF000B294DCEEB494DDEEB694DEEEB794DFEE95
:101B0000B894E0EEB994E1EEBA94E2EEBC94E3EE60
:101B1000BD94E4EEBF94E5EEC494E6EEC894E7EE1F
:101B2000C994E8EECA94E9EECB94EAEECC94EBEEDD
:101B3000CD94ECEECE94EDEED094EEEED194EFEEAB
:101B4000D294F0EED594F1EED694F2EED794F3EE73
:101B5000D994F4EED894F5EEDB94F6EEDE94F7EE3D
:101B6000DF94F8EEE094F9EEE294FAEEE494FBEE02
:101B7000E594FCEEE794FDEEE894FEEEEA9440EF87
:101B80006F9841EF709842EF719843EF729844EF6D
:101B9000739845EF749846EF8B9847EF8E9848EF0F
:101BA000929849EF95984AEF99984BEFA3984CEF8C
:101BB000A8984DEFA9984EEFAA984FEFAB9850EF29
:101BC000AC9851EFAD9852EFAE9853EFAF9854EFF9
:101BD000B09855EFB19856EFB29857EFB39858EFC9
:101BE000B49859EFB5985AEFB6985BEFB7985CEF99
:101BF000B8985DEFB9985EEFBA985FEFBB9860EF69
:101C0000BC9861EFBD9862EFBE9863EFBF9864EF38
:101C1000C09865EFC19866EFC29867EFC39868EF08
:101C2000C49869EFC5986AEFC6986BEFC7986CEFD8
:101C3000C8986DEFC9986EEFCA986FEFCB9870EFA8
:101C4000CC9871EFCD9872EFCF9873EFD09874EF76
:101C5000D49875EFD69876EFD79877EFDB9878EF32
:101C6000DC9879EFDD987AEFE0987BEFE1987CEFF4
:101C7000E2987DEFE3987EEFE49880EFE59881EFBE
:101C8000E69882EFE99883EFEA9884EFEB9885EF86
:101C9000EC9886EFED9887EFEE9888EFEF9889EF54
:101CA000F0988AEFF1988BEFF2988CEFF3988DEF24
:101CB000F4988EEFF5988FEFF69890EFF79891EFF4
:101CC000F89892EFF99893EFFA9894EFFB9895EFC4
:101CD000FC9896EFFD9897EFFE9898EFFF9899EF94
:101CE00000999AEF01999BEF02999CEF03999DEF60
:101CF00004999EEF05999FEF0699A0EF0799A1EF30
:101D0000E994A2EFEB94A3EFEE94A4EFEF94A5EF88
:101D1000F394A6EFF494A7EFF594A8EFF794A9EF46
:101D2000F994AAEFFC94ABEFFD94ACEFFF94ADEF08
:101D30000395AEEF0295AFEF0695B0EF0795B1EFC3
:101D40000995B2EF0A95B3EF0D95B4EF0E95B5EF87
:101D50000F95B6EF1295B7EF1395B8EF1495B9EF4D
:101D60001595BAEF1695BBEF1895BCEF1B95BDEF17
:101D70001D95BEEF1E95BFEF1F95C0EF2295C1EFD9
:101D80002A95C2EF2B95C3EF2995C4EF2C95C5EF8B
:101D90003195C6EF3295C7EF3495C8EF3695C9EF48
:101DA0003795CAEF3895CBEF3C95CCEF3E95CDEF0C
:101DB0003F95CEEF4295CFEF3595D0EF4495D1EFDB
:101DC0004595D2EF4695D3EF4995D4EF4C95D5EF95
:101DD0004E95D6EF4F95D7EF5295D8EF5395D9EF53
:101DE0005495DAEF5695DBEF5795DCEF5895DDEF1C
:101DF0005995DEEF5B95DFEF5E95E0EF5F95E1EFE4
:101E00005D95E2EF6195E3EF6295E4EF6495E5EFB0
:101E10006595E6EF6695E7EF6795E8EF6895E9EF7A
:101E20006995EAEF6A95EBEF6B95ECEF6C95EDEF4A
:101E30006F95EEEF7195EFEF7295F0EF7395F1EF0F
:101E40003A95F2EFE777F3EFEC77F4EFC996F5EF19
:101E5000D579F6EFED79F7EFE379F8EFEB79F9EF74
:101E6000067AFAEF475DFBEF037AFCEF027AFDEFAB
:101E70001E7AFEEF147A40F0089941F0099942F079
:101E80000A9943F00B9944F00C9945F00E9946F0ED
:101E90000F9947F0119948F0129949F013994AF0B7
:101EA00014994BF015994CF016994DF017994EF086
:101EB00018994FF0199950F01A9951F01B9952F056
:101EC0001C9953F01D9954F01E9955F01F9956F026
:101ED000209957F0219958F0229959F023995AF0F6
:101EE00024995BF025995CF026995DF027995EF0C6
:101EF00028995FF0299960F02A9961F02B9962F096
:101F00002C9963F02D9964F02F9965F0309966F063
:101F1000319967F0329968F0339969F034996AF031
:101F200035996BF036996CF037996DF038996EF001
:101F300039996FF03A9970F03B9971F03C9972F0D1
:101F40003D9973F03E9974F03F9975F0409976F0A1
:101F5000419977F0429978F0439979F044997AF071
:101F600045997BF046997CF047997DF048997EF041
:101F7000499980F04A9981F04B9982F04C9983F00D
:101F80004D9984F04E9985F04F9986F0509987F0DD
:101F9000519988F0529989F053998AF056998BF0AB
:101FA00057998CF058998DF059998EF05A998FF075
:101FB0005B9990F05C9991F05D9992F05E9993F045
:101FC0005F9994F0609995F0619996F0629997F015
:101FD000649998F0669999F073999AF078999BF0C2
:101FE00079999CF07B999DF07E999EF082999FF063
:101FF0008399A0F08999A1F0397AA2F0377AA3F0F9
:10200000517AA4F0CF9EA5F0A599A6F0707AA7F01A
:102010008876A8F08E76A9F09376AAF09976ABF040
:10202000A476ACF0DE74ADF0E074AEF02C75AFF0D9
:10203000209EB0F0229EB1F0289EB2F0299EB3F00F
:102040002A9EB4F02B9EB5F02C9EB6F0329EB7F0CF
:10205000319EB8F0369EB9F0389EBAF0379EBBF08C
:10206000399EBCF03A9EBDF03E9EBEF0419EBFF050
:10207000429EC0F0449EC1F0469EC2F0479EC3F00F
:10208000489EC4F0499EC5F04B9EC6F04C9EC7F0DA
:102090004E9EC8F0519EC9F0559ECAF0579ECBF097
:1020A0005A9ECCF05B9ECDF05C9ECEF05E9ECFF053
:1020B000639ED0F0669ED1F0679ED2F0689ED3F00A
:1020C000699ED4F06A9ED5F06B9ED6F06C9ED7F0D8
:1020D000719ED8F06D9ED9F0739EDAF09275DBF0A8
:1020E0009475DCF09675DDF0A075DEF09D75DFF07F
:1020F000AC75E0F0A375E1F0B375E2F0B475E3F010
:10210000B875E4F0C475E5F0B175E6F0B075E7F0C8
:10211000C375E8F0C275E9F0D675EAF0CD75EBF05D
:10212000E375ECF0E875EDF0E675EEF0E475EFF0D0
:10213000EB75F0F0E775F1F00376F2F0F175F3F07E
:10214000FC75F4F0FF75F5F01076F6F00076F7F018
:102150000576F8F00C76F9F01776FAF00A76FBF0CF
:102160002576FCF01876FDF01576FEF0197640F134
:102170008C9941F18E9942F19A9943F19B9944F1DE
:102180009C9945F19D9946F19E9947F19F9948F197
:10219000A09949F1A1994AF1A2994BF1A3994CF167
:1021A000A4994DF1A6994EF1A7994FF1A99950F133
:1021B000AA9951F1AB9952F1AC9953F1AD9954F1FF
:1021C000AE9955F1AF9956F1B09957F1B19958F1CF
:1021D000B29959F1B3995AF1B4995BF1B5995CF19F
:1021E000B6995DF1B7995EF1B8995FF1B99960F16F
:1021F000BA9961F1BB9962F1BC9963F1BD9964F13F
:10220000BE9965F1BF9966F1C09967F1C19968F10E
:10221000C29969F1C3996AF1C4996BF1C5996CF1DE
:10222000C6996DF1C7996EF1C8996FF1C99970F1AE
:10223000CA9971F1CB9972F1CC9973F1CD9974F17E
:10224000CE9975F1CF9976F1D09977F1D19978F14E
:10225000D29979F1D3997AF1D4997BF1D5997CF11E
:10226000D6997DF1D7997EF1D89980F1D99981F1EC
:10227000DA9982F1DB9983F1DC9984F1DD9985F1BA
:10228000DE9986F1DF9987F1E09988F1E19989F18A
:10229000E2998AF1E3998BF1E4998CF1E5998DF15A
:1022A000E6998EF1E7998FF1E89990F1E99991F12A
:1022B000EA9992F1EB9993F1EC9994F1ED9995F1FA
:1022C000EE9996F1EF9997F1F09998F1F19999F1CA
:1022D000F2999AF1F3999BF1F4999CF1F5999DF19A
:1022E000F6999EF1F7999FF1F899A0F1F999A1F16A
:1022F0001B76A2F13C76A3F12276A4F12076A5F11B
:102300004076A6F12D76A7F13076A8F13F76A9F1B7
:102310003576AAF14376ABF13E76ACF13376ADF18A
:102320004D76AEF15E76AFF15476B0F15C76B1F1F8
:102330005676B2F16B76B3F16F76B4F1CA7FB5F130
:10234000E67AB6F1787AB7F1797AB8F1807AB9F1AC
:10235000867ABAF1887ABBF1957ABCF1A67ABDF19A
:10236000A07ABEF1AC7ABFF1A87AC0F1AD7AC1F122
:10237000B37AC2F16488C3F16988C4F17288C5F187
:102380007D88C6F17F88C7F18288C8F1A288C9F12B
:10239000C688CAF1B788CBF1BC88CCF1C988CDF129
:1023A000E288CEF1CE88CFF1E388D0F1E588D1F193
:1023B000F188D2F11A89D3F1FC88D4F1E888D5F1FB
:1023C000FE88D6F1F088D7F12189D8F11989D9F1A1
:1023D0001389DAF11B89DBF10A89DCF13489DDF13B
:1023E0002B89DEF13689DFF14189E0F16689E1F17F
:1023F0007B89E2F18B75E3F1E580E4F1B276E5F1FA
:10240000B476E6F1DC77E7F11280E8F11480E9F1C7
:102410001680EAF11C80EBF12080ECF12280EDF1D6
:102420002580EEF12680EFF12780F0F12980F1F18F
:102430002880F2F13180F3F10B80F4F13580F5F171
:102440004380F6F14680F7F14D80F8F15280F9F1C2
:102450006980FAF17180FBF18389FCF17898FDF1D4
:102460008098FEF1839840F2FA9941F2FB9942F28A
:10247000FC9943F2FD9944F2FE9945F2FF9946F228
:10248000009A47F2019A48F2029A49F2039A4AF2F4
:10249000049A4BF2059A4CF2069A4DF2079A4EF2C4
:1024A000089A4FF2099A50F20A9A51F20B9A52F294
:1024B0000C9A53F20D9A54F20E9A55F20F9A56F264
:1024C000109A57F2119A58F2129A59F2139A5AF234
:1024D000149A5BF2159A5CF2169A5DF2179A5EF204
:1024E000189A5FF2199A60F21A9A61F21B9A62F2D4
:1024F0001C9A63F21D9A64F21E9A65F21F9A66F2A4
:10250000209A67F2219A68F2229A69F2239A6AF273
:10251000249A6BF2259A6CF2269A6DF2279A6EF243
:10252000289A6FF2299A70F22A9A71F22B9A72F213
:102530002C9A73F22D9A74F22E9A75F22F9A76F2E3
:10254000309A77F2319A78F2329A79F2339A7AF2B3
:10255000349A7BF2359A7CF2369A7DF2379A7EF283
:10256000389A80F2399A81F23A9A82F23B9A83F24F
:102570003C9A84F23D9A85F23E9A86F23F9A87F21F
:10258000409A88F2419A89F2429A8AF2439A8BF2EF
:10259000449A8CF2459A8DF2469A8EF2479A8FF2BF
:1025A000489A90F2499A91F24A9A92F24B9A93F28F
:1025B0004C9A94F24D9A95F24E9A96F24F9A97F25F
:1025C000509A98F2519A99F2529A9AF2539A9BF22F
:1025D000549A9CF2559A9DF2569A9EF2579A9FF2FF
:1025E000589AA0F2599AA1F28998A2F28C98A3F273
:1025F0008D98A4F28F98A5F29498A6F29A98A7F2D3
:102600009B98A8F29E98A9F29F98AAF2A198ABF283
:10261000A298ACF2A598ADF2A698AEF24D86AFF2B4
:102620005486B0F26C86B1F26E86B2F27F86B3F257
:102630007A86B4F27C86B5F27B86B6F2A886B7F2CB
:102640008D86B8F28B86B9F2AC86BAF29D86BBF263
:10265000A786BCF2A386BDF2AA86BEF29386BFF21D
:10266000A986C0F2B686C1F2C486C2F2B586C3F2AC
:10267000CE86C4F2B086C5F2BA86C6F2B186C7F27B
:10268000AF86C8F2C986C9F2CF86CAF2B486CBF249
:10269000E986CCF2F186CDF2F286CEF2ED86CFF26B
:1026A000F386D0F2D086D1F21387D2F2DE86D3F24F
:1026B000F486D4F2DF86D5F2D886D6F2D186D7F268
:1026C0000387D8F20787D9F2F886DAF20887DBF2B7
:1026D0000A87DCF20D87DDF20987DEF22387DFF25D
:1026E0003B87E0F21E87E1F22587E2F22E87E3F2D4
:1026F0001A87E4F23E87E5F24887E6F23487E7F28C
:102700003187E8F22987E9F23787EAF23F87EBF26F
:102710008287ECF22287EDF27D87EEF27E87EFF280
:102720007B87F0F26087F1F27087F2F24C87F3F268
:102730006E87F4F28B87F5F25387F6F26387F7F230
:102740007C87F8F26487F9F25987FAF26587FBF221
:102750009387FCF2AF87FDF2A887FEF2D28740F3A1
:102760005A9A41F35B9A42F35C9A43F35D9A44F3BD
:102770005E9A45F35F9A46F3609A47F3619A48F38D
:10278000629A49F3639A4AF3649A4BF3659A4CF35D
:10279000669A4DF3679A4EF3689A4FF3699A50F32D
:1027A0006A9A51F36B9A52F3729A53F3839A54F3E1
:1027B000899A55F38D9A56F38E9A57F3949A58F353
:1027C000959A59F3999A5AF3A69A5BF3A99A5CF3EE
:1027D000AA9A5DF3AB9A5EF3AC9A5FF3AD9A60F39D
:1027E000AE9A61F3AF9A62F3B29A63F3B39A64F369
:1027F000B49A65F3B59A66F3B99A67F3BB9A68F32E
:10280000BD9A69F3BE9A6AF3BF9A6BF3C39A6CF3ED
:10281000C49A6DF3C69A6EF3C79A6FF3C89A70F3B1
:10282000C99A71F3CA9A72F3CD9A73F3CE9A74F37C
:10283000CF9A75F3D09A76F3D29A77F3D49A78F345
:10284000D59A79F3D69A7AF3D79A7BF3D99A7CF30F
:10285000DA9A7DF3DB9A7EF3DC9A80F3DD9A81F3DA
:10286000DE9A82F3E09A83F3E29A84F3E39A85F3A3
:10287000E49A86F3E59A87F3E79A88F3E89A89F36E
:10288000E99A8AF3EA9A8BF3EC9A8CF3EE9A8DF339
:10289000F09A8EF3F19A8FF3F29A90F3F39A91F300
:1028A000F49A92F3F59A93F3F69A94F3F79A95F3D0
:1028B000F89A96F3FA9A97F3FC9A98F3FD9A99F39B
:1028C000FE9A9AF3FF9A9BF3009B9CF3019B9DF366
:1028D000029B9EF3049B9FF3059BA0F3069BA1F331
:1028E000C687A2F38887A3F38587A4F3AD87A5F3F2
:1028F0009787A6F38387A7F3AB87A8F3E587A9F3A8
:10290000AC87AAF3B587ABF3B387ACF3CB87ADF352
:10291000D387AEF3BD87AFF3D187B0F3C087B1F3F0
:10292000CA87B2F3DB87B3F3EA87B4F3E087B5F382
:10293000EE87B6F31688B7F31388B8F3FE87B9F3BA
:102940000A88BAF31B88BBF32188BCF33988BDF32E
:102950003C88BEF3367FBFF3427FC0F3447FC1F3B0
:10296000457FC2F31082C3F3FA7AC4F3FD7AC5F34C
:10297000087BC6F3037BC7F3047BC8F3157BC9F35D
:102980000A7BCAF32B7BCBF30F7BCCF3477BCDF3D6
:10299000387BCEF32A7BCFF3197BD0F32E7BD1F398
:1029A000317BD2F3207BD3F3257BD4F3247BD5F387
:1029B000337BD6F33E7BD7F31E7BD8F3587BD9F31A
:1029C0005A7BDAF3457BDBF3757BDCF34C7BDDF381
:1029D0005D7BDEF3607BDFF36E7BE0F37B7BE1F31B
:1029E000627BE2F3727BE3F3717BE4F3907BE5F3CC
:1029F000A67BE6F3A77BE7F3B87BE8F3AC7BE9F3D0
:102A00009D7BEAF3A87BEBF3857BECF3AA7BEDF3EC
:102A10009C7BEEF3A27BEFF3AB7BF0F3B47BF1F3A3
:102A2000D17BF2F3C17BF3F3CC7BF4F3DD7BF5F3E5
:102A3000DA7BF6F3E57BF7F3E67BF8F3EA7BF9F371
:102A40000C7CFAF3FE7BFBF3FC7BFCF30F7CFDF3C9
:102A5000167CFEF30B7C40F4079B41F4099B42F487
:102A60000A9B43F40B9B44F40C9B45F40D9B46F4EA
:102A70000E9B47F4109B48F4119B49F4129B4AF4B7
:102A8000149B4BF4159B4CF4169B4DF4179B4EF482
:102A9000189B4FF4199B50F41A9B51F41B9B52F452
:102AA0001C9B53F41D9B54F41E9B55F4209B56F421
:102AB000219B57F4229B58F4249B59F4259B5AF4EC
:102AC000269B5BF4279B5CF4289B5DF4299B5EF4BA
:102AD0002A9B5FF42B9B60F42C9B61F42D9B62F48A
:102AE0002E9B63F4309B64F4319B65F4339B66F456
:102AF000349B67F4359B68F4369B69F4379B6AF422
:102B0000389B6BF4399B6CF43A9B6DF43D9B6EF4EF
:102B10003E9B6FF43F9B70F4409B71F4469B72F4B4
:102B20004A9B73F44B9B74F44C9B75F44E9B76F468
:102B3000509B77F4529B78F4539B79F4559B7AF42D
:102B4000569B7BF4579B7CF4589B7DF4599B7EF4F9
:102B50005A9B80F45B9B81F45C9B82F45D9B83F4C5
:102B60005E9B84F45F9B85F4609B86F4619B87F495
:102B7000629B88F4639B89F4649B8AF4659B8BF465
:102B8000669B8CF4679B8DF4689B8EF4699B8FF435
:102B90006A9B90F46B9B91F46C9B92F46D9B93F405
:102BA0006E9B94F46F9B95F4709B96F4719B97F4D5
:102BB000729B98F4739B99F4749B9AF4759B9BF4A5
:102BC000769B9CF4779B9DF4789B9EF4799B9FF475
:102BD0007A9BA0F47B9BA1F41F7CA2F42A7CA3F433
:102BE000267CA4F4387CA5F4417CA6F4407CA7F4B0
:102BF000FE81A8F40182A9F40282AAF40482ABF453
:102C0000EC81ACF44488ADF42182AEF42282AFF4BE
:102C10002382B0F42D82B1F42F82B2F42882B3F46F
:102C20002B82B4F43882B5F43B82B6F43382B7F425
:102C30003482B8F43E82B9F44482BAF44982BBF4D7
:102C40004B82BCF44F82BDF45A82BEF45F82BFF463
:102C50006882C0F47E88C1F48588C2F48888C3F491
:102C6000D888C4F4DF88C5F45E89C6F49D7FC7F4B4
:102C70009F7FC8F4A77FC9F4AF7FCAF4B07FCBF4BD
:102C8000B27FCCF47C7CCDF44965CEF4917CCFF45A
:102C90009D7CD0F49C7CD1F49E7CD2F4A27CD3F4B5
:102CA000B27CD4F4BC7CD5F4BD7CD6F4C17CD7F422
:102CB000C77CD8F4CC7CD9F4CD7CDAF4C87CDBF4C6
:102CC000C57CDCF4D77CDDF4E87CDEF46E82DFF4D6
:102CD000A866E0F4BF7FE1F4CE7FE2F4D57FE3F4B1
:102CE000E57FE4F4E17FE5F4E67FE6F4E97FE7F4ED
:102CF000EE7FE8F4F37FE9F4F87CEAF4777DEBF417
:102D0000A67DECF4AE7DEDF4477EEEF49B7EEFF411
:102D1000B89EF0F4B49EF1F4738DF2F4848DF3F464
:102D2000948DF4F4918DF5F4B18DF6F4678DF7F48C
:102D30006D8DF8F4478CF9F4498CFAF44A91FBF460
:102D40005091FCF44E91FDF44F91FEF4649140F5E6
:102D50007C9B41F57D9B42F57E9B43F57F9B44F533
:102D6000809B45F5819B46F5829B47F5839B48F503
:102D7000849B49F5859B4AF5869B4BF5879B4CF5D3
:102D8000889B4DF5899B4EF58A9B4FF58B9B50F5A3
:102D90008C9B51F58D9B52F58E9B53F58F9B54F573
:102DA000909B55F5919B56F5929B57F5939B58F543
:102DB000949B59F5959B5AF5969B5BF5979B5CF513
:102DC000989B5DF5999B5EF59A9B5FF59B9B60F5E3
:102DD0009C9B61F59D9B62F59E9B63F59F9B64F5B3
:102DE000A09B65F5A19B66F5A29B67F5A39B68F583
:102DF000A49B69F5A59B6AF5A69B6BF5A79B6CF553
:102E0000A89B6DF5A99B6EF5AA9B6FF5AB9B70F522
:102E1000AC9B71F5AD9B72F5AE9B73F5AF9B74F5F2
:102E2000B09B75F5B19B76F5B29B77F5B39B78F5C2
:102E3000B49B79F5B59B7AF5B69B7BF5B79B7CF592
:102E4000B89B7DF5B99B7EF5BA9B80F5BB9B81F560
:102E5000BC9B82F5BD9B83F5BE9B84F5BF9B85F52E
:102E6000C09B86F5C19B87F5C29B88F5C39B89F5FE
:102E7000C49B8AF5C59B8BF5C69B8CF5C79B8DF5CE
:102E8000C89B8EF5C99B8FF5CA9B90F5CB9B91F59E
:102E9000CC9B92F5CD9B93F5CE9B94F5CF9B95F56E
:102EA000D09B96F5D19B97F5D29B98F5D39B99F53E
:102EB000D49B9AF5D59B9BF5D69B9CF5D79B9DF50E
:102EC000D89B9EF5D99B9FF5DA9BA0F5DB9BA1F5DE
:102ED0006291A2F56191A3F57091A4F56991A5F5B0
:102EE0006F91A6F57D91A7F57E91A8F57291A9F550
:102EF0007491AAF57991ABF58C91ACF58591ADF50E
:102F00009091AEF58D91AFF59191B0F5A291B1F59B
:102F1000A391B2F5AA91B3F5AD91B4F5AE91B5F523
:102F2000AF91B6F5B591B7F5B491B8F5BA91B9F5D9
:102F3000558CBAF57E9EBBF5B88DBCF5EB8DBDF515
:102F4000058EBEF5598EBFF5698EC0F5B58DC1F5FC
:102F5000BF8DC2F5BC8DC3F5BA8DC4F5C48DC5F562
:102F6000D68DC6F5D78DC7F5DA8DC8F5DE8DC9F5D6
:102F7000CE8DCAF5CF8DCBF5DB8DCCF5C68DCDF5DD
:102F8000EC8DCEF5F78DCFF5F88DD0F5E38DD1F53D
:102F9000F98DD2F5FB8DD3F5E48DD4F5098ED5F5F9
:102FA000FD8DD6F5148ED7F51D8ED8F51F8ED9F56B
:102FB0002C8EDAF52E8EDBF5238EDCF52F8EDDF5EB
:102FC0003A8EDEF5408EDFF5398EE0F5358EE1F58F
:102FD0003D8EE2F5318EE3F5498EE4F5418EE5F55F
:102FE000428EE6F5518EE7F5528EE8F54A8EE9F508
:102FF000708EEAF5768EEBF57C8EECF56F8EEDF546
:10300000748EEEF5858EEFF58F8EF0F5948EF1F5DA
:10301000908EF2F59C8EF3F59E8EF4F5788CF5F596
:10302000828CF6F58A8CF7F5858CF8F5988CF9F595
:10303000948CFAF59B65FBF5D689FCF5DE89FDF5E8
:10304000DA89FEF5DC8940F6DC9B41F6DD9B42F631
:10305000DE9B43F6DF9B44F6E09B45F6E19B46F69C
:10306000E29B47F6E39B48F6E49B49F6E59B4AF66C
:10307000E69B4BF6E79B4CF6E89B4DF6E99B4EF63C
:10308000EA9B4FF6EB9B50F6EC9B51F6ED9B52F60C
:10309000EE9B53F6EF9B54F6F09B55F6F19B56F6DC
:1030A000F29B57F6F39B58F6F49B59F6F59B5AF6AC
:1030B000F69B5BF6F79B5CF6F89B5DF6F99B5EF67C
:1030C000FA9B5FF6FB9B60F6FC9B61F6FD9B62F64C
:1030D000FE9B63F6FF9B64F6009C65F6019C66F61A
:1030E000029C67F6039C68F6049C69F6059C6AF6E8
:1030F000069C6BF6079C6CF6089C6DF6099C6EF6B8
:103100000A9C6FF60B9C70F60C9C71F60D9C72F687
:103110000E9C73F60F9C74F6109C75F6119C76F657
:10312000129C77F6139C78F6149C79F6159C7AF627
:10313000169C7BF6179C7CF6189C7DF6199C7EF6F7
:103140001A9C80F61B9C81F61C9C82F61D9C83F6C3
:103150001E9C84F61F9C85F6209C86F6219C87F693
:10316000229C88F6239C89F6249C8AF6259C8BF663
:10317000269C8CF6279C8DF6289C8EF6299C8FF633
:103180002A9C90F62B9C91F62C9C92F62D9C93F603
:103190002E9C94F62F9C95F6309C96F6319C97F6D3
:1031A000329C98F6339C99F6349C9AF6359C9BF6A3
:1031B000369C9CF6379C9DF6389C9EF6399C9FF673
:1031C0003A9CA0F63B9CA1F6E589A2F6EB89A3F612
:1031D000EF89A4F63E8AA5F6268BA6F65397A7F6A6
:1031E000E996A8F6F396A9F6EF96AAF60697ABF637
:1031F0000197ACF60897ADF60F97AEF60E97AFF6BF
:103200002A97B0F62D97B1F63097B2F63E97B3F6FF
:10321000809FB4F6839FB5F6859FB6F6869FB7F676
:10322000879FB8F6889FB9F6899FBAF68A9FBBF642
:103230008C9FBCF6FE9EBDF60B9FBEF60D9FBFF6A3
:10324000B996C0F6BC96C1F6BD96C2F6CE96C3F648
:10325000D296C4F6BF77C5F6E096C6F68E92C7F64C
:10326000AE92C8F6C892C9F63E93CAF66A93CBF6F8
:10327000CA93CCF68F93CDF63E94CEF66B94CFF6F0
:103280007F9CD0F6829CD1F6859CD2F6869CD3F6A4
:10329000879CD4F6889CD5F6237AD6F68B9CD7F6F5
:1032A0008E9CD8F6909CD9F6919CDAF6929CDBF62F
:1032B000949CDCF6959CDDF69A9CDEF69B9CDFF6F2
:1032C0009E9CE0F69F9CE1F6A09CE2F6A19CE3F6B2
:1032D000A29CE4F6A39CE5F6A59CE6F6A69CE7F680
:1032E000A79CE8F6A89CE9F6A99CEAF6AB9CEBF64D
:1032F000AD9CECF6AE9CEDF6B09CEEF6B19CEFF614
:10330000B29CF0F6B39CF1F6B49CF2F6B59CF3F6E1
:10331000B69CF4F6B79CF5F6BA9CF6F6BB9CF7F6AD
:10332000BC9CF8F6BD9CF9F6C49CFAF6C59CFBF66D
:10333000C69CFCF6C79CFDF6CA9CFEF6CB9C40F7EB
:103340003C9C41F73D9C42F73E9C43F73F9C44F731
:10335000409C45F7419C46F7429C47F7439C48F701
:10336000449C49F7459C4AF7469C4BF7479C4CF7D1
:10337000489C4DF7499C4EF74A9C4FF74B9C50F7A1
:103380004C9C51F74D9C52F74E9C53F74F9C54F771
:10339000509C55F7519C56F7529C57F7539C58F741
:1033A000549C59F7559C5AF7569C5BF7579C5CF711
:1033B000589C5DF7599C5EF75A9C5FF75B9C60F7E1
:1033C0005C9C61F75D9C62F75E9C63F75F9C64F7B1
:1033D000609C65F7619C66F7629C67F7639C68F781
:1033E000649C69F7659C6AF7669C6BF7679C6CF751
:1033F000689C6DF7699C6EF76A9C6FF76B9C70F721
:103400006C9C71F76D9C72F76E9C73F76F9C74F7F0
:10341000709C75F7719C76F7729C77F7739C78F7C0
:10342000749C79F7759C7AF7769C7BF7779C7CF790
:10343000789C7DF7799C7EF77A9C80F77B9C81F75E
:103440007D9C82F77E9C83F7809C84F7839C85F724
:10345000849C86F7899C87F78A9C88F78C9C89F7DF
:103460008F9C8AF7939C8BF7969C8CF7979C8DF793
:10347000989C8EF7999C8FF79D9C90F7AA9C91F74A
:10348000AC9C92F7AF9C93F7B99C94F7BE9C95F7D0
:10349000BF9C96F7C09C97F7C19C98F7C29C99F780
:1034A000C89C9AF7C99C9BF7D19C9CF7D29C9DF72E
:1034B000DA9C9EF7DB9C9FF7E09CA0F7E19CA1F7CC
:1034C000CC9CA2F7CD9CA3F7CE9CA4F7CF9CA5F7EC
:1034D000D09CA6F7D39CA7F7D49CA8F7D59CA9F7B6
:1034E000D79CAAF7D89CABF7D99CACF7DC9CADF77E
:1034F000DD9CAEF7DF9CAFF7E29CB0F77C97B1F7AD
:103500008597B2F79197B3F79297B4F79497B5F779
:10351000AF97B6F7AB97B7F7A397B8F7B297B9F7E6
:10352000B497BAF7B19ABBF7B09ABCF7B79ABDF7A0
:10353000589EBEF7B69ABFF7BA9AC0F7BC9AC1F7C1
:10354000C19AC2F7C09AC3F7C59AC4F7C29AC5F721
:10355000CB9AC6F7CC9AC7F7D19AC8F7459BC9F75B
:10356000439BCAF7479BCBF7499BCCF7489BCDF7CA
:103570004D9BCEF7519BCFF7E898D0F70D99D1F737
:103580002E99D2F75599D3F75499D4F7DF9AD5F7F6
:10359000E19AD6F7E69AD7F7EF9AD8F7EB9AD9F7E8
:1035A000FB9ADAF7ED9ADBF7F99ADCF7089BDDF77F
:1035B0000F9BDEF7139BDFF71F9BE0F7239BE1F7E1
:1035C000BD9EE2F7BE9EE3F73B7EE4F7829EE5F701
:1035D000879EE6F7889EE7F78B9EE8F7929EE9F7CD
:1035E000D693EAF79D9EEBF79F9EECF7DB9EEDF7F7
:1035F000DC9EEEF7DD9EEFF7E09EF0F7DF9EF1F741
:10360000E29EF2F7E99EF3F7E79EF4F7E59EF5F701
:10361000EA9EF6F7EF9EF7F7229FF8F72C9FF9F74F
:103620002F9FFAF7399FFBF7379FFCF73D9FFDF778
:103630003E9FFEF7449F40F8E39C41F8E49C42F82B
:10364000E59C43F8E69C44F8E79C45F8E89C46F87E
:10365000E99C47F8EA9C48F8EB9C49F8EC9C4AF84E
:10366000ED9C4BF8EE9C4CF8EF9C4DF8F09C4EF81E
:10367000F19C4FF8F29C50F8F39C51F8F49C52F8EE
:10368000F59C53F8F69C54F8F79C55F8F89C56F8BE
:10369000F99C57F8FA9C58F8FB9C59F8FC9C5AF88E
:1036A000FD9C5BF8FE9C5CF8FF9C5DF8009D5EF85D
:1036B000019D5FF8029D60F8039D61F8049D62F82A
:1036C000059D63F8069D64F8079D65F8089D66F8FA
:1036D000099D67F80A9D68F80B9D69F80C9D6AF8CA
:1036E0000D9D6BF80E9D6CF80F9D6DF8109D6EF89A
:1036F000119D6FF8129D70F8139D71F8149D72F86A
:10370000159D73F8169D74F8179D75F8189D76F839
:10371000199D77F81A9D78F81B9D79F81C9D7AF809
:103720001D9D7BF81E9D7CF81F9D7DF8209D7EF8D9
:10373000219D80F8229D81F8239D82F8249D83F8A5
:10374000259D84F8269D85F8279D86F8289D87F875
:10375000299D88F82A9D89F82B9D8AF82C9D8BF845
:103760002D9D8CF82E9D8DF82F9D8EF8309D8FF815
:10377000319D90F8329D91F8339D92F8349D93F8E5
:10378000359D94F8369D95F8379D96F8389D97F8B5
:10379000399D98F83A9D99F83B9D9AF83C9D9BF885
:1037A0003D9D9CF83E9D9DF83F9D9EF8409D9FF855
:1037B000419DA0F8429D40F9439D41F9449D42F945
:1037C000459D43F9469D44F9479D45F9489D46F975
:1037D000499D47F94A9D48F94B9D49F94C9D4AF945
:1037E0004D9D4BF94E9D4CF94F9D4DF9509D4EF915
:1037F000519D4FF9529D50F9539D51F9549D52F9E5
:10380000559D53F9569D54F9579D55F9589D56F9B4
:10381000599D57F95A9D58F95B9D59F95C9D5AF984
:103820005D9D5BF95E9D5CF95F9D5DF9609D5EF954
:10383000619D5FF9629D60F9639D61F9649D62F924
:10384000659D63F9669D64F9679D65F9689D66F9F4
:10385000699D67F96A9D68F96B9D69F96C9D6AF9C4
:103860006D9D6BF96E9D6CF96F9D6DF9709D6EF994
:10387000719D6FF9729D70F9739D71F9749D72F964
:10388000759D73F9769D74F9779D75F9789D76F934
:10389000799D77F97A9D78F97B9D79F97C9D7AF904
:1038A0007D9D7BF97E9D7CF97F9D7DF9809D7EF9D4
:1038B000819D80F9829D81F9839D82F9849D83F9A0
:1038C000859D84F9869D85F9879D86F9889D87F970
:1038D000899D88F98A9D89F98B9D8AF98C9D8BF940
:1038E0008D9D8CF98E9D8DF98F9D8EF9909D8FF910
:1038F000919D90F9929D91F9939D92F9949D93F9E0
:10390000959D94F9969D95F9979D96F9989D97F9AF
:10391000999D98F99A9D99F99B9D9AF99C9D9BF97F
:103920009D9D9CF99E9D9DF99F9D9EF9A09D9FF94F
:10393000A19DA0F9A29D40FAA39D41FAA49D42FA3F
:10394000A59D43FAA69D44FAA79D45FAA89D46FA6F
:10395000A99D47FAAA9D48FAAB9D49FAAC9D4AFA3F
:10396000AD9D4BFAAE9D4CFAAF9D4DFAB09D4EFA0F
:10397000B19D4FFAB29D50FAB39D51FAB49D52FADF
:10398000B59D53FAB69D54FAB79D55FAB89D56FAAF
:10399000B99D57FABA9D58FABB9D59FABC9D5AFA7F
:1039A000BD9D5BFABE9D5CFABF9D5DFAC09D5EFA4F
:1039B000C19D5FFAC29D60FAC39D61FAC49D62FA1F
:1039C000C59D63FAC69D64FAC79D65FAC89D66FAEF
:1039D000C99D67FACA9D68FACB9D69FACC9D6AFABF
:1039E000CD9D6BFACE9D6CFACF9D6DFAD09D6EFA8F
:1039F000D19D6FFAD29D70FAD39D71FAD49D72FA5F
:103A0000D59D73FAD69D74FAD79D75FAD89D76FA2E
:103A1000D99D77FADA9D78FADB9D79FADC9D7AFAFE
:103A2000DD9D7BFADE9D7CFADF9D7DFAE09D7EFACE
:103A3000E19D80FAE29D81FAE39D82FAE49D83FA9A
:103A4000E59D84FAE69D85FAE79D86FAE89D87FA6A
:103A5000E99D88FAEA9D89FAEB9D8AFAEC9D8BFA3A
:103A6000ED9D8CFAEE9D8DFAEF9D8EFAF09D8FFA0A
:103A7000F19D90FAF29D91FAF39D92FAF49D93FADA
:103A8000F59D94FAF69D95FAF79D96FAF89D97FAAA
:103A9000F99D98FAFA9D99FAFB9D9AFAFC9D9BFA7A
:103AA000FD9D9CFAFE9D9DFAFF9D9EFA009E9FFA49
:103AB000019EA0FA029E40FB039E41FB049E42FB36
:103AC000059E43FB069E44FB079E45FB089E46FB66
:103AD000099E47FB0A9E48FB0B9E49FB0C9E4AFB36
:103AE0000D9E4BFB0E9E4CFB0F9E4DFB109E4EFB06
:103AF000119E4FFB129E50FB139E51FB149E52FBD6
:103B0000159E53FB169E54FB179E55FB189E56FBA5
:103B1000199E57FB1A9E58FB1B9E59FB1C9E5AFB75
:103B20001D9E5BFB1E9E5CFB249E5DFB279E5EFB39
:103B30002E9E5FFB309E60FB349E61FB3B9E62FBD2
:103B40003C9E63FB409E64FB4D9E65FB509E66FB66
:103B5000529E67FB539E68FB549E69FB569E6AFB10
:103B6000599E6BFB5D9E6CFB5F9E6DFB609E6EFBCA
:103B7000619E6FFB629E70FB659E71FB6E9E72FB89
:103B80006F9E73FB729E74FB749E75FB759E76FB35
:103B9000769E77FB779E78FB789E79FB799E7AFB01
:103BA0007A9E7BFB7B9E7CFB7C9E7DFB7D9E7EFBD1
:103BB000809E80FB819E81FB839E82FB849E83FB93
:103BC000859E84FB869E85FB899E86FB8A9E87FB5D
:103BD0008C9E88FB8D9E89FB8E9E8AFB8F9E8BFB25
:103BE000909E8CFB919E8DFB949E8EFB959E8FFBF1
:103BF000969E90FB979E91FB989E92FB999E93FBBD
:103C00009A9E94FB9B9E95FB9C9E96FB9E9E97FB8B
:103C1000A09E98FBA19E99FBA29E9AFBA39E9BFB54
:103C2000A49E9CFBA59E9DFBA79E9EFBA89E9FFB22
:103C3000A99EA0FBAA9E40FCAB9E41FCAC9E42FC10
:103C4000AD9E43FCAE9E44FCAF9E45FCB09E46FC40
:103C5000B19E47FCB29E48FCB39E49FCB59E4AFC0F
:103C6000B69E4BFCB79E4CFCB99E4DFCBA9E4EFCDA
:103C7000BC9E4FFCBF9E50FCC09E51FCC19E52FC9E
:103C8000C29E53FCC39E54FCC59E55FCC69E56FC6A
:103C9000C79E57FCC89E58FCCA9E59FCCB9E5AFC36
:103CA000CC9E5BFCD09E5CFCD29E5DFCD39E5EFCF9
:103CB000D59E5FFCD69E60FCD79E61FCD99E62FCBF
:103CC000DA9E63FCDE9E64FCE19E65FCE39E66FC7E
:103CD000E49E67FCE69E68FCE89E69FCEB9E6AFC3D
:103CE000EC9E6BFCED9E6CFCEE9E6DFCF09E6EFC03
:103CF000F19E6FFCF29E70FCF39E71FCF49E72FCD0
:103D0000F59E73FCF69E74FCF79E75FCF89E76FC9F
:103D1000FA9E77FCFD9E78FCFF9E79FC009F7AFC62
:103D2000019F7BFC029F7CFC039F7DFC049F7EFC2B
:103D3000059F80FC069F81FC079F82FC089F83FCF7
:103D4000099F84FC0A9F85FC0C9F86FC0F9F87FCC3
:103D5000119F88FC129F89FC149F8AFC159F8BFC85
:103D6000169F8CFC189F8DFC1A9F8EFC1B9F8FFC4E
:103D70001C9F90FC1D9F91FC1E9F92FC1F9F93FC1B
:103D8000219F94FC239F95FC249F96FC259F97FCE4
:103D9000269F98FC279F99FC289F9AFC299F9BFCB3
:103DA0002A9F9CFC2B9F9DFC2D9F9EFC2E9F9FFC81
:103DB000309FA0FC319F40FD329F41FD339F42FD6B
:103DC000349F43FD359F44FD369F45FD389F46FD9A
:103DD0003A9F47FD3C9F48FD3F9F49FD409F4AFD5C
:103DE000419F4BFD429F4CFD439F4DFD459F4EFD26
:103DF000469F4FFD479F50FD489F51FD499F52FDF3
:103E00004A9F53FD4B9F54FD4C9F55FD4D9F56FDC2
:103E10004E9F57FD4F9F58FD529F59FD539F5AFD8E
:103E2000549F5BFD559F5CFD569F5DFD579F5EFD5A
:103E3000589F5FFD599F60FD5A9F61FD5B9F62FD2A
:103E40005C9F63FD5D9F64FD5E9F65FD5F9F66FDFA
:103E5000609F67FD619F68FD629F69FD639F6AFDCA
:103E6000649F6BFD659F6CFD669F6DFD679F6EFD9A
:103E7000689F6FFD699F70FD6A9F71FD6B9F72FD6A
:103E80006C9F73FD6D9F74FD6E9F75FD6F9F76FD3A
:103E9000709F77FD719F78FD729F79FD739F7AFD0A
:103EA000749F7BFD759F7CFD769F7DFD779F7EFDDA
:103EB000789F80FD799F81FD7A9F82FD7B9F83FDA6
:103EC0007C9F84FD7D9F85FD7E9F86FD819F87FD74
:103ED000829F88FD8D9F89FD8E9F8AFD8F9F8BFD20
:103EE000909F8CFD919F8DFD929F8EFD939F8FFDE6
:103EF000949F90FD959F91FD969F92FD979F93FDB6
:103F0000989F94FD9C9F95FD9D9F96FD9E9F97FD7C
:103F1000A19F98FDA29F99FDA39F9AFDA49F9BFD41
:103F2000A59F9CFD2CF99DFD79F99EFD95F99FFDBE
:103F3000E7F9A0FDF1F940FE0CFA41FE0DFA42FE50
:103F40000EFA43FE0FFA44FE11FA45FE13FA46FE3E
:103F500014FA47FE18FA48FE1FFA49FE20FA4AFEF4
:103F600021FA4BFE23FA4CFE24FA4DFE27FA4EFEB0
:103F700028FA4FFE29FA0000000061006200630089
:103F80006400650066006700680069006A006B00F5
:103F90006C006D006E006F007000710072007300A5
:103FA0007400750076007700780079007A00A1002F
:103FB000A200A300A500AC00AF00E000E100E20019
:103FC000E300E400E500E600E700E800E900EA00BD
:103FD000EB00EC00ED00EE00EF00F000F100F2006D
:103FE000F300F400F500F600F800F900FA00FB0019
:103FF000FC00FD00FE00FF000101030105010701B7
:1040000009010B010D010F01110113011501170128
:1040100019011B011D011F01210123012501270198
:1040200029012B012D012F01310133013501370108
:104030003A013C013E014001420144014601480170
:104040004B014D014F0151015301550157015901D8
:104050005B015D015F016101630165016701690148
:104060006B016D016F0171017301750177017A01B7
:104070007C017E019201B103B203B303B403B50323
:10408000B603B703B803B903BA03BB03BC03BD034C
:10409000BE03BF03C003C103C303C403C503C603F8
:1040A000C703C803C903CA0330043104320433040C
:1040B0003404350436043704380439043A043B0424
:1040C0003C043D043E043F044004410442044304D4
:1040D0004404450446044704480449044A044B0484
:1040E0004C044D044E044F04510452045304540430
:1040F000550456045704580459045A045B045C04DC
:104100005E045F0470217121722173217421752175
:1041100076217721782179217A217B217C217D21CB
:104120007E217F2141FF42FF43FF44FF45FF46FFC1
:1041300047FF48FF49FF4AFF4BFF4CFF4DFF4EFF33
:104140004FFF50FF51FF52FF53FF54FF55FF56FFE3
:1041500057FF58FF59FF5AFF00004100420043003B
:104160004400450046004700480049004A004B0013
:104170004C004D004E004F005000510052005300C3
:104180005400550056005700580059005A002100AD
:10419000E0FFE1FFE5FFE2FFE3FFC000C100C20076
:1041A000C300C400C500C600C700C800C900CA00DB
:1041B000CB00CC00CD00CE00CF00D000D100D2008B
:1041C000D300D400D500D600D800D900DA00DB0037
:1041D000DC00DD00DE0078010001020104010601BF
:1041E00008010A010C010E0110011201140116014F
:1041F00018011A011C011E012001220124012601BF
:1042000028012A012C012E0130013201340136012E
:1042100039013B013D013F01410143014501470196
:104220004A014C014E0150015201540156015801FE
:104230005A015C015E01600162016401660168016E
:104240006A016C016E0170017201740176017901DD
:104250007B017D01910191039203930394039503E4
:1042600096039703980399039A039B039C039D036A
:104270009E039F03A003A103A303A403A503A60316
:10428000A703A803A903AA0310041104120413042A
:104290001404150416041704180419041A041B0442
:1042A0001C041D041E041F042004210422042304F2
:1042B0002404250426042704280429042A042B04A2
:1042C0002C042D042E042F0401040204030404040E
:1042D000050406040704080409040A040B040C047A
:1042E0000E040F0460216121622163216421652194
:1042F00066216721682169216A216B216C216D216A
:104300006E216F2121FF22FF23FF24FF25FF26FFBF
:1043100027FF28FF29FF2AFF2BFF2CFF2DFF2EFF51
:104320002FFF30FF31FF32FF33FF34FF35FF36FF01
:1043300037FF38FF39FF3AFF00003E20486F7374A3
:10434000204C69627261727920496E697469616C8E
:10435000697A65640D0A003E2044657669636520CC
:104360004174746163686564200D0A003E204465F1
:104370007669636520446973636F6E6E6563746507
:10438000640D0A003E20456E756D65726174696F3B
:104390006E20636F6D706C65746564200D0A003E5D
:1043A0002048696768207370656564206465766974
:1043B00063652064657465637465640D0A003E205E
:1043C00046756C6C207370656564206465766963FE
:1043D000652064657465637465640D0A003E204C55
:1043E0006F77207370656564206465766963652006
:1043F00064657465637465640D0A003E20446576E7
:10440000696365206661756C74200D0A003E204D5D
:104410006173732073746F72616765206465766978
:10442000636520636F6E6E65637465640D0A003E9C
:10443000204849442064657669636520636F6E6E29
:1044400065637465640D0A003E2053697A65206FC8
:104450006620746865206469736B20696E204D4224
:10446000797465733A200D0A003E204C554E204168
:104470007661696C61626C6520696E207468652084
:104480006465766963653A0D0A003E204578706C74
:104490006F72696E67206469736B20666C61736804
:1044A000202E2E2E0D0A003E20546865206469736C
:1044B0006B2069732077726974652070726F746500
:1044C000637465640D0A003E20554E5245434F56B5
:1044D00045524544204552524F5220535441544571
:1044E0000D0A00DDDDDDDDDCBBBBDDDDDDDDDDDDC1
:1044F000DDDDDD9888888888888888777777777782
:1045000088888885555556666666666666666666F8
:1045100068888883333332222222222222222222D6
:1045200028888D00CAB1BCE43A20253034642D259A
:104530003032642D2530326420253032643A253003
:1045400032643A253032640AC5A8B6C83A20252E0E
:104550003266207070620AB5E7B5BCC2CA3A20253F
:104560002E34662075732F636D0D0A008C45030889
:1045700000000020F80000007C6800088446030862
:10458000F8000020109200008C6800080000000075
:10459000000000000000000000000000000A0D0103
:1045A000000000000000000000000000000000000B
:1045B00000000000000102030401020304060708D2
:1045C00009000000000000000000000000000000E2
:1045D00000000000000000000000000000000000DB
:1045E00000000000B53C0008693C000829360008BE
:1045F0002D37000800030000D5470008FF2D0008F4
:10460000BB2F00086C00002000000000000000002C
:10461000494900087548000879480008414A0008DF
:1046200089480008F5490008C14800080149000808
:104630007748000841480008CD4900081D4A000895
:10464000694A000839490008A14A0008C949000818
:1046500099480008914A000800000000000000008E
:10466000000000000000000000000000000000004A
:10467000000000000000000000000000000000003A
:044680000000000036
:040000050800018965
:00000001FF
