:020000040800F2
:10000000489300209D0100086D1B0008211A00087C
:10001000691B0008BF0E00089D6800080000000072
:100020000000000000000000000000009120000817
:100030001D18000800000000591C000805220008D7
:10004000B7010008B7010008B7010008B7010008B0
:10005000B7010008B7010008B7010008B7010008A0
:10006000B7010008B7010008B7010008B701000890
:10007000B7010008B7010008B7010008B701000880
:10008000B7010008B7010008B7010008B701000870
:10009000B7010008B7010008B7010008B701000860
:1000A000B7010008B7010008B7010008B701000850
:1000B0002D24000835240008B7010008B701000806
:1000C000B7010008B7010008B7010008B701000830
:1000D000B70100086D270008B7010008B701000844
:1000E000B7010008B7010008B7010008B701000810
:1000F000B7010008B7010008B7010008B701000800
:10010000B7010008B7010008B7010008B7010008EF
:10011000B7010008B7010008B7010008B7010008DF
:10012000B7010008B7010008B7010008B7010008CF
:10013000B7010008B7010008B7010008B7010008BF
:10014000B7010008B7010008B7010008B7010008AF
:10015000B7010008B7010008B7010008F12800083E
:10016000B7010008B7010008B7010008B70100088F
:10017000B7010008111C0008B7010008B70100080A
:10018000B7010008B7010008DFF80CD000F064FBED
:1001900000480047B992000848930020064880476D
:1001A00006480047FEE7FEE7FEE7FEE7FEE7FEE75C
:1001B000FEE7FEE7FEE7FEE7892200088901000866
:1001C00040EA01039B0703D009E008C9121F08C0D9
:1001D000042AFAD203E011F8013B00F8013B521E59
:1001E000F9D27047D2B201E000F8012B491EFBD2D0
:1001F00070470022F6E710B513460A460446194632
:10020000FFF7F0FF204610BD421C10F8011B00292B
:10021000FBD1801A704710B5002200E0521C835CAD
:100220008C5CA34201D1002BF8D1D8B2E1B2401AC4
:1002300010BD034611F8012B00F8012B002AF9D15B
:10024000184670470246C9B200E0401C0378002BF4
:10025000FBD102E003788B4203D0401E9042F9D2DA
:100260000020704770B5064606F0DCFB04680546C2
:100270000A220021304600F0C7F82C6070BD00F063
:10028000004230F000400AD0C10D01F56071C0F3AA
:10029000160042EA0151C20840071143704700208E
:1002A0000146704701F0004330B421F0004150EAAC
:1002B000010206D00A0DA2F56072C1F31301002AF3
:1002C00002DC30BC00207047440F44EAC104C10086
:1002D000E01830BC00EBC25000F0CEB830B50B4691
:1002E000014600202022012409E021FA02F59D4266
:1002F00005D303FA02F5491B04FA02F52844151E3A
:10030000A2F10102F1DC30BD2DE9F05F05460020CD
:1003100092469B4688460646814640241BE0284676
:1003200041464746224600F0B8FA53465A46C01A9C
:10033000914110D311461846224600F09FFA2D1A1B
:1003400067EB01084F4622460120002100F096FA93
:1003500017EB00094E41201EA4F10104DFDC4846E2
:1003600031462A464346BDE8F09F00000FB4002303
:1003700000B589B00CA900910B996FF00042CB60D9
:100380001E4B06931E4B07930423CDE901321D4AF1
:10039000089202466B46002000F044FB09B05DF86D
:1003A00014FB70B586B006464FF0FF300091CDE9E2
:1003B0000101002015460C4604903246694604A807
:1003C000FFF7D4FF02460498211825B108B108466A
:1003D00000E020462860049800280DD0002A02DDA5
:1003E0000098884208D0081B0094CDE901043246E9
:1003F000694604A8FFF7BAFF06B070BD5D0C00089F
:100400007B0C0008E90800082DE9F04791460F46EB
:1004100080460446002614F8015B2DB100F060FA16
:100420000068405DC007F6D12B2D02D02D2D18D0CD
:10043000641E4A463946204600F030FC27B1396830
:10044000A14201D1C7F8008071054FF002040BD51D
:100450004042002803DD06F0E5FA0460A007BDE88D
:10046000F08746F48066E4E70028F8DA06F0DAFA66
:1004700004606FF00040F2E70029A8BF7047401CFD
:10048000490008BF20F00100704710B4B0FA80FCAA
:1004900000FA0CF050EA010404BF10BC704749B1E7
:1004A000CCF1200421FA04F411FA0CF118BF012157
:1004B00021430843A3EB0C01CB1D4FEA00614FEA37
:1004C000102042BF002010BC704700EBC350104406
:1004D0000029A4BF10BC7047401C490008BF20F091
:1004E000010010BC70472DE9FE4F804681EA0300F1
:1004F000C00F0C46009021F0004123F00045B8EBFE
:100500000200A94105D24046214690461C460B46B2
:10051000024623F00040104347D0270DC7F30A00DE
:10052000C3F30A510290401A019040286BDAC3F3DA
:10053000130040F4801B0098924620B10023D2EBB8
:10054000030A63EB0B0B01985946C0F14002504679
:1005500000F094F906460D4650465946019A00F0BF
:10056000ACF910EB08006141002487EA115284EADB
:10057000E7731A4340D0009A62B3019A012A4FEA06
:10058000075215DC001B61EB02014FF0004202EA4A
:100590000752CDE90042001C41F5801132462B463E
:1005A00000F0DAFB03B0BDE8F08F40462146F9E7E2
:1005B000001B61EB0201001C41F5801300185B4138
:1005C0002018A2F5001747EB030140EAD570B619D1
:1005D0006D4111E06D084FEA360645EAC0754FEAF5
:1005E0000752001B61EB0201001C41F58011490814
:1005F0004FEA30000019514132462B4603B0BDE8A6
:10060000F04F00F09ABB0098012240000023D0EB8D
:10061000020263EBE073009821464FEAE074B8EB06
:10062000000061EB0401E9E783F000435BE781F040
:10063000004158E72DE9FE4F81EA030404F000442D
:1006400021F0004100944FF0000B23F0004350EAEA
:1006500001045ED052EA03045BD0C3F30A54C1F331
:100660000A552C44A4F2F3340194A0FB0254C1F3C4
:10067000130141F48011C3F3130343F4801301FB0E
:10068000024400FB034E840A970A44EA815447EA75
:100690008357A4FB076802958D0A05FB07854FEA7F
:1006A000932C04FB0C542705029D4FEA065847EA99
:1006B0001637B5EB08056EEB070C870E920E47EA6E
:1006C000811742EA8312A7FB0201B6EB0B0164EB30
:1006D00000042B0D43EA0C335E1844EB1C50DA4641
:1006E0005146E7FB0201C5F313044FEA0B3343EA1B
:1006F00014534FEA0432019C43EA0603A4F10C04AC
:100700000294009CCDE900B400F026FB03B0BDE8E4
:10071000F08F00200146F9E72DE9F04D81EA03044E
:1007200004F0004B21F0004514464FF0000A23F07E
:10073000004150EA050220D054EA01021DD0C5F361
:100740000A570246C5F31303C1F31300C1F30A5657
:1007500040F4801543F48013A7EB0608101BD6461F
:1007600008F2FD3873EB050002D308F1010801E03F
:1007700092185B41B8F1000F03DA00200146BDE892
:10078000F08D00204FF48011064684460EE0171BC2
:1007900073EB050705D3121B63EB050306434CEA15
:1007A000010C49084FEA300092185B4150EA0107FA
:1007B000EDD152EA030012D082EA040083EA050177
:1007C000084305D0101BAB4106D20122002306E0EE
:1007D00000224FF0004302E06FF0010253101AEBC9
:1007E00006004CEB085110EB0A0041EB0B01BDE891
:1007F000F04D00F0A2BAC1F30A52C1F3130140F266
:10080000FF3341F480119A4202DA0020014670471A
:1008100040F233439A42A2F2334202DC524200F0E9
:100820003CB800F02BB8000030B5041E71F1000494
:1008300004DB4FF00044404264EB0101141E73F1ED
:10084000000405DB1C464FF00043524263EB0403F7
:10085000994208BF904230BD064C074D06E0E06863
:1008600040F0010394E8070098471034AC42F6D3F7
:10087000FFF78EFCB8480308D8480308202A04DB99
:10088000203A00FA02F1002070479140C2F12003A3
:1008900020FA03F3194390407047202A04DB203AE2
:1008A00021FA02F00021704721FA02F3D040C2F190
:1008B00020029140084319467047202A06DBCB17D7
:1008C000203A41FA02F043EAE07306E041FA02F30B
:1008D000D040C2F120029140084319467047000001
:1008E000004870476C48030810B50446FFF7F8FF4E
:1008F0000068005D00F0010010BD00002DE9FF4F11
:10090000087883B09946FF2805D0491C2D2804D0CB
:100910000024002008E000200BE00124F9E700EBB0
:10092000800003EB4000491C0B78FF2BF7D104B18A
:10093000404200230293147819461D462D2C01D005
:100940002B2C04D1521C2D2C13D000240294AA4627
:100950001478FF2C0FD00A25A3FB057801FB058135
:100960004FF0000C03FB0C11521CE3194AEB010180
:10097000EEE70124EAE7814453EA010002D019F5C9
:10098000C87F06DA03980021C0E9001107B0BDE86E
:10099000F08F0025AE4E2F46DFF8B882184600F0E3
:1009A00037FACDE90001B9F1000002DAC9F100041B
:1009B00000E004460023A74A1AEB030B42EB045A5B
:1009C00012E0E00707D02A46334638464146FFF793
:1009D00031FE074688462A46334610461946FFF739
:1009E00029FE05460E466410002CEAD1DDE900011F
:1009F000B9F1000F5A46534606DAFFF78DFE3A4624
:100A00004346FFF789FE05E0FFF714FE3A464346EA
:100A1000FFF710FE029A0AB181F00041039AC2E981
:100A20000001B3E72DE9FF4F1F468DB0D7E901461E
:100A30004FF0FF382E2045464FF000090B90B96962
:100A40006D1C0E988847396A824688470028F6D17F
:100A5000BAF1FF3F0AD024F4D064002E11DDBAF1C0
:100A60002B0F08D0BAF12D0F0BD102E0404611B088
:100A70008DE744F48064B9696D1C0E9888478246FE
:100A8000761E6946600501D52D2000E02B208DF8EB
:100A9000000001F1010B0DF1200809E0B9696D1C9E
:100AA0000E98884782460F9844F40074761E0560BD
:100AB000002E02DDBAF1300FF0D00B998A453ED1FD
:100AC00044F0800406E00F99681CA9F1010944F480
:100AD00000740860B9696D1C761E0E9888478246BE
:100AE0003028F0D02BE00B998A4505D1200603D49D
:100AF00044F08004761E18E0504606F093F808B3E0
:100B00000DF11301761E44F400748B4508D2AAF14E
:100B100030000BF8010B200607D5A9F1010003E016
:100B2000200602D409F101008146A00502D50F99E3
:100B3000681C0860B9696D1C0E9888478246002EB3
:100B4000D1DC53E0002E51DDBAF1650F02D0BAF1CD
:100B5000450F4BD1A00549D5B9696D1C24F44074EB
:100B6000761E0E9888478246002E0CDD2B2804D076
:100B7000BAF12D0F07D144F48074B9696D1C0E9839
:100B800088478246761EE00501D52D2100E02B2105
:100B900008F8011BCDF82C8021E00DF12901761E0B
:100BA00044F4007488450CD2AAF1300010F0FF0024
:100BB00088F8000002D10B99884509D908F101088D
:100BC00006E0E00501D5244801E042F20F708146BD
:100BD000B9696D1C0E98884782460F980560002EF3
:100BE00004DD504606F01EF80028D6D1F9690E98AB
:100BF0008847FF208BF8000088F80000002006904E
:100C000007904B466A4608A906A8FFF777FEA0059D
:100C100002D46FF001002AE714F0240F0AD0E00795
:100C200014D1DDE906123868031D3B600068C0E995
:100C300000120BE0DDE90601FFF734FB0146E00797
:100C400004D13868021D3A600068016028460EE74A
:100C5000000014400000F03FF1D8FFFF426842B1AD
:100C6000016811F8013B23B1521EC0E90012184679
:100C700070470121C160881E704742685AB1C3683D
:100C8000016843B983688B4205D0491E521CC0E9F4
:100C90000012002070474FF0FF3070472DE9F05FE1
:100CA00082460078002715468B460AF10104B946B2
:100CB000302801D09DB113E014F8010B01277828EA
:100CC00003D0582801D045B10AE00DB1102D07D14D
:100CD0000027102514F8010B02E0082500E00A2582
:100CE0000026B0460EE005FB080005FB06F10127D3
:100CF00001EB10461FFA80F8B6F5803F00D3B946E5
:100D000014F8010B294600F075F80028EBDABBF166
:100D1000000F05D00FB1641E00E05446CBF8004030
:100D2000B9F1000F06D005F07DFE02210160C81E5A
:100D3000BDE8F09F48EA0640FAE710B5141E73F1CB
:100D4000000408DA401C41F1000192185B411A438B
:100D500001D120F0010010BD2DE9F04D92469B46D7
:100D600011B1B1FA81F202E0B0FA80F2203290467D
:100D7000FFF784FD04460F4640EA0A0041EA0B01F2
:100D800053465A46084313D0114653EA010019D07E
:100D9000C8F140025046FFF780FD05460E4650461A
:100DA00059464246FFF76AFD084305D0012004E09A
:100DB00020463946BDE8F08D0020054346EAE0763E
:100DC0002C4337430A986305E40AA0EB080000228D
:100DD000FD0A44EA47540A3002D500200146E9E7FB
:100DE000010510196941DDE9084500196941BDE8AF
:100DF000F04DA2E73A2800D2303820F02002412AF4
:100E000001D3A2F13700884201D34FF0FF30704781
:100E10000EB540F2334202920022CDE90022134681
:100E2000FFF79AFF03B000BD70B505460C460848B1
:100E30000560204600F00EF800BF05480068002855
:100E4000FBD100214FF0804001F01BFB70BD000082
:100E5000DC0000203EB5044600214FF0804001F048
:100E600010FB00220121880701F073FB022C02D144
:100E70000B20019004E0012C02D142F6DF600190CA
:100E80000520ADF800000020ADF80800ADF8020024
:100E900069464FF0804001F0AFFB0121880701F067
:100EA000EDFA0121880701F0DDFA012211469007D1
:100EB00001F04FFB0121880701F0E3FA3EBD00BFBE
:100EC000FEE72DE9F04305460E464FF6FF7448F263
:100ED000050817E015F8010B00F0E1FD814684EAF2
:100EE000092408270BE004F4004018B188EA440004
:100EF00084B203E04FF6FF7000EA44047F1E002F27
:100F0000F1D100BF301EA6F10106E3D1204600F06A
:100F1000B3FDBDE8F08300002DE9F04F2DED068B09
:100F200095B004460D464FF0000B00201290139030
:100F300014900F9010901190002606210FAA12AB6A
:100F4000CDE90032CDE9021064231A46052120467E
:100F500007F0C4FE0646052E7EDBBDF848100819D2
:100F600008F01CFA0E90BDF84810091D081908F089
:100F70000AFA0D90BDF84810891D081908F003FA07
:100F80008146BDF84A10081908F0FDF98246BDF8FF
:100F90004A10C91C081908F0F6F90746BDF84A10AE
:100FA000891D081908F0EFF980469FED420A8DED82
:100FB0000C0ABDF8400000281DDDBDF840001028D7
:100FC00019DA00200690079008900990BDF840209B
:100FD000BDF84C00011906A8FFF7F2F806A805F0C5
:100FE00027FDB0EE409AF0EE609A51EC190BFFF736
:100FF00059F90C9000BF9FED2F8ABDF842000028E0
:101000001EDDBDF8420010281ADA00200690079075
:1010100008900990BDF84220BDF84E00011906A8BD
:10102000FFF7CEF806A805F003FDB0EE409AF0EE0B
:10103000609A51EC190BFFF735F908EE100A00BF62
:1010400000200A900B90BDF8440000280DDDBDF88B
:101050004400082809DA00E025E0BDF84420BDF886
:10106000500001190AA8FFF7ABF818EE100AFFF7B5
:1010700006F941EC190B0C98FFF701F941EC1A0B3A
:101080000AA808908DED069B8DED04ABCDE9009A82
:10109000CDE9027808A12846DDE90D3205F098FC7B
:1010A0001FFA80FB00BF584615B0BDEC068BBDE8AB
:1010B000F08F0000000000002530346425303264D9
:1010C000253032642C253032643A253032643A259A
:1010D0003032642C252E32662C252E34662C257356
:1010E00000000000F0B5ADF2D44D05460E460020DC
:1010F000119012901390D5F805001190D5F80900C1
:10110000129000208DF84C00A8A907F0D7FA0446E9
:1011100034B1214659A005F04BFC0DF2D44DF0BD81
:101120005C48006820B111A95B48FFF774F898B1DA
:101130005A48008801280FD111A95748FFF779F8BC
:1011400011A800F07DFE5649088008460088401C22
:10115000088000204F490860514803884E4A51A139
:10116000544805F035FC4E4803884B4A52A114A858
:1011700005F02EFC0122002114A807F0D7F8122256
:1011800014A91EA807F0B4FA0446002C67D14348FE
:101190000088012863D13F48006880B91C224BA118
:1011A0000AA8FFF70DF80AA8FFF72EF807461DABAF
:1011B0003A460AA91EA807F031FC044600BF1EA843
:1011C000219907F0F1F80446052E12DD402101A80F
:1011D000FFF70FF801A92846FFF79EFE0746002FEC
:1011E00006DD1DAB3A4601A91EA807F017FC044610
:1011F00000BF84B93CA0016810911DAB022210A968
:101200001EA807F00BFC044624B92548018837A026
:1012100005F0CEFB00BF1EA807F0B6F81D48006819
:10122000401C1C49086008460068B0F5967F01D351
:10123000002008600122114614A807F077F8044640
:1012400044B9012214A91EA807F052FA10B91EA829
:1012500007F09AF80021084607F030FA5DE71048D9
:1012600001882CA005F0A4FB1EA807F08DF8002132
:10127000084607F023FA00BF4FE70000B9D2D4D8E0
:10128000CEC4BCFECFB5CDB3CAA7B0DC2028256440
:10129000290D0A001800002022110020E200002081
:1012A000160000205325732D253033642E6373768A
:1012B000000000002B1100202F6373762F5325733D
:1012C0002D253033642E637376000000446174650D
:1012D0002C54696D652C544F432C436F6E64312C34
:1012E0004E6F0D0A000000000D0A00007061676576
:1012F00031342E74302E7478743D22253033642EB0
:10130000637376CEC4BCFED0B4C8EBB3C9B9A62211
:10131000FFFFFF007061676531342E74302E7478E2
:10132000743D22253033642E637376CEC4BCFED068
:10133000B4C8EBCAA7B0DC22FFFFFF00F0B5ADF2E6
:10134000AC4D05460E4600200790089009904E4986
:101350000870D5F805000790D5F80900089000201E
:101360008DF824009EA907F0A9F9044634B121465E
:1013700046A005F01DFB0DF2AC4DF0BD49480068DC
:1013800020B107A94848FEF746FF98B147480088B2
:1013900001280FD107A94448FEF74BFF07A800F02A
:1013A000E3FD4349088008460088401C088000206F
:1013B0003C4908603E4803883B4A3EA1414805F04D
:1013C00007FB3B480388384A3FA10AA805F000FB09
:1013D00012220AA914A807F08BF90446002C44D164
:1013E00032480088012840D12E48006880B91C226C
:1013F0003AA16846FEF7E4FE6846FEF705FF074699
:1014000013AB3A46694614A807F008FB044600BF30
:1014100014A8179906F0C8FF0446052E06DD721FB2
:1014200013AB691D14A807F0F9FA044684B932A079
:101430000168069113AB022206A914A807F0EEFA80
:10144000044624B91A4801882CA005F0B1FA00BF5F
:1014500014480068401C1349086008460068B0F54D
:10146000967F07D30020086004E0114801882DA072
:1014700005F09EFA14A806F087FF0021084607F041
:101480001DF900BF77E7000010000020B9D2D4D8C2
:10149000CEC4BCFECFB5CDB3CAA7B0DC202825642E
:1014A000290D0A000C00002000110020040000207B
:1014B000140000205325732D253033642E74787466
:1014C00000000000091100202F7478742F53257339
:1014D0002D253033642E74787400000044617465E7
:1014E0005E54696D655E544F435E436F6E64315E5A
:1014F0004E6F0D0A000000000D0A00007061676564
:1015000031342E74302E7478743D22253033642E9D
:10151000747874CEC4BCFED0B4C8EBB3C9B9A622EB
:10152000FFFFFF007061676531342E74302E7478D0
:10153000743D22253033642E747874CEC4BCFED042
:10154000B4C8EBCAA7B0DC22FFFFFF000246094B7C
:101550009A4201D2084801E00648103801F00053D1
:101560001BB1064B0B40C36002E0044B0B40836091
:101570007047000010640240006002407D0F7D0F44
:1015800021B1026842F00102026003E0026822F029
:101590000102026070470000016821F00101016052
:1015A0000021016041608160C160016121214161D0
:1015B0004A49884204D13D21484A103A91608CE062
:1015C00046491831884205D14FF47461434A103AB4
:1015D000916082E041493031884205D14FF4741165
:1015E0003E4A103A916078E03C494831884205D142
:1015F0004FF07461394A103A91606EE037496031BA
:10160000884204D13649354A103AD16065E0334901
:101610007831884204D13349304A103AD1605CE0D5
:101620002E499031884204D12F492C4A103AD1607A
:1016300053E02A49A831884205D14FF03D51274A4D
:10164000103AD16049E02949884204D13D21274A16
:10165000083A116041E025491831884205D14FF41C
:101660007461224A083A116037E0204930318842DB
:1016700005D14FF474111D4A083A11602DE01B4941
:101680004831884205D14FF07461184A083A116018
:1016900023E016496031884204D11149134A121FD0
:1016A00011601AE011497831884204D10D490F4A7E
:1016B000121F116011E00D499031884204D10A498E
:1016C0000A4A121F116008E00849A831884204D173
:1016D0004FF03D51054A121F1160704710600240E3
:1016E0003D000020400F002000003D20106402401B
:1016F000014600200A6802F001020AB1012000E060
:10170000002070470146486880B2704730B50346F4
:101710000A46002000240B4DAB4201D20A4901E0E9
:101720000849103902F000550DB14C6800E00C6812
:10173000064D2C4004EA02050DB1012000E0002016
:1017400030BD000010640240006002407D0F7D0F3C
:1017500010B500220268134B1A40CC680B68234373
:101760004C6923438C692343CC6923430C6A23438C
:101770004C6A23438C6A23434C6B23438C6B234377
:101780001A430260426922F00702D1E90B34234375
:101790001A4342610B6943604B6883608B68C36086
:1017A00010BD00003F801CF010B500F039FA00F0C9
:1017B000DFFD00F09DFD10BD70B505460C46FF2C09
:1017C00016DA224629461148FEF7FAFC0021104895
:1017D000FFF7D6FE00BF0E48FFF78AFF0028FAD1B8
:1017E00021460B4800F018F801210948FFF7C8FE10
:1017F00009E008490648FFF789FF20B10549044878
:10180000FFF7A4FE00E0F4E700BF70BD2F21002029
:10181000A064024000002020416070477047000033
:1018200008B50F480F4B104A002100900F4801F0F7
:1018300077FE13E00C490D4802F0E0FE00F042F99B
:101840000B480078012809D10A4804F05FFE002007
:1018500007490870FF210748FEF7CBFCEAE70000C4
:101860008C00002060000020AC1F0020001A002027
:10187000E700002030200020F0B50A4600210023B8
:10188000002400BF3DE0012505FA01F3156805EAD3
:1018900003049C4234D105684F000326BE40B54383
:1018A000056015794E00B540066835430560157929
:1018B000012D02D01579022D16D185684F0003261F
:1018C000BE40B543856055794E00B54086683543C6
:1018D0008560456801268E40B54345604568967928
:1018E0008E40B6B235434560C5684F000326BE4002
:1018F000B543C560D5794E00B540C6683543C5606F
:10190000491C1029BFD3F0BDF0B5002300244D07BA
:10191000ED0E02FA05F3CE1000F1200555F8265021
:101920004E07F70E0F26BE40B543CF1000F120063C
:1019300046F82750CE1000F1200555F8265045EA0C
:101940000304CE1000F1200545F82640F0BD418388
:1019500070470183704701464869806880B27047CC
:1019600008B50146D1F8CC00006800900098C0F39B
:10197000414008BD024602F29B30405C704702467F
:1019800002F5547050F82100704770B504460E46B9
:1019900000250021C4F8101300BF0BE0002104F55E
:1019A000457040F825103C3040F825103C3041553A
:1019B000681CC5B20F2DF1DB0821A4F8B213314623
:1019C000204603F007FE204603F00EFA204603F0FF
:1019D000CDF80121204603F069FE204603F05FF9AF
:1019E000204603F05AFA002070BD0146D1F81003DA
:1019F000704710B50446204603F0CBFD002010BD13
:101A000070B504460D46002104F29B30415511305B
:101A100000EB451041612946204603F069FC70BD8A
:101A200009A100200BE00A56124B9A8000BF114A10
:101A3000128802F04002002AF9D0421CD0B22A28B3
:101A4000F1D300BFFEE700000D0A456E74657220F9
:101A5000486172644661756C745F48616E646C6560
:101A6000722C2053797374656D2048616C742E0D4F
:101A70000A0000000010014010B5024600200021BD
:101A80000AE001238B4013402BB1C1F10F04012365
:101A9000A3409BB21843491C1029F2DB10BD10B5BE
:101AA0000246002000210AE001238B4013402BB1A5
:101AB000C1F107040123A340DBB21843491C0829E4
:101AC000F2DB10BD10B50948007800B910BD084818
:101AD000007800B1FAE70020044908704FF4005183
:101AE0000448FFF736FF00BFF0E70000F4000020D5
:101AF000F50000200010024010B54FF400510548D9
:101B0000FFF725FF012004490870142003490870DD
:101B100010BD000000100240F4000020F50000207D
:101B20001CB50121102000F099F84FF4604000909E
:101B300001208DF8040003208DF80500694609484E
:101B4000FFF79AFE4FF400510648FFF702FF4FF4EB
:101B500080410448FFF7FDFE4FF400410148FFF7C4
:101B6000F8FE1CBD0010024000BFFEE770470000F9
:101B700070B5002100230F22C4781CB3174C2468D1
:101B800004F4E064C4F5E064C4F30721C1F1040483
:101B9000E3B20A4144789C40E1B284781440214386
:101BA0000C07210E0E4C05786155047804F01F05D2
:101BB0000124AC4005786D11AD0005F1E025C5F8B4
:101BC000004109E0047804F01F050124AC40054DF4
:101BD0000678761145F8264070BD00000CED00E057
:101BE00000E400E080E100E002490143024A1160A4
:101BF000704700000000FA050CED00E0024A0A40C0
:101C00000243024B1A60704780FFFF1F08ED00E09F
:101C100010B5024802F058FB10BD0000001A002069
:101C2000002004E00B4921F81000411C88B2B0F5F7
:101C30007A7FF7DB002009E0C0F57A718AB200F5FF
:101C40007A71044B23F81120411C88B2B0F57A7FD9
:101C5000F2DB7047A42300207047000029B1064A38
:101C600012680243044B1A6004E0034A126882437C
:101C7000014B1A60704700003038024029B1064A13
:101C800012680243044B1A6004E0034A126882435C
:101C9000014B1A60704700004038024029B1064AE3
:101CA00012680243044B1A6004E0034A126882433C
:101CB000014B1A60704700002038024029B1064AE3
:101CC00012680243044B1A6004E0034A126882431C
:101CD000014B1A60704700004438024029B1064A9F
:101CE00012680243044B1A6004E0034A12688243FC
:101CF000014B1A607047000024380240F0B5002103
:101D000000220024022500260223324F3F6807F0FC
:101D10000C0121B1042905D0082937D105E02E4F47
:101D2000076036E02D4F076033E02A4F3F1F3F68C2
:101D3000C7F38056274F3F1F3F6807F03F036EB140
:101D4000264FB7FBF3F7DFF88CC0ACF1040CDCF8DE
:101D500000C0CCF3881C07FB0CF40CE01E4FB7FB53
:101D6000F3F7DFF870C0ACF1040CDCF800C0CCF382
:101D7000881C07FB0CF4174F3F1F3F68C7F3014750
:101D80007F1C7D00B4FBF5F7076002E0124F07608F
:101D900000BF00BF0F4F3F6807F0F0010909104F67
:101DA0007A5C0768D74047600A4F3F6807F4E05104
:101DB000890A0B4F7A5C4768D7408760054F3F68B8
:101DC00007F46041490B064F7A5C4768D740C7600B
:101DD000F0BD0000083802400024F40000127A0030
:101DE0002D0000200FB410B5A2B025A801908021CD
:101DF00002A8019B249A04F0FFFD044600200190F4
:101E0000002C03DD214602A800F004F822B010BC2B
:101E10005DF814FB10B50246002000BF0AE0135C19
:101E2000064CA38000BF054B1B8803F04003002B2A
:101E3000F9D0401C8842F2D310BD000000100140D0
:101E40002DE9F0439DB080464FF0000936A114A85B
:101E500006F01EFD0546052D11D133A006F07BFBD3
:101E600005463DB1294632A004F0A2FD00201DB078
:101E7000BDE8F0832CA114A806F00AFD054601A8D0
:101E8000129020201390002D47D13BE09DF83800A0
:101E900000F0100000B135E01298007808B11298F7
:101EA00001E00DF1390004462E212046FEF7CAF963
:101EB000074637B324A13846FEF7ADF908BB2078B2
:101EC00053281ED12046FEF79FF90E2819D3607AB9
:101ED0002D2816D1D4F801000990D4F805000A90F5
:101EE00000208DF82C0004F10A00FEF7BBF906462D
:101EF000414609A8FEF78FF918B94E4501DD1FFAD2
:101F000086F900BF0CA914A806F0FEFC051E08D136
:101F10009DF839000028B9D103E029460CA004F04F
:101F200047FD4846A3E700002F63737600000000DA
:101F3000B4B4BDA8637376C4BFC2BCCAA7B0DC206A
:101F4000282564290A0000002E6373760000000033
:101F5000B4F2BFAA637376C4BFC2BCCAA7B0DC2008
:101F6000282564290A0000002DE9F0439DB0804631
:101F70004FF0000936A114A806F08AFC0546052D8D
:101F800011D133A006F0E7FA05463DB1294632A04B
:101F900004F00EFD00201DB0BDE8F0832CA114A8B4
:101FA00006F076FC054601A8129020201390002D23
:101FB00047D13BE09DF8380000F0100000B135E05B
:101FC0001298007808B1129801E00DF1390004462A
:101FD0002E212046FEF736F9074637B324A13846AE
:101FE000FEF719F908BB207853281ED12046FEF7CA
:101FF0000BF90E2819D3607A2D2816D1D4F80100D8
:102000000990D4F805000A9000208DF82C0004F106
:102010000A00FEF727F90646414609A8FEF7FBF835
:1020200018B94E4501DD1FFA86F900BF0CA914A8A6
:1020300006F06AFC051E08D19DF839000028B9D1C8
:1020400003E029460CA004F0B3FC4846A3E70000D7
:102050002F74787400000000B4B4BDA8747874C400
:10206000BFC2BCCAA7B0DC20282564290A00000032
:102070002E74787400000000B4F2BFAA747874C49F
:10208000BFC2BCCAA7B0DC20282564290A00000012
:102090007047000010B5ADF5167D1148006810B905
:1020A0000DF5167D10BD0F4803880F4A0FA1684635
:1020B00004F08EFC09A9002006F000FB044624B1C0
:1020C00021460FA004F074FCEAE70122114668469D
:1020D00006F02CF90021084606F0F0FA00BFDFE711
:1020E0001800002016000020221100202F637376B4
:1020F0002F5325732D253033642E63737600000033
:10210000B9D2D4D8CEC4BCFECFB5CDB3CAA7B0DC4B
:1021100020282564290D0A000CB5002001900090AC
:102120003448006840F480303249086000BF3148CC
:10213000006800F4003000900198401C0190009865
:1021400018B90198B0F5A04FF1D12A48006800F401
:10215000003010B10120009001E0002000900098B4
:10216000012846D123484030006840F08050214982
:10217000403108602048006840F480401E490860F3
:102180001C48083000681B49083108600846006890
:1021900040F4004008600846006840F4A050086021
:1021A0001648091F0860081F006840F08070091F6A
:1021B000086000BF0F48006800F000700028F9D0E8
:1021C00040F205600E4908600A480830006820F0B7
:1021D00003000849083108600846006840F0020022
:1021E000086000BF03480830006800F00C000828B1
:1021F000F8D10CBD00380240007000400854400780
:10220000003C024010B500F001F810BD10B51948AF
:10221000006840B117480068401E1649086010B9B0
:10222000012015490870002408E004EB4401134A1A
:1022300002EB810005F0A5F8601CC4B2042CF4DBAD
:102240000F480068401C0E490860084600686FF09F
:102250000041884202D100200949086009480078FD
:10226000401CC0B2074908700A2801DB0020087032
:1022700010BD000020000020240000204411002098
:10228000280000202C00002010B51548006840F4FC
:102290007000134908601348006840F001001149BC
:1022A000086000200F49083108600E4800680E4998
:1022B00008400C4908600D48091D0860081F0068A7
:1022C00020F48020091F0860002006490C310860B6
:1022D000FFF722FF4FF0006001498039086010BD10
:1022E00088ED00E000380240FFFFF6FE10300024C9
:1022F00000B58FB001218805FFF7B0FC1948FFF742
:102300004BF900BF1748FFF7F3F90028FAD14FF057
:1023100040600090144801901448029040200390BF
:102320004FF4FA600490002005904FF4806006900E
:1023300040000790800008904011099000020A9028
:1023400000200B9003200C9000200D900E90694609
:102350000448FFF7FDF901210248FFF711F90FB01A
:1023600000BD00007064024040000140A423002032
:1023700000B58BB001210846FFF7A0FC0121102019
:10238000FFF76CFC4FF48040099002208DF8280084
:1023900003208DF8290000208DF82A0001208DF8F7
:1023A0002B0009A91F48FFF767FA01220E211D48DB
:1023B000FFF7AAFAA720ADF818000020ADF81A0020
:1023C0004FF4FA7007900020ADF820008DF822003D
:1023D00006A9154800F010F96020ADF804000120AE
:1023E000ADF80600002003900220ADF8100001A90E
:1023F0000D4800F0B7F808210B4800F0EFF8012174
:10240000094800F02FF801221103074800F087F86F
:102410000121054800F035F80121034800F070F86B
:102420000BB000BD001002400000014010B502F0EA
:1024300073FB10BD10B50121084800F079F860B1B8
:102440000121064800F01AF805480078002804DD4C
:1024500003480078401E0249087010BD0004004087
:10246000F500002021B1028842F08002028004E0E1
:1024700002884FF67F731A4002807047CA43028277
:10248000704721B1028842F00102028004E0028814
:102490004FF6FE731A400280704700001FB50121FD
:1024A0000220FFF7EBFB40F2E73002905320ADF83B
:1024B00004000020ADF80600ADF80C0001A90F489B
:1024C00000F09AF8012211460C4800F042F8012170
:1024D0000A48FFF7D6FF4FF4A060FFF785FB1D20E9
:1024E0008DF8000001208DF801008DF802008DF8B4
:1024F00003006846FFF73CFB1FBD000000040040DE
:1025000031B1B0F8442042F40042A0F8442005E084
:10251000B0F84420C2F30E02A0F8442070471AB16C
:1025200083890B43838102E083898B4383817047D6
:1025300030B50246002000230024158A05EA010375
:10254000958905EA010413B10CB1012000E00020D7
:1025500030BD1AB183890B43838102E083898B43A9
:102560008381704770B5002200230024058C4EF64D
:10257000FF7635400584038C8488828B48F6FF758E
:102580002A404FF6FF452A400D884FF6FF7606EAAF
:1025900005252A434DF6FF752B408D8906EA053542
:1025A0002B434D8806EA05352B430A4DA84202D03D
:1025B000094DA84208D14BF6FF752C400D8A4FF605
:1025C000FF7606EA85152C43848082838D68056436
:1025D000038470BD00000140000401400A46002150
:1025E000818B4FF2FF7319404FF6FF7303EA02230A
:1025F000194381837047000000220288184B9842DB
:102600000ED0184B98420BD0B0F1804F08D0164B2B
:10261000984205D0154B984202D0154B984204D1F0
:102620004FF68F731A404B881A43124B984207D0CB
:10263000114B984204D04FF6FF431A400B891A43BE
:1026400002804B68C3620B880385054B984202D019
:10265000044B984201D18B7A038601238382704711
:102660000000014000040140000400400008004058
:10267000000C0040001000400014004000B589B07C
:1026800008210806FFF7BAFA4FF4A060FFF7ACFA8A
:1026900025208DF8200001208DF8210000208DF8E4
:1026A000220001208DF8230008A8FFF761FA01211C
:1026B0000920FFF7D3FA01211020FFF7FFFA29487C
:1026C00000F0B0F902A800F0D6FA684600F08EF9E2
:1026D00002208DF81C008DF81D0000208DF81E00D2
:1026E00001208DF81F004002069006A91E48FFF742
:1026F000C3F8072209211C48FFF706F94FF4806050
:10270000069006A91848FFF7B7F807220A211648CD
:10271000FFF7FAF86946134800F058F94FF4E13032
:1027200002900020ADF80C00ADF80E00ADF81000DE
:10273000ADF814000C20ADF8120002A9094800F011
:1027400027FA012240F22551064800F0FCF940F238
:102750002661044800F02BF90121024800F04CF9F1
:1027600009B000BD001001400000024010B540F269
:1027700025511D4800F0BDF950B31B4880881B4906
:102780001B4A126888541A480068401C184908609F
:102790000846006802280FD308460068801E1349C7
:1027A000085C232808D112480068401E085C2A28CB
:1027B00002D101200F4908700D480068642802D931
:1027C00000200B49086040F22551074800F0EFF85F
:1027D00040F22771044800F08CF920B140F22771D3
:1027E000014800F0E4F810BD001001404023002033
:1027F000F0000020EC00002000B58FB0012188051A
:10280000FFF72CFA1848FEF7C7FE00BF1648FEF780
:102810006FFF0028FAD14FF020600090134801901C
:102820001348029000200390FF20049000200590A0
:102830004FF48060069000200790089009904FF4B4
:1028400080300A9000200B9003200C9000200D9007
:102850000E9069460448FEF77BFF01210248FEF70F
:102860008FFE0FB000BD0000286402400414014038
:102870003020002000B58FB001218805FFF7EEF968
:102880001848FEF789FE00BF1648FEF731FF002802
:10289000FAD14FF020600090134801901348029045
:1028A00040200390FF200490002005904FF48060AA
:1028B000069000200790089009904FF480300A900D
:1028C00000200B9003200C9000200D900E90694684
:1028D0000448FEF73DFF01210248FEF751FE0FB00C
:1028E00000BD0000A0640240041401402F2100201C
:1028F00010B540F22441234800F0FBF858B340F2F1
:102900002441204800F053F81E4800F0ABF900B213
:102910001D49088000211D48FEF732FE1C491B4856
:10292000FEF714FE1948FEF7EDFEC0F1FF0000B2FD
:10293000154908800846B0F90000002802DD012092
:1029400014490870FF211148FEF766FF01210F4866
:10295000FEF716FE14E040F226610A4800F0C9F8BE
:1029600070B140F22661074800F021F80A49074893
:102970007830FEF7EBFD002104487830FEF74CFF7D
:1029800010BD000000140140E8000020286402404F
:10299000400F0010E700002000003D2001F400720D
:1029A000B2F5007F00D100BFCA430280704710B566
:1029B0000022002340F66A14A14200D100BF0A128F
:1029C00001249440A3B2DC43048010BD10B502463C
:1029D0000020108A20F470600B884C8823438C8878
:1029E0002343CC8823431843108210BD002101806B
:1029F00041808180C180704721B1828942F40052B8
:102A0000828104E082894DF6FF731A40828170470B
:102A10001AB1838A0B43838202E0838A8B438382C9
:102A20007047000010B504462548844208D10121B2
:102A30001020FFF753F900211020FFF74FF93EE077
:102A40002048844209D101214804FFF727F90021D9
:102A50004FF40030FFF722F931E01B48844209D1DE
:102A600001218804FFF71AF900214FF48020FFF7B5
:102A700015F924E01548844209D10121C804FFF763
:102A80000DF900214FF40020FFF708F917E0104876
:102A9000844209D101210805FFF700F900214FF414
:102AA0008010FFF7FBF80AE00A48844207D10121B1
:102AB0002020FFF713F900212020FFF70FF910BDA8
:102AC000001001400044004000480040004C00401D
:102AD000005000400014014002460020B1F5007F84
:102AE00000D100BF13880B400BB1012000E0002093
:102AF000704770B50246002400230025002040F6F0
:102B00006A16B14200D100BFC1F3421501F01F03A4
:102B1000012606FA03F3012D02D19689334006E01F
:102B2000022D02D1168A334001E0968A33400C12FE
:102B3000012606FA04F41688344013B10CB10120C2
:102B400000E0002070BDF0B50346002400260025FB
:102B5000002040F66A17B94200D100BF1846C1F301
:102B6000421401F01F06012707FA06F5012C01D1D6
:102B70000C3004E0022C01D1103000E014301AB106
:102B800007682F43076002E00768AF430760F0BDA6
:102B90002DE9FF4705460E460024A14600BFA0468A
:102BA000B08900B100BF2C8A24F44054F08804435B
:102BB0002C82AC8941F20C608443B088318908438F
:102BC000718908430443AC81AC8A24F44074B08911
:102BD0000443AC826846FFF791F82048854202D052
:102BE0001F48854202D1DDF80C9001E0DDF8089025
:102BF000A88900F4004040B109EBC90000EB0910BE
:102C000031684900B0FBF1F707E009EBC90000EBC0
:102C1000091031688900B0FBF1F76420B7FBF0F0D0
:102C200004012009642101FB1078A88900F4004008
:102C300040B1322000EBC800B0FBF1F000F007001B
:102C4000044308E0322000EB08106421B0FBF1F0EF
:102C500000F00F0004432C81BDE8FF870010014005
:102C60000014014001468888C0F308007047C1F392
:102C70000802828070474FF4165101600021818064
:102C8000C18001810C21418100218181704770B593
:102C900005460E46284600F0BEF904464FF6FF7082
:102CA000844205D046F4004105F28C5020F81410FF
:102CB000E0B270BD2DE9F04105460E4617461C46B0
:102CC000012105F56B7000EB4410817005F56B7008
:102CD00000EB4410C66005F56B7000EB4410076113
:102CE00005F56B7000EB4410007E30B9002105F54E
:102CF0006B7000EB4410017205E0022105F56B706A
:102D000000EB4410017221462846FEF779FE0020B0
:102D1000BDE8F0812DE9F04105460E4617461C46F8
:102D2000002105F56B7000EB4410817005F56B70A8
:102D300000EB4410C66005F56B7000EB44100761B2
:102D400005F56B7000EB4410407E28B905F56B70FB
:102D500000EB4410017205E0022105F56B7000EBF9
:102D60004410017221462846FEF74AFE0020BDE8C5
:102D7000F0812DE9F04105460C4616461F4602211A
:102D80002175012161750021E1822683618306F0AE
:102D90008000802805D105F56B7000EB47100176A7
:102DA00005E0002105F56B7000EB4710417600232C
:102DB0001A462146284600F02BF8BDE8F08101466E
:102DC0000122C1F81023002070472DE9F04105468B
:102DD0000E4617461C46012105F56B7000EB4410AA
:102DE0008170022105F56B7000EB4410017205F54E
:102DF0006B7000EB4410C66005F56B7000EB44107F
:102E0000076121462846FEF7FBFD0020BDE8F08162
:102E10002DE9F04180460C4615461E460127E07814
:102E2000012802D0022820D108E032462946204657
:102E300001F0D9FC0220E070012717E0207F0D2867
:102E400005D10120E0700021217700270CE0207FD0
:102E50000B2803D10120E070022705E0207F0C2819
:102E600002D10120E070032700E000BF00BF384618
:102E7000BDE8F0812DE9F04105460F4616461C4697
:102E8000002105F56B7000EB4410817005F56B7047
:102E900000EB4410C76005F56B7000EB4410066151
:102EA0002EB9012105F56B7000EB4410417605F554
:102EB0006B7000EB4410407E30B9002105F56B705B
:102EC00000EB4410017205E0022105F56B7000EB88
:102ED0004410017221462846FEF792FD0020BDE80D
:102EE000F08170B505460E461446002105F56B705D
:102EF00000EB44108170032105F56B7000EB44106A
:102F0000017205F56B7000EB4410C660082105F5F1
:102F10006B7000EB4410016121462846FEF770FDFE
:102F2000C0B270BD0246022106E0002302F28C50BE
:102F300020F81130481CC1B20829F6DB0020704788
:102F400070B505460C46002020706070A07001200E
:102F5000E070012121774021A171002084F8200038
:102F60000121212001552179284600F023F86179BB
:102F7000284600F01FF8002070BD01460022C1F86D
:102F800010230020704770B504460D46052D01D072
:102F9000042D06D1D4F88010486C80470A20207098
:102FA00007E0062D05D10A202070D4F880100868AB
:102FB000804770BD0246082909DA02F28C5030F8C9
:102FC0001100C0F30E0302F28C5020F811300020E3
:102FD00070472DE9F04780460C4616461D46DDE950
:102FE000089746F08001217506216175E58205F498
:102FF0007F40B0F5407F03D140F20941218301E0D9
:103000000021218367833B464A4621464046FFF71D
:10301000FFFEBDE8F0870246002100BF0AE002F291
:103020008C5030F8110000F4004008B90846704791
:10303000481CC1B20829F2DB4FF6FF70F7E710B564
:1030400002460B88147823440B801378981810BD1F
:103050002DE9FC4104460D461646002704F588700C
:103060004FF4007300222946CDE900062046FFF701
:10307000B0FFB0F1000814D106E004F58870C05D1F
:103080000949C855781C87B2B742F6DB04F5887346
:1030900005F1500205F13E0105F13400009601F002
:1030A000B5F94046BDE8FC81001800202DE9FC413F
:1030B00004460D46164604F588704FF480730022CE
:1030C0002946CDE900062046FFF783FF071E06D1FB
:1030D000324604F5887105F1220001F025FA3846E0
:1030E000BDE8FC812DE9FC470446884615461E468E
:1030F0000A9F04F5887045F4407300224146CDE9EB
:1031000000072046FFF765FFB0F1000905D13A46F8
:10311000314604F5887001F056FA4846BDE8FC8750
:103120002DE9F04106460C464FF00008002500212D
:10313000A174207F0C2876D2DFE800F0FD060F3D59
:10314000466576919AC0D7ED627904F11401304654
:10315000FFF7C7FE02212177EEE061793046FEF7E6
:1031600009FC0546012D1FD1207D00F08007608BF2
:1031700058B141F2883072490880802F02D1032172
:1031800021770CE00521217709E032206C49088085
:10319000802F02D10921217701E0072121773046D4
:1031A000FEF7D9FB208205E0032D03D10B21217707
:1031B0000521A174C0E02379A2893046A168FFF7F8
:1031C00004FE04212177B7E021793046FEF7D2FBD7
:1031D0000546012D01D109212177042D02D1607806
:1031E00020700FE0032D02D10B2121770AE0304639
:1031F000FEF7B1FB218A401A51490988884201D95A
:103200000B21217798E00121627906F56B7000EBC4
:10321000421041766379A2893046A168FFF72AFE01
:103220000621217788E086E061793046FEF7A2FB2F
:103230000546012D02D1072121770FE0042D04D18D
:10324000607820700C21217708E0022D02D1052141
:10325000217703E0032D01D10B2121776CE0237945
:10326000002211463046FFF7B0FD0821217763E0C8
:1032700021793046FEF77EFB0546012D04D16078AA
:1032800020700D21217718E0032D02D10B21217729
:1032900013E03046FEF75FFB218A401A284909886F
:1032A000884202D90B21217707E0042D05D16078EF
:1032B00020700421A1744FF003083DE0617906F508
:1032C0006B7000EB4110407E80F00101627906F5E1
:1032D0006B7000EB42104176637900221146304654
:1032E000FFF7C8FD0A21217726E061793046FEF715
:1032F00041FB0546012D04D1607820700D21217716
:1033000008E0022D02D10921217703E0032D01D12C
:103310000B21217710E0A07B401CC1B2A1730229D0
:1033200002DC0121217705E00821A174607820707A
:103330004FF0020800E000BF00BF4046BDE8F0814A
:103340008400002070B592B005460C460126A07896
:103350000A287AD2DFE800F00528375D667A97B44C
:10336000D1DB082221462846FFF7A0FED8B994F801
:103370002910A1712846FEF73CFB0120A070A0791E
:103380000021CDE90010617900231A46284600F09B
:1033900069FFA0790021CDE90010217900231A46A8
:1033A000284600F05FFFB5E0122221462846FFF7CD
:1033B0007DFE38B9D4F88000C16904F12200884745
:1033C0000220A070A6E001222146284601F0E5F97E
:1033D000F0B9022001F0BCFB0120A41CA077D4F8B6
:1033E0007E10086A80470320207000200090019022
:1033F000A27FA1780346284600F034FF0020009009
:103400000190A27FA41E61790346284600F02AFF9E
:1034100080E0092221462846FFF71AFE08B9042059
:10342000A07077E0E28E21462846FFF711FE58B9DA
:10343000D4F8800004F1500204F13E01436A04F123
:10344000340098470520A07064E062E094F83000F2
:1034500088B1FF20009094F8302002AB2146284626
:10346000FFF740FE70B9D4F88000816A02A888474F
:103470000620A07006E0D4F88000816A27A0884763
:103480000620A07046E094F8310088B1FF2000903B
:1034900094F8312002AB21462846FFF723FE70B98D
:1034A000D4F88000C16A02A888470720A07006E00F
:1034B000D4F88000C16A19A088470720A07029E0CD
:1034C00094F8320088B1FF20009094F8322002ABCB
:1034D00021462846FFF706FE70B9D4F88000016B3C
:1034E00002A888470820A07006E0D4F88000016B8D
:1034F0000AA088470820A0700CE094F839202146E3
:10350000284601F05DF908B90920A07002E0002604
:1035100000E000BF00BF304612B070BD4E2F41002A
:103520002DE9F04106460F4614461D46DDF8188089
:10353000304601F0AFFA002001F094FA21463046FF
:10354000FFF7FEFCE567C4F8808039463046FEF799
:103550001CFAD4F8801008688047304601F084FADD
:10356000BDE8F08170B505460C4621212175FF218B
:1035700061750021E1822183618300231A4621467F
:103580002846FFF745FC70BD2DE9F04105460E4683
:103590001446012714B1012C12D108E01048037819
:1035A000C27831462846FFF7E4FB074609E00C489D
:1035B0004378827831462846FFF7DBFB074600E078
:1035C00000BF00BF07480068401C06490860084665
:1035D0000068042800D904273846BDE8F0810000BF
:1035E000E41100204000002010B502460020002316
:1035F000014C237010BD0000D41100202DE9F041D2
:1036000005460F46002601242846FEF7EEF920B3B2
:10361000154801782846FEF7B2F906460D2E01D06E
:1036200002241CE0114800681149884216D10F4855
:10363000406810494968884211D10C48007B08B99C
:1036400000240CE00948007B012801D1012406E098
:103650000648007B022802D1022400E0022406482A
:10366000C4732046BDE8F081E4110020C41100209D
:1036700055534253A4110020D4110020012812D127
:103680000D490978491C0C4A1170114609780A291C
:1036900005DA0621094A11700121D1700AE00A21D8
:1036A000064A117006E0022803D10A21034A11706C
:1036B00000E000BF704700005C000020D411002033
:1036C00070B505460C46A1212175FE2161750021CA
:1036D000E1822183012161830123034A2146284697
:1036E000FFF796FB70BD0000EC1100202DE9F047BC
:1036F00081460F463E46012403254FF00008484608
:10370000FEF773F9002878D05E4800780B2875D250
:10371000DFE800F0060D1E5566798A999E44B000D8
:10372000484600F05FFA012056490870A5E0394686
:103730004846FFF717FF044614B9022051490870A4
:10374000032C04D102204F4948700920087094E0EE
:1037500039464846FFF7B4FF0446BCB94A48007AE8
:10376000494981F80802084690F8080200280ADD55
:103770004648007838B9012044490870D6F88010CE
:10378000086C804779E003203E490870032C04D17F
:1037900003203C494870092008706EE073790022CC
:1037A00039464846FFF7E5FA04463CB90020364959
:1037B00081F8080233484078324908705DE0484695
:1037C00000F086FC05463DB904202E490870002013
:1037D0002F490870002402E02846FFF74FFF4CE015
:1037E000484600F097FB05464DB90520254908706D
:1037F000002027490870002404E03FE03CE0284610
:10380000FFF73CFF39E0484600F09CFA05463DB919
:1038100008201C49087000201D490870002402E09F
:103820002846FFF72BFF28E0484600F0E1FB05465D
:103830002DB91448407813490870002402E0284646
:10384000FFF71CFF19E03946484600F023F814E062
:10385000D6F88010C86B804700F0FF08B8F1000F61
:1038600003D108200749087003E0B8F1010F00D127
:10387000062402E0042400E000BF00BF2046BDE8AB
:10388000F0870000D4110020E41100207000002017
:103890005C0000202DE9F047804689460024404620
:1038A000FEF7A3F800287DD0C548007909287AD210
:1038B000DFE800F079051251A3FDFCFBFA00C148D6
:1038C00043781F22C0494046FFF724FA0120BC4933
:1038D00048710220087170E1BA4841784046FEF70D
:1038E00049F80446012C26D10020B849086002207E
:1038F000B3494871B448007B00F08007B248806843
:10390000A8B1B1488068B2490860AD488068B14943
:10391000086008460068B0490860802F03D1032082
:10392000A749087116E00420A549087112E0052096
:10393000A34908710EE0022C04D1A1484079A049A6
:10394000087107E0042C05D10120A4490870082063
:103950009B49087131E19B4801784046FEF70AF81F
:103960000446012C03D09648407903283AD0002021
:10397000964908600320924948719248808894498A
:103980000968884219D28F48037882889148016873
:103990004046FFF78FF98B4880888D490968081ADF
:1039A0008B4901E00AE107E108608648808889497F
:1039B00009680844874908601EE08548006818B90E
:1039C00005207F49087117E07E4803788048008809
:1039D00082B2804801684046FFF76CF900207C49BC
:1039E000086009E0042C07D100207C4908700720FA
:1039F0007349087105204871DFE0724841784046FC
:103A0000FDF7B8FF0446012C3BD100206F49086048
:103A100004206B4948716B48C0886D490968884229
:103A20001AD268484378C2886A4801684046FFF75E
:103A300071F968480068684908606248C08865494B
:103A400009680844634908605E48C088604909689D
:103A5000081A5F49086042E05D48006818B905200F
:103A6000574908713BE0574843785948008882B26B
:103A7000584801684046FFF74DF900205449086056
:103A80002DE0022C21D1534800685349096888422F
:103A900012D04C484378C288C088DFF838C1DCF8BF
:103AA00000C0ACEB000103E074E059E037E017E040
:103AB0004046FFF72FF912E042484378C288454854
:103AC00001684046FFF726F909E0042C07D10120E0
:103AD0004249087008203A490871052048716CE095
:103AE0000520374948713E4888603F2088810D266F
:103AF00004E000203A498855701EC6B2002EF8D165
:103B00000020374908702F4803782D483F228168EC
:103B10004046FFF7CFF80620294908714DE02948B3
:103B200001784046FDF726FF0446012C0FD1002006
:103B300026490860052022494871084680780870A7
:103B400049464046FFF75AFD1D49C87307E0042C5B
:103B500005D10020214908700720194908712CE07F
:103B6000002249464046FFF70FFD054665B91B4850
:103B70000078022803D108201149087109E0104893
:103B800040790F49087104E0042D02D102200C494C
:103B9000C87312E0012249464046FFF7F5FC05468E
:103BA00025B9074840790649087104E0042D02D17F
:103BB00002200349C87300E000BF00BFBDE8F087E2
:103BC000D4110020E4110020A411002040000020A6
:103BD00044000020480000204C000020500000203D
:103BE000C411002010B504462046FDF7FEFE48B182
:103BF00007480849086008484860002048730120C9
:103C00000649C8700020064908600649087010BDC2
:103C100055534243A411002050403020D4110020BD
:103C2000400000205C00002070B504460D4610489E
:103C3000407860B10E484178204601F0FCF90C480C
:103C400041782046FFF7B6F9002009494870084836
:103C5000007860B106480178204601F0ECF904488C
:103C600001782046FFF7A6F900200149087070BDD1
:103C7000E41100207CB506460D462C4694F843001E
:103C8000082856D194F84500502852D194F8520093
:103C900000F0800038B194F852002949C870B4F897
:103CA0005400888006E094F8520025498870B4F8E2
:103CB0005400C88094F85A0000F0800038B194F89D
:103CC0005A001F49C870B4F85C00888006E094F878
:103CD0005A001B498870B4F85C00C8801848817885
:103CE0003046FEF7D4FF164948700846C178304682
:103CF000FEF7CDFF124908700846C0880221CDE9C1
:103D000000102120035D94F820200D4841783046B2
:103D100000F02EFB0A4880880221CDE90010212006
:103D2000035D94F8202006480178304600F020FB1F
:103D300003E0D4F88010086C804700207CBD0000B0
:103D4000E411002070B5054603262846FDF74DFE18
:103D5000002855D02B48C078012802D002284DD128
:103D600027E03F2028498860802008730A20887354
:103D700026482449886005208870102405E0002129
:103D800021480F300155601EC4B2002CF7D11A2013
:103D90001D49C8733F211C484174C1740120194951
:103DA0000871072008700320C8730220C87003261A
:103DB00025E01448C07B80B91448807800F080006A
:103DC00018B101201249087302E00020104908735D
:103DD00001200C49C87000260FE00A48C07B01286A
:103DE00003D10849C870012607E00648C07B0228B5
:103DF00003D101200349C870022600E000BF00BFC4
:103E0000304670BDD4110020A41100200014002001
:103E1000F0130020FFB581B007460E461D46032073
:103E2000394908703846FDF7E0FD002867D037486B
:103E3000C078012802D002285FD139E0344885607B
:103E40008020334908730A20887330488660102424
:103E500005E000212E480F300155601EC4B2002C31
:103E6000F7D128202A49C8739DF80F1028484174BB
:103E70009DF80E1081749DF80D10C1749DF80C1002
:103E80000175C5F34F2000909DF801102048817501
:103E90009DF80010C17501201C49087107200870A9
:103EA0000320C8730220C87003201749087025E05A
:103EB0001648C07B50B93846FDF797FD30B1012058
:103EC0001249C87000201049087015E00F48C07BE7
:103ED000012807D13846FDF788FD18B101200B49AC
:103EE000C87009E00948C07B022805D101200749B4
:103EF000C87002200449087000E000BF00BF0248FB
:103F0000007805B0F0BD000071000020D411002041
:103F1000A411002070B5054603262846FDF765FD6F
:103F200000285AD02E48C078012802D0022852D149
:103F300023E008202B498860802008730A208873BA
:103F400029482749886004208870102405E0002152
:103F500024480F300155601EC4B2002CF7D1252033
:103F60002049C87301201E490871072008700320EA
:103F7000C8730220C87003262EE01948C07BC8B958
:103F8000194800781949C870174840788870164851
:103F9000807848701448C0780870134881791348B5
:103FA00041721148C0791149087201200C49C8704A
:103FB00000260FE00A48C07B012803D10849C870D9
:103FC000012607E00648C07B022803D101200449EE
:103FD000C870022600E000BF00BF304670BD000080
:103FE000D4110020A411002000140020F0130020A0
:103FF00070B5054603262846FDF7F7FC00285DD07E
:104000002F48C078012802D0022855D12BE03F204C
:104010002C498860802008730A2088732A48284920
:10402000886008468078487006208870102405E073
:10403000002124480F300155601EC4B2002CF7D176
:1040400003202049C87300211E4801743F21C17418
:1040500001201B490871072008700320C873022043
:10406000C870032629E01648C07BA0B9164801781D
:104070001648C171144841781448817112488178FA
:10408000124841711048C0781049087101200C494C
:10409000C87000260FE00A48C07B012803D10849F8
:1040A000C870012607E00648C07B022803D1012022
:1040B0000349C870022600E000BF00BF304670BD53
:1040C000D4110020A411002000140020F0130020BF
:1040D00070B5054603262846FDF787FC002846D024
:1040E0002448C078012802D002283ED124E00020D4
:1040F0002149886008730620887320481D4988601C
:104100003F20888103208870102405E000211A4890
:104110000F300155601EC4B2002CF7D100201649A3
:10412000C873012013490871072008700320C87361
:104130000220C870032619E00E48C07B20B9012078
:104140000C49C87000260FE00A48C07B012803D143
:104150000849C870012607E00648C07B022803D141
:1041600001200449C870022600E000BF00BF3046AD
:1041700070BD0000D4110020A4110020C411002043
:104180002DE9FF4182B007460E461D464FF0030859
:104190003846FDF72AFC00285BD03048C07801285B
:1041A00002D0022853D138E02D48856000202C49E8
:1041B00008730A20887329488660102405E00021CE
:1041C00027480F300155601EC4B2002CF7D12A20B9
:1041D0002349C8739DF81310214841749DF81210AB
:1041E00081749DF81110C1749DF810100175C5F30C
:1041F0004F2001909DF80510194881759DF8041015
:10420000C175012015490871072008700320C87383
:104210000220C8704FF003081AE01048C07B28B98C
:1042200001200E49C8704FF000080FE00B48C07B1A
:10423000012802D10949C87008E00848C07B02285B
:1042400004D101200549C8704FF0020800E000BF0A
:1042500000BF404606B0BDE8F0810000D411002048
:10426000A41100202DE9F04704460D4617461E46CE
:10427000DDE9089827B104F56B7000EB4510077075
:1042800004F56B7000EB4510C088404508D0B8F1CC
:10429000000F05D004F56B7000EB4510A0F8068008
:1042A00004F56B7000EB4510C078B04205D026B124
:1042B00004F56B7000EB4510C6702946204600F0EF
:1042C000FBFE0020BDE8F08738B50546002400203D
:1042D0000090284601F01BF9002847D0284601F03D
:1042E00020F90090009808B9002038BD0098C0F36C
:1042F000C00018B1284602F0D3F804430098C0F378
:10430000001018B1284602F018F804430098C0F3D2
:10431000401018B1284601F052FE04430098C0F343
:10432000806018B1284601F071FF04430098C0F383
:10433000406018B1284601F01AFA04430098C0F30F
:10434000006018B1284601F0D1FE04430098C0F384
:10435000407018B1284601F0D1F904430098C0F329
:10436000405018B1284601F0DFF904432046BCE76D
:104370002DE9F04704460D4617461E46DDE908893B
:1043800004F28C5010F8150000F07F0104F56B70FA
:1043900000EB4510417004F28C5010F81500C0F38A
:1043A000C01104F56B7000EB4510817004F56B7063
:1043B00000EB4510077004F56B7000EB451080F8BA
:1043C000058004F56B7000EB4510A0F8069004F52D
:1043D0006B7000EB4510C670002104F56B7000EBAC
:1043E0004510017604F56B7000EB451041762EB94F
:1043F000012104F56B7000EB451001712946204640
:1044000000F05AFE0020BDE8F08700002DE9F04FD3
:1044100085B00646894692461D462C460027B8467A
:1044200000BF2878307068787070A978E87801EB60
:10443000002070802879307168797071A879B07126
:10444000E879F071287A30720E98092864DD092025
:104450000090307902285ADCBB4653E0694620467A
:10446000FEF7EDFD0446607804284BD1A07847B2F2
:1044700007EBC70000EB090BE078032842DA21467E
:1044800002A800F08DF84FF000089DF80C000228FB
:1044900038DC32E069462046FEF7D1FD04466078FC
:1044A00005282AD10AEB071000EBC80001901C4830
:1044B0000078B84206D01A490F7002A9584600F099
:1044C0006FF80CE02179607901EB0020154909882B
:1044D000884200DA15E002A9584600F061F821464A
:1044E000019800F04DF82179607901EB00200D4929
:1044F000088008F101004FFA80F89DF80C00404553
:10450000C8DC00BF7088BDF800108842A6DC00201F
:10451000044908800249087005B0BDE8F08F00002A
:10452000880000208600002010B50B7803704B78BF
:1045300043708C78CB7804EB032343800B790371B1
:104540004B7943718B798371CB79C371082A16DD5E
:104550000C7A4B7A04EB032303818C7ACB7A04EB3D
:10456000032343810C7B4B7B04EB032383818B7BF5
:104570008373CB7BC3730B7C03744B7C437410BD80
:104580000A7802704A7842708A788270CA78C2705B
:104590000B794A7903EB022282808A798271704713
:1045A0000A7802704A7842708A788270CA78C2703B
:1045B0000A7902714A7942718A798271CA79C27123
:1045C0000A7A0272704730B513464578032D14D12C
:1045D0000578AD1E9D4202DC0578AD1E00E01D464B
:1045E000ACB2801C002204E0855C0D70491C951C57
:1045F000AAB2A242F8DB00250D7030BD3EB50546DB
:104600000C46022002902846FDF7EFF930B92078D9
:1046100020B12078022801D00220207020780B28B9
:1046200075D2DFE800F006109CB44D687B87598C8A
:104630008D002846FDF7D9F920B1012020706420B3
:1046400000F086FAA4E0D4F8801088688047002142
:104650002846FEF71CFB607180212846FEF717FBF9
:1046600020712846FDF7C5F948BBD4F88010C8680A
:1046700080472846FDF774F9C1B221200155042076
:1046800020702122105DD4F8802091698847A0799C
:104690000021CDE900102120035D94F8202021792C
:1046A0002846FFF765FEA0790021CDE90010212002
:1046B000035D94F8202061792846FFF759FE67E0F2
:1046C00021462846FEF73EFE28B9D4F88010486BF4
:1046D0008047082020705BE0D4F88010886B80470A
:1046E000012807D1E06F214602682846904708B9A3
:1046F000052020704CE0E06F2146826828469047F4
:1047000002909DF8080018B90620207005E03EE0F0
:104710009DF808102046FEF736FC39E0E06F214690
:10472000C2682846904702909DF808102046FEF780
:104730002AFC2DE021462846FEF7F2FC28E027E07F
:1047400021462846FEF7FCFBD4F8801048688047D5
:10475000E06F04F1200142682846904718E0D4F841
:1047600080100869804721462846FEF7E9FBD4F807
:10477000801048688047E06F04F1200142682846B5
:1047800090472846FEF7CEFB0020207000E000BFD7
:1047900000BF3EBD01460020704770B506460C467E
:1047A00015460021217505216175E58200212183CF
:1047B000618300231A4621463046FEF729FB70BD6F
:1047C00070B506460C461546002121750921617514
:1047D000E58200212183618300231A462146304669
:1047E000FEF716FB70BD10B5034618785870072009
:1047F000187099609A8101241C77002010BD000078
:104800002DE9F04106460C461746254668790828EA
:1048100003D1064802F0CCF805E06879032802D1FC
:10482000034802F0C5F8BDE8F08100001547030811
:10483000374703087047704710B5024802F0B8F8D0
:1048400010BD00005F46030810B5024802F0B0F842
:1048500010BD00007446030810B502A002F0A8F8CD
:1048600010BD00003E20446576696365206E6F745C
:1048700020737570706F727465642E0D0A000000ED
:1048800010B504461CB90A4802F092F80EE0012C5B
:1048900003D1084802F08CF808E0022C03D1064846
:1048A00002F086F802E0054802F082F810BD000030
:1048B000A7460308C6460308E5460308034703085E
:1048C00070B504462546298903A002F071F869896C
:1048D00005A002F06DF870BD3E20564944203A20F4
:1048E00025303458680D0A003E20504944203A20B3
:1048F00025303458680D0A0010B5024802F058F807
:1049000010BD00008C46030810B50848007858B95F
:1049100001200649087006A002F04AF80AA002F039
:1049200047F811A002F044F810BD0000D4000020A8
:104930003E20555342204F5447204853204D534367
:1049400020486F73740D0A003E2055534220486F73
:104950007374206C6962726172792073746172740D
:1049600065642E0D0A0000002020202020555342AF
:1049700020486F7374204C696272617279207632BC
:104980002E312E300D0A00000020704710B504466D
:10499000214602A002F00CF810BD00003E204D613F
:1049A0006E756661637475726572203A2025737244
:1049B0000D0A000010B502A001F0FAFF10BD0000C2
:1049C0003E204F76657263757272656E7420646501
:1049D0007465637465642E0D0A00000010B504460A
:1049E000214602A001F0E4FF10BD00003E205072FD
:1049F0006F64756374203A2025730D0A000000006F
:104A000010B502A001F0D4FF10BD00003E205553A8
:104A100042485F5553525F526573657444657669C9
:104A20006365200D0A00000010B50446214602A06F
:104A300001F0BEFF10BD00003E2053657269616C3D
:104A4000204E756D626572203A2025730D0A0000B4
:104A500010B5024801F0ACFF10BD0000CF470308BD
:104A6000012070477047704738B504464FF4C06066
:104A7000FDF7BAF84D208DF8000001208DF80100F7
:104A800000208DF8020001208DF803006846FDF734
:104A90006FF838BD1CB5044601210220FDF7DEF891
:104AA0004FF44040009003208DF8050002208DF85F
:104AB000040069460948FCF7DFFE0C220E21074876
:104AC000FCF722FF0C220F210448FCF71DFF0121F7
:104AD0004807FDF7C3F800F003F81CBD00040240CE
:104AE00008B500214FF00060FDF788F84FF4A06092
:104AF000FDF77AF81C208DF8000001208DF80100E8
:104B00008DF802008DF803006846FDF731F80121A9
:104B10000846FDF7B3F808BD10B501218807FDF779
:104B200007FD88B101218807FDF7A8FC0748006848
:104B300028B106480068401E0449086004E00021CE
:104B40004FF08040FDF79DFC10BD0000DC00002010
:104B500010B5044601212046FCF766F910BD10B5DA
:104B6000044602212046FCF75FF910BD3EB504461D
:104B700000250020029001900090207A012843D166
:104B8000E068806B0190019820F480300190607A99
:104B900028B1019820F4801000F580100190019850
:104BA000E168886300200290E068C0680290029883
:104BB00020F040000290029820F4801000F5801050
:104BC0000290029820F480000290029820F40030B5
:104BD0000290029820F4002002900298E168C860D8
:104BE000204600F0C9F8E078012843D1009820F071
:104BF0001E000A300090009820F020002030009025
:104C00000098E168886035E0E068C068029002982A
:104C100020F04000403002900298E168C8602046D1
:104C200000F0AAF800200190019820F4803000F5EF
:104C300080300190019820F4802000F580200190C0
:104C4000019820F4002000F500200190019820F444
:104C5000001000F500100190607A28B1019820F44E
:104C6000801000F5801001900198E168886314209D
:104C7000FFF76EFFE07801280FD1E06880680090B0
:104C8000009820F01E000A300090009820F02000CC
:104C9000203000900098E168886028463EBDFEB54F
:104CA0000446002600250020029001900090204636
:104CB000FFF7D8FE0021D4F80C010160207A01280A
:104CC00003D1204600F00FFC03E00121204600F054
:104CD0000AFC204600F05DFC6069006800900098C6
:104CE00020F004000090009960690160E07A00BB48
:104CF0004FF40070E168486202986FF30F0000F50E
:104D000000700290029880B200F1807002900298C8
:104D1000E168886201986FF30F0000F54070019020
:104D2000019880B200F1807001900198E168C1F8AB
:104D300000011021204600F021F9204600F0F8F88B
:104D400000250DE04FF0FF3104F1900050F82500F0
:104D50008160002104F1900050F82500C1606D1CB5
:104D60002078A842EED80121204600F04EF82046D7
:104D700000F0A4F83046FEBDF8B504460026002534
:104D80000020009000BF0320FFF7E9FEE068006903
:104D90000090681C05461349884201D90020F8BDDF
:104DA0000098C00F0028EED00025009820F00100E8
:104DB000401C00900098E168086100BFE06800694D
:104DC0000090681C05460749884200D904E0009815
:104DD00000F001000028F1D100BF0320FFF7BFFE63
:104DE0003046DCE7400D030008B5014600200022F4
:104DF0000092009A22F00102521C0092CA68926846
:104E0000009B9A43CB689A6008BD38B505460C46AE
:104E10000020009021462846FFF725FE284600F096
:104E200088FB00900098C0F3003058B9012C09D1DC
:104E3000009820F4805000F5805000900099D5F83B
:104E4000CC0001600098C0F3003040B13CB900983C
:104E500020F4805000900099D5F8CC000160C82063
:104E6000FFF776FE38BD08B500210091491EC268E3
:104E700051606FF08041C2685161009921F000419A
:104E800001F100410091009921F4006101F50061F8
:104E900000910099C268916108BD08B501460020E3
:104EA00000220092009A22F00102521C0092CA686D
:104EB0009268009B1A43CB689A6008BD38B50446D7
:104EC000002500200090E1688861401EE16848618B
:104ED0002046FFF7C8FFE07820B9009820F01000C6
:104EE00010300090009820F0807000F180700090E9
:104EF000009820F0007000F100700090009820F001
:104F0000005000F100500090009820F00800083098
:104F10000090009820F4001000F500100090E06868
:104F20008069009988430843E1688861284638BD54
:104F3000F8B504460025002600200090009820F0D7
:104F40001000103000900098E168086100BFE06830
:104F500000690090701C06460749884200D904E0A9
:104F60000098C0F300100028F1D100BF0320FFF724
:104F7000F6FD2846F8BD0000400D0300F8B50446D4
:104F80000D460026002700200090009820F0200009
:104F900020300090009865F38A1000900098E16836
:104FA000086100BFE06800690090781C0746074967
:104FB000884200D904E00098C0F340100028F1D1E5
:104FC00000BF0320FFF7CBFD3046F8BD400D0300C6
:104FD0000146C868406900F0010070471CB50246F0
:104FE000002000230093009B23F0004303F10043C3
:104FF00000930124009B64F3DC43009302F19003CF
:1050000053F82130009C1C6102F1900353F82130C9
:105010001B680193019B23F0004303F100430193BC
:10502000019B23F08043019302F1900353F8213058
:10503000019C1C601CBD10B586B0024600200023F8
:105040000393019302F1900353F821301B680093FE
:10505000009B23F0004303F100430093009B23F0E7
:10506000804303F180430093009BC3F3814323B14A
:10507000009BC3F38143022B0BD1D368DB6A0393FC
:10508000039BC3F307437BB9009B23F000430093CA
:105090000AE053691B690193019BC3F307431BB9E2
:1050A000009B23F00043009302F1900353F821305A
:1050B000009C1C6006B010BD3FB5024600200023D6
:1050C0000024029403940194441E009402F190047D
:1050D00054F82140009DA56000240394D478012C4D
:1050E00004D1039C24F00404241D039402F56B7482
:1050F00004EB4114647934B1012C6AD0022C03D042
:10510000032C38D138E000BF039C24F00104641C58
:105110000394039C24F0080408340394039C24F0B3
:10512000800480340394039C24F4806404F5806438
:105130000394039C24F010041034039402F56B7460
:1051400004EB4114A47834B1039C24F4807404F576
:10515000807403940FE0039C24F0400440340394D3
:1051600002F56B7404EB4114247924B1039C24F000
:105170002004203403944EE0039C24F00104641CBA
:105180000394039C24F0100410340394039C24F033
:10519000080408340394039C24F0800480340394AE
:1051A000039C24F4806404F580640394039C24F439
:1051B000007404F50074039402F56B7404EB41145D
:1051C000A4782CB1039C24F4807404F580740394B7
:1051D00021E0039C24F00104641C0394039C24F448
:1051E000007404F500740394039C24F0200420341C
:1051F000039402F56B7404EB4114A47854B1039C3E
:1052000024F0800480340394039C24F4807404F517
:105210008074039400BF00BF02F1900454F8214051
:10522000039DE560012404FA01F35469A4691C4359
:105230005569AC61029C24F0007404F1007402947E
:10524000D468A469029D2C43D568AC610024019404
:1052500002F56B7404EB41142578019C65F39C54B2
:10526000019402F56B7404EB41146578019C65F3BD
:10527000CE24019402F56B7404EB4114A578019CD3
:1052800065F3CF34019402F56B7404EB4114E478B8
:10529000022C01D1012500E00025019C65F3514459
:1052A000019402F56B7404EB41146579019C65F37C
:1052B0009344019402F56B7404EB4114E588019C5E
:1052C00065F30A04019402F56B7404EB41146479EC
:1052D000032C05D1019C24F0005404F100540194E6
:1052E00002F1900454F82140019D256004B030BDC6
:1052F0002DE9F04388B004460D464FF00009C8463A
:105300004FF48077002006900790009004F56B70B2
:1053100000EB4510006910B304F56B7000EB45100D
:10532000016904F56B7000EB4510C0880144491E0B
:1053300004F56B7000EB4510C088B1FBF0F086B24D
:10534000BE420DDD3E4604F56B7000EB4510C18892
:10535000714304F56B7000EB4510016100E001261C
:1053600004F56B7000EB4510807850B104F56B705C
:1053700000EB4510C188714304F56B7000EB4510DC
:10538000016104F56B7000EB45100169069861F34B
:1053900012000690069866F3DC40069004F56B70E8
:1053A00000EB4510017A069861F35E70069004F1F7
:1053B000900050F8250006990161E078012809D194
:1053C00004F56B7000EB4510C16804F1900050F8D3
:1053D0002500416104F1900050F825000068079015
:1053E000204600F08CF8079960F35D7107910798EB
:1053F00020F0004000F100400790079820F0804026
:10540000079004F1900050F8250007990160E078BA
:10541000002864D104F56B7000EB451080780028FB
:105420005DD104F56B7000EB45100069002856D083
:1054300004F56B7000EB4510407930B1012821D0A4
:10544000022803D0032839D11BE000BFE068C06AFE
:10545000039004F56B7000EB45100069C01CC0F3AD
:105460008F08039880B240450ADA009820F02000A7
:1054700020300090E068806900990843E168886105
:105480001DE000BF60690069019004F56B7000EBDE
:1054900045100069C01CC0F38F08019880B24045D8
:1054A0000BDA009820F0806000F180600090E068E6
:1054B000806900990843E168886100E000BF00BF8F
:1054C00004F56B7000EB4510008A83B204F56B7035
:1054D00000EB45102A46C168204600F0F7FF484619
:1054E00008B0BDE8F08308B5426912680092009ADE
:1054F00061F301020092009B4269136008BD0146FE
:105500004869806800F0010080F00100704700B534
:1055100002461046FFF75CFD012800D100BD0020C7
:10552000FCE701460020CA685069CA6892691040C9
:10553000704708B50146D1F8CC000068009000988B
:1055400020F004000090009820F0020000900098E5
:1055500020F008000090009820F0200000900098B3
:1055600008BD0146486940697047F0B5034600240C
:10557000D01CC71700EB9777BD10D3F8D06000BFE1
:1055800003E030680860641C091DAC42F9D308468A
:10559000F0BD38B504462046FFF7CBFF00900098D9
:1055A00020F4807000F5807000900099D4F8CC0051
:1055B00001600A20FFF7CCFA009820F48070009078
:1055C0000099D4F8CC0001601420FFF7C1FA012043
:1055D00038BD000070B502460C46002300200025AF
:1055E000D5700125957040259580012C0CD14FF088
:1055F000A0430125D57208251570042555709D1509
:10560000D580022515720EE06CB9274B0025D572A6
:105610000C251570062555704FF4A065D580022520
:1056200015720125D570D36003F500651561002161
:1056300010E003F5106505EB411602F1180545F879
:10564000216003F5306505EB411602F1540545F87C
:105650002160491C55788D42EBD803F58065556172
:105660004035C2F8CC50002108E003F5A06505EBF9
:10567000411602F1900545F82160491C15788D42CC
:10568000F3D8002108E003F5805505EB013602F15F
:10569000D00545F82160491C15788D42F3D803F5F3
:1056A0006065C2F80C5170BD00000440F8B50446B6
:1056B0000D460026E068C0680090009820F0005079
:1056C0000090009820F080400090012D06D10098B5
:1056D00020F0005000F10050009006E02DB9009835
:1056E00020F0804000F1804000900098E168C860A0
:1056F0003220FFF72DFA3046F8BD000038B50446D9
:10570000002000900748006881682046884700987C
:1057100020F0005000F1005000900098E1684861CE
:10572000012038BD800000200CB50146D1F8900062
:1057300000680090009820F0004000F100400090C8
:10574000009820F0804000F180400090009AD1F84D
:105750009000026000200190019820F4001000F5F4
:10576000001001900198CA68506101200CBD7CB501
:105770000546002400262846FFF7F3FE019000BFEF
:105780001BE0019880B20121A1400840A0B105F1C1
:10579000900050F82400006800900098C0F3C030DA
:1057A00028B12146284600F00DF8064304E02146C2
:1057B000284600F01CFA0643641C2878A042E0D872
:1057C00030467CBD70B586B005460C4605F19000AC
:1057D00050F82460B0680590F0680490DDE904108A
:1057E0000840059005F1900050F8240000680390EF
:1057F000002004900598C0F38000D0B100200190F3
:10580000019820F00400001D01900198B06005F19E
:10581000900050F82400C0680190019820F0020028
:10582000801C019005F1900050F824000199C1609E
:1058300073E00598C0F3401048B100200190019832
:1058400020F02000203001900198B06065E00598BC
:10585000C0F3C00078B305F1900050F82400C06890
:105860000190019820F00200801C019005F1900049
:1058700050F824000199C160052105F563700155B8
:1058800000200190019820F0100010300190019844
:10589000B06000200190019820F0080008300190CD
:1058A0000198B060059820F010000590E1B22846FC
:1058B000FFF7C1FB31E0FFE70598C0F3802060B33C
:1058C00005F1900050F82400C0680190019820F084
:1058D0000200801C019005F1900050F8240001990D
:1058E000C160E1B22846FFF7A6FB002001900198B5
:1058F00020F01000103001900198B060082105F5EB
:105900006370015500200190019820F4806000F53B
:10591000806001900198B06000BF0598C0F34020FE
:10592000F8B105F1900050F82400C068019001988A
:1059300020F00200801C019005F1900050F8240036
:105940000199C160E1B22846FFF775FB0020019084
:10595000019820F4007000F5007001900198B0608B
:1059600042E1059800F00100002871D0E878012894
:1059700012D105F1900050F824000069029005F55D
:105980006B7000EB441000690299C1F31201411AD7
:1059900005F5547040F82410012105F56370015598
:1059A0000021783840F8241000200190019820F060
:1059B0000100401C01900198B0600398C0F3814041
:1059C00020B10398C0F3814002282AD105F190004C
:1059D00050F82400C0680190019820F00200801C5B
:1059E000019005F1900050F824000199C160E1B2E6
:1059F0002846FFF720FB00200190019820F01000BE
:105A0000103001900198B06005F56B7000EB441008
:105A1000007E80F0010105F56B7000EB441001760B
:105A2000E2E00398C0F38140032899D1039820F065
:105A3000005000F10050039005F1900050F8240050
:105A400003990160012105F29B300155CCE0FFE78D
:105A50000598C0F34000002851D005F1900050F89F
:105A60002400C0680190019820F00200019005F127
:105A7000900050F824000199C16005F56370005D45
:105A8000012804D1012105F29B3001552DE005F5D7
:105A90006370005D052804D1042105F29B30015597
:105AA00023E005F56370005D062804D005F56370FA
:105AB000005D082808D1002105F5457040F8241044
:105AC00003218730015510E00398C0F3814003287B
:105AD0000BD105F56B7000EB4410007E80F00101E6
:105AE00005F56B7000EB44100176002001900198E1
:105AF00020F00200801C01900198B06074E00598CD
:105B0000C0F3C01040B305F1900050F82400C06805
:105B10000190019820F00200801C019005F1900096
:105B200050F824000199C16005F5457050F8241023
:105B3000491C40F82410062178300155E1B228466E
:105B4000FFF779FA00200190019820F08000803062
:105B500001900198B06047E00598C0F30010E8B3E9
:105B60000398C0F38140032815D105F1900050F847
:105B70002400C0680190019820F00200801C019070
:105B800005F1900050F824000199C160E1B2284667
:105B9000FFF751FA18E00398C0F3814020B1039851
:105BA000C0F3814002280FD1039820F0004000F19B
:105BB00000400390039820F08040039005F190008E
:105BC00050F8240003990160032105F56370015525
:105BD00000200190019820F0100000E004E0103057
:105BE00001900198B06000BF012006B070BD7FB584
:105BF00005460C4605F1900050F82460B06803900B
:105C0000F0680290DDE902100840039005F1900071
:105C100050F82400006801900398C0F38000D0B1D0
:105C200000200090009820F00400001D00900098D3
:105C3000B06005F1900050F82400C0680090009812
:105C400020F00200801C009005F1900050F8240024
:105C50000099C160B0E10398C0F3401048B1002042
:105C60000090009820F02000203000900098B06054
:105C7000A2E10398C0F34020F8B105F1900050F87C
:105C80002400C0680090009820F00200801C009062
:105C900005F1900050F824000099C160E1B2284657
:105CA000FFF7C9F900200090009820F4007000F57B
:105CB000007000900098B0607EE1039800F0010051
:105CC00038B3002105F5457040F8241005F1900027
:105CD00050F82400C0680090009820F00200801C5A
:105CE000009005F1900050F824000099C160E1B2E5
:105CF0002846FFF7A0F900200090009820F001004E
:105D0000401C00900098B060012105F563700155BA
:105D100052E10398C0F3C00010B300200090009837
:105D200020F00800083000900098B06005F1900065
:105D300050F82400C0680090009820F00200801CF9
:105D4000009005F1900050F824000099C160E1B284
:105D50002846FFF770F9052105F5637001552BE121
:105D60000398C0F3001038B3002105F5457040F8E2
:105D7000241005F1900050F82400C06800900098AD
:105D800020F00200801C009005F1900050F82400E3
:105D90000099C160E1B22846FFF74DF9002000905C
:105DA000009820F01000103000900098B06003219F
:105DB00005F563700155FFE00398C0F3C01040B3D0
:105DC00005F1900050F82400C0680090009820F081
:105DD0000200801C009005F1900050F8240000990A
:105DE000C160E1B22846FFF726F905F5457050F885
:105DF0002410491C40F82410062178300155002059
:105E00000090009820F08000803000900098B060F2
:105E1000D2E00398C0F3801038B3002105F5457037
:105E200040F8241005F1900050F82400C06800905C
:105E3000009820F00200801C009005F1900050F8BE
:105E400024000099C160E1B22846FFF7F4F8002071
:105E50000090009820F04000403000900098B06022
:105E6000042105F563700155A6E00398C0F3802076
:105E700060B305F1900050F82400C06800900098CD
:105E800020F00200801C009005F1900050F82400E2
:105E90000099C160E1B22846FFF7CDF800200090DC
:105EA000009820F01000103000900098B060082199
:105EB00005F56370015500200090009820F4806083
:105EC00000F5806000900098B06075E00398C0F322
:105ED0004000002870D005F1900050F82400C06800
:105EE0000090009820F00200009005F1900050F81A
:105EF00024000099C16005F56370005D012815D18B
:105F0000012105F29B3001550198C0F38140022820
:105F100048D105F56B7000EB4410407E80F0010124
:105F200005F56B7000EB441041763BE005F56370BE
:105F3000005D032804D1022105F29B30015531E0B8
:105F400005F56370005D04280FD105F56B7000EB5B
:105F500044100079012803D1E1B22846FFF73EF84A
:105F6000022105F29B3001551CE005F56370005DD0
:105F7000052804D1042105F29B30015512E005F5F6
:105F80006370005D06280DD105F5457050F82400BA
:105F9000032807D1032105F29B30015500218738E2
:105FA00040F8241000200090009820F00200801C8F
:105FB00000900098B06000BF012004B070BD7FB5B4
:105FC0000446E068C06A00900198C0F3C30104F57C
:105FD0006B7000EB41100069C01CC0F38F0673E0CA
:105FE0004FF6FF71009801EA80050198C0F3C301E4
:105FF00004F56B7000EB41100069A84215D20198BE
:10600000C0F3C30104F56B7000EB4110008A85B248
:1060100000200390039820F0200020300390E068D7
:10602000806903998843E16888610198C0F3C301DE
:1060300004F56B7000EB41100069C01CC0F38F06C3
:106040000198C0F3C302C0F3C30304F56B7000EB07
:1060500043102B46C168204600F038FA0198C0F37F
:10606000C30104F56B7000EB4110C0684119019841
:10607000C0F3C30204F56B7000EB4210C1600198DD
:10608000C0F3C30104F56B7000EB41100069411BC4
:106090000198C0F3C30204F56B7000EB421001617C
:1060A0000198C0F3C30104F56B7000EB4110406927
:1060B00041190198C0F3C30204F56B7000EB421064
:1060C0004161E068C06A0090009880B2B0420ADD89
:1060D0000198C0F3C30104F56B7000EB4110006937
:1060E00000287FF47DAF012004B070BDFEB50446EA
:1060F000002600250020009002900190D4F8CC00EA
:1061000000680290D4F8CC0000680190019820F05B
:1061100004000190019820F002000190019820F005
:1061200008000190019820F0200001900298C0F32F
:10613000400058B1019820F00200801C01903248C4
:10614000006841682046884745F001050298C0F381
:10615000C000002842D0019820F0080008300190CB
:106160000298C0F38000002838D0274800684168B2
:10617000204688470298C0F34140022804D0029884
:10618000C0F34140012828D160690068009002985E
:10619000C0F34140022811D141F270716069416041
:1061A000009800F00300022818D0207A022803D1BA
:1061B00002212046FFF797F901260FE04BF68031C8
:1061C00060694160009800F00300012806D00121B9
:1061D0002046FFF788F9012600E001260298C0F367
:1061E000401030B1019820F020002030019045F09F
:1061F000010516B12046FFF7CCF90199D4F8CC007F
:1062000001602846FEBD000080000020FEB5044667
:106210006069006900900198C0F3C30104F56B70D8
:1062200000EB41100069C01CC0F38F0674E04FF60C
:10623000FF71009801EA80050198C0F3C30104F5DD
:106240006B7000EB41100069A84216D20198C0F3B0
:10625000C30104F56B7000EB4110008A85B2002089
:106260000290029820F0806000F180600290E06867
:10627000806902998843E16888610198C0F3C3018D
:1062800004F56B7000EB41100069C01CC0F38F0671
:106290000198C0F3C302C0F3C30304F56B7000EBB5
:1062A00043102B46C168204600F010F90198C0F356
:1062B000C30104F56B7000EB4110C06841190198EF
:1062C000C0F3C30204F56B7000EB4210C16001988B
:1062D000C0F3C30104F56B7000EB41100069411B72
:1062E0000198C0F3C30204F56B7000EB421001612A
:1062F0000198C0F3C30104F56B7000EB41104069D5
:1063000041190198C0F3C30204F56B7000EB421011
:106310004161606900690090009880B2B0420ADD76
:106320000198C0F3C30104F56B7000EB41100069E4
:1063300000287FF47CAF0120FEBD30B585B0044657
:10634000002000900390039820F01000103003907C
:10635000E068806903998843E1688861E068006AC1
:106360000490049800F00F00009004F190009DF854
:10637000001050F82100006801900498C0F34340D9
:10638000022806D0032878D0052877D0072873D1B3
:1063900075E00498C0F30A10002869DD04F56B70FD
:1063A0009DF8001000EB4110C068002860D00498F0
:1063B000C0F30A1204F56B709DF8003000EB431037
:1063C000C1682046FFF7D1F8049800F00F0104F5EA
:1063D0006B7000EB4110C0680499C1F30A110144CD
:1063E000049800F00F0204F56B7000EB4210C160DE
:1063F000049800F00F0104F56B7000EB4110406948
:106400000499C1F30A110144049800F00F0204F545
:106410006B7000EB4210416104F56B709DF8001049
:1064200000EB4110456904F554709DF8001040F8E8
:10643000215004F190009DF8001050F821000069EF
:1064400002900298C0F3C940002811DD019820F0A5
:10645000004000F100400190019820F08040019040
:1064600004F190009DF80020019950F8220001608D
:1064700006E002E002E0FFE700BF00BF00BF00BF90
:1064800000BF039820F0100010300390E06880698E
:1064900003990843E1688861012005B030BD000020
:1064A00038B504460020009007480068016820467F
:1064B0008847009820F00800083000900098E168B4
:1064C0004861012038BD0000800000202DE9F04126
:1064D00004460026E078B0B900270020DD1C4FEA12
:1064E000E57805EB98784FEAA80704F1D00555F850
:1064F00022C000BF04E00D68CCF80050401C091D0C
:10650000B842F8D300BF3046BDE8F0812DE9F0472E
:106510008CB0054600242846F9F776FE86B222E1C3
:10652000201DB04200DD1FE1285D882871D1601C6C
:10653000285C6728FAD1A01C285C9628F6D1E01CBC
:1065400015F80080201D285C40EA0828404644F6E3
:10655000B232A8EB020190457DD00CDCA0F56C5066
:10656000A0F1B300002842D0012849D0A0F6FE7067
:10657000002871D14EE0A1F580500238F0B1A0F5AD
:106580008040033810B10128F3D10BE00020784996
:10659000086001207749088077A000F009FA201DE3
:1065A00084B2DDE000207C49086001207B4908803E
:1065B0007BA000F0FDF9201D84B2D1E06D48008879
:1065C000012805D100206B4908807DA000F0F0F97A
:1065D00072480088012807D1002070490880FBF725
:1065E00059FD7FA000F0E4F9201D84B2B8E001203D
:1065F00083490880201D84B282A000F0D9F9AFE061
:1066000000207F490880201D84B285A000F0D0F9C9
:10661000A6E0A6E000200B90089009900A90059053
:10662000069007900BA8062105AA08ABCDE9003219
:10663000CDE90210601D81B264233246284602F083
:106640004DFBBDF82C00002836DDBDF82C00401CA9
:1066500087B2381B01E033E081E01FFA80FA281985
:106660005146FAF72EFC8146E8197449086008463D
:10667000006800887249088008460088484515D19E
:10668000FBF73AFA6FA000F093F93A480088012826
:1066900003D128195146FAF751FE404800880128D5
:1066A00007D128195146FAF71DFD02E06CA000F051
:1066B0007FF9781C84B202E070A000F079F94FE015
:1066C00000200B9009900A90079008900BA80421D5
:1066D00007AA09ABCDE90032CDE90210601D81B2F5
:1066E00064233246284602F0F9FABDF82C0000284F
:1066F00031DDBDF82C00401C87B2381B1FFA80FA30
:1067000028195146FAF7DDFB8146E8194B49086024
:106710000846006800884A490880084600884845BD
:1067200013D1FBF7E9F947A000F042F9344800889B
:1067300001280DD158480078401C57490870321B79
:1067400091B2281902F04EFF02E045A000F030F9A6
:10675000781C84B202E049A000F02AF900E000BFF2
:1067600000BF601C84B2DBE600BF0CB0BDE8F08760
:106770000C000020040000207061676531342E7425
:10678000312E7478743D22C6F4D3C3747874CFC2AA
:10679000D4D822FFFFFF000018000020E2000020F4
:1067A0007061676531342E74312E7478743D22C661
:1067B000F4D3C3435356CFC2D4D822FFFFFF000007
:1067C0007061676531342E74312E7478743D22CD3A
:1067D000A3D6B9747874CFC2D4D822FFFFFF0000CB
:1067E0007061676531342E74312E7478743D22CD1A
:1067F000A3D6B9435356CFC2D4D822FFFFFF00001F
:10680000E00000207061676531342E74312E747899
:10681000743D22C6F4B6AFB4F2D3A122FFFFFF004D
:106820007061676531342E74312E7478743D22CDD9
:10683000A3D6B9B4F2D3A122FFFFFF0008000020C5
:10684000020000207061676531342E74312E747837
:10685000743D22D0A3D1E9D5FDC8B722FFFFFF00C8
:106860007061676531342E74312E7478743D22D096
:10687000A3D1E9B4EDCEF322FFFFFF00706167659D
:1068800031342E74312E7478743D22B8F1CABDB4FF
:10689000EDCEF322FFFFFF00E600002000BFFEE781
:1068A00000B587B04FF4A060FBF79EF947208DF844
:1068B000000001208DF8010000208DF80200012069
:1068C0008DF803006846FBF753F93748FCF7AAF840
:1068D00001210420FBF7C2F901212020FBF7EEF98A
:1068E000082206213148FBF70FF8082207212F481C
:1068F000FBF70AF84020059002208DF818008DF86B
:10690000190000208DF81A0001208DF81B0005A940
:106910002648FAF7B1FF8020059002208DF8180074
:1069200005A92248FAF7A8FF4FF41650019000205D
:10693000ADF80800ADF80A00ADF80C00ADF8100095
:106940000C20ADF80E0001A91748FCF721F9012130
:106950001548FCF751F840211348FCF71FF80122B5
:1069600040F224411048FCF7EEF8002240F2255195
:106970000D48FCF7E8F8002240F227710A48FCF7BE
:10698000E2F8002240F226610748FCF7DCF8012219
:1069900080210548FCF73CF8012240210248FCF721
:1069A00037F807B000BD00000014014000080240A5
:1069B0000FB4054B10B503A9044A029800F03AF948
:1069C00010BC5DF814FB0000958E0008F800002054
:1069D0000FB4084B10B504A902AA039800F02AF9D5
:1069E000044602A9002000F0C7FC204610BC5DF858
:1069F00014FB0000797300087CB5044600201D4696
:106A0000164600290BD0491ECDE90041044B6A46C9
:106A10002946304600F00EF9009A002111707CBD25
:106A20006373000800487047FC000020000000006D
:106A300030B583B0044600F017F89FED090B05460A
:106A40008DED000B002221466846F9F7AAFC284686
:106A500000F020F89DED000B03B030BD00000000F9
:106A600000000000000000000148006870470000BE
:106A7000FC00002002E008C8121F08C1002AFAD159
:106A800070477047002001E001C1121F002AFBD1AE
:106A9000704700000149086070470000FC000020BA
:106AA0002DE9FF5F82B00021DDE90430020DDDF841
:106AB00040B0034318D044F61050A2F2FF324243D4
:106AC0001514119801281FD0A5EB0B00401C5FEA9C
:106AD000000A4FF000064E4FDFF83891B04650469E
:106AE00015D5CAF1000413E0119801244AA3012826
:106AF00001D16FEA0B010298119AC0E90031C0E997
:106B0000024206B0BDE8F09FCBF10000DFE704468B
:106B10000021404A491842EB0450CDE9001012E030
:106B2000E00707D032463B4640464946F9F782FD2A
:106B30008046894632463B4610461946F9F77AFDAB
:106B400006460F466410002CEAD1DDE90401DDE9B8
:106B50000023BAF1000F06DAF9F76CFD42464B4606
:106B6000F9F768FD05E0F9F7D7FD42464B46F9F71E
:106B7000D3FD04460E460022284BF9F755FE03D8F4
:106B80004FF0FF30014607E00022254B20463146FA
:106B9000F9F7A9FCF9F72FFE102409E0002C0ADB15
:106BA0000A220023F9F7B0FB039B30321A55641E0A
:106BB00050EA0102F2D1641C039AC4F11103144497
:106BC000119A012A03D0012208430DD10AE008439B
:106BD00004D000204FF0110B119072E7A3EB0B05CE
:106BE0006D1E0DE05B4504DD4FF0000205F101056F
:106BF00004E003DA4FF00002A5F10105002AECD011
:106C000002981199C0E90231C0E9004579E7000016
:106C1000000014400000F03F300000000000F0438E
:106C20000000E03F30380A2801D2012070470020E0
:106C3000704700002DE9FF4F95B09B4689460646F8
:106C400000250FE2252877D100242746F84A0121A4
:106C5000059400E0044316F8013F203B01FA03F0DD
:106C60001042F7D130782A2811D06FF02F033078F6
:106C7000A0F13002092A16D8059A44F0020402EB6A
:106C8000820203EB42021044761C0590EFE759F8AC
:106C9000042B0592002A03DA504244F40054059074
:106CA00044F00204761C30782E2816D116F8010F15
:106CB00044F004042A280DD06FF02F023078A0F1A0
:106CC0003003092B09D807EB870302EB4303C718EE
:106CD000761CF3E759F8047B761C30786C280FD0CB
:106CE00006DC4C2817D068280DD06A2814D104E09F
:106CF000742810D07A280FD10DE044F400140AE073
:106D000044F4801401E044F440147278824202D1C9
:106D100004F58014761C761C307866280BD013DCC2
:106D2000582877D009DC002875D04528F6D04628A9
:106D3000F4D047281AD19DE118E0632835D06428A3
:106D400079D0652812D195E1702873D008DC6728C6
:106D5000F1D069286FD06E280DD06F2806D1B5E02C
:106D600073282CD0752875D0782874D05A46179976
:106D700090476D1C75E1C4F30250022809D0032826
:106D80000DD0D9F8001004280DD00D6009F10409C8
:106D900067E1D9F80010EA17C1E90052F6E7D9F81F
:106DA00000100D80F2E70D70F0E719F8041B8DF864
:106DB000001000208DF80100EA46012003E059F898
:106DC00004AB4FF0FF3061074FF0000102D40DE03B
:106DD00008F101018846B9420FDA8045F8DB1AF85C
:106DE00008100029F4D108E008F101018846814229
:106DF000FADB1AF808100029F6D105985B46A0EBDB
:106E0000080721463846179A00F094FA284400EB08
:106E1000080507E04DE029E10DE01AF8010B5A469C
:106E200017999047B8F10108F7D25B4621463846DA
:106E3000179A13E142E00A220092C4F302524FF083
:106E4000000A022A08D059F804CB032A4FEAEC7151
:106E50000AD00DE029E02AE009F1070121F007023C
:106E6000F2E802C1914609E00FFA8CFC4FEAEC719E
:106E7000042A03D14FFA8CFC4FEAEC71002907DA9F
:106E80000A460021DCF1000C61EB02012D2202E038
:106E9000220504D52B228DF80420012203E0E2070D
:106EA00001D02022F7E7904659E00A2102E01022A3
:106EB0000DE010214FF0000A00910BE010224FF07E
:106EC000000A44F004040827009203E008224FF06F
:106ED000000A0092C4F30252022A05D059F804CBEA
:106EE0000021032A08D009E009F1070121F0070277
:106EF000F2E802C1914605E01FFA8CFC042A01D198
:106F00000CF0FF0C4FF00008220728D5702806D09F
:106F1000009B83F0100353EA0A0305D00EE04022E1
:106F20008DF80420012208E05CEA010206D030223C
:106F30008DF804208DF8050002229046009B83F016
:106F4000080353EA0A030AD15CEA010201D162078D
:106F500005D530228DF804204FF001087F1E5828F7
:106F600004D034A003900EA802900DE036A0F9E7FB
:106F700053466046009AF9F7C7F984460398825C45
:106F80000298401E029002705CEA0100F0D1029863
:106F900006A9081A00F1200A600702D524F48034FB
:106FA00000E00127574502DDA7EB0A0000E00020C2
:106FB00000EB0A01009005984144401A0590E00357
:106FC00006D45B462146179A059800F0B3F90544AC
:106FD000002706E001A85A46C05D179990476D1C2E
:106FE0007F1C4745F6DBE0030CD55B462146179A2C
:106FF000059800F09FF9054404E030205A4617999F
:1070000090476D1C0099481E00900029F5DC08E0AF
:10701000029802995A460078491C029117999047A4
:107020006D1CBAF10001AAF1010AF1DC65E1000072
:10703000092801003031323334353637383961624E
:107040006364656600000000303132333435363712
:1070500038394142434445460000000000F058F9E9
:107060000544761C307800287FF4ECAD19B0284632
:10707000BDE8F08F620700D4062709F1070222F06D
:10708000070CFCE80223E14603F000485FEA080C25
:1070900002D00FF2702C0DE05FEA045C02D50FF213
:1070A000682C07E05FEAC47C02D00FF2602C01E09C
:1070B000AFF2700C4FF0FF3823F00043CDF850C012
:1070C00065280CD006DC452809D046281DD0472865
:1070D0003DD13DE0662818D067287ED138E00021F8
:1070E000112F01DB112000E0781CCDE9000106A979
:1070F0000EA8FFF7D5FCDDE90F010E9A03910021E0
:10710000009207F1010A04914DE04FF00040009712
:10711000CDE9011006A90EA8FFF7C2FCDDE90F02B8
:1071200003920E9B11990022DDF80CA000930492AB
:1071300011B9791C00EB010AB7EB0A0004D4C0F1C5
:10714000FF3007F1010A0490AAEB0700019044E028
:10715000012F00DA01270021112F01DD112000E0AD
:107160003846CDE9000106A90EA8FFF799FCDDE934
:107170000F010E9A0391002104910092BA46210753
:107180000CD40399514500DA8A46BAF1010F05DDA6
:10719000009AAAF10101515C302908D0B84202DA04
:1071A00010F1040F06DA0121CDE9011015E0AAF172
:1071B0000101E9E7002805DC049901440491AAEBE8
:1071C000000102E0411C514500DD8A460499401A45
:1071D000401C01904FF000400290200704D4019819
:1071E000504501DBCDF8048000208DF84F00029857
:1071F0000DF14F07B0F1004F25D02B200E900298D3
:107200004FF0020800280CDA404202902D200E9028
:1072100007E00A210298F9F761F83031029007F887
:10722000011DB8F10001A8F10108F2DC0298002864
:10723000EFD1791E0E980870307800F0200040F0F1
:10724000450007F8020D12A8C01B00F107081498AA
:10725000007800B1012000EB0A01019801EBE07118
:1072600005984144401A401E0590E00306D45B4651
:107270002146179A059800F05DF8054414980078A7
:1072800018B15A46179990476D1CE00324D55B4608
:107290002146179A059800F04DF805441CE0049823
:1072A000002807DBDDE90301884203DD0098405C2C
:1072B000179901E0179930205A469047049805F134
:1072C0000105401C04900198401E019004D12E201D
:1072D0005A46179990476D1CBAF10001AAF1010AAC
:1072E000DDDC05E017F8010B5A46179990476D1C35
:1072F000B8F10001A8F10108F4DC5B462146179AB9
:107300000598ABE62D0000002B00000020000000D7
:107310002DE9F041044600251E461746880404D492
:1073200005E039462020B0476D1C641EF9D528467B
:10733000BDE8F0812DE9F041044600251E46904647
:10734000C80301D5302700E02027880404D505E0D4
:1073500041463846B0476D1C641EF9D52846BDE845
:10736000F0814A68002A06D00A68531C0B6010702E
:107370004868401E486070470A68531C0B601070D4
:107380007047416851B14168491E416031B90121DE
:1073900041700178012901D1816841607047000086
:1073A00070B504460D46607801232A4604F1340185
:1073B00000F040FF08B1032070BD94F8321294F839
:1073C000330241EA00204AF65521884201D00220CA
:1073D000F2E794F86D00010694F86C0041EA004170
:1073E00094F86B0041EA002094F86A10084320F0FA
:1073F0007F400E49884201D10020DDE794F88900E2
:10740000010694F8880041EA004194F8870041EAB7
:10741000002094F88610084320F07F4003498842FA
:1074200001D10020C8E70120C6E700004641540012
:10743000024600E0521C107818B192F90000884210
:10744000F8D192F90000704730B502460B46002093
:107450000446014621E001EB41001D4D55F8200096
:10746000C8B101EB410055F820001568A84213D1BE
:1074700001EB4100164D05EB800040689568A8427D
:107480000AD101EB4100124D05EB80000089D5883F
:10749000A84201D103E0641C491C0329DBD300BFCF
:1074A000032906D10CB9022B01D1002030BD1220D6
:1074B000FCE743B901EB4100054D05EB8000408935
:1074C000B0F5807F01D11020F0E70020EEE700004A
:1074D000801100202DE9F74F88B0089800680190CE
:1074E000019890F9000030380790079809280AD8C9
:1074F000019840783A2806D10198801C019008999B
:107500000198086001E000200790002109980160BF
:107510000798032803D30B200BB0BDE8F08FD349A5
:10752000079851F820400CB90C20F5E70998046041
:10753000207878B1607800F0ADFE804608F0010058
:1075400040B90A9820B108F0040008B10A20E3E726
:107550000020E1E70020207007986070607800F05C
:1075600031FE804608F0010008B10320D4E70A98F4
:1075700020B108F0040008B10A20CDE74FF000095F
:1075800049462046FFF70CFF054600BF012D21D1DB
:107590004FF0000BBBF1000F03D0ABF1010000F086
:1075A000FF0B4FF4DF7000EB0B1104F134000F18E8
:1075B000387978B1F87A0106B87A41EA0041787AE8
:1075C00041EA0020397A40EA010949462046FFF79E
:1075D000E7FE0546032D01D101209DE70DB10D20E9
:1075E0009AE73F20015D94F8400041EA0020B0F5A1
:1075F000007F01D00D208FE74A20015D94F84B00F9
:1076000041EA002ABAF1000F0ED194F85B0001069E
:1076100094F85A0041EA004194F8590041EA0020E8
:1076200094F8581040EA010AC4F81CA04420065DF2
:10763000E670012E03D0022E01D00D206CE70AFB6C
:1076400006FA4120005D0646A07016B1701E30405B
:1076500008B10D2060E74520015D94F8460041EA3D
:1076600000202081207A00F00F0008B10D2053E7A0
:107670004720015D94F8480041EA002006900698F2
:1076800070B994F85700010694F8560041EA004199
:1076900094F8550041EA002094F8541008430690ED
:1076A0004220015D94F8430041EA002002900298D4
:1076B00008B90D2030E702985044218900EB1110E1
:1076C0000590DDE90501814201D20D2024E7DDE9C5
:1076D0000510401AA178B0FBF1F00490049808B9A5
:1076E0000D2019E7012540F6F6710498884200D371
:1076F00002254FF6F6710498884200D303250498BA
:10770000801CA061C4F820900298484460620598EB
:107710004844E062032D16D1208908B10D20FBE614
:1077200094F86300010694F8620041EA004194F87D
:10773000610041EA002094F860100843A062A0694B
:107740008000039014E0208908B90D20E4E6606A07
:107750005044A062022D02D1A069400007E0207EC3
:1077600000F00100A16901EB410100EB5100039021
:10777000E169039800F2FF10B1EB502F01D20D2008
:10778000CAE64FF0FF3020610020E060032D5CD19D
:10779000607194F8641094F8650041EA0020484450
:1077A00060616078012304F13401626900F042FDF8
:1077B000F0BB94F8321294F8330241EA00204AF602
:1077C0005521884241D13720005D01063620005DF9
:1077D00041EA00413520005D41EA002094F8341070
:1077E00008432349884230D194F81B02010694F8DB
:1077F0001A0241EA004194F8190241EA002094F883
:10780000181208431B4988421FD194F8230201062D
:1078100094F8220241EA004194F8210241EA002052
:1078200094F820120843E06094F81F02010600E07B
:107830000BE094F81E0241EA004194F81D0241EA6F
:10784000002094F81C120843206125700A48008823
:10785000401C80B208490880E0800020206320712D
:10786000204600F00BF8002056E6000074110020BE
:1078700052526141727241613E00002010B50146D2
:1078800000200DE000EB4002074B53F822208A4213
:1078900005D1002200EB4003034C44F82320401C98
:1078A0000328EFD310BD0000801100200246891E7E
:1078B0009069801E884201D8002070479378D06A72
:1078C00001FB0300F9E700002DE9F04705460C46EF
:1078D000207820F04000401E00EB800101EBC00644
:1078E00000274FF0010800BF1A48C05D205C19490D
:1078F000C95D2144497840EA0129B8F1000F10D050
:10790000484601F0CFF98046FF2E07D23146761C5B
:1079100035F8110001F0C6F9404508D00020BDE857
:10792000F0874FF6FF70814501D00020F7E7781C03
:1079300007460D28D8D3207800F0400038B1B8F1C0
:10794000000F04D035F8160008B10020E7E7012049
:10795000E5E700006C9900082DE9F04704468946E8
:10796000B9F1000F06D1E76817B1A069B84211D884
:1079700001270FE04946204601F003FB0646022E90
:1079800002D20120BDE8F087A069B04201D930469B
:10799000F8E74F463D4600BF6D1CA069A84204D8D9
:1079A0000225BD4201D90020ECE72946204601F01E
:1079B000E8FA064606B909E0701C08B1012E01D1AB
:1079C0003046DFE7BD42E7D10020DBE700BF6FF0C4
:1079D00070422946204601F035FD8046B8F1000F7F
:1079E00008D1B9F1000F05D02A464946204601F0DA
:1079F00029FD8046B8F1000F09D1E5602069401CDF
:107A000068B12069401E20610120607107E0B8F173
:107A1000010F02D14FF0FF3000E00120054628465B
:107A2000B0E700002DE9F34F83B081460498006869
:107A3000019002E00198401C0190019800782F28E5
:107A4000F8D0019800785C28F4D0D9F81CA0002563
:107A50002F4600BF38467F1C0199085684B2202C5F
:107A600003DB2F2C01D05C2C00D132E0FF2D03D39F
:107A7000062005B0BDE8F08FE4B2812C13DBE0B244
:107A8000FE2810DC38467F1C01990E5C402E01DB7D
:107A90007E2E05DD802E01DBFE2E01DD0620E8E7CF
:107AA00006EB042084B20121204601F0BDF8044613
:107AB0000CB90620DDE7802C06DA214671A0FFF71D
:107AC000B7FC08B10620D4E728466D1C2AF8104000
:107AD000C0E700BF0198C11904980160202C01DAA9
:107AE000042000E00020804608E0681E3AF81040BC
:107AF000202C02D02E2C00D002E06D1E002DF4D1DF
:107B000000BF0DB90620B4E700202AF815000B22AB
:107B10002021D9F8180001F013FC002700E07F1C99
:107B20003AF817002028FAD03AF817002E28F6D095
:107B30000FB148F0030800E06D1E25B1681E3AF849
:107B400010002E28F8D10020064602904FF0080BB6
:107B500000BF38467F1C3AF8104004B963E0202C7F
:107B600003D02E2C04D1AF4202D048F00308F0E736
:107B70000298584501D2AF4214D1BBF10B0F02D18C
:107B800048F003084FE0AF4201D048F00308AF428D
:107B900000D948E02F46082002904FF00B0BB006AA
:107BA000060ED6E7802C09DB204601F07BF8002189
:107BB000009001F039F8044648F00208FF2C11DD6E
:107BC000ABF101000299884204D848F00308CDF8CF
:107BD00008B0BEE72212D9F818300298411C029171
:107BE0001A5419E024B1214629A0FFF721FC18B14D
:107BF0005F2448F003080FE0412C04DB5A2C02DC20
:107C000046F0020608E0612C06DB7A2C04DC46F024
:107C10000106A4F1200084B2D9F818300298411C62
:107C200002911C5495E700BFD9F818000078E528A8
:107C300003D10520D9F818100870BBF1080F01D145
:107C4000B006060E06F00C000C2803D006F0030068
:107C5000032801D148F0020808F0020058B906F0E4
:107C60000300012801D148F0100806F00C00042898
:107C700001D148F00808D9F8180080F80B800020DE
:107C8000F7E60000222A3A3C3E3F7C7F00000000DD
:107C90002B2C3B3D5B5D000030B50246531E1A465F
:107CA000032B1BD202EB42030D4C04EB83035989D7
:107CB000B1F5807F00D1002109B14B1E99B202EBD2
:107CC0004203074C04EB8303598129B9002302EBDB
:107CD0004204034D45F82430002000E0022030BD6E
:107CE000801100202DE9F04104460E460021204677
:107CF00000F019FA0546EDB9002700BF2169206898
:107D000001F028FB054605B113E060690078E5281D
:107D100002D06069007820B9781C0746B04201D1D2
:107D200007E000270121204600F076F80546002DE7
:107D3000E4D000BF2846BDE8F0812DE9F0470446B5
:107D40000021204600F0EFF9074617B13846BDE89C
:107D5000F0874FF0FF09CA4600BF2169206801F093
:107D6000F9FA074607B154E065692E780EB9042781
:107D70004FE0E87A00F03F08E52E05D008F0080053
:107D800028B1B8F10F0F02D04FF0FF093AE0B8F177
:107D90000F0F1CD1E069A0B306F0400030B195F898
:107DA0000DA026F04006B146E08820844E450AD159
:107DB000687B504507D12946E069FFF785FD10B182
:107DC000A9F1010000E0FF2000F0FF091AE0B9F17D
:107DD000000F05D1284601F011FD504500D118E0F3
:107DE0004FF0FF094FF6FF702084A069C07A00F0C1
:107DF000010030B90B222846A16901F081FA00B9CF
:107E000007E0FFE70021204600F006F80746002FB4
:107E1000A3D000BF38469AE72DE9F04104468846D2
:107E200000BFE088401C86B20EB1206910B9042062
:107E3000BDE8F08106F00F0000286DD12069401CDC
:107E40002061E06828B920680089B04264DC042021
:107E5000EEE720688078401E00EA161000285BD10B
:107E6000E168206801F08DF80546012D01D8022057
:107E7000DEE7681C08B90120DAE720688069A842BB
:107E800044D8B8F1000F01D10420D1E7E16820689F
:107E9000FFF762FD05460DB90720C9E7012D01D1A5
:107EA0000220C5E7681C08B90120C1E7206801F07D
:107EB00019FD08B10120BBE7216801F134004FF43E
:107EC0000072002101F03CFA29462068FFF7EEFC21
:107ED0002168086300270FE00120216808712068ED
:107EE00001F000FD08B10120A2E72068006B401CF2
:107EF00021680863781CC7B220688078B842EBDC40
:107F00002068006BC01B2168086300BFE56029463C
:107F10002068FFF7CBFC2061E6802068343006F053
:107F20000F0100EB41106061002081E72DE9F05F57
:107F300004468A464FF0FF09CB4604274EE02169EC
:107F4000206801F007FA074607B14AE0666935780C
:107F50000DB9042745E0F07A00F03F08E52D09D07F
:107F60002E2D07D0B8F1080F01D1012000E000202C
:107F7000504502D04FF0FF0929E0B8F10F0F1AD198
:107F800005F0400030B196F80DB025F04005A94647
:107F9000E08820844D450AD1707B584507D1314691
:107FA000E06901F015FA10B1A9F1010000E0FF202D
:107FB00000F0FF090BE0B9F1000F04D1304601F0E9
:107FC0001DFC584502D04FF6FF70208409E00021C7
:107FD0002046FFF721FF074607B102E0206900288D
:107FE000ADD100BF0FB1002020613846BDE8F09F41
:107FF0002DE9FE4F0446D4F81880D4F81C900C22CA
:108000004146684601F08FF900BF9DF80B0000F073
:10801000010028B3002088F80B00E06101260DE084
:1080200033464A466946404600F04CFF2046FFF77B
:1080300084FE054605B103E0701C86B2642EEFDBBA
:1080400000BF642E02D10720BDE8FE8F042D01D0B1
:108050002846F9E79DF80B0088F80B00C4F81C903F
:108060009DF80B0000F0020070B1002601E0701CCA
:1080700086B239F816000028F9D106F119000D2151
:1080800090FBF1F087B200E0012739462046FFF768
:1080900029FE05465DBB781E80B2071E27D0E0880A
:1080A000C01B81B2204600F03EF80546FDB9A0692C
:1080B00001F0A4FB824600BF2169206801F04AF963
:1080C000054605B112E0FAB253466169E06900F075
:1080D00057FE01202168087100212046FFF79CFE11
:1080E00005461DB9781E80B2071EE5D100BFC5B98F
:1080F0002169206801F02EF9054695B9202200215A
:10810000606901F01DF90B22D4E9050101F00BF9BA
:10811000A069C07A00F01800616908730120216825
:108120000871284690E72DE9F04104460E46E680A6
:10813000A568012D03D020688069A84202D80220DA
:10814000BDE8F0812DB920680078032801D12068AE
:10815000856A65B9E56020680089B04201DC0220CB
:10816000EEE72068806A00EB1610206120E02068AE
:108170008078070112E02946206800F002FF0546DA
:10818000681C08B90120DBE7022D03D32068806951
:10819000A84201D80220D3E7F01B86B2BE42EADA39
:1081A000E56029462068FFF781FB00EB161020618F
:1081B0002068343006F00F0100EB411060610020B0
:1081C000BEE7000070B50446012534B90548F9F74B
:1081D0000CFC08B125F0010500E000BF00BF2846F7
:1081E00070BD0000001A002010B50346F3B9012449
:1081F00031B1012906D0022909D0032911D10BE0A0
:10820000002410E00A480068106000240BE04FF4DE
:1082100000701080002406E04FF40070106000240D
:1082200001E0042400BF00BF204610BD0420FCE78D
:10823000F01300202DE9F0470546884691461E467A
:10824000EDB900271148F9F7D0FB98B100BF7302D0
:108250004A4641460D48FBF7DDFD07460C490B48F1
:10826000FBF718FB0948F9F7C0FB00B901E0032F41
:10827000EDD000BF0FB9002400E0012401E0042488
:1082800000BF00BF2046BDE8F0870000001A0020B4
:10829000AC1F00200146012009B9002000E000BF0A
:1082A00000BF70472DE9F0470546884691461E46B7
:1082B000EDB900271148F9F798FB98B100BF730298
:1082C0004A4641460D48FBF75BFF07460C490B4801
:1082D000FBF7E0FA0948F9F788FB00B901E0032F42
:1082E000EDD000BF0FB9002400E0012401E0042418
:1082F00000BF00BF2046BDE8F0870000001A002044
:10830000AC1F0020002100E0491C032906D201EB2C
:108310004100054A52F820000028F5D1032901D078
:10832000012070470020FCE780110020F7B5ADF573
:108330000C7D0F461446012283A98CA8FFF7CAF8CA
:108340000646EEB980A88990CDF828D283A88C99EA
:1083500000F056FD064600BF96B9889D0DB9062669
:108360000EE004F0270407EA0400E97AA143084379
:10837000E872012083990871839801F04FFA06464C
:1083800030460DF50F7DF0BD70B50446204600F077
:10839000EDFA05461DB9606AFFF77EFC05460DB98A
:1083A00000202060284670BD2DE9F04704460E46A7
:1083B000204601F0C0FA8246BAF1000F02D05046C2
:1083C000BDE8F087A07900F0800008B10220F7E74F
:1083D000E068B04204D2A07900F0020000B9E6687B
:1083E000D4F808904FF00008C4F80880002E77D029
:1083F000206880784702B9F1000F11D0701EB0FBE1
:10840000F7F1A9F10100B0FBF7F0814208D3A9F11F
:108410000100791E8843A060A068361A656918E0DB
:108420002569ADB900212068FFF796FA0546012DB0
:1084300005D1A07940F08000A0710220C0E7681C3F
:1084400028B9A07940F08000A0710120B8E725612B
:108450006561002D44D029E0A07900F0020038B118
:1084600029462068FFF778FA054635B93E461FE0F1
:108470002946206800F085FD0546681C28B9A079CA
:1084800040F08000A07101209AE7012D03D92068F7
:108490008069A84205D8A07940F08000A071022030
:1084A0008EE76561A0683844A060F61BBE42D3D851
:1084B00000BFA0683044A060C6F3080068B1294638
:1084C0002068FFF7F3F98046B8F1000F06D1A079D4
:1084D00040F08000A071022072E701E008EB56280E
:1084E0002089C0F3080050B3A069404527D0A07987
:1084F00000F0400090B121684878012304F1280180
:10850000A269FFF7CFFE28B1A07940F08000A071EA
:10851000012055E7A07920F04000A071216848783B
:108520000123424604F12801FFF784FE28B1A07917
:1085300040F08000A071012042E7C4F81880D4E91F
:108540000201884205D9A068E060A07940F02000CF
:10855000A071504634E72DE9F147ADF50D7D00F0EF
:1085600083FD0646012284A98DA8FEF7B3FF0546C8
:10857000002D6FD181A88A9001A88B9084A88D9935
:1085800000F03EFC054605B9082500BF042DF0D1DA
:1085900000218498FFF7E0F90746002507B9072571
:1085A000012F00D10225781C00B901251DB984983E
:1085B00001F098F90546002D5BD139468498FFF704
:1085C00075F98146849800F134044FF4007200215B
:1085D000204600F0B5FE0B222021204600F0B0FE20
:1085E0002E2020701020E072A675310AE175310C42
:1085F0002176310E61763946204601F0F7F82022C7
:10860000214604F1200000F08EFE2E2084F8210087
:10861000DDF818A284980078032804D18498806A31
:10862000504500D1AA46514604F1200001F0DEF881
:10863000849890F8028018E08498C0F8309009F18E
:108640000109012084990871849801F04BF90546CD
:108650000DB10DE02DE04FF400720021204600F036
:108660006FFEA8F1010000F0FF08B8F1000FE3D1A0
:1086700000BF1DB984A8FFF7BBFC054625B13946EC
:10868000849800F07AFF14E0899C1020E072A675AF
:10869000310AE175310C2176310E6176394620467A
:1086A00001F0A4F8012084990871849801F0B6F8CB
:1086B000054628460DF50E7DBDE8F08770B50446E9
:1086C0000D46032C01DB0B2070BD084850F82460D8
:1086D00026B13046FFF7D2F8002030700DB10020EF
:1086E0002870024840F824500020EDE77411002063
:1086F0002DE9F743ADF50C7D0546164625B9092051
:108700000DF50F7DBDE8F0830020286006F01F0600
:1087100026F0010283A98DA8FEF7DCFE0746002F94
:1087200072D180A88990CDF828D283A88D9900F0C5
:1087300067FB0746889C6FB90CB906270AE026F04C
:10874000010008B1012000E00020014683A8FEF7E7
:108750007BFE074606F01C00002856D077B1042F98
:1087600008D1FFF7CFFD18B183A8FFF741FC00E067
:108770001220074646F00806889C09E0E07A00F0DF
:10878000110008B1072703E006F0040000B1082734
:10879000002F38D106F00800A8B300F065FC804631
:1087A00084F80E804FEA1821E1734FEA18412174D2
:1087B0004FEA186161740020E07220770021617730
:1087C000A177E1772146839800F066FD814600217C
:1087D000204601F00BF8012083990871B9F1000FD0
:1087E00011D08398D0F830804946839800F0C5FEB8
:1087F000074647B9A9F101008399C86041468398AB
:1088000000F0A8FD07460FE040E06FB9E07A00F005
:10881000100008B1042707E006F0020020B1E07A5A
:1088200000F0010000B10727B7B906F0080008B151
:1088300046F020068398006BE8612C6226F0010068
:1088400008B1012000E00020014683A800F0B6FC3A
:108850006862686A00B90227C7B9AE712146839879
:1088600000F01AFD2861E07F0106A07F41EA004187
:10887000607F41EA0020217F0843E8600020A86073
:10888000A861839828608398C088A880384637E715
:1088900073B5ADF5047D04461CB909200DF5067DC0
:1088A00070BD0022214685A8FEF714FE0546266805
:1088B00035BB81A8A06101A8E0612046859900F040
:1088C0009FFA0546ADB9606958B16069C07A00F099
:1088D000100028B13046616900F0DEFCA06000E0C5
:1088E000052535B9F088A08000212046FFF71BFC44
:1088F0000546042D00D1052525B10020206001E0AA
:10890000002020602846C9E770B5ADF5047D044617
:108910000E46204601F00FF805461DBB2EB900217A
:108920002046FFF700FC05461CE081A8A06101A8D5
:10893000E06100212046FFF7F9FA0546042D02D137
:108940000020206100256DB93146204600F090FBE3
:1089500000212046FFF760FA0546042D02D10020D1
:108960002061002528460DF5047D70BD2DE9F041FC
:108970000446204600F0DFFF0746002F4CD1A079C7
:1089800000F02000002847D0A07900F0400078B126
:1089900021684878012304F12801A269FFF782FCCD
:1089A00010B10120BDE8F081A07920F04000A07155
:1089B000E169206800F0CEFC0746002F2CD1256A23
:1089C000E87A40F02000E872207B2877A089010A2D
:1089D0006977E068010CA977E068010EE97728461D
:1089E000216900F003FF00F03FFB0646AE75310A37
:1089F000E975310C2976310E69760020A8740021C2
:108A0000E974A07920F02000A0710120216808718C
:108A1000206800F003FF07463846C3E72DE9FF4F03
:108A200083B0044615469B46049801900020CBF87D
:108A30000000204600F07FFF0290029818B10298D3
:108A400007B0BDE8F08FA07900F0800008B10220E7
:108A5000F6E7A07900F0020008B90720F0E7E06827
:108A60002844E168884200D20025CDE02089C0F387
:108A70000800002877D120688078401EA16800EAAD
:108A8000512000F0FF0ABAF1000F2AD1A06858B9AE
:108A9000D4F81080B8F1000F0BD100212068FEF748
:108AA0005BFF8046206104E061692068FEF754FFA7
:108AB0008046B8F1000F00D1A9E0B8F1010F05D14F
:108AC000A07940F08000A0710220B9E708F1010010
:108AD00028B9A07940F08000A0710120B0E7C4F867
:108AE0001480A07900F0400090B1216848780123FB
:108AF00004F12801A269FFF7D5FB28B1A07940F065
:108B00008000A07101209BE7A07920F04000A071B7
:108B100061692068FEF7CAFE06462EB9A07940F0CA
:108B20008000A07102208BE756444FEA5529B9F125
:108B3000000F2FD00AEB090021688978884203D9F9
:108B400020688078A0EB0A0909F0FF0321684878C3
:108B500032460199FFF7A6FB30B1A07940F08000C2
:108B6000A07101206CE72CE0A069801B48450ED263
:108B7000A069801B019A02EB40214FF4007204F1BE
:108B8000280000F0D0FBA07920F04000A0714FEA4F
:108B900049272DE0A069B04212D0D4E902018842F1
:108BA0000ED2216848780123324604F12801FFF7EC
:108BB00041FB28B1A07940F08000A07101203FE77F
:108BC000A6612089C0F30800C0F50077AF4200D944
:108BD0002F462189C1F3080204F1280150183A46B2
:108BE000019900F0A0FBA07940F04000A07100BF07
:108BF000019838440190A0683844A060DBF8000078
:108C00003844CBF80000ED1B002D7FF42FAF00BFE0
:108C1000D4E90201884201D9A068E060A07940F05F
:108C20002000A07100200BE72DE9F04102460F461D
:108C3000802A01DA10462FE01FB1184B45F220566A
:108C400002E0174B45F220560025102416E0A6EB53
:108C5000050C0CEBDC7805EB68014FEA410C33F8AE
:108C60001CC0944500D10BE04FEA410C33F81CC006
:108C7000944501DA0D4600E00E46641E002CE6D154
:108C800000BF34B14FF0010C0CEB410C33F81CC0A9
:108C900001E04FF0000C6046BDE8F081FEED0108F8
:108CA0007A9900080246002100E0491C094830F882
:108CB000110020B1074830F811009042F5D1054865
:108CC00030F8110018B1044830F811007047104610
:108CD000FCE7000082420308624403082DE9F047E4
:108CE00004460E46DDE9098C089F0B9D002006EB2B
:108CF000030A1FFA8AF9A2F1020ACA4501DA1FFA29
:108D00008AF93E801DB14FF0000AA5F800A0314657
:108D100030E014F801A0BAF1880F0ED101F1010A78
:108D200014F80AA0BAF1670F07D101F1020A14F88A
:108D30000AA0BAF1960F00D11EE014F801A0BAF112
:108D40005E0F13D105B1298060450FDA37F810A006
:108D5000A1EB0A0A28F810A000F1010A0AF0FF00AE
:108D6000604503DA01F1010A27F810A001F1010AB8
:108D70001FFA8AF14945CCDB00BFBDE8F08700004F
:108D8000F0B504461D464D730F27CF7200270F73B1
:108D90008F76BC4681F81BC0571E07EB870C0CEB87
:108DA000C706002738463B4600BF4FF6FF77B8425C
:108DB00003D03746761C34F81700DFF840C01CF8A3
:108DC00003C001F80C000712DFF830C01CF803C024
:108DD0008C448CF8017008B94FF6FF705F1C3B465D
:108DE0000D2FE2D34FF6FF77B84202D034F8167059
:108DF0000FB942F040020A70F0BD00006C99000803
:108E00002DE9F3410446019800782F2803D00198FA
:108E100000785C2802D10198401C01900020A060DD
:108E2000019890F90000202807D200212046FFF782
:108E30007AF905460020606129E000BF01A92046BB
:108E4000FEF7F0FD054605B120E02046FEF775FF70
:108E50000546A069C67A45B1042D00D016E000BFD2
:108E600006F0040000B9052510E006F0040000B18A
:108E70000CE06769F87A00F0100008B9052505E0F4
:108E80003946206800F008FAA060D7E700BF2846FE
:108E9000BDE8FC8170B504460D4640210748F9F74E
:108EA0007DFDE1B20648F9F7E2FE00BF402104482B
:108EB000F9F712FE0028F9D0204670BD00100140DD
:108EC000001401402DE9FC4707468A4690461C469F
:108ED0000B225146384600F026FA052C0BDD00BF68
:108EE000601000EBC43138F8022B881884B2B8F84F
:108EF00000000028F4D1072600BF2046E11704EB4C
:108F000011710911A4EB0111303101F0FF09B9F120
:108F1000390F03DD09F1070000F0FF093046761E26
:108F20000DF800902046E11704EB1171C1F30F1406
:108F3000002CE2D17E200DF8060000250BE0785DC4
:108F4000812807DB785DFE2804DC701EA84200D172
:108F500006E06D1C6D1CB54202D2785D2028EED172
:108F600000BF00BF082E04D23046761C1DF800005A
:108F700000E0202029466D1C7854082DF2D3BDE86E
:108F8000FC872DE9F04105460C46022C02D3A86966
:108F9000A04202D80120BDE8F0812878012804D041
:108FA00002282CD003285AD13DE0274607EB57076B
:108FB000686A00EB5721284600F0CCF900B14EE07A
:108FC000C7F3080105F1340010F801807F1C686ABE
:108FD00000EB5721284600F0BDF900B13FE0C7F390
:108FE000080105F13400405C48EA002804F0010063
:108FF00010B14FEA1810CEE7C8F30B00CBE7686A50
:1090000000EB1421284600F0A5F900B127E040F25A
:10901000FF1000EA440105F134000E183078717831
:1090200040EA0120B7E7686A00EBD411284600F057
:1090300091F900B113E040F2FF1000EA840105F15C
:1090400034000E18F0780006B17840EA01407178DB
:1090500040EA01203178084320F070409BE700BFD0
:109060004FF0FF3097E700000048704700002142B2
:109070002DE9FC5F81460F4607F10908D9F8100079
:10908000002854D0D9F81440207B0190002516E028
:10909000605D46B2202E00D113E0052E01D16FF0A5
:1090A0001A06019800F0080030B1412E04DB5A2E58
:1090B00002DC06F1200046B208F8016B6D1C082D99
:1090C000E6D300BF207A20281AD02E2008F8010B02
:1090D000082512E0605D46B2202E00D10FE0019815
:1090E00000F0100030B1412E04DB5A2E02DC06F1F4
:1090F000200046B208F8016B6D1C0B2DEAD300BFAF
:10910000E07A3872E07F0106A07F41EA0041607F8B
:1091100041EA0020217F08433860217E607E41EAD9
:109120000020B880A17DE07D41EA0020F880002089
:1091300088F80000B869E8B3F869D8B3D7F818B070
:109140000025D9F8100088B3B9F820004FF6FF7158
:1091500088422BD0D9F81C0000901FE00021504617
:10916000FFF762FD8246BAF1000F01D100251CE035
:10917000BAF1FF0F06DD4FEA2A2042B228466D1CE5
:109180000BF80020F869401EA84201D800250CE029
:109190004FFA8AF228466D1C0BF80020009830F830
:1091A000021BB1F1000A0090D8D100BF00200BF8DB
:1091B000050000E000E000BFBDE8FC9F30B50246BE
:1091C0000B4600211BE001EB4100324C54F820001B
:1091D0001468A04212D101EB41002E4C04EB800038
:1091E00040689468A04209D101EB4100294C04EB8E
:1091F00080000089D488A04200D102E0491C0329E4
:10920000E1D300BF032927D1002100E0491C032935
:1092100006D201EB41001F4C54F820000028F5D184
:10922000032901D1002030BD01EB4104194D106824
:1092300045F8240001EB410405EB8404906860606C
:10924000D08801EB410405EB84042081002001EB70
:10925000410405EB8404608143B101EB41000D4CF6
:1092600004EB8000408908B10020DCE713B14FF423
:10927000807006E001EB4100064C04EB8000408961
:10928000401C01EB4104034D05EB84046081481C44
:10929000C9E700008011002010B502468C7ECB7E0D
:1092A00044EA03201378032B05D10C7D4B7D44EA5F
:1092B000032340EA034010BD10B5F8F731FCF9F77D
:1092C000EDF8F9F7D7FAF9F797FAFDF7E9FAF9F7B0
:1092D000D5F9F8F769FA0748008881B20648F8F727
:1092E0006BFA00200549087002490880F8F798FADF
:1092F000002010BDE800002030200020E700002002
:10930000F0B503461C460D46002000BF161EA2F114
:10931000010207D014F8017B15F801CBA7EB0C066E
:10932000301EF3D0F0BD70B503460C4603E014F8D0
:10933000015B03F8015B151EA2F10102F7D170BDBC
:1093400030B5034601E003F8011B141EA2F101022F
:10935000F9D130BD70B504460D46206BA84210D03F
:10936000204600F0BFFA08B1012070BD60780123EB
:109370002A4604F13401FEF75DFF08B10120F4E74D
:1093800025630020F1E70146487830380A78303A02
:1093900002EB820200EB4200C0B27047014608783F
:1093A00030384FF47A7210FB02F24878303800EB14
:1093B000C00303EB001002EB80028878303800EB2A
:1093C000800002EB4002C8783038104480B2704709
:1093D000F0B50346087800F03F00401E00EB800720
:1093E00007EBC0020025012600BF1548405D085C60
:1093F000134F7F5D0F447F7840EA07244EB1FF2A68
:1094000001D30020F0BD26461046521C23F8104020
:1094100005E04FF6FF70844201D00020F2E7681C9F
:1094200005460D28E1D3087800F0400030B1FF2A4E
:1094300001D30020E6E7002023F812000120E1E735
:109440006C9900082DE9F04705460E461746022E96
:1094500002D3A869B04202D84FF002088AE0287807
:10946000012804D0022841D003287DD154E0B14620
:1094700009EB5909686A00EB59212846FFF76AFF92
:109480008046B8F1000F00D071E0C9F3080105F182
:1094900034000C1806F0010020B1F9B2207861F315
:1094A0001F1000E03846207009F1010901202871E1
:1094B000686A00EB59212846FFF74CFF8046B8F157
:1094C000000F00D053E0C9F3080105F134000C1877
:1094D00006F0010010B1C7F3071005E0207800F096
:1094E000F000C7F303210843207040E0686A00EBF6
:1094F00016212846FFF72EFF8046B8F1000F00D056
:1095000035E040F2FF1000EA460105F134000C1886
:109510002770380A60702AE0686A00EBD611284686
:10952000FFF718FF8046B8F1000F00D01FE040F2AF
:10953000FF1000EA860105F134000C18E0780006FF
:10954000A17840EA0140617840EA0120217808438F
:1095500000F0704007432770380A6070380CA07024
:10956000380EE07003E0FFE74FF0020800BF00BFD5
:10957000012028714046BDE8F0872DE9F0410446FE
:109580000E46022E02D3A069B04201D8022725E080
:1095900000271FE031462046FFF7F3FC054605B9DA
:1095A0001BE0012D01D1022717E0681C08B9012733
:1095B00013E0002231462046FFF744FF074607B17B
:1095C0000BE02069401C20B12069401C2061012073
:1095D00060712E46A069B042DCD800BF3846BDE8B5
:1095E000F081000070B52DED048B94B004460D465B
:1095F000002012901390109011900026042110AAC0
:1096000012ABCDE90032CDE9021064232A460521D0
:109610002046FFF763FB0646032E73DBBDF84810B8
:109620000819FFF7BBFE55490880BDF84810091D11
:109630000819FFF7A8FE51498870BDF84810891D28
:109640000819FFF7A0FE4D49C870BDF84810083151
:109650000819FFF798FE49490871BDF848100A310A
:109660000819FFF790FE45494871BDF848100C31C4
:109670000819FFF788FE4149887100200C900D9071
:109680000E900F90BDF84200002818DDBDF8420092
:10969000102814DABDF84220BDF84A0001190CA8C0
:1096A000F6F78EFD0CA8FDF7C3F9B0EE408AF0EE98
:1096B000608A51EC180BF6F7F5FD30498860002000
:1096C000089009900A900B90BDF84400002818DD1E
:1096D000BDF84400102814DABDF84420BDF84C0051
:1096E000011908A8F6F76CFD08A8FDF7A1F9B0EE7E
:1096F000408AF0EE608A51EC180BF6F7D3FD1F4953
:10970000C86000E036E01EA0F8F76CFB1B4890ED47
:10971000030A10EE101A0846F6F7B1FD41EC180BDB
:10972000164890ED020A10EE101A0846F6F7A7FD4B
:1097300041EC190B8DED068B8DED049B0F48807964
:109740000E4949790D4A1279CDE9002102900B4862
:10975000C378827801881448F8F744FB13480078EE
:10976000012803D112A0FDF723F902E018A0FDF7AC
:109770001FF900BF14B0BDEC048B70BD3023002076
:109780000D0A2D2D2D2D2D2D2D2D2D2D2D2D2D2D4C
:109790002D2D2D2D2D2D2D2D2D2D2D2D2D2D2D2DF9
:1097A0002D2D0D0A0000000070480308E60000207F
:1097B0007061676531342E74322E7478743D22CA1C
:1097C000D7B4CEB4F2D3A1B3C9B9A622FFFFFF002C
:1097D0007061676531342E74322E7478743D22B412
:1097E000F2D3A1B3C9B9A622FFFFFF0081760B0A0D
:1097F000C3760A0C02750B0E4375704730B50146EF
:1098000000200B2200BF431003EBC01411F8015BD2
:109810006319D8B2531E1A1EF5D130BD70B5044677
:10982000204600F05FF80546002D59D12078032826
:109830004FD1607900284CD0002020634FF4007293
:10984000002104F13400FFF77BFD552184F832122A
:10985000AA2184F83312522084F834005221352092
:1098600001556121362001554121372001557221D2
:1098700084F8181284F81912412184F81A1261210F
:1098800084F81B12217C84F81C12208A010A84F8B7
:109890001D122069010C84F81E122069010E84F843
:1098A0001F12217B84F82012A089010A84F821125A
:1098B000E068010C84F82212E068010E84F823129B
:1098C0006078012304F134016269FEF7EBFC0020AB
:1098D0006071607800221146FEF786FC00B1012518
:1098E000284670BD70B50446207910B3256B6078AA
:1098F00001232A4604F13401FEF7D4FC08B101200B
:1099000070BD00202071606AA84212D8E169606AC7
:109910000844A8420DD9E67809E0E069054460787A
:1099200001232A4604F13401FEF7BCFC761E022E08
:10993000F3D20020E4E770B505462C464CB1206810
:1099400038B12068007820B12068C088A18888429A
:1099500001D0092070BD21684878FEF79BFC00F01B
:10996000010008B10320F5E70020F3E70103050734
:10997000090E10121416181C1E00A400E8A1A7005E
:10998000ECA1A800A7A1B000E3A1B100C0A1B7005D
:10999000A4A1D700C1A1E000A4A8E100A2A8E8000A
:1099A000A8A8E900A6A8EA00BAA8EC00ACA8ED00B7
:1099B000AAA8F200B0A8F300AEA8F700C2A1F9006F
:1099C000B4A8FA00B2A8FC00B9A80101A1A813012B
:1099D000A5A81B01A7A82B01A9A84401BDA848015F
:1099E000BEA84D01ADA86B01B1A8CE01A3A8D001BE
:1099F000ABA8D201AFA8D401B3A8D601B5A8D801AD
:109A0000B6A8DA01B7A8DC01B8A85102BBA8610268
:109A1000C0A8C702A6A1C902A5A1CA0240A8CB023C
:109A200041A8D90242A89103A1A69203A2A693033A
:109A3000A3A69403A4A69503A5A69603A6A697039A
:109A4000A7A69803A8A69903A9A69A03AAA69B036A
:109A5000ABA69C03ACA69D03ADA69E03AEA69F033A
:109A6000AFA6A003B0A6A103B1A6A303B2A6A40308
:109A7000B3A6A503B4A6A603B5A6A703B6A6A803D6
:109A8000B7A6A903B8A6B103C1A6B203C2A6B30381
:109A9000C3A6B403C4A6B503C5A6B603C6A6B7033A
:109AA000C7A6B803C8A6B903C9A6BA03CAA6BB030A
:109AB000CBA6BC03CCA6BD03CDA6BE03CEA6BF03DA
:109AC000CFA6C003D0A6C103D1A6C303D2A6C403A8
:109AD000D3A6C503D4A6C603D5A6C703D6A6C80376
:109AE000D7A6C903D8A60104A7A71004A1A71104EB
:109AF000A2A71204A3A71304A4A71404A5A71504DE
:109B0000A6A71604A8A71704A9A71804AAA71904AA
:109B1000ABA71A04ACA71B04ADA71C04AEA71D0479
:109B2000AFA71E04B0A71F04B1A72004B2A7210449
:109B3000B3A72204B4A72304B5A72404B6A7250419
:109B4000B7A72604B8A72704B9A72804BAA72904E9
:109B5000BBA72A04BCA72B04BDA72C04BEA72D04B9
:109B6000BFA72E04C0A72F04C1A73004D1A731047A
:109B7000D2A73204D3A73304D4A73404D5A735041D
:109B8000D6A73604D8A73704D9A73804DAA73904EA
:109B9000DBA73A04DCA73B04DDA73C04DEA73D04B9
:109BA000DFA73E04E0A73F04E1A74004E2A7410489
:109BB000E3A74204E4A74304E5A74404E6A7450459
:109BC000E7A74604E8A74704E9A74804EAA7490429
:109BD000EBA74A04ECA74B04EDA74C04EEA74D04F9
:109BE000EFA74E04F0A74F04F1A75104D7A7102008
:109BF0005CA9132043A81420AAA1152044A816206C
:109C0000ACA11820AEA11920AFA11C20B0A11D202D
:109C1000B1A1252045A82620ADA13020EBA13220FE
:109C2000E4A13320E5A1352046A83B20F9A1AC20D2
:109C300080000321E6A1052147A8092148A8162193
:109C4000EDA1212159A96021F1A26121F2A2622195
:109C5000F3A26321F4A26421F5A26521F6A2662194
:109C6000F7A26721F8A26821F9A26921FAA26A2164
:109C7000FBA26B21FCA27021A1A27121A2A27221E0
:109C8000A3A27321A4A27421A5A27521A6A2762164
:109C9000A7A27721A8A27821A9A27921AAA290211E
:109CA000FBA19121FCA19221FAA19321FDA1962172
:109CB00049A897214AA898214BA899214CA8082285
:109CC000CAA10F22C7A11122C6A115224DA81A228E
:109CD000CCA11D22D8A11E22DEA11F224EA8202227
:109CE000CFA123224FA82522CEA12722C4A128221A
:109CF000C5A12922C9A12A22C8A12B22D2A12E2284
:109D0000D3A13422E0A13522DFA13622C3A137221C
:109D1000CBA13D22D7A14822D6A14C22D5A15222C7
:109D200050A86022D9A16122D4A16422DCA16522BD
:109D3000DDA1662251A8672252A86E22DAA16F2205
:109D4000DBA1952292A89922D1A1A522CDA1BF2263
:109D500053A81223D0A16024D9A26124DAA26224DC
:109D6000DBA26324DCA26424DDA26524DEA26624D7
:109D7000DFA26724E0A26824E1A26924E2A274249D
:109D8000C5A27524C6A27624C7A27724C8A27824C7
:109D9000C9A27924CAA27A24CBA27B24CCA27C2497
:109DA000CDA27D24CEA27E24CFA27F24D0A2802467
:109DB000D1A28124D2A28224D3A28324D4A2842437
:109DC000D5A28524D6A28624D7A28724D8A2882407
:109DD000B1A28924B2A28A24B3A28B24B4A28C2477
:109DE000B5A28D24B6A28E24B7A28F24B8A2902447
:109DF000B9A29124BAA29224BBA29324BCA2942417
:109E0000BDA29524BEA29624BFA29724C0A29824E6
:109E1000C1A29924C2A29A24C3A29B24C4A2002551
:109E2000A4A90125A5A90225A6A90325A7A904255A
:109E3000A8A90525A9A90625AAA90725ABA908252A
:109E4000ACA90925ADA90A25AEA90B25AFA90C25FA
:109E5000B0A90D25B1A90E25B2A90F25B3A91025CA
:109E6000B4A91125B5A91225B6A91325B7A914259A
:109E7000B8A91525B9A91625BAA91725BBA918256A
:109E8000BCA91925BDA91A25BEA91B25BFA91C253A
:109E9000C0A91D25C1A91E25C2A91F25C3A920250A
:109EA000C4A92125C5A92225C6A92325C7A92425DA
:109EB000C8A92525C9A92625CAA92725CBA92825AA
:109EC000CCA92925CDA92A25CEA92B25CFA92C257A
:109ED000D0A92D25D1A92E25D2A92F25D3A930254A
:109EE000D4A93125D5A93225D6A93325D7A934251A
:109EF000D8A93525D9A93625DAA93725DBA93825EA
:109F0000DCA93925DDA93A25DEA93B25DFA93C25B9
:109F1000E0A93D25E1A93E25E2A93F25E3A9402589
:109F2000E4A94125E5A94225E6A94325E7A9442559
:109F3000E8A94525E9A94625EAA94725EBA9482529
:109F4000ECA94925EDA94A25EEA94B25EFA95025F5
:109F500054A8512555A8522556A8532557A854252D
:109F600058A8552559A856255AA857255BA85825FD
:109F70005CA859255DA85A255EA85B255FA85C25CD
:109F800060A85D2561A85E2562A85F2563A860259D
:109F900064A8612565A8622566A8632567A864256D
:109FA00068A8652569A866256AA867256BA868253D
:109FB0006CA869256DA86A256EA86B256FA86C250D
:109FC00070A86D2571A86E2572A86F2573A87025DD
:109FD00074A8712575A8722576A8732577A88125A0
:109FE00078A8822579A883257AA884257BA8852549
:109FF0007CA886257DA887257EA8882580A8892518
:10A0000081A88A2582A88B2583A88C2584A88D25E4
:10A0100085A88E2586A88F2587A8932588A89425AE
:10A0200089A895258AA8A025F6A1A125F5A1B22584
:10A03000F8A1B325F7A1BC258BA8BD258CA8C62502
:10A04000F4A1C725F3A1CB25F0A1CE25F2A1CF2500
:10A05000F1A1E2258DA8E3258EA8E4258FA8E525AA
:10A0600090A80526EFA10626EEA1092691A8402674
:10A07000E2A14226E1A10030A1A10130A2A102305B
:10A08000A3A10330A8A10530A9A1063065A9073016
:10A0900096A90830B4A10930B5A10A30B6A10B3099
:10A0A000B7A10C30B8A10D30B9A10E30BAA10F3054
:10A0B000BBA11030BEA11130BFA1123093A8133044
:10A0C000FEA11430B2A11530B3A11630BCA11730D7
:10A0D000BDA11D3094A81E3095A8213040A9223082
:10A0E00041A9233042A9243043A9253044A9263070
:10A0F00045A9273046A9283047A9293048A9413029
:10A10000A1A44230A2A44330A3A44430A4A4453067
:10A11000A5A44630A6A44730A7A44830A8A4493037
:10A12000A9A44A30AAA44B30ABA44C30ACA44D3007
:10A13000ADA44E30AEA44F30AFA45030B0A45130D7
:10A14000B1A45230B2A45330B3A45430B4A45530A7
:10A15000B5A45630B6A45730B7A45830B8A4593077
:10A16000B9A45A30BAA45B30BBA45C30BCA45D3047
:10A17000BDA45E30BEA45F30BFA46030C0A4613017
:10A18000C1A46230C2A46330C3A46430C4A46530E7
:10A19000C5A46630C6A46730C7A46830C8A46930B7
:10A1A000C9A46A30CAA46B30CBA46C30CCA46D3087
:10A1B000CDA46E30CEA46F30CFA47030D0A4713057
:10A1C000D1A47230D2A47330D3A47430D4A4753027
:10A1D000D5A47630D6A47730D7A47830D8A47930F7
:10A1E000D9A47A30DAA47B30DBA47C30DCA47D30C7
:10A1F000DDA47E30DEA47F30DFA48030E0A4813097
:10A20000E1A48230E2A48330E3A48430E4A4853066
:10A21000E5A48630E6A48730E7A48830E8A4893036
:10A22000E9A48A30EAA48B30EBA48C30ECA48D3006
:10A23000EDA48E30EEA48F30EFA49030F0A49130D6
:10A24000F1A49230F2A49330F3A49B3061A99C3026
:10A2500062A99D3066A99E3067A9A130A1A5A23050
:10A26000A2A5A330A3A5A430A4A5A530A5A5A6307A
:10A27000A6A5A730A7A5A830A8A5A930A9A5AA304A
:10A28000AAA5AB30ABA5AC30ACA5AD30ADA5AE301A
:10A29000AEA5AF30AFA5B030B0A5B130B1A5B230EA
:10A2A000B2A5B330B3A5B430B4A5B530B5A5B630BA
:10A2B000B6A5B730B7A5B830B8A5B930B9A5BA308A
:10A2C000BAA5BB30BBA5BC30BCA5BD30BDA5BE305A
:10A2D000BEA5BF30BFA5C030C0A5C130C1A5C2302A
:10A2E000C2A5C330C3A5C430C4A5C530C5A5C630FA
:10A2F000C6A5C730C7A5C830C8A5C930C9A5CA30CA
:10A30000CAA5CB30CBA5CC30CCA5CD30CDA5CE3099
:10A31000CEA5CF30CFA5D030D0A5D130D1A5D23069
:10A32000D2A5D330D3A5D430D4A5D530D5A5D63039
:10A33000D6A5D730D7A5D830D8A5D930D9A5DA3009
:10A34000DAA5DB30DBA5DC30DCA5DD30DDA5DE30D9
:10A35000DEA5DF30DFA5E030E0A5E130E1A5E230A9
:10A36000E2A5E330E3A5E430E4A5E530E5A5E63079
:10A37000E6A5E730E7A5E830E8A5E930E9A5EA3049
:10A38000EAA5EB30EBA5EC30ECA5ED30EDA5EE3019
:10A39000EEA5EF30EFA5F030F0A5F130F1A5F230E9
:10A3A000F2A5F330F3A5F430F4A5F530F5A5F630B9
:10A3B000F6A5FC3060A9FD3063A9FE3064A9053123
:10A3C000C5A80631C6A80731C7A80831C8A80931F1
:10A3D000C9A80A31CAA80B31CBA80C31CCA80D31C1
:10A3E000CDA80E31CEA80F31CFA81031D0A8113191
:10A3F000D1A81231D2A81331D3A81431D4A8153161
:10A40000D5A81631D6A81731D7A81831D8A8193130
:10A41000D9A81A31DAA81B31DBA81C31DCA81D3100
:10A42000DDA81E31DEA81F31DFA82031E0A82131D0
:10A43000E1A82231E2A82331E3A82431E4A82531A0
:10A44000E5A82631E6A82731E7A82831E8A8293170
:10A45000E9A82032E5A22132E6A22232E7A2233285
:10A46000E8A22432E9A22532EAA22632EBA2273260
:10A47000ECA22832EDA22932EEA231325AA9A3323F
:10A4800049A98E334AA98F334BA99C334CA99D33DC
:10A490004DA99E334EA9A1334FA9C43350A9CE3341
:10A4A00051A9D13352A9D23353A9D53354A9004E5F
:10A4B000BBD2014EA1B6024E4081034EDFC6044E10
:10A4C0004181054E4281064E4381074EF2CD084E32
:10A4D000C9D5094EFDC80A4ECFC90B4EC2CF0C4E8E
:10A4E000A2D80D4EBBB20E4EEBD30F4E4481104E90
:10A4F000A4D8114EF3B3124E4581134EA8D7144E73
:10A50000D2C7154EA7D8164EC0CA174E4681184E50
:10A51000F0C7194EFBB11A4EB5D21B4ED4B41C4E27
:10A52000ABB61D4EBFCB1E4EA9D81F4E4781204E45
:10A530004881214E4981224EAAB6234E4A81244E9B
:10A54000BDC1254ECFD1264E4B81274EA5C9284EE1
:10A55000ADD8294E4C812A4EF6B82B4EBED12C4E8A
:10A56000DCE32D4ED0D62E4E4D812F4E4E81304EF7
:10A57000E1B7314E4F81324EAEB4334E5081344E3E
:10A58000D9C1354E5181364EBCD8374E5281384EE6
:10A59000E8CD394EA4B53A4EAACE3B4EF7D63C4E46
:10A5A00053813D4EF6C03E4ED9BE3F4EAFD8404ED1
:10A5B0005481414E5581424E5681434ECBC4444E48
:10A5C0005781454EC3BE464E5881474EB1D8484E7E
:10A5D000B4C3494EE5D24A4E59814B4EAED64C4E8D
:10A5E000DACE4D4EA7D54E4EF5BA4F4EA6B7504EC9
:10A5F000D6C0514E5A81524EB9C6534ED2C5544E52
:10A60000C7C7554E5B81564ED4B9574E5C81584EE4
:10A61000CBB3594ED2D25A4E5D815B4E5E815C4EB9
:10A62000BFD85D4EC5BE5E4EF2C65F4EB2D2604E22
:10A63000B0CF614EE7CF624E5F81634E6081644E62
:10A640006181654E6281664EE9CA674E6381684EDC
:10A650006481694EC0D86A4E65816B4E66816C4ECE
:10A6600067816D4E68816E4E69816F4E6A81704E52
:10A67000F2C2714ED2C2724E6B81734EE9C8744EF3
:10A680006C81754E6D81764E6E81774E6F81784EFE
:10A690007081794E71817A4E72817B4E73817C4ECE
:10A6A00074817D4E75817E4EACC77F4E7681804E23
:10A6B0007781814E7881824E7981834E7A81844E72
:10A6C0007B81854E7C81864ECBC1874E7D81884EB5
:10A6D000E8D3894EF9D58A4E7E818B4EC2CA8C4E04
:10A6E000FEB68D4EA1D88E4EDAD38F4EF7BF904E68
:10A6F0008081914EC6D4924EA5BB934EC1D8944E44
:10A70000E5CE954EAEBE964E8181974E8281984E93
:10A71000A8D8994E83819A4EC7D19B4EA9D09C4E02
:10A7200084819D4E85819E4E86819F4EBDD8A04ED0
:10A73000EFD9A14EF6CDA24EBABFA34E8781A44E4B
:10A74000BBBDA54EA5BAA64EE0D2A74EFAB2A84E02
:10A75000E0BAA94EB6C4AA4E8881AB4EEDCFAC4E3E
:10A76000A9BEAD4EA4CDAE4EC1C1AF4E8981B04E93
:10A770008A81B14E8B81B24ED7C7B34EF1D9B44E58
:10A780008C81B54EF4D9B64E8D81B74E8E81B84EC0
:10A790008F81B94E9081BA4ECBC8BB4EE9D8BC4E22
:10A7A0009181BD4E9281BE4E9381BF4EDAD2C04E92
:10A7B000B2CAC14ECAC8C24EECD8C34EEAD8C44EC3
:10A7C000C6D8C54EF6BDC64ECDC6C74EF0B3C84EB0
:10A7D0009481C94EEBD8CA4EF1BDCB4EE9BDCC4EEB
:10A7E0009581CD4ED4C8CE4ED3B4CF4E9681D04EA7
:10A7F0009781D14ED8C2D24E9881D34ED6B2D44E84
:10A80000D0D7D54ECBCAD64EFBCBD74ECCD5D84E13
:10A81000B6B8D94EC9CFDA4E9981DB4E9A81DC4E5B
:10A820009B81DD4EDAD9DE4EF0D8DF4EAAC7E04E6E
:10A830009C81E14EEED8E24E9D81E34EFAB4E44EA7
:10A84000EEC1E54ED4D2E64E9E81E74E9F81E84EA2
:10A85000EDD8E94EA081EA4EC7D2EB4EEFD8EC4ED0
:10A86000C7C3ED4EA181EE4EA281EF4EA381F04E03
:10A87000F6D1F14EA481F24ED9D6F34EF2D8F44E71
:10A88000A581F54EF5D8F64EFEBCF74EDBBCF84E72
:10A89000A681F94EA781FA4EA881FB4ECEC8FC4E88
:10A8A000A981FD4EDDB7FE4EAA81FF4EC2B7004F13
:10A8B000AB81014FF3C6024FAC81034FAD81044F12
:10A8C000AE81054FAF81064FB081074FB181084F70
:10A8D000B281094FF8D80A4FC1D20B4FB3810C4F48
:10A8E000B4810D4FE9CE0E4FBFBC0F4FFCB7104FD8
:10A8F000A5B7114FDDD0124FB581134FB681144F5C
:10A90000B781154FB881164FB981174FDAD6184F56
:10A91000C5D3194FEFBB1A4FE1BB1B4FF1D81C4FEA
:10A92000BA811D4FBB811E4FA1C91F4FB0CE204F12
:10A93000ABB4214FBC81224FF3D8234FBD81244FAC
:10A94000CBC9254FF6D8264FD7C2274FF7D8284F67
:10A95000BE81294FBF812A4FB1CE2B4FF9D82C4F42
:10A96000C0812D4FC1812E4FC2812F4FAEB2304FCB
:10A97000C0B9314FC381324FA3D9334FC481344F53
:10A98000E9B0354FC581364FE6C1374FC681384FE4
:10A99000ECC9394FC7813A4FC5CB3B4FC8813C4FBB
:10A9A000C6CB3D4FA4D93E4FC9813F4FCA81404FCE
:10A9B000CB81414FCC81424FCD81434FE8B5444FCD
:10A9C000CE81454FCF81464FABB5474FD081484FE1
:10A9D000D181494FD2814A4FD3814B4FD4814C4FC3
:10A9E000D5814D4FBBCE4E4FCDB54F4FA1D7504F18
:10A9F000F4D7514FD3D3524FD681534FE5CC544F58
:10AA0000D781554FCEBA564FD881574FA2D9584FFC
:10AA1000DCD9594FE0D35A4FFDD85B4FF0B75C4FAC
:10AA2000F7D75D4FFED85E4FFAD85F4FA1D9604F80
:10AA3000E3C4614FD981624FDA81634FB6D3644F6B
:10AA4000F4D8654FDDD9664FDB81674FFBD8684F7F
:10AA5000DC81694FE5C56A4FDD816B4FDE816C4F4C
:10AA6000D0C06D4FDF816E4FE0816F4FF0D1704FDE
:10AA7000DBB0714FE181724FE281734FD1BC744FF3
:10AA8000A6D9754FE381764FA5D9774FE481784FEA
:10AA9000E581794FE6817A4FE7817B4FACD97C4FD6
:10AAA000AED97D4FE8817E4FABD97F4FB9CA804F79
:10AAB000E981814FEA81824FEB81834FA9D9844F8D
:10AAC000B6D6854FEC81864FED81874FEE81884F5A
:10AAD000DEB3894FA8D98A4FEF818B4FFDC08C4FD1
:10AAE000F0818D4FCCCA8E4FF1818F4FAAD9904FF4
:10AAF000F281914FA7D9924FF381934FF481944FF4
:10AB0000B0D9954FF581964FF681974FB1B6984FD2
:10AB1000F781994FF8819A4FF9819B4FA9B99C4FC2
:10AB2000FA819D4FC0D29E4FFB819F4FFC81A04F69
:10AB3000C0CFA14FFD81A24FFE81A34FC2C2A44F3F
:10AB40004082A54FC4BDA64FECD5A74FE0B2A84F99
:10AB5000C8C7A94FEBBFAA4FADD9AB4F4182AC4F8D
:10AB6000AFD9AD4F4282AE4FEACEAF4FEEBAB04F43
:10AB70004382B14F4482B24F4582B34F4682B44FB5
:10AB80004782B54FD6C7B64F4882B74F4982B84FB4
:10AB90004A82B94F4B82BA4F4C82BB4F4D82BC4F59
:10ABA0004E82BD4F4F82BE4F5082BF4FE3B1C04F68
:10ABB0005182C14F5282C24F5382C34FD9B4C44F46
:10ABC000EDB6C54FB4D9C64F5482C74F5582C84F52
:10ABD0005682C94F5782CA4FA1BFCB4F5882CC4F24
:10ABE0005982CD4F5A82CE4FDED9CF4FCEC7D04FEC
:10ABF000FEC0D14FB8D9D24F5B82D34F5C82D44FC5
:10AC00005D82D54F5E82D64F5F82D74FD7CBD84F6C
:10AC1000FDB7D94F6082DA4FB5D9DB4F6182DC4F87
:10AC2000B7D9DD4FA3B1DE4FE1D3DF4FB9D9E04F44
:10AC30006282E14FC5D0E24F6382E34FB6D9E44F61
:10AC40006482E54F6582E64FB1D9E74F6682E84FEF
:10AC5000B2D9E94FA9C1EA4FB3D9EB4F6782EC4FA4
:10AC60006882ED4FF3BCEE4FDED0EF4FA9B8F04F46
:10AC70006982F14FE3BEF24F6A82F34FBDD9F44FC0
:10AC80006B82F54F6C82F64F6D82F74F6E82F84FF4
:10AC9000BAD9F94F6F82FA4FB3B0FB4F7082FC4FB5
:10ACA0007182FD4F7282FE4FC2D9FF4F73820050F6
:10ACB000748201507582025076820350778204506C
:10ACC00078820550798206507A8207507B8208503C
:10ACD0007C8209507D820A507E820B5080820C500B
:10ACE000C4D90D50B6B10E5081820F50BFD910504B
:10ACF0008282115083821250B9B51350848214504D
:10AD0000F3BE1550858216508682175087821850E0
:10AD1000C8CC1950F2BA1A50D0D21B5088821C509D
:10AD2000C3D91D5089821E508A821F50E8BD205011
:10AD30008B822150ABB322508C8223508D822450C1
:10AD40008E822550C5D92650EBBE27508F822850C1
:10AD5000C6D92950BBD92A50DFC42B5090822C5021
:10AD6000BED92D50C1D92E50C0D92F50918230500C
:10AD70009282315093823250948233509582345073
:10AD80009682355097823650988237509982385043
:10AD90009A8239509B823A50AED53B509C823C50AF
:10ADA000B5D63D509D823E50E3C73F509E824050F5
:10ADB0009F824150A0824250A1824350C8D9445042
:10ADC000A2824550A3824650A4824750D9BC485025
:10ADD000CAD94950A5824A50A6824B50A7824C50EE
:10ADE000BCD94D50A8824E50CBD94F50ABC6505015
:10ADF000A9825150AA825250AB825350AC82545017
:10AE0000AD825550C9D95650AE825750AF82585076
:10AE1000B0825950B1825A50F6D75B50B2825C5022
:10AE2000A3CD5D50B3825E50B4825F50B582605056
:10AE3000B6826150B7826250B8826350B982645062
:10AE4000BA826550A1BD6650BB826750BC82685013
:10AE5000BD826950BE826A50BF826B50C0826C5006
:10AE6000CCD96D50C1826E50C2826F50C382705077
:10AE7000C4827150C5827250C6827350C7827450AA
:10AE8000C8827550C9827650BCC57750B5CD785010
:10AE9000CA827950CB827A50CC827B50CDD97C50FB
:10AEA000CD827D50CE827E50C7D97F50A5B38050D1
:10AEB000FEBF8150CF828250D0828350D182845095
:10AEC000D2828550B5B88650D3828750D4828850BC
:10AED000FCC08950D5828A50D6828B50D7828C5044
:10AEE000D8828D50F8B08E50D9828F50DA8290502F
:10AEF000DB829150DC829250DD829350DE8294504E
:10AF0000DF829550E0829650E1829750E28298501D
:10AF1000E3829950E4829A50E5829B50E6829C50ED
:10AF2000E7829D50E8829E50E9829F50EA82A050BD
:10AF3000EB82A150EC82A250ED82A350F6B4A45053
:10AF4000EE82A550CED9A650EF82A750CFD9A850F7
:10AF5000A2B4A950D0D9AA50F082AB50F182AC5023
:10AF6000DFB4AD50F282AE50F382AF50F482B050F5
:10AF7000F582B150F682B250C1B0B350F782B450EE
:10AF8000F882B550F982B650FA82B750FB82B850B9
:10AF9000FC82B950FD82BA50D1D9BB50B5C9BC5062
:10AFA000FE82BD504083BE504183BF504283C0509B
:10AFB0004383C1504483C2504583C3504683C45029
:10AFC0004783C5504883C6504983C7504A83C850F9
:10AFD0004B83C9504C83CA504D83CB504E83CC50C9
:10AFE0004F83CD505083CE505183CF50F1CFD050AE
:10AFF0005283D1505383D2505483D3505583D4506D
:10B000005683D5505783D650D2D9D7505883D8506D
:10B010005983D9505A83DA50C5C1DB505B83DC5069
:10B020005C83DD505D83DE505E83DF505F83E050E4
:10B030006083E1506183E2506283E3506383E450B4
:10B040006483E5506583E650D6D9E750AEC9E85031
:10B050006683E9506783EA506883EB506983EC505C
:10B06000D5D9ED50D4D9EE50D7D9EF506A83F050EE
:10B070006B83F1506C83F2506D83F350DBCBF45053
:10B080006E83F550A9BDF6506F83F7507083F8506A
:10B090007183F9507283FA507383FB50A7C6FC503A
:10B0A0007483FD507583FE507683FF507783005183
:10B0B00078830151798302517A8303517B83045150
:10B0C0007C8305517D830651D3D90751D8D90851C6
:10B0D0007E83095180830A5181830B51D9D90C5148
:10B0E00082830D5183830E5184830F5185831051C8
:10B0F0008683115187831251E5C8135188831451F7
:10B10000898315518A8316518B8317518C8318516B
:10B110008D8319518E831A518F831B5190831C513B
:10B1200091831D5192831E5193831F51948320510B
:10B1300095832151DCC0225196832351978324515A
:10B1400098832551998326519A8327519B832851AF
:10B150009C8329519D832A519E832B519F832C517F
:10B16000A0832D51A1832E51A2832F51A38330514F
:10B17000A4833151A5833251A6833351A78334511F
:10B18000A8833551A9833651AA833751AB833851EF
:10B19000AC833951AD833A51AE833B51AF833C51BF
:10B1A000B0833D51B1833E51B2833F51F9B6405116
:10B1B000A3D84151CAD44251B3834351AAD4445174
:10B1C000D6D04551E4B34651D7D54751B483485101
:10B1D000C8CF4951E2B94A51B5834B51CBBF4C510D
:10B1E000B6834D51E2C34E51B7834F51B88350518E
:10B1F000B9835151D2B65251BA835351BB83545182
:10B20000C3CD5551EED95651F0D95751BC83585141
:10B21000BD835951BE835A51B3B55B51BF835C5155
:10B22000B5B65D51C0835E51C1835F51C283605129
:10B23000C3836151C4836251A4BE6351C583645109
:10B24000C6836551EBC86651C7836751C88368518F
:10B25000ABC86951C9836A51CA836B51CBB06C5179
:10B26000ABB96D51F9C16E51E2D96F51CB837051B9
:10B27000BCC07151B2B97251CC837351D8B97451F9
:10B28000CBD07551F8B17651E4C67751DFBE785115
:10B29000E4B57951C8D77A51CD837B51F8D17C512F
:10B2A000E6BC7D51DECA7E51CE837F51CF83805173
:10B2B000BDBC8151E6D98251E7D88351D0838451F6
:10B2C000D1838551DAC48651D2838751D383885183
:10B2D000D4B88951BDC88A51D4838B51D5838C5140
:10B2E000E1B28D51D9D48E51D6838F51D7839051ED
:10B2F000D8839151D9839251B0C39351DA83945139
:10B30000DB839551E1C39651A2DA9751DFC898517A
:10B31000DC839951B4D09A51DD839B51FCBE9C5182
:10B32000A9C59D51DE839E51DF839F51E083A051CB
:10B33000DAB9A151E183A251A3DAA351E283A45166
:10B34000A9D4A551A4DAA651E383A751E483A85157
:10B35000E583A951E683AA51E783AB51FBD9AC51F0
:10B36000ACB6AD51E883AE51E983AF51EBB7B05104
:10B37000F9B1B151FCD9B251E5B3B351F6BEB451F4
:10B38000EA83B551F6BFB651B1D2B751E4C0B85156
:10B39000EB83B951EC83BA51ED83BB51B3B6BC51C9
:10B3A000FED9BD51FDD9BE51EE83BF51EF83C051CF
:10B3B000BBBEC151F083C251F183C351F283C4516A
:10B3C000E0C6C551F383C651BCD7C751A1DAC851F5
:10B3D000F483C951B9C1CA51F583CB51F2B5CC51EF
:10B3E000E8C1CD51F683CE51F783CF51F5BCD05192
:10B3F000F883D151D5B4D251F983D351FA83D451C2
:10B40000FB83D551FC83D651FD83D751FE83D851A0
:10B410004084D9514184DA514284DB51DDC1DC5191
:10B420004384DD51FDC4DE514484DF514584E05145
:10B43000B8BCE151B2B7E2514684E3514784E451CC
:10B44000EFB7E5514884E6514984E7514A84E85111
:10B450004B84E9514C84EA514D84EB51ECD9EC51C9
:10B460004E84ED51BEC6EE514F84EF51ADBFF05149
:10B47000CBBBF1515084F2515184F351CAB5F45110
:10B480005284F551C9DBF651D7D0F7515384F851A6
:10B49000B9CDF951BCB0FA51F6B3FB51F7BBFC5131
:10B4A000CADBFD51AFBAFE515484FF51E4D40052BF
:10B4B000B6B50152F3B50252D6D80352D0C80452E1
:10B4C0005584055256840652D6B70752D0C7085243
:10B4D000D7D8095257840A52AFBF0B5258840C5226
:10B4E00059840D52BBDB0E52D8D80F525A841052D9
:10B4F0005B841152CCD01252AEBB13525C841452F6
:10B500005D8415525E841652BEEB1752D0C118529C
:10B51000F5C11952F2D41A52D5B81B52B4B41C5208
:10B520005F841D52F5B31E5260841F526184205205
:10B53000BEC92152628422526384235264842452FD
:10B54000D0C52552658426526684275267842852C6
:10B55000D9C52952FBC02A5268842B52F0B12C5213
:10B5600069842D52D9D82E52CEB92F526A843052C6
:10B57000BDB531526B8432526C843352DAD83452B6
:10B580006D8435526E843652C6D63752A2CB3852AD
:10B59000AFC83952B2C93A52CCB43B52CCBF3C527C
:10B5A0006F843D52F4B93E5270843F52DBD8405212
:10B5B000DCD84152E7B64252C1BC4352EACC4452B5
:10B5C000718445527284465273844752748448523F
:10B5D0007584495276844A52F7CF4B5277844C5245
:10B5E000DDD84D52B0C74E5278844F5279845052B4
:10B5F000D0B95152A3BD52527A8453527B845452D3
:10B60000DECC55527C845652CAC657527D8458525D
:10B610007E84595280845A5281845B5282845C5267
:10B62000E0D85D5283845E52DED85F5284846052DB
:10B6300085846152DFD86252868463528784645263
:10B6400088846552FEB0665289846752E7BE6852AC
:10B650008A846952A3CA6A52F4BC6B528B846C52BE
:10B660008C846D528D846E528E846F52B1B870523C
:10B670008F84715290847252EEB8735291847452D6
:10B68000928475529384765294847752958478523A
:10B690009684795297847A5298847B5299847C520A
:10B6A0009A847D52E2D87E529B847F52CBBD8052D9
:10B6B0009C848152E4D88252E3D883529D84845280
:10B6C0009E8485529F848652A0848752A18488528A
:10B6D000FCC58952A2848A52A3848B52A4848C52C2
:10B6E000A5848D52A6848E52A7848F52A88490522E
:10B6F000E5D89152A9849252AA849352E6D89452E2
:10B70000AB849552AC849652AD849752AE849852D5
:10B71000AF849952B0849A52B1849B52A6C19C5274
:10B72000B2849D52B0C89E52ECB09F52A6B9A052AE
:10B73000D3BCA152F1CEA252BDDBA352D3C1A452BD
:10B74000B384A552B484A652B584A752B684A85235
:10B75000AFB6A952FAD6AA52ACC5AB52D9BDAC52BB
:10B76000BEDBAD52BFDBAE52B784AF52B884B0522D
:10B77000B984B152F8C0B252A2BEB352CDC0B452D5
:10B78000BA84B552BB84B652BC84B752BD84B85299
:10B79000BE84B952BF84BA52C084BB52C184BC5269
:10B7A000C284BD52C384BE52C0DBBF52C6CAC0529F
:10B7B000C484C152C584C252C684C352AAB2C45200
:10B7C000C784C552C884C652C984C752C2D3C8529E
:10B7D000CA84C952E3C3CA52CB84CB52ABD1CC5238
:10B7E000CC84CD52CD84CE52CE84CF52CF84D05291
:10B7F000C2DBD152D084D252D5C0D352D184D452DC
:10B80000D284D552D384D652C3DBD752D484D852F3
:10B81000B1BFD952D584DA52D684DB52D784DC52F8
:10B82000D884DD52D984DE52DA84DF52BCC4E052BF
:10B83000DB84E152DC84E252DD84E352DE84E452B4
:10B84000DAC7E552DF84E652E084E752E184E85249
:10B85000E284E952E384EA52E484EB52E584EC5258
:10B86000E684ED52E784EE52E884EF52E984F05228
:10B87000C4DBF152EA84F252EB84F352EC84F452CA
:10B88000ED84F552EE84F652EF84F752F084F852CC
:10B89000F184F952E8D9FA52D7C9FB52F284FC522A
:10B8A000F384FD52F484FE52B4B9FF52F0CE00533B
:10B8B000C8D40153F5840253F6840353F784045328
:10B8C000F8840553FCB00653D2B40753F9840853E7
:10B8D000D9D00953FA840A53FB840B53FC840C53CC
:10B8E000FD840D53E9D90E53FE840F53CBDE105364
:10B8F000EBD911534085125341851353428514539C
:10B9000043851553B0D81653AFBB1753B1B1185375
:10B9100044851953D7B31A53CED81B5345851C53AE
:10B9200046851D53D1D41E5347851F534885205348
:10B93000B3BD2153EFBF225349852353BBCF2453BB
:10B940004A8525534B852653D0D827534C852853F9
:10B950004D8529534E852A53CBB72B534F852C53F6
:10B9600050852D5351852E53D1D82F5352853053A6
:10B97000538531535485325355853353568534534B
:10B980005785355358853653598537535A8538531B
:10B990005B853953A5C63A53F8C73B53BDD23C53D8
:10B9A0005C853D535D853E53D2D83F53E4C440533C
:10B9B0005E854153AECA42535F854353A7C7445384
:10B9C00060854553A6D8465361854753FDC9485302
:10B9D000E7CE4953DCBB4A53EBB04B5362854C5323
:10B9E00063854D5364854E53AABB4F53ADD050531E
:10B9F00065855153B0B15253E4D75353BFD7545315
:10BA000066855553A5B55653F4C25753CFC4585302
:10BA10006785595368855A53A9B25B5369855C534E
:10BA2000B7B25D536A855E53E5B15F53B2DF6053D1
:10BA3000BCD56153A8BF6253ACC26353D5D864531D
:10BA4000B1C265536B856653D4D86753D4CE68535F
:10BA50006C856953E0DA6A536D856B53C0CE6C53C5
:10BA60006E856D536F856E53B4D86F53AEC37053EC
:10BA7000A1D37153A3CE725370857353B4BC745366
:10BA8000B4C87553D1C2765371857753EDBE7853E0
:10BA9000B6D0795372857A53E1DA7B5373857C5340
:10BAA00074857D5375857E5376857F53E4C78053B7
:10BAB0007785815378858253A7B3835379858453DF
:10BAC000F2B68553FCCC8653FAC087537A858853E7
:10BAD0007B858953F7C08A537C858B53B9D18C53AE
:10BAE000E1D18D53C7D88E537D858F537E8590537A
:10BAF0008085915381859253828593538385945396
:10BB000084859553DEB296538585975386859853E1
:10BB1000E5C0995387859A53F1BA9B5388859C5306
:10BB200089859D53C8D89E538A859F53ADD4A05311
:10BB30008B85A1538C85A253E1CFA353C9D8A453BD
:10BB40008D85A553CAD8A653C3CFA7538E85A853B6
:10BB5000F8B3A953C7BEAA538F85AB539085AC5396
:10BB60009185AD539285AE53CBD8AF539385B053E7
:10BB70009485B1539585B2539685B3539785B45345
:10BB80009885B5539985B653CCDBB7539A85B8538E
:10BB90009B85B9539C85BA539D85BB53A5C8BC539F
:10BBA0009E85BD539F85BE53A085BF53D8CFC0533C
:10BBB000A185C153FEC8C253CEB2C353A285C4539C
:10BBC000A385C553A485C653A585C753A685C85369
:10BBD000D6D3C953E6B2CA53B0BCCB53D1D3CC539E
:10BBE000ABCBCD53B4B7CE53A785CF53A885D05395
:10BBF000A985D153A2B7D253AA85D353AB85D453C9
:10BC0000E5CAD553AC85D653A1C8D753DCCAD8539F
:10BC1000E4B1D953F0D0DA53AD85DB53D1C5DC5351
:10BC2000AE85DD53AF85DE53B085DF53C5DBE05312
:10BC3000FEB5E153B185E253B285E353DABFE45375
:10BC4000C5B9E553E4BEE653EDC1E753B385E85308
:10BC5000B6DFE953B5DFEA53BBD6EB53D0BDEC53A7
:10BC6000D9D5ED53C8B0EE53A3B6EF53C9BFF053C7
:10BC7000A8CCF153B3DFF253B7CAF353D2D3F45382
:10BC8000B485F553CFD8F653B6D2F753C5BAF853A7
:10BC9000BECBF953BECCFA53B585FB53B7DFFC538B
:10BCA000F0B5FD53B4DFFE53B685FF53B78500549E
:10BCB000B8850154F5D30254B9850354D4B3045460
:10BCC000F7B80554BA850654BADF0754BB85085443
:10BCD000CFBA0954AABC0A54F5B50B54BC850C5410
:10BCE000ACCD0D54FBC30E54F3BA0F54F4C0105432
:10BCF000C2CD1154F2CF1254B8DF1354C5CF14542F
:10BD0000BD851554C0C21654B9DF1754F0C218547B
:10BD1000BE851954BF851A54C0851B54FDBE1C54E2
:10BD2000C1851D54DFC11E54CCCD1F54F7D2205401
:10BD3000CDB72154C1DF2254C2852354C4DF24541B
:10BD4000C3852554C4852654F1B72754C9B0285457
:10BD5000D6B62954D4B72A54C5852B54ACBA2C5422
:10BD6000FDCC2D54D4BF2E54B1CB2F54F4C6305437
:10BD7000C6853154A8D63254C5DF3354C7853454F0
:10BD8000E2CE3554B3B33654C8853754C9853854D8
:10BD9000FCCE3954B5B43A54CA853B54C7CE3C5452
:10BDA000F0BA3D54CB853E54E1CE3F54CC8540544F
:10BDB000BDD14154CD854254CE854354C0DF445457
:10BDC000CF854554D0854654F4B44754D185485462
:10BDD000CAB34954D2854A54E6B84B54BBDF4C54DD
:10BDE000D3854D54D4854E54D5854F54D685505463
:10BDF000C5C45154D7855254BCDF5354BDDF54548D
:10BE0000BEDF5554BBC55654BFDF5754C2DF58542C
:10BE1000B1D45954C3DF5A54D8855B54BAC75C5463
:10BE2000D8CE5D54D9855E54DA855F54DB85605485
:10BE3000DC856154DD856254D8C46354DE85645466
:10BE4000CADF6554DF856654CFDF6754E0856854E8
:10BE5000DCD66954E1856A54E2856B54E3856C5401
:10BE6000E4856D54E5856E54E6856F54E78570541E
:10BE7000E8857154C9DF7254DADF7354B6CE745456
:10BE8000E9857554C7BA7654CEDF7754C8DF785445
:10BE9000DEC57954EA857A54EB857B54EBC97C5432
:10BEA000F4BA7D54FCC37E54EC857F54ED858054F8
:10BEB000D7BE8154EE858254C6DF8354EF85845407
:10BEC000CDDF8554F0858654D8C58754F1858854D4
:10BED000F2858954F3858A54F4858B54A6D58C5405
:10BEE000CDBA8D54F5858E54CCBE8F54BDD39054AD
:10BEF000C0B89154F6859254E4D69354F78594547F
:10BF0000C7DF9554BEB99654A7BF9754F885985487
:10BF1000F9859954FCC19A54CBDF9B54CCDF9C54D7
:10BF2000FA859D54D0DF9E54FB859F54FC85A05418
:10BF3000FD85A154FE85A2544086A354DBDFA454A2
:10BF4000E5DFA5544186A654D7DFA754D6DFA85411
:10BF5000C9D7A954E3DFAA54E4DFAB54EBE5AC54F2
:10BF6000A7D2AD54D2DFAE544286AF54A9BFB0546D
:10BF70004386B154DBD4B2544486B354C8BFB454DE
:10BF8000D4DFB5544586B6544686B7544786B85470
:10BF9000CCCFB9544886BA544986BB54DDDFBC5473
:10BFA0004A86BD54CAD1BE544B86BF54DEDFC0544E
:10BFB000A7B0C154B7C6C254D3DFC3544C86C454CF
:10BFC000E5BAC5544D86C654DFB6C754DBCDC85458
:10BFD000FEB9C954D5D4CA544E86CB544F86CC54DE
:10BFE000DFDFCD54ECCFCE54A5B0CF54E7DFD05433
:10BFF000D1DFD154C6D1D254D5DFD354D8DFD454F5
:10C00000D9DFD554DCDFD6545086D754A9BBD854D9
:10C010005186D954E0DFDA54E1DFDB545286DC5438
:10C02000E2DFDD54E6DFDE54E8DFDF54B4D3E05472
:10C030005386E1545486E2545586E3545686E454BC
:10C040005786E554E7B8E654B6C5E754EADFE85446
:10C05000DAC9E954A8C1EA54C4C4EB545886EC5474
:10C060005986ED54DEBFEE54F8CFEF545A86F054A3
:10C070005B86F1545C86F254DCD5F354EEDFF45465
:10C080005D86F5545E86F6545F86F7546086F854F4
:10C090006186F9546286FA54B8B2FB546386FC5444
:10C0A000DFBAFD54ECDFFE546486FF54C1DB00555B
:10C0B00065860155E4D102556686035567860455A9
:10C0C0006886055569860655F4CB0755BDB40855F5
:10C0D0006A860955A6B00A556B860B556C860C55B9
:10C0E0006D860D556E860E556F860F55F1DF105516
:10C0F000C6CC1155F2DF1255708613557186145552
:10C10000EDDF1555728616557386175574861855CA
:10C110007586195576861A5577861B55E9DF1C55A5
:10C1200078861D5579861E557A861F557B86205543
:10C13000EBDF21557C862255EFDF2355F0DF2455B8
:10C14000BDBB25557D8626557E862755F3DF2855B0
:10C150008086295581862A55F4DF2B5582862C55F9
:10C16000A3BB2D5583862E55DBCA2F55A8CE30553F
:10C17000A7E03155AAB3325584863355A6E034552D
:10C18000858635558686365587863755A1E03855DC
:10C190008886395589863A558A863B558B863C5523
:10C1A000FEDF3D558C863E55D9CD3F55FCDF4055D1
:10C1B0008D864155FADF42558E864355D0BF445592
:10C1C000C4D745558F864655CCC9475590864855A6
:10C1D00091864955F8DF4A55A1B04B5592864C558A
:10C1E00093864D5594864E5595864F559686505557
:10C1F000FDDF51559786525598865355998654556B
:10C200009A865555FBDF5655A2E057559B865855E3
:10C210009C8659559D865A559E865B559F865C55D2
:10C22000A8E05D55A0865E55A1865F55A286605543
:10C23000A3866155C8B76255A4866355A586645523
:10C24000A1C66555B6C96655B2C06755F5DF6855D4
:10C25000A6866955A7866A55BEC56B55A8866C55D6
:10C26000C4D86D55F9DF6E55F6C46F55A986705563
:10C27000AA867155AB867255AC867355AD867455DA
:10C28000AE867555A3E07655A4E07755A5E07855C0
:10C29000A5D07955AF867A55B0867B55B4E07C55EC
:10C2A000E4CC7D55B1867E55B1E07F55B286805590
:10C2B000A6BF8155AFE08255B9CE8355ABE084551A
:10C2C000C6C98555B3868655B4868755AEC0885590
:10C2D000AEE08955EDBA8A55B0BA8B55A9E08C55B8
:10C2E000B5868D55B6868E55B7868F55F6DF905537
:10C2F000B8869155B3E09255B9869355BA86945550
:10C30000B8E09555BB869655BC869755BD86985521
:10C31000ADB49955B9E09A55BE869B55BF869C55DC
:10C32000B2CF9D55C8BA9E55C0869F55B0E0A05566
:10C33000C186A155C286A255C386A355C486A455FD
:10C34000C586A555C686A655C786A755FAD0A85551
:10C35000C886A955C986AA55CA86AB55CB86AC55A1
:10C36000CC86AD55CD86AE55CE86AF55CF86B05571
:10C37000D086B155ACE0B255D186B355FBD4B45597
:10C38000D286B555F7DFB655D386B755E7C5B8554C
:10C39000D486B955ADE0BA55D586BB55F7D3BC5553
:10C3A000D686BD55B6E0BE55B7E0BF55D786C05559
:10C3B000D886C155D986C255DA86C355DB86C455A1
:10C3C000C4E0C555E1D0C655DC86C755DD86C855E5
:10C3D000DE86C955BCE0CA55DF86CB55E086CC5514
:10C3E000C9E0CD55CAE0CE55E186CF55E286D0559D
:10C3F000E386D155BEE0D255AAE0D355A4C9D455A1
:10C40000C1E0D555E486D655B2E0D755E586D85576
:10C41000E686D955E786DA55E886DB55E986DC55A8
:10C42000C8CADD55C3E0DE55EA86DF55B5E0E05504
:10C43000EB86E155CBCEE255EC86E355C3CBE45514
:10C44000CDE0E555C6E0E655C2E0E755ED86E85596
:10C45000CBE0E955EE86EA55BAE0EB55BFE0EC5586
:10C46000C0E0ED55EF86EE55F086EF55C5E0F0558E
:10C47000F186F155F286F255C7E0F355C8E0F45560
:10C48000F386F555CCE0F655F486F755BBE0F85544
:10C49000F586F955F686FA55F786FB55F886FC556C
:10C4A000F986FD55D4CBFE55D5E0FF55FA860056EA
:10C4B000D6E00156D2E00256FB860356FC860456AF
:10C4C000FD860556FE860656408707564187085664
:10C4D000D0E00956CEBC0A5642870B5643870C560D
:10C4E000D1E00D5644870E56C2B80F56C5D8105627
:10C4F0004587115646871256478713564887145664
:10C50000498715564A8716564B8717564C87185633
:10C51000EAD019564D871A564E871B56EFC21C5645
:10C520004F871D5650871E56CFE01F56BDE0205640
:10C53000518721565287225653872356D4E02456DA
:10C54000D3E025565487265655872756D7E02856D8
:10C550005687295657872A5658872B5659872C565F
:10C56000DCE02D56D8E02E565A872F565B87305682
:10C570005C873156F6D63256B0B333565D873456A3
:10C58000ECD735565E873656BBCB37565F87385665
:10C5900060873956DAE03A5661873B56FBCE3C5607
:10C5A00062873D5663873E5664873F56D9BA4056E8
:10C5B0006587415666874256678743566887445663
:10C5C000698745566A8746566B8747566C87485633
:10C5D0006D8749566E874A566F874B5670874C5603
:10C5E000E1E04D56DDE04E56ADD24F5671875056C4
:10C5F00072875156738752567487535675875456AF
:10C60000E2E055567687565677875756DBE0585600
:10C61000D9E05956DFE05A5678875B5679875C56E1
:10C62000E0E05D567A875E567B875F567C87605672
:10C630007D8761567E876256DEE06356808764564A
:10C64000E4E0655681876656828767568387685619
:10C65000F7C66956ACD86A56EBD46B56E6E06C5612
:10C66000C9CA6D5684876E5685876F568687705601
:10C6700087877156E5E072568887735689877456A6
:10C680008A8775568B877656C1B877568C877856C9
:10C690008D8779568E877A568F877B56E7E07C5652
:10C6A000E8E07D5690877E5691877F569287805628
:10C6B00093878156948782569587835696878456AA
:10C6C00097878556E9E08656E3E08756988788562F
:10C6D000998789569A878A569B878B569C878C5652
:10C6E0009D878D569E878E56BFBA8F56E7CC905643
:10C6F0009F879156A0879256A1879356EAE0945659
:10C70000A2879556A3879656A4879756A5879856CD
:10C71000A6879956A7879A56A8879B56A9879C569D
:10C72000AA879D56AB879E56AC879F56AD87A0566D
:10C73000AE87A156AF87A256B087A356F9CFA456AD
:10C74000B187A556B287A656B387A756B487A85611
:10C75000B587A956B687AA56B787AB56B887AC56E1
:10C76000B987AD56BA87AE56BB87AF56EBE0B05629
:10C77000BC87B156BD87B256BE87B356BF87B45685
:10C78000C087B556C187B656C287B756C2C8B85615
:10C79000C387B956C487BA56C587BB56C687BC5629
:10C7A000C0BDBD56C787BE56C887BF56C987C056CD
:10C7B000CA87C156CB87C256CC87C356CD87C456CD
:10C7C000CE87C556CF87C656D087C756D187C8569D
:10C7D000D287C956D387CA56D2C4CB56D487CC5633
:10C7E000D587CD56D687CE56D787CF56D887D05641
:10C7F000D987D156DA87D256DB87D356DC87D45611
:10C80000ECE0D556DD87D656DE87D756EDE0D85614
:10C81000DF87D956E087DA56F4C7DB56C4CBDC563F
:10C82000E187DD56EEE0DE56D8BBDF56B6D8E056DF
:10C83000F2D2E156EFE0E256C5CDE356E287E45688
:10C84000DAB6E556E387E656E487E756E587E85625
:10C85000E687E956E787EA56E887EB56F1E0EC56BB
:10C86000E987ED56B0D4EE56EA87EF56EB87F056DF
:10C87000A7C0F156D1B4F256EC87F356ED87F456C3
:10C88000A7CEF556F0E0F656EE87F756EF87F85646
:10C89000F087F956F2E0FA56CCB9FB56F187FC5610
:10C8A000F287FD56FAB9FE56BCCDFF56F3E00057AD
:10C8B000F3870157F4870257F5870357D4C6045707
:10C8C000F4E00557F6870657B2D40757F78708579D
:10C8D000A6C80957F6E00A57F5E00B57F8870C573A
:10C8E000F9870D57FA870E57FB870F57FC871057AC
:10C8F000FD871157FE8712574088135741881457F8
:10C900004288155743881657448817574588185743
:10C910004688195747881A5748881B5749881C5713
:10C92000F7E01D574A881E574B881F57C1CD205727
:10C930004C8821574D8822574E882357A5CA245723
:10C940004F8825575088265751882757528828578F
:10C95000DAD42957D7DB2A57D9DB2B5753882C57E2
:10C96000D8DB2D57E7B92E57DCDB2F57DDDB3057EF
:10C97000D8B531575488325755883357DADB345796
:10C9800056883557578836575888375759883857F3
:10C990005A883957DBDB3A57A1B33B57DFDB3C57AB
:10C9A0005B883D575C883E57F8BB3F575D884057D2
:10C9B000B7D641575E884257E0DB43575F884457FC
:10C9C000608845576188465762884757F9BE48577F
:10C9D0006388495764884A57BBB74B5765884C579B
:10C9E000D0DB4D57AECC4E57B2BF4F57B5BB5057AB
:10C9F000F8D75157D3BF5257668853576788545753
:10CA000068885557698856576A885757E9BF5857F5
:10CA10006B8859576C885A57E1BC5B57B3CC5C574D
:10CA2000DEDB5D57D3B05E57EBCE5F57D8B76057AC
:10CA3000B9D76157C2C662576D8863576E8864570D
:10CA4000A4C065576F886657B9CC67577088685718
:10CA5000E7DB6957E1DB6A57BAC66B57E3DB6C5714
:10CA600071886D57E8DB6E5772886F57F7C570573E
:10CA7000738871577488725775887357EADB7457D7
:10CA80007688755777887657E9DB7757C0BF785730
:10CA90007888795779887A577A887B57E6DB7C578C
:10CAA000E5DB7D577B887E577C887F577D88805764
:10CAB0007E88815780888257B9B48357ACC0845729
:10CAC000A2C28557E2DB8657E4DB87578188885707
:10CAD0008288895783888A5784888B57CDD08C5712
:10CAE000EDDB8D5785888E5786888F5787889057BE
:10CAF0008888915789889257DDC09357F2DB945705
:10CB00008A8895578B8896578C8897578D88985721
:10CB10008E8899578F889A5790889B57E2B69C5772
:10CB200091889D5792889E5793889F579488A057C5
:10CB3000F3DBA157D2DBA257B8B9A357ABD4A457A4
:10CB4000ECDBA5579588A657D1BFA757F0DBA857B0
:10CB50009688A957D1DBAA579788AB57E6B5AC574B
:10CB60009888AD57EBDBAE57E5BFAF579988B05704
:10CB70009A88B1579B88B257EEDBB3579C88B4575D
:10CB8000F1DBB5579D88B6579E88B7579F88B85731
:10CB9000F9DBB957A088BA57A188BB57A288BC5700
:10CBA000A388BD57A488BE57A588BF57A688C0577D
:10CBB000A788C157A888C257A1B9C357A3B0C45703
:10CBC000A988C557AA88C657AB88C757AC88C85725
:10CBD000AD88C957AE88CA57AF88CB57F1C2CC577A
:10CBE000B088CD57B188CE57C7B3CF57EFDBD057FA
:10CBF000B288D157B388D257F8DBD357B488D4570B
:10CC0000D2C6D557F4DBD657B588D757B688D8578C
:10CC1000F5DBD957F7DBDA57F6DBDB57B788DC579C
:10CC2000B888DD57FEDBDE57B988DF57F2D3E0570F
:10CC3000BAB2E157BA88E257BB88E357BC88E457D9
:10CC4000FDDBE557BD88E657BE88E757BF88E85744
:10CC5000C088E957C188EA57C288EB57C388EC57A8
:10CC6000C488ED57A4DCEE57C588EF57FBDBF057BF
:10CC7000C688F157C788F257C888F357C988F45750
:10CC8000FADBF557CA88F657CB88F757CC88F857A0
:10CC9000FCDBF957E0C5FA57F9BBFB57CD88FC57C9
:10CCA000CE88FD57A3DCFE57CF88FF57D0880058A9
:10CCB000A5DC0158D1880258C3CC0358D288045847
:10CCC000D3880558D4880658D1B60758C0DD08580F
:10CCD000D5880958D6880A58D7880B58A1DC0C5833
:10CCE000D8880D58A2DC0E58D9880F58DA88105809
:10CCF000DB881158B5C71258DC881358DD881458E2
:10CD0000DE881558E9B61658DF881758E088185895
:10CD1000E1881958A7DC1A58E2881B58E3881C5888
:10CD2000E4881D58E5881E58A6DC1F58E688205860
:10CD3000A9DC2158A4B12258E7882358E888245850
:10CD4000CCB52558E9882658EA882758EB88285812
:10CD5000EC882958ED882A58B0BF2B58EE882C58FB
:10CD6000EF882D58F0882E58F1882F58F2883058C7
:10CD7000DFD13158F3883258F4883358F588345865
:10CD8000F6883558C2B63658F7883758F888385874
:10CD9000F9883958FA883A58FB883B58FC883C583F
:10CDA000FD883D58FE883E5840893F58418940588B
:10CDB00042894158438942584489435845894458D7
:10CDC000A8DC4558468946584789475848894858F5
:10CDD000498949584A894A584B894B584C894C587B
:10CDE000FACB4D58F3EB4E584D894F584E89505859
:10CDF0004F895158DCCB5258508953585189545857
:10CE0000FECB55585289565853895758548958580B
:10CE1000C1CC595855895A5856895B5857895C581E
:10CE200058895D5859895E58FBC85F585A896058BF
:10CE30005B8961585C8962585D8963585E89645872
:10CE40005F896558AADC66586089675861896858A7
:10CE50006289695863896A5864896B58EECC6C584A
:10CE6000ABDC6D5865896E5866896F586789705854
:10CE700068897158698972586A8973586B897458BE
:10CE80006C8975586D8976586E8977586F8978588E
:10CE90007089795871897A5872897B5873897C585E
:10CEA00074897D5875897E58D3DB7F587689805880
:10CEB000AFDC8158ACDC825877898358B3BE845884
:10CEC00078898558FBCA8658798987587A8988581D
:10CED0007B898958ADDC8A587C898B587D898C5830
:10CEE0007E898D5880898E5881898F588289905883
:10CEF0008389915884899258CAC99358B9C494585F
:10CF00008589955886899658878997588889985829
:10CF100089899958BDC79A58AEDC9B588A899C5814
:10CF20008B899D588C899E58F6D49F58E6D0A0587E
:10CF30008D89A1588E89A2588F89A3589089A458A9
:10CF40009189A5589289A6589389A7589489A85879
:10CF5000ABC4A958D5B6AA589589AB589689AC5890
:10CF60009789AD589889AE589989AF589A89B05821
:10CF70009B89B1589C89B2589D89B3589E89B458F1
:10CF80009F89B558A089B658A189B758A289B858C1
:10CF9000A389B958A489BA58A589BB58A689BC5891
:10CFA000D4DBBD58A789BE58A889BF58A989C058E5
:10CFB000AA89C158DAB1C258AB89C358AC89C458E0
:10CFC000AD89C558D5DBC658AE89C758AF89C85892
:10CFD000B089C958B189CA58B289CB58B389CC58DD
:10CFE000B489CD58B589CE58B689CF58B789D058AD
:10CFF000B889D158D6DBD258B989D358BA89D45810
:10D00000BB89D558BEBAD658BC89D758BD89D8581F
:10D01000BE89D958BF89DA58C089DB58C189DC5824
:10D02000C289DD58C389DE58C489DF58C589E058F4
:10D03000C689E158C789E258C889E358C989E458C4
:10D04000C0C8E558CA89E658CB89E758CC89E85862
:10D05000CD89E958CE89EA58CF89EB58BFCAEC5838
:10D06000C9C8ED58D089EE58B3D7EF58D189F058D8
:10D07000F9C9F158D289F258D389F358C7BFF45887
:10D08000D489F558D589F658F8BAF758D689F8589A
:10D09000D789F958BCD2FA58D889FB58D989FC5895
:10D0A000DA89FD58DB89FE58DC89FF58DD89005993
:10D0B000DE890159DF890259BAE20359E08904592E
:10D0C000A6B40559E1890659E2890759B8B108594A
:10D0D000E3890959E4890A59E5890B59E6890C590C
:10D0E000E7890D59B4B80E59E8890F59C4CF1059C2
:10D0F000E9891159EA891259EB891359EC891459B4
:10D10000E7D91559A6CF1659E2CD1759ED89185907
:10D11000EE891959EDD91A59E0B61B59EF891C59F6
:10D12000B9D21D59F0891E59F1891F59BBB920592F
:10D13000F2892159F3892259F4892359F58924590F
:10D14000B9E22559B7E22659F6892759F3B4285987
:10D15000F7892959ECCC2A59ABCC2B59F2B72C5969
:10D16000F8892D59B2D82E59EBD12F59BBBA305965
:10D17000F9893159A7CA3259FA893359FB89345987
:10D18000B7CD3559FC893659FD893759C4D238593C
:10D19000E4BF3959D0BC3A59E1B63B59FE893C59F4
:10D1A000C5DE3D59408A3E59418A3F59428A40591D
:10D1B000438A4159C6DE4259BCDB4359448A44592B
:10D1C000D9D14559458A4659468A4759E6C64859EC
:10D1D000CEC44959EEB74A59478A4B59DCB74C5926
:10D1E000488A4D59498A4E59FCBF4F59E0D750598A
:10D1F0004A8A5159F5C652594B8A53594C8A545947
:10D20000BCB15559C8DE5659B1BD5759D7CC58593C
:10D21000CADE59594D8A5A59C9DE5B594E8A5C5942
:10D220004F8A5D59508A5E59518A5F59528A6059B6
:10D23000ECB56159538A6259DDC96359548A6459FE
:10D24000558A6559C2B06659568A6759578A6859CE
:10D25000588A6959598A6A595A8A6B595B8A6C5932
:10D260005C8A6D595D8A6E595E8A6F595F8A705902
:10D27000608A7159618A7259628A7359AEC574594C
:10D28000ABC57559638A7659CCC47759648A785985
:10D29000E9BC7959FDCB7A59658A7B59668A7C59F4
:10D2A000678A7D59C3BA7E59688A7F59698A8059CD
:10D2B0006A8A8159F9E58259E7C88359FAE58459A0
:10D2C000FDCD85596B8A8659B1D78759BEB8885923
:10D2D000E8C289596C8A8A59D1C88B596D8A8C5990
:10D2E0006E8A8D59FBE58E596F8A8F59708A9059D5
:10D2F000718A9159728A9259CAB69359CBBC945982
:10D30000738A9559748A9659FDD19759A1E698590F
:10D31000758A9959EEC39A59768A9B59778A9C598E
:10D32000788A9D59798A9E59A4E69F597A8AA0598C
:10D330007B8AA1597C8AA2597D8AA359FEE5A4590A
:10D34000A5E6A559D7CDA6597E8AA759808AA8599E
:10D35000C1B7A959FCE5AA59FDE5AB59A3E6AC59FB
:10D36000818AAD59828AAE59DDC4AF59A8E6B05959
:10D37000838AB159848AB259A7E6B359858AB459C8
:10D38000868AB559878AB659888AB759898AB85919
:10D390008A8AB959C3C3BA598B8ABB59DEC6BC59EC
:10D3A0008C8ABD598D8ABE59AAE6BF598E8AC0594A
:10D3B0008F8AC159908AC259918AC359928AC45995
:10D3C000938AC559948AC659B7C4C759958AC8590A
:10D3D000968AC959978ACA59A2E6CB59BCCACC5970
:10D3E000988ACD59998ACE599A8ACF599B8AD05911
:10D3F000E3BDD159C3B9D259A6E6D359D5D0D45932
:10D40000AFCED5599C8AD6599D8AD759A9E6D85905
:10D41000B0E6D9599E8ADA59A6D2DB599F8ADC59DF
:10D42000AABDDD59ADE6DE59A08ADF59A18AE059CF
:10D43000A28AE159A38AE259A48AE359AFE6E459E2
:10D44000A58AE559D1C0E659A68AE759A78AE859BD
:10D45000CCD2E959A88AEA59A98AEB59AA8AEC5987
:10D46000A7BCED59AB8AEE59AC8AEF59AD8AF05999
:10D47000AE8AF159AF8AF259B08AF359B18AF45998
:10D48000B28AF559B38AF659B48AF759B58AF85968
:10D49000B68AF959B1E6FA59B78AFB59F6D2FC595E
:10D4A000B88AFD59B98AFE59BA8AFF59CBD7005AB2
:10D4B000BB8A015AFECD025ABC8A035ADECD045AF9
:10D4C000A6C2055AABE6065AACE6075ABFBD085AD3
:10D4D000AEE6095AB3E60A5ABD8A0B5ABE8A0C5AFE
:10D4E000B2E60D5ABF8A0E5AC08A0F5AC18A105A24
:10D4F000C28A115AB6E6125AC38A135AB8E6145AA7
:10D50000C48A155AC58A165AC68A175AC78A185A1B
:10D51000EFC4195AC88A1A5AC98A1B5ACA8A1C5A8D
:10D52000C8C41D5ACB8A1E5ACC8A1F5AEABE205A3A
:10D53000EFC9215ACD8A225ACE8A235AB7E6245AF5
:10D54000CF8A255AF0B6265AD08A275AD18A285A25
:10D55000D28A295AE4C32A5AD38A2B5AD48A2C5AFB
:10D56000D58A2D5AD68A2E5AD78A2F5AD88A305A17
:10D57000D98A315AE9D3325AB4E6335ADA8A345A5C
:10D58000B5E6355ADB8A365AA2C8375ADC8A385A89
:10D59000DD8A395ADE8A3A5ADF8A3B5AE08A3C5A97
:10D5A000BDE63D5AE18A3E5AE28A3F5AE38A405A32
:10D5B000B9E6415AE48A425AE58A435AE68A445A0D
:10D5C000E78A455AE88A465AC5C6475AE98A485AF8
:10D5D000EA8A495AF1CD4A5ABBE64B5AEB8A4C5A71
:10D5E000EC8A4D5AED8A4E5AEE8A4F5AEF8A505ABB
:10D5F000F08A515AF18A525AF28A535AF38A545A8B
:10D60000F48A555ABCE6565AF58A575AF68A585A39
:10D61000F78A595AF88A5A5AE9BB5B5AF98A5C5A0E
:10D62000FA8A5D5AFB8A5E5AFC8A5F5AFD8A605A02
:10D63000FE8A615A408B625ABEE6635A418B645A35
:10D64000428B655A438B665A448B675ABAE6685ACE
:10D65000458B695A468B6A5AB7C06B5A478B6C5ACE
:10D66000488B6D5A498B6E5A4A8B6F5A4B8B705A46
:10D670004C8B715A4D8B725A4E8B735A4F8B745A16
:10D68000A4D3755ABFE6765AF4C9775AC3E6785AD6
:10D69000508B795A518B7A5AC4E67B5A528B7C5AFA
:10D6A000538B7D5A548B7E5A558B7F5AF6D0805AB5
:10D6B000568B815A578B825A588B835A598B845A6E
:10D6C0005A8B855A5B8B865A5C8B875A5D8B885A3E
:10D6D0005E8B895A5F8B8A5A608B8B5A618B8C5A0E
:10D6E000628B8D5A638B8E5A648B8F5A658B905ADE
:10D6F000668B915A678B925ABDC3935A688B945A22
:10D70000698B955A6A8B965A6B8B975A6C8B985A81
:10D710006D8B995A6E8B9A5AC4C39B5AC2E69C5A17
:10D720006F8B9D5A708B9E5A718B9F5A728BA05A29
:10D73000738BA15A748BA25A758BA35A768BA45AF9
:10D74000778BA55A788BA65A798BA75A7A8BA85AC9
:10D750007B8BA95A7C8BAA5AC1E6AB5A7D8BAC5AFB
:10D760007E8BAD5A808BAE5A818BAF5A828BB05A6A
:10D77000838BB15A848BB25AC7E6B35AB1CFB45A2D
:10D78000858BB55AF4EBB65A868BB75A878BB85A45
:10D79000CAE6B95A888BBA5A898BBB5A8A8BBC5A4B
:10D7A0008B8BBD5A8C8BBE5AC5E6BF5A8D8BC05A27
:10D7B0008E8BC15ADEBCC25AA9C9C35A8F8BC45AB8
:10D7C000908BC55A918BC65A928BC75A938BC85A65
:10D7D000948BC95AB5BCCA5A958BCB5A968BCC5AE6
:10D7E000D3CFCD5A978BCE5A988BCF5A998BD05A8C
:10D7F0009A8BD15A9B8BD25AC8E6D35A9C8BD45A57
:10D80000C9E6D55A9D8BD65ACEE6D75A9E8BD85AA2
:10D81000D0E6D95A9F8BDA5AA08BDB5AA18BDC5AFF
:10D82000D1E6DD5AA28BDE5AA38BDF5AA48BE05AD5
:10D83000CBE6E15AD5B5E25AA58BE35ACCE6E45AD9
:10D84000A68BE55AA78BE65ACFE6E75AA88BE85A8B
:10D85000A98BE95ADBC4EA5AAA8BEB5AC6E6EC5A02
:10D86000AB8BED5AAC8BEE5AAD8BEF5AAE8BF05AB8
:10D87000AF8BF15ACDE6F25AB08BF35AB18BF45A12
:10D88000B28BF55AB38BF65AB48BF75AB58BF85A5C
:10D89000B68BF95AB78BFA5AB88BFB5AB98BFC5A2C
:10D8A000BA8BFD5ABB8BFE5ABC8BFF5ABD8B005BFB
:10D8B000BE8B015BBF8B025BC08B035BC18B045BC8
:10D8C000C28B055BC38B065BC48B075BC58B085B98
:10D8D000C68B095BD2E60A5BC78B0B5BC88B0C5B04
:10D8E000C98B0D5BCA8B0E5BCB8B0F5BCC8B105B3C
:10D8F000CD8B115BCE8B125BCF8B135BD08B145B0C
:10D90000D18B155BD28B165BD4E6175BD3E6185B25
:10D91000D38B195BD48B1A5BD58B1B5BD68B1C5BB3
:10D92000D78B1D5BD88B1E5BD98B1F5BDA8B205B83
:10D93000DB8B215BDC8B225BDD8B235BDE8B245B53
:10D94000DF8B255BE08B265BE18B275BE28B285B23
:10D95000E38B295BE48B2A5BE58B2B5BE68B2C5BF3
:10D96000E78B2D5BE88B2E5BE98B2F5BEA8B305BC3
:10D97000EB8B315BEC8B325BD5E6335BED8B345B51
:10D98000F8D9355BEE8B365BEF8B375BD6E6385BD1
:10D99000F08B395BF18B3A5BF28B3B5BF38B3C5B3F
:10D9A000F48B3D5BF58B3E5BF68B3F5BF78B405B0F
:10D9B000D7E6415BF88B425BF98B435BFA8B445BA8
:10D9C000FB8B455BFC8B465BFD8B475BFE8B485BB3
:10D9D000408C495B418C4A5B428C4B5B438C4C5B7B
:10D9E000448C4D5B458C4E5B468C4F5B478C505B4B
:10D9F000D3D7515BDDE6525B488C535BDEE6545B6C
:10DA0000D7BF555BD0D4565B498C575BD6D7585B94
:10DA1000E6B4595BEFCB5A5BDAE65B5BC3D85C5B81
:10DA2000CED75D5BA2D05E5B4A8C5F5BCFC3605B91
:10DA30004B8C615B4C8C625BDFE6635BBEBC645B02
:10DA4000C2B9655BDBE6665BA7D1675B4D8C685B43
:10DA50004E8C695BA2BA6A5BCFC26B5B4F8C6C5B0E
:10DA6000ABD86D5B508C6E5B518C6F5B528C705B76
:10DA7000EBCA715BEEE5725B538C735BDCE6745B47
:10DA8000548C755BF5B7765B558C775B568C785B01
:10DA9000578C795B588C7A5BE6C87B5B598C7C5BD6
:10DAA0005A8C7D5BF5C47E5B5B8C7F5B5C8C805BA2
:10DAB000B2E5815BFEC4825B5D8C835BFCCB845BE7
:10DAC000B3E5855BACD5865B5E8C875BEED3885B0C
:10DAD000D8CA895BB2B08A5B5F8C8B5BCECB8C5B28
:10DAE000EACD8D5B608C8E5B618C8F5BEABA905B5C
:10DAF000628C915B638C925B648C935BB5E5945B09
:10DB0000658C955BB4E5965B668C975BDAD7985B22
:10DB1000D9B9995BE6D69A5BA8B69B5BF0CD9C5BC6
:10DB2000CBD29D5BA6B19E5BB5CA9F5B678CA05BA9
:10DB3000E8B3A15BF3C9A25BCDBFA35BFBD0A45B41
:10DB4000D2CAA55BB6E5A65BC2BBA75B688CA85B27
:10DB5000698CA95B6A8CAA5BDCCFAB5BACB9AC5BB4
:10DB60006B8CAD5B6C8CAE5B6D8CAF5B6E8CB05BAD
:10DB7000D7D4B15B6F8CB25B708CB35BA6BAB45B6D
:10DB8000E7D1B55BFCCFB65BD2BCB75B718CB85B41
:10DB9000B7E5B95BDDC8BA5B728CBB5B738CBC5BF1
:10DBA000748CBD5BEDBFBE5BF6B1BF5BDECBC05B13
:10DBB000758CC15B768CC25BC5BCC35B778CC45B68
:10DBC000C4BCC55BFAD2C65BDCC3C75BDCBFC85B49
:10DBD000788CC95B798CCA5B7A8CCB5B7B8CCC5B99
:10DBE000BBB8CD5B7C8CCE5B7D8CCF5B7E8CD05B01
:10DBF000C2C3D15B808CD25BAEBAD35BA2D4D45B00
:10DC0000818CD55B828CD65B838CD75B848CD85B14
:10DC1000858CD95B868CDA5B878CDB5B888CDC5BE4
:10DC2000898CDD5BDEC7DE5BAFC4DF5BECB2E05B43
:10DC30008A8CE15BD1B9E25B8B8CE35B8C8CE45B1F
:10DC4000BBE5E55BC8C1E65B8D8CE75B8E8CE85B72
:10DC5000AFD5E95B8F8CEA5B908CEB5B918CEC5BD6
:10DC6000928CED5B938CEE5BBCE5EF5B948CF05B90
:10DC7000BEE5F15B958CF25B968CF35B978CF45B65
:10DC8000988CF55B998CF65B9A8CF75B9B8CF85BB8
:10DC9000E7B4F95BD4B6FA5BC2CBFB5BB0D1FC5BFB
:10DCA000BCB5FD5B9C8CFE5B9D8CFF5BD9CA005CA8
:10DCB0009E8C015CE2B7025C9F8C035CA08C045CD0
:10DCC000E4C9055CA18C065CABBD075CA28C085C5A
:10DCD000A38C095CBECE0A5CF0D70B5CA48C0C5CF8
:10DCE000A58C0D5CA68C0E5CA78C0F5CA1D0105C83
:10DCF000A88C115CD9C9125CA98C135CAA8C145C29
:10DD0000FBB6155CD8E6165CE2BC175CAB8C185C05
:10DD1000BEB3195CAC8C1A5CD0C91B5CAD8C1C5CAE
:10DD2000D9E61D5CA2B31E5CAE8C1F5CAF8C205C80
:10DD3000B08C215CB18C225CCCDE235CB28C245C88
:10DD4000C8D3255CCDDE265CB38C275CA2D2285CD0
:10DD5000B48C295CB58C2A5CB68C2B5CB78C2C5CA3
:10DD6000CEDE2D5CB88C2E5CB98C2F5CBA8C305C0E
:10DD7000BB8C315CCDBE325CBC8C335CBD8C345C06
:10DD8000CFDE355CBE8C365CBF8C375CC08C385CBB
:10DD9000ACCA395CFCD23A5CDFB33B5CEAE53C5C84
:10DDA000E1C43D5CA1BE3E5CB2CE3F5CF2C4405CCF
:10DDB000D6BE415CA8C6425CE3B2435CC18C445C05
:10DDC000C28C455CD3BE465CC38C475CC48C485C4B
:10DDD000FCC7495CEBCC4A5CECBD4B5CDDCE4C5CDB
:10DDE000C58C4D5CC68C4E5CBACA4F5CC1C6505CDB
:10DDF000ECE5515CBCD0525CC78C535CC88C545C65
:10DE0000C98C555CB9D5565CCA8C575CCB8C585CB8
:10DE1000CC8C595CEDE55A5CCD8C5B5CCE8C5C5C4B
:10DE2000CF8C5D5CD08C5E5CF4CA5F5CD18C605C36
:10DE3000C0CD615CC5C2625CD28C635CEFE5645CA2
:10DE4000D38C655CC4C2665CF0E5675CD48C685CAE
:10DE5000D58C695CD68C6A5CD78C6B5CD88C6C5C1E
:10DE6000D98C6D5CDA8C6E5CF8E56F5CCDCD705C46
:10DE7000DB8C715CBDC9725CDC8C735CDD8C745CAA
:10DE8000DE8C755CDF8C765CE08C775CE18C785C9A
:10DE9000E28C795CD9D27A5CA8E17B5CE38C7C5C17
:10DEA000E48C7D5CE58C7E5CE68C7F5CECD3805CF6
:10DEB000E78C815CEACB825CF1C6835CE88C845C95
:10DEC000E98C855CEA8C865CEB8C875CEC8C885CEE
:10DED000ACE1895CED8C8A5CEE8C8B5CEF8C8C5CAD
:10DEE000A7E18D5CA9E18E5CF08C8F5CF18C905C7D
:10DEF000AAE1915CAFE1925CF28C935CF38C945C50
:10DF0000EDB2955CF48C965CABE1975CDAB8985C0A
:10DF1000ADE1995CAEE19A5CB0E19B5CBAB59C5C0A
:10DF2000B1E19D5CF58C9E5CF68C9F5CF78CA05CEF
:10DF3000F88CA15CF98CA25CB3E1A35CB8E1A45CB1
:10DF4000FA8CA55CFB8CA65CFC8CA75CFD8CA85CA9
:10DF5000FE8CA95CD2D1AA5C408DAB5CB6E1AC5C16
:10DF6000B5E1AD5CEBC1AE5C418DAF5C428DB05CA8
:10DF7000438DB15CB7E1B25C448DB35CC0D4B45C9A
:10DF8000458DB55CB2E1B65C468DB75CBAE1B85C74
:10DF9000B6B0B95C478DBA5C488DBB5C498DBC5C42
:10DFA0004A8DBD5CB4E1BE5C4B8DBF5CF9BFC05C0B
:10DFB0004C8DC15CB9E1C25C4D8DC35C4E8DC45CBF
:10DFC000BBE1C55C4F8DC65C508DC75C518DC85C94
:10DFD000528DC95C538DCA5C548DCB5CBEE1CC5C68
:10DFE000558DCD5C568DCE5C578DCF5C588DD05CF9
:10DFF000598DD15C5A8DD25CBCE1D35C5B8DD45C15
:10E000005C8DD55C5D8DD65C5E8DD75C5F8DD85C9C
:10E01000608DD95CC5D6DA5C618DDB5C628DDC5CC1
:10E02000638DDD5C648DDE5C658DDF5C668DE05C40
:10E03000678DE15CBFCFE25C688DE35C698DE45C79
:10E04000BDE1E55CBFE1E65CCDC2E75C6A8DE85C02
:10E05000EBB6E95C6B8DEA5CF8D3EB5C6C8DEC5C49
:10E060006D8DED5CCDC7EE5C6E8DEF5C6F8DF05C01
:10E07000E5B7F15C708DF25C718DF35C728DF45CD0
:10E08000738DF55C748DF65C758DF75C768DF85C40
:10E09000778DF95C788DFA5C798DFB5CFEBEFC5C5B
:10E0A0007A8DFD5C7B8DFE5C7C8DFF5C7D8D005DE3
:10E0B0007E8D015D808D025DC0E1035DC1E1045D87
:10E0C000818D055D828D065DC7E1075DE7B3085D63
:10E0D000838D095D848D0A5D858D0B5D868D0C5D5C
:10E0E000878D0D5D888D0E5DE9C60F5D898D105D94
:10E0F0008A8D115D8B8D125D8C8D135D8D8D145D00
:10E10000DEB4155D8E8D165DC2D1175D8F8D185DE5
:10E11000908D195D918D1A5D928D1B5DC8E11C5D1E
:10E12000938D1D5D948D1E5DC6E11F5D958D205DF7
:10E13000968D215D978D225D988D235D998D245D4F
:10E14000C5E1255D9A8D265DC3E1275DC2E1285DAD
:10E150009B8D295DC0B12A5D9C8D2B5D9D8D2C5DB5
:10E160009E8D2D5DB8D52E5DC4E12F5D9F8D305DF8
:10E17000A08D315DA18D325DA28D335DA38D345DA7
:10E18000CBE1355DA48D365DA58D375DA68D385DFF
:10E19000A78D395DA88D3A5DA98D3B5DAA8D3C5D4B
:10E1A000AB8D3D5DCCE13E5DCAE13F5DAC8D405D38
:10E1B000AD8D415DAE8D425DAF8D435DB08D445DF3
:10E1C000B18D455DB28D465DB38D475DFAEF485D1B
:10E1D000B48D495DB58D4A5DD3E14B5DD2E14C5DB7
:10E1E000B6C74D5DB68D4E5DB78D4F5DB88D505D38
:10E1F000B98D515DBA8D525DBB8D535DBC8D545D43
:10E20000BD8D555DBE8D565DBF8D575DC08D585D12
:10E21000C9E1595DC18D5A5DC28D5B5DCEE15C5D2A
:10E22000C38D5D5DD0E15E5DC48D5F5DC58D605D5C
:10E23000C68D615DC78D625DC88D635DC98D645D8E
:10E24000CA8D655DCB8D665DCC8D675DCD8D685D5E
:10E25000CE8D695DD4E16A5DCF8D6B5DD1E16C5D82
:10E26000CDE16D5DD08D6E5DD18D6F5DCFE1705D67
:10E27000D28D715DD38D725DD48D735DD58D745DDE
:10E28000D5E1755DD68D765DD78D775DD88D785D5E
:10E29000D98D795DDA8D7A5DDB8D7B5DDC8D7C5D82
:10E2A000DD8D7D5DDE8D7E5DDF8D7F5DE08D805D52
:10E2B000E18D815DE28D825DD6E1835DE38D845DDC
:10E2C000E48D855DE58D865DE68D875DE78D885DF6
:10E2D000E88D895DE98D8A5DEA8D8B5DEB8D8C5DC6
:10E2E000EC8D8D5DED8D8E5DEE8D8F5DEF8D905D96
:10E2F000F08D915DF18D925DF28D935DF38D945D66
:10E30000F48D955DF58D965DF68D975DF78D985D35
:10E31000F88D995DD7E19A5DF98D9B5DFA8D9C5DD5
:10E32000FB8D9D5DD8E19E5DFC8D9F5DFD8DA05DAB
:10E33000FE8DA15D408EA25D418EA35D428EA45DE7
:10E34000438EA55D448EA65D458EA75D468EA85D75
:10E35000478EA95D488EAA5D498EAB5D4A8EAC5D45
:10E360004B8EAD5D4C8EAE5D4D8EAF5D4E8EB05D15
:10E370004F8EB15D508EB25D518EB35D528EB45DE5
:10E38000538EB55D548EB65D558EB75DDAE1B85DDE
:10E39000568EB95D578EBA5D588EBB5D598EBC5D89
:10E3A0005A8EBD5D5B8EBE5D5C8EBF5D5D8EC05D59
:10E3B0005E8EC15D5F8EC25D608EC35D618EC45D29
:10E3C000628EC55DDBE1C65D638EC75D648EC85D30
:10E3D000658EC95D668ECA5D678ECB5D688ECC5DCD
:10E3E000698ECD5DA1CECE5D6A8ECF5D6B8ED05D28
:10E3F0006C8ED15D6D8ED25D6E8ED35D6F8ED45D71
:10E40000708ED55D718ED65D728ED75D738ED85D40
:10E41000748ED95D758EDA5D768EDB5DDDE7DC5D51
:10E42000778EDD5DA8B4DE5DDDD6DF5D788EE05DE4
:10E43000798EE15DB2D1E25DB2B3E35D7A8EE45DE7
:10E440007B8EE55DA4B9E65DF3D7E75DC9C7E85DFE
:10E45000DEBEE95DAEB9EA5D7C8EEB5DD7CEEC5DEC
:10E460007D8EED5D7E8EEE5DEEB2EF5DCFDBF05D1D
:10E47000808EF15DBABCF25DD1D2F35DC8CBF45DA4
:10E48000CDB0F55D818EF65D828EF75DEFCFF85DE4
:10E49000838EF95D848EFA5D858EFB5D868EFC5DD4
:10E4A000878EFD5DE3D9FE5DEDBDFF5D888E005E6C
:10E4B000898E015ED2B1025ED0CA035EBCB2045E38
:10E4C0008A8E055EA7CB065EABB7075E8B8E085EB5
:10E4D000A6CA095E8C8E0A5E8D8E0B5E8E8E0C5ED9
:10E4E000A3CF0D5E8F8E0E5E908E0F5EF8E0105EF5
:10E4F000CAD5115EFBE0125E918E135E928E145EA1
:10E50000FAE0155EC1C5165EFBCC175E938E185EF1
:10E51000B1C1195EF9E01A5EE3D61B5EAFB21C5EB4
:10E52000C4D61D5EDBB51E5E948E1F5E958E205E8A
:10E53000968E215E978E225E988E235E998E245E43
:10E540009A8E255E9B8E265EF8B4275EA1D6285E45
:10E550009C8E295E9D8E2A5E9E8E2B5E9F8E2C5EEB
:10E56000A08E2D5EAFCF2E5EEFB02F5EA18E305EFF
:10E57000A28E315EFCE0325EA38E335EA48E345EEA
:10E58000A58E355EA68E365EA78E375EA1E1385E1B
:10E59000A3B3395EA88E3A5EA98E3B5EFDE03C5E79
:10E5A000FEE03D5EB1C33E5EAA8E3F5EAB8E405E36
:10E5B000AC8E415EAD8E425EDDC3435EAE8E445E88
:10E5C000A2E1455EF9B7465EAF8E475EB08E485E0B
:10E5D000B18E495EB28E4A5EB38E4B5EB48E4C5E97
:10E5E000CFBB4D5EB58E4E5EB68E4F5EB78E505E23
:10E5F000B88E515EB98E525EBA8E535EBB8E545E3B
:10E60000A3E1555EBBC4565EBC8E575EBD8E585EA0
:10E61000BE8E595EBF8E5A5EC08E5B5EA4E15C5EAC
:10E62000C18E5D5EC28E5E5EA5E15F5EC38E605E82
:10E63000C48E615EA6E1625EB1B4635EC58E645E47
:10E64000C68E655EC78E665EC88E675EC98E685E62
:10E65000CA8E695ECB8E6A5ECC8E6B5ECD8E6C5E32
:10E66000CE8E6D5ECF8E6E5ED08E6F5ED18E705E02
:10E67000D28E715ED38E725EC9B8735EBDC6745E93
:10E68000EAC4755ED48E765EA2B2775ED58E785E71
:10E69000D2D0795ED68E7A5EDBE77B5EC3BB7C5ED2
:10E6A000D7D37D5EC4D37E5ED78E7F5EE3B9805EB6
:10E6B000CFE2815ED88E825ED98E835EDA8E845EF2
:10E6C000AFD7855EDB8E865EECC7875ED3B1885E92
:10E6D000DC8E895EDD8E8A5EB2B48B5ED1E28C5EAA
:10E6E000DE8E8D5EDF8E8E5EE08E8F5EF2D0905E6F
:10E6F000AEC2915ED0E2925EE18E935EE2BF945E26
:10E70000A6D3955ED7B5965ED2E2975EEAB5985EDF
:10E71000E28E995EEDC39A5EFDB89B5EE38E9C5ED1
:10E72000AEB89D5EE48E9E5ED3C59F5ECFB7A05E01
:10E73000D4E2A15EE58EA25EE68EA35EE78EA45EC5
:10E74000E88EA55ED3E2A65EC8B6A75EF9D7A85E3E
:10E75000E98EA95EEA8EAA5EEB8EAB5EEC8EAC5EB5
:10E76000ED8EAD5EA5CDAE5EEE8EAF5EEF8EB05E91
:10E77000F08EB15EF18EB25EF28EB35ED8E2B45E20
:10E78000F38EB55ED6E2B65EFCCAB75EB5BFB85EC4
:10E79000B9D3B95ED5E2BA5EF48EBB5EF58EBC5ECF
:10E7A000F68EBD5EF78EBE5ED7E2BF5EF88EC05EAF
:10E7B000F98EC15EFA8EC25EFB8EC35EFC8EC45EB5
:10E7C000FD8EC55EFE8EC65E408FC75E418FC85E01
:10E7D000428FC95EAEC1CA5EC8C0CB5E438FCC5EFD
:10E7E000448FCD5E458FCE5E468FCF5E478FD05E25
:10E7F000488FD15EDBE2D25EDAE2D35EAAC0D45E9D
:10E80000498FD55E4A8FD65ECEC1D75E4B8FD85E1C
:10E810004C8FD95E4D8FDA5E4E8FDB5EDCE2DC5EC4
:10E820004F8FDD5E508FDE5E518FDF5E528FE05E78
:10E83000538FE15E548FE25E558FE35E568FE45E48
:10E84000578FE55E588FE65E598FE75E5A8FE85E18
:10E85000DDE2E95E5B8FEA5EDEE2EB5E5C8FEC5E42
:10E860005D8FED5E5E8FEE5E5F8FEF5E608FF05EC0
:10E87000618FF15E628FF25E638FF35E648FF45E90
:10E88000C8DBF55E658FF65ED3D1F75EA2CDF85E8C
:10E89000668FF95E678FFA5EA8BDFB5E688FFC5ECF
:10E8A000698FFD5E6A8FFE5EC3DEFF5EA5D8005FE6
:10E8B000AABF015FCDDB025FECD2035FFAC6045F43
:10E8C000AAC5055F6B8F065F6C8F075F6D8F085F52
:10E8D000C4DE095F6E8F0A5FD7B10B5FAEDF0C5FDE
:10E8E0006F8F0D5F708F0E5F718F0F5FBDCA105FEE
:10E8F000728F115FB1DF125F738F135FADB9145F59
:10E90000748F155FFDD2165F758F175FA5B8185FFE
:10E91000EBBA195F768F1A5F778F1B5FDAB31C5FD4
:10E92000788F1D5F798F1E5F7A8F1F5FDCB5205F48
:10E93000C5D5215F7B8F225F7C8F235F7D8F245F16
:10E940007E8F255FD6C3265FD2CF275FA1BB285F0E
:10E95000808F295FF3E52A5FF2E52B5F818F2C5FC3
:10E96000828F2D5FF4E52E5F838F2F5FE4CD305FC4
:10E97000848F315FF5C8325F858F335F868F345F58
:10E98000878F355F888F365F898F375F8A8F385FD3
:10E990008B8F395FAFB53A5FBFC73B5F8C8F3C5FF2
:10E9A000F6E53D5F8D8F3E5F8E8F3F5F8F8F405FBF
:10E9B000B0EC415F908F425F918F435F928F445FD5
:10E9C000938F455F948F465F958F475F968F485F23
:10E9D000978F495F988F4A5F998F4B5F9A8F4C5FF3
:10E9E0009B8F4D5F9C8F4E5F9D8F4F5F9E8F505FC3
:10E9F000E6E5515F9F8F525FE9B9535FB1B5545F50
:10EA0000A08F555FBCC2565FE8E5575FE7E5585FEA
:10EA1000E9E5595FA18F5A5FA28F5B5FA38F5C5FAF
:10EA2000A48F5D5FCDD25E5FA58F5F5FA68F605FB5
:10EA3000A78F615FEAE1625FCED0635FA88F645FFA
:10EA4000AECD655FA98F665FE5D1675FAA8F685F0E
:10EA5000AB8F695FCAB26A5FEBB16B5FAC8F6C5F03
:10EA6000F2B16D5FEDC56E5FAD8F6F5FAE8F705FA2
:10EA7000C3D5715FB0D3725FAF8F735FDCE1745F3A
:10EA8000B08F755FB18F765FB28F775FDDE1785FB2
:10EA9000B38F795FDBD27A5FB48F7B5FB9B37C5F72
:10EAA000CBB17D5FB58F7E5FB68F7F5FB78F805FA5
:10EAB000F9CD815FF7D5825FDEE1835FB88F845F38
:10EAC000B6BE855FFDB4865FB98F875FDFE1885F83
:10EAD000DCBA895FE0E18A5FB2BB8B5FC9C28C5F41
:10EAE000E1E18D5FBA8F8E5FBB8F8F5FBC8F905FD0
:10EAF000ECD0915FBD8F925FBDCD935FBE8F945F71
:10EB0000BF8F955FE2E1965FC08F975FC3B5985F57
:10EB1000C7C5995FE3E19A5FC18F9B5FC28F9C5F1E
:10EB2000E4E19D5FC38F9E5FC48F9F5FC58FA05F31
:10EB3000C68FA15FF9D3A25FC78FA35FC88FA45F01
:10EB4000C98FA55FCA8FA65FCB8FA75FCC8FA85F49
:10EB5000E5E1A95FCD8FAA5FADD1AB5FCE8FAC5F92
:10EB6000CF8FAD5FE6E1AE5FA2CEAF5FD08FB05F7B
:10EB7000D18FB15FD28FB25FD38FB35FD48FB45FC9
:10EB8000D58FB55FE7E1B65FD68FB75FC2B5B85F27
:10EB9000D78FB95FD88FBA5FD98FBB5FDA8FBC5F71
:10EBA000E8E1BD5FD5BBBE5FDB8FBF5FDC8FC05FC1
:10EBB000DD8FC15FDE8FC25FDF8FC35FC4D0C45FF4
:10EBC000E0E2C55FD8B1C65FE4D2C75FE08FC85F3F
:10EBD000E18FC95FE1E2CA5FE28FCB5FE38FCC5F79
:10EBE000C9BCCD5FCCC8CE5FE48FCF5FE3E2D05F1E
:10EBF000FEECD15FFDECD25FAFDFD35FE58FD45F7A
:10EC0000E68FD55FE78FD65FE2E2D75FBED6D85FEB
:10EC1000FCCDD95FA6C3DA5FE88FDB5FE98FDC5FED
:10EC2000EA8FDD5FC3E3DE5FEB8FDF5FEC8FE05FDA
:10EC3000D2D6E15FE7E2E25FED8FE35FEE8FE45F64
:10EC4000E8E2E55FEF8FE65FF08FE75FC7D3E85F4D
:10EC5000F18FE95FF28FEA5FECE2EB5FECBFEC5F14
:10EC6000F38FED5FEDE2EE5FE5E2EF5FF48FF05FD3
:10EC7000F58FF15FC0B3F25FF68FF35FF78FF45F4C
:10EC8000F88FF55FEEC4F65FF98FF75FFA8FF85FE4
:10EC9000EEE2F95FFB8FFA5FFC8FFB5FC3D0FC5F96
:10ECA000FD8FFD5FF6BAFE5FE9E2FF5FDEB7006051
:10ECB000B3BB0160ACCC0260CBCB0360E4E2046088
:10ECC000E6E20560EAE20660EBE20760FE8F0860BC
:10ECD0004090096041900A60F7E20B6042900C603E
:10ECE00043900D60F4E20E60F5D40F60F3E2106023
:10ECF0004490116045901260ADC513604690146059
:10ED0000FAD51560C2C51660C0B21760479018608A
:10ED100048901960EFE21A6049901B60F2E21C60B3
:10ED2000AFC11D60BCCB1E604A901F604B9020603D
:10ED3000A1B52160F9E222604C9023604D902460DF
:10ED40004E902560B1BC2660F1E22760D4D02860E7
:10ED5000B9D42960F5E22A60D6B92B60F6E22C60BE
:10ED60004F902D6050902E6051902F60D3C730602F
:10ED700052903160539032605490336055903460BB
:10ED800056903560F0E236605790376058903860A2
:10ED9000599039605A903A605B903B60DCD73C6098
:10EDA000A1ED3D605C903E605D903F60F8E24060A8
:10EDB0005E904160A5ED4260FEE24360D1CA4460CE
:10EDC0005F904560609046606190476062904860E7
:10EDD0006390496064904A6065904B60B5C14C6037
:10EDE00066904D60D0BB4E6067904F6068905060F9
:10EDF000D6BF516069905260E3BA53606A90546024
:10EE00006B905560A1CB56606C9057606D905860C8
:10EE10006E905960A6ED5A60A3ED5B606F905C60E8
:10EE200070905D60A2ED5E6071905F607290606056
:10EE30007390616074906260D6BB6360A7ED64609C
:10EE4000F4D065607590666076906760A4ED686048
:10EE5000DEBA6960F7B66A60A1E36B60B2B66C6057
:10EE6000F1CC6D60A7B96E6077906F60A2CF7060D3
:10EE7000A1C771607890726079907360D2BF74603E
:10EE80007A9075607B907660F1B677607C90786060
:10EE9000FAE27960FBE27A60FDE27B60FCE27C6092
:10EEA000D5C47D60A2E37E607D907F60C1D3806029
:10EEB0007E9081608090826081908360A7E384600F
:10EEC000C4C78560829086608390876084908860E4
:10EED00085908960A4CF8A6086908B6087908C60D3
:10EEE000A9E38D60B7BA8E6088908F60899090603A
:10EEF0008A9091608B909260A8E393608C9094606C
:10EF0000DABB95608D909660A3E397608E909860D1
:10EF10008F90996090909A60A4E39B60AAE39C60B4
:10EF200091909D60A6E39E6092909F60F2CEA0605B
:10EF3000C6D3A1609390A2609490A360BCBBA46070
:10EF40009590A5609690A660C3D4A7609790A8609E
:10EF5000FAC4A9609890AA609990AB60A8EDAC60E3
:10EF6000FCD0AD60A5E3AE609A90AF60F5C3B06031
:10EF70009B90B160ADE3B260AFB1B3609C90B46000
:10EF8000B2E3B5609D90B6609E90B7609F90B86008
:10EF9000C2BCB960A090BA60A190BB60ACE3BC6099
:10EFA000BFB5BD60A290BE60A390BF60A490C060DA
:10EFB000A590C160A690C260A790C360A890C460ED
:10EFC000A990C560E9C7C660B0E3C760AA90C860F1
:10EFD000AB90C960AC90CA60AABECB60EFCDCC60EC
:10EFE000AD90CD60AE90CE60AF90CF60B090D0606D
:10EFF000B190D160F3BBD260B290D360B390D460D3
:10F00000B490D560E8CCD660B590D760B690D860A3
:10F01000AFE3D960B790DA60B1E3DB60B890DC6051
:10F02000A7CFDD60AEE3DE60B990DF60A9CEE0601F
:10F03000DDBBE160BA90E260BB90E360BC90E4604D
:10F04000BD90E560BE90E660EBB5E760E5BEE860C8
:10F05000D2B2E960CDB3EA60BF90EB60B9B1EC60C9
:10F06000ABE3ED60D1B2EE60ACB5EF60DFB9F0605C
:10F07000E8B6F160C090F260C190F360EBCFF4604D
:10F08000B7E3F560C290F660CCBBF760C390F86060
:10F09000C490F960C7C8FA60CAD0FB60C590FC6034
:10F0A000C690FD60C790FE60C890FF60C990006187
:10F0B000B8E30161EEB30261CA900361CB900461D1
:10F0C000CC900561CD900661A9ED0761CE900861F5
:10F0D000FAD30961E4D30A61CF900B61D0900C613F
:10F0E000D1900D61AAED0E61B9E30F61E2D210611A
:10F0F000D2901161D3901261D4901361D5901461B4
:10F10000D6901561B5E31661D7901761D890186154
:10F11000D9901961DA901A61DED31B61DB901C6112
:10F12000DC901D61DD901E61DE901F61D0B8206112
:10F13000B3E32161DF902261E0902361B6E32461B3
:10F14000DFB72561E1902661B4E32761A2C02861A1
:10F15000E2902961E3902A61E4902B61BAE32C618B
:10F16000E5902D61E6902E61E7902F61E890306187
:10F17000E9903161EA903261EB903361EC90346157
:10F18000ED903561EE903661EF903761F090386127
:10F19000F1903961F2903A61F3903B61F4903C61F7
:10F1A000F5903D61F6903E61F7903F61B8D44061C3
:10F1B000F8904161F9904261FA904361FB9044619B
:10F1C000FC904561FD904661FE9047614091486129
:10F1D000C8B4496141914A61BBE34B6142914C61C2
:10F1E000C5BB4D6143914E61F7C94F614491506178
:10F1F00045915161E5C9526146915361479154610E
:10F2000048915561BDC45661499157614A91586111
:10F210004B9159614C915A614D915B614E915C618A
:10F220004F915D61ABED5E6150915F6151916061A5
:10F230005291616153916261FDC263615491646155
:10F24000559165615691666157916761DBBB686155
:10F25000AEBF696158916A6159916B615A916C6155
:10F260005B916D615C916E615D916F615E917061AA
:10F27000BFCE71615F9172616091736161917461E0
:10F2800062917561BCE3766163917761B6BF786125
:10F290006491796165917A6166917B6167917C6126
:10F2A00068917D6169917E616A917F616B918061F6
:10F2B0006C9181616D9182616E9183616F918461C6
:10F2C0007091856171918661729187617391886196
:10F2D0007491896175918A6176918B61EFB18C61CE
:10F2E00077918D6178918E61F7D48F61799190617A
:10F2F0007A9191617B9192617C9193617D9194610E
:10F30000BEE395617E91966180919761819198614C
:10F310008291996183919A6184919B6185919C61AD
:10F3200086919D61ADED9E6187919F618891A061FD
:10F330008991A1618A91A2618B91A3618C91A46151
:10F340008D91A5618E91A6618F91A761BFE3A861A0
:10F35000A9BAA961ACEDAA619091AB619191AC6140
:10F36000BDE3AD619291AE619391AF619491B06153
:10F370009591B1619691B2619791B3619891B461A1
:10F380009991B5619A91B6619B91B761C0E3B861FB
:10F390009C91B9619D91BA619E91BB619F91BC6145
:10F3A000A091BD61A191BE61B6BABF61A291C061D9
:10F3B000A391C161A491C261AEB6C361A591C461BC
:10F3C000A691C561A791C661A891C761A991C861BD
:10F3D000B8D0C961AA91CA61C3B0CB61AEEDCC61AE
:10F3E000AB91CD61AC91CE61AD91CF61AE91D06169
:10F3F000AF91D161AFEDD261C1C0D361B091D461A1
:10F40000C1E3D561B191D661B291D761B391D861B1
:10F41000B491D961B591DA61B691DB61B791DC61E4
:10F42000B891DD61B991DE61BA91DF61BB91E061B4
:10F43000BC91E161BD91E261BE91E361BF91E46184
:10F44000C091E561C191E661B3C5E761C291E86130
:10F45000C391E961C491EA61C591EB61C691EC6128
:10F46000C791ED61C891EE61C991EF61CA91F061F8
:10F47000CB91F161CC91F261CD91F361CE91F461C8
:10F48000CF91F561C2E3F661D091F761D191F86156
:10F49000D291F961D391FA61D491FB61D591FC616C
:10F4A000D691FD61D791FE61D891FF61B2DC006217
:10F4B000D9910162DA910262DB910362DC9104620C
:10F4C000DD910562DE910662B0ED0762DF910862B0
:10F4D000EAB80962E0910A62ECCE0B62A7EA0C621C
:10F4E000E7D00D62F9CA0E62D6C80F62B7CF1062BC
:10F4F000C9B31162D2CE1262E4BD1362E19114620B
:10F50000E2911562DEE31662F2BB1762A8EA1862A6
:10F51000BDD51962E3911A62DDC61B62A9EA1C62BD
:10F52000E4911D62E5911E62E6911F62AAEA2062E3
:10F53000E7912162ACEA2262ABEA2362E89124629D
:10F54000AEEA2562ADEA2662E9912762EA91286275
:10F55000EB912962EC912A62D8BD2B62ED912C626D
:10F56000AFEA2D62EE912E62BEC22F62EF91306241
:10F57000F0913162F1913262F2913362C1B434623E
:10F58000F7B43562F3913662F4913762A7BB386203
:10F59000F5913962F6913A62F7913B62F8913C62DB
:10F5A000F9913D62E6EC3E62E5EC3F62BFB7406236
:10F5B000F9CB4162E2B14262FA914362E7EC446204
:10F5C000FB914562FC914662FD914762C8C9486261
:10F5D000E8EC4962E9EC4A62FE914B62D6CA4C62A1
:10F5E000D0DE4D62C5B24E62FAD44F624092506294
:10F5F00041925162CBC65262C7B05362F2B45462B8
:10F60000D3C85562429256624392576244925862FE
:10F61000D0CD596245925A6246925B62B8BF5C6235
:10F6200047925D6248925E6249925F624A9260626E
:10F630004B9261624C9262624D926362DBBF646284
:10F640004E9265624F926662A4C76762B4D66862E2
:10F6500050926962A9C06A62D1DE6B62A8C96C620D
:10F66000EFD16D62A4C56E62E7B06F62B6B370622F
:10F67000C5C871625192726252927362E2B0746252
:10F680005392756254927662F6B7776255927862B9
:10F6900056927962FAC57A6257927B6258927C627E
:10F6A000F3B67D6259927E62D2D57F62D0B380621A
:10F6B000BCBC81625A9282625B9283625C92846279
:10F6C000ADB385625D9286625E9287625F92886268
:10F6D00060928962F1BE8A62D1B08B6261928C6263
:10F6E00062928D6263928E6264928F626592906282
:10F6F00066929162D6D29262E3CA9362A5D794626F
:10F7000067929562B6CD9662B6B69762B9BF9862B7
:10F71000DBD5996268929A62A7B89B62D7C59C6252
:10F7200069929D626A929E626B929F62D2DEA06233
:10F73000D9BFA162D5C2A262C0C7A3626C92A46203
:10F74000A4BBA562A8B1A6626D92A7626E92A862E0
:10F75000EAC5A9626F92AA627092AB62FBC5AC6205
:10F76000A7CCAD627192AE627292AF627392B062D8
:10F770007492B162A7B1B2627592B3627692B462CA
:10F780007792B562D6B5B6627892B7627992B8626E
:10F790007A92B962A8C4BA627B92BB62D3DEBC62C1
:10F7A000BAD1BD62E9B3BE627C92BF62F2C3C062ED
:10F7B0007D92C1627E92C262F7B7C3628092C462D8
:10F7C000F4D6C562A3B5C662F0B2C762B4C4C8625B
:10F7D000E9C4C962ADC0CA62D4DECB628192CC6298
:10F7E000E8B0CD62C4C5CE62E0C1CF628292D06281
:10F7F000D5B9D1628392D262DCBED362D8CDD46255
:10F80000CEB0D5628492D662CFCDD762D6DED86232
:10F81000D0BED962BED7DA62D5DEDB62D0D5DC627B
:10F82000DDB0DD628592DE628692DF62E2C4E06274
:10F830008792E1628892E262A3C2E362F0BCE46272
:10F840008992E562B5D3E662B9C0E762A1C5E86214
:10F85000A6B2E962F1D4EA628A92EB628B92EC6220
:10F86000A8C0ED62C3CAEE62D7DEEF62FCD5F062DB
:10F870008C92F162B0B9F2628D92F362ADC8F4621B
:10F88000A9CBF5628E92F662D9DEF762BDBFF8624F
:10F890008F92F9629092FA629192FB629292FC626C
:10F8A000B4C6FD62A7D7FE62B0CAFF62C3C40063DC
:10F8B00093920163D6B30263D2B903639492046353
:10F8C000959205639692066397920763B8D608638C
:10F8D000FCEA0963B4B00A6398920B6399920C63D3
:10F8E0009A920D639B920E63E6BF0F639C92106326
:10F8F0009D921163F4CC12639E9213639F921463E2
:10F90000A0921563A1921663DACD1763A2921863D1
:10F91000A3921963A4921A63BFD61B63CEC21C6361
:10F92000A5921D63CECE1E63A2CC1F63AED0206312
:10F93000D3C42163B2B52263D8DE2363F5D5246333
:10F94000B7BC2563D3BB2663A6922763A79228631F
:10F95000A4B02963A8922A63B2C52B63ECB42C63CC
:10F96000A9922D63AA922E63AB922F63F1D53063D7
:10F97000AC923163AD923263FDEA3363AE9234638D
:10F98000AF923563B0923663B1923763B292386307
:10F99000B3923963DADE3A63A6CD3B63B4923C633B
:10F9A000B5923D63ECCD3E63B6923F63B792406340
:10F9B000B8924163B9924263E6CE4363DCDE4463AE
:10F9C000BA924563B1CD4663A6C04763BB92486314
:10F9D000BC924963BDD74A63BD924B63DBDE4C6387
:10F9E000C6B04D63B4BA4E63D3C94F63F3C450631A
:10F9F000E8BE5163BE925263BF925363C092546398
:10FA0000C1925563B6B25663C2925763C3925863AC
:10FA1000C4925963C5925A63C6925B63C7925C6392
:10FA2000C8925D63C9925E63CCC05F63F0CB6063D4
:10FA3000CA926163F1BC6263BBBB6363B7B56463C5
:10FA4000CB926563CC926663CD926763F5C56863BC
:10FA5000CE926963E6DE6A63CF926B63D0926C6389
:10FA6000D1926D63E3DE6E63DDBE6F63D29270632D
:10FA7000D3927163DFDE7263D4927363D592746341
:10FA8000D6927563D7927663B7B47763DDBD78633A
:10FA9000D8927963D9927A63E0DE7B63EDC47C63AC
:10FAA000DA927D63DB927E63DC927F63DD9280631A
:10FAB000C6CF8163DE928263E0B58363DF928463A5
:10FAC000E0928563E1928663E2928763DEB68863A3
:10FAD000DACA8963F4B58A63E5DE8B63E3928C63EB
:10FAE000C6D58D63E4928E63E1DE8F63CDCC9063E7
:10FAF000FEC69163E5929263C5C59363E6929463F3
:10FB0000E7929563E8929663B4D29763E99298631B
:10FB1000F2BE9963EA929A63EB929B63EC929C63C8
:10FB2000ED929D63EE929E63EF929F63F092A063CD
:10FB3000D3C2A163F192A263BDCCA363B8B3A463A3
:10FB4000F292A563D3BDA663F392A763D8BFA8635F
:10FB5000C6CDA963DAD1AA63EBB4AB63F492AC630C
:10FB6000E4DEAD63DDDEAE63E7DEAF63F592B06386
:10FB7000FEEAB163F692B263F792B363B0C2B463C4
:10FB8000E2DEB563F892B663F992B763C0D6B863A4
:10FB9000A7B5B963FA92BA63F4B2BB63FB92BC63D4
:10FBA000E8DEBD63FC92BE63F2DEBF63FD92C0631C
:10FBB000FE92C1634093C2634193C3634293C463A3
:10FBC000EDDEC5634393C663F1DEC7634493C86348
:10FBD0004593C963E0C8CA634693CB634793CC633C
:10FBE0004893CD63E1D7CE63EFDECF63E8C3D06344
:10FBF000E1CCD1634993D263E5B2D3634A93D46332
:10FC00004B93D5634C93D663BED2D7634D93D863E1
:10FC10004E93D9634F93DA635093DB635193DC6364
:10FC20005293DD635393DE63EEDEDF635493E06350
:10FC3000EBDEE163D5CEE2635593E363A7B4E463FF
:10FC40005693E5635793E6635893E7635993E863E4
:10FC50005A93E963ABBFEA63BEBEEB635B93EC63AD
:10FC60005C93ED63D2BDEE635D93EF635E93F063EF
:10FC70005F93F1636093F263E9DEF3636193F4638E
:10FC8000AED4F5636293F663DEDEF7636393F863E5
:10FC9000EADEF9636493FA636593FB636693FC633E
:10FCA0006793FD63BFC0FE636893FF63ECDE00648F
:10FCB000F3B20164E9B80264A7C2036469930464FF
:10FCC0006A930564C1BD06646B9307646C93086412
:10FCD0006D9309646E930A646F930B64F5DE0C6494
:10FCE000F8DE0D6470930E6471930F64ABB2106410
:10FCF000A4B411647293126473931364EAB4146429
:10FD0000A6C9156474931664759317647693186482
:10FD10007793196478931A6479931B64F6DE1C64F4
:10FD2000D1CB1D647A931E64E3B81F647B93206477
:10FD3000F7DE2164FADE22647C9323647D932464DD
:10FD40007E93256480932664F9DE2764819328647A
:10FD50008293296483932A64C2CC2B6484932C6499
:10FD6000E1B02D64EEB42E6485932F6486933064E5
:10FD70008793316488933264899333648A933464BB
:10FD8000BAE535648B9336648C9337648D9338640D
:10FD90008E9339648F933A64AFD03B6490933C6404
:10FDA00091933D64EBB23E6492933F64A1EB406457
:10FDB00093934164F4DE4264949343649593446462
:10FDC000E3C94564F3DE4664DAB04764A1D248640F
:10FDD000F7B1496496934A64AFCC4B6497934C64F3
:10FDE00098934D6499934E649A934F649B93506497
:10FDF0009C9351649D935264F0DE53649E935464CB
:10FE0000A4CB55649F935664A0935764A193586400
:10FE1000AAD55964A2935A64A3935B64A4935C64C7
:10FE2000A5935D64A6935E64FBDE5F64A793606444
:10FE3000A8936164A9936264AA936364AB936464B6
:10FE4000AC936564AD936664AE936764DDB4686437
:10FE5000AF936964A6C46A64B0936B64B1936C6435
:10FE6000B2936D64FDDE6E64B3936F64B49370649B
:10FE7000B5937164B6937264B7937364B893746402
:10FE8000B9937564BA937664BB937764BC937864D2
:10FE9000FEC37964A1C47A64A1DF7B64BD937C64F2
:10FEA000BE937D64BF937E64C0937F64C19380647E
:10FEB000C2938164C3938264CCC18364C493846419
:10FEC000FCDE8564EFBE8664C5938764B2C6886431
:10FED000C6938964C7938A64C8938B64C9938C64FE
:10FEE000CA938D64CB938E64CC938F64CD939064CE
:10FEF000CE939164C5B39264F6C89364CF9394642F
:10FF0000D0939564BACB9664FEDE9764D1939864DF
:10FF1000D2939964A4DF9A64D3939B64D4939C6432
:10FF2000D5939D64D6939E64B2D79F64D793A06403
:10FF3000D893A164D993A264DA93A364DB93A464F5
:10FF4000B7B3A564DC93A664DD93A764DE93A864CD
:10FF5000DF93A964C3C1AA64E093AB64E193AC648A
:10FF6000CBC7AD64A5B2AE64E9B4AF64E293B0644C
:10FF7000ABD7B164E393B264E493B364E593B46440
:10FF8000E693B564ECC4B664E793B764A2DFB864E3
:10FF9000A3DFB964E893BA64A5DFBB64E993BC64EA
:10FFA000B3BABD64EA93BE64EB93BF64EC93C064E0
:10FFB000A6DFC164ED93C264DEC0C364EE93C46483
:10FFC000EF93C564C3C9C664F093C764F193C86472
:10FFD000F293C964F393CA64F493CB64F593CC644D
:10FFE000F693CD64D9B2CE64E6C7CF64F793D064FC
:10FFF000A7DFD164F893D264DCC7D364F993D464E7
:020000040801F1
:10000000FA93D564FB93D664FC93D764A8DFD864D5
:10001000A2EBD964FD93DA64FE93DB644094DC6464
:100020004194DD644294DE64D3CBDF644394E064A6
:100030004494E1644594E264AADFE3644694E46492
:10004000A9DFE5644794E664C1B2E7644894E864D4
:100050004994E9644A94EA644B94EB644C94EC64EC
:100060004D94ED644E94EE644F94EF645094F064BC
:100070005194F1645294F2645394F3645494F4648C
:100080005594F5645694F6645794F7645894F8645C
:100090005994F9645A94FA645B94FB645C94FC642C
:1000A0005D94FD645E94FE645F94FF6460940065FB
:1000B000CAC5016561940265629403656394046531
:1000C000649405656594066566940765679408659C
:1000D00068940965ABDF0A6569940B656A940C65E1
:1000E0006B940D656C940E656D940F656E94106540
:1000F0006F94116570941265DCD413657194146566
:1001000072941565739416657494176575941865E3
:10011000C1C8196576941A6577941B6578941C6537
:1001200079941D657A941E657B941F657C94206587
:100130007D9421657E942265809423658194246555
:1001400082942565ACDF26658394276584942865B1
:100150008594296586942A6587942B65F0BE2C6565
:1001600088942D6589942E65ADDF2F65A7D63065FF
:100170008A9431658B9432658C9433658D943465A3
:10018000B7EA3565B6EB3665D5CA37658E943865FE
:10019000FCD83965C4B83A658F943B65A5B93C6510
:1001A00090943D6591943E65C5B73F65FED5406529
:1001B0009294416593944265949443659594446503
:1001C00096944565CAB9466597944765989448657D
:1001D000A7D04965CDF44A6599944B659A944C65CE
:1001E000D0B54D659B944E659C944F65F4C35065A6
:1001F0009D945165C8BE52659E9453659F94546505
:10020000A0945565B7EB5665BDB05765A194586588
:10021000A2945965CCBD5A65A3945B65B2C15C6577
:10022000A4945D65D6B15E65A8B35F65A59460656D
:10023000A6946165A7946265D2B86365A2C9646536
:10024000A8946565A9946665D8B66765AA9468653B
:10025000AB946965AC946A65AD946B65B8EB6C65FD
:10026000B4BE6D65AE946E65AF946F65B094706505
:10027000FDCA7165B1947265C3C77365B294746544
:10028000FBD57565B3947665B4947765F3B77865F7
:10029000B5947965B6947A65B7947B65B8947C65B6
:1002A000B9947D65BA947E65BB947F65BC94806586
:1002B000BD948165BE948265BF948365C094846556
:1002C000C1948565C2948665C3948765C4CE8865EC
:1002D000C4948965C5948A65C6948B65ABD58C65D5
:1002E000F3B18D65C7948E65C8948F65C994906588
:1002F000B3EC9165DFB09265CA949365B5EC9465F3
:10030000CB949565CC949665CD949765B7B6986572
:10031000CE949965CFC19A65CF949B65FAF59C659B
:10032000B1D09D65D0949E65D1949F65E5D5A065BB
:10033000D294A165D3CEA265D394A365D494A465C9
:10034000EFBDA565E2B3A665D594A765ABB8A86572
:10035000D694A965B6D5AA65D794AB65BDEDAC6555
:10036000D894AD65CFB6AE65D994AF65B9CBB0655D
:10037000C2D0B165DA94B265DB94B365DC94B46540
:10038000DD94B565DE94B665DF94B765E094B86535
:10039000E194B965BDB7BA65E294BB65E394BC6509
:1003A000B6ECBD65A9CABE65E494BF65E594C065B9
:1003B000E694C165D4C5C265E794C365B9ECC4656C
:1003C000B8ECC565C3C2C665B7ECC765E894C86537
:1003D000E994C965EA94CA65EB94CB65FDD0CC6518
:1003E000BAECCD65EC94CE65BBECCF65E5D7D065B6
:1003F000ED94D165EE94D265BCECD365EF94D465F1
:10040000F094D565F194D665BDECD765ECC6D8659A
:10041000F294D965F394DA65F494DB65F594DC65C0
:10042000F694DD65F794DE65F894DF65F994E06590
:10043000DECEE165FA94E265C8BCE365FB94E46551
:10044000FC94E565D5C8E665A9B5E765C9BEE8656C
:10045000BCD6E965E7D4EA65FD94EB65FE94EC65EE
:10046000AED1ED65F1D0EE65B8EAEF65B9EAF065B9
:10047000BAEAF165B5BAF2654095F3654195F46560
:100480004295F5654395F665B1CAF765F5BFF86520
:100490004495F9654595FA65FACDFB654695FC6589
:1004A0004795FD654895FE654995FF654A95006647
:1004B000C0EA01664B950266BAB00366BEEA0466FE
:1004C0004C9505664D950666A5C007664E9508666F
:1004D0004F95096650950A66BBEA0B6651950C6606
:1004E000FDB20D6652950E66F7C30F66E8BB106647
:1004F000539511665495126655951366D7D21466B6
:10050000F4CE1566BFEA16665695176657951866B7
:1005100058951966BCEA1A6659951B665A951C6669
:100520005B951D66C3EA1E665C951F66C7D0206694
:10053000B3D321665D9522665E9523665F9524663A
:1005400060952566BAB4266661952766C1C328669C
:10055000F2D7296662952A6663952B6664952C66A8
:1005600065952D66D1D52E6666952F66C7CA30660D
:1005700067953166C5EA3266689533666995346673
:10058000C4EA3566C7EA3666C6EA37666A953866EB
:100590006B9539666C953A666D953B666E953C66D3
:1005A000E7D63D666F953E66D4CF3F667095406650
:1005B00071954166CBEA426672954366CEBB44664E
:1005C0007395456674954666759547667695486653
:1005D0007795496678954A6679954B66FABD4C667B
:1005E000CEC94D667A954E667B954F66CCEA5066CD
:1005F0007C9551667D955266B9C95366FECF5466A7
:10060000CAEA5566CED45666CDEA5766CFEA586632
:100610007E95596680955A66EDCD5B6681955C66E0
:1006200082955D6683955E6684955F66C9EA6066BD
:1006300085956166CEEA626686956366879564668F
:10064000EECE656688956666DEBB676689956866E8
:10065000BFB369668A956A668B956B668C956C6686
:100660008D956D668E956E66D5C66F66B0BE7066EA
:10067000FACE71668F9572669095736691957466E1
:10068000E7C7756692957666A7BE7766D0EA786604
:100690009395796694957A66C7D67B6695957C66C0
:1006A00096957D6697957E66C0C17F6698958066B3
:1006B000999581669A958266DDD483669B9584665A
:1006C000D1EA85669C9586669D958766BECF8866CD
:1006D0009E9589669F958A66A0958B66A1958C6686
:1006E000D2EA8D66A2958E66A3958F66A4959066D4
:1006F000A5959166EECA9266A6959366A7959466AF
:10070000A8959566A9959666AFC59766B5B09866A3
:10071000AA959966AB959A66AC959B66AD959C66D5
:10072000AE959D66D4EA9E66AF959F66B095A0662D
:10073000B195A166B295A266B395A366B495A46679
:10074000B595A566B695A666B795A766D3EAA866D9
:10075000DFF4A966B895AA66B995AB66BA95AC669A
:10076000BB95AD66BC95AE66BAC4AF66BD95B066C6
:10077000BE95B166BF95B266C095B366C195B466C5
:10078000A9B1B566C295B666C395B766C495B86695
:10079000C595B966DFE5BA66C695BB66C795BC6602
:1007A000C895BD66C995BE66D5EABF66CA95C066DE
:1007B000CB95C166CC95C266CD95C366CE95C46611
:1007C000CF95C566D095C666D195C766D295C866E1
:1007D000D395C966D495CA66D595CB66D695CC66B1
:1007E000D795CD66D895CE66D995CF66DA95D06681
:1007F000DB95D166DC95D266DD95D366DE95D46651
:10080000DF95D566E095D666E195D766E295D86620
:10081000E395D966EFCADA66E495DB66D6EADC666C
:10082000D7EADD66D8C6DE66E595DF66E695E06662
:10083000E795E166E895E266E995E366EA95E466A0
:10084000EB95E566EC95E666D8EAE766ED95E86631
:10085000EE95E966D9EAEA66EF95EB66F095EC6607
:10086000F195ED66F295EE66F395EF66F495F06618
:10087000BBD4F166F595F266FAC7F366B7D2F466B3
:10088000FCB8F566F695F666F795F766C2EAF8667F
:10089000F895F966DCB2FA66F995FB66FA95FC669E
:1008A000FCC2FD66FB95FE66F8D4FF66E6CC0067E9
:1008B000EED70167FC950267FD950367FE95046717
:1008C0004096056741960667429607674396086714
:1008D000C2D40967D0D30A67C3EB0B67F3C50C67B3
:1008E00044960D67FEB70E6745960F6746961067EC
:1008F000D4EB1167479612674896136749961467B9
:10090000B7CB1567DEEB16674A961767CAC018673C
:100910004B9619674C961A674D961B67FBCD1C6763
:100920004E961D67AFB31E674F961F67DAC62067E6
:1009300050962167519622675296236753962467F3
:100940005496256755962667FCEB276756962867C9
:10095000BEC4296757962A67B4CE2B67A9C42C67F3
:10096000BEB12D67FDD42E6758962F67F5CA306744
:1009700059963167ECD632675A9633675B9634677F
:10098000D3C63567E4B636675C9637675D963867D9
:100990005E9639675F963A67FABB3B6760963C673D
:1009A00061963D67E0D03E6762963F676396406719
:1009B000B1C9416764964267D3D44367A8C8446706
:1009C0006596456766964667CBB8476767964867FA
:1009D000BEE84967BCC94A6768964B6769964C6729
:1009E000BBE84D676A964E67EEC04F67D3D050673D
:1009F000C4B25167E5B452676B965367BCE854675D
:100A00006C9655676D965667C8D557676E9658674A
:100A10006F96596770965A6771965B6772965C67B6
:100A2000C5B65D6773965E67BDE85F67F8CA6067C5
:100A3000DCB86167F5CC6267749663677596646726
:100A400076966567B4C066677796676778966867D5
:100A5000EED16967BFE86A67C2E86B6779966C6731
:100A60007A966D67BCBA6E677B966F67ADB170673B
:100A7000DCBD71677C967267BDEA7367C3E8746713
:100A80007D967567C6E876677E967767CBE8786768
:100A90008096796781967A6782967B6783967C6772
:100AA000CCE87D6784967E67C9CB7F67E5B08067B9
:100AB00085968167ABBC82678696836787968467D5
:100AC000B9B985678896866789968767C1E8886718
:100AD0008A968967F7CD8A678B968B67CAE88C6799
:100AE0008C968D678D968E678E968F678F969067A2
:100AF000F6CE9167909692679196936792969467D7
:100B000093969567EDD5966794969767D6C1986743
:100B1000C4E8996795969A67B6C39B6796969C6753
:100B2000FBB99D67A6D69E67C8E89F679796A067A2
:100B30009896A1679996A267E0CAA367E6D4A467CE
:100B40009A96A567C0E8A6679B96A767C5E8A867B9
:100B5000C7E8A9679C96AA67B9C7AB67E3B7AC6754
:100B60009D96AD67C9E8AE679E96AF67DDBFB0677B
:100B7000D2E8B1679F96B267A096B367D7E8B4672B
:100B8000A196B567D5E8B667DCBCB767CFBCB867D8
:100B9000DBE8B967A296BA67A396BB67A496BC6761
:100BA000A596BD67A696BE67A796BF67A896C067BD
:100BB000A996C167DEE8C267AA96C367DAE8C46788
:100BC000FAB1C567AB96C667AC96C767AD96C867FE
:100BD000AE96C967AF96CA67B096CB67B196CC6739
:100BE000B296CD67B396CE67B496CF67D8B0D067CC
:100BF000B3C4D167CCB8D267E2C6D367BEC8D467E6
:100C0000E1C8D567B596D667B696D767B796D86761
:100C1000CFE8D967D4E8DA67D6E8DB67B896DC674F
:100C2000F1B9DD67D8E8DE67F5D7DF67B996E06729
:100C3000FBC4E167BA96E267DCE8E367BB96E4676A
:100C4000BC96E567E9B2E667BD96E767BE96E867DA
:100C5000BF96E967D1E8EA67C096EB67C196EC6793
:100C6000EDBCED67C296EE67C396EF67C2BFF06753
:100C7000CDE8F167F9D6F267C496F367F8C1F46777
:100C8000F1B2F567C596F667C696F767C796F86737
:100C9000C896F967C996FA67CA96FB67CB96FC6750
:100CA000CC96FD67DFE8FE67CD96FF67C1CA006896
:100CB000D9E80168CE960268CF960368D09604689A
:100CC000D1960568A4D50668D2960768EAB1086887
:100CD000BBD50968CEE80A68D0E80B68B0B60C68E6
:100CE000D3E80D68D3960E68DDE80F68B8C01068C9
:100CF000D4961168F7CA1268D5961368A8CB146801
:100D0000D6961568D7961668DCC61768F5C01868B9
:100D1000D8961968D9961A68DA961B68DB961C680B
:100D2000DC961D68E9E81E68DD961F68DE9620687F
:100D3000DF962168A3D02268E0962368E1962468B4
:100D4000E2962568E3962668E4962768E596286883
:100D5000E6962968F2E82A68EAD62B68E7962C68B6
:100D6000E8962D68E9962E68EA962F68EB9630682B
:100D7000EC963168ED963268E0E83368E1E8346873
:100D8000EE963568EF963668F0963768F9D1386890
:100D9000CBBA3968F9B83A68F1963B68F2963C6884
:100DA000F1B83D68D4D43E68EFE83F68F3964068F8
:100DB000EEE84168ECE84268F0B94368D2CC446898
:100DC000E6E84568A6CE4668F2BF4768F4964868EC
:100DD000B8B04968F1E84A68F0E84B68F5964C68A5
:100DE000C0D74D68F6964E68E4E84F68F7965068AD
:100DF000A9CD5168A3C95268F8965368B8BB546826
:100E0000DBBD5568EAE85668F9965768FA9658685F
:100E1000FB965968FC965A68FD965B68FE965C687E
:100E200040975D6841975E6842975F684397606846
:100E3000E2E86168E3E86268E5E86368B5B56468BC
:100E4000E7E86568C5C76668EBE86768EDE8686865
:100E5000B0BD6968AED76A6844976B68F8E86C689B
:100E600045976D6846976E6847976F6848977068B2
:100E7000499771684A9772684B9773684C97746882
:100E8000F5E875684D977668B0CD7768F6E87868CC
:100E90004E9779684F977A6850977B6851977C682E
:100EA00052977D6853977E6854977F6855978068FE
:100EB00056978168BAC1826857978368E8E8846862
:100EC00058978568B7C38668F0B08768599788686F
:100ED0005A9789685B978A685C978B685D978C687E
:100EE0005E978D685F978E6860978F68F4E890686A
:100EF000619791686297926863979368F7E894683E
:100F0000649795686597966866979768A3B9986897
:100F10006797996868979A6869979B686A979C68C9
:100F20006B979D686C979E686D979F686E97A06899
:100F30006F97A1687097A268D2C9A3687197A468D7
:100F40007297A5687397A668CEC3A768E0CEA86815
:100F5000E6C0A9687497AA687597AB687697AC687D
:100F60007797AD68F3CBAE687897AF68DDCCB068A3
:100F7000B5D0B1687997B2687A97B368E1CAB468B6
:100F80007B97B568F3E8B6687C97B7687D97B868D3
:100F90007E97B9688097BA688197BB688297BC686A
:100FA0008397BD688497BE688597BF688697C06839
:100FB000ECBCC1688797C268F9E8C3688897C468C1
:100FC0008997C5688A97C6688B97C7688C97C868E1
:100FD0008D97C968DEC3CA688E97CB68E5C6CC68B2
:100FE0008F97CD68F7B9CE689097CF689197D06802
:100FF0009297D1689397D268F4B0D3689497D468E5
:101000009597D568D8D7D6689697D7689797D868B0
:10101000ACBCD9689897DA68EFC5DB689997DC684B
:101020009A97DD689B97DE689C97DF689D97E068DC
:10103000C4CCE1689E97E2689F97E368A6E9E468FC
:10104000A097E568A197E668A297E768A397E86884
:10105000A497E968A597EA68A697EB68A797EC6854
:10106000A897ED68A997EE68ADC9EF68AA97F068F0
:10107000A2E9F168E2C0F268AB97F368AC97F46854
:10108000AD97F568C3BFF668AE97F768AF97F86895
:10109000B097F968FEE8FA68D7B9FB68B197FC68C1
:1010A000FBE8FD68B297FE68B397FF68B4970069E4
:1010B000B5970169A4E90269B6970369B79704690E
:1010C000B8970569CED20669B9970769BA970869D2
:1010D000BB970969BC970A69BD970B69A3E90C69BD
:1010E000BE970D69B2D60E69B5D70F69BF97106963
:1010F000A7E91169C0971269B7BD1369C19714694F
:10110000C2971569C3971669C4971769C597186977
:10111000C6971969C7971A69C8971B69C9971C6947
:10112000CA971D69CB971E69CC971F69FCE8206997
:10113000FDE82169CD972269CE972369CF9724696D
:10114000A1E92569D0972669D1972769D29728699F
:10115000D3972969D4972A69D5972B69D6972C6993
:10116000D7972D69D6CD2E69D8972F69D997306931
:10117000ACD23169DA973269DB973369DC9734692D
:10118000B2E93569DD973669DE973769DF973869E7
:10119000E0973969A9E93A69E1973B69E2973C69C7
:1011A000E3973D69AAB43E69E4973F69BBB44069DF
:1011B000E5974169E6974269ABE94369E797446976
:1011C000E8974569E9974669EA974769EB9748695F
:1011D000EC974969ED974A69EE974B69EF974C692F
:1011E000F0974D69F1974E69F2974F69F3975069FF
:1011F000F4975169F5975269F6975369F7975469CF
:10120000A8D05569F8975669F9975769A5E95869BB
:10121000FA975969FB975A69FEB35B69FC975C6959
:10122000FD975D69ACE95E69E3C05F69FE9760693F
:10123000AAE961694098626941986369B9E964699A
:101240004298656943986669B8E96769449868692E
:101250004598696946986A6947986B69AEE96C690F
:1012600048986D6949986E69FAE86F694A9870699B
:101270004B987169A8E972694C9873694D987469C3
:101280004E9875694F98766950987769ACBF7869C0
:10129000B1E97969BAE97A6951987B6952987C69B0
:1012A000A5C27D6953987E6954987F695598806975
:1012B000AFE9816956988269C5B88369579884698E
:1012C000ADE9856958988669DCD38769B4E988698E
:1012D000B5E98969B7E98A6959988B695A988C691F
:1012E0005B988D69C7E98E695C988F695D98906994
:1012F0005E9891695F989269609893696198946922
:10130000C6C09569C5E996696298976963989869B6
:10131000B0E9996964989A6965989B69BBE99C6989
:10132000F1B09D6966989E6967989F696898A06901
:101330006998A1696A98A2696B98A3696C98A46975
:101340006D98A5696E98A6696F98A769BCE9A869A8
:10135000A5D5A9697098AA697198AB69BEE9AC690D
:101360007298AD69BFE9AE697398AF697498B06956
:101370007598B169C1E9B2697698B3697798B4692B
:10138000F1C1B5697898B6697998B769B6C8B8698E
:101390007A98B9697B98BA697C98BB69BDE9BC69E0
:1013A0007D98BD697E98BE698098BF698198C06943
:1013B0008298C169C2E9C2698398C3698498C46983
:1013C0008598C5698698C6698798C7698898C869E5
:1013D0008998C9698A98CA69C3E9CB698B98CC692D
:1013E000B3E9CD698C98CE69B6E9CF698D98D0699B
:1013F000B1BBD1698E98D2698F98D3699098D4691E
:10140000C0E9D5699198D6699298D7699398D869B7
:101410009498D9699598DA699698DB69F7BCDC6984
:101420009798DD699898DE699998DF69C4E9E06961
:10143000C6E9E1699A98E2699B98E3699C98E46936
:101440009D98E5699E98E6699F98E769A098E86984
:10145000A198E969A298EA69A398EB69A498EC6954
:10146000A598ED69CAE9EE69A698EF69A798F069B1
:10147000A898F169A998F269CEE9F369AA98F46984
:10148000AB98F569AC98F669AD98F769AE98F869CC
:10149000AF98F969B098FA69B198FB69B298FC699C
:1014A000B398FD69DBB2FE69B498FF69C8E9006AC8
:1014B000B598016AB698026AB798036AB898046A40
:1014C000B998056ABA98066ABB98076ABC98086A10
:1014D000BD98096ABE980A6AAEB70B6ABF980C6AD3
:1014E000C0980D6AC1980E6AC2980F6AC398106AB4
:1014F000C498116AC598126AC698136AC798146A84
:10150000C898156AC998166ACA98176ACBE9186A02
:10151000CCE9196ACB981A6ACC981B6ACD981C6AD8
:10152000CE981D6ACF981E6AD0981F6AC1D5206ACE
:10153000D198216AA3C4226AD298236AD398246AD4
:10154000D498256AD598266AD698276AD798286AA3
:10155000D8E9296AD8982A6AE1BA2B6AD9982C6AFC
:10156000DA982D6ADB982E6ADC982F6AC9E9306A0E
:10157000DD98316AA3D3326ADE98336ADF98346A21
:10158000E098356AD4E9366AE198376AE298386AB1
:10159000E398396AE4983A6AE5983B6AE6983C6AC7
:1015A000E7983D6AD7E93E6AD0E93F6AE898406A21
:1015B000E998416AEA98426AEB98436AEC98446A6F
:1015C000CFE9456AED98466AEE98476AC1C7486A0E
:1015D000EF98496AF0984A6AF1984B6AF2984C6A17
:1015E000F3984D6AF4984E6AF5984F6AF698506AE7
:1015F000D2E9516AF798526AF898536AF998546A8E
:10160000FA98556AFB98566AFC98576AFD98586A8A
:10161000D9E9596AC8B35A6AFE985B6AD3E95C6A29
:1016200040995D6A41995E6A42995F6A4399606A2E
:101630004499616AF0CF626A4599636A4699646A1F
:101640004799656ACDE9666A4899676A4999686AFF
:101650004A99696A4B996A6A4C996B6A4D996C6AA6
:101660004E996D6A4F996E6A50996F6A5199706A76
:101670005299716AF7B3726A5399736A5499746A8A
:101680005599756A5699766A5799776A5899786A1A
:101690005999796AD6E97A6A5A997B6A5B997C6A20
:1016A000DAE97D6A5C997E6A5D997F6A5E99806AF3
:1016B000B4CC816A5F99826A6099836A6199846A0D
:1016C000ADCF856A6299866A6399876A6499886AE8
:1016D0006599896A66998A6A67998B6A68998C6A3A
:1016E00069998D6A6A998E6AD5E98F6A6B99906A51
:1016F000DCE9916ADBE9926A6C99936A6D99946A64
:101700006E99956A6F99966A7099976ADEE9986AF8
:101710007199996A72999A6A73999B6A74999C6A89
:1017200075999D6A76999E6A77999F6A7899A06A59
:10173000D1E9A16A7999A26A7A99A36A7B99A46A84
:101740007C99A56A7D99A66A7E99A76A8099A86AFC
:101750008199A96ADDE9AA6A8299AB6ADFE9AC6A74
:10176000CAC3AD6A8399AE6A8499AF6A8599B06A33
:101770008699B16A8799B26A8899B36A8999B46A75
:101780008A99B56A8B99B66A8C99B76A8D99B86A45
:101790008E99B96A8F99BA6A9099BB6A9199BC6A15
:1017A0009299BD6A9399BE6A9499BF6A9599C06AE5
:1017B0009699C16A9799C26A9899C36A9999C46AB5
:1017C0009A99C56A9B99C66A9C99C76A9D99C86A85
:1017D0009E99C96A9F99CA6AA099CB6AA199CC6A55
:1017E000A299CD6AA399CE6AA499CF6AA599D06A25
:1017F000A699D16AA799D26AA899D36AA999D46AF5
:10180000AA99D56AAB99D66AAC99D76AAD99D86AC4
:10181000AE99D96AAF99DA6AB099DB6AB199DC6A94
:10182000B299DD6AB399DE6AB499DF6AB599E06A64
:10183000B699E16AB799E26AB899E36AB999E46A34
:10184000BA99E56ABB99E66ABC99E76ABD99E86A04
:10185000BE99E96ABF99EA6AC099EB6AC199EC6AD4
:10186000C299ED6AC399EE6AC499EF6AC599F06AA4
:10187000C699F16AC799F26AC899F36AC999F46A74
:10188000CA99F56ACB99F66ACC99F76ACD99F86A44
:10189000CE99F96ACF99FA6AD099FB6AD199FC6A14
:1018A000D299FD6AD399FE6AD499FF6AD599006BE3
:1018B000D699016BD799026BD899036BD999046BB0
:1018C000DA99056BDB99066BDC99076BDD99086B80
:1018D000DE99096BDF990A6BE0990B6BE1990C6B50
:1018E000E2990D6BE3990E6BE4990F6BE599106B20
:1018F000E699116BE799126BE899136BE999146BF0
:10190000EA99156BEB99166BEC99176BED99186BBF
:10191000EE99196BEF991A6BF0991B6BF1991C6B8F
:10192000F2991D6BF3991E6BF4991F6BF599206B5F
:10193000B7C7216BCEB4226BB6BB236BC0D0246B70
:10194000A3EC256BF699266BF799276BB7C5286B27
:10195000F899296BF9992A6BFA992B6BFB992C6BE7
:10196000FC992D6BFD992E6BFE992F6B409A306B75
:10197000419A316B429A326BFBD3336B439A346B8F
:10198000449A356B459A366B469A376BA4EC386BA4
:10199000479A396BA5EC3A6BDBC63B6B489A3C6BBC
:1019A000499A3D6B4A9A3E6BEEBF3F6B4B9A406B38
:1019B0004C9A416B4D9A426B4E9A436BA6EC446B2A
:1019C0004F9A456B509A466BA7EC476BAAD0486B71
:1019D000519A496BB8C74A6B529A4B6B539A4C6BEE
:1019E000E8B84D6B549A4E6B559A4F6B569A506BA4
:1019F000579A516B589A526B599A536B5A9A546B27
:101A00005B9A556B5C9A566B5D9A576B5E9A586BF6
:101A10005F9A596BA8EC5A6B609A5B6B619A5C6B2E
:101A2000629A5D6B639A5E6B649A5F6B659A606B9A
:101A3000669A616B679A626BB9D6636BFDD5646B0E
:101A4000CBB4656BBDB2666BE4CE676BE7C6686B03
:101A5000689A696B699A6A6BE1CD6B6B6A9A6C6B79
:101A60006B9A6D6B6C9A6E6B6D9A6F6B6E9A706BF6
:101A70006F9A716B709A726B719A736B729A746BC6
:101A8000739A756B749A766B759A776B769A786B96
:101A9000779A796BF5B47A6B789A7B6BC0CB7C6B59
:101AA000DFBC7D6B799A7E6B7A9A7F6B7B9A806BB9
:101AB0007C9A816BE2E9826BE3E9836BEAD1846B08
:101AC000E5E9856B7D9A866BF9B4876BE4E9886BF1
:101AD0007E9A896BB3D18A6BE2CA8B6BD0B28C6B66
:101AE000809A8D6BE8E98E6B819A8F6B829A906BEE
:101AF000839A916B849A926BE6E9936BE7E9946B16
:101B0000859A956B869A966BB3D6976B879A986BE6
:101B1000889A996B899A9A6BE9E99B6BEAE99C6BC5
:101B20008A9A9D6B8B9A9E6B8C9A9F6B8D9AA06BF9
:101B30008E9AA16BEBE9A26B8F9AA36B909AA46B20
:101B4000919AA56B929AA66B939AA76B949AA86B9D
:101B5000959AA96B969AAA6BECE9AB6B979AAC6BCA
:101B6000989AAD6B999AAE6B9A9AAF6B9B9AB06B41
:101B70009C9AB16B9D9AB26B9E9AB36BAFECB46BAF
:101B8000B9C5B56BCEB6B66B9F9AB76BF3D2B86BCF
:101B9000A09AB96BA19ABA6BA29ABB6BA39ABC6BC1
:101BA000A49ABD6BA59ABE6BA69ABF6BEEB5C06B2F
:101BB000A79AC16BD9BBC26BB1ECC36BA89AC46BBB
:101BC000A99AC56BE3D2C66BAA9AC76BAB9AC86BCE
:101BD000AC9AC96BAD9ACA6BAE9ACB6BE3CECC6BA9
:101BE000AF9ACD6BB8C4CE6BB09ACF6BBFC3D06B7E
:101BF000B19AD16BB29AD26BBEB6D36BB9D8D46B53
:101C0000C8B1D56BCFB1D66BD1B1D76BFEC5D86B90
:101C1000B39AD96BD0B1DA6BB49ADB6BABC3DC6B24
:101C2000B59ADD6BB69ADE6BB79ADF6BB89AE06B4C
:101C3000B99AE16BB1D5E26BBA9AE36BBB9AE46BEC
:101C4000BC9AE56BBD9AE66BBE9AE76BBF9AE86BF0
:101C5000C09AE96BC19AEA6BA4EBEB6BC1BAEC6B6F
:101C6000C29AED6BC39AEE6BC49AEF6BBACCF06B71
:101C7000C59AF16BC69AF26BC79AF36BA5EBF46B3E
:101C8000C89AF56BA7EBF66BC99AF76BCA9AF86B13
:101C9000CB9AF96BA8EBFA6BCC9AFB6BCD9AFC6BE9
:101CA000CE9AFD6BA6EBFE6BCF9AFF6BD09A006CC1
:101CB000D19A016CD29A026CD39A036CD49A046CB8
:101CC000D59A056CA9EB066CABEB076CAAEB086C1C
:101CD000D69A096CD79A0A6CD89A0B6CD99A0C6C64
:101CE000DA9A0D6CACEB0E6CDB9A0F6CCFCA106CF1
:101CF000B5D8116CF1C3126CDC9A136CA5C3146CCB
:101D0000F8C6156CADEB166CCAC4176CDD9A186C6E
:101D1000AEEB196CAFEB1A6CB0EB1B6CD5B71C6C4F
:101D2000DE9A1D6CDF9A1E6CE09A1F6CFAB7206C6D
:101D3000E19A216CB1EB226CE2C7236CE29A246C2D
:101D4000B3EB256CE39A266CA4BA276CF5D1286C0A
:101D5000B1B0296CB2EB2A6CB4EB2B6CE49A2C6C0E
:101D6000E59A2D6CE69A2E6CAAB52F6CC8C2306C21
:101D7000E8C7316CE79A326CB5EB336CE89A346C97
:101D8000AECB356CDFE3366CE99A376CEA9A386C87
:101D9000C0D3396CEB9A3A6CEC9A3B6CED9A3C6C84
:101DA000EE9A3D6CDBD93E6CEF9A3F6CF09A406C3A
:101DB000A1CD416CADD6426CF3C7436CF19A446C33
:101DC000F29A456CF39A466CE0D9476CE3BB486CD9
:101DD000F49A496CBABA4A6CE2E34B6CF59A4C6CD3
:101DE000F69A4D6CF79A4E6CF89A4F6CF99A506CC3
:101DF000ABCF516CFA9A526CFB9A536CFC9A546CB0
:101E0000E0E3556CC7C9566CFD9A576CB9BA586C6B
:101E1000FE9A596C409B5A6C419B5B6CB4D15C6CD4
:101E2000E1E35D6CEAC85E6CAFB95F6CADBD606C40
:101E3000D8B3616CDBCE626C429B636C439B646C79
:101E4000C0CC656C449B666C459B676C469B686C1C
:101E5000E8E3696CE9E36A6CF4CD6B6C479B6C6CEE
:101E6000489B6D6C499B6E6C4A9B6F6C4B9B706C76
:101E7000ADCC716C4C9B726CB3BC736C4D9B746C31
:101E8000EAE3756C4E9B766CEBE3776C4F9B786C5A
:101E9000509B796CDAD07A6C519B7B6C529B7C6C3A
:101EA000539B7D6CFBC67E6CDAB77F6C549B806C59
:101EB000559B816CDFC7826CCAD2836CD6CE846C92
:101EC000569B856CE4E3866CECE3876C579B886CCF
:101ED000F2C9896CC1B38A6C589B8B6C599B8C6C12
:101EE000E7E38D6C5A9B8E6C5B9B8F6CE3C6906CAA
:101EF000E5E3916C5C9B926C5D9B936CB3ED946C91
:101F0000E6E3956C5E9B966C5F9B976C609B986C10
:101F1000619B996CB3C99A6C629B9B6CE6C59C6C87
:101F2000639B9D6C649B9E6C659B9F6CB5B9A06C1C
:101F3000669BA16CBBC3A26C679BA36CE3E3A46C20
:101F4000BDC5A56CA4C1A66CD9C2A76CD7B2A86C3C
:101F5000689BA96CEDE3AA6CA6BBAB6CADC4AC6C82
:101F6000699BAD6CF0E3AE6CDABEAF6C6A9BB06C93
:101F70006B9BB16CFBE3B26CF5E3B36CD3BAB46C9E
:101F80006C9BB56C6D9BB66C6E9BB76C6F9BB86CA5
:101F9000D0B7B96CCDD3BA6C709BBB6CCED6BC6CD1
:101FA000D3D5BD6CC1B9BE6CB4D5BF6CD8D1C06C33
:101FB000719BC16C729BC26C739BC36C749BC46C31
:101FC000B9D0C56CF6C7C66C759BC76C769BC86CE0
:101FD000779BC96CAAC8CA6CB4B2CB6C789BCC6C2A
:101FE000DAC3CD6C799BCE6C7A9BCF6C7B9BD06C2B
:101FF000EEE3D16C7C9BD26C7D9BD36CFCE3D46C08
:10200000EFE3D56CA8B7D66CF7E3D76CF4E3D86CE4
:102010007E9BD96C809BDA6C819BDB6CBAB7DC6CE5
:10202000829BDD6C839BDE6CA2C5DF6C849BE06CC5
:10203000F6E3E16CDDC5E26CA8B2E36CFCC6E46CCF
:10204000859BE56CE0C4E66C869BE76C879BE86C3F
:10205000A2D7E96C889BEA6CE1C0EB6CF9E3EC6C0D
:10206000899BED6C8A9BEE6CFAE3EF6CFDE3F06C00
:10207000A9CCF16CF3E3F26C8B9BF36CBED3F46CE4
:102080008C9BF56CC3B1F66CB4EDF76CF1E3F86CB6
:10209000F2E3F96C8D9BFA6CF8E3FB6CBAD0FC6C44
:1020A000C3C6FD6CF3D4FE6CFEE3FF6C8E9B006D2B
:1020B0008F9B016DE0BD026D909B036D919B046D44
:1020C000A7E4056D929B066D939B076DA6E4086DD2
:1020D000949B096D959B0A6D969B0B6DF3D10C6DCE
:1020E000A3E40D6D979B0E6DA9E40F6D989B106D89
:1020F000999B116D9A9B126DF7C8136D9B9B146D84
:102100009C9B156D9D9B166D9E9B176DB4CF186D96
:102110009F9B196DA8E41A6DAEE41B6DE5C21C6DA2
:10212000A09B1D6DA19B1E6DB4B61F6DA29B206D63
:10213000A39B216DA49B226DA59B236DA69B246D63
:10214000A79B256DF2BD266DA89B276DA2E4286D87
:10215000A99B296DAA9B2A6DE9BA2B6DAAE42C6D67
:10216000AB9B2D6DAC9B2E6DACE42F6DAD9B306D9C
:10217000AE9B316DFDB6326DDED6336DB2E4346D9B
:10218000AF9B356DADE4366DB09B376DB19B386D4F
:10219000B29B396DA1E43A6DB39B3B6DEEBB3C6DD8
:1021A000DDCD3D6DA2C73E6DC9C53F6DB49B406D91
:1021B000B59B416DF7C1426DB69B436DA4E4446D80
:1021C000B79B456DB3C7466DACBD476DBDBD486D92
:1021D000A5E4496DB89B4A6DC7D74B6DE2B24C6D13
:1021E000B99B4D6DABE44E6DC3BC4F6DAFE4506D0C
:1021F000BA9B516DEBBB526DB0E4536DA8C5546DE5
:10220000B1E4556DBB9B566DBC9B576DBD9B586D26
:10221000BE9B596DE3D55A6DA3BF5B6DBF9B5C6DD3
:10222000BAE45D6DC09B5E6DB7E45F6DC19B606D90
:10223000BBE4616DC29B626DC39B636DBDE4646D65
:10224000C49B656DC59B666DD6C6676DC69B686D84
:10225000C79B696DC6BA6A6DCBC06B6DC89B6C6D50
:10226000C99B6D6DCA9B6E6DA1B86F6DB4E4706D46
:10227000CB9B716DCC9B726DCD9B736DCE9B746D42
:10228000A1D4756DCF9B766DD09B776DA3BA786D19
:10229000FEBD796DD19B7A6DD29B7B6DD39B7C6D9E
:1022A000BCE47D6DD49B7E6DD59B7F6DD69B806D90
:1022B000D79B816DD89B826DBFCD836DD99B846D7B
:1022C000DA9B856DF9C4866DDB9B876DDC9B886D21
:1022D000FBCF896DE6C98A6DDD9B8B6DDE9B8C6DB6
:1022E000BFD38D6DDF9B8E6DD1CF8F6DE09B906DD9
:1022F000E19B916DB3E4926DE29B936DB8E4946DB4
:10230000B9E4956DE9CC966DE39B976DE49B986D70
:10231000E59B996DE69B9A6DE79B9B6DCECC9C6D82
:10232000E89B9D6DD4C09E6DB5E49F6DB0C1A06D5E
:10233000B6E4A16DD0CEA26DE99BA36DC1BBA46D27
:10234000D3B5A56DEA9BA66DF3C8A76DA7BDA86D13
:10235000C7D5A96DACC9AA6DA2B8AB6DCAE4AC6D06
:10236000EB9BAD6DEC9BAE6DCCE4AF6DC4D1B06DAD
:10237000ED9BB16DEE9BB26DBAD2B36DEF9BB46DB8
:10238000F09BB56DADBAB66DF19BB76DF29BB86DB4
:10239000D4BAB96DF39BBA6DF49BBB6DF59BBC6D64
:1023A000F69BBD6DF79BBE6DF89BBF6DC3E4C06D22
:1023B000EDB5C16DF99BC26DFA9BC36DFB9BC46DFE
:1023C000CDD7C56DC0E4C66DFDCFC76DBFE4C86D88
:1023D000FC9BC96DFD9BCA6DFE9BCB6DDCC1CC6DBA
:1023E000CACCCD6D409CCE6D419CCF6D429CD06DD2
:1023F000439CD16DE7CAD26D449CD36D459CD46D8E
:10240000469CD56D479CD66DD7C4D76D489CD86D7A
:10241000D4CCD96DC8E4DA6D499CDB6D4A9CDC6D87
:102420004B9CDD6DC7E4DE6DC1E4DF6D4C9CE06D5F
:10243000C4E4E16DADB5E26D4D9CE36D4E9CE46D81
:10244000D9D3E56D4F9CE66DC6E4E76D509CE86D11
:10245000519CE96D529CEA6D539CEB6DF9D2EC6D89
:10246000E3B4ED6D549CEE6DB4BBEF6D559CF06D17
:10247000569CF16DEEC9F26D579CF36DBEB4F46DD0
:10248000589CF56D599CF66D5A9CF76DECBBF86D38
:102490005B9CF96DCDD1FA6D5C9CFB6DEDCCFC6D58
:1024A000B5EDFD6D5D9CFE6D5E9CFF6D5F9C006EED
:1024B000609C016E619C026E629C036E639C046E64
:1024C000649C056EE5C7066E659C076E669C086E8B
:1024D000679C096E689C0A6EA8D40B6E699C0C6E92
:1024E000CBE40D6ED5D70E6EC2E40F6E6A9C106EF3
:1024F000A5BD116EC5E4126E6B9C136E6C9C146EC0
:10250000E6D3156E6D9C166EC9E4176EF8C9186E89
:102510006E9C196E6F9C1A6EBEE41B6E709C1C6ED6
:10252000719C1D6EE5D31E6E729C1F6E739C206E97
:10253000FEC7216EC9B6226E749C236EFCD4246E35
:10254000B3B2256ED7E4266E759C276E769C286EF6
:10255000779C296EC2CE2A6E789C2B6ECDE42C6EB1
:10256000799C2D6EBCCE2E6E7A9C2F6EDBB8306EB1
:102570007B9C316E7C9C326ED6E4336E7D9C346ED7
:10258000CABF356E7E9C366E809C376E819C386EDD
:10259000CED3396E829C3A6EECC33B6E839C3C6E0C
:1025A000849C3D6E859C3E6E869C3F6E879C406EF3
:1025B000889C416E899C426E8A9C436EC8C5446E5D
:1025C000D8E4456E8B9C466E8C9C476E8D9C486E05
:1025D0008E9C496E8F9C4A6E909C4B6E919C4C6E6B
:1025E000929C4D6EC4CD4E6ECFE44F6E939C506E58
:1025F000949C516E959C526E969C536ED4E4546E8E
:10260000D5E4556E979C566EFEBA576E989C586EE0
:10261000E6CF596E999C5A6E9A9C5B6EBFD55C6EE4
:102620009B9C5D6E9C9C5E6E9D9C5F6ED2E4606E1A
:102630009E9C616E9F9C626EA09C636EA19C646E6A
:10264000A29C656EA39C666EA49C676EA59C686E3A
:10265000A69C696EA79C6A6EA89C6B6ED0E46C6E9B
:10266000A99C6D6EAA9C6E6ECEE46F6EAB9C706E74
:10267000AC9C716EAD9C726EAE9C736EAF9C746EB2
:10268000B09C756EB19C766EB29C776EB39C786E82
:10269000B49C796EB59C7A6EB69C7B6EB79C7C6E52
:1026A000B89C7D6EB99C7E6EE5CD7F6EAACA806EA9
:1026B000BA9C816EBB9C826EBC9C836EA3C0846EF0
:1026C000BD9C856EA6BD866ED3E4876EBE9C886E6B
:1026D000BF9C896EC8B88A6EC09C8B6EC19C8C6E84
:1026E000C29C8D6EC39C8E6EC49C8F6EE7E4906E10
:1026F000B4D4916EC59C926EC69C936EC79C946E2A
:10270000C89C956EC99C966ECA9C976ECB9C986E21
:10271000DBE4996ECC9C9A6ECD9C9B6ECE9C9C6E9D
:10272000EFC19D6ECF9C9E6ED09C9F6EE9E4A06E23
:10273000D19CA16ED29CA26EE7D2A36ED39CA46E54
:10274000D49CA56EDFE4A66ED59CA76EE0E4A86ECF
:10275000D69CA96ED79CAA6EAACFAB6ED89CAC6E45
:10276000D99CAD6EDA9CAE6EDB9CAF6EDDCBB06EED
:10277000DC9CB16EDAE4B26ED1E4B36EDD9CB46E73
:10278000E5E4B56EDE9CB66EDCC8B76EE3E4B86E09
:10279000DF9CB96EE09CBA6EE7C4BB6EE2E4BC6E2F
:1027A000E19CBD6EE1E4BE6EE29CBF6EE39CC06E38
:1027B000E49CC16EFCB3C26EE8E4C36EE59CC46EDB
:1027C000E69CC56EE79CC66EE89CC76EE1B5C86E18
:1027D000E99CC96EEA9CCA6EEB9CCB6ECCD7CC6EE2
:1027E000EC9CCD6EED9CCE6EEE9CCF6EE6E4D06E92
:1027F000EF9CD16EACBBD26EF09CD36ED2D7D46EB0
:10280000CFCCD56EF8EBD66EF19CD76EE4E4D86EE3
:10281000F29CD96EF39CDA6EF6B9DB6EF49CDC6E3A
:10282000F59CDD6EF69CDE6ECDD6DF6ED9E4E06EF3
:10283000DCE4E16EFAC2E26EDEE4E36EF79CE46E85
:10284000CBC2E56EC4C0E66ED0C2E76EF89CE86EFF
:10285000F5B1E96EB2CCEA6EF99CEB6EFA9CEC6EC7
:10286000FB9CED6EFC9CEE6EFD9CEF6EFE9CF06E94
:10287000409DF16E419DF26E429DF36E439DF46E5C
:10288000CEB5F56E449DF66E459DF76E469DF86E8D
:10289000479DF96EEFE4FA6E489DFB6E499DFC6E14
:1028A0004A9DFD6E4B9DFE6E4C9DFF6E4D9D006FD3
:1028B0004E9D016F4F9D026FAFC6036F509D046F19
:1028C000519D056F529D066FE1C6076F539D086FBE
:1028D000549D096FF5E40A6F559D0B6F569D0C6F63
:1028E000579D0D6F589D0E6F599D0F6FA9C2106FA8
:1028F0005A9D116F5B9D126F5C9D136FECC0146F3E
:10290000DDD1156FEEE4166F5D9D176F5E9D186F3C
:102910005F9D196F609D1A6F619D1B6F629D1C6F9B
:10292000639D1D6F649D1E6F659D1F6F669D206F6B
:10293000AEC4216F679D226F689D236F699D246FD0
:10294000EDE4256F6A9D266F6B9D276F6C9D286F48
:102950006D9D296FF6E42A6FF4E42B6FFEC22C6F95
:102960006E9D2D6FDDE42E6F6F9D2F6FF0E4306F45
:10297000709D316FFECA326F719D336FC4D5346F55
:10298000729D356F739D366FF1E4376F749D386FAC
:10299000759D396F769D3A6F779D3B6F789D3C6F43
:1029A000799D3D6F7A9D3E6FFAD13F6F7B9D406F61
:1029B0007C9D416F7D9D426F7E9D436F809D446FE6
:1029C000819D456F829D466FEBE4476FECE4486F55
:1029D000839D496F849D4A6F859D4B6FF2E44C6FD8
:1029E000869D4D6FABCE4E6F879D4F6F889D506F0C
:1029F000899D516F8A9D526F8B9D536F8C9D546F33
:102A00008D9D556F8E9D566F8F9D576F909D586F02
:102A1000CBC5596F919D5A6F929D5B6F939D5C6F73
:102A2000B1C75D6F949D5E6FBAC25F6F959D606F19
:102A3000969D616F979D626FEAE4636F989D646FE6
:102A4000999D656F9A9D666FCAC1676F9B9D686F00
:102A50009C9D696F9D9D6A6F9E9D6B6F9F9D6C6F26
:102A6000A09D6D6FB6CC6E6FB1B36F6FA19D706F8F
:102A7000A29D716FA39D726FFBE4736FA49D746F31
:102A8000F3E4756FA59D766FA69D776FA79D786F10
:102A9000FAE4796FA89D7A6FFDE47B6FA99D7C6F46
:102AA000FCE47D6FAA9D7E6FAB9D7F6FAC9D806FB8
:102AB000AD9D816FAE9D826FAF9D836FB09D846F22
:102AC000CEB3856FB19D866FB29D876FB39D886FC2
:102AD000BAB3896FF7E48A6FB49D8B6FB59D8C6F25
:102AE000F9E48D6FF8E48E6FECC58F6FB69D906F33
:102AF000B79D916FB89D926FB99D936FBA9D946F7A
:102B0000BB9D956FBC9D966FBD9D976FBE9D986F49
:102B1000BF9D996FC09D9A6FC19D9B6FC29D9C6F19
:102B2000BDC09D6FC39D9E6FC49D9F6FC59DA06FCF
:102B3000C69DA16FE8D4A26FC79DA36FC89DA46F67
:102B4000C99DA56FCA9DA66FCB9DA76FA2E5A86F73
:102B5000CC9DA96FCD9DAA6FCE9DAB6FCF9DAC6F65
:102B6000D09DAD6FD19DAE6FD29DAF6FD39DB06F35
:102B7000D49DB16FD59DB26FD69DB36FC4B0B46F05
:102B8000D79DB56FD89DB66FA4E5B76FD99DB86FC7
:102B9000DA9DB96FA3E5BA6FDB9DBB6FDC9DBC6F9F
:102BA000DD9DBD6FDE9DBE6FDF9DBF6FE09DC06F81
:102BB000A4BCC16FE19DC26FA5E5C36FE29DC46F68
:102BC000E39DC56FE49DC66FE59DC76FE69DC86F29
:102BD000E79DC96FA1E5CA6FE89DCB6FE99DCC6FFA
:102BE000EA9DCD6FEB9DCE6FEC9DCF6FED9DD06FCD
:102BF000EE9DD16FFEE4D26FF4B1D36FEF9DD46F31
:102C0000F09DD56FF19DD66FF29DD76FF39DD86F74
:102C1000F49DD96FF59DDA6FF69DDB6FF79DDC6F44
:102C2000F89DDD6FF99DDE6FA8E5DF6FFA9DE06F1F
:102C3000A9E5E16FA6E5E26FFB9DE36FFC9DE46F04
:102C4000FD9DE56FFE9DE66F409EE76F419EE86F3C
:102C5000429EE96F439EEA6F449EEB6F459EEC6F88
:102C6000469EED6F479EEE6FA7E5EF6FAAE5F06F0A
:102C7000489EF16F499EF26F4A9EF36F4B9EF46F30
:102C80004C9EF56F4D9EF66F4E9EF76F4F9EF86F00
:102C9000509EF96F519EFA6F529EFB6F539EFC6FD0
:102CA000549EFD6F559EFE6F569EFF6F579E00709F
:102CB000589E0170599E02705A9E03705B9E04706C
:102CC0005C9E05705D9E06705E9E07705F9E08703C
:102CD000609E0970619E0A70629E0B70639E0C700C
:102CE000649E0D70659E0E70669E0F70679E1070DC
:102CF000689E1170D9C61270699E13706A9E147016
:102D00006B9E15706C9E16706D9E17706E9E18707F
:102D10006F9E1970709E1A70ABE51B70ADE51C704C
:102D2000719E1D70729E1E70739E1F70749E207027
:102D3000759E2170769E2270779E2370ACE524707C
:102D4000789E2570799E26707A9E27707B9E2870CB
:102D50007C9E29707D9E2A707E9E2B70809E2C709A
:102D6000819E2D70829E2E70839E2F70849E307067
:102D7000859E3170869E3270879E3370889E347037
:102D8000899E3570AFE536708A9E37708B9E38709D
:102D90008C9E3970AEE53A708D9E3B708E9E3C7075
:102DA0008F9E3D70909E3E70919E3F70929E4070AF
:102DB000939E4170949E4270959E4370969E44707F
:102DC000979E4570989E4670999E47709A9E48704F
:102DD0009B9E49709C9E4A709D9E4B709E9E4C701F
:102DE000E0B94D709F9E4E70A09E4F70B0E5507040
:102DF000A19E5170A29E5270A39E5370A49E5470C7
:102E0000A59E5570A69E5670A79E5770A89E587096
:102E1000A99E5970AA9E5A70AB9E5B70AC9E5C7066
:102E2000AD9E5D70AE9E5E70B1E55F70AF9E6070EE
:102E3000B09E6170B19E6270B29E6370B39E64700A
:102E4000B49E6570B59E6670B69E6770B79E6870DA
:102E5000B89E6970B99E6A70BA9E6B70F0BB6C7058
:102E6000E1EC6D70F0C36E70BB9E6F70C6B5707094
:102E7000D2BB7170BC9E7270BD9E7370BE9E74702A
:102E8000BF9E7570E9C17670EED47770C09E787081
:102E9000C4BE7970C19E7A70C29E7B70C39E7C70E6
:102EA000C6D77D70C49E7E70D6D47F70D3B280703A
:102EB000BEEC8170C59E8270C69E8370C79E847072
:102EC000C89E8570C1EA8670C99E8770CA9E887048
:102ED000CB9E8970AFC28A70B6B48B70CC9E8C705A
:102EE000CD9E8D70CE9E8E70D7D18F70CF9E9070FC
:102EF000D09E9170D19E9270B4B39370D29E947014
:102F0000B2C89570BBBF9670C0EC9770D39E987096
:102F1000D49E9970CBD69A70D59E9B70D69E9C708D
:102F2000BFEC9D70C1EC9E70D79E9F70D89EA07024
:102F3000D99EA170DA9EA270DB9EA370DC9EA47065
:102F4000DD9EA570DE9EA670DF9EA770E09EA87035
:102F5000E19EA970E29EAA70E39EAB70C5ECAC70D6
:102F6000E6BEAD70BFCCAE70DAC5AF70BCBEB0709F
:102F7000E49EB170C6ECB270E59EB370FEB1B47061
:102F8000E69EB570E79EB670E89EB770C4ECB87068
:102F9000A8D5B970E3B5BA70E99EBB70C2ECBC703D
:102FA000B6C1BD70E3B3BE70EA9EBF70EB9EC07049
:102FB000C3ECC170B8CBC270C3C0C370FECCC470C8
:102FC000EC9EC570ED9EC670EE9EC770EF9EC870F9
:102FD000D2C1C970F09ECA70C8ECCB70F19ECC70A3
:102FE000F29ECD70F39ECE70F49ECF70F59ED070A1
:102FF000F69ED170F79ED270F89ED370F99ED47071
:10300000FA9ED570FB9ED670FC9ED770FD9ED87040
:10301000E6BAD970D3C0DA70FE9EDB70F2D6DC70EF
:10302000409FDD70419FDE70429FDF70CCD1E07029
:10303000439FE170449FE270459FE370469FE470B8
:10304000BEBFE570479FE670B3B7E770D5C9E870BB
:10305000C7ECE970E2BBEA70489FEB70CCCCEC7037
:10306000FDBDED70C8C8EE70499FEF70A9CFF0703C
:103070004A9FF1704B9FF2704C9FF3704D9FF4701C
:103080004E9FF5704F9FF670509FF770E9CDF87026
:10309000519FF970EBC5FA70529FFB70539FFC7003
:1030A000549FFD70E9B7FE70559FFF70569F0071E9
:1030B000579F0171589F0271599F03715A9F047164
:1030C0005B9F05715C9F06715D9F07715E9F087134
:1030D0005F9F0971C9D10A71B8BA0B71609F0C71F9
:1030E000619F0D71629F0E71639F0F71649F1071DC
:1030F000C9EC1171659F1271669F1371CAEC14714E
:10310000679F1571C0BB1671CBEC1771689F187162
:10311000E2EC1971BAB11A71D9B71B71699F1C71B0
:103120006A9F1D716B9F1E716C9F1F716D9F207137
:103130006E9F21716F9F2271709F2371719F247107
:10314000729F2571739F2671B9BD2771749F287175
:10315000759F2971769F2A71779F2B71789F2C71AB
:10316000799F2D717A9F2E717B9F2F71CCEC3071DE
:10317000E6D13171CDEC32717C9F33717D9F34711A
:103180007E9F3571809F3671BBC83771819F3871C2
:10319000829F3971839F3A71849F3B71859F3C71F7
:1031A000869F3D71879F3E71889F3F71899F4071C7
:1031B0008A9F41718B9F42718C9F43718D9F447197
:1031C0008E9F4571D1EC46718F9F4771909F4871DA
:1031D000919F4971929F4A71D3EC4B71939F4C71AF
:1031E000CDBB4D71949F4E71E5BC4F71959F507151
:1031F000969F5171979F5271989F5371999F5471E7
:103200009A9F55719B9F56719C9F57719D9F5871B6
:103210009E9F59719F9F5A71A09F5B71A19F5C7186
:10322000CFEC5D71A29F5E71B7C95F71A39F6071A2
:10323000A49F6171A59F6271A69F6371A79F64712E
:10324000BAC36571A89F6671E3EC6771D5D56871E3
:10325000D0EC6971A99F6A71AA9F6B71AB9F6C7169
:10326000AC9F6D71AD9F6E71F3D66F71AE9F707133
:10327000AF9F7171B09F7271D2EC7371CEEC7471AB
:10328000B19F7571B29F7671B39F7771B49F78715A
:10329000D4EC7971B59F7A71D5EC7B71B69F7C7156
:1032A000B79F7D71BFC97E71B89F7F71B99F8071D3
:1032B000BA9F8171BB9F8271BC9F8371BD9F8471D6
:1032C000A8CF8571BE9F8671BF9F8771C09F88718F
:1032D000C19F8971C29F8A71DCD08B71C39F8C7131
:1032E000C49F8D71C59F8E71C69F8F71ACD1907137
:1032F000C79F9171C89F9271C99F9371CA9F947122
:10330000DBC89571CB9F9671CC9F9771CD9F9871BB
:10331000D6EC9971F5CE9A71CE9F9B71CF9F9C711F
:10332000D09F9D71D19F9E71D29F9F71ECCAA07159
:10333000DAECA171D39FA271D49FA371D59FA47120
:10334000D69FA571D79FA671D89FA771D99FA87145
:10335000D9ECA971DA9FAA71DB9FAB71DC9FAC71CC
:10336000BEB0AD71DD9FAE71DE9FAF71DF9FB071FA
:10337000E09FB171E19FB271E29FB371D7ECB4717C
:10338000E39FB571D8ECB671E49FB771E59FB87152
:10339000E69FB971E4ECBA71E79FBB71E89FBC711D
:1033A000E99FBD71EA9FBE71EB9FBF71EC9FC07139
:1033B000ED9FC171EE9FC271EF9FC371BCC8C47114
:1033C000F09FC571F19FC671F29FC771F39FC871DD
:1033D000F49FC971F59FCA71F69FCB71F79FCC71AD
:1033E000F89FCD71F99FCE71C7C1CF71FA9FD0718F
:1033F000FB9FD171FC9FD271FD9FD371FE9FD47151
:10340000DCECD571E0D1D67140A0D77141A0D87164
:1034100042A0D97143A0DA7144A0DB7145A0DC71F0
:1034200046A0DD7147A0DE7148A0DF7149A0E071C0
:10343000DBECE1714AA0E2714BA0E3714CA0E471B6
:103440004DA0E571EFD4E6714EA0E771DDECE871B7
:103450004FA0E97150A0EA7151A0EB7152A0EC713C
:1034600053A0ED7154A0EE71C6DBEF7155A0F07161
:1034700056A0F17157A0F27158A0F37159A0F471E0
:103480005AA0F5715BA0F6715CA0F7715DA0F871B0
:103490005EA0F971DEECFA715FA0FB7160A0FC71B7
:1034A00061A0FD7162A0FE7163A0FF7164A0007253
:1034B00065A0017266A0027267A0037268A0047220
:1034C00069A005726AA00672ACB107726BA008729F
:1034D0006CA009726DA00A726EA00B726FA00C72C4
:1034E00070A00D7271A00E7272A00F7273A0107294
:1034F00074A0117275A0127276A0137277A0147264
:1035000078A0157279A016727AA017727BA0187233
:103510007CA019727DA01A727EA01B7280A01C7202
:1035200081A01D72DFEC1E7282A01F7283A0207228
:1035300084A0217285A0227286A0237287A02472A3
:1035400088A0257289A026728AA027728BA0287273
:10355000E0EC29728CA02A72A6D72B728DA02C7257
:10356000C0C52D728EA02E728FA02F7290A03072C7
:10357000BCEB3172AEB0327291A0337292A0347251
:1035800093A03572F4BE3672B8B83772AFD23872C3
:10359000D6B03972F9B53A7294A03B72B3D83C7286
:1035A00095A03D72ACCB3E7296A03F72DDE34072B7
:1035B00097A0417298A0427299A043729AA0447257
:1035C0009BA045729CA046729DA04772ACC64872F3
:1035D000E6B049729EA04A729FA04B72A0A04C72A6
:1035E000C6C54D72B9EB4E72A1A04F72A2A0507227
:1035F000A3A05172A4A05272BAEB5372A5A0547248
:10360000A6A05572A7A05672BBEB5772A8A058721D
:10361000A9A05972C0D15A72AAA05B72A3C55C72EC
:10362000ABA05D72F2EA5E72ACA05F72B2C460726F
:10363000ADA06172B5C46272CEC06372AEA0647296
:10364000AFA06572B0A06672F3EA6772C1C4687217
:10365000B1A06972EFCE6A72B2A06B72B3A06C7245
:10366000B4A06D72B5A06E72F0EA6F72F4EA707277
:10367000B6A07172B7A07272FCC97372B8A07472EE
:10368000B9A07572A3C77672BAA07772BBA0787220
:10369000BCA07972D8CC7A72FECE7B72BDA07C724F
:1036A000BEA07D72BFA07E72F5EA7F72F6EA8072DC
:1036B000ACCF8172E7C08272C0A08372C1A0847255
:1036C000F7EA8572C2A08672C3A08772C4A088720E
:1036D000C5A08972C6A08A72BFB68B72F8EA8C72D6
:1036E000C7A08D72F9EA8E72C8A08F72FAEA907242
:1036F000C9A09172CAA09272FBEA9372CBA0947295
:10370000CCA09572CDA09672CEA09772CFA09872E1
:10371000D0A09972D1A09A72D2A09B72D3A09C72B1
:10372000D4A09D72D5A09E72D6A09F72F1EAA0721D
:10373000D7A0A172D8A0A272D9A0A372DAA0A47255
:10374000DBA0A572DCA0A672DDA0A772DEA0A87225
:10375000DFA0A972E0A0AA72E1A0AB72E2A0AC72F5
:10376000AEC8AD72EBE1AE72E3A0AF72B8B7B072A3
:10377000ECE1B172E4A0B272E5A0B372E6A0B4725B
:10378000EDE1B572E7A0B672B4D7B772EEE1B872E8
:10379000EFE1B972CCD3BA72E8A0BB72E9A0BC72F7
:1037A000EAA0BD72EBA0BE72ECA0BF72EDA0C07229
:1037B000EEA0C172F1E1C272F1BFC372F0E1C47256
:1037C000D2B5C572EFA0C672F0A0C772F1A0C872E0
:1037D000B7B1C972F2A0CA72F3A0CB72F4A0CC72D6
:1037E000F5A0CD72F3E1CE72F2E1CF72F6A0D07205
:1037F000FCBAD172F7A0D272F4E1D372F8A0D472FD
:10380000F9A0D572FAA0D672FBA0D772B7B9D87258
:10381000FCA0D972D1BEDA72FDA0DB72FEA0DC7210
:1038200040AADD7241AADE72FCC4DF7242AAE072D5
:10383000DDBAE172C6BDE27243AAE37244AAE47241
:1038400045AAE57246AAE67247AAE77248AAE87254
:10385000F5E1E972F7E1EA7249AAEB724AAAEC7261
:10386000C0B6ED72C1CFEE72A8CAEF72F6E1F07287
:10387000F8D5F172FCD3F272F8E1F372FCE1F47264
:10388000F9E1F5724BAAF6724CAAF772FAE1F872F6
:10389000EAC0F9724DAAFA72FEE1FB72A1E2FC7273
:1038A000C7C0FD724EAAFE724FAAFF7250AA0073E3
:1038B00051AA0173FBE1027352AA0373FDE1047381
:1038C00053AA057354AA067355AA077356AA087318
:1038D00057AA097358AA0A73A5E20B7359AA0C7365
:1038E0005AAA0D735BAA0E73D4C10F735CAA10732E
:1038F0005DAA11735EAA12735FAA1373A3E2147315
:1039000060AA1573A8E21673FEB21773A2E21873C9
:1039100061AA197362AA1A7363AA1B73CDC31C73BD
:10392000C2B21D73A7E21E73A6E21F7364AA2073BE
:1039300065AA2173A4E22273A9E2237366AA247301
:1039400067AA2573ABE2267368AA277369AA28734E
:103950006AAA2973C9D02A73EDD62B73A8C32C7316
:10396000ACE22D736BAA2E73D7CF2F736CAA307372
:103970006DAA3173AEE232736EAA33736FAA3473D9
:10398000EFBA357370AA367371AA3773E0E93873EA
:10399000ADE23973AAE23A7372AA3B7373AA3C731D
:1039A00074AA3D7375AA3E73ABBB3F73B3D4407327
:1039B00076AA417377AA427378AA437379AA4473AB
:1039C0007AAA45737BAA46737CAA47737DAA48737B
:1039D0007EAA497380AA4A7381AA4B7382AA4C7348
:1039E00083AA4D73B0E24E7384AA4F7385AA5073B5
:1039F000AFE2517386AA5273E1E9537387AA5473F5
:103A000088AA557389AA56738AAA5773B1E2587364
:103A10008BAA59738CAA5A738DAA5B738EAA5C7396
:103A20008FAA5D7390AA5E7391AA5F7392AA607366
:103A3000B2E2617393AA627394AA637395AA6473E2
:103A400096AA657397AA667398AA677399AA68730A
:103A50009AAA69739BAA6A739CAA6B739DAA6C73DA
:103A6000B3E26D73A1CC6E739EAA6F73B4E27073F0
:103A70009FAA7173A0AA727340AB737341AB747346
:103A800042AB757343AB767344AB777345AB7873D6
:103A900046AB797347AB7A7348AB7B7349AB7C73A6
:103AA0004AAB7D734BAB7E73B5E27F734CAB8073D7
:103AB0004DAB81734EAB82734FAB837350AB84734A
:103AC000FED0857351AB867352AB8773CAC28873BD
:103AD00053AB8973F1D38A7354AB8B73F5CD8C736D
:103AE00055AB8D7356AB8E73E0E78F7357AB907306
:103AF00058AB9173E1E7927359AB93735AAB9473DC
:103B00005BAB95735CAB9673C1BE97735DAB9873FB
:103B10005EAB99735FAB9A7360AB9B73EAC29C73A5
:103B200061AB9D7362AB9E7363AB9F73E4E7A0735D
:103B300064ABA17365ABA273E3E7A37366ABA47335
:103B400067ABA57368ABA67369ABA7736AABA873C1
:103B50006BABA973E6CDAA736CABAB73B5C3AC7397
:103B60006DABAD736EABAE73E2E7AF73B7BBB07363
:103B7000D6CFB1736FABB273E1C1B373E9E7B4737E
:103B800070ABB57371ABB67372ABB773E8E7B8736C
:103B900073ABB97374ABBA73F4E7BB73A3B2BC7302
:103BA00075ABBD7376ABBE7377ABBF7378ABC073C9
:103BB000EAE7C17379ABC273E6E7C3737AABC47348
:103BC0007BABC5737CABC6737DABC7737EABC87371
:103BD000ECE7C973EBE7CA73BAC9CB7380ABCC739C
:103BE00081ABCD73E4D5CE7382ABCF73E5E7D073F1
:103BF000A9B7D173E7E7D27383ABD37384ABD47324
:103C000085ABD57386ABD67387ABD77388ABD873C8
:103C100089ABD973EEE7DA738AABDB738BABDC73FA
:103C20008CABDD738DABDE73F3E7DF738EABE073CC
:103C3000E9D6E1738FABE27390ABE37391ABE473BE
:103C400092ABE573EDE7E67393ABE773F2E7E873E6
:103C500094ABE973F1E7EA7395ABEB7396ABEC7356
:103C600097ABED73E0B0EE7398ABEF7399ABF07375
:103C70009AABF1739BABF273F5E7F3739CABF47300
:103C80009DABF5739EABF6739FABF773A0ABF87368
:103C900040ACF97341ACFA7342ACFB7343ACFC73B8
:103CA00044ACFD7345ACFE7346ACFF7347AC007487
:103CB00048AC017449AC02744AAC0374F2C7047492
:103CC0004BAC0574C5C00674EDC007744CAC0874E9
:103CD0004DAC0974F0C10A74F0E70B744EAC0C746F
:103CE0004FAC0D7450AC0E7451AC0F74F6E71074F9
:103CF000F6CB117452AC127453AC137454AC1474EC
:103D000055AC157456AC167457AC177458AC18747F
:103D100059AC19745AAC1A74A2E81B74A1E81C744B
:103D20005BAC1D745CAC1E745DAC1F745EAC207427
:103D30005FAC217460AC2274C1D7237461AC24746D
:103D400062AC2574FAE72674F9E7277463AC28742B
:103D5000FBE7297464AC2A74F7E72B7465AC2C7408
:103D6000FEE72D7466AC2E74FDE72F7467AC3074DB
:103D7000FCE7317468AC327469AC3374D5C1347407
:103D8000D9C73574FDC53674C3C537746AAC387489
:103D90006BAC39746CAC3A746DAC3B746EAC3C7407
:103DA000EDC73D746FAC3E7470AC3F7471AC407441
:103DB00072AC4174A3E8427473AC437474AC447441
:103DC00075AC457476AC467477AC477478AC48747F
:103DD00079AC49747AAC4A747BAC4B747CAC4C744F
:103DE0007DAC4D747EAC4E7480AC4F7481AC50741D
:103DF00082AC517483AC527484AC537485AC5474EB
:103E000086AC5574A6E8567487AC5774A5E8587408
:103E100088AC5974A7E85A74F7BA5B74F8E75C7415
:103E2000A4E85D7489AC5E74F0C85F74AAC960745C
:103E30008AAC61748BAC62748CAC63748DAC64744A
:103E40008EAC65748FAC667490AC677491AC68741A
:103E500092AC697493AC6A7494AC6B7495AC6C74EA
:103E600096AC6D74A9E86E7497AC6F7498AC70746E
:103E7000E5B9717499AC72749AAC73749BAC747438
:103E80009CAC75749DAC7674FED17774A8E8787498
:103E90009EAC79749FAC7A74A0AC7B7440AD7C749A
:103EA00041AD7D7442AD7E74AAE87F7443AD8074E9
:103EB000ADE88174AEE8827444AD8374A7C18474A4
:103EC00045AD857446AD867447AD8774AFE8887498
:103ED00048AD897449AD8A744AAD8B74B0E88C746E
:103EE0004BAD8D744CAD8E74ACE88F744DAD907449
:103EF000B4E891744EAD92744FAD937450AD947418
:103F000051AD957452AD967453AD977454AD987489
:103F100055AD997456AD9A7457AD9B7458AD9C7459
:103F2000ABE89D7459AD9E74B1E89F745AADA0740E
:103F30005BADA1745CADA2745DADA3745EADA47401
:103F40005FADA57460ADA67461ADA774B5E8A87443
:103F5000B2E8A974B3E8AA7462ADAB7463ADAC7493
:103F600064ADAD7465ADAE7466ADAF7467ADB0747D
:103F700068ADB17469ADB2746AADB3746BADB4744D
:103F80006CADB5746DADB6746EADB7746FADB8741D
:103F900070ADB97471ADBA74B7E8BB7472ADBC746E
:103FA00073ADBD7474ADBE7475ADBF7476ADC074C1
:103FB00077ADC17478ADC27479ADC3747AADC47491
:103FC0007BADC5747CADC6747DADC7747EADC87461
:103FD00080ADC97481ADCA7482ADCB7483ADCC742D
:103FE00084ADCD7485ADCE7486ADCF7487ADD074FD
:103FF00088ADD17489ADD274B6E8D3748AADD47467
:104000008BADD5748CADD6748DADD7748EADD874A0
:104010008FADD97490ADDA7491ADDB7492ADDC7470
:10402000CFB9DD7493ADDE74ACF0DF7494ADE074A1
:10403000ADF0E17495ADE274B0C6E374EAB0E47437
:10404000BFC8E57496ADE674DFCDE77497ADE8744C
:1040500098ADE97499ADEA749AADEB749BADEC74CC
:104060009CADED749DADEE74CDCEEF74B1EAF074FD
:104070009EADF1749FADF274A0ADF37440AEF474D4
:10408000B2EAF57441AEF674BFC6F774C9B4F874F9
:1040900042AEF97443AEFA7444AEFB7445AEFC74A0
:1040A00046AEFD7447AEFE7448AEFF74B3EA0075C9
:1040B00049AE01754AAE02754BAE03754CAE047540
:1040C000E7D505754DAE06754EAE07754FAE087552
:1040D00050AE097551AE0A7552AE0B7553AE0C75E4
:1040E00054AE0D75F9DD0E7555AE0F75B4EA107549
:1040F00056AE1175B5EA127557AE1375B6EA14755A
:1041000058AE157559AE16755AAE17755BAE187563
:10411000CAB81975B0DF1A75F5C91B755CAE1C7588
:10412000F0CC1D755DAE1E755EAE1F75FAC92075AB
:104130005FAE217560AE227561AE237562AE2475E7
:1041400063AE2575FBC9267564AE277565AE287507
:10415000C3D32975A6CB2A7566AE2B75A6B82C7568
:10416000AEF02D75C2B12E7567AE2F75B8E53075FE
:10417000EFCC3175C9D33275D7BC3375EAC9347504
:1041800068AE3575E7B5367569AE3775D0C4387524
:10419000E9B539756AAE3A75AEEE3B75ADBB3C75A7
:1041A0006BAE3D756CAE3E75DEE73F756DAE40752E
:1041B000AFEE41756EAE42756FAE437570AE44752D
:1041C00071AE4575A9B3467572AE477573AE487545
:1041D000B2EE497574AE4A7575AE4B75B1EE4C755D
:1041E000E7BD4D7576AE4E75B0EE4F75B7CE5075D6
:1041F00077AE517578AE527579AE53757AAE547507
:10420000CFC555757BAE56757CAE57757DAE58756E
:104210007EAE5975F4C15A75CEDB5B75B3EE5C7535
:10422000F3D05D7580AE5E7581AE5F7582AE6075F0
:1042300083AE617584AE627585AE637586AE647556
:1042400087AE6575D4C26675E8C6677588AE687551
:1042500089AE69758AAE6A75ACB76B758BAE6C75D5
:104260008CAE6D758DAE6E758EAE6F758FAE7075D2
:1042700090AE717591AE7275B4EE737592AE747541
:10428000EBB3757593AE767594AE777595AE78751C
:10429000FBBB7975B5EE7A7596AE7B7597AE7C757E
:1042A00098AE7D7599AE7E759AAE7F75DCE78075A8
:1042B0009BAE81759CAE82759DAE8375B6EE84759E
:1042C0009EAE85759FAE8675AEBD8775A0AE8875AE
:1042D00040AF897541AF8A7542AF8B75E2F18C753D
:1042E00043AF8D7544AF8E7545AF8F75E8CA907535
:1042F00046AF9175C9D29275DAF0937547AF947550
:10430000DBF0957548AF9675DCF09775C6C198756A
:1043100049AF9975EDB89A75CEBE9B754AAF9C753D
:104320004BAF9D75DEF09E754CAF9F75B1C5A07506
:10433000DDF0A175F1D1A2754DAFA375E0F0A475C4
:10434000CCB0A575EABDA6754EAFA7754FAFA875E1
:1043500050AFA97551AFAA7552AFAB75DFD2AC752E
:10436000DFF0AD7553AFAE75AFB4AF75E8B7B075EC
:10437000E6F0B175E5F0B275A3C6B375E1F0B475BA
:10438000E2F0B575C3B4B67554AFB77555AFB8752F
:10439000E3F0B975EED5BA7556AFBB7557AFBC75BE
:1043A000DBCCBD75D2BEBE75B2BCBF7558AFC07593
:1043B00059AFC1755AAFC275E8F0C375E7F0C4755F
:1043C000E4F0C575A1B2C6755BAFC775A2D6C87556
:1043D000B8D3C975B7BECA75ACC8CB755CAFCC7560
:1043E0005DAFCD75EAF0CE755EAFCF755FAFD075BE
:1043F00060AFD17561AFD275F7D1D37562AFD475A7
:10440000CCD6D575DBBAD675E9F0D77563AFD8755C
:10441000BBB6D97564AFDA7565AFDB75B4CDDC7545
:1044200066AFDD7567AFDE75A6C6DF7568AFE07590
:1044300069AFE1756AAFE275A1C1E375EBF0E475B0
:10444000EEF0E5756BAFE675EDF0E775F0F0E87549
:10445000ECF0E9756CAFEA75BEBBEB75EFF0EC758F
:104460006DAFED756EAFEE756FAFEF7570AFF07548
:10447000B5CCF175F2F0F27571AFF37572AFF475FA
:10448000D5B3F57573AFF67574AFF77575AFF8758D
:1044900076AFF975D4B1FA7577AFFB7578AFFC7567
:1044A000F3F0FD7579AFFE757AAFFF75F4F0007625
:1044B000F6F00176E1B402767BAF0376F1F0047694
:1044C0007CAF0576F7F006767DAF07767EAF08768F
:1044D00080AF097681AF0A76FAF00B7682AF0C7660
:1044E000F8F00D7683AF0E7684AF0F7685AF107639
:1044F000F5F0117686AF127687AF137688AF147613
:1045000089AF1576FDF016768AAF1776F9F0187632
:10451000FCF01976FEF01A768BAF1B76A1F11C76B3
:104520008CAF1D768DAF1E768EAF1F76C1CE2076F6
:10453000A4F121768FAF2276A3F1237690AF247673
:10454000F6C12576FBF02676DDCA277691AF287670
:1045500092AF2976F1B42A76F1B12B76B1CC2C76D4
:1045600093AF2D76A6F12E7694AF2F7695AF307659
:10457000A7F1317696AF327697AF3376ACF13476D9
:10458000CED53576A9F1367698AF377699AF3876AD
:10459000B3C839769AAF3A769BAF3B769CAF3C7600
:1045A000A2F13D769DAF3E76ABF13F76A8F1407625
:1045B000A5F141769EAF42769FAF4376AAF144764D
:1045C000A0AF457640B0467641B0477642B04876D7
:1045D00043B0497644B04A7645B04B7646B04C7607
:1045E000A9B04D76ADF14E7647B04F7648B05076D3
:1045F00049B051764AB052764BB053764CB05476AF
:10460000AFF155764DB05676B1F157764EB058763B
:104610004FB0597650B05A7651B05B7652B05C7656
:10462000B0F15D7653B05E76AEF15F7654B06076F1
:1046300055B0617656B0627657B06376A2D1647693
:1046400058B0657659B066765AB067765BB06876D2
:104650005CB069765DB06A765EB06B76B2F16C760E
:104660005FB06D7660B06E7661B06F76B3F17076E4
:1046700062B0717663B0727664B0737665B074764A
:1046800066B0757667B0767668B0777669B078761A
:10469000EFB979766AB07A766BB07B76C7B57C76FF
:1046A0006CB07D76D7B07E76D9B07F766DB08076EF
:1046B0006EB081766FB08276EDD4837670B08476FA
:1046C000C4B5857671B08676D4BD8776CABB887648
:1046D000A7F0897672B08A7673B08B76DEB88C7666
:1046E00074B08D7675B08E76A8F08F7676B09076B1
:1046F00077B09176A8B0927678B09376A9F0947658
:1047000079B095767AB09676EECD97767BB098763E
:104710007CB09976AAF09A767DB09B767EB09C7636
:1047200080B09D7681B09E7682B09F7683B0A07671
:1047300084B0A17685B0A27686B0A37687B0A47641
:10474000ABF0A57688B0A67689B0A7768AB0A876B1
:104750008BB0A9768CB0AA768DB0AB768EB0AC76E5
:104760008FB0AD7690B0AE76A4C6AF7691B0B0768D
:1047700092B0B176E5D6B276E4F1B37693B0B47682
:10478000E5F1B57694B0B67695B0B77696B0B876D2
:1047900097B0B97698B0BA7699B0BB769AB0BC7635
:1047A0009BB0BD769CB0BE769DB0BF76F3C3C0769D
:1047B0009EB0C1769FB0C276DBD3C376A0B0C4767C
:1047C00040B1C576D1D6C676E8C5C77641B1C876C0
:1047D000AFD3C97642B1CA76E6D2CB7643B1CC76B6
:1047E00044B1CD76C1EECE76BBB0CF76B5D5D0761E
:1047F000CED1D176E0BCD276D0BAD37645B1D476DC
:10480000F8BFD57646B1D676C7B8D776C1B5D876D3
:10481000CCC5D97647B1DA7648B1DB76A2CADC7668
:1048200049B1DD764AB1DE764BB1DF76CBC3E076B7
:104830004CB1E1764DB1E2764EB1E3764FB1E4761C
:1048400050B1E576C2EEE67651B1E77652B1E87640
:1048500053B1E97654B1EA7655B1EB7656B1EC76C0
:1048600057B1ED7658B1EE76BFC4EF76A2B6F076CA
:1048700059B1F176ECEDF276A4C3F3765AB1F47641
:10488000B1D6F5765BB1F6765CB1F7765DB1F876C8
:10489000E0CFF976EFEDFA765EB1FB765FB1FC76AC
:1048A000CEC5FD7660B1FE76DCB6FF7661B10077ED
:1048B00062B10177A1CA027763B1037764B104776B
:1048C000EDED057765B1067766B10777F0ED08770E
:1048D000F1ED0977BCC30A7767B10B77B4BF0C77EA
:1048E00068B10D77EEED0E7769B10F776AB1107789
:1048F0006BB111776CB112776DB113776EB114771C
:104900006FB1157770B1167771B1177772B11877EB
:1049100073B11977F4ED1A77F2ED1B7774B11C7748
:1049200075B11D7776B11E7777B11F77E6D5207701
:10493000DFC3217778B12277F3ED237779B124773C
:104940007AB125777BB12677F6ED27777CB128778A
:10495000A3D52977A3D12A777DB12B777EB12C7788
:1049600080B12D77F5ED2E7781B12F77D0C33077D9
:1049700082B1317783B1327784B1337785B13477BF
:1049800086B13577F7ED3677F4BF3777ECBE3877F9
:10499000F8ED397787B13A77F7CC3B7788B13C7738
:1049A000DBD13D7789B13E778AB13F778BB14077D4
:1049B000C5D74177F6D542778CB14377FCED447784
:1049C0008DB145778EB146778FB14777FBED48774C
:1049D00090B1497791B14A7792B14B7793B14C77C7
:1049E00094B14D7795B14E7796B14F7797B1507797
:1049F000F9ED5177FAED527798B1537799B1547731
:104A00009AB155779BB156779CB157779DB158773E
:104A10009EB159779FB15A77FDED5B77A6BE5C7763
:104A2000A0B15D7740B25E7741B25F7742B2607706
:104A300043B26177AFCB6277A1EE6377BDB664779F
:104A400044B26577A2EE6677C0C4677745B26877EF
:104A5000FEED697746B26A7747B26B77DEBD6C7759
:104A6000C7B26D7748B26E7749B26F774AB2707746
:104A70004BB271774CB272774DB273774EB2747796
:104A80004FB2757750B2767751B2777752B2787766
:104A900053B27977C3B67A7754B27B7755B27C77C5
:104AA00056B27D77A5EE7E77BAD87F77A3EE807772
:104AB000A6EE817757B2827758B2837759B284775E
:104AC000E9C38577F2B386775AB287775BB2887786
:104AD0005CB289775DB28A775EB28B775FB28C7792
:104AE000A7EE8D77A4EE8E77B9CF8F7760B29077EF
:104AF00061B29177A8EE9277F7C2937762B294771A
:104B000063B2957764B2967765B2977766B2987715
:104B100067B2997768B29A7769B29B776AB29C77E5
:104B20006BB29D776CB29E776DB29F77A9EEA0773E
:104B3000AAEEA1776EB2A277ABDEA3776FB2A477AD
:104B400070B2A577B3C6A67771B2A777C6C7A877A4
:104B500072B2A977F5D6AA77C9B5AB7773B2AC773D
:104B6000B2CBAD7774B2AE7775B2AF7776B2B077BD
:104B7000ABEEB17777B2B27778B2B377ABCDB4772B
:104B800079B2B577ACEEB6777AB2B7777BB2B87751
:104B90007CB2B9777DB2BA777EB2BB77B0D5BC773D
:104BA00080B2BD77ADEEBE7781B2BF77C4F6C07775
:104BB00082B2C17783B2C27784B2C37785B2C47739
:104BC00086B2C57787B2C67788B2C77789B2C87709
:104BD0008AB2C9778BB2CA778CB2CB778DB2CC77D9
:104BE0008EB2CD77C7DBCE778FB2CF7790B2D0774A
:104BF00091B2D17792B2D27793B2D37794B2D4777D
:104C000095B2D57796B2D67797B2D777A3B4D8773F
:104C100098B2D97799B2DA779AB2DB77ACC3DC77FE
:104C2000E6F1DD779BB2DE779CB2DF779DB2E0776D
:104C30009EB2E1779FB2E277B8CAE377D3D2E47746
:104C4000A0B2E577AAD6E67740B3E777F2EFE87748
:104C500041B3E977D8BEEA7742B3EB77C3BDEC77CF
:104C6000F3EFED77CCB6EE77ABB0EF7743B3F077F9
:104C700044B3F17745B3F27746B3F377AFCAF4772D
:104C800047B3F57748B3F677B6EDF77749B3F877DA
:104C9000B7EDF9774AB3FA774BB3FB774CB3FC77B0
:104CA0004DB3FD77F9CEFE77AFB7FF77F3BF00784E
:104CB000B8ED0178EBC20278B0C903784EB304783E
:104CC0004FB3057850B3067851B3077852B30878DC
:104CD00053B30978B9ED0A7854B30B7855B30C780F
:104CE000F6C60D78B3BF0E7856B30F7857B3107869
:104CF00058B31178BCED1278F8C5137859B314780D
:104D0000D0D115785AB31678A9D71778BAED187894
:104D1000BBED19785BB31A78E2D11B785CB31C78D1
:104D2000BFED1D78C0ED1E785DB31F78C4ED20780F
:104D30005EB321785FB3227860B32378C8ED24781E
:104D400061B32578C6ED2678CEED2778E8D52878AA
:104D500062B32978C9ED2A7863B32B7864B32C78D1
:104D6000C7ED2D78BEED2E7865B32F7866B3307819
:104D7000E9C5317867B3327868B3337869B334788A
:104D8000C6C635786AB336786BB33778E9C93878F0
:104D9000D2D43978C1ED3A78C2ED3B78C3ED3C7896
:104DA000C5ED3D786CB33E78F9C03F786DB340787F
:104DB000A1B441786EB342786FB3437870B344784E
:104DC00071B34578E8B9467872B34778D0ED487842
:104DD00073B3497874B34A7875B34B7876B34C782B
:104DE000D1ED4D7877B34E78CAED4F7878B35078DF
:104DF000CFED517879B35278F8CE53787AB35478AE
:104E00007BB35578B6CB5678CCED5778CDED587846
:104E10007CB359787DB35A787EB35B7880B35C7885
:104E200081B35D78F5CF5E7882B35F7883B36078C5
:104E300084B3617885B3627886B3637887B3647826
:104E400088B3657889B366788AB367788BB36878F6
:104E50008CB369788DB36A78D2ED6B78F2C16C78D7
:104E6000B2D36D78CBED6E78B7C86F788EB37078AB
:104E70008FB3717890B3727891B3737892B374787A
:104E800093B3757894B3767895B37778EFBC7878E8
:104E900096B3797897B37A7898B37B7899B37C781E
:104EA000F0C57D789AB37E789BB37F789CB3807889
:104EB0009DB381789EB382789FB38378A0B38478C2
:104EC00040B4857841B4867842B48778D6ED887846
:104ED00043B48978EFB58A7844B48B7845B48C783C
:104EE000B5C28D78ADB08E78E9CB8F7846B4907826
:104EF00047B49178AEB1927848B49378D4ED947871
:104F000049B495784AB496784BB49778EBCD9878B5
:104F1000E2B599784CB49A78D5ED9B78D3ED9C782E
:104F2000D7ED9D784DB49E784EB49F78FAB5A078B1
:104F30004FB4A178D8EDA27850B4A378D9EDA47875
:104F400051B4A578DCEDA67852B4A778CCB1A87896
:104F500053B4A97854B4AA7855B4AB7856B4AC78A5
:104F600057B4AD7858B4AE7859B4AF785AB4B07875
:104F7000F6C5B178EEBCB278DAEDB378BCCCB478D3
:104F8000EAB2B5785BB4B6785CB4B7785DB4B8789B
:104F90005EB4B978DBEDBA785FB4BB7860B4BC7846
:104FA00061B4BD7862B4BE78EBC4BF7863B4C07836
:104FB00064B4C178C5B4C27865B4C37866B4C47843
:104FC00067B4C578F5B0C67868B4C77869B4C878EE
:104FD0006AB4C978DFEDCA78DAC0CB78E8B4CC78A7
:104FE0006BB4CD786CB4CE786DB4CF786EB4D07825
:104FF000CDC5D1786FB4D27870B4D37871B4D47889
:10500000DDEDD578C4BFD67872B4D77873B4D878CC
:1050100074B4D978DEEDDA7875B4DB7876B4DC7800
:1050200077B4DD7878B4DE7879B4DF787AB4E07874
:105030007BB4E1787CB4E2787DB4E3787EB4E47844
:1050400080B4E57881B4E67882B4E77883B4E87810
:10505000A5C4E97884B4EA7885B4EB7886B4EC78B2
:10506000E0EDED7887B4EE7888B4EF7889B4F07825
:105070008AB4F1788BB4F278E1EDF3788CB4F478FB
:10508000E3EDF5788DB4F6788EB4F778D7C1F8787B
:105090008FB4F97890B4FA78C7BBFB7891B4FC78F8
:1050A00092B4FD7893B4FE7894B4FF7895B4007907
:1050B00096B40179B8BD027997B4037998B40479AC
:1050C00099B40579E2ED06799AB407799BB4087929
:1050D0009CB409799DB40A799EB40B799FB40C797C
:1050E000A0B40D7940B50E7941B50F7942B510796C
:1050F00043B5117944B5127945B51379E4ED1479C6
:1051000046B5157947B5167948B5177949B518796F
:105110004AB519794BB51A794CB51B794DB51C793F
:105120004EB51D794FB51E79E6ED1F7950B5207942
:1051300051B5217952B5227953B5237954B52479E3
:10514000E5ED257955B5267956B5277957B52879EE
:1051500058B5297959B52A795AB52B795BB52C7987
:105160005CB52D795DB52E795EB52F795FB5307957
:1051700060B5317961B5327962B5337963B5347927
:10518000E7ED357964B5367965B5377966B538793F
:1051900067B5397968B53A79BECA3B79EAEC3C79AA
:1051A000F1C03D7969B53E79E7C93F796AB5407983
:1051B000EBEC4179EEC642796BB543796CB5447935
:1051C0006DB545796EB54679ECEC47796FB54879A0
:1051D000EDC64979EDEC4A7970B54B7971B54C79EA
:1051E00072B54D7973B54E7974B54F7975B55079FF
:1051F00076B5517977B5527978B55379F0EC547921
:1052000079B555797AB55679E6D75779F3EC587967
:105210007BB559797CB55A79F1EC5B79EEEC5C7928
:10522000EFEC5D79A3D75E79F1C95F79EECB607958
:10523000F4EC61797DB56279F2EC63797EB56479DD
:1052400080B56579E9CF667981B56779F6EC6879DB
:10525000B1C6697982B56A7983B56B7984B56C79A1
:1052600085B56D79C0BC6E7986B56F79F5EC7079CE
:1052700087B5717988B5727989B573798AB574798A
:105280008BB575798CB576798DB57779BBB578792D
:10529000F6BB79798EB57A79F7EC7B798FB57C7925
:1052A00090B57D7991B57E7992B57F7993B5807906
:1052B000F7D98179FBBD827994B5837995B58479E5
:1052C000BBC28579F8EC867996B5877997B58879E8
:1052D00098B5897999B58A79F9EC8B799AB58C79F1
:1052E0009BB58D799CB58E799DB58F79A3B8907952
:1052F0009EB591799FB59279A0B5937940B694798E
:1053000041B6957942B6967943B6977944B698797D
:1053100045B6997946B69A79FAEC9B7947B69C7965
:1053200048B69D7949B69E794AB69F794BB6A07921
:105330004CB6A1794DB6A2794EB6A3794FB6A479F1
:1053400050B6A57951B6A67952B6A779FBECA879E3
:1053500053B6A97954B6AA7955B6AB7956B6AC7995
:1053600057B6AD7958B6AE7959B6AF795AB6B07965
:105370005BB6B1795CB6B2795DB6B379FCECB47961
:105380005EB6B5795FB6B67960B6B77961B6B87909
:1053900062B6B979EDD3BA79AED8BB79EBC0BC7936
:1053A00063B6BD79DDC7BE79CCBABF7964B6C079C2
:1053B000E3D0C179BDCBC27965B6C379BACDC47922
:1053C00066B6C57967B6C679D1B8C77968B6C879FF
:1053D00069B6C979FCB1CA796AB6CB79EFC7CC791D
:1053E0006BB6CD79D6D6CE796CB6CF796DB6D0798D
:1053F0006EB6D179C6BFD279EBC3D3796FB6D47903
:1054000070B6D579F5EFD67971B6D77972B6D87905
:10541000D8C3D97973B6DA7974B6DB7975B6DC7925
:1054200076B6DD7977B6DE7978B6DF79E2D7E079DE
:1054300079B6E1797AB6E2797BB6E379F7EFE47988
:10544000D3B3E5797CB6E679D8C7E779EDD1E879C9
:105450007DB6E979C8D6EA797EB6EB79F8EFEC79D2
:1054600080B6ED79F6EFEE7981B6EF79FDBBF07994
:10547000C6B3F17982B6F27983B6F37984B6F4795A
:1054800085B6F57986B6F67987B6F77988B6F8796C
:10549000D5BDF97989B6FA798AB6FB79C6D2FC7995
:1054A0008BB6FD79E0BBFE798CB6FF798DB6007ABC
:1054B000A1CF017A8EB6027AFCEF037AFBEF047A71
:1054C0008FB6057A90B6067AF9EF077A91B6087A20
:1054D00092B6097A93B60A7A94B60B7ACCB30C7A60
:1054E00095B60D7AD4C90E7AB0CB0F7A96B6107AEB
:1054F00097B6117A98B6127A99B6137A9AB6147A40
:10550000FEEF157A9BB6167A9CB6177ADEB0187A3B
:105510009DB6197A9EB61A7AC9D61B7A9FB61C7A9E
:10552000A0B61D7A40B71E7AFDEF1F7A41B7207AE8
:10553000EDB3217A42B7227A43B7237AD5F6247A9B
:1055400044B7257A45B7267A46B7277A47B7287AE7
:1055500048B7297A49B72A7A4AB72B7A4BB72C7AB7
:105560004CB72D7A4DB72E7A4EB72F7A4FB7307A87
:1055700050B7317A51B7327A52B7337AC8CE347ACB
:1055800053B7357A54B7367A55B7377AA2F0387AA6
:1055900056B7397AA1F03A7A57B73B7ABEB53C7A1A
:1055A000DABC3D7AFCBB3E7A58B73F7AE5B8407A20
:1055B00059B7417A5AB7427A5BB7437A5CB7447AB3
:1055C0005DB7457A5EB7467AC2C4477A5FB7487A14
:1055D00060B7497A61B74A7A62B74B7A63B74C7A57
:1055E00064B74D7A65B74E7A66B74F7A67B7507A27
:1055F00068B7517AA3F0527A69B7537A6AB7547A86
:105600006BB7557A6CB7567A6DB7577AEBCB587A39
:105610006EB7597A6FB75A7A70B75B7A71B75C7A9E
:1056200072B75D7A73B75E7A74B75F7A75B7607A6E
:1056300076B7617A77B7627A78B7637A79B7647A3E
:105640007AB7657A7BB7667A7CB7677A7DB7687A0E
:105650007EB7697A80B76A7A81B76B7A82B76C7ADB
:1056600083B76D7A84B76E7A85B76F7A86B7707AAA
:10567000A6F0717A87B7727A88B7737A89B7747A25
:10568000A8D1757A8AB7767ABFBE777AEEC7787A6C
:10569000B6F1797AB7F17A7AD5BF7B7A8BB77C7A13
:1056A0008CB77D7A8DB77E7A8EB77F7AA9B4807AEF
:1056B000B8F1817ABBCD827A8FB7837AD4C7847AE6
:1056C000ADD5857A90B7867AB9F1877A91B7887A1D
:1056D000BAF1897A92B78A7A93B78B7A94B78C7A2F
:1056E00095B78D7ACFC78E7A96B78F7A97B7907A1B
:1056F00098B7917AA4D2927ACFD6937A99B7947ABE
:105700009AB7957ABBF1967AD1BD977AB0B4987A68
:10571000BDBE997A9BB79A7A9CB79B7A9DB79C7AC3
:10572000DCB49D7AD1CE9E7A9EB79F7ADFBFA07AF5
:10573000BDF1A17A9FB7A27AA0B7A37A40B8A47AA4
:1057400041B8A57AFABFA67ABCF1A77A42B8A87A7E
:10575000BFF1A97A43B8AA7A44B8AB7A45B8AC7A13
:10576000BEF1AD7AC0F1AE7A46B8AF7A47B8B07A3A
:1057700048B8B17A49B8B27A4AB8B37AC1F1B47AC2
:105780004BB8B57A4CB8B67A4DB8B77A4EB8B87A45
:105790004FB8B97A50B8BA7A51B8BB7A52B8BC7A15
:1057A00053B8BD7A54B8BE7A55B8BF7AFEC1C07A34
:1057B00056B8C17A57B8C27A58B8C37A59B8C47AB9
:1057C0005AB8C57A5BB8C67A5CB8C77A5DB8C87A89
:1057D0005EB8C97A5FB8CA7A60B8CB7AA2C1CC7A0F
:1057E00061B8CD7A62B8CE7A63B8CF7A64B8D07A2D
:1057F00065B8D17A66B8D27A67B8D37A68B8D47AFD
:1058000069B8D57A6AB8D67AFACAD77A6BB8D87A2C
:105810006CB8D97ABED5DA7A6DB8DB7A6EB8DC7A34
:105820006FB8DD7A70B8DE7ABABEDF7AB9BEE07AD8
:10583000C2D5E17A71B8E27A72B8E37AA2BFE47AAB
:1058400073B8E57AAFCDE67AB5F1E77A74B8E87A5D
:1058500075B8E97A76B8EA7A77B8EB7A78B8EC7AFC
:1058600079B8ED7ADFBDEE7A7AB8EF7ACBB6F07A16
:105870007BB8F17A7CB8F27A7DB8F37A7EB8F47AA4
:1058800080B8F57A81B8F67A82B8F77A83B8F87A70
:1058900084B8F97AF1D6FA7AC3F3FB7A85B8FC7A40
:1058A00086B8FD7AC4F3FE7A87B8FF7ACDB8007B5C
:1058B00088B8017B89B8027B8AB8037BC6F3047B76
:1058C000C7F3057B8BB8067BCAB0077B8CB8087B17
:1058D000C5F3097B8DB80A7BC9F30B7BF1CB0C7B3D
:1058E0008EB80D7B8FB80E7B90B80F7BCBF3107BFF
:1058F00091B8117BA6D0127B92B8137B93B8147B1E
:10590000CAB1157BC8F3167B94B8177B95B8187B82
:1059100096B8197BCFF31A7B97B81B7BD1B51C7B4C
:1059200098B81D7B99B81E7BD7F31F7B9AB8207B54
:10593000D2F3217B9BB8227B9CB8237B9DB8247B30
:10594000D4F3257BD3F3267BFBB7277B9EB8287B3C
:10595000BFB1297B9FB82A7BCEF32B7BCAF32C7B6C
:10596000DAB52D7BA0B82E7BD0F32F7B40B9307BEE
:1059700041B9317BD1F3327B42B9337BD5F3347BF0
:1059800043B9357B44B9367B45B9377B46B9387B5B
:10599000CDF3397B47B93A7BE3BC3B7B48B93C7BD1
:1059A000FDC13D7B49B93E7BD6F33F7B4AB9407B85
:1059B0004BB9417B4CB9427B4DB9437B4EB9447BDB
:1059C0004FB9457BDAF3467B50B9477BCCF3487B34
:1059D00051B9497BC8B54A7B52B94B7BEEBD4C7B74
:1059E000DCF34D7B53B94E7B54B94F7BA4B7507B4E
:1059F000F0BF517BFED6527BB2CD537B55B9547B61
:105A0000F0B4557B56B9567BDFB2577B57B9587BFC
:105A1000D8F3597B58B95A7BD9F35B7BB8C95C7B07
:105A200059B95D7BDDF35E7B5AB95F7B5BB9607B07
:105A3000DEF3617B5CB9627BE1F3637B5DB9647B20
:105A40005EB9657B5FB9667B60B9677B61B9687B6E
:105A500062B9697B63B96A7B64B96B7B65B96C7B3E
:105A600066B96D7B67B96E7BDFF36F7B68B9707B5E
:105A700069B9717BE3F3727BE2F3737B6AB9747B80
:105A80006BB9757BDBF3767B6CB9777BEABF787B90
:105A90006DB9797BEFB37A7B6EB97B7BE0F37C7B6E
:105AA0006FB97D7B70B97E7BA9C77F7B71B9807B25
:105AB000F2BC817B72B9827B73B9837B74B9847BBE
:105AC00075B9857BEBF3867B76B9877B77B9887B65
:105AD00078B9897B79B98A7B7AB98B7B7BB98C7BE6
:105AE0007CB98D7BBFB98E7B7DB98F7B7EB9907B76
:105AF000E4F3917B80B9927B81B9937B82B9947BEB
:105B0000ADB2957BFEBB967B83B9977BE3CB987B4D
:105B100084B9997B85B99A7B86B99B7B87B99C7B35
:105B2000EDF39D7BE9F39E7B88B99F7B89B9A07BD0
:105B30008AB9A17BDCB9A27BEEF3A37B8BB9A47BF2
:105B40008CB9A57B8DB9A67BE5F3A77BE6F3A87B93
:105B5000EAF3A97BE1C2AA7BECF3AB7BEFF3AC7B6E
:105B6000E8F3AD7BFDBCAE7B8EB9AF7B8FB9B07B6C
:105B700090B9B17BE4CFB27B91B9B37B92B9B47BDE
:105B8000F0F3B57B93B9B67B94B9B77B95B9B87B85
:105B9000E7F3B97B96B9BA7B97B9BB7B98B9BC7B65
:105BA00099B9BD7B9AB9BE7B9BB9BF7B9CB9C07BC1
:105BB0009DB9C17BF2F3C27B9EB9C37B9FB9C47B05
:105BC000A0B9C57B40BAC67BADD7C77BAAC6C87B88
:105BD00041BAC97B42BACA7B43BACB7B44BACC7BBD
:105BE000F3F3CD7B45BACE7B46BACF7B47BAD07BA9
:105BF00048BAD17BF1F3D27B49BAD37BA8C2D47B1C
:105C00004ABAD57B4BBAD67B4CBAD77B4DBAD87B38
:105C10004EBAD97BDDB8DA7BF5F3DB7B4FBADC7BA0
:105C200050BADD7BF4F3DE7B51BADF7B52BAE07B06
:105C300053BAE17BDBB4E27B54BAE37B55BAE47B35
:105C400056BAE57BF6F3E67BF7F3E77B57BAE87BDA
:105C500058BAE97B59BAEA7BF8F3EB7B5ABAEC7B8A
:105C60005BBAED7B5CBAEE7BBAC0EF7B5DBAF07BD2
:105C70005EBAF17BE9C0F27B5FBAF37B60BAF47B7A
:105C800061BAF57B62BAF67B63BAF77BF1C5F87B44
:105C900064BAF97B65BAFA7B66BAFB7B67BAFC7BB0
:105CA000FBF3FD7B68BAFE7BFAF3FF7B69BA007CED
:105CB0006ABA017C6BBA027C6CBA037C6DBA047C54
:105CC0006EBA057C6FBA067C70BA077CD8B4087CC3
:105CD00071BA097C72BA0A7C73BA0B7CFEF30C7C35
:105CE000F9F30D7C74BA0E7C75BA0F7CFCF3107C52
:105CF00076BA117C77BA127C78BA137C79BA147CA4
:105D00007ABA157C7BBA167CFDF3177C7CBA187CBA
:105D10007DBA197C7EBA1A7C80BA1B7C81BA1C7C45
:105D200082BA1D7C83BA1E7C84BA1F7CA1F4207CBD
:105D300085BA217C86BA227C87BA237C88BA247CE7
:105D400089BA257C8ABA267CA3F4277CC9BB287C27
:105D50008BBA297C8CBA2A7CA2F42B7C8DBA2C7C41
:105D60008EBA2D7C8FBA2E7C90BA2F7C91BA307C63
:105D700092BA317C93BA327C94BA337C95BA347C33
:105D800096BA357C97BA367C98BA377C99BA387C03
:105D9000A4F4397C9ABA3A7C9BBA3B7C9CBA3C7C92
:105DA0009DBA3D7C9EBA3E7C9FBA3F7CBEB2407C91
:105DB000A6F4417CA5F4427CA0BA437C40BB447C61
:105DC00041BB457C42BB467C43BB477C44BB487CD3
:105DD00045BB497C46BB4A7C47BB4B7C48BB4C7CA3
:105DE00049BB4D7CAEBC4E7C4ABB4F7C4BBB507C10
:105DF0004CBB517C4DBB527C4EBB537C4FBB547C47
:105E000050BB557C51BB567C52BB577C53BB587C16
:105E100054BB597C55BB5A7C56BB5B7C57BB5C7CE6
:105E200058BB5D7C59BB5E7C5ABB5F7C5BBB607CB6
:105E30005CBB617C5DBB627C5EBB637C5FBB647C86
:105E400060BB657C61BB667C62BB677C63BB687C56
:105E500064BB697C65BB6A7C66BB6B7C67BB6C7C26
:105E600068BB6D7C69BB6E7C6ABB6F7C6BBB707CF6
:105E70006CBB717C6DBB727C6EBB737CD7C3747C56
:105E8000E1D9757C6FBB767C70BB777C71BB787C0D
:105E900072BB797C73BB7A7C74BB7B7CE0C07C7CFE
:105EA000CCF47D7CD1D77E7C75BB7F7C76BB807C3F
:105EB00077BB817C78BB827C79BB837C7ABB847C1A
:105EC0007BBB857C7CBB867C7DBB877C7EBB887CEA
:105ED00080BB897CDBB78A7C81BB8B7C82BB8C7C62
:105EE00083BB8D7C84BB8E7C85BB8F7C86BB907C8A
:105EF00087BB917CCEF4927CA3C1937C88BB947CBD
:105F000089BB957CC9C6967C8ABB977CD6B4987CA5
:105F1000B3D5997C8BBB9A7C8CBB9B7C8DBB9C7CCA
:105F2000D0F49D7CCFF49E7CD1F49F7CDACBA07C16
:105F30008EBBA17C8FBBA27CD2F4A37C90BBA47C43
:105F4000C1D4A57CE0D6A67C91BBA77C92BBA87CE3
:105F500093BBA97C94BBAA7CE0B7AB7C95BBAC7C23
:105F600096BBAD7C97BBAE7CB8C1AF7C98BBB07C18
:105F700099BBB17CBBC1B27CD3F4B37CACBEB47C66
:105F80009ABBB57C9BBBB67C9CBBB77C9DBBB87CED
:105F90009EBBB97CE2B4BA7C9FBBBB7CA0BBBC7C83
:105FA000D4F4BD7CD5F4BE7CABBEBF7C40BCC07C11
:105FB00041BCC17CD6F4C27C42BCC37C43BCC47C23
:105FC00044BCC57CDBF4C67C45BCC77CD7F4C87C2C
:105FD000DAF4C97C46BCCA7CFDBACB7C47BCCC7C1D
:105FE000D8F4CD7CD9F4CE7C48BCCF7C49BCD07CE5
:105FF0004ABCD17C4BBCD27C4CBCD37C4DBCD47C49
:106000004EBCD57CE2B8D67CC7CCD77CDCF4D87C3F
:106010004FBCD97CDAB2DA7C50BCDB7C51BCDC7C76
:10602000D3C3DD7C52BCDE7C53BCDF7CE3D4E07C9C
:10603000B7BFE17C54BCE27C55BCE37C56BCE47C3D
:1060400057BCE57C58BCE67C59BCE77C5ABCE87C74
:10605000DDF4E97C5BBCEA7C5CBCEB7C5DBCEC7C8D
:106060005EBCED7C5FBCEE7C60BCEF7CB4C5F07CBC
:1060700061BCF17C62BCF27C63BCF37C64BCF47CEC
:1060800065BCF57C66BCF67C67BCF77C68BCF87CBC
:10609000E9F4F97C69BCFA7C6ABCFB7CB5CFFC7C7A
:1060A0006BBCFD7C6CBCFE7C6DBCFF7C6EBC007D63
:1060B0006FBC017D70BC027D71BC037D72BC047D30
:1060C00073BC057D74BC067D75BC077D76BC087D00
:1060D00077BC097D78BC0A7DC9CE0B7D79BC0C7D6F
:1060E0007ABC0D7D7BBC0E7D7CBC0F7D7DBC107DA4
:1060F0007EBC117D80BC127D81BC137D82BC147D71
:1061000083BC157D84BC167D85BC177D86BC187D3F
:1061100087BC197D88BC1A7D89BC1B7D8ABC1C7D0F
:106120008BBC1D7D8CBC1E7D8DBC1F7D8EBC207DDF
:10613000D8CB217D8FBC227DF7CB237D90BC247DE5
:1061400091BC257D92BC267D93BC277DF4BD287D26
:1061500094BC297D95BC2A7D96BC2B7DCFD72C7D08
:1061600097BC2D7D98BC2E7D99BC2F7DDBC0307DEA
:106170009ABC317D9BBC327D9CBC337D9DBC347D03
:106180009EBC357D9FBC367DA0BC377D40BD387D33
:1061900041BD397D42BD3A7D43BD3B7D44BD3C7D23
:1061A00045BD3D7D46BD3E7D47BD3F7D48BD407DF3
:1061B00049BD417D4ABD427D4BBD437D4CBD447DC3
:1061C0004DBD457D4EBD467D4FBD477D50BD487D93
:1061D00051BD497D52BD4A7D53BD4B7D54BD4C7D63
:1061E00055BD4D7D56BD4E7D57BD4F7D58BD507D33
:1061F00059BD517D5ABD527D5BBD537D5CBD547D03
:106200005DBD557D5EBD567D5FBD577D60BD587DD2
:1062100061BD597D62BD5A7D63BD5B7D64BD5C7DA2
:1062200065BD5D7D66BD5E7D67BD5F7D68BD607D72
:1062300069BD617D6ABD627D6BBD637D6CBD647D42
:106240006DBD657D6EBD667D6FBD677D70BD687D12
:1062500071BD697D72BD6A7D73BD6B7D74BD6C7DE2
:1062600075BD6D7D76BD6E7DF5D06F7D77BD707D22
:1062700078BD717D79BD727D7ABD737D7BBD747D86
:106280007CBD757D7DBD767D7EBD777DEAF4787DB4
:1062900080BD797D81BD7A7D82BD7B7D83BD7C7D26
:1062A00084BD7D7D85BD7E7D86BD7F7D87BD807DF6
:1062B00088BD817D89BD827D8ABD837D8BBD847DC6
:1062C0008CBD857D8DBD867D8EBD877D8FBD887D96
:1062D00090BD897D91BD8A7D92BD8B7D93BD8C7D66
:1062E00094BD8D7D95BD8E7D96BD8F7D97BD907D36
:1062F00098BD917D99BD927D9ABD937D9BBD947D06
:106300009CBD957D9DBD967D9EBD977D9FBD987DD5
:10631000A0BD997D40BE9A7D41BE9B7D42BE9C7DC5
:1063200043BE9D7D44BE9E7D45BE9F7D46BEA07DF5
:1063300047BEA17D48BEA27D49BEA37D4ABEA47DC5
:106340004BBEA57D4CBEA67DEBF4A77D4DBEA87DC2
:106350004EBEA97D4FBEAA7D50BEAB7D51BEAC7D69
:1063600052BEAD7D53BEAE7DECF4AF7D54BEB07D6C
:1063700055BEB17D56BEB27D57BEB37D58BEB47D0D
:1063800059BEB57D5ABEB67D5BBEB77D5CBEB87DDD
:106390005DBEB97D5EBEBA7D5FBEBB7D60BEBC7DAD
:1063A00061BEBD7D62BEBE7D63BEBF7D64BEC07D7D
:1063B00065BEC17D66BEC27D67BEC37D68BEC47D4D
:1063C00069BEC57D6ABEC67D6BBEC77D6CBEC87D1D
:1063D0006DBEC97D6EBECA7D6FBECB7D70BECC7DED
:1063E00071BECD7D72BECE7D73BECF7D74BED07DBD
:1063F00075BED17D76BED27D77BED37D78BED47D8D
:1064000079BED57D7ABED67D7BBED77D7CBED87D5C
:106410007DBED97D7EBEDA7D80BEDB7D81BEDC7D2A
:1064200082BEDD7D83BEDE7D84BEDF7D85BEE07DF8
:1064300086BEE17D87BEE27D88BEE37D89BEE47DC8
:106440008ABEE57D8BBEE67D8CBEE77D8DBEE87D98
:106450008EBEE97D8FBEEA7D90BEEB7D91BEEC7D68
:1064600092BEED7D93BEEE7D94BEEF7D95BEF07D38
:1064700096BEF17D97BEF27D98BEF37D99BEF47D08
:106480009ABEF57D9BBEF67D9CBEF77D9DBEF87DD8
:106490009EBEF97D9FBEFA7DA0BEFB7D40BFFC7D08
:1064A00041BFFD7D42BFFE7D43BFFF7D44BF007EF7
:1064B00045BF017E46BF027E47BF037E48BF047EC4
:1064C00049BF057E4ABF067E4BBF077E4CBF087E94
:1064D0004DBF097E4EBF0A7E4FBF0B7E50BF0C7E64
:1064E00051BF0D7E52BF0E7E53BF0F7E54BF107E34
:1064F00055BF117E56BF127E57BF137E58BF147E04
:1065000059BF157E5ABF167E5BBF177E5CBF187ED3
:106510005DBF197E5EBF1A7E5FBF1B7E60BF1C7EA3
:1065200061BF1D7E62BF1E7E63BF1F7E64BF207E73
:1065300065BF217E66BF227E67BF237E68BF247E43
:1065400069BF257E6ABF267E6BBF277E6CBF287E13
:106550006DBF297E6EBF2A7E6FBF2B7E70BF2C7EE3
:1065600071BF2D7E72BF2E7E73BF2F7E74BF307EB3
:1065700075BF317E76BF327E77BF337E78BF347E83
:1065800079BF357E7ABF367E7BBF377E7CBF387E53
:106590007DBF397E7EBF3A7E80BF3B7EE3F73C7E87
:1065A00081BF3D7E82BF3E7E83BF3F7E84BF407EF3
:1065B00085BF417EB1B7427E86BF437E87BF447EA2
:1065C00088BF457E89BF467E8ABF477EEDF4487E00
:1065D0008BBF497E8CBF4A7E8DBF4B7E8EBF4C7E6B
:1065E0008FBF4D7E90BF4E7E91BF4F7E92BF507E3B
:1065F00093BF517E94BF527E95BF537E96BF547E0B
:1066000097BF557E98BF567E99BF577E9ABF587EDA
:106610009BBF597E9CBF5A7E9DBF5B7E9EBF5C7EAA
:106620009FBF5D7EA0BF5E7E40C05F7E41C0607E3A
:1066300042C0617E43C0627E44C0637E45C0647ECA
:1066400046C0657E47C0667E48C0677E49C0687E9A
:106650004AC0697E4BC06A7E4CC06B7E4DC06C7E6A
:106660004EC06D7E4FC06E7E50C06F7E51C0707E3A
:1066700052C0717E53C0727E54C0737E55C0747E0A
:1066800056C0757E57C0767E58C0777E59C0787EDA
:106690005AC0797E5BC07A7E5CC07B7E5DC07C7EAA
:1066A0005EC07D7E5FC07E7E60C07F7E61C0807E7A
:1066B00062C0817E63C0827EEBD7837E64C0847EAD
:1066C00065C0857E66C0867E67C0877E68C0887E1E
:1066D00069C0897E6AC08A7E6BC08B7E6CC08C7EEE
:1066E0006DC08D7E6EC08E7E6FC08F7E70C0907EBE
:1066F00071C0917E72C0927E73C0937E74C0947E8E
:1067000075C0957E76C0967E77C0977E78C0987E5D
:1067100079C0997E7AC09A7E7BC09B7EEEF49C7E87
:106720007CC09D7E7DC09E7E7EC09F7EF9E6A07E61
:10673000C0BEA17EFAE6A27EECBAA37EFBE6A47EF2
:10674000CBCFA57EFCE6A67EBCD4A77EB6BCA87E39
:10675000FDE6A97EFEE6AA7ECDBCAB7ED2C8AC7EAD
:10676000B3CEAD7EA1E7AE7E80C0AF7EBFB4B07EBB
:10677000A2E7B17EB4C9B27ED9B8B37EC9C4B47E33
:1067800081C0B57EDDD7B67EDAC2B77ED7B7B87E18
:10679000BDD6B97EC6CEBA7EC4B7BB7E82C0BC7E33
:1067A00083C0BD7EA6C5BE7EA3E7BF7EDFCFC07E11
:1067B000A4E7C17EA5E7C27EA6E7C37EB7C1C47EBB
:1067C000E9D7C57EF0C9C67EB8CFC77EAFD6C87E32
:1067D000D5D6C97EA7E7CA7EEDB0CB7EA8E7CC7E32
:1067E000A9E7CD7EDCC9CE7EEFD2CF7EADBED07E16
:1067F000AAE7D17EF3B0D27EDEC8D37EE1BDD47EDF
:10680000ABE7D57EC6C8D67E84C0D77EACE7D87E3F
:10681000E6BBD97EF8B8DA7EA4D1DB7EADE7DC7EBC
:10682000E7C2DD7EF8BEDE7ECABDDF7EB3CDE07E90
:10683000AEE7E17EAFE7E27EEEBEE37EE5D0E47E4A
:1068400085C0E57EE7CBE67ED0CCE77ECCBCE87E9B
:10685000B0E7E97EA8BCEA7EF7D0EB7EB1E7EC7E3C
:1068600086C0ED7EF8D0EE7EB2E7EF7EB3E7F07E35
:10687000C2B4F17EB4E7F27EB5E7F37EFEC9F47EE2
:10688000ACCEF57EE0C3F67EB7E7F77EC1B1F87E09
:10689000F1B3F97E87C0FA7EB8E7FB7EB9E7FC7EEC
:1068A000DBD7FD7EC0D5FE7EBAE7FF7ECCC2007F7F
:1068B000BAD7017FBBE7027FBCE7037FBDE7047F58
:1068C000EABC057FE5C3067FC2C0077FBEE7087F3D
:1068D000BFE7097FA9BC0A7F88C00B7FC0E70C7F98
:1068E000C1E70D7FB6E70E7FD0B60F7FC2E7107FFE
:1068F00089C0117FC3E7127FC4E7137FBABB147F3F
:10690000DEB5157FC6C2167FE0B1177FC5E7187FD9
:10691000B5D4197FC6E71A7FBFB81B7FC8E71C7FB5
:10692000C7E71D7FECB71E7F8AC01F7FC9E7207FA6
:10693000F8B2217FCAE7227FCBE7237FCCE7247F11
:10694000CDE7257FCEE7267FCFE7277FD0E7287FDB
:10695000A7D3297FF5CB2A7FD1E72B7FD2E72C7FE6
:10696000D3E72D7FD4E72E7FC9C92F7FD5E7307FAE
:10697000D6E7317FD7E7327FD8E7337FD9E7347F57
:10698000C9BD357FDAE7367FBEF3377F8BC0387FEE
:10699000D7B8397F8CC03A7FB1C83B7F8DC03C7F70
:1069A0008EC03D7F8FC03E7F90C03F7F91C0407FB3
:1069B00092C0417F93C0427FBFF3437F94C0447F26
:1069C000C0F3457FC1F3467F95C0477F96C0487F9F
:1069D00097C0497F98C04A7F99C04B7F9AC04C7F2F
:1069E0009BC04D7F9CC04E7F9DC04F7F9EC0507FFF
:1069F000DEB9517FF8CD527F9FC0537FA0C0547F36
:106A0000E8D8557FB1BA567F40C1577FDEC2587F64
:106A1000B7EE597F41C15A7FA3B75B7F42C15C7F0C
:106A200043C15D7F44C15E7F45C15F7FB9EE607F3A
:106A300046C1617FB8EE627FD5B0637F47C1647F96
:106A400048C1657F49C1667F4AC1677F4BC1687F86
:106A5000BBEE697FD6D56A7FEFD76B7F4CC16C7F69
:106A60004DC16D7F4EC16E7FC3D66F7F4FC1707FAA
:106A700050C1717FBDEE727FF0CA737F51C1747FC8
:106A8000BCEE757F52C1767F53C1777F54C1787F4A
:106A900055C1797FBEEE7A7F56C17B7F57C17C7F1F
:106AA00058C17D7F59C17E7FC0EE7F7F5AC1807FF4
:106AB0005BC1817FBFEE827F5CC1837F5DC1847FCC
:106AC0005EC1857F5FC1867F60C1877F61C1887F2E
:106AD00062C1897F63C18A7FF2D18B7F64C18C7F61
:106AE000BCC78D7F65C18E7FC0C38F7F66C1907F1D
:106AF00067C1917F68C1927F69C1937F6AC1947FAA
:106B0000E1B8957F6BC1967F6CC1977F6DC1987F0F
:106B10006EC1997F6FC19A7FE7C19B7F70C19C7FD7
:106B200071C19D7FC6F49E7FDFD09F7FC7F4A07F99
:106B300072C1A17FDBCFA27F73C1A37F74C1A47F89
:106B4000BAC8A57F75C1A67F76C1A77FC8F4A87F04
:106B500077C1A97F78C1AA7F79C1AB7F7AC1AC7FA9
:106B60007BC1AD7F7CC1AE7F7DC1AF7FC9F4B07FFB
:106B7000CAF4B17F7EC1B27FCBF4B37F80C1B47F52
:106B800081C1B57F82C1B67F83C1B77F84C1B87F21
:106B9000FAD9B97FFEB8BA7F85C1BB7F86C1BC7FF9
:106BA000F1E5BD7FF0D3BE7F87C1BF7FE0F4C07F3A
:106BB00088C1C17FCCCEC27F89C1C37F8AC1C47F57
:106BC0008BC1C57FE1B3C67F8CC1C77F8DC1C87F34
:106BD0008EC1C97F8FC1CA7FB4F1CB7F90C1CC7FFA
:106BE000EED2CD7F91C1CE7FE1F4CF7F92C1D07F35
:106BF00093C1D17F94C1D27F95C1D37F96C1D47FF9
:106C0000E8CFD57FE2F4D67F97C1D77F98C1D87FF0
:106C1000CCC7D97F99C1DA7F9AC1DB7F9BC1DC7F6A
:106C20009CC1DD7F9DC1DE7F9EC1DF7FD4B5E07F4B
:106C3000E4B4E17FE4F4E27F9FC1E37FA0C1E47F9D
:106C400040C2E57FE3F4E67FE5F4E77F41C2E87FF9
:106C500042C2E97FE6F4EA7F43C2EB7F44C2EC7FA5
:106C600045C2ED7F46C2EE7FE7F4EF7F47C2F07F7B
:106C7000B2BAF17FBFB0F27F48C2F37FE8F4F47F8D
:106C800049C2F57F4AC2F67F4BC2F77F4CC2F87FFC
:106C90004DC2F97F4EC2FA7F4FC2FB7FADB7FC7F7A
:106CA000EDD2FD7F50C2FE7F51C2FF7F52C20080F5
:106CB000ABD20180CFC0028053C20380BCBF04802E
:106CC000A3EB0580DFD50680C8EA078054C20880A0
:106CD00055C2098056C20A8057C20B80F3F10C805E
:106CE000F8B60D80A3CB0E8058C20F8059C2108019
:106CF000CDC411805AC21280E7F113805BC21480A8
:106D0000E8F11580FBB81680E9F11780C4BA188045
:106D1000C5D41980D2B01A805CC21B805DC21C80B1
:106D2000EAF11D805EC21E805FC21F8060C22080AB
:106D3000EBF1218061C22280ECF1238062C22480C9
:106D400063C22580EDF12680EEF12780EFF12880E7
:106D5000F1F12980F0F12A80D5C52B8064C22C8006
:106D600065C22D8066C22E8067C22F8068C23080C7
:106D700069C23180F2F132806AC23380FAB634805F
:106D80006BC23580F4F13680AED23780C7DE3880F2
:106D9000CACB39806CC23A806DC23B80DCB33C8088
:106DA0006EC23D80A2B53E806FC23F80A2B94080D6
:106DB00070C2418071C24280F4C44380F5F14480C6
:106DC00072C2458073C24680F6F1478074C2488023
:106DD00075C2498076C24A80C4C14B80FBC14C80D9
:106DE000B0D64D80F7F14E8077C24F8078C2508088
:106DF00079C251807AC25280F8F153807BC25480AC
:106E0000AAC155807CC256807DC257807EC2588000
:106E1000B8C6598080C25A80DBBE5B8081C25C806C
:106E200082C25D8083C25E8084C25F8085C26080D2
:106E300086C2618087C2628088C2638089C26480A2
:106E40008AC265808BC266808CC267808DC2688072
:106E50008EC26980F9F16A80CFB46B808FC26C807A
:106E600090C26D8091C26E8092C26F8093C270801A
:106E700094C27180FAF1728095C2738096C2748058
:106E800097C2758098C2768099C277809AC27880BE
:106E90009BC279809CC27A809DC27B809EC27C808E
:106EA0009FC27D80A0C27E8040C37F80B2ED808083
:106EB000B1ED818041C3828042C38380E0CB848076
:106EC000DED2858043C38680C1CB8780D8D58880B9
:106ED00044C38980E2C88A8045C38B80DFC08C8030
:106EE000A1BC8D8046C38E8047C38F8048C39080ED
:106EF00049C391804AC392804BC39380C1EB948075
:106F00004CC395804DC39680A4D097804EC3988083
:106F1000E2D699804FC39A80C7B69B80D8B89C8030
:106F2000C0EB9D80CEB89E8050C39F80BFEBA080F9
:106F3000A6B3A180C9B9A280ABD6A38051C3A48057
:106F4000F4B7A580CAB7A68052C3A78053C3A88050
:106F500054C3A980E7BCAA80BEB7AB80C6EBAC80A7
:106F600055C3AD80C7EBAE80B9B0AF80CFBFB080A6
:106F700056C3B180C5EBB280FDD3B38057C3B48094
:106F8000C8EBB58058C3B68059C3B780C9EBB88089
:106F90005AC3B9805BC3BA80CEB7BB805CC3BC8028
:106FA000C2EBBD80C4EBBE80F6C9BF80D7D6C0801F
:106FB000CDD5C180B2D0C280CFEBC380B8CEC48063
:106FC000D0EBC5805DC3C680A8B5C7805EC3C8804E
:106FD0005FC3C98060C3CA8061C3CB8062C3CC80F9
:106FE000B3B1CD80D2EBCE80A5CCCF8063C3D080AF
:106FF00064C3D18065C3D28066C3D38067C3D480A5
:1070000068C3D58069C3D680D6C5D780D3EBD88076
:107010006AC3D980D1EBDA80DFC5DB80CEEBDC80C0
:10702000A4CADD80D5EBDE80FBB0DF806BC3E080DF
:107030006CC3E180FABAE2806DC3E3806EC3E48082
:10704000B7D8E580E3F1E6806FC3E780CAEBE8805C
:10705000CBEBE980CCEBEA80CDEBEB80D6EBEC80A0
:10706000C0E6ED80D9EBEE8070C3EF80E8BFF08022
:10707000C8D2F180D7EBF280DCEBF380ECB8F4807F
:10708000D8EBF58071C3F680BABDF78072C3F88083
:10709000D8D0F98073C3FA80B7B0FB8074C3FC808A
:1070A000DDEBFD80DCC4FE8075C3FF8076C300810C
:1070B00077C3018178C30281ACD6038179C304818F
:1070C0007AC305817BC30681E0B407817CC3088154
:1070D0007DC30981F6C20A81B9BC0B817EC30C81D4
:1070E00080C30D81DAEB0E81DBEB0F81E0D41081E0
:1070F000EAC61181D4C41281DFEB1381A7C51481C4
:10710000F5D9158181C31681B1B2178182C3188167
:10711000E4EB198183C31A81C5BD1B8184C31C8123
:1071200085C31D8186C31E81E2EB1F8187C3208139
:1071300088C3218189C322818AC323818BC324818F
:107140008CC325818DC326818EC327818FC328815F
:1071500090C3298191C32A8192C32B8193C32C812F
:10716000E3EB2D8194C32E8195C32F81ACB8308180
:1071700096C33181D1CD3281E5EB338197C3348120
:1071800098C3358199C33681E1EB37819AC3388141
:10719000B3C139819BC33A819CC33B819DC33C8170
:1071A0009EC33D819FC33E81A2C63F81A0C3408153
:1071B00040C4418141C4428142C4438143C44481AB
:1071C00044C4458145C44681F3CC478146C44881C7
:1071D000E6EB498147C44A81B0C04B81B8D24C81AB
:1071E000E7EB4D8148C44E8149C44F814AC4508168
:1071F000AFB85181ADB852814BC45381E8EB548193
:10720000BBC75581F3CD56814CC457814DC45881BD
:107210004EC45981EAEB5A81EBEB5B814FC45C8130
:1072200050C45D8151C45E8152C45F8153C460818A
:10723000EDEB618154C4628155C4638156C464819D
:1072400057C46581C8D0668158C46781F2EB6881F4
:1072500059C46981EEEB6A815AC46B815BC46C814D
:107260005CC46D81F1EB6E81F9C86F815DC4708182
:10727000FCD17181ECEB72815EC473815FC4748157
:10728000E9EB758160C4768161C4778162C47881DD
:1072900063C47981B9B87A81D9CF7B81E5C47C8117
:1072A000EFEB7D81F0EB7E81DACC7F81C8CD8081F0
:1072B000F2B0818164C48281F6EB838165C48481EC
:1072C00066C4858167C4868168C4878169C48881F2
:1072D000F5EB89816AC48A81B2B28B816BC48C81DF
:1072E0006CC48D816DC48E816EC48F81E0B8908135
:1072F0006FC49181F7EB928170C4938171C49481C2
:1073000072C4958173C4968174C4978175C4988141
:10731000ECB1998176C49A8177C49B81C5CC9C815C
:10732000A4C49D81A5CF9E8178C49F8179C4A0818A
:107330007AC4A1817BC4A2817CC4A381F9EBA4811E
:107340007DC4A5817EC4A681A2ECA78180C4A8814A
:10735000F2C5A98181C4AA81FAEBAB8182C4AC8158
:1073600083C4AD8184C4AE8185C4AF8186C4B0813D
:1073700087C4B18188C4B28189C4B381C5C9B481CD
:107380008AC4B5818BC4B6818CC4B7818DC4B881E1
:107390008EC4B9818FC4BA81DFE2BB81FEEBBC81B0
:1073A00090C4BD8191C4BE8192C4BF8193C4C08189
:1073B000CECDC181A1ECC281DBB1C381B7D3C48181
:1073C00094C4C58195C4C681DCD2C78196C4C881E6
:1073D00097C4C98198C4CA81FDEBCB8199C4CC8183
:1073E000FBEBCD819AC4CE819BC4CF819CC4D0815C
:1073F0009DC4D1819EC4D2819FC4D381A0C4D481B5
:1074000040C5D58141C5D68142C5D78143C5D88104
:1074100044C5D98145C5DA8146C5DB8147C5DC81D4
:1074200048C5DD8149C5DE814AC5DF814BC5E081A4
:107430004CC5E1814DC5E2814EC5E381BCB3E48119
:107440004FC5E58150C5E68151C5E781B0EAE881C5
:1074500052C5E98153C5EA81D4D7EB8154C5EC818B
:10746000ABF4ED81F4B3EE8155C5EF8156C5F081E3
:1074700057C5F18158C5F28159C5F381C1D6F48150
:10748000C2D6F5815AC5F6815BC5F7815CC5F88126
:107490005DC5F9815EC5FA815FC5FB81E9D5FC81D7
:1074A000CABEFD8160C5FE81A7F4FF8161C500826F
:1074B000A8D20182A8F40282A9F4038262C50482E0
:1074C000AAF40582CBBE0682DFD3078263C5088299
:1074D00064C5098265C50A8266C50B8267C50C82D0
:1074E000E0C90D82E1C90E8268C50F8269C51082AC
:1074F000C2F311826AC51282E6CA13826BC5148276
:10750000F2CC15826CC516826DC517826EC51882C5
:107510006FC5198270C51A8271C51B82B6E21C82C2
:10752000B4CB1D8272C51E82E8CE1F82DBD62082BC
:1075300073C52182ADF42282AEF42382AFF424829B
:1075400074C5258275C5268276C5278277C52882AF
:10755000B2F4298278C52A82BDBA2B82B3F42C8278
:10756000E3B02D82B0F42E8279C52F82B1F430823F
:10757000A2BD3182D5B232827AC53382B6F434826A
:10758000B7F43582E6B63682B0B23782CFCF3882D2
:10759000B4F43982ACB43A827BC53B82B5F43C8208
:1075A0007CC53D827DC53E82B8F43F827EC5408267
:1075B00080C5418281C5428282C5438283C544829F
:1075C000B9F4458284C5468285C54782A7CD4882E5
:1075D00086C54982BAF44A8287C54B82BBF44C8285
:1075E00088C54D8289C54E828AC54F82BCF45082BF
:1075F0008BC551828CC552828DC553828EC55482F3
:107600008FC5558290C5568291C5578292C55882C2
:10761000D2CB598293C55A82BDF45B8294C55C82F9
:1076200095C55D8296C55E8297C55F82BEF4608215
:1076300098C5618299C562829AC563829BC564823E
:107640009CC565829DC566829EC567829FC568820E
:10765000BFF46982A0C56A8240C66B8241C66C8253
:1076600042C66D8243C66E82DEF46F82BCC17082F8
:10767000E8BC718244C67282ABC97382DED1748267
:10768000F5E5758245C6768246C6778247C678821A
:1076900048C67982B3DC7A82D5D27B8249C67C82A5
:1076A0004AC67D82B4DC7E82ACB07F82B5DC80824B
:1076B0004BC681824CC68282DABD83824DC68482EB
:1076C000B9DC85824EC686824FC6878250C68882C4
:1076D000C2D8898251C68A82B7DC8B82F3D38C826E
:1076E00052C68D82D6C98E82BADC8F82B6DC908279
:1076F00053C69182BBDC9282A2C3938254C6948209
:1077000055C6958256C6968257C69782BCDC98822B
:10771000C5DC9982BDDC9A8258C69B8259C69C8280
:10772000DFCE9D82A5D69E825AC69F82CFDCA082E4
:107730005BC6A182CDDCA2825CC6A3825DC6A482A8
:10774000D2DCA582E6BDA682ABC2A7825EC6A882B5
:10775000B8DCA982CBDCAA82CEDCAB82BEDCAC82F8
:10776000D2B7AD82C5B0AE82C7DCAF82BED0B08228
:10777000C1DCB182A8BBB2825FC6B382BCB7B4829F
:10778000CCDCB58260C6B68261C6B782C6DCB88280
:10779000BFDCB982DBC7BA8262C6BB8263C6BC8269
:1077A00064C6BD82BFD1BE82C0DCBF8265C6C08256
:1077B00066C6C182CADCC28267C6C38268C6C4828A
:1077C000D0DCC58269C6C6826AC6C782ADCEC88211
:1077D000C2DCC9826BC6CA82C3DCCB82C8DCCC8265
:1077E000C9DCCD82D4B2CE82D1DCCF82D5CBD082DF
:1077F0006CC6D182B7D4D282DBDCD382DFDCD48208
:10780000A6CCD582E6DCD6826DC6D782E7C3D88205
:10781000DCDCD9826EC6DA826FC6DB82C1BFDC8255
:10782000D9DCDD8270C6DE82FAB0DF82B6B9E082D2
:10783000E5DCE182D3DCE28271C6E382C4DCE4826F
:10784000D6DCE582F4C8E682E0BFE78272C6E88251
:1078500073C6E98274C6EA8275C6EB82BBC9EC8244
:1078600076C6ED8277C6EE8278C6EF82BDB1F08231
:1078700079C6F182A2D3F2827AC6F3827BC6F48201
:10788000DADCF5827CC6F6827DC6F782D5DCF8822A
:107890007EC6F982BBC6FA8280C6FB82DEDCFC8231
:1078A00081C6FD8282C6FE8283C6FF8284C60083B3
:1078B00085C60183C2D70283AFC30383B6B70483EF
:1078C000D1C70583A9C30683E2DC0783D8DC08831C
:1078D000EBDC0983D4DC0A8386C60B8387C60C8362
:1078E000DDDC0D8388C60E83A5BE0F83D7DC108335
:1078F00089C61183E0DC12838AC613838BC6148386
:10790000E3DC1583E4DC16838CC61783F8DC18836C
:107910008DC619838EC61A83E1DC1B83A2DD1C830E
:10792000E7DC1D838FC61E8390C61F8391C620830C
:1079300092C6218393C6228394C6238395C624834B
:1079400096C6258397C6268398C62783EBBC2883D3
:10795000C4B4298399C62A839AC62B83A3C32C83D4
:10796000E7B22D83FADC2E839BC62F83F2DC3083B3
:107970009CC63183EFDC32839DC63383FCDC3483C9
:10798000EEDC3583F0D23683E8B237839EC6388387
:10799000D7C83983E3C83A83FBDC3B839FC63C836B
:1079A000EDDC3D83A0C63E8340C73F8341C7408393
:1079B000F7DC418342C7428343C74383F5DC4483FA
:1079C00044C7458345C74683A3BE4783F4DC488349
:1079D00046C74983DDB24A8347C74B8348C74C83B8
:1079E00049C74D834AC74E834BC74F83F3DC50834F
:1079F000F6BC5183E8DC5283C4BB53834CC7548329
:107A0000F3C055834DC756834EC757834FC758831E
:107A100050C7598351C75A83D4BC5B83E9DC5C836C
:107A2000EADC5D8352C75E83F1DC5F83F6DC608352
:107A3000F9DC6183B4B5628353C76383D9C86483B7
:107A4000E7BB6583FEDC6683FDDC6783ABD36883BD
:107A5000A1DD6983A3DD6A83A5DD6B83F1D26C832D
:107A6000A4DD6D83A6DD6E83A7DD6F83A9D270834D
:107A700054C7718355C7728356C7738357C77483BE
:107A800058C7758359C776835AC77783C9BA78832D
:107A9000A9DD79835BC77A835CC77B83B6DD7C8392
:107AA000B1DD7D83B4DD7E835DC77F835EC7808368
:107AB0005FC7818360C7828361C7838362C7848312
:107AC00063C78583B0DD8683CEC6878364C788831A
:107AD00065C78983F2C08A8366C78B8367C78C8337
:107AE00068C78D8369C78E83AFC98F836AC7908348
:107AF0006BC791836CC79283ECDC9383AEDD948378
:107B00006DC795836EC796836FC7978370C7988339
:107B1000B7DD998371C79A8372C79B83F0DC9C831E
:107B2000AFDD9D8373C79E83B8DD9F8374C7A08339
:107B3000ACDDA18375C7A28376C7A38377C7A4836F
:107B400078C7A58379C7A6837AC7A7837BC7A8838D
:107B5000B9DDA983B3DDAA83ADDDAB83AAC4AC8351
:107B60007CC7AD837DC7AE837EC7AF8380C7B0833C
:107B7000A8DDB183B3C0B283ABC1B383AADDB48344
:107B8000ABDDB58381C7B683B2DDB783F1BBB88304
:107B9000B5DDB983A8D3BA83BADDBB8382C7BC8302
:107BA000BBDDBD83A7C3BE8383C7BF8384C7C08338
:107BB000D2DDC183BCDDC28385C7C38386C7C483CE
:107BC00087C7C583D1DDC68388C7C783BDB9C883CE
:107BD00089C7C9838AC7CA83D5BECB838BC7CC83E9
:107BE000FABECD838CC7CE838DC7CF83CABAD0836C
:107BF0008EC7D1838FC7D28390C7D38391C7D483D5
:107C0000CADDD58392C7D683C5DDD78393C7D88312
:107C1000BFDDD98394C7DA8395C7DB8396C7DC833E
:107C2000CBB2DD83C3DDDE8397C7DF83CBDDE083AB
:107C3000A4B2E183D5DDE28398C7E38399C7E483E7
:107C40009AC7E583BEDDE6839BC7E7839CC7E883CD
:107C50009DC7E983D0C6EA83D0DDEB839EC7EC8362
:107C60009FC7ED83A0C7EE8340C8EF8341C8F08370
:107C7000D4DDF183E2C1F283C6B7F38342C8F48353
:107C800043C8F58344C8F68345C8F78346C8F883DC
:107C9000CEDDF983CFDDFA8347C8FB8348C8FC8378
:107CA00049C8FD83C4DDFE834AC8FF834BC80084F6
:107CB0004CC80184BDDD02844DC80384CDDD04843D
:107CC000D1CC05844EC80684C9DD07844FC808841A
:107CD00050C8098451C80A8452C80B84C2DD0C8480
:107CE000C8C30D84BCC60E84AECE0F84CCDD108418
:107CF00053C81184C8DD128454C8138455C8148431
:107D000056C8158457C8168458C8178459C818848B
:107D1000C1DD19845AC81A845BC81B845CC81C84E2
:107D2000C6DD1D84DCC21E845DC81F845EC820843D
:107D30005FC8218460C8228461C8238462C8248407
:107D4000A9D32584AAD32684D3DD2784F4CF28841D
:107D5000F8C8298463C82A8464C82B8465C82C8425
:107D600066C82D8467C82E8468C82F8469C830848B
:107D70006AC83184E6DD32846BC833846CC83484CD
:107D80006DC835846EC836846FC8378470C838842F
:107D9000C7DD398471C83A8472C83B8473C83C8497
:107DA000E0DD3D84E4C23E8474C83F8475C84084ED
:107DB00076C8418477C8428478C8438479C84484AB
:107DC0007AC845847BC84684E1DD47847CC8488402
:107DD0007DC849847EC84A8480C84B8481C84C844D
:107DE00082C84D8483C84E8484C84F8485C850841B
:107DF00086C85184D7DD528487C8538488C8548488
:107E000089C855848AC856848BC85784F8D6588444
:107E10008CC85984D9DD5A84D8DD5B84F0B85C8481
:107E2000D6DD5D848DC85E848EC85F848FC8608413
:107E300090C86184CFC6628491C86384ADB66484FF
:107E400092C8658493C8668494C8678495C868841A
:107E500096C86984E2DD6A8497C86B84F9BA6C8439
:107E6000E1D46D84E7DD6E8498C86F8499C870840E
:107E70009AC87184D0B472849BC87384DADD748428
:107E80009CC87584FBBF7684E3DD77849DC87884C5
:107E9000DFDD79849EC87A84DDDD7B849FC87C84A5
:107EA000A0C87D8440C97E8441C97F8442C9808442
:107EB00043C9818444C98284D9B5838445C98484F3
:107EC00046C9858447C9868448C98784DBDD8884A0
:107ED000DCDD8984DEDD8A8449C98B84AFBD8C8476
:107EE000E4DD8D844AC98E84E5DD8F844BC990849E
:107EF0004CC991844DC992844EC993844FC99484CE
:107F000050C9958451C9968452C99784F5DD9884E7
:107F100053C99984C9C39A8454C99B8455C99C8404
:107F2000E2CB9D8456C99E8457C99F8458C9A084BA
:107F300059C9A184F2DDA2845AC9A3845BC9A4846F
:107F40005CC9A5845DC9A6845EC9A7845FC9A884ED
:107F500060C9A98461C9AA8462C9AB8463C9AC84BD
:107F600064C9AD8465C9AE8466C9AF84E1D8B08404
:107F700067C9B18468C9B284D1C6B38469C9B484FD
:107F8000F4DDB5846AC9B6846BC9B7846CC9B8849A
:107F9000F4D5B984F3DDBA84F0DDBB846DC9BC844B
:107FA0006EC9BD84ECDDBE846FC9BF84EFDDC084C3
:107FB00070C9C184E8DDC28471C9C38472C9C48434
:107FC000EED0C58473C9C68474C9C78475C9C88412
:107FD00076C9C984D8C8CA84EEDDCB8477C9CC847D
:107FE00078C9CD84E9DDCE8479C9CF847AC9D084BB
:107FF000EADDD184F2CBD2847BC9D384EDDDD48495
:108000007CC9D5847DC9D684CDB1D7847EC9D884B6
:1080100080C9D98481C9DA8482C9DB8483C9DC84BC
:1080200084C9DD84B6C0DE8485C9DF84BBBCE0843E
:10803000F1DDE18486C9E28487C9E384F7DDE48465
:1080400088C9E584F6DDE684EBDDE78489C9E88448
:108050008AC9E9848BC9EA848CC9EB848DC9EC8414
:10806000EEC5ED848EC9EE848FC9EF8490C9F0848B
:10807000FBDDF18491C9F28492C9F38493C9F4843D
:1080800094C9F58495C9F68496C9F78497C9F8848C
:1080900098C9F98499C9FA849AC9FB849BC9FC845C
:1080A000A4DEFD849CC9FE849DC9FF84A3DE0085F7
:1080B0009EC901859FC90285A0C9038540CA048560
:1080C00041CA058542CA068543CA078544CA088550
:1080D00045CA098546CA0A8547CA0B8548CA0C8520
:1080E000F8DD0D8549CA0E854ACA0F854BCA108531
:1080F0004CCA1185EFC312854DCA1385FBC2148586
:108100004ECA15854FCA168550CA1785E1D5188500
:1081100051CA198552CA1A85B5CE1B8553CA1C850A
:1081200054CA1D8555CA1E8556CA1F85FDDD20858A
:1081300057CA2185CCB2228558CA238559CA2485BD
:108140005ACA25855BCA26855CCA27855DCA2885EB
:108150005ECA29855FCA2A8560CA2B85E8C42C853A
:10816000DFCA2D8561CA2E8562CA2F8563CA308514
:1081700064CA318565CA328566CA338567CA348563
:1081800068CA358569CA36856ACA3785BEC73885E3
:10819000FADD3985FCDD3A85FEDD3B85A2DE3C85D6
:1081A000AAB03D85CEB13E856BCA3F856CCA40857D
:1081B0006DCA41856ECA42856FCA4385ACDE44856F
:1081C00070CA458571CA468572CA478573CA488593
:1081D000A6DE4985B6BD4A85EFC84B8574CA4C8575
:1081E00075CA4D8576CA4E8577CA4F8578CA50853F
:1081F00079CA51857ACA52857BCA53857CCA54850F
:108200007DCA55857ECA5685A1DE578580CA5885A8
:1082100081CA5985A5DE5A8582CA5B8583CA5C8579
:1082200084CA5D8585CA5E85A9DE5F8586CA60854C
:1082300087CA618588CA628589CA63858ACA648556
:10824000A8DE65858BCA66858CCA67858DCA6885F8
:10825000A7DE69858ECA6A858FCA6B8590CA6C85D0
:1082600091CA6D8592CA6E8593CA6F8594CA7085CE
:1082700095CA718596CA7285ADDE738597CA748575
:10828000CCD4758598CA768599CA77859ACA788537
:108290009BCA7985B3DE7A85AADE7B85AEDE7C85D6
:1082A0009CCA7D859DCA7E85D9C07F859ECA8085F2
:1082B0009FCA8185A0CA828540CB838541CB8485B6
:1082C000A1B18585B6DE868542CB8785B1DE8885FE
:1082D00043CB898544CB8A8545CB8B8546CB8C8522
:1082E00047CB8D8548CB8E8549CB8F85B2DE908577
:1082F0004ACB91854BCB92854CCB93854DCB9485C6
:108300004ECB95854FCB968550CB978551CB988595
:1083100052CB998553CB9A8554CB9B85A6D19C850E
:10832000B5DE9D8555CB9E8556CB9F8557CBA085C9
:1083300058CBA18559CBA2855ACBA3855BCBA4850D
:10834000AFDEA5855CCBA6855DCBA7855ECBA8857A
:10835000B0DEA9855FCBAA85BDD0AB8560CBAC85EF
:1083600061CBAD8562CBAE85B4DEAF85EDCAB0859D
:10837000B9DEB18563CBB28564CBB38565CBB485FB
:1083800066CBB58567CBB68568CBB785B8DEB885D3
:1083900069CBB985B7DEBA856ACBBB856BCBBC85AB
:1083A0006CCBBD856DCBBE856ECBBF856FCBC085DD
:1083B00070CBC185BBDEC28571CBC38572CBC48552
:1083C00073CBC58574CBC68575CBC78576CBC88581
:1083D00077CBC985E5BDCA8578CBCB8579CBCC85F4
:1083E0007ACBCD857BCBCE857CCBCF85D8B2D085E3
:1083F000EAC3D1857DCBD2857ECBD385BADED48549
:1084000080CBD585BAC5D68581CBD78582CBD8859B
:1084100083CBD98584CBDA8585CBDB8586CBDC85A0
:10842000BCDEDD8587CBDE8588CBDF8589CBE0852B
:108430008ACBE1858BCBE2858CCBE3858DCBE48544
:10844000D9CCE5858ECBE6858FCBE78590CBE885CB
:1084500091CBE985AAB7EA8592CBEB8593CBEC85E6
:1084600094CBED8595CBEE8596CBEF8597CBF085BC
:1084700098CBF18599CBF2859ACBF3859BCBF4858C
:108480009CCBF5859DCBF6859ECBF7859FCBF8855C
:10849000A0CBF98540CCFA8541CCFB85E5D4FC85A1
:1084A00042CCFD8543CCFE8544CCFF85BDDE0086F5
:1084B00045CC018646CC028647CC038648CC048650
:1084C00049CC0586BFDE06864ACC07864BCC08869B
:1084D0004CCC09864DCC0A864ECC0B864FCC0C86F4
:1084E00050CC0D8651CC0E8652CC0F8653CC1086C4
:1084F00054CC1186A2C4128655CC138656CC148651
:1085000057CC158658CC1686C1DE178659CC1886EE
:108510005ACC19865BCC1A865CCC1B865DCC1C863B
:108520005ECC1D865FCC1E8660CC1F8661CC20860B
:1085300062CC218663CC228664CC238665CC2486DB
:1085400066CC258667CC268668CC2786BEDE288644
:1085500069CC2986C0DE2A866ACC2B866BCC2C8619
:108560006CCC2D866DCC2E866ECC2F866FCC308653
:1085700070CC318671CC328672CC338673CC348623
:1085800074CC358675CC368676CC378677CC3886F3
:10859000BAD5398678CC3A8679CC3B867ACC3C867B
:1085A000C2DE3D867BCC3E867CCC3F867DCC408641
:1085B0007ECC418680CC428681CC438682CC448668
:1085C00083CC458684CC468685CC478686CC488637
:1085D00087CC498688CC4A8689CC4B868ACC4C8607
:1085E0008BCC4D86AEF24E86A2BB4F86B2C2508671
:1085F000B0C55186C7C252868CCC53868DCC54866A
:10860000AFF255868ECC56868FCC578690CC588646
:1086100091CC598692CC5A86E9D05B8693CC5C8605
:1086200094CC5D8695CC5E86DDD35F8696CC6086E5
:1086300097CC618698CC6286BDEB638699CC6486C4
:108640009ACC65869BCC66869CCC67869DCC6886DA
:108650009ECC69869FCC6A86A0CC6B86E6B36C867E
:10866000B0F26D8640CD6E86B1F26F8641CD7086D8
:1086700042CD7186ADCA728643CD738644CD748671
:1086800045CD758646CD768647CD778648CD7886AA
:1086900049CD7986E7BA7A86B3F27B86B5F27C86D5
:1086A000B4F27D86E4CB7E86BACF7F86B2F2808636
:1086B000B4CA8186CFD28286ECC283864ACD8486B4
:1086C0004BCD85864CCD86864DCD87864ECD888612
:1086D0004FCD898650CD8A86C3CE8B86B8F28C86E4
:1086E000F6B08D86B7F28E8651CD8F8652CD9086AC
:1086F00053CD918654CD928655CD9386BEF2948605
:1087000056CD9586CFB2968657CD978658CD98860A
:1087100059CD99865ACD9A865BCD9B865CCD9C8639
:10872000C1D19D86BAF29E865DCD9F865ECDA08624
:108730005FCDA18660CDA28661CDA386BCF2A48662
:10874000E9D4A58662CDA68663CDA786BBF2A886AE
:10875000B6F2A986BFF2AA86BDF2AB8664CDAC861E
:10876000B9F2AD8665CDAE8666CDAF86C7F2B0866E
:10877000C4F2B186C6F2B28667CDB38668CDB48640
:10878000CAF2B586C2F2B686C0F2B78669CDB8869F
:108790006ACDB9866BCDBA86C5F2BB866CCDBC8678
:1087A0006DCDBD866ECDBE866FCDBF8670CDC086C9
:1087B000FBD6C18671CDC28672CDC38673CDC48609
:1087C000C1F2C58674CDC686F9C7C786DFC9C8861B
:1087D00075CDC986C8F2CA86C6B9CB86B0B5CC8677
:1087E00076CDCD8677CDCE86C3F2CF86C9F2D08640
:1087F000D0F2D186D6F2D28678CDD38679CDD48602
:10880000D7BBD5867ACDD6867BCDD7867CCDD8868C
:10881000D5F2D986DCCDDA867DCDDB86EBD6DC865B
:108820007ECDDD8680CDDE86D2F2DF86D4F2E08694
:1088300081CDE18682CDE28683CDE38684CDE48658
:10884000F2B8E58685CDE68686CDE78687CDE886D3
:1088500088CDE986CBF2EA8689CDEB868ACDEC8697
:108860008BCDED86CEF2EE86F9C2EF868CCDF0860A
:10887000DDD5F186CCF2F286CDF2F386CFF2F48626
:10888000D3F2F5868DCDF6868ECDF7868FCDF88620
:10889000D9F2F986BCD3FA8690CDFB8691CDFC86C1
:1088A00092CDFD8693CDFE86EAB6FF8694CD0087F5
:1088B000F1CA018795CD0287E4B70387D7F2048711
:1088C00096CD058797CD068798CD0787D8F208877C
:1088D000DAF20987DDF20A87DBF20B8799CD0C8784
:1088E0009ACD0D87DCF20E879BCD0F879CCD10872C
:1088F0009DCD11879ECD1287D1D11387D1F21487D8
:108900009FCD1587C9CD1687A0CD1787CFCE1887E5
:10891000A9D6198740CE1A87E3F21B8741CE1C8760
:10892000DBC31D8742CE1E87E0F21F8743CE208720
:1089300044CE2187AFC02287ECF22387DEF2248762
:1089400045CE2587E1F2268746CE278747CE288762
:1089500048CE2987E8F22A8749CE2B874ACE2C8732
:108960004BCE2D874CCE2E87E2F22F874DCE30870F
:108970004ECE3187E7F232874FCE338750CE3487E1
:10898000E6F2358751CE368752CE3787E9F23887FF
:1089900053CE398754CE3A8755CE3B87DFF23C879A
:1089A00056CE3D8757CE3E87E4F23F87EAF24087B6
:1089B00058CE418759CE42875ACE43875BCE4487F3
:1089C0005CCE45875DCE46875ECE4787ACD3488771
:1089D000E5F24987F5B24A875FCE4B8760CE4C8778
:1089E000F2F24D8761CE4E87ABD04F8762CE508773
:1089F00063CE518764CE528765CE5387F5F2548794
:108A000066CE558767CE568768CE5787C8BB5887CE
:108A100069CE5987F9F25A876ACE5B876BCE5C873D
:108A20006CCE5D876DCE5E876ECE5F876FCE6087C2
:108A3000F0F2618770CE628771CE6387F6F2648749
:108A4000F8F26587FAF2668772CE678773CE688719
:108A500074CE698775CE6A8776CE6B8777CE6C8742
:108A600078CE6D8779CE6E87F3F26F877ACE708776
:108A7000F1F271877BCE72877CCE73877DCE74874F
:108A8000FBBA75877ECE7687FBB5778780CE7887F1
:108A900081CE798782CE7A8783CE7B87EFF27C87FF
:108AA000F7F27D87EDF27E87EEF27F8784CE8087B6
:108AB00085CE818786CE8287EBF28387A6F3848773
:108AC00087CE8587A3F3868788CE878789CE8887D8
:108AD000A2F389878ACE8A878BCE8B87F4F28C8724
:108AE0008CCE8D87DAC88E878DCE8F878ECE90877D
:108AF0008FCE918790CE928791CE9387FBF2948709
:108B000092CE958793CE968794CE9787A5F3988734
:108B100095CE998796CE9A8797CE9B8798CE9C873D
:108B200099CE9D879ACE9E879BCE9F87F8C3A087BC
:108B30009CCEA1879DCEA2879ECEA3879FCEA487E1
:108B4000A0CEA58740CFA68741CFA78742CFA887D1
:108B5000FDF2A98743CFAA8744CFAB87A7F3AC87A1
:108B6000A9F3AD87A4F3AE8745CFAF87FCF2B087FA
:108B700046CFB18747CFB28748CFB387ABF3B4872F
:108B800049CFB587AAF3B6874ACFB7874BCFB88707
:108B90004CCFB9874DCFBA87DDC2BB874ECFBC87DC
:108BA0004FCFBD87AEF3BE8750CFBF8751CFC087B1
:108BB000B0F3C18752CFC28753CFC38754CFC48786
:108BC00055CFC58756CFC687A1F3C78757CFC8876C
:108BD00058CFC98759CFCA87B1F3CB87ACF3CC87BD
:108BE0005ACFCD875BCFCE875CCFCF875DCFD08785
:108BF0005ECFD187AFF3D287FEF2D387ADF3D487B0
:108C00005FCFD58760CFD68761CFD78762CFD88730
:108C100063CFD98764CFDA8765CFDB87B2F3DC8790
:108C200066CFDD8767CFDE8768CFDF8769CFE087D4
:108C3000B4F3E1876ACFE2876BCFE3876CCFE48739
:108C40006DCFE587A8F3E6876ECFE7876FCFE8871C
:108C500070CFE98771CFEA87B3F3EB8772CFEC87E8
:108C600073CFED8774CFEE87B5F3EF8775CFF087BD
:108C700076CFF18777CFF28778CFF38779CFF487F4
:108C80007ACFF5877BCFF6877CCFF7877DCFF887C4
:108C90007ECFF987B7D0FA8780CFFB8781CFFC875B
:108CA00082CFFD8783CFFE87B8F3FF8784CF00880C
:108CB00085CF018886CF028887CF0388F9D90488B9
:108CC00088CF058889CF06888ACF07888BCF088808
:108CD0008CCF09888DCF0A88B9F30B888ECF0C888A
:108CE0008FCF0D8890CF0E8891CF0F8892CF1088AC
:108CF00093CF118894CF128895CF1388B7F3148837
:108D000096CF1588E4C81688B6F3178897CF1888C9
:108D100098CF198899CF1A889ACF1B88BAF31C88E4
:108D20009BCF1D889CCF1E889DCF1F889ECF2088FB
:108D30009FCF2188BBF32288C0B42388A0CF24888A
:108D400040D0258841D0268842D0278843D0288823
:108D500044D0298845D02A8846D02B8847D02C88F3
:108D600048D02D8849D02E884AD02F884BD03088C3
:108D70004CD031884DD03288C3EE33884ED0348801
:108D80004FD0358850D0368851D0378852D0388867
:108D900053D03988BCF33A8854D03B8855D03C88AE
:108DA000BDF33D8856D03E8857D03F8858D0408884
:108DB000AAD1418859D042885AD043885BD0448890
:108DC000ACF44588C6D046885CD047885DD04888DA
:108DD0005ED049885FD04A8860D04B8861D04C888B
:108DE000D0D04D88DCD14E8862D04F8863D0508877
:108DF00064D0518865D0528866D0538867D0548833
:108E0000CECF558868D0568869D05788D6BD588847
:108E10006AD05988C3D15A886BD05B886CD05C8883
:108E20006DD05D886ED05E886FD05F8870D06088AE
:108E300071D06188E2BA6288E9E16388C2D264884D
:108E4000C2F16588B9B2668872D0678873D06888C5
:108E5000EDB16988C3F16A8874D06B88C0C96C8829
:108E6000C4B36D8875D06E88F2D96F8876D070885B
:108E7000A5CB718877D07288C4F1738878D0748854
:108E800079D075887AD076887BD07788D4D6788860
:108E90007CD079887DD07A887ED07B8880D07C8891
:108EA00081D07D88C5F17E88C0F47F88C6F1808836
:108EB00082D08188ACD48288C7F1838883D08488AB
:108EC000C0B08588C1F4868884D0878885D088889A
:108ED000C2F4898886D08A8887D08B88FCB48C8835
:108EE00088D08D88DBC58E8889D08F888AD090887D
:108EF0008BD091888CD09288BBCC93888DD094886D
:108F00008ED095888FD09688E4D0978890D0988816
:108F100091D0998892D09A8893D09B8894D09C883D
:108F2000E0CD9D8895D09E8896D09F8897D0A088C8
:108F300098D0A18899D0A288C8F1A3889AD0A48893
:108F4000F3D9A5889BD0A6889CD0A7889DD0A88857
:108F50009ED0A9889FD0AA88A0D0AB88BBB1AC888E
:108F600040D1AD88AECFAE8841D1AF8842D1B08874
:108F700043D1B188A4B8B28844D1B38845D1B4886C
:108F800046D1B58847D1B68848D1B788CAF1B888E4
:108F900049D1B9884AD1BA884BD1BB884CD1BC8859
:108FA000CBF1BD884DD1BE884ED1BF884FD1C0888E
:108FB00050D1C188C3B2C288D1C1C38851D1C4883D
:108FC00052D1C588B0D7C688C9F1C78853D1C888DF
:108FD00054D1C988CCF1CA8855D1CB8856D1CC8818
:108FE00057D1CD8858D1CE88CEF1CF8859D1D088ED
:108FF0005AD1D1885BD1D288F6D9D3885CD1D488B4
:10900000E1D2D588A3D4D6885DD1D7885ED1D8885F
:10901000C3F4D988B9C8DA885FD1DB8860D1DC882D
:1090200061D1DD8862D1DE8863D1DF88C4F4E08855
:1090300064D1E18865D1E288CDF1E388CFF1E4889D
:10904000E3BFE588D0F1E68866D1E78867D1E88894
:10905000D4F1E98868D1EA8869D1EB886AD1EC88D3
:109060006BD1ED886CD1EE886DD1EF886ED1F08830
:10907000D6F1F188D1F1F2886FD1F388D1C9F488A3
:10908000E1C5F58870D1F68871D1F78872D1F8887A
:10909000E3C2F988FCB9FA8873D1FB8874D1FC88E3
:1090A000D3F1FD8875D1FE88D5F1FF8876D100898E
:1090B00077D1018978D10289D3B9038979D104891B
:1090C0007AD105897BD106897CD107897DD1088930
:1090D0007ED1098980D10A89DBF10B8981D10C8984
:1090E00082D10D8983D10E8984D10F8985D11089D0
:1090F000D6BA118986D11289FDB01389D9F11489A4
:1091000087D1158988D1168989D117898AD118897B
:109110008BD11989D8F11A89D2F11B89DAF11C890E
:109120008CD11D898DD11E898ED11F898FD1208927
:1091300090D12189D7F1228991D1238992D1248993
:1091400093D12589ECC8268994D1278995D128897E
:1091500096D1298997D12A89CACD2B89DDF12C890D
:1091600098D12D8999D12E899AD12F899BD1308977
:10917000BDE531899CD132899DD133899ED1348915
:10918000DCF135899FD13689DEF13789A0D1388964
:1091900040D2398941D23A8942D23B8943D23C8973
:1091A00044D23D8945D23E8946D23F8947D2408943
:1091B00048D24189DFF1428949D243894AD2448960
:1091C000E5CF45894BD246894CD247894DD2488953
:1091D0004ED249894FD24A8950D24B8951D24C89BB
:1091E00052D24D8953D24E8954D24F8955D250898B
:1091F00056D2518957D2528958D2538959D254895B
:109200005AD255895BD256895CD257895DD258892A
:109210005ED259895FD25A8960D25B8961D25C89FA
:1092200062D25D8963D25E89C5F45F89F3BD6089CE
:1092300064D2618965D2628966D2638967D26489A2
:1092400068D2658969D26689E0F167896AD26889DE
:109250006BD269896CD26A896DD26B896ED26C8946
:109260006FD26D8970D26E8971D26F8972D2708916
:1092700073D2718974D2728975D2738976D27489E6
:1092800077D2758978D2768979D277897AD27889B6
:109290007BD279897CD27A897DD27B89E1F17C8904
:1092A0007ED27D8980D27E8981D27F89F7CE8089E6
:1092B00082D28189AAD2828983D28389FBF184896F
:1092C00084D2858985D28689B2B8878986D28889F1
:1092D00087D2898988D28A8989D28B898AD28C89D6
:1092E0008BD28D898CD28E898DD28F898ED29089A6
:1092F0008FD2918990D2928991D2938992D2948976
:1093000093D2958994D2968995D2978996D2988945
:1093100097D2998998D29A8999D29B899AD29C8915
:109320009BD29D899CD29E899DD29F899ED2A089E5
:109330009FD2A189A0D2A28940D3A38941D3A48975
:1093400042D3A58943D3A68944D3A78945D3A88905
:1093500046D3A98947D3AA8948D3AB8949D3AC89D5
:109360004AD3AD894BD3AE894CD3AF894DD3B089A5
:109370004ED3B1894FD3B28950D3B38951D3B48975
:1093800052D3B58953D3B68954D3B78955D3B88945
:1093900056D3B98957D3BA8958D3BB8959D3BC8915
:1093A0005AD3BD895BD3BE895CD3BF895DD3C089E5
:1093B0005ED3C189FBBCC289DBB9C3895FD3C489D1
:1093C000E6B9C589D9C3C689D3CAC789E8EAC889B5
:1093D000C0C0C989F5BECA89E9EACB89EAEACC8965
:1093E000EBEACD8960D3CE89ECEACF89EDEAD0896A
:1093F000EEEAD189EFEAD289C7BDD38961D3D48996
:1094000062D3D58963D3D689FBF5D78964D3D8894C
:1094100065D3D98966D3DA89FDF5DB8967D3DC8921
:10942000FEF5DD8968D3DE89FCF5DF8969D3E08943
:109430006AD3E1896BD3E2896CD3E389E2BDE48925
:109440006DD3E589A1F6E689A5B4E7896ED3E889ED
:109450006FD3E98970D3EA8971D3EB89A2F6EC89DD
:1094600072D3ED8973D3EE8974D3EF89A3F6F089B3
:1094700075D3F18976D3F28977D3F389B2ECF48985
:1094800078D3F58979D3F6897AD3F7897BD3F889AC
:109490007CD3F9897DD3FA897ED3FB8980D3FC897B
:1094A00081D3FD8982D3FE8983D3FF8984D3008A47
:1094B000D4D1018A85D3028A86D3038A87D3048ACA
:1094C00088D3058A89D3068A8AD3078AEAD9088A83
:1094D0008BD3098A8CD30A8A8DD30B8A8ED30C8ABC
:1094E0008FD30D8A90D30E8A91D30F8A92D3108A8C
:1094F00093D3118A94D3128A95D3138A96D3148A5C
:1095000097D3158A98D3168A99D3178A9AD3188A2B
:109510009BD3198A9CD31A8A9DD31B8A9ED31C8AFB
:109520009FD31D8AA0D31E8A40D41F8A41D4208A8B
:1095300042D4218A43D4228A44D4238A45D4248A1B
:1095400046D4258A47D4268A48D4278A49D4288AEB
:109550004AD4298A4BD42A8A4CD42B8A4DD42C8ABB
:109560004ED42D8A4FD42E8A50D42F8A51D4308A8B
:1095700052D4318A53D4328A54D4338A55D4348A5B
:1095800056D4358A57D4368A58D4378A59D4388A2B
:109590005AD4398A5BD43A8A5CD43B8A5DD43C8AFB
:1095A0005ED43D8A5FD43E8AA4F63F8A60D4408A66
:1095B00061D4418A62D4428A63D4438A64D4448A9F
:1095C00065D4458A66D4468A67D4478A68D4488A6F
:1095D000BAEE498A69D44A8A6AD44B8A6BD44C8AD7
:1095E0006CD44D8A6DD44E8A6ED44F8A6FD4508A13
:1095F00070D4518A71D4528A72D4538A73D4548AE3
:1096000074D4558A75D4568A76D4578A77D4588AB2
:1096100078D4598A79D45A8A7AD45B8A7BD45C8A82
:109620007CD45D8A7DD45E8A7ED45F8A80D4608A51
:1096300081D4618A82D4628A83D4638A84D4648A1E
:1096400085D4658A86D4668A87D4678A88D4688AEE
:1096500089D4698A8AD46A8A8BD46B8A8CD46C8ABE
:109660008DD46D8A8ED46E8A8FD46F8A90D4708A8E
:1096700091D4718A92D4728A93D4738A94D4748A5E
:1096800095D4758A96D4768A97D4778A98D4788A2E
:1096900099D4798AB2D57A8A9AD47B8A9BD47C8AE7
:1096A0009CD47D8A9DD47E8A9ED47F8A9FD4808AD2
:1096B000A0D4818A40D5828A41D5838A42D5848AC2
:1096C00043D5858A44D5868A45D5878A46D5888AF2
:1096D00047D5898AFED38A8ADCCC8B8A48D58C8A86
:1096E00049D58D8A4AD58E8A4BD58F8A4CD5908A9A
:1096F0004DD5918A4ED5928A4FD5938AC4CA948A01
:1097000050D5958A51D5968A52D5978A53D5988A3D
:1097100054D5998A55D59A8A56D59B8A57D59C8A0D
:1097200058D59D8A59D59E8A5AD59F8A5BD5A08ADD
:109730005CD5A18A5DD5A28A5ED5A38A5FD5A48AAD
:1097400060D5A58A61D5A68A62D5A78A63D5A88A7D
:1097500064D5A98A65D5AA8A66D5AB8A67D5AC8A4D
:1097600068D5AD8A69D5AE8A6AD5AF8A6BD5B08A1D
:109770006CD5B18A6DD5B28A6ED5B38A6FD5B48AED
:1097800070D5B58A71D5B68A72D5B78A73D5B88ABD
:1097900074D5B98A75D5BA8A76D5BB8A77D5BC8A8D
:1097A00078D5BD8A79D5BE8A7AD5BF8A7BD5C08A5D
:1097B0007CD5C18A7DD5C28A7ED5C38A80D5C48A2C
:1097C00081D5C58A82D5C68A83D5C78A84D5C88AF9
:1097D00085D5C98A86D5CA8A87D5CB8A88D5CC8AC9
:1097E00089D5CD8A8AD5CE8A8BD5CF8A8CD5D08A99
:1097F0008DD5D18A8ED5D28A8FD5D38A90D5D48A69
:1098000091D5D58A92D5D68A93D5D78A94D5D88A38
:1098100095D5D98A96D5DA8A97D5DB8A98D5DC8A08
:1098200099D5DD8A9AD5DE8A9BD5DF8A9CD5E08AD8
:109830009DD5E18A9ED5E28A9FD5E38AA0D5E48AA8
:1098400040D6E58A41D6E68A42D6E78A43D6E88AF8
:1098500044D6E98A45D6EA8A46D6EB8A47D6EC8AC8
:1098600048D6ED8A49D6EE8A4AD6EF8A4BD6F08A98
:109870004CD6F18A4DD6F28A4ED6F38A4FD6F48A68
:1098800050D6F58A51D6F68A52D6F78A53D6F88A38
:1098900054D6F98A55D6FA8A56D6FB8A57D6FC8A08
:1098A00058D6FD8A59D6FE8A5AD6FF8A5BD6008BD7
:1098B0005CD6018B5DD6028B5ED6038B5FD6048BA4
:1098C00060D6058B61D6068B62D6078BC0E5088B08
:1098D00063D6098B64D60A8B65D60B8B66D60C8B48
:1098E00067D60D8B68D60E8B69D60F8B6AD6108B18
:1098F0006BD6118B6CD6128B6DD6138B6ED6148BE8
:109900006FD6158B70D6168B71D6178B72D6188BB7
:1099100073D6198B74D61A8B75D61B8B76D61C8B87
:1099200077D61D8B78D61E8B79D61F8B7AD6208B57
:109930007BD6218B7CD6228B7DD6238B7ED6248B27
:1099400080D6258B81D6268BA5F6278B82D6288BB1
:1099500083D6298B84D62A8B85D62B8B86D62C8BC7
:1099600087D62D8B88D62E8B89D62F8B8AD6308B97
:109970008BD6318B8CD6328B8DD6338B8ED6348B67
:109980008FD6358B90D6368B91D6378B92D6388B37
:1099900093D6398B94D63A8B95D63B8B96D63C8B07
:1099A00097D63D8B98D63E8B99D63F8B9AD6408BD7
:1099B0009BD6418B9CD6428B9DD6438B9ED6448BA7
:1099C0009FD6458BA0D6468B40D7478B41D7488B37
:1099D00042D7498B43D74A8B44D74B8B45D74C8BC7
:1099E00046D74D8B47D74E8B48D74F8B49D7508B97
:1099F0004AD7518B4BD7528B4CD7538B4DD7548B67
:109A00004ED7558B4FD7568B50D7578B51D7588B36
:109A100052D7598B53D75A8B54D75B8B55D75C8B06
:109A200056D75D8B57D75E8B58D75F8B59D7608BD6
:109A30005AD7618B5BD7628B5CD7638B5DD7648BA6
:109A40005ED7658B5FD7668BAFBE678B60D7688B41
:109A500061D7698B62D76A8B63D76B8B64D76C8B4A
:109A6000A9C66D8B65D76E8B66D76F8B67D7708BEA
:109A700068D7718B69D7728B6AD7738B6BD7748BEE
:109A80006CD7758B6DD7768B6ED7778B6FD7788BBE
:109A900070D7798B71D77A8B72D77B8B73D77C8B8E
:109AA00074D77D8B75D77E8B76D77F8B77D7808B5E
:109AB00078D7818B79D7828B7AD7838B7BD7848B2E
:109AC0007CD7858B7DD7868B7ED7878B80D7888BFD
:109AD00081D7898B82D78A8B83D78B8B84D78C8BCA
:109AE00085D78D8B86D78E8B87D78F8B88D7908B9A
:109AF00089D7918B8AD7928B8BD7938B8CD7948B6A
:109B00008DD7958B8ED7968B8FD7978B90D7988B39
:109B100091D7998B92D79A8B93D79B8B94D79C8B09
:109B200095D79D8B96D79E8B97D79F8B98D7A08BD9
:109B3000A5DAA18BC6BCA28BA9B6A38BBCB8A48B9B
:109B4000CFC8A58BA5BCA68BA6DAA78BA7DAA88B56
:109B5000D6CCA98BC3C8AA8BA8DAAB8BFDC6AC8BBD
:109B600099D7AD8BB5D1AE8BE9D2AF8BB6D1B08BD7
:109B7000C7BCB18B9AD7B28BB2BDB38BE4BBB48BED
:109B8000A9DAB58BAADAB68BC8D1B78BABDAB88BAA
:109B9000EDD0B98BEFB6BA8BDBC2BB8B9BD7BC8B3E
:109BA000CFCBBD8BEDB7BE8BE8C9BF8BC3B7C08B26
:109BB000F7BEC18BA4D6C28BACDAC38BADDAC48B33
:109BC000C0C6C58BE7D7C68BB6CAC78B9CD7C88B18
:109BD000A9D5C98BDFCBCA8BEFD5CB8BAEDACC8BBB
:109BE000DFD6CD8BCAB4CE8BB0DACF8BAFDAD08BC9
:109BF0009DD7D18BEBD2D28BB1DAD38BB2DAD48BA7
:109C0000B3DAD58BD4CAD68BB4DAD78BABCAD88BA0
:109C1000B5DAD98BB6DADA8BCFB3DB8BEFD6DC8B48
:109C2000B7DADD8BB0BBDE8BAEB5DF8BB8DAE08B9D
:109C3000B9DAE18BEEB9E28BAFD1E38BE8D2E48BFA
:109C4000BADAE58BC3B8E68BEACFE78BEFB2E88BE5
:109C5000BBDAE98BBCDAEA8B9ED7EB8BEBBDEC8BE6
:109C6000DCCEED8BEFD3EE8BBDDAEF8BF3CEF08B4A
:109C7000BEDAF18BD5D3F28BE5BBF38BBFDAF48B75
:109C8000B5CBF58BD0CBF68BC0DAF78BEBC7F88B67
:109C9000EED6F98BC1DAFA8BB5C5FB8BC1B6FC8B5E
:109CA000C2DAFD8BCCB7FE8BCEBFFF8BC3DA008C44
:109CB000C4DA018CADCB028CC5DA038CF7B5048C09
:109CC000C6DA058CC2C1068CBBD7078CC7DA088CF4
:109CD000B8CC098C9FD70A8CEAD20B8CB1C40C8CFF
:109CE000C8DA0D8CFDB50E8CD1BB0F8CC9DA108C87
:109CF000B3D0118CCADA128CCBDA138CBDCE148C93
:109D0000CCDA158CCDDA168CCEDA178CF7B2188C2B
:109D1000D1DA198CCFDA1A8CE8D11B8CD0DA1C8CF2
:109D2000D5C31D8CD2DA1E8CA0D71F8CD3DA208C21
:109D3000D4DA218CD5DA228CBBD0238CA5D2248C0A
:109D4000F9B0258CD6DA268CABC7278CD7DA288CCD
:109D5000F7BD298CA1C32A8CD8DA2B8CD9DA2C8CAC
:109D6000FDC32D8CB7CC2E8CDADA2F8CDBDA308C5D
:109D7000BEC0318CD7C6328CDCDA338CDDDA348C61
:109D8000B4C7358CDEDA368CDFDA378CC8B9388C5C
:109D900040D8398C41D83A8C42D83B8C43D83C8C43
:109DA00044D83D8C45D83E8C46D83F8C47D8408C13
:109DB00048D8418CEDBB428C49D8438C4AD8448C5E
:109DC0004BD8458C4CD8468CB9B6478CF8F4488CA7
:109DD0004DD8498CF9F44A8C4ED84B8C4FD84C8CCA
:109DE000E3CD4D8C50D84E8C51D84F8C52D8508CDE
:109DF00053D8518C54D8528C55D8538C56D8548C37
:109E000057D8558CB9F5568C58D8578C59D8588C8A
:109E10005AD8598C5BD85A8CE0EB5B8C5CD85C8C44
:109E20005DD85D8C5ED85E8C5FD85F8C60D8608CAE
:109E300061D8618CF3CF628CBFBB638C62D8648CB9
:109E400063D8658C64D8668C65D8678C66D8688C56
:109E500067D8698C68D86A8CC0BA6B8CA5D46C8CB6
:109E600069D86D8C6AD86E8C6BD86F8C6CD8708CFE
:109E70006DD8718C6ED8728C6FD8738CD9E1748C5C
:109E800070D8758C71D8768C72D8778C73D8788CA2
:109E9000F4F5798CAAB17A8CF2B27B8C74D87C8C74
:109EA00075D87D8C76D87E8C77D87F8C78D8808C4E
:109EB00079D8818C7AD8828CF5F5838C7BD8848C88
:109EC0007CD8858CF7F5868C7DD8878C7ED8888C5D
:109ED00080D8898CD1BA8A8CF6F58B8C81D88C8C01
:109EE000B2C38D8C82D88E8C83D88F8C84D8908C82
:109EF00085D8918C86D8928C87D8938C88D8948C6E
:109F0000F9F5958C89D8968C8AD8978C8BD8988CB3
:109F1000F8F5998C8CD89A8C8DD89B8C8ED89C8C8B
:109F20008FD89D8C90D89E8C91D89F8C92D8A08CE5
:109F300093D8A18C94D8A28C95D8A38C96D8A48CB5
:109F400097D8A58C98D8A68C99D8A78C9AD8A88C85
:109F50009BD8A98C9CD8AA8C9DD8AB8C9ED8AC8C55
:109F60009FD8AD8CA0D8AE8C40D9AF8C41D9B08CE5
:109F700042D9B18C43D9B28C44D9B38C45D9B48C75
:109F800046D9B58C47D9B68C48D9B78C49D9B88C45
:109F90004AD9B98C4BD9BA8C4CD9BB8C4DD9BC8C15
:109FA0004ED9BD8C4FD9BE8C50D9BF8C51D9C08CE5
:109FB00052D9C18C53D9C28C54D9C38C55D9C48CB5
:109FC00056D9C58C57D9C68C58D9C78C59D9C88C85
:109FD0005AD9C98C5BD9CA8C5CD9CB8C5DD9CC8C55
:109FE0005ED9CD8C5FD9CE8C60D9CF8C61D9D08C25
:109FF00062D9D18C63D9D28C64D9D38C65D9D48CF5
:10A0000066D9D58C67D9D68C68D9D78C69D9D88CC4
:10A010006AD9D98C6BD9DA8C6CD9DB8C6DD9DC8C94
:10A020006ED9DD8C6FD9DE8C70D9DF8C71D9E08C64
:10A0300072D9E18C73D9E28C74D9E38C75D9E48C34
:10A0400076D9E58C77D9E68C78D9E78C79D9E88C04
:10A050007AD9E98C7BD9EA8C7CD9EB8C7DD9EC8CD4
:10A060007ED9ED8C80D9EE8C81D9EF8C82D9F08CA1
:10A0700083D9F18C84D9F28C85D9F38C86D9F48C70
:10A0800087D9F58C88D9F68C89D9F78C8AD9F88C40
:10A090008BD9F98C8CD9FA8C8DD9FB8C8ED9FC8C10
:10A0A0008FD9FD8C90D9FE8C91D9FF8C92D9008DDF
:10A0B00093D9018D94D9028D95D9038D96D9048DAC
:10A0C00097D9058D98D9068D99D9078D9AD9088D7C
:10A0D0009BD9098D9CD90A8D9DD90B8D9ED90C8D4C
:10A0E0009FD90D8DA0D90E8D40DA0F8D41DA108DDC
:10A0F00042DA118D43DA128D44DA138D45DA148D6C
:10A1000046DA158D47DA168D48DA178D49DA188D3B
:10A110004ADA198D4BDA1A8D4CDA1B8D4DDA1C8D0B
:10A120004EDA1D8DB4B11E8DEAD51F8DBAB8208DC3
:10A130004FDA218DB1B9228DC6B2238DF0D4248D92
:10A14000CDCF258DDCB0268DCBD5278DF5BB288DC9
:10A15000CAD6298DB7B72A8DB0CC2B8DB6C62C8D1B
:10A16000E1B12D8DBAB92E8DFCD62F8DE1B9308D90
:10A17000A1B7318DFABC328DDAEA338DDBEA348D4A
:10A18000F9CC358DF3B9368DDCEA378DFBB4388DDB
:10A19000B3C3398DD1B73A8DD8BA3B8DDDEA3C8D4A
:10A1A000F4D43D8DDEEA3E8DD6BC3F8DDFBB408DC5
:10A1B000DFEA418DDEC1428DB8C2438DDFD4448DCC
:10A1C000CAD7458DE0EA468DE1EA478DE4EA488D3D
:10A1D000E2EA498DE3EA4A8DDEC94B8DB3B84C8D76
:10A1E000C4B64D8DE5EA4E8DEACA4F8DCDC9508D6E
:10A1F000CDB4518D50DA528D51DA538DD9E2548D50
:10A20000E2C5558DE6EA568DB5C0578D52DA588DA8
:10A21000B8D7598DE7EA5A8DACD75B8DFCC85C8DF9
:10A22000D3D85D8DCDD85E8DDED45F8D53DA608D51
:10A23000F9D4618DC4C9628DAED3638DD3B8648DFA
:10A24000E0B3658D54DA668DE2C9678DF6F4688DEA
:10A2500055DA698D56DA6A8D57DA6B8DD5BA6C8D01
:10A2600058DA6D8DF7F46E8D59DA6F8D5ADA708D7C
:10A27000DFD7718D5BDA728D5CDA738DF1F4748DDA
:10A28000B0B8758DD4D5768DCFB8778DF0C6788D72
:10A290005DDA798D5EDA7A8D5FDA7B8D60DA7C8DBE
:10A2A00061DA7D8D62DA7E8D63DA7F8D64DA808D8E
:10A2B00065DA818DC3B3828D66DA838D67DA848D2A
:10A2C000F2F4858DACB3868D68DA878D69DA888D76
:10A2D0006ADA898D6BDA8A8DBDD48B8DF7C78C8D48
:10A2E0006CDA8D8D6DDA8E8D6EDA8F8D6FDA908DE2
:10A2F00070DA918DF4F4928D71DA938D72DA948D17
:10A30000F3F4958D73DA968D74DA978D75DA988DEE
:10A3100076DA998D77DA9A8D78DA9B8D79DA9C8D59
:10A320007ADA9D8D7BDA9E8D7CDA9F8DCBCCA08DE9
:10A330007DDAA18D7EDAA28D80DAA38DA4C8A48DEA
:10A3400081DAA58D82DAA68D83DAA78D84DAA88DCD
:10A3500085DAA98D86DAAA8D87DAAB8D88DAAC8D9D
:10A3600089DAAD8D8ADAAE8D8BDAAF8D8CDAB08D6D
:10A370008DDAB18DF5F4B28D8EDAB38DE3D7B48D6D
:10A38000BFC5B58DC0F5B68D8FDAB78D90DAB88DB3
:10A39000BBF5B98D91DABA8DC3F5BB8D92DABC8D60
:10A3A000C2F5BD8D93DABE8DBAD6BF8DC1F5C08D15
:10A3B00094DAC18D95DAC28D96DAC38DBED4C48D80
:10A3C000C4F5C58D97DAC68DCCF5C78D98DAC88DE2
:10A3D00099DAC98D9ADACA8D9BDACB8DCFB0CC8D44
:10A3E000F8B5CD8D9CDACE8DC9F5CF8DCAF5D08D5F
:10A3F0009DDAD18DDCC5D28D9EDAD38D9FDAD48DD6
:10A40000A0DAD58D40DBD68DC5F5D78DC6F5D88DB4
:10A4100041DBD98D42DBDA8DC7F5DB8DCBF5DC8DE9
:10A4200043DBDD8DE0BEDE8DC8F5DF8DFAB8E08D53
:10A4300044DBE18D45DBE28D46DBE38DD0F5E48D39
:10A44000D3F5E58D47DBE68D48DBE78D49DBE88D0D
:10A45000E7BFE98D4ADBEA8DF2B9EB8DBCF5EC8DF7
:10A46000CDF5ED8D4BDBEE8D4CDBEF8DB7C2F08D76
:10A470004DDBF18D4EDBF28D4FDBF38DF8CCF48D9F
:10A4800050DBF58DF9BCF68D51DBF78DCEF5F88DEF
:10A49000CFF5F98DD1F5FA8DE5B6FB8DD2F5FC8DB2
:10A4A00052DBFD8DD5F5FE8D53DBFF8D54DB008E29
:10A4B00055DB018E56DB028E57DB038E58DB048E94
:10A4C00059DB058EBDF5068E5ADB078E5BDB088EE9
:10A4D0005CDB098ED4F50A8EBBD30B8E5DDB0C8E54
:10A4E000ECB30D8E5EDB0E8E5FDB0F8EA4CC108E78
:10A4F00060DB118E61DB128E62DB138E63DB148EE8
:10A50000D6F5158E64DB168E65DB178E66DB188E2E
:10A5100067DB198E68DB1A8E69DB1B8E6ADB1C8E8B
:10A520006BDB1D8ED7F51E8EE1BE1F8ED8F5208EFB
:10A530006CDB218E6DDB228EDFCC238EDBF5248E4F
:10A540006EDB258E6FDB268E70DB278E71DB288E0F
:10A5500072DB298EC8B22A8ED9D72B8E73DB2C8E54
:10A56000D9F52D8E74DB2E8EDAF52F8EDCF5308E3C
:10A5700075DB318EE2F5328E76DB338E77DB348E0F
:10A5800078DB358EE0F5368E79DB378E7ADB388EE8
:10A590007BDB398EDFF53A8EDDF53B8E7CDB3C8E46
:10A5A0007DDB3D8EE1F53E8E7EDB3F8E80DB408E97
:10A5B000DEF5418EE4F5428EE5F5438E81DB448E77
:10A5C000E3CC458E82DB468E83DB478EBFE5488E2B
:10A5D000B8B5498EE3F54A8EE8F54B8EA3CC4C8E88
:10A5E00084DB4D8E85DB4E8E86DB4F8E87DB508E77
:10A5F00088DB518EE6F5528EE7F5538E89DB548E5B
:10A600008ADB558E8BDB568E8CDB578E8DDB588E1E
:10A610008EDB598EBEF55A8E8FDB5B8E90DB5C8EA7
:10A6200091DB5D8E92DB5E8E93DB5F8E94DB608EC2
:10A6300095DB618E96DB628E97DB638E98DB648E92
:10A6400099DB658E9ADB668EC4B1678E9BDB688E64
:10A650009CDB698EBFF56A8E9DDB6B8E9EDB6C8EFC
:10A66000C5B56D8EE4B26E8E9FDB6F8EECF5708E8D
:10A67000E9F5718EA0DB728ED7B6738E40DC748ED6
:10A68000EDF5758E41DC768EEAF5778E42DC788EBC
:10A6900043DC798E44DC7A8E45DC7B8E46DC7C8E16
:10A6A000EBF57D8E47DC7E8E48DC7F8EDAB4808EC3
:10A6B00049DC818EEAD4828E4ADC838E4BDC848E28
:10A6C0004CDC858EEEF5868E4DDC878EF9B3888E58
:10A6D0004EDC898E4FDC8A8E50DC8B8E51DC8C8E6A
:10A6E00052DC8D8E53DC8E8E54DC8F8EEFF5908E87
:10A6F000F1F5918E55DC928E56DC938E57DC948E5C
:10A70000F0F5958E58DC968E59DC978E5ADC988E33
:10A710005BDC998E5CDC9A8E5DDC9B8E5EDC9C8EB5
:10A72000F2F59D8E5FDC9E8EF3F59F8E60DCA08E31
:10A7300061DCA18E62DCA28E63DCA38E64DCA48E5D
:10A7400065DCA58E66DCA68E67DCA78E68DCA88E2D
:10A7500069DCA98E6ADCAA8E6BDCAB8EEDC9AC8E8F
:10A76000AAB9AD8E6CDCAE8E6DDCAF8EFBC7B08E41
:10A770006EDCB18E6FDCB28EE3B6B38E70DCB48E5D
:10A7800071DCB58E72DCB68E73DCB78E74DCB88E7D
:10A7900075DCB98E76DCBA8EC9CCBB8E77DCBC8E0C
:10A7A00078DCBD8E79DCBE8E7ADCBF8E7BDCC08E21
:10A7B0007CDCC18E7DDCC28E7EDCC38E80DCC48EF0
:10A7C00081DCC58E82DCC68E83DCC78E84DCC88EBD
:10A7D00085DCC98E86DCCA8E87DCCB8E88DCCC8E8D
:10A7E00089DCCD8E8ADCCE8EA6EACF8E8BDCD08E35
:10A7F0008CDCD18E8DDCD28E8EDCD38E8FDCD48E31
:10A8000090DCD58E91DCD68E92DCD78E93DCD88E00
:10A8100094DCD98E95DCDA8E96DCDB8E97DCDC8ED0
:10A8200098DCDD8E99DCDE8E9ADCDF8E9BDCE08EA0
:10A830009CDCE18E9DDCE28E9EDCE38E9FDCE48E70
:10A84000A0DCE58E40DDE68E41DDE78E42DDE88E60
:10A8500043DDE98E44DDEA8E45DDEB8E46DDEC8E90
:10A8600047DDED8E48DDEE8E49DDEF8E4ADDF08E60
:10A870004BDDF18E4CDDF28E4DDDF38E4EDDF48E30
:10A880004FDDF58E50DDF68E51DDF78E52DDF88E00
:10A8900053DDF98E54DDFA8E55DDFB8E56DDFC8ED0
:10A8A00057DDFD8E58DDFE8E59DDFF8E5ADD008F9F
:10A8B0005BDD018F5CDD028F5DDD038F5EDD048F6C
:10A8C0005FDD058F60DD068F61DD078F62DD088F3C
:10A8D00063DD098F64DD0A8F65DD0B8F66DD0C8F0C
:10A8E00067DD0D8F68DD0E8F69DD0F8F6ADD108FDC
:10A8F0006BDD118F6CDD128F6DDD138F6EDD148FAC
:10A900006FDD158F70DD168F71DD178F72DD188F7B
:10A9100073DD198F74DD1A8F75DD1B8F76DD1C8F4B
:10A9200077DD1D8F78DD1E8F79DD1F8F7ADD208F1B
:10A930007BDD218F7CDD228F7DDD238F7EDD248FEB
:10A9400080DD258F81DD268F82DD278F83DD288FB7
:10A9500084DD298F85DD2A8F86DD2B8F87DD2C8F87
:10A9600088DD2D8F89DD2E8F8ADD2F8F8BDD308F57
:10A970008CDD318F8DDD328F8EDD338F8FDD348F27
:10A9800090DD358F91DD368F92DD378F93DD388FF7
:10A9900094DD398F95DD3A8F96DD3B8F97DD3C8FC7
:10A9A00098DD3D8F99DD3E8F9ADD3F8F9BDD408F97
:10A9B0009CDD418F9DDD428F9EDD438F9FDD448F67
:10A9C000A0DD458F40DE468F41DE478F42DE488F57
:10A9D00043DE498F44DE4A8F45DE4B8F46DE4C8F87
:10A9E00047DE4D8F48DE4E8F49DE4F8F4ADE508F57
:10A9F0004BDE518F4CDE528F4DDE538F4EDE548F27
:10AA00004FDE558F50DE568F51DE578F52DE588FF6
:10AA100053DE598F54DE5A8F55DE5B8F56DE5C8FC6
:10AA200057DE5D8F58DE5E8F59DE5F8F5ADE608F96
:10AA30005BDE618F5CDE628F5DDE638F5EDE648F66
:10AA40005FDE658F60DE668FB5B3678FFED4688F7B
:10AA5000ECB9698FF9D06A8F61DE6B8FEDE96C8F8D
:10AA6000AAD76D8FEEE96E8FD6C26F8FEDC8708F4B
:10AA7000E4BA718FEFE9728FF0E9738FF1E9748FA7
:10AA8000E1D6758FF2E9768FF3E9778FF5E9788F64
:10AA9000F4E9798FF6E97A8FF7E97B8FE1C77C8F4C
:10AAA000F8E97D8FD8D47E8FF9E97F8FCEBD808F76
:10AAB00062DE818FFAE9828FFBE9838FCFBD848FBD
:10AAC000FCE9858FA8B8868FBEC1878FFDE9888F86
:10AAD000B2B1898FD4BB8A8FF5B98B8FFEE98C8F89
:10AAE00063DE8D8FA1EA8E8FA2EA8F8FA3EA908F0B
:10AAF000F8B7918FADBC928F64DE938FE4CA948FC8
:10AB0000CEE0958FAFD4968FBDCF978FB7D5988F66
:10AB1000A4EA998FDED59A8FA5EA9B8FC1D09C8F2E
:10AB2000BCB99D8F65DE9E8FC7B49F8FD9B1A08FB2
:10AB300066DEA18F67DEA28F68DEA38FB1C0A48F0F
:10AB400069DEA58F6ADEA68F6BDEA78F6CDEA88F0D
:10AB5000E6B1A98FE7B1AA8F6DDEAB8FE8B1AC8FFC
:10AB60006EDEAD8F6FDEAE8F70DEAF8F71DEB08FB9
:10AB7000BDB3B18FE8C8B28F72DEB38F73DEB48F0E
:10AB800074DEB58F75DEB68FC1E5B78F76DEB88F10
:10AB900077DEB98FDFB1BA8F78DEBB8F79DEBC8FFD
:10ABA0007ADEBD8FC9C1BE8FEFB4BF8F7BDEC08F91
:10ABB0007CDEC18FA8C7C28FD8D3C38F7DDEC48F80
:10ABC000F9C6C58FB8D1C68F7EDEC78FFDB9C88FD5
:10ABD000F5C2C98F80DECA8F81DECB8F82DECC8F3B
:10ABE00083DECD8F84DECE8FADD3CF8F85DED08F49
:10ABF000CBD4D18FFCBDD28F86DED38FC2E5D48F6C
:10AC0000B5B7D58FC3E5D68F87DED78F88DED88FCF
:10AC1000B9BBD98FE2D5DA8F89DEDB8FF8BDDC8F47
:10AC2000B6D4DD8FA5CEDE8FACC1DF8FD9B3E08F78
:10AC30008ADEE18F8BDEE28FF6CCE38F8CDEE48F51
:10AC4000C6E5E58FC4E5E68FC8E5E78F8DDEE88FC2
:10AC5000CAE5E98FC7E5EA8FCFB5EB8FC8C6EC8FA1
:10AC60008EDEED8FFCB5EE8FC5E5EF8F8FDEF08FBA
:10AC7000F6CAF18F90DEF28F91DEF38FC9E5F48F83
:10AC800092DEF58F93DEF68F94DEF78FD4C3F88FC4
:10AC9000C5B1F98FA3BCFA8F95DEFB8F96DEFC8FD2
:10ACA00097DEFD8FB7D7FE8F98DEFF8F99DE00907D
:10ACB000CBCD0190CDCB0290CACA0390D3CC0490E7
:10ACC000CCE50590CBE50690E6C407909ADE0890A7
:10ACD0009BDE0990A1D10A90B7D10B90CDE50C90E5
:10ACE0009CDE0D90D0E50E909DDE0F90B8CD1090BB
:10ACF000F0D61190CFE51290DDB513909EDE149042
:10AD0000BECD15909FDE1690D1E51790BAB618907B
:10AD1000A0DE199040DF1A90A8CD1B90E4B91C90DA
:10AD200041DF1D90C5CA1E90D1B31F90D9CB209092
:10AD3000ECD42190D2E52290EAB7239042DF249010
:10AD400043DF259044DF2690CEE5279045DF28900D
:10AD500046DF299047DF2A9048DF2B9049DF2C906F
:10AD60004ADF2D90D5E52E90FEB42F90D6E5309099
:10AD70004BDF31904CDF32904DDF33904EDF34901B
:10AD80004FDF3590D3E53690D4E5379050DF3890DB
:10AD9000DDD2399051DF3A9052DF3B90DFC23C90D8
:10ADA000C6B13D9053DF3E90E2D33F9054DF4090D8
:10ADB00055DF4190DDB64290ECCB439056DF449096
:10ADC000D7E5459057DF469058DF4790F6D3489037
:10ADD00059DF49905ADF4A905BDF4B905CDF4C9023
:10ADE0005DDF4D90E9B14E905EDF4F90F4B650902C
:10ADF000DAE55190D8E55290D9E55390C0B554901A
:10AE00005FDF559060DF569061DF5790C5D2589054
:10AE1000DCE5599062DF5A9063DF5B90DEE55C9081
:10AE200064DF5D9065DF5E9066DF5F9067DF609056
:10AE300068DF619069DF6290DDE56390B2C764907E
:10AE40006ADF6590A3D266906BDF67906CDF6890D5
:10AE5000DBE569906DDF6A906EDF6B906FDF6C9061
:10AE600070DF6D90E2D46E90DAD56F9071DF7090E4
:10AE700072DF719073DF729074DF739075DF74907E
:10AE8000E0E57590F1D7769076DF779077DF789070
:10AE900078DF799079DF7A907ADF7B907BDF7C9026
:10AEA0007CDF7D90E1E57E907DDF7F90DCB180905E
:10AEB000FBD181907EDF8290E2E58390E4E584908F
:10AEC00080DF859081DF869082DF879083DF8890A6
:10AED000E3E5899084DF8A9085DF8B90E5E58C90AF
:10AEE00086DF8D9087DF8E9088DF8F9089DF90904E
:10AEF0008ADF9190D8D292908BDF9390CBB59490CB
:10AF00008CDF9590DFE796908DDF9790F5DA98903B
:10AF10008EDF9990F8DA9A908FDF9B90F6DA9C900A
:10AF200090DF9D90F7DA9E9091DF9F9092DFA09046
:10AF300093DFA190FADAA290CFD0A390C7C4A490D7
:10AF400094DFA59095DFA690EEB0A79096DFA8902D
:10AF500097DFA99098DFAA90B0D0AB9099DFAC9022
:10AF6000F9DAAD909ADFAE90CAD3AF90AABAB0909A
:10AF7000A2DBB190F1C7B2909BDFB390FCDAB49042
:10AF8000FBDAB590DBC9B690FDDAB7909CDFB890DC
:10AF9000A1DBB990DED7BA90FEDABB90DAC1BC90E3
:10AFA0009DDFBD909EDFBE90A5DBBF909FDFC09070
:10AFB000A0DFC190F4D3C29040E0C39041E0C490C0
:10AFC000A7DBC590A4DBC69042E0C790A8DBC89081
:10AFD00043E0C99044E0CA90BCBDCB9045E0CC9022
:10AFE00046E0CD9047E0CE90C9C0CF90A3DBD09093
:10AFF000A6DBD190A3D6D29048E0D390A9DBD49021
:10B0000049E0D5904AE0D6904BE0D790ADDBD890A0
:10B010004CE0D9904DE0DA904EE0DB90AEDBDC9076
:10B02000ACDBDD90C2BADE904FE0DF9050E0E09004
:10B0300051E0E190A4BFE290ABDBE39052E0E490FA
:10B0400053E0E59054E0E690AADBE790C7D4E8909F
:10B05000BFB2E99055E0EA9056E0EB90AFDBEC90A0
:10B0600057E0ED90F9B9EE9058E0EF90B0DBF0903A
:10B0700059E0F1905AE0F2905BE0F3905CE0F490DC
:10B08000BBB3F5905DE0F6905EE0F7905FE0F8907E
:10B09000A6B5F99060E0FA9061E0FB9062E0FC9068
:10B0A00063E0FD90BCB6FE90B1DBFF9064E00091E0
:10B0B00065E0019166E00291F5B6039167E00491C5
:10B0C000B2DB059168E0069169E007916AE00891BA
:10B0D0006BE009916CE00A916DE00B916EE00C91D0
:10B0E0006FE00D9170E00E9171E00F9172E01091A0
:10B0F00073E0119174E0129175E0139176E0149170
:10B1000077E0159178E0169179E017917AE018913F
:10B110007BE01991C9B11A917CE01B917DE01C91F3
:10B120007EE01D9180E01E91B4DB1F9181E02091B3
:10B1300082E0219183E02291B3DB2391B5DB24915E
:10B1400084E0259185E0269186E0279187E028918B
:10B1500088E0299189E02A918AE02B918BE02C915B
:10B160008CE02D918DE02E918EE02F91B7DB309108
:10B170008FE03191B6DB329190E0339191E03491E0
:10B1800092E0359193E0369194E0379195E03891D3
:10B1900096E03991B8DB3A9197E03B9198E03C9189
:10B1A00099E03D919AE03E919BE03F919CE0409177
:10B1B0009DE041919EE042919FE04391B9DB449133
:10B1C000A0E0459140E14691BADB479141E14891C9
:10B1D00042E14991CFD34A91FAF44B91F5C74C9192
:10B1E000C3D74D91E4C54E91FCF44F91FDF45091BD
:10B1F000FBF4519143E15291C6BE539144E1549105
:10B2000045E1559146E1569147E15791EFD058916C
:10B2100048E1599149E15A91D3B75B914AE15C9178
:10B220004BE15D91CDD45E91AACC5F914CE16091F0
:10B230004DE16191A2F56291A1F56391A8BA649183
:10B24000FEF46591D6CB66914EE167914FE168912E
:10B2500050E16991A4F56A91D2C06B9151E16C9172
:10B26000EAB36D9152E16E91AACD6F91A5F57091FF
:10B27000A3F57191B4BD7291A8F5739153E17491E6
:10B28000A9F57591CDBD7691B8C37791E1BF78915D
:10B29000E1CB7991AAF57A9154E17B9155E17C91CA
:10B2A00056E17D91A6F57E91A7F57F91F0C480913E
:10B2B00057E1819158E1829159E183915AE184915A
:10B2C0005BE18591ACF586915CE18791BCB4889196
:10B2D0005DE18991EDD78A915EE18B91D7B48C9134
:10B2E000ABF58D91AEF58E915FE18F9160E190911C
:10B2F000ADF59191AFF59291D1D0939161E1949197
:10B3000062E1959163E1969164E1979165E198918D
:10B3100066E1999167E19A91D1C39B91A9C89C91EB
:10B3200068E19D9169E19E916AE19F916BE1A09135
:10B330006CE1A1916DE1A291B0F5A391B1F5A49159
:10B340006EE1A5916FE1A69170E1A79171E1A891DD
:10B3500072E1A99173E1AA91B2F5AB9174E1AC915C
:10B3600075E1AD91B3F5AE91B4F5AF91B5F5B0918E
:10B3700076E1B19177E1B29178E1B39179E1B4915D
:10B38000B7F5B591B6F5B6917AE1B7917BE1B89191
:10B390007CE1B9917DE1BA91B8F5BB917EE1BC91B8
:10B3A00080E1BD9181E1BE9182E1BF9183E1C091D5
:10B3B00084E1C19185E1C29186E1C39187E1C491A5
:10B3C00088E1C59189E1C6918AE1C791C9B2C89166
:10B3D0008BE1C991D4D3CA91CDCACB918CE1CC91E8
:10B3E000EFC0CD91D8D6CE91B0D2CF91BFC1D09180
:10B3F0008DE1D191F0BDD2918EE1D3918FE1D491C5
:10B4000090E1D59191E1D69192E1D79193E1D891D4
:10B4100094E1D99195E1DA9196E1DB9197E1DC91A4
:10B42000AAB8DD9198E1DE9199E1DF919AE1E0918E
:10B430009BE1E1919CE1E2919DE1E3919EE1E49148
:10B440009FE1E591A0E1E69140E2E79141E2E891D8
:10B4500042E2E99143E2EA9144E2EB9145E2EC9168
:10B4600046E2ED9147E2EE9148E2EF9149E2F09138
:10B470004AE2F1914BE2F2914CE2F3914DE2F49108
:10B480004EE2F5914FE2F69150E2F79151E2F891D8
:10B4900052E2F99153E2FA9154E2FB9155E2FC91A8
:10B4A00056E2FD9157E2FE9158E2FF9159E2009277
:10B4B0005AE201925BE202925CE203925DE2049244
:10B4C0005EE205925FE2069260E2079261E2089214
:10B4D00062E2099263E20A9264E20B9265E20C92E4
:10B4E00066E20D9267E20E9268E20F9269E21092B4
:10B4F0006AE211926BE212926CE213926DE2149284
:10B500006EE215926FE2169270E2179271E2189253
:10B5100072E2199273E21A9274E21B9275E21C9223
:10B5200076E21D9277E21E9278E21F9279E22092F3
:10B530007AE221927BE222927CE223927DE22492C3
:10B540007EE2259280E2269281E2279282E2289290
:10B5500083E2299284E22A9285E22B9286E22C925F
:10B5600087E22D9288E22E9289E22F928AE230922F
:10B570008BE231928CE232928DE233928EE23492FF
:10B580008FE2359290E2369291E2379292E23892CF
:10B5900093E2399294E23A9295E23B9296E23C929F
:10B5A00097E23D9298E23E9299E23F929AE240926F
:10B5B0009BE241929CE242929DE243929EE244923F
:10B5C0009FE24592A0E2469240E3479241E34892CF
:10B5D00042E3499243E34A9244E34B9245E34C925F
:10B5E00046E34D9247E34E9248E34F9249E350922F
:10B5F0004AE351924BE352924CE353924DE35492FF
:10B600004EE355924FE3569250E3579251E35892CE
:10B6100052E3599253E35A9254E35B9255E35C929E
:10B6200056E35D9257E35E9258E35F9259E360926E
:10B630005AE361925BE362925CE363925DE364923E
:10B640005EE365925FE3669260E3679261E368920E
:10B6500062E3699263E36A9264E36B9265E36C92DE
:10B6600066E36D9267E36E9268E36F9269E37092AE
:10B670006AE371926BE372926CE373926DE374927E
:10B68000F8BC75926EE376926FE3779270E37892EE
:10B6900071E3799272E37A9273E37B9274E37C9222
:10B6A00075E37D9276E37E9277E37F9278E38092F2
:10B6B00079E381927AE382927BE383927CE38492C2
:10B6C0007DE385927EE3869280E3879281E3889290
:10B6D00082E3899283E38A9284E38B9285E38C925E
:10B6E00086E38D9287E38E92C6F68F9288E39092DE
:10B6F00089E391928AE392928BE393928CE3949202
:10B700008DE395928EE396928FE3979290E39892D1
:10B7100091E3999292E39A9293E39B9294E39C92A1
:10B7200095E39D9296E39E9297E39F9298E3A09271
:10B7300099E3A1929AE3A2929BE3A3929CE3A49241
:10B740009DE3A5929EE3A6929FE3A792A0E3A89211
:10B7500040E4A99241E4AA9242E4AB9243E4AC9261
:10B7600044E4AD9245E4AE92C7F6AF9246E4B0929F
:10B7700047E4B19248E4B29249E4B3924AE4B49205
:10B780004BE4B5924CE4B6924DE4B7924EE4B892D5
:10B790004FE4B99250E4BA9251E4BB9252E4BC92A5
:10B7A00053E4BD9254E4BE9255E4BF9256E4C09275
:10B7B00057E4C19258E4C29259E4C3925AE4C49245
:10B7C0005BE4C5925CE4C6925DE4C7925EE4C89215
:10B7D000C8F6C9925FE4CA9260E4CB9261E4CC926D
:10B7E00062E4CD9263E4CE9264E4CF9265E4D092B9
:10B7F00066E4D19267E4D29268E4D39269E4D49289
:10B800006AE4D5926BE4D6926CE4D7926DE4D89258
:10B810006EE4D9926FE4DA9270E4DB9271E4DC9228
:10B8200072E4DD9273E4DE9274E4DF9275E4E092F8
:10B8300076E4E19277E4E29278E4E39279E4E492C8
:10B840007AE4E5927BE4E6927CE4E7927DE4E89298
:10B850007EE4E99280E4EA9281E4EB9282E4EC9265
:10B8600083E4ED9284E4EE9285E4EF9286E4F09234
:10B8700087E4F19288E4F29289E4F3928AE4F49204
:10B880008BE4F5928CE4F6928DE4F7928EE4F892D4
:10B890008FE4F99290E4FA9291E4FB9292E4FC92A4
:10B8A00093E4FD9294E4FE9295E4FF9296E4009373
:10B8B00097E4019398E4029399E403939AE4049340
:10B8C0009BE405939CE406939DE407939EE4089310
:10B8D0009FE40993A0E40A9340E50B9341E50C93A0
:10B8E00042E50D9343E50E9344E50F9345E5109330
:10B8F00046E5119347E5129348E5139349E5149300
:10B900004AE515934BE516934CE517934DE51893CF
:10B910004EE519934FE51A9350E51B9351E51C939F
:10B9200052E51D9353E51E9354E51F9355E520936F
:10B9300056E5219357E5229358E5239359E524933F
:10B940005AE525935BE526935CE527935DE528930F
:10B950005EE529935FE52A9360E52B9361E52C93DF
:10B9600062E52D9363E52E9364E52F9365E53093AF
:10B9700066E5319367E5329368E5339369E534937F
:10B980006AE535936BE536936CE537936DE538934F
:10B990006EE539936FE53A9370E53B9371E53C931F
:10B9A00072E53D9373E53E93C9F63F9374E540938A
:10B9B00075E5419376E5429377E5439378E54493C3
:10B9C00079E545937AE546937BE547937CE5489393
:10B9D0007DE549937EE54A9380E54B9381E54C9361
:10B9E00082E54D9383E54E9384E54F9385E550932F
:10B9F00086E5519387E5529388E5539389E55493FF
:10BA00008AE555938BE556938CE557938DE55893CE
:10BA10008EE559938FE55A9390E55B9391E55C939E
:10BA200092E55D9393E55E9394E55F9395E560936E
:10BA300096E5619397E5629398E5639399E564933E
:10BA40009AE565939BE566939CE567939DE568930E
:10BA50009EE569939FE56A93CAF66B93A0E56C93A4
:10BA600040E66D9341E66E9342E66F9343E6709332
:10BA700044E6719345E6729346E6739347E6749302
:10BA800048E6759349E676934AE677934BE67893D2
:10BA90004CE679934DE67A934EE67B934FE67C93A2
:10BAA00050E67D9351E67E9352E67F9353E6809372
:10BAB00054E6819355E6829356E6839357E6849342
:10BAC00058E6859359E686935AE687935BE6889312
:10BAD0005CE689935DE68A935EE68B935FE68C93E2
:10BAE00060E68D9361E68E9362E68F93CCF6909339
:10BAF00063E6919364E6929365E6939366E6949386
:10BB000067E6959368E6969369E697936AE6989355
:10BB10006BE699936CE69A936DE69B936EE69C9325
:10BB20006FE69D9370E69E9371E69F9372E6A093F5
:10BB300073E6A19374E6A29375E6A39376E6A493C5
:10BB400077E6A59378E6A69379E6A7937AE6A89395
:10BB50007BE6A9937CE6AA937DE6AB937EE6AC9365
:10BB600080E6AD9381E6AE9382E6AF9383E6B09331
:10BB700084E6B19385E6B29386E6B39387E6B49301
:10BB800088E6B59389E6B6938AE6B7938BE6B893D1
:10BB90008CE6B9938DE6BA938EE6BB938FE6BC93A1
:10BBA00090E6BD9391E6BE9392E6BF9393E6C09371
:10BBB00094E6C19395E6C29396E6C39397E6C49341
:10BBC00098E6C59399E6C6939AE6C7939BE6C89311
:10BBD0009CE6C9939DE6CA93CBF6CB939EE6CC93A5
:10BBE0009FE6CD93A0E6CE9340E7CF9341E7D09375
:10BBF00042E7D19343E7D29344E7D39345E7D49305
:10BC000046E7D59347E7D693E9F7D79348E7D89324
:10BC100049E7D9934AE7DA934BE7DB934CE7DC93A8
:10BC20004DE7DD934EE7DE934FE7DF9350E7E09378
:10BC300051E7E19352E7E29353E7E39354E7E49348
:10BC400055E7E59356E7E69357E7E79358E7E89318
:10BC500059E7E9935AE7EA935BE7EB935CE7EC93E8
:10BC60005DE7ED935EE7EE935FE7EF9360E7F093B8
:10BC700061E7F19362E7F29363E7F39364E7F49388
:10BC800065E7F59366E7F69367E7F79368E7F89358
:10BC900069E7F9936AE7FA936BE7FB936CE7FC9328
:10BCA0006DE7FD936EE7FE936FE7FF9370E70094F7
:10BCB00071E7019472E7029473E7039474E70494C4
:10BCC00075E7059476E7069477E7079478E7089494
:10BCD00079E709947AE70A947BE70B947CE70C9464
:10BCE0007DE70D947EE70E9480E70F9481E7109432
:10BCF00082E7119483E7129484E7139485E7149400
:10BD000086E7159487E7169488E7179489E71894CF
:10BD10008AE719948BE71A948CE71B948DE71C949F
:10BD20008EE71D948FE71E9490E71F9491E720946F
:10BD300092E7219493E7229494E7239495E724943F
:10BD400096E7259497E7269498E7279499E728940F
:10BD50009AE729949BE72A949CE72B949DE72C94DF
:10BD60009EE72D949FE72E94A0E72F9440E830940F
:10BD700041E8319442E8329443E8339444E83494FF
:10BD800045E8359446E8369447E8379448E83894CF
:10BD900049E839944AE83A944BE83B944CE83C949F
:10BDA0004DE83D944EE83E94CDF63F944FE84094E4
:10BDB00050E8419451E8429452E8439453E8449443
:10BDC00054E8459455E8469456E8479457E8489413
:10BDD00058E8499459E84A945AE84B945BE84C94E3
:10BDE0005CE84D945DE84E945EE84F945FE85094B3
:10BDF00060E8519461E8529462E8539463E8549483
:10BE000064E8559465E8569466E8579467E8589452
:10BE100068E8599469E85A946AE85B946BE85C9422
:10BE20006CE85D946DE85E946EE85F946FE86094F2
:10BE300070E8619471E8629472E8639473E86494C2
:10BE400074E8659475E8669476E8679477E8689492
:10BE500078E8699479E86A947AE86B94CEF66C9401
:10BE60007BE86D947CE86E947DE86F947EE8709436
:10BE700080E8719481E8729482E8739483E8749402
:10BE800084E8759485E8769486E8779487E87894D2
:10BE900088E8799489E87A948AE87B948BE87C94A2
:10BEA0008CE87D948DE87E948EE87F948FE8809472
:10BEB00090E8819491E8829492E8839493E8849442
:10BEC00094E88594C4EE8694C5EE8794C6EE889473
:10BED000EBD58994A4B68A94C8EE8B94C7EE8C9463
:10BEE000C9EE8D94CAEE8E94A5C78F94CBEE909434
:10BEF000CCEE919495E89294B0B79394F6B594945F
:10BF0000CDEE9594CFEE969496E89794CEEE9894D5
:10BF100097E89994C6B89A94D0EE9B94D1EE9C94ED
:10BF2000D2EE9D94DBB69E94AEB39F94D3D6A094EC
:10BF3000C6C4A194B5B1A294D6B8A394D3EEA494E8
:10BF4000D4EEA594BFD4A694D5C7A794FBBEA8945D
:10BF5000D9CEA994B3B9AA94D6EEAB94D5EEAC944D
:10BF6000D8EEAD94D7EEAE94A5C5AF94D9EEB0940B
:10BF7000DAEEB194AEC7B294DBEEB394AFC7B4942B
:10BF8000DCEEB594A7B2B694DDEEB794DEEEB894CD
:10BF9000DFEEB994E0EEBA94E1EEBB94EAD7BC943C
:10BFA000E2EEBD94E3EEBE94D8BCBF94E4EEC09440
:10BFB000CBD3C194FACCC294ACB2C394E5C1C494BF
:10BFC000E5EEC594A6C7C694ADC3C79498E8C894D7
:10BFD000E6EEC994E7EECA94E8EECB94E9EECC9491
:10BFE000EAEECD94EBEECE94ECEECF9499E8D094BB
:10BFF000EDEED194EEEED294EFEED3949AE8D49491
:10C000009BE8D594F0EED694F1EED794F2EED89466
:10C01000F4EED994F3EEDA949CE8DB94F5EEDC943C
:10C02000ADCDDD94C1C2DE94F6EEDF94F7EEE09480
:10C03000F8EEE194A1D5E294F9EEE394B3CFE49461
:10C04000FAEEE594FBEEE6949DE8E794FCEEE894C6
:10C05000FDEEE994A1EFEA94FEEEEB94A2EFEC94EE
:10C06000F5B8ED94FAC3EE94A3EFEF94A4EFF09437
:10C07000C2BDF194BFD2F294F9B2F394A5EFF49457
:10C08000A6EFF594A7EFF694F8D2F794A8EFF894FA
:10C09000FDD6F994A9EFFA94CCC6FB949EE8FC94E3
:10C0A000AAEFFD94ABEFFE94B4C1FF94ACEF009502
:10C0B000FACF0195F8CB0295AEEF0395ADEF04955D
:10C0C000FAB30595F8B90695AFEF0795B0EF089567
:10C0D000E2D00995B1EF0A95B2EF0B95E6B70C9552
:10C0E000BFD00D95B3EF0E95B4EF0F95B5EF10954A
:10C0F000F1C81195E0CC1295B6EF1395B7EF1495F2
:10C10000B8EF1595B9EF1695BAEF1795E0D51895D4
:10C11000BBEF1995EDB41A95AAC31B95BCEF1C95FE
:10C120009FE81D95BDEF1E95BEEF1F95BFEF2095B3
:10C13000A0E82195FDCE2295C0EF2395E0C224957D
:10C14000B8B42595B6D72695F5BD279540E928952D
:10C15000C7CF2995C3EF2A95C1EF2B95C2EF2C9538
:10C16000C4EF2D95A7B62E95FCBC2F95E2BE309559
:10C17000CCC33195C5EF3295C6EF339541E934957F
:10C18000C7EF3595CFEF3695C8EF3795C9EF38959E
:10C19000CAEF3995C2C73A95F1EF3B95CDB63C95BC
:10C1A000CBEF3D9542E93E95CCEF3F95CDEF4095E5
:10C1B000C6B64195BEC34295CEEF439543E944953B
:10C1C000D0EF4595D1EF4695D2EF4795F2D54895FA
:10C1D00044E94995D3EF4A95F7C44B9545E94C9509
:10C1E000D4EF4D95F8C44E95D5EF4F95D6EF5095B9
:10C1F000E4B85195F7B05295D7EF5395D8EF5495D1
:10C20000D9EF559546E95695DAEF5795DBEF5895F6
:10C21000DCEF5995DDEF5A9547E95B95DEEF5C95CC
:10C22000B5BE5D95E1EF5E95DFEF5F95E0EF609560
:10C2300048E96195E2EF6295E3EF6395CDC16495BE
:10C24000E4EF6595E5EF6695E6EF6795E7EF6895AE
:10C25000E8EF6995E9EF6A95EAEF6B95EBEF6C957E
:10C26000ECEF6D95D8C06E9549E96F95EDEF70953F
:10C27000ADC17195EEEF7295EFEF7395F0EF749598
:10C280004AE975954BE97695E2CF77954CE9789533
:10C290004DE979954EE97A954FE97B9550E97C9582
:10C2A00051E97D9552E97E9553E97F95A4B3809538
:10C2B00054E9819555E9829556E9839557E9849526
:10C2C00058E9859559E986955AE987955BE98895F6
:10C2D0005CE989955DE98A955EE98B955FE98C95C6
:10C2E00060E98D9561E98E9562E98F9563E9909596
:10C2F00064E9919565E9929566E9939567E9949566
:10C3000068E9959569E996956AE997956BE9989535
:10C310006CE999956DE99A956EE99B956FE99C9505
:10C3200070E99D9571E99E9572E99F9573E9A095D5
:10C3300074E9A19575E9A29576E9A39577E9A495A5
:10C3400078E9A59579E9A6957AE9A7957BE9A89575
:10C350007CE9A9957DE9AA957EE9AB9580E9AC9544
:10C3600081E9AD9582E9AE9583E9AF9584E9B09511
:10C3700085E9B19586E9B29587E9B39588E9B495E1
:10C3800089E9B5958AE9B6958BE9B7958CE9B895B1
:10C390008DE9B9958EE9BA958FE9BB9590E9BC9581
:10C3A00091E9BD9592E9BE9593E9BF9594E9C09551
:10C3B00095E9C19596E9C29597E9C39598E9C49521
:10C3C00099E9C5959AE9C6959BE9C7959CE9C895F1
:10C3D0009DE9C9959EE9CA959FE9CB95A0E9CC95C1
:10C3E00040EACD9541EACE9542EACF9543EAD09511
:10C3F00044EAD19545EAD29546EAD39547EAD495E1
:10C4000048EAD59549EAD6954AEAD7954BEAD895B0
:10C410004CEAD9954DEADA954EEADB954FEADC9580
:10C4200050EADD9551EADE9552EADF9553EAE09550
:10C4300054EAE19555EAE29556EAE39557EAE49520
:10C4400058EAE59559EAE6955AEAE7955BEAE895F0
:10C45000C5C3E995C5E3EA95C1C9EB95C6E3EC957B
:10C460005CEAED95D5B1EE95CACEEF95B3B4F095F3
:10C47000F2C8F195C7E3F295D0CFF395C8E3F495F0
:10C48000E4BCF595C9E3F695CAE3F795C6C3F895FC
:10C49000A2D5F995D6C4FA95EBB9FB95C5CEFC9516
:10C4A000CBE3FD95F6C3FE95CCE3FF955DEA0096E0
:10C4B000A7B70196F3B80296D2BA0396CDE30496D5
:10C4C000CEE30596C4D40696CFE307965EEA0896B7
:10C4D000D0E30996CBD10A96D1E30B96D2E30C9622
:10C4E000D3E30D96D4E30E96D6D10F96D5E31096EE
:10C4F000FBB21196BBC01296D6E313965FEA149670
:10C50000ABC01596D7E31696D8E31796D9E31896DD
:10C5100060EA1996DAE31A96DBE31B9661EA1C9649
:10C52000B7B81D96E2DA1E9662EA1F96D3B6209639
:10C5300063EA2196E4DA2296E3DA239664EA249603
:10C5400065EA259666EA269667EA279668EA2896B7
:10C5500069EA29966AEA2A96E6DA2B966BEA2C961D
:10C560006CEA2D966DEA2E96EEC82F966EEA3096FE
:10C570006FEA3196E5DA3296C0B73396F4D1349645
:10C58000F5D23596F3D53696D7BD379670EA3896FC
:10C5900071EA399672EA3A9673EA3B96E8D73C9686
:10C5A000E8DA3D96E7DA3E9674EA3F96A2B0409606
:10C5B000D3CD419675EA4296E9DA439676EA4496F7
:10C5C000BDB84596CABC4696BDC24796A4C2489619
:10C5D000C2B34996EADA4A9677EA4B96AAC24C96D3
:10C5E000B0C44D96B5BD4E9678EA4F9679EA50960E
:10C5F000DECF51967AEA52967BEA53967CEA5496BD
:10C60000EBDA5596C2C956967DEA57967EEA589659
:10C6100080EA599681EA5A9682EA5B96DDB15C9689
:10C6200083EA5D9684EA5E9685EA5F96ECDA609628
:10C6300086EA6196B8B66296BAD4639687EA64963B
:10C64000FDB3659688EA669689EA6796EDDA68969C
:10C65000C9D46996D5CF6A96E3C56B968AEA6C967B
:10C66000EEDA6D968BEA6E968CEA6F968DEA70968E
:10C670008EEA71968FEA7296EFDA739690EA749664
:10C68000F0DA7596EAC17696D5CC7796DDCF7896B6
:10C6900091EA799692EA7A9693EA7B9694EA7C9666
:10C6A00095EA7D9696EA7E9697EA7F9698EA809636
:10C6B00099EA81969AEA82969BEA83969CEA849606
:10C6C0009DEA8596E7D38696A1C287969EEA8896CC
:10C6D000F1DA89969FEA8A96A0EA8B96E5CB8C964A
:10C6E00040EB8D96F2DA8E9641EB8F96E6CB9096E4
:10C6F000FED2919642EB929643EB939644EB94963E
:10C70000F4B8959645EB969646EB9796F3DA98969D
:10C71000AFB09996B6CF9A9647EB9B9648EB9C960E
:10C72000CFD59D9649EB9E964AEB9F964BEBA096F4
:10C730004CEBA1964DEBA2964EEBA3964FEBA49635
:10C7400050EBA59651EBA69652EBA796EDCBA8968B
:10C7500053EBA99654EBAA9655EBAB9656EBAC96D9
:10C7600057EBAD9658EBAE9659EBAF965AEBB096A9
:10C77000F4DAB1965BEBB2965CEBB396C4E3B49695
:10C780005DEBB5965EEBB696A5C1B7965FEBB89636
:10C7900060EBB996BFF6BA9661EBBB9662EBBC96BE
:10C7A000C0F6BD96C1F6BE96D1C4BF9663EBC096E7
:10C7B000B8C8C196E3D1C29664EBC39665EBC49644
:10C7C000DBD0C596C5D1C696AFBCC796CDB9C896C5
:10C7D00066EBC996F4EFCA9667EBCB9668EBCC96FE
:10C7E000C6B4CD96BAD3CE96C2F6CF96FBB3D0964A
:10C7F00069EBD1966AEBD296C3F6D3966BEBD496DF
:10C800006CEBD596F1B5D6966DEBD7966EEBD896C8
:10C810006FEBD99670EBDA9671EBDB9672EBDC96E8
:10C8200073EBDD9674EBDE9675EBDF9676EBE096B8
:10C83000C5F6E19677EBE29678EBE39679EBE49632
:10C840007AEBE5967BEBE6967CEBE7967DEBE8965C
:10C85000EAD3E996A7F6EA96A9D1EB967EEBEC9699
:10C8600080EBED9681EBEE9682EBEF96A9F6F096D3
:10C8700083EBF19684EBF29685EBF396A8F6F496AB
:10C8800086EBF59687EBF696E3C1F796D7C0F89658
:10C8900088EBF996A2B1FA9689EBFB968AEBFC96A7
:10C8A0008BEBFD968CEBFE96EDCEFF968DEB009715
:10C8B000E8D00197ABF602978EEB03978FEB0497C6
:10C8C000F6CF059790EB0697AAF60797F0D508974D
:10C8D000ACF60997B9C30A9791EB0B9792EB0C97BB
:10C8E00093EB0D97F4BB0E97AEF60F97ADF610973E
:10C8F00094EB119795EB129796EB1397DEC4149770
:10C9000097EB159798EB1697D8C1179799EB18974F
:10C910009AEB19979BEB1A979CEB1B979DEB1C9737
:10C92000AACB1D979EEB1E97BCCF1F979FEB20971E
:10C93000A0EB219740EC229741EC239742EC2497FF
:10C9400043EC259744EC269745EC279746EC28972F
:10C9500047EC299748EC2A97AFF62B9749EC2C9790
:10C960004AEC2D97B0F62E974BEC2F974CEC309766
:10C97000B1F631974DEC3297B6C233974EEC3497FF
:10C980004FEC359750EC369751EC379752EC38977F
:10C99000D4B03997F9C53A9753EC3B9754EC3C9790
:10C9A00055EC3D9756EC3E97B2F63F9757EC4097C3
:10C9B00058EC419759EC42975AEC43975BEC4497FB
:10C9C0005CEC45975DEC46975EEC47975FEC4897CB
:10C9D00060EC499761EC4A9762EC4B9763EC4C979B
:10C9E00064EC4D9765EC4E9766EC4F9767EC50976B
:10C9F00068EC519769EC5297E0C75397A6F65497A5
:10CA00006AEC55976BEC5697B8BE57976CEC5897F5
:10CA10006DEC5997B2BE5A976EEC5B97E5B55C9793
:10CA20006FEC5D9770EC5E97C7B75F9771EC60979E
:10CA3000BFBF6197D2C36297E6C3639772EC6497F6
:10CA400073EC6597CCD8669774EC679775EC68972C
:10CA500076EC6997EFB86A9777EC6B9778EC6C9700
:10CA600079EC6D977AEC6E977BEC6F977CEC709716
:10CA70007DEC71977EEC729780EC7397F9BD74979B
:10CA8000A5D1759781EC7697D0B0779782EC78979F
:10CA900083EC799784EC7A9785EC7B9786EC7C978E
:10CAA000B0F77D9787EC7E9788EC7F9789EC80972D
:10CAB0008AEC81978BEC82978CEC83978DEC849732
:10CAC0008EEC8597B1F786978FEC879790EC8897D7
:10CAD00091EC899792EC8A9793EC8B97ACD08C97DA
:10CAE00094EC8D97B0B08E9795EC8F9796EC9097CD
:10CAF00097EC9197B2F79297B3F7939798EC949736
:10CB0000B4F7959799EC96979AEC97979BEC989732
:10CB1000CAC799979CEC9A979DEC9B979EEC9C9723
:10CB20009FEC9D97A0EC9E9740ED9F9741EDA097BD
:10CB3000CFBEA19742EDA29743EDA397B7F7A49775
:10CB400044EDA59745EDA69746EDA79747EDA89725
:10CB500048EDA99749EDAA974AEDAB97B6F7AC9780
:10CB60004BEDAD97DEB1AE974CEDAF97B5F7B09703
:10CB70004DEDB1974EEDB297B8F7B3974FEDB4972F
:10CB8000B9F7B59750EDB69751EDB79752EDB89705
:10CB900053EDB99754EDBA9755EDBB9756EDBC9749
:10CBA00057EDBD9758EDBE9759EDBF975AEDC09719
:10CBB0005BEDC1975CEDC2975DEDC3975EEDC497E9
:10CBC0005FEDC59760EDC69761EDC79762EDC897B9
:10CBD00063EDC99764EDCA9765EDCB9766EDCC9789
:10CBE00067EDCD9768EDCE9769EDCF976AEDD09759
:10CBF0006BEDD1976CEDD2976DEDD3976EEDD49729
:10CC00006FEDD59770EDD69771EDD79772EDD897F8
:10CC100073EDD99774EDDA9775EDDB9776EDDC97C8
:10CC200077EDDD9778EDDE9779EDDF977AEDE09798
:10CC30007BEDE1977CEDE2977DEDE3977EEDE49768
:10CC400080EDE59781EDE697A4CEE797CDC8E8970C
:10CC500082EDE997ABBAEA97B8E8EB97B9E8EC97B9
:10CC6000BAE8ED97C2BEEE9783EDEF9784EDF097AB
:10CC700085EDF19786EDF29787EDF397F4D2F4976F
:10CC800088EDF597CFD4F697D8C9F79789EDF8973F
:10CC90008AEDF9978BEDFA978CEDFB978DEDFC976C
:10CCA0008EEDFD978FEDFE9790EDFF9791ED00983B
:10CCB00092ED019893ED029894ED039895ED049808
:10CCC00096ED059897ED069898ED079899ED0898D8
:10CCD0009AED09989BED0A989CED0B989DED0C98A8
:10CCE0009EED0D989FED0E98A0ED0F9840EE1098D8
:10CCF00041EE119842EE129843EE139844EE1498C8
:10CD000045EE159846EE169847EE179848EE189897
:10CD100049EE19984AEE1A984BEE1B984CEE1C9867
:10CD20004DEE1D984EEE1E984FEE1F9850EE209837
:10CD300051EE219852EE229853EE239854EE249807
:10CD400055EE259856EE269857EE279858EE2898D7
:10CD500059EE29985AEE2A985BEE2B985CEE2C98A7
:10CD60005DEE2D985EEE2E985FEE2F9860EE309877
:10CD700061EE319862EE329863EE339864EE349847
:10CD800065EE359866EE369867EE379868EE389817
:10CD900069EE39986AEE3A986BEE3B986CEE3C98E7
:10CDA0006DEE3D986EEE3E986FEE3F9870EE4098B7
:10CDB00071EE419872EE429873EE439874EE449887
:10CDC00075EE459876EE469877EE479878EE489857
:10CDD00079EE49987AEE4A987BEE4B987CEE4C9827
:10CDE0007DEE4D987EEE4E9880EE4F9881EE5098F5
:10CDF00082EE519883EE529884EE539885EE5498C3
:10CE000086EE559887EE569888EE579889EE589892
:10CE10008AEE59988BEE5A988CEE5B988DEE5C9862
:10CE20008EEE5D988FEE5E9890EE5F9891EE609832
:10CE300092EE619893EE629894EE639895EE649802
:10CE400096EE659897EE669898EE679899EE6898D2
:10CE50009AEE69989BEE6A989CEE6B989DEE6C98A2
:10CE60009EEE6D989FEE6E98A0EE6F9840EF7098D2
:10CE700041EF719842EF729843EF739844EF7498C2
:10CE800045EF7598B3D27698A5B67798EAC77898A3
:10CE9000FCF17998EECF7A98B3CB7B98EBD07C9865
:10CEA000EFE77D98E7CD7E98CBB97F98D9B680988B
:10CEB000FDF18198E4B08298CCCB8398FEF1849800
:10CEC000A4D48598ADC28698ECC18798C4C68898CA
:10CED000B1BE8998A1F28A98D5BC8B9846EF8C9800
:10CEE000A2F28D98A3F28E9847EF8F98A4F29098B3
:10CEF000C3D29198B5C6929848EF9398C7CD9498AD
:10CF0000A5F2959849EF9698B1D39798C5BF989890
:10CF1000E2CC99984AEF9A98A6F29B98A7F29C982F
:10CF2000D5D19D98EEB69E98A8F29F98A9F2A098A8
:10CF3000DFB5A198AAF2A298ABF2A3984BEFA49800
:10CF4000FCB2A598ACF2A698ADF2A798A7C8A8988D
:10CF50004CEFA9984DEFAA984EEFAB984FEFAC98D5
:10CF600050EFAD9851EFAE9852EFAF9853EFB098A5
:10CF700054EFB19855EFB29856EFB39857EFB49875
:10CF800058EFB59859EFB6985AEFB7985BEFB89845
:10CF90005CEFB9985DEFBA985EEFBB985FEFBC9815
:10CFA00060EFBD9861EFBE9862EFBF9863EFC098E5
:10CFB00064EFC19865EFC29866EFC39867EFC498B5
:10CFC00068EFC59869EFC6986AEFC7986BEFC89885
:10CFD0006CEFC9986DEFCA986EEFCB986FEFCC9855
:10CFE00070EFCD9871EFCE98E7B7CF9872EFD098E9
:10CFF00073EFD198A9ECD298AAECD398ABECD49863
:10D0000074EFD598ACECD69875EFD79876EFD898A2
:10D01000AEC6D998ADECDA98AEECDB9877EFDC9839
:10D0200078EFDD9879EFDE98C9B7DF98B3CAE0985A
:10D030007AEFE1987BEFE2987CEFE3987DEFE4985C
:10D040007EEFE59880EFE69881EFE798B8E2E89800
:10D05000CFF7E99882EFEA9883EFEB9884EFEC98AA
:10D0600085EFED9886EFEE9887EFEF9888EFF098D0
:10D0700089EFF1988AEFF2988BEFF3988CEFF498A0
:10D080008DEFF5988EEFF6988FEFF79890EFF89870
:10D0900091EFF99892EFFA9893EFFB9894EFFC9840
:10D0A00095EFFD9896EFFE9897EFFF9898EF00990F
:10D0B00099EF01999AEF02999BEF03999CEF0499DC
:10D0C0009DEF05999EEF06999FEF0799A0EF0899AC
:10D0D00040F0099941F00A9942F00B9943F00C99FC
:10D0E00044F00D99D0F70E9945F00F9946F010993C
:10D0F000CDB2119947F0129948F0139949F014995B
:10D100004AF015994BF016994CF017994DF0189973
:10D110004EF019994FF01A9950F01B9951F01C9943
:10D1200052F01D9953F01E9954F01F9955F0209913
:10D1300056F0219957F0229958F0239959F02499E3
:10D140005AF025995BF026995CF027995DF02899B3
:10D150005EF029995FF02A9960F02B9961F02C9983
:10D1600062F02D9963F02E99D1F72F9964F03099E0
:10D1700065F0319966F0329967F0339968F0349927
:10D1800069F035996AF036996BF037996CF03899F7
:10D190006DF039996EF03A996FF03B9970F03C99C7
:10D1A00071F03D9972F03E9973F03F9974F0409997
:10D1B00075F0419976F0429977F0439978F0449967
:10D1C00079F045997AF046997BF047997CF0489937
:10D1D0007DF049997EF04A9980F04B9981F04C9905
:10D1E00082F04D9983F04E9984F04F9985F05099D3
:10D1F00086F0519987F0529988F0539989F05499A3
:10D20000D3F75599D2F756998AF057998BF05899D8
:10D210008CF059998DF05A998EF05B998FF05C994A
:10D2200090F05D9991F05E9992F05F9993F060991A
:10D2300094F0619995F0629996F06399BBE26499D4
:10D2400097F06599A2BC669998F06799BCE26899D5
:10D25000BDE26999BEE26A99BFE26B99C0E26C993E
:10D26000C1E26D99B9B76E99FBD26F99A4BD70995F
:10D27000CECA7199A5B17299C7CB739999F0749977
:10D28000C2E27599FCB67699C4C87799C3E27899D9
:10D290009AF079999BF07A99C8BD7B999CF07C991A
:10D2A000FDB17D99C4E27E999DF07F99F6B6809993
:10D2B000C5E28199D9C482999EF083999FF084999F
:10D2C000C6E28599DACF8699DDB98799C7E2889950
:10D2D000A1C08999A0F08A99C8E28B99F6B28C997D
:10D2E00040F18D99C9E28E9941F18F99F3C19099DE
:10D2F000CAE29199CBE29299F8C29399CCE29499BF
:10D30000CDE29599CEE29699D7CA9799B8D89899CF
:10D31000E5D99999E3CF9A9942F19B9943F19C9968
:10D3200044F19D9945F19E9946F19F9947F1A09945
:10D3300048F1A19949F1A2994AF1A3994BF1A49915
:10D340004CF1A599A5F0A6994DF1A7994EF1A89990
:10D35000B0DCA9994FF1AA9950F1AB9951F1AC9970
:10D3600052F1AD9953F1AE9954F1AF9955F1B0998D
:10D3700056F1B19957F1B29958F1B39959F1B4995D
:10D380005AF1B5995BF1B6995CF1B7995DF1B8992D
:10D390005EF1B9995FF1BA9960F1BB9961F1BC99FD
:10D3A00062F1BD9963F1BE9964F1BF9965F1C099CD
:10D3B00066F1C19967F1C29968F1C39969F1C4999D
:10D3C0006AF1C5996BF1C6996CF1C7996DF1C8996D
:10D3D0006EF1C9996FF1CA9970F1CB9971F1CC993D
:10D3E00072F1CD9973F1CE9974F1CF9975F1D0990D
:10D3F00076F1D19977F1D29978F1D39979F1D499DD
:10D400007AF1D5997BF1D6997CF1D7997DF1D899AC
:10D410007EF1D99980F1DA9981F1DB9982F1DC9979
:10D4200083F1DD9984F1DE9985F1DF9986F1E09948
:10D4300087F1E19988F1E29989F1E3998AF1E49918
:10D440008BF1E5998CF1E6998DF1E7998EF1E899E8
:10D450008FF1E99990F1EA9991F1EB9992F1EC99B8
:10D4600093F1ED9994F1EE9995F1EF9996F1F09988
:10D4700097F1F19998F1F29999F1F3999AF1F49958
:10D480009BF1F5999CF1F6999DF1F7999EF1F89928
:10D490009FF1F999A0F1FA9940F2FB9941F2FC99B8
:10D4A00042F2FD9943F2FE9944F2FF9945F2009A47
:10D4B00046F2019A47F2029A48F2039A49F2049A14
:10D4C0004AF2059A4BF2069A4CF2079A4DF2089AE4
:10D4D0004EF2099A4FF20A9A50F20B9A51F20C9AB4
:10D4E00052F20D9A53F20E9A54F20F9A55F2109A84
:10D4F00056F2119A57F2129A58F2139A59F2149A54
:10D500005AF2159A5BF2169A5CF2179A5DF2189A23
:10D510005EF2199A5FF21A9A60F21B9A61F21C9AF3
:10D5200062F21D9A63F21E9A64F21F9A65F2209AC3
:10D5300066F2219A67F2229A68F2239A69F2249A93
:10D540006AF2259A6BF2269A6CF2279A6DF2289A63
:10D550006EF2299A6FF22A9A70F22B9A71F22C9A33
:10D5600072F22D9A73F22E9A74F22F9A75F2309A03
:10D5700076F2319A77F2329A78F2339A79F2349AD3
:10D580007AF2359A7BF2369A7CF2379A7DF2389AA3
:10D590007EF2399A80F23A9A81F23B9A82F23C9A70
:10D5A00083F23D9A84F23E9A85F23F9A86F2409A3F
:10D5B00087F2419A88F2429A89F2439A8AF2449A0F
:10D5C0008BF2459A8CF2469A8DF2479A8EF2489ADF
:10D5D0008FF2499A90F24A9A91F24B9A92F24C9AAF
:10D5E00093F24D9A94F24E9A95F24F9A96F2509A7F
:10D5F00097F2519A98F2529A99F2539A9AF2549A4F
:10D600009BF2559A9CF2569A9DF2579A9EF2589A1E
:10D610009FF2599AA0F25A9A40F35B9A41F35C9AAE
:10D6200042F35D9A43F35E9A44F35F9A45F3609A3E
:10D6300046F3619A47F3629A48F3639A49F3649A0E
:10D640004AF3659A4BF3669A4CF3679A4DF3689ADE
:10D650004EF3699A4FF36A9A50F36B9A51F36C9AAE
:10D66000EDC26D9AA6D46E9AD4CD6F9AB1D1709A4C
:10D67000DBB3719AFDC7729A52F3739AB5B2749A7A
:10D68000BFC2759AE0E6769ABBCA779AE1E6789AC5
:10D69000E2E6799AD4BE7A9AE3E67B9AA4D77C9A9A
:10D6A000D5CD7D9AE5E67E9ADDBC7F9AE4E6809A48
:10D6B000E6E6819AE7E6829AEEC2839A53F3849A69
:10D6C000BEBD859AE8E6869AE6C2879AA7BA889A86
:10D6D000E9E6899A54F38A9AEAE68B9AD2B38C9A4D
:10D6E000E9D18D9A55F38E9A56F38F9AA5BF909AE9
:10D6F000EBE6919AEFC6929AECE6939AEDE6949A4D
:10D7000057F3959A58F3969AEEE6979AADC6989A7B
:10D71000EFE6999A59F39A9AA7C99B9AF0E69C9AD0
:10D72000F1E69D9AF2E69E9AB9E59F9AF3E6A09AF1
:10D73000F4E6A19AE2C2A29AF5E6A39AF6E6A49AC2
:10D74000E8D6A59AF7E6A69A5AF3A79AF8E6A89A11
:10D75000C7B9A99A5BF3AA9A5CF3AB9A5DF3AC9A4A
:10D760005EF3AD9A5FF3AE9A60F3AF9A61F3B09A4D
:10D77000BBF7B19ABAF7B29A62F3B39A63F3B49A69
:10D7800064F3B59A65F3B69ABEF7B79ABCF7B89A40
:10D79000A1BAB99A66F3BA9ABFF7BB9A67F3BC9A73
:10D7A000C0F7BD9A68F3BE9A69F3BF9A6AF3C09A4C
:10D7B000C2F7C19AC1F7C29AC4F7C39A6BF3C49A6D
:10D7C0006CF3C59AC3F7C69A6DF3C79A6EF3C89AFD
:10D7D0006FF3C99A70F3CA9A71F3CB9AC5F7CC9AD2
:10D7E000C6F7CD9A72F3CE9A73F3CF9A74F3D09AA8
:10D7F00075F3D19AC7F7D29A76F3D39AE8CBD49A35
:10D8000077F3D59A78F3D69A79F3D79A7AF3D89AA8
:10D81000DFB8D99A7BF3DA9A7CF3DB9A7DF3DC9A52
:10D820007EF3DD9A80F3DE9A81F3DF9AD4F7E09AF3
:10D8300082F3E19AD5F7E29A83F3E39A84F3E49AC8
:10D8400085F3E59A86F3E69AD6F7E79A87F3E89A9E
:10D8500088F3E99A89F3EA9A8AF3EB9AD8F7EC9A73
:10D860008BF3ED9ADAF7EE9A8CF3EF9AD7F7F09AFA
:10D870008DF3F19A8EF3F29A8FF3F39A90F3F49A70
:10D8800091F3F59A92F3F69A93F3F79A94F3F89A40
:10D8900095F3F99ADBF7FA9A96F3FB9AD9F7FC9A83
:10D8A00097F3FD9A98F3FE9A99F3FF9A9AF3009BE7
:10D8B0009BF3019B9CF3029B9DF3039BD7D7049B97
:10D8C0009EF3059B9FF3069BA0F3079B40F4089BE8
:10D8D000DCF7099B41F40A9B42F40B9B43F40C9B3D
:10D8E00044F40D9B45F40E9B46F40F9BDDF7109B13
:10D8F00047F4119B48F4129B49F4139BDEF7149BE9
:10D900004AF4159B4BF4169B4CF4179B4DF4189B53
:10D910004EF4199B4FF41A9B50F41B9B51F41C9B23
:10D9200052F41D9B53F41E9B54F41F9BDFF7209B66
:10D9300055F4219B56F4229B57F4239BE0F7249B3C
:10D9400058F4259B59F4269B5AF4279B5BF4289B9B
:10D950005CF4299B5DF42A9B5EF42B9B5FF42C9B6B
:10D9600060F42D9B61F42E9B62F42F9BCBDB309BEC
:10D9700063F4319B64F4329BAAD8339B65F4349BE7
:10D9800066F4359B67F4369B68F4379B69F4389BE3
:10D990006AF4399B6BF43A9B6CF43B9BF7E53C9B38
:10D9A000EDB93D9B6DF43E9B6EF43F9B6FF4409B45
:10D9B00070F4419BFDBF429BEABB439BC9F7449B6C
:10D9C000C7C6459BC8F7469B71F4479BCAF7489B5F
:10D9D000CCF7499BCBF74A9B72F44B9B73F44C9B5F
:10D9E00074F44D9BCDF74E9B75F44F9BBACE509B74
:10D9F00076F4519BCEF7529B77F4539B78F4549B6B
:10DA0000A7C4559B79F4569B7AF4579B7BF4589B9B
:10DA10007CF4599B7DF45A9B7EF45B9B80F45C9B69
:10DA200081F45D9B82F45E9B83F45F9B84F4609B36
:10DA300085F4619B86F4629B87F4639B88F4649B06
:10DA400089F4659B8AF4669B8BF4679B8CF4689BD6
:10DA50008DF4699B8EF46A9B8FF46B9B90F46C9BA6
:10DA600091F46D9B92F46E9B93F46F9B94F4709B76
:10DA700095F4719B96F4729B97F4739B98F4749B46
:10DA800099F4759B9AF4769B9BF4779B9CF4789B16
:10DA90009DF4799B9EF47A9B9FF47B9BA0F47C9BE6
:10DAA00040F57D9B41F57E9B42F57F9B43F5809B36
:10DAB00044F5819B45F5829B46F5839B47F5849B06
:10DAC00048F5859B49F5869B4AF5879B4BF5889BD6
:10DAD0004CF5899B4DF58A9B4EF58B9B4FF58C9BA6
:10DAE00050F58D9B51F58E9B52F58F9B53F5909B76
:10DAF00054F5919B55F5929B56F5939B57F5949B46
:10DB000058F5959B59F5969B5AF5979B5BF5989B15
:10DB10005CF5999B5DF59A9B5EF59B9B5FF59C9BE5
:10DB200060F59D9B61F59E9B62F59F9B63F5A09BB5
:10DB300064F5A19B65F5A29B66F5A39B67F5A49B85
:10DB400068F5A59B69F5A69B6AF5A79B6BF5A89B55
:10DB50006CF5A99B6DF5AA9B6EF5AB9B6FF5AC9B25
:10DB600070F5AD9B71F5AE9B72F5AF9B73F5B09BF5
:10DB700074F5B19B75F5B29B76F5B39B77F5B49BC5
:10DB800078F5B59B79F5B69B7AF5B79B7BF5B89B95
:10DB90007CF5B99B7DF5BA9B7EF5BB9B80F5BC9B64
:10DBA00081F5BD9B82F5BE9B83F5BF9B84F5C09B31
:10DBB00085F5C19B86F5C29B87F5C39B88F5C49B01
:10DBC00089F5C59B8AF5C69B8BF5C79B8CF5C89BD1
:10DBD0008DF5C99B8EF5CA9B8FF5CB9B90F5CC9BA1
:10DBE00091F5CD9B92F5CE9B93F5CF9B94F5D09B71
:10DBF00095F5D19B96F5D29B97F5D39B98F5D49B41
:10DC000099F5D59B9AF5D69B9BF5D79B9CF5D89B10
:10DC10009DF5D99B9EF5DA9B9FF5DB9BA0F5DC9BE0
:10DC200040F6DD9B41F6DE9B42F6DF9B43F6E09B30
:10DC300044F6E19B45F6E29B46F6E39B47F6E49B00
:10DC400048F6E59B49F6E69B4AF6E79B4BF6E89BD0
:10DC50004CF6E99B4DF6EA9B4EF6EB9B4FF6EC9BA0
:10DC600050F6ED9B51F6EE9B52F6EF9B53F6F09B70
:10DC700054F6F19B55F6F29B56F6F39B57F6F49B40
:10DC800058F6F59B59F6F69B5AF6F79B5BF6F89B10
:10DC90005CF6F99B5DF6FA9B5EF6FB9B5FF6FC9BE0
:10DCA00060F6FD9B61F6FE9B62F6FF9B63F6009CAF
:10DCB00064F6019C65F6029C66F6039C67F6049C7C
:10DCC00068F6059C69F6069C6AF6079C6BF6089C4C
:10DCD0006CF6099C6DF60A9C6EF60B9C6FF60C9C1C
:10DCE00070F60D9C71F60E9C72F60F9C73F6109CEC
:10DCF00074F6119C75F6129C76F6139C77F6149CBC
:10DD000078F6159C79F6169C7AF6179C7BF6189C8B
:10DD10007CF6199C7DF61A9C7EF61B9C80F61C9C5A
:10DD200081F61D9C82F61E9C83F61F9C84F6209C27
:10DD300085F6219C86F6229C87F6239C88F6249CF7
:10DD400089F6259C8AF6269C8BF6279C8CF6289CC7
:10DD50008DF6299C8EF62A9C8FF62B9C90F62C9C97
:10DD600091F62D9C92F62E9C93F62F9C94F6309C67
:10DD700095F6319C96F6329C97F6339C98F6349C37
:10DD800099F6359C9AF6369C9BF6379C9CF6389C07
:10DD90009DF6399C9EF63A9C9FF63B9CA0F63C9CD7
:10DDA00040F73D9C41F73E9C42F73F9C43F7409C27
:10DDB00044F7419C45F7429C46F7439C47F7449CF7
:10DDC00048F7459C49F7469C4AF7479C4BF7489CC7
:10DDD0004CF7499C4DF74A9C4EF74B9C4FF74C9C97
:10DDE00050F74D9C51F74E9C52F74F9C53F7509C67
:10DDF00054F7519C55F7529C56F7539C57F7549C37
:10DE000058F7559C59F7569C5AF7579C5BF7589C06
:10DE10005CF7599C5DF75A9C5EF75B9C5FF75C9CD6
:10DE200060F75D9C61F75E9C62F75F9C63F7609CA6
:10DE300064F7619C65F7629C66F7639C67F7649C76
:10DE400068F7659C69F7669C6AF7679C6BF7689C46
:10DE50006CF7699C6DF76A9C6EF76B9C6FF76C9C16
:10DE600070F76D9C71F76E9C72F76F9C73F7709CE6
:10DE700074F7719C75F7729C76F7739C77F7749CB6
:10DE800078F7759C79F7769C7AF7779C7BF7789C86
:10DE90007CF7799C7DF77A9C7EF77B9C80F77C9C55
:10DEA000E3D37D9C81F77E9C82F77F9CCFF6809C9C
:10DEB00083F7819CB3C2829CD0F6839C84F7849CB8
:10DEC00085F7859CD1F6869CD2F6879CD3F6889CF4
:10DED000D4F6899C86F78A9C87F78B9CD6F68C9C17
:10DEE00088F78D9CABB18E9CD7F68F9C89F7909C60
:10DEF000D8F6919CD9F6929CDAF6939C8AF7949C7A
:10DF0000DBF6959CDCF6969C8BF7979C8CF7989C9F
:10DF10008DF7999C8EF79A9CDDF69B9CDEF69C9C77
:10DF2000CACF9D9C8FF79E9CDFF69F9CE0F6A09C3D
:10DF3000E1F6A19CE2F6A29CE3F6A39CE4F6A49C85
:10DF4000F0C0A59CE5F6A69CE6F6A79CE7F6A89C83
:10DF5000E8F6A99CE9F6AA9C90F7AB9CEAF6AC9C83
:10DF600091F7AD9CEBF6AE9CECF6AF9C92F7B09CB3
:10DF7000EDF6B19CEEF6B29CEFF6B39CF0F6B49CD5
:10DF8000F1F6B59CF2F6B69CF3F6B79CF4F6B89CA5
:10DF9000A8BEB99C93F7BA9CF5F6BB9CF6F6BC9C60
:10DFA000F7F6BD9CF8F6BE9C94F7BF9C95F7C09C15
:10DFB00096F7C19C97F7C29C98F7C39CFAC8C49C7B
:10DFC000F9F6C59CFAF6C69CFBF6C79CFCF6C89C05
:10DFD00099F7C99C9AF7CA9CFDF6CB9CFEF6CC9C9F
:10DFE000A1F7CD9CA2F7CE9CA3F7CF9CA4F7D09C21
:10DFF000A5F7D19C9BF7D29C9CF7D39CA6F7D49C09
:10E00000A7F7D59CA8F7D69CEEB1D79CA9F7D89CCA
:10E01000AAF7D99CABF7DA9C9DF7DB9C9EF7DC9CBA
:10E02000ACF7DD9CADF7DE9CDBC1DF9CAEF7E09C7E
:10E030009FF7E19CA0F7E29CAFF7E39C40F8E49CDB
:10E0400041F8E59C42F8E69C43F8E79C44F8E89CDC
:10E0500045F8E99C46F8EA9C47F8EB9C48F8EC9CAC
:10E0600049F8ED9C4AF8EE9C4BF8EF9C4CF8F09C7C
:10E070004DF8F19C4EF8F29C4FF8F39C50F8F49C4C
:10E0800051F8F59C52F8F69C53F8F79C54F8F89C1C
:10E0900055F8F99C56F8FA9C57F8FB9C58F8FC9CEC
:10E0A00059F8FD9C5AF8FE9C5BF8FF9C5CF8009DBB
:10E0B0005DF8019D5EF8029D5FF8039D60F8049D88
:10E0C00061F8059D62F8069D63F8079D64F8089D58
:10E0D00065F8099D66F80A9D67F80B9D68F80C9D28
:10E0E00069F80D9D6AF80E9D6BF80F9D6CF8109DF8
:10E0F0006DF8119D6EF8129D6FF8139D70F8149DC8
:10E1000071F8159D72F8169D73F8179D74F8189D97
:10E1100075F8199D76F81A9D77F81B9D78F81C9D67
:10E1200079F81D9D7AF81E9D7BF81F9D7CF8209D37
:10E130007DF8219D7EF8229D80F8239D81F8249D05
:10E1400082F8259D83F8269D84F8279D85F8289DD3
:10E1500086F8299D87F82A9D88F82B9D89F82C9DA3
:10E160008AF82D9D8BF82E9D8CF82F9D8DF8309D73
:10E170008EF8319D8FF8329D90F8339D91F8349D43
:10E1800092F8359D93F8369D94F8379D95F8389D13
:10E1900096F8399D97F83A9D98F83B9D99F83C9DE3
:10E1A0009AF83D9D9BF83E9D9CF83F9D9DF8409DB3
:10E1B0009EF8419D9FF8429DA0F8439D40F9449DE3
:10E1C00041F9459D42F9469D43F9479D44F9489DD3
:10E1D00045F9499D46F94A9D47F94B9D48F94C9DA3
:10E1E00049F94D9D4AF94E9D4BF94F9D4CF9509D73
:10E1F0004DF9519D4EF9529D4FF9539D50F9549D43
:10E2000051F9559D52F9569D53F9579D54F9589D12
:10E2100055F9599D56F95A9D57F95B9D58F95C9DE2
:10E2200059F95D9D5AF95E9D5BF95F9D5CF9609DB2
:10E230005DF9619D5EF9629D5FF9639D60F9649D82
:10E2400061F9659D62F9669D63F9679D64F9689D52
:10E2500065F9699D66F96A9D67F96B9D68F96C9D22
:10E2600069F96D9D6AF96E9D6BF96F9D6CF9709DF2
:10E270006DF9719D6EF9729D6FF9739D70F9749DC2
:10E2800071F9759D72F9769D73F9779D74F9789D92
:10E2900075F9799D76F97A9D77F97B9D78F97C9D62
:10E2A00079F97D9D7AF97E9D7BF97F9D7CF9809D32
:10E2B0007DF9819D7EF9829D80F9839D81F9849D00
:10E2C00082F9859D83F9869D84F9879D85F9889DCE
:10E2D00086F9899D87F98A9D88F98B9D89F98C9D9E
:10E2E0008AF98D9D8BF98E9D8CF98F9D8DF9909D6E
:10E2F0008EF9919D8FF9929D90F9939D91F9949D3E
:10E3000092F9959D93F9969D94F9979D95F9989D0D
:10E3100096F9999D97F99A9D98F99B9D99F99C9DDD
:10E320009AF99D9D9BF99E9D9CF99F9D9DF9A09DAD
:10E330009EF9A19D9FF9A29DA0F9A39D40FAA49DDD
:10E3400041FAA59D42FAA69D43FAA79D44FAA89DCD
:10E3500045FAA99D46FAAA9D47FAAB9D48FAAC9D9D
:10E3600049FAAD9D4AFAAE9D4BFAAF9D4CFAB09D6D
:10E370004DFAB19D4EFAB29D4FFAB39D50FAB49D3D
:10E3800051FAB59D52FAB69D53FAB79D54FAB89D0D
:10E3900055FAB99D56FABA9D57FABB9D58FABC9DDD
:10E3A00059FABD9D5AFABE9D5BFABF9D5CFAC09DAD
:10E3B0005DFAC19D5EFAC29D5FFAC39D60FAC49D7D
:10E3C00061FAC59D62FAC69D63FAC79D64FAC89D4D
:10E3D00065FAC99D66FACA9D67FACB9D68FACC9D1D
:10E3E00069FACD9D6AFACE9D6BFACF9D6CFAD09DED
:10E3F0006DFAD19D6EFAD29D6FFAD39D70FAD49DBD
:10E4000071FAD59D72FAD69D73FAD79D74FAD89D8C
:10E4100075FAD99D76FADA9D77FADB9D78FADC9D5C
:10E4200079FADD9D7AFADE9D7BFADF9D7CFAE09D2C
:10E430007DFAE19D7EFAE29D80FAE39D81FAE49DFA
:10E4400082FAE59D83FAE69D84FAE79D85FAE89DC8
:10E4500086FAE99D87FAEA9D88FAEB9D89FAEC9D98
:10E460008AFAED9D8BFAEE9D8CFAEF9D8DFAF09D68
:10E470008EFAF19D8FFAF29D90FAF39D91FAF49D38
:10E4800092FAF59D93FAF69D94FAF79D95FAF89D08
:10E4900096FAF99D97FAFA9D98FAFB9D99FAFC9DD8
:10E4A0009AFAFD9D9BFAFE9D9CFAFF9D9DFA009EA7
:10E4B0009EFA019E9FFA029EA0FA039E40FB049ED4
:10E4C00041FB059E42FB069E43FB079E44FB089EC4
:10E4D00045FB099E46FB0A9E47FB0B9E48FB0C9E94
:10E4E00049FB0D9E4AFB0E9E4BFB0F9E4CFB109E64
:10E4F0004DFB119E4EFB129E4FFB139E50FB149E34
:10E5000051FB159E52FB169E53FB179E54FB189E03
:10E5100055FB199E56FB1A9E57FB1B9E58FB1C9ED3
:10E5200059FB1D9E5AFB1E9E5BFB1F9EF1C4209E45
:10E53000AFF0219EA6BC229EB0F0239EF9C3249E7C
:10E540005CFB259EB8C5269EBBD1279E5DFB289E01
:10E55000B1F0299EB2F02A9EB3F02B9EB4F02C9E0F
:10E56000B5F02D9EBCD12E9E5EFB2F9EECD1309E31
:10E570005FFB319EB7F0329EB6F0339EA7D4349E37
:10E5800060FB359ED2CD369EB8F0379EBAF0389EED
:10E59000B9F0399EBBF03A9EBCF03B9E61FB3C9EBD
:10E5A00062FB3D9EEBB83E9EBDF03F9EE8BA409EAA
:10E5B00063FB419EBEF0429EBFF0439EE9BE449E77
:10E5C000C0F0459EECB6469EC1F0479EC2F0489E04
:10E5D000C3F0499EC4F04A9EB5C84B9EC5F04C9E00
:10E5E000C6F04D9E64FB4E9EC7F04F9EF4C5509EF4
:10E5F00065FB519EC8F0529E66FB539E67FB549E7E
:10E6000068FB559EC9F0569E69FB579ECAF0589EFE
:10E61000BDF7599E6AFB5A9ECBF05B9ECCF05C9E88
:10E62000CDF05D9E6BFB5E9ECEF05F9E6CFB609EB0
:10E630006DFB619E6EFB629E6FFB639ECFF0649EDE
:10E64000D7BA659E70FB669ED0F0679ED1F0689E3B
:10E65000D2F0699ED3F06A9ED4F06B9ED5F06C9E8A
:10E66000D6F06D9ED8F06E9E71FB6F9E72FB709E11
:10E67000A5D3719ED7F0729E73FB739ED9F0749EE2
:10E6800074FB759E75FB769E76FB779E77FB789E76
:10E6900078FB799E79FB7A9E7AFB7B9E7BFB7C9E46
:10E6A0007CFB7D9E7DFB7E9EBAF57F9EB9C2809EDF
:10E6B0007EFB819E80FB829EE4F7839E81FB849E8D
:10E6C00082FB859E83FB869E84FB879EE5F7889E62
:10E6D000E6F7899E85FB8A9E86FB8B9EE7F78C9EDC
:10E6E00087FB8D9E88FB8E9E89FB8F9E8AFB909E6A
:10E6F0008BFB919E8CFB929EE8F7939EB4C2949EF6
:10E700008DFB959E8EFB969E8FFB979E90FB989E11
:10E7100091FB999E92FB9A9E93FB9B9E94FB9C9EE1
:10E7200095FB9D9EEAF79E9E96FB9F9EEBF7A09E13
:10E7300097FBA19E98FBA29E99FBA39E9AFBA49E89
:10E740009BFBA59E9CFBA69EF3C2A79E9DFBA89E3D
:10E750009EFBA99E9FFBAA9EA0FBAB9E40FCAC9E8D
:10E7600041FCAD9E42FCAE9E43FCAF9E44FCB09E7D
:10E7700045FCB19E46FCB29E47FCB39E48FCB49E4D
:10E78000F0F4B59E49FCB69E4AFCB79E4BFCB89E81
:10E79000EFF4B99E4CFCBA9E4DFCBB9EE9C2BC9EF8
:10E7A0004EFCBD9EE1F7BE9EE2F7BF9E4FFCC09EB1
:10E7B00050FCC19E51FCC29E52FCC39E53FCC49EA1
:10E7C000C6BBC59E54FCC69E55FCC79E56FCC89E43
:10E7D00057FCC99EE4D9CA9E58FCCB9E59FCCC9EDE
:10E7E0005AFCCD9EF2CACE9EE8C0CF9EA4F0D09E29
:10E7F0005BFCD19EDABAD29E5CFCD39E5DFCD49EBB
:10E80000ADC7D59E5EFCD69E5FFCD79E60FCD89EB1
:10E81000ACC4D99E61FCDA9E62FCDB9EECF7DC9E08
:10E82000EDF7DD9EEEF7DE9E63FCDF9EF0F7E09EE7
:10E83000EFF7E19E64FCE29EF1F7E39E65FCE49E47
:10E8400066FCE59EF4F7E69E67FCE79EF3F7E89E1C
:10E8500068FCE99EF2F7EA9EF5F7EB9E69FCEC9EF8
:10E860006AFCED9E6BFCEE9E6CFCEF9EF6F7F09E54
:10E870006DFCF19E6EFCF29E6FFCF39E70FCF49EAC
:10E8800071FCF59E72FCF69E73FCF79E74FCF89E7C
:10E8900075FCF99EE9EDFA9E76FCFB9EEAEDFC9E86
:10E8A000EBEDFD9E77FCFE9EBCF6FF9E78FC009F84
:10E8B00079FC019F7AFC029F7BFC039F7CFC049FF8
:10E8C0007DFC059F7EFC069F80FC079F81FC089FC6
:10E8D00082FC099F83FC0A9F84FC0B9FBDF60C9F62
:10E8E00085FC0D9FBEF60E9FA6B60F9F86FC109F5F
:10E8F000BED8119F87FC129F88FC139FC4B9149F38
:10E9000089FC159F8AFC169F8BFC179FBBD8189F0C
:10E910008CFC199FB1DC1A9F8DFC1B9F8EFC1C9FE9
:10E920008FFC1D9F90FC1E9F91FC1F9F92FC209FBF
:10E93000F3CA219F93FC229FF7F7239F94FC249F07
:10E9400095FC259F96FC269F97FC279F98FC289F67
:10E9500099FC299F9AFC2A9F9BFC2B9F9CFC2C9F37
:10E96000F8F72D9F9DFC2E9F9EFC2F9FF9F7309F5F
:10E970009FFC319FA0FC329F40FD339F41FD349F9F
:10E9800042FD359F43FD369F44FD379FFBF7389F7F
:10E9900045FD399FFAF73A9F46FD3B9FC7B13C9F23
:10E9A00047FD3D9FFCF73E9FFDF73F9F48FD409F81
:10E9B00049FD419F4AFD429F4BFD439F4CFD449FB3
:10E9C000FEF7459F4DFD469F4EFD479F4FFD489FDB
:10E9D00050FD499F51FD4A9F52FD4B9F53FD4C9F57
:10E9E00054FD4D9F55FD4E9F56FD4F9F57FD509F27
:10E9F000EBC6519FB4EC529F58FD539F59FD549F55
:10EA00005AFD559F5BFD569F5CFD579F5DFD589FCE
:10EA10005EFD599F5FFD5A9F60FD5B9F61FD5C9F9E
:10EA200062FD5D9F63FD5E9F64FD5F9F65FD609F6E
:10EA300066FD619F67FD629F68FD639F69FD649F3E
:10EA40006AFD659F6BFD669F6CFD679F6DFD689F0E
:10EA50006EFD699F6FFD6A9F70FD6B9F71FD6C9FDE
:10EA600072FD6D9F73FD6E9F74FD6F9F75FD709FAE
:10EA700076FD719F77FD729F78FD739F79FD749F7E
:10EA80007AFD759F7BFD769F7CFD779F7DFD789F4E
:10EA90007EFD799F80FD7A9F81FD7B9F82FD7C9F1B
:10EAA00083FD7D9F84FD7E9F85FD7F9FDDB3809FDD
:10EAB000B3F6819F86FD829F87FD839FB4F6849F76
:10EAC000E4C1859FB5F6869FB6F6879FB7F6889F07
:10EAD000B8F6899FB9F68A9FBAF68B9FA3C88C9F18
:10EAE000BBF68D9F88FD8E9F89FD8F9F8AFD909F2D
:10EAF0008BFD919F8CFD929F8DFD939F8EFD949F2A
:10EB00008FFD959F90FD969F91FD979F92FD989FF9
:10EB100093FD999FFAC19A9FA8B99B9FE8ED9C9F8E
:10EB200094FD9D9F95FD9E9F96FD9F9FEAB9A09F96
:10EB3000DFD9A19F97FDA29F98FDA39F99FDA49F58
:10EB40009AFDA59F9BFD2CF99CFD79F99DFD95F9FA
:10EB50009EFDE7F99FFDF1F9A0FD0CFA40FE0DFACC
:10EB600041FE0EFA42FE0FFA43FE11FA44FE13FA7A
:10EB700045FE14FA46FE18FA47FE1FFA48FE20FA30
:10EB800049FE21FA4AFE23FA4BFE24FA4CFE27FAEC
:10EB90004DFE28FA4EFE29FA4FFE30FE55A931FEF1
:10EBA000F2A633FEF4A634FEF5A635FEE0A636FE48
:10EBB000E1A637FEF0A638FEF1A639FEE2A63AFE3F
:10EBC000E3A63BFEEEA63CFEEFA63DFEE6A63EFE1D
:10EBD000E7A63FFEE4A640FEE5A641FEE8A642FE0B
:10EBE000E9A643FEEAA644FEEBA649FE68A94AFE52
:10EBF00069A94BFE6AA94CFE6BA94DFE6CA94EFE9D
:10EC00006DA94FFE6EA950FE6FA951FE70A952FE6C
:10EC100071A954FE72A955FE73A956FE74A957FE38
:10EC200075A959FE76A95AFE77A95BFE78A95CFE04
:10EC300079A95DFE7AA95EFE7BA95FFE7CA960FED4
:10EC40007DA961FE7EA962FE80A963FE81A964FEA2
:10EC500082A965FE83A966FE84A968FE85A969FE6E
:10EC600086A96AFE87A96BFE88A901FFA1A302FFFE
:10EC7000A2A303FFA3A304FFE7A105FFA5A306FF2B
:10EC8000A6A307FFA7A308FFA8A309FFA9A30AFF3C
:10EC9000AAA30BFFABA30CFFACA30DFFADA30EFF0C
:10ECA000AEA30FFFAFA310FFB0A311FFB1A312FFDC
:10ECB000B2A313FFB3A314FFB4A315FFB5A316FFAC
:10ECC000B6A317FFB7A318FFB8A319FFB9A31AFF7C
:10ECD000BAA31BFFBBA31CFFBCA31DFFBDA31EFF4C
:10ECE000BEA31FFFBFA320FFC0A321FFC1A322FF1C
:10ECF000C2A323FFC3A324FFC4A325FFC5A326FFEC
:10ED0000C6A327FFC7A328FFC8A329FFC9A32AFFBB
:10ED1000CAA32BFFCBA32CFFCCA32DFFCDA32EFF8B
:10ED2000CEA32FFFCFA330FFD0A331FFD1A332FF5B
:10ED3000D2A333FFD3A334FFD4A335FFD5A336FF2B
:10ED4000D6A337FFD7A338FFD8A339FFD9A33AFFFB
:10ED5000DAA33BFFDBA33CFFDCA33DFFDDA33EFFCB
:10ED6000DEA33FFFDFA340FFE0A341FFE1A342FF9B
:10ED7000E2A343FFE3A344FFE4A345FFE5A346FF6B
:10ED8000E6A347FFE7A348FFE8A349FFE9A34AFF3B
:10ED9000EAA34BFFEBA34CFFECA34DFFEDA34EFF0B
:10EDA000EEA34FFFEFA350FFF0A351FFF1A352FFDB
:10EDB000F2A353FFF3A354FFF4A355FFF5A356FFAB
:10EDC000F6A357FFF7A358FFF8A359FFF9A35AFF7B
:10EDD000FAA35BFFFBA35CFFFCA35DFFFDA35EFF4B
:10EDE000ABA1E0FFE9A1E1FFEAA1E2FF56A9E3FF41
:10EDF000FEA3E4FF57A9E5FFA4A3000000008000E4
:10EE0000AC204081024E4181044E4281054E438137
:10EE1000064E44810F4E4581124E4681174E478162
:10EE20001F4E4881204E4981214E4A81234E4B81FD
:10EE3000264E4C81294E4D812E4E4E812F4E4F81B4
:10EE4000314E5081334E5181354E5281374E538170
:10EE50003C4E5481404E5581414E5681424E578121
:10EE6000444E5881464E59814A4E5A81514E5B81DB
:10EE7000554E5C81574E5D815A4E5E815B4E5F817F
:10EE8000624E6081634E6181644E6281654E638132
:10EE9000674E6481684E65816A4E66816B4E6781FC
:10EEA0006C4E68816D4E69816E4E6A816F4E6B81CA
:10EEB000724E6C81744E6D81754E6E81764E6F818F
:10EEC000774E7081784E7181794E72817A4E73815E
:10EED0007B4E74817C4E75817D4E76817F4E77812D
:10EEE000804E7881814E7981824E7A81834E7B81FA
:10EEF000844E7C81854E7D81874E7E818A4E8081C5
:10EF0000904E8181964E8281974E8381994E848165
:10EF10009C4E85819D4E86819E4E8781A34E888121
:10EF2000AA4E8981AF4E8A81B04E8B81B14E8C81C1
:10EF3000B44E8D81B64E8E81B74E8F81B84E908182
:10EF4000B94E9181BC4E9281BD4E9381BE4E94814B
:10EF5000C84E9581CC4E9681CF4E9781D04E9881E8
:10EF6000D24E9981DA4E9A81DB4E9B81DC4E9C8198
:10EF7000E04E9D81E24E9E81E64E9F81E74EA0814C
:10EF8000E94EA181ED4EA281EE4EA381EF4EA48108
:10EF9000F14EA581F44EA681F84EA781F94EA881C5
:10EFA000FA4EA981FC4EAA81FE4EAB81004FAC8186
:10EFB000024FAD81034FAE81044FAF81054FB08149
:10EFC000064FB181074FB281084FB3810B4FB48117
:10EFD0000C4FB581124FB681134FB781144FB881D2
:10EFE000154FB981164FBA811C4FBB811D4FBC8193
:10EFF000214FBD81234FBE81284FBF81294FC08142
:10F000002C4FC1812D4FC2812E4FC381314FC481FE
:10F01000334FC581354FC681374FC781394FC881BE
:10F020003B4FC9813E4FCA813F4FCB81404FCC817E
:10F03000414FCD81424FCE81444FCF81454FD0814A
:10F04000474FD181484FD281494FD3814A4FD48114
:10F050004B4FD5814C4FD681524FD781544FD881D9
:10F06000564FD981614FDA81624FDB81664FDC8177
:10F07000684FDD816A4FDE816B4FDF816D4FE0812C
:10F080006E4FE181714FE281724FE381754FE481F0
:10F09000774FE581784FE681794FE7817A4FE881B4
:10F0A0007D4FE981804FEA81814FEB81824FEC8176
:10F0B000854FED81864FEE81874FEF818A4FF0813A
:10F0C0008C4FF1818E4FF281904FF381924FF481FA
:10F0D000934FF581954FF681964FF781984FF881C0
:10F0E000994FF9819A4FFA819C4FFB819E4FFC8189
:10F0F0009F4FFD81A14FFE81A24F4082A44F4182CC
:10F10000AB4F4282AD4F4382B04F4482B14F4582F4
:10F11000B24F4682B34F4782B44F4882B64F4982BE
:10F12000B74F4A82B84F4B82B94F4C82BA4F4D828B
:10F13000BB4F4E82BC4F4F82BD4F5082BE4F51825B
:10F14000C04F5282C14F5382C24F5482C64F558224
:10F15000C74F5682C84F5782C94F5882CB4F5982EA
:10F16000CC4F5A82CD4F5B82D24F5C82D34F5D82AF
:10F17000D44F5E82D54F5F82D64F6082D94F618275
:10F18000DB4F6282E04F6382E24F6482E44F65822C
:10F19000E54F6682E74F6782EB4F6882EC4F6982EA
:10F1A000F04F6A82F24F6B82F44F6C82F54F6D82A2
:10F1B000F64F6E82F74F6F82F94F7082FB4F71826C
:10F1C000FC4F7282FD4F7382FF4F74820050758234
:10F1D00001507682025077820350788204507982FF
:10F1E00005507A8206507B8207507C8208507D82CF
:10F1F00009507E820A5080820B5081820E5082829A
:10F20000105083821150848213508582155086825B
:10F2100016508782175088821B5089821D508A821F
:10F220001E508B8220508C8222508D8223508E82E1
:10F2300024508F82275090822B5091822F5092829F
:10F24000305093823150948232509582335096825E
:10F2500034509782355098823650998237509A822E
:10F2600038509B8239509C823B509D823D509E82FB
:10F270003F509F824050A0824150A1824250A282C2
:10F280004450A3824550A4824650A5824950A6828C
:10F290004A50A7824B50A8824D50A9825050AA8252
:10F2A0005150AB825250AC825350AD825450AE821A
:10F2B0005650AF825750B0825850B1825950B282E6
:10F2C0005B50B3825D50B4825E50B5825F50B682AF
:10F2D0006050B7826150B8826250B9826350BA827E
:10F2E0006450BB826650BC826750BD826850BE824B
:10F2F0006950BF826A50C0826B50C1826D50C28219
:10F300006E50C3826F50C4827050C5827150C682E5
:10F310007250C7827350C8827450C9827550CA82B5
:10F320007850CB827950CC827A50CD827C50CE827C
:10F330007D50CF828150D0828250D1828350D28240
:10F340008450D3828650D4828750D5828950D68209
:10F350008A50D7828B50D8828C50D9828E50DA82D4
:10F360008F50DB829050DC829150DD829250DE82A1
:10F370009350DF829450E0829550E1829650E28271
:10F380009750E3829850E4829950E5829A50E68241
:10F390009B50E7829C50E8829D50E9829E50EA8211
:10F3A0009F50EB82A050EC82A150ED82A250EE82E1
:10F3B000A450EF82A650F082AA50F182AB50F282A4
:10F3C000AD50F382AE50F482AF50F582B050F68269
:10F3D000B150F782B350F882B450F982B550FA8236
:10F3E000B650FB82B750FC82B850FD82B950FE8205
:10F3F000BC504083BD504183BE504283BF504383C5
:10F40000C0504483C1504583C2504683C350478394
:10F41000C4504883C5504983C6504A83C7504B8364
:10F42000C8504C83C9504D83CA504E83CB504F8334
:10F43000CC505083CD505183CE505283D050538303
:10F44000D1505483D2505583D3505683D4505783D0
:10F45000D5505883D7505983D8505A83D9505B839D
:10F46000DB505C83DC505D83DD505E83DE505F8368
:10F47000DF506083E0506183E1506283E250638338
:10F48000E3506483E4506583E5506683E850678306
:10F49000E9506883EA506983EB506A83EF506B83CD
:10F4A000F0506C83F1506D83F2506E83F4506F8393
:10F4B000F6507083F7507183F8507283F95073835C
:10F4C000FA507483FC507583FD507683FE50778329
:10F4D000FF5078830051798301517A8302517B83F5
:10F4E00003517C8304517D8305517E8308518083C1
:10F4F000095181830A5182830C5183830D51848386
:10F500000E5185830F518683105187831151888353
:10F510001351898314518A8315518B8316518C831F
:10F5200017518D8318518E8319518F831A519083EF
:10F530001B5191831C5192831D5193831E519483BF
:10F540001F5195832051968322519783235198838D
:10F550002451998325519A8326519B8327519C835B
:10F5600028519D8329519E832A519F832B51A0832B
:10F570002C51A1832D51A2832E51A3832F51A483FB
:10F580003051A5833151A6833251A7833351A883CB
:10F590003451A9833551AA833651AB833751AC839B
:10F5A0003851AD833951AE833A51AF833B51B0836B
:10F5B0003C51B1833D51B2833E51B3834251B48338
:10F5C0004751B5834A51B6834C51B7834E51B883E6
:10F5D0004F51B9835051BA835251BB835351BC83AD
:10F5E0005751BD835851BE835951BF835B51C0836E
:10F5F0005D51C1835E51C2835F51C3836051C48337
:10F600006151C5836351C6836451C7836651C88302
:10F610006751C9836951CA836A51CB836F51CC83C7
:10F620007251CD837A51CE837E51CF837F51D08367
:10F630008351D1838451D2838651D3838751D4831C
:10F640008A51D5838B51D6838E51D7838F51D883DE
:10F650009051D9839151DA839351DB839451DC83A8
:10F660009851DD839A51DE839D51DF839E51E08363
:10F670009F51E183A151E283A351E383A651E48327
:10F68000A751E583A851E683A951E783AA51E883EE
:10F69000AD51E983AE51EA83B451EB83B851EC83A9
:10F6A000B951ED83BA51EE83BE51EF83BF51F08360
:10F6B000C151F183C251F283C351F383C551F48325
:10F6C000C851F583CA51F683CD51F783CE51F883E3
:10F6D000D051F983D251FA83D351FB83D451FC83A7
:10F6E000D551FD83D651FE83D7514084D8514184F2
:10F6F000D9514284DA514384DC514484DE5145843B
:10F70000DF514684E2514784E3514884E5514984FE
:10F71000E6514A84E7514B84E8514C84E9514D84C9
:10F72000EA514E84EC514F84EE515084F151518492
:10F73000F2515284F4515384F7515484FE5155844C
:10F740000452568405525784095258840B525984E6
:10F750000C525A840F525B8410525C8413525D84A5
:10F7600014525E8415525F841C5260841E52618460
:10F770001F5262842152638422526484235265841E
:10F780002552668426526784275268842A526984E7
:10F790002C526A842F526B8431526C8432526D84A5
:10F7A00034526E8435526F843C5270843E52718460
:10F7B000445272844552738446527484475275840D
:10F7C00048527684495277844B5278844E527984D9
:10F7D0004F527A8452527B8453527C8455527D849A
:10F7E00057527E8458528084595281845A5282845E
:10F7F0005B5283845D5284845F5285846052868428
:10F8000062528784635288846452898466528A84EF
:10F8100068528B846B528C846C528D846D528E84B2
:10F820006E528F847052908471529184735292847C
:10F830007452938475529484765295847752968448
:10F8400078529784795298847A5299847B529A8418
:10F850007C529B847E529C8480529D8483529E84E1
:10F8600084529F848552A0848652A1848752A284A8
:10F870008952A3848A52A4848B52A5848C52A68474
:10F880008D52A7848E52A8848F52A9849152AA8443
:10F890009252AB849452AC849552AD849652AE840D
:10F8A0009752AF849852B0849952B1849A52B284DC
:10F8B0009C52B384A452B484A552B584A652B68493
:10F8C000A752B784AE52B884AF52B984B052BA844A
:10F8D000B452BB84B552BC84B652BD84B752BE8408
:10F8E000B852BF84B952C084BA52C184BB52C284D8
:10F8F000BC52C384BD52C484C052C584C152C684A4
:10F90000C252C784C452C884C552C984C652CA846C
:10F91000C852CB84CA52CC84CC52CD84CD52CE8432
:10F92000CE52CF84CF52D084D152D184D352D284FC
:10F93000D452D384D552D484D752D584D952D684C4
:10F94000DA52D784DB52D884DC52D984DD52DA848F
:10F95000DE52DB84E052DC84E152DD84E252DE845C
:10F96000E352DF84E552E084E652E184E752E28428
:10F97000E852E384E952E484EA52E584EB52E684F7
:10F98000EC52E784ED52E884EE52E984EF52EA84C7
:10F99000F152EB84F252EC84F352ED84F452EE8493
:10F9A000F552EF84F652F084F752F184F852F28463
:10F9B000FB52F384FC52F484FD52F5840153F68427
:10F9C0000253F7840353F8840453F9840753FA84E9
:10F9D0000953FB840A53FC840B53FD840C53FE84AF
:10F9E0000E5340851153418512534285135343856D
:10F9F00014534485185345851B5346851C5347852E
:10FA00001E5348851F53498522534A8524534B85ED
:10FA100025534C8527534D8528534E8529534F85B3
:10FA20002B5350852C5351852D5352852F5353857D
:10FA3000305354853153558532535685335357854A
:10FA4000345358853553598536535A8537535B851A
:10FA500038535C853C535D853D535E8540535F85DF
:10FA60004253608544536185465362854B53638599
:10FA70004C5364854D536585505366855453678553
:10FA800058536885595369855B536A855D536B8507
:10FA900065536C8568536D856A536E856C536F85AD
:10FAA0006D53708572537185765372857953738562
:10FAB0007B5374857C5375857D5376857E5377851E
:10FAC000805378858153798583537A8587537B85E5
:10FAD00088537C858A537D858E537E858F538085A0
:10FAE0009053818591538285925383859353848566
:10FAF0009453858596538685975387859953888532
:10FB00009B5389859C538A859E538B85A0538C85F6
:10FB1000A1538D85A4538E85A7538F85AA539085B5
:10FB2000AB539185AC539285AD539385AF53948578
:10FB3000B0539585B1539685B2539785B353988545
:10FB4000B4539985B5539A85B7539B85B8539C8513
:10FB5000B9539D85BA539E85BC539F85BD53A085DF
:10FB6000BE53A185C053A285C353A385C453A485A6
:10FB7000C553A585C653A685C753A785CE53A8856B
:10FB8000CF53A985D053AA85D253AB85D353AC8527
:10FB9000D553AD85DA53AE85DC53AF85DD53B085E3
:10FBA000DE53B185E153B285E253B385E753B485A3
:10FBB000F453B585FA53B685FE53B785FF53B88520
:10FBC0000054B9850254BA850554BB850754BC85D9
:10FBD0000B54BD851454BE851854BF851954C08577
:10FBE0001A54C1851C54C2852254C3852454C4852B
:10FBF0002554C5852A54C6853054C7853354C885D5
:10FC00003654C9853754CA853A54CB853D54CC8582
:10FC10003F54CD854154CE854254CF854454D08540
:10FC20004554D1854754D2854954D3854C54D48505
:10FC30004D54D5854E54D6854F54D7855154D885CB
:10FC40005A54D9855D54DA855E54DB855F54DC8572
:10FC50006054DD856154DE856354DF856554E0853D
:10FC60006754E1856954E2856A54E3856B54E48501
:10FC70006C54E5856D54E6856E54E7856F54E885D0
:10FC80007054E9857454EA857954EB857A54EC858F
:10FC90007E54ED857F54EE858154EF858354F08545
:10FCA0008554F1858754F2858854F3858954F48509
:10FCB0008A54F5858D54F6859154F7859354F885CB
:10FCC0009754F9859854FA859C54FB859E54FC857D
:10FCD0009F54FD85A054FE85A1544086A2544186C0
:10FCE000A5544286AE544386B0544486B2544586E9
:10FCF000B5544686B6544786B7544886B9544986A3
:10FD0000BA544A86BC544B86BE544C86C3544D8666
:10FD1000C5544E86CA544F86CB545086D65451860D
:10FD2000D8545286DB545386E0545486E1545586A9
:10FD3000E2545686E3545786E4545886EB54598669
:10FD4000EC545A86EF545B86F0545C86F1545D8621
:10FD5000F4545E86F5545F86F6546086F7546186E7
:10FD6000F8546286F9546386FB546486FE546586B3
:10FD70000055668602556786035568860455698670
:10FD800005556A8608556B860A556C860B556D8637
:10FD90000C556E860D556F860E5570861255718600
:10FDA00013557286155573861655748617557586C4
:10FDB00018557686195577861A5578861C55798692
:10FDC0001D557A861E557B861F557C8621557D865E
:10FDD00025557E862655808628558186295582861A
:10FDE0002B5583862D5584863255858634558686D7
:10FDF00035558786365588863855898639558A8699
:10FE00003A558B863B558C863D558D8640558E8662
:10FE100042558F864555908647559186485592861E
:10FE20004B5593864C5594864D5595864E559686E2
:10FE30004F559786515598865255998653559A86AF
:10FE400054559B8657559C8658559D8659559E8678
:10FE50005A559F865B55A0865D55A1865E55A28644
:10FE60005F55A3866055A4866255A5866355A68610
:10FE70006855A7866955A8866B55A9866F55AA86C9
:10FE80007055AB867155AC867255AD867355AE868E
:10FE90007455AF867955B0867A55B1867D55B28650
:10FEA0007F55B3868555B4868655B5868C55B686FE
:10FEB0008D55B7868E55B8869055B9869255BA86B7
:10FEC0009355BB869555BC869655BD869755BE867F
:10FED0009A55BF869B55C0869E55C186A055C28641
:10FEE000A155C386A255C486A355C586A455C6860A
:10FEF000A555C786A655C886A855C986A955CA86D8
:10FF0000AA55CB86AB55CC86AC55CD86AD55CE86A5
:10FF1000AE55CF86AF55D086B055D186B255D28674
:10FF2000B455D386B655D486B855D586BA55D68637
:10FF3000BC55D786BF55D886C055D986C155DA86F7
:10FF4000C255DB86C355DC86C655DD86C755DE86C1
:10FF5000C855DF86CA55E086CB55E186CE55E28688
:10FF6000CF55E386D055E486D555E586D755E68648
:10FF7000D855E786D955E886DA55E986DB55EA860D
:10FF8000DE55EB86E055EC86E255ED86E755EE86CC
:10FF9000E955EF86ED55F086EE55F186F055F2867F
:10FFA000F155F386F455F486F655F586F855F68640
:10FFB000F955F786FA55F886FB55F986FC55FA8609
:10FFC000FF55FB860256FC860356FD860456FE86C8
:10FFD0000556408706564187075642870A5643878B
:10FFE0000B5644870D56458710564687115647874E
:10FFF000125648871356498714564A8715564B8719
:020000040802F0
:1000000016564C8717564D8719564E871A564F87E6
:100010001C5650871D5651872056528721565387AC
:100020002256548725565587265656872856578771
:10003000295658872A5659872B565A872E565B873A
:100040002F565C8730565D8733565E8735565F87FF
:1000500037566087385661873A5662873C566387C1
:100060003D5664873E56658740566687415667878A
:10007000425668874356698744566A8745566B8758
:1000800046566C8747566D8748566E8749566F8728
:100090004A5670874B5671874F56728750567387F2
:1000A00051567487525675875356768755567787BB
:1000B000565678875A5679875B567A875D567B877E
:1000C0005E567C875F567D8760567E876156808747
:1000D000635681876556828766568387675684870D
:1000E0006D5685876E5686876F56878770568887C8
:1000F0007256898773568A8774568B8775568C8794
:1001000077568D8778568E8779568F877A5690875F
:100110007D5691877E5692877F5693878056948727
:1001200081569587825696878356978784569887F7
:100130008756998788569A8789569B878A569C87BF
:100140008B569D878C569E878D569F879056A0878D
:100150009156A1879256A2879456A3879556A48755
:100160009656A5879756A6879856A7879956A88723
:100170009A56A9879B56AA879C56AB879D56AC87F3
:100180009E56AD879F56AE87A056AF87A156B087C3
:10019000A256B187A456B287A556B387A656B48790
:1001A000A756B587A856B687A956B787AA56B8875F
:1001B000AB56B987AC56BA87AD56BB87AE56BC872F
:1001C000B056BD87B156BE87B256BF87B356C087FB
:1001D000B456C187B556C287B656C387B856C487CA
:1001E000B956C587BA56C687BB56C787BD56C88796
:1001F000BE56C987BF56CA87C056CB87C156CC8763
:10020000C256CD87C356CE87C456CF87C556D08732
:10021000C656D187C756D287C856D387C956D48702
:10022000CB56D587CC56D687CD56D787CE56D887CE
:10023000CF56D987D056DA87D156DB87D256DC879E
:10024000D356DD87D556DE87D656DF87D856E0876A
:10025000D956E187DC56E287E356E387E556E48723
:10026000E656E587E756E687E856E787E956E887E2
:10027000EA56E987EC56EA87EE56EB87EF56EC87AD
:10028000F256ED87F356EE87F656EF87F756F0876E
:10029000F856F187FB56F287FC56F3870057F48730
:1002A0000157F5870257F6870557F7870757F887ED
:1002B0000B57F9870C57FA870D57FB870E57FC87AA
:1002C0000F57FD871057FE871157408812574188F6
:1002D0001357428814574388155744881657458842
:1002E0001757468818574788195748881A57498812
:1002F0001B574A881D574B881E574C8820574D88DE
:1003000021574E8822574F882457508825575188A7
:1003100026575288275753882B575488315755886A
:100320003257568834575788355758883657598822
:1003300037575A8838575B883C575C883D575D88EB
:100340003F575E8841575F884357608844576188AC
:100350004557628846576388485764884957658877
:100360004B5766885257678853576888545769882F
:1003700055576A8856576B8858576C8859576D88F7
:1003800062576E8863576F886557708867577188A2
:100390006C5772886E577388705774887157758858
:1003A0007257768874577788755778887857798820
:1003B00079577A887A577B887D577C887E577D88E5
:1003C0007F577E88805780888157818887578288A9
:1003D00088578388895784888A5785888D57868867
:1003E0008E5787888F5788889057898891578A8831
:1003F00094578B8895578C8896578D8897578E88F9
:1004000098578F88995790889A5791889C579288C7
:100410009D5793889E5794889F579588A55796888F
:10042000A8579788AA579888AC579988AF579A8841
:10043000B0579B88B1579C88B3579D88B5579E8805
:10044000B6579F88B757A088B957A188BA57A288CE
:10045000BB57A388BC57A488BD57A588BE57A6889C
:10046000BF57A788C057A888C157A988C457AA886A
:10047000C557AB88C657AC88C757AD88C857AE8834
:10048000C957AF88CA57B088CC57B188CD57B28802
:10049000D057B388D157B488D357B588D657B688C4
:1004A000D757B788DB57B888DC57B988DE57BA8882
:1004B000E157BB88E257BC88E357BD88E557BE8843
:1004C000E657BF88E757C088E857C188E957C28810
:1004D000EA57C388EB57C488EC57C588EE57C688DF
:1004E000F057C788F157C888F257C988F357CA88A8
:1004F000F557CB88F657CC88F757CD88FB57CE8871
:10050000FC57CF88FE57D088FF57D1880158D28832
:100510000358D3880458D4880558D5880858D688F5
:100520000958D7880A58D8880C58D9880E58DA88BC
:100530000F58DB881058DC881258DD881358DE8885
:100540001458DF881658E0881758E1881858E28850
:100550001A58E3881B58E4881C58E5881D58E6881B
:100560001F58E7882258E8882358E9882558EA88E0
:100570002658EB882758EC882858ED882958EE88AB
:100580002B58EF882C58F0882D58F1882E58F28877
:100590002F58F3883158F4883258F5883358F68844
:1005A0003458F7883658F8883758F9883858FA8810
:1005B0003958FB883A58FC883B58FD883C58FE88DF
:1005C0003D5840893E5841893F58428940584389A7
:1005D0004158448942584589435846894558478976
:1005E000465848894758498948584A8949584B8943
:1005F0004A584C894B584D894E584E894F584F890F
:1006000050585089525851895358528955585389D6
:100610005658548957585589595856895A585789A0
:100620005B5858895C5859895D585A895F585B896D
:1006300060585C8961585D8962585E8963585F893A
:100640006458608966586189675862896858638907
:10065000695864896A5865896D5866896E586789D2
:100660006F5868897058698971586A8972586B899E
:1006700073586C8974586D8975586E8976586F896E
:100680007758708978587189795872897A5873893E
:100690007B5874897C5875897D5876897F5877890D
:1006A000825878898458798986587A8987587B89CD
:1006B00088587C898A587D898B587E898C58808996
:1006C0008D5881898E5882898F5883899058848962
:1006D000915885899458868995588789965888892C
:1006E0009758898998588A899B588B899C588C89F6
:1006F0009D588D89A0588E89A1588F89A2589089BC
:10070000A3589189A4589289A5589389A658948989
:10071000A7589589AA589689AB589789AC58988953
:10072000AD589989AE589A89AF589B89B0589C8921
:10073000B1589D89B2589E89B3589F89B458A089F1
:10074000B558A189B658A289B758A389B858A489C1
:10075000B958A589BA58A689BB58A789BD58A88990
:10076000BE58A989BF58AA89C058AB89C258AC895C
:10077000C358AD89C458AE89C658AF89C758B08927
:10078000C858B189C958B289CA58B389CB58B489F5
:10079000CC58B589CD58B689CE58B789CF58B889C5
:1007A000D058B989D258BA89D358BB89D458BC8992
:1007B000D658BD89D758BE89D858BF89D958C0895D
:1007C000DA58C189DB58C289DC58C389DD58C4892D
:1007D000DE58C589DF58C689E058C789E158C889FD
:1007E000E258C989E358CA89E558CB89E658CC89CB
:1007F000E758CD89E858CE89E958CF89EA58D08999
:10080000ED58D189EF58D289F158D389F258D4895B
:10081000F458D589F558D689F758D789F858D88922
:10082000FA58D989FB58DA89FC58DB89FD58DC89EC
:10083000FE58DD89FF58DE890059DF890159E089BA
:100840000359E1890559E2890659E3890859E48980
:100850000959E5890A59E6890B59E7890C59E8894C
:100860000E59E9891059EA891159EB891259EC8915
:100870001359ED891759EE891859EF891B59F089D9
:100880001D59F1891E59F2892059F3892159F4899A
:100890002259F5892359F6892659F7892859F88963
:1008A0002C59F9893059FA893259FB893359FC8915
:1008B0003559FD893659FE893B59408A3D59418A4F
:1008C0003E59428A3F59438A4059448A4359458A8E
:1008D0004559468A4659478A4A59488A4C59498A4D
:1008E0004D594A8A50594B8A52594C8A53594D8A0C
:1008F00059594E8A5B594F8A5C59508A5D59518AC1
:100900005E59528A5F59538A6159548A6359558A8C
:100910006459568A6659578A6759588A6859598A54
:1009200069595A8A6A595B8A6B595C8A6C595D8A23
:100930006D595E8A6E595F8A6F59608A7059618AF3
:100940007159628A7259638A7559648A7759658ABE
:100950007A59668A7B59678A7C59688A7E59698A7E
:100960007F596A8A80596B8A85596C8A89596D8A40
:100970008B596E8A8C596F8A8E59708A8F59718AF9
:100980009059728A9159738A9459748A9559758AC3
:100990009859768A9A59778A9B59788A9C59798A84
:1009A0009D597A8A9F597B8AA0597C8AA1597D8A50
:1009B000A2597E8AA659808AA759818AAC59828A0F
:1009C000AD59838AB059848AB159858AB359868AC8
:1009D000B459878AB559888AB659898AB7598A8A93
:1009E000B8598B8ABA598C8ABC598D8ABD598E8A5E
:1009F000BF598F8AC059908AC159918AC259928A27
:100A0000C359938AC459948AC559958AC759968AF5
:100A1000C859978AC959988ACC59998ACD599A8ABE
:100A2000CE599B8ACF599C8AD5599D8AD6599E8A80
:100A3000D9599F8ADB59A08ADE59A18ADF59A28A37
:100A4000E059A38AE159A48AE259A58AE459A68A01
:100A5000E659A78AE759A88AE959A98AEA59AA8AC8
:100A6000EB59AB8AED59AC8AEE59AD8AEF59AE8A93
:100A7000F059AF8AF159B08AF259B18AF359B28A62
:100A8000F459B38AF559B48AF659B58AF759B68A32
:100A9000F859B78AFA59B88AFC59B98AFD59BA8AFD
:100AA000FE59BB8A005ABC8A025ABD8A0A5ABE8ABB
:100AB0000B5ABF8A0D5AC08A0E5AC18A0F5AC28A6F
:100AC000105AC38A125AC48A145AC58A155AC68A39
:100AD000165AC78A175AC88A195AC98A1A5ACA8A04
:100AE0001B5ACB8A1D5ACC8A1E5ACD8A215ACE8ACD
:100AF000225ACF8A245AD08A265AD18A275AD28A91
:100B0000285AD38A2A5AD48A2B5AD58A2C5AD68A5A
:100B10002D5AD78A2E5AD88A2F5AD98A305ADA8A29
:100B2000335ADB8A355ADC8A375ADD8A385ADE8AEC
:100B3000395ADF8A3A5AE08A3B5AE18A3D5AE28AB8
:100B40003E5AE38A3F5AE48A415AE58A425AE68A83
:100B5000435AE78A445AE88A455AE98A475AEA8A50
:100B6000485AEB8A4B5AEC8A4C5AED8A4D5AEE8A17
:100B70004E5AEF8A4F5AF08A505AF18A515AF28AE5
:100B8000525AF38A535AF48A545AF58A565AF68AB4
:100B9000575AF78A585AF88A595AF98A5B5AFA8A80
:100BA0005C5AFB8A5D5AFC8A5E5AFD8A5F5AFE8A4D
:100BB000605A408B615A418B635A428B645A438B13
:100BC000655A448B665A458B685A468B695A478BDF
:100BD0006B5A488B6C5A498B6D5A4A8B6E5A4B8BA9
:100BE0006F5A4C8B705A4D8B715A4E8B725A4F8B79
:100BF000735A508B785A518B795A528B7B5A538B3C
:100C00007C5A548B7D5A558B7E5A568B805A578B03
:100C1000815A588B825A598B835A5A8B845A5B8BD0
:100C2000855A5C8B865A5D8B875A5E8B885A5F8BA0
:100C3000895A608B8A5A618B8B5A628B8C5A638B70
:100C40008D5A648B8E5A658B8F5A668B905A678B40
:100C5000915A688B935A698B945A6A8B955A6B8B0D
:100C6000965A6C8B975A6D8B985A6E8B995A6F8BDC
:100C70009C5A708B9D5A718B9E5A728B9F5A738BA4
:100C8000A05A748BA15A758BA25A768BA35A778B74
:100C9000A45A788BA55A798BA65A7A8BA75A7B8B44
:100CA000A85A7C8BA95A7D8BAB5A7E8BAC5A808B11
:100CB000AD5A818BAE5A828BAF5A838BB05A848BDC
:100CC000B15A858BB45A868BB65A878BB75A888BA4
:100CD000B95A898BBA5A8A8BBB5A8B8BBC5A8C8B6C
:100CE000BD5A8D8BBF5A8E8BC05A8F8BC35A908B37
:100CF000C45A918BC55A928BC65A938BC75A948B00
:100D0000C85A958BCA5A968BCB5A978BCD5A988BCB
:100D1000CE5A998BCF5A9A8BD05A9B8BD15A9C8B97
:100D2000D35A9D8BD55A9E8BD75A9F8BD95AA08B5D
:100D3000DA5AA18BDB5AA28BDD5AA38BDE5AA48B25
:100D4000DF5AA58BE25AA68BE45AA78BE55AA88BEB
:100D5000E75AA98BE85AAA8BEA5AAB8BEC5AAC8BB0
:100D6000ED5AAD8BEE5AAE8BEF5AAF8BF05AB08B7B
:100D7000F25AB18BF35AB28BF45AB38BF55AB48B47
:100D8000F65AB58BF75AB68BF85AB78BF95AB88B17
:100D9000FA5AB98BFB5ABA8BFC5ABB8BFD5ABC8BE7
:100DA000FE5ABD8BFF5ABE8B005BBF8B015BC08BB5
:100DB000025BC18B035BC28B045BC38B055BC48B83
:100DC000065BC58B075BC68B085BC78B0A5BC88B52
:100DD0000B5BC98B0C5BCA8B0D5BCB8B0E5BCC8B1F
:100DE0000F5BCD8B105BCE8B115BCF8B125BD08BEF
:100DF000135BD18B145BD28B155BD38B185BD48BBD
:100E0000195BD58B1A5BD68B1B5BD78B1C5BD88B86
:100E10001D5BD98B1E5BDA8B1F5BDB8B205BDC8B56
:100E2000215BDD8B225BDE8B235BDF8B245BE08B26
:100E3000255BE18B265BE28B275BE38B285BE48BF6
:100E4000295BE58B2A5BE68B2B5BE78B2C5BE88BC6
:100E50002D5BE98B2E5BEA8B2F5BEB8B305BEC8B96
:100E6000315BED8B335BEE8B355BEF8B365BF08B61
:100E7000385BF18B395BF28B3A5BF38B3B5BF48B2A
:100E80003C5BF58B3D5BF68B3E5BF78B3F5BF88BFA
:100E9000415BF98B425BFA8B435BFB8B445BFC8BC6
:100EA000455BFD8B465BFE8B475B408C485B418C12
:100EB000495B428C4A5B438C4B5B448C4C5B458C5E
:100EC0004D5B468C4E5B478C4F5B488C525B498C2C
:100ED000565B4A8C5E5B4B8C605B4C8C615B4D8CD3
:100EE000675B4E8C685B4F8C6B5B508C6D5B518C81
:100EF0006E5B528C6F5B538C725B548C745B558C45
:100F0000765B568C775B578C785B588C795B598C09
:100F10007B5B5A8C7C5B5B8C7E5B5C8C7F5B5D8CD3
:100F2000825B5E8C865B5F8C8A5B608C8D5B618C88
:100F30008E5B628C905B638C915B648C925B658C46
:100F4000945B668C965B678C9F5B688CA75B698CF7
:100F5000A85B6A8CA95B6B8CAC5B6C8CAD5B6D8C9D
:100F6000AE5B6E8CAF5B6F8CB15B708CB25B718C67
:100F7000B75B728CBA5B738CBB5B748CBC5B758C1F
:100F8000C05B768CC15B778CC35B788CC85B798CDB
:100F9000C95B7A8CCA5B7B8CCB5B7C8CCD5B7D8C9C
:100FA000CE5B7E8CCF5B808CD15B818CD45B828C62
:100FB000D55B838CD65B848CD75B858CD85B868C29
:100FC000D95B878CDA5B888CDB5B898CDC5B8A8CF9
:100FD000E05B8B8CE25B8C8CE35B8D8CE65B8E8CB8
:100FE000E75B8F8CE95B908CEA5B918CEB5B928C7E
:100FF000EC5B938CED5B948CEF5B958CF15B968C4A
:10100000F25B978CF35B988CF45B998CF55B9A8C14
:10101000F65B9B8CF75B9C8CFD5B9D8CFE5B9E8CDA
:10102000005C9F8C025CA08C035CA18C055CA28C94
:10103000075CA38C085CA48C0B5CA58C0C5CA68C58
:101040000D5CA78C0E5CA88C105CA98C125CAA8C21
:10105000135CAB8C175CAC8C195CAD8C1B5CAE8CE0
:101060001E5CAF8C1F5CB08C205CB18C215CB28CA0
:10107000235CB38C265CB48C285CB58C295CB68C64
:101080002A5CB78C2B5CB88C2D5CB98C2E5CBA8C2E
:101090002F5CBB8C305CBC8C325CBD8C335CBE8CFA
:1010A000355CBF8C365CC08C375CC18C435CC28CB9
:1010B000445CC38C465CC48C475CC58C4C5CC68C61
:1010C0004D5CC78C525CC88C535CC98C545CCA8C18
:1010D000565CCB8C575CCC8C585CCD8C5A5CCE8CDF
:1010E0005B5CCF8C5C5CD08C5D5CD18C5F5CD28CAB
:1010F000625CD38C645CD48C675CD58C685CD68C69
:10110000695CD78C6A5CD88C6B5CD98C6C5CDA8C33
:101110006D5CDB8C705CDC8C725CDD8C735CDE8CFB
:10112000745CDF8C755CE08C765CE18C775CE28CC7
:10113000785CE38C7B5CE48C7C5CE58C7D5CE68C91
:101140007E5CE78C805CE88C835CE98C845CEA8C58
:10115000855CEB8C865CEC8C875CED8C895CEE8C22
:101160008A5CEF8C8B5CF08C8E5CF18C8F5CF28CEB
:10117000925CF38C935CF48C955CF58C9D5CF68CA6
:101180009E5CF78C9F5CF88CA05CF98CA15CFA8C5F
:10119000A45CFB8CA55CFC8CA65CFD8CA75CFE8C27
:1011A000A85C408DAA5C418DAE5C428DAF5C438DE6
:1011B000B05C448DB25C458DB45C468DB65C478DA9
:1011C000B95C488DBA5C498DBB5C4A8DBC5C4B8D6B
:1011D000BE5C4C8DC05C4D8DC25C4E8DC35C4F8D32
:1011E000C55C508DC65C518DC75C528DC85C538DFB
:1011F000C95C548DCA5C558DCC5C568DCD5C578DC9
:10120000CE5C588DCF5C598DD05C5A8DD15C5B8D96
:10121000D35C5C8DD45C5D8DD55C5E8DD65C5F8D62
:10122000D75C608DD85C618DDA5C628DDB5C638D30
:10123000DC5C648DDD5C658DDE5C668DDF5C678DFE
:10124000E05C688DE25C698DE35C6A8DE75C6B8DC8
:10125000E95C6C8DEB5C6D8DEC5C6E8DEE5C6F8D86
:10126000EF5C708DF15C718DF25C728DF35C738D4F
:10127000F45C748DF55C758DF65C768DF75C778D1E
:10128000F85C788DF95C798DFA5C7A8DFC5C7B8DED
:10129000FD5C7C8DFE5C7D8DFF5C7E8D005D808DB8
:1012A000015D818D045D828D055D838D085D848D7A
:1012B000095D858D0A5D868D0B5D878D0C5D888D42
:1012C0000D5D898D0F5D8A8D105D8B8D115D8C8D0F
:1012D000125D8D8D135D8E8D155D8F8D175D908DDB
:1012E000185D918D195D928D1A5D938D1C5D948DA5
:1012F0001D5D958D1F5D968D205D978D215D988D6F
:10130000225D998D235D9A8D255D9B8D285D9C8D39
:101310002A5D9D8D2B5D9E8D2C5D9F8D2F5DA08DFB
:10132000305DA18D315DA28D325DA38D335DA48DC5
:10133000355DA58D365DA68D375DA78D385DA88D91
:10134000395DA98D3A5DAA8D3B5DAB8D3C5DAC8D61
:101350003F5DAD8D405DAE8D415DAF8D425DB08D29
:10136000435DB18D445DB28D455DB38D465DB48DF9
:10137000485DB58D495DB68D4D5DB78D4E5DB88DBF
:101380004F5DB98D505DBA8D515DBB8D525DBC8D89
:10139000535DBD8D545DBE8D555DBF8D565DC08D59
:1013A000575DC18D595DC28D5A5DC38D5C5DC48D25
:1013B0005E5DC58D5F5DC68D605DC78D615DC88DED
:1013C000625DC98D635DCA8D645DCB8D655DCC8DBD
:1013D000665DCD8D675DCE8D685DCF8D6A5DD08D8C
:1013E0006D5DD18D6E5DD28D705DD38D715DD48D4F
:1013F000725DD58D735DD68D755DD78D765DD88D1B
:10140000775DD98D785DDA8D795DDB8D7A5DDC8DE8
:101410007B5DDD8D7C5DDE8D7D5DDF8D7E5DE08DB8
:101420007F5DE18D805DE28D815DE38D835DE48D87
:10143000845DE58D855DE68D865DE78D875DE88D54
:10144000885DE98D895DEA8D8A5DEB8D8B5DEC8D24
:101450008C5DED8D8D5DEE8D8E5DEF8D8F5DF08DF4
:10146000905DF18D915DF28D925DF38D935DF48DC4
:10147000945DF58D955DF68D965DF78D975DF88D94
:10148000985DF98D9A5DFA8D9B5DFB8D9C5DFC8D61
:101490009E5DFD8D9F5DFE8DA05D408EA15D418EA8
:1014A000A25D428EA35D438EA45D448EA55D458EF4
:1014B000A65D468EA75D478EA85D488EA95D498EC4
:1014C000AA5D4A8EAB5D4B8EAC5D4C8EAD5D4D8E94
:1014D000AE5D4E8EAF5D4F8EB05D508EB15D518E64
:1014E000B25D528EB35D538EB45D548EB55D558E34
:1014F000B65D568EB85D578EB95D588EBA5D598E01
:10150000BB5D5A8EBC5D5B8EBD5D5C8EBE5D5D8ECF
:10151000BF5D5E8EC05D5F8EC15D608EC25D618E9F
:10152000C35D628EC45D638EC65D648EC75D658E6D
:10153000C85D668EC95D678ECA5D688ECB5D698E3B
:10154000CC5D6A8ECE5D6B8ECF5D6C8ED05D6D8E08
:10155000D15D6E8ED25D6F8ED35D708ED45D718ED7
:10156000D55D728ED65D738ED75D748ED85D758EA7
:10157000D95D768EDA5D778EDC5D788EDF5D798E73
:10158000E05D7A8EE35D7B8EE45D7C8EEA5D7D8E30
:10159000EC5D7E8EED5D808EF05D818EF55D828EE0
:1015A000F65D838EF85D848EF95D858EFA5D868E9C
:1015B000FB5D878EFC5D888EFF5D898E005E8A8E66
:1015C000045E8B8E075E8C8E095E8D8E0A5E8E8E1B
:1015D0000B5E8F8E0D5E908E0E5E918E125E928EE1
:1015E000135E938E175E948E1E5E958E1F5E968E92
:1015F000205E978E215E988E225E998E235E9A8E53
:10160000245E9B8E255E9C8E285E9D8E295E9E8E1E
:101610002A5E9F8E2B5EA08E2C5EA18E2F5EA28EE8
:10162000305EA38E325EA48E335EA58E345EA68EAF
:10163000355EA78E365EA88E395EA98E3A5EAA8E7A
:101640003E5EAB8E3F5EAC8E405EAD8E415EAE8E3A
:10165000435EAF8E465EB08E475EB18E485EB28E00
:10166000495EB38E4A5EB48E4B5EB58E4D5EB68ECD
:101670004E5EB78E4F5EB88E505EB98E515EBA8E9A
:10168000525EBB8E535EBC8E565EBD8E575EBE8E66
:10169000585EBF8E595EC08E5A5EC18E5C5EC28E31
:1016A0005D5EC38E5F5EC48E605EC58E635EC68EF9
:1016B000645EC78E655EC88E665EC98E675ECA8EC2
:1016C000685ECB8E695ECC8E6A5ECD8E6B5ECE8E92
:1016D0006C5ECF8E6D5ED08E6E5ED18E6F5ED28E62
:1016E000705ED38E715ED48E755ED58E775ED68E2B
:1016F000795ED78E7E5ED88E815ED98E825EDA8EDE
:10170000835EDB8E855EDC8E885EDD8E895EDE8E9E
:101710008C5EDF8E8D5EE08E8E5EE18E925EE28E5E
:10172000985EE38E9B5EE48E9D5EE58EA15EE68E06
:10173000A25EE78EA35EE88EA45EE98EA85EEA8EC6
:10174000A95EEB8EAA5EEC8EAB5EED8EAC5EEE8E8D
:10175000AE5EEF8EAF5EF08EB05EF18EB15EF28E59
:10176000B25EF38EB45EF48EBA5EF58EBB5EF68E1C
:10177000BC5EF78EBD5EF88EBF5EF98EC05EFA8EDF
:10178000C15EFB8EC25EFC8EC35EFD8EC45EFE8EAD
:10179000C55E408FC65E418FC75E428FC85E438F75
:1017A000CB5E448FCC5E458FCD5E468FCE5E478F3D
:1017B000CF5E488FD05E498FD45E4A8FD55E4B8F07
:1017C000D75E4C8FD85E4D8FD95E4E8FDA5E4F8FCD
:1017D000DC5E508FDD5E518FDE5E528FDF5E538F99
:1017E000E05E548FE15E558FE25E568FE35E578F69
:1017F000E45E588FE55E598FE65E5A8FE75E5B8F39
:10180000E95E5C8FEB5E5D8FEC5E5E8FED5E5F8F01
:10181000EE5E608FEF5E618FF05E628FF15E638FD0
:10182000F25E648FF35E658FF55E668FF85E678F9C
:10183000F95E688FFB5E698FFC5E6A8FFD5E6B8F61
:10184000055F6C8F065F6D8F075F6E8F095F6F8F0F
:101850000C5F708F0D5F718F0E5F728F105F738FD3
:10186000125F748F145F758F165F768F195F778F95
:101870001A5F788F1C5F798F1D5F7A8F1E5F7B8F59
:10188000215F7C8F225F7D8F235F7E8F245F808F1F
:10189000285F818F2B5F828F2C5F838F2E5F848FD9
:1018A000305F858F325F868F335F878F345F888F9D
:1018B000355F898F365F8A8F375F8B8F385F8C8F6C
:1018C0003B5F8D8F3D5F8E8F3E5F8F8F3F5F908F31
:1018D000415F918F425F928F435F938F445F948FFC
:1018E000455F958F465F968F475F978F485F988FCC
:1018F000495F998F4A5F9A8F4B5F9B8F4C5F9C8F9C
:101900004D5F9D8F4E5F9E8F4F5F9F8F515FA08F6A
:10191000545FA18F595FA28F5A5FA38F5B5FA48F23
:101920005C5FA58F5E5FA68F5F5FA78F605FA88FEC
:10193000635FA98F655FAA8F675FAB8F685FAC8FAE
:101940006B5FAD8F6E5FAE8F6F5FAF8F725FB08F6B
:10195000745FB18F755FB28F765FB38F785FB48F2E
:101960007A5FB58F7D5FB68F7E5FB78F7F5FB88FF1
:10197000835FB98F865FBA8F8D5FBB8F8E5FBC8FA1
:101980008F5FBD8F915FBE8F935FBF8F945FC08F5E
:10199000965FC18F9A5FC28F9B5FC38F9D5FC48F1D
:1019A0009E5FC58F9F5FC68FA05FC78FA25FC88FE6
:1019B000A35FC98FA45FCA8FA55FCB8FA65FCC8FB3
:1019C000A75FCD8FA95FCE8FAB5FCF8FAC5FD08F7E
:1019D000AF5FD18FB05FD28FB15FD38FB25FD48F43
:1019E000B35FD58FB45FD68FB65FD78FB85FD88F10
:1019F000B95FD98FBA5FDA8FBB5FDB8FBE5FDC8FD9
:101A0000BF5FDD8FC05FDE8FC15FDF8FC25FE08FA2
:101A1000C75FE18FC85FE28FCA5FE38FCB5FE48F60
:101A2000CE5FE58FD35FE68FD45FE78FD55FE88F1A
:101A3000DA5FE98FDB5FEA8FDC5FEB8FDE5FEC8FD5
:101A4000DF5FED8FE25FEE8FE35FEF8FE55FF08F9B
:101A5000E65FF18FE85FF28FE95FF38FEC5FF48F61
:101A6000EF5FF58FF05FF68FF25FF78FF35FF88F20
:101A7000F45FF98FF65FFA8FF75FFB8FF95FFC8FEA
:101A8000FA5FFD8FFC5FFE8F076040900860419019
:101A9000096042900B6043900C6044901060459048
:101AA0001160469013604790176048901860499005
:101AB0001A604A901E604B901F604C9022604D90BF
:101AC00023604E9024604F902C6050902D60519078
:101AD0002E60529030605390316054903260559037
:101AE0003360569034605790366058903760599004
:101AF00038605A9039605B903A605C903D605D90D0
:101B00003E605E9040605F90446060904560619090
:101B10004660629047606390486064904960659059
:101B20004A6066904C6067904E6068904F60699024
:101B300051606A9053606B9054606C9056606D90E9
:101B400057606E9058606F905B6070905C607190B1
:101B50005E6072905F607390606074906160759079
:101B600065607690666077906E607890716079902D
:101B700072607A9074607B9075607C9077607D90E5
:101B80007E607E9080608090816081908260829093
:101B90008560839086608490876085908860869059
:101BA0008A6087908B6088908E6089908F608A9021
:101BB00090608B9091608C9093608D9095608E90EA
:101BC00097608F9098609090996091909C609290AF
:101BD0009E609390A1609490A2609590A46096906E
:101BE000A5609790A7609890A9609990AA609A9034
:101BF000AE609B90B0609C90B3609D90B5609E90ED
:101C0000B6609F90B760A090B960A190BA60A290B2
:101C1000BD60A390BE60A490BF60A590C060A69078
:101C2000C160A790C260A890C360A990C460AA9048
:101C3000C760AB90C860AC90C960AD90CC60AE900E
:101C4000CD60AF90CE60B090CF60B190D060B290D8
:101C5000D260B390D360B490D460B590D660B690A3
:101C6000D760B790D960B890DB60B990DE60BA9069
:101C7000E160BB90E260BC90E360BD90E460BE9028
:101C8000E560BF90EA60C090F160C190F260C290E0
:101C9000F560C390F760C490F860C590FB60C69093
:101CA000FC60C790FD60C890FE60C990FF60CA905C
:101CB0000261CB900361CC900461CD900561CE9020
:101CC0000761CF900A61D0900B61D1900C61D290E6
:101CD0001061D3901161D4901261D5901361D690A8
:101CE0001461D7901661D8901761D9901861DA9075
:101CF0001961DB901B61DC901C61DD901D61DE9041
:101D00001E61DF902161E0902261E1902561E29007
:101D10002861E3902961E4902A61E5902C61E690C6
:101D20002D61E7902E61E8902F61E9903061EA9093
:101D30003161EB903261EC903361ED903461EE9063
:101D40003561EF903661F0903761F1903861F29033
:101D50003961F3903A61F4903B61F5903C61F69003
:101D60003D61F7903E61F8904061F9904161FA90D1
:101D70004261FB904361FC904461FD904561FE909F
:101D80004661409147614191496142914B61439164
:101D90004D6144914F614591506146915261479127
:101DA000536148915461499156614A9157614B91F1
:101DB00058614C9159614D915A614E915B614F91BF
:101DC0005C6150915E6151915F615291606153918C
:101DD0006161549163615591646156916561579158
:101DE00066615891696159916A615A916B615B9121
:101DF0006C615C916D615D916E615E916F615F91EF
:101E000071616091726161917361629174616391BA
:101E10007661649178616591796166917A61679183
:101E20007B6168917C6169917D616A917E616B9152
:101E30007F616C9180616D9181616E9182616F9122
:101E400083617091846171918561729186617391F2
:101E50008761749188617591896176918A617791C2
:101E60008C6178918D6179918F617A9190617B918C
:101E700091617C9192617D9193617E919561809158
:101E80009661819197618291986183919961849122
:101E90009A6185919B6186919C6187919E618891F1
:101EA0009F618991A0618A91A1618B91A2618C91BE
:101EB000A3618D91A4618E91A5618F91A66190918E
:101EC000AA619191AB619291AD619391AE61949150
:101ED000AF619591B0619691B1619791B26198911E
:101EE000B3619991B4619A91B5619B91B6619C91EE
:101EF000B8619D91B9619E91BA619F91BB61A091BA
:101F0000BC61A191BD61A291BF61A391C061A49187
:101F1000C161A591C361A691C461A791C561A89152
:101F2000C661A991C761AA91C961AB91CC61AC911D
:101F3000CD61AD91CE61AE91CF61AF91D061B091E5
:101F4000D361B191D561B291D661B391D761B491AA
:101F5000D861B591D961B691DA61B791DB61B89179
:101F6000DC61B991DD61BA91DE61BB91DF61BC9149
:101F7000E061BD91E161BE91E261BF91E361C09119
:101F8000E461C191E561C291E761C391E861C491E7
:101F9000E961C591EA61C691EB61C791EC61C891B5
:101FA000ED61C991EE61CA91EF61CB91F061CC9185
:101FB000F161CD91F261CE91F361CF91F461D09155
:101FC000F661D191F761D291F861D391F961D49121
:101FD000FA61D591FB61D691FC61D791FD61D891F1
:101FE000FE61D9910062DA910162DB910262DC91BB
:101FF0000362DD910462DE910562DF910762E09188
:102000000962E1911362E2911462E3911962E49131
:102010001C62E5911D62E6911E62E7912062E891E3
:102020002362E9912662EA912762EB912862EC91A2
:102030002962ED912B62EE912D62EF912F62F0916A
:102040003062F1913162F2913262F3913562F49132
:102050003662F5913862F6913962F7913A62F891F9
:102060003B62F9913C62FA914262FB914462FC91BD
:102070004562FD914662FE914A6240924F624192F2
:102080005062429255624392566244925762459220
:10209000596246925A6247925C6248925D624992E6
:1020A0005E624A925F624B9260624C9261624D92B4
:1020B00062624E9264624F9265625092686251927F
:1020C0007162529272625392746254927562559226
:1020D00077625692786257927A6258927B625992EE
:1020E0007D625A9281625B9282625C9283625D92AF
:1020F00085625E9286625F92876260928862619278
:102100008B6262928C6263928D6264928E6265923F
:102110008F62669290626792946268929962699205
:102120009C626A929D626B929E626C92A3626D92B7
:10213000A6626E92A7626F92A9627092AA62719271
:10214000AD627292AE627392AF627492B062759237
:10215000B2627692B3627792B4627892B662799202
:10216000B7627A92B8627B92BA627C92BE627D92CA
:10217000C0627E92C1628092C3628192CB6282927F
:10218000CF628392D1628492D5628592DD6286921B
:10219000DE628792E0628892E1628992E4628A92CA
:1021A000EA628B92EB628C92F0628D92F2628E9276
:1021B000F5628F92F8629092F9629192FA6292922D
:1021C000FB629392006394920363959204639692E8
:1021D00005639792066398920A6399920B639A92A9
:1021E0000C639B920D639C920F639D9210639E9271
:1021F00012639F921363A0921463A1921563A2923B
:102200001763A3921863A4921963A5921C63A69204
:102210002663A7922763A8922963A9922C63AA92A6
:102220002D63AB922E63AC923063AD923163AE926C
:102230003363AF923463B0923563B1923663B29236
:102240003763B3923863B4923B63B5923C63B69202
:102250003E63B7923F63B8924063B9924163BA92CA
:102260004463BB924763BC924863BD924A63BE928B
:102270005163BF925263C0925363C1925463C2923E
:102280005663C3925763C4925863C5925963C6920A
:102290005A63C7925B63C8925C63C9925D63CA92DA
:1022A0006063CB926463CC926563CD926663CE9299
:1022B0006863CF926A63D0926B63D1926C63D2925F
:1022C0006F63D3927063D4927263D5927363D69224
:1022D0007463D7927563D8927863D9927963DA92EE
:1022E0007C63DB927D63DC927E63DD927F63DE92B2
:1022F0008163DF928363E0928463E1928563E2927B
:102300008663E3928B63E4928D63E5929163E69238
:102310009363E7929463E8929563E9929763EA92F4
:102320009963EB929A63EC929B63ED929C63EE92BD
:102330009D63EF929E63F0929F63F192A163F2928C
:10234000A463F392A663F492AB63F592AF63F69243
:10235000B163F792B263F892B563F992B663FA92F9
:10236000B963FB92BB63FC92BD63FD92BF63FE92B7
:10237000C0634093C1634193C2634293C363439379
:10238000C5634493C7634593C8634693CA63479341
:10239000CB634893CC634993D1634A93D3634B9304
:1023A000D4634C93D5634D93D7634E93D8634F93C7
:1023B000D9635093DA635193DB635293DC63539395
:1023C000DD635493DF635593E2635693E46357935D
:1023D000E5635893E6635993E7635A93E8635B9325
:1023E000EB635C93EC635D93EE635E93EF635F93EB
:1023F000F0636093F1636193F3636293F5636393B6
:10240000F7636493F9636593FA636693FB63679379
:10241000FC636893FE63699303646A9304646B933B
:1024200006646C9307646D9308646E9309646F93FC
:102430000A6470930D6471930E64729311647393C4
:102440001264749315647593166476931764779386
:1024500018647893196479931A647A931D647B9352
:102460001F647C9322647D9323647E932464809311
:1024700025648193276482932864839329648493D9
:102480002B6485932E6486932F648793306488939E
:102490003164899332648A9333648B9335648C936B
:1024A00036648D9337648E9338648F933964909338
:1024B0003B6491933C6492933E6493934064949301
:1024C0004264959343649693496497934B649893BD
:1024D0004C6499934D649A934E649B934F649C9380
:1024E00050649D9351649E9353649F935564A0934D
:1024F0005664A1935764A2935964A3935A64A49316
:102500005B64A5935C64A6935D64A7935F64A893E2
:102510006064A9936164AA936264AB936364AC93AF
:102520006464AD936564AE936664AF936864B0937E
:102530006A64B1936B64B2936C64B3936E64B49346
:102540006F64B5937064B6937164B7937264B89313
:102550007364B9937464BA937564BB937664BC93E3
:102560007764BD937B64BE937C64BF937D64C093AA
:102570007E64C1937F64C2938064C3938164C49377
:102580008364C5938664C6938864C7938964C8933B
:102590008A64C9938B64CA938C64CB938D64CC9307
:1025A0008E64CD938F64CE939064CF939364D093D5
:1025B0009464D1939764D2939864D3939A64D49398
:1025C0009B64D5939C64D6939D64D7939F64D89362
:1025D000A064D993A164DA93A264DB93A364DC932F
:1025E000A564DD93A664DE93A764DF93A864E093FB
:1025F000AA64E193AB64E293AF64E393B164E493C0
:10260000B264E593B364E693B464E793B664E89385
:10261000B964E993BB64EA93BD64EB93BE64EC9345
:10262000BF64ED93C164EE93C364EF93C464F0930D
:10263000C664F193C764F293C864F393C964F493D6
:10264000CA64F593CB64F693CC64F793CF64F893A4
:10265000D164F993D364FA93D464FB93D564FC9367
:10266000D664FD93D964FE93DA644094DB644194AC
:10267000DC644294DD644394DF644494E0644594F4
:10268000E1644694E3644794E5644894E7644994BC
:10269000E8644A94E9644B94EA644C94EB644D9486
:1026A000EC644E94ED644F94EE645094EF64519456
:1026B000F0645294F1645394F2645494F364559426
:1026C000F4645694F5645794F6645894F7645994F6
:1026D000F8645A94F9645B94FA645C94FB645D94C6
:1026E000FC645E94FD645F94FE646094FF64619496
:1026F000016562940265639403656494046565945E
:10270000056566940665679407656894086569942D
:102710000A656A940B656B940C656C940D656D94F9
:102720000E656E940F656F941065709411657194C9
:102730001365729414657394156574941665759495
:1027400017657694196577941A6578941B65799462
:102750001C657A941D657B941E657C941F657D9431
:1027600020657E94216580942265819423658294FE
:1027700024658394266584942765859428658694CA
:10278000296587942A6588942C6589942D658A9497
:1027900030658B9431658C9432658D9433658E945D
:1027A00037658F943A6590943C6591943D65929419
:1027B00040659394416594944265959443659694DD
:1027C0004465979446659894476599944A659A94A8
:1027D0004B659B944D659C944E659D9450659E946D
:1027E00052659F945365A0945465A1945765A29433
:1027F0005865A3945A65A4945C65A5945F65A694F6
:102800006065A7946165A8946465A9946565AA94B8
:102810006765AB946865AC946965AD946A65AE9480
:102820006D65AF946E65B0946F65B1947165B29447
:102830007365B3947565B4947665B5947865B6940C
:102840007965B7947A65B8947B65B9947C65BA94D8
:102850007D65BB947E65BC947F65BD948065BE94A8
:102860008165BF948265C0948365C1948465C29478
:102870008565C3948665C4948865C5948965C69446
:102880008A65C7948D65C8948E65C9948F65CA940E
:102890009265CB949465CC949565CD949665CE94D1
:1028A0009865CF949A65D0949D65D1949E65D29495
:1028B000A065D394A265D494A365D594A665D69457
:1028C000A865D794AA65D894AC65D994AE65DA9416
:1028D000B165DB94B265DC94B365DD94B465DE94D8
:1028E000B565DF94B665E094B765E194B865E294A8
:1028F000BA65E394BB65E494BE65E594BF65E69470
:10290000C065E794C265E894C765E994C865EA9430
:10291000C965EB94CA65EC94CD65ED94D065EE94F1
:10292000D165EF94D365F094D465F194D565F294B4
:10293000D865F394D965F494DA65F594DB65F6947B
:10294000DC65F794DD65F894DE65F994DF65FA944B
:10295000E165FB94E365FC94E465FD94EA65FE940F
:10296000EB654095F2654195F3654295F4654395B5
:10297000F5654495F8654595F9654695FB65479578
:10298000FC654895FD654995FE654A95FF654B9543
:1029900001664C9504664D9505664E9507664F9504
:1029A00008665095096651950B6652950D665395CC
:1029B000106654951166559512665695166657958C
:1029C00017665895186659951A665A951B665B9551
:1029D0001C665C951E665D9521665E9522665F9518
:1029E00023666095246661952666629529666395DF
:1029F0002A6664952B6665952C6666952E666795A6
:102A0000306668953266699533666A9537666B9568
:102A100038666C9539666D953A666E953B666F952E
:102A20003D6670953F6671954066729542667395F6
:102A300044667495456675954666769547667795BE
:102A400048667895496679954A667A954D667B958C
:102A50004E667C9550667D9551667E95586680954C
:102A6000596681955B6682955C6683955D66849503
:102A70005E668595606686956266879563668895CD
:102A80006566899567668A9569668B956A668C9591
:102A90006B668D956C668E956D668F95716690955B
:102AA000726691957366929575669395786694951E
:102AB000796695957B6696957C6697957D669895E3
:102AC0007F66999580669A9581669B9583669C95AD
:102AD00085669D9586669E9588669F958966A09574
:102AE0008A66A1958B66A2958D66A3958E66A49540
:102AF0008F66A5959066A6959266A7959366A8950C
:102B00009466A9959566AA959866AB959966AC95D5
:102B10009A66AD959B66AE959C66AF959E66B095A0
:102B20009F66B195A066B295A166B395A266B4956D
:102B3000A366B595A466B695A566B795A666B8953D
:102B4000A966B995AA66BA95AB66BB95AC66BC9505
:102B5000AD66BD95AF66BE95B066BF95B166C095D2
:102B6000B266C195B366C295B566C395B666C4959F
:102B7000B766C595B866C695BA66C795BB66C8956B
:102B8000BC66C995BD66CA95BF66CB95C066CC9537
:102B9000C166CD95C266CE95C366CF95C466D09505
:102BA000C566D195C666D295C766D395C866D495D5
:102BB000C966D595CA66D695CB66D795CC66D895A5
:102BC000CD66D995CE66DA95CF66DB95D066DC9575
:102BD000D166DD95D266DE95D366DF95D466E09545
:102BE000D566E195D666E295D766E395D866E49515
:102BF000DA66E595DE66E695DF66E795E066E895D8
:102C0000E166E995E266EA95E366EB95E466EC95A4
:102C1000E566ED95E766EE95E866EF95EA66F09570
:102C2000EB66F195EC66F295ED66F395EE66F4953C
:102C3000EF66F595F166F695F566F795F666F89503
:102C4000F866F995FA66FA95FB66FB95FD66FC95C4
:102C50000167FD950267FE950367409604674196FC
:102C60000567429606674396076744960C67459644
:102C70000E6746960F674796116748961267499602
:102C800013674A9616674B9618674C9619674D96C8
:102C90001A674E961C674F961E675096206751968E
:102CA0002167529622675396236754962467559658
:102CB0002567569627675796296758962E6759961F
:102CC00030675A9632675B9633675C9636675D96D7
:102CD00037675E9638675F96396760963B6761969F
:102CE0003C6762963E6763963F6764964167659668
:102CF0004467669645676796476768964A67699628
:102D00004B676A964D676B9652676C9654676D96E3
:102D100055676E9657676F965867709659677196A4
:102D20005A6772965B6773965D677496626775966D
:102D3000636776966467779666677896676779962D
:102D40006B677A966C677B966E677C9671677D96EB
:102D500074677E96766780967867819679678296A3
:102D60007A6783967B6784967D678596806786966B
:102D700082678796836788968567899686678A962D
:102D800088678B968A678C968C678D968D678E96F2
:102D90008E678F968F6790969167919692679296BD
:102DA0009367939694679496966795969967969687
:102DB0009B6797969F679896A0679996A1679A9642
:102DC000A4679B96A6679C96A9679D96AC679E96FE
:102DD000AE679F96B167A096B267A196B467A296B8
:102DE000B967A396BA67A496BB67A596BC67A69673
:102DF000BD67A796BE67A896BF67A996C067AA9643
:102E0000C267AB96C567AC96C667AD96C767AE9608
:102E1000C867AF96C967B096CA67B196CB67B296D6
:102E2000CC67B396CD67B496CE67B596D567B696A0
:102E3000D667B796D767B896DB67B996DF67BA9655
:102E4000E167BB96E367BC96E467BD96E667BE960E
:102E5000E767BF96E867C096EA67C196EB67C296D8
:102E6000ED67C396EE67C496F267C596F567C6969A
:102E7000F667C796F767C896F867C996F967CA965E
:102E8000FA67CB96FB67CC96FC67CD96FE67CE962D
:102E90000168CF960268D0960368D1960468D296EE
:102EA0000668D3960D68D4961068D5961268D696A3
:102EB0001468D7961568D8961868D9961968DA965E
:102EC0001A68DB961B68DC961C68DD961E68DE9629
:102ED0001F68DF962068E0962268E1962368E296F4
:102EE0002468E3962568E4962668E5962768E696C2
:102EF0002868E7962B68E8962C68E9962D68EA968C
:102F00002E68EB962F68EC963068ED963168EE9659
:102F10003468EF963568F0963668F1963A68F2961E
:102F20003B68F3963F68F4964768F5964B68F696CB
:102F30004D68F7964F68F8965268F9965668FA9673
:102F40005768FB965868FC965968FD965A68FE9635
:102F50005B6840975C6841975D6842975E684397FD
:102F60005F6844976A6845976C6846976D684797AD
:102F70006E6848976F68499770684A9771684B9771
:102F800072684C9773684D9775684E9778684F973D
:102F9000796850977A6851977B6852977C68539705
:102FA0007D6854977E6855977F68569780685797D5
:102FB000826858978468599787685A9788685B979A
:102FC00089685C978A685D978B685E978C685F9765
:102FD0008D6860978E686197906862979168639733
:102FE00092686497946865979568669796686797FE
:102FF00098686897996869979A686A979B686B97C9
:103000009C686C979D686D979E686E979F686F9798
:10301000A0687097A1687197A3687297A468739766
:10302000A5687497A9687597AA687697AB6877972B
:10303000AC687897AE687997B1687A97B2687B97F1
:10304000B4687C97B6687D97B7687E97B8688097B4
:10305000B9688197BA688297BB688397BC68849780
:10306000BD688597BE688697BF688797C16888974F
:10307000C3688997C4688A97C5688B97C6688C9718
:10308000C7688D97C8688E97CA688F97CC689097E5
:10309000CE689197CF689297D0689397D1689497AC
:1030A000D3689597D4689697D6689797D768989776
:1030B000D9689997DB689A97DC689B97DD689C973D
:1030C000DE689D97DF689E97E1689F97E268A0970A
:1030D000E468A197E568A297E668A397E768A497D4
:1030E000E868A597E968A697EA68A797EB68A897A4
:1030F000EC68A997ED68AA97EF68AB97F268AC9770
:10310000F368AD97F468AE97F668AF97F768B09735
:10311000F868B197FB68B297FD68B397FE68B497FB
:10312000FF68B5970069B6970269B7970369B897C2
:103130000469B9970669BA970769BB970869BC978C
:103140000969BD970A69BE970C69BF970F69C09757
:103150001169C1971369C2971469C3971569C49718
:103160001669C5971769C6971869C7971969C897E7
:103170001A69C9971B69CA971C69CB971D69CC97B7
:103180001E69CD972169CE972269CF972369D09781
:103190002569D1972669D2972769D3972869D4974B
:1031A0002969D5972A69D6972B69D7972C69D8971B
:1031B0002E69D9972F69DA973169DB973269DC97E5
:1031C0003369DD973569DE973669DF973769E097B0
:1031D0003869E1973A69E2973B69E3973C69E4977C
:1031E0003E69E5974069E6974169E7974369E89743
:1031F0004469E9974569EA974669EB974769EC970F
:103200004869ED974969EE974A69EF974B69F097DE
:103210004C69F1974D69F2974E69F3974F69F497AE
:103220005069F5975169F6975269F7975369F8977E
:103230005569F9975669FA975869FB975969FC9748
:103240005B69FD975C69FE975F6940986169419889
:1032500062694298646943986569449867694598CA
:1032600068694698696947986A6948986C69499895
:103270006D694A986F694B9870694C9872694D985E
:1032800073694E9874694F9875695098766951982A
:103290007A6952987B6953987D6954987E695598EC
:1032A0007F695698816957988369589885695998B4
:1032B0008A695A988B695B988C695C988E695D986D
:1032C0008F695E9890695F9891696098926961983A
:1032D0009369629896696398976964989969659803
:1032E0009A6966989D6967989E6968989F696998C8
:1032F000A0696A98A1696B98A2696C98A3696D9896
:10330000A4696E98A5696F98A6697098A969719863
:10331000AA697298AC697398AE697498AF69759828
:10332000B0697698B2697798B3697898B5697998F1
:10333000B6697A98B8697B98B9697C98BA697D98BA
:10334000BC697E98BD698098BE698198BF69829882
:10335000C0698398C2698498C3698598C46986984E
:10336000C5698798C6698898C7698998C8698A981D
:10337000C9698B98CB698C98CD698D98CF698E98E7
:10338000D1698F98D2699098D3699198D5699298AC
:10339000D6699398D7699498D8699598D969969879
:1033A000DA699798DC699898DD699998DE699A9846
:1033B000E1699B98E2699C98E3699D98E4699E980D
:1033C000E5699F98E669A098E769A198E869A298DD
:1033D000E969A398EA69A498EB69A598EC69A698AD
:1033E000EE69A798EF69A898F069A998F169AA9879
:1033F000F369AB98F469AC98F569AD98F669AE9845
:10340000F769AF98F869B098F969B198FA69B29814
:10341000FB69B398FC69B498FE69B598006AB698E0
:10342000016AB798026AB898036AB998046ABA98A8
:10343000056ABB98066ABC98076ABD98086ABE9878
:10344000096ABF980B6AC0980C6AC1980D6AC29845
:103450000E6AC3980F6AC498106AC598116AC69814
:10346000126AC798136AC898146AC998156ACA98E4
:10347000166ACB98196ACC981A6ACD981B6ACE98AE
:103480001C6ACF981D6AD0981E6AD198206AD2987B
:10349000226AD398236AD498246AD598256AD69844
:1034A000266AD798276AD898296AD9982B6ADA9811
:1034B0002C6ADB982D6ADC982E6ADD98306ADE98DB
:1034C000326ADF98336AE098346AE198366AE298A3
:1034D000376AE398386AE498396AE5983A6AE69870
:1034E0003B6AE7983C6AE8983F6AE998406AEA983C
:1034F000416AEB98426AEC98436AED98456AEE9807
:10350000466AEF98486AF098496AF1984A6AF298D0
:103510004B6AF3984C6AF4984D6AF5984E6AF6989F
:103520004F6AF798516AF898526AF998536AFA986C
:10353000546AFB98556AFC98566AFD98576AFE983B
:103540005A6A40995C6A41995D6A42995E6A4399F8
:103550005F6A4499606A4599626A4699636A4799C5
:10356000646A4899666A4999676A4A99686A4B9990
:10357000696A4C996A6A4D996B6A4E996C6A4F995F
:103580006D6A50996E6A51996F6A5299706A53992F
:10359000726A5499736A5599746A5699756A5799FB
:1035A000766A5899776A5999786A5A997A6A5B99CA
:1035B0007B6A5C997D6A5D997E6A5E997F6A5F9994
:1035C000816A6099826A6199836A6299856A63995E
:1035D000866A6499876A6599886A6699896A67992B
:1035E0008A6A68998B6A69998C6A6A998D6A6B99FB
:1035F0008F6A6C99926A6D99936A6E99946A6F99C1
:10360000956A7099966A7199986A7299996A73998C
:103610009A6A74999B6A75999C6A76999D6A77995A
:103620009E6A78999F6A7999A16A7A99A26A7B9928
:10363000A36A7C99A46A7D99A56A7E99A66A8099F5
:10364000A76A8199A86A8299AA6A8399AD6A8499BE
:10365000AE6A8599AF6A8699B06A8799B16A889986
:10366000B26A8999B36A8A99B46A8B99B56A8C9956
:10367000B66A8D99B76A8E99B86A8F99B96A909926
:10368000BA6A9199BB6A9299BC6A9399BD6A9499F6
:10369000BE6A9599BF6A9699C06A9799C16A9899C6
:1036A000C26A9999C36A9A99C46A9B99C56A9C9996
:1036B000C66A9D99C76A9E99C86A9F99C96AA09966
:1036C000CA6AA199CB6AA299CC6AA399CD6AA49936
:1036D000CE6AA599CF6AA699D06AA799D16AA89906
:1036E000D26AA999D36AAA99D46AAB99D56AAC99D6
:1036F000D66AAD99D76AAE99D86AAF99D96AB099A6
:10370000DA6AB199DB6AB299DC6AB399DD6AB49975
:10371000DE6AB599DF6AB699E06AB799E16AB89945
:10372000E26AB999E36ABA99E46ABB99E56ABC9915
:10373000E66ABD99E76ABE99E86ABF99E96AC099E5
:10374000EA6AC199EB6AC299EC6AC399ED6AC499B5
:10375000EE6AC599EF6AC699F06AC799F16AC89985
:10376000F26AC999F36ACA99F46ACB99F56ACC9955
:10377000F66ACD99F76ACE99F86ACF99F96AD09925
:10378000FA6AD199FB6AD299FC6AD399FD6AD499F5
:10379000FE6AD599FF6AD699006BD799016BD899C3
:1037A000026BD999036BDA99046BDB99056BDC9991
:1037B000066BDD99076BDE99086BDF99096BE09961
:1037C0000A6BE1990B6BE2990C6BE3990D6BE49931
:1037D0000E6BE5990F6BE699106BE799116BE89901
:1037E000126BE999136BEA99146BEB99156BEC99D1
:1037F000166BED99176BEE99186BEF99196BF099A1
:103800001A6BF1991B6BF2991C6BF3991D6BF49970
:103810001E6BF5991F6BF699256BF799266BF89936
:10382000286BF999296BFA992A6BFB992B6BFC99F8
:103830002C6BFD992D6BFE992E6B409A2F6B419A44
:10384000306B429A316B439A336B449A346B459A8E
:10385000356B469A366B479A386B489A3B6B499A58
:103860003C6B4A9A3D6B4B9A3F6B4C9A406B4D9A1E
:10387000416B4E9A426B4F9A446B509A456B519AEA
:10388000486B529A4A6B539A4B6B549A4D6B559AAC
:103890004E6B569A4F6B579A506B589A516B599A78
:1038A000526B5A9A536B5B9A546B5C9A556B5D9A48
:1038B000566B5E9A576B5F9A586B609A5A6B619A17
:1038C0005B6B629A5C6B639A5D6B649A5E6B659AE4
:1038D0005F6B669A606B679A616B689A686B699AAE
:1038E000696B6A9A6B6B6B9A6C6B6C9A6D6B6D9A69
:1038F0006E6B6E9A6F6B6F9A706B709A716B719A38
:10390000726B729A736B739A746B749A756B759A07
:10391000766B769A776B779A786B789A7A6B799AD6
:103920007D6B7A9A7E6B7B9A7F6B7C9A806B7D9A9B
:10393000856B7E9A886B809A8C6B819A8E6B829A4B
:103940008F6B839A906B849A916B859A946B869A0D
:10395000956B879A976B889A986B899A996B8A9AD4
:103960009C6B8B9A9D6B8C9A9E6B8D9A9F6B8E9A9B
:10397000A06B8F9AA26B909AA36B919AA46B929A68
:10398000A56B939AA66B949AA76B959AA86B969A37
:10399000A96B979AAB6B989AAC6B999AAD6B9A9A04
:1039A000AE6B9B9AAF6B9C9AB06B9D9AB16B9E9AD3
:1039B000B26B9F9AB66BA09AB86BA19AB96BA29A98
:1039C000BA6BA39ABB6BA49ABC6BA59ABD6BA69A63
:1039D000BE6BA79AC06BA89AC36BA99AC46BAA9A2C
:1039E000C66BAB9AC76BAC9AC86BAD9AC96BAE9AF3
:1039F000CA6BAF9ACC6BB09ACE6BB19AD06BB29ABD
:103A0000D16BB39AD86BB49ADA6BB59ADC6BB69A71
:103A1000DD6BB79ADE6BB89ADF6BB99AE06BBA9A36
:103A2000E26BBB9AE36BBC9AE46BBD9AE56BBE9A02
:103A3000E66BBF9AE76BC09AE86BC19AE96BC29AD2
:103A4000EC6BC39AED6BC49AEE6BC59AF06BC69A99
:103A5000F16BC79AF26BC89AF46BC99AF66BCA9A63
:103A6000F76BCB9AF86BCC9AFA6BCD9AFB6BCE9A2C
:103A7000FC6BCF9AFE6BD09AFF6BD19A006CD29AF6
:103A8000016CD39A026CD49A036CD59A046CD69AC2
:103A9000086CD79A096CD89A0A6CD99A0B6CDA9A86
:103AA0000C6CDB9A0E6CDC9A126CDD9A176CDE9A49
:103AB0001C6CDF9A1D6CE09A1E6CE19A206CE29AF5
:103AC000236CE39A256CE49A2B6CE59A2C6CE69AAD
:103AD0002D6CE79A316CE89A336CE99A366CEA9A65
:103AE000376CEB9A396CEC9A3A6CED9A3B6CEE9A27
:103AF0003C6CEF9A3E6CF09A3F6CF19A436CF29AF0
:103B0000446CF39A456CF49A486CF59A4B6CF69AAF
:103B10004C6CF79A4D6CF89A4E6CF99A4F6CFA9A75
:103B2000516CFB9A526CFC9A536CFD9A566CFE9A3F
:103B3000586C409B596C419B5A6C429B626C439BF6
:103B4000636C449B656C459B666C469B676C479BAE
:103B50006B6C489B6C6C499B6D6C4A9B6E6C4B9B71
:103B60006F6C4C9B716C4D9B736C4E9B756C4F9B3B
:103B7000776C509B786C519B7A6C529B7B6C539BFF
:103B80007C6C549B7F6C559B806C569B846C579BC4
:103B9000876C589B8A6C599B8B6C5A9B8D6C5B9B7A
:103BA0008E6C5C9B916C5D9B926C5E9B956C5F9B3D
:103BB000966C609B976C619B986C629B9A6C639B04
:103BC0009C6C649B9D6C659B9E6C669BA06C679BCC
:103BD000A26C689BA86C699BAC6C6A9BAF6C6B9B7E
:103BE000B06C6C9BB46C6D9BB56C6E9BB66C6F9B34
:103BF000B76C709BBA6C719BC06C729BC16C739BF1
:103C0000C26C749BC36C759BC66C769BC76C779BB0
:103C1000C86C789BCB6C799BCD6C7A9BCE6C7B9B74
:103C2000CF6C7C9BD16C7D9BD26C7E9BD86C809B37
:103C3000D96C819BDA6C829BDC6C839BDD6C849BF2
:103C4000DF6C859BE46C869BE66C879BE76C889BAE
:103C5000E96C899BEC6C8A9BED6C8B9BF26C8C9B6A
:103C6000F46C8D9BF96C8E9BFF6C8F9B006D909B11
:103C7000026D919B036D929B056D939B066D949BCA
:103C8000086D959B096D969B0A6D979B0D6D989B92
:103C90000F6D999B106D9A9B116D9B9B136D9C9B57
:103CA000146D9D9B156D9E9B166D9F9B186DA09B23
:103CB0001C6DA19B1D6DA29B1F6DA39B206DA49BE2
:103CC000216DA59B226DA69B236DA79B246DA89BB0
:103CD000266DA99B286DAA9B296DAB9B2C6DAC9B77
:103CE0002D6DAD9B2F6DAE9B306DAF9B346DB09B3A
:103CF000366DB19B376DB29B386DB39B3A6DB49BFB
:103D00003F6DB59B406DB69B426DB79B446DB89BB4
:103D1000496DB99B4C6DBA9B506DBB9B556DBC9B5F
:103D2000566DBD9B576DBE9B586DBF9B5B6DC09B19
:103D30005D6DC19B5F6DC29B616DC39B626DC49BDA
:103D4000646DC59B656DC69B676DC79B686DC89BA1
:103D50006B6DC99B6C6DCA9B6D6DCB9B706DCC9B65
:103D6000716DCD9B726DCE9B736DCF9B756DD09B2E
:103D7000766DD19B796DD29B7A6DD39B7B6DD49BF5
:103D80007D6DD59B7E6DD69B7F6DD79B806DD89BBF
:103D9000816DD99B836DDA9B846DDB9B866DDC9B8B
:103DA000876DDD9B8A6DDE9B8B6DDF9B8D6DE09B50
:103DB0008F6DE19B906DE29B926DE39B966DE49B12
:103DC000976DE59B986DE69B996DE79B9A6DE89BD7
:103DD0009C6DE99BA26DEA9BA56DEB9BAC6DEC9B8A
:103DE000AD6DED9BB06DEE9BB16DEF9BB36DF09B38
:103DF000B46DF19BB66DF29BB76DF39BB96DF49BFF
:103E0000BA6DF59BBB6DF69BBC6DF79BBD6DF89BCA
:103E1000BE6DF99BC16DFA9BC26DFB9BC36DFC9B94
:103E2000C86DFD9BC96DFE9BCA6D409CCD6D419CCC
:103E3000CE6D429CCF6D439CD06D449CD26D459C11
:103E4000D36D469CD46D479CD56D489CD76D499CDD
:103E5000DA6D4A9CDB6D4B9CDC6D4C9CDF6D4D9CA0
:103E6000E26D4E9CE36D4F9CE56D509CE76D519C5F
:103E7000E86D529CE96D539CEA6D549CED6D559C28
:103E8000EF6D569CF06D579CF26D589CF46D599CEB
:103E9000F56D5A9CF66D5B9CF86D5C9CFA6D5D9CB3
:103EA000FD6D5E9CFE6D5F9CFF6D609C006E619C75
:103EB000016E629C026E639C036E649C046E659C42
:103EC000066E669C076E679C086E689C096E699C0E
:103ED0000B6E6A9C0F6E6B9C126E6C9C136E6D9CCD
:103EE000156E6E9C186E6F9C196E709C1B6E719C8B
:103EF0001C6E729C1E6E739C1F6E749C226E759C51
:103F0000266E769C276E779C286E789C2A6E799C0C
:103F10002C6E7A9C2E6E7B9C306E7C9C316E7D9CD0
:103F2000336E7E9C356E809C366E819C376E829C93
:103F3000396E839C3B6E849C3C6E859C3D6E869C5A
:103F40003E6E879C3F6E889C406E899C416E8A9C29
:103F5000426E8B9C456E8C9C466E8D9C476E8E9CF3
:103F6000486E8F9C496E909C4A6E919C4B6E929CC1
:103F70004C6E939C4F6E949C506E959C516E969C8B
:103F8000526E979C556E989C576E999C596E9A9C50
:103F90005A6E9B9C5C6E9C9C5D6E9D9C5E6E9E9C16
:103FA000606E9F9C616EA09C626EA19C636EA29CE1
:103FB000646EA39C656EA49C666EA59C676EA69CB1
:103FC000686EA79C696EA89C6A6EA99C6C6EAA9C80
:103FD0006D6EAB9C6F6EAC9C706EAD9C716EAE9C4A
:103FE000726EAF9C736EB09C746EB19C756EB29C19
:103FF000766EB39C776EB49C786EB59C796EB69CE9
:104000007A6EB79C7B6EB89C7C6EB99C7D6EBA9CB8
:10401000806EBB9C816EBC9C826EBD9C846EBE9C7F
:10402000876EBF9C886EC09C8A6EC19C8B6EC29C42
:104030008C6EC39C8D6EC49C8E6EC59C916EC69C0E
:10404000926EC79C936EC89C946EC99C956ECA9CD8
:10405000966ECB9C976ECC9C996ECD9C9A6ECE9CA6
:104060009B6ECF9C9D6ED09C9E6ED19CA06ED29C70
:10407000A16ED39CA36ED49CA46ED59CA66ED69C38
:10408000A86ED79CA96ED89CAB6ED99CAC6EDA9CFE
:10409000AD6EDB9CAE6EDC9CB06EDD9CB36EDE9CC8
:1040A000B56EDF9CB86EE09CB96EE19CBC6EE29C84
:1040B000BE6EE39CBF6EE49CC06EE59CC36EE69C46
:1040C000C46EE79CC56EE89CC66EE99CC86EEA9C0F
:1040D000C96EEB9CCA6EEC9CCC6EED9CCD6EEE9CDA
:1040E000CE6EEF9CD06EF09CD26EF19CD66EF29CA0
:1040F000D86EF39CD96EF49CDB6EF59CDC6EF69C5E
:10410000DD6EF79CE36EF89CE76EF99CEA6EFA9C14
:10411000EB6EFB9CEC6EFC9CED6EFD9CEE6EFE9CD3
:10412000EF6E409DF06E419DF16E429DF26E439D9B
:10413000F36E449DF56E459DF66E469DF76E479D68
:10414000F86E489DFA6E499DFB6E4A9DFC6E4B9D34
:10415000FD6E4C9DFE6E4D9DFF6E4E9D006F4F9D02
:10416000016F509D036F519D046F529D056F539DCC
:10417000076F549D086F559D0A6F569D0B6F579D95
:104180000C6F589D0D6F599D0E6F5A9D106F5B9D62
:10419000116F5C9D126F5D9D166F5E9D176F5F9D29
:1041A000186F609D196F619D1A6F629D1B6F639DF3
:1041B0001C6F649D1D6F659D1E6F669D1F6F679DC3
:1041C000216F689D226F699D236F6A9D256F6B9D8E
:1041D000266F6C9D276F6D9D286F6E9D2C6F6F9D58
:1041E0002E6F709D306F719D326F729D346F739D15
:1041F000356F749D376F759D386F769D396F779DDC
:104200003A6F789D3B6F799D3C6F7A9D3D6F7B9DAA
:104210003F6F7C9D406F7D9D416F7E9D426F809D75
:10422000436F819D446F829D456F839D486F849D40
:10423000496F859D4A6F869D4C6F879D4E6F889D07
:104240004F6F899D506F8A9D516F8B9D526F8C9DD2
:10425000536F8D9D546F8E9D556F8F9D566F909DA2
:10426000576F919D596F929D5A6F939D5B6F949D6F
:104270005D6F959D5F6F969D606F979D616F989D37
:10428000636F999D646F9A9D656F9B9D676F9C9D01
:10429000686F9D9D696F9E9D6A6F9F9D6B6FA09DCE
:1042A0006C6FA19D6F6FA29D706FA39D716FA49D98
:1042B000736FA59D756FA69D766FA79D776FA89D5F
:1042C000796FA99D7B6FAA9D7D6FAB9D7E6FAC9D25
:1042D0007F6FAD9D806FAE9D816FAF9D826FB09DF2
:1042E000836FB19D856FB29D866FB39D876FB49DBF
:1042F0008A6FB59D8B6FB69D8F6FB79D906FB89D80
:10430000916FB99D926FBA9D936FBB9D946FBC9D49
:10431000956FBD9D966FBE9D976FBF9D986FC09D19
:10432000996FC19D9A6FC29D9B6FC39D9D6FC49DE8
:104330009E6FC59D9F6FC69DA06FC79DA26FC89DB4
:10434000A36FC99DA46FCA9DA56FCB9DA66FCC9D81
:10435000A86FCD9DA96FCE9DAA6FCF9DAB6FD09D4D
:10436000AC6FD19DAD6FD29DAE6FD39DAF6FD49D1D
:10437000B06FD59DB16FD69DB26FD79DB46FD89DEC
:10438000B56FD99DB76FDA9DB86FDB9DBA6FDC9DB5
:10439000BB6FDD9DBC6FDE9DBD6FDF9DBE6FE09D81
:1043A000BF6FE19DC16FE29DC36FE39DC46FE49D4C
:1043B000C56FE59DC66FE69DC76FE79DC86FE89D19
:1043C000CA6FE99DCB6FEA9DCC6FEB9DCD6FEC9DE5
:1043D000CE6FED9DCF6FEE9DD06FEF9DD36FF09DB3
:1043E000D46FF19DD56FF29DD66FF39DD76FF49D7D
:1043F000D86FF59DD96FF69DDA6FF79DDB6FF89D4D
:10440000DC6FF99DDD6FFA9DDF6FFB9DE26FFC9D18
:10441000E36FFD9DE46FFE9DE56F409EE66F419E5C
:10442000E76F429EE86F439EE96F449EEA6F459EA8
:10443000EB6F469EEC6F479EED6F489EF06F499E76
:10444000F16F4A9EF26F4B9EF36F4C9EF46F4D9E40
:10445000F56F4E9EF66F4F9EF76F509EF86F519E10
:10446000F96F529EFA6F539EFB6F549EFC6F559EE0
:10447000FD6F569EFE6F579EFF6F589E0070599EAF
:1044800001705A9E02705B9E03705C9E04705D9E7C
:1044900005705E9E06705F9E0770609E0870619E4C
:1044A0000970629E0A70639E0B70649E0C70659E1C
:1044B0000D70669E0E70679E0F70689E1070699EEC
:1044C00012706A9E13706B9E14706C9E15706D9EB8
:1044D00016706E9E17706F9E1870709E1970719E88
:1044E0001C70729E1D70739E1E70749E1F70759E50
:1044F0002070769E2170779E2270789E2470799E1F
:1045000025707A9E26707B9E27707C9E28707D9EEB
:1045100029707E9E2A70809E2B70819E2C70829EB8
:104520002D70839E2E70849E2F70859E3070869E87
:104530003170879E3270889E3370899E34708A9E57
:1045400036708B9E37708C9E38708D9E3A708E9E22
:104550003B708F9E3C70909E3D70919E3E70929EEF
:104560003F70939E4070949E4170959E4270969EBF
:104570004370979E4470989E4570999E46709A9E8F
:1045800047709B9E48709C9E49709D9E4A709E9E5F
:104590004B709F9E4D70A09E4E70A19E5070A29E2B
:1045A0005170A39E5270A49E5370A59E5470A69EF7
:1045B0005570A79E5670A89E5770A99E5870AA9EC7
:1045C0005970AB9E5A70AC9E5B70AD9E5C70AE9E97
:1045D0005D70AF9E5F70B09E6070B19E6170B29E64
:1045E0006270B39E6370B49E6470B59E6570B69E33
:1045F0006670B79E6770B89E6870B99E6970BA9E03
:104600006A70BB9E6E70BC9E7170BD9E7270BE9EC5
:104610007370BF9E7470C09E7770C19E7970C29E89
:104620007A70C39E7B70C49E7D70C59E8170C69E4D
:104630008270C79E8370C89E8470C99E8670CA9E11
:104640008770CB9E8870CC9E8B70CD9E8C70CE9EDA
:104650008D70CF9E8F70D09E9070D19E9170D29EA3
:104660009370D39E9770D49E9870D59E9A70D69E64
:104670009B70D79E9E70D89E9F70D99EA070DA9E28
:10468000A170DB9EA270DC9EA370DD9EA470DE9EF6
:10469000A570DF9EA670E09EA770E19EA870E29EC6
:1046A000A970E39EAA70E49EB070E59EB270E69E8B
:1046B000B470E79EB570E89EB670E99EBA70EA9E47
:1046C000BE70EB9EBF70EC9EC470ED9EC570EE9EFA
:1046D000C670EF9EC770F09EC970F19ECB70F29EBF
:1046E000CC70F39ECD70F49ECE70F59ECF70F69E8A
:1046F000D070F79ED170F89ED270F99ED370FA9E5A
:10470000D470FB9ED570FC9ED670FD9ED770FE9E29
:10471000DA70409FDC70419FDD70429FDE70439FE6
:10472000E070449FE170459FE270469FE370479FB1
:10473000E570489FEA70499FEE704A9FF0704B9F6A
:10474000F1704C9FF2704D9FF3704E9FF4704F9F2D
:10475000F570509FF670519FF870529FFA70539FFA
:10476000FB70549FFC70559FFE70569FFF70579FC3
:104770000071589F0171599F02715A9F03715B9F8D
:1047800004715C9F05715D9F06715E9F07715F9F5D
:104790000871609F0B71619F0C71629F0D71639F27
:1047A0000E71649F0F71659F1171669F1271679FF3
:1047B0001471689F1771699F1B716A9F1C716B9FB1
:1047C0001D716C9F1E716D9F1F716E9F20716F9F79
:1047D0002171709F2271719F2371729F2471739F49
:1047E0002571749F2771759F2871769F2971779F16
:1047F0002A71789F2B71799F2C717A9F2D717B9FE5
:104800002E717C9F32717D9F33717E9F3471809FAA
:104810003571819F3771829F3871839F3971849F71
:104820003A71859F3B71869F3C71879F3D71889F40
:104830003E71899F3F718A9F40718B9F41718C9F10
:1048400042718D9F43718E9F44718F9F4671909FDF
:104850004771919F4871929F4971939F4B71949FAB
:104860004D71959F4F71969F5071979F5171989F71
:104870005271999F53719A9F54719B9F55719C9F40
:1048800056719D9F57719E9F58719F9F5971A09F10
:104890005A71A19F5B71A29F5D71A39F5F71A49FDD
:1048A0006071A59F6171A69F6271A79F6371A89FA8
:1048B0006571A99F6971AA9F6A71AB9F6B71AC9F6B
:1048C0006C71AD9F6D71AE9F6F71AF9F7071B09F36
:1048D0007171B19F7471B29F7571B39F7671B49FFE
:1048E0007771B59F7971B69F7B71B79F7C71B89FC7
:1048F0007E71B99F7F71BA9F8071BB9F8171BC9F90
:104900008271BD9F8371BE9F8571BF9F8671C09F5D
:104910008771C19F8871C29F8971C39F8B71C49F2A
:104920008C71C59F8D71C69F8E71C79F9071C89FF6
:104930009171C99F9271CA9F9371CB9F9571CC9FC2
:104940009671CD9F9771CE9F9A71CF9F9B71D09F8B
:104950009C71D19F9D71D29F9E71D39FA171D49F55
:10496000A271D59FA371D69FA471D79FA571D89F1F
:10497000A671D99FA771DA9FA971DB9FAA71DC9FED
:10498000AB71DD9FAD71DE9FAE71DF9FAF71E09FB8
:10499000B071E19FB171E29FB271E39FB471E49F86
:1049A000B671E59FB771E69FB871E79FBA71E89F4E
:1049B000BB71E99FBC71EA9FBD71EB9FBE71EC9F1B
:1049C000BF71ED9FC071EE9FC171EF9FC271F09FEB
:1049D000C471F19FC571F29FC671F39FC771F49FB7
:1049E000C871F59FC971F69FCA71F79FCB71F89F87
:1049F000CC71F99FCD71FA9FCF71FB9FD071FC9F55
:104A0000D171FD9FD271FE9FD37140A0D67141A09C
:104A1000D77142A0D87143A0D97144A0DA7145A0E2
:104A2000DB7146A0DC7147A0DD7148A0DE7149A0B2
:104A3000DF714AA0E1714BA0E2714CA0E3714DA07F
:104A4000E4714EA0E6714FA0E87150A0E97151A049
:104A5000EA7152A0EB7153A0EC7154A0ED7155A016
:104A6000EF7156A0F07157A0F17158A0F27159A0E2
:104A7000F3715AA0F4715BA0F5715CA0F6715DA0B2
:104A8000F7715EA0F8715FA0FA7160A0FB7161A080
:104A9000FC7162A0FD7163A0FE7164A0FF7165A04E
:104AA000007266A0017267A0027268A0037269A01A
:104AB00004726AA005726BA007726CA008726DA0E8
:104AC00009726EA00A726FA00B7270A00C7271A0B6
:104AD0000D7272A00E7273A00F7274A0107275A086
:104AE000117276A0127277A0137278A0147279A056
:104AF00015727AA016727BA017727CA018727DA026
:104B000019727EA01A7280A01B7281A01C7282A0F2
:104B10001E7283A01F7284A0207285A0217286A0BD
:104B2000227287A0237288A0247289A025728AA08D
:104B300026728BA027728CA029728DA02B728EA05A
:104B40002D728FA02E7290A02F7291A0327292A01F
:104B5000337293A0347294A03A7295A03C7296A0DE
:104B60003E7297A0407298A0417299A042729AA09A
:104B700043729BA044729CA045729DA046729EA069
:104B800049729FA04A72A0A04B72A1A04E72A2A02F
:104B90004F72A3A05072A4A05172A5A05372A6A0F8
:104BA0005472A7A05572A8A05772A9A05872AAA0C3
:104BB0005A72ABA05C72ACA05E72ADA06072AEA087
:104BC0006372AFA06472B0A06572B1A06872B2A047
:104BD0006A72B3A06B72B4A06C72B5A06D72B6A00D
:104BE0007072B7A07172B8A07372B9A07472BAA0D3
:104BF0007672BBA07772BCA07872BDA07B72BEA09B
:104C00007C72BFA07D72C0A08272C1A08372C2A05C
:104C10008572C3A08672C4A08772C5A08872C6A020
:104C20008972C7A08C72C8A08E72C9A09072CAA0E7
:104C30009172CBA09372CCA09472CDA09572CEA0AD
:104C40009672CFA09772D0A09872D1A09972D2A07C
:104C50009A72D3A09B72D4A09C72D5A09D72D6A04C
:104C60009E72D7A0A072D8A0A172D9A0A272DAA019
:104C7000A372DBA0A472DCA0A572DDA0A672DEA0E8
:104C8000A772DFA0A872E0A0A972E1A0AA72E2A0B8
:104C9000AB72E3A0AE72E4A0B172E5A0B272E6A07E
:104CA000B372E7A0B572E8A0BA72E9A0BB72EAA03D
:104CB000BC72EBA0BD72ECA0BE72EDA0BF72EEA004
:104CC000C072EFA0C572F0A0C672F1A0C772F2A0C8
:104CD000C972F3A0CA72F4A0CB72F5A0CC72F6A090
:104CE000CF72F7A0D172F8A0D372F9A0D472FAA053
:104CF000D572FBA0D672FCA0D872FDA0DA72FEA01D
:104D0000DB72A1A10030A2A10130A3A10230A4A1B5
:104D1000B700A5A1C902A6A1C702A7A1A800A8A182
:104D20000330A9A10530AAA11420ABA15EFFACA15C
:104D30001620ADA12620AEA11820AFA11920B0A148
:104D40001C20B1A11D20B2A11430B3A11530B4A113
:104D50000830B5A10930B6A10A30B7A10B30B8A10F
:104D60000C30B9A10D30BAA10E30BBA10F30BCA1DF
:104D70001630BDA11730BEA11030BFA11130C0A1A7
:104D8000B100C1A1D700C2A1F700C3A13622C4A1BE
:104D90002722C5A12822C6A11122C7A10F22C8A17E
:104DA0002A22C9A12922CAA10822CBA13722CCA13B
:104DB0001A22CDA1A522CEA12522CFA12022D0A1A9
:104DC0001223D1A19922D2A12B22D3A12E22D4A188
:104DD0006122D5A14C22D6A14822D7A13D22D8A13B
:104DE0001D22D9A16022DAA16E22DBA16F22DCA1F3
:104DF0006422DDA16522DEA11E22DFA13522E0A111
:104E00003422E1A14226E2A14026E3A1B000E4A1C0
:104E10003220E5A13320E6A10321E7A104FFE8A1A8
:104E2000A400E9A1E0FFEAA1E1FFEBA13020ECA1A1
:104E3000A700EDA11621EEA10626EFA10526F0A1FF
:104E4000CB25F1A1CF25F2A1CE25F3A1C725F4A151
:104E5000C625F5A1A125F6A1A025F7A1B325F8A1A6
:104E6000B225F9A13B20FAA19221FBA19021FCA13E
:104E70009121FDA19321FEA11330A1A27021A2A234
:104E80007121A3A27221A4A27321A5A27421A6A2BA
:104E90007521A7A27621A8A27721A9A27821AAA28A
:104EA0007921B1A28824B2A28924B3A28A24B4A20F
:104EB0008B24B5A28C24B6A28D24B7A28E24B8A2CE
:104EC0008F24B9A29024BAA29124BBA29224BCA29E
:104ED0009324BDA29424BEA29524BFA29624C0A26E
:104EE0009724C1A29824C2A29924C3A29A24C4A23E
:104EF0009B24C5A27424C6A27524C7A27624C8A286
:104F00007724C9A27824CAA27924CBA27A24CCA27D
:104F10007B24CDA27C24CEA27D24CFA27E24D0A24D
:104F20007F24D1A28024D2A28124D3A28224D4A21D
:104F30008324D5A28424D6A28524D7A28624D8A2ED
:104F40008724D9A26024DAA26124DBA26224DCA235
:104F50006324DDA26424DEA26524DFA26624E0A22D
:104F60006724E1A26824E2A26924E5A22032E6A235
:104F70002132E7A22232E8A22332E9A22432EAA2B5
:104F80002532EBA22632ECA22732EDA22832EEA285
:104F90002932F1A26021F2A26121F3A26221F4A2DE
:104FA0006321F5A26421F6A26521F7A26621F8A289
:104FB0006721F9A26821FAA26921FBA26A21FCA259
:104FC0006B21A1A301FFA2A302FFA3A303FFA4A33C
:104FD000E5FFA5A305FFA6A306FFA7A307FFA8A3B8
:104FE00008FFA9A309FFAAA30AFFABA30BFFACA369
:104FF0000CFFADA30DFFAEA30EFFAFA30FFFB0A339
:1050000010FFB1A311FFB2A312FFB3A313FFB4A308
:1050100014FFB5A315FFB6A316FFB7A317FFB8A3D8
:1050200018FFB9A319FFBAA31AFFBBA31BFFBCA3A8
:105030001CFFBDA31DFFBEA31EFFBFA31FFFC0A378
:1050400020FFC1A321FFC2A322FFC3A323FFC4A348
:1050500024FFC5A325FFC6A326FFC7A327FFC8A318
:1050600028FFC9A329FFCAA32AFFCBA32BFFCCA3E8
:105070002CFFCDA32DFFCEA32EFFCFA32FFFD0A3B8
:1050800030FFD1A331FFD2A332FFD3A333FFD4A388
:1050900034FFD5A335FFD6A336FFD7A337FFD8A358
:1050A00038FFD9A339FFDAA33AFFDBA33BFFDCA328
:1050B0003CFFDDA33DFFDEA33EFFDFA33FFFE0A3F8
:1050C00040FFE1A341FFE2A342FFE3A343FFE4A3C8
:1050D00044FFE5A345FFE6A346FFE7A347FFE8A398
:1050E00048FFE9A349FFEAA34AFFEBA34BFFECA368
:1050F0004CFFEDA34DFFEEA34EFFEFA34FFFF0A338
:1051000050FFF1A351FFF2A352FFF3A353FFF4A307
:1051100054FFF5A355FFF6A356FFF7A357FFF8A3D7
:1051200058FFF9A359FFFAA35AFFFBA35BFFFCA3A7
:105130005CFFFDA35DFFFEA3E3FFA1A44130A2A499
:105140004230A3A44330A4A44430A5A44530A6A46F
:105150004630A7A44730A8A44830A9A44930AAA43F
:105160004A30ABA44B30ACA44C30ADA44D30AEA40F
:105170004E30AFA44F30B0A45030B1A45130B2A4DF
:105180005230B3A45330B4A45430B5A45530B6A4AF
:105190005630B7A45730B8A45830B9A45930BAA47F
:1051A0005A30BBA45B30BCA45C30BDA45D30BEA44F
:1051B0005E30BFA45F30C0A46030C1A46130C2A41F
:1051C0006230C3A46330C4A46430C5A46530C6A4EF
:1051D0006630C7A46730C8A46830C9A46930CAA4BF
:1051E0006A30CBA46B30CCA46C30CDA46D30CEA48F
:1051F0006E30CFA46F30D0A47030D1A47130D2A45F
:105200007230D3A47330D4A47430D5A47530D6A42E
:105210007630D7A47730D8A47830D9A47930DAA4FE
:105220007A30DBA47B30DCA47C30DDA47D30DEA4CE
:105230007E30DFA47F30E0A48030E1A48130E2A49E
:105240008230E3A48330E4A48430E5A48530E6A46E
:105250008630E7A48730E8A48830E9A48930EAA43E
:105260008A30EBA48B30ECA48C30EDA48D30EEA40E
:105270008E30EFA48F30F0A49030F1A49130F2A4DE
:105280009230F3A49330A1A5A130A2A5A230A3A58A
:10529000A330A4A5A430A5A5A530A6A5A630A7A592
:1052A000A730A8A5A830A9A5A930AAA5AA30ABA562
:1052B000AB30ACA5AC30ADA5AD30AEA5AE30AFA532
:1052C000AF30B0A5B030B1A5B130B2A5B230B3A502
:1052D000B330B4A5B430B5A5B530B6A5B630B7A5D2
:1052E000B730B8A5B830B9A5B930BAA5BA30BBA5A2
:1052F000BB30BCA5BC30BDA5BD30BEA5BE30BFA572
:10530000BF30C0A5C030C1A5C130C2A5C230C3A541
:10531000C330C4A5C430C5A5C530C6A5C630C7A511
:10532000C730C8A5C830C9A5C930CAA5CA30CBA5E1
:10533000CB30CCA5CC30CDA5CD30CEA5CE30CFA5B1
:10534000CF30D0A5D030D1A5D130D2A5D230D3A581
:10535000D330D4A5D430D5A5D530D6A5D630D7A551
:10536000D730D8A5D830D9A5D930DAA5DA30DBA521
:10537000DB30DCA5DC30DDA5DD30DEA5DE30DFA5F1
:10538000DF30E0A5E030E1A5E130E2A5E230E3A5C1
:10539000E330E4A5E430E5A5E530E6A5E630E7A591
:1053A000E730E8A5E830E9A5E930EAA5EA30EBA561
:1053B000EB30ECA5EC30EDA5ED30EEA5EE30EFA531
:1053C000EF30F0A5F030F1A5F130F2A5F230F3A501
:1053D000F330F4A5F430F5A5F530F6A5F630A1A626
:1053E0009103A2A69203A3A69303A4A69403A5A641
:1053F0009503A6A69603A7A69703A8A69803A9A611
:105400009903AAA69A03ABA69B03ACA69C03ADA6E0
:105410009D03AEA69E03AFA69F03B0A6A003B1A6B0
:10542000A103B2A6A303B3A6A403B4A6A503B5A67D
:10543000A603B6A6A703B7A6A803B8A6A903C1A644
:10544000B103C2A6B203C3A6B303C4A6B403C5A6E0
:10545000B503C6A6B603C7A6B703C8A6B803C9A6B0
:10546000B903CAA6BA03CBA6BB03CCA6BC03CDA680
:10547000BD03CEA6BE03CFA6BF03D0A6C003D1A650
:10548000C103D2A6C303D3A6C403D4A6C503D5A61D
:10549000C603D6A6C703D7A6C803D8A6C903E0A6E5
:1054A00035FEE1A636FEE2A639FEE3A63AFEE4A604
:1054B0003FFEE5A640FEE6A63DFEE7A63EFEE8A6C8
:1054C00041FEE9A642FEEAA643FEEBA644FEEEA696
:1054D0003BFEEFA63CFEF0A637FEF1A638FEF2A694
:1054E00031FEF4A633FEF5A634FEA1A71004A2A750
:1054F0001104A3A71204A4A71304A5A71404A6A724
:105500001504A7A70104A8A71604A9A71704AAA70A
:105510001804ABA71904ACA71A04ADA71B04AEA7C7
:105520001C04AFA71D04B0A71E04B1A71F04B2A797
:105530002004B3A72104B4A72204B5A72304B6A767
:105540002404B7A72504B8A72604B9A72704BAA737
:105550002804BBA72904BCA72A04BDA72B04BEA707
:105560002C04BFA72D04C0A72E04C1A72F04D1A7C8
:105570003004D2A73104D3A73204D4A73304D5A76B
:105580003404D6A73504D7A75104D8A73604D9A721
:105590003704DAA73804DBA73904DCA73A04DDA70F
:1055A0003B04DEA73C04DFA73D04E0A73E04E1A7DF
:1055B0003F04E2A74004E3A74104E4A74204E5A7AF
:1055C0004304E6A74404E7A74504E8A74604E9A77F
:1055D0004704EAA74804EBA74904ECA74A04EDA74F
:1055E0004B04EEA74C04EFA74D04F0A74E04F1A71F
:1055F0004F0440A8CA0241A8CB0242A8D90243A83E
:10560000132044A8152045A8252046A8352047A8E2
:10561000052148A8092149A896214AA897214BA805
:1056200098214CA899214DA815224EA81F224FA8B9
:10563000232250A8522251A8662252A8672253A8BA
:10564000BF2254A8502555A8512556A8522557A821
:10565000532558A8542559A855255AA856255BA85E
:1056600057255CA858255DA859255EA85A255FA82E
:105670005B2560A85C2561A85D2562A85E2563A8FE
:105680005F2564A8602565A8612566A8622567A8CE
:10569000632568A8642569A865256AA866256BA89E
:1056A00067256CA868256DA869256EA86A256FA86E
:1056B0006B2570A86C2571A86D2572A86E2573A83E
:1056C0006F2574A8702575A8712576A8722577A80E
:1056D000732578A8812579A882257AA883257BA8B7
:1056E00084257CA885257DA886257EA8872580A879
:1056F000882581A8892582A88A2583A88B2584A846
:105700008C2585A88D2586A88E2587A88F2588A815
:10571000932589A894258AA895258BA8BC258CA8B3
:10572000BD258DA8E2258EA8E3258FA8E42590A8A5
:10573000E52591A8092692A8952293A8123094A84D
:105740001D3095A81E30A1A80101A2A8E100A3A8C0
:10575000CE01A4A8E000A5A81301A6A8E900A7A867
:105760001B01A8A8E800A9A82B01AAA8ED00ABA8D6
:10577000D001ACA8EC00ADA84D01AEA8F300AFA8D5
:10578000D201B0A8F200B1A86B01B2A8FA00B3A888
:10579000D401B4A8F900B5A8D601B6A8D801B7A815
:1057A000DA01B8A8DC01B9A8FC00BAA8EA00BBA8D5
:1057B0005102BDA84401BEA84801C0A86102C5A805
:1057C0000531C6A80631C7A80731C8A80831C9A83D
:1057D0000931CAA80A31CBA80B31CCA80C31CDA80D
:1057E0000D31CEA80E31CFA80F31D0A81031D1A8DD
:1057F0001131D2A81231D3A81331D4A81431D5A8AD
:105800001531D6A81631D7A81731D8A81831D9A87C
:105810001931DAA81A31DBA81B31DCA81C31DDA84C
:105820001D31DEA81E31DFA81F31E0A82031E1A81C
:105830002131E2A82231E3A82331E4A82431E5A8EC
:105840002531E6A82631E7A82731E8A82831E9A8BC
:10585000293140A9213041A9223042A9233043A94E
:10586000243044A9253045A9263046A9273047A928
:10587000283048A9293049A9A3324AA98E334BA917
:105880008F334CA99C334DA99D334EA99E334FA90C
:10589000A13350A9C43351A9CE3352A9D13353A94E
:1058A000D23354A9D53355A930FE56A9E2FF57A9E2
:1058B000E4FF59A921215AA931325CA9102060A91D
:1058C000FC3061A99B3062A99C3063A9FD3064A9BA
:1058D000FE3065A9063066A99D3067A99E3068A98B
:1058E00049FE69A94AFE6AA94BFE6BA94CFE6CA948
:1058F0004DFE6DA94EFE6EA94FFE6FA950FE70A918
:1059000051FE71A952FE72A954FE73A955FE74A9E5
:1059100056FE75A957FE76A959FE77A95AFE78A9B1
:105920005BFE79A95CFE7AA95DFE7BA95EFE7CA97F
:105930005FFE7DA960FE7EA961FE80A962FE81A94D
:1059400063FE82A964FE83A965FE84A966FE85A91B
:1059500068FE86A969FE87A96AFE88A96BFE96A9DA
:105960000730A4A90025A5A90125A6A90225A7A954
:105970000325A8A90425A9A90525AAA90625ABA937
:105980000725ACA90825ADA90925AEA90A25AFA907
:105990000B25B0A90C25B1A90D25B2A90E25B3A9D7
:1059A0000F25B4A91025B5A91125B6A91225B7A9A7
:1059B0001325B8A91425B9A91525BAA91625BBA977
:1059C0001725BCA91825BDA91925BEA91A25BFA947
:1059D0001B25C0A91C25C1A91D25C2A91E25C3A917
:1059E0001F25C4A92025C5A92125C6A92225C7A9E7
:1059F0002325C8A92425C9A92525CAA92625CBA9B7
:105A00002725CCA92825CDA92925CEA92A25CFA986
:105A10002B25D0A92C25D1A92D25D2A92E25D3A956
:105A20002F25D4A93025D5A93125D6A93225D7A926
:105A30003325D8A93425D9A93525DAA93625DBA9F6
:105A40003725DCA93825DDA93925DEA93A25DFA9C6
:105A50003B25E0A93C25E1A93D25E2A93E25E3A996
:105A60003F25E4A94025E5A94125E6A94225E7A966
:105A70004325E8A94425E9A94525EAA94625EBA936
:105A80004725ECA94825EDA94925EEA94A25EFA906
:105A90004B2540AADC7241AADD7242AADF7243AAFA
:105AA000E27244AAE37245AAE47246AAE57247AAE2
:105AB000E67248AAE77249AAEA724AAAEB724BAAAE
:105AC000F5724CAAF6724DAAF9724EAAFD724FAA4F
:105AD000FE7250AAFF7251AA007352AA027353AA0F
:105AE000047354AA057355AA067356AA077357AAD6
:105AF000087358AA097359AA0B735AAA0C735BAAA4
:105B00000D735CAA0F735DAA10735EAA11735FAA6E
:105B1000127360AA147361AA187362AA197363AA34
:105B20001A7364AA1F7365AA207366AA237367AAEF
:105B3000247368AA267369AA27736AAA28736BAAB2
:105B40002D736CAA2F736DAA30736EAA32736FAA6D
:105B5000337370AA357371AA367372AA3A7373AA33
:105B60003B7374AA3C7375AA3D7376AA407377AAF7
:105B7000417378AA427379AA43737AAA44737BAAC1
:105B800045737CAA46737DAA47737EAA487380AA90
:105B9000497381AA4A7382AA4B7383AA4C7384AA5D
:105BA0004E7385AA4F7386AA517387AA537388AA26
:105BB000547389AA55738AAA56738BAA58738CAAF0
:105BC00059738DAA5A738EAA5B738FAA5C7390AABD
:105BD0005D7391AA5E7392AA5F7393AA617394AA8C
:105BE000627395AA637396AA647397AA657398AA59
:105BF000667399AA67739AAA68739BAA69739CAA29
:105C00006A739DAA6B739EAA6E739FAA7073A0AAF3
:105C1000717340AB727341AB737342AB747343AB3C
:105C2000757344AB767345AB777346AB787347AB0C
:105C3000797348AB7A7349AB7B734AAB7C734BABDC
:105C40007D734CAB7F734DAB80734EAB81734FABA9
:105C5000827350AB837351AB857352AB867353AB76
:105C6000887354AB8A7355AB8C7356AB8D7357AB3B
:105C70008F7358AB907359AB92735AAB93735BAB02
:105C800094735CAB95735DAB97735EAB98735FABCE
:105C9000997360AB9A7361AB9C7362AB9D7363AB9A
:105CA0009E7364ABA07365ABA17366ABA37367AB64
:105CB000A47368ABA57369ABA6736AABA7736BAB30
:105CC000A8736CABAA736DABAC736EABAD736FABFB
:105CD000B17370ABB47371ABB57372ABB67373ABB6
:105CE000B87374ABB97375ABBC7376ABBD7377AB7C
:105CF000BE7378ABBF7379ABC1737AABC3737BAB45
:105D0000C4737CABC5737DABC6737EABC77380AB0E
:105D1000CB7381ABCC7382ABCE7383ABD27384ABCA
:105D2000D37385ABD47386ABD57387ABD67388AB8F
:105D3000D77389ABD8738AABDA738BABDB738CAB5D
:105D4000DC738DABDD738EABDF738FABE17390AB28
:105D5000E27391ABE37392ABE47393ABE67394ABF2
:105D6000E87395ABEA7396ABEB7397ABEC7398ABB8
:105D7000EE7399ABEF739AABF0739BABF1739CAB83
:105D8000F3739DABF4739EABF5739FABF673A0AB4F
:105D9000F77340ACF87341ACF97342ACFA7343AC9F
:105DA000FB7344ACFC7345ACFD7346ACFE7347AC6F
:105DB000FF7348AC007449AC01744AAC02744BAC3C
:105DC00004744CAC07744DAC08744EAC0B744FACFF
:105DD0000C7450AC0D7451AC0E7452AC117453ACC5
:105DE000127454AC137455AC147456AC157457AC8F
:105DF000167458AC177459AC18745AAC19745BAC5F
:105E00001C745CAC1D745DAC1E745EAC1F745FAC26
:105E1000207460AC217461AC237462AC247463ACF4
:105E2000277464AC297465AC2B7466AC2D7467ACB4
:105E30002F7468AC317469AC32746AAC37746BAC73
:105E400038746CAC39746DAC3A746EAC3B746FAC36
:105E50003D7470AC3E7471AC3F7472AC407473AC02
:105E6000427474AC437475AC447476AC457477ACCE
:105E7000467478AC477479AC48747AAC49747BAC9E
:105E80004A747CAC4B747DAC4C747EAC4D7480AC6D
:105E90004E7481AC4F7482AC507483AC517484AC3A
:105EA000527485AC537486AC547487AC567488AC09
:105EB000587489AC5D748AAC60748BAC61748CACC2
:105EC00062748DAC63748EAC64748FAC657490AC8A
:105ED000667491AC677492AC687493AC697494AC5A
:105EE0006A7495AC6B7496AC6C7497AC6E7498AC29
:105EF0006F7499AC71749AAC72749BAC73749CACF3
:105F000074749DAC75749EAC78749FAC7974A0ACBD
:105F10007A7440AD7B7441AD7C7442AD7D7443AD09
:105F20007F7444AD827445AD847446AD857447ADCD
:105F3000867448AD887449AD89744AAD8A744BAD96
:105F40008C744CAD8D744DAD8F744EAD91744FAD5E
:105F5000927450AD937451AD947452AD957453AD29
:105F6000967454AD977455AD987456AD997457ADF9
:105F70009A7458AD9B7459AD9D745AAD9F745BADC6
:105F8000A0745CADA1745DADA2745EADA3745FAD91
:105F9000A47460ADA57461ADA67462ADAA7463AD5E
:105FA000AB7464ADAC7465ADAD7466ADAE7467AD25
:105FB000AF7468ADB07469ADB1746AADB2746BADF5
:105FC000B3746CADB4746DADB5746EADB6746FADC5
:105FD000B77470ADB87471ADB97472ADBB7473AD94
:105FE000BC7474ADBD7475ADBE7476ADBF7477AD61
:105FF000C07478ADC17479ADC2747AADC3747BAD31
:10600000C4747CADC5747DADC6747EADC77480ADFF
:10601000C87481ADC97482ADCA7483ADCB7484ADCC
:10602000CC7485ADCD7486ADCE7487ADCF7488AD9C
:10603000D07489ADD1748AADD3748BADD4748CAD6A
:10604000D5748DADD6748EADD7748FADD87490AD38
:10605000D97491ADDA7492ADDB7493ADDD7494AD07
:10606000DF7495ADE17496ADE57497ADE77498ADC6
:10607000E87499ADE9749AADEA749BADEB749CAD8C
:10608000EC749DADED749EADF0749FADF174A0AD58
:10609000F27440AEF37441AEF57442AEF87443AEA0
:1060A000F97444AEFA7445AEFB7446AEFC7447AE68
:1060B000FD7448AEFE7449AE00754AAE01754BAE34
:1060C00002754CAE03754DAE05754EAE06754FAEFE
:1060D000077550AE087551AE097552AE0A7553AECC
:1060E0000B7554AE0C7555AE0E7556AE107557AE99
:1060F000127558AE147559AE15755AAE16755BAE5D
:1061000017755CAE1B755DAE1D755EAE1E755FAE20
:10611000207560AE217561AE227562AE237563AEE7
:10612000247564AE267565AE277566AE2A7567AEB2
:106130002E7568AE347569AE36756AAE39756BAE5C
:106140003C756CAE3D756DAE3F756EAE41756FAE14
:10615000427570AE437571AE447572AE467573AEDE
:10616000477574AE497575AE4A7576AE4D7577AEA6
:10617000507578AE517579AE52757AAE53757BAE67
:1061800055757CAE56757DAE57757EAE587580AE32
:106190005D7581AE5E7582AE5F7583AE607584AEEF
:1061A000617585AE627586AE637587AE647588AEBF
:1061B000677589AE68758AAE69758BAE6B758CAE86
:1061C0006C758DAE6D758EAE6E758FAE6F7590AE53
:1061D000707591AE717592AE737593AE757594AE20
:1061E000767595AE777596AE7A7597AE7B7598AEE7
:1061F0007C7599AE7D759AAE7E759BAE80759CAEB2
:1062000081759DAE82759EAE84759FAE8575A0AE7C
:10621000877540AF887541AF897542AF8A7543AFC6
:106220008C7544AF8D7545AF8E7546AF907547AF91
:10623000937548AF957549AF98754AAF9B754BAF4D
:106240009C754CAF9E754DAFA2754EAFA6754FAF06
:10625000A77550AFA87551AFA97552AFAA7553AFC6
:10626000AD7554AFB67555AFB77556AFBA7557AF74
:10627000BB7558AFBF7559AFC0755AAFC1755BAF2D
:10628000C6755CAFCB755DAFCC755EAFCE755FAFDD
:10629000CF7560AFD07561AFD17562AFD37563AFA5
:1062A000D77564AFD97565AFDA7566AFDC7567AF62
:1062B000DD7568AFDF7569AFE0756AAFE1756BAF2B
:1062C000E5756CAFE9756DAFEC756EAFED756FAFE1
:1062D000EE7570AFEF7571AFF27572AFF37573AFA6
:1062E000F57574AFF67575AFF77576AFF87577AF6E
:1062F000FA7578AFFB7579AFFD757AAFFE757BAF38
:1063000002767CAF04767DAF06767EAF077680AFEF
:10631000087681AF097682AF0B7683AF0D7684AFB6
:106320000E7685AF0F7686AF117687AF127688AF7F
:10633000137689AF14768AAF16768BAF1A768CAF48
:106340001C768DAF1D768EAF1E768FAF217690AF07
:10635000237691AF277692AF287693AF2C7694AFC1
:106360002E7695AF2F7696AF317697AF327698AF7F
:10637000367699AF37769AAF39769BAF3A769CAF3F
:106380003B769DAF3D769EAF41769FAF4276A0AF04
:10639000447640B0457641B0467642B0477643B049
:1063A000487644B0497645B04A7646B04B7647B019
:1063B0004E7648B04F7649B050764AB051764BB0E1
:1063C00052764CB053764DB055764EB057764FB0AE
:1063D000587650B0597651B05A7652B05B7653B079
:1063E0005D7654B05F7655B0607656B0617657B042
:1063F000627658B0647659B065765AB066765BB00E
:1064000067765CB068765DB069765EB06A765FB0DC
:106410006C7660B06D7661B06E7662B0707663B0A7
:10642000717664B0727665B0737666B0747667B074
:10643000757668B0767669B077766AB079766BB043
:106440007A766CB07C766DB07F766EB080766FB009
:10645000817670B0837671B0857672B0897673B0CC
:106460008A7674B08C7675B08D7676B08F7677B08C
:10647000907678B0927679B094767AB095767BB053
:1064800097767CB098767DB09A767EB09B7680B019
:106490009C7681B09D7682B09E7683B09F7684B0E4
:1064A000A07685B0A17686B0A27687B0A37688B0B4
:1064B000A57689B0A6768AB0A7768BB0A8768CB080
:1064C000A9768DB0AA768EB0AB768FB0AC7690B050
:1064D000AD7691B0AF7692B0B07693B0B37694B01B
:1064E000B57695B0B67696B0B77697B0B87698B0E0
:1064F000B97699B0BA769AB0BB769BB0BC769CB0B0
:10650000BD769DB0BE769EB0C0769FB0C176A0B07D
:10651000C376A1B04A55A2B03F96A3B0C357A4B06A
:106520002863A5B0CE54A6B00955A7B0C054A8B0F2
:106530009176A9B04C76AAB03C85ABB0EE77ACB002
:106540007E82ADB08D78AEB03172AFB09896B0B0FB
:106550008D97B1B0286CB2B0895BB3B0FA4FB4B0CC
:106560000963B5B09766B6B0B85CB7B0FA80B8B09A
:106570004868B9B0AE80BAB00266BBB0CE76BCB0E7
:10658000F951BDB05665BEB0AC71BFB0F17FC0B0BF
:106590008488C1B0B250C2B06559C3B0CA61C4B03A
:1065A000B36FC5B0AD82C6B04C63C7B05262C8B05D
:1065B000ED53C9B02754CAB0067BCBB06B51CCB0F9
:1065C000A475CDB0F45DCEB0D462CFB0CB8DD0B0D9
:1065D0007697D1B08A62D2B01980D3B05D57D4B06B
:1065E0003897D5B0627FD6B03872D7B07D76D8B044
:1065F000CF67D9B07E76DAB04664DBB0704FDCB0DE
:10660000258DDDB0DC62DEB0177ADFB09165E0B0D9
:10661000ED73E1B02C64E2B07362E3B02C82E4B0BD
:106620008198E5B07F67E6B04872E7B06E62E8B087
:10663000CC62E9B0344FEAB0E374EBB04A53ECB04B
:106640009E52EDB0CA7EEEB0A690EFB02E5EF0B0D6
:106650008668F1B09C69F2B08081F3B0D17EF4B06D
:10666000D268F5B0C578F6B08C86F7B05195F8B021
:106670008D50F9B0248CFAB0DE82FBB0DE80FCB025
:106680000553FDB01289FEB0655240B1C47641B1E8
:10669000C77642B1C97643B1CB7644B1CC7645B129
:1066A000D37646B1D57647B1D97648B1DA7649B1D5
:1066B000DC764AB1DD764BB1DE764CB1E0764DB199
:1066C000E1764EB1E2764FB1E37650B1E47651B166
:1066D000E67652B1E77653B1E87654B1E97655B132
:1066E000EA7656B1EB7657B1EC7658B1ED7659B102
:1066F000F0765AB1F3765BB1F5765CB1F6765DB1C2
:10670000F7765EB1FA765FB1FB7660B1FD7661B186
:10671000FF7662B1007763B1027764B1037765B148
:10672000057766B1067767B10A7768B10C7769B10A
:106730000E776AB10F776BB110776CB111776DB1CD
:1067400012776EB113776FB1147770B1157771B19D
:10675000167772B1177773B1187774B11B7775B16B
:106760001C7776B11D7777B11E7778B1217779B133
:1067700023777AB124777BB125777CB127777DB1F8
:106780002A777EB12B7780B12C7781B12E7782B1B9
:10679000307783B1317784B1327785B1337786B181
:1067A000347787B1397788B13B7789B13D778AB142
:1067B0003E778BB13F778CB142778DB144778EB104
:1067C00045778FB1467790B1487791B1497792B1CB
:1067D0004A7793B14B7794B14C7795B14D7796B199
:1067E0004E7797B14F7798B1527799B153779AB165
:1067F00054779BB155779CB156779DB157779EB131
:1068000058779FB15977A0B15C77A1B18485A2B1C7
:10681000F996A3B1DD4FA4B12158A5B17199A6B1E4
:106820009D5BA7B1B162A8B1A562A9B1B466AAB1D6
:10683000798CABB18D9CACB10672ADB16F67AEB166
:106840009178AFB1B260B0B15153B1B11753B2B199
:10685000888FB3B1CC80B4B11D8DB5B1A194B6B160
:106860000D50B7B1C872B8B10759B9B1EB60BAB140
:106870001971BBB1AB88BCB15459BDB1EF82BEB187
:106880002C67BFB1287BC0B1295DC1B1F77EC2B111
:106890002D75C3B1F56CC4B1668EC5B1F88FC6B1A4
:1068A0003C90C7B13B9FC8B1D46BC9B11991CAB173
:1068B000147BCBB17C5FCCB1A778CDB1D684CEB1FF
:1068C0003D85CFB1D56BD0B1D96BD1B1D66BD2B13B
:1068D000015ED3B1875ED4B1F975D5B1ED95D6B16E
:1068E0005D65D7B10A5FD8B1C55FD9B19F8FDAB105
:1068F000C158DBB1C281DCB17F90DDB15B96DEB106
:10690000AD97DFB1B98FE0B1167FE1B12C8DE2B167
:106910004162E3B1BF4FE4B1D853E5B15E53E6B194
:10692000A88FE7B1A98FE8B1AB8FE9B14D90EAB17B
:106930000768EBB16A5FECB19881EDB16888EEB1A0
:10694000D69CEFB18B61F0B12B52F1B12A76F2B146
:106950006C5FF3B18C65F4B1D26FF5B1E86EF6B14E
:10696000BE5BF7B14864F8B17551F9B1B051FAB1F5
:10697000C467FBB1194EFCB1C979FDB17C99FEB178
:10698000B37040B25D7741B25E7742B25F7743B297
:10699000607744B2647745B2677746B2697747B2A9
:1069A0006A7748B26D7749B26E774AB26F774BB269
:1069B00070774CB271774DB272774EB273774FB237
:1069C000747750B2757751B2767752B2777753B207
:1069D000787754B27A7755B27B7756B27C7757B2D4
:1069E000817758B2827759B283775AB286775BB291
:1069F00087775CB288775DB289775EB28A775FB25B
:106A00008B7760B28F7761B2907762B2937763B21F
:106A1000947764B2957765B2967766B2977767B2E6
:106A2000987768B2997769B29A776AB29B776BB2B6
:106A30009C776CB29D776DB29E776EB2A1776FB284
:106A4000A37770B2A47771B2A67772B2A87773B247
:106A5000AB7774B2AD7775B2AE7776B2AF7777B207
:106A6000B17778B2B27779B2B4777AB2B6777BB2CF
:106A7000B7777CB2B8777DB2B9777EB2BA7780B299
:106A8000BC7781B2BE7782B2C07783B2C17784B25D
:106A9000C27785B2C37786B2C47787B2C57788B22A
:106AA000C67789B2C7778AB2C8778BB2C9778CB2FA
:106AB000CA778DB2CB778EB2CC778FB2CE7790B2C9
:106AC000CF7791B2D07792B2D17793B2D27794B296
:106AD000D37795B2D47796B2D57797B2D67798B266
:106AE000D87799B2D9779AB2DA779BB2DD779CB230
:106AF000DE779DB2DF779EB2E0779FB2E177A0B2FA
:106B0000E477A1B2C575A2B2765EA3B2BB73A4B29C
:106B1000E083A5B2AD64A6B2E862A7B2B594A8B20C
:106B2000E26CA9B25A53AAB2C352ABB20F64ACB270
:106B3000C294ADB2947BAEB22F4FAFB21B5EB0B277
:106B40003682B1B21681B2B28A81B3B2246EB4B2C7
:106B5000CA6CB5B2739AB6B25563B7B25C53B8B2E9
:106B6000FA54B9B26588BAB2E057BBB20D4EBCB2A6
:106B7000035EBDB2656BBEB23F7CBFB2E890C0B2EF
:106B80001660C1B2E664C2B21C73C3B2C188C4B29B
:106B90005067C5B24D62C6B2228DC7B26C77C8B21B
:106BA000298EC9B2C791CAB2695FCBB2DC83CCB2BD
:106BB0002185CDB21099CEB2C253CFB29586D0B254
:106BC0008B6BD1B2ED60D2B2E860D3B27F70D4B239
:106BD000CD82D5B23182D6B2D34ED7B2A76CD8B25D
:106BE000CF85D9B2CD64DAB2D97CDBB2FD69DCB233
:106BF000F966DDB24983DEB29553DFB2567BE0B26F
:106C0000A74FE1B28C51E2B24B6DE3B2425CE4B209
:106C10006D8EE5B2D263E6B2C953E7B22C83E8B217
:106C20003683E9B2E567EAB2B478EBB23D64ECB220
:106C3000DF5BEDB2945CEEB2EE5DEFB2E78BF0B2EB
:106C4000C662F1B2F467F2B27A8CF3B20064F4B2C5
:106C5000BA63F5B24987F6B28B99F7B2178CF8B2DE
:106C6000207FF9B2F294FAB2A74EFBB21096FCB2B2
:106C7000A498FDB20C66FEB2167340B3E67741B33A
:106C8000E87742B3EA7743B3EF7744B3F07745B39D
:106C9000F17746B3F27747B3F47748B3F57749B362
:106CA000F7774AB3F9774BB3FA774CB3FB774DB329
:106CB000FC774EB303784FB3047850B3057851B3E3
:106CC000067852B3077853B3087854B30A7855B3AB
:106CD0000B7856B30E7857B30F7858B3107859B372
:106CE00013785AB315785BB319785CB31B785DB32E
:106CF0001E785EB320785FB3217860B3227861B3E9
:106D0000247862B3287863B32A7864B32B7865B3A8
:106D10002E7866B32F7867B3317868B3327869B369
:106D200033786AB335786BB336786CB33D786DB32E
:106D30003F786EB341786FB3427870B3437871B3E4
:106D4000447872B3467873B3487874B3497875B3AE
:106D50004A7876B34B7877B34D7878B34F7879B378
:106D600051787AB353787BB354787CB358787DB339
:106D700059787EB35A7880B35B7881B35C7882B3FC
:106D80005E7883B35F7884B3607885B3617886B3C7
:106D9000627887B3637888B3647889B365788AB397
:106DA00066788BB367788CB368788DB369788EB367
:106DB0006F788FB3707890B3717891B3727892B323
:106DC000737893B3747894B3757895B3767896B3F3
:106DD000787897B3797898B37A7899B37B789AB3BF
:106DE0007D789BB37E789CB37F789DB380789EB38B
:106DF00081789FB38278A0B38378A1B33A57A2B3C6
:106E00001D5CA3B3385EA4B37F95A5B37F50A6B332
:106E1000A080A7B38253A8B35E65A9B34575AAB392
:106E20003155ABB32150ACB3858DADB38462AEB3F5
:106E30009E94AFB31D67B0B33256B1B36E6FB2B3A9
:106E4000E25DB3B33554B4B39270B5B3668FB6B3E5
:106E50006F62B7B3A464B8B3A363B9B37B5FBAB3CB
:106E6000886FBBB3F490BCB3E381BDB3B08FBEB346
:106E7000185CBFB36866C0B3F15FC1B3896CC2B3BD
:106E80004896C3B3818DC4B36C88C5B39164C6B34F
:106E9000F079C7B3CE57C8B3596AC9B31062CAB341
:106EA0004854CBB3584ECCB30B7ACDB3E960CEB3D4
:106EB000846FCFB3DA8BD0B37F62D1B31E90D2B3DD
:106EC0008B9AD3B3E479D4B30354D5B3F475D6B362
:106ED0000163D7B31953D8B3606CD9B3DF8FDAB37A
:106EE0001B5FDBB3709ADCB33B80DDB37F9FDEB307
:106EF000884FDFB33A5CE0B3648DE1B3C57FE2B3A2
:106F0000A565E3B3BD70E4B34551E5B3B251E6B353
:106F10006B86E7B3075DE8B3A05BE9B3BD62EAB394
:106F20006C91EBB37475ECB30C8EEDB3207AEEB3C9
:106F30000161EFB3797BF0B3C74EF1B3F87EF2B3E2
:106F40008577F3B3114EF4B3ED81F5B31D52F6B36B
:106F5000FA51F7B3716AF8B3A853F9B3878EFAB34D
:106F60000495FBB3CF96FCB3C16EFDB36496FEB33C
:106F70005A6940B4847841B4857842B4867843B481
:106F8000887844B48A7845B48B7846B48F7847B40F
:106F9000907848B4927849B494784AB495784BB4D0
:106FA00096784CB499784DB49D784EB49E784FB491
:106FB000A07850B4A27851B4A47852B4A67853B44F
:106FC000A87854B4A97855B4AA7856B4AB7857B415
:106FD000AC7858B4AD7859B4AE785AB4AF785BB4E5
:106FE000B5785CB4B6785DB4B7785EB4B8785FB4A1
:106FF000BA7860B4BB7861B4BC7862B4BD7863B46D
:10700000BF7864B4C07865B4C27866B4C37867B436
:10701000C47868B4C67869B4C7786AB4C8786BB401
:10702000CC786CB4CD786DB4CE786EB4CF786FB4C4
:10703000D17870B4D27871B4D37872B4D67873B48E
:10704000D77874B4D87875B4DA7876B4DB7877B456
:10705000DC7878B4DD7879B4DE787AB4DF787BB424
:10706000E0787CB4E1787DB4E2787EB4E37880B4F3
:10707000E47881B4E57882B4E67883B4E77884B4C0
:10708000E97885B4EA7886B4EB7887B4ED7888B48B
:10709000EE7889B4EF788AB4F0788BB4F1788CB458
:1070A000F3788DB4F5788EB4F6788FB4F87890B420
:1070B000F97891B4FB7892B4FC7893B4FD7894B4E9
:1070C000FE7895B4FF7896B4007997B4027998B4B5
:1070D000037999B404799AB406799BB407799CB47E
:1070E00008799DB409799EB40A799FB40B79A0B44C
:1070F0000C79A1B44078A2B4A850A3B4D777A4B4B3
:107100001064A5B4E689A6B40459A7B4E363A8B48F
:10711000DD5DA9B47F7AAAB43D69ABB4204FACB4AD
:107120003982ADB49855AEB4324EAFB4AE75B0B48A
:10713000977AB1B4625EB2B48A5EB3B4EF95B4B478
:107140001B52B5B43954B6B48A70B7B47663B8B4C8
:107150002495B9B48257BAB42566BBB43F69BCB4B0
:107160008791BDB40755BEB4F36DBFB4AF7EC0B454
:107170002288C1B43362C2B4F07EC3B4B575C4B45E
:107180002883C5B4C178C6B4CC96C7B49E8FC8B4A2
:107190004861C9B4F774CAB4CD8BCBB4646BCCB4BA
:1071A0003A52CDB4508DCEB4216BCFB46A80D0B4F6
:1071B0007184D1B4F156D2B40653D3B4CE4ED4B404
:1071C0001B4ED5B4D151D6B4977CD7B48B91D8B4DB
:1071D000077CD9B4C34FDAB47F8EDBB4E17BDCB477
:1071E0009C7ADDB46764DEB4145DDFB4AC50E0B407
:1071F0000681E1B40176E2B4B97CE3B4EC6DE4B4A9
:10720000E07FE5B45167E6B4585BE7B4F85BE8B4F7
:10721000CB78E9B4AE64EAB41364EBB4AA63ECB41B
:107220002B63EDB41995EEB42D64EFB4BE8FF0B4BA
:10723000547BF1B42976F2B45362F3B42759F4B411
:107240004654F5B4796BF6B4A350F7B43462F8B48D
:10725000265EF9B4866BFAB4E34EFBB4378DFCB40A
:107260008B88FDB4855FFEB42E9040B50D7941B595
:107270000E7942B50F7943B5107944B5117945B50A
:10728000127946B5147947B5157948B5167949B5D7
:1072900017794AB518794BB519794CB51A794DB5A6
:1072A0001B794EB51C794FB51D7950B51F7951B575
:1072B000207952B5217953B5227954B5237955B542
:1072C000257956B5267957B5277958B5287959B50E
:1072D00029795AB52A795BB52B795CB52C795DB5DE
:1072E0002D795EB52E795FB52F7960B5307961B5AE
:1072F000317962B5327963B5337964B5357965B57D
:10730000367966B5377967B5387968B5397969B549
:107310003D796AB53F796BB542796CB543796DB506
:1073200044796EB545796FB5477970B54A7971B5CD
:107330004B7972B54C7973B54D7974B54E7975B595
:107340004F7976B5507977B5517978B5527979B565
:1073500054797AB555797BB558797CB559797DB52D
:1073600061797EB5637980B5647981B5667982B5D6
:10737000697983B56A7984B56B7985B56C7986B599
:107380006E7987B5707988B5717989B572798AB562
:1073900073798BB574798CB575798DB576798EB531
:1073A00079798FB57B7990B57C7991B57D7992B5F6
:1073B0007E7993B57F7994B5827995B5837996B5C1
:1073C000867997B5877998B5887999B589799AB585
:1073D0008B799BB58C799CB58D799DB58E799EB551
:1073E00090799FB59179A0B59279A1B52060A2B5A9
:1073F0003D80A3B5C562A4B5394EA5B55553A6B514
:10740000F890A7B5B863A8B5C680A9B5E665AAB5D2
:107410002E6CABB5464FACB5EE60ADB5E16DAEB51B
:10742000DE8BAFB5395FB0B5CB86B1B5535FB2B5C2
:107430002163B3B55A51B4B56183B5B56368B6B5C8
:107440000052B7B56363B8B5488EB9B51250BAB536
:107450009B5CBBB57779BCB5FC5BBDB53052BEB5A6
:107460003B7ABFB5BC60C0B55390C1B5D776C2B545
:10747000B75FC3B5975FC4B58476C5B56C8EC6B526
:107480006F70C7B57B76C8B5497BC9B5AA77CAB551
:10749000F351CBB59390CCB52458CDB54E4FCEB566
:1074A000F46ECFB5EA8FD0B54C65D1B51B7BD2B5A4
:1074B000C472D3B5A46DD4B5DF7FD5B5E15AD6B5C6
:1074C000B562D7B5955ED8B53057D9B58284DAB5EF
:1074D0002C7BDBB51D5EDCB51F5FDDB51290DEB524
:1074E000147FDFB5A098E0B58263E1B5C76EE2B561
:1074F0009878E3B5B970E4B57851E5B55B97E6B532
:10750000AB57E7B53575E8B5434FE9B53875EAB51A
:10751000975EEBB5E660ECB56059EDB5C06DEEB5C4
:10752000BF6BEFB58978F0B5FC53F1B5D596F2B5E0
:10753000CB51F3B50152F4B58963F5B50A54F6B5EC
:107540009394F7B5038CF8B5CC8DF9B53972FAB5CB
:107550009F78FBB57687FCB5ED8FFDB50D8CFEB53C
:10756000E05340B6937941B6947942B6957943B6E3
:10757000967944B6977945B6987946B6997947B6DB
:107580009B7948B69C7949B69D794AB69E794BB6A7
:107590009F794CB6A0794DB6A1794EB6A2794FB677
:1075A000A37950B6A47951B6A57952B6A67953B647
:1075B000A87954B6A97955B6AA7956B6AB7957B613
:1075C000AC7958B6AD7959B6AE795AB6AF795BB6E3
:1075D000B0795CB6B1795DB6B2795EB6B4795FB6B2
:1075E000B57960B6B67961B6B77962B6B87963B67F
:1075F000BC7964B6BF7965B6C27966B6C47967B638
:10760000C57968B6C77969B6C8796AB6CA796BB6FA
:10761000CC796CB6CE796DB6CF796EB6D0796FB6BF
:10762000D37970B6D47971B6D67972B6D77973B684
:10763000D97974B6DA7975B6DB7976B6DC7977B64E
:10764000DD7978B6DE7979B6E0797AB6E1797BB61C
:10765000E2797CB6E5797DB6E8797EB6EA7980B6DE
:10766000EC7981B6EE7982B6F17983B6F27984B697
:10767000F37985B6F47986B6F57987B6F67988B662
:10768000F77989B6F9798AB6FA798BB6FC798CB62E
:10769000FE798DB6FF798EB6017A8FB6047A90B6F0
:1076A000057A91B6077A92B6087A93B6097A94B6B3
:1076B0000A7A95B60C7A96B60F7A97B6107A98B67B
:1076C000117A99B6127A9AB6137A9BB6157A9CB645
:1076D000167A9DB6187A9EB6197A9FB61B7AA0B60E
:1076E0001C7AA1B6014EA2B6EF76A3B6EE53A4B6AD
:1076F0008994A5B67698A6B60E9FA7B62D95A8B67E
:107700009A5BA9B6A28BAAB6224EABB61C4EACB6FB
:10771000AC51ADB66384AEB6C261AFB6A852B0B6D6
:107720000B68B1B6974FB2B66B60B3B6BB51B4B687
:107730001E6DB5B65C51B6B69662B7B69765B8B66B
:107740006196B9B6468CBAB61790BBB6D875BCB6BA
:10775000FD90BDB66377BEB6D26BBFB68A72C0B6B7
:10776000EC72C1B6FB8BC2B63558C3B67977C4B6D6
:107770004C8DC5B65C67C6B64095C7B69A80C8B68C
:10778000A65EC9B6216ECAB69259CBB6EF7ACCB610
:10779000ED77CDB63B95CEB6B56BCFB6AD65D0B671
:1077A0000E7FD1B60658D2B65151D3B61F96D4B675
:1077B000F95BD5B6A958D6B62854D7B6728ED8B6C6
:1077C0006665D9B67F98DAB6E456DBB69D94DCB62A
:1077D000FE76DDB64190DEB68763DFB6C654E0B60E
:1077E0001A59E1B63A59E2B69B57E3B6B28EE4B6FF
:1077F0003567E5B6FA8DE6B63582E7B64152E8B6AA
:10780000F060E9B61558EAB6FE86EBB6E85CECB671
:10781000459EEDB6C44FEEB69D98EFB6B98BF0B667
:10782000255AF1B67660F2B68453F3B67C62F4B6AC
:107830004F90F5B60291F6B67F99F7B66960F8B643
:107840000C80F9B63F51FAB63380FBB6145CFCB637
:107850007599FDB6316DFEB68C4E40B71D7A41B7B5
:107860001F7A42B7217A43B7227A44B7247A45B7C0
:10787000257A46B7267A47B7277A48B7287A49B78C
:10788000297A4AB72A7A4BB72B7A4CB72C7A4DB75C
:107890002D7A4EB72E7A4FB72F7A50B7307A51B72C
:1078A000317A52B7327A53B7347A54B7357A55B7FA
:1078B000367A56B7387A57B73A7A58B73E7A59B7C0
:1078C000407A5AB7417A5BB7427A5CB7437A5DB780
:1078D000447A5EB7457A5FB7477A60B7487A61B74E
:1078E000497A62B74A7A63B74B7A64B74C7A65B71C
:1078F0004D7A66B74E7A67B74F7A68B7507A69B7EC
:10790000527A6AB7537A6BB7547A6CB7557A6DB7B7
:10791000567A6EB7587A6FB7597A70B75A7A71B784
:107920005B7A72B75C7A73B75D7A74B75E7A75B753
:107930005F7A76B7607A77B7617A78B7627A79B723
:10794000637A7AB7647A7BB7657A7CB7667A7DB7F3
:10795000677A7EB7687A80B7697A81B76A7A82B7C0
:107960006B7A83B76C7A84B76D7A85B76E7A86B78F
:107970006F7A87B7717A88B7727A89B7737A8AB75C
:10798000757A8BB77B7A8CB77C7A8DB77D7A8EB718
:107990007E7A8FB7827A90B7857A91B7877A92B7D5
:1079A000897A93B78A7A94B78B7A95B78C7A96B797
:1079B0008E7A97B78F7A98B7907A99B7937A9AB761
:1079C000947A9BB7997A9CB79A7A9DB79B7A9EB71F
:1079D0009E7A9FB7A17AA0B7A27AA1B7308DA2B73D
:1079E000D153A3B75A7FA4B74F7BA5B7104FA6B703
:1079F0004F4EA7B70096A8B7D56CA9B7D073AAB752
:107A0000E985ABB7065EACB76A75ADB7FB7FAEB7BD
:107A10000A6AAFB7FE77B0B79294B1B7417EB2B7FA
:107A2000E151B3B7E670B4B7CD53B5B7D48FB6B79D
:107A30000383B7B7298DB8B7AF72B9B76D99BAB725
:107A4000DB6CBBB74A57BCB7B382BDB7B965BEB72D
:107A5000AA80BFB73F62C0B73296C1B7A859C2B7B4
:107A6000FF4EC3B7BF8BC4B7BA7EC5B73E65C6B7B6
:107A7000F283C7B75E97C8B76155C9B7DE98CAB772
:107A8000A580CBB72A53CCB7FD8BCDB72054CEB74A
:107A9000BA80CFB79F5ED0B7B86CD1B7398DD2B7A7
:107AA000AC82D3B75A91D4B72954D5B71B6CD6B78B
:107AB0000652D7B7B77ED8B75F57D9B71A71DAB7BA
:107AC0007E6CDBB7897CDCB74B59DDB7FD4EDEB78A
:107AD000FF5FDFB72461E0B7AA7CE1B7304EE2B7C1
:107AE000015CE3B7AB67E4B70287E5B7F05CE6B7E4
:107AF0000B95E7B7CE98E8B7AF75E9B7FD70EAB771
:107B00002290EBB7AF51ECB71D7FEDB7BD8BEEB751
:107B10004959EFB7E451F0B75B4FF1B72654F2B7CC
:107B20002B59F3B77765F4B7A480F5B7755BF6B753
:107B30007662F7B7C262F8B7908FF9B7455EFAB7C9
:107B40001F6CFBB7267BFCB70F4FFDB7D84FFEB7B6
:107B50000D6740B8A37A41B8A47A42B8A77A43B86F
:107B6000A97A44B8AA7A45B8AB7A46B8AE7A47B88B
:107B7000AF7A48B8B07A49B8B17A4AB8B27A4BB855
:107B8000B47A4CB8B57A4DB8B67A4EB8B77A4FB821
:107B9000B87A50B8B97A51B8BA7A52B8BB7A53B8F1
:107BA000BC7A54B8BD7A55B8BE7A56B8C07A57B8C0
:107BB000C17A58B8C27A59B8C37A5AB8C47A5BB88D
:107BC000C57A5CB8C67A5DB8C77A5EB8C87A5FB85D
:107BD000C97A60B8CA7A61B8CC7A62B8CD7A63B82B
:107BE000CE7A64B8CF7A65B8D07A66B8D17A67B8F9
:107BF000D27A68B8D37A69B8D47A6AB8D57A6BB8C9
:107C0000D77A6CB8D87A6DB8DA7A6EB8DB7A6FB892
:107C1000DC7A70B8DD7A71B8E17A72B8E27A73B85A
:107C2000E47A74B8E77A75B8E87A76B8E97A77B81A
:107C3000EA7A78B8EB7A79B8EC7A7AB8EE7A7BB8E7
:107C4000F07A7CB8F17A7DB8F27A7EB8F37A80B8AF
:107C5000F47A81B8F57A82B8F67A83B8F77A84B87C
:107C6000F87A85B8FB7A86B8FC7A87B8FE7A88B845
:107C7000007B89B8017B8AB8027B8BB8057B8CB806
:107C8000077B8DB8097B8EB80C7B8FB80D7B90B8C5
:107C90000E7B91B8107B92B8127B93B8137B94B88B
:107CA000167B95B8177B96B8187B97B81A7B98B84F
:107CB0001C7B99B81D7B9AB81F7B9BB8217B9CB815
:107CC000227B9DB8237B9EB8277B9FB8297BA0B8D9
:107CD0002D7BA1B86E6DA2B8AA6DA3B88F79A4B898
:107CE000B188A5B8175FA6B82B75A7B89A62A8B8CF
:107CF000858FA9B8EF4FAAB8DC91ABB8A765ACB82F
:107D00002F81ADB85181AEB89C5EAFB85081B0B88C
:107D1000748DB1B86F52B2B88689B3B84B8DB4B810
:107D20000D59B5B88550B6B8D84EB7B81C96B8B886
:107D30003672B9B87981BAB81F8DBBB8CC5BBCB804
:107D4000A38BBDB84496BEB88759BFB81A7FC0B8D8
:107D50009054C1B87656C2B80E56C3B8E58BC4B8B5
:107D60003965C5B88269C6B89994C7B8D676C8B817
:107D7000896EC9B8725ECAB81875CBB84667CCB8F8
:107D8000D167CDB8FF7ACEB89D80CFB8768DD0B808
:107D90001F61D1B8C679D2B86265D3B8638DD4B843
:107DA0008851D5B81A52D6B8A294D7B8387FD8B867
:107DB0009B80D9B8B27EDAB8975CDBB82F6EDCB89E
:107DC0006067DDB8D97BDEB88B76DFB8D89AE0B8CB
:107DD0008F81E1B8947FE2B8D57CE3B81E64E4B843
:107DE0005095E5B83F7AE6B84A54E7B8E554E8B8A4
:107DF0004C6BE9B80164EAB80862EBB83D9EECB898
:107E0000F380EDB89975EEB87252EFB86997F0B893
:107E10005B84F1B83C68F2B8E486F3B80196F4B834
:107E20009496F5B8EC94F6B82A4EF7B80454F8B81E
:107E3000D97EF9B83968FAB8DF8DFBB81580FCB87F
:107E4000F466FDB89A5EFEB8B97F40B92F7B41B9A0
:107E5000307B42B9327B43B9347B44B9357B45B979
:107E6000367B46B9377B47B9397B48B93B7B49B943
:107E70003D7B4AB93F7B4BB9407B4CB9417B4DB907
:107E8000427B4EB9437B4FB9447B50B9467B51B9D5
:107E9000487B52B94A7B53B94D7B54B94E7B55B997
:107EA000537B56B9557B57B9577B58B9597B59B94C
:107EB0005C7B5AB95E7B5BB95F7B5CB9617B5DB90A
:107EC000637B5EB9647B5FB9657B60B9667B61B9D2
:107ED000677B62B9687B63B9697B64B96A7B65B9A2
:107EE0006B7B66B96C7B67B96D7B68B96F7B69B971
:107EF000707B6AB9737B6BB9747B6CB9767B6DB937
:107F0000787B6EB97A7B6FB97C7B70B97D7B71B9F8
:107F10007F7B72B9817B73B9827B74B9837B75B9BE
:107F2000847B76B9867B77B9877B78B9887B79B98A
:107F3000897B7AB98A7B7BB98B7B7CB98C7B7DB959
:107F40008E7B7EB98F7B80B9917B81B9927B82B920
:107F5000937B83B9967B84B9987B85B9997B86B9E5
:107F60009A7B87B99B7B88B99E7B89B99F7B8AB9AD
:107F7000A07B8BB9A37B8CB9A47B8DB9A57B8EB973
:107F8000AE7B8FB9AF7B90B9B07B91B9B27B92B920
:107F9000B37B93B9B57B94B9B67B95B9B77B96B9EA
:107FA000B97B97B9BA7B98B9BB7B99B9BC7B9AB9B5
:107FB000BD7B9BB9BE7B9CB9BF7B9DB9C07B9EB985
:107FC000C27B9FB9C37BA0B9C47BA1B9C257A2B978
:107FD0003F80A3B99768A4B9E55DA5B93B65A6B98B
:107FE0009F52A7B96D60A8B99A9FA9B99B4FAAB92A
:107FF000AC8EABB96C51ACB9AB5BADB9135FAEB97C
:10800000E95DAFB95E6CB0B9F162B1B9218DB2B9B9
:108010007151B3B9A994B4B9FE52B5B99F6CB6B950
:10802000DF82B7B9D772B8B9A257B9B98467BAB9FC
:108030002D8DBBB91F59BCB99C8FBDB9C783BEB9C3
:108040009554BFB98D7BC0B9304FC1B9BD6CC2B9B1
:10805000645BC3B9D159C4B9139FC5B9E453C6B958
:10806000CA86C7B9A89AC8B9378CC9B9A180CAB994
:108070004565CBB97E98CCB9FA56CDB9C796CEB97D
:108080002E52CFB9DC74D0B95052D1B9E15BD2B91C
:108090000263D3B90289D4B9564ED5B9D062D6B9E4
:1080A0002A60D7B9FA68D8B97351D9B9985BDAB9E7
:1080B000A051DBB9C289DCB9A17BDDB98699DEB9F3
:1080C000507FDFB9EF60E0B94C70E1B92F8DE2B9B4
:1080D0004951E3B97F5EE4B91B90E5B97074E6B924
:1080E000C489E7B92D57E8B94578E9B9525FEAB9CB
:1080F0009F9FEBB9FA95ECB9688FEDB93C9BEEB94F
:10810000E18BEFB97876F0B94268F1B9DC67F2B982
:10811000EA8DF3B9358DF4B93D52F5B98A8FF6B9C8
:10812000DA6EF7B9CD68F8B90595F9B9ED90FAB9F5
:10813000FD56FBB99C67FCB9F988FDB9C78FFEB93C
:10814000C85440BAC57B41BAC87B42BAC97B43BA5E
:10815000CA7B44BACB7B45BACD7B46BACE7B47BA05
:10816000CF7B48BAD07B49BAD27B4ABAD47B4BBAD0
:10817000D57B4CBAD67B4DBAD77B4EBAD87B4FBA9B
:10818000DB7B50BADC7B51BADE7B52BADF7B53BA61
:10819000E07B54BAE27B55BAE37B56BAE47B57BA2C
:1081A000E77B58BAE87B59BAE97B5ABAEB7B5BBAF2
:1081B000EC7B5CBAED7B5DBAEF7B5EBAF07B5FBABD
:1081C000F27B60BAF37B61BAF47B62BAF57B63BA87
:1081D000F67B64BAF87B65BAF97B66BAFA7B67BA54
:1081E000FB7B68BAFD7B69BAFF7B6ABA007C6BBA1D
:1081F000017C6CBA027C6DBA037C6EBA047C6FBAE7
:10820000057C70BA067C71BA087C72BA097C73BAB4
:108210000A7C74BA0D7C75BA0E7C76BA107C77BA7B
:10822000117C78BA127C79BA137C7ABA147C7BBA46
:10823000157C7CBA177C7DBA187C7EBA197C80BA12
:108240001A7C81BA1B7C82BA1C7C83BA1D7C84BADE
:108250001E7C85BA207C86BA217C87BA227C88BAAB
:10826000237C89BA247C8ABA257C8BBA287C8CBA78
:10827000297C8DBA2B7C8EBA2C7C8FBA2D7C90BA3F
:108280002E7C91BA2F7C92BA307C93BA317C94BA0E
:10829000327C95BA337C96BA347C97BA357C98BADE
:1082A000367C99BA377C9ABA397C9BBA3A7C9CBAAC
:1082B0003B7C9DBA3C7C9EBA3D7C9FBA3E7CA0BA7A
:1082C000427CA1BAB89AA2BA695BA3BA776DA4BA84
:1082D000266CA5BAA54EA6BAB35BA7BA879AA8BA68
:1082E0006391A9BAA861AABAAF90ABBAE997ACBA40
:1082F0002B54ADBAB56DAEBAD25BAFBAFD51B0BAC0
:108300008A55B1BA557FB2BAF07FB3BABC64B4BA79
:108310004D63B5BAF165B6BABE61B7BA8D60B8BA89
:108320000A71B9BA576CBABA496CBBBA2F59BCBA00
:108330006D67BDBA2A82BEBAD558BFBA8E56C0BACA
:108340006A8CC1BAEB6BC2BADD90C3BA7D59C4BAAC
:108350001780C5BAF753C6BA696DC7BA7554C8BA9B
:108360009D55C9BA7783CABACF83CBBA3868CCBA1D
:10837000BE79CDBA8C54CEBA554FCFBA0854D0BAC4
:10838000D276D1BA898CD2BA0296D3BAB36CD4BAA7
:10839000B86DD5BA6B8DD6BA1089D7BA649ED8BAE3
:1083A0003A8DD9BA3F56DABAD19EDBBAD575DCBA66
:1083B000885FDDBAE072DEBA6860DFBAFC54E0BA0A
:1083C000A84EE1BA2A6AE2BA6188E3BA5260E4BA16
:1083D000708FE5BAC454E6BAD870E7BA7986E8BABD
:1083E0003F9EE9BA2A6DEABA8F5BEBBA185FECBA26
:1083F000A27EEDBA8955EEBAAF4FEFBA3473F0BA38
:108400003C54F1BA9A53F2BA1950F3BA0E54F4BA72
:108410007C54F5BA4E4EF6BAFD5FF7BA5A74F8BA04
:10842000F658F9BA6B84FABAE180FBBA7487FCBAE1
:10843000D072FDBACA7CFEBA566E40BB437C41BBCB
:10844000447C42BB457C43BB467C44BB477C45BB2C
:10845000487C46BB497C47BB4A7C48BB4B7C49BBFC
:108460004C7C4ABB4E7C4BBB4F7C4CBB507C4DBBC9
:10847000517C4EBB527C4FBB537C50BB547C51BB98
:10848000557C52BB567C53BB577C54BB587C55BB68
:10849000597C56BB5A7C57BB5B7C58BB5C7C59BB38
:1084A0005D7C5ABB5E7C5BBB5F7C5CBB607C5DBB08
:1084B000617C5EBB627C5FBB637C60BB647C61BBD8
:1084C000657C62BB667C63BB677C64BB687C65BBA8
:1084D000697C66BB6A7C67BB6B7C68BB6C7C69BB78
:1084E0006D7C6ABB6E7C6BBB6F7C6CBB707C6DBB48
:1084F000717C6EBB727C6FBB757C70BB767C71BB14
:10850000777C72BB787C73BB797C74BB7A7C75BBDF
:108510007E7C76BB7F7C77BB807C78BB817C79BBA3
:10852000827C7ABB837C7BBB847C7CBB857C7DBB73
:10853000867C7EBB877C80BB887C81BB8A7C82BB3F
:108540008B7C83BB8C7C84BB8D7C85BB8E7C86BB0B
:108550008F7C87BB907C88BB937C89BB947C8ABBD7
:10856000967C8BBB997C8CBB9A7C8DBB9B7C8EBB99
:10857000A07C8FBBA17C90BBA37C91BBA67C92BB53
:10858000A77C93BBA87C94BBA97C95BBAB7C96BB1A
:10859000AC7C97BBAD7C98BBAF7C99BBB07C9ABBE5
:1085A000B47C9BBBB57C9CBBB67C9DBBB77C9EBBA7
:1085B000B87C9FBBBA7CA0BBBB7CA1BB275FA2BB26
:1085C0004E86A3BB2C55A4BBA462A5BB924EA6BBF2
:1085D000AA6CA7BB3762A8BBB182A9BBD754AABB00
:1085E0004E53ABBB3E73ACBBD16EADBB3B75AEBBAC
:1085F0001252AFBB1653B0BBDD8BB1BBD069B2BB5F
:108600008A5FB3BB0060B4BBEE6DB5BB4F57B6BB62
:10861000226BB7BBAF73B8BB5368B9BBD88FBABBBB
:10862000137FBBBB6263BCBBA360BDBB2455BEBB99
:10863000EA75BFBB628CC0BB1571C1BBA36DC2BB69
:10864000A65BC3BB7B5EC4BB5283C5BB4C61C6BBD0
:10865000C49EC7BBFA78C8BB5787C9BB277CCABBB7
:108660008776CBBBF051CCBBF660CDBB4C71CEBB9B
:108670004366CFBB4C5ED0BB4D60D1BB0E8CD2BB32
:108680007070D3BB2563D4BB898FD5BBBD5FD6BB10
:108690006260D7BBD486D8BBDE56D9BBC16BDABB10
:1086A0009460DBBB6761DCBB4953DDBBE060DEBBD4
:1086B0006666DFBB3F8DE0BBFD79E1BB1A4FE2BBD5
:1086C000E970E3BB476CE4BBB38BE5BBF28BE6BB65
:1086D000D87EE7BB6483E8BB0F66E9BB5A5AEABBA6
:1086E000429BEBBB516DECBBF76DEDBB418CEEBB20
:1086F0003B6DEFBB194FF0BB6B70F1BBB783F2BBA7
:108700001662F3BBD160F4BB0D97F5BB278DF6BBAA
:108710007879F7BBFB51F8BB3E57F9BBFA57FABB68
:108720003A67FBBB7875FCBB3D7AFDBBEF79FEBBBE
:10873000957B40BCBF7C41BCC07C42BCC27C43BC7E
:10874000C37C44BCC47C45BCC67C46BCC97C47BC1D
:10875000CB7C48BCCE7C49BCCF7C4ABCD07C4BBCDB
:10876000D17C4CBCD27C4DBCD37C4EBCD47C4FBCA9
:10877000D87C50BCDA7C51BCDB7C52BCDD7C53BC69
:10878000DE7C54BCE17C55BCE27C56BCE37C57BC2F
:10879000E47C58BCE57C59BCE67C5ABCE77C5BBCFD
:1087A000E97C5CBCEA7C5DBCEB7C5EBCEC7C5FBCC9
:1087B000ED7C60BCEE7C61BCF07C62BCF17C63BC97
:1087C000F27C64BCF37C65BCF47C66BCF57C67BC65
:1087D000F67C68BCF77C69BCF97C6ABCFA7C6BBC33
:1087E000FC7C6CBCFD7C6DBCFE7C6EBCFF7C6FBCFD
:1087F000007D70BC017D71BC027D72BC037D73BCC9
:10880000047D74BC057D75BC067D76BC077D77BC98
:10881000087D78BC097D79BC0B7D7ABC0C7D7BBC66
:108820000D7D7CBC0E7D7DBC0F7D7EBC107D80BC33
:10883000117D81BC127D82BC137D83BC147D84BC00
:10884000157D85BC167D86BC177D87BC187D88BCD0
:10885000197D89BC1A7D8ABC1B7D8BBC1C7D8CBCA0
:108860001D7D8DBC1E7D8EBC1F7D8FBC217D90BC6F
:10887000237D91BC247D92BC257D93BC267D94BC38
:10888000287D95BC297D96BC2A7D97BC2C7D98BC03
:108890002D7D99BC2E7D9ABC307D9BBC317D9CBCCE
:1088A000327D9DBC337D9EBC347D9FBC357DA0BC9C
:1088B000367DA1BC8C80A2BC6599A3BCF98FA4BCF9
:1088C000C06FA5BCA58BA6BC219EA7BCEC59A8BCBB
:1088D000E97EA9BC097FAABC0954ABBC8167ACBCCA
:1088E000D868ADBC918FAEBC4D7CAFBCC696B0BC59
:1088F000CA53B1BC2560B2BCBE75B3BC726CB4BC0B
:108900007353B5BCC95AB6BCA77EB7BC2463B8BC08
:10891000E051B9BC0A81BABCF15DBBBCDF84BCBC10
:108920008062BDBC8051BEBC635BBFBC0E4FC0BC8F
:108930006D79C1BC4252C2BCB860C3BC4E6DC4BCF0
:10894000C45BC5BCC25BC6BCA18BC7BCB08BC8BC7A
:10895000E265C9BCCC5FCABC4596CBBC9359CCBCC4
:10896000E77ECDBCAA7ECEBC0956CFBCB767D0BCD3
:108970003959D1BC734FD2BCB65BD3BCA052D4BC66
:108980005A83D5BC8A98D6BC3E8DD7BC3275D8BC2C
:10899000BE94D9BC4750DABC3C7ADBBCF74EDCBC99
:1089A000B667DDBC7E9ADEBCC15ADFBC7C6BE0BC26
:1089B000D176E1BC5A57E2BC165CE3BC3A7BE4BC1E
:1089C000F495E5BC4E71E6BC7C51E7BCA980E8BCDF
:1089D0007082E9BC7859EABC047FEBBC2783ECBC0D
:1089E000C068EDBCEC67EEBCB178EFBC7778F0BC4A
:1089F000E362F1BC6163F2BC807BF3BCED4FF4BC7D
:108A00006A52F5BCCF51F6BC5083F7BCDB69F8BCA9
:108A10007492F9BCF58DFABC318DFBBCC189FCBCEC
:108A20002E95FDBCAD7BFEBCF64E40BD377D41BDF5
:108A3000387D42BD397D43BD3A7D44BD3B7D45BD5A
:108A40003C7D46BD3D7D47BD3E7D48BD3F7D49BD2A
:108A5000407D4ABD417D4BBD427D4CBD437D4DBDFA
:108A6000447D4EBD457D4FBD467D50BD477D51BDCA
:108A7000487D52BD497D53BD4A7D54BD4B7D55BD9A
:108A80004C7D56BD4D7D57BD4E7D58BD4F7D59BD6A
:108A9000507D5ABD517D5BBD527D5CBD537D5DBD3A
:108AA000547D5EBD557D5FBD567D60BD577D61BD0A
:108AB000587D62BD597D63BD5A7D64BD5B7D65BDDA
:108AC0005C7D66BD5D7D67BD5E7D68BD5F7D69BDAA
:108AD000607D6ABD617D6BBD627D6CBD637D6DBD7A
:108AE000647D6EBD657D6FBD667D70BD677D71BD4A
:108AF000687D72BD697D73BD6A7D74BD6B7D75BD1A
:108B00006C7D76BD6D7D77BD6F7D78BD707D79BDE7
:108B1000717D7ABD727D7BBD737D7CBD747D7DBDB5
:108B2000757D7EBD767D80BD787D81BD797D82BD80
:108B30007A7D83BD7B7D84BD7C7D85BD7D7D86BD4D
:108B40007E7D87BD7F7D88BD807D89BD817D8ABD1D
:108B5000827D8BBD837D8CBD847D8DBD857D8EBDED
:108B6000867D8FBD877D90BD887D91BD897D92BDBD
:108B70008A7D93BD8B7D94BD8C7D95BD8D7D96BD8D
:108B80008E7D97BD8F7D98BD907D99BD917D9ABD5D
:108B9000927D9BBD937D9CBD947D9DBD957D9EBD2D
:108BA000967D9FBD977DA0BD987DA1BD6550A2BD5E
:108BB0003082A3BD5152A4BD6F99A5BD106EA6BD54
:108BC000856EA7BDA76DA8BDFA5EA9BDF550AABD6B
:108BD000DC59ABBD065CACBD466DADBD5F6CAEBDDA
:108BE0008675AFBD8B84B0BD6868B1BD5659B2BD46
:108BF000B28BB3BD2053B4BD7191B5BD4D96B6BD1A
:108C00004985B7BD1269B8BD0179B9BD2671BABD34
:108C1000F680BBBDA44EBCBDCA90BDBD476DBEBDF8
:108C2000849ABFBD075AC0BDBC56C1BD0564C2BD54
:108C3000F094C3BDEB77C4BDA54FC5BD1A81C6BDB9
:108C4000E172C7BDD289C8BD7A99C9BD347FCABD9A
:108C5000DE7ECBBD7F52CCBD5965CDBD7591CEBDFD
:108C60007F8FCFBD838FD0BDEB53D1BD967AD2BD60
:108C7000ED63D3BDA563D4BD8676D5BDF879D6BDE9
:108C80005788D7BD3696D8BD2A62D9BDAB52DABD5A
:108C90008282DBBD5468DCBD7067DDBD7763DEBDFD
:108CA0006B77DFBDED7AE0BD016DE1BDD37EE2BD46
:108CB000E389E3BDD059E4BD1262E5BDC985E6BDD7
:108CC000A582E7BD4C75E8BD1F50E9BDCB4EEABD9E
:108CD000A575EBBDEB8BECBD4A5CEDBDFE5DEEBD5D
:108CE0004B7BEFBDA465F0BDD191F1BDCA4EF2BD85
:108CF000256DF3BD5F89F4BD277DF5BD2695F6BDD5
:108D0000C54EF7BD288CF8BDDB8FF9BD7397FABD52
:108D10004B66FBBD8179FCBDD18FFDBDEC70FEBD06
:108D2000786D40BE997D41BE9A7D42BE9B7D43BE1B
:108D30009C7D44BE9D7D45BE9E7D46BE9F7D47BEBB
:108D4000A07D48BEA17D49BEA27D4ABEA37D4BBE8B
:108D5000A47D4CBEA57D4DBEA77D4EBEA87D4FBE59
:108D6000A97D50BEAA7D51BEAB7D52BEAC7D53BE27
:108D7000AD7D54BEAF7D55BEB07D56BEB17D57BEF4
:108D8000B27D58BEB37D59BEB47D5ABEB57D5BBEC3
:108D9000B67D5CBEB77D5DBEB87D5EBEB97D5FBE93
:108DA000BA7D60BEBB7D61BEBC7D62BEBD7D63BE63
:108DB000BE7D64BEBF7D65BEC07D66BEC17D67BE33
:108DC000C27D68BEC37D69BEC47D6ABEC57D6BBE03
:108DD000C67D6CBEC77D6DBEC87D6EBEC97D6FBED3
:108DE000CA7D70BECB7D71BECC7D72BECD7D73BEA3
:108DF000CE7D74BECF7D75BED07D76BED17D77BE73
:108E0000D27D78BED37D79BED47D7ABED57D7BBE42
:108E1000D67D7CBED77D7DBED87D7EBED97D80BE11
:108E2000DA7D81BEDB7D82BEDC7D83BEDD7D84BEDE
:108E3000DE7D85BEDF7D86BEE07D87BEE17D88BEAE
:108E4000E27D89BEE37D8ABEE47D8BBEE57D8CBE7E
:108E5000E67D8DBEE77D8EBEE87D8FBEE97D90BE4E
:108E6000EA7D91BEEB7D92BEEC7D93BEED7D94BE1E
:108E7000EE7D95BEEF7D96BEF07D97BEF17D98BEEE
:108E8000F27D99BEF37D9ABEF47D9BBEF57D9CBEBE
:108E9000F67D9DBEF77D9EBEF87D9FBEF97DA0BE8E
:108EA000FA7DA1BE3D5CA2BEB252A3BE4683A4BE63
:108EB0006251A5BE0E83A6BE5B77A7BE7666A8BE2E
:108EC000B89CA9BEAC4EAABECA60ABBEBE7CACBE4E
:108ED000B37CADBECF7EAEBE954EAFBE668BB0BE90
:108EE0006F66B1BE8898B2BE5997B3BE8358B4BE00
:108EF0006C65B5BE5C95B6BE845FB7BEC975B8BEBD
:108F00005697B9BEDF7ABABEDE7ABBBEC051BCBED0
:108F1000AF70BDBE987ABEBEEA63BFBE767AC0BEF1
:108F2000A07EC1BE9673C2BEED97C3BE454EC4BE01
:108F30007870C5BE5D4EC6BE5291C7BEA953C8BEAD
:108F40005165C9BEE765CABEFC81CBBE0582CCBEF9
:108F50008E54CDBE315CCEBE9A75CFBEA097D0BE2A
:108F6000D862D1BED972D2BEBD75D3BE455CD4BE67
:108F7000799AD5BECA83D6BE405CD7BE8054D8BECF
:108F8000E977D9BE3E4EDABEAE6CDBBE5A80DCBE9F
:108F9000D262DDBE6E63DEBEE85DDFBE7751E0BE4D
:108FA000DD8DE1BE1E8EE2BE2F95E3BEF14FE4BE25
:108FB000E553E5BEE760E6BEAC70E7BE6752E8BECB
:108FC0005063E9BE439EEABE1F5AEBBE2650ECBE7C
:108FD0003777EDBE7753EEBEE27EEFBE8564F0BE1E
:108FE0002B65F1BE8962F2BE9863F3BE1450F4BEE5
:108FF0003572F5BEC989F6BEB351F7BEC08BF8BE57
:10900000DD7EF9BE4757FABECC83FBBEA794FCBEFB
:109010009B51FDBE1B54FEBEFB5C40BFFB7D41BFB0
:10902000FC7D42BFFD7D43BFFE7D44BFFF7D45BF4C
:10903000007E46BF017E47BF027E48BF037E49BF18
:10904000047E4ABF057E4BBF067E4CBF077E4DBFE8
:10905000087E4EBF097E4FBF0A7E50BF0B7E51BFB8
:109060000C7E52BF0D7E53BF0E7E54BF0F7E55BF88
:10907000107E56BF117E57BF127E58BF137E59BF58
:10908000147E5ABF157E5BBF167E5CBF177E5DBF28
:10909000187E5EBF197E5FBF1A7E60BF1B7E61BFF8
:1090A0001C7E62BF1D7E63BF1E7E64BF1F7E65BFC8
:1090B000207E66BF217E67BF227E68BF237E69BF98
:1090C000247E6ABF257E6BBF267E6CBF277E6DBF68
:1090D000287E6EBF297E6FBF2A7E70BF2B7E71BF38
:1090E0002C7E72BF2D7E73BF2E7E74BF2F7E75BF08
:1090F000307E76BF317E77BF327E78BF337E79BFD8
:10910000347E7ABF357E7BBF367E7CBF377E7DBFA7
:10911000387E7EBF397E80BF3A7E81BF3C7E82BF73
:109120003D7E83BF3E7E84BF3F7E85BF407E86BF3F
:10913000427E87BF437E88BF447E89BF457E8ABF0B
:10914000467E8BBF487E8CBF497E8DBF4A7E8EBFD8
:109150004B7E8FBF4C7E90BF4D7E91BF4E7E92BFA7
:109160004F7E93BF507E94BF517E95BF527E96BF77
:10917000537E97BF547E98BF557E99BF567E9ABF47
:10918000577E9BBF587E9CBF597E9DBF5A7E9EBF17
:109190005B7E9FBF5C7EA0BF5D7EA1BFCA4FA2BFAA
:1091A000E37AA3BF5A6DA4BFE190A5BF8F9AA6BF73
:1091B0008055A7BF9654A8BF6153A9BFAF54AABF9B
:1091C000005FABBFE963ACBF7769ADBFEF51AEBF26
:1091D0006861AFBF0A52B0BF2A58B1BFD852B2BF00
:1091E0004E57B3BF0D78B4BF0B77B5BFB75EB6BFF0
:1091F0007761B7BFE07CB8BF5B62B9BF9762BABFA7
:10920000A24EBBBF9570BCBF0380BDBFF762BEBF9F
:10921000E470BFBF6097C0BF7757C1BFDB82C2BFDA
:10922000EF67C3BFF568C4BFD578C5BF9798C6BF01
:10923000D179C7BFF358C8BFB354C9BFEF53CABF32
:10924000346ECBBF4B51CCBF3B52CDBFA25BCEBF28
:10925000FE8BCFBFAF80D0BF4355D1BFA657D2BF83
:109260007360D3BF5157D4BF2D54D5BF7A7AD6BFC0
:109270005060D7BF545BD8BFA763D9BFA062DABF25
:10928000E353DBBF6362DCBFC75BDDBFAF67DEBF3D
:10929000ED54DFBF9F7AE0BFE682E1BF7791E2BF86
:1092A000935EE3BFE488E4BF3859E5BFAE57E6BF3D
:1092B0000E63E7BFE88DE8BFEF80E9BF5757EABF0D
:1092C000777BEBBFA94FECBFEB5FEDBFBD5BEEBFA4
:1092D0003E6BEFBF2153F0BF507BF1BFC272F2BFB4
:1092E0004668F3BFFF77F4BF3677F5BFF765F6BF83
:1092F000B551F7BF8F4EF8BFD476F9BFBF5CFABF48
:10930000A57AFBBF7584FCBF4E59FDBF419BFEBFD4
:10931000805040C05E7E41C05F7E42C0607E43C0E0
:10932000617E44C0627E45C0637E46C0647E47C0A5
:10933000657E48C0667E49C0677E4AC0687E4BC075
:10934000697E4CC06A7E4DC06B7E4EC06C7E4FC045
:109350006D7E50C06E7E51C06F7E52C0707E53C015
:10936000717E54C0727E55C0737E56C0747E57C0E5
:10937000757E58C0767E59C0777E5AC0787E5BC0B5
:10938000797E5CC07A7E5DC07B7E5EC07C7E5FC085
:109390007D7E60C07E7E61C07F7E62C0807E63C055
:1093A000817E64C0837E65C0847E66C0857E67C022
:1093B000867E68C0877E69C0887E6AC0897E6BC0F1
:1093C0008A7E6CC08B7E6DC08C7E6EC08D7E6FC0C1
:1093D0008E7E70C08F7E71C0907E72C0917E73C091
:1093E000927E74C0937E75C0947E76C0957E77C061
:1093F000967E78C0977E79C0987E7AC0997E7BC031
:109400009A7E7CC09C7E7DC09D7E7EC09E7E80C0FC
:10941000AE7E81C0B47E82C0BB7E83C0BC7E84C071
:10942000D67E85C0E47E86C0EC7E87C0F97E88C08B
:109430000A7F89C0107F8AC01E7F8BC0377F8CC097
:10944000397F8DC03B7F8EC03C7F8FC03D7F90C0F9
:109450003E7F91C03F7F92C0407F93C0417F94C0C8
:10946000437F95C0467F96C0477F97C0487F98C08E
:10947000497F99C04A7F9AC04B7F9BC04C7F9CC05C
:109480004D7F9DC04E7F9EC04F7F9FC0527FA0C02A
:10949000537FA1C08899A2C02761A3C0836EA4C0D6
:1094A0006457A5C00666A6C04663A7C0F056A8C00C
:1094B000EC62A9C06962AAC0D35EABC01496ACC00E
:1094C0008357ADC0C962AEC08755AFC02187B0C059
:1094D0004A81B1C0A38FB2C06655B3C0B183B4C0D6
:1094E0006567B5C0568DB6C0DD84B7C06A5AB8C0CE
:1094F0000F68B9C0E662BAC0EE7BBBC01196BCC0B3
:109500007051BDC09C6FBEC0308CBFC0FD63C0C079
:10951000C889C1C0D261C2C0067FC3C0C270C4C006
:10952000E56EC5C00574C6C09469C7C0FC72C8C0EA
:10953000CA5EC9C0CE90CAC01767CBC06A6DCCC026
:109540005E63CDC0B352CEC06272CFC00180D0C0C6
:109550006C4FD1C0E559D2C06A91D3C0D970D4C084
:109560009D6DD5C0D252D6C0504ED7C0F796D8C048
:109570006D95D9C07E85DAC0CA78DBC02F7DDCC08E
:109580002151DDC09257DEC0C264DFC08B80E0C0D5
:109590007B7CE1C0EA6CE2C0F168E3C05E69E4C0D4
:1095A000B751E5C09853E6C0A868E7C08172E8C02B
:1095B000CE9EE9C0F17BEAC0F872EBC0BB79ECC08B
:1095C000136FEDC00674EEC04E67EFC0CC91F0C0D3
:1095D000A49CF1C03C79F2C08983F3C05483F4C0E9
:1095E0000F54F5C01768F6C03D4EF7C08953F8C058
:1095F000B152F9C03E78FAC08653FBC02952FCC074
:109600008850FDC08B4FFEC0D04F40C1567F41C136
:10961000597F42C15B7F43C15C7F44C15D7F45C1CF
:109620005E7F46C1607F47C1637F48C1647F49C197
:10963000657F4AC1667F4BC1677F4CC16B7F4DC15F
:109640006C7F4EC16D7F4FC16F7F50C1707F51C124
:10965000737F52C1757F53C1767F54C1777F55C1E7
:10966000787F56C17A7F57C17B7F58C17C7F59C1B3
:109670007D7F5AC17F7F5BC1807F5CC1827F5DC17E
:10968000837F5EC1847F5FC1857F60C1867F61C14A
:10969000877F62C1887F63C1897F64C18B7F65C119
:1096A0008D7F66C18F7F67C1907F68C1917F69C1DF
:1096B000927F6AC1937F6BC1957F6CC1967F6DC1AC
:1096C000977F6EC1987F6FC1997F70C19B7F71C179
:1096D0009C7F72C1A07F73C1A27F74C1A37F75C13B
:1096E000A57F76C1A67F77C1A87F78C1A97F79C100
:1096F000AA7F7AC1AB7F7BC1AC7F7CC1AD7F7DC1CE
:10970000AE7F7EC1B17F80C1B37F81C1B47F82C192
:10971000B57F83C1B67F84C1B77F85C1BA7F86C15B
:10972000BB7F87C1BE7F88C1C07F89C1C27F8AC11C
:10973000C37F8BC1C47F8CC1C67F8DC1C77F8EC1E3
:10974000C87F8FC1C97F90C1CB7F91C1CD7F92C1AE
:10975000CF7F93C1D07F94C1D17F95C1D27F96C175
:10976000D37F97C1D67F98C1D77F99C1D97F9AC13E
:10977000DA7F9BC1DB7F9CC1DC7F9DC1DD7F9EC109
:10978000DE7F9FC1E27FA0C1E37FA1C1E275A2C1DC
:10979000CB7AA3C1927CA4C1A56CA5C1B696A6C183
:1097A0009B52A7C18374A8C1E954A9C1E94FAAC1BA
:1097B0005480ABC1B283ACC1DE8FADC17095AEC178
:1097C000C95EAFC11C60B0C19F6DB1C1185EB2C1AE
:1097D0005B65B3C13881B4C1FE94B5C14B60B6C1FD
:1097E000BC70B7C1C37EB8C1AE7CB9C1C951BAC1E2
:1097F0008168BBC1B17CBCC16F82BDC1244EBEC1FA
:10980000868FBFC1CF91C0C17E66C1C1AE4EC2C1FD
:10981000058CC3C1A964C4C14A80C5C1DA50C6C1A0
:109820009775C7C1CE71C8C1E55BC9C1BD8FCAC13B
:10983000666FCBC1864ECCC18264CDC16395CEC16B
:10984000D65ECFC19965D0C11752D1C1C288D2C1ED
:10985000C870D3C1A352D4C10E73D5C13374D6C15D
:109860009767D7C1F778D8C11697D9C1344EDAC1F6
:10987000BB90DBC1DE9CDCC1CB6DDDC1DB51DEC149
:10988000418DDFC11D54E0C1CE62E1C1B273E2C1BE
:10989000F183E3C1F696E4C1849FE5C1C394E6C1B8
:1098A000364FE7C19A7FE8C1CC51E9C17570EAC172
:1098B0007596EBC1AD5CECC18698EDC1E653EEC187
:1098C000E44EEFC19C6EF0C10974F1C1B469F2C1FC
:1098D0006B78F3C18F99F4C15975F5C11852F6C16F
:1098E0002476F7C1416DF8C1F367F9C16D51FAC132
:1098F000999FFBC14B80FCC19954FDC13C7BFEC1CB
:10990000BF7A40C2E47F41C2E77F42C2E87F43C2E0
:10991000EA7F44C2EB7F45C2EC7F46C2ED7F47C27F
:10992000EF7F48C2F27F49C2F47F4AC2F57F4BC243
:10993000F67F4CC2F77F4DC2F87F4EC2F97F4FC20F
:10994000FA7F50C2FD7F51C2FE7F52C2FF7F53C2D9
:10995000028054C2078055C2088056C2098057C28F
:109960000A8058C20E8059C20F805AC211805BC251
:1099700013805CC21A805DC21B805EC21D805FC204
:109980001E8060C21F8061C2218062C2238063C2C8
:10999000248064C22B8065C22C8066C22D8067C281
:1099A0002E8068C22F8069C230806AC232806BC24A
:1099B00034806CC239806DC23A806EC23C806FC206
:1099C0003E8070C2408071C2418072C2448073C2C6
:1099D000458074C2478075C2488076C2498077C28C
:1099E0004E8078C24F8079C250807AC251807BC24B
:1099F00053807CC255807DC256807EC2578080C213
:109A0000598081C25B8082C25C8083C25D8084C2D7
:109A10005E8085C25F8086C2608087C2618088C2A6
:109A2000628089C263808AC264808BC265808CC276
:109A300066808DC267808EC268808FC26B8090C244
:109A40006C8091C26D8092C26E8093C26F8094C20E
:109A5000708095C2728096C2738097C2748098C2DB
:109A6000758099C276809AC277809BC278809CC2AA
:109A700079809DC27A809EC27B809FC27C80A0C27A
:109A80007D80A1C28696A2C28457A3C2E262A4C20C
:109A90004796A5C27C69A6C2045AA7C20264A8C29E
:109AA000D37BA9C20F6FAAC24B96ABC2A682ACC22F
:109AB0006253ADC28598AEC2905EAFC28970B0C22B
:109AC000B363B1C26453B2C24F86B3C2819CB4C205
:109AD000939EB5C28C78B6C23297B7C2EF8DB8C22A
:109AE000428DB9C27F9EBAC25E6FBBC28479BCC2CE
:109AF000555FBDC24696BEC22E62BFC2749AC0C236
:109B00001554C1C2DD94C2C2A34FC3C2C565C4C24D
:109B1000655CC5C2615CC6C2157FC7C25186C8C23A
:109B20002F6CC9C28B5FCAC28773CBC2E46ECCC232
:109B3000FF7ECDC2E65CCEC21B63CFC26A5BD0C2E1
:109B4000E66ED1C27553D2C2714ED3C2A063D4C2E5
:109B50006575D5C2A162D6C26E8FD7C2264FD8C254
:109B6000D14ED9C2A66CDAC2B67EDBC2BA8BDCC2D9
:109B70001D84DDC2BA87DEC2577FDFC23B90E0C2E0
:109B80002395E1C2A97BE2C2A19AE3C2F888E4C2AC
:109B90003D84E5C21B6DE6C2869AE7C2DC7EE8C260
:109BA0008859E9C2BB9EEAC29B73EBC20178ECC242
:109BB0008286EDC26C9AEEC2829AEFC21B56F0C248
:109BC0001754F1C2CB57F2C2704EF3C2A69EF4C234
:109BD0005653F5C2C88FF6C20981F7C29277F8C210
:109BE0009299F9C2EE86FAC2E16EFBC21385FCC2FD
:109BF000FC66FDC26261FEC22B6F40C37E8041C322
:109C0000818042C3828043C3858044C3888045C32A
:109C10008A8046C38D8047C38E8048C38F8049C3E6
:109C200090804AC391804BC392804CC394804DC3B3
:109C300095804EC397804FC3998050C39E8051C377
:109C4000A38052C3A68053C3A78054C3A88055C322
:109C5000AC8056C3B08057C3B38058C3B58059C3D6
:109C6000B6805AC3B8805BC3B9805CC3BB805DC398
:109C7000C5805EC3C7805FC3C88060C3C98061C33D
:109C8000CA8062C3CB8063C3CF8064C3D08065C306
:109C9000D18066C3D28067C3D38068C3D48069C3D0
:109CA000D5806AC3D8806BC3DF806CC3E0806DC38E
:109CB000E2806EC3E3806FC3E68070C3EE8071C341
:109CC000F58072C3F78073C3F98074C3FB8075C3DA
:109CD000FE8076C3FF8077C3008178C3018179C39A
:109CE00003817AC304817BC305817CC307817DC363
:109CF00008817EC30B8180C30C8181C3158182C31F
:109D0000178183C3198184C31B8185C31C8186C3CA
:109D10001D8187C31F8188C3208189C321818AC394
:109D200022818BC323818CC324818DC325818EC363
:109D300026818FC3278190C3288191C3298192C333
:109D40002A8193C32B8194C32D8195C32E8196C301
:109D5000308197C3338198C3348199C335819AC3C5
:109D600037819BC339819CC33A819DC33B819EC38C
:109D70003C819FC33D81A0C33F81A1C3298CA2C365
:109D80009282A3C32B83A4C3F276A5C3136CA6C38C
:109D9000D95FA7C3BD83A8C32B73A9C30583AAC377
:109DA0001A95ABC3DB6BACC3DB77ADC3C694AEC354
:109DB0006F53AFC30283B0C39251B1C33D5EB2C310
:109DC0008C8CB3C3388DB4C3484EB5C3AB73B6C324
:109DD0009A67B7C38568B8C37691B9C30997BAC300
:109DE0006471BBC3A16CBCC30977BDC3925ABEC327
:109DF0004195BFC3CF6BC0C38E7FC1C32766C2C3AB
:109E0000D05BC3C3B959C4C39A5AC5C3E895C6C386
:109E1000F795C7C3EC4EC8C30C84C9C39984CAC3A1
:109E2000AC6ACBC3DF76CCC33095CDC31B73CEC336
:109E3000A668CFC35F5BD0C32F77D1C39A91D2C33B
:109E40006197D3C3DC7CD4C3F78FD5C31C8CD6C336
:109E5000255FD7C3737CD8C3D879D9C3C589DAC382
:109E6000CC6CDBC31C87DCC3C65BDDC3425EDEC3D8
:109E7000C968DFC32077E0C3F57EE1C39551E2C333
:109E80004D51E3C3C952E4C3295AE5C3057FE6C374
:109E90006297E7C3D782E8C3CF63E9C38477EAC395
:109EA000D085EBC3D279ECC33A6EEDC3995EEEC3B5
:109EB0009959EFC31185F0C36D70F1C3116CF2C3F2
:109EC000BF62F3C3BF76F4C34F65F5C3AF60F6C39B
:109ED000FD95F7C30E66F8C39F87F9C3239EFAC3A7
:109EE000ED94FBC30D54FCC37D54FDC32C8CFEC309
:109EF000786440C4408141C4418142C4428143C42A
:109F0000438144C4448145C4458146C4478147C414
:109F1000498148C44D8149C44E814AC44F814BC4D4
:109F200052814CC456814DC457814EC458814FC490
:109F30005B8150C45C8151C45D8152C45E8153C455
:109F40005F8154C4618155C4628156C4638157C422
:109F5000648158C4668159C468815AC46A815BC4EB
:109F60006B815CC46C815DC46F815EC472815FC4AF
:109F7000738160C4758161C4768162C4778163C472
:109F8000788164C4818165C4838166C4848167C427
:109F9000858168C4868169C487816AC489816BC4EC
:109FA0008B816CC48C816DC48D816EC48E816FC4B5
:109FB000908170C4928171C4938172C4948173C47E
:109FC000958174C4968175C4978176C4998177C44C
:109FD0009A8178C49E8179C49F817AC4A0817BC410
:109FE000A1817CC4A2817DC4A4817EC4A58180C4DA
:109FF000A78181C4A98182C4AB8183C4AC8184C49C
:10A00000AD8185C4AE8186C4AF8187C4B08188C468
:10A01000B18189C4B2818AC4B4818BC4B5818CC436
:10A02000B6818DC4B7818EC4B8818FC4B98190C404
:10A03000BC8191C4BD8192C4BE8193C4BF8194C4CC
:10A04000C48195C4C58196C4C78197C4C88198C48A
:10A05000C98199C4CB819AC4CD819BC4CE819CC453
:10A06000CF819DC4D0819EC4D1819FC4D281A0C420
:10A07000D381A1C47964A2C41186A3C4216AA4C4F3
:10A080009C81A5C4E878A6C46964A7C4549BA8C4ED
:10A09000B962A9C42B67AAC4AB83ABC4A858ACC42B
:10A0A000D89EADC4AB6CAEC4206FAFC4DE5BB0C491
:10A0B0004C96B1C40B8CB2C45F72B3C4D067B4C445
:10A0C000C762B5C46172B6C4A94EB7C4C659B8C494
:10A0D000CD6BB9C49358BAC4AE66BBC4555EBCC49C
:10A0E000DF52BDC45561BEC42867BFC4EE76C0C48C
:10A0F0006677C1C46772C2C4467AC3C4FF62C4C46F
:10A10000EA54C5C45054C6C4A094C7C4A390C8C4DC
:10A110001C5AC9C4B37ECAC4166CCBC4434ECCC44B
:10A120007659CDC41080CEC44859CFC45753D0C43B
:10A130003775D1C4BE96D2C4CA56D3C42063D4C422
:10A140001181D5C47C60D6C4F995D7C4D66DD8C466
:10A150006254D9C48199DAC48551DBC4E95ADCC49C
:10A16000FD80DDC4AE59DEC41397DFC42A50E0C4BD
:10A17000E56CE1C43C5CE2C4DF62E3C4604FE4C46C
:10A180003F53E5C47B81E6C40690E7C4BA6EE8C4D9
:10A190002B85E9C4C862EAC4745EEBC4BE78ECC423
:10A1A000B564EDC47B63EEC4F55FEFC4185AF0C428
:10A1B0007F91F1C41F9EF2C43F5CF3C44F63F4C4AB
:10A1C0004280F5C47D5BF6C46E55F7C44A95F8C469
:10A1D0004D95F9C4856DFAC4A860FBC4E067FCC462
:10A1E000DE72FDC4DD51FEC4815B40C5D48141C532
:10A1F000D58142C5D68143C5D78144C5D88145C5DF
:10A20000D98146C5DA8147C5DB8148C5DC8149C5AE
:10A21000DD814AC5DE814BC5DF814CC5E0814DC57E
:10A22000E1814EC5E2814FC5E48150C5E58151C54C
:10A23000E68152C5E88153C5E98154C5EB8155C516
:10A24000EE8156C5EF8157C5F08158C5F18159C5DA
:10A25000F2815AC5F5815BC5F6815CC5F7815DC5A4
:10A26000F8815EC5F9815FC5FA8160C5FD8161C570
:10A27000FF8162C5038263C5078264C5088265C524
:10A28000098266C50A8267C50B8268C50E8269C5E8
:10A290000F826AC511826BC513826CC515826DC5AC
:10A2A00016826EC517826FC5188270C5198271C576
:10A2B0001A8272C51D8273C5208274C5248275C539
:10A2C000258276C5268277C5278278C5298279C5F9
:10A2D0002E827AC532827BC53A827CC53C827DC59E
:10A2E0003D827EC53F8280C5408281C5418282C554
:10A2F000428283C5438284C5458285C5468286C520
:10A30000488287C54A8288C54C8289C54D828AC5E4
:10A310004E828BC550828CC551828DC552828EC5AE
:10A3200053828FC5548290C5558291C5568292C57D
:10A33000578293C5598294C55B8295C55C8296C548
:10A340005D8297C55E8298C5608299C561829AC513
:10A3500062829BC563829CC564829DC565829EC5E1
:10A3600066829FC56782A0C56982A1C5E762A2C552
:10A37000DE6CA3C55B72A4C56D62A5C5AE94A6C50F
:10A38000BD7EA7C51381A8C5536DA9C59C51AAC59B
:10A39000045FABC57459ACC5AA52ADC51260AEC559
:10A3A0007359AFC59666B0C55086B1C59F75B2C525
:10A3B0002A63B3C5E661B4C5EF7CB5C5FA8BB6C5F3
:10A3C000E654B7C5276BB8C5259EB9C5B46BBAC5E9
:10A3D000D585BBC55554BCC57650BDC5A46CBEC59E
:10A3E0006A55BFC5B48DC0C52C72C1C5155EC2C546
:10A3F0001560C3C53674C4C5CD62C5C59263C6C5F4
:10A400004C72C7C5985FC8C5436EC9C53E6DCAC505
:10A410000065CBC5586FCCC5D876CDC5D078CEC534
:10A42000FC76CFC55475D0C52452D1C5DB53D2C5F7
:10A43000534ED3C59E5ED4C5C165D5C52A80D6C549
:10A44000D680D7C59B62D8C58654D9C52852DAC5EF
:10A45000AE70DBC58D88DCC5D18DDDC5E16CDEC598
:10A460007854DFC5DA80E0C5F957E1C5F488E2C564
:10A47000548DE3C56A96E4C54D91E5C5694FE6C5BF
:10A480009B6CE7C5B755E8C5C676E9C53078EAC51F
:10A49000A862EBC5F970ECC58E6FEDC56D5FEEC5BA
:10A4A000EC84EFC5DA68F0C57C78F1C5F77BF2C5BE
:10A4B000A881F3C50B67F4C54F9EF5C56763F6C564
:10A4C000B078F7C56F57F8C51278F9C53997FAC54E
:10A4D0007962FBC5AB62FCC58852FDC53574FEC50B
:10A4E000D76B40C66A8241C66B8242C66C8243C645
:10A4F0006D8244C6718245C6758246C6768247C65D
:10A50000778248C6788249C67B824AC67C824BC61F
:10A5100080824CC681824DC683824EC685824FC6DC
:10A52000868250C6878251C6898252C68C8253C6A3
:10A53000908254C6938255C6948256C6958257C659
:10A54000968258C69A8259C69B825AC69E825BC61C
:10A55000A0825CC6A2825DC6A3825EC6A7825FC6D9
:10A56000B28260C6B58261C6B68262C6BA8263C66E
:10A57000BB8264C6BC8265C6BF8266C6C08267C62F
:10A58000C28268C6C38269C6C5826AC6C6826BC6F5
:10A59000C9826CC6D0826DC6D6826EC6D9826FC69D
:10A5A000DA8270C6DD8271C6E28272C6E78273C645
:10A5B000E88274C6E98275C6EA8276C6EC8277C6FE
:10A5C000ED8278C6EE8279C6F0827AC6F2827BC6C8
:10A5D000F3827CC6F5827DC6F6827EC6F88280C68E
:10A5E000FA8281C6FC8282C6FD8283C6FE8284C650
:10A5F000FF8285C6008386C60A8387C60B8388C60A
:10A600000D8389C610838AC612838BC613838CC6BA
:10A6100016838DC618838EC619838FC61D8390C678
:10A620001E8391C61F8392C6208393C6218394C63E
:10A63000228395C6238396C6248397C6258398C60E
:10A64000268399C629839AC62A839BC62E839CC6D5
:10A6500030839DC632839EC637839FC63B83A0C688
:10A660003D83A1C66455A2C63E81A3C6B275A4C6E9
:10A67000AE76A5C63953A6C6DE75A7C6FB50A8C6DA
:10A68000415CA9C66C8BAAC6C77BABC64F50ACC693
:10A690004772ADC6979AAEC6D898AFC6026FB0C61D
:10A6A000E274B1C66879B2C68764B3C6A577B4C68A
:10A6B000FC62B5C69198B6C62B8DB7C6C154B8C654
:10A6C0005880B9C6524EBAC66A57BBC6F982BCC6D4
:10A6D0000D84BDC6735EBEC6ED51BFC6F674C0C65E
:10A6E000C48BC1C64F5CC2C66157C3C6FC6CC4C62E
:10A6F0008798C5C6465AC6C63478C7C6449BC8C6DE
:10A70000EB8FC9C6957CCAC65652CBC65162CCC621
:10A71000FA94CDC6C64ECEC68683CFC66184D0C657
:10A72000E983D1C6B284D2C6D457D3C63467D4C65F
:10A730000357D5C66E66D6C6666DD7C6318CD8C6E9
:10A74000DD66D9C61170DAC61F67DBC63A6BDCC698
:10A750001668DDC61A62DEC6BB59DFC6034EE0C608
:10A76000C451E1C6066FE2C6D267E3C68F6CE4C689
:10A770007651E5C6CB68E6C64759E7C6676BE8C6BB
:10A780006675E9C60E5DEAC61081EBC6509FECC641
:10A79000D765EDC64879EEC64179EFC6919AF0C605
:10A7A000778DF1C6825CF2C65E4EF3C6014FF4C6E9
:10A7B0002F54F5C65159F6C60C78F7C66856F8C638
:10A7C000146CF9C6C48FFAC6035FFBC67D6CFCC669
:10A7D000E36CFDC6AB8BFEC6906340C73E8341C7AA
:10A7E0003F8342C7418343C7428344C7448345C72D
:10A7F000458346C7488347C74A8348C74B8349C7F1
:10A800004C834AC74D834BC74E834CC753834DC7B8
:10A8100055834EC756834FC7578350C7588351C778
:10A82000598352C75D8353C7628354C7708355C72A
:10A83000718356C7728357C7738358C7748359C7C8
:10A8400075835AC776835BC779835CC77A835DC794
:10A850007E835EC77F835FC7808360C7818361C754
:10A86000828362C7838363C7848364C7878365C722
:10A87000888366C78A8367C78B8368C78C8369C7E9
:10A880008D836AC78F836BC790836CC791836DC7B5
:10A8900094836EC795836FC7968370C7978371C77C
:10A8A000998372C79A8373C79D8374C79F8375C743
:10A8B000A18376C7A28377C7A38378C7A48379C708
:10A8C000A5837AC7A6837BC7A7837CC7AC837DC7D4
:10A8D000AD837EC7AE8380C7AF8381C7B58382C790
:10A8E000BB8383C7BE8384C7BF8385C7C28386C734
:10A8F000C38387C7C48388C7C68389C7C8838AC7F9
:10A90000C9838BC7CB838CC7CD838DC7CE838EC7BE
:10A91000D0838FC7D18390C7D28391C7D38392C787
:10A92000D58393C7D78394C7D98395C7DA8396C74E
:10A93000DB8397C7DE8398C7E28399C7E3839AC70F
:10A94000E4839BC7E6839CC7E7839DC7E8839EC7D4
:10A95000EB839FC7EC83A0C7ED83A1C77060A2C73C
:10A960003D6DA3C77572A4C76662A5C78E94A6C7BE
:10A97000C594A7C74353A8C7C18FA9C77E7BAAC7E1
:10A98000DF4EABC7268CACC77E4EADC7D49EAEC7DC
:10A99000B194AFC7B394B0C74D52B1C75C6FB2C7E3
:10A9A0006390B3C7456DB4C7348CB5C71158B6C7EB
:10A9B0004C5DB7C7206BB8C7496BB9C7AA67BAC7A0
:10A9C0005B54BBC75481BCC78C7FBDC79958BEC7F9
:10A9D0003785BFC73A5FC0C7A262C1C7476AC2C74F
:10A9E0003995C3C77265C4C78460C5C76568C6C7E3
:10A9F000A777C7C7544EC8C7A84FC9C7E75DCAC71E
:10AA00009897CBC7AC64CCC7D87FCDC7ED5CCEC719
:10AA1000CF4FCFC78D7AD0C70752D1C70483D2C7D3
:10AA2000144ED3C72F60D4C7837AD5C7A694D6C790
:10AA3000B54FD7C7B24ED8C7E679D9C73474DAC78D
:10AA4000E452DBC7B982DCC7D264DDC7BD79DEC79B
:10AA5000DD5BDFC7816CE0C75297E1C77B8FE2C740
:10AA6000226CE3C73E50E4C77F53E5C7056EE6C7D7
:10AA7000CE64E7C77466E8C7306CE9C7C560EAC74B
:10AA80007798EBC7F78BECC7865EEDC73C74EEC7D3
:10AA9000777AEFC7CB79F0C7184EF1C7B190F2C7FC
:10AAA0000374F3C7426CF4C7DA56F5C74B91F6C787
:10AAB000C56CF7C78B8DF8C73A53F9C7C686FAC776
:10AAC000F266FBC7AF8EFCC7485CFDC7719AFEC734
:10AAD000206E40C8EE8341C8EF8342C8F38343C869
:10AAE000F48344C8F58345C8F68346C8F78347C84E
:10AAF000FA8348C8FB8349C8FC834AC8FE834BC815
:10AB0000FF834CC800844DC802844EC805844FC8DA
:10AB1000078450C8088451C8098452C80A8453C89D
:10AB2000108454C8128455C8138456C8148457C856
:10AB3000158458C8168459C817845AC819845BC824
:10AB40001A845CC81B845DC81E845EC81F845FC8ED
:10AB5000208460C8218461C8228462C8238463C8B9
:10AB6000298464C82A8465C82B8466C82C8467C875
:10AB70002D8468C82E8469C82F846AC830846BC845
:10AB800032846CC833846DC834846EC835846FC811
:10AB9000368470C8378471C8398472C83A8473C8DF
:10ABA0003B8474C83E8475C83F8476C8408477C8A7
:10ABB000418478C8428479C843847AC844847BC875
:10ABC00045847CC847847DC848847EC8498480C841
:10ABD0004A8481C84B8482C84C8483C84D8484C80D
:10ABE0004E8485C84F8486C8508487C8528488C8DC
:10ABF000538489C854848AC855848BC856848CC8A9
:10AC000058848DC85D848EC85E848FC85F8490C868
:10AC1000608491C8628492C8648493C8658494C82F
:10AC2000668495C8678496C8688497C86A8498C8FB
:10AC30006E8499C86F849AC870849BC872849CC8BB
:10AC400074849DC877849EC879849FC87B84A0C87B
:10AC50007C84A1C8D653A2C8365AA3C88B9FA4C867
:10AC6000A38DA5C8BB53A6C80857A7C8A798A8C84E
:10AC70004367A9C89B91AAC8C96CABC86851ACC846
:10AC8000CA75ADC8F362AEC8AC72AFC83852B0C8AE
:10AC90009D52B1C83A7FB2C89470B3C83876B4C870
:10ACA0007453B5C84A9EB6C8B769B7C86E78B8C8F5
:10ACB000C096B9C8D988BAC8A47FBBC83671BCC809
:10ACC000C371BDC88951BEC8D367BFC8E474C0C8CA
:10ACD000E458C1C81865C2C8B756C3C8A98BC4C850
:10ACE0007699C5C87062C6C8D57EC7C8F960C8C89D
:10ACF000ED70C9C8EC58CAC8C14ECBC8BA4ECCC852
:10AD0000CD5FCDC8E797CEC8FB4ECFC8A48BD0C8C7
:10AD10000352D1C88A59D2C8AB7ED3C85462D4C8B2
:10AD2000CD4ED5C8E565D6C80E62D7C83883D8C819
:10AD3000C984D9C86383DAC88D87DBC89471DCC83D
:10AD4000B66EDDC8B95BDEC8D27EDFC89751E0C8F9
:10AD5000C963E1C8D467E2C88980E3C83983E4C81D
:10AD60001588E5C81251E6C87A5BE7C88259E8C879
:10AD7000B18FE9C8734EEAC85D6CEBC86551ECC889
:10AD80002589EDC86F8FEEC82E96EFC84A85F0C8AA
:10AD90005E74F1C81095F2C8F095F3C8A66DF4C8BA
:10ADA000E582F5C8315FF6C89264F7C8126DF8C83D
:10ADB0002884F9C86E81FAC8C39CFBC85E58FCC8D9
:10ADC0005B8DFDC8094EFEC8C15340C97D8441C991
:10ADD0007E8442C97F8443C9808444C9818445C933
:10ADE000838446C9848447C9858448C9868449C9FF
:10ADF0008A844AC98D844BC98F844CC990844DC9BB
:10AE000091844EC992844FC9938450C9948451C986
:10AE1000958452C9968453C9988454C99A8455C953
:10AE20009B8456C99D8457C99E8458C99F8459C91B
:10AE3000A0845AC9A2845BC9A3845CC9A4845DC9E7
:10AE4000A5845EC9A6845FC9A78460C9A88461C9B6
:10AE5000A98462C9AA8463C9AB8464C9AC8465C986
:10AE6000AD8466C9AE8467C9B08468C9B18469C954
:10AE7000B3846AC9B5846BC9B6846CC9B7846DC91B
:10AE8000BB846EC9BC846FC9BE8470C9C08471C9DB
:10AE9000C28472C9C38473C9C58474C9C68475C9A0
:10AEA000C78476C9C88477C9CB8478C9CC8479C96A
:10AEB000CE847AC9CF847BC9D2847CC9D4847DC92D
:10AEC000D5847EC9D78480C9D88481C9D98482C9F0
:10AED000DA8483C9DB8484C9DC8485C9DE8486C9BD
:10AEE000E18487C9E28488C9E48489C9E7848AC97E
:10AEF000E8848BC9E9848CC9EA848DC9EB848EC946
:10AF0000ED848FC9EE8490C9EF8491C9F18492C910
:10AF1000F28493C9F38494C9F48495C9F58496C9DD
:10AF2000F68497C9F78498C9F88499C9F9849AC9AD
:10AF3000FA849BC9FB849CC9FD849DC9FE849EC97B
:10AF400000859FC90185A0C90285A1C91E4FA2C95C
:10AF50006365A3C95168A4C9D355A5C9274EA6C91D
:10AF60001464A7C99A9AA8C96B62A9C9C25AAAC986
:10AF70005F74ABC97282ACC9A96DADC9EE68AEC9C8
:10AF8000E750AFC98E83B0C90278B1C94067B2C972
:10AF90003952B3C9996CB4C9B17EB5C9BB50B6C9F1
:10AFA0006555B7C95E71B8C95B7BB9C95266BAC984
:10AFB000CA73BBC9EB82BCC94967BDC9715CBEC954
:10AFC0002052BFC97D71C0C96B88C1C9EA95C2C989
:10AFD0005596C3C9C564C4C9618DC5C9B381C6C905
:10AFE0008455C7C9556CC8C94762C9C92E7FCAC92B
:10AFF0009258CBC9244FCCC94655CDC94F8DCEC927
:10B000004C66CFC90A4ED0C91A5CD1C9F388D2C9DF
:10B01000A268D3C94E63D4C90D7AD5C9E770D6C921
:10B020008D82D7C9FA52D8C9F697D9C9115CDAC945
:10B03000E854DBC9B590DCC9CD7EDDC96259DEC9F3
:10B040004A8DDFC9C786E0C90C82E1C90D82E2C919
:10B05000668DE3C94464E4C9045CE5C95161E6C98D
:10B06000896DE7C93E79E8C9BE8BE9C93778EAC975
:10B070003375EBC97B54ECC9384FEDC9AB8EEEC9C3
:10B08000F16DEFC9205AF0C9C57EF1C95E79F2C9E8
:10B09000886CF3C9A15BF4C9765AF5C91A75F6C96B
:10B0A000BE80F7C94E61F8C9176EF9C9F058FAC9E0
:10B0B0001F75FBC92575FCC97272FDC94753FEC9CE
:10B0C000F37E40CA038541CA048542CA058543CA46
:10B0D000068544CA078545CA088546CA098547CA00
:10B0E0000A8548CA0B8549CA0D854ACA0E854BCACE
:10B0F0000F854CCA10854DCA12854ECA14854FCA99
:10B10000158550CA168551CA188552CA198553CA61
:10B110001B8554CA1C8555CA1D8556CA1E8557CA2B
:10B12000208558CA228559CA23855ACA24855BCAF4
:10B1300025855CCA26855DCA27855ECA28855FCAC3
:10B14000298560CA2A8561CA2D8562CA2E8563CA8F
:10B150002F8564CA308565CA318566CA328567CA5B
:10B16000338568CA348569CA35856ACA36856BCA2B
:10B170003E856CCA3F856DCA40856ECA41856FCADF
:10B18000428570CA448571CA458572CA468573CAAC
:10B19000478574CA4B8575CA4C8576CA4D8577CA72
:10B1A0004E8578CA4F8579CA50857ACA51857BCA3F
:10B1B00052857CCA53857DCA54857ECA558580CA0E
:10B1C000578581CA588582CA5A8583CA5B8584CAD5
:10B1D0005C8585CA5D8586CA5F8587CA608588CAA1
:10B1E000618589CA62858ACA63858BCA65858CCA6E
:10B1F00066858DCA67858ECA69858FCA6A8590CA39
:10B200006B8591CA6C8592CA6D8593CA6E8594CA06
:10B210006F8595CA708596CA718597CA738598CAD5
:10B22000758599CA76859ACA77859BCA78859CCA9E
:10B230007C859DCA7D859ECA7F859FCA8085A0CA60
:10B240008185A1CA0177A2CADB76A3CA6952A4CAC2
:10B25000DC80A5CA2357A6CA085EA7CA3159A8CA66
:10B26000EE72A9CABD65AACA7F6EABCAD78BACCA3B
:10B27000385CADCA7186AECA4153AFCAF377B0CA63
:10B28000FE62B1CAF665B2CAC04EB3CADF98B4CA8C
:10B290008086B5CA9E5BB6CAC68BB7CAF253B8CA17
:10B2A000E277B9CA7F4FBACA4E5CBBCA769ABCCAAB
:10B2B000CB59BDCA0F5FBECA3A79BFCAEB58C0CAE4
:10B2C000164EC1CAFF67C2CA8B4EC3CAED62C4CA5A
:10B2D000938AC5CA1D90C6CABF52C7CA2F66C8CABC
:10B2E000DC55C9CA6C56CACA0290CBCAD54ECCCA64
:10B2F0008D4FCDCACA91CECA7099CFCA0F6CD0CA31
:10B30000025ED1CA4360D2CAA45BD3CAC689D4CA7A
:10B31000D58BD5CA3665D6CA4B62D7CA9699D8CAD4
:10B32000885BD9CAFF5BDACA8863DBCA2E55DCCAE0
:10B33000D753DDCA2676DECA7D51DFCA2C85E0CA26
:10B34000A267E1CAB368E2CA8A6BE3CA9262E4CA3E
:10B35000938FE5CAD453E6CA1282E7CAD16DE8CA10
:10B360008F75E9CA664EEACA4E8DEBCA705BECCAAD
:10B370009F71EDCAAF85EECA9166EFCAD966F0CA71
:10B38000727FF1CA0087F2CACD9EF3CA209FF4CA29
:10B390005E5CF5CA2F67F6CAF08FF7CA1168F8CA63
:10B3A0005F67F9CA0D62FACAD67AFBCA8558FCCA29
:10B3B000B65EFDCA7065FECA316F40CB828541CB57
:10B3C000838542CB868543CB888544CB898545CB15
:10B3D0008A8546CB8B8547CB8C8548CB8D8549CBE1
:10B3E0008E854ACB90854BCB91854CCB92854DCBAE
:10B3F00093854ECB94854FCB958550CB968551CB7D
:10B40000978552CB988553CB998554CB9A8555CB4C
:10B410009D8556CB9E8557CB9F8558CBA08559CB14
:10B42000A1855ACBA2855BCBA3855CCBA5855DCBE3
:10B43000A6855ECBA7855FCBA98560CBAB8561CBAD
:10B44000AC8562CBAD8563CBB18564CBB28565CB72
:10B45000B38566CBB48567CBB58568CBB68569CB3C
:10B46000B8856ACBBA856BCBBB856CCBBC856DCB05
:10B47000BD856ECBBE856FCBBF8570CBC08571CBD4
:10B48000C28572CBC38573CBC48574CBC58575CBA0
:10B49000C68576CBC78577CBC88578CBCA8579CB6F
:10B4A000CB857ACBCC857BCBCD857CCBCE857DCB3C
:10B4B000D1857ECBD28580CBD48581CBD68582CBFE
:10B4C000D78583CBD88584CBD98585CBDA8586CBC8
:10B4D000DB8587CBDD8588CBDE8589CBDF858ACB95
:10B4E000E0858BCBE1858CCBE2858DCBE3858ECB64
:10B4F000E5858FCBE68590CBE78591CBE88592CB30
:10B50000EA8593CBEB8594CBEC8595CBED8596CBFB
:10B51000EE8597CBEF8598CBF08599CBF1859ACBCB
:10B52000F2859BCBF3859CCBF4859DCBF5859ECB9B
:10B53000F6859FCBF785A0CBF885A1CB5560A2CB34
:10B540003752A3CB0D80A4CB5464A5CB7088A6CB77
:10B550002975A7CB055EA8CB1368A9CBF462AACB4B
:10B560001C97ABCBCC53ACCB3D72ADCB018CAECBEF
:10B57000346CAFCB6177B0CB0E7AB1CB2E54B2CB5B
:10B58000AC77B3CB7A98B4CB1C82B5CBF48BB6CB6B
:10B590005578B7CB1467B8CBC170B9CBAF65BACB10
:10B5A0009564BBCB3656BCCB1D60BDCBC179BECB41
:10B5B000F853BFCB1D4EC0CB7B6BC1CB8680C2CBBB
:10B5C000FA5BC3CBE355C4CBDB56C5CB3A4FC6CBF6
:10B5D0003C4FC7CB7299C8CBF35DC9CB7E67CACB52
:10B5E0003880CBCB0260CCCB8298CDCB0190CECB38
:10B5F0008B5BCFCBBC8BD0CBF58BD1CB1C64D2CBB0
:10B600005882D3CBDE64D4CBFD55D5CBCF82D6CBFD
:10B610006591D7CBD74FD8CB207DD9CB1F90DACB34
:10B620009F7CDBCBF350DCCB5158DDCBAF6EDECB58
:10B63000BF5BDFCBC98BE0CB8380E1CB7891E2CBE2
:10B640009C84E3CB977BE4CB7D86E5CB8B96E6CBE6
:10B650008F96E7CBE57EE8CBD39AE9CB8E78EACB21
:10B66000815CEBCB577AECCB4290EDCBA796EECB3F
:10B670005F79EFCB595BF0CB5F63F1CB0B7BF2CB08
:10B68000D184F3CBAD68F4CB0655F5CB297FF6CB4F
:10B690001074F7CB227DF8CB0195F9CB4062FACB41
:10B6A0004C58FBCBD64EFCCB835BFDCB7959FECB04
:10B6B000545840CCF98541CCFA8542CCFC8543CC2A
:10B6C000FD8544CCFE8545CC008646CC018647CC22
:10B6D000028648CC038649CC04864ACC06864BCCED
:10B6E00007864CCC08864DCC09864ECC0A864FCCBA
:10B6F0000B8650CC0C8651CC0D8652CC0E8653CC8A
:10B700000F8654CC108655CC128656CC138657CC57
:10B71000148658CC158659CC17865ACC18865BCC23
:10B7200019865CCC1A865DCC1B865ECC1C865FCCF1
:10B730001D8660CC1E8661CC1F8662CC208663CCC1
:10B74000218664CC228665CC238666CC248667CC91
:10B75000258668CC268669CC28866ACC2A866BCC5E
:10B760002B866CCC2C866DCC2D866ECC2E866FCC29
:10B770002F8670CC308671CC318672CC328673CCF9
:10B78000338674CC348675CC358676CC368677CCC9
:10B79000378678CC398679CC3A867ACC3B867BCC96
:10B7A0003D867CCC3E867DCC3F867ECC408680CC60
:10B7B000418681CC428682CC438683CC448684CC2D
:10B7C000458685CC468686CC478687CC488688CCFD
:10B7D000498689CC4A868ACC4B868BCC4C868CCCCD
:10B7E00052868DCC53868ECC55868FCC568690CC87
:10B7F000578691CC588692CC598693CC5B8694CC54
:10B800005C8695CC5D8696CC5F8697CC608698CC1E
:10B81000618699CC63869ACC64869BCC65869CCCE9
:10B8200066869DCC67869ECC68869FCC6986A0CCB8
:10B830006A86A1CC6D73A2CC1E63A3CC4B8EA4CC24
:10B840000F8EA5CCCE80A6CCD482A7CCAC62A8CCDF
:10B85000F053A9CCF06CAACC5E91ABCC2A59ACCCFD
:10B860000160ADCC706CAECC4D57AFCC4A64B0CC5F
:10B870002A8DB1CC2B76B2CCE96EB3CC5B57B4CC6D
:10B88000806AB5CCF075B6CC6D6FB7CC2D8CB8CCCA
:10B89000088CB9CC6657BACCEF6BBBCC9288BCCCC9
:10B8A000B378BDCCA263BECCF953BFCCAD70C0CCD5
:10B8B000646CC1CC5858C2CC2A64C3CC0258C4CCE6
:10B8C000E068C5CC9B81C6CC1055C7CCD67CC8CC13
:10B8D0001850C9CCBA8ECACCCC6DCBCC9F8DCCCCF9
:10B8E000EB70CDCC8F63CECC9B6DCFCCD46ED0CC57
:10B8F000E67ED1CC0484D2CC4368D3CC0390D4CCA4
:10B90000D86DD5CC7696D6CCA88BD7CC5759D8CC79
:10B910007972D9CCE485DACC7E81DBCCBC75DCCC09
:10B920008A8ADDCCAF68DECC5452DFCC228EE0CCEC
:10B930001195E1CCD063E2CC9898E3CC448EE4CC72
:10B940007C55E5CC534FE6CCFF66E7CC8F56E8CC70
:10B95000D560E9CC956DEACC4352EBCC495CECCC9C
:10B960002959EDCCFB6DEECC6B58EFCC3075F0CC9B
:10B970001C75F1CC6C60F2CC1482F3CC4681F4CC13
:10B980001163F5CC6167F6CCE28FF7CC3A77F8CC4F
:10B99000F38DF9CC348DFACCC194FBCC165EFCCC83
:10B9A0008553FDCC2C54FECCC37040CD6D8641CD6B
:10B9B0006F8642CD708643CD728644CD738645CD69
:10B9C000748646CD758647CD768648CD778649CD37
:10B9D00078864ACD83864BCD84864CCD85864DCDE9
:10B9E00086864ECD87864FCD888650CD898651CDAF
:10B9F0008E8652CD8F8653CD908654CD918655CD6F
:10BA0000928656CD948657CD968658CD978659CD39
:10BA100098865ACD99865BCD9A865CCD9B865DCD06
:10BA20009E865ECD9F865FCDA08660CDA18661CDCE
:10BA3000A28662CDA58663CDA68664CDAB8665CD94
:10BA4000AD8666CDAE8667CDB28668CDB38669CD4C
:10BA5000B7866ACDB8866BCDB9866CCDBB866DCD09
:10BA6000BC866ECDBD866FCDBE8670CDBF8671CDD6
:10BA7000C18672CDC28673CDC38674CDC58675CDA1
:10BA8000C88676CDCC8677CDCD8678CDD28679CD59
:10BA9000D3867ACDD5867BCDD6867CCDD7867DCD17
:10BAA000DA867ECDDC8680CDDD8681CDE08682CDD6
:10BAB000E18683CDE28684CDE38685CDE58686CD9D
:10BAC000E68687CDE78688CDE88689CDEA868ACD69
:10BAD000EB868BCDEC868CCDEF868DCDF5868ECD2D
:10BAE000F6868FCDF78690CDFA8691CDFB8692CDE6
:10BAF000FC8693CDFD8694CDFF8695CD018796CDAE
:10BB0000048797CD058798CD068799CD0B879ACD69
:10BB10000C879BCD0E879CCD0F879DCD10879ECD2A
:10BB200011879FCD1487A0CD1687A1CD406CA2CDE3
:10BB3000F75EA3CD5C50A4CDAD4EA5CDAD5EA6CD38
:10BB40003A63A7CD4782A8CD1A90A9CD5068AACD57
:10BB50006E91ABCDB377ACCD0C54ADCDDC94AECD06
:10BB6000645FAFCDE57AB0CD7668B1CD4563B2CD37
:10BB7000527BB3CDDF7EB4CDDB75B5CD7750B6CD7E
:10BB80009562B7CD3459B8CD0F90B9CDF851BACD33
:10BB9000C379BBCD817ABCCDFE56BDCD925FBECD03
:10BBA0001490BFCD826DC0CD605CC1CD1F57C2CD9A
:10BBB0001054C3CD5451C4CD4D6EC5CDE256C6CD43
:10BBC000A863C7CD9398C8CD7F81C9CD1587CACD4D
:10BBD0002A89CBCD0090CCCD1E54CDCD6F5CCECD7F
:10BBE000C081CFCDD662D0CD5862D1CD3181D2CDFA
:10BBF000359ED3CD4096D4CD6E9AD5CD7C9AD6CDF8
:10BC00002D69D7CDA559D8CDD362D9CD3E55DACD42
:10BC10001663DBCDC754DCCDD986DDCD3C6DDECDE2
:10BC2000035ADFCDE674E0CD9C88E1CD6A6BE2CDAE
:10BC30001659E3CD4C8CE4CD2F5FE5CD7E6EE6CD7D
:10BC4000A973E7CD7D98E8CD384EE9CDF770EACD00
:10BC50008C5BEBCD9778ECCD3D63EDCD5A66EECDA8
:10BC60009676EFCDCB60F0CD9B5BF1CD495AF2CD0E
:10BC7000074EF3CD5581F4CD6A6CF5CD8B73F6CDBF
:10BC8000A14EF7CD8967F8CD517FF9CD805FFACD10
:10BC9000FA65FBCD1B67FCCDD85FFDCD8459FECD89
:10BCA000015A40CE198741CE1B8742CE1D8743CE15
:10BCB0001F8744CE208745CE248746CE268747CE91
:10BCC000278748CE288749CE2A874ACE2B874BCE56
:10BCD0002C874CCE2D874DCE2F874ECE30874FCE22
:10BCE000328750CE338751CE358752CE368753CEEA
:10BCF000388754CE398755CE3A8756CE3C8757CEB3
:10BD00003D8758CE408759CE41875ACE42875BCE79
:10BD100043875CCE44875DCE45875ECE46875FCE47
:10BD20004A8760CE4B8761CE4D8762CE4F8763CE08
:10BD3000508764CE518765CE528766CE548767CED2
:10BD4000558768CE568769CE58876ACE5A876BCE9C
:10BD50005B876CCE5C876DCE5D876ECE5E876FCE67
:10BD60005F8770CE618771CE628772CE668773CE31
:10BD7000678774CE688775CE698776CE6A8777CEF7
:10BD80006B8778CE6C8779CE6D877ACE6F877BCEC6
:10BD900071877CCE72877DCE73877ECE758780CE8D
:10BDA000778781CE788782CE798783CE7A8784CE53
:10BDB0007F8785CE808786CE818787CE848788CE11
:10BDC000868789CE87878ACE89878BCE8A878CCED5
:10BDD0008C878DCE8E878ECE8F878FCE908790CE9C
:10BDE000918791CE928792CE948793CE958794CE69
:10BDF000968795CE988796CE998797CE9A8798CE34
:10BE00009B8799CE9C879ACE9D879BCE9E879CCE02
:10BE1000A0879DCEA1879ECEA2879FCEA387A0CECE
:10BE2000A487A1CECD5DA2CEAE5FA3CE7153A4CE2A
:10BE3000E697A5CEDD8FA6CE4568A7CEF456A8CE50
:10BE40002F55A9CEDF60AACE3A4EABCE4D6FACCE09
:10BE5000F47EADCEC782AECE0E84AFCED459B0CE76
:10BE60001F4FB1CE2A4FB2CE3E5CB3CEAC7EB4CE25
:10BE70002A67B5CE1A85B6CE7354B7CE4F75B8CEF5
:10BE8000C380B9CE8255BACE4F9BBBCE4D4FBCCEF0
:10BE90002D6EBDCE138CBECE095CBFCE7061C0CE00
:10BEA0006B53C1CE1F76C2CE296EC3CE8A86C4CE56
:10BEB0008765C5CEFB95C6CEB97EC7CE3B54C8CEEE
:10BEC000337AC9CE0A7DCACEEE95CBCEE155CCCE23
:10BED000C17FCDCEEE74CECE1D63CFCE1787D0CE30
:10BEE000A16DD1CE9D7AD2CE1162D3CEA165D4CE32
:10BEF0006753D5CEE163D6CE836CD7CEEB5DD8CE7B
:10BF00005C54D9CEA894DACE4C4EDBCE616CDCCE3C
:10BF1000EC8BDDCE4B5CDECEE065DFCE9C82E0CEEE
:10BF2000A768E1CE3E54E2CE3454E3CECB6BE4CEF0
:10BF3000666BE5CE944EE6CE4263E7CE4853E8CE3C
:10BF40001E82E9CE0D4FEACEAE4FEBCE5E57ECCE61
:10BF50000A62EDCEFE96EECE6466EFCE6972F0CE4A
:10BF6000FF52F1CEA152F2CE9F60F3CEEF8BF4CE12
:10BF70001466F5CE9971F6CE9067F7CE7F89F8CE2C
:10BF80005278F9CEFD77FACE7066FBCE3B56FCCEEA
:10BF90003854FDCE2195FECE7A7240CFA58741CF91
:10BFA000A68742CFA78743CFA98744CFAA8745CF8B
:10BFB000AE8746CFB08747CFB18748CFB28749CF4A
:10BFC000B4874ACFB6874BCFB7874CCFB8874DCF12
:10BFD000B9874ECFBB874FCFBC8750CFBE8751CFDD
:10BFE000BF8752CFC18753CFC28754CFC38755CFA6
:10BFF000C48756CFC58757CFC78758CFC88759CF73
:10C00000C9875ACFCC875BCFCD875CCFCE875DCF3A
:10C01000CF875ECFD0875FCFD48760CFD58761CF02
:10C02000D68762CFD78763CFD88764CFD98765CFCC
:10C03000DA8766CFDC8767CFDD8768CFDE8769CF99
:10C04000DF876ACFE1876BCFE2876CCFE3876DCF65
:10C05000E4876ECFE6876FCFE78770CFE88771CF31
:10C06000E98772CFEB8773CFEC8774CFED8775CFFD
:10C07000EF8776CFF08777CFF18778CFF28779CFC8
:10C08000F3877ACFF4877BCFF5877CCFF6877DCF98
:10C09000F7877ECFF88780CFFA8781CFFB8782CF63
:10C0A000FC8783CFFD8784CFFF8785CF008886CF2D
:10C0B000018887CF028888CF048889CF05888ACFF6
:10C0C00006888BCF07888CCF08888DCF09888ECFC4
:10C0D0000B888FCF0C8890CF0D8891CF0E8892CF90
:10C0E0000F8893CF108894CF118895CF128896CF60
:10C0F000148897CF178898CF188899CF19889ACF26
:10C100001A889BCF1C889CCF1D889DCF1E889ECFF0
:10C110001F889FCF2088A0CF2388A1CF007AA2CFED
:10C120006F60A3CF0C5EA4CF8960A5CF9D81A6CF01
:10C130001559A7CFDC60A8CF8471A9CFEF70AACF23
:10C14000AA6EABCF506CACCF8072ADCF846AAECF4D
:10C15000AD88AFCF2D5EB0CF604EB1CFB35AB2CF66
:10C160009C55B3CFE394B4CF176DB5CFFB7CB6CF5E
:10C170009996B7CF0F62B8CFC67EB9CF8E77BACFB8
:10C180007E86BBCF2353BCCF1E97BDCF968FBECF2D
:10C190008766BFCFE15CC0CFA04FC1CFED72C2CFE9
:10C1A0000B4EC3CFA653C4CF0F59C5CF1354C6CF20
:10C1B0008063C7CF2895C8CF4851C9CFD94ECACFC1
:10C1C0009C9CCBCFA47ECCCFB854CDCF248DCECFEA
:10C1D0005488CFCF3782D0CFF295D1CF8E6DD2CFCA
:10C1E000265FD3CFCC5AD4CF3E66D5CF6996D6CF73
:10C1F000B073D7CF2E73D8CFBF53D9CF7A81DACFD0
:10C200008599DBCFA17FDCCFAA5BDDCF7796DECF30
:10C210005096DFCFBF7EE0CFF876E1CFA253E2CFDA
:10C220007695E3CF9999E4CFB17BE5CF4489E6CF0A
:10C23000586EE7CF614EE8CFD47FE9CF6579EACF7A
:10C24000E68BEBCFF360ECCFCD54EDCFAB4EEECF22
:10C250007998EFCFF75DF0CF616AF1CFCF50F2CF91
:10C260001154F3CF618CF4CF2784F5CF5D78F6CFEE
:10C270000497F7CF4A52F8CFEE54F9CFA356FACF2E
:10C280000095FBCF886DFCCFB55BFDCFC66DFECFB3
:10C29000536640D0248841D0258842D0268843D098
:10C2A000278844D0288845D0298846D02A8847D076
:10C2B0002B8848D02C8849D02D884AD02E884BD046
:10C2C0002F884CD030884DD031884ED033884FD015
:10C2D000348850D0358851D0368852D0378853D0E2
:10C2E000388854D03A8855D03B8856D03D8857D0AE
:10C2F0003E8858D03F8859D041885AD042885BD078
:10C3000043885CD046885DD047885ED048885FD03F
:10C31000498860D04A8861D04B8862D04E8863D00B
:10C320004F8864D0508865D0518866D0528867D0D5
:10C33000538868D0558869D056886AD058886BD0A1
:10C340005A886CD05B886DD05C886ED05D886FD069
:10C350005E8870D05F8871D0608872D0668873D034
:10C36000678874D06A8875D06D8876D06F8877D0EA
:10C37000718878D0738879D074887AD075887BD0AA
:10C3800076887CD078887DD079887ED07A8880D075
:10C390007B8881D07C8882D0808883D0838884D039
:10C3A000868885D0878886D0898887D08A8888D0F3
:10C3B0008C8889D08E888AD08F888BD090888CD0BA
:10C3C00091888DD093888ED094888FD0958890D086
:10C3D000978891D0988892D0998893D09A8894D051
:10C3E0009B8895D09D8896D09E8897D09F8898D01E
:10C3F000A08899D0A1889AD0A3889BD0A5889CD0EA
:10C40000A6889DD0A7889ED0A8889FD0A988A0D0B4
:10C41000AA88A1D00F5CA2D05D5BA3D02168A4D074
:10C420009680A5D07855A6D0117BA7D04865A8D016
:10C430005469A9D09B4EAAD0476BABD04E87ACD0E5
:10C440008B97ADD04F53AED01F63AFD03A64B0D00E
:10C45000AA90B1D09C65B2D0C180B3D0108CB4D0BA
:10C460009951B5D0B068B6D07853B7D0F987B8D065
:10C47000C861B9D0C46CBAD0FB6CBBD0228CBCD024
:10C48000515CBDD0AA85BED0AF82BFD00C95C0D0C4
:10C49000236BC1D09B8FC2D0B065C3D0FB5FC4D02B
:10C4A000C35FC5D0E14FC6D04588C7D01F66C8D08E
:10C4B0006581C9D02973CAD0FA60CBD07451CCD071
:10C4C0001152CDD08B57CED0625FCFD0A290D0D0BA
:10C4D0004C88D1D09291D2D0785ED3D04F67D4D04F
:10C4E0002760D5D0D359D6D04451D7D0F651D8D023
:10C4F000F880D9D00853DAD0796CDBD0C496DCD080
:10C500008A71DDD0114FDED0EE4FDFD09E7FE0D0BC
:10C510003D67E1D0C555E2D00895E3D0C079E4D0BD
:10C520009688E5D0E37EE6D09F58E7D00C62E8D04D
:10C530000097E9D05A86EAD01856EBD07B98ECD019
:10C54000905FEDD0B88BEED0C484EFD05791F0D08F
:10C55000D953F1D0ED65F2D08F5EF3D05C75F4D095
:10C560006460F5D06E7DF6D07F5AF7D0EA7EF8D0C1
:10C57000ED7EF9D0698FFAD0A755FBD0A35BFCD034
:10C58000AC60FDD0CB65FED0847340D1AC8841D186
:10C59000AE8842D1AF8843D1B08844D1B28845D16A
:10C5A000B38846D1B48847D1B58848D1B68849D137
:10C5B000B8884AD1B9884BD1BA884CD1BB884DD103
:10C5C000BD884ED1BE884FD1BF8850D1C08851D1CF
:10C5D000C38852D1C48853D1C78854D1C88855D193
:10C5E000CA8856D1CB8857D1CC8858D1CD8859D15B
:10C5F000CF885AD1D0885BD1D1885CD1D3885DD126
:10C60000D6885ED1D7885FD1DA8860D1DB8861D1E6
:10C61000DC8862D1DD8863D1DE8864D1E08865D1B1
:10C62000E18866D1E68867D1E78868D1E98869D171
:10C63000EA886AD1EB886BD1EC886CD1ED886DD13A
:10C64000EE886ED1EF886FD1F28870D1F58871D104
:10C65000F68872D1F78873D1FA8874D1FB8875D1C6
:10C66000FD8876D1FF8877D1008978D1018979D189
:10C6700003897AD104897BD105897CD106897DD152
:10C6800007897ED1088980D1098981D10B8982D11E
:10C690000C8983D10D8984D10E8985D10F8986D1EA
:10C6A000118987D1148988D1158989D116898AD1B0
:10C6B00017898BD118898CD11C898DD11D898ED178
:10C6C0001E898FD11F8990D1208991D1228992D141
:10C6D000238993D1248994D1268995D1278996D10C
:10C6E000288997D1298998D12C8999D12D899AD1D6
:10C6F0002E899BD12F899CD131899DD132899ED1A0
:10C7000033899FD13589A0D13789A1D10990A2D190
:10C710006376A3D12977A4D1DA7EA5D17497A6D167
:10C720009B85A7D1665BA8D1747AA9D1EA96AAD1D4
:10C730004088ABD1CB52ACD18F71ADD1AA5FAED115
:10C74000EC65AFD1E28BB0D1FB5BB1D16F9AB2D1C6
:10C75000E15DB3D1896BB4D15B6CB5D1AD8BB6D192
:10C76000AF8BB7D10A90B8D1C58FB9D18B53BAD19D
:10C77000BC62BBD1269EBCD12D9EBDD14054BED142
:10C780002B4EBFD1BD82C0D15972C1D19C86C2D1BE
:10C79000165DC3D15988C4D1AF6DC5D1C596C6D178
:10C7A000D154C7D19A4EC8D1B68BC9D10971CAD15B
:10C7B000BD54CBD10996CCD1DF70CDD1F96DCED19E
:10C7C000D076CFD1254ED0D11478D1D11287D2D105
:10C7D000A95CD3D1F65ED4D1008AD5D19C98D6D1AC
:10C7E0000E96D7D18E70D8D1BF6CD9D14459DAD139
:10C7F000A963DBD13C77DCD14D88DDD1146FDED16C
:10C800007382DFD13058E0D1D571E1D18C53E2D1C0
:10C810001A78E3D1C196E4D10155E5D1665FE6D13E
:10C820003071E7D1B45BE8D11A8CE9D18C9AEAD1A6
:10C83000836BEBD12E59ECD12F9EEDD1E779EED160
:10C840006867EFD16C62F0D16F4FF1D1A175F2D171
:10C850008A7FF3D10B6DF4D13396F5D1276CF6D1E5
:10C86000F04EF7D1D275F8D17B51F9D13768FAD1B2
:10C870003E6FFBD18090FCD17081FDD19659FED1E5
:10C88000767440D2388941D2398942D23A8943D22A
:10C890003B8944D23C8945D23D8946D23E8947D224
:10C8A0003F8948D2408949D242894AD243894BD2F2
:10C8B00045894CD246894DD247894ED248894FD2BC
:10C8C000498950D24A8951D24B8952D24C8953D28C
:10C8D0004D8954D24E8955D24F8956D2508957D25C
:10C8E000518958D2528959D253895AD254895BD22C
:10C8F00055895CD256895DD257895ED258895FD2FC
:10C90000598960D25A8961D25B8962D25C8963D2CB
:10C910005D8964D2608965D2618966D2628967D295
:10C92000638968D2648969D265896AD267896BD262
:10C9300068896CD269896DD26A896ED26B896FD22F
:10C940006C8970D26D8971D26E8972D26F8973D2FF
:10C95000708974D2718975D2728976D2738977D2CF
:10C96000748978D2758979D276897AD277897BD29F
:10C9700078897CD279897DD27A897ED27C8980D26D
:10C980007D8981D27E8982D2808983D2828984D234
:10C99000848985D2858986D2878987D2888988D2F9
:10C9A000898989D28A898AD28B898BD28C898CD2C7
:10C9B0008D898DD28E898ED28F898FD2908990D297
:10C9C000918991D2928992D2938993D2948994D267
:10C9D000958995D2968996D2978997D2988998D237
:10C9E000998999D29A899AD29B899BD29C899CD207
:10C9F0009D899DD29E899ED29F899FD2A089A0D2D7
:10CA0000A189A1D24764A2D2275CA3D26590A4D207
:10CA1000917AA5D2238CA6D2DA59A7D2AC54A8D247
:10CA20000082A9D26F83AAD28189ABD20080ACD216
:10CA30003069ADD24E56AED23680AFD23772B0D258
:10CA4000CE91B1D2B651B2D25F4EB3D27598B4D2B4
:10CA50009663B5D21A4EB6D2F653B7D2F366B8D2B1
:10CA60004B81B9D21C59BAD2B26DBBD2004EBCD2E6
:10CA7000F958BDD23B53BED2D663BFD2F194C0D2D7
:10CA80009D4FC1D20A4FC2D26388C3D29098C4D2FC
:10CA90003759C5D25790C6D2FB79C7D2EA4EC8D211
:10CAA000F080C9D29175CAD2826CCBD29C5BCCD2B9
:10CAB000E859CDD25D5FCED20569CFD28186D0D282
:10CAC0001A50D1D2F25DD2D2594ED3D2E377D4D21A
:10CAD000E54ED5D27A82D6D29162D7D21366D8D219
:10CAE0009190D9D2795CDAD2BF4EDBD2795FDCD2B9
:10CAF000C681DDD23890DED28480DFD2AB75E0D241
:10CB0000A64EE1D2D488E2D20F61E3D2C56BE4D263
:10CB1000C65FE5D2494EE6D2CA76E7D2A26EE8D227
:10CB2000E38BE9D2AE8BEAD20A8CEBD2D18BECD27A
:10CB3000025FEDD2FC7FEED2CC7FEFD2CE7EF0D280
:10CB40003583F1D26B83F2D2E056F3D2B76BF4D2D5
:10CB5000F397F5D23496F6D2FB59F7D21F54F8D298
:10CB6000F694F9D2EB6DFAD2C55BFBD26E99FCD28A
:10CB7000395CFDD2155FFED2909640D3A28941D395
:10CB8000A38942D3A48943D3A58944D3A68945D395
:10CB9000A78946D3A88947D3A98948D3AA8949D365
:10CBA000AB894AD3AC894BD3AD894CD3AE894DD335
:10CBB000AF894ED3B0894FD3B18950D3B28951D305
:10CBC000B38952D3B48953D3B58954D3B68955D3D5
:10CBD000B78956D3B88957D3B98958D3BA8959D3A5
:10CBE000BB895AD3BC895BD3BD895CD3BE895DD375
:10CBF000BF895ED3C0895FD3C38960D3CD8961D338
:10CC0000D38962D3D48963D3D58964D3D78965D3D3
:10CC1000D88966D3D98967D3DB8968D3DD8969D39D
:10CC2000DF896AD3E0896BD3E1896CD3E2896DD364
:10CC3000E4896ED3E7896FD3E88970D3E98971D32A
:10CC4000EA8972D3EC8973D3ED8974D3EE8975D3F5
:10CC5000F08976D3F18977D3F28978D3F48979D3BF
:10CC6000F5897AD3F6897BD3F7897CD3F8897DD38C
:10CC7000F9897ED3FA8980D3FB8981D3FC8982D359
:10CC8000FD8983D3FE8984D3FF8985D3018A86D326
:10CC9000028A87D3038A88D3048A89D3058A8AD3F0
:10CCA000068A8BD3088A8CD3098A8DD30A8A8ED3BD
:10CCB0000B8A8FD30C8A90D30D8A91D30E8A92D38C
:10CCC0000F8A93D3108A94D3118A95D3128A96D35C
:10CCD000138A97D3148A98D3158A99D3168A9AD32C
:10CCE000178A9BD3188A9CD3198A9DD31A8A9ED3FC
:10CCF0001B8A9FD31C8AA0D31D8AA1D37053A2D3B1
:10CD0000F182A3D3316AA4D3745AA5D3709EA6D35B
:10CD1000945EA7D3287FA8D3B983A9D32484AAD3A8
:10CD20002584ABD36783ACD34787ADD3CE8FAED347
:10CD3000628DAFD3C876B0D3715FB1D39698B2D3BA
:10CD40006C78B3D32066B4D3DF54B5D3E562B6D3E1
:10CD5000634FB7D3C381B8D3C875B9D3B85EBAD35C
:10CD6000CD96BBD30A8EBCD3F986BDD38F54BED328
:10CD7000F36CBFD38C6DC0D3386CC1D37F60C2D38A
:10CD8000C752C3D32875C4D37D5EC5D3184FC6D34D
:10CD9000A060C7D3E75FC8D3245CC9D33175CAD3B9
:10CDA000AE90CBD3C094CCD3B972CDD3B96CCED323
:10CDB000386ECFD34991D0D30967D1D3CB53D2D3D7
:10CDC000F353D3D3514FD4D3C991D5D3F18BD6D309
:10CDD000C853D7D37C5ED8D3C28FD9D3E46DDAD30E
:10CDE0008E4EDBD3C276DCD38669DDD35E86DED39E
:10CDF0001A61DFD30682E0D3594FE1D3DE4FE2D38D
:10CE00003E90E3D37C9CE4D30961E5D31D6EE6D369
:10CE1000146EE7D38596E8D3884EE9D3315AEAD326
:10CE2000E896EBD30E4EECD37F5CEDD3B979EED31D
:10CE3000875BEFD3ED8BF0D3BD7FF1D38973F2D352
:10CE4000DF57F3D38B82F4D3C190F5D30154F6D3DB
:10CE50004790F7D3BB55F8D3EA5CF9D3A15FFAD377
:10CE60000861FBD3326BFCD3F172FDD3B280FED3E9
:10CE7000898A40D41E8A41D41F8A42D4208A43D44E
:10CE8000218A44D4228A45D4238A46D4248A47D48A
:10CE9000258A48D4268A49D4278A4AD4288A4BD45A
:10CEA000298A4CD42A8A4DD42B8A4ED42C8A4FD42A
:10CEB0002D8A50D42E8A51D42F8A52D4308A53D4FA
:10CEC000318A54D4328A55D4338A56D4348A57D4CA
:10CED000358A58D4368A59D4378A5AD4388A5BD49A
:10CEE000398A5CD43A8A5DD43B8A5ED43C8A5FD46A
:10CEF0003D8A60D43F8A61D4408A62D4418A63D437
:10CF0000428A64D4438A65D4448A66D4458A67D405
:10CF1000468A68D4478A69D4498A6AD44A8A6BD4D3
:10CF20004B8A6CD44C8A6DD44D8A6ED44E8A6FD4A1
:10CF30004F8A70D4508A71D4518A72D4528A73D471
:10CF4000538A74D4548A75D4558A76D4568A77D441
:10CF5000578A78D4588A79D4598A7AD45A8A7BD411
:10CF60005B8A7CD45C8A7DD45D8A7ED45E8A80D4E0
:10CF70005F8A81D4608A82D4618A83D4628A84D4AD
:10CF8000638A85D4648A86D4658A87D4668A88D47D
:10CF9000678A89D4688A8AD4698A8BD46A8A8CD44D
:10CFA0006B8A8DD46C8A8ED46D8A8FD46E8A90D41D
:10CFB0006F8A91D4708A92D4718A93D4728A94D4ED
:10CFC000738A95D4748A96D4758A97D4768A98D4BD
:10CFD000778A99D4788A9AD47A8A9BD47B8A9CD48B
:10CFE0007C8A9DD47D8A9ED47E8A9FD47F8AA0D459
:10CFF000808AA1D4746DA2D4D35BA3D4D588A4D4E1
:10D000008498A5D46B8CA6D46D9AA7D4339EA8D44B
:10D010000A6EA9D4A451AAD44351ABD4A357ACD41B
:10D020008188ADD49F53AED4F463AFD4958FB0D480
:10D03000ED56B1D45854B2D40657B3D43F73B4D4D8
:10D04000906EB5D4187FB6D4DC8FB7D4D182B8D463
:10D050003F61B9D42860BAD46296BBD4F066BCD420
:10D06000A67EBDD48A8DBED4C38DBFD4A594C0D4B2
:10D07000B35CC1D4A47CC2D40867C3D4A660C4D4B2
:10D080000596C5D41880C6D4914EC7D4E790C8D4AD
:10D090000053C9D46896CAD44151CBD4D08FCCD4D4
:10D0A0007485CDD45D91CED45566CFD4F597D0D4C8
:10D0B000555BD1D41D53D2D43878D3D44267D4D45D
:10D0C0003D68D5D4C954D6D47E70D7D4B05BD8D4FB
:10D0D0007D8FD9D48D51DAD42857DBD4B154DCD428
:10D0E0001265DDD48266DED45E8DDFD4438DE0D45C
:10D0F0000F81E1D46C84E2D46D90E3D4DF7CE4D47E
:10D10000FF51E5D4FB85E6D4A367E7D4E965E8D40D
:10D11000A16FE9D4A486EAD4818EEBD46A56ECD40C
:10D120002090EDD48276EED47670EFD4E571F0D411
:10D13000238DF1D4E962F2D41952F3D4FD6CF4D406
:10D140003C8DF5D40E60F6D49E58F7D48E61F8D499
:10D15000FE66F9D4608DFAD44E62FBD4B355FCD48C
:10D16000236EFDD42D67FED4678F40D5818A41D5CB
:10D17000828A42D5838A43D5848A44D5858A45D517
:10D18000868A46D5878A47D5888A48D58B8A49D5E5
:10D190008C8A4AD58D8A4BD58E8A4CD58F8A4DD5AF
:10D1A000908A4ED5918A4FD5928A50D5948A51D57E
:10D1B000958A52D5968A53D5978A54D5988A55D54B
:10D1C000998A56D59A8A57D59B8A58D59C8A59D51B
:10D1D0009D8A5AD59E8A5BD59F8A5CD5A08A5DD5EB
:10D1E000A18A5ED5A28A5FD5A38A60D5A48A61D5BB
:10D1F000A58A62D5A68A63D5A78A64D5A88A65D58B
:10D20000A98A66D5AA8A67D5AB8A68D5AC8A69D55A
:10D21000AD8A6AD5AE8A6BD5AF8A6CD5B08A6DD52A
:10D22000B18A6ED5B28A6FD5B38A70D5B48A71D5FA
:10D23000B58A72D5B68A73D5B78A74D5B88A75D5CA
:10D24000B98A76D5BA8A77D5BB8A78D5BC8A79D59A
:10D25000BD8A7AD5BE8A7BD5BF8A7CD5C08A7DD56A
:10D26000C18A7ED5C28A80D5C38A81D5C48A82D537
:10D27000C58A83D5C68A84D5C78A85D5C88A86D506
:10D28000C98A87D5CA8A88D5CB8A89D5CC8A8AD5D6
:10D29000CD8A8BD5CE8A8CD5CF8A8DD5D08A8ED5A6
:10D2A000D18A8FD5D28A90D5D38A91D5D48A92D576
:10D2B000D58A93D5D68A94D5D78A95D5D88A96D546
:10D2C000D98A97D5DA8A98D5DB8A99D5DC8A9AD516
:10D2D000DD8A9BD5DE8A9CD5DF8A9DD5E08A9ED5E6
:10D2E000E18A9FD5E28AA0D5E38AA1D5E194A2D5AF
:10D2F000F895A3D52877A4D50568A5D5A869A6D59E
:10D300008B54A7D54D4EA8D5B870A9D5C88BAAD532
:10D310005864ABD58B65ACD5855BADD5847AAED57D
:10D320003A50AFD5E85BB0D5BB77B1D5E16BB2D59C
:10D33000798AB3D5987CB4D5BE6CB5D5CF76B6D541
:10D34000A965B7D5978FB8D52D5DB9D5555CBAD538
:10D350003886BBD50868BCD56053BDD51862BED52C
:10D36000D97ABFD55B6EC0D5FD7EC1D51F6AC2D547
:10D37000E07AC3D5705FC4D5336FC5D5205FC6D5FD
:10D380008C63C7D5A86DC8D55667C9D5084ECAD510
:10D39000105ECBD5268DCCD5D74ECDD5C080CED581
:10D3A0003476CFD59C96D0D5DB62D1D52D66D2D53B
:10D3B0007E62D3D5BC6CD4D5758DD5D56771D6D5E5
:10D3C000697FD7D54651D8D58780D9D5EC53DAD5E2
:10D3D0006E90DBD59862DCD5F254DDD5F086DED5D3
:10D3E000998FDFD50580E0D51795E1D51785E2D572
:10D3F000D98FE3D5596DE4D5CD73E5D59F65E6D5D5
:10D400001F77E7D50475E8D52778E9D5FB81EAD5FC
:10D410001E8DEBD58894ECD5A64FEDD59567EED54E
:10D42000B975EFD5CA8BF0D50797F1D52F63F2D533
:10D430004795F3D53596F4D5B884F5D52363F6D55D
:10D440004177F7D5815FF8D5F072F9D5894EFAD5D5
:10D450001460FBD57465FCD5EF62FDD5636BFED51A
:10D460003F6540D6E48A41D6E58A42D6E68A43D66D
:10D47000E78A44D6E88A45D6E98A46D6EA8A47D674
:10D48000EB8A48D6EC8A49D6ED8A4AD6EE8A4BD644
:10D49000EF8A4CD6F08A4DD6F18A4ED6F28A4FD614
:10D4A000F38A50D6F48A51D6F58A52D6F68A53D6E4
:10D4B000F78A54D6F88A55D6F98A56D6FA8A57D6B4
:10D4C000FB8A58D6FC8A59D6FD8A5AD6FE8A5BD684
:10D4D000FF8A5CD6008B5DD6018B5ED6028B5FD651
:10D4E000038B60D6048B61D6058B62D6068B63D620
:10D4F000088B64D6098B65D60A8B66D60B8B67D6EC
:10D500000C8B68D60D8B69D60E8B6AD60F8B6BD6BB
:10D51000108B6CD6118B6DD6128B6ED6138B6FD68B
:10D52000148B70D6158B71D6168B72D6178B73D65B
:10D53000188B74D6198B75D61A8B76D61B8B77D62B
:10D540001C8B78D61D8B79D61E8B7AD61F8B7BD6FB
:10D55000208B7CD6218B7DD6228B7ED6238B80D6CA
:10D56000248B81D6258B82D6278B83D6288B84D695
:10D57000298B85D62A8B86D62B8B87D62C8B88D663
:10D580002D8B89D62E8B8AD62F8B8BD6308B8CD633
:10D59000318B8DD6328B8ED6338B8FD6348B90D603
:10D5A000358B91D6368B92D6378B93D6388B94D6D3
:10D5B000398B95D63A8B96D63B8B97D63C8B98D6A3
:10D5C0003D8B99D63E8B9AD63F8B9BD6408B9CD673
:10D5D000418B9DD6428B9ED6438B9FD6448BA0D643
:10D5E000458BA1D6275EA2D6C775A3D6D190A4D667
:10D5F000C18BA5D69D82A6D69D67A7D62F65A8D636
:10D600003154A9D61887AAD6E577ABD6A280ACD676
:10D610000281ADD6416CAED64B4EAFD6C77EB0D6EA
:10D620004C80B1D6F476B2D60D69B3D6966BB4D62B
:10D630006762B5D63C50B6D6844FB7D64057B8D6F9
:10D640000763B9D6626BBAD6BE8DBBD6EA53BCD6D9
:10D65000E865BDD6B87EBED6D75FBFD61A63C0D642
:10D66000B763C1D6F381C2D6F481C3D66E7FC4D668
:10D670001C5EC5D6D95CC6D63652C7D67A66C8D621
:10D68000E979C9D61A7ACAD6288DCBD69970CCD664
:10D69000D475CDD6DE6ECED6BB6CCFD6927AD0D630
:10D6A0002D4ED1D6C576D2D6E05FD3D69F94D4D6B0
:10D6B0007788D5D6C87ED6D6CD79D7D6BF80D8D6EE
:10D6C000CD91D9D6F24EDAD6174FDBD61F82DCD6F3
:10D6D0006854DDD6DE5DDED6326DDFD6CC8BE0D68B
:10D6E000A57CE1D6748FE2D69880E3D61A5EE4D6A4
:10D6F0009254E5D6B176E6D6995BE7D63C66E8D695
:10D70000A49AE9D6E073EAD62A68EBD6DB86ECD693
:10D710003167EDD62A73EED6F88BEFD6DB8BF0D6D9
:10D720001090F1D6F97AF2D6DB70F3D66E71F4D69A
:10D73000C462F5D6A977F6D63156F7D63B4EF8D661
:10D740005784F9D6F167FAD6A952FBD6C086FCD623
:10D750002E8DFDD6F894FED6517B40D7468B41D70F
:10D76000478B42D7488B43D7498B44D74A8B45D701
:10D770004B8B46D74C8B47D74D8B48D74E8B49D7D1
:10D780004F8B4AD7508B4BD7518B4CD7528B4DD7A1
:10D79000538B4ED7548B4FD7558B50D7568B51D771
:10D7A000578B52D7588B53D7598B54D75A8B55D741
:10D7B0005B8B56D75C8B57D75D8B58D75E8B59D711
:10D7C0005F8B5AD7608B5BD7618B5CD7628B5DD7E1
:10D7D000638B5ED7648B5FD7658B60D7678B61D7B0
:10D7E000688B62D7698B63D76A8B64D76B8B65D77D
:10D7F0006D8B66D76E8B67D76F8B68D7708B69D749
:10D80000718B6AD7728B6BD7738B6CD7748B6DD718
:10D81000758B6ED7768B6FD7778B70D7788B71D7E8
:10D82000798B72D77A8B73D77B8B74D77C8B75D7B8
:10D830007D8B76D77E8B77D77F8B78D7808B79D788
:10D84000818B7AD7828B7BD7838B7CD7848B7DD758
:10D85000858B7ED7868B80D7878B81D7888B82D725
:10D86000898B83D78A8B84D78B8B85D78C8B86D7F4
:10D870008D8B87D78E8B88D78F8B89D7908B8AD7C4
:10D88000918B8BD7928B8CD7938B8DD7948B8ED794
:10D89000958B8FD7968B90D7978B91D7988B92D764
:10D8A000998B93D79A8B94D79B8B95D79C8B96D734
:10D8B0009D8B97D79E8B98D79F8B99D7AC8B9AD7F8
:10D8C000B18B9BD7BB8B9CD7C78B9DD7D08B9ED75B
:10D8D000EA8B9FD7098CA0D71E8CA1D74F4FA2D718
:10D8E000E86CA3D75D79A4D77B9AA5D79362A6D716
:10D8F0002A72A7D7FD62A8D7134EA9D71678AAD740
:10D900006C8FABD7B064ACD75A8DADD7C67BAED7D2
:10D910006968AFD7845EB0D7C588B1D78659B2D70A
:10D920009E64B3D7EE58B4D7B672B5D70E69B6D7E2
:10D930002595B7D7FD8FB8D7588DB9D76057BAD7C7
:10D94000007FBBD7068CBCD7C651BDD74963BED7B5
:10D95000D962BFD75353C0D74C68C1D72274C2D73E
:10D960000183C3D74C91C4D74455C5D74077C6D798
:10D970007C70C7D74A6DC8D77951C9D7A854CAD7C0
:10D98000448DCBD7FF59CCD7CB6ECDD7C46DCED776
:10D990005C5BCFD72B7DD0D7D44ED1D77D7CD2D76F
:10D9A000D36ED3D7505BD4D7EA81D5D70D6ED6D7F7
:10D9B000575BD7D7039BD8D7D568D9D72A8EDAD764
:10D9C000975BDBD7FC7EDCD73B60DDD7B57EDED74F
:10D9D000B990DFD7708DE0D74F59E1D7CD63E2D74B
:10D9E000DF79E3D7B38DE4D75253E5D7CF65E6D7D8
:10D9F0005679E7D7C58BE8D73B96E9D7C47EEAD7F7
:10DA0000BB94EBD7827EECD73456EDD78991EED715
:10DA10000067EFD76A7FF0D70A5CF1D77590F2D72D
:10DA20002866F3D7E65DF4D7504FF5D7DE67F6D713
:10DA30005A50F7D75C4FF8D75057F9D7A75E40D860
:10DA4000388C41D8398C42D83A8C43D83B8C44D856
:10DA50003C8C45D83D8C46D83E8C47D83F8C48D826
:10DA6000408C49D8428C4AD8438C4BD8448C4CD8F3
:10DA7000458C4DD8488C4ED84A8C4FD84B8C50D8BA
:10DA80004D8C51D84E8C52D84F8C53D8508C54D882
:10DA9000518C55D8528C56D8538C57D8548C58D852
:10DAA000568C59D8578C5AD8588C5BD8598C5CD81E
:10DAB0005B8C5DD85C8C5ED85D8C5FD85E8C60D8EA
:10DAC0005F8C61D8608C62D8638C63D8648C64D8B6
:10DAD000658C65D8668C66D8678C67D8688C68D882
:10DAE000698C69D86C8C6AD86D8C6BD86E8C6CD84C
:10DAF0006F8C6DD8708C6ED8718C6FD8728C70D81A
:10DB0000748C71D8758C72D8768C73D8778C74D8E5
:10DB10007B8C75D87C8C76D87D8C77D87E8C78D8A9
:10DB20007F8C79D8808C7AD8818C7BD8838C7CD878
:10DB3000848C7DD8868C7ED8878C80D8888C81D840
:10DB40008B8C82D88D8C83D88E8C84D88F8C85D802
:10DB5000908C86D8918C87D8928C88D8938C89D8D1
:10DB6000958C8AD8968C8BD8978C8CD8998C8DD89C
:10DB70009A8C8ED89B8C8FD89C8C90D89D8C91D869
:10DB80009E8C92D89F8C93D8A08C94D8A18C95D839
:10DB9000A28C96D8A38C97D8A48C98D8A58C99D809
:10DBA000A68C9AD8A78C9BD8A88C9CD8A98C9DD8D9
:10DBB000AA8C9ED8AB8C9FD8AC8CA0D8AD8CA1D8A9
:10DBC0008D4EA2D80C4EA3D84051A4D8104EA5D843
:10DBD000FF5EA6D84553A7D8154EA8D8984EA9D809
:10DBE0001E4EAAD8329BABD86C5BACD86956ADD868
:10DBF000284EAED8BA79AFD83F4EB0D81553B1D869
:10DC0000474EB2D82D59B3D83B72B4D86E53B5D85D
:10DC1000106CB6D8DF56B7D8E480B8D89799B9D881
:10DC2000D36BBAD87E77BBD8179FBCD8364EBDD839
:10DC30009F4EBED8109FBFD85C4EC0D8694EC1D889
:10DC4000934EC2D88882C3D85B5BC4D86C55C5D804
:10DC50000F56C6D8C44EC7D88D53C8D89D53C9D8FF
:10DC6000A353CAD8A553CBD8AE53CCD86597CDD83B
:10DC70005D8DCED81A53CFD8F553D0D82653D1D8EE
:10DC80002E53D2D83E53D3D85C8DD4D86653D5D832
:10DC90006353D6D80252D7D80852D8D80E52D9D802
:10DCA0002D52DAD83352DBD83F52DCD84052DDD87F
:10DCB0004C52DED85E52DFD86152E0D85C52E1D8D7
:10DCC000AF84E2D87D52E3D88252E4D88152E5D8BD
:10DCD0009052E6D89352E7D88251E8D8547FE9D8D9
:10DCE000BB4EEAD8C34EEBD8C94EECD8C24EEDD8E5
:10DCF000E84EEED8E14EEFD8EB4EF0D8DE4EF1D83C
:10DD00001B4FF2D8F34EF3D8224FF4D8644FF5D816
:10DD1000F54EF6D8254FF7D8274FF8D8094FF9D840
:10DD20002B4FFAD85E4FFBD8674FFCD83865FDD82B
:10DD30005A4FFED85D4F40D9AE8C41D9AF8C42D9F5
:10DD4000B08C43D9B18C44D9B28C45D9B38C46D967
:10DD5000B48C47D9B58C48D9B68C49D9B78C4AD937
:10DD6000B88C4BD9B98C4CD9BA8C4DD9BB8C4ED907
:10DD7000BC8C4FD9BD8C50D9BE8C51D9BF8C52D9D7
:10DD8000C08C53D9C18C54D9C28C55D9C38C56D9A7
:10DD9000C48C57D9C58C58D9C68C59D9C78C5AD977
:10DDA000C88C5BD9C98C5CD9CA8C5DD9CB8C5ED947
:10DDB000CC8C5FD9CD8C60D9CE8C61D9CF8C62D917
:10DDC000D08C63D9D18C64D9D28C65D9D38C66D9E7
:10DDD000D48C67D9D58C68D9D68C69D9D78C6AD9B7
:10DDE000D88C6BD9D98C6CD9DA8C6DD9DB8C6ED987
:10DDF000DC8C6FD9DD8C70D9DE8C71D9DF8C72D957
:10DE0000E08C73D9E18C74D9E28C75D9E38C76D926
:10DE1000E48C77D9E58C78D9E68C79D9E78C7AD9F6
:10DE2000E88C7BD9E98C7CD9EA8C7DD9EB8C7ED9C6
:10DE3000EC8C80D9ED8C81D9EE8C82D9EF8C83D992
:10DE4000F08C84D9F18C85D9F28C86D9F38C87D962
:10DE5000F48C88D9F58C89D9F68C8AD9F78C8BD932
:10DE6000F88C8CD9F98C8DD9FA8C8ED9FB8C8FD902
:10DE7000FC8C90D9FD8C91D9FE8C92D9FF8C93D9D2
:10DE8000008D94D9018D95D9028D96D9038D97D99E
:10DE9000048D98D9058D99D9068D9AD9078D9BD96E
:10DEA000088D9CD9098D9DD90A8D9ED90B8D9FD93E
:10DEB0000C8DA0D90D8DA1D95F4FA2D9574FA3D9F1
:10DEC000324FA4D93D4FA5D9764FA6D9744FA7D9C3
:10DED000914FA8D9894FA9D9834FAAD98F4FABD9D0
:10DEE0007E4FACD97B4FADD9AA4FAED97C4FAFD9BD
:10DEF000AC4FB0D9944FB1D9E64FB2D9E84FB3D9AE
:10DF0000EA4FB4D9C54FB5D9DA4FB6D9E34FB7D92F
:10DF1000DC4FB8D9D14FB9D9DF4FBAD9F84FBBD9F7
:10DF20002950BCD94C50BDD9F34FBED92C50BFD9C4
:10DF30000F50C0D92E50C1D92D50C2D9FE4FC3D9D0
:10DF40001C50C4D90C50C5D92550C6D92850C7D9A2
:10DF50007E50C8D94350C9D95550CAD94850CBD999
:10DF60004E50CCD96C50CDD97B50CED9A550CFD9FD
:10DF7000A750D0D9A950D1D9BA50D2D9D650D3D9D7
:10DF80000651D4D9ED50D5D9EC50D6D9E650D7D9D1
:10DF9000EE50D8D90751D9D90B51DAD9DD4EDBD99A
:10DFA0003D6CDCD9584FDDD9654FDED9CE4FDFD976
:10DFB000A09FE0D9466CE1D9747CE2D96E51E3D9D7
:10DFC000FD5DE4D9C99EE5D99899E6D98151E7D993
:10DFD0001459E8D9F952E9D90D53EAD9078AEBD98E
:10DFE0001053ECD9EB51EDD91959EED95551EFD960
:10DFF000A04EF0D95651F1D9B34EF2D96E88F3D96B
:10E00000A488F4D9B54EF5D91481F6D9D288F7D9B8
:10E010008079F8D9345BF9D90388FAD9B87FFBD96C
:10E02000AB51FCD9B151FDD9BD51FED9BC5140DA3B
:10E030000E8D41DA0F8D42DA108D43DA118D44DAFC
:10E04000128D45DA138D46DA148D47DA158D48DACC
:10E05000168D49DA178D4ADA188D4BDA198D4CDA9C
:10E060001A8D4DDA1B8D4EDA1C8D4FDA208D50DA69
:10E07000518D51DA528D52DA578D53DA5F8D54DA61
:10E08000658D55DA688D56DA698D57DA6A8D58DAFA
:10E090006C8D59DA6E8D5ADA6F8D5BDA718D5CDAC0
:10E0A000728D5DDA788D5EDA798D5FDA7A8D60DA7D
:10E0B0007B8D61DA7C8D62DA7D8D63DA7E8D64DA48
:10E0C0007F8D65DA808D66DA828D67DA838D68DA16
:10E0D000868D69DA878D6ADA888D6BDA898D6CDADC
:10E0E0008C8D6DDA8D8D6EDA8E8D6FDA8F8D70DAA4
:10E0F000908D71DA928D72DA938D73DA958D74DA70
:10E10000968D75DA978D76DA988D77DA998D78DA3B
:10E110009A8D79DA9B8D7ADA9C8D7BDA9D8D7CDA0B
:10E120009E8D7DDAA08D7EDAA18D80DAA28D81DAD6
:10E13000A48D82DAA58D83DAA68D84DAA78D85DA9F
:10E14000A88D86DAA98D87DAAA8D88DAAB8D89DA6F
:10E15000AC8D8ADAAD8D8BDAAE8D8CDAAF8D8DDA3F
:10E16000B08D8EDAB28D8FDAB68D90DAB78D91DA06
:10E17000B98D92DABB8D93DABD8D94DAC08D95DAC4
:10E18000C18D96DAC28D97DAC58D98DAC78D99DA86
:10E19000C88D9ADAC98D9BDACA8D9CDACD8D9DDA4D
:10E1A000D08D9EDAD28D9FDAD38DA0DAD48DA1DA0C
:10E1B000C751A2DA9651A3DAA251A4DAA551A5DA81
:10E1C000A08BA6DAA68BA7DAA78BA8DAAA8BA9DA86
:10E1D000B48BAADAB58BABDAB78BACDAC28BADDA1B
:10E1E000C38BAEDACB8BAFDACF8BB0DACE8BB1DAB2
:10E1F000D28BB2DAD38BB3DAD48BB4DAD68BB5DA6E
:10E20000D88BB6DAD98BB7DADC8BB8DADF8BB9DA30
:10E21000E08BBADAE48BBBDAE88BBCDAE98BBDDAE7
:10E22000EE8BBEDAF08BBFDAF38BC0DAF68BC1DA95
:10E23000F98BC2DAFC8BC3DAFF8BC4DA008CC5DA47
:10E24000028CC6DA048CC7DA078CC8DA0C8CC9DAFF
:10E250000F8CCADA118CCBDA128CCCDA148CCDDAB2
:10E26000158CCEDA168CCFDA198CD0DA1B8CD1DA79
:10E27000188CD2DA1D8CD3DA1F8CD4DA208CD5DA44
:10E28000218CD6DA258CD7DA278CD8DA2A8CD9DA01
:10E290002B8CDADA2E8CDBDA2F8CDCDA328CDDDABE
:10E2A000338CDEDA358CDFDA368CE0DA6953E1DA8A
:10E2B0007A53E2DA1D96E3DA2296E4DA2196E5DA79
:10E2C0003196E6DA2A96E7DA3D96E8DA3C96E9DA1C
:10E2D0004296EADA4996EBDA5496ECDA5F96EDDA92
:10E2E0006796EEDA6C96EFDA7296F0DA7496F1DAF7
:10E2F0008896F2DA8D96F3DA9796F4DAB096F5DA34
:10E300009790F6DA9B90F7DA9D90F8DA9990F9DA1F
:10E31000AC90FADAA190FBDAB490FCDAB390FDDAB3
:10E32000B690FEDABA9040DBD58D41DBD88D42DB6A
:10E33000D98D43DBDC8D44DBE08D45DBE18D46DBB5
:10E34000E28D47DBE58D48DBE68D49DBE78D4ADB77
:10E35000E98D4BDBED8D4CDBEE8D4DDBF08D4EDB37
:10E36000F18D4FDBF28D50DBF48D51DBF68D52DBFE
:10E37000FC8D53DBFE8D54DBFF8D55DB008E56DBB1
:10E38000018E57DB028E58DB038E59DB048E5ADB7D
:10E39000068E5BDB078E5CDB088E5DDB0B8E5EDB47
:10E3A0000D8E5FDB0E8E60DB108E61DB118E62DB0B
:10E3B000128E63DB138E64DB158E65DB168E66DBD7
:10E3C000178E67DB188E68DB198E69DB1A8E6ADBA5
:10E3D0001B8E6BDB1C8E6CDB208E6DDB218E6EDB6F
:10E3E000248E6FDB258E70DB268E71DB278E72DB31
:10E3F000288E73DB2B8E74DB2D8E75DB308E76DBF7
:10E40000328E77DB338E78DB348E79DB368E7ADBB7
:10E41000378E7BDB388E7CDB3B8E7DDB3C8E7EDB80
:10E420003E8E80DB3F8E81DB438E82DB458E83DB3D
:10E43000468E84DB4C8E85DB4D8E86DB4E8E87DBF5
:10E440004F8E88DB508E89DB538E8ADB548E8BDBBC
:10E45000558E8CDB568E8DDB578E8EDB588E8FDB88
:10E460005A8E90DB5B8E91DB5C8E92DB5D8E93DB54
:10E470005E8E94DB5F8E95DB608E96DB618E97DB24
:10E48000628E98DB638E99DB648E9ADB658E9BDBF4
:10E49000678E9CDB688E9DDB6A8E9EDB6B8E9FDBBE
:10E4A0006E8EA0DB718EA1DBB890A2DBB090A3DBF7
:10E4B000CF90A4DBC590A5DBBE90A6DBD090A7DBF8
:10E4C000C490A8DBC790A9DBD390AADBE690ABDBB6
:10E4D000E290ACDBDC90ADDBD790AEDBDB90AFDB6A
:10E4E000EB90B0DBEF90B1DBFE90B2DB0491B3DBDD
:10E4F0002291B4DB1E91B5DB2391B6DB3191B7DB02
:10E500002F91B8DB3991B9DB4391BADB4691BBDB84
:10E510000D52BCDB4259BDDBA252BEDBAC52BFDBAD
:10E52000AD52C0DBBE52C1DBFF54C2DBD052C3DBF5
:10E53000D652C4DBF052C5DBDF53C6DBEE71C7DB5E
:10E54000CD77C8DBF45EC9DBF551CADBFC51CBDB10
:10E550002F9BCCDBB653CDDB015FCEDB5A75CFDB17
:10E56000EF5DD0DB4C57D1DBA957D2DBA157D3DB12
:10E570007E58D4DBBC58D5DBC558D6DBD158D7DBA9
:10E580002957D8DB2C57D9DB2A57DADB3357DBDBAB
:10E590003957DCDB2E57DDDB2F57DEDB5C57DFDB4B
:10E5A0003B57E0DB4257E1DB6957E2DB8557E3DBB2
:10E5B0006B57E4DB8657E5DB7C57E6DB7B57E7DB15
:10E5C0006857E8DB6D57E9DB7657EADB7357EBDB1F
:10E5D000AD57ECDBA457EDDB8C57EEDBB257EFDB2E
:10E5E000CF57F0DBA757F1DBB457F2DB9357F3DBE0
:10E5F000A057F4DBD557F5DBD857F6DBDA57F7DB56
:10E60000D957F8DBD257F9DBB857FADBF457FBDB05
:10E61000EF57FCDBF857FDDBE457FEDBDD5740DC52
:10E62000738E41DC758E42DC778E43DC788E44DC61
:10E63000798E45DC7A8E46DC7B8E47DC7D8E48DC2D
:10E640007E8E49DC808E4ADC828E4BDC838E4CDCF5
:10E65000848E4DDC868E4EDC888E4FDC898E50DCBD
:10E660008A8E51DC8B8E52DC8C8E53DC8D8E54DC8A
:10E670008E8E55DC918E56DC928E57DC938E58DC54
:10E68000958E59DC968E5ADC978E5BDC988E5CDC1E
:10E69000998E5DDC9A8E5EDC9B8E5FDC9D8E60DCED
:10E6A0009F8E61DCA08E62DCA18E63DCA28E64DCB6
:10E6B000A38E65DCA48E66DCA58E67DCA68E68DC86
:10E6C000A78E69DCA88E6ADCA98E6BDCAA8E6CDC56
:10E6D000AD8E6DDCAE8E6EDCB08E6FDCB18E70DC1C
:10E6E000B38E71DCB48E72DCB58E73DCB68E74DCE6
:10E6F000B78E75DCB88E76DCB98E77DCBB8E78DCB5
:10E70000BC8E79DCBD8E7ADCBE8E7BDCBF8E7CDC81
:10E71000C08E7DDCC18E7EDCC28E80DCC38E81DC4F
:10E72000C48E82DCC58E83DCC68E84DCC78E85DC1D
:10E73000C88E86DCC98E87DCCA8E88DCCB8E89DCED
:10E74000CC8E8ADCCD8E8BDCCF8E8CDCD08E8DDCBB
:10E75000D18E8EDCD28E8FDCD38E90DCD48E91DC89
:10E76000D58E92DCD68E93DCD78E94DCD88E95DC59
:10E77000D98E96DCDA8E97DCDB8E98DCDC8E99DC29
:10E78000DD8E9ADCDE8E9BDCDF8E9CDCE08E9DDCF9
:10E79000E18E9EDCE28E9FDCE38EA0DCE48EA1DCC9
:10E7A0000B58A2DC0D58A3DCFD57A4DCED57A5DC0B
:10E7B0000058A6DC1E58A7DC1958A8DC4458A9DC70
:10E7C0002058AADC6558ABDC6C58ACDC8158ADDC59
:10E7D0008958AEDC9A58AFDC8058B0DCA899B1DC1F
:10E7E000199FB2DCFF61B3DC7982B4DC7D82B5DCD9
:10E7F0007F82B6DC8F82B7DC8A82B8DCA882B9DC83
:10E800008482BADC8E82BBDC9182BCDC9782BDDC68
:10E810009982BEDCAB82BFDCB882C0DCBE82C1DCC8
:10E82000B082C2DCC882C3DCCA82C4DCE382C5DC3D
:10E830009882C6DCB782C7DCAE82C8DCCB82C9DC7A
:10E84000CC82CADCC182CBDCA982CCDCB482CDDC38
:10E85000A182CEDCAA82CFDC9F82D0DCC482D1DC54
:10E86000CE82D2DCA482D3DCE182D4DC0983D5DC85
:10E87000F782D6DCE482D7DC0F83D8DC0783D9DCCF
:10E88000DC82DADCF482DBDCD282DCDCD882DDDC28
:10E890000C83DEDCFB82DFDCD382E0DC1183E1DC95
:10E8A0001A83E2DC0683E3DC1483E4DC1583E5DC15
:10E8B000E082E6DCD582E7DC1C83E8DC5183E9DC1E
:10E8C0005B83EADC5C83EBDC0883ECDC9283EDDCCD
:10E8D0003C83EEDC3483EFDC3183F0DC9B83F1DCC2
:10E8E0005E83F2DC2F83F3DC4F83F4DC4783F5DCBB
:10E8F0004383F6DC5F83F7DC4083F8DC1783F9DCC5
:10E900006083FADC2D83FBDC3A83FCDC3383FDDCA3
:10E910006683FEDC658340DDE58E41DDE68E42DD0B
:10E92000E78E43DDE88E44DDE98E45DDEA8E46DD87
:10E93000EB8E47DDEC8E48DDED8E49DDEE8E4ADD57
:10E94000EF8E4BDDF08E4CDDF18E4DDDF28E4EDD27
:10E95000F38E4FDDF48E50DDF58E51DDF68E52DDF7
:10E96000F78E53DDF88E54DDF98E55DDFA8E56DDC7
:10E97000FB8E57DDFC8E58DDFD8E59DDFE8E5ADD97
:10E98000FF8E5BDD008F5CDD018F5DDD028F5EDD64
:10E99000038F5FDD048F60DD058F61DD068F62DD33
:10E9A000078F63DD088F64DD098F65DD0A8F66DD03
:10E9B0000B8F67DD0C8F68DD0D8F69DD0E8F6ADDD3
:10E9C0000F8F6BDD108F6CDD118F6DDD128F6EDDA3
:10E9D000138F6FDD148F70DD158F71DD168F72DD73
:10E9E000178F73DD188F74DD198F75DD1A8F76DD43
:10E9F0001B8F77DD1C8F78DD1D8F79DD1E8F7ADD13
:10EA00001F8F7BDD208F7CDD218F7DDD228F7EDDE2
:10EA1000238F80DD248F81DD258F82DD268F83DDAE
:10EA2000278F84DD288F85DD298F86DD2A8F87DD7E
:10EA30002B8F88DD2C8F89DD2D8F8ADD2E8F8BDD4E
:10EA40002F8F8CDD308F8DDD318F8EDD328F8FDD1E
:10EA5000338F90DD348F91DD358F92DD368F93DDEE
:10EA6000378F94DD388F95DD398F96DD3A8F97DDBE
:10EA70003B8F98DD3C8F99DD3D8F9ADD3E8F9BDD8E
:10EA80003F8F9CDD408F9DDD418F9EDD428F9FDD5E
:10EA9000438FA0DD448FA1DD6883A2DD1B83A3DD4E
:10EAA0006983A4DD6C83A5DD6A83A6DD6D83A7DDA4
:10EAB0006E83A8DDB083A9DD7883AADDB383ABDDE7
:10EAC000B483ACDDA083ADDDAA83AEDD9383AFDD7F
:10EAD0009C83B0DD8583B1DD7C83B2DDB683B3DD9D
:10EAE000A983B4DD7D83B5DDB883B6DD7B83B7DD77
:10EAF0009883B8DD9E83B9DDA883BADDBA83BBDD18
:10EB0000BC83BCDDC183BDDD0184BEDDE583BFDD2B
:10EB1000D883C0DD0758C1DD1884C2DD0B84C3DD96
:10EB2000DD83C4DDFD83C5DDD683C6DD1C84C7DD82
:10EB30003884C8DD1184C9DD0684CADDD483CBDD09
:10EB4000DF83CCDD0F84CDDD0384CEDDF883CFDD24
:10EB5000F983D0DDEA83D1DDC583D2DDC083D3DD87
:10EB60002684D4DDF083D5DDE183D6DD5C84D7DD7A
:10EB70005184D8DD5A84D9DD5984DADD7384DBDD34
:10EB80008784DCDD8884DDDD7A84DEDD8984DFDD79
:10EB90007884E0DD3C84E1DD4684E2DD6984E3DD08
:10EBA0007684E4DD8C84E5DD8E84E6DD3184E7DD8A
:10EBB0006D84E8DDC184E9DDCD84EADDD084EBDD60
:10EBC000E684ECDDBD84EDDDD384EEDDCA84EFDDCB
:10EBD000BF84F0DDBA84F1DDE084F2DDA184F3DDF1
:10EBE000B984F4DDB484F5DD9784F6DDE584F7DDE2
:10EBF000E384F8DD0C85F9DD0D75FADD3885FBDD84
:10EC0000F084FCDD3985FDDD1F85FEDD3A8540DEC3
:10EC1000458F41DE468F42DE478F43DE488F44DE1C
:10EC2000498F45DE4A8F46DE4B8F47DE4C8F48DEEC
:10EC30004D8F49DE4E8F4ADE4F8F4BDE508F4CDEBC
:10EC4000518F4DDE528F4EDE538F4FDE548F50DE8C
:10EC5000558F51DE568F52DE578F53DE588F54DE5C
:10EC6000598F55DE5A8F56DE5B8F57DE5C8F58DE2C
:10EC70005D8F59DE5E8F5ADE5F8F5BDE608F5CDEFC
:10EC8000618F5DDE628F5EDE638F5FDE648F60DECC
:10EC9000658F61DE6A8F62DE808F63DE8C8F64DE5B
:10ECA000928F65DE9D8F66DEA08F67DEA18F68DEA6
:10ECB000A28F69DEA48F6ADEA58F6BDEA68F6CDE65
:10ECC000A78F6DDEAA8F6EDEAC8F6FDEAD8F70DE2C
:10ECD000AE8F71DEAF8F72DEB28F73DEB38F74DEF4
:10ECE000B48F75DEB58F76DEB78F77DEB88F78DEBE
:10ECF000BA8F79DEBB8F7ADEBC8F7BDEBF8F7CDE86
:10ED0000C08F7DDEC38F7EDEC68F80DEC98F81DE41
:10ED1000CA8F82DECB8F83DECC8F84DECD8F85DE03
:10ED2000CF8F86DED28F87DED68F88DED78F89DEC3
:10ED3000DA8F8ADEE08F8BDEE18F8CDEE38F8DDE73
:10ED4000E78F8EDEEC8F8FDEEF8F90DEF18F91DE1E
:10ED5000F28F92DEF48F93DEF58F94DEF68F95DEE0
:10ED6000FA8F96DEFB8F97DEFC8F98DEFE8F99DEA2
:10ED7000FF8F9ADE07909BDE08909CDE0C909DDE54
:10ED80000E909EDE13909FDE1590A0DE1890A1DEFF
:10ED90005685A2DE3B85A3DEFF84A4DEFC84A5DECF
:10EDA0005985A6DE4885A7DE6885A8DE6485A9DECC
:10EDB0005E85AADE7A85ABDEA277ACDE4385ADDE6A
:10EDC0007285AEDE7B85AFDEA485B0DEA885B1DEC0
:10EDD0008785B2DE8F85B3DE7985B4DEAE85B5DE9C
:10EDE0009C85B6DE8585B7DEB985B8DEB785B9DE28
:10EDF000B085BADED385BBDEC185BCDEDC85BDDE79
:10EE0000FF85BEDE2786BFDE0586C0DE2986C1DE21
:10EE10001686C2DE3C86C3DEFE5EC4DE085FC5DE4B
:10EE20003C59C6DE4159C7DE3780C8DE5559C9DEB8
:10EE30005A59CADE5859CBDE0F53CCDE225CCDDEE8
:10EE4000255CCEDE2C5CCFDE345CD0DE4C62D1DEC5
:10EE50006A62D2DE9F62D3DEBB62D4DECA62D5DED6
:10EE6000DA62D6DED762D7DEEE62D8DE2263D9DE82
:10EE7000F662DADE3963DBDE4B63DCDE4363DDDE64
:10EE8000AD63DEDEF663DFDE7163E0DE7A63E1DE72
:10EE90008E63E2DEB463E3DE6D63E4DEAC63E5DE85
:10EEA0008A63E6DE6963E7DEAE63E8DEBC63E9DE63
:10EEB000F263EADEF863EBDEE063ECDEFF63EDDED7
:10EEC000C463EEDEDE63EFDECE63F0DE5264F1DEBD
:10EED000C663F2DEBE63F3DE4564F4DE4164F5DE54
:10EEE0000B64F6DE1B64F7DE2064F8DE0C64F9DEEA
:10EEF0002664FADE2164FBDE5E64FCDE8464FDDEF3
:10EF00006D64FEDE966440DF199041DF1C9042DFA5
:10EF1000239043DF249044DF259045DF279046DF90
:10EF2000289047DF299048DF2A9049DF2B904ADF5D
:10EF30002C904BDF30904CDF31904DDF32904EDF24
:10EF400033904FDF349050DF379051DF399052DFEC
:10EF50003A9053DF3D9054DF3F9055DF409056DFAD
:10EF6000439057DF459058DF469059DF48905ADF6D
:10EF700049905BDF4A905CDF4B905DDF4C905EDF39
:10EF80004E905FDF549060DF559061DF569062DFF6
:10EF9000599063DF5A9064DF5C9065DF5D9066DFB7
:10EFA0005E9067DF5F9068DF609069DF61906ADF85
:10EFB00064906BDF66906CDF67906DDF69906EDF49
:10EFC0006A906FDF6B9070DF6C9071DF6F9072DF13
:10EFD000709073DF719074DF729075DF739076DFDD
:10EFE000769077DF779078DF789079DF79907ADFA5
:10EFF0007A907BDF7B907CDF7C907DDF7E907EDF74
:10F00000819080DF849081DF859082DF869083DF2E
:10F01000879084DF899085DF8A9086DF8C9087DFF8
:10F020008D9088DF8E9089DF8F908ADF90908BDFC4
:10F0300092908CDF94908DDF96908EDF98908FDF8A
:10F040009A9090DF9C9091DF9E9092DF9F9093DF4B
:10F05000A09094DFA49095DFA59096DFA79097DF0E
:10F06000A89098DFA99099DFAB909ADFAD909BDFD5
:10F07000B2909CDFB7909DDFBC909EDFBD909FDF7C
:10F08000BF90A0DFC090A1DF7A64A2DFB764A3DFE6
:10F09000B864A4DF9964A5DFBA64A6DFC064A7DF03
:10F0A000D064A8DFD764A9DFE464AADFE264ABDF41
:10F0B0000965ACDF2565ADDF2E65AEDF0B5FAFDF29
:10F0C000D25FB0DF1975B1DF115FB2DF5F53B3DF1D
:10F0D000F153B4DFFD53B5DFE953B6DFE853B7DFD3
:10F0E000FB53B8DF1254B9DF1654BADF0654BBDF46
:10F0F0004B54BCDF5254BDDF5354BEDF5454BFDF0A
:10F100005654C0DF4354C1DF2154C2DF5754C3DF1C
:10F110005954C4DF2354C5DF3254C6DF8254C7DFDD
:10F120009454C8DF7754C9DF7154CADF6454CBDF0D
:10F130009A54CCDF9B54CDDF8454CEDF7654CFDF9E
:10F140006654D0DF9D54D1DFD054D2DFAD54D3DF2D
:10F15000C254D4DFB454D5DFD254D6DFA754D7DF9E
:10F16000A654D8DFD354D9DFD454DADF7254DBDFAE
:10F17000A354DCDFD554DDDFBB54DEDFBF54DFDF5B
:10F18000CC54E0DFD954E1DFDA54E2DFDC54E3DFD2
:10F19000A954E4DFAA54E5DFA454E6DFDD54E7DF39
:10F1A000CF54E8DFDE54E9DF1B55EADFE754EBDF3D
:10F1B0002055ECDFFD54EDDF1455EEDFF354EFDFA7
:10F1C0002255F0DF2355F1DF0F55F2DF1155F3DF44
:10F1D0002755F4DF2A55F5DF6755F6DF8F55F7DF42
:10F1E000B555F8DF4955F9DF6D55FADF4155FBDFBD
:10F1F0005555FCDF3F55FDDF5055FEDF3C5540E0E7
:10F20000C29041E0C39042E0C69043E0C89044E021
:10F21000C99045E0CB9046E0CC9047E0CD9048E0E7
:10F22000D29049E0D4904AE0D5904BE0D6904CE0A3
:10F23000D8904DE0D9904EE0DA904FE0DE9050E06B
:10F24000DF9051E0E09052E0E39053E0E49054E02E
:10F25000E59055E0E99056E0EA9057E0EC9058E0F0
:10F26000EE9059E0F0905AE0F1905BE0F2905CE0B3
:10F27000F3905DE0F5905EE0F6905FE0F79060E07F
:10F28000F99061E0FA9062E0FB9063E0FC9064E04A
:10F29000FF9065E0009166E0019167E0039168E00E
:10F2A000059169E006916AE007916BE008916CE0D6
:10F2B00009916DE00A916EE00B916FE00C9170E0A6
:10F2C0000D9171E00E9172E00F9173E0109174E076
:10F2D000119175E0129176E0139177E0149178E046
:10F2E000159179E016917AE017917BE018917CE016
:10F2F0001A917DE01B917EE01C9180E01D9181E0E0
:10F300001F9182E0209183E0219184E0249185E0A7
:10F31000259186E0269187E0279188E0289189E071
:10F3200029918AE02A918BE02B918CE02C918DE041
:10F330002D918EE02E918FE0309190E0329191E00E
:10F34000339192E0349193E0359194E0369195E0D9
:10F35000379196E0389197E03A9198E03B9199E0A7
:10F360003C919AE03D919BE03E919CE03F919DE075
:10F3700040919EE041919FE04291A0E04491A1E044
:10F380003755A2E05655A3E07555A4E07655A5E0A3
:10F390007755A6E03355A7E03055A8E05C55A9E0C5
:10F3A0008B55AAE0D255ABE08355ACE0B155ADE04A
:10F3B000B955AEE08855AFE08155B0E09F55B1E05A
:10F3C0007E55B2E0D655B3E09155B4E07B55B5E03B
:10F3D000DF55B6E0BD55B7E0BE55B8E09455B9E08D
:10F3E0009955BAE0EA55BBE0F755BCE0C955BDE018
:10F3F0001F56BEE0D155BFE0EB55C0E0EC55C1E073
:10F40000D455C2E0E655C3E0DD55C4E0C455C5E0BF
:10F41000EF55C6E0E555C7E0F255C8E0F355C9E041
:10F42000CC55CAE0CD55CBE0E855CCE0F555CDE064
:10F43000E455CEE0948FCFE01E56D0E00856D1E0E0
:10F440000C56D2E00156D3E02456D4E02356D5E042
:10F45000FE55D6E00056D7E02756D8E02D56D9E025
:10F460005856DAE03956DBE05756DCE02C56DDE042
:10F470004D56DEE06256DFE05956E0E05C56E1E0D2
:10F480004C56E2E05456E3E08656E4E06456E5E08C
:10F490007156E6E06B56E7E07B56E8E07C56E9E023
:10F4A0008556EAE09356EBE0AF56ECE0D456EDE03B
:10F4B000D756EEE0DD56EFE0E156F0E0F556F1E02C
:10F4C000EB56F2E0F956F3E0FF56F4E00457F5E0AE
:10F4D0000A57F6E00957F7E01C57F8E00F5EF9E02D
:10F4E000195EFAE0145EFBE0115EFCE0315EFDE0C7
:10F4F0003B5EFEE03C5E40E1459141E1479142E1E7
:10F50000489143E1519144E1539145E1549146E1E1
:10F51000559147E1569148E1589149E159914AE1A5
:10F520005B914BE15C914CE15F914DE160914EE16B
:10F5300066914FE1679150E1689151E16B9152E121
:10F540006D9153E1739154E17A9155E17B9156E1CC
:10F550007C9157E1809158E1819159E182915AE182
:10F5600083915BE184915CE186915DE188915EE14C
:10F570008A915FE18E9160E18F9161E1939162E107
:10F58000949163E1959164E1969165E1979166E1CB
:10F59000989167E1999168E19C9169E19D916AE197
:10F5A0009E916BE19F916CE1A0916DE1A1916EE163
:10F5B000A4916FE1A59170E1A69171E1A79172E12B
:10F5C000A89173E1A99174E1AB9175E1AC9176E1F9
:10F5D000B09177E1B19178E1B29179E1B3917AE1BB
:10F5E000B6917BE1B7917CE1B8917DE1B9917EE183
:10F5F000BB9180E1BC9181E1BD9182E1BE9183E14B
:10F60000BF9184E1C09185E1C19186E1C29187E11A
:10F61000C39188E1C49189E1C5918AE1C6918BE1EA
:10F62000C8918CE1CB918DE1D0918EE1D2918FE1A7
:10F63000D39190E1D49191E1D59192E1D69193E16A
:10F64000D79194E1D89195E1D99196E1DA9197E13A
:10F65000DB9198E1DD9199E1DE919AE1DF919BE107
:10F66000E0919CE1E1919DE1E2919EE1E3919FE1D6
:10F67000E491A0E1E591A1E1375EA2E1445EA3E15E
:10F68000545EA4E15B5EA5E15E5EA6E1615EA7E17A
:10F690008C5CA8E17A5CA9E18D5CAAE1905CABE1AD
:10F6A000965CACE1885CADE1985CAEE1995CAFE161
:10F6B000915CB0E19A5CB1E19C5CB2E1B55CB3E114
:10F6C000A25CB4E1BD5CB5E1AC5CB6E1AB5CB7E1BA
:10F6D000B15CB8E1A35CB9E1C15CBAE1B75CBBE184
:10F6E000C45CBCE1D25CBDE1E45CBEE1CB5CBFE1EB
:10F6F000E55CC0E1025DC1E1035DC2E1275DC3E1FC
:10F70000265DC4E12E5DC5E1245DC6E11E5DC7E155
:10F71000065DC8E11B5DC9E1585DCAE13E5DCBE114
:10F72000345DCCE13D5DCDE16C5DCEE15B5DCFE173
:10F730006F5DD0E15D5DD1E16B5DD2E14B5DD3E109
:10F740004A5DD4E1695DD5E1745DD6E1825DD7E1C2
:10F75000995DD8E19D5DD9E1738CDAE1B75DDBE1BC
:10F76000C55DDCE1735FDDE1775FDEE1825FDFE1F4
:10F77000875FE0E1895FE1E18C5FE2E1955FE3E1D2
:10F78000995FE4E19C5FE5E1A85FE6E1AD5FE7E159
:10F79000B55FE8E1BC5FE9E16288EAE1615FEBE166
:10F7A000AD72ECE1B072EDE1B472EEE1B772EFE18F
:10F7B000B872F0E1C372F1E1C172F2E1CE72F3E12D
:10F7C000CD72F4E1D272F5E1E872F6E1EF72F7E1A1
:10F7D000E972F8E1F272F9E1F472FAE1F772FBE131
:10F7E0000173FCE1F372FDE10373FEE1FA7240E2A2
:10F7F000E69141E2E79142E2E89143E2E99144E295
:10F80000EA9145E2EB9146E2EC9147E2ED9148E264
:10F81000EE9149E2EF914AE2F0914BE2F1914CE234
:10F82000F2914DE2F3914EE2F4914FE2F59150E204
:10F83000F69151E2F79152E2F89153E2F99154E2D4
:10F84000FA9155E2FB9156E2FC9157E2FD9158E2A4
:10F85000FE9159E2FF915AE200925BE201925CE272
:10F8600002925DE203925EE204925FE2059260E240
:10F87000069261E2079262E2089263E2099264E210
:10F880000A9265E20B9266E20C9267E20D9268E2E0
:10F890000E9269E20F926AE210926BE211926CE2B0
:10F8A00012926DE213926EE214926FE2159270E280
:10F8B000169271E2179272E2189273E2199274E250
:10F8C0001A9275E21B9276E21C9277E21D9278E220
:10F8D0001E9279E21F927AE220927BE221927CE2F0
:10F8E00022927DE223927EE2249280E2259281E2BE
:10F8F000269282E2279283E2289284E2299285E28C
:10F900002A9286E22B9287E22C9288E22D9289E25B
:10F910002E928AE22F928BE230928CE231928DE22B
:10F9200032928EE233928FE2349290E2359291E2FB
:10F93000369292E2379293E2389294E2399295E2CB
:10F940003A9296E23B9297E23C9298E23D9299E29B
:10F950003E929AE23F929BE240929CE241929DE26B
:10F9600042929EE243929FE24492A0E24592A1E23B
:10F97000FB72A2E21773A3E21373A4E22173A5E260
:10F980000A73A6E21E73A7E21D73A8E21573A9E22B
:10F990002273AAE23973ABE22573ACE22C73ADE2B9
:10F9A0003873AEE23173AFE25073B0E24D73B1E23F
:10F9B0005773B2E26073B3E26C73B4E26F73B5E293
:10F9C0007E73B6E21B82B7E22559B8E2E798B9E246
:10F9D0002459BAE20259BBE26399BCE26799BDE2DD
:10F9E0006899BEE26999BFE26A99C0E26B99C1E287
:10F9F0006C99C2E27499C3E27799C4E27D99C5E239
:10FA00008099C6E28499C7E28799C8E28A99C9E2D7
:10FA10008D99CAE29099CBE29199CCE29399CDE28B
:10FA20009499CEE29599CFE2805ED0E2915ED1E2E8
:10FA30008B5ED2E2965ED3E2A55ED4E2A05ED5E212
:10FA4000B95ED6E2B55ED7E2BE5ED8E2B35ED9E279
:10FA5000538DDAE2D25EDBE2D15EDCE2DB5EDDE238
:10FA6000E85EDEE2EA5EDFE2BA81E0E2C45FE1E2A4
:10FA7000C95FE2E2D65FE3E2CF5FE4E20360E5E282
:10FA8000EE5FE6E20460E7E2E15FE8E2E45FE9E21C
:10FA9000FE5FEAE20560EBE20660ECE2EA5FEDE2BF
:10FAA000ED5FEEE2F85FEFE21960F0E23560F1E25F
:10FAB0002660F2E21B60F3E20F60F4E20D60F5E213
:10FAC0002960F6E22B60F7E20A60F8E23F60F9E2B3
:10FAD0002160FAE27860FBE27960FCE27B60FDE2A3
:10FAE0007A60FEE2426040E3469241E3479242E39D
:10FAF000489243E3499244E34A9245E34B9246E3FA
:10FB00004C9247E34D9248E34E9249E34F924AE3C9
:10FB100050924BE351924CE352924DE353924EE399
:10FB200054924FE3559250E3569251E3579252E369
:10FB3000589253E3599254E35A9255E35B9256E339
:10FB40005C9257E35D9258E35E9259E35F925AE309
:10FB500060925BE361925CE362925DE363925EE3D9
:10FB600064925FE3659260E3669261E3679262E3A9
:10FB7000689263E3699264E36A9265E36B9266E379
:10FB80006C9267E36D9268E36E9269E36F926AE349
:10FB900070926BE371926CE372926DE373926EE319
:10FBA00075926FE3769270E3779271E3789272E3E5
:10FBB000799273E37A9274E37B9275E37C9276E3B5
:10FBC0007D9277E37E9278E37F9279E380927AE385
:10FBD00081927BE382927CE383927DE384927EE355
:10FBE000859280E3869281E3879282E3889283E321
:10FBF000899284E38A9285E38B9286E38C9287E3F1
:10FC00008D9288E38F9289E390928AE391928BE3BD
:10FC100092928CE393928DE394928EE395928FE38C
:10FC2000969290E3979291E3989292E3999293E35C
:10FC30009A9294E39B9295E39C9296E39D9297E32C
:10FC40009E9298E39F9299E3A0929AE3A1929BE3FC
:10FC5000A2929CE3A3929DE3A4929EE3A5929FE3CC
:10FC6000A692A0E3A792A1E36A60A2E37D60A3E36A
:10FC70009660A4E39A60A5E3AD60A6E39D60A7E368
:10FC80008360A8E39260A9E38C60AAE39B60ABE386
:10FC9000EC60ACE3BB60ADE3B160AEE3DD60AFE36D
:10FCA000D860B0E3C660B1E3DA60B2E3B460B3E356
:10FCB0002061B4E32661B5E31561B6E32361B7E3E0
:10FCC000F460B8E30061B9E30E61BAE32B61BBE312
:10FCD0004A61BCE37561BDE3AC61BEE39461BFE31F
:10FCE000A761C0E3B761C1E3D461C2E3F561C3E3D7
:10FCF000DD5FC4E3B396C5E3E995C6E3EB95C7E3DF
:10FD0000F195C8E3F395C9E3F595CAE3F695CBE31E
:10FD1000FC95CCE3FE95CDE30396CEE30496CFE3CA
:10FD20000696D0E30896D1E30A96D2E30B96D3E386
:10FD30000C96D4E30D96D5E30F96D6E31296D7E34F
:10FD40001596D8E31696D9E31796DAE31996DBE30E
:10FD50001A96DCE32C4EDDE33F72DEE31562DFE34F
:10FD6000356CE0E3546CE1E35C6CE2E34A6CE3E3A2
:10FD7000A36CE4E3856CE5E3906CE6E3946CE7E365
:10FD80008C6CE8E3686CE9E3696CEAE3746CEBE3C0
:10FD9000766CECE3866CEDE3A96CEEE3D06CEFE3FC
:10FDA000D46CF0E3AD6CF1E3F76CF2E3F86CF3E3E1
:10FDB000F16CF4E3D76CF5E3B26CF6E3E06CF7E3D7
:10FDC000D66CF8E3FA6CF9E3EB6CFAE3EE6CFBE368
:10FDD000B16CFCE3D36CFDE3EF6CFEE3FE6C40E43E
:10FDE000A89241E4A99242E4AA9243E4AB9244E48B
:10FDF000AC9245E4AD9246E4AF9247E4B09248E459
:10FE0000B19249E4B2924AE4B3924BE4B4924CE426
:10FE1000B5924DE4B6924EE4B7924FE4B89250E4F6
:10FE2000B99251E4BA9252E4BB9253E4BC9254E4C6
:10FE3000BD9255E4BE9256E4BF9257E4C09258E496
:10FE4000C19259E4C2925AE4C3925BE4C4925CE466
:10FE5000C5925DE4C6925EE4C7925FE4C99260E435
:10FE6000CA9261E4CB9262E4CC9263E4CD9264E402
:10FE7000CE9265E4CF9266E4D09267E4D19268E4D2
:10FE8000D29269E4D3926AE4D4926BE4D5926CE4A2
:10FE9000D6926DE4D7926EE4D8926FE4D99270E472
:10FEA000DA9271E4DB9272E4DC9273E4DD9274E442
:10FEB000DE9275E4DF9276E4E09277E4E19278E412
:10FEC000E29279E4E3927AE4E4927BE4E5927CE4E2
:10FED000E6927DE4E7927EE4E89280E4E99281E4B0
:10FEE000EA9282E4EB9283E4EC9284E4ED9285E47E
:10FEF000EE9286E4EF9287E4F09288E4F19289E44E
:10FF0000F2928AE4F3928BE4F4928CE4F5928DE41D
:10FF1000F6928EE4F7928FE4F89290E4F99291E4ED
:10FF2000FA9292E4FB9293E4FC9294E4FD9295E4BD
:10FF3000FE9296E4FF9297E4009398E4019399E48B
:10FF400002939AE403939BE404939CE405939DE459
:10FF500006939EE407939FE40893A0E40993A1E429
:10FF6000396DA2E4276DA3E40C6DA4E4436DA5E410
:10FF7000486DA6E4076DA7E4046DA8E4196DA9E433
:10FF80000E6DAAE42B6DABE44D6DACE42E6DADE4CB
:10FF9000356DAEE41A6DAFE44F6DB0E4526DB1E46F
:10FFA000546DB2E4336DB3E4916DB4E46F6DB5E4B8
:10FFB0009E6DB6E4A06DB7E45E6DB8E4936DB9E4F0
:10FFC000946DBAE45C6DBBE4606DBCE47C6DBDE433
:10FFD000636DBEE41A6EBFE4C76DC0E4C56DC1E4D5
:10FFE000DE6DC2E40E6EC3E4BF6DC4E4E06DC5E433
:10FFF000116EC6E4E66DC7E4DD6DC8E4D96DC9E4F1
:020000040803EF
:10000000166ECAE4AB6DCBE40C6ECCE4AE6DCDE401
:100010002B6ECEE46E6ECFE44E6ED0E46B6ED1E408
:10002000B26ED2E45F6ED3E4866ED4E4536ED5E450
:10003000546ED6E4326ED7E4256ED8E4446ED9E42B
:10004000DF6EDAE4B16EDBE4986EDCE4E06EDDE4F2
:100050002D6FDEE4E26EDFE4A56EE0E4A76EE1E47E
:10006000BD6EE2E4BB6EE3E4B76EE4E4D76EE5E4B4
:10007000B46EE6E4CF6EE7E48F6EE8E4C26EE9E4C6
:100080009F6EEAE4626FEBE4466FECE4476FEDE4E9
:10009000246FEEE4156FEFE4F96EF0E42F6FF1E4F6
:1000A000366FF2E44B6FF3E4746FF4E42A6FF5E417
:1000B000096FF6E4296FF7E4896FF8E48D6FF9E4CE
:1000C0008C6FFAE4786FFBE4726FFCE47C6FFDE404
:1000D0007A6FFEE4D16F40E50A9341E50B9342E568
:1000E0000C9343E50D9344E50E9345E50F9346E5E8
:1000F000109347E5119348E5129349E513934AE5B8
:1001000014934BE515934CE516934DE517934EE587
:1001100018934FE5199350E51A9351E51B9352E557
:100120001C9353E51D9354E51E9355E51F9356E527
:10013000209357E5219358E5229359E523935AE5F7
:1001400024935BE525935CE526935DE527935EE5C7
:1001500028935FE5299360E52A9361E52B9362E597
:100160002C9363E52D9364E52E9365E52F9366E567
:10017000309367E5319368E5329369E533936AE537
:1001800034936BE535936CE536936DE537936EE507
:1001900038936FE5399370E53A9371E53B9372E5D7
:1001A0003C9373E53D9374E53F9375E5409376E5A5
:1001B000419377E5429378E5439379E544937AE573
:1001C00045937BE546937CE547937DE548937EE543
:1001D000499380E54A9381E54B9382E54C9383E50F
:1001E0004D9384E54E9385E54F9386E5509387E5DF
:1001F000519388E5529389E553938AE554938BE5AF
:1002000055938CE556938DE557938EE558938FE57E
:10021000599390E55A9391E55B9392E55C9393E54E
:100220005D9394E55E9395E55F9396E5609397E51E
:10023000619398E5629399E563939AE564939BE5EE
:1002400065939CE566939DE567939EE568939FE5BE
:100250006993A0E56B93A1E5C96FA2E5A76FA3E53C
:10026000B96FA4E5B66FA5E5C26FA6E5E16FA7E596
:10027000EE6FA8E5DE6FA9E5E06FAAE5EF6FABE5ED
:100280001A70ACE52370ADE51B70AEE53970AFE5D3
:100290003570B0E54F70B1E55E70B2E5805BB3E5F7
:1002A000845BB4E5955BB5E5935BB6E5A55BB7E527
:1002B000B85BB8E52F75B9E59E9ABAE53464BBE53D
:1002C000E45BBCE5EE5BBDE53089BEE5F05BBFE518
:1002D000478EC0E5078BC1E5B68FC2E5D38FC3E576
:1002E000D58FC4E5E58FC5E5EE8FC6E5E48FC7E59C
:1002F000E98FC8E5E68FC9E5F38FCAE5E88FCBE55E
:100300000590CCE50490CDE50B90CEE52690CFE5A9
:100310001190D0E50D90D1E51690D2E52190D3E56E
:100320003590D4E53690D5E52D90D6E52F90D7E5DC
:100330004490D8E55190D9E55290DAE55090DBE54C
:100340006890DCE55890DDE56290DEE55B90DFE5E6
:10035000B966E0E57490E1E57D90E2E58290E3E541
:100360008890E4E58390E5E58B90E6E5505FE7E56E
:10037000575FE8E5565FE9E5585FEAE53B5CEBE58A
:10038000AB54ECE5505CEDE5595CEEE5715BEFE5F7
:10039000635CF0E5665CF1E5BC7FF2E52A5FF3E5BE
:1003A000295FF4E52D5FF5E57482F6E53C5FF7E53E
:1003B0003B9BF8E56E5CF9E58159FAE58359FBE56D
:1003C0008D59FCE5A959FDE5AA59FEE5A35940E67A
:1003D0006C9341E66D9342E66E9343E66F9344E679
:1003E000709345E6719346E6729347E6739348E649
:1003F000749349E675934AE676934BE677934CE619
:1004000078934DE679934EE67A934FE67B9350E6E8
:100410007C9351E67D9352E67E9353E67F9354E6B8
:10042000809355E6819356E6829357E6839358E688
:10043000849359E685935AE686935BE687935CE658
:1004400088935DE689935EE68A935FE68B9360E628
:100450008C9361E68D9362E68E9363E6909364E6F7
:10046000919365E6929366E6939367E6949368E6C4
:10047000959369E696936AE697936BE698936CE694
:1004800099936DE69A936EE69B936FE69C9370E664
:100490009D9371E69E9372E69F9373E6A09374E634
:1004A000A19375E6A29376E6A39377E6A49378E604
:1004B000A59379E6A6937AE6A7937BE6A8937CE6D4
:1004C000A9937DE6AA937EE6AB9380E6AC9381E6A2
:1004D000AD9382E6AE9383E6AF9384E6B09385E670
:1004E000B19386E6B29387E6B39388E6B49389E640
:1004F000B5938AE6B6938BE6B7938CE6B8938DE610
:10050000B9938EE6BA938FE6BB9390E6BC9391E6DF
:10051000BD9392E6BE9393E6BF9394E6C09395E6AF
:10052000C19396E6C29397E6C39398E6C49399E67F
:10053000C5939AE6C6939BE6C7939CE6C8939DE64F
:10054000C9939EE6CB939FE6CC93A0E6CD93A1E61C
:100550009759A2E6CA59A3E6AB59A4E69E59A5E667
:10056000A459A6E6D259A7E6B259A8E6AF59A9E61A
:10057000D759AAE6BE59ABE6055AACE6065AADE62F
:10058000DD59AEE6085AAFE6E359B0E6D859B1E610
:10059000F959B2E60C5AB3E6095AB4E6325AB5E64E
:1005A000345AB6E6115AB7E6235AB8E6135AB9E6F2
:1005B000405ABAE6675ABBE64A5ABCE6555ABDE607
:1005C0003C5ABEE6625ABFE6755AC0E6EC80C1E608
:1005D000AA5AC2E69B5AC3E6775AC4E67A5AC5E6D7
:1005E000BE5AC6E6EB5AC7E6B25AC8E6D25AC9E6C0
:1005F000D45ACAE6B85ACBE6E05ACCE6E35ACDE67E
:10060000F15ACEE6D65ACFE6E65AD0E6D85AD1E627
:10061000DC5AD2E6095BD3E6175BD4E6165BD5E677
:10062000325BD6E6375BD7E6405BD8E6155CD9E6A9
:100630001C5CDAE65A5BDBE6655BDCE6735BDDE6F9
:10064000515BDEE6535BDFE6625BE0E6759AE1E66E
:10065000779AE2E6789AE3E67A9AE4E67F9AE5E624
:100660007D9AE6E6809AE7E6819AE8E6859AE9E6E9
:10067000889AEAE68A9AEBE6909AECE6929AEDE698
:10068000939AEEE6969AEFE6989AF0E69B9AF1E650
:100690009C9AF2E69D9AF3E69F9AF4E6A09AF5E614
:1006A000A29AF6E6A39AF7E6A59AF8E6A79AF9E6DB
:1006B0009F7EFAE6A17EFBE6A37EFCE6A57EFDE634
:1006C000A87EFEE6A97E40E7CE9341E7CF9342E7BE
:1006D000D09343E7D19344E7D29345E7D39346E7DA
:1006E000D49347E7D59348E7D79349E7D8934AE7A8
:1006F000D9934BE7DA934CE7DB934DE7DC934EE776
:10070000DD934FE7DE9350E7DF9351E7E09352E745
:10071000E19353E7E29354E7E39355E7E49356E715
:10072000E59357E7E69358E7E79359E7E8935AE7E5
:10073000E9935BE7EA935CE7EB935DE7EC935EE7B5
:10074000ED935FE7EE9360E7EF9361E7F09362E785
:10075000F19363E7F29364E7F39365E7F49366E755
:10076000F59367E7F69368E7F79369E7F8936AE725
:10077000F9936BE7FA936CE7FB936DE7FC936EE7F5
:10078000FD936FE7FE9370E7FF9371E7009472E7C4
:10079000019473E7029474E7039475E7049476E791
:1007A000059477E7069478E7079479E708947AE761
:1007B00009947BE70A947CE70B947DE70C947EE731
:1007C0000D9480E70E9481E70F9482E7109483E7FD
:1007D000119484E7129485E7139486E7149487E7CD
:1007E000159488E7169489E717948AE718948BE79D
:1007F00019948CE71A948DE71B948EE71C948FE76D
:100800001D9490E71E9491E71F9492E7209493E73C
:10081000219494E7229495E7239496E7249497E70C
:10082000259498E7269499E727949AE728949BE7DC
:1008300029949CE72A949DE72B949EE72C949FE7AC
:100840002D94A0E72E94A1E7AD7EA2E7B07EA3E7AA
:10085000BE7EA4E7C07EA5E7C17EA6E7C27EA7E76D
:10086000C97EA8E7CB7EA9E7CC7EAAE7D07EABE71E
:10087000D47EACE7D77EADE7DB7EAEE7E07EAFE7C8
:10088000E17EB0E7E87EB1E7EB7EB2E7EE7EB3E76C
:10089000EF7EB4E7F17EB5E7F27EB6E70D7FB7E70E
:1008A000F67EB8E7FA7EB9E7FB7EBAE7FE7EBBE7E5
:1008B000017FBCE7027FBDE7037FBEE7077FBFE79D
:1008C000087FC0E70B7FC1E70C7FC2E70F7FC3E75C
:1008D000117FC4E7127FC5E7177FC6E7197FC7E717
:1008E0001C7FC8E71B7FC9E71F7FCAE7217FCBE7D3
:1008F000227FCCE7237FCDE7247FCEE7257FCFE79C
:10090000267FD0E7277FD1E72A7FD2E72B7FD3E767
:100910002C7FD4E72D7FD5E72F7FD6E7307FD7E731
:10092000317FD8E7327FD9E7337FDAE7357FDBE7FE
:100930007A5EDCE77F75DDE7DB5DDEE73E75DFE7EE
:100940009590E0E78E73E1E79173E2E7AE73E3E73A
:10095000A273E4E79F73E5E7CF73E6E7C273E7E7C7
:10096000D173E8E7B773E9E7B373EAE7C073EBE77E
:10097000C973ECE7C873EDE7E573EEE7D973EFE70A
:100980007C98F0E70A74F1E7E973F2E7E773F3E7BD
:10099000DE73F4E7BA73F5E7F273F6E70F74F7E77F
:1009A0002A74F8E75B74F9E72674FAE72574FBE725
:1009B0002874FCE73074FDE72E74FEE72C7440E8E1
:1009C0002F9441E8309442E8319443E8329444E86B
:1009D000339445E8349446E8359447E8369448E83B
:1009E000379449E838944AE839944BE83A944CE80B
:1009F0003B944DE83C944EE83D944FE83F9450E8DA
:100A0000409451E8419452E8429453E8439454E8A6
:100A1000449455E8459456E8469457E8479458E876
:100A2000489459E849945AE84A945BE84B945CE846
:100A30004C945DE84D945EE84E945FE84F9460E816
:100A4000509461E8519462E8529463E8539464E8E6
:100A5000549465E8559466E8569467E8579468E8B6
:100A6000589469E859946AE85A946BE85B946CE886
:100A70005C946DE85D946EE85E946FE85F9470E856
:100A8000609471E8619472E8629473E8639474E826
:100A9000649475E8659476E8669477E8679478E8F6
:100AA000689479E869947AE86A947BE86C947CE8C5
:100AB0006D947DE86E947EE86F9480E8709481E890
:100AC000719482E8729483E8739484E8749485E85E
:100AD000759486E8769487E8779488E8789489E82E
:100AE00079948AE87A948BE87B948CE87C948DE8FE
:100AF0007D948EE87E948FE87F9490E8809491E8CE
:100B0000819492E8829493E8839494E8849495E89D
:100B1000919496E8969497E8989498E8C79499E801
:100B2000CF949AE8D3949BE8D4949CE8DA949DE817
:100B3000E6949EE8FB949FE81C95A0E82095A1E828
:100B40001B74A2E81A74A3E84174A4E85C74A5E8D5
:100B50005774A6E85574A7E85974A8E87774A9E80B
:100B60006D74AAE87E74ABE89C74ACE88E74ADE852
:100B70008074AEE88174AFE88774B0E88B74B1E834
:100B80009E74B2E8A874B3E8A974B4E89074B5E8A8
:100B9000A774B6E8D274B7E8BA74B8E8EA97B9E8C7
:100BA000EB97BAE8EC97BBE84C67BCE85367BDE845
:100BB0005E67BEE84867BFE86967C0E8A567C1E847
:100BC0008767C2E86A67C3E87367C4E89867C5E8DF
:100BD000A767C6E87567C7E8A867C8E89E67C9E859
:100BE000AD67CAE88B67CBE87767CCE87C67CDE870
:100BF000F067CEE80968CFE8D867D0E80A68D1E89E
:100C0000E967D2E8B067D3E80C68D4E8D967D5E8DB
:100C1000B567D6E8DA67D7E8B367D8E8DD67D9E81B
:100C20000068DAE8C367DBE8B867DCE8E267DDE8BC
:100C30000E68DEE8C167DFE8FD67E0E83268E1E8FA
:100C40003368E2E86068E3E86168E4E84E68E5E894
:100C50006268E6E84468E7E86468E8E88368E9E829
:100C60001D68EAE85568EBE86668ECE84168EDE87D
:100C70006768EEE84068EFE83E68F0E84A68F1E847
:100C80004968F2E82968F3E8B568F4E88F68F5E8A0
:100C90007468F6E87768F7E89368F8E86B68F9E84D
:100CA000C268FAE86E69FBE8FC68FCE81F69FDE8C9
:100CB0002069FEE8F96840E9279541E9339542E962
:100CC0003D9543E9439544E9489545E94B9546E907
:100CD000559547E95A9548E9609549E96E954AE97D
:100CE00074954BE975954CE977954DE978954EE902
:100CF00079954FE97A9550E97B9551E97C9552E9D0
:100D00007D9553E97E9554E9809555E9819556E99D
:100D1000829557E9839558E9849559E985955AE96B
:100D200086955BE987955CE988955DE989955EE93B
:100D30008A955FE98B9560E98C9561E98D9562E90B
:100D40008E9563E98F9564E9909565E9919566E9DB
:100D5000929567E9939568E9949569E995956AE9AB
:100D600096956BE997956CE998956DE999956EE97B
:100D70009A956FE99B9570E99C9571E99D9572E94B
:100D80009E9573E99F9574E9A09575E9A19576E91B
:100D9000A29577E9A39578E9A49579E9A5957AE9EB
:100DA000A6957BE9A7957CE9A8957DE9A9957EE9BB
:100DB000AA9580E9AB9581E9AC9582E9AD9583E987
:100DC000AE9584E9AF9585E9B09586E9B19587E957
:100DD000B29588E9B39589E9B4958AE9B5958BE927
:100DE000B6958CE9B7958DE9B8958EE9B9958FE9F7
:100DF000BA9590E9BB9591E9BC9592E9BD9593E9C7
:100E0000BE9594E9BF9595E9C09596E9C19597E996
:100E1000C29598E9C39599E9C4959AE9C5959BE966
:100E2000C6959CE9C7959DE9C8959EE9C9959FE936
:100E3000CA95A0E9CB95A1E92469A2E9F068A3E9E4
:100E40000B69A4E90169A5E95769A6E9E368A7E97F
:100E50001069A8E97169A9E93969AAE96069ABE98A
:100E60004269ACE95D69ADE98469AEE96B69AFE9F6
:100E70008069B0E99869B1E97869B2E93469B3E9A0
:100E8000CC69B4E98769B5E98869B6E9CE69B7E99B
:100E90008969B8E96669B9E96369BAE97969BBE959
:100EA0009B69BCE9A769BDE9BB69BEE9AB69BFE95C
:100EB000AD69C0E9D469C1E9B169C2E9C169C3E9F1
:100EC000CA69C4E9DF69C5E99569C6E9E069C7E9A6
:100ED0008D69C8E9FF69C9E92F6ACAE9ED69CBE9FB
:100EE000176ACCE9186ACDE9656ACEE9F269CFE9FB
:100EF000446AD0E93E6AD1E9A06AD2E9506AD3E9EE
:100F00005B6AD4E9356AD5E98E6AD6E9796AD7E9A8
:100F10003D6AD8E9286AD9E9586ADAE97C6ADBE9E6
:100F2000916ADCE9906ADDE9A96ADEE9976ADFE99E
:100F3000AB6AE0E93773E1E95273E2E9816BE3E917
:100F4000826BE4E9876BE5E9846BE6E9926BE7E99C
:100F5000936BE8E98D6BE9E99A6BEAE99B6BEBE946
:100F6000A16BECE9AA6BEDE96B8FEEE96D8FEFE910
:100F7000718FF0E9728FF1E9738FF2E9758FF3E900
:100F8000768FF4E9788FF5E9778FF6E9798FF7E9CD
:100F90007A8FF8E97C8FF9E97E8FFAE9818FFBE996
:100FA000828FFCE9848FFDE9878FFEE98B8F40EA11
:100FB000CC9541EACD9542EACE9543EACF9544EAF5
:100FC000D09545EAD19546EAD29547EAD39548EAC5
:100FD000D49549EAD5954AEAD6954BEAD7954CEA95
:100FE000D8954DEAD9954EEADA954FEADB9550EA65
:100FF000DC9551EADD9552EADE9553EADF9554EA35
:10100000E09555EAE19556EAE29557EAE39558EA04
:10101000E49559EAE5955AEAE6955BEAE7955CEAD4
:10102000EC955DEAFF955EEA07965FEA139660EA43
:10103000189661EA1B9662EA1E9663EA209664EAB5
:10104000239665EA249666EA259667EA269668EA74
:10105000279669EA28966AEA29966BEA2B966CEA43
:101060002C966DEA2D966EEA2F966FEA309670EA0E
:10107000379671EA389672EA399673EA3A9674EAC4
:101080003E9675EA419676EA439677EA4A9678EA7A
:101090004E9679EA4F967AEA51967BEA52967CEA26
:1010A00053967DEA56967EEA579680EA589681EAEC
:1010B000599682EA5A9683EA5C9684EA5D9685EAB6
:1010C0005E9686EA609687EA639688EA659689EA7C
:1010D00066968AEA6B968BEA6D968CEA6E968DEA36
:1010E0006F968EEA70968FEA719690EA739691EAFF
:1010F000789692EA799693EA7A9694EA7B9695EABC
:101100007C9696EA7D9697EA7E9698EA7F9699EA8B
:1011100080969AEA81969BEA82969CEA83969DEA5B
:1011200084969EEA87969FEA8996A0EA8A96A1EA23
:101130008D8FA2EA8E8FA3EA8F8FA4EA988FA5EAFB
:101140009A8FA6EACE8EA7EA0B62A8EA1762A9EAEE
:101150001B62AAEA1F62ABEA2262ACEA2162ADEA34
:101160002562AEEA2462AFEA2C62B0EAE781B1EA16
:10117000EF74B2EAF474B3EAFF74B4EA0F75B5EA37
:101180001175B6EA1375B7EA3465B8EAEE65B9EADF
:10119000EF65BAEAF065BBEA0A66BCEA1966BDEA21
:1011A0007267BEEA0366BFEA1566C0EA0066C1EA76
:1011B0008570C2EAF766C3EA1D66C4EA3466C5EA0A
:1011C0003166C6EA3666C7EA3566C8EA0680C9EA05
:1011D0005F66CAEA5466CBEA4166CCEA4F66CDEA5E
:1011E0005666CEEA6166CFEA5766D0EA7766D1EAFC
:1011F0008466D2EA8C66D3EAA766D4EA9D66D5EA0D
:10120000BE66D6EADB66D7EADC66D8EAE666D9EAE5
:10121000E966DAEA328DDBEA338DDCEA368DDDEA27
:101220003B8DDEEA3D8DDFEA408DE0EA458DE1EA67
:10123000468DE2EA488DE3EA498DE4EA478DE5EA26
:101240004D8DE6EA558DE7EA598DE8EAC789E9EA66
:10125000CA89EAEACB89EBEACC89ECEACE89EDEAE5
:10126000CF89EEEAD089EFEAD189F0EA6E72F1EA2D
:101270009F72F2EA5D72F3EA6672F4EA6F72F5EA5F
:101280007E72F6EA7F72F7EA8472F8EA8B72F9EA04
:101290008D72FAEA8F72FBEA9272FCEA0863FDEA49
:1012A0003263FEEAB06340EB8C9641EB8E9642EBE4
:1012B000919643EB929644EB939645EB959646EBCD
:1012C000969647EB9A9648EB9B9649EB9D964AEB90
:1012D0009E964BEB9F964CEBA0964DEBA1964EEB5A
:1012E000A2964FEBA39650EBA49651EBA59652EB2A
:1012F000A69653EBA89654EBA99655EBAA9656EBF7
:10130000AB9657EBAC9658EBAD9659EBAE965AEBC5
:10131000AF965BEBB1965CEBB2965DEBB4965EEB91
:10132000B5965FEBB79660EBB89661EBBA9662EB59
:10133000BB9663EBBF9664EBC29665EBC39666EB18
:10134000C89667EBCA9668EBCB9669EBD0966AEBCA
:10135000D1966BEBD3966CEBD4966DEBD6966EEB89
:10136000D7966FEBD89670EBD99671EBDA9672EB55
:10137000DB9673EBDC9674EBDD9675EBDE9676EB25
:10138000DF9677EBE19678EBE29679EBE3967AEBF2
:10139000E4967BEBE5967CEBE6967DEBE7967EEBC1
:1013A000EB9680EBEC9681EBED9682EBEE9683EB81
:1013B000F09684EBF19685EBF29686EBF49687EB4C
:1013C000F59688EBF89689EBFA968AEBFB968BEB11
:1013D000FC968CEBFD968DEBFF968EEB02978FEBD8
:1013E000039790EB059791EB0A9792EB0B9793EB92
:1013F0000C9794EB109795EB119796EB129797EB50
:10140000149798EB159799EB17979AEB18979BEB16
:1014100019979CEB1A979DEB1B979EEB1D979FEBE3
:101420001F97A0EB2097A1EB3F64A2EBD864A3EB3E
:101430000480A4EBEA6BA5EBF36BA6EBFD6BA7EBCB
:10144000F56BA8EBF96BA9EB056CAAEB076CABEBA2
:10145000066CACEB0D6CADEB156CAEEB186CAFEB3A
:10146000196CB0EB1A6CB1EB216CB2EB296CB3EBDD
:10147000246CB4EB2A6CB5EB326CB6EB3565B7EB8C
:101480005565B8EB6B65B9EB4D72BAEB5272BBEBBD
:101490005672BCEB3072BDEB6286BEEB1652BFEBF0
:1014A0009F80C0EB9C80C1EB9380C2EBBC80C3EB00
:1014B0000A67C4EBBD80C5EBB180C6EBAB80C7EB60
:1014C000AD80C8EBB480C9EBB780CAEBE780CBEB4B
:1014D000E880CCEBE980CDEBEA80CEEBDB80CFEB94
:1014E000C280D0EBC480D1EBD980D2EBCD80D3EBDE
:1014F000D780D4EB1067D5EBDD80D6EBEB80D7EB54
:10150000F180D8EBF480D9EBED80DAEB0D81DBEBE9
:101510000E81DCEBF280DDEBFC80DEEB1567DFEBB0
:101520001281E0EB5A8CE1EB3681E2EB1E81E3EBBA
:101530002C81E4EB1881E5EB3281E6EB4881E7EBA7
:101540004C81E8EB5381E9EB7481EAEB5981EBEBD9
:101550005A81ECEB7181EDEB6081EEEB6981EFEB91
:101560007C81F0EB7D81F1EB6D81F2EB6781F3EB38
:101570004D58F4EBB55AF5EB8881F6EB8281F7EB29
:101580009181F8EBD56EF9EBA381FAEBAA81FBEB25
:10159000CC81FCEB2667FDEBCA81FEEBBB8140EC06
:1015A000219741EC229742EC239743EC249744EC9B
:1015B000259745EC269746EC279747EC289748EC6B
:1015C000299749EC2B974AEC2C974BEC2E974CEC37
:1015D0002F974DEC31974EEC33974FEC349750ECFE
:1015E000359751EC369752EC379753EC3A9754ECC9
:1015F0003B9755EC3C9756EC3D9757EC3F9758EC92
:10160000409759EC41975AEC42975BEC43975CEC5E
:1016100044975DEC45975EEC46975FEC479760EC2E
:10162000489761EC499762EC4A9763EC4B9764ECFE
:101630004C9765EC4D9766EC4E9767EC4F9768ECCE
:10164000509769EC51976AEC54976BEC55976CEC9A
:1016500057976DEC58976EEC5A976FEC5C9770EC5F
:101660005D9771EC5F9772EC639773EC649774EC21
:10167000669775EC679776EC689777EC6A9778ECE5
:101680006B9779EC6C977AEC6D977BEC6E977CECB2
:101690006F977DEC70977EEC719780EC729781EC80
:1016A000759782EC779783EC789784EC799785EC43
:1016B0007A9786EC7B9787EC7D9788EC7E9789EC10
:1016C0007F978AEC80978BEC81978CEC82978DECDE
:1016D00083978EEC84978FEC869790EC879791ECAC
:1016E000889792EC899793EC8A9794EC8C9795EC79
:1016F0008E9796EC8F9797EC909798EC939799EC40
:1017000095979AEC96979BEC97979CEC99979DEC04
:101710009A979EEC9B979FEC9C97A0EC9D97A1ECD1
:10172000C181A2ECA681A3EC246BA4EC376BA5ECE1
:10173000396BA6EC436BA7EC466BA8EC596BA9EC94
:10174000D198AAECD298ABECD398ACECD598ADEC90
:10175000D998AEECDA98AFECB36BB0EC405FB1EC7B
:10176000C26BB2ECF389B3EC9065B4EC519FB5EC6D
:101770009365B6ECBC65B7ECC665B8ECC465B9EC6E
:10178000C365BAECCC65BBECCE65BCECD265BDECF8
:10179000D665BEEC8070BFEC9C70C0EC9670C1EC5E
:1017A0009D70C2ECBB70C3ECC070C4ECB770C5ECEC
:1017B000AB70C6ECB170C7ECE870C8ECCA70C9EC8D
:1017C0001071CAEC1371CBEC1671CCEC2F71CDEC0F
:1017D0003171CEEC7371CFEC5C71D0EC6871D1ECEF
:1017E0004571D2EC7271D3EC4A71D4EC7871D5ECBE
:1017F0007A71D6EC9871D7ECB371D8ECB571D9EC9D
:10180000A871DAECA071DBECE071DCECD471DDECFA
:10181000E771DEECF971DFEC1D72E0EC2872E1ECAF
:101820006C70E2EC1871E3EC6671E4ECB971E5EC14
:101830003E62E6EC3D62E7EC4362E8EC4862E9ECCC
:101840004962EAEC3B79EBEC4079ECEC4679EDEC63
:101850004979EEEC5B79EFEC5C79F0EC5379F1ECE3
:101860005A79F2EC6279F3EC5779F4EC6079F5ECA3
:101870006F79F6EC6779F7EC7A79F8EC8579F9EC21
:101880008A79FAEC9A79FBECA779FCECB379FDEC58
:10189000D15FFEECD05F40ED9E9741ED9F9742ED0A
:1018A000A19743EDA29744EDA49745EDA59746ED8A
:1018B000A69747EDA79748EDA89749EDA9974AED58
:1018C000AA974BEDAC974CEDAE974DEDB0974EED22
:1018D000B1974FEDB39750EDB59751EDB69752EDE7
:1018E000B79753EDB89754EDB99755EDBA9756EDB4
:1018F000BB9757EDBC9758EDBD9759EDBE975AED84
:10190000BF975BEDC0975CEDC1975DEDC2975EED53
:10191000C3975FEDC49760EDC59761EDC69762ED23
:10192000C79763EDC89764EDC99765EDCA9766EDF3
:10193000CB9767EDCC9768EDCD9769EDCE976AEDC3
:10194000CF976BEDD0976CEDD1976DEDD2976EED93
:10195000D3976FEDD49770EDD59771EDD69772ED63
:10196000D79773EDD89774EDD99775EDDA9776ED33
:10197000DB9777EDDC9778EDDD9779EDDE977AED03
:10198000DF977BEDE0977CEDE1977DEDE2977EEDD3
:10199000E39780EDE49781EDE59782EDE89783ED9D
:1019A000EE9784EDEF9785EDF09786EDF19787ED53
:1019B000F29788EDF49789EDF7978AEDF8978BED1C
:1019C000F9978CEDFA978DEDFB978EEDFC978FEDE7
:1019D000FD9790EDFE9791EDFF9792ED009893EDB6
:1019E000019894ED029895ED039896ED049897ED83
:1019F000059898ED069899ED07989AED08989BED53
:101A000009989CED0A989DED0B989EED0C989FED22
:101A10000D98A0ED0E98A1ED3C60A2ED5D60A3EDE8
:101A20005A60A4ED6760A5ED4160A6ED5960A7ED91
:101A30006360A8EDAB60A9ED0661AAED0D61ABEDA9
:101A40005D61ACEDA961ADED9D61AEEDCB61AFED3A
:101A5000D161B0ED0662B1ED8080B2ED7F80B3ED73
:101A6000936CB4EDF66CB5EDFC6DB6EDF677B7EDB5
:101A7000F877B8ED0078B9ED0978BAED1778BBEDD5
:101A80001878BCED1178BDEDAB65BEED2D78BFEDDE
:101A90001C78C0ED1D78C1ED3978C2ED3A78C3ED00
:101AA0003B78C4ED1F78C5ED3C78C6ED2578C7EDD1
:101AB0002C78C8ED2378C9ED2978CAED4E78CBEDA6
:101AC0006D78CCED5678CDED5778CEED2678CFED0C
:101AD0005078D0ED4778D1ED4C78D2ED6A78D3EDDF
:101AE0009B78D4ED9378D5ED9A78D6ED8778D7EDBD
:101AF0009C78D8EDA178D9EDA378DAEDB278DBED5A
:101B0000B978DCEDA578DDEDD478DEEDD978DFEDC0
:101B1000C978E0EDEC78E1EDF278E2ED0579E3EDFE
:101B2000F478E4ED1379E5ED2479E6ED1E79E7ED3F
:101B30003479E8ED9B9FE9EDF99EEAEDFB9EEBED34
:101B4000FC9EECEDF176EDED0477EEED0D77EFED2B
:101B5000F976F0ED0777F1ED0877F2ED1A77F3ED0E
:101B60002277F4ED1977F5ED2D77F6ED2677F7ED81
:101B70003577F8ED3877F9ED5077FAED5177FBEDE1
:101B80004777FCED4377FDED5A77FEED687740EE41
:101B90000F9841EE109842EE119843EE129844EEE1
:101BA000139845EE149846EE159847EE169848EEB1
:101BB000179849EE18984AEE19984BEE1A984CEE81
:101BC0001B984DEE1C984EEE1D984FEE1E9850EE51
:101BD0001F9851EE209852EE219853EE229854EE21
:101BE000239855EE249856EE259857EE269858EEF1
:101BF000279859EE28985AEE29985BEE2A985CEEC1
:101C00002B985DEE2C985EEE2D985FEE2E9860EE90
:101C10002F9861EE309862EE319863EE329864EE60
:101C2000339865EE349866EE359867EE369868EE30
:101C3000379869EE38986AEE39986BEE3A986CEE00
:101C40003B986DEE3C986EEE3D986FEE3E9870EED0
:101C50003F9871EE409872EE419873EE429874EEA0
:101C6000439875EE449876EE459877EE469878EE70
:101C7000479879EE48987AEE49987BEE4A987CEE40
:101C80004B987DEE4C987EEE4D9880EE4E9881EE0E
:101C90004F9882EE509883EE519884EE529885EEDC
:101CA000539886EE549887EE559888EE569889EEAC
:101CB00057988AEE58988BEE59988CEE5A988DEE7C
:101CC0005B988EEE5C988FEE5D9890EE5E9891EE4C
:101CD0005F9892EE609893EE619894EE629895EE1C
:101CE000639896EE649897EE659898EE669899EEEC
:101CF00067989AEE68989BEE69989CEE6A989DEEBC
:101D00006B989EEE6C989FEE6D98A0EE6E98A1EE8B
:101D10006277A2EE6577A3EE7F77A4EE8D77A5EECE
:101D20007D77A6EE8077A7EE8C77A8EE9177A9EE67
:101D30009F77AAEEA077ABEEB077ACEEB577ADEEBD
:101D4000BD77AEEE3A75AFEE4075B0EE4E75B1EEC2
:101D50004B75B2EE4875B3EE5B75B4EE7275B5EEC9
:101D60007975B6EE8375B7EE587FB8EE617FB9EE40
:101D70005F7FBAEE488ABBEE687FBCEE747FBDEE33
:101D8000717FBEEE797FBFEE817FC0EE7E7FC1EEB8
:101D9000CD76C2EEE576C3EE3288C4EE8594C5EE0C
:101DA0008694C6EE8794C7EE8B94C8EE8A94C9EEEB
:101DB0008C94CAEE8D94CBEE8F94CCEE9094CDEEB5
:101DC0009494CEEE9794CFEE9594D0EE9A94D1EE73
:101DD0009B94D2EE9C94D3EEA394D4EEA494D5EE2F
:101DE000AB94D6EEAA94D7EEAD94D8EEAC94D9EEDF
:101DF000AF94DAEEB094DBEEB294DCEEB494DDEEA8
:101E0000B694DEEEB794DFEEB894E0EEB994E1EE6E
:101E1000BA94E2EEBC94E3EEBD94E4EEBF94E5EE3A
:101E2000C494E6EEC894E7EEC994E8EECA94E9EEED
:101E3000CB94EAEECC94EBEECD94ECEECE94EDEEBA
:101E4000D094EEEED194EFEED294F0EED594F1EE84
:101E5000D694F2EED794F3EED994F4EED894F5EE4E
:101E6000DB94F6EEDE94F7EEDF94F8EEE094F9EE14
:101E7000E294FAEEE494FBEEE594FCEEE794FDEEDA
:101E8000E894FEEEEA9440EF6F9841EF709842EFCD
:101E9000719843EF729844EF739845EF749846EF4A
:101EA0008B9847EF8E9848EF929849EF95984AEFB4
:101EB00099984BEFA3984CEFA8984DEFA9984EEF47
:101EC000AA984FEFAB9850EFAC9851EFAD9852EF06
:101ED000AE9853EFAF9854EFB09855EFB19856EFD6
:101EE000B29857EFB39858EFB49859EFB5985AEFA6
:101EF000B6985BEFB7985CEFB8985DEFB9985EEF76
:101F0000BA985FEFBB9860EFBC9861EFBD9862EF45
:101F1000BE9863EFBF9864EFC09865EFC19866EF15
:101F2000C29867EFC39868EFC49869EFC5986AEFE5
:101F3000C6986BEFC7986CEFC8986DEFC9986EEFB5
:101F4000CA986FEFCB9870EFCC9871EFCD9872EF85
:101F5000CF9873EFD09874EFD49875EFD69876EF4A
:101F6000D79877EFDB9878EFDC9879EFDD987AEF08
:101F7000E0987BEFE1987CEFE2987DEFE3987EEFCD
:101F8000E49880EFE59881EFE69882EFE99883EF97
:101F9000EA9884EFEB9885EFEC9886EFED9887EF61
:101FA000EE9888EFEF9889EFF0988AEFF1988BEF31
:101FB000F2988CEFF3988DEFF4988EEFF5988FEF01
:101FC000F69890EFF79891EFF89892EFF99893EFD1
:101FD000FA9894EFFB9895EFFC9896EFFD9897EFA1
:101FE000FE9898EFFF9899EF00999AEF01999BEF6F
:101FF00002999CEF03999DEF04999EEF05999FEF3D
:102000000699A0EF0799A1EFE994A2EFEB94A3EF53
:10201000EE94A4EFEF94A5EFF394A6EFF494A7EF5A
:10202000F594A8EFF794A9EFF994AAEFFC94ABEF1D
:10203000FD94ACEFFF94ADEF0395AEEF0295AFEFDB
:102040000695B0EF0795B1EF0995B2EF0A95B3EF9A
:102050000D95B4EF0E95B5EF0F95B6EF1295B7EF5E
:102060001395B8EF1495B9EF1595BAEF1695BBEF28
:102070001895BCEF1B95BDEF1D95BEEF1E95BFEFEC
:102080001F95C0EF2295C1EF2A95C2EF2B95C3EFA4
:102090002995C4EF2C95C5EF3195C6EF3295C7EF62
:1020A0003495C8EF3695C9EF3795CAEF3895CBEF21
:1020B0003C95CCEF3E95CDEF3F95CEEF4295CFEFDF
:1020C0003595D0EF4495D1EF4595D2EF4695D3EFB6
:1020D0004995D4EF4C95D5EF4E95D6EF4F95D7EF68
:1020E0005295D8EF5395D9EF5495DAEF5695DBEF2B
:1020F0005795DCEF5895DDEF5995DEEF5B95DFEFF7
:102100005E95E0EF5F95E1EF5D95E2EF6195E3EFBE
:102110006295E4EF6495E5EF6595E6EF6695E7EF88
:102120006795E8EF6895E9EF6995EAEF6A95EBEF57
:102130006B95ECEF6C95EDEF6F95EEEF7195EFEF22
:102140007295F0EF7395F1EF3A95F2EFE777F3EFD1
:10215000EC77F4EFC996F5EFD579F6EFED79F7EF77
:10216000E379F8EFEB79F9EF067AFAEF475DFBEFE9
:10217000037AFCEF027AFDEF1E7AFEEF147A40F04C
:10218000089941F0099942F00A9943F00B9944F0FB
:102190000C9945F00E9946F00F9947F0119948F0C7
:1021A000129949F013994AF014994BF015994CF093
:1021B00016994DF017994EF018994FF0199950F063
:1021C0001A9951F01B9952F01C9953F01D9954F033
:1021D0001E9955F01F9956F0209957F0219958F003
:1021E000229959F023995AF024995BF025995CF0D3
:1021F00026995DF027995EF028995FF0299960F0A3
:102200002A9961F02B9962F02C9963F02D9964F072
:102210002F9965F0309966F0319967F0329968F03E
:10222000339969F034996AF035996BF036996CF00E
:1022300037996DF038996EF039996FF03A9970F0DE
:102240003B9971F03C9972F03D9973F03E9974F0AE
:102250003F9975F0409976F0419977F0429978F07E
:10226000439979F044997AF045997BF046997CF04E
:1022700047997DF048997EF0499980F04A9981F01C
:102280004B9982F04C9983F04D9984F04E9985F0EA
:102290004F9986F0509987F0519988F0529989F0BA
:1022A00053998AF056998BF057998CF058998DF084
:1022B00059998EF05A998FF05B9990F05C9991F052
:1022C0005D9992F05E9993F05F9994F0609995F022
:1022D000619996F0629997F0649998F0669999F0EF
:1022E00073999AF078999BF079999CF07B999DF07D
:1022F0007E999EF082999FF08399A0F08999A1F030
:10230000397AA2F0377AA3F0517AA4F0CF9EA5F0E3
:10231000A599A6F0707AA7F08876A8F08E76A9F035
:102320009376AAF09976ABF0A476ACF0DE74ADF0BB
:10233000E074AEF02C75AFF0209EB0F0229EB1F0AC
:10234000289EB2F0299EB3F02A9EB4F02B9EB5F0E1
:102350002C9EB6F0329EB7F0319EB8F0369EB9F0A2
:10236000389EBAF0379EBBF0399EBCF03A9EBDF065
:102370003E9EBEF0419EBFF0429EC0F0449EC1F022
:10238000469EC2F0479EC3F0489EC4F0499EC5F0E9
:102390004B9EC6F04C9EC7F04E9EC8F0519EC9F0B1
:1023A000559ECAF0579ECBF05A9ECCF05B9ECDF066
:1023B0005C9ECEF05E9ECFF0639ED0F0669ED1F024
:1023C000679ED2F0689ED3F0699ED4F06A9ED5F0E5
:1023D0006B9ED6F06C9ED7F0719ED8F06D9ED9F0B2
:1023E000739EDAF09275DBF09475DCF09675DDF093
:1023F000A075DEF09D75DFF0AC75E0F0A375E1F03F
:10240000B375E2F0B475E3F0B875E4F0C475E5F0C7
:10241000B175E6F0B075E7F0C375E8F0C275E9F0A4
:10242000D675EAF0CD75EBF0E375ECF0E875EDF0FC
:10243000E675EEF0E475EFF0EB75F0F0E775F1F0AE
:102440000376F2F0F175F3F0FC75F4F0FF75F5F03A
:102450001076F6F00076F7F00576F8F00C76F9F0E5
:102460001776FAF00A76FBF02576FCF01876FDF088
:102470001576FEF0197640F18C9941F18E9942F172
:102480009A9943F19B9944F19C9945F19D9946F1A4
:102490009E9947F19F9948F1A09949F1A1994AF174
:1024A000A2994BF1A3994CF1A4994DF1A6994EF143
:1024B000A7994FF1A99950F1AA9951F1AB9952F10D
:1024C000AC9953F1AD9954F1AE9955F1AF9956F1DC
:1024D000B09957F1B19958F1B29959F1B3995AF1AC
:1024E000B4995BF1B5995CF1B6995DF1B7995EF17C
:1024F000B8995FF1B99960F1BA9961F1BB9962F14C
:10250000BC9963F1BD9964F1BE9965F1BF9966F11B
:10251000C09967F1C19968F1C29969F1C3996AF1EB
:10252000C4996BF1C5996CF1C6996DF1C7996EF1BB
:10253000C8996FF1C99970F1CA9971F1CB9972F18B
:10254000CC9973F1CD9974F1CE9975F1CF9976F15B
:10255000D09977F1D19978F1D29979F1D3997AF12B
:10256000D4997BF1D5997CF1D6997DF1D7997EF1FB
:10257000D89980F1D99981F1DA9982F1DB9983F1C7
:10258000DC9984F1DD9985F1DE9986F1DF9987F197
:10259000E09988F1E19989F1E2998AF1E3998BF167
:1025A000E4998CF1E5998DF1E6998EF1E7998FF137
:1025B000E89990F1E99991F1EA9992F1EB9993F107
:1025C000EC9994F1ED9995F1EE9996F1EF9997F1D7
:1025D000F09998F1F19999F1F2999AF1F3999BF1A7
:1025E000F4999CF1F5999DF1F6999EF1F7999FF177
:1025F000F899A0F1F999A1F11B76A2F13C76A3F12B
:102600002276A4F12076A5F14076A6F12D76A7F1E9
:102610003076A8F13F76A9F13576AAF14376ABF191
:102620003E76ACF13376ADF14D76AEF15E76AFF13C
:102630005476B0F15C76B1F15676B2F16B76B3F1C7
:102640006F76B4F1CA7FB5F1E67AB6F1787AB7F170
:10265000797AB8F1807AB9F1867ABAF1887ABBF1E1
:10266000957ABCF1A67ABDF1A07ABEF1AC7ABFF141
:10267000A87AC0F1AD7AC1F1B37AC2F16488C3F12E
:102680006988C4F17288C5F17D88C6F17F88C7F179
:102690008288C8F1A288C9F1C688CAF1B788CBF18F
:1026A000BC88CCF1C988CDF1E288CEF1CE88CFF1DB
:1026B000E388D0F1E588D1F1F188D2F11A89D3F11C
:1026C000FC88D4F1E888D5F1FE88D6F1F088D7F1FE
:1026D0002189D8F11989D9F11389DAF11B89DBF144
:1026E0000A89DCF13489DDF12B89DEF13689DFF1ED
:1026F0004189E0F16689E1F17B89E2F18B75E3F1D3
:10270000E580E4F1B276E5F1B476E6F1DC77E7F165
:102710001280E8F11480E9F11680EAF11C80EBF1F7
:102720002080ECF12280EDF12580EEF12680EFF1A2
:102730002780F0F12980F1F12880F2F13180F3F166
:102740000B80F4F13580F5F14380F6F14680F7F126
:102750004D80F8F15280F9F16980FAF17180FBF156
:102760008389FCF17898FDF18098FEF1839840F21E
:10277000FA9941F2FB9942F2FC9943F2FD9944F235
:10278000FE9945F2FF9946F2009A47F2019A48F203
:10279000029A49F2039A4AF2049A4BF2059A4CF2D1
:1027A000069A4DF2079A4EF2089A4FF2099A50F2A1
:1027B0000A9A51F20B9A52F20C9A53F20D9A54F271
:1027C0000E9A55F20F9A56F2109A57F2119A58F241
:1027D000129A59F2139A5AF2149A5BF2159A5CF211
:1027E000169A5DF2179A5EF2189A5FF2199A60F2E1
:1027F0001A9A61F21B9A62F21C9A63F21D9A64F2B1
:102800001E9A65F21F9A66F2209A67F2219A68F280
:10281000229A69F2239A6AF2249A6BF2259A6CF250
:10282000269A6DF2279A6EF2289A6FF2299A70F220
:102830002A9A71F22B9A72F22C9A73F22D9A74F2F0
:102840002E9A75F22F9A76F2309A77F2319A78F2C0
:10285000329A79F2339A7AF2349A7BF2359A7CF290
:10286000369A7DF2379A7EF2389A80F2399A81F25E
:102870003A9A82F23B9A83F23C9A84F23D9A85F22C
:102880003E9A86F23F9A87F2409A88F2419A89F2FC
:10289000429A8AF2439A8BF2449A8CF2459A8DF2CC
:1028A000469A8EF2479A8FF2489A90F2499A91F29C
:1028B0004A9A92F24B9A93F24C9A94F24D9A95F26C
:1028C0004E9A96F24F9A97F2509A98F2519A99F23C
:1028D000529A9AF2539A9BF2549A9CF2559A9DF20C
:1028E000569A9EF2579A9FF2589AA0F2599AA1F2DC
:1028F0008998A2F28C98A3F28D98A4F28F98A5F2F1
:102900009498A6F29A98A7F29B98A8F29E98A9F29A
:102910009F98AAF2A198ABF2A298ACF2A598ADF25A
:10292000A698AEF24D86AFF25486B0F26C86B1F244
:102930006E86B2F27F86B3F27A86B4F27C86B5F206
:102940007B86B6F2A886B7F28D86B8F28B86B9F28E
:10295000AC86BAF29D86BBF2A786BCF2A386BDF216
:10296000AA86BEF29386BFF2A986C0F2B686C1F2ED
:10297000C486C2F2B586C3F2CE86C4F2B086C5F272
:10298000BA86C6F2B186C7F2AF86C8F2C986C9F266
:10299000CF86CAF2B486CBF2E986CCF2F186CDF2CC
:1029A000F286CEF2ED86CFF2F386D0F2D086D1F267
:1029B0001387D2F2DE86D3F2F486D4F2DF86D5F224
:1029C000D886D6F2D186D7F20387D8F20787D9F214
:1029D000F886DAF20887DBF20A87DCF20D87DDF28F
:1029E0000987DEF22387DFF23B87E0F21E87E1F200
:1029F0002587E2F22E87E3F21A87E4F23E87E5F2BA
:102A00004887E6F23487E7F23187E8F22987E9F26E
:102A10003787EAF23F87EBF28287ECF22287EDF20A
:102A20007D87EEF27E87EFF27B87F0F26087F1F22E
:102A30007087F2F24C87F3F26E87F4F28B87F5F22F
:102A40005387F6F26387F7F27C87F8F26487F9F22E
:102A50005987FAF26587FBF29387FCF2AF87FDF2A4
:102A6000A887FEF2D28740F35A9A41F35B9A42F369
:102A70005C9A43F35D9A44F35E9A45F35F9A46F39A
:102A8000609A47F3619A48F3629A49F3639A4AF36A
:102A9000649A4BF3659A4CF3669A4DF3679A4EF33A
:102AA000689A4FF3699A50F36A9A51F36B9A52F30A
:102AB000729A53F3839A54F3899A55F38D9A56F385
:102AC0008E9A57F3949A58F3959A59F3999A5AF320
:102AD000A69A5BF3A99A5CF3AA9A5DF3AB9A5EF3AC
:102AE000AC9A5FF3AD9A60F3AE9A61F3AF9A62F37A
:102AF000B29A63F3B39A64F3B49A65F3B59A66F342
:102B0000B99A67F3BB9A68F3BD9A69F3BE9A6AF300
:102B1000BF9A6BF3C39A6CF3C49A6DF3C69A6EF3C3
:102B2000C79A6FF3C89A70F3C99A71F3CA9A72F38D
:102B3000CD9A73F3CE9A74F3CF9A75F3D09A76F355
:102B4000D29A77F3D49A78F3D59A79F3D69A7AF31E
:102B5000D79A7BF3D99A7CF3DA9A7DF3DB9A7EF3EA
:102B6000DC9A80F3DD9A81F3DE9A82F3E09A83F3B4
:102B7000E29A84F3E39A85F3E49A86F3E59A87F37D
:102B8000E79A88F3E89A89F3E99A8AF3EA9A8BF349
:102B9000EC9A8CF3EE9A8DF3F09A8EF3F19A8FF310
:102BA000F29A90F3F39A91F3F49A92F3F59A93F3DD
:102BB000F69A94F3F79A95F3F89A96F3FA9A97F3AC
:102BC000FC9A98F3FD9A99F3FE9A9AF3FF9A9BF375
:102BD000009B9CF3019B9DF3029B9EF3049B9FF340
:102BE000059BA0F3069BA1F3C687A2F38887A3F3F6
:102BF0008587A4F3AD87A5F39787A6F38387A7F30B
:102C0000AB87A8F3E587A9F3AC87AAF3B587ABF345
:102C1000B387ACF3CB87ADF3D387AEF3BD87AFF308
:102C2000D187B0F3C087B1F3CA87B2F3DB87B3F3C0
:102C3000EA87B4F3E087B5F3EE87B6F31688B7F307
:102C40001388B8F3FE87B9F30A88BAF31B88BBF37D
:102C50002188BCF33988BDF33C88BEF3367FBFF3CF
:102C6000427FC0F3447FC1F3457FC2F31082C3F3B8
:102C7000FA7AC4F3FD7AC5F3087BC6F3037BC7F386
:102C8000047BC8F3157BC9F30A7BCAF32B7BCBF318
:102C90000F7BCCF3477BCDF3387BCEF32A7BCFF38E
:102CA000197BD0F32E7BD1F3317BD2F3207BD3F38E
:102CB000257BD4F3247BD5F3337BD6F33E7BD7F34C
:102CC0001E7BD8F3587BD9F35A7BDAF3457BDBF3D1
:102CD000757BDCF34C7BDDF35D7BDEF3607BDFF348
:102CE0006E7BE0F37B7BE1F3627BE2F3727BE3F3E9
:102CF000717BE4F3907BE5F3A67BE6F3A77BE7F338
:102D0000B87BE8F3AC7BE9F39D7BEAF3A87BEBF3BC
:102D1000857BECF3AA7BEDF39C7BEEF3A27BEFF3D8
:102D2000AB7BF0F3B47BF1F3D17BF2F3C17BF3F334
:102D3000CC7BF4F3DD7BF5F3DA7BF6F3E57BF7F39D
:102D4000E67BF8F3EA7BF9F30C7CFAF3FE7BFBF30A
:102D5000FC7BFCF30F7CFDF3167CFEF30B7C40F454
:102D6000079B41F4099B42F40A9B43F40B9B44F4F8
:102D70000C9B45F40D9B46F40E9B47F4109B48F4C6
:102D8000119B49F4129B4AF4149B4BF4159B4CF491
:102D9000169B4DF4179B4EF4189B4FF4199B50F45F
:102DA0001A9B51F41B9B52F41C9B53F41D9B54F42F
:102DB0001E9B55F4209B56F4219B57F4229B58F4FC
:102DC000249B59F4259B5AF4269B5BF4279B5CF4C7
:102DD000289B5DF4299B5EF42A9B5FF42B9B60F497
:102DE0002C9B61F42D9B62F42E9B63F4309B64F466
:102DF000319B65F4339B66F4349B67F4359B68F430
:102E0000369B69F4379B6AF4389B6BF4399B6CF4FE
:102E10003A9B6DF43D9B6EF43E9B6FF43F9B70F4C8
:102E2000409B71F4469B72F44A9B73F44B9B74F481
:102E30004C9B75F44E9B76F4509B77F4529B78F440
:102E4000539B79F4559B7AF4569B7BF4579B7CF407
:102E5000589B7DF4599B7EF45A9B80F45B9B81F4D4
:102E60005C9B82F45D9B83F45E9B84F45F9B85F4A2
:102E7000609B86F4619B87F4629B88F4639B89F472
:102E8000649B8AF4659B8BF4669B8CF4679B8DF442
:102E9000689B8EF4699B8FF46A9B90F46B9B91F412
:102EA0006C9B92F46D9B93F46E9B94F46F9B95F4E2
:102EB000709B96F4719B97F4729B98F4739B99F4B2
:102EC000749B9AF4759B9BF4769B9CF4779B9DF482
:102ED000789B9EF4799B9FF47A9BA0F47B9BA1F452
:102EE0001F7CA2F42A7CA3F4267CA4F4387CA5F4ED
:102EF000417CA6F4407CA7F4FE81A8F40182A9F4E9
:102F00000282AAF40482ABF4EC81ACF44488ADF400
:102F10002182AEF42282AFF42382B0F42D82B1F488
:102F20002F82B2F42882B3F42B82B4F43882B5F441
:102F30003B82B6F43382B7F43482B8F43E82B9F4FB
:102F40004482BAF44982BBF44B82BCF44F82BDF494
:102F50005A82BEF45F82BFF46882C0F47E88C1F4F6
:102F60008588C2F48888C3F4D888C4F4DF88C5F49F
:102F70005E89C6F49D7FC7F49F7FC8F4A77FC9F41C
:102F8000AF7FCAF4B07FCBF4B27FCCF47C7CCDF4BD
:102F90004965CEF4917CCFF49D7CD0F49C7CD1F437
:102FA0009E7CD2F4A27CD3F4B27CD4F4BC7CD5F465
:102FB000BD7CD6F4C17CD7F4C77CD8F4CC7CD9F4E2
:102FC000CD7CDAF4C87CDBF4C57CDCF4D77CDDF4A2
:102FD000E87CDEF46E82DFF4A866E0F4BF7FE1F403
:102FE000CE7FE2F4D57FE3F4E57FE4F4E17FE5F41E
:102FF000E67FE6F4E97FE7F4EE7FE8F4F37FE9F4B7
:10300000F87CEAF4777DEBF4A67DECF4AE7DEDF48C
:10301000477EEEF49B7EEFF4B89EF0F4B49EF1F49C
:10302000738DF2F4848DF3F4948DF4F4918DF5F4B2
:10303000B18DF6F4678DF7F46D8DF8F4478CF9F4E3
:10304000498CFAF44A91FBF45091FCF44E91FDF452
:103050004F91FEF4649140F57C9B41F57D9B42F5D8
:103060007E9B43F57F9B44F5809B45F5819B46F510
:10307000829B47F5839B48F5849B49F5859B4AF5E0
:10308000869B4BF5879B4CF5889B4DF5899B4EF5B0
:103090008A9B4FF58B9B50F58C9B51F58D9B52F580
:1030A0008E9B53F58F9B54F5909B55F5919B56F550
:1030B000929B57F5939B58F5949B59F5959B5AF520
:1030C000969B5BF5979B5CF5989B5DF5999B5EF5F0
:1030D0009A9B5FF59B9B60F59C9B61F59D9B62F5C0
:1030E0009E9B63F59F9B64F5A09B65F5A19B66F590
:1030F000A29B67F5A39B68F5A49B69F5A59B6AF560
:10310000A69B6BF5A79B6CF5A89B6DF5A99B6EF52F
:10311000AA9B6FF5AB9B70F5AC9B71F5AD9B72F5FF
:10312000AE9B73F5AF9B74F5B09B75F5B19B76F5CF
:10313000B29B77F5B39B78F5B49B79F5B59B7AF59F
:10314000B69B7BF5B79B7CF5B89B7DF5B99B7EF56F
:10315000BA9B80F5BB9B81F5BC9B82F5BD9B83F53B
:10316000BE9B84F5BF9B85F5C09B86F5C19B87F50B
:10317000C29B88F5C39B89F5C49B8AF5C59B8BF5DB
:10318000C69B8CF5C79B8DF5C89B8EF5C99B8FF5AB
:10319000CA9B90F5CB9B91F5CC9B92F5CD9B93F57B
:1031A000CE9B94F5CF9B95F5D09B96F5D19B97F54B
:1031B000D29B98F5D39B99F5D49B9AF5D59B9BF51B
:1031C000D69B9CF5D79B9DF5D89B9EF5D99B9FF5EB
:1031D000DA9BA0F5DB9BA1F56291A2F56191A3F5C5
:1031E0007091A4F56991A5F56F91A6F57D91A7F56C
:1031F0007E91A8F57291A9F57491AAF57991ABF534
:103200008C91ACF58591ADF59091AEF58D91AFF5C2
:103210009191B0F5A291B1F5A391B2F5AA91B3F550
:10322000AD91B4F5AE91B5F5AF91B6F5B591B7F5F1
:10323000B491B8F5BA91B9F5558CBAF57E9EBBF547
:10324000B88DBCF5EB8DBDF5058EBEF5598EBFF57D
:10325000698EC0F5B58DC1F5BF8DC2F5BC8DC3F5C6
:10326000BA8DC4F5C48DC5F5D68DC6F5D78DC7F515
:10327000DA8DC8F5DE8DC9F5CE8DCAF5CF8DCBF5CB
:10328000DB8DCCF5C68DCDF5EC8DCEF5F78DCFF57C
:10329000F88DD0F5E38DD1F5F98DD2F5FB8DD3F511
:1032A000E48DD4F5098ED5F5FD8DD6F5148ED7F5C0
:1032B0001D8ED8F51F8ED9F52C8EDAF52E8EDBF506
:1032C000238EDCF52F8EDDF53A8EDEF5408EDFF5B0
:1032D000398EE0F5358EE1F53D8EE2F5318EE3F580
:1032E000498EE4F5418EE5F5428EE6F5518EE7F51F
:1032F000528EE8F54A8EE9F5708EEAF5768EEBF59A
:103300007C8EECF56F8EEDF5748EEEF5858EEFF517
:103310008F8EF0F5948EF1F5908EF2F59C8EF3F58C
:103320009E8EF4F5788CF5F5828CF6F58A8CF7F59F
:10333000858CF8F5988CF9F5948CFAF59B65FBF57E
:10334000D689FCF5DE89FDF5DA89FEF5DC8940F6E3
:10335000DC9B41F6DD9B42F6DE9B43F6DF9B44F6A9
:10336000E09B45F6E19B46F6E29B47F6E39B48F679
:10337000E49B49F6E59B4AF6E69B4BF6E79B4CF649
:10338000E89B4DF6E99B4EF6EA9B4FF6EB9B50F619
:10339000EC9B51F6ED9B52F6EE9B53F6EF9B54F6E9
:1033A000F09B55F6F19B56F6F29B57F6F39B58F6B9
:1033B000F49B59F6F59B5AF6F69B5BF6F79B5CF689
:1033C000F89B5DF6F99B5EF6FA9B5FF6FB9B60F659
:1033D000FC9B61F6FD9B62F6FE9B63F6FF9B64F629
:1033E000009C65F6019C66F6029C67F6039C68F6F5
:1033F000049C69F6059C6AF6069C6BF6079C6CF6C5
:10340000089C6DF6099C6EF60A9C6FF60B9C70F694
:103410000C9C71F60D9C72F60E9C73F60F9C74F664
:10342000109C75F6119C76F6129C77F6139C78F634
:10343000149C79F6159C7AF6169C7BF6179C7CF604
:10344000189C7DF6199C7EF61A9C80F61B9C81F6D2
:103450001C9C82F61D9C83F61E9C84F61F9C85F6A0
:10346000209C86F6219C87F6229C88F6239C89F670
:10347000249C8AF6259C8BF6269C8CF6279C8DF640
:10348000289C8EF6299C8FF62A9C90F62B9C91F610
:103490002C9C92F62D9C93F62E9C94F62F9C95F6E0
:1034A000309C96F6319C97F6329C98F6339C99F6B0
:1034B000349C9AF6359C9BF6369C9CF6379C9DF680
:1034C000389C9EF6399C9FF63A9CA0F63B9CA1F650
:1034D000E589A2F6EB89A3F6EF89A4F63E8AA5F664
:1034E000268BA6F65397A7F6E996A8F6F396A9F6C3
:1034F000EF96AAF60697ABF60197ACF60897ADF6ED
:103500000F97AEF60E97AFF62A97B0F62D97B1F655
:103510003097B2F63E97B3F6809FB4F6839FB5F628
:10352000859FB6F6869FB7F6879FB8F6889FB9F64F
:10353000899FBAF68A9FBBF68C9FBCF6FE9EBDF6AD
:103540000B9FBEF60D9FBFF6B996C0F6BC96C1F6AE
:10355000BD96C2F6CE96C3F6D296C4F6BF77C5F630
:10356000E096C6F68E92C7F6AE92C8F6C892C9F635
:103570003E93CAF66A93CBF6CA93CCF68F93CDF6F8
:103580003E94CEF66B94CFF67F9CD0F6829CD1F61B
:10359000859CD2F6869CD3F6879CD4F6889CD5F67B
:1035A000237AD6F68B9CD7F68E9CD8F6909CD9F6CB
:1035B000919CDAF6929CDBF6949CDCF6959CDDF609
:1035C0009A9CDEF69B9CDFF69E9CE0F69F9CE1F6C3
:1035D000A09CE2F6A19CE3F6A29CE4F6A39CE5F68F
:1035E000A59CE6F6A69CE7F6A79CE8F6A89CE9F65B
:1035F000A99CEAF6AB9CEBF6AD9CECF6AE9CEDF626
:10360000B09CEEF6B19CEFF6B29CF0F6B39CF1F6EE
:10361000B49CF2F6B59CF3F6B69CF4F6B79CF5F6BE
:10362000BA9CF6F6BB9CF7F6BC9CF8F6BD9CF9F686
:10363000C49CFAF6C59CFBF6C69CFCF6C79CFDF63E
:10364000CA9CFEF6CB9C40F73C9C41F73D9C42F760
:103650003E9C43F73F9C44F7409C45F7419C46F70E
:10366000429C47F7439C48F7449C49F7459C4AF7DE
:10367000469C4BF7479C4CF7489C4DF7499C4EF7AE
:103680004A9C4FF74B9C50F74C9C51F74D9C52F77E
:103690004E9C53F74F9C54F7509C55F7519C56F74E
:1036A000529C57F7539C58F7549C59F7559C5AF71E
:1036B000569C5BF7579C5CF7589C5DF7599C5EF7EE
:1036C0005A9C5FF75B9C60F75C9C61F75D9C62F7BE
:1036D0005E9C63F75F9C64F7609C65F7619C66F78E
:1036E000629C67F7639C68F7649C69F7659C6AF75E
:1036F000669C6BF7679C6CF7689C6DF7699C6EF72E
:103700006A9C6FF76B9C70F76C9C71F76D9C72F7FD
:103710006E9C73F76F9C74F7709C75F7719C76F7CD
:10372000729C77F7739C78F7749C79F7759C7AF79D
:10373000769C7BF7779C7CF7789C7DF7799C7EF76D
:103740007A9C80F77B9C81F77D9C82F77E9C83F737
:10375000809C84F7839C85F7849C86F7899C87F7F7
:103760008A9C88F78C9C89F78F9C8AF7939C8BF7AF
:10377000969C8CF7979C8DF7989C8EF7999C8FF769
:103780009D9C90F7AA9C91F7AC9C92F7AF9C93F705
:10379000B99C94F7BE9C95F7BF9C96F7C09C97F791
:1037A000C19C98F7C29C99F7C89C9AF7C99C9BF753
:1037B000D19C9CF7D29C9DF7DA9C9EF7DB9C9FF7EF
:1037C000E09CA0F7E19CA1F7CC9CA2F7CD9CA3F7CD
:1037D000CE9CA4F7CF9CA5F7D09CA6F7D39CA7F7C7
:1037E000D49CA8F7D59CA9F7D79CAAF7D89CABF78F
:1037F000D99CACF7DC9CADF7DD9CAEF7DF9CAFF756
:10380000E29CB0F77C97B1F78597B2F79197B3F741
:103810009297B4F79497B5F7AF97B6F7AB97B7F71A
:10382000A397B8F7B297B9F7B497BAF7B19ABBF7BD
:10383000B09ABCF7B79ABDF7589EBEF7B69ABFF7D5
:10384000BA9AC0F7BC9AC1F7C19AC2F7C09AC3F737
:10385000C59AC4F7C29AC5F7CB9AC6F7CC9AC7F7F0
:10386000D19AC8F7459BC9F7439BCAF7479BCBF74B
:10387000499BCCF7489BCDF74D9BCEF7519BCFF79B
:10388000E898D0F70D99D1F72E99D2F75599D3F73B
:103890005499D4F7DF9AD5F7E19AD6F7E69AD7F795
:1038A000EF9AD8F7EB9AD9F7FB9ADAF7ED9ADBF7AC
:1038B000F99ADCF7089BDDF70F9BDEF7139BDFF728
:1038C0001F9BE0F7239BE1F7BD9EE2F7BE9EE3F767
:1038D0003B7EE4F7829EE5F7879EE6F7889EE7F752
:1038E0008B9EE8F7929EE9F7D693EAF79D9EEBF759
:1038F0009F9EECF7DB9EEDF7DC9EEEF7DD9EEFF78B
:10390000E09EF0F7DF9EF1F7E29EF2F7E99EF3F713
:10391000E79EF4F7E59EF5F7EA9EF6F7EF9EF7F7D8
:10392000229FF8F72C9FF9F72F9FFAF7399FFBF7A3
:10393000379FFCF73D9FFDF73E9FFEF7449F40F801
:10394000E39C41F8E49C42F8E59C43F8E69C44F88B
:10395000E79C45F8E89C46F8E99C47F8EA9C48F85B
:10396000EB9C49F8EC9C4AF8ED9C4BF8EE9C4CF82B
:10397000EF9C4DF8F09C4EF8F19C4FF8F29C50F8FB
:10398000F39C51F8F49C52F8F59C53F8F69C54F8CB
:10399000F79C55F8F89C56F8F99C57F8FA9C58F89B
:1039A000FB9C59F8FC9C5AF8FD9C5BF8FE9C5CF86B
:1039B000FF9C5DF8009D5EF8019D5FF8029D60F838
:1039C000039D61F8049D62F8059D63F8069D64F807
:1039D000079D65F8089D66F8099D67F80A9D68F8D7
:1039E0000B9D69F80C9D6AF80D9D6BF80E9D6CF8A7
:1039F0000F9D6DF8109D6EF8119D6FF8129D70F877
:103A0000139D71F8149D72F8159D73F8169D74F846
:103A1000179D75F8189D76F8199D77F81A9D78F816
:103A20001B9D79F81C9D7AF81D9D7BF81E9D7CF8E6
:103A30001F9D7DF8209D7EF8219D80F8229D81F8B4
:103A4000239D82F8249D83F8259D84F8269D85F882
:103A5000279D86F8289D87F8299D88F82A9D89F852
:103A60002B9D8AF82C9D8BF82D9D8CF82E9D8DF822
:103A70002F9D8EF8309D8FF8319D90F8329D91F8F2
:103A8000339D92F8349D93F8359D94F8369D95F8C2
:103A9000379D96F8389D97F8399D98F83A9D99F892
:103AA0003B9D9AF83C9D9BF83D9D9CF83E9D9DF862
:103AB0003F9D9EF8409D9FF8419DA0F8429D40F992
:103AC000439D41F9449D42F9459D43F9469D44F982
:103AD000479D45F9489D46F9499D47F94A9D48F952
:103AE0004B9D49F94C9D4AF94D9D4BF94E9D4CF922
:103AF0004F9D4DF9509D4EF9519D4FF9529D50F9F2
:103B0000539D51F9549D52F9559D53F9569D54F9C1
:103B1000579D55F9589D56F9599D57F95A9D58F991
:103B20005B9D59F95C9D5AF95D9D5BF95E9D5CF961
:103B30005F9D5DF9609D5EF9619D5FF9629D60F931
:103B4000639D61F9649D62F9659D63F9669D64F901
:103B5000679D65F9689D66F9699D67F96A9D68F9D1
:103B60006B9D69F96C9D6AF96D9D6BF96E9D6CF9A1
:103B70006F9D6DF9709D6EF9719D6FF9729D70F971
:103B8000739D71F9749D72F9759D73F9769D74F941
:103B9000779D75F9789D76F9799D77F97A9D78F911
:103BA0007B9D79F97C9D7AF97D9D7BF97E9D7CF9E1
:103BB0007F9D7DF9809D7EF9819D80F9829D81F9AF
:103BC000839D82F9849D83F9859D84F9869D85F97D
:103BD000879D86F9889D87F9899D88F98A9D89F94D
:103BE0008B9D8AF98C9D8BF98D9D8CF98E9D8DF91D
:103BF0008F9D8EF9909D8FF9919D90F9929D91F9ED
:103C0000939D92F9949D93F9959D94F9969D95F9BC
:103C1000979D96F9989D97F9999D98F99A9D99F98C
:103C20009B9D9AF99C9D9BF99D9D9CF99E9D9DF95C
:103C30009F9D9EF9A09D9FF9A19DA0F9A29D40FA8C
:103C4000A39D41FAA49D42FAA59D43FAA69D44FA7C
:103C5000A79D45FAA89D46FAA99D47FAAA9D48FA4C
:103C6000AB9D49FAAC9D4AFAAD9D4BFAAE9D4CFA1C
:103C7000AF9D4DFAB09D4EFAB19D4FFAB29D50FAEC
:103C8000B39D51FAB49D52FAB59D53FAB69D54FABC
:103C9000B79D55FAB89D56FAB99D57FABA9D58FA8C
:103CA000BB9D59FABC9D5AFABD9D5BFABE9D5CFA5C
:103CB000BF9D5DFAC09D5EFAC19D5FFAC29D60FA2C
:103CC000C39D61FAC49D62FAC59D63FAC69D64FAFC
:103CD000C79D65FAC89D66FAC99D67FACA9D68FACC
:103CE000CB9D69FACC9D6AFACD9D6BFACE9D6CFA9C
:103CF000CF9D6DFAD09D6EFAD19D6FFAD29D70FA6C
:103D0000D39D71FAD49D72FAD59D73FAD69D74FA3B
:103D1000D79D75FAD89D76FAD99D77FADA9D78FA0B
:103D2000DB9D79FADC9D7AFADD9D7BFADE9D7CFADB
:103D3000DF9D7DFAE09D7EFAE19D80FAE29D81FAA9
:103D4000E39D82FAE49D83FAE59D84FAE69D85FA77
:103D5000E79D86FAE89D87FAE99D88FAEA9D89FA47
:103D6000EB9D8AFAEC9D8BFAED9D8CFAEE9D8DFA17
:103D7000EF9D8EFAF09D8FFAF19D90FAF29D91FAE7
:103D8000F39D92FAF49D93FAF59D94FAF69D95FAB7
:103D9000F79D96FAF89D97FAF99D98FAFA9D99FA87
:103DA000FB9D9AFAFC9D9BFAFD9D9CFAFE9D9DFA57
:103DB000FF9D9EFA009E9FFA019EA0FA029E40FB84
:103DC000039E41FB049E42FB059E43FB069E44FB73
:103DD000079E45FB089E46FB099E47FB0A9E48FB43
:103DE0000B9E49FB0C9E4AFB0D9E4BFB0E9E4CFB13
:103DF0000F9E4DFB109E4EFB119E4FFB129E50FBE3
:103E0000139E51FB149E52FB159E53FB169E54FBB2
:103E1000179E55FB189E56FB199E57FB1A9E58FB82
:103E20001B9E59FB1C9E5AFB1D9E5BFB1E9E5CFB52
:103E3000249E5DFB279E5EFB2E9E5FFB309E60FBFB
:103E4000349E61FB3B9E62FB3C9E63FB409E64FB99
:103E50004D9E65FB509E66FB529E67FB539E68FB22
:103E6000549E69FB569E6AFB599E6BFB5D9E6CFBE4
:103E70005F9E6DFB609E6EFB619E6FFB629E70FBA2
:103E8000659E71FB6E9E72FB6F9E73FB729E74FB50
:103E9000749E75FB759E76FB769E77FB779E78FB0E
:103EA000789E79FB799E7AFB7A9E7BFB7B9E7CFBDE
:103EB0007C9E7DFB7D9E7EFB809E80FB819E81FBA8
:103EC000839E82FB849E83FB859E84FB869E85FB6E
:103ED000899E86FB8A9E87FB8C9E88FB8D9E89FB34
:103EE0008E9E8AFB8F9E8BFB909E8CFB919E8DFB02
:103EF000949E8EFB959E8FFB969E90FB979E91FBCA
:103F0000989E92FB999E93FB9A9E94FB9B9E95FB99
:103F10009C9E96FB9E9E97FBA09E98FBA19E99FB64
:103F2000A29E9AFBA39E9BFBA49E9CFBA59E9DFB31
:103F3000A79E9EFBA89E9FFBA99EA0FBAA9E40FC5D
:103F4000AB9E41FCAC9E42FCAD9E43FCAE9E44FC4D
:103F5000AF9E45FCB09E46FCB19E47FCB29E48FC1D
:103F6000B39E49FCB59E4AFCB69E4BFCB79E4CFCEA
:103F7000B99E4DFCBA9E4EFCBC9E4FFCBF9E50FCB1
:103F8000C09E51FCC19E52FCC29E53FCC39E54FC79
:103F9000C59E55FCC69E56FCC79E57FCC89E58FC45
:103FA000CA9E59FCCB9E5AFCCC9E5BFCD09E5CFC0E
:103FB000D29E5DFCD39E5EFCD59E5FFCD69E60FCCF
:103FC000D79E61FCD99E62FCDA9E63FCDE9E64FC97
:103FD000E19E65FCE39E66FCE49E67FCE69E68FC51
:103FE000E89E69FCEB9E6AFCEC9E6BFCED9E6CFC13
:103FF000EE9E6DFCF09E6EFCF19E6FFCF29E70FCDE
:10400000F39E71FCF49E72FCF59E73FCF69E74FCAC
:10401000F79E75FCF89E76FCFA9E77FCFD9E78FC78
:10402000FF9E79FC009F7AFC019F7BFC029F7CFC39
:10403000039F7DFC049F7EFC059F80FC069F81FC06
:10404000079F82FC089F83FC099F84FC0A9F85FCD4
:104050000C9F86FC0F9F87FC119F88FC129F89FC98
:10406000149F8AFC159F8BFC169F8CFC189F8DFC5F
:104070001A9F8EFC1B9F8FFC1C9F90FC1D9F91FC28
:104080001E9F92FC1F9F93FC219F94FC239F95FCF5
:10409000249F96FC259F97FC269F98FC279F99FCC0
:1040A000289F9AFC299F9BFC2A9F9CFC2B9F9DFC90
:1040B0002D9F9EFC2E9F9FFC309FA0FC319F40FDBA
:1040C000329F41FD339F42FD349F43FD359F44FDA8
:1040D000369F45FD389F46FD3A9F47FD3C9F48FD72
:1040E0003F9F49FD409F4AFD419F4BFD429F4CFD34
:1040F000439F4DFD459F4EFD469F4FFD479F50FD01
:10410000489F51FD499F52FD4A9F53FD4B9F54FDCF
:104110004C9F55FD4D9F56FD4E9F57FD4F9F58FD9F
:10412000529F59FD539F5AFD549F5BFD559F5CFD67
:10413000569F5DFD579F5EFD589F5FFD599F60FD37
:104140005A9F61FD5B9F62FD5C9F63FD5D9F64FD07
:104150005E9F65FD5F9F66FD609F67FD619F68FDD7
:10416000629F69FD639F6AFD649F6BFD659F6CFDA7
:10417000669F6DFD679F6EFD689F6FFD699F70FD77
:104180006A9F71FD6B9F72FD6C9F73FD6D9F74FD47
:104190006E9F75FD6F9F76FD709F77FD719F78FD17
:1041A000729F79FD739F7AFD749F7BFD759F7CFDE7
:1041B000769F7DFD779F7EFD789F80FD799F81FDB5
:1041C0007A9F82FD7B9F83FD7C9F84FD7D9F85FD83
:1041D0007E9F86FD819F87FD829F88FD8D9F89FD43
:1041E0008E9F8AFD8F9F8BFD909F8CFD919F8DFDF3
:1041F000929F8EFD939F8FFD949F90FD959F91FDC3
:10420000969F92FD979F93FD989F94FD9C9F95FD8F
:104210009D9F96FD9E9F97FDA19F98FDA29F99FD52
:10422000A39F9AFDA49F9BFDA59F9CFD2CF99DFD3E
:1042300079F99EFD95F99FFDE7F9A0FDF1F940FEA2
:104240000CFA41FE0DFA42FE0EFA43FE0FFA44FE4E
:1042500011FA45FE13FA46FE14FA47FE18FA48FE14
:104260001FFA49FE20FA4AFE21FA4BFE23FA4CFEC1
:1042700024FA4DFE27FA4EFE28FA4FFE29FA0000D6
:104280000000610062006300640065006600670072
:10429000680069006A006B006C006D006E006F00C2
:1042A0007000710072007300740075007600770072
:1042B000780079007A00A100A200A300A500AC005C
:1042C000AF00E000E100E200E300E400E500E6000A
:1042D000E700E800E900EA00EB00EC00ED00EE008A
:1042E000EF00F000F100F200F300F400F500F6003A
:1042F000F800F900FA00FB00FC00FD00FE00FF00E2
:10430000010103010501070109010B010D010F0165
:10431000110113011501170119011B011D011F01D5
:10432000210123012501270129012B012D012F0145
:1043300031013301350137013A013C013E014001B1
:1043400042014401460148014B014D014F01510119
:1043500053015501570159015B015D015F01610185
:1043600063016501670169016B016D016F017101F5
:104370007301750177017A017C017E019201B1031D
:10438000B203B303B403B503B603B703B803B90369
:10439000BA03BB03BC03BD03BE03BF03C003C10319
:1043A000C303C403C503C603C703C803C903CA03C1
:1043B0003004310432043304340435043604370441
:1043C000380439043A043B043C043D043E043F04F1
:1043D00040044104420443044404450446044704A1
:1043E000480449044A044B044C044D044E044F0451
:1043F00051045204530454045504560457045804F9
:1044000059045A045B045C045E045F04702171214A
:1044100072217321742175217621772178217921E8
:104420007A217B217C217D217E217F2141FF42FF5A
:1044300043FF44FF45FF46FF47FF48FF49FF4AFF50
:104440004BFF4CFF4DFF4EFF4FFF50FF51FF52FF00
:1044500053FF54FF55FF56FF57FF58FF59FF5AFFB0
:104460000000410042004300440045004600470070
:10447000480049004A004B004C004D004E004F00E0
:104480005000510052005300540055005600570090
:10449000580059005A002100E0FFE1FFE5FFE2FF6C
:1044A000E3FFC000C100C200C300C400C500C600D5
:1044B000C700C800C900CA00CB00CC00CD00CE00A8
:1044C000CF00D000D100D200D300D400D500D60058
:1044D000D800D900DA00DB00DC00DD00DE00780166
:1044E000000102010401060108010A010C010E018C
:1044F000100112011401160118011A011C011E01FC
:10450000200122012401260128012A012C012E016B
:10451000300132013401360139013B013D013F01D7
:1045200041014301450147014A014C014E0150013F
:1045300052015401560158015A015C015E016001AB
:1045400062016401660168016A016C016E0170011B
:1045500072017401760179017B017D019101910362
:104560009203930394039503960397039803990387
:104570009A039B039C039D039E039F03A003A10337
:10458000A303A403A503A603A703A803A903AA03DF
:10459000100411041204130414041504160417045F
:1045A000180419041A041B041C041D041E041F040F
:1045B00020042104220423042404250426042704BF
:1045C000280429042A042B042C042D042E042F046F
:1045D0000104020403040404050406040704080497
:1045E00009040A040B040C040E040F046021612169
:1045F0006221632164216521662167216821692187
:104600006A216B216C216D216E216F2121FF22FF18
:1046100023FF24FF25FF26FF27FF28FF29FF2AFF6E
:104620002BFF2CFF2DFF2EFF2FFF30FF31FF32FF1E
:1046300033FF34FF35FF36FF37FF38FF39FF3AFFCE
:1046400000003E20486F7374204C69627261727979
:1046500020496E697469616C697A65640D0A003E6F
:10466000204465766963652041747461636865649C
:10467000200D0A003E204465766963652044697315
:10468000636F6E6E65637465640D0A003E20456E4F
:10469000756D65726174696F6E20636F6D706C65A6
:1046A000746564200D0A003E2048696768207370B5
:1046B0006565642064657669636520646574656317
:1046C0007465640D0A003E2046756C6C207370653D
:1046D00065642064657669636520646574656374E8
:1046E00065640D0A003E204C6F7720737065656429
:1046F00020646576696365206465746563746564C8
:104700000D0A003E20446576696365206661756C1C
:1047100074200D0A003E204D6173732073746F7214
:104720006167652064657669636520636F6E6E6599
:10473000637465640D0A003E204849442064657630
:1047400069636520636F6E6E65637465640D0A004E
:104750003E2053697A65206F66207468652064691D
:10476000736B20696E204D42797465733A200D0A8F
:10477000003E204C554E20417661696C61626C654B
:1047800020696E20746865206465766963653A0DFA
:104790000A003E204578706C6F72696E672064690C
:1047A000736B20666C617368202E2E2E0D0A003EFE
:1047B00020546865206469736B206973207772697F
:1047C00074652070726F7465637465640D0A003ED1
:1047D00020554E5245434F5645524544204552526E
:1047E0004F522053544154450D0A00004040404070
:1047F00040404040404141414141404040404040B4
:10480000404040404040404040404040050202029D
:104810000202020202020202020202022020202000
:10482000202020202020020202020202029090900A
:1048300090909010101010101010101010101010F8
:104840001010101010101002020202020288888854
:104850008888880808080808080808080808080858
:10486000080808080808080202020240EC4703088A
:10487000CAB1BCE43A20253034642D253032642D91
:104880002530326420253032643A253032643A25AE
:104890003032640AC5A8B6C83A20252E3266207088
:1048A00070620AB5E7B5BCC2CA3A20252E3466202C
:1048B00075732F636D0D0A00D848030800000020AF
:1048C00000010000746A0008D849030800010020B4
:1048D00048920000846A0008000000000000000008
:1048E0000000000000000000000A0D0001000100AF
:1048F00000000000000000000000000000000000B8
:104900000000000000000000000102030401020397
:104910000406070809000000000000000000000075
:104920000000000000000000000000000000000087
:104930000000000000000000753C0008293C000851
:10494000E9350008ED36000800030000954700082F
:10495000BF2D00087B2F000874000020000000001D
:1049600000000000094900083548000839480008DF
:10497000014A000849480008B54900088148000874
:10498000C148000837480008014800088D49000860
:10499000DD490008294A0008F9480008614A000872
:1049A0008949000859480008514A000800000000E1
:1049B00000000000000000000000000000000000F7
:1049C00000000000000000000000000000000000E7
:0849D0000000000000000000DF
:040000050800018965
:00000001FF
