:020000040800F2
:10000000E8A900209D010008C5160008CD130008CE
:10001000C1160008B3050008291D000800000000F3
:10002000000000000000000000000000D5180008DB
:10003000B70500080000000069170008D119000882
:10004000B7010008B7010008B7010008B7010008B0
:10005000B7010008B7010008B7010008B7010008A0
:10006000B7010008B7010008B7010008B701000890
:10007000B7010008B7010008B7010008B701000880
:10008000B7010008B7010008B7010008B701000870
:10009000B7010008B7010008B7010008B701000860
:1000A000B7010008B7010008B7010008B701000850
:1000B000B7010008ED1A0008B7010008B7010008F1
:1000C000B7010008B7010008B7010008B701000830
:1000D000B7010008B7010008B7010008B701000820
:1000E000B7010008B7010008B7010008B701000810
:1000F000B7010008B7010008B7010008B701000800
:10010000B7010008B7010008B7010008B7010008EF
:10011000B7010008B7010008B7010008B7010008DF
:10012000B7010008B7010008B7010008B7010008CF
:10013000B7010008B7010008B7010008B7010008BF
:10014000B7010008B7010008B7010008B7010008AF
:10015000B7010008B7010008B7010008B70100089F
:10016000B7010008B7010008B7010008B70100088F
:10017000B7010008B7010008B7010008B70100087F
:10018000B7010008B7010008DFF80CD000F0A0F8B4
:1001900000480047854A0008E8A900200648804733
:1001A00006480047FEE7FEE7FEE7FEE7FEE7FEE75C
:1001B000FEE7FEE7FEE7FEE7291A000889010008CE
:1001C00040EA01039B0703D009E008C9121F08C0D9
:1001D000042AFAD203E011F8013B00F8013B521E59
:1001E000F9D27047D2B201E000F8012B491EFBD2D0
:1001F00070470022F6E710B513460A460446194632
:10020000FFF7F0FF204610BD30B505462A460B46E5
:1002100012F8010B13F8014B08B1A042F8D01CB141
:10022000002802D06D1CF1E7284630BDCAB2401E3E
:1002300010F8011F8A4202D00029F9D1002070472E
:10024000421C10F8011B0029FBD1801A704710B521
:10025000002200E0521C835C8C5CA34201D1002B85
:10026000F8D1D8B2E1B2401A10BD30B50446002032
:10027000034600E05B1C934203D2E05CCD5C401B74
:10028000F8D030BD30B505460020034600E05B1CC9
:10029000934205D2EC5CC85C201A01D1002CF6D147
:1002A00030BD30B50B46014600202022012409E074
:1002B00021FA02F59D4205D303FA02F5491B04FA1F
:1002C00002F52844151EA2F10102F1DC30BD000048
:1002D000064C074D06E0E06840F0010394E8070093
:1002E00098471034AC42F6D3FFF752FF7054010820
:1002F0009054010821B1826842F00102826003E05B
:10030000826822F001028260704700000021084AE2
:100310001168084A1140D0E900231A4383681A4340
:10032000C3681A431143044AC2F80413704700001B
:1003300004230140E030FCFF0020014000B58DB0F7
:100340000121080201F042FA0820019003208DF8F3
:10035000080000208DF80B0001A9174800F0C6FF27
:100360000020039004900590069003A8FFF7CEFFAD
:1003700007A800F014F9002007908DF82000012054
:100380008DF82100002009900A900B9001208DF833
:10039000300007A9094800F077F803230122194625
:1003A000064800F09BF801210448FFF7A3FF03482B
:1003B00000F0F0F80DB000BD000002400020014048
:1003C0000146C86C80B270472DE9F05F82460C464A
:1003D0009346BAF1000F50D100BF00BF00BF00BF6D
:1003E00000BF27480068012804D1FFF7A7FF0020BD
:1003F000234908602348FFF7E3FF064640F6E44040
:100400007043060B4FF47A70B6FBF0F0C5B205EB03
:100410004500C0EBC510A6EBC0006421B0FBF1F0B5
:10042000C7B24FF47A7015FB00F007EBC70101EB80
:10043000071100EB8100301A0A21B0FBF1F8E82027
:1004400015FB00F007EBC70101EB071100EB810082
:1004500008EB880100EB4100A6EB000905F1300034
:10046000207007F13000607008F13000A07009F1D1
:100470003000E0700420BDE8F09F0020FBE70000A2
:10048000600000200020014030B50246002000231B
:100490005068104C20400D790C6844EA0524204334
:1004A000506090680C4C2040D1E903542C438D6877
:1004B0002C434D7944EA450420439060D06A20F4EF
:1004C00070000C7D641EE4B2234340EA0350D06206
:1004D00030BD0000FFFEFFFCFDF7FFC0F0B5044695
:1004E0000D4600200021092D11DDE068A5F10A0666
:1004F00006EB4607072606FA07F18843A5F10A0628
:1005000006EB460603FA06F10843E0600CE02069BA
:1005100005EB4507072606FA07F1884305EB450674
:1005200003FA06F108432061072A0FDA606B561EB2
:1005300006EB86071F2606FA07F18843561E06EBD0
:10054000860605FA06F10843606322E00D2A0FDAF9
:10055000206BD61F06EB86071F2606FA07F1884395
:10056000D61F06EB860605FA06F10843206310E065
:10057000E06AA2F10D0606EB86071F2606FA07F1D0
:100580008843A2F10D0606EB860605FA06F108433C
:10059000E062F0BD816841F08041816070470021D8
:1005A0000160017141718160C160016101210175CA
:1005B000704700BFFEE7704700B587B001210846CD
:1005C00001F0D4F80121102001F000F907220A21DE
:1005D0001F4800F0D3FE072209211D4800F0CEFE7F
:1005E00000208DF81A0001208DF81B0002208DF8E4
:1005F00018000002059002208DF8190005A9144882
:1006000000F074FE02208DF818004002059005A944
:100610000F4800F06BFE4FF4E13001900020ADF880
:100620000800ADF80A00ADF80C00ADF810000C2081
:10063000ADF80E0001A9074801F008FB01210548AB
:1006400001F0EBFA4021034801F0DEFA07B000BDEB
:10065000000002400010014001B504490098086004
:1006600000BF024800680028FBD108BD74000020CC
:1006700010B500F059F900F0D9FB0121002000F07D
:10068000CBFC00F0040028B10348006840F01000E3
:100690000149086010BD000078000020344800685F
:1006A000006800F00040E8B931480068006800F4D4
:1006B0008070B8B12F4800688068401C2D490968D7
:1006C00088602C4800688068012804D128480068A8
:1006D0002849096808602648006826490968486072
:1006E0000120704722480068006800F00040F0B91F
:1006F0001F480068006800F40070C0B11C48006822
:10070000006800F4807090B91948006819490968B8
:1007100008600020174909684860012015490968E8
:10072000886013480068C068114908601DE01048DF
:100730000068006800F00040B8B90D480068006823
:1007400000F4007088B90A480068006800F48070FE
:1007500058B9084800688068401C064909688860E4
:1007600003480068C068024908600020B9E700003B
:10077000840000208800002070B50546012100207B
:1007800000F04AFC00F0040444B10B48007828B99A
:100790000A4804F05DFC0120074908705CB906486E
:1007A000007840B1012006490870044804F03BFC81
:1007B00000200149087070BD7D000020200100204C
:1007C0007C00002030B10749896941F00201054AE7
:1007D000916105E00349896921F00201014A9161B3
:1007E000704700000090024070B50C46134600218F
:1007F000124D286000BF18E000EB41124FF0004599
:10080000156044F2F4555560C1EBC11505EB450583
:1008100004EB850595605D1E8D4204D900EB411502
:100820002035D56000E0D060491C9942E4D3044DE6
:10083000E860044D044E356070BD00008400002067
:1008400000900240CC4300208800002030B10749CE
:10085000896941F40051054A916105E003498969BC
:1008600021F40051014A916170470000009002405C
:1008700030B50C46134600210F4D286000BF15E02F
:1008800000EB41124FF480151560C1EBC11505EB6B
:10089000450504EB850595605D1E8D4204D900EB8E
:1008A00041152035D56000E0D060491C9942E7D35E
:1008B000024D286130BD0000800000200090024001
:1008C00002680A430260704710B50121480600F033
:1008D0005DFF00214FF0007000F058FF10BD01B522
:1008E00081B0002000900198009002E00098401E26
:1008F000009000980028F9D10CBD000008B5002038
:1009000000900848806940F48010064988610846D4
:10091000806900904FF6FF70FFF7E1FF01490098F2
:10092000886108BD009002401CB50121072000F03D
:100930001DFF0121880300F049FF012000F0CCFFDA
:100940000420009003208DF8050002208DF804009B
:1009500000208DF8060001208DF807006946414807
:1009600000F0C4FC0B2202213E4800F007FD0220EB
:10097000009069463C4800F0B9FC0B2201213A483E
:1009800000F0FCFC022000906946364800F0AEFC06
:100990000B220121334800F0F1FC802000906946D1
:1009A000304800F0A3FC0B2207212E4800F0E6FCA3
:1009B0001020009069462C4800F098FC0B2204217E
:1009C000294800F0DBFC202000906946264800F012
:1009D0008DFC0B220521244800F0D0FC4FF4006070
:1009E00000906946214800F081FC0B2211461F4807
:1009F00000F0C4FC4FF48050009069461B4800F0A2
:100A000075FC0B220C21194800F0B8FC4FF4005083
:100A100000906946154800F069FC0B220D2113482F
:100A200000F0ACFC4FF48070009003208DF80500BE
:100A300001208DF8040000208DF806008DF80700D5
:100A40006946084800F052FC4FF48071054800F0F8
:100A5000B8FC3220FFF700FE4FF48071014800F02F
:100A6000B2FC1CBD0000024000080240000402402D
:100A700000200449096801F0010109B1012000E0EA
:100A800000207047009002401EB500210022009215
:100A9000019202920C4A12681268C2F30D42111FB1
:100AA00000910A4A126812680292084A1268126893
:100AB00092680192044A1268D268034B1A609DE85A
:100AC0001C0080E81C001EBD84000020880000205F
:100AD0002DE9F04188B004460F464FF0000800258C
:100AE00000200790B94E029001200190B848056996
:100AF00025F01C0503A800F079FE049EB548864247
:100B000005D3B548864202D245F008051AE0B2483E
:100B1000864205D3AD48864202D245F00C0511E06D
:100B2000AA48864203D3AD48864200D20AE0AB48C9
:100B3000864205D3AA48864202D245F0040501E068
:100B400045F01005A24805614FF4004200213846E7
:100B500000F01CFB10B9002001906AE0A148FFF7EB
:100B6000BEFE2068002850D000BF0298401C0290B2
:100B70000121384600F050FA00F0040018B99A49F3
:100B800002988842F1D398490298884202D1002005
:100B900001904EE0002002904FF480520021384630
:100BA00000F0F4FA08B90020019000BF0298401C40
:100BB00002900121384600F02FFA00F0200018B909
:100BC000894902988842F1D387490298884202D124
:100BD000002001902DE0002002901F21384600F0F7
:100BE0001BFA804608F0100018B14FF40060206234
:100BF00001E00020206208F0040010B100206061D4
:100C000016E04FF48040606112E0206AC0F3CF002C
:100C10006169C1F34F0140EA01020021384600F04A
:100C2000B5FA08B9002001906FF07F40FFF757FE3A
:100C300000BF019820B94FF400602062C0006061DD
:100C40006348056869480540D4E901010843E16843
:100C500008432169084361690843A1690843E169C0
:100C60000843216A0843616A0843A16A0843E16AAC
:100C70000843216B0843616B0843054354480560F2
:100C800005684FF6FF70FFF72AFE51480560D4E96A
:100C90000E010843216C0843616C0843A16C0843B2
:100CA000E16C0843216D0843616D08434849486081
:100CB000084645684FF6FF70FFF711FE444845604F
:100CC0004349A06D8860E06DC860084685694FF6AD
:100CD00041700540B4F86010606E40EA0140A16EBA
:100CE0000843E16E0843216F0843616F08430543E1
:100CF0003748856185694FF6FF70FFF7F0FD34488E
:100D00008561D4E91E0108433149C8610846C569B7
:100D10004FF6FF70FFF7E3FD2D48C5613448856944
:100D200034480540D4E920010843D4F8881008432A
:100D3000D4F88C100843D4F890100843D4F89410D9
:100D40000843D4F898100843D4F89C100843D4F80A
:100D5000A010084305432648856185694FF6FF705A
:100D6000FFF7BDFD22488561D4E929010843D4F885
:100D7000AC100843D4F8B0100843D4F8B41040EADB
:100D80008100D4F8B810084340F400001849086006
:100D9000084605684FF6FF70FFF7A1FD144805608F
:100DA000006840F0800012490860084605684FF668
:100DB000FF70FFF794FD0E4805600198012802D1ED
:100DC00008B0BDE8F0810020FAE700000087930337
:100DD00000800240002D3101C00E160200E1F50531
:100DE00080D1F008FFFF0F00FFFF04000F8120FFFC
:100DF00000900240233FDEF810B50B794C7943EAAE
:100E00000422094B03441A64CB781B068C7843EA0E
:100E100004434C7843EA04230C7843EA0402024B6F
:100E200003445A6410BD00000080024010B5012147
:100E30004FF0606000F09AFCFFF746FD00F022F9E9
:100E400000BFFFF715FE0128FBD01E4800F044F953
:100E500001201C4908600020C8614FF400708862BE
:100E60000020C86288634864C864086548654FF418
:100E7000806048620020C1F880004FF00070C1F827
:100E800084000011C1F88C000020C1F89400C1F862
:100E900098000420C1F8A000C005C1F8A4004012C9
:100EA000C1F8A8008001C1F8AC004012C1F8B00040
:100EB0004000C1F8B80000210248FFF709FE0249CE
:100EC000086010BD480600207800002008B50146E3
:100ED0000020009031B10C48006840F004000A4A3C
:100EE000106005E00848006820F00400064A106021
:100EF0000548006800904FF6FF70FFF7F0FC024ACB
:100F00000098106008BD00000080024008B501464E
:100F10000020009031B10C48006840F008000A4AF7
:100F2000106005E00848006820F00800064A1060DC
:100F30000548006800904FF6FF70FFF7D0FC024AAA
:100F40000098106008BD00000080024070B50246A5
:100F50000023002500242E480068006800F00040AF
:100F600008B1002070BD2A48016840F2F450824266
:100F700008DD92FBF0F392FBF0F600FB162010B1B7
:100F80005B1C00E00123012B0CD1086840F04050AD
:100F90000860C2F30C004860086840F00040086038
:100FA000C96826E0002422E0086820F0405008606C
:100FB0001CB9086840F08050086040F2F450486066
:100FC000581EA0420DD1086840F000500860581E1D
:100FD000C0EBC01000EB4000A2EB8005C5F30C0095
:100FE0004860086840F000400860C968641C9C4282
:100FF000DAD3074801600748406900F0040020B1D7
:101000000420044E7061002070600120AAE70000F7
:10101000800000200090024018B502460B460021D7
:10102000002000901548016901F01C014FF4784040
:1010300000EAC22001434FF4F86000EA8310014344
:1010400021F0020141F001010C48016100BF00984C
:10105000401C00900948016901F0010018B1084CDA
:101060000098A042F3D3064C0098A04201D1002082
:1010700018BD0248406980B2FAE7000000800240D3
:10108000FFFF04000348006840F0010001490860C8
:10109000704700000090024000B50120FFF736FFC6
:1010A0000120FFF713FFFFF729FC0120FFF7CEFB1C
:1010B0000120FFF787FB00BD00B50020FFF7C6FB4E
:1010C0000020FFF77FFB0020FFF700FFFFF716FC73
:1010D0000020FFF71BFF00BD0121016000214160DE
:1010E0008160C16001614FF48041416100218161F3
:1010F000C1614FF400610162002141628162C162FD
:10110000016341638163C163402101642021416423
:1011100000218164C164016541658165C165016625
:101120008021416600218166C16601674167816750
:10113000C1674FF08061C0F880104910C0F884107A
:101140000021C0F888104FF40011C0F88C10002165
:10115000C0F89010C0F89410C0F89810C0F89C1017
:10116000C0F8A0104FF00071C0F8A4104912C0F8E8
:10117000A8108901C0F8AC104912C0F8B0100021C5
:10118000C0F8B410C0F8B8107047000038B5034676
:101190000C460021002000901448016901F01C0158
:1011A0004FF4784000EAC32001434FF4F86000EAAE
:1011B0008410014341F0020141F001010B484261FA
:1011C000016100BF0098401C00900848016901F0CF
:1011D000010018B1064D0098A842F3D3044D0098C1
:1011E000A84201D1002038BD0120FCE70080024068
:1011F000FFFF04007FB506460020039096F83100FB
:10120000C0F3001000285DD031480068002843D0AA
:10121000002003904FF4805200210846FFF7B6FFEC
:1012200000BF0398401C039001210020FFF7F4FE4B
:1012300000F0200018B9274903988842F1D3002014
:1012400003901F21FFF7E8FE044604F0100020B1D0
:101250004FF400601E49086202E000201C49086249
:1012600004F0040018B100201949486103E04FF46C
:101270008040174948611848056815484069144975
:10128000096A08430543144805604FF6FF70FFF7ED
:1012900026FB114805680560FFF7FEFE0F48029027
:1012A0006FF07F4001900E4800906B4601AA02A9A2
:1012B0000C4803F043FE0B4803F0F8FE00200A49F7
:1012C000087004E0FFF7F8FE064803F051FE7FBD0A
:1012D00048060020FFFF040000800240C0A8017AF9
:1012E000C0A80101200100207C000020F0B50A46C2
:1012F00000210023002400BF3DE0012505FA01F391
:10130000156805EA03049C4234D105684F000326A2
:10131000BE40B543056015794E00B54006683543BB
:1013200005601579012D02D01579022D16D1856839
:101330004F000326BE40B543856055794E00B54049
:10134000866835438560456801268E40B543456013
:10135000456896798E40B6B235434560C5684F0002
:101360000326BE40B543C560D5794E00B540C6687A
:101370003543C560491C1029BFD3F0BDF0B500232B
:1013800000244D07ED0E02FA05F3CE1000F1200502
:1013900055F826504E07F70E0F26BE40B543CF1026
:1013A00000F1200646F82750CE1000F1200555F830
:1013B000265045EA0304CE1000F1200545F82640EA
:1013C000F0BD4183704701837047000002A000F028
:1013D000ADFC00BFFEE70000686172646661756C79
:1013E000742121210A0000002DE9F04106460F4634
:1013F00090461D460024002E39D100BF35E058F834
:1014000024001CA1FEF723FFF8B955F824001AA107
:10141000FEF71DFF20B94FF400501849488323E020
:1014200055F8240016A1FEF712FF20B94FF48040B2
:101430001249488318E055F8240012A1FEF707FF6F
:1014400020B94FF400400D4948830DE055F82400C1
:101450000DA1FEF7FCFE38B94FF400500749088390
:101460004000088340000883641CBC42C7D307A027
:10147000BDE8F0816C65640031000000001002409E
:101480003200000033000000340000002F53544DA0
:101490003332463478374C45442E68746D6C000006
:1014A0001CB50121102000F061F94FF400500090AC
:1014B00001208DF8040000208DF8060001208DF831
:1014C000070000208DF8050069460D48FFF70EFF64
:1014D0004FF48040009069460948FFF707FF4FF43A
:1014E0000040009069460648FFF700FF4FF40050A7
:1014F0000349088340000883400008831CBD0000A6
:101500000010024000B587B003F04EFB03F096FCDC
:10151000274806906FF07F400590264804902648A3
:101520002649002204ABCDE90021029005AA06A9B4
:10153000234803F0CBFC224803F014FD2148006847
:10154000112826D11E4890F8310040F010001C49A7
:1015500081F83100084603F0A9FD1BA000F0E6FB6E
:101560007A200123A822C02100901EA000F0DEFBFB
:101570000020FF231A46194600901FA000F0D6FB5A
:1015800001200346A822C021009021A000F0CEFB3C
:1015900008E00B4803F0ECFC23A000F0C7FB28A0F8
:1015A00000F0C4FB2C49064803F03AFD07B000BD2B
:1015B000C0A8017AC0A80101DD2B0008952C000805
:1015C00020010020780000200A20205374617469F3
:1015D0006320495020616464726573732020200A7F
:1015E0000000000049503A2025642E25642E256411
:1015F0002E25640A000000004E45544D41534B3ADD
:101600002025642E25642E25642E25640A00000002
:10161000476174657761793A2025642E25642E250B
:10162000642E25640A0000000A20204E6574776F3E
:10163000726B204361626C6520697320200A000090
:10164000202020206E6F7420636F6E6E656374655A
:10165000642020200A000000F511000801B511499E
:1016600000980968401AFA2804D30E4900980860C7
:1016700006F0AAFB0C4900980968401A41F288312B
:10168000884204D308490098086001F005FA074928
:1016900000980968401AB0F57A7F02D30020FFF75E
:1016A0006BF808BD280000202C000020300000202E
:1016B00010B5024801F006FB10BD0000200100201B
:1016C00000BFFEE77047000070B5002100230F2225
:1016D000C4781CB3174C246804F4E064C4F5E064D7
:1016E000C4F30721C1F10404E3B20A4144789C40E9
:1016F000E1B28478144021430C07210E0E4C05788A
:101700006155047804F01F050124AC4005786D1183
:10171000AD0005F1E025C5F8004109E0047804F0CA
:101720001F050124AC40054D0678761145F826408A
:1017300070BD00000CED00E000E400E080E100E09E
:1017400010B5002807DA0A07140E054A00F00F0347
:101750001B1FD45403E00A07130E024A135410BD92
:1017600018ED00E000E400E07047000029B1064AEF
:1017700012680243044B1A6004E0034A1268824371
:10178000014B1A60704700003038024029B1064A08
:1017900012680243044B1A6004E0034A1268824351
:1017A000014B1A60704700001038024029B1064A08
:1017B00012680243044B1A6004E0034A1268824331
:1017C000014B1A60704700004038024029B1064AB8
:1017D00012680243044B1A6004E0034A1268824311
:1017E000014B1A607047000044380240F0B50021F8
:1017F00000220024022500260223324F3F6807F012
:101800000C0121B1042905D0082937D105E02E4F5C
:10181000076036E02D4F076033E02A4F3F1F3F68D7
:10182000C7F38056274F3F1F3F6807F03F036EB155
:10183000264FB7FBF3F7DFF88CC0ACF1040CDCF8F3
:1018400000C0CCF3881C07FB0CF40CE01E4FB7FB68
:10185000F3F7DFF870C0ACF1040CDCF800C0CCF397
:10186000881C07FB0CF4174F3F1F3F68C7F3014765
:101870007F1C7D00B4FBF5F7076002E0124F0760A4
:1018800000BF00BF0F4F3F6807F0F0010909104F7C
:101890007A5C0768D74047600A4F3F6807F4E05119
:1018A000890A0B4F7A5C4768D7408760054F3F68CD
:1018B00007F46041490B064F7A5C4768D740C76020
:1018C000F0BD0000083802400024F40000127A0045
:1018D00014000020704700000149086070470000B4
:1018E000DC0027420CB500200190009034480068CD
:1018F00040F480303249086000BF3148006800F48D
:10190000003000900198401C0190009818B901988F
:10191000B0F5A04FF1D12A48006800F4003010B1B2
:101920000120009001E0002000900098012846D19D
:1019300023484030006840F0805021494031086021
:101940002048006840F440401E4908601C480830A8
:1019500000681B49083108600846006840F40040F0
:1019600008600846006840F4A05008601648091F47
:101970000860081F006840F08070091F086000BF01
:101980000F48006800F000700028F9D040F20570A0
:101990000E4908600A480830006820F00300084932
:1019A000083108600846006840F00200086000BF87
:1019B00003480830006800F00C000828F8D10CBD7E
:1019C000003802400070004008544007003C0240CC
:1019D00010B500F00DF910BD10B5124800684FF4B5
:1019E0007A71B0FBF1F4601EB0F1807F01D3012069
:1019F0000FE0601E4FF0E02148610F214FF0FF30F3
:101A0000FFF79EFE00204FF0E0218861072008616B
:101A1000002008B100BFFEE70021481EFFF790FE3E
:101A200010BD00000000002010B51548006840F40B
:101A30007000134908601348006840F00100114924
:101A4000086000200F49083108600E4800680E4900
:101A500008400C4908600D48091D0860081F00680F
:101A600020F48020091F0860002006490C3108601E
:101A7000FFF738FF4FF0006001498039086010BD62
:101A800088ED00E000380240FFFFF6FE1030002431
:101A90007FB504460D4601210220FFF787FEADF811
:101AA00004500020ADF806000294ADF80C0001A926
:101AB0000D4800F05BF8012211460B4800F04CF88D
:101AC0000121094800F02BF81D208DF800000120AD
:101AD0008DF8010003208DF8020001208DF803002D
:101AE0006846FFF7F1FD7FBD0004004010B50121FD
:101AF000074800F020F8012804D1064800680A30A1
:101B0000044908600121024800F006F810BD0000F9
:101B10000004004024000020CA430282704721B123
:101B2000028842F00102028004E002884FF6FE7350
:101B30001A400280704730B502460020002300247E
:101B4000158A05EA0103958905EA010413B10CB170
:101B5000012000E0002030BD1AB183890B4383814E
:101B600002E083898B438381704700000022028852
:101B7000184B98420ED0184B98420BD0B0F1804FC2
:101B800008D0164B984205D0154B984202D0154B01
:101B9000984204D14FF68F731A404B881A43124B68
:101BA000984207D0114B984204D04FF6FF431A4099
:101BB0000B891A4302804B68C3620B880385054B6F
:101BC000984202D0044B984201D18B7A03860123BC
:101BD000838270470000014000040140000400407F
:101BE00000080040000C00400010004000140040BD
:101BF0000448006820B103480068401E014908609D
:101C0000704700007400002001F40072B2F5007FFC
:101C100000D100BFCA430280704721B1828942F4DB
:101C20000052828104E082894DF6FF731A4082815E
:101C3000704702460020B1F5007F00D100BF138835
:101C40000B400BB1012000E0002070472DE9FF4759
:101C500005460E460024A14600BFA046B08900B14B
:101C600000BF2C8A24F44054F08804432C82AC89B1
:101C700041F20C608443B08831890843718908437C
:101C80000443AC81AC8A24F44074B0890443AC8230
:101C90006846FFF7ABFD2048854202D01F488542C9
:101CA00002D1DDF80C9001E0DDF80890A88900F47D
:101CB000004040B109EBC90000EB09103168490050
:101CC000B0FBF1F707E009EBC90000EB0910316840
:101CD0008900B0FBF1F76420B7FBF0F004012009A4
:101CE000642101FB1078A88900F4004040B1322043
:101CF00000EBC800B0FBF1F000F00700044308E07F
:101D0000322000EB08106421B0FBF1F000F00F006E
:101D100004432C81BDE8FF870010014000140140FE
:101D2000C1F308028280704700BFFEE70FB4054B85
:101D300010B503A9044A029800F018F810BC5DF829
:101D400014FB00006D2D00081C01002002E008C8F3
:101D5000121F08C1002AFAD170477047002001E025
:101D600001C1121F002AFBD1704700002DE9FF4F6F
:101D700089B09B460446002506E025280BD05A462C
:101D80000B999047641C6D1C20780028F5D10DB08C
:101D90002846BDE8F08F0027B8460122474900E0F9
:101DA000074314F8013F203B02FA03F00842F7D141
:101DB00020782E2819D114F8010F47F004072A289B
:101DC0000ED06FF02F022078A0F1300109290CD835
:101DD00008EB880102EB410100EB0108641CF2E70B
:101DE0000A98641C50F8048B0A9020780028CED002
:101DF000642808D0692806D075281ED05A460B9949
:101E000090476D1C58E00A994FF00A0901C90A91E0
:101E1000002802DA40422D2102E0390504D52B21A9
:101E20008DF82010012103E0F90704D02021F7E705
:101E30008A4608AE0DE00021FAE70A994FF00A0938
:101E400001C90A91F7E74946FEF72BFA303106F847
:101E5000011D0028F7D1ADEB060000F1200978073D
:101E600001D44FF00108C84502DDA8EB090000E0ED
:101E700000208046002706E008A85A46C05D0B995E
:101E800090476D1C7F1C5745F6DB04E030205A4616
:101E90000B9990476D1CB8F10001A8F10108F5DC21
:101EA00005E016F8010B5A460B9990476D1CB9F1E5
:101EB0000001A9F10109F4DC641C65E709280100AF
:101EC00070B504460D4600BF04B970BD00BF606A1E
:101ED00058B1606A007B082807D12868616A496A9E
:101EE000884202D1204600F0A7F800BFEDE70000CD
:101EF0002DE9F04106460C46174600BF1EB96FF0AB
:101F00000D00BDE8F08100BF00BF14B96FF00500FF
:101F1000F7E700BF00BF00BF00BF00BF00224FF4C3
:101F20009A71104603F0DDF82061206910B94FF076
:101F3000FF30E6E700BF00BF607B20B93C48006887
:101F4000401C3B4908603A480068206020694068AE
:101F500060610120616908706169487096F82A0023
:101F60006169887000206169C870206802F03CFDDA
:101F7000616948600020616908816169488161691F
:101F8000C860082F09D0042F07D0032F08D1207B69
:101F9000052802D0207B042802D170686169C860DE
:101FA0000020616908616169486161698861002593
:101FB0000DE096F82A00A84203DD06F12B00405DF3
:101FC00000E0002061691C314855681C85B2102D65
:101FD000EFD3002505E0002160692C304155681CD5
:101FE00085B2402DF7D3002505E0002160696C30F3
:101FF0004155681C85B2802DF7D30E486169C1F840
:10200000EC0000202083002504E06069F030455595
:10201000681C85B2442DF8D301223521204600F0FA
:10202000EBF83946204600F0F7F8002069E7000099
:10203000AC000020638253632DE9F84305466C6AC7
:1020400000260C21204600F099F90422214628465A
:10205000FFF74EFF0646FEB904223221204600F06B
:10206000CBF8606A02F0D3FC80464146204600F07F
:10207000DCF8204600F00BF9228BF03291B2206997
:1020800003F089FA009543230B4A2169606806F042
:1020900075FA204600F012F8607B401C607342F233
:1020A000107707F2F3104FF4FA7190FBF1F06083B0
:1020B0003046BDE8F8830000F852010810B5044628
:1020C00000BF04B910BD00BF00BF00BF00BF00BF0C
:1020D000206910B1206903F0DCF900202061606103
:1020E00000BFEFE7F8B505466C6A00260020606285
:1020F0000621204600F042F9012221462846FFF73A
:10210000F7FE0646002E30D102223921204600F08B
:1021100073F8298D204600F0A9F8042237212046C3
:1021200000F06AF80121204600F076F803212046ED
:1021300000F072F81C21204600F06EF806212046BF
:1021400000F06AF8204600F0A2F8228BF03291B23B
:10215000206903F020FA00954323124A2169606840
:1021600006F00CFA2046FFF7A9FF607B401C607365
:10217000607B062803DA617B0120884000E03C2078
:1021800000EB4001C1EBC0104FF6FF7101EAC00740
:1021900007F2F3104FF4FA7190FBF1F060833046D0
:1021A000F8BD0000F852010870B505466C6A04B924
:1021B00070BD207B042809D003DC98B1032812D11C
:1021C00007E0052803D00A280DD101E000BF00BFB9
:1021D00000BF284602F0CCFE00206073284600F0C5
:1021E00079F806E005E0002060732846FFF77AFFE3
:1021F00000BF00BF00BFDBE710B500BF00BF048B0E
:10220000631C03834369F0331955048B631C0383F8
:102210004369F0331A5510BD00BF00BF038B5A1C31
:1022200002834269F032D154704710B500BF00BF3D
:102230000B0E048B621C02834269F0321355C1F30A
:102240000743048B621C02834269F0321355C1F3C9
:102250000723048B621C02834269F0321355048BFE
:10226000621C02834269F032115510BD10B500BFE7
:1022700000BF0B0A048B621C02834269F0321355C3
:10228000048B621C02834269F032115510BD00BFFD
:1022900000B9704700BF00BF00BF00BF00BFFF22F2
:1022A000038B591C01834169F031CA5406E00022B6
:1022B000038B591C01834169F031CA54018B4429B5
:1022C00003D3017E01F0030111B1018B4429EED348
:1022D00000BFDEE72DE9F84305466C6A032120467E
:1022E00000F04CF8032221462846FFF701FE06467F
:1022F0004EBB022239212046FFF77EFF4FF41071BA
:102300002046FFF7B3FF042232212046FFF774FF77
:10231000606A02F07CFB804641462046FFF785FF5D
:102320002046FFF7B4FF228BF03291B2206903F010
:1023300032F900954323104A2169606806F01EF9BE
:102340002046FFF7BBFE607B401C6073607B0A2861
:1023500005DA607B4FF47A7110FB01F001E042F284
:10236000107087B207F2F3104FF4FA7190FBF1F09E
:1023700060833046BDE8F883F8520108027B8A4248
:1023800003D0017300224273428370472DE9FC475A
:1023900005468846164600BF0DB9BDE8FC8700BF5C
:1023A00070892A2803DA304603F073F8F5E7776876
:1023B00007F10E042088B0F5807F08D12079062827
:1023C00005D16079042802D16088082803D03046FE
:1023D00003F05FF8E1E7D4F80E000190A0690090E7
:1023E000281D08B1686810B94FF0000907E000988F
:1023F0006968884201D1012000E000208146B9F1DE
:10240000000F01D0012000E00220034604F1080281
:1024100001A9284600F086FBE088B0F5807F03D054
:10242000B0F5007F31D12BE0B9F1000F26D00220AA
:1024300002F0E7FAE080D4F80E00A0616868C4F802
:102440000E0000BF00BFA068C4F81200A089E0829F
:10245000A0683860A089B880D8F80000A060B8F8FB
:102460000400A081D8F80000C7F80600B8F80400FE
:10247000788131462846AA69904700E000BF05E010
:1024800001A92846FFF71CFD00E000BF00BF304651
:1024900002F0FFFF00BF80E770B50546002412E0A0
:1024A00004EB8400094901EB8000867C4EB104EB0B
:1024B000840001EB80008068A84202D1204600F031
:1024C000B7F8601CC4B20A2CEADB70BD1CA5002062
:1024D0002DE9FC5F05460F464FF00A08C1460A2663
:1024E0000024A34600200190B246009000BF5CE0AB
:1024F00004EB84004D4A02EB8000817C0A2E02D15D
:1025000009B966B24FE000294DD000BF00BF5DB1F0
:1025100004EB8402454B03EB820228685268904228
:1025200002D160B2BDE8FC9F012928D104EB8400F0
:102530003E4A52F8200088B104EB840002EB800090
:10254000C27C009882422EDB4FFA84FA04EB8400AE
:10255000364A02EB8000C07C009024E004EB84004B
:10256000324A02EB8000C07C58451CDB4FFA84F8ED
:1025700004EB840002EB800090F813B013E0022912
:1025800011DB04EB8400294A02EB8000C27C019835
:10259000824208DB4FFA84F904EB8400234A02EB01
:1025A0008000C07C0190601CC4B20A2CA0DB07F044
:1025B000020020B90A2E05D107F0010010B94FF032
:1025C000FF30AFE70A2E01DAF4B21AE0B9F10A0FD0
:1025D00003DA09F0FF0400BF0EE0B8F10A0F02DAD7
:1025E00008F0FF0408E0BAF10A0F02DA0AF0FF046B
:1025F00002E04FF0FF3095E700BF00BF204600F03B
:1026000017F800BF00BF00BF00BF35B104EB840165
:10261000064A02EB810128684860002004EB84012F
:10262000024A02EB8101C87460B27BE71CA500205E
:1026300010B5044604EB84000C4951F8200060B149
:1026400004EB8401094A52F8210002F022FF002025
:1026500004EB8401054A42F82100002004EB8401C8
:10266000024A02EB8101887410BD00001CA5002005
:102670002DE9FC4704460F461546A94600BF00BF9A
:1026800000BF00BF00BF00BF0E21384602F044FF6C
:1026900018B16FF00100BDE8FC872146286801F001
:1026A0009DFB10B1DFF8048177E0287800F0F0009E
:1026B000E02815D101208DF8000000208DF80100E0
:1026C0005E208DF80200687800F07F008DF803002E
:1026D000A8788DF80400E8788DF80500E8465BE0FE
:1026E0002868A1680840D4E901121140884210D03E
:1026F000288880B24FF6A96188420AD004F10C0004
:1027000020B1E06810B104F10C0902E06FF00300A1
:10271000C1E72748007800EB8000264901EB8000E4
:10272000807C022812DB2249097801EB8101214AD1
:1027300002EB8101D9F800004968884206D11C48A3
:1027400002783946204600F037F8A4E700261BE05F
:1027500006EB8600174901EB8000807C022811DB24
:1027600006EB8601134A02EB8101D9F800004968A3
:10277000884207D10E490E70F2B23946204600F069
:102780001BF888E7701C46B20A2EE1DB3A46494640
:10279000204600F047F87EE700BF434604F12B02D5
:1027A0003946204600F05CF975E7000070530108D7
:1027B000180100201CA5002070B505460E461446E1
:1027C00000BF00BF04EB8400154901EB8000807C52
:1027D000022817D104EB840001EB8000C07CE428C0
:1027E00010DB04EB84000A4602EB8000011D284642
:1027F00000F020F930B9032004EB8401084A02EB11
:102800008101887404EB8400054901EB800000F12C
:102810000C0305F12B023146284600F021F970BD6A
:102820001CA500202DE9F05F80460E46174608F1F2
:102830002B094FF0FF3A4146306801F0CFFA38B922
:10284000307800F0F000E02802D00EB1306818B9FE
:102850006FF00D00BDE8F09F01213046FFF738FE14
:102860000446002C01DA2046F4E704EB84004249D8
:1028700001EB8000807C30B9012004EB84013E4AEA
:1028800002EB8101887400BF00BF04EB84003A4969
:1028900001EB8000807C012800D03FB931464046E2
:1028A00000F0C8F882460FB95046D3E700BF00BF1A
:1028B00004EB8400304901EB8000807C02280FDBB0
:1028C0002E490C7004EB84002B4901EB800000F1D1
:1028D0000C034A463946404600F0C2F8824648E0BA
:1028E00004EB8400244901EB8000807C012840D166
:1028F0004FF0000B3D4608E000BF00BF287B0128D9
:1029000002D04FF0010B02E02D68002DF4D100BF82
:10291000BBF1000F10D029890022032002F0E1FB57
:1029200005466DB13946284602F00AFD40B12846F9
:1029300002F0AFFD002503E03D46284602F067FEA9
:10294000A5B104EB84000C4951F8200030B104EB30
:102950008401094A52F8210002F09BFD04EB840037
:10296000054941F820504FF0000A01E04FF0FF3ACE
:1029700000BF50466EE700001CA500201801002093
:102980002DE9F84F0746884691469A46DDF828B06B
:102990000020009000BF00BF00222A21032002F087
:1029A000A0FB05461DB94FF0FF30BDE8F88F00BF12
:1029B00000BF6E6806F10E040D9802F022F8E08068
:1029C00000BF00BFDAF80000A060BAF80400A081E0
:1029D0000B980168C4F812108088E082D9F80000D2
:1029E0003060B9F80400B080D8F80000C6F80600DE
:1029F000B8F804007081DBF80000C4F80E000C98F1
:102A00000068A0614FF4807020800820608006205C
:102A10002071042060714FF4C160B08129463846AE
:102A2000BA6990470090284602F033FD00250098CF
:102A3000BBE700007FB504460D460121064A201D74
:102A400004F12B038DE825000391044A1946204622
:102A5000FFF796FF04B070BD76530108705301086C
:102A60002DE9F04105460E4617469846746800BFAA
:102A700000BFD8F800002060B8F80400A0803868D3
:102A8000C4F80600B88860810820A0813146284635
:102A9000AA699047BDE8F08170B500243DE004EBE1
:102AA00084001F4901EB8000857C25B304EB840082
:102AB00001EB8000C07C401C04EB8401184A02EB4F
:102AC0008101C87404EB8400114601EB8000C07CD6
:102AD000F0280DDA04EB840001EB8000807C0128F3
:102AE0000AD104EB840001EB8000C07C022803DBE8
:102AF0002046FFF79DFD0EE004EB8400084901EB42
:102B00008000807C032806D1022004EB8401044A63
:102B100002EB81018874601CC4B20A2CBFDB70BD5B
:102B20001CA500202DE9F04706460D46174698469D
:102B300000BF00BF5DB1286848B13146286801F088
:102B40004DF920B9287800F0F000E02803D16FF0AB
:102B50000D00BDE8F08741462846FFF7B9FC044662
:102B6000002C01DA2046F4E7022004EB84011A4A23
:102B700002EB8101887404EB8400114601EB8000B4
:102B8000866004EB840001EB80003968C160B9887D
:102B90000182002004EB840102EB8101C87404EB84
:102BA0008400114651F8200098B104EB840051F8DC
:102BB0002090002004EB840142F821003B4606F1FE
:102BC0002B0249463046FFF74BFF484602F061FCB6
:102BD00000BF0020BDE700001CA500202DE9F0414A
:102BE00004460E464FF00E0860890E2800DC49E0CE
:102BF0006568AF89287800F00100B0B12878012815
:102C000009D1687888B9A8785E280ED1607B40F039
:102C10001000607309E006221D492846FDF725FBD8
:102C200018B9607B40F008006073082F03D0B7F537
:102C3000C16F22D114E096F8310000F0200000B9F5
:102C400020E0C8F1000001B2204602F065FC10B19E
:102C500000BF00BF16E03146204601F0CBF90DE081
:102C600096F8310000F0200000B90BE0224606F192
:102C70002B013046FFF78AFB00E003E000BF002095
:102C8000BDE8F081204602F004FC0020F8E70000D7
:102C90007053010810B5044600BF00BF732084F8CC
:102CA0003200742133200155044860610448A0615A
:102CB000204601F079FD002010BD000071260008BB
:102CC0000949000870B50446204601F0ADFD0646EE
:102CD00016B94FF0FF3070BD21463046226990474B
:102CE000054615B1304602F0D4FB2846F3E72DE93E
:102CF000F04180460E460EB1307810B90020BDE894
:102D0000F081344600252BE008F1F40040F825401E
:102D1000274626212046FDF789FA04461CB10020EB
:102D20002070641C08E020213846FDF77FFA044635
:102D30000CB10020207000243D213846FDF776FAC2
:102D400007463FB100203870781C08F59A7141F8A9
:102D5000250004E0002108F59A7040F825106D1C4C
:102D6000102D01DA002CCFD12846C8E770B50446F3
:102D70000D46E1B20548FEF7D3FF00BF80210348AE
:102D8000FEF757FF0028F9D0204670BD0010014023
:102D90000146D1E90102801A704710B50446204669
:102DA00000F002F810BD000010B5014600200FE051
:102DB00000EB4002084B03EBC2028A4207D100221B
:102DC00000EB4003044C04EBC3031A7502E0401C03
:102DD0000A28EDDB00BF10BD58010020002114E0DF
:102DE00001EB41000B4A02EBC000007D60B90120FD
:102DF00001EB4102074B03EBC202107501EB4100EE
:102E00001A4602EBC0007047491C0A29E8DB002083
:102E1000F9E700005801002070B50646FFF7DEFF15
:102E200005460DB9002070BD0D4C11E030466168BB
:102E3000FDF70DFA58B9A0682860E0686860E0689E
:102E4000A8600020E860207C28742846EBE724680E
:102E5000002CEBD12846FFF7A7FF0020E3E7000096
:102E6000A85201082DE9F04104460F461646D4E960
:102E70000110884203D14FF0FF30BDE8F081D4E962
:102E80000101451AB54200DD3546A2682068811867
:102E90002A463846FDF794F9A0682844A0602846E1
:102EA000EBE7000070B504462B480068F0B12B48F2
:102EB0000068D8B12A480068C0B1002512E0274850
:102EC000006850F8251004F12E00FDF7C0F940B954
:102ED000C02204F1300128461F4B1B6898476085CB
:102EE00070BD6D1C1E4800688542E8DB04F12E00B1
:102EF000FDF7A6F9A72804D204F12E00FDF7A0F9EA
:102F000000E0A7200646122216A104F13000FDF7CA
:102F100057F9324604F12E0104F14200FDF750F951
:102F200006F1120004F13001084413A10A6802609E
:102F30008A88828089798171002206F1190004F162
:102F400030010A540846FDF77BF9064600BF00BF72
:102F5000668500BFC4E70000480000205000002044
:102F60004C0000203C623E2A2A2A554E4B4E4F57B9
:102F70004E205441472000002A2A2A3C2F623E005E
:102F80002DE9F04105460E4690462F4600BF00BF92
:102F90000121304604F023FD00F05AFD04461CB91F
:102FA0004FF0FF30BDE8F0812146304602F08EFC44
:102FB0000949304604F0ACFB0849304602F0BBFE3C
:102FC00004220749304603F071FD0649304604F0FB
:102FD00002FD0020E6E70000ED330008393000086C
:102FE000A5330008E939000870B505460C460021F4
:102FF000284602F06BFC0021284604F089FB0021E2
:10300000284602F098FE00221146284603F04EFDA5
:103010000021284604F0DFFC204600F027FD28466A
:1030200002F0A2FC064626B104220249284603F01B
:103030003DFD70BDA533000870B504460E4625461B
:1030400015B1284600F012FD70BD00002DE9F74FC4
:10305000064691464FF00008002086F82C000198A3
:1030600000782F2827D10198407820BB002414E055
:10307000434951F83400FFF7CFFE8046404850F8EE
:1030800034000190B8F1000F06D03D4800EBC400B9
:10309000007986F82C0002E0641C052CE8D300BF00
:1030A000B8F1000F64D101A800F072F8804600204A
:1030B00086F82C005CE03F210198FDF7B7F8054643
:1030C00015B1002028706D1C2E48006870B32E4882
:1030D000006858B300271CE02B48006850F83710F0
:1030E0000198FDF7B4F898B929463046FFF7FFFD7F
:1030F00082462548006800EBC70006F59A7306F182
:10310000F4025146D0F804C03846E047019004E08C
:103110007F1C1C4800688742DEDB00BF194800683E
:10312000874203D115B16D1E3F2028700198FFF72B
:1031300073FE8046B8F1000F03D101A800F028F813
:103140008046B8F1000F13D0002086F82C00002430
:103150000BE00E4850F824100198FDF755F818B10F
:10316000012086F82C0002E0641C042CF1D300BF7F
:103170004A4641463046019B00F038F8BDE8FE8FD4
:10318000BC520108580000205400002038000020E4
:1031900070B504460CA020602068FFF73DFE054690
:1031A0007DB90CA020602068FFF736FE054645B9C2
:1031B0000BA020602068FFF72FFE05460DB9002008
:1031C0002060284670BD00002F3430342E68746DA6
:1031D0006C0000002F3430342E68746D0000000045
:1031E0002F3430342E7368746D6C00002DE9F0417B
:1031F00004460D4616469846002D2AD0002020850C
:1032000084F8F1002868E0616868606228682062DC
:1032100025602868606000BF00BF686860610020AA
:10322000207600BF00BF2068007CB8B1B6B10DA108
:103230006269606802F06EFA07464FB1391D626834
:10324000881A6168014461606169091A616100BF9F
:1032500004E0002020606060606120760020BDE80E
:10326000F08100000D0A0D0A000000002DE9F74F63
:1032700084B00C460498D0F8009000BF00BF00BF97
:1032800000BF206808B9606820B16FF0070007B080
:10329000BDE8F08FA06810B9C4F8089003E0494673
:1032A000A06802F01DF8A068006898B1A0680089C5
:1032B00040F2FF31884202DAA068008901E040F262
:1032C000FF308046002342463149A06802F098F85A
:1032D0002F4E04E0D9F80460B9F80A8000BFB8F1B5
:1032E000070F42DB42462BA1304602F013FA82461A
:1032F000BAF1000F39D000200390042226A13046F5
:10330000FCF7C0FF08B9F51C04E0002030716FF035
:103310000D00BCE7681C801BA8EB000080B2029087
:103320001FA1681C029A02F0F5F907463FB919A1DE
:10333000681C029A02F0EEF9074601200390681C0F
:10334000381A80B201907FB1AF420DD9681C00904D
:10335000002028700022DDE9000142542046039A33
:103360000099FFF773FE92E700BFA06801F0DFFF4E
:103370008346A0680089B0F5806F05DABBF10A0FBB
:1033800002DC6FF0040082E76FF00D007FE70000C1
:10339000480200200D0A00004745542000000000AC
:1033A0002000000070B505460E462C462CB921467B
:1033B0003046FFF719FE002070BD207E401C2076AD
:1033C000207E042805D121463046FFF70DFE00205F
:1033D000F2E74CB1206838B12146304600F04EF893
:1033E00010B1304603F0DEF80020E5E72DE9FF419B
:1033F00007460D4698466FF009063C46B8F1000FA7
:1034000002D1029800B18CB9029838B102980189B2
:10341000284604F098F9029802F03BF82146284625
:10342000FFF7E2FD002004B0BDE8F08102980189B9
:10343000284604F088F9206838B92A46214602A8AF
:10344000FFF714FF064600BF00BF701D30B1A06833
:1034500020B1A06802F01DF80020A06026B9214626
:10346000284600F00BF806E006F10E0018B92146D8
:103470002846FFF7B9FD0020D5E700002DE9F84305
:1034800005460C464FF0000900276069002849D125
:10349000206830B921462846FFF7A6FD0020BDE888
:1034A000F8832068FFF774FC002805DC21462846D5
:1034B000FFF79AFD0020F2E7E06808B126691CE0FA
:1034C000A87F00F0080010B1E88E0C3800E0E88E0C
:1034D000460000BFB0B201F095FBE060E06808B1C3
:1034E000266105E0304606EBD0714E10642EF1DC0B
:1034F00000BFE06808B90020D1E73246E1682068E3
:10350000FFF7B0FC0646002E05DA21462846FFF7F5
:103510006BFD0120C3E76661E06860606662E06899
:10352000E06100BF94F82C00E8BBB5F86600616963
:10353000884203D2B5F86600009004E0A08A80B209
:10354000009000BF00BFA87F00F0080010B1E88E17
:103550000C3800E0E88E1FFA80F84FEA4800BDF80A
:103560000010884203DA4FEA4840000C009094F8BB
:103570002C0008B1012000E0002003466A462846DE
:10358000616800F088FA0746002F0BD14FF001095F
:10359000BDF80010606808446060BDF80010606904
:1035A000401A60610CE2FFE7B5F8660000906168C0
:1035B000E069884244D96168E069401AB5F866104C
:1035C000884203DDB5F86600009006E000BF00BF4A
:1035D000A08BA188401A80B20090A87F00F008005C
:1035E00010B1E88E0C3800E0E88E1FFA80F84FEA40
:1035F0004800BDF80010884203DA4FEA4840000C4A
:10360000009094F82C0008B1012000E0002003464F
:103610006A462846616800F03EFA07465FB94FF0F7
:103620000109BDF80010606808446060BDF8001032
:103630006069401A6061B5F8660008B948462EE72F
:103640006DE1BDF8000008B9484628E794F8F1009C
:10365000052815D2DFE800F00315349BFA00E06975
:103660000078DF4909680978884203D1012084F88D
:10367000F1002085606A401E6062E069401CE061E4
:103680004CE1208D052805D100202085022084F8FA
:10369000F10014E0E0690078218DD14A1268515C94
:1036A000884203D1208D401C208502E0002084F850
:1036B000F100606A401E6062E069401CE0612DE13B
:1036C000208DB0B9E069007820280BD0E06900783F
:1036D000092807D0E06900780A2803D0E06900785B
:1036E0000D2806D1606A401E6062E069401CE061FE
:1036F00014E1E0690078BB490968097888420FD075
:10370000E069007820280BD0E0690078092807D00C
:10371000E06900780A2803D0E06900780D2820D1FC
:10372000208D18B9002084F8F10029E0032084F8E6
:10373000F10000BF00BF94F8280084F82D0000219C
:10374000228D04F12E008154E0690078A5490968B2
:103750000978884202D10120208511E000202085CF
:103760000EE0208D012808DAE0690178228D501CD6
:10377000208504F12E00815402E0002084F8F1003D
:10378000606A401E6062E069401CE061C6E0208D16
:10379000B0B9E069007820280BD0E06900780928EA
:1037A00007D0E06900780A2803D0E06900780D2886
:1037B00006D1606A401E6062E069401CE061ADE0D5
:1037C000E0690078218D874A1268515C884242D1B5
:1037D000606A401E6062E069401CE061208D022842
:1037E00035D12046FFF75EFB00202085042084F8B9
:1037F000F100E06920626168206A884234D961681A
:10380000206A401ABDF80010884204DA208CA18892
:10381000401A80B2009094F82C0008B1012000E01A
:10382000002003466A462846616800F034F90746DE
:10383000D7B94FF00109BDF8001060680844606016
:10384000BDF800106069401A60610DE00DE0208D48
:10385000401C208508E0606A401E6062E069401CF0
:10386000E061002084F8F10058E06168206A884235
:103870002BD96168206A401ABDF80010884204DA2A
:10388000208CA188401A80B20090BDF8000068B179
:1038900094F82C0008B1012000E0002003466A469D
:1038A0002846616800F0F7F8074600E000277FBB74
:1038B0004FF00109BDF80010606808446060BDF871
:1038C00000106069401A606128E0208D618D884297
:1038D0001FDA608D218D401ABDF80010884204DA8D
:1038E000608D218D401A80B20090228D04F130004D
:1038F000111801236A46284600F0CDF8074667B93B
:103900004FF00109208DBDF800100844208504E027
:1039100004E00020208584F8F10000BF00BF606A49
:1039200010B1002F3FF48DAE94F8F100042847D079
:103930006168E069884243D96168E069401AB5F876
:103940006610884203DDB5F86600009006E000BF0F
:1039500000BFA08BA188401A80B20090A87F00F021
:10396000080010B1E88E0C3800E0E88E4000BDF889
:10397000001088420ADAA87F00F0080010B1E88E33
:103980000C3800E0E88E4004000C009094F82C0005
:1039900008B1012000E0002003466A46284661681D
:1039A00000F079F807465FB94FF00109BDF8001043
:1039B000606808446060BDF800106069401A60618A
:1039C000606950B92068FFF7E3F9002805DC21465B
:1039D0002846FFF709FB002061E548465FE5000047
:1039E000E4520108E85201082DE9F04104460E4670
:1039F0001746254615B90020BDE8F081002028763D
:103A000029463046FFF73AFD0020F5E700BF00BF2A
:103A100000BF00BF024A1060024A116070470000F8
:103A2000540000205800002000BF00BF00BF00BFAE
:103A300000BF00BF034B1860034B1960034B1A60B3
:103A40007047000048000020500000204C0000207B
:103A500010B54FF4BA7001F0D5F8044624B14FF414
:103A6000BA712046FCF7C5FB204610BD10B50446D0
:103A700084B1206820B12068FFF78FF90020206012
:103A8000E06820B1E06801F067F80020E0602046BF
:103A900001F062F810BD2DE9F0470646884617464A
:103AA000994600BF00BF3C8800BF4B4622464146B6
:103AB000304604F0C2F90546681C68B9B6F86600DD
:103AC00018B1B6F86800082801DB012404E020469C
:103AD00004EBD071C1F34F04681C08B9012CE4DC7D
:103AE0003C802846BDE8F08710B50448044A06CA61
:103AF00006C001210838FFF789FF10BD6C000020C7
:103B0000EC52010810B500F02FF8FFF7EDFF024866
:103B100000F004F810BD0000F452010870B504462E
:103B200002F0F8FC054600BF00BF0121284603F063
:103B300056FF50222146284601F0CAFE064600BF25
:103B400000BFFF21284602F079FC054600BF00BFF8
:103B50002946284601F0BAFE0249284601F051FEE6
:103B600070BD0000812F000810B5012202480168D5
:103B70000248FFF759FF10BD68000020C903000884
:103B800070B505460C4622460321284600F0B0F8E1
:103B900070BD00002DE9FE4F04468946656828780F
:103BA00000074FEA9068C8F10001204601F0B4FC1C
:103BB00010B92089042800D28DE0606890F800A038
:103BC000BAF1000F03D0BAF1080F7ED100E07DE01A
:103BD00001264548007800F0F000E02800D10026DA
:103BE00041490868494600F0F9F800B1002626B9B5
:103BF000204601F04EFCBDE8FE8F2089082800D247
:103C000069E0204600F0BFF818B1204601F041FC01
:103C1000F1E72221204601F07FFC48B341462046CF
:103C200001F07AFC10B100BF00BF58E021890022EA
:103C3000022001F056FA064606B950E000BF00BF68
:103C40002146304601F07CFB10B100BF00BF46E0CA
:103C50007568C8F1000001B2304601F05DFC10B19A
:103C600000BF00BF3BE0204601F013FC344608E0F3
:103C70006FF02101204601F04FFC10B100BF00BFE2
:103C80002DE0676818480068E860184800682861F7
:103C9000002038707880FF2028720020688141461B
:103CA000204601F039FC10B100BF0DE00DE001200D
:103CB0000021FF230A46CDE9010900910A49204667
:103CC00000F090FA064600BF00E000BF00BF2046AB
:103CD00001F0DFFB8FE7204601F0DBFB8BE720469E
:103CE00001F0D7FB00BF86E79C0000209800002071
:103CF0002DE9FE4306460F4690460022242101206E
:103D000001F0EFF905460DB9BDE8FE8300BF00BF25
:103D1000D6F804906C68277084F801800020A08099
:103D2000E08071686A6802F108001C22FCF748FA1A
:103D3000002060806989204600F01BF86080D9F877
:103D40000C00029001200021FF2302AACDE90010FF
:103D5000284600F02BFA284601F09BFB00BFD3E772
:103D600070B505460C4622460B212846FFF7C0FFDA
:103D700070BD70B504460D462946204600F053FE3E
:103D8000C04380B270BD2DE9F041064600240027F3
:103D9000354617E06989686800F045FE0444A0B222
:103DA00000EB1444688900EBD0714910A0EB41018D
:103DB00039B1C7F10100C7B2E0B2C4F3072141EA4B
:103DC00000242D68002DE5D127B1E0B2C4F307210E
:103DD00041EA0024E04380B2BDE8F08118B5024614
:103DE0000092D04300B10AB9012018BD91F831000A
:103DF00000F0020008B90020F7E74868904201D1BE
:103E00000020F2E700988B681840D1E90134234084
:103E1000984208D1886822EA00008C68E3439842FF
:103E200001D10120E1E70020DFE700002DE9F74F95
:103E30008CB004468946B9F82800089014200490F4
:103E40004FF0000860680B900B9EF08800F0E5FDD5
:103E500003900398C0F30C000790039800F40050FF
:103E600006902089143880B209900899A1F11400B5
:103E7000C11700EB5171C1F3CF010A91A4E008987A
:103E800014380999884201DB012000E000200590E8
:103E90000798C0F30C00069908430390059818B9D9
:103EA000039840F400500390059808B1099801E088
:103EB0000A98C0001FFA80FB00221421022001F0A2
:103EC00010F9054625B94FF0FF300FB0BDE8F08F6F
:103ED00000BF00BF142268680B99FCF771F96E6887
:103EE000616804980844606061890498081A6081D8
:103EF000CDF808B03FE061890298814201DD029867
:103F000000E060898046B8F1000F01D1246832E0FA
:103F100000F062F807462FB9284601F0BAFA4FF0D0
:103F2000FF30D2E760683B4602224146CDE90008F7
:103F3000032001F09FF98246BAF1000F08D13846FC
:103F400000F04FF8284601F0A4FA4FF0FF30BCE72C
:103F5000204601F05CFB7C611E48386151462846D2
:103F600001F0BEF90298A0EB080080B2029002981E
:103F700000B1246800BF02980028BCD1CDF81080A1
:103F8000039800F03EFDF0800BF1140188B200F0C0
:103F900038FD70800020708114213046FFF7E9FE63
:103FA0007081D9F81430294648460E9A9847284619
:103FB00001F06FFA0998A0EB0B0080B209900A9902
:103FC0000798084480B20790099800287FF457AFFB
:103FD00000BF7AE78947000810B5062000F060FFAF
:103FE00010BD10B5044600BF00BF2146062000F0FA
:103FF00015FF10BD2DE9F05F06460F464FF0010A90
:10400000756828780421B1EB201F05D0304601F0F7
:1040100040FA0020BDE8F09F287800F00F084FF626
:10402000FF7000EA8808688800F0F7FC8146708914
:10403000404502DB3089484504DA304601F029FA70
:104040000020E7E74946304601F0A5FA28695249C1
:104050000860E868514908604FF0010B3C4600BF1A
:1040600094F8310000F0010078B1201D68B160685B
:1040700058B1494800686168884205D046490868D7
:104080002146FFF7ABFE00B10DE0BBF1000F04D0FD
:104090004FF0000B4248046800E02468BC4200D1A5
:1040A0002468002CDCD100BF64B9687A112809D1DA
:1040B00005EB08004188B1F5884F02D13C464FF02E
:1040C000000A00BFBAF1000F13D03448006880B175
:1040D000324908683946FFF781FE28B92F48007831
:1040E00000F0F000E02804D1304601F0D2F90020C1
:1040F00090E724B9304601F0CCF900208AE7E8883F
:104100004FF63F71084038B1304600F0CDF8064612
:104110000EB900207EE775682248076022480560D6
:104120003946304601F0BCFA58BB687A01280DD0F8
:10413000062806D011280ED13946304604F00AF977
:104140001EE03946304601F039FE19E03946304666
:10415000FFF720FD14E0104908683946FFF73EFEDE
:1041600050B90D48007800F0F000E02804D07560E8
:1041700002213046FFF704FD304601F08AF900BF06
:1041800000BF00200749086007490860034908602C
:104190000149086000BF3DE79C0000209800002016
:1041A000BC00002090000020940000202DE9FE4F6C
:1041B00006460F4615469846DDE90C9A00BF00BF3B
:1041C000284600F0B7FA040002D1001FBDE8FE8FB8
:1041D00043462A4639463046CDE9009A029400F01B
:1041E00001F8F3E72DE9F84F05460F4690469A4649
:1041F000DDF828B00C9E00BF00BFB8F1000F3BD027
:104200004FF014091421284601F086F918B16FF017
:104210000100BDE8F88F6C6800BF00BF84F808A0FB
:104220000B986072D8F80000206148464FEAE971A7
:1042300009EB9171C1F3870141F04001217084F8CD
:1042400001B0288900F0DDFB60800020E080154887
:10425000008800F0D6FBA08012480088401C11495D
:1042600008800FB1386810B97068E06001E0386804
:10427000E0600020608103E06C6820690090E846FF
:10428000308D48B12889318D884205DD424631465E
:104290002846FFF7CBFDBCE7424629463046736906
:1042A0009847B6E7A00000202DE9F84F804600208F
:1042B0000090D8F80450287800F00F001421B1EBDA
:1042C000800F00D0ACE0E88800F0A7FBC0F30C0042
:1042D0004FF6FF7101EAC00A688800F09EFB29785A
:1042E00001F00F01A0EB81001FFA80FB404601F0B6
:1042F0001EF806464D48018888190A280ADD31460D
:10430000284600F0D9F920B14848008830440A28EE
:1043100000DD85E04648046812E06069E96888428B
:1043200009D1A0692969884205D1A089A988884254
:1043300001D1012000E0002000B103E000942468D6
:10434000002CEAD100BF34B93146284600F03AF9D2
:10435000044694B964E0E88800F05FFBC0F30C0009
:1043600058B9E08900F059FBC0F30C0028B11422C1
:10437000294604F10800FBF723FF2C48008830444D
:104380002A490880A87900F0200030B9A07F40F0C9
:104390000100A0770AEB0B00A0834146204600F005
:1043A00049F8D0B3A08B1430A083606840680768D8
:1043B00060684568142204F108012846FBF700FFF5
:1043C000A08B00F01EFB68800020E880688114212B
:1043D0002846FFF7CEFC6881D4F804800CE0D7F8BB
:1043E00004906FF01301384601F096F839464046C4
:1043F00000F076FFD9F80070002FF0D12046009928
:1044000000F0CAF8404600F092FF08490988081AEF
:10441000064908804046BDE8F88FFFE70020FAE72C
:10442000404601F036F80020F5E70000A800002023
:10443000A40000202DE9FC5F81460E4600254FF0C8
:10444000010BD6F804A0BAF8020000F0E6FA9AF8D8
:10445000001001F00F01A0EB810080B20090BAF8CB
:10446000060000F0DAFAC0F30C004FF6FF7101EA23
:10447000C000019000BF00BF746800202060019858
:10448000A080DDE900100844E080D9F804802AE02B
:10449000D8F80470A088B988884210DAC4F800807F
:1044A00055B1A088E988884203DBE088B988884252
:1044B00000DD62E02E6001E0C9F8046016E0A0882B
:1044C000B988884200D158E0A088F988884200DA8B
:1044D00053E02DB1E888B988884201D04FF0000B35
:1044E000D7F800803D46B8F1000FD1D100BFB8F138
:1044F000000F0ED14DB100BF00BF2E60E888A1882B
:10450000884206D04FF0000B03E000BF00BFC9F89F
:10451000046099F81E0000F0010060B3BBF1000FC9
:1045200026D0D9F804004068808810B14FF0000B05
:104530001EE02546D4F800800BE0D8F80440E88857
:10454000A188884202D04FF0000B05E02546D4F840
:104550000080B8F1000FF0D100BFBBF1000F07D011
:1045600000BF00BF00BF00BF00BF00BF00BF00BF53
:104570005846BDE8FC9F0020FBE7304600F0D7FE20
:1045800004490988081A03490880304600F081FF71
:104590000020EEE7A800002070B504460D4608484C
:1045A0000068A04203D106492068086003E000BF0C
:1045B00000BF206828602146052000F02FFC70BD58
:1045C000A400002070B505460E46052000F068FCEA
:1045D000044664B93146284600F06EF8B04203DB69
:1045E000052000F05DFC04460CB9002070BD2021C0
:1045F0002046FBF7FEFD0320E077064800682060B8
:10460000044804601422294604F10800FBF7D8FD91
:104610002046EBE7A40000202DE9F0470446894638
:10462000002600BF00BFB9F1000F01D000BF00BFDE
:104630006068D0F80480B8F80400C0B96568D8F89C
:1046400000006060142204F108016868FBF7B8FDFF
:1046500001212846FFF784FB284600F068FE074644
:1046600000BF00BFF01986B2284600F012FF65684F
:1046700010E0D5F80480AA46D8F80050504600F063
:1046800056FE074600BF00BFF01986B2504600F044
:1046900000FF00BF002DECD149462046FFF77CFF0C
:1046A00000BF00BF03480088801B024908803046D5
:1046B000BDE8F087A80000202DE9F05F0546894697
:1046C000002700BF0026B346B246194804681DE023
:1046D0006069E968884207D1A0692969884203D1E5
:1046E000A089A988884201D0012000E0002048B1BB
:1046F0000AF1010A0EB9264604E0E07FF17F884204
:1047000000DC2646206800B1A3462468002CDFD1D7
:104710002EB159463046FFF77FFF804647444F454C
:1047200002DABAF1010FCDDC3846BDE8F09F000097
:10473000A400002010B50246114801680FE091F86E
:10474000310000F0010048B110688B681840D1E9D1
:1047500001342340984201D1084610BD0968002960
:10476000EDD10848006830B10648006890F8310083
:1047700000F0010008B90020EFE702480068ECE70C
:10478000BC000020C000002070B505462C4600BFCC
:1047900000BF00BF00BF606910B1606900F079FE22
:1047A0002046FFF71EFC70BD70B50446062084F855
:1047B0002A00022084F82B0000212C2001552D20F6
:1047C00001552E2001552F2001553020015504F1AF
:1047D0002B010020FCF710FB40F2DC50208522204A
:1047E00084F8310005220C490C48FCF741F80522F9
:1047F0000B490C48FBF7F8FF002507E0074901EBE0
:1048000045104FF44001FCF75BF86D1C052DF5DBFE
:10481000FCF742FC70BD000008260020A407002021
:1048200044080020040700202DE9F04F87B0002441
:10483000A1460027A3466846FCF726F99DE8070035
:1048400003AB07C303980690DDF810A0069881B269
:104850000322104600F045FC8046B8F1000F2ED030
:10486000059E00BF454628E06F894FF0000915E01E
:1048700040F2F4531A1B0AEB04016B6803EB0900C6
:10488000FBF79EFCF668D6F808A040F2F450001B37
:104890003F1A40F2F450001B81440024381940F2C2
:1048A000F4518842E4D80AEB04016A6802EB09007B
:1048B0003A46FBF785FC3C442D68002DD4D1059E7B
:1048C0004FF0000B05E04FF000403060F6680BF150
:1048D000010B0B48006880685845F4D8002008494F
:1048E000096888600748406900F0800020B1802096
:1048F0000449486100208860404607B0BDE8F08F59
:1049000088000020009002402DE9F84F8B46344883
:104910000068806800904FF0000900240026A2463D
:104920002F48D0F8008000BF5D4644E0D8F8000072
:1049300000F0004010B16FF0010743E06E894FF0C6
:10494000000A25E040F2F4531A1B6B6803EB0A01DE
:10495000009B1819FBF734FCD8F80C80D8F800003D
:1049600000F0004010B16FF007072BE0D8F8080006
:10497000009040F2F450001B361A40F2F450001B35
:10498000824440F2F450001B48441FFA80F900248E
:10499000301940F2F4518842D4D86A6802EB0A0117
:1049A000009A10193246FBF70BFC344409EB060061
:1049B0001FFA80F92D68002DB8D14846FCF7C6FAD9
:1049C000002700BF0748406900F0200020B12020E8
:1049D00004494861002048603846BDE8F88F00006F
:1049E00080000020009002400146080601F47F424A
:1049F00040EA022001F47F0240EA122040EA1160FE
:104A0000704701460806000C40EA1120704700B5C7
:104A100003461846FFF7E8FF00BD00B50246104602
:104A2000FFF7EFFF00BDF8B505460A462B4600200C
:104A30000090002103F0010636B1002A04DD13F8CE
:104A4000010B8DF80100521E1C4603E034F8027B76
:104A50003944921E012AF9DC002A02DD20788DF803
:104A60000000BDF80000014488B200EB114188B29B
:104A700000EB114126B1C8B2C1F3072747EA002174
:104A800088B2F8BD08B5FCF70BFDFBF795FDFCF708
:104A9000A3FF40F2833140F2E730FCF7F9FF0FA0AB
:104AA000FDF744F97A200123A822C021009011A02B
:104AB000FDF73CF9FBF7DCFD1BA0FDF737F9FCF730
:104AC00021FDFFF71FF808E0FBF7E8FD08B1FCF750
:104AD000EFFD20480068FCF7C1FDF5E74C414E387A
:104AE000373230412045746865726E6574204465C4
:104AF0006D6F0A00D4DAB5E7C4D4B6CBE4AFC0C05A
:104B0000C6F7D6B1BDD3CAE4C8EBB5D8D6B7A3BAF9
:104B100025642E25642E25642E2564A3ACBCC8BF55
:104B2000C9B7C3CECA0A00004C414E3837323041B3
:104B30002042535020494E495420414E4420434F77
:104B40004D46494755524520535543434553530A13
:104B5000000000002400002070B5054605B970BDB6
:104B600000BF00BF00BF00BF0C480068854203D3F0
:104B70000B480068854200D3F1E7A5F1080400BFA7
:104B800000BF0020207107480068844201D2054818
:104B90000460204600F040FD00BFE0E7B0000020C8
:104BA000B4000020B800002000BF00BF114921F070
:104BB0000301114A1160114608684FF42051018029
:104BC0000021418001711146096801F520510B4A0D
:104BD00011600121126811714FF42051074A1268C7
:104BE0001180064A1268518003490968044A11601D
:104BF00070470000DB430020B0000020B40000201C
:104C0000B8000020F0B502460AB90020F0BDD01C63
:104C100020F0030082B20C2A00DA0C22B2F5205FE9
:104C200001DD0020F2E72F4800882F4E3688801BD8
:104C300083B250E02C480068C1180879002847D199
:104C40000E8803F10800301A904241D30E8803F118
:104C50000800361A02F11400864218D303F1080046
:104C6000104485B22048006844190020207108884B
:104C7000208063800D80012008712088B0F5205FBE
:104C800007D02088184E36683044458001E0012066
:104C9000087114480068814211D1124E306803E057
:104CA0000688114F3F68F01906791EB10F4E36681D
:104CB000B042F5D10B4E306000BF00BF00BF00BF57
:104CC00000BF00BF00BF00BF00BF01F108009DE7AB
:104CD00005480068C35AC2F520509842AADC00205B
:104CE00094E70000B8000020B0000020B4000020CD
:104CF0002DE9F04106460A46D01C20F0030082B29E
:104D00000C2A00DA0C22B2F5205F02DD0020BDE89B
:104D1000F08100BF00BF3E480068864203D33D4893
:104D20000068864201D33046F1E7A6F1080438480E
:104D30000088201A85B22088401B083887B200BF3F
:104D400000BFBA4201DD0020E1E7BA4201D130469E
:104D5000DDE72088DFF8B8C0DCF800C000EB0C010C
:104D6000087980BB088805F1080C94441FFA8CF37D
:104D7000DFF8A4C0DCF800C08C4508D1DFF890C093
:104D8000DCF800C09C44DFF89080C8F800C0DFF871
:104D900080C0DCF800C00CEB03014FF0000C81F880
:104DA00004C008804D802380B1F800C0BCF5205FAE
:104DB00008D0B1F800C0DFF85880D8F80080C444AB
:104DC000ACF8023022E0FFE702F11400B8421DD82F
:104DD00005F10800104483B20D480068C1180E4860
:104DE0000068814201D20C480160002008712088CF
:104DF00008804D8023800888B0F5205F06D00888A1
:104E0000DFF80CC0DCF800C06044438030467EE729
:104E1000B0000020B4000020B800002001B97047A5
:104E200000BF00BF0A46044B53F820301360024B0A
:104E300043F8202000BFF2E7EC6B002010B5002003
:104E400001E0431C98B20928FBDB114B23F003015E
:104E5000002019E000230F4C44F8203000220CE021
:104E60000C4B53F820300B600A4B43F820100A4BD0
:104E700033F810301944531C9AB2084B33F81030F1
:104E80009342EDDC431C98B20928E3DB10BD00001F
:104E9000136C0020EC6B0020FC5201080E5301083B
:104EA000024600BF092A01DB0020704700BF064808
:104EB00050F8221031B1044B086843F8220000BFBB
:104EC00000BF00BF0846F0E7EC6B00202DE9F0477B
:104ED00004460D4616461F46DDE909A9DDF8208087
:104EE00000BF00BF00206060A060E06084F8310077
:104EF0006062E061C4F820800E48007884F83400D5
:104F00000C480078401C0B490870C4F810903B46D0
:104F100032462946204600F011F82046D04710B10D
:104F20000020BDE8F0870448006820600248046063
:104F30002046F6E7C4000020BC0000202DE9F04127
:104F400006460F4614461D463946304600F02CF8FA
:104F50002146304600F0A4F82946304600F01DF8FE
:104F6000BDE8F0810149086070470000C0000020E2
:104F700010B5044694F8310000F0010060B114F857
:104F8000310F20F00100207014F8310900F02000EA
:104F900010B12046FDF780FA10BD09B9002200E0EB
:104FA0000A68C260704700002DE9F04107460C46D0
:104FB00054B320687968884201D1012000E00020C4
:104FC00010BB154806680BE030687968884206D146
:104FD000D6F80C80304600F00DFC464600E0F6683E
:104FE000002EF1D10D4805680CE055B1286840B19C
:104FF00028687968884204D10CB9002000E0206854
:105000002860ED68002DF0D10CB9002000E0206888
:105010007860BDE8F0810000DC000020D8000020AE
:1050200000B1C161704710B5044694F8310000F03A
:10503000100060B194F8310020F0100084F83100C5
:1050400000BFE06910B12046E169884700BF10BD8C
:1050500010B5044694F8310000F01000F8B994F847
:10506000310040F0100084F83100606A10B1204631
:10507000FDF79AF894F8310000F0010040B194F87F
:10508000310000F0200018B1211D2046FDF7D2FCB0
:1050900000BFE06910B12046E169884700BF10BD3C
:1050A00009B9002200E00A688260704710B5044622
:1050B00094F8310000F0010090B914F8310F40F07D
:1050C0000100207014F8310900F0100040B194F88C
:1050D000310000F0200018B1211D2046FDF7AAFC88
:1050E00010BD2DE9F05F83460F469046BBF1000FDF
:1050F00009D0BBF1010F08D0BBF1020F07D0BBF103
:10510000030F08D105E036260AE0222608E00E2625
:1051100006E0002604E000BF00BF0020BDE8F09FCD
:1051200000BFB8F1000F68D0B8F1010F74D0B8F12A
:10513000020F72D0B8F1030F70D10820FFF7B0FE54
:1051400004460CB90020E9E784F80C8000202060B8
:1051500006F110002044C01C20F00300606000BF76
:1051600000BF2781F01C20F00300C0F5FA70B842A0
:1051700001DD384604E0F01C20F00300C0F5FA70B1
:10518000608100BF00BF00BF00BF0120E081A246D8
:105190006089A7EB00092CE00820FFF781FE054697
:1051A00025B9204600F075F90020B7E785F80C8096
:1051B000002068732860CAF8005000BF00BFA5F83F
:1051C00008901FFA89F0B0F5FA7F02DA1FFA89F029
:1051D00001E04FF4FA70688105F11000686000BFCB
:1051E00000BF00BF00BF0120E8816889A9EB00096A
:1051F000AA46B9F1000FCFDC35E006F1130121F02A
:105200000302F91C21F00301114488B2FFF7FAFCF4
:10521000044624B9002081E711E011E01FE004F109
:1052200010003044C01C20F00300606027816781BB
:105230000020206084F80C8000BF00BF13E000BF96
:105240000720FFF72DFE04460CB9002066E700207A
:10525000606027816781206084F80C8003E000BFD4
:1052600000BF00205AE700BF0120E08100206073EA
:10527000204653E7F0B505460C46DDE9056735B134
:10528000012D06D0022D06D0032D08D105E03621D0
:1052900009E0222107E00E2105E0002103E000BF24
:1052A00000BF0020F0BD00BFC81C20F00300204458
:1052B000B84201DD0020F5E7002018602EB1C81CBF
:1052C00020F003003044586001E0002058600220C4
:1052D00058731C815C811A730120D8811846E1E75C
:1052E00010B5024600BF02B101B910BD00BF1046A3
:1052F00004E003890C892344038100680368002BC0
:10530000F7D100BF00BF00BF00BF03890C89234451
:105310000381016000BFE8E730B505460C46214631
:105320002846FFF7DDFF204600F071F930BD014649
:10533000002002E0421CD0B209680029FAD170476F
:105340002DE9F04105460C460026002700BF25B197
:105350001CB128892189884203DA6FF00D00BDE86D
:10536000F08100BF00BF6889801B6189C91B88422A
:1053700004DB6089C01B1FFA80F803E06889801B8A
:105380001FFA80F86268D1196A6890194246FAF7E4
:1053900017FF06EB080086B207EB080087B200BFD4
:1053A00000BF00BF00BF6089B84201DC002724684D
:1053B0006889B04208D100262D6800BF1DB914B11C
:1053C0006FF00D00CBE700BF54B16089218988429E
:1053D00006D100BF206810B16FF00500BFE700BF25
:1053E00055B168892989884206D100BF286810B163
:1053F0006FF00500B3E700BF002CB4D10020AEE78A
:105400002DE9F05F8046894616461D464FF0000B99
:1054100000BFB8F1000F02D10020BDE8F09F00BF2F
:1054200000BFB9F1000F01D10020F6E700BF4FF037
:10543000000AB8F1000F02D0B9F1000F01D100202D
:10544000EBE7444620E035B16089A84203DC60897F
:10545000281A85B217E06089401B87B2B74200DD89
:1054600037466268511909EB0A003A46FAF7A8FE76
:105470000BEB07001FFA80FB0AEB07001FFA80FA0C
:10548000F01B86B2002524680EB1002CDBD15846F3
:10549000C3E72DE9F047044624B900BF00BF002050
:1054A000BDE8F08700BF00BF002631E000BF00BFAD
:1054B000E089401E1FFA80F8A4F80E80B8F1000FB2
:1054C00024D12768257B607B00F0020038B1A1461B
:1054D00000BF00BF2046D9F81010884712E0032D06
:1054E00004D121460820FFF799FC0BE0012D01D0E3
:1054F000022D04D121460720FFF790FC02E0204650
:10550000FFF72AFB701CC6B23C4600E0002400BF37
:10551000002CCBD13046C3E770B5024600BF00BFB8
:1055200001B10AB9002070BD002908DA484284B2EE
:1055300000BF5089A04201DA0120F4E700E08CB2FC
:10554000137B55680BB1032B0AD15068401A506089
:1055500002F110005668864215D255600120E2E73C
:10556000022B01D0012B0AD1002906DA5089A04272
:1055700003DB5068401A506005E00120D3E700BF0C
:1055800000BF0120CFE750890844508110890844AA
:1055900010810020C7E72DE9F04106460F4600BF05
:1055A00000BF00BF00BF3089B84201DCBDE8F08118
:1055B0003089A7EB00083D4634460AE06089281A86
:1055C00085B200BF00BF208940442081246800BF0D
:1055D00000BF6089A842F1DB207B60B96089A842E6
:1055E00009D0A088001B284481B22046FFF780FB29
:1055F000044600BF00BF658160892081206810B12A
:105600002068FFF746FF0020206000BFCEE710B102
:10561000C189491CC181704730B500BF00BF00BFC0
:1056200000BF00BF00BF00BF00BF0388194C246843
:105630001919884215D00B799BB9174B1B689942F1
:105640000FD0164B1B688B4201D1144B18600B888E
:105650000380104B1B88C31A0C880E4D2D682C44F8
:10566000638043880B4C24681A19824211D0137945
:105670007BB90A4B1B68834201D1084B1A6003882F
:105680001380044B1B88D31A0488024D2D682C44C8
:10569000638030BDB0000020B4000020B8000020BE
:1056A0002DE9F04705468A460027D5F8048098F88A
:1056B00009900026144804681FE0207C48451AD150
:1056C00034B1206820B1114920680968884212D19C
:1056D000606980B10E4B2A462146D4E905C0E047F7
:1056E00048B10025012736B1E068F060064800683F
:1056F000E060054804602646E4680FB9002CDCD160
:105700003846BDE8F0870000C80000209C0000205B
:10571000980000202DE9F04105460E46904630469F
:10572000FAF78EFD074617B92846BDE8F0812C46EA
:105730000CE020783178884207D13A46314620463D
:10574000FAF7A0FD08B92046EFE7641C207820B1E5
:10575000E01905EB08018842EBD90020E5E70000DD
:105760002DE9FC4704460E4600BF00BF207E0A28F4
:1057700008D121461C4801F051F921460220FFF7CB
:105780004DFB2FE0276DD4F82880D4F88850D4F84A
:10579000109000BF2146154801F040F9012014493E
:1057A000087000BF206F10B1206F02F0BCF8E06EEF
:1057B00010B1E06E02F0B7F84EB1A08B618B231DE3
:1057C0002246CDE900104146384602F061F82146F4
:1057D0000220FFF723FB00BF1DB16FF0090148460F
:1057E000A84700BFBDE8FC87E0000020DC000020E7
:1057F000E800002010B5044601212046FFF7B0FF65
:1058000010BD4161704703466FF00900704700000A
:1058100070B506460220FFF743FB04467CB900F052
:1058200057FD0220FFF73CFB04463CB9304600F030
:1058300025FD0220FFF734FB044600BF00BF002C0B
:105840003AD094212046FAF7D4FC1034667241F223
:10585000D060A4F856000020A4F8580040F6683044
:10586000A083E083002004F8070CFF2004F8060C56
:105870004FF40670E0840620A086002020860620D3
:105880006086C01FA0840120A08700F07DFE054631
:10589000A5642564A563E56408480068606108485C
:1058A000007860740020E0730648E0660648E06710
:1058B000002084F88200103C204670BDD0000020FB
:1058C000EA0000201977000800DD6D0001617047D3
:1058D0002DE9F04705460C4617464FF0040900BF76
:1058E000287E18B16FF00500BDE8F08700BF37B91A
:1058F00000F016FE074617B96FF00100F4E74FF00D
:10590000000819E0164850F82800066810E0708B6F
:10591000B8420CD146B1306830B12CB1206818B112
:1059200030682168884202D16FF00700DCE7F66832
:10593000002EECD108F10108C845E3DB1CB120685A
:1059400008B1206828606F8300BF06480068E860DF
:105950000448056002F0E0F900BF0020C4E7000041
:1059600060530108D400002010B50446207E0128B1
:1059700003D0A07F40F01000A0770121204600F066
:1059800001F810BD7CB504460E46002E5BD0207E8B
:10599000042802D0207E072855D1606F20B9A08D41
:1059A00040F6683188424ED000BF00BFA08B618BAB
:1059B000CDE90010231D2246A16A206D01F068FF89
:1059C000204601F00BF800BF00BF5A480068A04213
:1059D00005D158480068C0685649086018E0554825
:1059E0000068554908600EE053480068C068A0424E
:1059F00004D15149E0680968C86008E04E48006871
:105A0000C0684D4908604C4800680028ECD100BFD0
:105A10000020E06000BF01204849087000BF207EE0
:105A200004280AD10A20207600BF45480068E060BB
:105A30004348046002F070F903E021460220FFF7BA
:105A4000EDF900207CBD207E082868D2DFE800F058
:105A500004343F4F5767675F0025608B30B300BF4A
:105A600038480068A04205D136480068C06835490A
:105A7000086018E0334800682F4908600EE02E489F
:105A80000068C068A04204D12B49E0680968C8607A
:105A900008E029480068C06827490860264800686F
:105AA0000028ECD100BF0020E06000BF21460220AA
:105AB000FFF7B4F9002435E000252146224800F024
:105AC000ADFF21460320FFF7A9F900242AE00025B5
:105AD00000BF2146174800F0A1FF012017490870B8
:105AE00000BF21460220FFF799F900241AE0204662
:105AF00001F04CFF05460DB90520207612E0204646
:105B000001F044FF05460DB9052020760AE0204645
:105B100001F03CFF05460DB90920207602E0002582
:105B2000002400BF00BF1CB115B9204600F03AFDAB
:105B3000284687E7DC000020E4000020E800002081
:105B4000E0000020D4000020D80000202DE9F05F04
:105B500007460E4691469A46DDF8288008F0010077
:105B600008B1042000E0002008F0020109B10C2176
:105B700000E0002145180420FFF792F9040005D148
:105B80003046FFF786FC0020BDE8F09F84F80A80CD
:105B90000020206066603089401B2081142130463F
:105BA000FFF7BAFC20B1204601F0B0FE0020EBE781
:105BB00060684068E060788BFEF723FFE16808804A
:105BC000B88BFEF71EFFE16848805046FEF70CFFD9
:105BD000E1684860AB46E91705EB91718910491DF2
:105BE00049EA013188B2FEF70CFFE16888810020A4
:105BF000E16848822046C7E72DE9F04105460E4698
:105C00003046FEF797FD044654B1208D40B1208DFB
:105C1000283887B2BD4201DA284600E038460546FA
:105C20002846BDE8F0812DE9F84304460D460027DB
:105C3000B84600BF00BFB4F86800082805DAB4F819
:105C400068004FF6FC71884207D9A07F40F08000C1
:105C5000A0774FF0FF30BDE8F88305F0020000B1F7
:105C6000012707F0010008B1042000E0002007F040
:105C7000020109B10C2100E0002100EB0108B4F899
:105C8000660010B94FF0FF30E5E7002241461046AC
:105C9000FFF727FA5FEA000906D1A07F40F08000F5
:105CA000A0774FF0FF30D6E700BF00BF00972A462D
:105CB00049462046E36DFFF749FF060005D1A07F66
:105CC00040F08000A077701EC5E700BF00BF00BF96
:105CD00000BFE06E08B9E66607E0E06E00E000682D
:105CE00001680029FBD1066000BF0020A4F86A000B
:105CF00005F0020010B905F0010038B1E06D401C5C
:105D0000E065B4F86600401EA4F8660005F00100E6
:105D100018B1A07F40F02000A0777068FFF707FB64
:105D200034F8681F0844208034F8680908B100BFBF
:105D300000BF00208FE700BF00BFC0F88810704789
:105D400070B51B480078401C1949087000BF1948FD
:105D5000046829E094F8210015490978884223D085
:105D60001348007884F82100A07F00F0010060B1A2
:105D700000BFA07F40F00200A07700BF204600F0E7
:105D800011FCA07F20F00300A077E568606F48B1A8
:105D9000002009490870204601F056F906480078AD
:105DA00000B1D4E72C4600BF002CD3D170BD000059
:105DB000EA000020DC000020E80000202DE9FC477C
:105DC00006468A46FE4970680860FD4871680068AA
:105DD000007800F00F0001EB8000FA490860F848F5
:105DE000006800780007800E41423046FFF794FBC0
:105DF00010B93089142800D211E2F34908685146DD
:105E0000FDF7ECFF28B9F048007800F0F000E0283A
:105E100000D104E2EB4909688889FEF7FEFD4FEAEC
:105E200020394FEA890041423046FFF775FB00B147
:105E3000F5E1E44909680888FEF7EFFDE1490968E2
:105E40000880E04909684888FEF7E7FDDD490968F0
:105E50004880DC4909684868FEF7D9FDD9490968D6
:105E60004860DA490860D74909688868FEF7CFFDBD
:105E7000D44909688860D6490860D2490968C88948
:105E8000FEF7CBFDCF490968C881CE4909688889EA
:105E9000FEF7C3FD00F03F00CE4908703089097855
:105EA00001F0030109B1012100E000210844CA49C1
:105EB00008800027C94804682AE000BF00BF00BF6F
:105EC00000BF00BF00BFA08BBE4909680988884297
:105ED0001CD1608BBB4909684988884216D1C049EA
:105EE00060680968884211D1B7492068096888420A
:105EF0000CD100BF00BF37B1E068F860B748006858
:105F0000E060B648046000BF00BF03E02746E468D5
:105F1000002CD2D100BF002C4DD1B248046820E043
:105F200000BF00BFA08BA74909680988884217D124
:105F3000608BA44909684988884211D1A8496068E2
:105F4000096888420CD1A04920680968884207D1B5
:105F5000204601F0E3FE3046FFF79BFABDE8FC87E0
:105F6000E468002CDCD100279F48056810E0688BAE
:105F7000944909684988884208D193492868096882
:105F8000884202D00DB1286800B903E02F46ED68C1
:105F9000002DECD100BF75B137B1E868F8609248C8
:105FA0000068E86090480560284600F0AFF9304688
:105FB000FFF76FFAD2E7002C76D000208B490860FB
:105FC00030890881084646607E480068C860002025
:105FD00087490860874908707E48007800F008000B
:105FE00018B1707B40F001007073606F58B12046AB
:105FF00001F02AF80A3028B1606F20B17648008895
:10600000002800DDB9E07C480460204600F056FD21
:10601000804608F10A00002817D07648007800F082
:10602000080098B100BFD4F8880028B16FF00A01C9
:10603000D4F888202069904700BF2146674800F0C7
:10604000EDFC21460220FEF7E9FE95E06948007864
:1060500000F01000B8B1A07F00F0100050B900BFF0
:10606000D4F8880028B16FF00B01D4F8882020699B
:10607000904700BF2146594800F0D0FC214602203D
:10608000FEF7CCFE78E04FF00008B4F8640000287A
:1060900012DD00BFA06F40B1B4F864202146A36FA9
:1060A00020699847804602E077E04FF0000800BF83
:1060B00008F10A0000B960E04D48006868B300BF0D
:1060C00000BFA07F00F0100038B149480068FFF71A
:1060D000E0F92046FFF78EFB4FE000BFE06F48B1CC
:1060E00000234349D4F87CC020690A682146E04770
:1060F000804607E000233E4821460268184601F02A
:106100000BFB804600BF08F10A0000B935E0B8F18A
:10611000000F02D03648006860673648007800F00B
:10612000200018B3606F30B1606F407B40F02000FA
:10613000616F48731AE0A08D40F66831884202D042
:10614000A08D401CA08500BFE06F40B100231A461F
:106150002146D4F87CC02069E047804601E04FF03A
:10616000000800BF08F10A0000B906E0002022493B
:106170000860204600F016FA00BF00201E490860A3
:106180001B49086019484068C0B318494868FFF7C0
:1061900080F90020154948603EE00A49096888896D
:1061A000FEF73BFC00F0040048BB0648006800888E
:1061B000044909684988CDE90010044800681FE0D7
:1061C000F4000020F00000209C000020F8000020D7
:1061D000FC0000200001002002010020DC00002063
:1061E00098000020E0000020D80000200CA500202E
:1061F00008010020040100200C0100200CE008E050
:10620000094A12888118094B094A0A48006801F0B6
:106210003FFB3046FFF73DF900BF00BF9EE630462A
:10622000FFF737F900BF99E602010020980000202F
:106230009C000020FC0000202DE9FC410446216D5B
:10624000481EFEF7D1FB07463B460022114620467A
:1062500000F088FA05460DB9BDE8FC816E6806209D
:106260000021CDE90010A37A221D21462846FDF722
:106270009DFF2846FFF70DF900BFEDE72DE9F0413E
:1062800006464FF07F08002700250F48046813E0FA
:10629000607EB0420FDC607E40450CDC0B49606ADA
:1062A0000968081AB84206D30849606A09680F1AD3
:1062B000254694F81980E468002CE9D115B12846E8
:1062C000FFF798FABDE8F081DC000020D000002044
:1062D00070B5002600250B4804680BE00A49606A87
:1062E0000968081AB04204D30749606A09680E1A9F
:1062F0002546E468002CF1D115B12846FFF77AFA5B
:1063000070BD0000E0000020D00000207CB50546F4
:106310004148007800F0040008B100207CBD3E48F0
:10632000007800F0100098B13C48006800883B49B4
:1063300009684988CDE9001039480068394A12884F
:106340008118394B394A3A48006801F0A1FA61E0F6
:106350003148007800F0020000285BD0687EFFF72B
:1063600057FA044614B94FF0FF30D7E72F480068BA
:106370002060688B60832C48006860602748006854
:106380000088A0830320207625480068401CA06276
:10639000A06A206321480068C089A4F860001F48F3
:1063A0000068C089A4F86200B4F86000A4F84E0048
:1063B0001B480068401E606528692061686960614B
:1063C000287A00F08C00207200BF00BF19480068D6
:1063D000E0601848046001F09FFC00BF01201649EE
:1063E000087000BF204600F061FAE08E211DFFF723
:1063F00003FCE08612212046FFF715FC06462EB16D
:1064000000212046FFF7ACF9304687E7204600F030
:10641000C9F883E7002081E700010020F000002098
:10642000F800002002010020980000209C000020BD
:10643000FC000020DC000020E800002070B50446CD
:106440000E4600BF207E08B1002070BD00BF207E38
:10645000012801D12046F8E70320FEF721FD05467B
:106460000DB90020F1E720692861608B6883012065
:106470002876607E6876207A2872287A40F00200BA
:106480002872A07AA872607A687220682860608B8F
:1064900030B300BF1B480068A04205D1194800680E
:1064A000C0681849086018E0164800681649086076
:1064B0000EE015480068C068A04204D11249E068A7
:1064C0000968C86008E010480068C0680E490860A4
:1064D0000D4800680028ECD100BF0020E06000BF3C
:1064E00021460220FEF79AFC0848686100BF084870
:1064F0000068E8600648056001F00EFC00BF284611
:10650000A3E70000D4000020E400002007580008A2
:10651000D800002010B54020FFF77AF910BD000028
:1065200030B5002300BF164804880088401C144D75
:1065300028804FF6FF70844203D14FF440402C4630
:106540002080002117E00F4850F8210002680EE07B
:10655000508B0B4C2488A04208D1581C80B20346B3
:10656000B0F5804F01DB002030BDDCE7D268002AA7
:10657000EED1481CC1B20429E5DB01480088F3E7ED
:10658000CC000020605301080448006804490968F1
:10659000084402490860084600687047EC00002083
:1065A000D00000202DE9F047044600BF00BF6C4832
:1065B0000068A04202D10020BDE8F087B4F8600076
:1065C000B4F84C10884202DAB4F8600001E0B4F884
:1065D0004C008146E56EA07F00F0020070B14DB125
:1065E000E9684868FEF713FAA16C401A2989084443
:1065F000484503D9204601F0A2F9DDE7266F26B110
:1066000000E0366830680028FBD191E000BFE968FF
:106610008889FEF702FA00BF206FA0B1A07F00F0CA
:10662000440080B9E06E38B1E06E006858B9E06EA1
:106630000089E18E884206DAB4F8660018B1B4F831
:106640006800082801DB012000E0002020B9A07FBD
:1066500000F0A00000B977E02868E066207E0228FC
:106660000BD01020FEF7CDF9E96889890843E96865
:106670008881A07F20F00300A0772146284600F003
:10668000ADF8E9684868FEF7C2F90746E968888905
:10669000FEF7C3F900F0030008B1012000E000207C
:1066A0002989084407EB0008206DB0EB080001D5EC
:1066B000C4F85080E9688889FEF7AFF900F003005C
:1066C00008B1012000E000202989084400282BDDC2
:1066D00000202860206F10B925672E4627E0E96862
:1066E0004868FEF794F90746F1684868FEF78FF9A5
:1066F000381A16D504F1700700E03F68386860B1B9
:106700003968C9684868FEF782F98246E9684868CE
:10671000FEF77DF9BAEB0000EFD4386828603D60E1
:1067200005E03560366802E0284601F0EFF8E56ED6
:1067300055B1E9684868FEF76AF9A16C401A2989E1
:10674000084448457FF662AF00BFE06E10B90020F4
:10675000A4F86A00A07F20F08000A07700202BE73B
:106760000C0100202DE9F04705460E46904699465B
:1067700006F11400404481B200220120FEF7B1FC72
:10678000074647B300BF00BF7C68688BFEF739F946
:106790002080A88BFEF735F96080C4F80490A86AC1
:1067A000FEF722F9A060B246F11706EB917189104D
:1067B000491D102242EA013188B2FEF722F9A08178
:1067C000E88DFEF71EF9E081002020826082E98DCD
:1067D000A86A084428633846BDE8F0872DE9FC47DD
:1067E00005460C46A06AFEF7FFF8E9688860E08D70
:1067F000FEF707F9E968C881E18DA06A08442063C3
:10680000E86800F11408A87A00F0010070B1211DB9
:1068100040F2B450FFF7F0F9814649F00170FEF7FD
:10682000E3F8C8F8000008F1040800BFB4F9340028
:10683000401C08B90020A0860CB1206840B9201D7A
:10684000FDF778FF06460EB9BDE8FC87706820604A
:10685000A06B38B914480068A063E9684868FEF77F
:10686000D6F8E063A88969688988401A87B26868A1
:106870004089C01B6968488168680089C01B6968D5
:1068800008816968E86848600020E9680882062194
:10689000607ACDE90001A37A221D21466868FDF7E0
:1068A00085FC00BFD0E70000D00000202DE9F047B4
:1068B00080462B48006800F1140529490968888939
:1068C000FEF7ABF80521B1EB203F46DA2449096811
:1068D0008889FEF7A2F80521C1EB20304FF6FF7141
:1068E00001EA8006002436E015F80490B9F1000FA3
:1068F00006D0B9F1010F05D0B9F1020F21D104E0A2
:10690000BDE8F087601C84B224E0601C285C042889
:1069100002D1201DB04200DDF2E7E01C295CA01C82
:10692000285C41EA002740F2B450874200DC17B9E6
:1069300040F2B45000E03846A8F83600201D84B27A
:1069400008E0601C285C00B9DAE7601C285C204481
:1069500084B200BF00BFB442C6DB00BFD0E7000076
:10696000F00000202DE9FF5F0C4616469846DDE951
:106970000FAB0E9FA146B4421BDA0AF0020050B9D9
:10698000B87F00F04000A0B9BBF1000F03D0F86E53
:1069900008B9386F68B104F2B75020F00300B04274
:1069A00001DD304603E004F2B75020F003001FFA87
:1069B00080F9002249460098FEF793FB05461DB971
:1069C000002004B0BDE8F09F00BF00BF6889001B35
:1069D000A8F800002C816C812846F2E710B5044627
:1069E000207ED0B1207E0A2817D0207E012814D026
:1069F000606F20B1606FFEF74CFD002060674FF0C4
:106A0000FF30A086E06E00F08EFF206F00F08BFF5D
:106A10000020E0662067A4F86A0010BD70B5054646
:106A20000C4600BF2868A04203D12868C0682860CF
:106A300017E01D49286808600EE01B480068C06820
:106A4000A04204D11849E0680968C86008E0164807
:106A50000068C06814490860134800680028ECD139
:106A600000BF0020E06000BF2046FFF7B7FF207E98
:106A70000A280DD0207E01280AD0A07F00F0010056
:106A800030B1A07F40F00200A0772046FFF78AFDDA
:106A9000207E012803D000BF00BF00BF00BF002040
:106AA000207600BF00BF70BDE400002000BF00BF23
:106AB000C0F8841080F82020704700002DE9FC41C8
:106AC00004464FF000080026FE48007800F004005D
:106AD00070B3207E022807D1FB49206D09688842E7
:106AE00011D14FF001080EE0F849A06A0968081AB0
:106AF00009D4A18DA06A0844F4490968081A00283D
:106B000001DC4FF00108B8F1000F0FD000BF00BF4B
:106B1000EF48007840F00800ED490870A07F20F0B1
:106B20000100A0776FF00A00BDE8FC810020FBE7C0
:106B3000E448007800F0020068B1207E02280AD004
:106B4000207E032807D000BFA07F40F00200A0777E
:106B500000BF0020E8E7A07F00F0100010B9DD487A
:106B600000686062002084F892002046FFF79EFED5
:106B7000207E801E082873D2DFE800F0049BF0EF2F
:106B8000EEEDECEBCF48007800F01000002877D055
:106B9000CC48007800F00200002871D0216FC9684D
:106BA0004868FDF734FF401CC7490968884267D12F
:106BB0002834E08F401CE087C4480068401C2060F7
:106BC0002068A060C04800682062C3480068C0898F
:106BD0002087C1480068C0896087BC480068401EA3
:106BE000E062042004F8100CE089283C211DFFF726
:106BF00003F8E086E08E00EB80004FF6FF7101EABB
:106C00004000A4F84E00B4F84C00012802D1E08EF8
:106C1000400000E0E08EA4F84C0000BF00BFB4F8D4
:106C20006800401EA4F86800256F28682067284681
:106C300000F06CFE206F18B94FF0FF30A08603E023
:106C40000020A08684F8460000BFD4F8800048B138
:106C500000222146D4F8803020699847064602E099
:106C6000E0E10DE0002600BF06F10A0010B96FF068
:106C7000090059E700BFA07F40F00200A07717E0AD
:106C80009048007800F0100090B1934800680088A8
:106C9000914909684988CDE900108C4800688F4AFD
:106CA000128881188E4B8F4A8748006800F0F0FDEB
:106CB000B9E18448007800F01000002863D0A06C8F
:106CC000401C81490968081A49D47F49206D096828
:106CD000081A002843DC0420207600BF00BF00BF54
:106CE000606930B100222146D4E904039847064682
:106CF00001E06FF00D0600BF46B106F10A0010B1C9
:106D00002046FEF777FD6FF009000DE7B4F84C70F0
:106D1000204600F0DFF9B4F8640020B1B4F8640054
:106D2000401EA4F86400012F02D1E08E400000E074
:106D3000E08EA4F84C006648007800F0200038B1DE
:106D400000BFA07F40F00200A07700BF07202076A0
:106D500027E053E108E125E0A1E035E023E05E48CB
:106D6000006800885C4909684988CDE900105748E7
:106D700000685A4A12888118594B5A4A524800688A
:106D800000F086FD0DE04F48007800F0020040B1B1
:106D9000A06A401E4D490968884202D1204600F091
:106DA000F5FC40E100BF204600F094F94848007827
:106DB00000F0200038B100BFA07F40F00200A077B3
:106DC00000BF072020762EE1204600F083F94048DE
:106DD000007800F02000E8B33A48007800F0100096
:106DE000C8B33949206D0968884242D100BFA07FED
:106DF00040F00200A07700BF2046FFF7EFFD00BF84
:106E000000BF39480068A04205D137480068C06813
:106E10003549086018E034480068344908600EE0DD
:106E200032480068C068A04204D13049E06809686F
:106E3000C86008E02D480068C0682C4908602B48ED
:106E400000680028ECD100BF0020E06000BF0120F6
:106E5000274901E016E00CE0087000BF0A20207608
:106E600000BF24480068E0602248046000F054FF3E
:106E700014E000BFA07F40F00200A07700BF082010
:106E800020760BE00F48007800F0100030B10E497A
:106E9000206D0968884201D106202076C3E0204693
:106EA00000F018F90A48007800F0200078B300BF1D
:106EB000A07F40F00200A07700BF2046FFF78EFDC4
:106EC00000BF19E000010020FC000020F8000020B5
:106ED00004010020D0000020F0000020020100206A
:106EE000980000209C000020DC000020E40000202E
:106EF000E8000020E000002000BF4C480068A042ED
:106F000006D14A480068C0684849086019E02AE08C
:106F100046480068464908600EE045480068C06879
:106F2000A04204D14249E0680968C86008E04048CE
:106F30000068C0683E4908603D4800680028ECD100
:106F400000BF0020E06000BF01203A49087000BF88
:106F50000A20207600BF38480068E06036480460A8
:106F600000F0DAFE00BF5EE0204600F0B3F83348E0
:106F7000007800F01000E0B33149206D09688842C4
:106F80003BD12046FFF72AFD00BF00BF274800681D
:106F9000A04205D125480068C0682449086018E06F
:106FA00022480068224908600EE021480068C06855
:106FB000A04204D11E49E0680968C86008E01C4886
:106FC0000068C0681A490860194800680028ECD1B8
:106FD00000BF0020E06000BF01201649087000BF1C
:106FE0000A20207600BF14480068E0601248046060
:106FF00000E002E000F090FE00BF14E0204600F048
:1070000069F80E48007800F0100050B10C49206D6E
:107010000968884205D10B48007840F01000094902
:10702000087000E000BF00BF00207DE5DC0000200C
:10703000E4000020E8000020E00000200001002023
:10704000FC000020040100202DE9F0410446606F9F
:10705000477B666F0020606700BFE06F40B1002390
:1070600032462146D4F87CC02069E047054606E058
:10707000002332462146184600F04EFB054600BF6D
:10708000FDB907F0200018B3A08D40F668318842A2
:1070900002D0A08D401CA08500BFE06F40B100234E
:1070A0001A462146D4F87CC02069E047054600E036
:1070B000002500BF05F10A0050B96FF00900BDE8D6
:1070C000F08105F10A0010B96FF00900F7E7666773
:1070D0000020F4E72DE9F84F04460020009000BF9F
:1070E00000BFFE48007800F0100000287ED0B4F801
:1070F0006000A16D00EB0109F949606D0968401A53
:1071000015D4F749606D0968884204D1F549A06D2E
:107110000968401A0BD4F349A06D0968884231D13F
:10712000F1480068C089B4F8601088422ADDEE4852
:107130000068C089A4F86000B4F86200EA490968F0
:10714000C989884204DAE8480068C089A4F8620066
:10715000E34800686065E3480068A065B4F8600033
:1071600048B994F8910068B9002084F89000012093
:1071700084F8910006E094F89100002802DD0020D8
:1071800084F89100D749A06C0968081A002847DCE8
:107190000020A4F86400D548008840BBB4F8601013
:1071A000A06D0844484535D1B4F93400002831DBDE
:1071B000CC49A06C096888422CD10120009094F839
:1071C0004700401CC0B294F84710884204DD94F890
:1071D0004700401C84F8470094F84700032812DD5C
:1071E000B4F84C00E18E084480B201E049E109E0C6
:1071F000B4F84C1088420DDDB4F84C00E18E084420
:10720000A4F84C0006E094F84700032802D1204679
:1072100000F0E9FA0098002801D184F84700ADE0B9
:10722000A06C401CAF490968081A7DD4AD49206D97
:107230000968081A002877DCA07F00F0040038B144
:10724000A07F20F00400A077B4F84E00A4F84C0012
:1072500000202834A077608BB4F9181000EBE1000F
:1072600000B2A083208C9F490988081AA087E08F6C
:10727000A18F0844E0870020E0779A4800682062E8
:1072800014F8100C283C042824DBB4F84C00B4F8A3
:107290004E1088420FDAB4F84C00E18E084480B2F8
:1072A000B4F84C10884215DDB4F84C00E18E084467
:1072B000A4F84C000EE034F8361F4943E28A91FBF3
:1072C000F2F1114488B2E18A363C814201DAA4F835
:1072D0004C0000BF26E0256F206F0068206700BFCC
:1072E0006868FEF724F800BFB4F8640058B1E96894
:1072F0008889FDF792FB00F0010020B1B4F864002A
:10730000401EA4F864006868FEF711F834F8681F9E
:10731000081A2080284600F0F9FA34F8680908B104
:1073200000BF00BF206F00E025E0C8B1216FC96831
:107330004868FDF76CFB8346216FC9688889FDF7B3
:107340006CFB00F0030008B1012000E00020216F79
:1073500009890844584463490968401A0028BADD7D
:10736000206F18B94FF0FF30A08601E00020A08602
:107370000020E07702E00020A4F864002BE0E56E36
:10738000E06E0068E066E06E10B90020A4F86A00C4
:1073900000BF6868FDF7CBFF00BFB4F8640058B1C8
:1073A000E9688889FDF739FB00F0010020B1B4F8E5
:1073B0006400401EA4F864006868FDF7B8FF34F864
:1073C000681F081A2080284600F0A0FA34F86809DF
:1073D00008B100BF00BFE06EF0B1E16EC968486857
:1073E000FDF715FB8346E16EC9688889FDF715FB3B
:1073F00000F0030008B1012000E00020E16E0989DF
:107400000844584437490968081A05D43549206D9D
:107410000968081A0028B2DDA06B90B33149E06B0F
:107420000968401A2DD534F8380F31490988081AEF
:107430000FFA80F8B4F90800A8EBE0000FFA80F822
:107440002089404400B22081383CB8F1000F03DAB3
:10745000C8F100000FFA80F83834B4F90A00A8EB3C
:10746000A0000FFA80F86089404400B26081608912
:10747000B4F9081000EBE10000B2A081002044F84C
:1074800038091A48008800287EDD207E07287BDA2C
:107490001348A16A0068401C081A5BD41048A16A0E
:1074A0000068124A12881044401E081A002851DC55
:1074B0000B49A06A0968471A0E48466800BF00BF1A
:1074C00000BF00BF40684089B8422ADA00BF00BF51
:1074D000084840680089C01B0EE000000001002041
:1074E000F8000020FC000020F00000200201002035
:1074F000D00000200CA500201FFA80FA06E0708959
:107500003F1AA6F808A00020708136687089B8423A
:10751000F5DB784201B23046FDF7FEFF50B100BF07
:1075200008E076494868794209B2FDF7F5FF08B1ED
:1075300000BF00BF71480089218D714A1288891AE5
:10754000401A6E4908816E49A06A08606B49C96893
:1075500048600AE06A49A06A0968081A05D500BFB0
:10756000A07F40F00200A07700BF6549A06A0968CB
:10757000081A7DD4A18DA06A0844401E604909689C
:10758000081A002874DC00E0A2E05D49A06A0968DE
:1075900088426ED15949C9688889FDF73EFA00F0E2
:1075A000030008B1012000E0002054490989084483
:1075B00054490880A08D0988884241DA4F49C9683A
:1075C0008889FDF72AFA00F0010098B14B49C96893
:1075D0008889FDF722FA00F03E0B5846FDF711FAB4
:1075E0004649C96889894CF2FF0211400843434962
:1075F000C9688881A08D41490881C9688889FDF7DB
:107600000CFA00F0020020B13C480089401E3B49C2
:1076100008813A4A11895068FDF7BDFF3749C968AA
:107620008889FDF7FAF900F0030008B1012000E0B5
:1076300000203249098908443249088000BF00BF50
:107640002F4800682F4909880844A06200BF00BF86
:10765000A08D2C490988401AA085204600F0C6FB61
:10766000264840680089002809DD2448406801E078
:107670002AE025E0244908600020204948601F498D
:10768000C9688889FDF7C9F900F0010028B11F48D1
:10769000007840F020001D49087000BFA07F00F076
:1076A000010040B1A07F20F00100A077A07F40F052
:1076B0000200A07703E0A07F40F00100A0771BE06C
:1076C000204600F03CF917E0204600F038F913E0BE
:1076D0000B49A06A0968081A08D4A18DA06A084459
:1076E000401E07490968081A002805DD00BFA07F71
:1076F00040F00200A07700BFBDE8F88F0CA5002085
:10770000F8000020020100200801002004010020F0
:1077100000BF00BFC16770472DE9F04107460D4625
:1077200014461E463CB12189284600F00CF820463C
:10773000FDF7AFFE05E026B92846FEF715F9BDE8CE
:10774000F0810020FBE770B504460E4600BF00BF85
:1077500000BF00BFA08D3044A085A08D40F66831E9
:10776000884201DD0846A085204600F03FFB054623
:1077700040F2DA20854208DB00BFA07F40F0020023
:10778000A07700BF2046FEF70DFF70BD2DE9F04148
:107790000446206F08B9BDE8F081256F286820678E
:1077A00004F16C0600E03668306858B13168C96889
:1077B0004868FDF72CF90746E9684868FDF727F99E
:1077C000381AF0D4306828603560286810B9002075
:1077D000A4F86A0094F84600401C84F84600002093
:1077E000A06300BFD7E710B50446206F90B3A07F19
:1077F00000F0040070BB2046FFF7C8FFB4F84C004F
:10780000B4F86010884207DDB4F8600000EBD07176
:107810004910A4F84E1006E0B4F84C0000EBD0710B
:107820004910A4F84E10B4F84E00E18E4900884289
:1078300004DAE08E4004000CA4F84E00B4F84E00C8
:10784000E18E032202FB0100A4F84C00A07F40F06F
:107850000400A07710BD70B50446206F00B970BD5C
:10786000256F00E02D6828680028FBD1E06E2860B5
:10787000206FE0660020206794F84600401C84F8E2
:1078800046000020A0632046FEF78CFE00BFE6E71E
:107890002DE9FC5F81460E4617469846DDE90CABA4
:1078A000002214210120FDF71CFC05460DB9BDE89E
:1078B000FC9F00BF00BF6C685046FDF7A2F8208017
:1078C0005846FDF79EF860804846FDF78DF86060E9
:1078D0003046FDF789F8A06045F21400FDF791F8F5
:1078E000A08146F60B00E081002020826082062005
:1078F0000021FF234246CDE9001039462846FCF717
:1079000055FC2846FDF7C5FD00BFD0E710B504467D
:1079100044B1606810B16068FDF7BBFD21460420EA
:10792000FDF77CFA10BD70B5044605E025682046D9
:10793000FFF7ECFF2C4600BF002CF7D170BD2DE9FE
:10794000FC4104460027206DFDF74EF88046434673
:10795000002239462046FEF705FF054615B9B81E38
:10796000BDE8FC816E68A07F20F00300A0770621AF
:10797000607ACDE90001A37A221D21462846FCF752
:1079800015FC2846FDF785FD0020E9E770B50446A3
:10799000E06ED8B1E56E00E02D6828680028FBD1C4
:1079A000E9688889FDF739F800F0070068B9012017
:1079B000FDF727F8E96889890843E9688881A07F8D
:1079C00040F02000A077002070BD00BF01212046BC
:1079D000FEF729F9F8E700BF00BF816770474176DD
:1079E000704700002DE9FE4F00200290C248006859
:1079F000401CC1490860C1480078401CBF4908705C
:107A000000BF0025BE48046847E100BF00BF00BFBB
:107A100000BF00BF00BF94F82100B8490978884230
:107A200001D1E46839E1B548007884F821000026E6
:107A3000B146207E022806D194F84600062802D1DD
:107A4000701CC6B26BE094F846000C2802D1701C82
:107A5000C6B264E094F8910000281BDD14F8900F82
:107A6000401C207021786078903C401EA54A105C34
:107A7000814254DB002084F8900094F8910007289C
:107A800004D294F89100401C84F89100204600F044
:107A9000CEFB44E0B4F93400002803DBA08E401C88
:107AA00000B2A086206FD0B3B4F93400B4F944100A
:107AB000884234DB207E02280CD040346088B4F940
:107AC000001000EBE100A1798F4A515C884000B2C0
:107AD000A080403C0020A086B4F84C00B4F86010B0
:107AE000884202DAB4F84C0001E0B4F86000824643
:107AF0004FEA6A00A4F84E00B4F84E00E18EB0EBF5
:107B0000410F06DAE08E4FF6FF7101EA4000A4F85B
:107B10004E00E08EA4F84C002046FFF79CFE207E2D
:107B200006280BD1A07F00F0100038B17249606ABE
:107B30000968081A282801D9701CC6B2207A00F0FA
:107B40000800B0B3207E042802D0207E072830D160
:107B50006E49D4F88C0008444FF4FA71B0FBF1F090
:107B6000654A616A1268511A884206D2701CC6B210
:107B700009F1010000F0FF091BE094F8921042F2B5
:107B80009F4211FB02F1D4F88C0000EBC1004FF4CE
:107B9000FA71B0FBF1F0584A616A1268511A8842D2
:107BA00007D22046FEF748FB94F89200401C84F868
:107BB0009200207E032807D14F49606A0968081A9D
:107BC000282801D9701CC6B2207E092807D14A494D
:107BD000606A0968081AF02801D9701CC6B2A6B3F9
:107BE0002046FEF7FBFE25B100BF00BFE068E8605D
:107BF00004E000BF00BF4249E0680860B9F1000F2F
:107C000009D0A08B618BCDE90010231D2246A16A0B
:107C1000206DFFF73DFED4F88880D4F810B02746D9
:107C2000E46839460220FDF7F9F800203849087069
:107C300000BFB8F1000F03D06FF009015846C047EC
:107C400000BF3348007808B1DBE600E024E02546B9
:107C5000E468E87F401CE877E87F95F820108842C8
:107C60001ADB0020E8772A49087000BFD5F88400A5
:107C700030B12946D5F8842028699047029001E068
:107C80000020029000BF2248007800B1B9E60298B7
:107C900010B92846FEF786FC00BF002C7FF4B5AE75
:107CA00000251C48046822E000BF00BF00261249DE
:107CB000606A0968081AF02801D9701CC6B2A6B11A
:107CC0002046FEF78BFE25B100BF00BFE068E860EC
:107CD00004E000BF00BF0F49E06808602746E46881
:107CE00039460220FDF79AF801E02546E468002CA9
:107CF000DAD1BDE8FE8F0000D0000020EA000020AD
:107D0000DC000020595301084C530108B84C0A000C
:107D1000E8000020E0000020704700001CB5044689
:107D20002148007800F0040008B100201CBD1E4866
:107D3000007800F0020008B31C49A06A0968081A1C
:107D400024D4A18DA06A084418490968081A00289B
:107D50001CDC174800680088154909684988CDE986
:107D6000001012480068134A12888118124B134AF7
:107D700013480068FFF78CFD0020D7E70A48007819
:107D800000F0010010B10F480068606209480088E7
:107D9000002807DDA07F40F00200A0772046FEF714
:107DA00001FCC3E70020C1E700010020F80000202B
:107DB000F000002002010020980000209C0000201C
:107DC000FC000020D000002010B5FDF7B9FF0648E8
:107DD0000078401CC0B20449087000F0010008B1EE
:107DE000FFF700FE10BD0000E900002010B50146BD
:107DF0008B8D886AC218C88E40F2B4540B6BA042B7
:107E000001DD204600E0C88E1844101A04D4888D85
:107E1000C885086B101A10BD0B6B886AC01A002841
:107E200002DD0020C88506E08C6A0B6B181B00BFC2
:107E300000BFC88500BF0020EDE72DE9FF4F8FB0E0
:107E4000044617464FF0000A0025AB4600200E906E
:107E50000D9000260B900A9009908146B4F86210AC
:107E600001EBD1725210E38E9A4201DDE28E04E002
:107E7000B4F8620000EBD072521092B2079200BFC9
:107E8000109820B96FF00D0013B0BDE8F08F00BF5F
:107E90003946204600F093F90890089808B10898F0
:107EA000F2E7B4F868000C90E06E002873D0E56E3D
:107EB00000E02D6828680028FBD1A87A00F00100B6
:107EC00008B1042000E00020A97A01F0020109B104
:107ED0000C2100E0002108440690298906980144FD
:107EE0000798401A1FFA80F8B4F86A000990BDF8A4
:107EF0002400002818DD00BF00BFAB46BDF82400F9
:107F0000B84202DABDF8240000E03846814606EBAC
:107F1000090086B2BDF82400A0EB090080B20990E8
:107F2000A8EB09001FFA80F800BF00BFBE4242DA8A
:107F3000B8F1000F3FDD288900283CDDB81B404523
:107F400001DD404600E0B81B80B20590AB461298B8
:107F500000F00100B0B10121129809AB4246CDE911
:107F60000040029103200599FEF7FCFC5FEA000A3D
:107F700000D10DE1109A9119DAF80400059AF8F78A
:107F80001FF90DE0012203200599FDF7AAF85FEA29
:107F9000000A01D1FCE00FE010983044CAF8040058
:107FA0000598304486B25046FDF7C1F90C99084453
:107FB00080B20C9000BF01E000BF00BF84E0B81B9E
:107FC00080B206900B990798401A80B20590DDE9BF
:107FD0000510884201DD059800E00698049012988B
:107FE00000F0010008B30D9808B9012100E000215C
:107FF0001298CDE9004002910B9A0498104481B286
:1080000009AB0020079AFEF7ADFC5FEA000800D13B
:10801000BEE000BF00BF109A9119D8F804300B9A47
:108020009818049AF8F7CCF81EE000BF00BF0122B0
:1080300000200499FDF755F8039000B9A8E01098C6
:10804000811903984160002210460B99FDF749F809
:108050005FEA000803D10398FDF71BFA98E0404659
:108060000399FDF73DF900BF4046FDF760F90C9913
:10807000084480B20C900C98082804DC4FF6FC7180
:108080000C98884203D94046FDF703FA80E00A982D
:108090000090E06D8319002241462046FDF756FD11
:1080A0005FEA000B00D173E00D9810B9CDF834B041
:1080B00004E000BF00BF0E98C0F800B0CDF838B0A3
:1080C0000498304486B200BFBE42FFF678AFB9F1E3
:1080D000000F21DDD5F8048017E0B8F80800484407
:1080E000A8F80800D8F8000068B9B8F80A20D8F84D
:1080F000041088184A461099F8F762F8B8F80A0090
:108100004844A8F80A00D8F80080B8F1000FE4D17C
:1081100028894844288100BFBDF82400A4F86A00DB
:10812000BAF1000F0AD000BF00BF51466868FDF7E2
:10813000D7F82889BAF808100844288115B90D988D
:10814000E06601E00D98286054F85C0F3844206028
:108150006089C01B60810C98A081A0895C3C08B13B
:1081600000BF00BFBBF1000F10D0DBF80C0068B1FE
:10817000129800F0020048B90820FCF742FCDBF836
:108180000C1089890843DBF80C10888100207BE6FD
:10819000A07F40F08000A077BAF1000F02D05046D7
:1081A000FDF777F90D9810B10D98FFF7BCFBB4F807
:1081B000680008B100BF00BF4FF0FF3064E6024620
:1081C000107E04280BD0107E072808D0107E0228CD
:1081D00005D0107E032802D06FF00C00704709B95B
:1081E0000020FBE7B2F86600884206DA907F40F094
:1081F000800090774FF0FF30F0E7B2F86800082871
:1082000005DAB2F868004FF6FC73984206D9907F01
:1082100040F0800090774FF0FF30DFE7B2F8680061
:1082200008B100BF01E000BF00BF0020D6E72DE984
:10823000FC4705462C6F04B9EC6E0CB9BDE8FC8711
:10824000E1688889FCF7E9FB00F0010018B120899A
:1082500008B9012000E000208046B8F1000F01D1EC
:10826000012000E000208146E06843684A46002182
:108270002846FEF777FA064606B9DFE77768B8F1D1
:10828000000F09D01120FCF7BCFBB9894CF2FF02AA
:1082900011400843B8810DE0706800F1140A61686C
:1082A00009892289891A8BB2012251466068FDF73B
:1082B000A7F800BF06200021CDE90010AB7A2A1DE7
:1082C00029463046FBF772FF3046FDF7E2F800BF63
:1082D000B4E700002DE9F04105460E4617464FF081
:1082E00000081B48046818E0A54204D100BF00BF85
:1082F0004FF0010810E0608AB8420DD144B1206807
:1083000030B12EB1306818B120683168884203D18D
:108310006FF00700BDE8F081E468002CE4D10EB9ED
:10832000002000E03068286037B900F0FBF807460D
:1083300017B96FF00700EDE76F82B8F1000F04D1B5
:1083400003480068E860024805600020E2E700009A
:10835000140100202DE9FF5F06460D46706802906B
:1083600031890298007800F00F00082202EB8000AB
:10837000814208DB029800780007800E41423046B7
:10838000FDF7CAF818B13046FDF783F8C1E0D6F81A
:1083900004B0614908682946FBF720FD8246BBF816
:1083A0000000FCF73AFB8046BBF80200FCF735FB07
:1083B00081460024B9F1440F1BD1B8F1430F65D1B8
:1083C000686A002862D0686A406800285ED0686ADF
:1083D0004068001D50B1686A4068406830B1686A02
:1083E000406840684D49096888424FD1686A4468CE
:1083F0004CE000270020019003904948046840E0C9
:1084000000200190608A484522D1BAF1000F02D1C4
:10841000ACB1206898B140492068096888420ED004
:10842000BAF1000F14D054B1206840B12068A96897
:10843000084039490968AA681140884208D10120DA
:108440000190039820B9207C00F0040000B9039447
:108450000198A0B1A08A404511D1201D30B16068BB
:1084600020B12E4960680968884208D137B1E068B8
:10847000F8602B480068E0602948046003E0274664
:10848000E468002CBCD100BF04B9039C24B9224984
:1084900068680968884238D16FF007013046FDF7F7
:1084A0003BF828B100BF00BF3046FCF7F2FF30E0D8
:1084B00074B1A06940B1CDF80080184B3246214616
:1084C000D4E906C0E04723E03046FCF7E2FF20E0B5
:1084D000BAF1000F15D11048007800F0F000E02844
:1084E0000FD00298007800F00F00082202EB800104
:1084F0003046FDF711F800BF00BF03213046FBF7FF
:108500003FFB3046FCF7C5FF02E03046FCF7C1FFF9
:1085100000BFBDE8FF9F00009C00002098000020E5
:108520001401002010B5002200BF12480388008803
:10853000401C104C20804FF6FF70834203D14FF453
:108540004040234618800C4801680EE0488A094BD9
:108550001B88984208D1501C80B20246B0F5804F6B
:1085600001DB002010BDE0E7C9680029EED1014819
:108570000088F7E710010020140100202DE9FF4FCB
:1085800083B004460E469B46DDF84080608A60B9A1
:10859000628A21462046FFF79DFE8246BAF1000F0F
:1085A00003D0504607B0BDE8F08F08213046FCF7F5
:1085B000B3FF80B1002208210120FCF792FD05469F
:1085C00015B94FF0FF30EDE7308928B13146284624
:1085D000FCF7A2FE00E0354600BF00BF6F68608A6E
:1085E000FCF70FFA38805846FCF70BFA7880002029
:1085F000F8800CB1206810B908F104090EE0206879
:10860000D8F80410884208D0B54203D02846FCF7B9
:1086100040FF00256FF00500C4E7A1462889FCF75C
:10862000F0F9B8801121607A8DE80301A37A4946F8
:108630002846059AFBF7D6FD8246B54203D0284668
:10864000FCF727FF00255046ACE700002F53544DA0
:108650003332463478375F66696C65732F6C6F67A9
:108660006F2E6A7067000000485454502F312E302E
:1086700020323030204F4B0D0A5365727665723AC6
:10868000206C7749502F312E332E31202868747496
:10869000703A2F2F736176616E6E61682E6E6F6E09
:1086A000676E752E6F72672F70726F6A6563747371
:1086B0002F6C776970290D0A436F6E74656E742D87
:1086C000747970653A20696D6167652F6A706567B6
:1086D0000D0A0D0AFFD8FFE000104A464946000186
:1086E0000101012C012C0000FFE10068457869665A
:1086F000000049492A000800000004001A01050092
:10870000010000003E0000001B0105000100000008
:1087100046000000280103000100000002000000E4
:1087200031010200110000004E00000000000000B6
:108730002C010000010000002C01000001000000DD
:108740005061696E742E4E45542076332E352E348A
:1087500000AFFFDB00430003020203020203030336
:108760000304030304050805050404050A070706B6
:10877000080C0A0C0C0B0A0B0B0D0E12100D0E112F
:108780000E0B0B1016101113141515150C0F1718CE
:1087900016141812141514FFDB004301030404051A
:1087A000040509050509140D0B0D141414141414F3
:1087B0001414141414141414141414141414141479
:1087C0001414141414141414141414141414141469
:1087D000141414141414141414141414FFC00011D9
:1087E000080039006003012200021101031101FF9A
:1087F000C4001F000001050101010101010000008A
:1088000000000000000102030405060708090A0B26
:10881000FFC400B5100002010303020403050504B0
:10882000040000017D010203000411051221314101
:108830000613516107227114328191A1082342B1BC
:10884000C11552D1F02433627282090A1617181921
:108850001A25262728292A3435363738393A434409
:1088600045464748494A535455565758595A6364E0
:1088700065666768696A737475767778797A8384D0
:1088800085868788898A92939495969798999AA2D3
:10889000A3A4A5A6A7A8A9AAB2B3B4B5B6B7B8B9F8
:1088A000BAC2C3C4C5C6C7C8C9CAD2D3D4D5D6D71D
:1088B000D8D9DAE1E2E3E4E5E6E7E8E9EAF1F2F360
:1088C000F4F5F6F7F8F9FAFFC4001F0100030101FF
:1088D000010101010101010000000000000102038B
:1088E0000405060708090A0BFFC400B511000201C0
:1088F00002040403040705040400010277000102D6
:10890000031104052131061241510761711322320E
:108910008108144291A1B1C109233352F01562724A
:10892000D10A162434E125F11718191A2627282907
:108930002A35363738393A434445464748494A5339
:108940005455565758595A636465666768696A731F
:108950007475767778797A82838485868788898A20
:1089600092939495969798999AA2A3A4A5A6A7A83E
:10897000A9AAB2B3B4B5B6B7B8B9BAC2C3C4C5C66A
:10898000C7C8C9CAD2D3D4D5D6D7D8D9DAE2E3E496
:10899000E5E6E7E8E9EAF2F3F4F5F6F7F8F9FAFFC5
:1089A000DA000C03010002110311003F00FD53A285
:1089B0008A28012BE45F89DFB5678934AF1D6AD649
:1089C0003E1D7B2FECAB497ECF1BCB06F2ECBC3BB4
:1089D000673D0B038F6C57BEFC72F1DFFC2BDF870A
:1089E0001A9EA313EDBF957ECB663B999F2011FE87
:1089F000E8CB7FC06BC47E13FEC8D16A7A641AB715
:108A00008CE7B88E49C09134C81B63283C8F35B9B8
:108A1000393FDD18C773D87D96474F0187A53C764F
:108A200064AF1F862AD7BBDDB4BCB4D76D4FCD3839
:108A3000A6BE6D8DC452CAF25938CFE39C93B28A58
:108A4000DA29BF3D5DB7D16870FF00F0D75F103FF6
:108A5000E7AE9BFF00809FFD7A3FE1AEBE207FCF57
:108A60005D37FF00013FFAF5F46AFECB7F0D5540FC
:108A7000FF00847DCE3B9BEB8E7FF1FA5FF865CFE4
:108A8000869FF42F3FFE075C7FF1CAF6FF00B678A1
:108A900077FE811FFE031FFE48F97FF56B8CFF00F8
:108AA000E860BFF039FF00F227CE3FF0D75F103FFC
:108AB000E7AE9BFF00809FFD7A3FE1AEBE207FCFF7
:108AC0005D37FF00013FFAF5F477FC32E7C34FFA58
:108AD000179FFF0003AE3FF8E51FF0CB9F0D3FE867
:108AE0005E7FFC0EB8FF00E3947F6CF0EFFD023F69
:108AF000FC063FFC907FAB5C67FF004305FF0081F5
:108B0000CFFF00913E71FF0086BAF881FF003D74EF
:108B1000DFFC04FF00EBD1FF000D75F103FE7AE9E5
:108B2000BFF809FF00D7AFA3BFE1973E1A7FD0BCC3
:108B3000FF00F81D71FF00C728FF00865CF869FF81
:108B40000042F3FF00E075C7FF001CA3FB67877FAF
:108B5000E811FF00E031FF00E483FD5AE33FFA181B
:108B60002FFC0E7FFC89F38FFC35D7C40FF9EBA6E1
:108B7000FF00E027FF005EBE86FD9CFC6FE2BF8821
:108B8000DE1DBDD6FC44F6E2D9A6F26CD6083CBD8B
:108B9000DB7EFB1E4E464803FDD3563FE1973E1A4F
:108BA0007FD0BCFF00F81D71FF00C72BD13C3BE11B
:108BB000DD3FC27A2DAE93A55B8B4D3ED576450841
:108BC00062DB4649EA4924E49393EB5E2E6D996596
:108BD000588C3FB3C0E1F924DEED25A7959BFF003B
:108BE000863E9B87B23E20C1E33DBE6B8CF694D29D
:108BF000768A949DDF9DD2D12BFCEC69514561F8BA
:108C0000DFC536DE09F09EA9AE5DE3C9B281A5DB02
:108C10009C6F6FE15FA96C0FC6BE3E10954928415D
:108C20005DBD11FA455AB0A14E556A3B4629B6FBC7
:108C300025B9E17F117C496FE3DFDA4FC1FE102CCB
:108C400024D374998DC4E87957B81199707D701147
:108C500047FC09857D19349E4C3249B59B6296DAF2
:108C6000A324E07415F9B5A1F8EF50D23C7F6DE272
:108C7000C76FB46A097BF6C97271E612D975F6043A
:108C8000123F1AFD0EF07F8C34BF1D787ED757D26D
:108C90006E56E2D275CF1F791BBA30ECC3B8AFB5B0
:108CA000E23CB2797D3C3452BC231B5FA735DB7FAD
:108CB0007DF4F4F23F2FE0ACF2966F571B393B5531
:108CC00094F992EBC964A3FF0080DB5F5F33E6CBCE
:108CD0009FDB6EF23B89553C231045620096F4867B
:108CE000033DC6CEB51FFC36F5FF00FD0A76FF003A
:108CF000F81CDFFC45759FB41FECDF1F8B56E3C4E7
:108D00005E188121D6C02F7166B855BBF523B0938C
:108D1000F46EFCF27E3B9E096D679219A368668D26
:108D20008A3C6EA559581C1041E8457D5E559764F4
:108D300059AD1F694A8DA4B75CD2BA7F7EDD99F028
:108D40001C419CF166418A746BE22F17F0C94616EC
:108D50006BFF0001D1F75D3D2CCFA63FE1B7AFFF20
:108D600000E853B7FF00C0E6FF00E22BD27E087C8C
:108D70007AD53E306B57D6CDE1E874EB1B3843CB48
:108D800074B72643BD8E1100DA3AE18F5FE1AF86FA
:108D9000ABEFAFD9B7C03FF082FC32B1F3E3D9A853
:108DA0006A7FE9D7191C8DC06C53F45C71EA4D7071
:108DB000F1165995E5983E6A54AD393B2D65F37B24
:108DC000F6FCCF538333CCFB3CCC942BE21BA505A4
:108DD000797BB157E895D47ABFC133B6F1DF8BAD5B
:108DE000BC0BE11D535DBA1BA2B284C81338F31F3C
:108DF000A2A67FDA6207E35F35FF00C36F5F7FD013
:108E0000A76FFF0081CDFF00C455BFDB37C7DFF27E
:108E10000BF085B49FF4FB7814F6E446A7FF001E20
:108E20006C7FBB5F2C8058800649ED4F87787B0BA9
:108E300088C12C46361CCE4F4D5AB2F935BEFE962F
:108E40001719718E3F0799BC1E595796305696894F
:108E5000DE4F57BA7B68BD6E7DDFF02FE35EA9F170
:108E600086E35379B428B4CD3EC9557CF49CC85EE2
:108E700046E8A32A3A0049FA8F5AF5EAF3FF00813F
:108E80007E02FF008579F0DB4BD3A58C25F4CBF671
:108E9000ABCE39F35C0241FF00746D5FF80D7A05CB
:108EA0007E77993C3BC5D4FAA47969A765BBDB4BB7
:108EB000EBDF73F65C9238C8E5F45E613E6AAD5E46
:108EC0004EC96AF5B5924B4D82BE5EFDB3BC7BE5E3
:108ED0005B697E11B697E6948BDBC0A7F846446ABF
:108EE0007EA7737FC056BEA035F217C44FD9CBE220
:108EF000278FBC69AB6BB30D347DAE626346BB3963
:108F000048C708BF77B2802BD8E1B585863957C5E9
:108F1000CD4630D55FABE9F76FF71F37C6CF1D538E
:108F20002B784CBE94A72A8ECF955ED1DDFDFB7ABF
:108F3000367CDF5DD7C27F8B7ABFC28D745DD9313D
:108F4000B8D3E6205DD83B61265F51E8C3B37F31DB
:108F5000C5767FF0C83E3EF4D33FF028FF00F134E1
:108F60007FC320F8FBD34CFF00C0A3FF00C4D7EBA6
:108F700015F35CA3154E546B568B8BDD5CFE7CC2E7
:108F8000643C4581AF1C4E1B0D52338EA9A5FD7C60
:108F9000D753EBFF0002F8EF48F889E1F8356D1E72
:108FA000E04D6F270E8DC3C4FDD1C7623FFAE320A9
:108FB000D78B7ED51F05ECB56D02EFC63A5C0B066C
:108FC000AB64A1EF1631817110E0B11FDE51CE7B91
:108FD0008073D0543FB3EFC08F19FC34F1949A865C
:108FE000A77D6B6FA5BC0C935ADBCE64F3DBF872E4
:108FF0003000DA79CF5EDDCD7B3FC55BEB6D3BE1C9
:10900000AF8A27BA204234DB8520F7263200FC499C
:1090100003F1AFC9D4A19566B079755E78DD6DD5E1
:1090200037AC5F7FE9EE7F41CA1533FC82A2CE6880
:109030007B39A4EF7E8D2D26BAAFF875AADFE19FAC
:1090400081DE033F10FE24697A6C91EFB189BED5B1
:1090500079C71E5210483FEF1DABFF0002AFD05D35
:1090600042FEDF45D32E6F2E64582D6D6269A473C6
:10907000D1514124FE42BC27F63FF00FF61782EE95
:109080007C457316DBBD5DF11161CAC08481FF00B0
:109090007D36E3EE02D4BFB5EF8FBFE11EF0343A68
:1090A00005B49B6F3597DB20079581082DF99DABA3
:1090B000EE3757AD9CD496779CC70549FBB17CBF72
:1090C000AC9FCBF43E7F8668D3E16E1AA999D75E38
:1090D000FCD73FE908FCEF7FFB78F933C7BE2DB81A
:1090E000F1D78C756D76E721EF272EA8C7EE20E12A
:1090F00017F05007E15D9FECE1E01FF84EFE26D827
:1091000009E3DFA769BFE9B7391C1DA46C53F56CEF
:1091100071E80D796D7DC7FB28F807FE113F87299F
:10912000AA5C47B2FF005A61727239108E221F8802
:1091300025BFE075F759F62E395658E14B46D72C26
:109140007EEFD17E363F28E12CBA79FE791A988FCE
:109150007945BA937DF5BFE326BE573DA80C0A5A60
:1091600028AFC14FEB70A28A2800A28A28023B894F
:1091700096DA092560ECA8A5888D0BB100678032CE
:1091800049F61CD7CD7F18757F197C62D5F4FF0096
:1091900009E91E19D6B49F0CCD7518BAD42F2C9E90
:1091A0002F346E1F31C8F9517EF60F2481D318AFCA
:1091B000A628AF4B038C581A9ED9414A4B6BF47DBD
:1091C000EDD5AE87899B65B2CD68FD59D57083F822
:1091D000924AF25DAFD13EB629E93A5DBE87A4DA84
:1091E00069F69188AD6D6158628C7F0AA8C01F90A6
:1091F000AF8B7E3B787BC73F117E246A5A843E1535
:10920000D6E5D3E03F64B322C6420C484FCC38FECB
:109210002259BFE055F6F515D595E693CAEBCB116B
:10922000182949AB6B7EBB9C19F6414F3DC2C30761
:109230003A8E104EF68DB5B2B25E88FCFCF03FC09F
:109240007F166BFE2ED2AC352F0F6A9A769F34EBC9
:10925000F69BAB8B578D1221CB7CC4601C0207B9E7
:1092600015F7F5B5BC7676D1410A2C7144811114FD
:10927000602A8180054B45699BE735B389C2555209
:109280008A8EC979EECC78738670DC394EA4684931
:10929000C9CDABB76BE9B2D3E7F78514515F3E7D1B
:1092A00081FFD92F53544D3332463478375F666986
:1092B0006C65732F53542E67696600485454502FC1
:1092C000312E3020323030204F4B0D0A53657276EC
:1092D00065723A206C7749502F312E332E31202879
:1092E000687474703A2F2F736176616E6E61682EA8
:1092F0006E6F6E676E752E6F72672F70726F6A6514
:109300006374732F6C776970290D0A436F6E7465EF
:109310006E742D747970653A20696D6167652F6789
:1093200069660D0A0D0A474946383961FE023A005E
:10933000F70000FFFFFFF8FBFFF6FAFFF7F7F7EF84
:10934000F6FEF2F6FAEFEFEFEEEEF7E8ECEFE6EF0F
:10935000F8E0EFFFE6E6E6E2E4E7D3E5F9CDE4FE88
:10936000DEDEEFDEDEDEDEE1E5D0DEEDD8DEE5BE20
:10937000DDFED6D6D6CDD5DFC6D3E2BAD7F7CECE70
:10938000E7BDD6F2CCCCCCADD4FEBCCDDFACCFF6B5
:10939000C5C5C599CCFFAAC8E9A5C9F0BABADD9977
:1093A000C6F7BDBDBD8FC4FEA8C0DAB5B5B59AB8C5
:1093B000D989BBF08FBAE881BCFCAAAAD5B1B0B0FC
:1093C000ABAAAA81B1E58CB0D874B5FC7BB3F06CC4
:1093D000B2FDA4A4A482ADDD78AAE19999CC6DAECA
:1093E000F361ACFC78A8DB99999967A7EC6DA6E4CA
:1093F00059A7FC6B9ED5619BD957A1F04CA1FD8B61
:109400008BC55C9CE2439CFC5E98D84797ED3399F2
:10941000FF5694D84B93E14196F17C7CBE4D8DD4A0
:109420003399FF3989E0318BED7575BA278DFC2BA7
:109430008AF2248CFC3787DF3187E46A6AB5228799
:10944000F51685FC1282FC327FD36565B21B7BE486
:109450000A7EFC0A7BF60978EF1972D35858AC13D0
:1094600074DC0977EE0973E60970DF0F6ED454548B
:10947000AA096EDC096BD64A4AA54444A244448F2B
:109480003D3D9E3333993030832020902020791A3F
:109490001A8F1010881010700C0C840000820000CD
:1094A0007F00007500006600005600004300003396
:1094B000000021000000000000000000000000008B
:1094C000000000000000000000000000000000009C
:1094D000000000000000000000000000000000008C
:1094E000000000000000000000000000000000007C
:1094F000000000000000000000000000000000006C
:10950000000000000000000000000000000000005B
:10951000000000000000000000000000000000004B
:10952000000000000000000000000000000000003B
:10953000000000000000000000000000000000002B
:10954000000000000000000000000000000000001B
:10955000000000000000000000000000000000000B
:1095600000000000000000000000000000000000FB
:1095700000000000000000000000000000000000EB
:1095800000000000000000000000000000000000DB
:1095900000000000000000000000000000000000CB
:1095A00000000000000000000000000000000000BB
:1095B00000000000000000000000000000000000AB
:1095C000000000000000000000000000000000009B
:1095D000000000000000000000000000000000008B
:1095E000000000000000000000000000000000007B
:1095F000000000000000000000000000000000006B
:10960000000000000000000000000000000000005A
:10961000000000000000000000000000000000004A
:10962000000000000000000000000000000000003A
:109630000000002C00000000FE023A000008FF00BD
:1096400001081C48B0A0C18308132A5CC8B0A1C39C
:109650008710234A9C48B1A2C58B18336ADCC8B175
:10966000A3C78F20438A1C49B2A4C9932853AA5C7C
:10967000C9B2A5CB973063CA9C49B3A6CD9B3873BA
:10968000EADCC9B3A7CF9F40830A1D4AB4A8D1A37F
:1096900048932A5DCAB4A9D3A750A34A9D4AB5AA44
:1096A000D5AB58B36ADDCAB5ABD7AF60C38A1D4B23
:1096B000B6ACD9B368D3AA5DCBB6ADDBB770E3CA9D
:1096C0009D4BB7AEDDBB78F3EADDCBB7AFDFBF8034
:1096D0001F06183CA0B0E1C388131B1E4C587161D3
:1096E000C601024B9E4CB932DB00862D6BDECCB935
:1096F000B3C9063E428B1E4DBAB4E9D3A5450C80D2
:1097000000614064CFB063CB9EBDB0C89A3366722F
:10971000EBDECDBBB7EFDFBB452CD800C1C000DA14
:10972000C8932BB7FC808C993060A24B9F4EBDBA7A
:10973000F5EBD2A700A8F0A1F8F1E5E0C38BFFAFED
:10974000EB434D982FE8D3AB5FCFBEBD7BF52C0626
:109750007CD8B0A030ED052878F0A85182018AFFAE
:1097600000A260C07F0B08B4C17F002CC0030A1B9D
:1097700055C043050E0D5001841529C8E0781866C0
:10978000C85002CE8181DE16208628E288249668A1
:10979000E216552400410915D4F75D6C0AF2F00277
:1097A0000A353CA8DF8DFAC5C8E000370230E00674
:1097B0000D3EE8908516FDA8E1914812B4821A6525
:1097C00068A103070A4429E594545669E59551CAEE
:1097D000C72202F6C9E6600DDF55F05D7E14C6C8EB
:1097E00083011FF468E4762EE857C2801F5420E0FE
:1097F00080FA092850052FEC07A183100EB0418D87
:109800002F4060609E3554D0660D284C98E8070CB8
:10981000D2B9A001001CF8418D280CB0A6A16E6E33
:1098200057E38249762A9B156730E1C049ABA1B066
:109830004104C6BD169B83FAB9F001A40291FF2929
:109840009099256CCA43829C42B0DF06699AC9C3CD
:1098500002799650828C00E8FA4205352EC067A442
:109860000B6EB09F9F32CA89C2A189B2AA1F00C1E4
:109870000EFB0200F921AA5F8BB9EE9AA6832E7027
:109880005783A7E872A6811A421040EA028CB6D824
:10989000E56CCEE25820B742E28A429E3CA4792B86
:1098A00091C3526880822ECC4A2CB6BF0ECB22992F
:1098B000CBD6B8C106792E50E3770373BA1D0F409B
:1098C000E2BA2DC2F8FDCA2CB80C062C90015FB28A
:1098D000F862BA284BB6C41502A0640004AE7A77C9
:1098E000326C860DF76DACF95AF8A5AEFF729ADFAF
:1098F000BDFA1A7CE1CFF9B900E08442D609A00193
:10990000D70E44E4C5655A4CB4C77C12F9F3400342
:10991000E4A71F982977FD57026A6080D200081CCF
:10992000489F71C8E1D92204355228ABBE124210BB
:1099300063D069965058094FF37826D33CC8FFC7C7
:1099400083DD12220D619E7D6E6000E109D2C78326
:109950000B852D0B80DE06F09D35D50F1259F7DDF6
:10996000130E20B1C75E77AE970F5718E4D8E8F30F
:10997000624D3A7E25C89C368E0B8E99B3C5B8F6DB
:10998000BC23BF39C25EAF7E400E40FB83CBB26DBD
:10999000AFEF75EACD7BBECCDE08E4D55573AA3BAC
:1099A0008ED62EEEF9F3770540C60C05916DC105F4
:1099B000D867AFFDF61748904041064CC0BD041271
:1099C00090ECC2060CA49A1CC91302ED637D0269D7
:1099D0000EEBE30B14287FFC135660DC02F327D850
:1099E0003ED6F96B8DE6BE13B816E12F738F9B50F0
:1099F000E4E0E7B4FFBDEF3803BC5F0215B89AFCA2
:109A000041EF827411811A48003E1BA0010D6408C9
:109A1000A108474842328880209A73020849080505
:109A2000346DA974188CA10C671811289C818304CB
:109A30003180129814861EFAF08740A482BBFF067C
:109A400062800EACC10C65002209E0E41D55D1F026
:109A500089508C220024A00633C8A07A1AF082878D
:109A6000DEB31E10A070014730CF7AB4530116B98F
:109A7000488A684C23068B70863050C18902D140D9
:109A800016B8A89E2A0C716416108319B6981E1376
:109A90000C4058AA53A32007892E0EED110C1E3836
:109AA000480398C0C7F7B0E08B36584319D6A305D2
:109AB0000244C054FC9B192137C949F0C08049E8D1
:109AC000A142010E52002134B23D0D406104B87034
:109AD0008653EA00001F78A1263B49CB5A766600E0
:109AE00057D8637A72801001F4E094EA1902F84EB4
:109AF0002049F6500001A642956B6CC9CC666A26D7
:109B000004A04C0F18A887901900133D1CF8E20E12
:109B1000CFA39E24444A96CE0CA738FFB28436AE1B
:109B2000070C2A80E340ACC99E24B48C881740837C
:109B30002ED503823F76477DE3CCA73EE942FFC5A1
:109B400079AA270C3350A7407EB91E137C71076297
:109B5000ACA300CA28AF59EEF3A110354B39B9C9EF
:109B60009E30F460940639C015F8A80505E470022B
:109B7000AC3CA50C020048E33834A2284DE956104D
:109B800050C56BA2070C48C0280A433049F4BC9268
:109B90002008484131D7A300FC9C6D992A0DAA509A
:109BA000B30203737211A6DF2B0802368A1E0A7CE9
:109BB000D109AD5C8F116009CEA15AF5AA50198068
:109BC00017FCF91E3044219539BCC124A79AC30E55
:109BD000C8F3941C809332058AD5B6BA35281E88FE
:109BE000261DBFE0D53BFA28057BF422D61600845B
:109BF00084A6878C6684E15B074BD89DD8D0A5EE00
:109C0000F128115370862CD8357C7A3C657C4A70DB
:109C10004FC116F6B2988D89073CC081CE7AF6B353
:109C2000A0E58053B186001B9CE18AA48DC14ED370
:109C3000B3050240009368CBAC6C675B9414FF9E45
:109C400001ACF15B4048D7F303AA42804B27A5AD96
:109C500070874B130358000D48502A31CD60CC1F3C
:109C6000A50FA8C48DAE746332B0308A6DAF4EF0CC
:109C70002B7ABCB981AA4EF7BBE075D902549BDCA4
:109C8000B29E753D1CB06713C3CBDEF68264000C38
:109C9000D8C16D1299C32068F70B806DA87BF7CBF4
:109CA000DFF891EEBF08588112849083C81CC6006B
:109CB00037E8410F74C06006A7F703950D6E7F2744
:109CC0002C5BCDD52F0218CEB08637CCE10820E032
:109CD000002066C086F95780129B986425A08F6586
:109CE00029CCE2CC6AAE020F8B65090244E31A0765
:109CF000485833B6310A70CCE31407B2C5409EAD64
:109D0000A5EAC79AFC19F9C8484EB292939C490932
:109D100007F9C96D2D4CE4A64CE52A53190158CE1C
:109D2000B296B7CC65044CF931500EB38BFF4BE6BD
:109D3000323B86AD624EF35521C3E636BBD91CCC0F
:109D400087618C9AE74CE73ADBF9CE78CEB39EF781
:109D5000CCE73EFBF9CF80364A4000003B2F5354FE
:109D60004D3332463478375F66696C65732F737490
:109D70006D33322E6A70670000485454502F312ED4
:109D80003020323030204F4B0D0A536572766572A9
:109D90003A206C7749502F312E332E3120286874A9
:109DA00074703A2F2F736176616E6E61682E6E6FDC
:109DB0006E676E752E6F72672F70726F6A6563744F
:109DC000732F6C776970290D0A436F6E74656E741A
:109DD0002D747970653A20696D6167652F6A7065C9
:109DE000670D0A0D0AFFD8FFE000104A46494600F9
:109DF000010101006000600000FFDB004300080675
:109E000006070605080707070909080A0C140D0CC0
:109E10000B0B0C1912130F141D1A1F1E1D1A1C1CDC
:109E200020242E2720222C231C1C2837292C3031BB
:109E30003434341F27393D38323C2E333432FFDB83
:109E40000043010909090C0B0C180D0D1832211CD7
:109E500021323232323232323232323232323232F3
:109E600032323232323232323232323232323232D2
:109E700032323232323232323232323232323232C2
:109E8000323232FFC0001108017E030003012200BC
:109E9000021101031101FFC4001F000001050101AF
:109EA00001010101000000000000000001020304A4
:109EB00005060708090A0BFFC400B51000020103DC
:109EC00003020403050504040000017D01020300F0
:109ED0000411051221314106135161072271143218
:109EE0008191A1082342B1C11552D1F0243362728D
:109EF00082090A161718191A25262728292A3435FF
:109F0000363738393A434445464748494A53545509
:109F1000565758595A636465666768696A737475F9
:109F2000767778797A838485868788898A929394EC
:109F300095969798999AA2A3A4A5A6A7A8A9AAB20C
:109F4000B3B4B5B6B7B8B9BAC2C3C4C5C6C7C8C931
:109F5000CAD2D3D4D5D6D7D8D9DAE1E2E3E4E5E65C
:109F6000E7E8E9EAF1F2F3F4F5F6F7F8F9FAFFC4F5
:109F7000001F0100030101010101010101010000B5
:109F8000000000000102030405060708090A0BFF90
:109F9000C400B5110002010204040304070504040F
:109FA000000102770001020311040521310612416C
:109FB000510761711322328108144291A1B1C10984
:109FC000233352F0156272D10A162434E125F117B9
:109FD00018191A262728292A35363738393A43449A
:109FE00045464748494A535455565758595A636449
:109FF00065666768696A737475767778797A82833B
:10A000008485868788898A92939495969798999A59
:10A01000A2A3A4A5A6A7A8A9AAB2B3B4B5B6B7B877
:10A02000B9BAC2C3C4C5C6C7C8C9CAD2D3D4D5D6A3
:10A03000D7D8D9DAE2E3E4E5E6E7E8E9EAF2F3F4CF
:10A04000F5F6F7F8F9FAFFDA000C03010002110344
:10A0500011003F00F7DA28A2800A28A2800A28A26D
:10A06000800A28A2800A28A2800A28A2800A28A2A0
:10A07000800A28A2800A28A2800A28A2800A28A290
:10A08000800A28A2800A28A2800A28A2800A28A280
:10A09000800AC0F1BF8864F0A783752D6E185269DD
:10A0A0006D6305237242962C14671DB9ADFAF2AFA9
:10A0B0008F1A9EB965E0F8ED74CB113D8DE33457EE
:10A0C000D2F95E6796BC1518ED939F9BB102803A5A
:10A0D0007F879E3CB2F1EE81F6D854417B09097727
:10A0E0006D9CF96DD88F553D8FD476AEBABE248164
:10A0F000BC55E0A8E1BD81EFB49FB7C642329319C9
:10A100009147B75FE2E3EB915EBBF067C1FAEEAF58
:10A11000A85AF8CB57D6EE65B34DC6DE2FB5348DB1
:10A120002BF2A77F3C01CF07AFD3A807BF5145143F
:10A130000051451400514514005145140051451477
:10A140000051451400514514005145140051451467
:10A150000051451400514514005145140051451457
:10A160000051451400514514005145140051451447
:10A170000051451400514514005145140051451437
:10A180000051451400514514005145140051451427
:10A190000051451400514514005145140051451417
:10A1A0000051451400514514005145140051451407
:10A1B00000514514005145140051451400514514F7
:10A1C00000514514005145140051451400514514E7
:10A1D00001E7BF15FE233F80747B616704736A57F4
:10A1E000A596012FDC8D571B988EFD46057056F005
:10A1F000FC72D474B8F5D83524092C6268ED479404
:10A200001D948C8C26DC723B139AEFFE2A7C391E3F
:10A210003FD2AD85BDD476DA8D91630349F71C3604
:10A2200032AD8E4741CD798412FC68F005B2C02D65
:10A23000A6BED3EDD4051B16E91547A15F9C0FCA36
:10A24000803A0F05FC56F1278BF40D6B488ADE210E
:10A25000E2AB5B632D9C91A2A89B0C01055BE50C16
:10A26000323D8FB62B9ED7FC63F1A3C2FA70D43572
:10A270009296B6A6411890C16EDF31C9030B93D8F0
:10A28000D767F0B3E2969FE2CD59F4BBDD1AD34E07
:10A29000D64A332496E802CC072C3D41EF8C9CE053
:10A2A000D4DFB42FFC9378BFEC2117FE82F401C5F4
:10A2B000E8BE2AF8DBE22D2A2D4F4A097167296092
:10A2C00092086DD738383C1C1EA2A4F88BF13FC70A
:10A2D0001E14D72C34E8AFA3B794E9B6F2DCA1B7CB
:10A2E0008DB13329DFCE0F71DB8AF42F81BFF24AA3
:10A2F00034CFFAE937FE8C6AF2CF8C50C773F1C3C2
:10A300004C82650F14A9688EA7BA97208FCA803D2A
:10A310006FE11F8D2E7C6BE0EFB4EA12A49A95B426
:10A32000CD0DC1550BBBBAB60703838FC0D70BF158
:10A330007BE2C6BBE1AF17A68FE1EBC8E058205621
:10A34000B92D0A49991B903E607185C7E758DF0D0A
:10A350006FC7C39F8B1AE786F5097CBB29048BB9AD
:10A360008E07EEC178DBF14CFE62B911692F8BAC20
:10A370003C73E35BC42562DBE56EECF24AB803FD97
:10A38000D418FC45007B57813E235E4DF0A750F169
:10A390005F8967FB4C9693C89FBB8D50B80142A064
:10A3A000000192CD8CFBD6C5ADB7C48D4ED135071B
:10A3B000D6348D2E49577A69DF6133040790AF2177
:10A3C0006073EB815CDFC09D3ACF55F85735A5FD32
:10A3D000AC5756EDA83B18A540CA480841C1F42027
:10A3E000577BE269FC5F0ED1E19B0D2AE17CB3B99A
:10A3F000AF677460FD8000608C7A9140193A47C461
:10A4000013FF0008CEBB7BE20B45B4BFD02468AF7E
:10A41000A281B723B01953193D9BB66A0B05F88D7D
:10A42000AEE9F16ABFDABA4E8E2E104B0E9E6C8CDE
:10A43000E5508CA891CB039C75C0E2A9780F4FD250
:10A4400035BD1F5FD1B5AB6B89B589AEC4BAE5BD6B
:10A45000E00A5A4382A5761C797F2FCB83DABA9F14
:10A4600011F8C748F0A470DAC85EE750946DB5D310
:10A470006D577CF31EC028E83DCF1401CA47A7588A
:10A480007C54B5BCD0FC63A7FD9B5BD0AE024C6C8A
:10A49000E5214EF5C874273F2B01D0FA0AEF3C3F67
:10A4A000E1FD3BC31A2C1A4E95098AD21CED05B268
:10A4B00049272493DC93583E04D0753B27D575FD7E
:10A4C00075238B58D6A659A5B78DB72DBC6A311CFC
:10A4D00079EE40EA6BB1A00E2FE276B9AAE83E1CF5
:10A4E000B39B47BB5B5BAB8D460B532B44B26D57A5
:10A4F000241E1B8F4A69F0D78EFF00E8A12FFE09AA
:10A50000A1FF001ACEF8D2F247E11D35E18BCD95BF
:10A51000758B5291EEDBBCE4E067B67D6AF1F13FEA
:10A520008F3FE89D8FFC1CC3FE14015AC7C41E2632
:10A53000F0E78D34DF0EF89EE2D752B6D555FEC750
:10A54000A8DBC3E4B091064A3A0E3A771EBF977B68
:10A550003DCC16B1F99713C70C7FDE91C28FCCD7D3
:10A5600096E897779E27F8A56EDE2C87FB2751D2B9
:10A57000207974ED247CE1C38C34DE6F47F4C0E9AC
:10A580008F63585A47887C11E23D5F52D73C73AACB
:10A59000DA4D71F69921B1D3AEB73456B029C03B2C
:10A5A0003182CD8C926803DC629629E35921912493
:10A5B0008DBA323020FE22B93F87DAEEA1AF596B57
:10A5C000526A332CAF6BABDC5AC44205DB1A11B4B0
:10A5D00071D7EB5C3E9BAF785744F887A32782B5D1
:10A5E000485F4FD5A46B6BFD3602DE5A3E331CAA82
:10A5F000A78539E0E2A845E22B8F0E7C3AF13C9624
:10A60000974B697379E28B8B34B93FF2C03B0DCF26
:10A61000F8283401EDCD7D669722D9AEE059CF48B8
:10A620008C8031FC339AB15E3502FC138F4BFB1CDE
:10A63000F7DA75CCACBFBCBC98B9B876EEFE663222
:10A640000E79E0D4BE1CD4750F12FC3FD7B43B1F6B
:10A650001322A69D79F668F5999C82D6670C0EEFB9
:10A66000EF6DCAE6803D5FFB46C7ED3F67FB65BF08
:10A670009F9C795E6AEEFCB39AB35E3F7507C1B5E5
:10A68000D324D3EDA1B2BB9846555ECA179EE0B65F
:10A690003822440496CF39CD514BCD7B5DF813A0C1
:10A6A0005C62FAF635BA55D4D2D98FDA26B4491994
:10A6B000580239270173DE803D9A2BFB39E6686129
:10A6C000BB824957AA24AA587E00D675DA6B67C5A3
:10A6D0005A6BDADCDBAE8C2197ED90B63CC77C7C04
:10A6E0008578E83BF22BCD64B3F859E22D3BEC9E24
:10A6F0001EBBD3B44D6D71F649B6B5B4F0CA3A6716
:10A70000382DEE39CD6EDFA5D45F173C1315E4CBA1
:10A710002DCAE9974269106D5770A32C076C9E688B
:10A7200003D0A5B882189A59668E38D782ECE0011A
:10A73000F8D105C4373109609A39633D1A360C3FA8
:10A74000315E43F0DBC1F61E20875ABED753FB4271
:10A75000DE2D62EA3B5B39CEE8633BBE672BD0B1AE
:10A76000C81939C01C5698D26CBC19F1774587437B
:10A770008859586B169702EED223888B44A18385A3
:10A78000E80F6E3FAD007A55C5D5BDA47E65CCF10E
:10A79000429D3748E147E669CB2C6E88E92232BFFB
:10A7A000DD21810DF4F5AF30F04E8363E3EB49FC1E
:10A7B00061E27B64D4A5BCB8952CEDEE3E68AD603B
:10A7C000572A1550F1938249AA1E23F0BC1E19F88E
:10A7D0008BE0B3A4335BE9375A8B3358AB1F2E2978
:10A7E00082FDE41FC2181E40E381401EC04850494C
:10A7F0002001D49A5041190720F71505E5A437F632
:10A8000033D9DCA6F8278DA3917D548C1AE2FE186B
:10A810005DCF6DA66A1E14BF90B5F681726DB73715
:10A820005780FCD13FE2BC7E1401DD6E5DDB7237E8
:10A8300075C679A824BFB38AE04125DDBA4C7A46B3
:10A84000D2A863F86735E33AA6B77F3C9AF78AF453
:10A85000D97CBB9D4EFE2F0EE8D31E445186C3C843
:10A86000BF560D83EA2BBAB4F855E0F834DFB2DDF9
:10A8700068F0DF4CCBFBEBCBACBCF2B1EAC5C9C88E
:10A8800027D88C50076648504B1000EA4D2F519145
:10A890005E27AADC5E68FE15F881E0DB9BA9AEA00E
:10A8A000D32D12E2C2699F74820939084F7DA780B7
:10A8B0006BD6F40FF916F4BFFAF387FF00401401CA
:10A8C0007F7A7CDF32FCBD79E9434889B773A8DC25
:10A8D00070B938CFD2BC6B5263F66F8C5C9E163C5D
:10A8E00073D3F735D1F833C0D6777A7E91E24D7CB9
:10A8F000C9A86B2D0C53C2CF23797683682891A009
:10A90000381818E4E72726803D12A0B8BCB5B4007B
:10A91000DCDCC306EE9E6C8173F9D65F8C35C6F025
:10A92000D784355D65103C96B6ECF1A9E85FA2E7E7
:10A93000DB2457857C38F87ABF1460D43C4DE2CDD7
:10A940004EFA72D3986311C8012C0024E48380323C
:10A950000002803E8E4749103C6EAE8DC8653906B8
:10A9600091658DC90B22311D70C0E2BC9BC03F0FA9
:10A97000BC5BE04F19CC96FA84573E1694B298E42B
:10A9800098EFC632AC13180C0E01C7519AF23F076C
:10A99000685AB78AFC79ACE83A7EA52585B5CB4ADA
:10A9A000D7B32E49F2564FBB8C8CE495E33401F5B6
:10A9B000A417105CA17B79A39541DA4C6C1803E9CC
:10A9C000C5462FECDAE3ECE2EEDCCFFF003C84ABD3
:10A9D000BBF2CE6BE79F880B3FC25F095B783F42BB
:10A9E000D4EE0FF6A4D25D5C5D1011D530ABB01182
:10A9F000D012393D78C57337FA5FC3187C30F269DD
:10AA0000FE28D45FC451C7E62C8D0388E49473B745
:10AA10001B3804F00E78EB401F5A5559752B0B79F3
:10AA20007CA9AF6DA393FB8F2A83F9135E31E06F8E
:10AA300013EBFE33F845AA588D6E1B0D4AC1D6178D
:10AA4000D4EE9C8DB0119C96ECD80573FD6B908F65
:10AA500040F85BA6F87EE175CF1349AAEBAFBC893D
:10AA60006C0C8CBBBF842FCB83DB249A00FA78C894
:10AA70008103975087A3678AF2EF87BF15AF7C6188
:10AA8000E2FD4B46BDB1B3B582D227759637396228
:10AA9000AE140E4E3A1AE03E0B69E3C6BA0EBFE1A1
:10AAA0006D62EAE9F4B4304F1A472E0C6DB9BEE975
:10AAB00039C038191ED5CFFC30F03E93E2CF1CEAE6
:10AAC000DA46A4D742DAD6291E330C815B2B22A8A2
:10AAD000C9C1EC6803DCAF5BE217FC2CA8C5ACF67F
:10AAE00063C29E6C7B9098BCCD9B06EEBF37DECDDB
:10AAF00077A92C721C2488C4765606BE74D6018BA6
:10AB0000F6A2B38559B62DCDB2804F610AD374D069
:10AB10007E1CFED12D66498F4ED42528809E3CB9DF
:10AB2000B95FC9F03F0A00FA35E58E3C6F91173DD9
:10AB3000373015C1DB37C42FF8596FF68B8B3FF8D0
:10AB400044FCD7C2031799B361DBFED7DEC579B7E2
:10AB500089037C42FDA1ADB4852CFA7E98CB1CA064
:10AB60001E36C7F3C9F9B1DBF9557B3885DFED3DFA
:10AB70007B69233F952CD711B056C70606071F9D4A
:10AB80000077DAB7C55BDD3FE2D5B78423B2B37B8C
:10AB90002965850DC973B8075049EB8E335E9DF664
:10ABA0008872079D1E4F4F9C735F296B5E05D22CE8
:10ABB0003E36DA784E16BA3A6CB3408C5A4064C3CB
:10ABC000A827E6C7BFA5751F197E1F5B785BC33A30
:10ABD00026A3A21B81169EE6DA4777DCF8662E8C48
:10ABE0004F1D18B0FC45007D10582A9662001D4983
:10ABF0003489224809475603FBA735E1DF12FE20BE
:10AC00002EA3F04F499A093175AE058E50A791E5F4
:10AC1000FF00ADFF00C7801F8D77DF0A7C347C31D9
:10AC2000F0FF004FB7954ADDDCAFDAAE33D7738C57
:10AC300081F82ED1F850076B45145001451450018E
:10AC4000451450014514500145145001451450015C
:10AC5000451450014514500145145001451450014C
:10AC6000451450014514500145145001451450013C
:10AC7000451450014514500145145001451450012C
:10AC80004514500145145007907C6CF006B3E24126
:10AC900067ADE81E64D756B198A6B647C33A672198
:10ACA00097D4824F1D79F6AC2B3F8DFE2EB0B24B60
:10ACB0001D43C157136A31A84326D923DE471929FA
:10ACC000B4F3F435EF945007827C28F037886EFC9B
:10ACD0007771E37D7EC4E9CACD2CB140C9B19E49EC
:10ACE000339C27555018F5F6AEB7E3BE9D7BA9FC03
:10ACF0003E8ADEC2CEE2EA6FB746DE5C11976C6D2B
:10AD00006E703B57A751401C0FC19B2BBD3FE18E7E
:10AD10009D6D7B6D35B4EB24DBA2990A30CC8C465B
:10AD200041E6BCE3E29685ABDEFC6BD2AF2D74BB93
:10AD3000D9ED53EC9BA68A06641893272C0638AFEE
:10AD4000A168A00F9FFE3F782AFEF35BD3F5ED22AA
:10AD5000C2E6E9E788C172B6D13390CBF758803BA1
:10AD60008247FC06B51BC1B77A27ECE173A6C5651F
:10AD7000349A9DE225CCD02465A4DED221DBB473C5
:10AD800090A00FC0D7B651401E13E08F0AF8867FFF
:10AD900082B3D9DA457361AC5BEA9F6CB78A70D035
:10ADA00099766D3B4E71C30C8F4CD7790FC52D2909
:10ADB0002054D4B4BD6ACB52030F64DA74AEFBBB2B
:10ADC000852A0AB0F439AEEA8A00F2296E3C49A617
:10ADD000DA78ABC7A9A2DCC3A8EA490DAE9BA718D5
:10ADE0008C93222FCA2491573CF3BB1DB18A3C2B74
:10ADF000E20F0FF86A269CF87FC5579ABDC0DD792F
:10AE0000A8CFA4C8D2CCFDF93D17D14715EBB4505B
:10AE10000617877C556DE256B816FA76AB69E405DD
:10AE200027EDF66D06ECE7EEE7AF4E7F0ADDA28A6E
:10AE300000E0FE2C59DD5F78774A8ED2DA6B874DC1
:10AE400062D5D96242C428639240EC3D6BBCA28AB1
:10AE500000E07C5967711FC52F04EAB0DACD2408E1
:10AE60006E6DAE258E32C230C836EE23A0C93D6B62
:10AE70002B45BC1F0D6EB50D175CD32EA4D21EEA58
:10AE80004B9D3F51B7B569D0239C98DF6825581C6E
:10AE9000F6E6BD4E8A00E0B4ED7B52F14F8AAC5B22
:10AEA00042B19EC7C3D6BBA4BCBCBBB3F28DD363B7
:10AEB000E58E30E37000F25B8FF1E5ECBC23AAEA8B
:10AEC000DE06F114105BBC1A9C1E249B51B15B84FE
:10AED0002A25647057AF661900F4AF65A2803CFA6A
:10AEE0002F897A325A84BFD0757B6D542E1F4F1A2A
:10AEF000648EE5FB8560BB48CF439AE7FC45A6F826
:10AF0000B357F05DBEA3AC698D7110D612F67D0EFD
:10AF10000450EB64B9C4476FDF6EE41FE95EC345BC
:10AF2000007031F8F74FBAB2FECEF0968B7F36A0A4
:10AF3000EBB2283EC0F6F1404F19919805551DF12E
:10AF400093C715CB784EEBC57E1DF0169F6B61A4A1
:10AF5000DF35CE8B7AE354B27B6C35D42EEC730B99
:10AF600037DE2383C7AD7B3D1401E59E28F15F8565
:10AF7000FC57A1DD69F1787351D57539E22915B314
:10AF800069722491C846012ECA0260F39CF6A34B55
:10AF9000D1359D3BC65F0FE3D45269E5B2D26E2234
:10AFA000BAB800BA23ED1852FD33DBDF15EA74504E
:10AFB000070DF0B2CEEACB41D592EEDA681DF59BD3
:10AFC000A9156542A594B0C30CF63EB4788ACEE6C6
:10AFD0006F8B1E0EB98EDA57B6860BC12CAA84A2CF
:10AFE0006E4006E3D066BB9A2803CC7429757F8631
:10AFF000A6EF43BAD0751D4F43FB43CDA7DE69B121
:10B0000079CD1A39DC63913391824F3EF595E20D8B
:10B010004758D73E217826FEEB4D9F4BD3575068BB
:10B02000ED6DAE8013CA76E5A46504EC0000003C2B
:10B03000F535D42E83E30F0DEA57D27872F6C3505C
:10B04000D36F2769FEC7AA4922BDBBB750922E72A3
:10B05000BEC4714FD33C2DAEEA3E2BB5F1278B2EEB
:10B06000EC8CB611BA5858580631425C619D99B9BA
:10B0700066C71D2803B8AF29F89C353F0DEBB6DE37
:10B0800020D0A3DF73AC5BB68B32038CCAFCC32722
:10B09000B9073F90AF56AE2E0F0C6BFAA78AECB5EE
:10B0A0006F135F69F25AE98CEF6369631B80646E0A
:10B0B0000492163C903A01DE802BEBBE0291FE1A00
:10B0C000D8681A33A25F69461B8B377E15E78CE779
:10B0D0009FF7896FC4D107C52B08AD563D5B47D696
:10B0E000ACB5651892C069F248C5FB84651B581E53
:10B0F000C735DE51401E570F8475AF11E87E32D53B
:10B10000B52B6FB16A9E2080436967230CC1122F53
:10B11000EED5CF6663D7D2AF681F11ECED342B2D7F
:10B120003751D235A875AB6812092C534F91D9DD30
:10B1300046DF9580DA41C70491D6BD1A8A00F13BFB
:10B140005D3BC413681F1464D4B4B9A2BDD41164A8
:10B150008A1442FBB7464845207CE5410A71DC1A57
:10B16000F58F0CC6F0F853478A5464912CA15646CB
:10B17000182A420C823D6B528A00C9F13E871F8912
:10B180007C31A8E8D2BF96B7903461F19DADD41F51
:10B19000C0806BC23C1FAFF8AFE100BED0B56F0AF4
:10B1A000DE5FDA493196192DF3B776002558290567
:10B1B0004803D08AFA368A00F1CF87A7C7FE28F164
:10B1C000ACDE23D6E4BFD2F42059E2D3E476547245
:10B1D0004615421E4A8EA4E0648AC5F831A2EABA36
:10B1E0007FC4ED7EE6F74CBCB6824866092CD032AF
:10B1F0002B13329182460F15EFB45007947C6DF8F3
:10B200007F7FE2ED32CB52D1E3F3B50D3F703003D7
:10B21000CCB1B60FCBEE08E9DF26B931F11F546D82
:10B220002174D8BE18FF00C4FF006795E69B2CA6CA
:10B23000FE9BF66CCFBE338F7AFA0E8A00F0EF14C5
:10B24000F84BC67AAFC1C29756B6FF00DAEF7697D1
:10B2500053D8D8DBA467C900808427DF60486C7EA0
:10B2600003A564782FC4B2E9BE138F40D2FE1CDE62
:10B270004BE2011BC66E8DB00A5CE7E77761918CEB
:10B28000F43C71D6BE88A2803C1BF67BD2354D1FA4
:10B2900057D79353D32F2D0C90C5B1A7819036D695
:10B2A0006CE091CF515CC787DBC55F0C7E20EAD78D
:10B2B000AFE13BED404FE6C43CB8DF6B2B3860CAD2
:10B2C000CAA41E83F3AFA828A00F9F755D1B579FCC
:10B2D000F691B4D5174ABDFB11B8B7769C40C63578
:10B2E000FDCAE7E6C6383C56E7C7BF09DF6A76DA2B
:10B2F0004EBFA45ACF3DF5A49E4BADBA177D87E64D
:10B3000056C0E78607FEFAAF66A2803C5FE03F8545
:10B31000751B36D67C47ADDADC437F7727929F6971
:10B320008CA3919DEED83CF2C47E5593A6689AAA50
:10B330007ED313EA4DA65E2D89B9948B930308F052
:10B3400061201DD8C75E2BDFA8A00F9DFE26E93E19
:10B3500022D17E31DB78B2CB43B9D42D51A09A33C0
:10B360000C6CEAC51402AC541DA78FD6BD5D164FF8
:10B37000891F0CE78B52D364D365D461913ECF36DD
:10B380007744C18EC63900F501BA57635C57C43F94
:10B39000086B9E2C86C5345F10C9A4180C9E6946A4
:10B3A00071E6860300ED23A60FE7401F397C3ED0EF
:10B3B0002F7C51E3AD2BC3B7ACCF65A74D24D3444D
:10B3C0004E5635520B8FF813003F1AFB0BA74E95C4
:10B3D000C0FC35F8616BF0FE2BA9DAF0DF6A57404C
:10B3E0002C93ECDAAAA0E76A8C9EFC93DF02BBEAFE
:10B3F0000028A28A0028A28A0028A28A0028A28AFD
:10B400000028A28A0028A28A0028A28A0028A28AEC
:10B410000028A28A0028A28A0028A28A0028A28ADC
:10B420000028A28A0028A28A0028A28A0028A28ACC
:10B430000028A28A0028A28A0028A28A0028A28ABC
:10B440000028A28A0028A28A0028A28A0028A28AAC
:10B450000028A28A0028A28A0028A28A0028A28A9C
:10B460000028A28A0028A28A0028A28A0028A28A8C
:10B470000028A28A0028A28A0028A28A0028A28A7C
:10B480000028A28A0028A28A0028A28A0028A28A6C
:10B490000028A28A0028A28A0028A28A0028A28A5C
:10B4A0000028A28A0028A28A0028A28A0028A28A4C
:10B4B0000028A28A0028A28A0028A28A0028A28A3C
:10B4C0000028A28A0028A28A0028A28A0028A28A2C
:10B4D0000028A28A0028A28A0028A28A0028A28A1C
:10B4E0000028A28A0028A28A0028A28A0028A28A0C
:10B4F0000028A28A0028A28A0028A28A0028A28AFC
:10B500000028A28A0028A28A0028A28A0028A28AEB
:10B510000028A28A0028A28A002B3353F1168BA29E
:10B52000FF00C84F55B3B43FDD9A6556FCBAD79FAC
:10B53000FC57F88575A0B2683A34BE56A12C7E65DA
:10B54000C5C8E4C119E817FDA3FA0AF0F86D2E6F1B
:10B55000A769897791CE5A59096763EA49E69D8DB3
:10B56000A9D173D4FA821F1FF84677091F88B4F255
:10B57000C7D6603F9D6EDB5E5ADEC7E65A5CC33AB3
:10B580007F7A270C3F4AF95A2D02E48E58D59B7DCD
:10B590003F51D365135A4D24320E43C2C50FE629DD
:10B5A000686AF0AFA33EA6A2BC2746F8A1E22D210F
:10B5B000963D442EA100E0F9C36C807B38EBF88304
:10B5C0005EA3E1EF1D689E220B1C171E45D9FF00EC
:10B5D0009769F0ADF8766FC28309D29437474B452F
:10B5E000145066145145001451450014514500147F
:10B5F00051450014514500145145001451450014A3
:10B6000051450014514500145729E23F885A1787C5
:10B6100037C524FF006ABC5FF977B721883FED1E6C
:10B620008BF8F35E59AD7C51F136B2CD1D811A7D98
:10B63000B9E8B6E32F8F773FD00A76348529CF64F7
:10B640007BB5D5F5A5847E65E5D416E9FDE9A408AA
:10B650003F5AC397E2078461728FE22D3C11E930B3
:10B660003FCABE73B8B0D475094CD7323CB21E4B3A
:10B67000CAC5DBF3355E4D0AED4643353B2EE74246
:10B68000C23EACFAA34CD7B48D6573A66A769778A0
:10B69000EA2199588FC0735A15F1C6CBBD36E92EF1
:10B6A00011A48668CE5268894753EA08AFA17E1775
:10B6B00078EA5F13E97259EA4EADA95A6374806360
:10B6C000CF43D1F1EBC60FFF005E871B6A6556833F
:10B6D000A7A9E8545145498051451400514514002B
:10B6E00051451400514514005145140051451400B2
:10B6F00051451400514514005145140051451400A2
:10B700005145140051451400514514005145140091
:10B7100051451400514557B9BD86D702424BB7DD9C
:10B72000451963F850058A2A80D498FF00CB9CA065
:10B730007FBCB9FE75226A3031C49BE23FF4D17000
:10B740003F3E94016E8A40410082083DC52D0014A1
:10B750005145001451450014514500145145001441
:10B760005155EF6ED2C6CE5B99012B1AE703A93D66
:10B7700080FAD004ECCA8A5998281DC9C0A8D6EA14
:10B78000DDBEEDC447E8E2B98FB3CB7EE26D40F990
:10B79000D21E4459FDDC7EC077FA9AB6BA64257988
:10B7A000B5871FEE0A00E8472323A51580962D6E66
:10B7B000736D24B01F446CAFFDF278AB51EA3730A3
:10B7C000605CC4254FF9E910E47D57FC2803568AD4
:10B7D0008E19E2B88C490C8AEA7B835250014514D9
:10B7E00050014514500145145001451450014514B1
:10B7F0005007CBDE302FA97C42D6E490924DEB4629
:10B800003FDD40140FD2B7748D2E34894951543C1A
:10B810004D6DF65F883AD230C7FA6B38FA300DFDBD
:10B820006B7ACE7548073DA9499E9525EEAB175614
:10B83000DA2418C0A1ADE161D0564DDEABE59C0322
:10B84000CD554D65B3D2A6CD9DD4F0B292B9A771B6
:10B85000A5C5283F28AC4BAD0CA1DD1E463915A966
:10B860000EACAD8C9C55C5B98E51D41A35429E1E76
:10B8700051DD09A17C40D77C3E560BB26FED071B12
:10B88000266F9D47FB2FFE39AF52F0FF008C747F6F
:10B8900011A05B3B8D9718CB5B4BF2C83E83B8F78A
:10B8A00015E513DA45329E0561DD69AF0389206233
:10B8B000ACA72A54E083EA0F6AA4CE1A9854F55A2A
:10B8C0001F49515E2BE1EF8A5A8E92E96BACA35E61
:10B8D000DB8E3CCE92A8FAF46FC79F7AF58D1B5E83
:10B8E000D335FB5FB469B74932FF00128E190FA33D
:10B8F0002F514CE19D3941FBC8D2A28A282028A2B1
:10B900008A0028A28A0028A28A0028A28A0028A2E7
:10B910008A0028AC9D7BC4DA4786AD3ED1AA5E245E
:10B92000208F923EAEFF00EEAF535E37E23F8B3A80
:10B93000B6BAEF6BA2AB69F6878DE0FEF5C7B9FE2C
:10B940001FC3F3A695CD29D29547EEA3D5BC49E3F5
:10B950009D13C32AC97571E75DE38B5830CFF8F6A4
:10B960005FC6BC9B5EF881E21F129782DD8D8593D6
:10B9700071E540C4330FF69FA9FC302B9EB2D29ADA
:10B9800046F32725DD8E49273935BD05AC7128E002
:10B9900051A23BE9E112DF56635AE87920C9C9EBAD
:10B9A0005B5069B14607CA29EF751423922A85C6F0
:10B9B000B2A99D9459B3BE9E1A72D91ACB6F10ECDE
:10B9C000286B68D8700573675D937568D86AC27311
:10B9D000B58E0D27092D59A54C1CE2AECADABE96CC
:10B9E0008F1B7CA2A3F86D3C9A778CE25524074705
:10B9F0008D87A8C6EFE6B5AD7B22B427E959BE0D09
:10BA0000877F8BE275FE1DEDFF008EE3FAD34F4377
:10BA1000CEAEBF76EE7D196F27990AB7A8A96AA6A0
:10BA20009DFF001E899F4AB748F2828A28A0028A99
:10BA300028A0028A28A0028A28A0028A2B1EF75E6C
:10BA40008E37686CD3ED128E0B6708BF53DFF0A002
:10BA50000D59668E08CBCAEA883A9638158F71E27E
:10BA600038B95B285EE1BFBDF753F3359DF64B8BCC
:10BA7000F97CDBB90CADD81E157E82B4A1D354017C
:10BA8000BA80329F50D7A424FDAADE207A2AC79C10
:10BA9000558B4D6EFAD4017E8B711E79922E187ED5
:10BAA00015ADFD9D191D2A85D58F95F32D006EC30B
:10BAB0003477112CB138746190C3BD3EB0F417F2E5
:10BAC000E4B8B51F7462451E99EBFAD6E50014512F
:10BAD00045001451450014514500145145001451BE
:10BAE0004848504B1000EE680168AA12EAB0212BBA
:10BAF00010699FFD81C7E755CEA977DADA303DDEC0
:10BB00008035E8AA36BA924CE22950C521E809C826
:10BB10003F4357A800AC4B7569E47B86FF00592B67
:10BB2000139F45EC2B6CF22B2AC4811AE7B7140142
:10BB3000692D4639A0DBF1C53A49C20E2A01767358
:10BB4000400820780E616319F41CA9FC2A78AF0123
:10BB500021265F2DFB1CFCA7E869AB3ABF5A732274
:10BB600038208041EC6802D515457CDB7FF5677293
:10BB70007FCF363FC8D5986E239B21490C3AAB70D6
:10BB800045004B45145001451450014514500159CE
:10BB90007AF2EFB2894F433A13F81CD6A5676B4B84
:10BBA0009D3F7FFCF3911CFD334011D9440FCC6ABB
:10BBB000FB3220ED59B6F3845C66A0B9BA24F06874
:10BBC0000354C91B7A531A346E958A277CF535665F
:10BBD0002BA618C9A00B0F68564F362768A5FEFA8A
:10BBE000F7FA8EF52C7A8B4585BD409E9327DC3F76
:10BBF0005F4FE5491DC861CD3C85614017810CA1AF
:10BC000094820F423BD2D638496D18B5A3851DE208
:10BC10006FB87E9E9F855CB5D462B87F29818A7E8D
:10BC2000F1BF53F43DC5005CA28A2800A28A280017
:10BC3000A28A2800A28A2803C07E2CC06C3C792DE1
:10BC4000C0181736F14C3DC8CA1FE42B9F8358FD1E
:10BC5000D019E6BD0BE3869DBEDB49D4557EEB498A
:10BC60006CE7FDE1B97F553F9D78CDBB9E99AA5108
:10BC70004CF630369475379E73339626A541C550E1
:10BC800081BA5684678AAB1F4346D6B0FC11D2A452
:10BC900049E48CF048A074A0AD1637704F72EC5A8E
:10BCA0009B0E1AA76BD8E45E4D6515A61523A52E2D
:10BCB000447254C245EC47A9AA4809159763AA5F84
:10BCC000E8D7AB7365712C32A74746C1FA7B8F6307
:10BCD0005A32216EB54A5B7CF6AB51E872D4C2266B
:10BCE000ACD1EB7E12F8BD6F7812D75E55865E82BE
:10BCF000E907C87FDE5FE1FA8E3E95EA30CD1DC4CC
:10BD0000292C322C91B8CABA1C861EA0D7C8D240A2
:10BD1000C8772E41AE8FC2BE3CD5BC2D3848A4F3A7
:10BD20006D09CBDBC87E43F4FEE9F715328763C6A5
:10BD3000C4601C7581F4CD1583E19F16E99E29B37B
:10BD4000F3ACA4DB3281E6C0E7E74FF11EE2B7AB0C
:10BD500033CE69AD185145140828A28A0028A2B92B
:10BD6000CF1678D34BF095A6FBB7F32E9C662B54D9
:10BD70003F3BFB9F41EE681A4DBB237EE2E21B4B2B
:10BD8000779EE2548A1419792460AAA3DC9AF24FB0
:10BD9000187C678ADFCCB3F0DA091FA1BC91781F49
:10BDA000EE2F7FA9FCABCE7C57E38D63C59727EDC3
:10BDB000536CB65398EDA3E235FC3B9F73FA5736AC
:10BDC000B092727935AC61DCF4B0D8073D664B7B3C
:10BDD000A85EEAF7CF757F712CF339CB3C8D926B5F
:10BDE0005B4C09160902B2E2879CD6842840156E86
:10BDF000373DCA783495923A24BF445E05452EA259
:10BE0000EC30A6B3A3427AD4DB292A691D54F09101
:10BE100088D92577EE6AAC8726AC3F02AB31C9AB37
:10BE200048EC853488987144570617C83D287E052C
:10BE30005595A9B44564AD634E7D658C2573DABA1A
:10BE40009F86B6C67BF96E88FBA9B41F763FFD8D31
:10BE500079ACAC49C57B7FC38D33ECDA55B923E6A9
:10BE600094EF3F4E82B09A49687CC66568C6CBA9FC
:10BE7000EA968BB2DD07B54F4D8C6D4029D599E21E
:10BE80000514514005145140051452330552CC405D
:10BE900003924F6A005AA77DA95B69E80CAD976FC2
:10BEA000BB1AF2CDF4158DA8F89B25A2D3B0474359
:10BEB00070C3E51FEE8EF5936C43C864766791BE40
:10BEC000F3B9C93401A53DCDEEA8C564261B73FFA7
:10BED000002C90F27FDE3FD2ACC165142832000303
:10BEE000A0155BED91429C1AA171AAB31214D00661
:10BEF000F3DE4308C022A06D61474AE6CCF248DC7D
:10BF0000934EC9C75A00EA6DB55123609AB57322A2
:10BF1000C90935C843298D81CD697F68168C2E6883
:10BF2000034348FF0090A4C00E908FE66B76B0F4F8
:10BF300001E64D7937A32C63F01FFD7ADCA0028A5D
:10BF400028A0028A28A0028A28A0028A8A7B88ADBB
:10BF5000A3DF2B851DBD4FD2B325BBB8BC25573001
:10BF6000C47B7F11FF000A00B773A8C70B18E31E3C
:10BF70006CBFDD5E83EA6A898E7BC6DD70E587640F
:10BF80001C28FF001A962823857B0A73DE471F02B0
:10BF9000801F1592AA81C0F61521B35238AA4751C5
:10BFA000E78AB36F7BE675340156E2DF6823B8E4B5
:10BFB0001F435AD6D279D6D1C87AB2E6A95D3823C2
:10BFC0003566C062C21CFF0076802CD6333186698C
:10BFD00057D1CFEBCFF5AD9AC9BF8F6DDB1ECEA188
:10BFE000BF11C7F850044D297A68A60A9145004848
:10BFF000B9152A48477A8853C5022C0941EB5148A4
:10C0000015883C861D1978229B4503268AF5A3F9DD
:10C010006E3057B4A07F31DBEB578104020E41E84C
:10C0200045656714B148F6E731729DE3278FC3D2A7
:10C03000803528A8E199278F7A1C8E841EA0FA1AD1
:10C0400092800A28A2800AAF7F179DA7DC478C96B2
:10C050008CE3EB8A9D99514B310140C927B579EFAB
:10C060008AFC6F2ED7B3D1CED5E8F73DCFB2FF0013
:10C070008D006A899B6AB67EF28346E2DD6B3342AD
:10C08000B9FB66816B2139751B189F515A2B4012E1
:10C0900028A9D462A341530A0072922A6595854269
:10C0A000053C5004AD2E45412224CBB645C8CE41B7
:10C0B000EE0FA83DA9C692802683509AD30B71BA81
:10C0C000783FE7A01975FA8EE3DFAD6B472A4D1A6A
:10C0D000C91BABA30C8653906B0B38A489E4B594B1
:10C0E000CB6C40C9CBC47EEBFF0081F7A00E868AE3
:10C0F00082D2EE3BC8B7C79041C329EAA7D0D4F497
:10C1000000514514005141200C9E05605FEB6D26E7
:10C1100062B26DA9D1A7F5FF0077FC680317E28929
:10C12000B6BCF075ED983BEEA3DB711AAF254A1C47
:10C130009CFE1915F3A0F927603A6723E95F40DDFB
:10C1400022B6F4232AE0EECF25B3D735E0FABD932B
:10C1500069DA94D6CDD6190C7F503EE9FCB155066C
:10C1600077E0276958B16EDD2B4A23C563DBBF4AF0
:10C17000D385BA559F4F4245F53C0A7815121E2AC1
:10C18000514CED42EDA42B4F1498A0089A3C8A859F
:10C19000E206AD9029A56A89942E664B05509ADB7C
:10C1A000DAB75E306AB4B08A0E5A945333B4CD4ACB
:10C1B000F744BF8EEECE778A58CE5594F4FF001127
:10C1C000ED5F417827C736DE28B4114BB61D411705
:10C1D0002F183C38FEF2FF00876AF0196DFDA9DACE
:10C1E0007DDDC6957D1DCDB48D1BA3065653C83588
:10C1F000328DCF1F1781E7578EE7D5B583E25F15E4
:10C20000D9F86E288490CF7575367CAB6B700BB007
:10C210001D49CF007BD55F06F8AE1F11E9CA58AAA9
:10C220005DC6079A83BFFB43D8FE95E7FE2FF14B0F
:10C23000D8EA379A84015AE257F2A124676A2F0399
:10C240001FA9FC6B24B53C585194A7CB6D4F4CF003
:10C25000E78A6CBC4B6B23C092DBDC4276CD6D3839
:10C2600001D09E9F507D456E57CE9E0EF155EAF847
:10C27000C61BBB8703CEFDD4B8E01527FA1C1AF500
:10C28000CF17F8CE3F0EE8E0C455AFE65FDD29E4F6
:10C2900020FEF1FE83B9A1AB3B0EA509467C843E8E
:10C2A0003CF1FDBF856D9ADAD764DAA3AFCA8795F2
:10C2B000881FE26FE82BE79D42FAF357BE96EEF235
:10C2C000679A691B733B9C93FE7D2ACDECF3EA577A
:10C2D000925CDC48F2492316666392C4F734C48347
:10C2E0001DAB58C6C7B185C0F26AF72AA41ED52F68
:10C2F000958AB423C0A0265AB43DDA187B0C861E5A
:10C300002AEC71D3634AB28B41DAA161CAB81D2805
:10C310003D29F8C54521C0A0562095AAB1A92461A0
:10C320009EA2A1661EA3F3A650C7354E56EB562417
:10C3300061EB54A66A0E4AD212D223737F0C406777
:10C340002C2BD9FC33A85D6992A08809A15C03134A
:10C350009FE47B5796F856D7CED41A72388C71F575
:10C36000AF55D1A0F94362B9EA3BB3E4B31A9CD507
:10C37000797B1E9DA6EA906A7096872ACBF79187F3
:10C380002B57AB96D3E2D9089518C72F671FD7D480
:10C3900056ED9DEFDA3314A024EA32547461EA2A90
:10C3A0000F38B945151BDC431CA913CA8B23FDD5D7
:10C3B0002DC9A00928A2A9EA1A847A7C1BD86F91FA
:10C3C000B848C7563FE1400FBDBE82C20F3676C0A7
:10C3D000E8AA392C7D00AE4353D56E35062263E5BD
:10C3E000C19E2053D7FDE3DFE9515E5D4B3CE6691A
:10C3F000DF7CC78C8E883D16A8B9CF5A6035E42CF7
:10C400007DA8599947069869B401234ACC79342FFD
:10C4100026982A4514012C62A534D41814B400952A
:10C420002C196940F7A8A99713FD8F4DBAB9EE9161
:10C430009C7D4F02901D8F86D0AE95E61FF96D2B27
:10C44000B8FA678AD7AF34F08F8B2E6C218ACB5124
:10C45000CCB6AA004940F9A3FAFA8AF488A58E68F6
:10C4600096489C3A30C8607822801F451450014598
:10C4700014D7758D0BBB05503249A0075665EEAC3D
:10C4800090E63B7C4920E0B1FBABFE354EFB527B96
:10C490008052326387F267FF0001596CD9181C0E75
:10C4A000C05005A598CB37992B977FEF1EDF4F4AD9
:10C4B000B3F6C48D78EB595B88A4C93401725BC7AD
:10C4C00090E01A883163C9A89454AA38A005A9231A
:10C4D00094C66A3A281965EE0BC6DCF518FCEBA287
:10C4E00089764489E800AE6EDE3F366822FEFC8025
:10C4F0009FA0E6BA7A04154F518F31A49FDD6C1FBF
:10C50000A1E3FC2AE5365412C4C87A30C500616341
:10C510000D8A95453769CFCC3E60707EB4F1400EF0
:10C5200014E14829D40828A5A4A0621A4A534D341E
:10C530000854768A4F323FBDDC76615A70CCB346E0
:10C540001D3A7707A83E95926962B836F2171F74B4
:10C55000F0E3FAD032EC97722C84A46A62438662CC
:10C56000DC9F5C0AB4194AEE046DC673ED58734C37
:10C5700049001E00A25BC2D6AB6E32157863EBE8B1
:10C580002801353BDFB5A342A48B72307FDBFF006F
:10C59000EB579A6AF6C6391D08FBA715DE3B64D730
:10C5A0003FAF5A6F51328EBC3534329F82AE729794
:10C5B000762C79044A83F43FD2BAA51CD79D69B77B
:10C5C0006749D720B93911EEDB27FBA7835E945763
:10C5D0000DC720F434310F4152814C51C548290018
:10C5E000E14B4829D400534D3A90D0030D349C536D
:10C5F000DA986801124786613427120E083D1C7ACA
:10C600001ADEB6B98EEA012C7D3A107AA9EE0D73C6
:10C61000AC79A58AEDED5DE44CE1C6D75F5F43F5EB
:10C6200014017679A4964371F6C92100910C69D062
:10C63000E3BB7AE6B4ED2E45D5B2CB8C1E8C3D081B
:10C64000EB5CC5CCDBDC60F0A302905F48B6B25A6D
:10C65000A12AB21DCCC0F6E840FAD005AD5B54FB70
:10C660005168226C5B038623FE5A1FFE27F9D643CE
:10C6700049BBE9DA9247CF03A5459A0026E541F484
:10C68000AF33F887A5EDBA8AFD17E59D7CB73FED7E
:10C69000AF23F3191F857A6672306B1B5CD39753F7
:10C6A000D2E7B3720330CA31FE161C83F9D09D99CC
:10C6B000A539F24933C62DE4E82B56DE4AC9B889BC
:10C6C000ED6E9924528C188653D9875156EDE5E9C1
:10C6D0005B6E7D361AAA69337236E2A7539ACF860B
:10C6E0004E2AE23E699EAC25744F9A5A6834ECD0CB
:10C6F0006A800CD3BB520E94B400C2B51B266A7A72
:10C700006914C4D5CA6F10355DEDEB48A034C31869
:10C71000A6632A698689AB5D6857827B772A4020A9
:10C720001EBD7D477155357B93A8CE1803B14700D8
:10C73000D4ED17B537C8F6A5657B9CAF090E7E7B97
:10C740006A51B3536B70B281C8ABFAADFDCEB17410
:10C7500067B872CC7A93DFF0EC3DA810538423D2F3
:10C760008B2BDC3EAB172E6B6A5158001D29C63C43
:10C7700055C640074AA935C449D0EE3E8299D74EE6
:10C7800089138C5317039240151C93BBF418151191
:10C7900034CEE842C8B9F698D3D58FB530DFBE3E67
:10C7A0004403DCF3550D0682B9512BDE4EFD6423A4
:10C7B000E9C542CECDD589FA9A4A69340B40351B7A
:10C7C0001A52D513B506539588E46AA9239E809A18
:10C7D0009647AB1A358B6A3A8A2E3F76872C693793
:10C7E00063C9C5D7518B6CEC7C2F6260B18811F3A3
:10C7F000C9F31AF4BD2AD8844503935CE68B641A06
:10C800004538C28E95DF69B6E146FC703A573377FA
:10C81000773E42A4DCE4E4FA97954246147618A6E3
:10C82000B127690C55D4E51875069ED5039E68207E
:10C83000DBB3BD1710B1701658FEFAFF0051ED5969
:10C840003712403734B1879A539DE7AA8EC07A6277
:10C85000AA99DE26F32338700AFD54F51504D2197F
:10C860001CB7E5401D0DBEA2ABA5FDA273CA655B5A
:10C870001D58FF00F5EB99BDBA9279DE694FEF1BA9
:10C880008C7641E828699F9058EC0772AFFB58C638
:10C890006AA4849E4D3021735131A91AA163400DC1
:10C8A0003494D6900E9CD44D3376C0A00B20548186
:10C8B000917ABA8FA9ACC6918F563511E68036CDE4
:10C8C000D5BA8E664A6FDB2D8FFCB74AC26C546DA9
:10C8D000401D1ACF0B9C2CC87F1ACFF12CDB2C2DBE
:10C8E000ACD4FCD3BEF6FF00757FFAF546C6DCDC9F
:10C8F0005D2201D4D417127F68EB334A9CC487CAE7
:10C900008BFDD5EFF89CD00686936C599401924E1E
:10C910002BD1AC4FF67C291AF3081F328EDEE3FCD4
:10C920002B9BF0ED8FCDE6B0E13A7D6BA327140190
:10C93000B0AC1D4329C823208AAE6EC8948F28F955
:10C9400020E0C99EFF004F4AA76F73E412A4FEEDDA
:10C95000BFF1D355E69897D99F940C62901B6CEA6F
:10C96000885D880A064935817D78D72F939118FB19
:10C9700089FD4D3EE2F0CD0247CED41839FE23FEAC
:10C980001541CE49268018CC49C93511EB4F6A8C28
:10C99000D031294534B81D4D30CE0745FCE811652E
:10C9A0004549540DD483A0514C3793FF007FF4A028
:10C9B000669515926F271FF2D0FE5566CAEA691C6C
:10C9C000B48414519271401D0E9316EBD67ED1267D
:10C9D000DFC4FF00F5AB6AA9695034362ACE312492
:10C9E000A7CC6F6CF6ABB40828A28A00CFBC8764D2
:10C9F000DE60FBB275F66FFEBD570315AD246B2AE2
:10CA0000146195359AF1B46FE5BF5ECDFDE1FE345A
:10CA100000829690528A005A434B450034D34D38D9
:10CA2000D30D021AD5131A7B544C6818C6A89A9EC7
:10CA3000C401C9C5577933D280118E3AD569C2CBAA
:10CA40001B230C82314F639A8D8D319C7EAFA69053
:10CA5000CC315D4785B51FB7E942094FFA4DAE119C
:10CA6000B3D4AFF09FE9F8532EA059D0838CF6359C
:10CA700086867D1F524BB857E65E193B3AF7140184
:10CA8000DE814F02ABD9DD417F6AB736CDB91BA835
:10CA9000EEA7D0FBD5914842D28A283400941A28B8
:10CAA0003400C34C34E351B74A008DBAD40E6A56F1
:10CAB000350B50046D50B9A95AAAC9328381C9A651
:10CAC00000C6A26703BD46EE5BA9A8C9A0097CC346
:10CAD000DAA1B852EBBFB8EB466943520380F18E3E
:10CAE00083E76ED46DD79C7EF940F4E8DFE35C44C5
:10CAF0006ED1BED6EA2BDB6E60E0B01953D47A5704
:10CB000001E20F0C00CD71669F29E4C607DDFA7BB8
:10CB10007B554656D19DD85C4FB37CB2D8C2826E4D
:10CB20009CD68C5267BD622A490361C71EB57E0937
:10CB3000338E6B53E8E855BAD0D646A941AA91B6D0
:10CB40006ACA64E0282C4F000EA4FA533BE32D0977
:10CB5000BB515D75DF86BC3DE18B2B69BC61E21189
:10CB60006335C0F92188671EA3A12719193802ABC4
:10CB7000EBFE1AB0B3F0B3789B44D4FF00B434B4E6
:10CB80005DEED80485CE0B023AE0F518C8A9E64759
:10CB90000C736C2CA7CBCDF3E87334576363E1AF10
:10CBA0000B5D8B185BC590ADEDDC68C96CAF19628D
:10CBB000CC33803A9AB3A9F843C2BA35C2DBEA9EB5
:10CBC0002D8ECE665DEB1DC3C68C5738CE0F6E0D15
:10CBD0001CE84F37C2A766DFDC70A05056BAAF081A
:10CBE00078674DF17AEAD2DA6A728B6B1BE7B48E02
:10CBF00044556130500EF07D0E6B075FB54D0FC58B
:10CC0000975A093233C5124D1C8E00F3118751F427
:10CC1000391F853524F435A398E1EB4FD9C25A94D6
:10CC200076D0139AEF3C3BF0F5759D12DF50B8BFFC
:10CC300096DDA7CB2C6918385CE01E7D473F8D72CE
:10CC40009E1FD3A4F14789B52D1F4DDC89A7CEF1D6
:10CC50004F7138E142B15CE075271C0A39912B32E3
:10CC6000C2B94A3CDB1436A80493803A93546E351B
:10CC7000186304463CC6F5ED5DA1F03691AF35D59D
:10CC8000B685E2FB7BFD42D47EF2DC6DDA0F4FE12C
:10CC90003C73C679AE4FC2DE14BDF156B17161016D
:10CCA00016E2D18ADDC920CF9241236E3BB641E323
:10CCB000DA85246B471F839C1CF9F6DFFAEA62CD04
:10CCC0007334E7E76E3D0702A1AF498FE1BE8BAA3F
:10CCD000ADD41E1FF165B5F6A16BFEB61CA900FA16
:10CCE0001DA7239E33CD79C3831CF340EA526824E9
:10CCF00068A543D51D4E083F8D3524F63AB0B8ECF3
:10CD000036274A52D574D84A6935DAF80BC156DE4F
:10CD10002F5D40DCDE4D6FF65F2F6F94A0EEDDBB24
:10CD2000AE7E95A2DE10F87E8C51BC796C181C107A
:10CD3000678B83439A4EC655F36C2D0A8E9CDBBAE3
:10CD4000F23CE290D5AD6DB4AB5F12DE699A4DF75F
:10CD5000DBAD6DD50ADD0652AF9504E08E38271F96
:10CD60008576507C35993C1175E22D4AEDED5A2BB4
:10CD700067B95B5116E628AB919248C138E9DA8E63
:10CD8000656B972CCB0D1A51AAE5A4B638126A32FE
:10CD900069B0CE973024C99DAE323348C6A8E87337
:10CDA0004E3CCB6623B62AB48F4E76A6DBDA5C5FA8
:10CDB0004A238232C4F7EC291E7E22B28ABB205459
:10CDC00092E2658A252CCC7000AF42F0FE8E2C6D6D
:10CDD000D63C6656E5CD41A2680962A0E37CE7AB8C
:10CDE0007A576FA4E96CCEBF292C7B563395F44754
:10CDF000CB63317ED9F2C7635347B22AAAA0726BC4
:10CE0000AD8E311441076A86CAC96D2219C17239C3
:10CE1000F6AB0DD2A0F3C8D8D40E6A57355DCD005D
:10CE200044E6A16A918D42EC14124E05302273CD76
:10CE3000579180EA68926CF0BF9D5663934003C996
:10CE4000E95031CF5A731A8D8D00318D464D389A85
:10CE50008C9A40358D309A71351B1A00631A8CE418
:10CE60009C0EB4F3C9C0EB572DAD9218CDCDD6565C
:10CE700025E831CB1F403B9A602316B0D34ECFF844
:10CE8000FAB9CC717A81FC4DF80AB7A268C7E450B0
:10CE9000BEC2A6B1B09AFEEFED33C787236A463A09
:10CEA00046BE9FE35D859D92DA478C0DDDE801F07B
:10CEB00040B6D02C6BD075F7A7353CD46D4808D858
:10CEC000D44C79A7B1A89880324D0046C6A2738A87
:10CED00057933D2A0639A0019FD2A166269CC6A37E
:10CEE000634C06934C269C6984D031A4D309A526B3
:10CEF0009879FAD201392703AD6EE9361E74B1C2B2
:10CF000047CBC492FF00BA3A0FC4D52B1B276752F8
:10CF100050BBB7DC41DFFF00AD5D8D8598B3830466
:10CF20008695CEE76F53FE14016BA5145140828A9B
:10CF300028A002992C49326D7191FCA9F450067C0D
:10CF400096F344785F357D57EF7E23BD41E720900F
:10CF500046772B919DACA41C55CBBBB31308610144
:10CF6000A7619C1E8A3D4FF9E6AAA4623C92C5E4E3
:10CF70006E59DBAB1A007514521A00434C6A71A843
:10CF8000A4708324D021AD55A4980E1793492CA5E5
:10CF9000FD87A54068188E493C9A8C9A7134C63436
:10CFA00000C6351934E6351B1A63184D433449322F
:10CFB000ED75C8A949A8C9A00A7636D7FA7DF197B8
:10CFC0004E2240DF7E16E8E3FC7DEBAE8E7DCABFCD
:10CFD00068864B59587FAB9B8FC8F435CC9BBFB14B
:10CFE000FEFB7631FAD6FE8BE2AB2D42D258EF8AA9
:10CFF00029887DD7E723B7D4D2117B69C67B536AD2
:10D00000AA5AACD3FDA5A1FB345FF2CE0538E3D517
:10D01000BDFDBB55A1400B8A69A71A6B50030D4497
:10D02000C69E6A191828249C014011B1AAF2CAB1FF
:10D03000F5393E829935C93909C0F5AA6C68016590
:10D04000959FBE07A0A809A731A8D8D30109A8C9F0
:10D05000A5634C26801734A0D479A70A404CA6A01B
:10D060009F4FF3C1F28727F86A543566070922B14A
:10D07000190290CE52EBC2B34F360DA95763D71C9D
:10D080001FAD477BE05874DB13797938813A28C1AA
:10D0900005DBD1477AF47BBF16E8FA1694D7570818
:10D0A0008D30F96289305E56F41E9EE7A0AF1BD723
:10D0B000FC597FAFEA0D717120DDC8454FB912FFF1
:10D0C00000757FA9EA6AE29BD8EEC146B4A5683B29
:10D0D00022ABA2C536C527A72090483E9C55886440
:10D0E000313A48A406460C09F50722A8415A9A7D10
:10D0F000CBD8DF5BDDC6AACF048B2056E84839C108
:10D10000AD8FAA827C96DDDBEF3B9D575FF01F8CD5
:10D1100016C64F13C12DADDDB64C5390DB509EA00B
:10D120003AE4638FE2155FC43E0A5B8F07DC5C68FC
:10D130001E24BAB9D1D51E496DEDA61B644C7CE303
:10D140002BC371D41156B5EBEF0578A25B3BEBBD59
:10D150007DB45BA8A328D14B8546079C36460907BA
:10D16000A106B1F52F1DF84BC1BE13BFD23C357ED1
:10D1700075AD52F8380215CA0665DBB89030001D4F
:10D180008649ACB63E66738D24E30BA77D60D5D788
:10D19000DFFD3317C156962BAEE82D6EA92A24F178
:10D1A00088A52016C67D6ACFC5C8A39BE2FE9892CB
:10D1B000C69229D287CAC323EFC9597F0FE23A2CFE
:10D1C000DA37DB9C46219D64909E88339A97E20E65
:10D1D000BFA5EBBF15ACAEF4CBC4B9B7834F30CB12
:10D1E00022A9015C3B923903D47E754FE2477E262B
:10D1F0002DE2A849C6D74BF3D8EF7C10FF00D99F8A
:10D200000FFC477164A90C9079B2C7B1400184202A
:10D2100083FA56678CEC1FC6765E0BF1669284CB60
:10D2200076C969385FE1497D7FDC60DF9D56D13C7E
:10D2300059A1E9BE01F115ADF5FA413DC2CA90A36D
:10D240002B12E4C5B46303B9E2A1F83DE3AD2B4270
:10D25000F033596BB78B6D1DBB99212EAC72ADD4D9
:10D260000001E8467FE0552EF7B9C58BA35638AAD2
:10D27000938269C75F9773D1EC75A887C40FF8458F
:10D28000AD0816FA7694B2C8A3B333A851F828CFE4
:10D29000FC0ABC12CF5BD6B4AD6FC5F06937925AA9
:10D2A000ADCEA532CAE91063C337720E3A9FCEBA2B
:10D2B0001F863E2FB2FF0084EBC4BE2AD76ED6D2A3
:10D2C0002BE56F2CC80F0A1C61781D9401F853BE22
:10D2D0001DF8DB4AB0D5FC5967A8966D2353BF9A59
:10D2E000549D14F018919C75C1523E98A4935D0C06
:10D2F000B094A70AA9CA9F3269BB7746F7C28D1FAF
:10D30000C2DA310747D49AEBC4925996305CE635BD
:10D3100004E0B0C85E40207AF15C6699E21F15789F
:10D320006EF3C51A5082D3FB6753BD7370A159D9F0
:10D330005DB3F7369E721B22BABD1F52F86BE03BFD
:10D3400097D5A2F135C6A5711A32C106D2F20CF6F4
:10D35000C051938E3271507803C55E1C3ADEBFE334
:10D360006F125CC3A7DF5FDC84B58A652C628428FA
:10D37000008C0EA7819F6F7A34B94E54956728C1EF
:10D38000CE296CFA7DDD897C03E18B7F857A64BED2
:10D3900025F165E4364E6168E3801CC8F920E31D81
:10D3A000DB81851F8D798A6A32EB7AE6AFADBC26C8
:10D3B00014BFBA699233D813C7E98AF42D6ADBE146
:10D3C0007F88F5A7D5758F1E5F5E4EC4ED5933B2C9
:10D3D00031FDD55F2F815C35DDD69926B57F6BA3F6
:10D3E000C8F369F6EFB609DBFE5A2FAF41FCAAA1DC
:10D3F000AB3BB2670A98A539BB492B256F2FF23D8D
:10D400006BE0A731EB9F587FF67AE553C27F0B6D37
:10D41000E5995FC731B3B4ACCDBC212093C8FBB54F
:10D42000A9F0BFC4FA2F86ADF579358BF8ED164F0C
:10D430002B6170C738DD9E80FA8AF25D28472A5D2D
:10D4400049B55835C3B292BD4134ECDCCD2AE1EA8E
:10D45000D5CD27184B96FD6DE48F47F879E1BD3A9D
:10D46000FA6D4BC486D64BAD1F4B9DD2DE2862DED3
:10D47000F78EBCAE14751C838EE48EC0D763A65D98
:10D48000F89FC47F0F3C6B71ACE99776D7976275B4
:10D49000B3B27888658FC9015541E4F39FA9CD796E
:10D4A0008E9BE2EF10E85A635868DA90B285A43296
:10D4B0009DB023E49001FBC3D8576BA2FC4CB9B4D8
:10D4C000F00EB92EB7E2146D6C093EC05A000E7C06
:10D4D000B1B400AB83F367AD29465BB39B33C16343
:10D4E00013752A7BC9755FE5F99E4F059DD69D6D25
:10D4F0001DA5E5BC96F7110DAF14AA5594FA107A44
:10D5000055ED2ACEDB50D4A3B6BABA16D1BF1E61F0
:10D5100019E6B392EAF755BA9F58D46E9A7BCBDCE2
:10D520003CAC542F3D3A0E295F8E95AAD8F7E8B946
:10D53000CB0B1BE8EC8F57B3F85BA6616492E25B00
:10D54000853C8DBD0D5897C1977A7B6DB5B42F6F13
:10D55000D9A35E47D45731E06F88B368370967A90C
:10D5600013358B1C64F253DC57B94BE23D3A1D2E48
:10D570002BC82449C4E3F72A8797FF000F7AC24AD1
:10D580004B73E531CB1109F2D5774715A4F86A47FB
:10D59000C17DA9EBB8F3F9575D67A7C364988C65A3
:10D5A000BBB1A9AD648EE23FB4060F2BFDF6C74FA9
:10D5B0006FA54A6A4E0186A273523544E6802273F3
:10D5C00055DCD4B2BAA2E58E0566CF705F85F957F7
:10D5D000F9D002CD70A990BF337E954A472C72C70F
:10D5E00026958D464D3018C6A3634F635131A00672
:10D5F00031A8D8D398D46C680184D46C69E4D4641D
:10D60000D201A4D4D0594970BB832AAFA938AAEC5F
:10D610006B6B42D523B59543C7193D3E75C8C7F915
:10D62000EF4005AE8D26D2F05ACB7922FF000C6375
:10D6300003F163C55DB1D0EE6EAE84BA832C72285F
:10D64000F96100FEEC7B0FEB5D25EF892D6D6C1110
:10D65000E101AE243B52027041EE4FB0F5A5B3B8E4
:10D660008EE62F3158B3B72E5BAE7FC2801D6F6B35
:10D6700015B26D8D7EA4F53521A7534D0030F4A869
:10D680009A9EEC14649C0AA72CC5B81C0A0024942A
:10D690000E0726AB3B163C9A526984D0034D46C612
:10D6A0009EC6A2634C6349A8C9A731A61A00693473
:10D6B000C269C4D46C69013C36AD38C8600569D90B
:10D6C000E8D23B02B113FEDB8C28FF001AA9A6EAC0
:10D6D0002D692819C7BD75F67789771E470C3A8FD3
:10D6E000F0A004B3B08ECD49077CADF79C8FD07A03
:10D6F0000AB545140828A28A0028A28A002AADE5A6
:10D70000D1802C7100D3BFDD07A01EA7DAA5B89D7C
:10D710006DA0695F240E807527B0ACD8D5816925CE
:10D72000399A4E58FA7A01EC2801638C460FCC598D
:10D73000D8E5DCF5634FA4A5A00290D2F419355AC0
:10D7400069F2309C0F5A0025982F0393551D8B1CAE
:10D7500093934A4D46C6801AC698C694D37058E033
:10D76000500349A8D8D58FB0CD21621F018809F98F
:10D77000F3504F1989CA9A00849A8C9A731A61A639
:10D7800031AC6ABCF32C4B927E8296E2758232ED0C
:10D79000F80AE6AFF522589279A009AF6E9A56C7FB
:10D7A000249E0015D4786FC38B6016FAF5435D3064
:10D7B000CA21E918FF001AAFE15D08A2AEA77A9F5F
:10D7C000BC6E618DBF847F78FBD7564E68101249BE
:10D7D000A0520A752010D31A9E7A5519EEB04AC786
:10D7E000F9D003A69962183CB7A566CD2B487E6395
:10D7F000C7A52BB1E49EB50B1A60358D44C69E4D6E
:10D8000044C6801A4D46C687951776580DA32DEC51
:10D8100029AC6801A4D464D398D3280169C29A2999
:10D82000EB480916B3F5AD6A0D22C9A590E58FCA7C
:10D83000883ABB7A0FF3C53F51D4A1D3AD649A5750
:10D84000DA88B963E9EDF5AF26D6758B8D5AF9A55F
:10D850009095FE144CF11AFA7D7D4D38C6ECDA8DA8
:10D8600027525643F50D56E351BB69657CBB71C722
:10D87000441FDD5F6FE745BA74AAB6F174AD582254
:10D88000E95BA563E930B45415916215E2ADA8E2F5
:10D89000A28D302AC28A0F560AC294575DACA18766
:10D8A000A119A6C704311CC70C687D5540A79C016F
:10D8B00092703B9359D75A8F5483F17FF0A0DA309E
:10D8C000E665BB8BC8EDC60FCCFD947F5AC89A772E
:10D8D0009DF73E3D801D2A3EA493C93D68A674C6AF
:10D8E0000A221C1EA28ED8C71452134142F0074EC2
:10D8F00029A700718149BA985F9A0972438AA939A8
:10D900002149F5C52F07AE0D47BE9775317321DB51
:10D9100057FBA3F2A4E3B003E94668CD03560C7AA3
:10D92000D37E94B9CD250310D21E68341A09631B27
:10D93000A542E2A6351B0A0C26AE539056F7867C0C
:10D9400053269372905CB17B627009EA9F4AC6913C
:10D950006AA4AB52D5CF231941548B523E94D13592
:10D960003492149A1903230CF07822BA68E559A36B
:10D97000DCA7F0F4AF9C3C13E2D934ABA5B2BA906B
:10D980009B673F293FC06BDBB4DD4490B221C83DAB
:10D99000467A8AC1AB1F2D5A93A52E56740D552E6B
:10D9A0002658863AB7A53A4BB578C188E73DFD2B96
:10D9B0003E439E49C9A46245348D23658D57635209
:10D9C00039A858D30236351934E6355DE78D4B82D8
:10D9D0004FC98DDC74CF4A0056351B1A731C544C4A
:10D9E0006801AC6A2269EC6A3634806B1A8C9A71D1
:10D9F000351B1A006B1A8CB153914E635131A00D37
:10DA00006B5B94BB558E521665E1243FC8FB56CE26
:10DA10009D7AD0C9B4E55D4E181AE383156041E6DE
:10DA2000B62DAE4DE423611F6A8C7CBFED8FEE9F57
:10DA3000E94C0F40B7BA4B84C82037714B2C823168
:10DA4000EFE95C4D96B65586D3871EBDABA3B7BB39
:10DA50001771EFCFCDDC520B1348E5DB24D42C69D2
:10DA6000EC6A22680118D4669E01760A3A9A05A5E6
:10DA7000C3E4A9E0BF03D5680216351135248A51E5
:10DA80008A9ED50B1A631AC6984D38D309A00693FF
:10DA90004C269C4D464D201AC6B434DD4DEDA550A4
:10DAA0005B18E87D2B349A693834C0F48B4BA4BBE7
:10DAB0008430C061F78558AE1F47D4DE19557772A0
:10DAC0003819E87DABB482659E15913A1FD29089D2
:10DAD00028A28A0028A28A00A1A8F32DB276DC5BD6
:10DAE000F21FFD7A8BBD4D7E3F7B6EDD8315FCC73B
:10DAF000FF005AA1A005A4660A324E0523B845C905
:10DB0000FCAAA3B976C9FCA801D24A6438E8BE953C
:10DB10000B75A7535FAD00464D464D389A8C9A0061
:10DB2000426A6B589A4906D1F31385A8002CC00AA3
:10DB3000DDD2ADB683311C0F957FA9FE94004F183E
:10DB40008A58D147CAA140FCEA9EB769B5FCC51CFA
:10DB5000373F8D685D8CDCA7BEDFE7566EA01710DF
:10DB60003467AF51F5A00E198F34C26ACDDC2D0495
:10DB7000CC08C735509A63317569C8DDCF4E05535F
:10DB8000F0BE96358D68C930CDBDBFCEC3FBC7B0E2
:10DB9000A355248615B5F0F900B5BF7EE6451FA54F
:10DBA000007659CF03802969A296908514332A2ED6
:10DBB000E63814D96558972C79EC3D6B3A595A568A
:10DBC000CB74EC3D2801F3DCB49F28E13F9D556305
:10DBD0004F6E950B1C53018E79A898D398D46C681E
:10DBE000018C69618FCD902F6EF4C635ABA5D89BA3
:10DBF00089A38BFBFCB9F441D7F3E9F8D0047FD9B2
:10DC000011089A475399D03107B2F6FD39AADABD07
:10DC100087D8E628A0ED5E07B8ED5D36ACBB673867
:10DC2000E8231814BAF5889ECC4C07CCA30DF4A4B5
:10DC300007044D369F2A18E42A7B5462801E29254A
:10DC40009443196EFD8503AD56BC39914760280396
:10DC5000CFBC65AC34F79F6346CC701F9BFDA93FDA
:10DC6000FAC3F535CE5BC7939345E4A6E2F2495873
:10DC7000E4C92BB9FC58D59B65E95B45591EE60AFA
:10DC8000925145DB78BA569431F155E05E957E3578
:10DC9000E2A8F7A8C07AAD12CB1C09BE4381D877A1
:10DCA000350DCDE25B8DA3E693D3D3EB5912CAF3C6
:10DCB00039776C9A0EEA74EFB935CDE497071F7582
:10DCC0003B2FF8D571494EA674A492B20A4A5A69FC
:10DCD00034001351B36282D513B506339D8567AE08
:10DCE000D6D7C3F141E0696F6E2206699815247298
:10DCF000A3DAB97F0FE9AFAC6B305B28F977658F9A
:10DD0000A0AF57F18C2B69E0B6083088E88BF91A80
:10DD100089CB548F0730C738D48528BEA9B391D595
:10DD2000B418E5F04DAEA16D1012424872A3923DB9
:10DD3000EB850E2BDBFC176F16A7E145B59866390E
:10DD40004321AF1CF10E953685AE5CD8CCA418DC0F
:10DD500081EE2884B742CBF1AE539D293D53762BFB
:10DD600006A706AACB254A1B35A1EDC2A5C9690D98
:10DD700020341A0D930A434B4D3403034D229C6902
:10DD8000A6833910B8AAD22D5C6155E4148E4AD10D
:10DD9000BA2848A41C8EA2BD43C01E2592E6CFEC33
:10DDA00053392F0F00F72B5E6728ADDF03B94D699C
:10DDB00080EE86A26B43E7B30A49C1BEC7BBDA5CFB
:10DDC0006D2067E56AB7274AC4B162D0A935AE0EA7
:10DDD0006307DAB13C2227A858D4AE6A06EB400E9E
:10DDE000823124B96E114658FB568AE950AC41A5E0
:10DDF0004E67557707B67A0FCA9FA558FDA268E10E
:10DE000023E56F9E5FF7476FC4FF005AD6D4C62E36
:10DE100098FB2FF3A00E5F58B2FB25CB281800E229
:10DE2000B258D777E22B1135B899472061BFA5705A
:10DE300072028C54F63400C6351B1A731A8C9A0081
:10DE400069A8D8D3D8D44C68018C6A3269CC6A32BC
:10DE500069808696199A1995D4E39A69351B1A0038
:10DE6000D4D4405787508B8131DB281D9FD7F115C3
:10DE7000B7A45C9F94E7EB58170D9F0EBFFB33468A
:10DE800047E75A5A492145033AC634C6A01F94674A
:10DE9000D2855323851DE9089ED6169582AFDE7381
:10DEA000B54FA7A9AD66411DE468061559547D31EB
:10DEB00046956E0299C8E08DA9F4EE7F1A74FC5F56
:10DEC00047EF22FF002A00C6D5ED7C99C9038EA238
:10DED000B298D761A9DA8B8B6240F997F9571F2A5C
:10DEE00018E42A6818C26A3269CD4C26801A4D4659
:10DEF000C69CC6A32680109A6134A69A680151CAAE
:10DF00004808AED741B967768C9E1A30E3EBD0D77C
:10DF10000EBCB0AEC3C3E0FDAD7FD9839FC4D007B4
:10DF20004B45145020A28A28020BB88CB6CC14653D
:10DF3000C7CCBF5159ED28F2C38E770E2B5EB32F9D
:10DF40002D8C0CD2A2930B1CBA8FE13EBF4A00A2CB
:10DF5000CC58E49E6929EC9C06520A9E8453280101
:10DF600009C546C69C698D400C6A8CD3CF353416E2
:10DF7000ECF2050BB9CF45F4F73E82801D676AD2FB
:10DF8000CAA83866E49FEE8F5AE89116345451853A
:10DF900051802A2B5B65B68F00EE73CB37AD4F40B7
:10DFA000152E973730FBB0FE756E9AC8ACCAC464A4
:10DFB000AF43E94EA00C9D634E13C66541C8FBDF1D
:10DFC000E35C94A8D1315615E8758DA968CB382F3C
:10DFD00012F3FDD1D7F0A00F33D563C48DE879AD2E
:10DFE0002F014A165BFB63D4ED703F4AB1ABE933B6
:10DFF00018CED52597A573BA3DF1D1F5E8679011F4
:10E00000113E5CBEC0F7FC298CF4E151CD3AC4311D
:10E01000D5BD292E26F2D46CC1DDD0F6AA049272A9
:10E020004E49A42159D9D8B31C93494504E2801A1A
:10E03000DD2A07352B1CD40C69811B1A8D8D3DAA56
:10E0400030A5D828EB400F823F324E7EE8E49AECB0
:10E05000745B4F22D8CCEB8925C1C1ECBD87F5FCA0
:10E060006B1F48D385C4C1587EEA320CA7D4F65F33
:10E07000F1AEAE9018DAB8FDE9F74C7EB5AE50348B
:10E0800065186411822B335552658B1D5B03FF00AD
:10E090001E15AB401C06BFA6B5ADC3601C7507D4EA
:10E0A000561E6BD3754B05BFB52B81E62F2BFE1586
:10E0B000E777D66F6B3302A40CFE540100355EE4A3
:10E0C00065FF000A977532719407D2803C62E23393
:10E0D00015C9423957753F831AB96C7A559F14D9BF
:10E0E0001B4D6672061243E72FD0F5FD47EB546DCA
:10E0F000E400649C015BC5DD1EFE0A69C51B901E21
:10E100002927BF0B98E1396EEDE9F4ACA7BD320DBC
:10E110008870BDCFAD2C6DC551F45878ADD9312480
:10E12000F24E4F7A4A01A5A0F413014B4945001461
:10E13000C66A19AA277A0CE72B0D77AAF249D87577
:10E14000A2492B67C25A23EB7ABA9607ECF11DCE8F
:10E150007FA526EDA9E5E2B12A9C5C99E81F0EF4A3
:10E160001367602EE44FDFDC74CF65AE8FE2743F3F
:10E1700066F87CC7BF9E9FD6B7F41B01856DA15181
:10E180004600F41595F1813FE2DDDC91FC33467FDA
:10E190005C7F5AC2F7773E3A55A552B7B497732FB2
:10E1A000E193EED06D7DD9BF9D57F8C7E16377A7A6
:10E1B00047AE5B2665806D9B03AAF63F874A77C210
:10E1C000EFF917EC7DF71FFC78D7A85D5AC5796782
:10E1D00025BCE81E2910A3A9EE0D17B3B846B3A7B6
:10E1E0005BDA47B9F1D2495611EB57C6FE199FC207
:10E1F000BE229AD58136EE77C2FF00DE53FE7158FB
:10E200002925742773EAF0D89538A922FAB53F3545
:10E21000551EA60D4CF4E13BA24A4A4CD141ADC279
:10E2200090D2D349A086C6B540F52B1AAF235239F8
:10E23000AAC8AF2D6FF81E22DABC8FD952B9D95AAD
:10E24000BBAF02D818ED5AE1860CAD81F4A89BD083
:10E25000F9FCC269419E9B60316EB5A9D2251ED5DD
:10E2600046CE3C44AB579F818AC4F0085CD1046120
:10E27000E42CDC22F24D011A46DAA324D6DE91A763
:10E2800009E6048CC30B65CF677EC3E83BD006BEAE
:10E2900091686DED4C922E259B0CC3FBA3B0FCAA9C
:10E2A000AEADC4C7DC28FD456D5656A6B9B987FD8D
:10E2B000A651FF008F500694B12CD1346C32AC3093
:10E2C0006BCEB5BB17B5BA6C8E86BD22B1F5FD34E9
:10E2D0005DDA991572EA39F71401E6CC6984D4D76E
:10E2E00030B4129561F4AAEC68018C6A3634E635D4
:10E2F000131A60349A61A731A613400D6A8FA9A73B
:10E3000031A92DA1334CAA077A00BB70BB7438E346
:10E310003D66B8403F0E4D6C697092E8B8ACEBB00A
:10E320001F5182D1395B44CBE3FE7A376FC057551A
:10E33000A5583C50F98EBB4B0EFD85005AC13C0AD6
:10E34000BB6566D2CBE5FF00DF6DFDD1E9F534B6E4
:10E35000966F70418B84EF311C7FC0477ADC861446
:10E36000B7884718C01F993EA6900F550AA1546060
:10E3700001800553987FA7C23D4E7F206AED30C4CF
:10E380008D2AC847CCA08073400FEB5CC6B5A79818
:10E39000DCC883E53C8AE9EA39E159E231B743DF79
:10E3A000D2803CFCF151935ABA9E9AF6F29217DF52
:10E3B0001FD6B21A818D634C34A4D309A602134C24
:10E3C00034E2696285E670141E690125A40669D4E9
:10E3D00001DEBB5D061F966B8C7CAC4227B85FFEEE
:10E3E000BE6B174ED39D9C5BC5FEB48FDE3FFCF326
:10E3F0005FF1AEBE1852DE148A31844180281125A7
:10E4000014514005145140051451401466D38162E3
:10E41000F6EFE531E4A91943F876FC2B3E64787FEA
:10E42000E3E2168FFDB5F997F3EDF8D6F544F380E6
:10E430004841B8FE82803042AB8CA488C3D9A98EF3
:10E44000817977551EE6B4E6B5827399A28C9FF662
:10E45000500FD69B1DA5B42C1A28955877006680BE
:10E460002B5AD9C93906352A9FF3D5C7F21DEB625D
:10E47000DEDA3B64DB18E4FDE63C96FAD4693B8EB9
:10E48000A438FC8D58491641F29FC3BD003A8A2832
:10E49000A0028A28A0028A29924A235C9EB4011510
:10E4A000CDB5BCC3332807FBC0E0D634BE1ED1A512
:10E4B0009CCB2C5248DEE3FF00AD56E6B9676E0DEB
:10E4C000572CDEA6802ADC41169EDE5AB1366DF747
:10E4D0000B758CFA1CF6F4350491143EA3D6B44C9B
:10E4E00084A95701D08C1561906A91B4921E6C98E2
:10E4F000347FF3ED29E3FE02DDBE86802BD349A7EE
:10E50000F990C8E633BA09C758A51B4FE1EBF8529A
:10E510003C2EBD41A00858F15031A999588E949EC7
:10E52000410A5E460883A9638A60570ACE70A32613
:10E53000B474FB09279BCA87EF8FF592632231FEE3
:10E540003ED5674FD2A6BB0180682DCFFCB4230E09
:10E55000FF00EE8EC3DCD7496F6D15A42B0C08119C
:10E560000761DFDCFA9A4016D6F1DAC0B0C430ABEE
:10E57000F993EA7DEA5A28A00866B649DE26624782
:10E5800096DB863BD4D451400564EAFA3A5F46D222
:10E59000228F371C8FEF7FF5EB5A8A00F2EBDD3AC2
:10E5A0005B676F94E01E463A5513D0A9E335EAB78E
:10E5B0009A7C17ABFBC5C3E301C75FFEBD7317DED3
:10E5C000179158B245E62FAC7D7F23401E5BE24D8C
:10E5D0002FFB46CB28B99E2C94FF0068775FC7F9C4
:10E5E000D798CCCF14A63604283C0AFA226F0CDC4C
:10E5F00033652D2E98FA7978FE75CBF89FE146A108
:10E600007B6B25FDAC51C770064C1BF2D27B8EC0D4
:10E61000FF003AA8CAC7661311ECA5AEC792C5277A
:10E620004AB692550B8B6B8B0B8782E2368DD0ED01
:10E6300060C3041F4229F1CBEF5B1F5187C4A6AE14
:10E6400099A6B25481EA824B528946299E946BA2C4
:10E65000DEFA697A83CD14C6945053AC895DEABC66
:10E6600092D46F37BD3EC6C2EB56BA5B7B5899D980
:10E670008F6ED41C35F12A2AED858D9DC6A97B1D90
:10E68000ADBA167738E2BDCFC27E1C8F4EB48AD2A7
:10E690002504F591F1F78D66F847C231E93105504F
:10E6A00024BA71FBC931D3D857A8697A72DAC40980
:10E6B0001F3561295CF94C6E31D79596C5BB4B75FA
:10E6C000B784281DAB94F8AF099BE1B6AD81CC6A45
:10E6D000927E4EB5D9D52D5F4D8358D22EF4EBA046
:10E6E0004C1731344FB4E0E08EDEF5270A3CEBE105
:10E6F000A4263D034B04758777E649FEB5EA23EE71
:10E700008AE6F46D1174C78A0854AC10A2C680F56D
:10E71000C01815D28E9403391F1F783E0F16686FEC
:10E720000E156EA3CB4121EC7D0FB1AF97AFACEED0
:10E7300074ABF96CEEE268E6898AB2B0EF5F6711FC
:10E7400091CD79CFC45F8770789AD8DDDA858B5008
:10E750008D7E57E81C7A37F8D5C6563AF098A7450B
:10E76000D9EC7CEF1C956124AAF7F6177A45EC9654
:10E7700097B0BC52A1C15618A624B5B5CFA6A189A1
:10E780004D5D33403D2EEAA8B2D3FCCF7A6772AC20
:10E790008B05A985AA132531A4A44CAB21EEF55E07
:10E7A00047A4792A7D374ABDD66ED6DED226727A44
:10E7B0009EC29367057C424AED8CD36C24D4EF92C1
:10E7C00014076E7E63E82BD7B43B2589238D061191
:10E7D0000002A7F0D781A1B2B35810EEB86E6497CB
:10E7E0001904FA7D2BAF87C35358AAEEB76907AC5B
:10E7F0004E0FE87158CA5767CD62ABFB5969B11526
:10E80000B4785DC7A0E953089E66C28E3B9ABD1DD1
:10E81000A4CC4247A75C93FED9551F9E6B4ADB44AC
:10E820002F86BE652BD4411FDCFF00811EADFCAAE4
:10E830004E533B4ED39AF0E2125601C3CFEBEC9FFE
:10E84000E35D4430C76F0AC5120444180076A72A56
:10E850008550AA00503000180296800A827B559E8F
:10E8600058646661E536E00773EF53D140051D68D3
:10E87000A280392F116861B3344BF2B7A0FBA6B860
:10E8800079E2785CAB8208AF64655752AC015230D4
:10E8900041EF5CB6B5E1B0E85E052E9E83964FF180
:10E8A0001FAD0079E31A889AD0BBD366B7390372DB
:10E8B0007622B3D830E0834C06134C26A4D8EDD191
:10E8C0004D5BB7D2679C6E65DA9DCB703F3A00A175
:10E8D0001C4F2BE145747A669D24451628FCDBB954
:10E8E0003FD5A761FED37A0157B4AD10BE3ECD101F
:10E8F00090F79E4188D7E83F88FE95D758E9D158D0
:10E90000212A4BCCFF007E56EADFE03DA90142D729
:10E91000C31A7DB2A3088FDA33BA49449CBB77246B
:10E9200074AD582CED55819848EDD8CAFB97FC2A58
:10E930004349BB1EE3D280343A0A2AAC32EDC2937B
:10E94000953D0FA55AA0028A28A0028A28A008A7F0
:10E95000B78EE23D920FA1EE2B98D4F4568C97031C
:10E96000E5ECE3A7E3E95D5B30519638AAB2DD80C0
:10E97000080063DE8038296CE78CF2848F5151AD3A
:10E98000ACEE70236FCABAC9ADED6462D87427FECD
:10E9900079B6D1F95352C6DC9E6699C7F75E438FAC
:10E9A000D2819CEC7A6E1879EE149FE11CB1FC05C3
:10E9B0006ED86893380421B68BFBCDCC87E83B56E4
:10E9C000C59A59DBE163B74858F703AFE357E8113D
:10E9D0000DB5AC369088E140ABD49EE4FA93535128
:10E9E00045001451450014514500141200C9E94571
:10E9F00041336E6D9D872D400D773277213D3B9AD7
:10EA00006678C0E0504E4D25002629A69F4D2280F5
:10EA10001A6955F0413D7D475A434DA00BB14DBB9E
:10EA2000E56EBD8FAD4D59A1B07DAAEC32EE1B490C
:10EA3000E7D7D6801EEDB57229C0E4669B27DC348B
:10EA400091FF00AB1EDC50039982A927B5665C4A92
:10EA5000646356AEE4C0DA2B3CF5A006114D3521B7
:10EA600014C3400C349D29C781934E8EDDE6E4E546
:10EA700023F5EE7E9400178265F2EE22497FD86579
:10EA8000DD9A825D250F366F716A3D1A4DC3FEF91E
:10EA900039AD0448E15C44A07A9EE68249A00C911D
:10EAA000A45EFF0016A848F458941FCEB42CAC2CDA
:10EAB000AD9D649E392494749666DE07D3B0FCAA9B
:10EAC0004348188EF401AE0860082083DC52D65407
:10EAD0005298DB319DA7B8EC6AFC370B2F046D719F
:10EAE000D57FC28026A28A2800A28A2800A28AABEB
:10EAF00077742152A0FCDEBE9400F9EE92118E0BC9
:10EB00007A7A564DC6A05CE0B311E80E05569A66B7
:10EB100090F5E2AB9A00B02EC039DA47B86356A23E
:10EB2000D41F18F3370FEEC9CFEBD6B2CD34F1CDE9
:10EB3000032B7897C1FA3F8A2326E61F26E88C2C00
:10EB4000AB8C9FC7A1FA1AF1DF107C31D6747777AE
:10EB5000B54FB5423BA0F980FA57B8C570C9F2B7B6
:10EB6000CCA7A8357E39219136CDF345FDE3D53FBD
:10EB7000FAD4D49A36A588A949FBACF931C4B6EECB
:10EB80006395191870430C62944FEF5F487887C300
:10EB90001A3DF2B1B8B68653FDE2307F3AF3ABFFCF
:10EBA00000877A633936E678C7A03915A2A9DCF563
:10EBB00029669A7BC8F36F3FDE9BE697385049F48D
:10EBC00015DDA7C3BB756F9E79D87A6D02B7F48F38
:10EBD0000B58D848AD159AB38E8F2FCC7FC2875172
:10EBE0001A4F34496899C5E83E09BFD58ACD700DE2
:10EBF000BDB1FE261CB7D057AD787BC2B058C2213C
:10EC0000B383683F79CFDE6FA9ADAD26C2272A67EF
:10EC10003835D6DBC114480460566E4D9E4D7C4D90
:10EC20004ACFDE655D3B4B8ED101C0DD5A54514861
:10EC3000E60A28A2801303D2968A2800A4650C3025
:10EC4000452D1401C778BBC0DA6F896D88B8847907
:10EC5000807C92A8C32FF88F6AF03F13FC3ED5FC4E
:10EC60003923C8B19B9B4078910741EE3B57D5B5FE
:10EC700046F6CEDE68CF9807229A9346F47113A425
:10EC8000F43E34121070720FBD3C4B5EEBE27F031A
:10EC9000E81772BBFD9D2394FF001427693F874A44
:10ECA000E225F877641FE4B9B80BE9B41AD14D1E18
:10ECB000A53CC2EB54CE04CBEF4F8629EEE411C144
:10ECC00013C8C7A0519AF44B3F01E991383209A605
:10ECD0003E8C702BB4D1F46B7B3016DAD22857D52A
:10ECE000579FCE87509A998BE88F3AD0BE1C5DDD36
:10ECF000B2CDA9B1822EBE58FBC7FC2BD4F44F0D68
:10ED0000DBD844B6F676DB17B80393F535D05959FE
:10ED10005BF0370DDFC47D3FFAF5AF1A2449B62505
:10ED2000017F9D66DB7B9E655AF3A8FDE656B4B174
:10ED300016C8016DA7D13FC6AC158FAF960FBB7338
:10ED40004E348691888A114E54143EA87156E1BA09
:10ED50002B8598820F4907F5F4AA46856DBD790782
:10ED6000A8A00D9A2A95ACFB088D8E50F0A4F6F65B
:10ED7000ABB4005145140051451400514C965589CF
:10ED800072DF9565DCEA04E403C7A0A004D474FB39
:10ED90000B92CC0B4731EAD10CE7EA3A1AE6E6D0FF
:10EDA000672E7625AC83B16CA93F956A4970EDDF7B
:10EDB00003D2A12EDEB4014ADF429B77EF5ED6D4A8
:10EDC0007F78445FF53C56D5A787ECD3134B23DE01
:10EDD0003FF0990FCA3E8A38AA8973247DF8AB5058
:10EDE0005C0DDBA36F29FF00F1D3F51401A800002F
:10EDF000000003B0A5A862B91236C71B24F4EC7D4D
:10EE0000C54D400D34D34E34D34008A7079E9576A8
:10EE100007DCBB49E47EA2A8D4D03E1D4FE06802C7
:10EE2000ED3118B16CF4078A739C29A643F749F7B2
:10EE3000A0092A2966118F7A269846BEF59B24855B
:10EE4000DB2680165B86726AB9C9EB4F34D3400D5E
:10EE500034D34E34D3400F498AF0795F4357E0B939
:10EE6000D8064968FDFAAFFF005AB32A48A428D44F
:10EE700001BC0E46474A2AA5A4983E5FF09195FF33
:10EE8000000AB740051451400514514005570725A5
:10EE90008FA93562AB2FDDFC4FF3A0042B9E94C2EB
:10EEA0003152D2100F5A008E834E2A453680194DAA
:10EEB000229E690D00329D1B1561CFD290D2500564
:10EEC000F0E24889EFDC5111F95BD8D56864DA7952
:10EED000E87834FDE151867A8A00AD3B6F726A1A98
:10EEE0007B72698681894C229E690AEF2107563818
:10EEF000A042C11090F98FF70741EA6A766CD48C72
:10EF0000985010600ED515001494B450030F4A6940
:10EF1000A908A61A006D3924C1009C63A11DA9A6E9
:10EF20009A680356DE7F306D6C6F1FAFBD4F58F18E
:10EF30004841183861D0D6AC5209630C383DC7A19E
:10EF4000A008E63B668CFA1A9EAB5CF51F4AB00E31
:10EF5000403EB400C9A511465BBF6AC1B894C8E77A
:10EF600026AF6A13E5B683C0E2B32801845348A9EB
:10EF700008A61140C8C8A69A908AAD713088607200
:10EF8000C7A0A012B892CA231EF50ACB339E0E0763
:10EF9000A51142D236E6E49AD08ADC0038A0DA34F1
:10EFA000FB9512D99F1B893F5A996C94F55157D6FE
:10EFB00020053F68148D92334D8C7FDD151B59A8B9
:10EFC000E8B8AD5DA29A5011D2995632C34909EE04
:10EFD0004569596A6C9804E45452420D5392264391
:10EFE00095E0D0653A49EC75F6F7293A020D4F5C89
:10EFF0009595EB44E39C11D4574B6D72B3C608EB67
:10F0000041CCD35B9628A29AEC1119D8E154649FA5
:10F010006A043A8AA169A825D95789B746E32A7DA7
:10F02000455FA0028A2B3356D563B0871F7A46FB13
:10F03000AA3BD034AFA226BED461B38CB3B015CAFC
:10F04000DE6AF7178C563CA27AF73556479AF66374
:10F050002CCC493D076156238001D283AE9D0EAC76
:10F06000AA96DBB96E4FBD49F6343D5455D54029BB
:10F070007005074A8A281B341FC229BE4B4672847A
:10F0800083ED5A3814D280D21B8A65249DE3386EF2
:10F090003DC569DAEA257018E45537881ED55991BF
:10F0A000A3395FCA99CD530EB789D5C72ACAB953B8
:10F0B0004E35CFD9DE18D860F1DC56EC72095030ED
:10F0C000A0E369AD181A69A71A69A042A373B4F442
:10F0D00035A76D21923C31F99783EFEF5926ADDAD0
:10F0E000CBB64527A37CA7FA50068D4119DD72E700
:10F0F000FD9FEB5331C29355EDF991FE82802CD4E4
:10F10000534CB0A64F5EC29F2388D0B1AC4BAB86A8
:10F1100091CF3400DB9BA6918E0FE3550F34EA6943
:10F12000A0630D30D486986801A7A534120F14EAA5
:10F1300069EB4017209C3AF97274EC4751EE2B4A68
:10F14000DE6624C52105C0C86FEF0F5AC10707222C
:10F15000AFC32968838FBF1FCC3E9DC502358D305C
:10F16000D3B219430E8464521A00652A1E71EB480B
:10F170006807073401759F746A7D79A50C22841392
:10F18000D6ABAC8BB76E7A1FE74C9E5DC703A5006C
:10F19000452C85D8E4D4469C69281887A530D3E946
:10F1A000A6810D34D34EA69A0069A294D25005CB05
:10F1B00067C6C6FEEB0FD6B5AB1ED8640F7615B189
:10F1C0004005145140051451400556236CACA7BFAF
:10F1D000CC2ACD3248C48B8E84720FA500454520C1
:10F1E0002436D6E1BF9D2D002D35941A7514010BE0
:10F1F000023AD34D4E4546C9E94011114DA908C503
:10F20000348A00652018C724E0629D49400D22928F
:10F210009F4D22818CA74033703D81348453A138A7
:10F22000B81EEA68116A9AC81BEB4EA5A00AE54A07
:10F230009C114956080460D44D191C8E450030D3EA
:10F240000D3E93140119A434E22908A0067B8AB567
:10F250006D3EC6C9E8786FF1AAF429DA7DA8034AA1
:10F26000E7F87DC1A5326CB50DDF6D5759374414F1
:10F270009E54F1EE2993CBFB84507A0A00A3336E9F
:10F28000735091521E69A4500329A453C8A4C50009
:10F29000412B88E3676E80550891A694BBF53FA586
:10F2A0004F7CD968E21FEF1FE953DAC430322837A8
:10F2B000A51EA4B0C2001C55A55C50A9814E148D9A
:10F2C000C5A4A5A298C69A4A75262900C22A178CF9
:10F2D00011560D348A06664D1156DCBC1AB9A7DEEC
:10F2E00018DC73C7714491822A930314991D2999DC
:10F2F000548732B9D9C52091030AA9ACBF97A2DEC1
:10F3000030EBE530FCC62AAE957790109FA54BE216
:10F3100013FF00121BAF7503F5141CA96A63786113
:10F32000C9B5857FBB91FAD7583A571FE19388C07A
:10F33000F4635D7960AB93C0028096E54D46FA3B7D
:10F340000B5695FAF403D4FA5716CD2DEDC34F3171
:10F35000CB37E956B54BD6D46F8ED3FB94E107AFCC
:10F36000BD2C3160507551A76D5845100071530187
:10F370008A7018A283AD0DA29D8A4C503129314B61
:10F3800045218D233513A6474A9A908CD0233DD42E
:10F39000C6FB856AE9D71C852783D2A94C9914DB63
:10F3A00037D9201E8699C988869CC74869A6843BA0
:10F3B000A30694D0718C34E8FBAFAF4FAD2520E1AC
:10F3C00081A00D5326FB50FEA29B6DFC6DEF55E313
:10F3D0007FDDB21E9B811F8D39E5F2ADF03AB64953
:10F3E000A0086FAE771C03C76ACD352B9DCD935116
:10F3F0009A006D34D388A4A006114C22A4229A68E6
:10F400001919A69A908A6E28019566CDB1301D8D86
:10F4100057C54F6A3F7EBF5A00D9B3F9ACD41EAB73
:10F4200095FC8D3C8C1A6D88FF0046CFAB13FAD447
:10F43000CCB9A04406929CC314D3400D2A2834B4FE
:10F44000940C6D369E69A6801A690D3A93A500301A
:10F45000D34D3C8E69B400DA4032714EC12702AD03
:10F46000DBDA966CE39FE54087DA4477267A0F98DB
:10F47000D68D351046B81F89A75001451450014557
:10F48000145001451450035D1645C11F43E9501D3A
:10F49000D19C3F4ECD5669AE542FCD8C1F5A008A59
:10F4A0008A68041F941D9E8DDA9D4009452D250014
:10F4B00034804735194F4A9A9A680202314DA9C8DB
:10F4C000CD30A7A5004545388C526280184534924E
:10F4D0008CAE064A9CE3D454845348A0659560CA18
:10F4E000194E41E41A75548DCC0C7A98CF51E9EF3E
:10F4F00056C608041041E845020A5A28A008DE3022
:10F50000791C1A84A9070455AA6900F5A00AA45316
:10F5100048A9DA3C722A22280194869C452628199B
:10F520001B06DCA41C6D34DC1008273CE6A5C534A2
:10F530008A008C8A69152114D228111914DC54848C
:10F540005211401953FCD7CF9EC00AD1B75E056750
:10F55000CA317D27D41FD2B4ADFA0A0EA86C5A0363
:10F560008A4C7A528A5A0BB8CA5C538AE69290EE59
:10F57000348A4A7D26280B8C2290D3F1498A06468C
:10F580004645549E3C8E95748A8DD32281952D24B8
:10F590003138F6AD4D5E513787E6C1FEEFF3159871
:10F5A000D1ED6CD4F2397D3E584F7C7F3A6734E11F
:10F5B000692641E1D5DBC7FB55ABAEDE986D7C8497
:10F5C0003F3C83071D8550D2808793C01CD4172EE3
:10F5D000D7774D2B7AE00F4140A30BCCAB0438ED2D
:10F5E000575571491C78A97141D88662931526290F
:10F5F00008A0BB91D14FC526280B8DA4A7628C52C1
:10F600001DC6628A7E2931405C8641C555847FA42F
:10F61000E3D6ADC9D2ABDBAEEBB5029A31ADF0B3F8
:10F62000A080110AE69E6A5893F7201A63290714EE
:10F630001E7919A434E2292819192E1C303C018A9C
:10F6400042CEC8031C9A7914D228111914D22A4226
:10F6500029A4500464536A4229A4500308A6915275
:10F66000114D228023229A454845348A0646455A40
:10F67000B442097C7414C8A03230F4AD7B6B60A036
:10F6800012381D07AFBD0226823F2A044F41CD3CF0
:10F69000D2D250046C3351118E2A734D619A008678
:10F6A000929C46292801A69A69F4DA06328A7114D6
:10F6B0009400C228546738029EA32C01ABD0A45CEE
:10F6C00073CFA1A044705A7427A7AD5D550A3006C8
:10F6D000052D1400514514005145140051451400E6
:10F6E000514514008CDB466A1E49C9E4D2B1DCD90D
:10F6F000FC05250014514B4009452E292801290DF0
:10F700003A92801A45348A7E29314011914D22A5C2
:10F71000DA4F4A6914011114D22A4229314011E208
:10F7200088DDA03C0CA1EABE9F4A7E29703D2802DC
:10F730007565750CA720D155BFD5B6E42013D476D6
:10F7400035611F7AE76953E86801D8A4A5A280183B
:10F75000698C80FD6A534DA00AEC847BD308AB44CE
:10F76000546C80D0057C518A90A914C2280184531E
:10F7700048A931498A008F14D22A42293140199769
:10F78000D1149966038236B7B7A54D6CFC0AB4E86C
:10F79000AE85586411822B3F635B4BB1B91FC2DE4B
:10F7A000A3FC6837A72E86AA9C8A7556864C81567C
:10F7B00094E6835B80A5C66968A421846293152DB5
:10F7C00034AD03B9191498A7E29314C77198A691A0
:10F7D000526293140EE5774CD376657F9D582B4C7F
:10F7E00029409AB9085DB1E07714D58EAC6C146CE1
:10F7F000A071491185A315262931417723C518A782
:10F80000E293140EE331498A931498A07723C51824
:10F81000A931498A02E3314D3521E2A095B029058D
:10F82000C8666C0AB5A45997733B8E0F02A2B4B494
:10F830006BD9B9FF00560F26BA38E358902A8C01CD
:10F840004CE5AD52FEEA0C606298CA08A90D34D0AE
:10F850007315D94834C22ACB007AD42CB8FA500494
:10F8600074D229E452500464521152114D22802363
:10F8700022908A7E2908A06465698462A6C5348ABC
:10F8800000888A7C503487D05588AD8B1048AD08ED
:10F89000A1118E719FE54088E0B6083E61C7A55969
:10F8A000A28A004341A5A4A0069A69A93696CE3B38
:10F8B00075A691CE280232298462A4229A45004777
:10F8C00048453C8A6914C0662908A7E2908A431912
:10F8D0004E5908E0F228C5348A045F827CE158E47E
:10F8E0001E84FF002AB35951B60E0F435A10B97443
:10F8F000C13F30E0D004B4514500145145001451CB
:10F90000450014D73843EA78A754721E40FC6801BA
:10F91000945252D002D1451400514B8A4A004A29D0
:10F9200068A006D48502A0F6EB446BFC47F0A9283A
:10F93000021451BC60E40E69648B3CAFE22A4000C3
:10F94000E8314B401488A6E2AE3C6AFCF43EB503B5
:10F95000C4CBD4647A8A00868552E783803A9A764B
:10F96000DDCDB41FA9A940006070050022A2A0F956
:10F97000463DE9D451400514514009498A7526286D
:10F98000018452114FC5348A006114C2A0D4A4531B
:10F9900048A0080A1A6E2A7229A45004245348A9C0
:10F9A0008AD34AD00458A8E58565428DF81F435391
:10F9B00095A4C50066AEF864D8FD7B1F5157A2938D
:10F9C00022896159530DF81EE2A08C346FB1BAF64A
:10F9D0003EB41BC6772F039A7629919C8A940CD249
:10F9E0002C4C518A7A46F2025546D1FC4C70295A69
:10F9F0003658CBFCACA3A9439A09E64445734D2283
:10FA00009E1D4C7BD486523208EF4933AC33C5047B
:10FA1000B8124A094039CE3AD03E623C518A9444E9
:10FA2000CE58280768C9C9C5456AC2F903DBFCCAB4
:10FA3000467278A63E642629A453EDC8BB2443CE63
:10FA400009073C6083834DB77176CCB07CE558AB39
:10FA500076C11D681F321B8A31561EDA5442D80CFB
:10FA6000075DA738A6C303DC44248F6943D0EEA00A
:10FA70007CEBB90629319AB6D653804955C019FB9B
:10FA8000D54E1952E2259623946E8681A9A7B062BD
:10FA90008C53E6FDC5A1BA930B1038CE79EB8E944A
:10FAA00076A06A49EC478A4C548460138A49B16F46
:10FAB0002C514A407941280739C503E6488F148400
:10FAC00062A522A3618A0772191B151C16CF792E15
:10FAD000D5E147DE6AB115AB5C498E8BDCD6C4102C
:10FAE00024118441802831A956DA2082048230888A
:10FAF0003005494B450728D34869D48450030D305D
:10FB00008A90D348A008597D298454E4534AD004EC
:10FB1000245348A948A6914011E29B8A948A6E28F2
:10FB2000023C5262A4229314013C536DE8D8F622A1
:10FB3000AD473063B48C376F435998A923931F2B7B
:10FB400074A00D4A2A2865DC3631CB6383EA2A602B
:10FB5000AC7B63EB400DE9D69550B7B0A90201CF5D
:10FB600053EA69D4009B46DC0E9516DDE7A107BD7C
:10FB70004D450043326391D3A1A808ABA402307A6B
:10FB800055575DA707F0A008A9314E22931400D263
:10FB9000B4D23152518A008B1498A9B60348623D01
:10FBA0008D00438E6AD5BBE1D7DC60D42636F4A73E
:10FBB000C61947231839A00BF451450014514500CC
:10FBC0001451450015149F7CFD2A5A85BEF37D68AB
:10FBD00001B4A28A5A002969052D001452E283C596
:10FBE0000026295577727A7614AAB9E5BF2A7D00D6
:10FBF0001451450014514500141E0668A64A7E4C57
:10FC00007AF14010F525B1C9A5A4EF4B40052D149C
:10FC100050014628A280128A5A2801B8A4229D4188
:10FC2000E39A0066DA695E6ACA2614E7A9FD2A32F9
:10FC300007249C11D45004250819EDD8D308ABCA69
:10FC400083CB0AC3EB55E48CA1E7A7634015C8A496
:10FC5000C54856931400CC52607A53F18AAF3CDB0E
:10FC60003E55E5A81A092444EDCD424997D0535298
:10FC7000267396E6ACA458A0D14458D4E064E7DEDD
:10FC8000A6C64522AE29E050594EEACEEF52F2E028
:10FC9000DC82D1181655C82D81D09AB08B63A2A3EF
:10FCA000C8EF14231F713A9FC3B9A75C47F68B1F97
:10FCB000B3A5CFD9DF3F7B38C8CF233551ADB4BD15
:10FCC0003236964F29E5C7CA036E663FCE8327D8E2
:10FCD0008F4C593FB3D9A4529BDD9D54FF000A932A
:10FCE000902A7D50675CD3BFDC93FA53ED5F7D9C17
:10FCF0006D773C50CAE325588047EB525CADADC5EB
:10FD0000E4171F6E814C2186DDE0E73F8D036D5DBA
:10FD100013C1D66FF73FC6B2EC27FEC8D0AD19D7D6
:10FD2000324CEA02FB13FE1CD5DB4BCB779EE54C35
:10FD300088123213796015BE9552E192FB598923DE
:10FD400065682D53395391B8FF00F5A813D596ADCA
:10FD5000A136DAEDC28FF573279ABF5C807FC7F1B9
:10FD6000ACAB3FB4FD86F22B668D0C93C80BB6721C
:10FD700039ED8ADF49A044433491A3A82A0BB01C73
:10FD80007F9C56569222305CEF202BCAF871CEDE53
:10FD90007AD00B7D49B4EB48749B669C9C22A66488
:10FDA000DB962C7D4D57D266905B4C5E3FDCCD23BD
:10FDB0003089BA8535616E2D34D8DE47B98E6959E0
:10FDC00076ED8F9690FD05476316746FB35D3985A8
:10FDD0009B90FF00DDE722819149A4D9242D3C4866
:10FDE000CF12F2CA58EE4FD79A9618A28E155840E5
:10FDF0001181F281D31524D7B6D656B2289D2E276D
:10FE00009176AA47CE4E2A3B285A1B28A393EF2A65
:10FE1000E0D05C1962EAD0DEE89F67122465981D85
:10FE2000CFD386CD417612CED5A579A360B818433D
:10FE300093CF153DCC56F75A5FD925B98E12C73FDF
:10FE4000330CF0D9E955A4B3D32189A4125A314512
:10FE500027036E4E3F1A0952B37A935D5C456D04D9
:10FE6000324762B323FCACDBB6ED3EF516B7363E47
:10FE7000CF1436CAD752237952923F77D33525B45F
:10FE8000A92C00BA661997E643E950EA32452EAB31
:10FE900064B148AFB15C100E71D3AD00D5A48550EC
:10FEA000768DDD71CD211CD4D8A42B41D1721129BE
:10FEB0008FA1A9E2BC39E4E6A268F350B4641C8EB9
:10FEC000B418CA9AE86C472AC838A92B22194AB72D
:10FED000A1AD3865122FBD062D589290D3B149F5CA
:10FEE000A04348A690719A9923DDCB0E3B0A1D7260
:10FEF0004FA8A00AF4D22AC2C7BF39EDFCEA261FD8
:10FF0000FD7A00888A6E2A42293140111148454AFB
:10FF100045376D00478A4C54845371400C229A56E1
:10FF2000A5C5371401242C78C7DE5E4569A30740B8
:10FF3000C3A115929F2B0AD0B66E193D391F8D00B3
:10FF400058A28A2800A28A2800A6BA075C77EC6922
:10FF5000D4500546520E08E4537156DD038F7EC619
:10FF6000AB9521B04734011E2971526CA695C5008E
:10FF700020A5A29680128C6411ED4B40EB40161028
:10FF8000E514FB53A991FF00AB5A7D0014514500C5
:10FF900014514500151632C7EB52D47FC47EB4000D
:10FFA00085693152E38A36D00300A5C529A4E4F05F
:10FFB000280027F3A50B8E4F5A50314B40051451A2
:10FFC00040051451400514514005452FDE03D0541F
:10FFD000B50BF2E7F2A0060A51452D0014B8A28A2B
:10FFE0000028A5C514009494B8A3A0C9A004A72212
:10FFF000E4EE3D3B0A554DDCB74EC2A4A00290AAE8
:020000040801F1
:10000000939206477A5A2800A0804608C8A28A0020
:10001000AEF011CA723D2A12B57A9922230CB76E3E
:10002000F4019B3C9E5A7FB47A5558E32C771E49C5
:10003000A91CF9B31392476FA54E880628358AB0DC
:10004000891802A502940A5C505098A5C518A5C548
:100050000035915D76B2861E845469696F1B6E48C7
:100060006356F50A2A7C518A0446F0C721CBC6ACF8
:100070007DC669BF6683FE7847FF007C8A9E8C50F0
:10008000045E445B76F949B7D368C50B1227DC459B
:100090005FA0C54B8A314010BC492637A2B63D4609
:1000A0006955150615401E805498A4C50322F2A375
:1000B0000DB846A0FAE39A52A29F8A280B9088A313
:1000C00053954553EA052915262936D03B90B4317E
:1000D000B9CBC6AC7D48CD33ECF0FF00CF18FF00A4
:1000E000EF91563146281918000C018149B1739DD2
:1000F000A33EB8A93146280B91E28C53F146281D46
:10010000C8F6D34A0C54B8A31405CA8F1F7152C144
:1001100021535232F15095DAD9A089ABA35118304E
:1001200018E4FA0A9163E72D827D3D2A0B47006DA2
:10013000AB741805319327218834FA280100006038
:10014000545327F10FC6A6A28029114DC54F247B19
:100150000F1F77F954445003314629D8A31400DC0B
:10016000526C069F8A5039A008CC3E869A626F6A0C
:100170009F14B8A00ADE5367A559832B22E7B8C5A0
:100180002629C38C1F420D005AA28A2800A28A2861
:1001900000A28A2800A6B2861CD3A8A0087953839F
:1001A0004A541A90A8618351F2A707F3A0061522BA
:1001B000931537069368A00880CD2EDC1A942D0481
:1001C0005002C7C20A75353EE0A7500145145002DF
:1001D000E28C52D140098A4D8339E69D450037684B
:1001E000F7A368F7A751400DD83D4D285006052DBF
:1001F000140098A314B45002628C52D140098A3181
:100200004B45002628C52D140098A6F94A73C9A7A6
:10021000D14011F94BEA697CA5F534FA28019E5AC0
:10022000FA9A3CB1EF4FA28019E58F7A5D83DE9D8B
:10023000450037CB1EF48235073C9A7D140098A305
:1002400014B45002628C52D140098A314B450026C9
:1002500029B246244284900FA53E8A00AAB6112FE7
:1002600042FF0098A78B58C776A9E8A07CCC87EC02
:10027000C9EAD47D9D3D5AA6A280E6645F674F53CC
:1002800047909EA6A5A280BB22F217D4D1E42FA945
:10029000A968A02EC8BC85F534BE42FA9A928A029B
:1002A000EC8FC85F5349E42FA9A968A02EC8BECE21
:1002B0009EAD49F674F56A9A8A02EC87ECE9EAD4B5
:1002C0007D993D5AA6A280BB21FB327AB51F664FAD
:1002D00056A9A8A039990FD993D5A8FB327AB54D64
:1002E0004501CCC83ECA9EAD47D963F56FCEA7A2E3
:1002F00081F3320FB247EADF9D1F648FD5AA7A28B7
:100300000E6641F648FD5BF3A3EC91FAB7E753D1D3
:10031000407332BFD8E3F56FCE9A6C223DDFF31500
:100320006A8A039990476A91E30CDC7A9A9B14B429
:10033000504898A314B45002628C52D14008541112
:100340008351F909EA6A5A28021FB3A7AB51F67420
:10035000F56A9A8A0087ECE9EAD4BF674F5352D115
:1003600040117909EA68F213D4D4B450045E42FA19
:100370009A3C85C6326A5A280131462968A004C5CC
:1003800018A5A280131462968A004C518A5A28013B
:10039000314150460D2D1400C1181DCD3B6FD6962E
:1003A0008A004C521407B9A751400814018A314BF6
:1003B00045002628C52D1401FFD92F3430342E686E
:1003C000746D6C000000485454502F312E3020348E
:1003D00030342046696C65206E6F7420666F756ED0
:1003E000640D0A5365727665723A206C7749502F16
:1003F000312E332E312028687474703A2F2F736198
:1004000076616E6E61682E6E6F6E676E752E6F729E
:10041000672F70726F6A656374732F6C77697029C8
:100420000D0A436F6E74656E742D747970653A2091
:10043000746578742F68746D6C0D0A0D0A3C214444
:100440004F43545950452048544D4C205055424C30
:10045000494320222D2F2F5733432F2F445444201C
:1004600048544D4C20342E3031205472616E7369E3
:1004700074696F6E616C2F2F454E223E0D0A3C68E9
:10048000746D6C3E3C686561643E3C7469746C6577
:100490003E53544D3332463478373C2F7469746C74
:1004A000653E0D0A0D0A3C2F686561643E0D0A3CED
:1004B000626F6479207374796C653D22636F6C6F31
:1004C000723A20626C61636B3B206261636B67729E
:1004D0006F756E642D636F6C6F723A207768697404
:1004E000653B223E0D0A3C7461626C65207769644D
:1004F00074683D2231303025223E0D0A3C74626F13
:1005000064793E0D0A3C74722076616C69676E3DB9
:1005100022746F70223E0D0A3C7464207769647403
:10052000683D223830223E3C62723E0D0A3C6469CE
:1005300076207374796C653D22746578742D616CD6
:1005400069676E3A2063656E7465723B223E3C6952
:100550006D67207374796C653D2277696474683ABD
:1005600020393670783B206865696768743A2035B1
:100570003770783B2220616C743D225354206C6F9D
:10058000676F22207372633D2253544D33324634D9
:1005900078375F66696C65732F6C6F676F2E6A7052
:1005A00067223E3C2F6469763E0D0A3C2F74643E00
:1005B0000D0A3C74642077696474683D22353030DC
:1005C000223E0D0A3C68313E3C736D616C6C3E3CD2
:1005D000736D616C6C3E3C736D616C6C3E3C736D15
:1005E000616C6C3E3C6269673E3C6269673E3C629E
:1005F0006967207374796C653D22666F6E742D7720
:1006000065696768743A20626F6C643B223E3C62A5
:1006100069673E3C7374726F6E673E3C7370616EC7
:10062000207374796C653D22666F6E742D737479D6
:100630006C653A206974616C69633B223E53544D8A
:100640003332463478372057656273657276657247
:100650002044656D6F3C2F7370616E3E3C2F737448
:10066000726F6E673E3C2F6269673E3C2F6269671E
:100670003E3C2F6269673E3C2F6269673E3C2F73A8
:100680006D616C6C3E3C2F736D616C6C3E3C2F73E6
:100690006D616C6C3E3C2F736D616C6C3E0D0A3C61
:1006A000736D616C6C207374796C653D22666F6E3E
:1006B000742D66616D696C793A2056657264616E5D
:1006C000613B223E3C736D616C6C3E3C6269673EEF
:1006D0003C6269673E3C6269673E3C6269672073C1
:1006E00074796C653D22666F6E742D7765696768F5
:1006F000743A20626F6C643B20636F6C6F723A20B7
:100700007267622835312C2035312C20323535295D
:100710003B223E3C6269673E3C7374726F6E673E7B
:100720003C7370616E207374796C653D22666F6EE8
:10073000742D7374796C653A206974616C69633BDC
:10074000223E3C2F7370616E3E3C2F7374726F6E4D
:10075000673E3C2F6269673E3C7370616E20737424
:10076000796C653D22636F6C6F723A207267622804
:1007700035312C2035312C20323535293B223E3C79
:1007800062723E0D0A3C2F7370616E3E3C2F6269AF
:10079000673E3C2F6269673E3C2F6269673E3C2F93
:1007A0006269673E3C2F736D616C6C3E3C2F736DCC
:1007B000616C6C3E3C2F68313E0D0A3C68323E3421
:1007C0003034202D2050616765206E6F7420666F75
:1007D000756E643C2F68323E0D0A3C703E3C73706F
:1007E000616E207374796C653D22666F6E742D6640
:1007F000616D696C793A2054696D6573204E657737
:1008000020526F6D616E2C54696D65732C73657227
:1008100069663B223E20536F7272792C0D0A746810
:1008200065207061676520796F752061726520723F
:10083000657175657374696E6720776173206E6F7B
:100840007420666F756E64206F6E20746869732003
:100850007365727665722E3C2F7370616E3E203C1C
:100860002F703E0D0A3C2F74643E0D0A3C2F7472AB
:100870003E0D0A3C2F74626F64793E0D0A3C2F7462
:1008800061626C653E0D0A3C2F626F64793E3C2FBD
:1008900068746D6C3E2F696E6465782E68746D6C3B
:1008A00000485454502F312E3020323030204F4BDE
:1008B0000D0A5365727665723A206C7749502F3174
:1008C0002E332E312028687474703A2F2F7361767E
:1008D000616E6E61682E6E6F6E676E752E6F7267D9
:1008E0002F70726F6A656374732F6C776970290D4E
:1008F0000A436F6E74656E742D747970653A207456
:100900006578742F68746D6C0D0A0D0A3C21444F94
:1009100043545950452048544D4C205055424C4961
:100920004320222D2F2F5733432F2F445444204848
:10093000544D4C20342E3031205472616E736974E2
:10094000696F6E616C2F2F454E223E0A3C68746DB4
:100950006C20786D6C6E733A763D2275726E3A73C8
:100960006368656D61732D6D6963726F736F667413
:100970002D636F6D3A766D6C2220786D6C6E733AD4
:100980006F3D2275726E3A736368656D61732D6D8C
:100990006963726F736F66742D636F6D3A6F66660D
:1009A0006963653A6F66666963652220786D6C6E6F
:1009B000733A773D2275726E3A736368656D617341
:1009C0002D6D6963726F736F66742D636F6D3A6F0F
:1009D00066666963653A776F72642220786D6C6E23
:1009E000733D22687474703A2F2F7777772E7733A0
:1009F0002E6F72672F54522F5245432D68746D6CC1
:100A00003430223E3C686561643E0D0A3C6D65747D
:100A10006120687474702D65717569763D22436F2D
:100A20006E74656E742D547970652220636F6E74D8
:100A3000656E743D22746578742F68746D6C3B200C
:100A4000636861727365743D69736F2D3838353929
:100A50002D31223E0D0A3C6C696E6B2072656C3D37
:100A60002246696C652D4C69737422206872656634
:100A70003D2253544D3332463478375F66696C6596
:100A8000732F66696C656C6973742E786D6C223E89
:100A90000D0A3C6C696E6B2072656C3D2245646981
:100AA000742D54696D652D446174612220687265EE
:100AB000663D2253544D3332463478375F66696C55
:100AC00065732F65646974646174612E6D736F2240
:100AD0003E3C7469746C653E53544D3332463478F1
:100AE000373C2F7469746C653E3C2F686561643EC9
:100AF0000D0A3C626F6479207374796C653D222223
:100B0000206C616E673D22454E2D555322206C6945
:100B10006E6B3D22626C75652220766C696E6B3D52
:100B200022626C7565223E0D0A3C64697620636C16
:100B30006173733D2253656374696F6E31223E0D9C
:100B40000A3C646976207374796C653D226D61722C
:100B500067696E2D6C6566743A20333070743B2281
:100B60003E0D0A3C7020636C6173733D224D736FC0
:100B70004E6F726D616C22207374796C653D2274C6
:100B80006578742D616C69676E3A2063656E746573
:100B9000723B2220616C69676E3D2263656E7465ED
:100BA00072223E3C696D6720616C743D222220698F
:100BB000643D225F78303030305F69313032352229
:100BC000207372633D2253544D3332463478375F7D
:100BD00066696C65732F53542E676966222073749F
:100BE000796C653D22626F726465723A203070786C
:100BF00020736F6C6964203B2077696474683A20C5
:100C000037363670783B206865696768743A2035F6
:100C10003870783B223E3C623E3C693E3C737061DA
:100C20006E207374796C653D22666F6E742D7369E6
:100C30007A653A20323470743B223E3C62723E0D3B
:100C40000A3C7374726F6E673E53544D33324634B0
:100C50007837205765627365727665722044656DDA
:100C60006F3C2F7374726F6E673E3C2F7370616EB2
:100C70003E3C2F693E3C2F623E3C7370616E207398
:100C800074796C653D22666F6E742D73697A653A6E
:100C90002031332E3570743B223E203C2F7370611F
:100CA0006E3E3C623E3C7370616E207374796C657D
:100CB0003D22666F6E742D73697A653A2031387003
:100CC000743B20666F6E742D66616D696C793A2095
:100CD00056657264616E613B20636F6C6F723A207F
:100CE0007267622835312C2035312C203235352978
:100CF0003B223E3C62723E0D0A4261736564206F86
:100D00006E20746865206C774950205443502F49F9
:100D10005020737461636B203C2F7370616E3E3C96
:100D20002F623E3C2F703E0D0A3C64697620636C56
:100D30006173733D224D736F4E6F726D616C222033
:100D40007374796C653D22746578742D616C696784
:100D50006E3A2063656E7465723B2220616C696730
:100D60006E3D2263656E746572223E0D0A3C6872A8
:100D700020616C69676E3D2263656E746572222026
:100D800073697A653D2232222077696474683D2256
:100D900031303025223E3C2F6469763E0D0A3C649A
:100DA000697620616C69676E3D2263656E74657259
:100DB000223E0D0A3C7461626C6520636C61737342
:100DC0003D224D736F4E6F726D616C5461626C6544
:100DD00022207374796C653D2277696474683A20C7
:100DE0003732302E373570743B2220626F72646563
:100DF000723D2231222063656C6C70616464696E9F
:100E0000673D2230222077696474683D223936318B
:100E1000223E0D0A3C74626F64793E0D0A3C747286
:100E2000207374796C653D22223E0D0A3C74642067
:100E30007374796C653D2270616464696E673A20F1
:100E4000312E3570743B206261636B67726F756E13
:100E5000643A207267622835312C2035312C2032DB
:100E6000353529206E6F6E6520726570656174205E
:100E70007363726F6C6C203025203530253B202D3C
:100E80006D6F7A2D6261636B67726F756E642D632F
:100E90006C69703A20696E697469616C3B202D6DD4
:100EA0006F7A2D6261636B67726F756E642D6F72FE
:100EB0006967696E3A20696E697469616C3B202DBF
:100EC0006D6F7A2D6261636B67726F756E642D69E9
:100ED0006E6C696E652D706F6C6963793A20696E0E
:100EE000697469616C3B20746578742D616C696705
:100EF0006E3A2063656E7465723B223E0D0A3C704B
:100F000020636C6173733D224D736F4E6F726D6120
:100F10006C223E3C623E3C693E3C7370616E2073C5
:100F200074796C653D22666F6E742D73697A653ACB
:100F300020313070743B20666F6E742D66616D6970
:100F40006C793A2056657264616E613B223E3C6169
:100F500020687265663D222F696E6465782E68741C
:100F60006D6C223E3C7370616E207374796C653DCC
:100F700022636F6C6F723A2077686974653B223E1A
:100F8000486F6D650D0A706167653C2F7370616E07
:100F90003E3C2F613E3C2F7370616E3E3C2F693E9C
:100FA0003C2F623E3C623E3C693E3C7370616E2069
:100FB0007374796C653D22666F6E742D66616D6920
:100FC0006C793A2056657264616E613B223E3C6FDB
:100FD0003A703E3C2F6F3A703E3C2F7370616E3E0C
:100FE0003C2F693E3C2F623E3C2F703E0D0A3C2F49
:100FF00074643E0D0A3C7464207374796C653D2200
:1010000070616464696E673A20312E3570743B20DC
:101010006261636B67726F756E643A2072676228F3
:1010200035312C2035312C2032353529206E6F6E2C
:101030006520726570656174207363726F6C6C20DB
:101040003025203530253B202D6D6F7A2D62616370
:101050006B67726F756E642D636C69703A20696E90
:10106000697469616C3B202D6D6F7A2D6261636BD1
:1010700067726F756E642D6F726967696E3A206969
:101080006E697469616C3B202D6D6F7A2D626163AE
:101090006B67726F756E642D696E6C696E652D700D
:1010A0006F6C6963793A20696E697469616C3B2081
:1010B000746578742D616C69676E3A2063656E742F
:1010C00065723B223E0D0A3C7020636C6173733D78
:1010D000224D736F4E6F726D616C223E3C623E3CDE
:1010E000693E3C7370616E207374796C653D226655
:1010F0006F6E742D73697A653A20313070743B20BD
:10110000666F6E742D66616D696C793A20566572F2
:1011100064616E613B223E3C6120687265663D22DF
:101120002F53544D3332463478374C45442E68742F
:101130006D6C223E3C7370616E207374796C653DFA
:1011400022636F6C6F723A2077686974653B223E48
:10115000266E6273703B4C65640D0A636F6E747229
:101160006F6C3C2F7370616E3E3C2F613E3C2F7361
:1011700070616E3E3C2F693E3C2F623E3C623E3CBD
:10118000693E3C7370616E207374796C653D2266B4
:101190006F6E742D66616D696C793A205665726464
:1011A000616E613B223E3C6F3A703E3C2F6F3A705D
:1011B0003E3C2F7370616E3E3C2F693E3C2F623E79
:1011C0003C2F703E0D0A3C2F74643E0D0A3C746443
:1011D000207374796C653D2270616464696E673A4E
:1011E00020312E3570743B206261636B67726F75BE
:1011F0006E643A207267622835312C2035312C20FC
:1012000032353529206E6F6E6520726570656174A8
:10121000207363726F6C6C203025203530253B20A5
:101220002D6D6F7A2D6261636B67726F756E642DC1
:10123000636C69703A20696E697469616C3B202D3A
:101240006D6F7A2D6261636B67726F756E642D6F5F
:10125000726967696E3A20696E697469616C3B20D6
:101260002D6D6F7A2D6261636B67726F756E642D81
:10127000696E6C696E652D706F6C6963793A20696F
:101280006E697469616C3B20746578742D616C695A
:10129000676E3A2063656E7465723B223E0D0A3CB0
:1012A0007020636C6173733D224D736F4E6F726D6E
:1012B000616C223E3C623E3C693E3C7370616E2034
:1012C0007374796C653D22666F6E742D73697A65EF
:1012D0003A20313070743B20666F6E742D66616DFC
:1012E000696C793A2056657264616E613B223E3CBE
:1012F0006120687265663D222F53544D3332463467
:1013000078374144432E7368746D6C223E3C737091
:10131000616E207374796C653D22636F6C6F723AF5
:101320002077686974653B223E4144430D0A73741B
:1013300061747573206261723C2F7370616E3E3C04
:101340002F613E3C2F7370616E3E3C2F693E3C2FF7
:10135000623E3C623E3C693E3C7370616E20737439
:10136000796C653D22666F6E742D66616D696C796E
:101370003A2056657264616E613B223E3C6F3A7062
:101380003E3C2F6F3A703E3C2F7370616E3E3C2F97
:10139000693E3C2F623E3C2F703E0D0A3C2F746428
:1013A0003E0D0A3C2F74723E0D0A3C2F74626F642E
:1013B000793E0D0A3C2F7461626C653E0D0A3C2F2C
:1013C0006469763E0D0A3C64697620616C69676EDB
:1013D0003D2263656E746572223E0D0A3C74616243
:1013E0006C6520636C6173733D224D736F4E6F7239
:1013F0006D616C5461626C6522207374796C653D1B
:10140000226261636B67726F756E643A20776869F8
:101410007465206E6F6E65207265706561742073EF
:1014200063726F6C6C203025203530253B202D6D8C
:101430006F7A2D6261636B67726F756E642D636C7A
:1014400069703A20696E697469616C3B202D6D6F1B
:101450007A2D6261636B67726F756E642D6F72694E
:1014600067696E3A20696E697469616C3B202D6D05
:101470006F7A2D6261636B67726F756E642D696E32
:101480006C696E652D706F6C6963793A20696E695D
:101490007469616C3B2077696474683A203537342D
:1014A0002E3570743B2220626F726465723D22306B
:1014B000222063656C6C70616464696E673D2230E4
:1014C000222063656C6C73706163696E673D2230C6
:1014D000222077696474683D22373636223E0D0A31
:1014E0003C74626F64793E0D0A3C747220737479A7
:1014F0006C653D22223E0D0A3C7464207374796C45
:10150000653D2270616464696E673A2030636D3BAB
:10151000222076616C69676E3D22746F70223E0DE9
:101520000A3C7461626C6520636C6173733D224D8B
:10153000736F4E6F726D616C5461626C65222073C3
:1015400074796C653D2277696474683A2031303073
:10155000253B2220626F726465723D223022206337
:10156000656C6C70616464696E673D223022206333
:10157000656C6C73706163696E673D223022207701
:10158000696474683D2231303025223E0D0A3C7476
:10159000626F64793E0D0A3C7472207374796C65D5
:1015A0003D22223E0D0A3C7464207374796C653DC3
:1015B0002270616464696E673A20322E323570742D
:1015C0003B223E0D0A3C7461626C6520626F72645E
:1015D00065723D2230222063656C6C7061646469C1
:1015E0006E673D2233222063656C6C7370616369A2
:1015F0006E673D2230222077696474683D22313065
:101600003025223E0D0A3C74626F64793E0D0A3C1F
:1016100074723E0D0A3C74642076616C69676E3D9D
:1016200022746F70222077696474683D22373225F6
:10163000223E0D0A3C68313E3C7370616E2073742B
:10164000796C653D22636F6C6F723A207267622815
:1016500035312C2035312C20323535293B223E5373
:10166000544D33320D0A462D34205365726965732B
:101670003C2F7370616E3E3C2F68313E0D0A3C700A
:1016800020636C6173733D224D736F4E6F726D6199
:101690006C223E3C7370616E207374796C653D22E0
:1016A000666F6E742D73697A653A20313070743BC1
:1016B00020666F6E742D66616D696C793A2056658F
:1016C0007264616E613B223E41206E65770D0A6750
:1016D000656E65726174696F6E206F6E2053544D34
:1016E00033322077697468207369676E696669634D
:1016F000616E7420696D70726F76656D656E7420B1
:10170000696E3C2F7370616E3E3C2F703E0D0A3C3B
:101710007020636C6173733D224D736F4E6F726DF9
:10172000616C223E3C7370616E207374796C653D10
:1017300022666F6E742D73697A653A203130707449
:101740003B20666F6E742D66616D696C793A205628
:10175000657264616E613B223E20666561747572DC
:101760006573202F0D0A706572666F726D616E630E
:10177000653A3C6F3A703E3C2F6F3A703E3C2F7397
:1017800070616E3E3C2F703E0D0A3C756C20747982
:1017900070653D2264697363223E0D0A3C6C6920CA
:1017A000636C6173733D224D736F4E6F726D616C2C
:1017B00022207374796C653D22223E3C7370616E09
:1017C000207374796C653D22666F6E742D73697A2F
:1017D000653A20313070743B20666F6E742D6661FF
:1017E0006D696C793A2056657264616E613B223E88
:1017F0004D6F7265204D656D6F72793C6F3A703E2A
:101800003C2F6F3A703E3C2F7370616E3E3C2F6CE4
:10181000693E0D0A3C6C6920636C6173733D224D17
:10182000736F4E6F726D616C22207374796C653DBD
:1018300022223E3C7370616E207374796C653D2288
:10184000666F6E742D73697A653A20313070743B1F
:1018500020666F6E742D66616D696C793A205665ED
:101860007264616E613B223E416476616E636564C1
:101870000D0A66656174757265733C6F3A703E3C23
:101880002F6F3A703E3C2F7370616E3E3C2F6C6937
:101890003E0D0A3C6C6920636C6173733D224D738D
:1018A0006F4E6F726D616C22207374796C653D228E
:1018B000223E3C7370616E207374796C653D2266C4
:1018C0006F6E742D73697A653A20313070743B20E5
:1018D000666F6E742D66616D696C793A205665721B
:1018E00064616E613B223E4D61696E7461696E0D8B
:1018F0000A636C6F73652070696E2D6F7574206359
:101900006F6D7061746962696C6974793C6F3A706B
:101910003E3C2F6F3A703E3C2F7370616E3E3C2F01
:101920006C693E0D0A3C6C6920636C6173733D22E7
:101930004D736F4E6F726D616C22207374796C659C
:101940003D22223E3C7370616E207374796C653D5C
:1019500022666F6E742D73697A653A203130707427
:101960003B20666F6E742D66616D696C793A205606
:10197000657264616E613B223E4D61696E7461699E
:101980006E0D0A636C6F736520736F667477617296
:101990006520636F6D7061746962696C6974793C0C
:1019A0006F3A703E3C2F6F3A703E3C2F7370616E01
:1019B0003E3C2F6C693E0D0A3C2F756C3E0D0A3C77
:1019C0007370616E207374796C653D22666F6E74FE
:1019D0002D73697A653A20313070743B20666F6EE2
:1019E000742D66616D696C793A2056657264616E1A
:1019F000613B223E436F6D706C656D656E740D0AC0
:101A0000746865206578697374696E672066616DB6
:101A1000696C792077697468206D6F7265207065D4
:101A200072666F726D616E63652C206D656D6F728D
:101A30007920616E642066656174757265733C62BD
:101A4000723E0D0A3C62723E0D0A3C61207374794D
:101A50006C653D22666F6E742D7765696768743AB0
:101A600020626F6C643B2220687265663D22687458
:101A700074703A2F2F7777772E73742E636F6D2FD4
:101A8000696E7465726E65742F6D63752F636C611A
:101A900073732F313733342E6A737022207461725E
:101AA0006765743D225F626C616E6B223E546865AF
:101AB0002053544D33324634783720686F6D65209B
:101AC000706167653C2F613E3C2F7370616E3E3CD8
:101AD0002F74643E0D0A3C74642077696474683D19
:101AE000223225223E3C2F74643E0D0A3C74642051
:101AF000616C69676E3D2272696768742220766145
:101B00006C69676E3D22746F702220776964746817
:101B10003D22323625223E3C62723E3C62723E0DD0
:101B20000A3C696D67207374796C653D227769643E
:101B300074683A2033323270783B20686569676890
:101B4000743A2032313370783B2220616C743D222C
:101B500022207372633D2253544D3332463478371A
:101B60005F66696C65732F73746D33322E6A7067AC
:101B7000223E3C2F74643E0D0A3C2F74723E0D0AC7
:101B80003C2F74626F64793E0D0A3C2F7461626C65
:101B9000653E0D0A3C2F74643E0D0A3C2F74723E64
:101BA0000D0A3C7472207374796C653D22223E0DDF
:101BB0000A3C7464207374796C653D2270616464BE
:101BC000696E673A20322E323570743B223E0D0A20
:101BD0003C7020636C6173733D224D736F4E6F7266
:101BE0006D616C223E3C6F3A703E266E6273703BB4
:101BF0003C2F6F3A703E3C2F703E0D0A3C2F7464B0
:101C00003E0D0A3C2F74723E0D0A3C7472207374B0
:101C1000796C653D22223E0D0A3C74642073747910
:101C20006C653D2270616464696E673A20322E32C1
:101C30003570743B222076616C69676E3D22746F4B
:101C400070223E0D0A3C7461626C6520636C6173A6
:101C5000733D224D736F4E6F726D616C5461626C97
:101C60006522207374796C653D2277696474683AE3
:101C7000203530372E3470743B2220626F726465D9
:101C8000723D2230222063656C6C70616464696E01
:101C9000673D2230222063656C6C73706163696EEE
:101CA000673D2230222077696474683D22363737D9
:101CB000223E0D0A3C74626F64793E0D0A3C7472D8
:101CC000207374796C653D22223E0D0A3C746420B9
:101CD0007374796C653D2270616464696E673A2043
:101CE000322E323570743B206261636B67726F75A0
:101CF0006E643A207267622835312C2035312C20F1
:101D000032353529206E6F6E65207265706561749D
:101D1000207363726F6C6C203025203530253B209A
:101D20002D6D6F7A2D6261636B67726F756E642DB6
:101D3000636C69703A20696E697469616C3B202D2F
:101D40006D6F7A2D6261636B67726F756E642D6F54
:101D5000726967696E3A20696E697469616C3B20CB
:101D60002D6D6F7A2D6261636B67726F756E642D76
:101D7000696E6C696E652D706F6C6963793A206964
:101D80006E697469616C3B2077696474683A2035C8
:101D900030342E3270743B222077696474683D229F
:101DA000363732223E0D0A3C7020636C6173733DFE
:101DB000224D736F4E6F726D616C223E3C73706189
:101DC0006E207374796C653D22636F6C6F723A207C
:101DD00077686974653B223E266E6273703B3C2FC8
:101DE0007370616E3E3C7374726F6E673E3C7370CD
:101DF000616E207374796C653D22666F6E742D661A
:101E0000616D696C793A2056657264616E613B2040
:101E1000636F6C6F723A2077686974653B223E414C
:101E2000626F757420746869730D0A64656D6F6EF6
:101E30007374726174696F6E3C2F7370616E3E3C97
:101E40002F7374726F6E673E3C7370616E20737493
:101E5000796C653D22666F6E742D66616D696C7973
:101E60003A2056657264616E613B20636F6C6F72DD
:101E70003A2077686974653B223E3C6F3A703E3C7D
:101E80002F6F3A703E3C2F7370616E3E3C2F703E58
:101E90000D0A3C2F74643E0D0A3C746420737479FF
:101EA0006C653D22626F726465723A206D6564698B
:101EB000756D206E6F6E65203B2070616464696E85
:101EC000673A2030636D3B222077696474683D2255
:101ED00034223E0D0A3C7020636C6173733D224DC9
:101EE000736F4E6F726D616C223E266E6273703B33
:101EF0003C2F703E0D0A3C2F74643E0D0A3C2F743B
:101F0000723E0D0A3C7472207374796C653D2268D0
:101F100065696768743A2031312E323570743B221E
:101F20003E0D0A3C7464207374796C653D227061C7
:101F30006464696E673A20322E323570743B2077C4
:101F4000696474683A203530342E3270743B2068EE
:101F500065696768743A2031312E323570743B22DE
:101F60002076616C69676E3D22746F7022207769FC
:101F70006474683D22363732223E0D0A3C7020637D
:101F80006C6173733D224D736F4E6F726D616C2285
:101F90003E3C7370616E207374796C653D22666F90
:101FA0006E742D73697A653A20313070743B206607
:101FB0006F6E742D66616D696C793A205665726436
:101FC000616E613B223E546869730D0A77656273E6
:101FD0006572766572206973206120706172742069
:101FE0006F6620612064656D6F6E737472617469D1
:101FF0006F6E207061636B61676520646576656CE8
:102000006F706564206F6E2074686520746F700D4A
:102010000A6C6576656C206F6620746865206C7745
:102020004950205443502F495020737461636B2EE4
:10203000203C62723E0D0A3C62723E0D0A54686595
:10204000207061636B61676520636F6E7461696E98
:1020500073206E696E65206170706C69636174696C
:102060006F6E733A3C2F7370616E3E3C2F703E0D65
:102070000A3C6F6C3E0D0A3C6C693E3C7370616EAD
:10208000207374796C653D22666F6E742D73697A66
:10209000653A20313070743B20666F6E742D666136
:1020A0006D696C793A2056657264616E613B223EBF
:1020B0004170706C69636174696F6E732072756EC4
:1020C0006E696E6720696E207374616E64616C6FF7
:1020D0006E652028776974686F757420616E205270
:1020E000544F53293A3C2F7370616E3E3C2F6C69FC
:1020F0003E0D0A3C2F6F6C3E0D0A3C756C207374CC
:10210000796C653D226D617267696E2D6C656674D0
:102110003A20343070783B223E0D0A3C6C693E3CDC
:102120007370616E207374796C653D22666F6E7496
:102130002D73697A653A20313070743B20666F6E7A
:10214000742D66616D696C793A2056657264616EB2
:10215000613B223E410D0A57656273657276657276
:102160002E266E6273703B3C6F3A703E3C2F6F3A86
:10217000703E3C2F7370616E3E3C2F6C693E0D0AC1
:102180003C6C693E3C7370616E207374796C653D84
:1021900022666F6E742D73697A653A2031307074DF
:1021A0003B20666F6E742D66616D696C793A2056BE
:1021B000657264616E613B223E412054465450205A
:1021C0007365727665722E3C2F7370616E3E3C2F84
:1021D0006C693E0D0A3C6C693E3C7370616E207305
:1021E00074796C653D22666F6E742D73697A653AF9
:1021F00020313070743B20666F6E742D66616D699E
:102200006C793A2056657264616E613B223E4120D2
:10221000544350206563686F0D0A636C69656E7482
:10222000206170706C69636174696F6E3C2F7370AC
:10223000616E3E3C2F6C693E0D0A3C6C693E3C73FE
:1022400070616E207374796C653D22666F6E742DBB
:1022500073697A653A20313070743B20666F6E7412
:102260002D66616D696C793A2056657264616E61A4
:102270003B223E4120544350206563686F0D0A7332
:102280006572766572206170706C69636174696FE4
:102290006E3C2F7370616E3E3C2F6C693E0D0A3CA4
:1022A0006C693E3C7370616E207374796C653D227D
:1022B000666F6E742D73697A653A20313070743BA5
:1022C00020666F6E742D66616D696C793A20566573
:1022D0007264616E613B223E41205544502065632B
:1022E000686F0D0A636C69656E74206170706C694B
:1022F000636174696F6E3C2F7370616E3E3C2F6C2E
:10230000693E0D0A3C6C693E3C7370616E207374CB
:10231000796C653D22666F6E742D73697A653A201B
:10232000313070743B20666F6E742D66616D696C20
:10233000793A2056657264616E613B223E412055B8
:102340004450206563686F0D0A736572766572206C
:102350006170706C69636174696F6E266E62737010
:102360003B3C2F7370616E3E3C2F6C693E0D0A3C06
:102370002F756C3E0D0A3C6F6C2073746172743D56
:102380002232223E0D0A3C6C693E3C7370616E2025
:102390007374796C653D22666F6E742D73697A650E
:1023A0003A20313070743B20666F6E742D66616D1B
:1023B000696C793A2056657264616E613B223E41D8
:1023C00070706C69636174696F6E732072756E6E84
:1023D000696E672077697468204672656552544F4C
:1023E00053206F7065726174696E672073797374BE
:1023F000656D3A3C2F7370616E3E3C2F6C693E0DEB
:102400000A3C2F6F6C3E0D0A3C756C207374796C1E
:10241000653D226D617267696E2D6C6566743A2048
:10242000343070783B223E0D0A3C6C693E3C737040
:10243000616E207374796C653D22666F6E742D73C6
:10244000697A653A20313070743B20666F6E742D66
:1024500066616D696C793A2056657264616E613BA4
:10246000223E41205765627365727665720D0A627D
:1024700061736564206F6E206E6574636F6E6E208D
:102480004150492E3C2F7370616E3E3C2F6C693E6B
:102490000D0A3C6C693E3C7370616E207374796CFC
:1024A000653D22666F6E742D73697A653A2031300E
:1024B00070743B20666F6E742D66616D696C793A3D
:1024C0002056657264616E613B223E412057656211
:1024D0007365727665720D0A6261736564206F6E52
:1024E00020736F636B6574204150492E3C2F7370CD
:1024F000616E3E3C2F6C693E0D0A3C6C693E3C733C
:1025000070616E207374796C653D22666F6E742DF8
:1025100073697A653A20313070743B20666F6E744F
:102520002D66616D696C793A2056657264616E61E1
:102530003B223E41205443502F5544500D0A6563C1
:10254000686F20736572766572206170706C696364
:102550006174696F6E206261736564206F6E206EB6
:102560006574636F6E6E204150492E266E627370E3
:102570003B3C2F7370616E3E3C2F6C693E0D0A3CF4
:102580002F756C3E0D0A3C756C20747970653D2288
:1025900064697363223E0D0A3C2F756C3E0D0A3C44
:1025A0007020636C6173733D224D736F4E6F726D5B
:1025B000616C22207374796C653D22223E3C6F3A37
:1025C000703E266E6273703B3C2F6F3A703E3C2F1C
:1025D000703E0D0A3C2F74643E0D0A3C74642073F7
:1025E00074796C653D22626F726465723A206D6524
:1025F0006469756D206E6F6E65203B207061646448
:10260000696E673A2030636D3B2220776964746895
:102610003D2234223E0D0A3C7020636C6173733D91
:10262000224D736F4E6F726D616C223E266E627327
:10263000703B3C2F703E0D0A3C2F74643E0D0A3CEB
:102640002F74723E0D0A3C7472207374796C653D70
:1026500022223E0D0A3C7464207374796C653D221D
:1026600070616464696E673A20322E323570743B53
:10267000206261636B67726F756E643A2072676285
:102680002835312C2035312C2032353529206E6FFC
:102690006E6520726570656174207363726F6C6C17
:1026A000203025203530253B202D6D6F7A2D62613D
:1026B000636B67726F756E642D636C69703A206925
:1026C0006E697469616C3B202D6D6F7A2D62616358
:1026D0006B67726F756E642D6F726967696E3A20F1
:1026E000696E697469616C3B202D6D6F7A2D626132
:1026F000636B67726F756E642D696E6C696E652DA4
:10270000706F6C6963793A20696E697469616C3BBA
:102710002077696474683A203530342E3270743B07
:10272000222077696474683D22363732223E0D0AD2
:102730003C7020636C6173733D224D736F4E6F72FA
:102740006D616C223E3C7370616E207374796C65B0
:102750003D22636F6C6F723A2077686974653B2223
:102760003E266E6273703B3C2F7370616E3E3C730D
:1027700074726F6E673E3C7370616E207374796C17
:10278000653D22666F6E742D66616D696C793A20C5
:1027900056657264616E613B20636F6C6F723A20A4
:1027A00077686974653B223E41626F7574204C778F
:1027B00049503C2F7370616E3E3C2F7374726F6E84
:1027C000673E3C7370616E207374796C653D226660
:1027D0006F6E742D66616D696C793A20566572640E
:1027E000616E613B20636F6C6F723A207768697429
:1027F000653B223E3C6F3A703E3C2F6F3A703E3C48
:102800002F7370616E3E3C2F703E0D0A3C2F746436
:102810003E0D0A3C7464207374796C653D22626FCE
:10282000726465723A206D656469756D206E6F6EB5
:1028300065203B2070616464696E673A2030636D87
:102840003B222077696474683D2234223E0D0A3CA5
:102850007020636C6173733D224D736F4E6F726DA8
:10286000616C223E266E6273703B3C2F703E0D0AF7
:102870003C2F74643E0D0A3C2F74723E0D0A3C746A
:1028800072207374796C653D22223E0D0A3C74649B
:1028900020636F6C7370616E3D22322220737479F5
:1028A0006C653D2270616464696E673A20322E3235
:1028B0003570743B2077696474683A203530372E60
:1028C0003470743B222077696474683D2236373750
:1028D000223E0D0A3C7020636C6173733D224D7380
:1028E0006F4E6F726D616C22207374796C653D223E
:1028F0006D617267696E2D626F74746F6D3A20310D
:102900003270743B223E3C7370616E207374796C3C
:10291000653D22666F6E742D73697A653A20313099
:1029200070743B20666F6E742D66616D696C793AC8
:102930002056657264616E613B223E6C7749502C73
:102940000D0A70726F6E6F756E636564206C6967D7
:1029500068747765696768742049502C2069732012
:10296000616E206F70656E20736F757263652054A1
:1029700043502F495020737461636B206465766502
:102980006C6F7065642062790D0A4164616D20444A
:10299000756E6B656C732061742074686520537765
:1029A000656469736820496E737469747574652011
:1029B0006F6620436F6D707574657220536369652F
:1029C0006E636520616E642069730D0A6D61696EC6
:1029D0007461696E6564206E6F7720627920612072
:1029E000776F726C64207769646520636F6D6D75B5
:1029F0006E697479206F6620646576656C6F7065AA
:102A000072732E3C62723E0D0A3C62723E0D0A6C7D
:102A10007749502066656174757265733A3C6272DD
:102A20003E0D0A3C62723E0D0A2D20495020284975
:102A30006E7465726E65742050726F746F636F6C24
:102A40002920696E636C7564696E67207061636BC1
:102A5000657420666F7277617264696E67206F7645
:102A60006572206D756C7469706C650D0A6E6574A5
:102A7000776F726B20696E74657266616365733C13
:102A800062723E0D0A2D2049434D502028496E7434
:102A900065726E657420436F6E74726F6C204D6545
:102AA00073736167652050726F746F636F6C292058
:102AB000666F72206E6574776F726B206D61696EE0
:102AC00074656E616E636520616E640D0A64656293
:102AD000756767696E673C62723E0D0A2D2055442A
:102AE0005020285573657220446174616772616D6E
:102AF0002050726F746F636F6C2920696E636C7500
:102B000064696E67206578706572696D656E746161
:102B10006C205544502D6C6974650D0A6578746598
:102B20006E73696F6E733C62723E0D0A2D205443C2
:102B30005020285472616E736D697373696F6E20D3
:102B4000436F6E74726F6C2050726F746F636F6C32
:102B500029207769746820636F6E67657374696F85
:102B60006E20636F6E74726F6C2C205254540D0A79
:102B7000657374696D6174696F6E20616E6420663F
:102B8000617374207265636F766572792F66617305
:102B9000742072657472616E736D69743C62723E0A
:102BA0000D0A2D205370656369616C697A65642034
:102BB0007261772041504920666F7220656E6861AE
:102BC0006E63656420706572666F726D616E6365B9
:102BD0003C62723E0D0A2D204F7074696F6E616CFD
:102BE000204265726B656C65792D616C696B65203F
:102BF000736F636B6574204150493C62723E0D0AED
:102C00002D2044484350202844796E616D6963202B
:102C1000486F737420436F6E66696775726174697B
:102C20006F6E2050726F746F636F6C293C62723EDE
:102C30000D0A2D205050502028506F696E742D744D
:102C40006F2D506F696E742050726F746F636F6C6C
:102C5000293C62723E0D0A2D2041525020284164C9
:102C60006472657373205265736F6C7574696F6EEF
:102C70002050726F746F636F6C2920666F722045ED
:102C8000746865726E65743C62723E0D0A3C6272D5
:102C90003E0D0A466F72206D6F726520696E666F19
:102CA000726D6174696F6E7320796F752063616EE8
:102CB00020726566657220746F2074686520776580
:102CC00062736974653A20266E6273703B3C6120C2
:102CD000687265663D22687474703A2F2F7361764E
:102CE000616E6E61682E6E6F6E676E752E6F7267A5
:102CF0002F70726F6A656374732F6C7769702F22FF
:102D00003E687474703A2F2F736176616E6E6168DD
:102D10002E6E6F6E676E752E6F72672F70726F6A90
:102D2000656374732F6C7769702F0D0A3C2F613EB9
:102D30003C6F3A703E3C2F6F3A703E3C2F7370618F
:102D40006E3E3C2F703E0D0A3C2F74643E0D0A3CD3
:102D50002F74723E0D0A3C2F74626F64793E0D0A27
:102D60003C2F7461626C653E0D0A3C7020636C619F
:102D700073733D224D736F4E6F726D616C223E3CDA
:102D80006F3A703E3C2F6F3A703E3C2F703E0D0AFA
:102D90003C2F74643E0D0A3C2F74723E0D0A3C2F8A
:102DA00074626F64793E0D0A3C2F7461626C653EFB
:102DB0000D0A3C2F74643E0D0A3C2F74723E0D0ABE
:102DC0003C2F74626F64793E0D0A3C2F7461626C13
:102DD000653E0D0A3C7370616E207374796C653DBD
:102DE00022646973706C61793A206E6F6E653B2264
:102DF0003E3C6F3A703E3C2F6F3A703E3C2F7370F2
:102E0000616E3E3C2F6469763E0D0A3C6469762013
:102E1000616C69676E3D2263656E746572223E0D5A
:102E20000A3C7461626C6520636C6173733D224D72
:102E3000736F4E6F726D616C5461626C65222073AA
:102E400074796C653D226261636B67726F756E6445
:102E50003A20626C61636B206E6F6E6520726570E4
:102E6000656174207363726F6C6C2030252035307F
:102E7000253B202D6D6F7A2D6261636B67726F75D4
:102E80006E642D636C69703A20696E697469616C57
:102E90003B202D6D6F7A2D6261636B67726F756E6B
:102EA000642D6F726967696E3A20696E6974696131
:102EB0006C3B202D6D6F7A2D6261636B67726F754D
:102EC0006E642D696E6C696E652D706F6C696379C7
:102ED0003A20696E697469616C3B20776964746833
:102EE0003A203537342E3570743B2220626F72647D
:102EF00065723D2230222063656C6C706164646988
:102F00006E673D2230222063656C6C73706163696B
:102F10006E673D2230222077696474683D2237361F
:102F200036223E0D0A3C74626F64793E0D0A3C7491
:102F300072207374796C653D22223E0D0A3C7464E4
:102F4000207374796C653D2270616464696E673AC0
:102F50002030636D3B2077696474683A20313030EB
:102F6000253B222077696474683D22313030252268
:102F70003E0D0A3C7020636C6173733D224D736F8C
:102F80004E6F726D616C223E3C696D672069643DD5
:102F9000225F78303030305F693130323822207330
:102FA00072633D22696E6368746D6C2D7061676534
:102FB000732D73746D33325F636F6E6E6563746906
:102FC000766974795F66696C65732F706978656C72
:102FD0002E6769662220626F726465723D2230221C
:102FE000206865696768743D2231222077696474BE
:102FF000683D2231223E3C2F703E0D0A3C2F746406
:103000003E0D0A3C2F74723E0D0A3C2F74626F64B1
:10301000793E0D0A3C2F7461626C653E0D0A3C2FAF
:103020006469763E0D0A3C7020636C6173733D22C7
:103030004D736F4E6F726D616C22207374796C6585
:103040003D22746578742D616C69676E3A20636502
:103050006E7465723B2220616C69676E3D22636508
:103060006E746572223E3C7370616E207374796C6D
:10307000653D22646973706C61793A206E6F6E658C
:103080003B223E3C6F3A703E266E6273703B3C2F93
:103090006F3A703E3C2F7370616E3E3C2F703E0D58
:1030A0000A3C64697620616C69676E3D2263656ED7
:1030B000746572223E0D0A3C7461626C6520636C1B
:1030C0006173733D224D736F4E6F726D616C54610D
:1030D000626C6522207374796C653D227769647433
:1030E000683A203537342E3570743B2220626F7277
:1030F0006465723D2230222063656C6C706164648B
:10310000696E673D2230222063656C6C7370616369
:10311000696E673D2230222077696474683D2237EA
:103120003636223E0D0A3C74626F64793E0D0A3CCD
:103130007472207374796C653D22223E0D0A3C74D2
:1031400064207374796C653D2270616464696E6794
:103150003A2030636D3B2077696474683A203130DF
:1031600030253B222077696474683D223130302558
:10317000223E0D0A3C6469762069643D22666F6FC9
:10318000746572223E0D0A3C7020636C6173733D5E
:10319000226C6567616C22207374796C653D2274C2
:1031A0006578742D616C69676E3A2063656E74652D
:1031B000723B2220616C69676E3D2263656E7465A7
:1031C00072223E416C6C207269676874732072656C
:1031D00073657276656420A9323031310D0A53541B
:1031E0004D6963726F656C656374726F6E6963734A
:1031F000266E6273703B3C2F703E0D0A3C2F646953
:10320000763E0D0A3C2F74643E0D0A3C2F74723ECC
:103210000D0A3C2F74626F64793E0D0A3C2F746175
:10322000626C653E0D0A3C2F6469763E0D0A3C7067
:1032300020636C6173733D224D736F4E6F726D61CD
:103240006C223E3C6F3A703E266E6273703B3C2FA0
:103250006F3A703E3C2F703E0D0A3C2F6469763EFB
:103260000D0A3C2F6469763E0D0A3C2F626F64792B
:103270003E3C2F68746D6C3E2F53544D33324634B0
:1032800078374144432E7368746D6C004854545031
:103290002F312E3020323030204F4B0D0A536572C3
:1032A0007665723A206C7749502F312E332E3120BB
:1032B00028687474703A2F2F736176616E6E61683E
:1032C0002E6E6F6E676E752E6F72672F70726F6ADB
:1032D000656374732F6C776970290D0A436F6E7480
:1032E000656E742D747970653A20746578742F68F2
:1032F000746D6C0D0A457870697265733A20467278
:10330000692C203130204170722032303038203129
:10331000343A30303A303020474D540D0A50726103
:10332000676D613A206E6F2D63616368650D0A0DEC
:103330000A3C21444F43545950452048544D4C2099
:103340005055424C494320222D2F2F5733432F2FC6
:103350004454442048544D4C20342E303120547273
:10336000616E736974696F6E616C2F2F454E2220F8
:1033700022687474703A2F2F7777772E7733632E05
:103380006F72672F54522F313939392F5245432DDF
:1033900068746D6C3430312D313939393132323411
:1033A0002F6C6F6F73652E647464223E0D0A3C6847
:1033B000746D6C3E3C686561643E3C7469746C6518
:1033C0003E53544D3332463478374144433C2F7496
:1033D00069746C653E0D0A0D0A3C6D657461206868
:1033E0007474702D65717569763D22436F6E7465D6
:1033F0006E742D547970652220636F6E74656E74DF
:103400003D22746578742F68746D6C3B206368612D
:10341000727365743D77696E646F77732D313235E1
:1034200032223E0D0A3C6D65746120687474702D03
:1034300065717569763D22726566726573682220D2
:10344000636F6E74656E743D2231223E0D0A3C6DD1
:1034500065746120636F6E74656E743D224D5348D0
:10346000544D4C20362E30302E323930302E3336FB
:10347000393822206E616D653D2247454E455241E7
:10348000544F52223E0D0A3C7374796C653E3C2FBA
:103490007374796C653E3C212D2D207361766564D3
:1034A0002066726F6D2075726C3D2830303338297C
:1034B000687474703A2F2F3139322E3136382E30ED
:1034C0002E31302F53544D3332463130374144433F
:1034D0002E7368746D6C202D2D3E3C2F68656164E1
:1034E0003E0D0A3C626F64793E0D0A3C68343E3CF6
:1034F000736D616C6C207374796C653D22666F6EC0
:10350000742D66616D696C793A2056657264616EDE
:10351000613B223E3C736D616C6C3E3C6269673E70
:103520003C6269673E3C626967207374796C653DF3
:1035300022666F6E742D7765696768743A20626FD2
:103540006C643B223E3C6269673E3C7374726F6EF2
:10355000673E3C656D3E3C7370616E207374796CA0
:10356000653D22666F6E742D7374796C653A2069BF
:1035700074616C69633B223E53544D333246347858
:10358000372041444320436F6E76657273696F6ED6
:10359000203C2F7370616E3E3C2F656D3E3C2F7357
:1035A00074726F6E673E3C2F6269673E3C2F6269A2
:1035B000673E3C2F6269673E3C2F6269673E3C2F45
:1035C000736D616C6C3E3C2F736D616C6C3E3C2F77
:1035D00068343E0D0A3C6872207374796C653D2234
:1035E00077696474683A20313030253B206865691A
:1035F0006768743A203270783B223E0D0A3C737043
:10360000616E207374796C653D22666F6E742D77E0
:1036100065696768743A20626F6C643B223E3C2F98
:103620007370616E3E3C7370616E207374796C656B
:103630003D22666F6E742D7765696768743A206203
:103640006F6C643B223E0D0A3C7461626C652073B2
:1036500074796C653D2277696474683A2039363133
:1036600070783B206865696768743A2033307078F9
:103670003B2220626F726465723D223122206365B5
:103680006C6C70616464696E673D223222206365F0
:103690006C6C73706163696E673D2232223E0D0A65
:1036A0003C74626F64793E0D0A3C74723E0D0A3CB4
:1036B0007464207374796C653D22666F6E742D7727
:1036C00065696768743A20626F6C643B20666F6E50
:1036D000742D7374796C653A206974616C69633B0D
:1036E00020666F6E742D66616D696C793A2056653F
:1036F0007264616E613B206261636B67726F756EAD
:10370000642D636F6C6F723A207267622835312CBA
:103710002035312C20323535293B20746578742DC5
:10372000616C69676E3A2063656E7465723B223E18
:103730003C736D616C6C3E3C6120687265663D2235
:103740002F696E6465782E68746D6C223E3C7370D0
:10375000616E207374796C653D22636F6C6F723A91
:103760002077686974653B223E486F6D650D0A706D
:103770006167653C2F7370616E3E3C2F613E3C2F4C
:10378000736D616C6C3E3C2F74643E0D0A3C746436
:10379000207374796C653D22666F6E742D77656950
:1037A0006768743A20626F6C643B20666F6E742D9C
:1037B0007374796C653A206974616C69633B206647
:1037C0006F6E742D66616D696C793A20566572640E
:1037D000616E613B206261636B67726F756E642D11
:1037E000636F6C6F723A207267622835312C203516
:1037F000312C20323535293B20746578742D616C6D
:1038000069676E3A2063656E7465723B223E3C7355
:103810006D616C6C3E3C6120687265663D222F5381
:10382000544D3332463478374C45442E68746D6CB1
:10383000223E3C7370616E207374796C653D226327
:103840006F6C6F723A2077686974653B223E4C65F5
:10385000640D0A636F6E74726F6C3C2F7370616ECF
:103860003E3C2F613E3C2F736D616C6C3E3C2F746F
:10387000643E0D0A3C7464207374796C653D226665
:103880006F6E742D7765696768743A20626F6C6437
:103890003B20666F6E742D7374796C653A20697481
:1038A000616C69633B20666F6E742D66616D696C37
:1038B000793A2056657264616E613B206261636B88
:1038C00067726F756E642D636F6C6F723A207267EA
:1038D000622835312C2035312C20323535293B20DA
:1038E000746578742D616C69676E3A2063656E74D7
:1038F00065723B223E3C736D616C6C3E3C6120689E
:103900007265663D222F53544D3332463478374129
:1039100044432E7368746D6C223E3C7370616E205C
:103920007374796C653D22636F6C6F723A207768AF
:103930006974653B223E4144430D0A73746174759A
:1039400073206261723C2F7370616E3E3C2F613E4A
:103950003C2F736D616C6C3E3C2F74643E0D0A3CD1
:103960002F74723E0D0A3C2F74626F64793E0D0A0B
:103970003C2F7461626C653E0D0A3C2F7370616E62
:103980003E3C736D616C6C3E3C7370616E20737471
:10399000796C653D22666F6E742D66616D696C7918
:1039A0003A2056657264616E613B223E3C2F737013
:1039B000616E3E3C7370616E207374796C653D225C
:1039C000666F6E742D66616D696C793A205665720A
:1039D00064616E613B223E3C62723E3C2F737061BB
:1039E0006E3E3C2F736D616C6C3E3C646C3E3C647F
:1039F000743E3C736D616C6C207374796C653D2210
:103A0000666F6E742D66616D696C793A20566572C9
:103A100064616E613B223E54686973207061676522
:103A200020616C6C6F777320796F750D0A746F204D
:103A300067657420636F6E74696E756F75736C79EA
:103A400020746865204144432033204368616E6ED2
:103A5000656C203720616E616C6F6720696E7075D0
:103A60007420636F6E7665727465642076616C7520
:103A7000652E0D0A546869732041444320436861F0
:103A80006E6E656C20697320636F6E6E656374651E
:103A90006420746F207468653C2F736D616C6C3E9C
:103AA0003C2F64743E3C64743E3C736D616C6C20CE
:103AB0007374796C653D22666F6E742D66616D69F5
:103AC0006C793A2056657264616E613B223E5354B4
:103AD0004D33323478472D4556414C20626F617228
:103AE0006427730D0A706F74656E74696F6D657409
:103AF00065722E20546865204144432076616C75C0
:103B00006520697320757064617465642C2061752B
:103B1000746F6D61746963616C6C792C206561638D
:103B20006820317320776974680D0A746865206CA9
:103B30006173740D0A636F6E7665727465642041FB
:103B40004443204368616E6E656C20372076616C5B
:103B500075652E203C2F736D616C6C3E3C2F647438
:103B60003E3C64743E3C736D616C6C207374796C84
:103B7000653D22666F6E742D66616D696C793A20C1
:103B800056657264616E613B223E596F7520636FAA
:103B9000756C6420636865636B2074686973206268
:103BA000790D0A6368616E67696E672074686520C5
:103BB000706F74656E74696F6D6574657220706F77
:103BC000736974696F6E20616E6420636865636BEE
:103BD00020746861742074686520414443207661D4
:103BE0006C756520697320757064617465642C2040
:103BF000627920616E0D0A6175746F6D617469631D
:103C00002072656672657368206F662074686973D8
:103C1000203C2F736D616C6C3E3C2F64743E3C64A1
:103C2000743E3C736D616C6C207374796C653D22DD
:103C3000666F6E742D66616D696C793A2056657297
:103C400064616E613B223E706167652C0D0A776985
:103C5000746820746865206E657720636F6E766582
:103C6000727465642076616C75652E3C2F736D618E
:103C70006C6C3E3C2F64743E3C2F646C3E0D0A3CE1
:103C800062723E0D0A3C7370616E207374796C65CC
:103C90003D22666F6E742D66616D696C793A2056AF
:103CA000657264616E613B223E3C2F7370616E3EB3
:103CB0003C7370616E207374796C653D22666F6E23
:103CC000742D66616D696C793A2056657264616E17
:103CD000613B223E3C2F7370616E3E0D0A3C746165
:103CE000626C6520626F726465723D2231222063CE
:103CF000656C6C70616464696E673D223522206377
:103D0000656C6C73706163696E673D2231223E0D94
:103D10000A3C74626F64793E0D0A3C74723E0D0A6F
:103D20003C74643E3C736D616C6C3E3C7370616EC0
:103D3000207374796C653D22666F6E742D66616DBB
:103D4000696C793A2056657264616E613B223E412E
:103D500044430D0A436F6E76657274656420566144
:103D60006C75653C2F7370616E3E203C2F736D61E6
:103D70006C6C3E3C2F74643E0D0A3C74643E3C21E6
:103D80002D2D23742D2D3E203C736D616C6C3E3CBB
:103D90007370616E207374796C653D22666F6E740A
:103DA0002D66616D696C793A2056657264616E6149
:103DB0003B223E6D763C2F7370616E3E3C2F736DDF
:103DC000616C6C3E203C2F74643E0D0A3C2F747273
:103DD0003E0D0A3C2F74626F64793E0D0A3C2F74CD
:103DE00061626C653E0D0A3C6833207374796C65C2
:103DF0003D22666F6E742D7765696768743A206E30
:103E00006F726D616C3B223E3C62723E0D0A3C2F2C
:103E100068333E0D0A3C666F6E742073697A653DA7
:103E2000222D31223E3C7370616E207374796C6573
:103E30003D22636F6C6F723A20626C61636B3B2250
:103E40003E3C2F7370616E3E3C2F666F6E743E3C3D
:103E500062723E0D0A3C666F6E742073697A653D2E
:103E6000222D31223E3C7370616E207374796C6533
:103E70003D22636F6C6F723A20626C61636B3B2210
:103E80003E3C2F7370616E3E3C2F666F6E743E3CFD
:103E90007370616E207374796C653D22666F6E7409
:103EA0002D66616D696C793A2056657264616E6148
:103EB0003B223E3C2F7370616E3E3C6120737479EF
:103EC0006C653D22666F6E742D66616D696C793A22
:103ED0002056657264616E613B2220687265663DA2
:103EE000222F53544D3332463130372E68746D6C67
:103EF000223E3C6269673E3C7370616E2073747948
:103F00006C653D22666F6E742D7765696768743ADB
:103F100020626F6C643B223E3C2F7370616E3E3CAE
:103F20002F6269673E3C2F613E3C666F6E74207362
:103F3000697A653D222D31223E3C7370616E20739B
:103F400074796C653D22636F6C6F723A20626C61AC
:103F5000636B3B223E5F5F5F5F5F5F5F5F5F5F5FE3
:103F60005F5F5F5F5F5F5F5F5F5F5F5F5F5F5F5F61
:103F70005F5F5F5F5F5F5F5F5F5F5F5F5F5F5F5F51
:103F80005F5F5F5F5F5F5F5F5F5F5F5F5F5F5F5F41
:103F90005F5F5F5F5F5F5F5F5F5F5F5F5F5F5F5F31
:103FA0005F5F5F5F5F5F5F5F5F5F5F5F5F5F5F5F21
:103FB0005F5F5F5F5F5F5F5F5F5F5F5F5F5F5F5F11
:103FC0005F5F5F5F3C62723E0D0A3C2F7370616EF3
:103FD0003E3C2F666F6E743E3C666F6E7420636C61
:103FE0006173733D22666F6F746D7367223E266E38
:103FF0006273703B0D0A266E6273703B20266E6200
:1040000073703B20266E6273703B20266E62737065
:104010003B20266E6273703B20266E6273703B0DF0
:104020000A266E6273703B20266E6273703B2026F8
:104030006E6273703B20266E6273703B20266E6248
:1040400073703B20266E6273703B0D0A266E62739E
:10405000703B20266E6273703B20266E6273703B4D
:1040600020266E6273703B20266E6273703B2026A2
:104070006E6273703B0D0A266E6273703B20266E73
:104080006273703B20266E6273703B20266E6273F3
:10409000703B3C636F6D6D656E74207469746C6504
:1040A0003D2223636F6E6669672074696D65666D76
:1040B000743D2671756F743B25592671756F743B7D
:1040C000202220786D6C6E733D22687474703A2FD4
:1040D0002F646973727570746976652D696E6E6F81
:1040E000766174696F6E732E636F6D2F7A6F6F2FA9
:1040F0006E7675223E3C212D2D23636F6E666967B7
:104100002074696D65666D743D22255922202D2D20
:104110003E3C2F636F6D6D656E743E3C636F6D6DDD
:10412000656E74207469746C653D22236563686FE5
:10413000207661723D2671756F743B444154455F32
:10414000474D542671756F743B202220786D6C6E3C
:10415000733D22687474703A2F2F6469737275709E
:10416000746976652D696E6E6F766174696F6E73B2
:104170002E636F6D2F7A6F6F2F6E7675223E3C2106
:104180002D2D236563686F207661723D2244415472
:10419000455F474D5422202D2D3E3C2F636F6D6DA2
:1041A000656E743E0D0A3C7370616E207374796C99
:1041B000653D22636F6C6F723A2073696C7665722D
:1041C0003B223E266E6273703B20266E6273703B0C
:1041D0000D0A266E6273703B20266E6273703B2060
:1041E000266E6273703B20266E6273703B20266ED3
:1041F0006273703B416C6C207269676874730D0A5E
:10420000726573657276656420A920323031312081
:1042100053544D6963726F656C656374726F6E6938
:1042200063733C2F7370616E3E266E6273703B3C0D
:104230002F666F6E743E0D0A3C2F626F64793E3CB0
:104240002F68746D6C3E2F53544D3332463478379B
:104250004C45442E68746D6C0000485454502F3106
:104260002E3020323030204F4B0D0A536572766568
:10427000723A206C7749502F312E332E3120286826
:104280007474703A2F2F736176616E6E61682E6E52
:104290006F6E676E752E6F72672F70726F6A6563CF
:1042A00074732F6C776970290D0A436F6E74656E95
:1042B000742D747970653A20746578742F68746D04
:1042C0006C0D0A0D0A3C21444F4354595045206857
:1042D000746D6C205055424C494320222D2F2F578E
:1042E00033432F2F4454442048544D4C20342E3017
:1042F000312F2F454E222022687474703A2F2F7769
:1043000077772E77332E6F72672F54522F68746D24
:104310006C342F7374726963742E647464223E0D5E
:104320000A3C68746D6C3E3C686561643E3C74692F
:10433000746C653E53544D3332463478374C4544A3
:104340003C2F7469746C653E0D0A0D0A3C6D6574F2
:104350006120687474702D65717569763D22436FB4
:104360006E74656E742D547970652220636F6E745F
:10437000656E743D22746578742F68746D6C3B2093
:10438000636861727365743D77696E646F77732DCE
:1043900031323532223E0D0A3C6D65746120636F07
:1043A0006E74656E743D224D5348544D4C20362E2C
:1043B00030302E323830302E3135363122206E6199
:1043C0006D653D2247454E455241544F52223E0DA8
:1043D0000A3C7374796C65203D22666F6E742D778C
:1043E00065696768743A206E6F726D616C3B206618
:1043F0006F6E742D66616D696C793A2056657264D2
:10440000616E613B223E3C2F7374796C653E3C2F9C
:10441000686561643E0D0A3C626F64793E0D0A3C3A
:1044200068343E3C736D616C6C207374796C653DCF
:1044300022666F6E742D66616D696C793A205665DF
:104440007264616E613B223E3C736D616C6C3E3CFC
:104450006269673E3C6269673E3C626967207374CB
:10446000796C653D22666F6E742D77656967687437
:104470003A20626F6C643B223E3C6269673E3C734B
:1044800074726F6E673E3C7370616E207374796CEA
:10449000653D22666F6E742D7374796C653A206980
:1044A00074616C69633B223E53544D333246347819
:1044B00037204C65647320636F6E74726F6C3C2F91
:1044C0007370616E3E3C2F7374726F6E673E266E22
:1044D0006273703B0D0A266E6273703B20266E621B
:1044E00073703B20266E6273703B20266E62737081
:1044F0003B266E6273703B3C2F6269673E3C2F62C5
:1045000069673E3C2F6269673E3C2F6269673E3CAB
:104510002F736D616C6C3E3C2F736D616C6C3E3C17
:104520002F68343E0D0A3C6872207374796C653DC7
:104530002277696474683A20313030253B20686501
:10454000696768743A203270783B223E0D0A3C74E9
:1045500061626C65207374796C653D22776964745F
:10456000683A2039363170783B206865696768742D
:104570003A20333070783B2220626F726465723D5E
:104580002231222063656C6C70616464696E673DE2
:104590002232222063656C6C73706163696E673DC3
:1045A0002232223E0D0A3C74626F64793E0D0A3C51
:1045B00074723E0D0A3C7464207374796C653D22FC
:1045C000666F6E742D66616D696C793A20566572FE
:1045D00064616E613B20666F6E742D7765696768F4
:1045E000743A20626F6C643B20666F6E742D737436
:1045F000796C653A206974616C69633B2062616320
:104600006B67726F756E642D636F6C6F723A207298
:1046100067622835312C2035312C20323535293B45
:1046200020746578742D616C69676E3A2063656EDD
:104630007465723B223E3C736D616C6C3E3C612044
:10464000687265663D222F696E6465782E68746DA8
:104650006C223E3C7370616E207374796C653D22F0
:10466000636F6C6F723A2077686974653B223E48CD
:104670006F6D650D0A706167653C2F7370616E3EEA
:104680003C2F613E3C2F736D616C6C3E3C2F74641B
:104690003E0D0A3C7464207374796C653D22666F2C
:1046A0006E742D66616D696C793A2056657264612D
:1046B0006E613B20666F6E742D7765696768743A2A
:1046C00020626F6C643B20666F6E742D7374796C1E
:1046D000653A206974616C69633B206261636B6752
:1046E000726F756E642D636F6C6F723A20726762C1
:1046F0002835312C2035312C20323535293B20749A
:104700006578742D616C69676E3A2063656E7465B7
:10471000723B223E3C736D616C6C3E3C6120687262
:1047200065663D222F53544D3332463478374C451D
:10473000442E68746D6C223E3C7370616E207374FD
:10474000796C653D22636F6C6F723A20776869748B
:10475000653B223E4C65640D0A636F6E74726F6C2C
:104760003C2F7370616E3E3C2F613E3C2F736D6138
:104770006C6C3E3C2F74643E0D0A3C746420737470
:10478000796C653D22666F6E742D66616D696C791A
:104790003A2056657264616E613B20666F6E742DBF
:1047A0007765696768743A20626F6C643B20666F56
:1047B0006E742D7374796C653A206974616C6963E9
:1047C0003B206261636B67726F756E642D636F6C03
:1047D0006F723A207267622835312C2035312C20D7
:1047E000323535293B20746578742D616C69676EAC
:1047F0003A2063656E7465723B223E3C736D616C5A
:104800006C3E3C6120687265663D222F53544D33E7
:1048100032463478374144432E7368746D6C223EBF
:104820003C7370616E207374796C653D22636F6CAC
:104830006F723A2077686974653B223E4144430DAC
:104840000A737461747573206261723C2F737061B6
:104850006E3E3C2F613E3C2F736D616C6C3E3C2F75
:1048600074643E0D0A0D0A3C2F74723E0D0A3C2FF3
:1048700074626F64793E0D0A3C2F7461626C653E10
:104880000D0A3C62723E0D0A3C6269673E3C6272F0
:104890003E0D0A3C2F6269673E3C736D616C6C3E55
:1048A0003C7370616E207374796C653D22666F6E27
:1048B000742D66616D696C793A2056657264616E1B
:1048C000613B223E546869730D0A706167650D0A89
:1048D000616C6C6F777320796F7520746F20636FD4
:1048E0006E74726F6C2074686520666F7572204CF0
:1048F0004544733A204C4544312C204C4544322CDD
:10490000204C45443320616E64204C454434206C77
:104910006F636174656420696E0D0A746865266E44
:104920006273703B53544D33323478472D455641B2
:104930004C20626F6172642E20546F207075742059
:104940006F6E2F6F66663C2F7370616E3E3C6272B5
:10495000207374796C653D22666F6E742D66616D8F
:10496000696C793A2056657264616E613B223E0D36
:104970000A3C7370616E207374796C653D22666FBA
:104980006E742D66616D696C793A2056657264614A
:104990006E613B223E61204C454420796F75206852
:1049A00061766520746F0D0A636865636B2F756EA1
:1049B000636865636B2069747320636F72726573DB
:1049C000706F6E64696E6720636865636B626F7891
:1049D0002E205468656E20796F7520686176652099
:1049E000746F20636C69636B206F6E0D0A225365D0
:1049F0006E642220627574746F6E20746F207375FC
:104A0000626D697420746865206E6577204C45443A
:104A1000733C2F7370616E3E3C6272207374796CCC
:104A2000653D22666F6E742D66616D696C793A2002
:104A300056657264616E613B223E0D0A3C73706183
:104A40006E207374796C653D22666F6E742D66619D
:104A50006D696C793A2056657264616E613B223EE5
:104A6000636F6E66696775726174696F6E2E20463A
:104A7000696E616C6C790D0A636865636B20696EA1
:104A800020746865266E6273703B53544D33323424
:104A900078472D4556414C20626F617264207468DE
:104AA000617420796F75206765742074686520646F
:104AB000657369726564204C4544730D0A617265C3
:104AC00020707574746564206F6E2F6F66662E207B
:104AD0003C2F7370616E3E3C6272207374796C651A
:104AE0003D22666F6E742D66616D696C793A205651
:104AF000657264616E613B223E0D0A3C2F736D61ED
:104B00006C6C3E0D0A3C62723E0D0A3C62723E0DB8
:104B10000A3C7461626C65207374796C653D227720
:104B2000696474683A2037383770783B20636F6C5B
:104B30006F723A2077686974653B206865696768B9
:104B4000743A20333170783B222077686974653D70
:104B5000222220636F6C6F723D2222203B3D222275
:104B6000203130303D222220626F726465723D2216
:104B700030222063656C6C70616464696E673D22ED
:104B800033222063656C6C73706163696E673D22CC
:104B900030223E0D0A3C74626F64793E0D0A3C740B
:104BA000723E0D0A3C746420636C6173733D227421
:104BB00061627469746C6522207374796C653D223E
:104BC0006865696768743A20313570783B206261A6
:104BD000636B67726F756E642D636F6C6F723A20D2
:104BE0007267622835312C2035312C203235352939
:104BF0003B223E3C6269673E3C6269673E3C666FB1
:104C00006E742073697A653D222D31223E3C6269C3
:104C1000673E3C6269673E3C7374726F6E673E53D9
:104C2000544D33320D0A5765627365727665722092
:104C30004C45447320436F6E74726F6C3C2F7374D9
:104C4000726F6E673E3C2F6269673E3C2F626967F8
:104C50003E3C2F666F6E743E3C2F6269673E3C2F70
:104C60006269673E3C2F74643E0D0A3C2F74723EAD
:104C70000D0A3C2F74626F64793E0D0A3C2F7461FB
:104C8000626C653E0D0A3C62723E0D0A3C666F72B4
:104C90006D206D6574686F643D22676574222061C4
:104CA0006374696F6E3D222F6C6564732E63676950
:104CB000223E3C696E7075742076616C75653D228C
:104CC0003122206E616D653D226C6564222074790D
:104CD00070653D22636865636B626F78223E4C4568
:104CE00044313C62723E0D0A3C696E7075742076E8
:104CF000616C75653D223222206E616D653D226CCE
:104D000065642220747970653D22636865636B6217
:104D10006F78223E4C4544323C62723E0D0A3C693B
:104D20006E7075742076616C75653D223322206E3D
:104D3000616D653D226C65642220747970653D2249
:104D4000636865636B626F78223E4C4544333C6216
:104D5000723E0D0A3C696E7075742076616C7565E3
:104D60003D223422206E616D653D226C65642220F7
:104D7000747970653D22636865636B626F78223E6B
:104D80004C4544340D0A3C62723E0D0A3C62723E50
:104D90000D0A3C696E7075742076616C75653D22F4
:104DA00053656E642220747970653D227375626D5F
:104DB0006974223E203C2F666F726D3E0D0A3C687E
:104DC000333E3C666F6E742073697A653D222D31E7
:104DD000223E3C7370616E207374796C653D226372
:104DE0006F6C6F723A20626C61636B3B223E3C2FAA
:104DF0007370616E3E0D0A3C2F666F6E743E3C2FE1
:104E000068333E3C6833207374796C653D22666F6D
:104E10006E742D7765696768743A206E6F726D6184
:104E20006C3B20666F6E742D66616D696C793A20FB
:104E300056657264616E613B223E3C666F6E742003
:104E400073697A653D222D31223E3C62723E0D0A25
:104E50003C2F666F6E743E3C2F68333E0D0A3C73E8
:104E600070616E207374796C653D22666F6E742D6F
:104E700066616D696C793A2056657264616E613B5A
:104E8000223E3C2F7370616E3E3C666F6E742073E1
:104E9000697A653D222D31223E3C61207374796C24
:104EA000653D22666F6E742D66616D696C793A207E
:104EB00056657264616E613B2220687265663D22B0
:104EC0002F53544D3332463478372E68746D6C222C
:104ED0003E3C6269673E3C7370616E207374796C0E
:104EE000653D22666F6E742D7765696768743A2038
:104EF000626F6C643B223E3C2F7370616E3E3C2FB0
:104F00006269673E3C2F613E3C2F666F6E743E0DBA
:104F10000A3C666F6E742073697A653D222D3122DA
:104F20003E3C7370616E207374796C653D22636FD3
:104F30006C6F723A20626C61636B3B223E5F5F5F15
:104F40005F5F5F5F5F5F5F5F5F5F5F5F5F5F5F5F71
:104F50005F5F5F5F5F5F5F5F5F5F5F5F5F5F5F5F61
:104F60005F5F5F5F5F5F5F5F5F5F5F5F5F5F5F5F51
:104F70005F5F5F5F5F5F5F5F5F5F5F5F5F5F5F5F41
:104F80005F5F5F5F5F5F5F5F5F5F5F5F5F5F5F5F31
:104F90005F5F5F5F5F5F5F5F5F5F5F5F5F5F5F5F21
:104FA0005F5F5F5F5F5F5F5F5F5F5F5F3C62723E3F
:104FB0000D0A3C2F7370616E3E3C2F666F6E743E1F
:104FC0003C666F6E7420636C6173733D22666F6F15
:104FD000746D7367223E266E6273703B0D0A266EF7
:104FE0006273703B20266E6273703B20266E627384
:104FF000703B20266E6273703B20266E6273703B9E
:1050000020266E6273703B0D0A266E6273703B2021
:10501000266E6273703B20266E6273703B20266E94
:105020006273703B20266E6273703B20266E627343
:10503000703B0D0A266E6273703B20266E627370A1
:105040003B20266E6273703B20266E6273703B209D
:10505000266E6273703B20266E6273703B0D0A26CB
:105060006E6273703B20266E6273703B20266E6208
:1050700073703B20266E6273703B3C636F6D6D6591
:105080006E74207469746C653D2223636F6E66696B
:10509000672074696D65666D743D2671756F743B2C
:1050A00025592671756F743B202220786D6C6E73C4
:1050B0003D22687474703A2F2F646973727570742E
:1050C0006976652D696E6E6F766174696F6E732E89
:1050D000636F6D2F7A6F6F2F6E7675223E3C212D98
:1050E0002D23636F6E6669672074696D65666D74E4
:1050F0003D22255922202D2D3E3C2F636F6D6D657D
:105100006E743E3C636F6D6D656E74207469746C73
:10511000653D22236563686F207661723D26717557
:105120006F743B444154455F474D542671756F740D
:105130003B202220786D6C6E733D22687474703A47
:105140002F2F646973727570746976652D696E6E40
:105150006F766174696F6E732E636F6D2F7A6F6FE8
:105160002F6E7675223E3C212D2D236563686F20BE
:105170007661723D22444154455F474D5422202DB3
:105180002D3E3C2F636F6D6D656E743E0D0A3C7352
:1051900070616E207374796C653D22636F6C6F7201
:1051A0003A2073696C7665723B223E266E6273709C
:1051B0003B20266E6273703B0D0A266E6273703B55
:1051C00020266E6273703B20266E6273703B202631
:1051D0006E6273703B20266E6273703B416C6C2074
:1051E0007269676874730D0A7265736572766564B7
:1051F00020A920323031312053544D6963726F65DC
:105200006C656374726F6E6963733C2F7370616E4B
:105210003E266E6273703B3C2F666F6E743E0D0AC5
:105220003C2F626F64793E3C2F68746D6C3E0000C9
:10523000000000004C860008688600083B0C000057
:105240000100000030520108A3920008BB92000840
:10525000A20A000001000000445201085D9D000800
:10526000799D0008416600000100000058520108C5
:10527000BA030108C6030108CF04000001000000C2
:105280006C52010895080108A1080108D7290000FF
:105290000100000080520108783201088C320108B8
:1052A000BA0F0000010000009452010846420108B4
:1052B0005A420108D40F000001000000A853010861
:1052C000010000008853010801000000D4530108C8
:1052D000010000009C53010800000000C8530108B1
:1052E000000000007C53010884530108E8530108C2
:1052F000E913000800000000FFFFFFFF1C00200072
:1053000094001C001000200018001000040204008B
:1053100006000A0006000C0005000F0064001400DF
:105320001C54010844540108645401082454010821
:1053300010540108F8530108045401085854010896
:1053400030540108385401084C5401080102030488
:1053500005060707070707070703060C18306078DC
:10536000D8000020D4000020DC000020E000002055
:10537000FFFFFFFFFFFF0000000000003C212D2D7C
:10538000230000002D2D3E002F696E6465782E737A
:10539000736900002E737369000000002F696E644A
:1053A00065782E68746D6C002F696E6465782E7355
:1053B00068746D6C000000002E7368746D6C0000E2
:1053C0002E786D6C000000002F696E6465782E6881
:1053D000746D00002F696E6465782E7368746D00BB
:1053E0002E7368746D0000002F6C6564732E636704
:1053F000690000007400000046494E5F574149545F
:105400005F31000046494E5F574149545F3200000A
:1054100045535441424C495348454400434C4F5333
:105420004544000053594E5F52435644000000006B
:10543000434C4F53494E47004C4153545F41434BFB
:10544000000000004C495354454E000054494D455E
:105450005F57414954000000434C4F53455F57414B
:105460004954000053594E5F53454E54000000000C
:105470009054010800000020200100004C1D00088D
:10548000B055010820010020C8A800005C1D0008DC
:10549000007A030A0000000000000000010203047B
:1054A00006070809000000000102030401020304CA
:1054B00006070809000000000000000000000000CE
:1054C0000000000000000000B8530108E05301088C
:1054D00094530108C05301080000000000000000C0
:1054E00000000000000000000000000000000000BC
:1054F00001000000F45301086400002000000000D7
:10550000000000000000000000000000000000009B
:10551000000000000000000000000000000000008B
:10552000000000000000000000000000000000007B
:105530000000000000000000000000000000CDABF3
:10554000000000000000000000000000000000005B
:1055500000000000000000000000000000C000008B
:10556000000000000000000000000000000000003B
:105570000000000000000000000000006E190000A4
:10558000000000000000000000000000000000001B
:10559000000000000000000000000000000000000B
:1055A00000C000000000000000000000000000003B
:040000050800018965
:00000001FF
